Date,Open,High,Low,Close
2001-01-01,137.7410430908203,137.7410430908203,137.7410430908203,137.7410430908203
2001-01-02,137.7410430908203,137.7410430908203,137.7410430908203,137.7410430908203
2001-01-03,137.7410430908203,137.7410430908203,137.7410430908203,137.7410430908203
2001-01-04,133.6088104248047,140.2203826904297,133.6088104248047,140.2203826904297
2001-01-05,134.98622131347656,134.98622131347656,134.98622131347656,134.98622131347656
2001-01-08,134.98622131347656,134.98622131347656,134.98622131347656,134.98622131347656
2001-01-09,134.7107391357422,136.08815002441406,133.3333282470703,133.3333282470703
2001-01-10,132.2313995361328,132.2313995361328,132.2313995361328,132.2313995361328
2001-01-11,140.49586486816406,143.2506866455078,137.7410430908203,137.7410430908203
2001-01-12,140.49586486816406,140.49586486816406,134.98622131347656,134.98622131347656
2001-01-15,144.6280975341797,146.00550842285156,144.6280975341797,146.00550842285156
2001-01-16,147.9338836669922,147.9338836669922,143.2506866455078,143.2506866455078
2001-01-17,143.2506866455078,143.2506866455078,137.7410430908203,137.7410430908203
2001-01-18,145.7300262451172,145.7300262451172,140.49586486816406,143.2506866455078
2001-01-19,142.4242401123047,143.2506866455078,142.4242401123047,143.2506866455078
2001-01-22,143.2506866455078,143.2506866455078,138.56748962402344,138.56748962402344
2001-01-23,143.2506866455078,146.00550842285156,138.8429718017578,146.00550842285156
2001-01-24,146.00550842285156,151.51515197753906,146.00550842285156,151.51515197753906
2001-01-25,155.6473846435547,155.6473846435547,151.51515197753906,151.51515197753906
2001-01-26,148.7603302001953,148.7603302001953,134.98622131347656,134.98622131347656
2001-01-29,143.2506866455078,145.7300262451172,143.2506866455078,145.7300262451172
2001-01-30,145.7300262451172,145.7300262451172,140.49586486816406,145.7300262451172
2001-01-31,145.7300262451172,145.7300262451172,145.7300262451172,145.7300262451172
2001-02-01,145.7300262451172,145.7300262451172,142.97520446777344,142.97520446777344
2001-02-02,142.97520446777344,144.07713317871094,141.87327575683594,144.07713317871094
2001-02-05,140.49586486816406,140.49586486816406,138.0165252685547,140.49586486816406
2001-02-06,140.49586486816406,140.49586486816406,140.49586486816406,140.49586486816406
2001-02-07,137.7410430908203,140.49586486816406,137.7410430908203,140.49586486816406
2001-02-08,140.2203826904297,140.2203826904297,140.2203826904297,140.2203826904297
2001-02-09,140.49586486816406,140.49586486816406,140.49586486816406,140.49586486816406
2001-02-12,140.49586486816406,140.49586486816406,140.49586486816406,140.49586486816406
2001-02-13,140.49586486816406,140.49586486816406,140.2203826904297,140.49586486816406
2001-02-14,141.59779357910156,146.00550842285156,141.59779357910156,146.00550842285156
2001-02-15,153.1680450439453,153.1680450439453,148.7603302001953,148.7603302001953
2001-02-16,143.2506866455078,148.7603302001953,143.2506866455078,148.7603302001953
2001-02-19,148.7603302001953,148.7603302001953,148.7603302001953,148.7603302001953
2001-02-20,148.7603302001953,148.7603302001953,146.00550842285156,147.6584014892578
2001-02-21,147.6584014892578,147.6584014892578,143.2506866455078,143.2506866455078
2001-02-22,143.2506866455078,143.2506866455078,143.2506866455078,143.2506866455078
2001-02-23,148.7603302001953,150.1377410888672,146.00550842285156,150.1377410888672
2001-02-26,148.7603302001953,148.7603302001953,146.00550842285156,146.00550842285156
2001-02-27,146.00550842285156,146.00550842285156,146.00550842285156,146.00550842285156
2001-02-28,143.2506866455078,143.2506866455078,143.2506866455078,143.2506866455078
2001-03-01,142.97520446777344,142.97520446777344,138.56748962402344,139.1184539794922
2001-03-02,139.39393615722656,140.49586486816406,138.0165252685547,138.56748962402344
2001-03-05,137.7410430908203,137.7410430908203,137.7410430908203,137.7410430908203
2001-03-06,137.7410430908203,137.7410430908203,133.6088104248047,134.15977478027344
2001-03-07,141.3223114013672,141.3223114013672,134.15977478027344,136.9145965576172
2001-03-08,134.15977478027344,135.8126678466797,133.88429260253906,135.8126678466797
2001-03-09,135.8126678466797,141.3223114013672,135.8126678466797,141.3223114013672
2001-03-12,139.9449005126953,140.2203826904297,136.36363220214844,138.0165252685547
2001-03-13,139.66941833496094,139.66941833496094,137.46556091308594,137.46556091308594
2001-03-14,137.46556091308594,137.46556091308594,137.46556091308594,137.46556091308594
2001-03-15,137.7410430908203,137.7410430908203,137.46556091308594,137.46556091308594
2001-03-16,137.19007873535156,137.19007873535156,137.19007873535156,137.19007873535156
2001-03-19,125.34435272216797,127.54821014404297,125.34435272216797,127.54821014404297
2001-03-20,127.54821014404297,127.54821014404297,127.54821014404297,127.54821014404297
2001-03-21,127.54821014404297,129.47657775878906,127.54821014404297,128.0991668701172
2001-03-22,132.2313995361328,134.98622131347656,132.2313995361328,134.98622131347656
2001-03-23,134.98622131347656,134.98622131347656,134.98622131347656,134.98622131347656
2001-03-26,138.8429718017578,144.6280975341797,138.8429718017578,144.3526153564453
2001-03-27,148.48484802246094,148.48484802246094,136.36363220214844,136.36363220214844
2001-03-28,136.36363220214844,136.36363220214844,134.98622131347656,134.98622131347656
2001-03-29,134.98622131347656,134.98622131347656,134.98622131347656,134.98622131347656
2001-03-30,143.2506866455078,143.2506866455078,143.2506866455078,143.2506866455078
2001-04-02,143.2506866455078,143.2506866455078,143.2506866455078,143.2506866455078
2001-04-03,143.2506866455078,143.2506866455078,143.2506866455078,143.2506866455078
2001-04-04,139.39393615722656,141.59779357910156,139.39393615722656,141.59779357910156
2001-04-05,140.49586486816406,140.49586486816406,140.49586486816406,140.49586486816406
2001-04-06,140.77134704589844,142.4242401123047,140.77134704589844,142.4242401123047
2001-04-09,135.5371856689453,135.5371856689453,135.5371856689453,135.5371856689453
2001-04-10,135.5371856689453,135.5371856689453,135.5371856689453,135.5371856689453
2001-04-11,136.6391143798828,137.7410430908203,136.6391143798828,137.7410430908203
2001-04-12,137.7410430908203,139.66941833496094,137.7410430908203,139.66941833496094
2001-04-13,138.56748962402344,140.49586486816406,137.7410430908203,137.7410430908203
2001-04-16,141.87327575683594,141.87327575683594,141.87327575683594,141.87327575683594
2001-04-17,137.19007873535156,137.19007873535156,137.19007873535156,137.19007873535156
2001-04-18,139.1184539794922,139.9449005126953,137.7410430908203,139.9449005126953
2001-04-19,139.1184539794922,139.1184539794922,138.0165252685547,139.1184539794922
2001-04-20,139.1184539794922,139.1184539794922,138.0165252685547,139.1184539794922
2001-04-23,139.1184539794922,140.49586486816406,139.1184539794922,140.49586486816406
2001-04-24,139.1184539794922,139.1184539794922,139.1184539794922,139.1184539794922
2001-04-25,143.2506866455078,143.2506866455078,143.2506866455078,143.2506866455078
2001-04-26,143.2506866455078,143.2506866455078,143.2506866455078,143.2506866455078
2001-04-27,139.1184539794922,143.2506866455078,139.1184539794922,140.49586486816406
2001-04-30,140.49586486816406,140.49586486816406,140.49586486816406,140.49586486816406
2001-05-01,141.87327575683594,143.2506866455078,141.87327575683594,143.2506866455078
2001-05-02,143.2506866455078,143.2506866455078,143.2506866455078,143.2506866455078
2001-05-03,143.2506866455078,143.2506866455078,143.2506866455078,143.2506866455078
2001-05-04,143.2506866455078,143.2506866455078,143.2506866455078,143.2506866455078
2001-05-07,143.2506866455078,143.2506866455078,141.87327575683594,141.87327575683594
2001-05-08,140.49586486816406,140.49586486816406,134.4352569580078,139.1184539794922
2001-05-09,139.1184539794922,140.2203826904297,139.1184539794922,140.2203826904297
2001-05-10,140.2203826904297,140.2203826904297,139.1184539794922,139.9449005126953
2001-05-11,140.2203826904297,144.6280975341797,140.2203826904297,144.6280975341797
2001-05-14,141.87327575683594,142.4242401123047,138.29200744628906,142.4242401123047
2001-05-15,146.5564727783203,146.5564727783203,137.7410430908203,137.7410430908203
2001-05-16,140.49586486816406,140.49586486816406,140.49586486816406,140.49586486816406
2001-05-17,144.6280975341797,144.6280975341797,144.6280975341797,144.6280975341797
2001-05-18,144.6280975341797,144.6280975341797,144.6280975341797,144.6280975341797
2001-05-21,139.1184539794922,139.1184539794922,137.7410430908203,137.7410430908203
2001-05-22,139.39393615722656,144.3526153564453,139.39393615722656,144.3526153564453
2001-05-23,145.4545440673828,146.00550842285156,143.5261688232422,146.00550842285156
2001-05-24,146.00550842285156,148.20936584472656,146.00550842285156,148.20936584472656
2001-05-25,152.61708068847656,152.61708068847656,148.20936584472656,148.20936584472656
2001-05-28,143.2506866455078,143.2506866455078,143.2506866455078,143.2506866455078
2001-05-29,143.2506866455078,143.2506866455078,143.2506866455078,143.2506866455078
2001-05-30,143.2506866455078,143.2506866455078,143.2506866455078,143.2506866455078
2001-05-31,143.2506866455078,143.2506866455078,143.2506866455078,143.2506866455078
2001-06-01,139.1184539794922,139.9449005126953,139.1184539794922,139.9449005126953
2001-06-04,139.9449005126953,140.49586486816406,139.9449005126953,140.49586486816406
2001-06-05,140.49586486816406,140.49586486816406,140.49586486816406,140.49586486816406
2001-06-06,140.49586486816406,140.49586486816406,140.49586486816406,140.49586486816406
2001-06-07,140.49586486816406,140.49586486816406,140.2203826904297,140.2203826904297
2001-06-08,140.49586486816406,142.97520446777344,139.9449005126953,142.97520446777344
2001-06-11,142.97520446777344,142.97520446777344,142.97520446777344,142.97520446777344
2001-06-12,140.77134704589844,142.1487579345703,140.77134704589844,142.1487579345703
2001-06-13,142.4242401123047,147.10743713378906,141.0468292236328,147.10743713378906
2001-06-14,144.6280975341797,147.9338836669922,144.6280975341797,147.6584014892578
2001-06-15,145.7300262451172,145.7300262451172,145.7300262451172,145.7300262451172
2001-06-18,146.00550842285156,146.00550842285156,140.49586486816406,140.49586486816406
2001-06-19,144.6280975341797,144.6280975341797,144.6280975341797,144.6280975341797
2001-06-20,148.7603302001953,151.51515197753906,148.7603302001953,151.51515197753906
2001-06-21,146.00550842285156,146.00550842285156,144.6280975341797,146.00550842285156
2001-06-22,146.00550842285156,151.51515197753906,146.00550842285156,146.00550842285156
2001-06-25,150.41322326660156,151.51515197753906,150.1377410888672,150.68870544433594
2001-06-26,151.51515197753906,151.51515197753906,148.7603302001953,150.9641876220703
2001-06-27,150.9641876220703,151.51515197753906,150.9641876220703,151.51515197753906
2001-06-28,151.51515197753906,151.51515197753906,149.58677673339844,151.51515197753906
2001-06-29,151.51515197753906,151.51515197753906,149.0358123779297,149.0358123779297
2001-07-02,149.0358123779297,149.0358123779297,143.2506866455078,143.5261688232422
2001-07-03,144.07713317871094,144.07713317871094,143.5261688232422,143.5261688232422
2001-07-04,144.3526153564453,144.3526153564453,144.07713317871094,144.07713317871094
2001-07-05,144.07713317871094,144.07713317871094,144.07713317871094,144.07713317871094
2001-07-06,144.6280975341797,144.6280975341797,143.2506866455078,143.2506866455078
2001-07-09,142.69972229003906,142.69972229003906,140.49586486816406,141.0468292236328
2001-07-10,141.0468292236328,141.3223114013672,140.49586486816406,140.49586486816406
2001-07-11,141.3223114013672,141.3223114013672,141.3223114013672,141.3223114013672
2001-07-12,141.3223114013672,141.3223114013672,141.3223114013672,141.3223114013672
2001-07-13,147.38291931152344,147.38291931152344,146.00550842285156,147.10743713378906
2001-07-16,148.48484802246094,148.48484802246094,148.48484802246094,148.48484802246094
2001-07-17,146.00550842285156,146.00550842285156,146.00550842285156,146.00550842285156
2001-07-18,145.17906188964844,145.17906188964844,142.4242401123047,142.4242401123047
2001-07-19,141.87327575683594,141.87327575683594,140.49586486816406,140.49586486816406
2001-07-20,140.49586486816406,140.49586486816406,140.49586486816406,140.49586486816406
2001-07-23,140.49586486816406,140.49586486816406,137.7410430908203,137.7410430908203
2001-07-24,137.7410430908203,139.1184539794922,137.7410430908203,139.1184539794922
2001-07-25,143.2506866455078,143.2506866455078,143.2506866455078,143.2506866455078
2001-07-26,147.38291931152344,147.38291931152344,147.38291931152344,147.38291931152344
2001-07-27,147.38291931152344,147.38291931152344,143.2506866455078,147.38291931152344
2001-07-30,144.6280975341797,144.6280975341797,143.2506866455078,143.2506866455078
2001-07-31,143.2506866455078,143.2506866455078,143.2506866455078,143.2506866455078
2001-08-01,143.2506866455078,143.2506866455078,143.2506866455078,143.2506866455078
2001-08-02,143.2506866455078,143.2506866455078,143.2506866455078,143.2506866455078
2001-08-03,147.38291931152344,147.38291931152344,147.38291931152344,147.38291931152344
2001-08-06,151.79063415527344,151.79063415527344,146.00550842285156,146.00550842285156
2001-08-07,146.28099060058594,146.28099060058594,137.7410430908203,137.7410430908203
2001-08-08,140.49586486816406,140.77134704589844,140.49586486816406,140.77134704589844
2001-08-09,141.0468292236328,143.2506866455078,141.0468292236328,143.2506866455078
2001-08-10,143.5261688232422,143.5261688232422,143.2506866455078,143.2506866455078
2001-08-13,143.80165100097656,147.38291931152344,143.2506866455078,147.38291931152344
2001-08-14,146.00550842285156,147.38291931152344,146.00550842285156,147.38291931152344
2001-08-15,148.7603302001953,148.7603302001953,147.38291931152344,147.38291931152344
2001-08-16,146.00550842285156,146.00550842285156,143.2506866455078,143.2506866455078
2001-08-17,143.2506866455078,143.2506866455078,143.2506866455078,143.2506866455078
2001-08-20,143.5261688232422,143.5261688232422,143.5261688232422,143.5261688232422
2001-08-21,143.5261688232422,143.5261688232422,143.5261688232422,143.5261688232422
2001-08-22,143.5261688232422,143.80165100097656,143.5261688232422,143.80165100097656
2001-08-23,146.00550842285156,146.00550842285156,144.3526153564453,144.3526153564453
2001-08-24,144.6280975341797,146.00550842285156,144.6280975341797,146.00550842285156
2001-08-27,148.7603302001953,148.7603302001953,146.00550842285156,146.00550842285156
2001-08-28,146.00550842285156,146.00550842285156,144.6280975341797,144.6280975341797
2001-08-29,144.6280975341797,144.6280975341797,144.6280975341797,144.6280975341797
2001-08-30,144.6280975341797,144.6280975341797,137.7410430908203,137.7410430908203
2001-08-31,136.9145965576172,137.7410430908203,134.98622131347656,134.98622131347656
2001-09-03,136.36363220214844,136.36363220214844,136.36363220214844,136.36363220214844
2001-09-04,136.36363220214844,136.36363220214844,136.36363220214844,136.36363220214844
2001-09-05,136.6391143798828,136.6391143798828,136.6391143798828,136.6391143798828
2001-09-06,137.7410430908203,137.7410430908203,137.7410430908203,137.7410430908203
2001-09-07,138.0165252685547,138.0165252685547,138.0165252685547,138.0165252685547
2001-09-10,138.29200744628906,138.56748962402344,138.0165252685547,138.29200744628906
2001-09-11,138.29200744628906,138.56748962402344,138.29200744628906,138.56748962402344
2001-09-12,137.7410430908203,137.7410430908203,136.36363220214844,136.36363220214844
2001-09-13,136.9145965576172,138.0165252685547,136.9145965576172,138.0165252685547
2001-09-14,139.1184539794922,146.00550842285156,139.1184539794922,146.00550842285156
2001-09-17,150.1377410888672,150.1377410888672,140.77134704589844,143.2506866455078
2001-09-18,143.2506866455078,143.2506866455078,143.2506866455078,143.2506866455078
2001-09-19,141.3223114013672,141.3223114013672,141.3223114013672,141.3223114013672
2001-09-20,146.00550842285156,146.00550842285156,146.00550842285156,146.00550842285156
2001-09-21,140.2203826904297,146.00550842285156,140.2203826904297,143.2506866455078
2001-09-24,143.2506866455078,143.2506866455078,143.2506866455078,143.2506866455078
2001-09-25,147.38291931152344,147.38291931152344,147.38291931152344,147.38291931152344
2001-09-26,145.7300262451172,146.00550842285156,143.2506866455078,143.2506866455078
2001-09-27,143.2506866455078,143.2506866455078,137.7410430908203,137.7410430908203
2001-09-28,137.7410430908203,137.7410430908203,137.7410430908203,137.7410430908203
2001-10-01,138.0165252685547,138.29200744628906,138.0165252685547,138.29200744628906
2001-10-02,138.29200744628906,138.29200744628906,137.7410430908203,138.29200744628906
2001-10-03,132.78236389160156,137.7410430908203,132.78236389160156,137.7410430908203
2001-10-04,137.7410430908203,137.7410430908203,137.7410430908203,137.7410430908203
2001-10-05,137.7410430908203,137.7410430908203,137.7410430908203,137.7410430908203
2001-10-08,137.7410430908203,137.7410430908203,137.7410430908203,137.7410430908203
2001-10-09,137.7410430908203,140.49586486816406,137.7410430908203,140.49586486816406
2001-10-10,140.2203826904297,143.2506866455078,137.7410430908203,143.2506866455078
2001-10-11,143.2506866455078,143.2506866455078,141.3223114013672,143.2506866455078
2001-10-12,144.07713317871094,144.07713317871094,143.80165100097656,144.07713317871094
2001-10-15,145.7300262451172,145.7300262451172,144.07713317871094,144.07713317871094
2001-10-16,143.80165100097656,143.80165100097656,137.7410430908203,137.7410430908203
2001-10-17,138.0165252685547,138.0165252685547,137.7410430908203,138.0165252685547
2001-10-18,140.49586486816406,140.49586486816406,134.98622131347656,134.98622131347656
2001-10-19,137.7410430908203,137.7410430908203,132.2313995361328,132.2313995361328
2001-10-22,136.36363220214844,136.36363220214844,132.5068817138672,132.5068817138672
2001-10-23,132.78236389160156,133.6088104248047,132.5068817138672,133.6088104248047
2001-10-24,132.5068817138672,134.98622131347656,132.5068817138672,134.98622131347656
2001-10-25,134.98622131347656,134.98622131347656,133.6088104248047,134.98622131347656
2001-10-26,134.98622131347656,134.98622131347656,132.2313995361328,132.2313995361328
2001-10-29,132.78236389160156,132.78236389160156,132.78236389160156,132.78236389160156
2001-10-30,132.78236389160156,132.78236389160156,132.78236389160156,132.78236389160156
2001-10-31,133.05784606933594,133.05784606933594,132.78236389160156,132.78236389160156
2001-11-01,132.78236389160156,134.98622131347656,132.5068817138672,134.98622131347656
2001-11-02,132.2313995361328,132.2313995361328,132.2313995361328,132.2313995361328
2001-11-05,132.2313995361328,132.2313995361328,132.2313995361328,132.2313995361328
2001-11-06,132.2313995361328,132.2313995361328,132.2313995361328,132.2313995361328
2001-11-07,132.2313995361328,132.2313995361328,132.2313995361328,132.2313995361328
2001-11-08,132.2313995361328,132.2313995361328,129.47657775878906,129.47657775878906
2001-11-09,129.47657775878906,129.47657775878906,129.47657775878906,129.47657775878906
2001-11-12,128.0991668701172,128.0991668701172,125.61983489990234,125.61983489990234
2001-11-13,126.99724578857422,132.2313995361328,126.99724578857422,132.2313995361328
2001-11-14,130.3030242919922,130.85398864746094,127.54821014404297,130.85398864746094
2001-11-15,130.3030242919922,130.3030242919922,128.9256134033203,128.9256134033203
2001-11-16,128.9256134033203,128.9256134033203,128.9256134033203,128.9256134033203
2001-11-19,128.9256134033203,128.9256134033203,128.9256134033203,128.9256134033203
2001-11-20,113.77410888671875,118.4572982788086,113.77410888671875,118.4572982788086
2001-11-21,121.21212005615234,122.58953094482422,119.83470916748047,119.83470916748047
2001-11-22,112.9476547241211,120.11019134521484,112.9476547241211,120.11019134521484
2001-11-23,120.11019134521484,120.11019134521484,120.11019134521484,120.11019134521484
2001-11-26,122.8650131225586,122.8650131225586,120.11019134521484,120.6611557006836
2001-11-27,120.38567352294922,120.38567352294922,116.2534408569336,116.2534408569336
2001-11-28,117.07988739013672,117.07988739013672,117.07988739013672,117.07988739013672
2001-11-29,117.3553695678711,117.3553695678711,117.3553695678711,117.3553695678711
2001-11-30,117.07988739013672,117.3553695678711,115.1515121459961,117.07988739013672
2001-12-03,117.3553695678711,117.3553695678711,117.3553695678711,117.3553695678711
2001-12-04,118.4572982788086,118.4572982788086,117.3553695678711,117.3553695678711
2001-12-05,117.63085174560547,121.21212005615234,117.63085174560547,121.21212005615234
2001-12-06,123.9669418334961,123.9669418334961,123.9669418334961,123.9669418334961
2001-12-07,121.21212005615234,123.9669418334961,120.11019134521484,123.9669418334961
2001-12-10,127.54821014404297,130.85398864746094,127.54821014404297,130.85398864746094
2001-12-11,134.7107391357422,134.7107391357422,133.6088104248047,133.6088104248047
2001-12-12,133.6088104248047,133.6088104248047,133.6088104248047,133.6088104248047
2001-12-13,130.3030242919922,130.3030242919922,129.75205993652344,129.75205993652344
2001-12-14,129.75205993652344,136.36363220214844,129.75205993652344,136.36363220214844
2001-12-17,136.36363220214844,136.36363220214844,126.72176361083984,126.72176361083984
2001-12-18,133.6088104248047,133.6088104248047,129.47657775878906,129.47657775878906
2001-12-19,128.0991668701172,128.0991668701172,128.0991668701172,128.0991668701172
2001-12-20,131.68043518066406,131.68043518066406,131.68043518066406,131.68043518066406
2001-12-21,132.2313995361328,132.2313995361328,117.07988739013672,117.07988739013672
2001-12-24,117.07988739013672,117.07988739013672,117.07988739013672,117.07988739013672
2001-12-25,120.38567352294922,120.93663787841797,120.38567352294922,120.6611557006836
2001-12-26,124.24242401123047,124.24242401123047,124.24242401123047,124.24242401123047
2001-12-27,128.0991668701172,128.0991668701172,124.51790618896484,124.51790618896484
2001-12-28,124.51790618896484,124.51790618896484,124.51790618896484,124.51790618896484
2001-12-31,124.51790618896484,124.51790618896484,124.51790618896484,124.51790618896484
2002-01-01,124.51790618896484,124.51790618896484,124.51790618896484,124.51790618896484
2002-01-02,124.51790618896484,124.51790618896484,124.51790618896484,124.51790618896484
2002-01-03,124.51790618896484,124.51790618896484,124.51790618896484,124.51790618896484
2002-01-04,124.51790618896484,124.51790618896484,124.51790618896484,124.51790618896484
2002-01-07,121.7630844116211,121.7630844116211,118.4572982788086,121.21212005615234
2002-01-08,118.73278045654297,118.73278045654297,118.73278045654297,118.73278045654297
2002-01-09,118.73278045654297,118.73278045654297,113.22313690185547,113.22313690185547
2002-01-10,119.83470916748047,119.83470916748047,119.83470916748047,119.83470916748047
2002-01-11,120.11019134521484,120.11019134521484,120.11019134521484,120.11019134521484
2002-01-14,120.11019134521484,120.11019134521484,120.11019134521484,120.11019134521484
2002-01-15,121.21212005615234,121.21212005615234,121.21212005615234,121.21212005615234
2002-01-16,120.93663787841797,120.93663787841797,120.93663787841797,120.93663787841797
2002-01-17,119.00826263427734,119.00826263427734,115.70247650146484,115.70247650146484
2002-01-18,115.70247650146484,115.70247650146484,115.70247650146484,115.70247650146484
2002-01-21,115.70247650146484,115.70247650146484,115.70247650146484,115.70247650146484
2002-01-22,115.70247650146484,115.70247650146484,115.1515121459961,115.70247650146484
2002-01-23,115.70247650146484,115.70247650146484,115.70247650146484,115.70247650146484
2002-01-24,115.1515121459961,117.90633392333984,115.1515121459961,117.90633392333984
2002-01-25,120.38567352294922,120.38567352294922,115.70247650146484,115.70247650146484
2002-01-28,112.9476547241211,112.9476547241211,112.9476547241211,112.9476547241211
2002-01-29,112.9476547241211,112.9476547241211,111.57025146484375,111.57025146484375
2002-01-30,112.9476547241211,112.9476547241211,112.9476547241211,112.9476547241211
2002-01-31,112.9476547241211,112.9476547241211,112.9476547241211,112.9476547241211
2002-02-01,111.019287109375,112.9476547241211,107.16253662109375,107.16253662109375
2002-02-04,107.16253662109375,107.16253662109375,106.88705444335938,106.88705444335938
2002-02-05,106.88705444335938,106.88705444335938,106.88705444335938,106.88705444335938
2002-02-06,106.611572265625,106.611572265625,104.68319702148438,104.68319702148438
2002-02-07,101.92837524414062,102.203857421875,100.55096435546875,100.55096435546875
2002-02-08,103.3057861328125,103.3057861328125,101.92837524414062,101.92837524414062
2002-02-11,101.92837524414062,101.92837524414062,101.92837524414062,101.92837524414062
2002-02-12,104.68319702148438,104.68319702148438,95.04132080078125,95.04132080078125
2002-02-13,98.07162475585938,106.06060791015625,96.41873168945312,106.06060791015625
2002-02-14,106.06060791015625,110.19283294677734,104.68319702148438,110.19283294677734
2002-02-15,111.57025146484375,111.57025146484375,108.8154296875,110.19283294677734
2002-02-18,110.19283294677734,110.19283294677734,110.19283294677734,110.19283294677734
2002-02-19,100.82644653320312,100.82644653320312,100.82644653320312,100.82644653320312
2002-02-20,102.47933959960938,104.68319702148438,102.47933959960938,104.68319702148438
2002-02-21,104.68319702148438,104.68319702148438,101.92837524414062,101.92837524414062
2002-02-22,101.92837524414062,104.68319702148438,100.82644653320312,104.68319702148438
2002-02-25,107.7135009765625,107.7135009765625,104.68319702148438,104.68319702148438
2002-02-26,104.68319702148438,104.68319702148438,101.92837524414062,101.92837524414062
2002-02-27,101.92837524414062,101.92837524414062,101.92837524414062,101.92837524414062
2002-02-28,100.82644653320312,101.92837524414062,100.82644653320312,101.92837524414062
2002-03-01,101.92837524414062,101.92837524414062,101.92837524414062,101.92837524414062
2002-03-04,103.3057861328125,103.3057861328125,100.55096435546875,100.55096435546875
2002-03-05,101.92837524414062,101.92837524414062,99.17355346679688,99.17355346679688
2002-03-06,99.17355346679688,99.17355346679688,99.17355346679688,99.17355346679688
2002-03-07,100.27548217773438,100.27548217773438,99.17355346679688,99.17355346679688
2002-03-08,99.17355346679688,103.3057861328125,97.796142578125,99.17355346679688
2002-03-11,99.44903564453125,104.68319702148438,99.44903564453125,101.92837524414062
2002-03-12,101.92837524414062,104.68319702148438,101.92837524414062,103.3057861328125
2002-03-13,103.58126831054688,104.40771484375,101.92837524414062,101.92837524414062
2002-03-14,101.92837524414062,101.92837524414062,97.796142578125,101.92837524414062
2002-03-15,101.92837524414062,103.3057861328125,101.92837524414062,103.3057861328125
2002-03-18,106.88705444335938,106.88705444335938,102.47933959960938,102.75482177734375
2002-03-19,103.3057861328125,103.3057861328125,103.3057861328125,103.3057861328125
2002-03-20,104.13223266601562,104.13223266601562,104.13223266601562,104.13223266601562
2002-03-21,104.13223266601562,104.13223266601562,104.13223266601562,104.13223266601562
2002-03-22,106.33609008789062,117.07988739013672,106.06060791015625,117.07988739013672
2002-03-25,119.83470916748047,122.58953094482422,115.70247650146484,118.4572982788086
2002-03-26,118.18181610107422,118.18181610107422,106.06060791015625,107.43801879882812
2002-03-27,106.06060791015625,106.06060791015625,99.17355346679688,104.68319702148438
2002-03-28,104.68319702148438,106.06060791015625,104.68319702148438,104.68319702148438
2002-03-29,106.06060791015625,106.06060791015625,104.68319702148438,104.68319702148438
2002-04-01,104.68319702148438,104.68319702148438,104.68319702148438,104.68319702148438
2002-04-02,100.82644653320312,103.3057861328125,100.82644653320312,103.3057861328125
2002-04-03,105.78512573242188,107.43801879882812,101.92837524414062,107.43801879882812
2002-04-04,107.43801879882812,107.43801879882812,107.43801879882812,107.43801879882812
2002-04-05,104.95867919921875,106.33609008789062,104.95867919921875,106.33609008789062
2002-04-08,105.5096435546875,111.57025146484375,105.5096435546875,111.57025146484375
2002-04-09,111.57025146484375,111.57025146484375,111.57025146484375,111.57025146484375
2002-04-10,107.43801879882812,108.8154296875,107.43801879882812,108.8154296875
2002-04-11,110.19283294677734,110.19283294677734,109.09091186523438,110.19283294677734
2002-04-12,110.19283294677734,110.46832275390625,108.53994750976562,110.46832275390625
2002-04-15,111.019287109375,111.019287109375,111.019287109375,111.019287109375
2002-04-16,110.19283294677734,110.19283294677734,110.19283294677734,110.19283294677734
2002-04-17,110.19283294677734,110.19283294677734,110.19283294677734,110.19283294677734
2002-04-18,110.19283294677734,110.19283294677734,104.68319702148438,108.8154296875
2002-04-19,108.8154296875,108.8154296875,108.8154296875,108.8154296875
2002-04-22,107.43801879882812,109.91735076904297,106.33609008789062,109.91735076904297
2002-04-23,107.43801879882812,107.43801879882812,107.43801879882812,107.43801879882812
2002-04-24,108.8154296875,111.57025146484375,107.7135009765625,111.57025146484375
2002-04-25,107.43801879882812,107.98898315429688,106.611572265625,107.43801879882812
2002-04-26,107.43801879882812,107.43801879882812,106.06060791015625,106.06060791015625
2002-04-29,106.06060791015625,106.06060791015625,106.06060791015625,106.06060791015625
2002-04-30,106.06060791015625,106.06060791015625,104.68319702148438,104.68319702148438
2002-05-01,107.43801879882812,107.43801879882812,104.68319702148438,104.68319702148438
2002-05-02,104.68319702148438,104.68319702148438,104.68319702148438,104.68319702148438
2002-05-03,104.68319702148438,104.68319702148438,104.68319702148438,104.68319702148438
2002-05-06,104.68319702148438,104.68319702148438,104.68319702148438,104.68319702148438
2002-05-07,106.06060791015625,110.19283294677734,104.68319702148438,110.19283294677734
2002-05-08,110.19283294677734,110.19283294677734,110.19283294677734,110.19283294677734
2002-05-09,110.19283294677734,110.19283294677734,110.19283294677734,110.19283294677734
2002-05-10,110.19283294677734,110.19283294677734,110.19283294677734,110.19283294677734
2002-05-13,108.8154296875,110.19283294677734,108.8154296875,109.36638641357422
2002-05-14,109.36638641357422,109.36638641357422,107.98898315429688,108.26446533203125
2002-05-15,106.611572265625,106.611572265625,106.06060791015625,106.06060791015625
2002-05-16,103.3057861328125,103.3057861328125,103.3057861328125,103.3057861328125
2002-05-17,103.3057861328125,103.58126831054688,103.3057861328125,103.58126831054688
2002-05-20,104.13223266601562,106.88705444335938,104.13223266601562,106.88705444335938
2002-05-21,104.68319702148438,107.43801879882812,104.68319702148438,106.06060791015625
2002-05-22,107.43801879882812,107.7135009765625,106.611572265625,107.43801879882812
2002-05-23,108.8154296875,109.91735076904297,107.98898315429688,108.8154296875
2002-05-24,109.91735076904297,109.91735076904297,108.8154296875,108.8154296875
2002-05-27,110.19283294677734,110.19283294677734,108.8154296875,109.09091186523438
2002-05-28,109.91735076904297,109.91735076904297,107.98898315429688,109.36638641357422
2002-05-29,109.36638641357422,109.36638641357422,108.26446533203125,109.36638641357422
2002-05-30,109.36638641357422,109.6418685913086,109.36638641357422,109.6418685913086
2002-05-31,109.36638641357422,109.36638641357422,109.36638641357422,109.36638641357422
2002-06-03,109.36638641357422,109.91735076904297,107.43801879882812,109.36638641357422
2002-06-04,107.7135009765625,108.8154296875,101.92837524414062,108.8154296875
2002-06-05,108.8154296875,108.8154296875,108.8154296875,108.8154296875
2002-06-06,108.8154296875,108.8154296875,108.8154296875,108.8154296875
2002-06-07,107.43801879882812,107.43801879882812,107.43801879882812,107.43801879882812
2002-06-10,107.43801879882812,107.43801879882812,107.43801879882812,107.43801879882812
2002-06-11,107.98898315429688,108.26446533203125,105.23416137695312,105.23416137695312
2002-06-12,106.33609008789062,107.43801879882812,105.5096435546875,105.5096435546875
2002-06-13,106.06060791015625,106.33609008789062,105.5096435546875,105.5096435546875
2002-06-14,107.7135009765625,107.7135009765625,105.23416137695312,106.88705444335938
2002-06-17,109.36638641357422,109.36638641357422,105.23416137695312,105.5096435546875
2002-06-18,106.33609008789062,106.33609008789062,106.06060791015625,106.06060791015625
2002-06-19,108.8154296875,108.8154296875,107.43801879882812,107.43801879882812
2002-06-20,110.46832275390625,111.57025146484375,108.8154296875,109.09091186523438
2002-06-21,109.6418685913086,109.6418685913086,107.43801879882812,109.09091186523438
2002-06-24,109.09091186523438,109.09091186523438,107.98898315429688,107.98898315429688
2002-06-25,110.74380493164062,110.74380493164062,109.36638641357422,109.36638641357422
2002-06-26,107.43801879882812,107.43801879882812,105.23416137695312,105.23416137695312
2002-06-27,105.23416137695312,105.23416137695312,99.17355346679688,99.17355346679688
2002-06-28,99.44903564453125,104.40771484375,99.17355346679688,104.40771484375
2002-07-01,104.13223266601562,104.13223266601562,104.13223266601562,104.13223266601562
2002-07-02,102.75482177734375,102.75482177734375,102.75482177734375,102.75482177734375
2002-07-03,102.75482177734375,106.88705444335938,102.203857421875,103.85675048828125
2002-07-04,103.85675048828125,106.611572265625,103.85675048828125,106.611572265625
2002-07-05,102.47933959960938,106.06060791015625,102.47933959960938,106.06060791015625
2002-07-08,106.611572265625,106.88705444335938,106.06060791015625,106.611572265625
2002-07-09,106.611572265625,106.611572265625,106.06060791015625,106.33609008789062
2002-07-10,107.43801879882812,107.43801879882812,102.203857421875,104.68319702148438
2002-07-11,104.95867919921875,106.33609008789062,104.68319702148438,106.33609008789062
2002-07-12,106.06060791015625,107.98898315429688,106.06060791015625,106.33609008789062
2002-07-15,108.8154296875,108.8154296875,107.43801879882812,108.8154296875
2002-07-16,108.8154296875,108.8154296875,106.611572265625,106.611572265625
2002-07-17,106.611572265625,106.611572265625,105.5096435546875,106.611572265625
2002-07-18,106.611572265625,107.43801879882812,106.611572265625,107.43801879882812
2002-07-19,108.8154296875,108.8154296875,106.88705444335938,106.88705444335938
2002-07-22,105.78512573242188,105.78512573242188,105.78512573242188,105.78512573242188
2002-07-23,106.06060791015625,106.33609008789062,106.06060791015625,106.33609008789062
2002-07-24,106.06060791015625,106.611572265625,106.06060791015625,106.06060791015625
2002-07-25,108.8154296875,108.8154296875,106.33609008789062,106.33609008789062
2002-07-26,106.33609008789062,106.33609008789062,106.06060791015625,106.06060791015625
2002-07-29,101.92837524414062,104.68319702148438,101.92837524414062,104.68319702148438
2002-07-30,104.68319702148438,104.68319702148438,104.68319702148438,104.68319702148438
2002-07-31,104.68319702148438,104.68319702148438,104.68319702148438,104.68319702148438
2002-08-01,104.68319702148438,104.68319702148438,104.68319702148438,104.68319702148438
2002-08-02,104.68319702148438,106.06060791015625,104.68319702148438,104.68319702148438
2002-08-05,104.68319702148438,104.68319702148438,104.68319702148438,104.68319702148438
2002-08-06,104.68319702148438,104.68319702148438,103.3057861328125,103.3057861328125
2002-08-07,99.17355346679688,99.17355346679688,99.17355346679688,99.17355346679688
2002-08-08,103.03030395507812,103.03030395507812,103.03030395507812,103.03030395507812
2002-08-09,103.3057861328125,103.3057861328125,103.3057861328125,103.3057861328125
2002-08-12,103.85675048828125,106.88705444335938,103.85675048828125,106.88705444335938
2002-08-13,106.88705444335938,106.88705444335938,106.88705444335938,106.88705444335938
2002-08-14,106.88705444335938,108.26446533203125,106.88705444335938,107.16253662109375
2002-08-15,109.36638641357422,109.36638641357422,107.98898315429688,109.09091186523438
2002-08-16,108.8154296875,109.09091186523438,107.43801879882812,109.09091186523438
2002-08-19,108.53994750976562,108.53994750976562,108.53994750976562,108.53994750976562
2002-08-20,108.53994750976562,108.53994750976562,108.53994750976562,108.53994750976562
2002-08-21,109.09091186523438,109.09091186523438,107.43801879882812,107.43801879882812
2002-08-22,107.43801879882812,109.09091186523438,106.33609008789062,109.09091186523438
2002-08-23,109.09091186523438,109.09091186523438,109.09091186523438,109.09091186523438
2002-08-26,107.43801879882812,107.43801879882812,106.33609008789062,106.33609008789062
2002-08-27,106.06060791015625,106.06060791015625,106.06060791015625,106.06060791015625
2002-08-28,106.06060791015625,106.06060791015625,106.06060791015625,106.06060791015625
2002-08-29,106.06060791015625,106.06060791015625,106.06060791015625,106.06060791015625
2002-08-30,106.06060791015625,106.06060791015625,103.3057861328125,103.3057861328125
2002-09-02,104.95867919921875,106.06060791015625,104.95867919921875,106.06060791015625
2002-09-03,104.68319702148438,104.68319702148438,104.68319702148438,104.68319702148438
2002-09-04,104.68319702148438,104.68319702148438,104.68319702148438,104.68319702148438
2002-09-05,103.3057861328125,103.3057861328125,101.92837524414062,101.92837524414062
2002-09-06,101.92837524414062,101.92837524414062,101.92837524414062,101.92837524414062
2002-09-09,102.203857421875,102.203857421875,100.82644653320312,100.82644653320312
2002-09-10,101.37741088867188,101.37741088867188,101.37741088867188,101.37741088867188
2002-09-11,100.55096435546875,100.55096435546875,100.55096435546875,100.55096435546875
2002-09-12,104.40771484375,106.06060791015625,104.40771484375,106.06060791015625
2002-09-13,104.68319702148438,107.43801879882812,103.3057861328125,107.43801879882812
2002-09-16,107.43801879882812,107.43801879882812,107.43801879882812,107.43801879882812
2002-09-17,110.19283294677734,110.19283294677734,110.19283294677734,110.19283294677734
2002-09-18,109.91735076904297,109.91735076904297,109.91735076904297,109.91735076904297
2002-09-19,110.19283294677734,110.19283294677734,107.43801879882812,107.43801879882812
2002-09-20,107.43801879882812,110.19283294677734,107.43801879882812,110.19283294677734
2002-09-23,110.19283294677734,110.19283294677734,110.19283294677734,110.19283294677734
2002-09-24,108.8154296875,110.19283294677734,104.95867919921875,106.33609008789062
2002-09-25,108.8154296875,108.8154296875,105.23416137695312,107.43801879882812
2002-09-26,104.68319702148438,104.68319702148438,101.92837524414062,104.68319702148438
2002-09-27,104.68319702148438,104.68319702148438,104.68319702148438,104.68319702148438
2002-09-30,102.47933959960938,102.75482177734375,102.47933959960938,102.75482177734375
2002-10-01,105.5096435546875,105.5096435546875,102.203857421875,102.203857421875
2002-10-02,102.47933959960938,102.47933959960938,101.92837524414062,101.92837524414062
2002-10-03,99.17355346679688,103.3057861328125,99.17355346679688,99.17355346679688
2002-10-04,99.44903564453125,99.44903564453125,99.17355346679688,99.17355346679688
2002-10-07,99.44903564453125,99.44903564453125,99.17355346679688,99.17355346679688
2002-10-08,99.17355346679688,101.92837524414062,99.17355346679688,101.92837524414062
2002-10-09,101.92837524414062,101.92837524414062,101.92837524414062,101.92837524414062
2002-10-10,99.72451782226562,102.47933959960938,99.72451782226562,102.47933959960938
2002-10-11,103.3057861328125,106.88705444335938,103.03030395507812,106.88705444335938
2002-10-14,106.88705444335938,106.88705444335938,106.88705444335938,106.88705444335938
2002-10-15,106.611572265625,106.611572265625,106.611572265625,106.611572265625
2002-10-16,106.611572265625,106.611572265625,103.85675048828125,103.85675048828125
2002-10-17,104.68319702148438,104.68319702148438,104.68319702148438,104.68319702148438
2002-10-18,104.68319702148438,104.68319702148438,104.68319702148438,104.68319702148438
2002-10-21,104.68319702148438,104.68319702148438,104.68319702148438,104.68319702148438
2002-10-22,104.68319702148438,104.68319702148438,104.68319702148438,104.68319702148438
2002-10-23,101.92837524414062,101.92837524414062,101.92837524414062,101.92837524414062
2002-10-24,102.75482177734375,102.75482177734375,102.75482177734375,102.75482177734375
2002-10-25,104.68319702148438,104.68319702148438,102.75482177734375,102.75482177734375
2002-10-28,102.47933959960938,102.47933959960938,99.17355346679688,99.17355346679688
2002-10-29,99.17355346679688,101.92837524414062,99.17355346679688,101.92837524414062
2002-10-30,101.92837524414062,101.92837524414062,101.92837524414062,101.92837524414062
2002-10-31,101.92837524414062,101.92837524414062,101.92837524414062,101.92837524414062
2002-11-01,101.92837524414062,101.92837524414062,99.44903564453125,99.44903564453125
2002-11-04,99.44903564453125,99.44903564453125,99.44903564453125,99.44903564453125
2002-11-05,99.17355346679688,101.92837524414062,99.17355346679688,101.92837524414062
2002-11-06,101.92837524414062,101.92837524414062,99.72451782226562,99.72451782226562
2002-11-07,99.72451782226562,99.72451782226562,99.44903564453125,99.44903564453125
2002-11-08,99.44903564453125,99.44903564453125,96.6942138671875,96.6942138671875
2002-11-11,97.52066040039062,97.52066040039062,97.52066040039062,97.52066040039062
2002-11-12,100.0,100.0,99.17355346679688,99.17355346679688
2002-11-13,99.17355346679688,99.17355346679688,97.24517822265625,98.34710693359375
2002-11-14,98.34710693359375,98.34710693359375,88.15426635742188,93.11294555664062
2002-11-15,86.22589874267578,86.22589874267578,86.22589874267578,86.22589874267578
2002-11-18,85.95040893554688,85.95040893554688,85.95040893554688,85.95040893554688
2002-11-19,84.84848022460938,84.84848022460938,82.6446304321289,82.6446304321289
2002-11-20,82.36914825439453,82.36914825439453,78.51239776611328,82.09366607666016
2002-11-21,81.26721954345703,81.26721954345703,78.2369155883789,79.88980865478516
2002-11-22,80.16529083251953,82.6446304321289,79.3388442993164,82.6446304321289
2002-11-25,85.12396240234375,85.39944458007812,85.12396240234375,85.39944458007812
2002-11-26,87.8787841796875,88.15426635742188,87.8787841796875,87.8787841796875
2002-11-27,89.53167724609375,89.53167724609375,86.77686309814453,86.77686309814453
2002-11-28,85.39944458007812,89.53167724609375,85.39944458007812,89.53167724609375
2002-11-29,89.53167724609375,89.53167724609375,84.02204132080078,84.29752349853516
2002-12-02,84.29752349853516,84.29752349853516,84.29752349853516,84.29752349853516
2002-12-03,86.77686309814453,86.77686309814453,86.50138092041016,86.50138092041016
2002-12-04,82.92011260986328,85.39944458007812,82.92011260986328,85.39944458007812
2002-12-05,83.19559478759766,85.39944458007812,83.19559478759766,85.39944458007812
2002-12-06,89.53167724609375,89.53167724609375,88.15426635742188,88.15426635742188
2002-12-09,88.15426635742188,89.2562026977539,88.15426635742188,89.2562026977539
2002-12-10,91.73553466796875,93.66390991210938,91.73553466796875,93.66390991210938
2002-12-11,96.41873168945312,96.41873168945312,96.41873168945312,96.41873168945312
2002-12-12,93.66390991210938,94.76583862304688,93.66390991210938,93.66390991210938
2002-12-13,95.04132080078125,95.86776733398438,93.66390991210938,95.86776733398438
2002-12-16,96.14324951171875,96.14324951171875,92.01101684570312,93.66390991210938
2002-12-17,88.15426635742188,88.15426635742188,84.02204132080078,84.02204132080078
2002-12-18,81.81818389892578,86.77686309814453,81.81818389892578,86.77686309814453
2002-12-19,82.6446304321289,85.39944458007812,82.09366607666016,85.39944458007812
2002-12-20,82.36914825439453,82.6446304321289,82.36914825439453,82.36914825439453
2002-12-23,82.36914825439453,82.36914825439453,82.36914825439453,82.36914825439453
2002-12-24,85.12396240234375,92.28650665283203,84.84848022460938,92.28650665283203
2002-12-25,95.04132080078125,96.41873168945312,95.04132080078125,95.31680297851562
2002-12-26,98.07162475585938,100.55096435546875,98.07162475585938,99.17355346679688
2002-12-27,101.92837524414062,101.92837524414062,99.44903564453125,99.44903564453125
2002-12-30,96.96969604492188,96.96969604492188,96.96969604492188,96.96969604492188
2002-12-31,96.96969604492188,96.96969604492188,96.96969604492188,96.96969604492188
2003-01-01,96.96969604492188,96.96969604492188,96.96969604492188,96.96969604492188
2003-01-02,96.96969604492188,96.96969604492188,96.96969604492188,96.96969604492188
2003-01-03,96.96969604492188,96.96969604492188,96.96969604492188,96.96969604492188
2003-01-06,97.24517822265625,97.24517822265625,97.24517822265625,97.24517822265625
2003-01-07,100.27548217773438,100.27548217773438,100.0,100.0
2003-01-08,99.17355346679688,99.17355346679688,99.17355346679688,99.17355346679688
2003-01-09,97.796142578125,100.27548217773438,97.796142578125,100.27548217773438
2003-01-10,100.27548217773438,100.27548217773438,100.27548217773438,100.27548217773438
2003-01-13,100.27548217773438,100.27548217773438,100.27548217773438,100.27548217773438
2003-01-14,101.92837524414062,106.33609008789062,101.92837524414062,105.78512573242188
2003-01-15,105.78512573242188,105.78512573242188,105.5096435546875,105.5096435546875
2003-01-16,105.5096435546875,105.5096435546875,105.5096435546875,105.5096435546875
2003-01-17,105.23416137695312,105.23416137695312,101.92837524414062,101.92837524414062
2003-01-20,99.44903564453125,99.44903564453125,99.44903564453125,99.44903564453125
2003-01-21,100.82644653320312,103.3057861328125,100.82644653320312,103.3057861328125
2003-01-22,103.58126831054688,104.68319702148438,93.66390991210938,93.66390991210938
2003-01-23,99.17355346679688,103.3057861328125,99.17355346679688,103.3057861328125
2003-01-24,106.06060791015625,107.43801879882812,106.06060791015625,106.06060791015625
2003-01-27,106.06060791015625,106.06060791015625,106.06060791015625,106.06060791015625
2003-01-28,105.5096435546875,105.5096435546875,105.5096435546875,105.5096435546875
2003-01-29,102.75482177734375,102.75482177734375,101.92837524414062,101.92837524414062
2003-01-30,93.66390991210938,93.66390991210938,93.66390991210938,93.66390991210938
2003-01-31,97.796142578125,97.796142578125,97.796142578125,97.796142578125
2003-02-03,92.28650665283203,93.66390991210938,92.28650665283203,92.56198120117188
2003-02-04,93.66390991210938,93.93939208984375,93.388427734375,93.388427734375
2003-02-05,95.04132080078125,95.04132080078125,95.04132080078125,95.04132080078125
2003-02-06,95.04132080078125,96.41873168945312,95.04132080078125,96.41873168945312
2003-02-07,98.62258911132812,101.92837524414062,98.62258911132812,101.92837524414062
2003-02-10,98.62258911132812,99.17355346679688,98.62258911132812,99.17355346679688
2003-02-11,99.17355346679688,99.17355346679688,99.17355346679688,99.17355346679688
2003-02-12,99.17355346679688,99.17355346679688,97.52066040039062,99.17355346679688
2003-02-13,99.17355346679688,99.17355346679688,99.17355346679688,99.17355346679688
2003-02-14,98.8980712890625,100.55096435546875,98.62258911132812,100.55096435546875
2003-02-17,98.8980712890625,98.8980712890625,98.8980712890625,98.8980712890625
2003-02-18,98.8980712890625,98.8980712890625,91.1845703125,93.388427734375
2003-02-19,93.66390991210938,93.66390991210938,90.90908813476562,90.90908813476562
2003-02-20,92.83746337890625,92.83746337890625,92.83746337890625,92.83746337890625
2003-02-21,92.56198120117188,92.83746337890625,92.56198120117188,92.83746337890625
2003-02-24,93.93939208984375,94.21487426757812,93.11294555664062,93.11294555664062
2003-02-25,93.66390991210938,93.66390991210938,93.66390991210938,93.66390991210938
2003-02-26,93.66390991210938,93.66390991210938,93.66390991210938,93.66390991210938
2003-02-27,91.1845703125,91.1845703125,91.1845703125,91.1845703125
2003-02-28,90.90908813476562,90.90908813476562,88.15426635742188,88.15426635742188
2003-03-03,89.53167724609375,89.53167724609375,89.53167724609375,89.53167724609375
2003-03-04,88.15426635742188,88.15426635742188,84.02204132080078,85.95040893554688
2003-03-05,86.77686309814453,86.77686309814453,82.6446304321289,82.6446304321289
2003-03-06,82.6446304321289,86.22589874267578,79.3388442993164,86.22589874267578
2003-03-07,82.6446304321289,86.50138092041016,82.6446304321289,86.50138092041016
2003-03-10,86.50138092041016,86.50138092041016,85.39944458007812,85.39944458007812
2003-03-11,85.39944458007812,85.95040893554688,85.39944458007812,85.95040893554688
2003-03-12,85.95040893554688,85.95040893554688,85.6749267578125,85.95040893554688
2003-03-13,86.22589874267578,86.22589874267578,85.6749267578125,85.6749267578125
2003-03-14,85.95040893554688,89.53167724609375,85.39944458007812,88.42974853515625
2003-03-17,90.90908813476562,91.46005249023438,90.90908813476562,91.46005249023438
2003-03-18,90.90908813476562,93.66390991210938,89.53167724609375,89.53167724609375
2003-03-19,89.53167724609375,89.53167724609375,89.53167724609375,89.53167724609375
2003-03-20,89.80715942382812,89.80715942382812,89.80715942382812,89.80715942382812
2003-03-21,89.53167724609375,89.53167724609375,89.53167724609375,89.53167724609375
2003-03-24,92.01101684570312,97.796142578125,92.01101684570312,97.796142578125
2003-03-25,100.55096435546875,100.55096435546875,96.41873168945312,96.41873168945312
2003-03-26,88.15426635742188,89.80715942382812,88.15426635742188,89.80715942382812
2003-03-27,95.31680297851562,95.31680297851562,95.31680297851562,95.31680297851562
2003-03-28,94.4903564453125,94.4903564453125,94.4903564453125,94.4903564453125
2003-03-31,94.4903564453125,94.4903564453125,94.4903564453125,94.4903564453125
2003-04-01,94.4903564453125,94.4903564453125,94.4903564453125,94.4903564453125
2003-04-02,94.4903564453125,94.4903564453125,94.4903564453125,94.4903564453125
2003-04-03,94.4903564453125,94.4903564453125,94.4903564453125,94.4903564453125
2003-04-04,94.4903564453125,94.4903564453125,94.4903564453125,94.4903564453125
2003-04-07,94.4903564453125,97.52066040039062,94.4903564453125,97.52066040039062
2003-04-08,97.52066040039062,97.52066040039062,97.52066040039062,97.52066040039062
2003-04-09,97.52066040039062,97.52066040039062,97.52066040039062,97.52066040039062
2003-04-10,97.52066040039062,98.07162475585938,96.41873168945312,98.07162475585938
2003-04-11,100.27548217773438,101.65289306640625,99.44903564453125,101.65289306640625
2003-04-14,100.27548217773438,101.1019287109375,99.17355346679688,99.17355346679688
2003-04-15,99.17355346679688,99.17355346679688,95.04132080078125,95.04132080078125
2003-04-16,97.796142578125,97.796142578125,95.04132080078125,95.04132080078125
2003-04-17,95.04132080078125,95.04132080078125,95.04132080078125,95.04132080078125
2003-04-18,96.6942138671875,96.6942138671875,96.41873168945312,96.41873168945312
2003-04-21,96.41873168945312,96.41873168945312,96.41873168945312,96.41873168945312
2003-04-22,99.17355346679688,99.17355346679688,99.17355346679688,99.17355346679688
2003-04-23,99.17355346679688,99.17355346679688,99.17355346679688,99.17355346679688
2003-04-24,99.17355346679688,103.3057861328125,99.17355346679688,103.3057861328125
2003-04-25,106.33609008789062,109.36638641357422,106.33609008789062,106.611572265625
2003-04-28,109.6418685913086,110.19283294677734,106.06060791015625,108.8154296875
2003-04-29,108.8154296875,108.8154296875,108.8154296875,108.8154296875
2003-04-30,108.53994750976562,108.53994750976562,102.75482177734375,102.75482177734375
2003-05-01,107.16253662109375,107.16253662109375,103.03030395507812,103.58126831054688
2003-05-02,102.75482177734375,104.40771484375,102.75482177734375,103.58126831054688
2003-05-05,103.58126831054688,103.58126831054688,103.58126831054688,103.58126831054688
2003-05-06,102.47933959960938,102.47933959960938,102.47933959960938,102.47933959960938
2003-05-07,103.3057861328125,103.3057861328125,103.3057861328125,103.3057861328125
2003-05-08,103.85675048828125,103.85675048828125,103.85675048828125,103.85675048828125
2003-05-09,106.06060791015625,106.06060791015625,106.06060791015625,106.06060791015625
2003-05-12,106.06060791015625,106.06060791015625,104.68319702148438,104.68319702148438
2003-05-13,106.88705444335938,106.88705444335938,104.95867919921875,104.95867919921875
2003-05-14,104.95867919921875,105.5096435546875,103.58126831054688,104.68319702148438
2003-05-15,102.47933959960938,102.47933959960938,102.47933959960938,102.47933959960938
2003-05-16,105.5096435546875,105.5096435546875,104.68319702148438,104.68319702148438
2003-05-19,107.43801879882812,107.43801879882812,104.68319702148438,104.68319702148438
2003-05-20,102.75482177734375,102.75482177734375,102.75482177734375,102.75482177734375
2003-05-21,102.75482177734375,102.75482177734375,102.75482177734375,102.75482177734375
2003-05-22,101.37741088867188,101.37741088867188,101.37741088867188,101.37741088867188
2003-05-23,104.40771484375,104.68319702148438,101.92837524414062,101.92837524414062
2003-05-26,101.92837524414062,101.92837524414062,101.92837524414062,101.92837524414062
2003-05-27,100.55096435546875,100.55096435546875,100.55096435546875,100.55096435546875
2003-05-28,105.23416137695312,105.23416137695312,100.55096435546875,100.55096435546875
2003-05-29,100.82644653320312,100.82644653320312,100.55096435546875,100.55096435546875
2003-05-30,99.44903564453125,100.0,99.44903564453125,100.0
2003-06-02,100.27548217773438,107.16253662109375,100.27548217773438,101.92837524414062
2003-06-03,101.92837524414062,102.203857421875,101.92837524414062,102.203857421875
2003-06-04,103.03030395507812,103.03030395507812,101.37741088867188,101.37741088867188
2003-06-05,101.37741088867188,101.37741088867188,101.37741088867188,101.37741088867188
2003-06-06,100.55096435546875,100.55096435546875,99.44903564453125,99.44903564453125
2003-06-09,103.3057861328125,103.3057861328125,103.3057861328125,103.3057861328125
2003-06-10,103.3057861328125,103.3057861328125,103.3057861328125,103.3057861328125
2003-06-11,103.03030395507812,103.3057861328125,103.03030395507812,103.03030395507812
2003-06-12,104.40771484375,104.40771484375,102.203857421875,102.203857421875
2003-06-13,101.92837524414062,104.13223266601562,101.92837524414062,104.13223266601562
2003-06-16,102.75482177734375,103.3057861328125,102.203857421875,103.3057861328125
2003-06-17,104.68319702148438,104.68319702148438,104.68319702148438,104.68319702148438
2003-06-18,106.88705444335938,108.26446533203125,104.68319702148438,104.68319702148438
2003-06-19,107.16253662109375,107.16253662109375,107.16253662109375,107.16253662109375
2003-06-20,106.06060791015625,106.88705444335938,106.06060791015625,106.88705444335938
2003-06-23,108.26446533203125,108.26446533203125,106.06060791015625,106.33609008789062
2003-06-24,107.43801879882812,107.43801879882812,104.68319702148438,104.68319702148438
2003-06-25,107.7135009765625,107.7135009765625,107.7135009765625,107.7135009765625
2003-06-26,107.43801879882812,107.43801879882812,102.47933959960938,102.47933959960938
2003-06-27,106.06060791015625,106.06060791015625,104.13223266601562,104.13223266601562
2003-06-30,104.13223266601562,104.13223266601562,104.13223266601562,104.13223266601562
2003-07-01,104.13223266601562,104.13223266601562,104.13223266601562,104.13223266601562
2003-07-02,104.68319702148438,106.06060791015625,104.13223266601562,104.13223266601562
2003-07-03,104.13223266601562,104.13223266601562,103.58126831054688,103.58126831054688
2003-07-04,104.13223266601562,104.13223266601562,104.13223266601562,104.13223266601562
2003-07-07,106.88705444335938,106.88705444335938,104.68319702148438,106.88705444335938
2003-07-08,105.23416137695312,107.16253662109375,105.23416137695312,106.88705444335938
2003-07-09,107.43801879882812,107.43801879882812,107.43801879882812,107.43801879882812
2003-07-10,107.43801879882812,112.9476547241211,107.43801879882812,112.9476547241211
2003-07-11,106.06060791015625,107.43801879882812,106.06060791015625,107.43801879882812
2003-07-14,109.6418685913086,111.57025146484375,109.6418685913086,111.57025146484375
2003-07-15,111.57025146484375,111.57025146484375,109.09091186523438,109.09091186523438
2003-07-16,111.29476928710938,111.29476928710938,110.19283294677734,110.19283294677734
2003-07-17,111.57025146484375,111.57025146484375,107.43801879882812,107.43801879882812
2003-07-18,107.43801879882812,107.43801879882812,104.95867919921875,107.43801879882812
2003-07-21,107.43801879882812,107.43801879882812,107.43801879882812,107.43801879882812
2003-07-22,107.43801879882812,107.43801879882812,107.43801879882812,107.43801879882812
2003-07-23,110.46832275390625,110.46832275390625,106.33609008789062,110.46832275390625
2003-07-24,113.49862670898438,114.0495834350586,112.67217254638672,112.67217254638672
2003-07-25,115.97795867919922,117.90633392333984,115.97795867919922,116.2534408569336
2003-07-28,119.5592269897461,120.11019134521484,119.5592269897461,119.5592269897461
2003-07-29,123.14049530029297,123.14049530029297,121.7630844116211,122.03856658935547
2003-07-30,122.58953094482422,122.58953094482422,122.58953094482422,122.58953094482422
2003-07-31,114.0495834350586,114.0495834350586,114.0495834350586,114.0495834350586
2003-08-01,116.80440521240234,116.80440521240234,116.80440521240234,116.80440521240234
2003-08-04,114.0495834350586,114.0495834350586,114.0495834350586,114.0495834350586
2003-08-05,112.67217254638672,112.67217254638672,112.67217254638672,112.67217254638672
2003-08-06,111.84573364257812,111.84573364257812,110.74380493164062,110.74380493164062
2003-08-07,110.74380493164062,111.019287109375,110.74380493164062,110.74380493164062
2003-08-08,111.29476928710938,111.29476928710938,111.29476928710938,111.29476928710938
2003-08-11,114.32506561279297,115.70247650146484,114.32506561279297,115.70247650146484
2003-08-12,114.60054779052734,115.70247650146484,114.32506561279297,114.32506561279297
2003-08-13,115.70247650146484,118.4572982788086,115.70247650146484,118.4572982788086
2003-08-14,117.07988739013672,117.07988739013672,115.70247650146484,117.07988739013672
2003-08-15,119.00826263427734,119.00826263427734,118.18181610107422,118.4572982788086
2003-08-18,121.7630844116211,121.7630844116211,121.7630844116211,121.7630844116211
2003-08-19,125.34435272216797,125.34435272216797,125.34435272216797,125.34435272216797
2003-08-20,123.41597747802734,123.41597747802734,116.80440521240234,119.83470916748047
2003-08-21,119.83470916748047,122.8650131225586,119.83470916748047,122.8650131225586
2003-08-22,121.7630844116211,121.7630844116211,120.38567352294922,121.7630844116211
2003-08-25,115.1515121459961,118.4572982788086,115.1515121459961,118.4572982788086
2003-08-26,118.73278045654297,121.21212005615234,118.73278045654297,121.21212005615234
2003-08-27,120.93663787841797,120.93663787841797,120.93663787841797,120.93663787841797
2003-08-28,120.6611557006836,121.21212005615234,120.6611557006836,121.21212005615234
2003-08-29,119.83470916748047,123.9669418334961,119.83470916748047,123.9669418334961
2003-09-01,122.31404876708984,122.31404876708984,122.31404876708984,122.31404876708984
2003-09-02,121.21212005615234,121.21212005615234,117.63085174560547,117.63085174560547
2003-09-03,118.18181610107422,118.73278045654297,115.42699432373047,115.42699432373047
2003-09-04,115.70247650146484,115.70247650146484,115.70247650146484,115.70247650146484
2003-09-05,115.70247650146484,115.70247650146484,115.70247650146484,115.70247650146484
2003-09-08,115.70247650146484,115.70247650146484,115.70247650146484,115.70247650146484
2003-09-09,115.70247650146484,115.70247650146484,115.42699432373047,115.42699432373047
2003-09-10,120.93663787841797,120.93663787841797,116.80440521240234,116.80440521240234
2003-09-11,118.18181610107422,118.18181610107422,115.70247650146484,115.70247650146484
2003-09-12,116.80440521240234,116.80440521240234,115.70247650146484,115.70247650146484
2003-09-15,115.70247650146484,115.70247650146484,115.70247650146484,115.70247650146484
2003-09-16,117.07988739013672,118.4572982788086,115.70247650146484,118.4572982788086
2003-09-17,120.6611557006836,121.48760223388672,117.3553695678711,121.21212005615234
2003-09-18,124.79338836669922,124.79338836669922,124.79338836669922,124.79338836669922
2003-09-19,124.79338836669922,124.79338836669922,124.79338836669922,124.79338836669922
2003-09-22,122.58953094482422,123.9669418334961,121.21212005615234,121.21212005615234
2003-09-23,121.21212005615234,121.21212005615234,121.21212005615234,121.21212005615234
2003-09-24,120.93663787841797,120.93663787841797,118.4572982788086,120.93663787841797
2003-09-25,121.21212005615234,121.21212005615234,117.63085174560547,117.63085174560547
2003-09-26,114.87602996826172,115.70247650146484,114.87602996826172,115.70247650146484
2003-09-29,115.70247650146484,115.70247650146484,115.70247650146484,115.70247650146484
2003-09-30,117.63085174560547,118.4572982788086,117.63085174560547,118.4572982788086
2003-10-01,118.4572982788086,118.4572982788086,118.4572982788086,118.4572982788086
2003-10-02,118.4572982788086,118.4572982788086,113.77410888671875,118.4572982788086
2003-10-03,118.4572982788086,118.4572982788086,118.4572982788086,118.4572982788086
2003-10-06,118.4572982788086,118.4572982788086,115.1515121459961,116.2534408569336
2003-10-07,115.42699432373047,116.2534408569336,115.42699432373047,116.2534408569336
2003-10-08,115.42699432373047,118.4572982788086,115.42699432373047,115.70247650146484
2003-10-09,115.42699432373047,115.42699432373047,115.42699432373047,115.42699432373047
2003-10-10,117.63085174560547,117.63085174560547,117.63085174560547,117.63085174560547
2003-10-13,117.63085174560547,117.63085174560547,117.63085174560547,117.63085174560547
2003-10-14,118.4572982788086,118.4572982788086,117.07988739013672,117.90633392333984
2003-10-15,118.18181610107422,118.18181610107422,118.18181610107422,118.18181610107422
2003-10-16,118.4572982788086,118.4572982788086,116.5289306640625,116.5289306640625
2003-10-17,119.83470916748047,121.21212005615234,119.83470916748047,119.83470916748047
2003-10-20,122.58953094482422,122.58953094482422,117.63085174560547,117.63085174560547
2003-10-21,118.18181610107422,118.73278045654297,117.90633392333984,117.90633392333984
2003-10-22,118.73278045654297,119.83470916748047,118.4572982788086,118.4572982788086
2003-10-23,117.07988739013672,117.3553695678711,116.2534408569336,116.2534408569336
2003-10-24,117.07988739013672,119.5592269897461,117.07988739013672,119.5592269897461
2003-10-27,117.07988739013672,117.3553695678711,115.97795867919922,115.97795867919922
2003-10-28,107.7135009765625,112.9476547241211,107.7135009765625,112.9476547241211
2003-10-29,115.70247650146484,117.07988739013672,115.70247650146484,117.07988739013672
2003-10-30,117.07988739013672,117.07988739013672,111.57025146484375,111.57025146484375
2003-10-31,111.57025146484375,111.57025146484375,111.57025146484375,111.57025146484375
2003-11-03,111.57025146484375,111.57025146484375,111.57025146484375,111.57025146484375
2003-11-04,111.57025146484375,111.57025146484375,106.06060791015625,108.8154296875
2003-11-05,110.74380493164062,110.74380493164062,107.98898315429688,108.8154296875
2003-11-06,108.8154296875,108.8154296875,108.8154296875,108.8154296875
2003-11-07,110.19283294677734,110.46832275390625,110.19283294677734,110.46832275390625
2003-11-10,110.46832275390625,110.74380493164062,109.36638641357422,110.74380493164062
2003-11-11,111.019287109375,111.019287109375,108.26446533203125,108.26446533203125
2003-11-12,114.87602996826172,114.87602996826172,114.87602996826172,114.87602996826172
2003-11-13,114.32506561279297,114.32506561279297,114.32506561279297,114.32506561279297
2003-11-14,115.1515121459961,115.97795867919922,115.1515121459961,115.97795867919922
2003-11-17,114.60054779052734,114.60054779052734,110.46832275390625,111.84573364257812
2003-11-18,115.1515121459961,115.70247650146484,115.1515121459961,115.1515121459961
2003-11-19,118.4572982788086,118.4572982788086,117.07988739013672,117.07988739013672
2003-11-20,118.4572982788086,118.4572982788086,114.32506561279297,114.87602996826172
2003-11-21,116.2534408569336,118.18181610107422,115.97795867919922,118.18181610107422
2003-11-24,118.18181610107422,118.18181610107422,118.18181610107422,118.18181610107422
2003-11-25,121.48760223388672,121.48760223388672,115.70247650146484,115.70247650146484
2003-11-26,115.70247650146484,115.70247650146484,115.70247650146484,115.70247650146484
2003-11-27,115.70247650146484,118.4572982788086,115.70247650146484,118.4572982788086
2003-11-28,117.07988739013672,122.58953094482422,117.07988739013672,122.58953094482422
2003-12-01,122.58953094482422,123.9669418334961,122.58953094482422,123.9669418334961
2003-12-02,122.8650131225586,122.8650131225586,122.8650131225586,122.8650131225586
2003-12-03,117.3553695678711,123.9669418334961,117.3553695678711,123.9669418334961
2003-12-04,123.9669418334961,123.9669418334961,123.9669418334961,123.9669418334961
2003-12-05,122.31404876708984,123.9669418334961,122.31404876708984,123.9669418334961
2003-12-08,123.9669418334961,123.9669418334961,122.31404876708984,122.31404876708984
2003-12-09,121.21212005615234,123.41597747802734,117.63085174560547,119.28374481201172
2003-12-10,122.58953094482422,123.69145965576172,122.58953094482422,122.8650131225586
2003-12-11,123.9669418334961,123.9669418334961,122.03856658935547,123.9669418334961
2003-12-12,123.69145965576172,123.9669418334961,118.4572982788086,118.4572982788086
2003-12-15,114.32506561279297,120.6611557006836,114.32506561279297,118.73278045654297
2003-12-16,122.03856658935547,122.31404876708984,122.03856658935547,122.03856658935547
2003-12-17,125.61983489990234,125.61983489990234,120.6611557006836,121.21212005615234
2003-12-18,124.79338836669922,124.79338836669922,121.7630844116211,121.7630844116211
2003-12-19,120.6611557006836,121.48760223388672,120.11019134521484,121.48760223388672
2003-12-22,125.0688705444336,125.0688705444336,125.0688705444336,125.0688705444336
2003-12-23,125.0688705444336,125.0688705444336,125.0688705444336,125.0688705444336
2003-12-24,128.650146484375,130.3030242919922,128.650146484375,128.9256134033203
2003-12-25,132.5068817138672,132.5068817138672,121.48760223388672,125.34435272216797
2003-12-26,128.9256134033203,128.9256134033203,122.58953094482422,122.58953094482422
2003-12-29,121.7630844116211,123.9669418334961,121.7630844116211,123.9669418334961
2003-12-30,124.79338836669922,124.79338836669922,124.79338836669922,124.79338836669922
2003-12-31,124.79338836669922,124.79338836669922,124.79338836669922,124.79338836669922
2004-01-01,124.79338836669922,124.79338836669922,124.79338836669922,124.79338836669922
2004-01-02,124.79338836669922,124.79338836669922,124.79338836669922,124.79338836669922
2004-01-05,128.37464904785156,128.37464904785156,128.37464904785156,128.37464904785156
2004-01-06,130.85398864746094,130.85398864746094,128.0991668701172,128.0991668701172
2004-01-07,128.37464904785156,128.37464904785156,128.0991668701172,128.0991668701172
2004-01-08,125.0688705444336,130.85398864746094,125.0688705444336,130.85398864746094
2004-01-09,128.0991668701172,128.0991668701172,128.0991668701172,128.0991668701172
2004-01-12,128.0991668701172,128.0991668701172,128.0991668701172,128.0991668701172
2004-01-13,127.82369232177734,127.82369232177734,126.1707992553711,126.1707992553711
2004-01-14,127.82369232177734,127.82369232177734,127.82369232177734,127.82369232177734
2004-01-15,128.0991668701172,128.0991668701172,124.24242401123047,124.24242401123047
2004-01-16,127.82369232177734,127.82369232177734,127.82369232177734,127.82369232177734
2004-01-19,131.4049530029297,132.2313995361328,130.85398864746094,132.2313995361328
2004-01-20,136.08815002441406,140.49586486816406,136.08815002441406,138.29200744628906
2004-01-21,142.69972229003906,146.00550842285156,140.77134704589844,142.4242401123047
2004-01-22,136.9145965576172,139.1184539794922,135.5371856689453,138.29200744628906
2004-01-23,141.59779357910156,141.59779357910156,132.2313995361328,132.2313995361328
2004-01-26,132.78236389160156,136.36363220214844,132.5068817138672,136.36363220214844
2004-01-27,136.08815002441406,136.08815002441406,136.08815002441406,136.08815002441406
2004-01-28,136.08815002441406,136.08815002441406,136.08815002441406,136.08815002441406
2004-01-29,132.5068817138672,134.98622131347656,132.5068817138672,134.98622131347656
2004-01-30,134.98622131347656,134.98622131347656,134.98622131347656,134.98622131347656
2004-02-02,129.75205993652344,133.6088104248047,129.75205993652344,132.2313995361328
2004-02-03,132.2313995361328,132.2313995361328,132.2313995361328,132.2313995361328
2004-02-04,132.2313995361328,132.2313995361328,132.2313995361328,132.2313995361328
2004-02-05,132.2313995361328,132.2313995361328,132.2313995361328,132.2313995361328
2004-02-06,129.47657775878906,134.98622131347656,129.47657775878906,134.98622131347656
2004-02-09,132.5068817138672,132.5068817138672,132.2313995361328,132.2313995361328
2004-02-10,134.98622131347656,135.26170349121094,133.6088104248047,134.98622131347656
2004-02-11,134.98622131347656,134.98622131347656,134.98622131347656,134.98622131347656
2004-02-12,137.46556091308594,137.46556091308594,136.36363220214844,137.46556091308594
2004-02-13,138.8429718017578,152.61708068847656,138.0165252685547,152.61708068847656
2004-02-16,136.08815002441406,144.3526153564453,136.08815002441406,144.3526153564453
2004-02-17,144.3526153564453,146.00550842285156,139.1184539794922,146.00550842285156
2004-02-18,148.7603302001953,148.7603302001953,141.3223114013672,143.2506866455078
2004-02-19,146.00550842285156,146.00550842285156,146.00550842285156,146.00550842285156
2004-02-20,146.00550842285156,150.1377410888672,146.00550842285156,148.7603302001953
2004-02-23,148.7603302001953,150.1377410888672,147.9338836669922,149.8622589111328
2004-02-24,148.7603302001953,148.7603302001953,145.17906188964844,145.17906188964844
2004-02-25,145.17906188964844,148.7603302001953,145.17906188964844,148.7603302001953
2004-02-26,148.48484802246094,148.48484802246094,143.2506866455078,143.5261688232422
2004-02-27,143.80165100097656,143.80165100097656,143.80165100097656,143.80165100097656
2004-03-01,171.34986877441406,171.34986877441406,171.34986877441406,171.34986877441406
2004-03-02,176.03305053710938,176.03305053710938,160.33058166503906,163.0854034423828
2004-03-03,163.0854034423828,167.21763610839844,163.0854034423828,167.21763610839844
2004-03-04,165.2892608642578,165.2892608642578,159.7796173095703,162.53443908691406
2004-03-05,157.02479553222656,162.2589569091797,157.02479553222656,162.2589569091797
2004-03-08,159.7796173095703,167.7686004638672,159.7796173095703,167.7686004638672
2004-03-09,167.7686004638672,167.7686004638672,162.80992126464844,162.80992126464844
2004-03-10,165.2892608642578,165.2892608642578,163.91184997558594,165.2892608642578
2004-03-11,162.53443908691406,165.2892608642578,162.53443908691406,165.2892608642578
2004-03-12,165.01377868652344,165.01377868652344,163.3608856201172,163.3608856201172
2004-03-15,163.3608856201172,166.11570739746094,163.3608856201172,165.2892608642578
2004-03-16,167.7686004638672,168.04408264160156,163.3608856201172,168.04408264160156
2004-03-17,170.79888916015625,170.79888916015625,162.53443908691406,169.42149353027344
2004-03-18,173.27822875976562,173.27822875976562,165.5647430419922,171.0743865966797
2004-03-19,169.9724578857422,169.9724578857422,167.21763610839844,167.21763610839844
2004-03-22,168.04408264160156,170.79888916015625,168.04408264160156,168.04408264160156
2004-03-23,170.79888916015625,170.79888916015625,169.42149353027344,169.42149353027344
2004-03-24,169.9724578857422,170.79888916015625,169.42149353027344,170.79888916015625
2004-03-25,168.5950469970703,172.1763153076172,168.04408264160156,172.1763153076172
2004-03-26,173.5537109375,175.48208618164062,170.79888916015625,174.93113708496094
2004-03-29,174.1046905517578,174.93113708496094,172.1763153076172,173.5537109375
2004-03-30,173.5537109375,173.5537109375,168.04408264160156,168.04408264160156
2004-03-31,169.42149353027344,170.79888916015625,169.42149353027344,169.9724578857422
2004-04-01,169.9724578857422,171.9008331298828,169.42149353027344,169.42149353027344
2004-04-02,169.42149353027344,172.1763153076172,169.42149353027344,172.1763153076172
2004-04-05,170.24794006347656,171.0743865966797,170.24794006347656,170.79888916015625
2004-04-06,170.79888916015625,170.79888916015625,169.9724578857422,169.9724578857422
2004-04-07,170.24794006347656,172.1763153076172,168.04408264160156,170.52342224121094
2004-04-08,170.79888916015625,170.79888916015625,169.42149353027344,170.79888916015625
2004-04-09,165.84022521972656,168.5950469970703,165.84022521972656,168.04408264160156
2004-04-12,166.11570739746094,168.04408264160156,166.11570739746094,167.7686004638672
2004-04-13,168.04408264160156,169.42149353027344,168.04408264160156,168.31956481933594
2004-04-14,166.94215393066406,172.1763153076172,166.94215393066406,170.79888916015625
2004-04-15,173.00274658203125,173.00274658203125,170.79888916015625,170.79888916015625
2004-04-16,170.79888916015625,170.79888916015625,170.79888916015625,170.79888916015625
2004-04-19,173.5537109375,173.5537109375,170.79888916015625,170.79888916015625
2004-04-20,170.79888916015625,173.27822875976562,169.42149353027344,173.27822875976562
2004-04-21,171.0743865966797,171.0743865966797,165.5647430419922,168.04408264160156
2004-04-22,169.42149353027344,173.5537109375,169.42149353027344,172.1763153076172
2004-04-23,161.9834747314453,164.73829650878906,161.1570281982422,164.73829650878906
2004-04-26,164.73829650878906,168.5950469970703,164.73829650878906,168.5950469970703
2004-04-27,166.94215393066406,167.4931182861328,161.1570281982422,167.4931182861328
2004-04-28,165.84022521972656,168.5950469970703,165.84022521972656,168.04408264160156
2004-04-29,168.04408264160156,168.04408264160156,168.04408264160156,168.04408264160156
2004-04-30,168.04408264160156,168.5950469970703,168.04408264160156,168.04408264160156
2004-05-03,168.04408264160156,168.04408264160156,168.04408264160156,168.04408264160156
2004-05-04,168.04408264160156,168.04408264160156,168.04408264160156,168.04408264160156
2004-05-05,168.04408264160156,168.04408264160156,168.04408264160156,168.04408264160156
2004-05-06,165.2892608642578,165.2892608642578,165.2892608642578,165.2892608642578
2004-05-07,162.80992126464844,162.80992126464844,162.80992126464844,162.80992126464844
2004-05-10,154.5454559326172,155.09642028808594,143.2506866455078,148.7603302001953
2004-05-11,140.77134704589844,143.5261688232422,140.77134704589844,142.69972229003906
2004-05-12,143.5261688232422,148.7603302001953,143.5261688232422,148.7603302001953
2004-05-13,148.7603302001953,150.1377410888672,148.7603302001953,150.1377410888672
2004-05-14,152.3415985107422,152.3415985107422,146.5564727783203,149.8622589111328
2004-05-17,138.8429718017578,138.8429718017578,126.72176361083984,137.7410430908203
2004-05-18,141.87327575683594,148.7603302001953,137.7410430908203,148.7603302001953
2004-05-19,153.1680450439453,157.5757598876953,150.41322326660156,153.1680450439453
2004-05-20,144.90357971191406,150.1377410888672,144.90357971191406,150.1377410888672
2004-05-21,155.6473846435547,157.02479553222656,155.6473846435547,157.02479553222656
2004-05-24,159.50413513183594,159.50413513183594,157.30027770996094,157.30027770996094
2004-05-25,160.0550994873047,160.0550994873047,157.5757598876953,157.8512420654297
2004-05-26,159.7796173095703,159.7796173095703,159.50413513183594,159.50413513183594
2004-05-27,159.7796173095703,159.7796173095703,157.02479553222656,157.02479553222656
2004-05-28,157.02479553222656,157.02479553222656,156.7493133544922,157.02479553222656
2004-05-31,157.02479553222656,157.02479553222656,157.02479553222656,157.02479553222656
2004-06-01,157.02479553222656,157.02479553222656,151.79063415527344,157.02479553222656
2004-06-02,151.79063415527344,154.5454559326172,151.79063415527344,154.5454559326172
2004-06-03,151.79063415527344,151.79063415527344,151.51515197753906,151.51515197753906
2004-06-04,151.51515197753906,151.51515197753906,151.51515197753906,151.51515197753906
2004-06-07,151.51515197753906,151.51515197753906,149.31129455566406,151.51515197753906
2004-06-08,151.51515197753906,151.51515197753906,148.7603302001953,151.51515197753906
2004-06-09,151.2396697998047,151.51515197753906,150.1377410888672,151.51515197753906
2004-06-10,151.51515197753906,154.2699737548828,150.1377410888672,151.51515197753906
2004-06-11,151.51515197753906,152.89256286621094,151.51515197753906,151.51515197753906
2004-06-14,152.0661163330078,153.4435272216797,152.0661163330078,153.4435272216797
2004-06-15,151.79063415527344,154.2699737548828,151.51515197753906,154.2699737548828
2004-06-16,159.22865295410156,162.53443908691406,158.6776885986328,161.1570281982422
2004-06-17,165.2892608642578,165.2892608642578,160.33058166503906,160.33058166503906
2004-06-18,165.01377868652344,165.2892608642578,162.53443908691406,165.2892608642578
2004-06-21,165.2892608642578,165.2892608642578,165.01377868652344,165.2892608642578
2004-06-22,165.2892608642578,165.2892608642578,165.2892608642578,165.2892608642578
2004-06-23,163.91184997558594,167.7686004638672,163.91184997558594,167.7686004638672
2004-06-24,167.7686004638672,167.7686004638672,165.2892608642578,165.2892608642578
2004-06-25,167.4931182861328,167.4931182861328,165.2892608642578,167.4931182861328
2004-06-28,165.2892608642578,167.7686004638672,163.91184997558594,165.2892608642578
2004-06-29,165.2892608642578,165.2892608642578,165.2892608642578,165.2892608642578
2004-06-30,165.2892608642578,165.2892608642578,165.2892608642578,165.2892608642578
2004-07-01,165.2892608642578,165.5647430419922,165.01377868652344,165.5647430419922
2004-07-02,169.14601135253906,169.14601135253906,165.5647430419922,165.5647430419922
2004-07-05,168.04408264160156,168.04408264160156,161.43251037597656,165.2892608642578
2004-07-06,165.2892608642578,165.5647430419922,165.2892608642578,165.2892608642578
2004-07-07,165.2892608642578,165.2892608642578,165.2892608642578,165.2892608642578
2004-07-08,165.2892608642578,165.2892608642578,165.2892608642578,165.2892608642578
2004-07-09,165.2892608642578,167.21763610839844,165.2892608642578,167.21763610839844
2004-07-12,165.2892608642578,165.2892608642578,162.53443908691406,162.53443908691406
2004-07-13,165.2892608642578,165.2892608642578,162.53443908691406,162.53443908691406
2004-07-14,164.4628143310547,167.7686004638672,164.4628143310547,167.7686004638672
2004-07-15,162.53443908691406,162.53443908691406,161.43251037597656,161.43251037597656
2004-07-16,166.11570739746094,166.11570739746094,162.80992126464844,162.80992126464844
2004-07-19,162.80992126464844,162.80992126464844,162.80992126464844,162.80992126464844
2004-07-20,167.4931182861328,167.4931182861328,165.2892608642578,165.2892608642578
2004-07-21,169.14601135253906,169.14601135253906,166.3911895751953,166.3911895751953
2004-07-22,166.6666717529297,166.6666717529297,165.2892608642578,166.3911895751953
2004-07-23,168.8705291748047,168.8705291748047,166.11570739746094,167.7686004638672
2004-07-26,168.8705291748047,168.8705291748047,168.04408264160156,168.5950469970703
2004-07-27,169.42149353027344,169.42149353027344,165.2892608642578,165.2892608642578
2004-07-28,169.42149353027344,169.42149353027344,166.6666717529297,166.6666717529297
2004-07-29,169.14601135253906,170.79888916015625,166.3911895751953,170.79888916015625
2004-07-30,169.6969757080078,169.6969757080078,164.1873321533203,164.1873321533203
2004-08-02,163.63636779785156,169.42149353027344,163.63636779785156,169.42149353027344
2004-08-03,166.6666717529297,166.6666717529297,166.6666717529297,166.6666717529297
2004-08-04,166.11570739746094,169.42149353027344,163.91184997558594,169.42149353027344
2004-08-05,169.14601135253906,169.42149353027344,165.2892608642578,169.42149353027344
2004-08-06,166.94215393066406,167.4931182861328,165.84022521972656,167.4931182861328
2004-08-09,165.2892608642578,170.79888916015625,165.2892608642578,170.79888916015625
2004-08-10,166.3911895751953,166.3911895751953,165.2892608642578,165.2892608642578
2004-08-11,165.5647430419922,171.9008331298828,165.5647430419922,170.79888916015625
2004-08-12,170.52342224121094,172.1763153076172,168.04408264160156,172.1763153076172
2004-08-13,171.62535095214844,171.62535095214844,170.79888916015625,170.79888916015625
2004-08-16,171.34986877441406,171.34986877441406,169.14601135253906,170.79888916015625
2004-08-17,171.0743865966797,171.0743865966797,149.0358123779297,149.0358123779297
2004-08-18,153.4435272216797,153.99449157714844,149.0358123779297,149.0358123779297
2004-08-19,153.4435272216797,162.53443908691406,152.89256286621094,159.7796173095703
2004-08-20,152.3415985107422,162.53443908691406,152.3415985107422,162.53443908691406
2004-08-23,162.2589569091797,162.2589569091797,162.2589569091797,162.2589569091797
2004-08-24,162.53443908691406,163.3608856201172,162.53443908691406,163.3608856201172
2004-08-25,160.0550994873047,163.91184997558594,157.30027770996094,163.91184997558594
2004-08-26,159.22865295410156,159.22865295410156,159.22865295410156,159.22865295410156
2004-08-27,164.1873321533203,164.1873321533203,161.43251037597656,161.43251037597656
2004-08-30,159.50413513183594,163.91184997558594,159.50413513183594,163.91184997558594
2004-08-31,161.1570281982422,165.2892608642578,161.1570281982422,165.2892608642578
2004-09-01,165.2892608642578,165.2892608642578,165.2892608642578,165.2892608642578
2004-09-02,165.01377868652344,165.01377868652344,165.01377868652344,165.01377868652344
2004-09-03,161.70799255371094,161.70799255371094,161.70799255371094,161.70799255371094
2004-09-06,161.9834747314453,161.9834747314453,161.9834747314453,161.9834747314453
2004-09-07,162.53443908691406,162.53443908691406,161.9834747314453,162.53443908691406
2004-09-08,161.1570281982422,162.53443908691406,161.1570281982422,162.53443908691406
2004-09-09,162.80992126464844,162.80992126464844,162.80992126464844,162.80992126464844
2004-09-10,161.9834747314453,161.9834747314453,161.9834747314453,161.9834747314453
2004-09-13,162.53443908691406,162.80992126464844,162.53443908691406,162.80992126464844
2004-09-14,163.0854034423828,165.2892608642578,163.0854034423828,165.2892608642578
2004-09-15,162.53443908691406,163.63636779785156,161.1570281982422,163.63636779785156
2004-09-16,168.31956481933594,168.31956481933594,168.04408264160156,168.04408264160156
2004-09-17,171.9008331298828,171.9008331298828,168.04408264160156,168.04408264160156
2004-09-20,168.04408264160156,168.04408264160156,168.04408264160156,168.04408264160156
2004-09-21,168.04408264160156,168.04408264160156,165.2892608642578,165.2892608642578
2004-09-22,165.2892608642578,168.04408264160156,163.91184997558594,163.91184997558594
2004-09-23,163.91184997558594,163.91184997558594,163.91184997558594,163.91184997558594
2004-09-24,165.2892608642578,165.2892608642578,165.2892608642578,165.2892608642578
2004-09-27,165.2892608642578,165.2892608642578,165.2892608642578,165.2892608642578
2004-09-28,163.91184997558594,163.91184997558594,163.91184997558594,163.91184997558594
2004-09-29,163.91184997558594,163.91184997558594,163.91184997558594,163.91184997558594
2004-09-30,165.01377868652344,165.2892608642578,147.38291931152344,165.2892608642578
2004-10-01,165.2892608642578,165.2892608642578,163.91184997558594,163.91184997558594
2004-10-04,162.53443908691406,162.53443908691406,162.53443908691406,162.53443908691406
2004-10-05,162.53443908691406,165.2892608642578,157.02479553222656,165.2892608642578
2004-10-06,157.02479553222656,168.04408264160156,157.02479553222656,168.04408264160156
2004-10-07,165.2892608642578,168.04408264160156,162.53443908691406,168.04408264160156
2004-10-08,165.2892608642578,165.2892608642578,165.2892608642578,165.2892608642578
2004-10-11,165.2892608642578,165.2892608642578,165.2892608642578,165.2892608642578
2004-10-12,163.3608856201172,163.3608856201172,162.53443908691406,162.53443908691406
2004-10-13,162.53443908691406,162.53443908691406,162.53443908691406,162.53443908691406
2004-10-14,163.3608856201172,163.3608856201172,163.3608856201172,163.3608856201172
2004-10-15,165.5647430419922,165.5647430419922,154.5454559326172,160.0550994873047
2004-10-18,164.73829650878906,164.73829650878906,164.4628143310547,164.73829650878906
2004-10-19,167.4931182861328,167.4931182861328,163.91184997558594,163.91184997558594
2004-10-20,166.6666717529297,166.6666717529297,163.91184997558594,163.91184997558594
2004-10-21,163.91184997558594,163.91184997558594,163.91184997558594,163.91184997558594
2004-10-22,162.53443908691406,162.53443908691406,160.0550994873047,160.0550994873047
2004-10-25,164.73829650878906,164.73829650878906,162.53443908691406,162.53443908691406
2004-10-26,160.33058166503906,160.33058166503906,160.33058166503906,160.33058166503906
2004-10-27,160.33058166503906,160.33058166503906,160.33058166503906,160.33058166503906
2004-10-28,160.33058166503906,160.33058166503906,160.33058166503906,160.33058166503906
2004-10-29,160.33058166503906,160.33058166503906,160.33058166503906,160.33058166503906
2004-11-01,160.33058166503906,160.33058166503906,160.33058166503906,160.33058166503906
2004-11-02,160.33058166503906,160.33058166503906,160.33058166503906,160.33058166503906
2004-11-03,160.33058166503906,160.33058166503906,160.33058166503906,160.33058166503906
2004-11-04,161.9834747314453,161.9834747314453,161.9834747314453,161.9834747314453
2004-11-05,159.7796173095703,165.2892608642578,155.6473846435547,165.2892608642578
2004-11-08,162.53443908691406,162.53443908691406,162.53443908691406,162.53443908691406
2004-11-09,157.02479553222656,159.7796173095703,157.02479553222656,159.7796173095703
2004-11-10,160.0550994873047,160.0550994873047,160.0550994873047,160.0550994873047
2004-11-11,160.0550994873047,160.0550994873047,160.0550994873047,160.0550994873047
2004-11-12,162.53443908691406,165.2892608642578,161.9834747314453,165.2892608642578
2004-11-15,165.01377868652344,165.01377868652344,161.1570281982422,161.1570281982422
2004-11-16,163.91184997558594,163.91184997558594,161.9834747314453,161.9834747314453
2004-11-17,164.4628143310547,164.4628143310547,164.4628143310547,164.4628143310547
2004-11-18,160.33058166503906,164.1873321533203,160.33058166503906,164.1873321533203
2004-11-19,164.1873321533203,164.1873321533203,160.33058166503906,160.33058166503906
2004-11-22,160.60606384277344,160.60606384277344,160.60606384277344,160.60606384277344
2004-11-23,160.60606384277344,160.60606384277344,160.60606384277344,160.60606384277344
2004-11-24,163.63636779785156,163.63636779785156,163.63636779785156,163.63636779785156
2004-11-25,163.63636779785156,163.91184997558594,163.3608856201172,163.91184997558594
2004-11-26,159.7796173095703,159.7796173095703,159.7796173095703,159.7796173095703
2004-11-29,159.7796173095703,159.7796173095703,159.7796173095703,159.7796173095703
2004-11-30,159.7796173095703,159.7796173095703,159.7796173095703,159.7796173095703
2004-12-01,159.7796173095703,160.0550994873047,159.7796173095703,160.0550994873047
2004-12-02,160.0550994873047,160.0550994873047,160.0550994873047,160.0550994873047
2004-12-03,160.0550994873047,160.0550994873047,157.30027770996094,157.5757598876953
2004-12-06,157.8512420654297,157.8512420654297,157.8512420654297,157.8512420654297
2004-12-07,158.12672424316406,158.12672424316406,158.12672424316406,158.12672424316406
2004-12-08,158.40220642089844,159.7796173095703,157.30027770996094,159.7796173095703
2004-12-09,157.5757598876953,160.0550994873047,157.5757598876953,160.0550994873047
2004-12-10,164.73829650878906,164.73829650878906,159.7796173095703,162.2589569091797
2004-12-13,162.53443908691406,162.53443908691406,162.53443908691406,162.53443908691406
2004-12-14,162.80992126464844,166.6666717529297,162.53443908691406,166.6666717529297
2004-12-15,165.84022521972656,165.84022521972656,159.7796173095703,160.8815460205078
2004-12-16,162.53443908691406,162.53443908691406,161.1570281982422,161.1570281982422
2004-12-17,165.01377868652344,165.01377868652344,160.0550994873047,160.33058166503906
2004-12-20,160.33058166503906,160.33058166503906,160.33058166503906,160.33058166503906
2004-12-21,160.33058166503906,160.60606384277344,160.33058166503906,160.60606384277344
2004-12-22,162.53443908691406,162.53443908691406,159.7796173095703,162.53443908691406
2004-12-23,162.53443908691406,162.53443908691406,162.53443908691406,162.53443908691406
2004-12-24,165.2892608642578,165.2892608642578,162.53443908691406,163.0854034423828
2004-12-27,165.01377868652344,165.2892608642578,161.70799255371094,165.2892608642578
2004-12-28,159.22865295410156,165.2892608642578,158.40220642089844,165.2892608642578
2004-12-29,166.3911895751953,166.3911895751953,165.2892608642578,165.2892608642578
2004-12-30,165.2892608642578,165.2892608642578,165.2892608642578,165.2892608642578
2004-12-31,165.2892608642578,165.2892608642578,165.2892608642578,165.2892608642578
2005-01-03,165.2892608642578,165.2892608642578,165.2892608642578,165.2892608642578
2005-01-04,165.84022521972656,165.84022521972656,165.2892608642578,165.2892608642578
2005-01-05,165.2892608642578,165.2892608642578,165.2892608642578,165.2892608642578
2005-01-06,161.70799255371094,161.70799255371094,160.60606384277344,160.60606384277344
2005-01-07,165.01377868652344,173.5537109375,164.73829650878906,173.5537109375
2005-01-10,173.5537109375,173.5537109375,173.5537109375,173.5537109375
2005-01-11,170.79888916015625,170.79888916015625,165.2892608642578,170.79888916015625
2005-01-12,170.79888916015625,170.79888916015625,169.42149353027344,169.42149353027344
2005-01-13,168.04408264160156,170.52342224121094,166.94215393066406,170.52342224121094
2005-01-14,170.52342224121094,170.52342224121094,170.52342224121094,170.52342224121094
2005-01-17,163.91184997558594,169.42149353027344,163.91184997558594,169.14601135253906
2005-01-18,170.52342224121094,170.79888916015625,169.42149353027344,170.79888916015625
2005-01-19,170.79888916015625,170.79888916015625,164.1873321533203,165.2892608642578
2005-01-20,167.7686004638672,167.7686004638672,165.2892608642578,167.7686004638672
2005-01-21,168.04408264160156,170.24794006347656,167.4931182861328,170.24794006347656
2005-01-24,170.24794006347656,170.24794006347656,169.14601135253906,170.24794006347656
2005-01-25,161.9834747314453,165.2892608642578,161.9834747314453,165.2892608642578
2005-01-26,165.01377868652344,165.01377868652344,163.3608856201172,163.3608856201172
2005-01-27,163.63636779785156,169.14601135253906,163.63636779785156,168.5950469970703
2005-01-28,169.42149353027344,169.42149353027344,168.8705291748047,169.14601135253906
2005-01-31,169.42149353027344,169.42149353027344,166.3911895751953,169.42149353027344
2005-02-01,170.52342224121094,170.79888916015625,169.42149353027344,170.79888916015625
2005-02-02,170.24794006347656,170.24794006347656,168.31956481933594,169.42149353027344
2005-02-03,170.79888916015625,170.79888916015625,169.42149353027344,169.42149353027344
2005-02-04,169.42149353027344,170.79888916015625,169.42149353027344,170.24794006347656
2005-02-07,170.52342224121094,170.79888916015625,170.24794006347656,170.79888916015625
2005-02-08,170.79888916015625,172.1763153076172,170.79888916015625,172.1763153076172
2005-02-09,173.27822875976562,173.5537109375,172.45179748535156,173.5537109375
2005-02-10,173.5537109375,173.5537109375,172.1763153076172,172.1763153076172
2005-02-11,172.1763153076172,172.1763153076172,172.1763153076172,172.1763153076172
2005-02-14,172.1763153076172,172.1763153076172,170.79888916015625,170.79888916015625
2005-02-15,170.52342224121094,170.52342224121094,162.53443908691406,169.42149353027344
2005-02-16,172.45179748535156,172.45179748535156,170.24794006347656,170.24794006347656
2005-02-17,173.5537109375,173.5537109375,169.14601135253906,169.42149353027344
2005-02-18,171.9008331298828,172.1763153076172,171.9008331298828,172.1763153076172
2005-02-21,173.27822875976562,174.93113708496094,172.45179748535156,174.3801727294922
2005-02-22,174.65565490722656,174.93113708496094,173.5537109375,174.1046905517578
2005-02-23,174.93113708496094,177.68594360351562,174.65565490722656,177.41046142578125
2005-02-24,179.0633544921875,185.12396240234375,179.0633544921875,182.64462280273438
2005-02-25,184.572998046875,187.32781982421875,183.19558715820312,187.32781982421875
2005-02-28,193.93939208984375,203.3057861328125,190.0826416015625,201.1019287109375
2005-03-01,200.55096435546875,200.55096435546875,193.388427734375,199.72451782226562
2005-03-02,199.72451782226562,199.72451782226562,195.59228515625,197.796142578125
2005-03-03,197.796142578125,200.55096435546875,195.31680297851562,199.72451782226562
2005-03-04,199.72451782226562,199.72451782226562,193.11294555664062,195.59228515625
2005-03-07,198.34710693359375,198.34710693359375,195.86776733398438,195.86776733398438
2005-03-08,195.86776733398438,198.34710693359375,195.86776733398438,196.41873168945312
2005-03-09,198.07162475585938,198.07162475585938,196.41873168945312,196.96969604492188
2005-03-10,196.14324951171875,198.34710693359375,195.59228515625,198.34710693359375
2005-03-11,198.07162475585938,199.17355346679688,198.07162475585938,198.34710693359375
2005-03-14,198.34710693359375,198.62258911132812,196.6942138671875,198.34710693359375
2005-03-15,199.17355346679688,200.27548217773438,198.62258911132812,200.27548217773438
2005-03-16,201.1019287109375,201.1019287109375,195.59228515625,200.82644653320312
2005-03-17,201.1019287109375,201.1019287109375,195.59228515625,200.82644653320312
2005-03-18,202.47933959960938,206.06060791015625,198.07162475585938,205.23416137695312
2005-03-21,205.23416137695312,205.23416137695312,205.23416137695312,205.23416137695312
2005-03-22,206.33609008789062,211.57025146484375,204.95867919921875,204.95867919921875
2005-03-23,203.85675048828125,211.29476928710938,203.85675048828125,210.74380493164062
2005-03-24,210.74380493164062,210.74380493164062,205.5096435546875,206.611572265625
2005-03-25,201.1019287109375,201.1019287109375,196.6942138671875,196.6942138671875
2005-03-28,192.83746337890625,198.07162475585938,192.56198120117188,197.796142578125
2005-03-29,197.796142578125,200.27548217773438,192.83746337890625,193.66390991210938
2005-03-30,195.31680297851562,204.68319702148438,195.31680297851562,204.40771484375
2005-03-31,200.0,203.3057861328125,200.0,203.3057861328125
2005-04-01,204.40771484375,204.40771484375,192.56198120117188,199.72451782226562
2005-04-04,198.34710693359375,202.47933959960938,198.07162475585938,201.37741088867188
2005-04-05,203.3057861328125,211.57025146484375,203.3057861328125,210.74380493164062
2005-04-06,211.57025146484375,211.57025146484375,203.03030395507812,203.03030395507812
2005-04-07,203.3057861328125,206.611572265625,203.03030395507812,204.68319702148438
2005-04-08,206.611572265625,206.611572265625,200.55096435546875,201.1019287109375
2005-04-11,200.55096435546875,200.55096435546875,200.27548217773438,200.27548217773438
2005-04-12,206.611572265625,206.611572265625,201.1019287109375,201.1019287109375
2005-04-13,206.33609008789062,206.33609008789062,205.23416137695312,206.33609008789062
2005-04-14,206.611572265625,206.611572265625,204.68319702148438,206.33609008789062
2005-04-15,205.23416137695312,205.23416137695312,201.1019287109375,203.85675048828125
2005-04-18,198.34710693359375,201.1019287109375,187.32781982421875,198.34710693359375
2005-04-19,204.13223266601562,206.611572265625,200.55096435546875,203.03030395507812
2005-04-20,205.78512573242188,206.06060791015625,202.203857421875,203.3057861328125
2005-04-21,190.0826416015625,203.3057861328125,190.0826416015625,203.3057861328125
2005-04-22,201.1019287109375,201.1019287109375,196.41873168945312,199.72451782226562
2005-04-25,191.46005249023438,200.82644653320312,191.46005249023438,200.82644653320312
2005-04-26,203.03030395507812,203.3057861328125,199.72451782226562,199.72451782226562
2005-04-27,202.47933959960938,206.611572265625,201.1019287109375,206.611572265625
2005-04-28,203.85675048828125,209.36639404296875,203.85675048828125,209.36639404296875
2005-04-29,209.36639404296875,209.36639404296875,209.36639404296875,209.36639404296875
2005-05-02,212.1212158203125,212.1212158203125,205.23416137695312,205.23416137695312
2005-05-03,205.23416137695312,205.23416137695312,205.23416137695312,205.23416137695312
2005-05-04,205.23416137695312,205.23416137695312,205.23416137695312,205.23416137695312
2005-05-05,205.23416137695312,205.23416137695312,205.23416137695312,205.23416137695312
2005-05-06,203.85675048828125,207.98898315429688,203.85675048828125,206.611572265625
2005-05-09,206.611572265625,206.611572265625,206.611572265625,206.611572265625
2005-05-10,206.611572265625,210.74380493164062,206.611572265625,209.36639404296875
2005-05-11,209.36639404296875,211.019287109375,207.98898315429688,207.98898315429688
2005-05-12,209.36639404296875,209.36639404296875,203.85675048828125,206.611572265625
2005-05-13,206.88705444335938,207.98898315429688,206.88705444335938,207.16253662109375
2005-05-16,205.23416137695312,206.611572265625,205.23416137695312,206.611572265625
2005-05-17,209.36639404296875,209.9173583984375,207.98898315429688,207.98898315429688
2005-05-18,210.74380493164062,210.74380493164062,206.611572265625,209.36639404296875
2005-05-19,209.36639404296875,211.29476928710938,209.36639404296875,210.74380493164062
2005-05-20,209.64187622070312,209.64187622070312,206.611572265625,206.611572265625
2005-05-23,206.611572265625,206.611572265625,195.59228515625,203.85675048828125
2005-05-24,199.72451782226562,203.85675048828125,199.72451782226562,203.85675048828125
2005-05-25,193.11294555664062,196.96969604492188,193.11294555664062,195.59228515625
2005-05-26,198.34710693359375,201.1019287109375,197.52066040039062,197.52066040039062
2005-05-27,197.52066040039062,197.52066040039062,197.24517822265625,197.24517822265625
2005-05-30,197.24517822265625,203.85675048828125,197.24517822265625,203.85675048828125
2005-05-31,201.1019287109375,201.1019287109375,201.1019287109375,201.1019287109375
2005-06-01,201.1019287109375,201.1019287109375,201.1019287109375,201.1019287109375
2005-06-02,201.1019287109375,201.1019287109375,201.1019287109375,201.1019287109375
2005-06-03,201.1019287109375,202.47933959960938,201.1019287109375,202.47933959960938
2005-06-06,201.1019287109375,207.98898315429688,201.1019287109375,207.98898315429688
2005-06-07,206.611572265625,206.611572265625,203.85675048828125,206.611572265625
2005-06-08,205.23416137695312,206.88705444335938,205.23416137695312,205.23416137695312
2005-06-09,205.23416137695312,207.98898315429688,205.23416137695312,207.98898315429688
2005-06-10,207.98898315429688,207.98898315429688,207.98898315429688,207.98898315429688
2005-06-13,207.98898315429688,207.98898315429688,206.611572265625,206.611572265625
2005-06-14,206.88705444335938,209.36639404296875,206.88705444335938,206.88705444335938
2005-06-15,202.203857421875,203.85675048828125,202.203857421875,202.75482177734375
2005-06-16,200.27548217773438,200.27548217773438,199.72451782226562,200.0
2005-06-17,202.47933959960938,204.13223266601562,201.92837524414062,203.85675048828125
2005-06-20,206.611572265625,207.43801879882812,206.611572265625,206.611572265625
2005-06-21,206.611572265625,206.611572265625,205.23416137695312,205.5096435546875
2005-06-22,205.5096435546875,205.5096435546875,204.68319702148438,205.5096435546875
2005-06-23,204.68319702148438,206.611572265625,204.68319702148438,206.611572265625
2005-06-24,206.611572265625,206.88705444335938,206.611572265625,206.611572265625
2005-06-27,206.611572265625,207.16253662109375,206.611572265625,206.88705444335938
2005-06-28,207.16253662109375,209.36639404296875,207.16253662109375,209.36639404296875
2005-06-29,209.36639404296875,210.74380493164062,209.36639404296875,210.74380493164062
2005-06-30,211.019287109375,212.1212158203125,210.74380493164062,211.57025146484375
2005-07-01,212.1212158203125,214.04959106445312,212.1212158203125,212.39669799804688
2005-07-04,219.834716796875,231.1294708251953,218.18182373046875,229.75205993652344
2005-07-05,225.89532470703125,230.0275421142578,220.38568115234375,225.89532470703125
2005-07-06,226.9972381591797,233.3333282470703,225.89532470703125,230.0275421142578
2005-07-07,231.4049530029297,238.29200744628906,231.4049530029297,233.05784606933594
2005-07-08,233.05784606933594,233.05784606933594,228.650146484375,229.75205993652344
2005-07-11,231.4049530029297,238.29200744628906,231.4049530029297,236.9145965576172
2005-07-12,237.46556091308594,237.46556091308594,226.17080688476562,236.9145965576172
2005-07-13,234.15977478027344,234.4352569580078,231.4049530029297,231.4049530029297
2005-07-14,236.36363220214844,236.36363220214844,228.9256134033203,231.1294708251953
2005-07-15,236.9145965576172,237.7410430908203,231.68043518066406,237.7410430908203
2005-07-18,237.7410430908203,237.7410430908203,237.7410430908203,237.7410430908203
2005-07-19,237.19007873535156,237.19007873535156,232.78236389160156,236.9145965576172
2005-07-20,236.9145965576172,236.9145965576172,235.5371856689453,236.6391143798828
2005-07-21,238.29200744628906,238.29200744628906,236.9145965576172,236.9145965576172
2005-07-22,236.9145965576172,236.9145965576172,235.5371856689453,235.5371856689453
2005-07-25,239.66941833496094,239.66941833496094,236.9145965576172,236.9145965576172
2005-07-26,239.66941833496094,239.66941833496094,234.15977478027344,234.15977478027344
2005-07-27,241.0468292236328,241.87327575683594,235.5371856689453,238.29200744628906
2005-07-28,245.17906188964844,247.9338836669922,243.80165100097656,246.00550842285156
2005-07-29,246.5564727783203,247.9338836669922,237.7410430908203,239.66941833496094
2005-08-01,239.66941833496094,239.66941833496094,237.19007873535156,237.19007873535156
2005-08-02,237.19007873535156,237.46556091308594,236.9145965576172,236.9145965576172
2005-08-03,236.9145965576172,236.9145965576172,236.9145965576172,236.9145965576172
2005-08-04,240.77134704589844,240.77134704589844,234.98622131347656,236.08815002441406
2005-08-05,234.7107391357422,236.6391143798828,234.15977478027344,234.15977478027344
2005-08-08,236.08815002441406,241.87327575683594,234.15977478027344,241.87327575683594
2005-08-09,237.19007873535156,239.66941833496094,237.19007873535156,239.66941833496094
2005-08-10,239.66941833496094,239.66941833496094,234.4352569580078,239.66941833496094
2005-08-11,239.66941833496094,246.8319549560547,239.66941833496094,246.8319549560547
2005-08-12,246.8319549560547,246.8319549560547,241.3223114013672,241.3223114013672
2005-08-15,246.5564727783203,246.5564727783203,242.4242401123047,242.4242401123047
2005-08-16,246.8319549560547,246.8319549560547,246.8319549560547,246.8319549560547
2005-08-17,247.10743713378906,247.9338836669922,247.10743713378906,247.9338836669922
2005-08-18,247.9338836669922,247.9338836669922,239.66941833496094,245.17906188964844
2005-08-19,245.17906188964844,248.20936584472656,245.17906188964844,248.20936584472656
2005-08-22,248.20936584472656,248.20936584472656,241.0468292236328,247.9338836669922
2005-08-23,247.9338836669922,247.9338836669922,246.5564727783203,247.9338836669922
2005-08-24,247.9338836669922,247.9338836669922,247.9338836669922,247.9338836669922
2005-08-25,245.17906188964844,247.9338836669922,245.17906188964844,247.9338836669922
2005-08-26,247.9338836669922,249.31129455566406,242.4242401123047,242.4242401123047
2005-08-29,242.97520446777344,243.80165100097656,242.4242401123047,243.80165100097656
2005-08-30,242.4242401123047,242.4242401123047,241.3223114013672,242.4242401123047
2005-08-31,243.80165100097656,247.9338836669922,243.80165100097656,245.17906188964844
2005-09-01,245.4545440673828,245.4545440673828,245.4545440673828,245.4545440673828
2005-09-02,245.4545440673828,245.4545440673828,242.4242401123047,242.4242401123047
2005-09-05,245.17906188964844,247.6584014892578,245.17906188964844,245.7300262451172
2005-09-06,247.9338836669922,248.20936584472656,246.8319549560547,248.20936584472656
2005-09-07,248.20936584472656,248.20936584472656,247.9338836669922,247.9338836669922
2005-09-08,246.5564727783203,248.20936584472656,246.00550842285156,246.28099060058594
2005-09-09,243.80165100097656,246.5564727783203,242.4242401123047,243.80165100097656
2005-09-12,243.2506866455078,243.2506866455078,242.4242401123047,242.4242401123047
2005-09-13,242.4242401123047,242.69972229003906,242.4242401123047,242.4242401123047
2005-09-14,242.4242401123047,242.4242401123047,241.0468292236328,242.4242401123047
2005-09-15,245.17906188964844,245.7300262451172,241.0468292236328,245.7300262451172
2005-09-16,247.9338836669922,247.9338836669922,241.3223114013672,242.4242401123047
2005-09-19,242.4242401123047,242.4242401123047,242.4242401123047,242.4242401123047
2005-09-20,249.31129455566406,249.31129455566406,247.9338836669922,247.9338836669922
2005-09-21,247.9338836669922,247.9338836669922,244.6280975341797,244.6280975341797
2005-09-22,241.3223114013672,244.07713317871094,241.3223114013672,242.69972229003906
2005-09-23,242.69972229003906,242.69972229003906,242.69972229003906,242.69972229003906
2005-09-26,243.80165100097656,243.80165100097656,238.29200744628906,242.4242401123047
2005-09-27,245.17906188964844,245.17906188964844,243.80165100097656,243.80165100097656
2005-09-28,240.2203826904297,248.20936584472656,240.2203826904297,247.9338836669922
2005-09-29,275.757568359375,275.757568359375,268.7878723144531,269.69696044921875
2005-09-30,266.6666564941406,272.7272644042969,266.6666564941406,272.7272644042969
2005-10-03,269.69696044921875,272.7272644042969,266.06060791015625,266.06060791015625
2005-10-04,269.0909118652344,269.3939514160156,269.0909118652344,269.0909118652344
2005-10-05,266.9696960449219,268.18182373046875,266.6666564941406,266.6666564941406
2005-10-06,269.3939514160156,273.6363525390625,269.0909118652344,273.6363525390625
2005-10-07,267.57574462890625,274.8484802246094,267.57574462890625,274.242431640625
2005-10-10,249.31129455566406,249.31129455566406,249.31129455566406,249.31129455566406
2005-10-11,272.7272644042969,274.8484802246094,271.2121276855469,272.7272644042969
2005-10-12,274.242431640625,277.2727355957031,272.7272644042969,277.2727355957031
2005-10-13,278.7878723144531,278.7878723144531,273.0303039550781,273.0303039550781
2005-10-14,273.3333435058594,275.757568359375,272.7272644042969,275.757568359375
2005-10-17,277.2727355957031,277.2727355957031,275.757568359375,275.757568359375
2005-10-18,278.4848327636719,278.4848327636719,272.7272644042969,278.4848327636719
2005-10-19,278.7878723144531,278.7878723144531,272.7272644042969,272.7272644042969
2005-10-20,275.4545593261719,275.757568359375,275.4545593261719,275.757568359375
2005-10-21,275.757568359375,275.757568359375,266.6666564941406,266.6666564941406
2005-10-24,267.8787841796875,267.8787841796875,266.9696960449219,266.9696960449219
2005-10-25,267.57574462890625,269.69696044921875,267.2727355957031,269.69696044921875
2005-10-26,269.69696044921875,269.69696044921875,269.0909118652344,269.3939514160156
2005-10-27,266.9696960449219,272.7272644042969,266.6666564941406,272.7272644042969
2005-10-28,275.757568359375,275.757568359375,273.3333435058594,275.757568359375
2005-10-31,275.757568359375,281.81817626953125,275.4545593261719,278.7878723144531
2005-11-01,278.7878723144531,278.7878723144531,278.7878723144531,278.7878723144531
2005-11-02,278.7878723144531,278.7878723144531,276.06060791015625,276.3636474609375
2005-11-03,251.2396697998047,251.2396697998047,251.2396697998047,251.2396697998047
2005-11-04,278.7878723144531,278.7878723144531,278.18182373046875,278.7878723144531
2005-11-07,278.7878723144531,281.81817626953125,276.6666564941406,276.6666564941406
2005-11-08,277.2727355957031,277.2727355957031,277.2727355957031,277.2727355957031
2005-11-09,277.2727355957031,280.30303955078125,277.2727355957031,277.2727355957031
2005-11-10,277.2727355957031,277.2727355957031,277.2727355957031,277.2727355957031
2005-11-11,277.57574462890625,277.57574462890625,274.8484802246094,277.2727355957031
2005-11-14,278.7878723144531,278.7878723144531,278.7878723144531,278.7878723144531
2005-11-15,278.7878723144531,279.0909118652344,278.18182373046875,278.7878723144531
2005-11-16,281.51513671875,281.51513671875,278.7878723144531,281.51513671875
2005-11-17,284.242431640625,284.8484802246094,277.57574462890625,283.3333435058594
2005-11-18,286.06060791015625,286.06060791015625,277.2727355957031,283.3333435058594
2005-11-21,257.57574462890625,257.57574462890625,257.57574462890625,257.57574462890625
2005-11-22,280.30303955078125,280.30303955078125,277.2727355957031,277.2727355957031
2005-11-23,252.0661163330078,252.0661163330078,252.0661163330078,252.0661163330078
2005-11-24,279.0909118652344,280.30303955078125,277.57574462890625,277.57574462890625
2005-11-25,281.51513671875,281.81817626953125,278.7878723144531,281.81817626953125
2005-11-28,284.5454406738281,284.5454406738281,279.0909118652344,279.0909118652344
2005-11-29,277.57574462890625,277.57574462890625,273.3333435058594,276.3636474609375
2005-11-30,273.6363525390625,274.5454406738281,273.6363525390625,274.5454406738281
2005-12-01,274.242431640625,274.242431640625,273.93939208984375,274.242431640625
2005-12-02,274.8484802246094,274.8484802246094,274.242431640625,274.8484802246094
2005-12-05,274.5454406738281,277.2727355957031,273.0303039550781,277.2727355957031
2005-12-06,275.1515197753906,275.1515197753906,273.6363525390625,273.6363525390625
2005-12-07,273.6363525390625,275.4545593261719,272.7272644042969,273.0303039550781
2005-12-08,274.5454406738281,276.9696960449219,273.6363525390625,276.9696960449219
2005-12-09,251.51515197753906,254.5454559326172,251.51515197753906,254.5454559326172
2005-12-12,276.3636474609375,279.0909118652344,275.757568359375,278.4848327636719
2005-12-13,274.8484802246094,278.7878723144531,274.8484802246094,277.2727355957031
2005-12-14,277.2727355957031,279.69696044921875,276.6666564941406,276.6666564941406
2005-12-15,279.3939514160156,279.3939514160156,275.757568359375,277.2727355957031
2005-12-16,279.69696044921875,279.69696044921875,279.3939514160156,279.3939514160156
2005-12-19,279.69696044921875,279.69696044921875,272.7272644042969,274.242431640625
2005-12-20,274.8484802246094,274.8484802246094,264.5454406738281,265.1515197753906
2005-12-21,268.18182373046875,271.2121276855469,266.6666564941406,271.2121276855469
2005-12-22,250.41322326660156,250.41322326660156,249.31129455566406,250.41322326660156
2005-12-23,250.41322326660156,250.41322326660156,250.41322326660156,250.41322326660156
2005-12-26,242.4242401123047,247.9338836669922,242.4242401123047,242.69972229003906
2005-12-27,273.0303039550781,273.0303039550781,271.2121276855469,272.42425537109375
2005-12-28,269.69696044921875,269.69696044921875,266.6666564941406,269.3939514160156
2005-12-29,272.42425537109375,272.7272644042969,270.30303955078125,270.30303955078125
2005-12-30,272.7272644042969,272.7272644042969,272.7272644042969,272.7272644042969
2006-01-02,247.9338836669922,247.9338836669922,247.9338836669922,247.9338836669922
2006-01-03,247.9338836669922,247.9338836669922,247.9338836669922,247.9338836669922
2006-01-04,272.7272644042969,272.7272644042969,271.2121276855469,271.2121276855469
2006-01-05,272.7272644042969,272.7272644042969,271.2121276855469,272.7272644042969
2006-01-06,274.242431640625,274.242431640625,272.7272644042969,272.7272644042969
2006-01-09,247.9338836669922,247.9338836669922,247.9338836669922,247.9338836669922
2006-01-10,272.7272644042969,274.242431640625,272.7272644042969,272.7272644042969
2006-01-11,272.7272644042969,272.7272644042969,265.757568359375,269.0909118652344
2006-01-12,270.30303955078125,270.9090881347656,266.6666564941406,270.9090881347656
2006-01-13,269.69696044921875,272.7272644042969,269.69696044921875,272.7272644042969
2006-01-16,276.9696960449219,276.9696960449219,273.93939208984375,274.242431640625
2006-01-17,275.757568359375,275.757568359375,274.242431640625,274.242431640625
2006-01-18,274.5454406738281,274.5454406738281,268.18182373046875,268.18182373046875
2006-01-19,266.6666564941406,272.7272644042969,266.6666564941406,272.7272644042969
2006-01-20,275.757568359375,275.757568359375,270.9090881347656,270.9090881347656
2006-01-23,270.9090881347656,270.9090881347656,270.9090881347656,270.9090881347656
2006-01-24,269.0909118652344,270.30303955078125,269.0909118652344,270.30303955078125
2006-01-25,268.4848327636719,269.69696044921875,267.57574462890625,267.57574462890625
2006-01-26,268.4848327636719,269.69696044921875,268.4848327636719,269.69696044921875
2006-01-27,272.7272644042969,272.7272644042969,271.2121276855469,272.7272644042969
2006-01-30,273.93939208984375,280.30303955078125,273.93939208984375,277.8787841796875
2006-01-31,280.30303955078125,281.2121276855469,277.2727355957031,277.2727355957031
2006-02-01,280.0,281.81817626953125,277.2727355957031,281.81817626953125
2006-02-02,284.8484802246094,284.8484802246094,281.81817626953125,281.81817626953125
2006-02-03,284.5454406738281,299.69696044921875,281.2121276855469,299.69696044921875
2006-02-06,296.9696960449219,330.0,289.3939514160156,300.0
2006-02-07,296.9696960449219,327.2727355957031,292.42425537109375,300.0
2006-02-08,300.0,301.51513671875,280.9090881347656,301.51513671875
2006-02-09,300.0,300.0,288.4848327636719,293.93939208984375
2006-02-10,296.06060791015625,296.06060791015625,289.3939514160156,289.3939514160156
2006-02-13,289.3939514160156,289.3939514160156,281.81817626953125,281.81817626953125
2006-02-14,282.1212158203125,285.1515197753906,281.81817626953125,281.81817626953125
2006-02-15,281.51513671875,282.7272644042969,281.2121276855469,281.81817626953125
2006-02-16,290.0,290.0,282.1212158203125,284.242431640625
2006-02-17,292.7272644042969,293.93939208984375,292.7272644042969,292.7272644042969
2006-02-20,294.5454406738281,294.5454406738281,286.3636474609375,286.3636474609375
2006-02-21,281.81817626953125,284.242431640625,281.2121276855469,281.81817626953125
2006-02-22,280.9090881347656,286.9696960449219,280.9090881347656,286.9696960449219
2006-02-23,289.69696044921875,289.69696044921875,283.93939208984375,283.93939208984375
2006-02-24,287.57574462890625,287.57574462890625,281.81817626953125,284.242431640625
2006-02-27,282.1212158203125,286.9696960449219,281.81817626953125,282.1212158203125
2006-02-28,285.1515197753906,285.1515197753906,282.1212158203125,282.1212158203125
2006-03-01,282.1212158203125,286.6666564941406,282.1212158203125,284.242431640625
2006-03-02,284.242431640625,284.242431640625,281.81817626953125,281.81817626953125
2006-03-03,281.81817626953125,281.81817626953125,274.242431640625,281.81817626953125
2006-03-06,281.81817626953125,282.1212158203125,281.81817626953125,281.81817626953125
2006-03-07,283.3333435058594,283.3333435058594,283.3333435058594,283.3333435058594
2006-03-08,282.7272644042969,282.7272644042969,281.81817626953125,282.7272644042969
2006-03-09,283.93939208984375,283.93939208984375,280.9090881347656,281.81817626953125
2006-03-10,282.1212158203125,290.6060485839844,280.30303955078125,287.8787841796875
2006-03-13,286.3636474609375,286.3636474609375,282.1212158203125,284.5454406738281
2006-03-14,284.8484802246094,284.8484802246094,281.81817626953125,281.81817626953125
2006-03-15,281.81817626953125,281.81817626953125,281.2121276855469,281.2121276855469
2006-03-16,281.81817626953125,281.81817626953125,278.4848327636719,278.7878723144531
2006-03-17,281.51513671875,281.51513671875,278.4848327636719,278.4848327636719
2006-03-20,280.30303955078125,280.30303955078125,277.8787841796875,277.8787841796875
2006-03-21,252.61708068847656,252.61708068847656,252.61708068847656,252.61708068847656
2006-03-22,278.7878723144531,280.30303955078125,273.3333435058594,280.30303955078125
2006-03-23,280.30303955078125,280.30303955078125,275.757568359375,278.7878723144531
2006-03-24,270.30303955078125,276.6666564941406,270.30303955078125,273.93939208984375
2006-03-27,275.757568359375,278.7878723144531,275.757568359375,276.3636474609375
2006-03-28,275.757568359375,275.757568359375,266.6666564941406,275.757568359375
2006-03-29,276.9696960449219,276.9696960449219,276.6666564941406,276.9696960449219
2006-03-30,278.4848327636719,278.4848327636719,276.9696960449219,276.9696960449219
2006-03-31,276.6666564941406,276.6666564941406,266.6666564941406,274.8484802246094
2006-04-03,275.1515197753906,278.4848327636719,274.242431640625,274.242431640625
2006-04-04,272.7272644042969,272.7272644042969,271.51513671875,272.7272644042969
2006-04-05,272.1212158203125,272.1212158203125,271.81817626953125,271.81817626953125
2006-04-06,271.81817626953125,271.81817626953125,267.8787841796875,270.6060485839844
2006-04-07,269.69696044921875,269.69696044921875,266.6666564941406,268.18182373046875
2006-04-10,269.69696044921875,269.69696044921875,267.8787841796875,267.8787841796875
2006-04-11,270.6060485839844,270.6060485839844,268.18182373046875,268.18182373046875
2006-04-12,267.8787841796875,268.18182373046875,266.6666564941406,266.6666564941406
2006-04-13,266.6666564941406,266.6666564941406,265.1515197753906,266.06060791015625
2006-04-14,265.4545593261719,267.2727355957031,265.4545593261719,267.2727355957031
2006-04-17,268.18182373046875,268.18182373046875,266.6666564941406,266.9696960449219
2006-04-18,265.757568359375,266.3636474609375,265.757568359375,265.757568359375
2006-04-19,268.7878723144531,268.7878723144531,266.9696960449219,268.4848327636719
2006-04-20,268.18182373046875,268.18182373046875,252.72726440429688,260.0
2006-04-21,260.30303955078125,265.757568359375,260.0,262.7272644042969
2006-04-24,258.18182373046875,258.18182373046875,250.0,253.63636779785156
2006-04-25,260.30303955078125,260.6060485839844,253.3333282470703,253.3333282470703
2006-04-26,255.4545440673828,257.57574462890625,254.5454559326172,257.2727355957031
2006-04-27,256.9696960449219,256.9696960449219,254.5454559326172,254.5454559326172
2006-04-28,254.5454559326172,254.5454559326172,249.39393615722656,249.39393615722656
2006-05-01,250.0,250.0,249.39393615722656,249.39393615722656
2006-05-02,250.0,250.0,246.96969604492188,248.48484802246094
2006-05-03,225.89532470703125,225.89532470703125,225.89532470703125,225.89532470703125
2006-05-04,225.89532470703125,225.89532470703125,225.89532470703125,225.89532470703125
2006-05-05,225.89532470703125,225.89532470703125,225.89532470703125,225.89532470703125
2006-05-08,250.0,250.0,246.06060791015625,246.06060791015625
2006-05-09,246.96969604492188,248.48484802246094,243.03030395507812,244.24241638183594
2006-05-10,245.757568359375,246.06060791015625,244.24241638183594,244.84848022460938
2006-05-11,244.84848022460938,244.84848022460938,239.09091186523438,240.3030242919922
2006-05-12,240.3030242919922,240.90908813476562,238.78787231445312,239.39393615722656
2006-05-15,239.39393615722656,239.39393615722656,230.60606384277344,230.60606384277344
2006-05-16,236.36363220214844,236.36363220214844,220.0,220.0
2006-05-17,226.36363220214844,226.6666717529297,218.18182373046875,218.18182373046875
2006-05-18,198.34710693359375,198.34710693359375,191.46005249023438,192.83746337890625
2006-05-19,192.83746337890625,202.203857421875,191.73553466796875,202.203857421875
2006-05-22,204.68319702148438,206.06060791015625,195.04132080078125,195.86776733398438
2006-05-23,215.4545440673828,221.81817626953125,215.4545440673828,215.757568359375
2006-05-24,215.4545440673828,225.757568359375,213.93939208984375,225.757568359375
2006-05-25,230.3030242919922,230.3030242919922,221.21212768554688,223.03030395507812
2006-05-26,223.3333282470703,223.3333282470703,217.5757598876953,217.5757598876953
2006-05-29,199.72451782226562,203.85675048828125,197.796142578125,197.796142578125
2006-05-30,216.6666717529297,223.93939208984375,210.60606384277344,212.1212158203125
2006-05-31,212.1212158203125,215.15151977539062,211.51515197753906,212.1212158203125
2006-06-01,212.72726440429688,213.93939208984375,209.39393615722656,211.81817626953125
2006-06-02,212.1212158203125,212.1212158203125,206.36363220214844,209.09091186523438
2006-06-05,211.81817626953125,212.1212158203125,207.27272033691406,210.60606384277344
2006-06-06,212.1212158203125,214.5454559326172,209.09091186523438,209.6969757080078
2006-06-07,212.4242401123047,219.09091186523438,212.1212158203125,213.3333282470703
2006-06-08,209.6969757080078,212.4242401123047,206.6666717529297,206.6666717529297
2006-06-09,206.36363220214844,218.18182373046875,206.36363220214844,213.3333282470703
2006-06-12,211.81817626953125,216.96969604492188,211.81817626953125,215.4545440673828
2006-06-13,216.06060791015625,217.8787841796875,213.03030395507812,215.15151977539062
2006-06-14,191.46005249023438,193.66390991210938,188.70523071289062,192.83746337890625
2006-06-15,218.48484802246094,221.21212768554688,212.72726440429688,216.36363220214844
2006-06-16,219.09091186523438,219.09091186523438,207.8787841796875,214.84848022460938
2006-06-19,218.18182373046875,219.6969757080078,215.4545440673828,219.09091186523438
2006-06-20,216.6666717529297,216.96969604492188,213.63636779785156,213.93939208984375
2006-06-21,213.93939208984375,217.8787841796875,213.93939208984375,214.24241638183594
2006-06-22,213.93939208984375,215.4545440673828,213.93939208984375,214.5454559326172
2006-06-23,220.90908813476562,220.90908813476562,216.96969604492188,216.96969604492188
2006-06-26,220.0,221.21212768554688,219.09091186523438,220.60606384277344
2006-06-27,220.60606384277344,220.60606384277344,216.6666717529297,217.27272033691406
2006-06-28,215.15151977539062,217.8787841796875,213.93939208984375,215.15151977539062
2006-06-29,214.5454559326172,215.4545440673828,214.5454559326172,215.15151977539062
2006-06-30,215.15151977539062,218.18182373046875,215.15151977539062,216.36363220214844
2006-07-03,217.8787841796875,232.72726440429688,217.5757598876953,218.18182373046875
2006-07-04,218.78787231445312,225.757568359375,218.78787231445312,222.1212158203125
2006-07-05,221.21212768554688,221.51515197753906,220.3030242919922,220.3030242919922
2006-07-06,221.21212768554688,221.21212768554688,220.3030242919922,221.21212768554688
2006-07-07,220.90908813476562,220.90908813476562,219.09091186523438,219.39393615722656
2006-07-10,199.44903564453125,199.72451782226562,198.34710693359375,199.72451782226562
2006-07-11,218.78787231445312,220.90908813476562,218.78787231445312,220.90908813476562
2006-07-12,219.39393615722656,219.6969757080078,217.5757598876953,219.6969757080078
2006-07-13,220.0,220.0,217.5757598876953,219.6969757080078
2006-07-14,216.96969604492188,216.96969604492188,214.5454559326172,214.5454559326172
2006-07-17,195.04132080078125,195.04132080078125,195.04132080078125,195.04132080078125
2006-07-18,212.1212158203125,214.5454559326172,211.51515197753906,212.72726440429688
2006-07-19,212.72726440429688,212.72726440429688,211.21212768554688,211.21212768554688
2006-07-20,217.27272033691406,217.27272033691406,217.27272033691406,217.27272033691406
2006-07-21,217.8787841796875,217.8787841796875,215.4545440673828,215.4545440673828
2006-07-24,215.4545440673828,218.48484802246094,215.4545440673828,218.18182373046875
2006-07-25,224.5454559326172,224.84848022460938,224.5454559326172,224.5454559326172
2006-07-26,209.36639404296875,212.1212158203125,206.611572265625,209.9173583984375
2006-07-27,215.97796630859375,221.48760986328125,214.3250732421875,220.38568115234375
2006-07-28,242.4242401123047,243.63636779785156,237.8787841796875,238.18182373046875
2006-07-31,235.15151977539062,237.8787841796875,227.5757598876953,229.09091186523438
2006-08-01,231.51515197753906,231.51515197753906,227.8787841796875,228.78787231445312
2006-08-02,227.8787841796875,228.18182373046875,227.27272033691406,227.27272033691406
2006-08-03,227.5757598876953,227.5757598876953,224.24241638183594,224.24241638183594
2006-08-04,221.21212768554688,222.72726440429688,221.21212768554688,221.21212768554688
2006-08-07,221.21212768554688,221.21212768554688,203.03030395507812,213.63636779785156
2006-08-08,214.5454559326172,219.09091186523438,206.36363220214844,210.90908813476562
2006-08-09,214.24241638183594,214.24241638183594,210.3030242919922,211.51515197753906
2006-08-10,214.5454559326172,214.5454559326172,211.21212768554688,213.63636779785156
2006-08-11,212.1212158203125,212.4242401123047,211.21212768554688,211.81817626953125
2006-08-14,212.4242401123047,213.63636779785156,212.1212158203125,213.3333282470703
2006-08-15,218.78787231445312,218.78787231445312,215.757568359375,215.757568359375
2006-08-16,218.18182373046875,218.78787231445312,215.15151977539062,216.06060791015625
2006-08-17,219.09091186523438,219.09091186523438,218.18182373046875,218.18182373046875
2006-08-18,218.18182373046875,218.48484802246094,217.5757598876953,218.48484802246094
2006-08-21,218.78787231445312,218.78787231445312,218.18182373046875,218.48484802246094
2006-08-22,218.18182373046875,218.18182373046875,216.06060791015625,216.6666717529297
2006-08-23,216.06060791015625,216.06060791015625,215.15151977539062,215.15151977539062
2006-08-24,217.8787841796875,217.8787841796875,217.8787841796875,217.8787841796875
2006-08-25,218.18182373046875,218.18182373046875,216.36363220214844,216.36363220214844
2006-08-28,216.6666717529297,216.6666717529297,214.5454559326172,214.84848022460938
2006-08-29,214.5454559326172,215.15151977539062,213.93939208984375,214.5454559326172
2006-08-30,198.62258911132812,198.62258911132812,194.76583862304688,194.76583862304688
2006-08-31,214.5454559326172,214.5454559326172,213.63636779785156,213.63636779785156
2006-09-01,213.63636779785156,214.24241638183594,213.63636779785156,213.93939208984375
2006-09-04,213.93939208984375,214.5454559326172,213.93939208984375,213.93939208984375
2006-09-05,214.24241638183594,214.5454559326172,213.03030395507812,213.3333282470703
2006-09-06,213.63636779785156,214.24241638183594,213.3333282470703,213.3333282470703
2006-09-07,213.63636779785156,213.63636779785156,212.1212158203125,212.1212158203125
2006-09-08,210.90908813476562,212.1212158203125,210.60606384277344,210.90908813476562
2006-09-11,211.21212768554688,216.6666717529297,211.21212768554688,211.51515197753906
2006-09-12,213.3333282470703,215.15151977539062,212.1212158203125,212.4242401123047
2006-09-13,212.72726440429688,215.15151977539062,211.51515197753906,212.1212158203125
2006-09-14,213.93939208984375,213.93939208984375,211.81817626953125,212.4242401123047
2006-09-15,213.3333282470703,213.3333282470703,211.81817626953125,211.81817626953125
2006-09-18,192.56198120117188,192.56198120117188,192.56198120117188,192.56198120117188
2006-09-19,212.1212158203125,212.1212158203125,210.3030242919922,210.60606384277344
2006-09-20,210.60606384277344,210.60606384277344,209.09091186523438,209.39393615722656
2006-09-21,210.0,210.0,208.78787231445312,209.09091186523438
2006-09-22,208.48484802246094,208.48484802246094,207.27272033691406,207.5757598876953
2006-09-25,213.03030395507812,213.03030395507812,212.1212158203125,212.1212158203125
2006-09-26,191.46005249023438,191.46005249023438,191.46005249023438,191.46005249023438
2006-09-27,210.60606384277344,211.21212768554688,210.3030242919922,210.3030242919922
2006-09-28,210.3030242919922,212.1212158203125,210.3030242919922,212.1212158203125
2006-09-29,210.60606384277344,210.60606384277344,208.78787231445312,208.78787231445312
2006-10-02,210.60606384277344,210.90908813476562,208.18182373046875,209.39393615722656
2006-10-03,209.09091186523438,209.09091186523438,204.5454559326172,207.8787841796875
2006-10-04,206.6666717529297,207.8787841796875,206.6666717529297,206.96969604492188
2006-10-05,206.96969604492188,206.96969604492188,205.15151977539062,206.6666717529297
2006-10-06,205.15151977539062,206.6666717529297,205.15151977539062,205.4545440673828
2006-10-09,186.77685546875,186.77685546875,186.77685546875,186.77685546875
2006-10-10,205.757568359375,207.5757598876953,205.15151977539062,205.15151977539062
2006-10-11,204.84848022460938,204.84848022460938,203.03030395507812,203.3333282470703
2006-10-12,203.3333282470703,203.3333282470703,203.03030395507812,203.03030395507812
2006-10-13,203.03030395507812,203.03030395507812,200.60606384277344,200.60606384277344
2006-10-16,198.78787231445312,206.06060791015625,198.78787231445312,203.03030395507812
2006-10-17,204.5454559326172,204.5454559326172,201.81817626953125,203.03030395507812
2006-10-18,202.72726440429688,202.72726440429688,200.3030242919922,200.60606384277344
2006-10-19,203.3333282470703,203.3333282470703,200.90908813476562,201.21212768554688
2006-10-20,200.60606384277344,201.51515197753906,200.60606384277344,200.90908813476562
2006-10-23,200.60606384277344,201.51515197753906,200.3030242919922,200.60606384277344
2006-10-24,200.3030242919922,200.60606384277344,199.39393615722656,199.6969757080078
2006-10-25,202.4242401123047,203.03030395507812,199.6969757080078,199.6969757080078
2006-10-26,199.39393615722656,199.6969757080078,197.8787841796875,198.78787231445312
2006-10-27,198.48484802246094,198.78787231445312,196.96969604492188,197.5757598876953
2006-10-30,197.5757598876953,197.8787841796875,196.06060791015625,196.06060791015625
2006-10-31,196.36363220214844,210.3030242919922,195.757568359375,200.0
2006-11-01,200.60606384277344,200.60606384277344,197.5757598876953,197.5757598876953
2006-11-02,197.27272033691406,197.27272033691406,196.06060791015625,196.06060791015625
2006-11-03,178.23690795898438,178.23690795898438,178.23690795898438,178.23690795898438
2006-11-06,196.06060791015625,196.06060791015625,195.4545440673828,195.4545440673828
2006-11-07,196.06060791015625,196.06060791015625,195.15151977539062,195.4545440673828
2006-11-08,195.4545440673828,195.4545440673828,193.93939208984375,194.84848022460938
2006-11-09,195.4545440673828,195.757568359375,194.24241638183594,194.5454559326172
2006-11-10,194.5454559326172,194.84848022460938,191.81817626953125,191.81817626953125
2006-11-13,191.81817626953125,191.81817626953125,188.48484802246094,189.39393615722656
2006-11-14,189.09091186523438,189.39393615722656,185.15151977539062,186.36363220214844
2006-11-15,189.6969757080078,190.90908813476562,186.36363220214844,186.96969604492188
2006-11-16,189.6969757080078,191.81817626953125,187.8787841796875,187.8787841796875
2006-11-17,190.3030242919922,190.3030242919922,185.757568359375,185.757568359375
2006-11-20,186.6666717529297,186.6666717529297,183.93939208984375,183.93939208984375
2006-11-21,183.93939208984375,184.84848022460938,183.93939208984375,183.93939208984375
2006-11-22,182.1212158203125,183.93939208984375,182.1212158203125,182.72726440429688
2006-11-23,166.11570739746094,166.11570739746094,166.11570739746094,166.11570739746094
2006-11-24,184.24241638183594,184.24241638183594,182.1212158203125,182.1212158203125
2006-11-27,182.1212158203125,182.1212158203125,181.21212768554688,181.81817626953125
2006-11-28,181.81817626953125,182.1212158203125,179.6969757080078,179.6969757080078
2006-11-29,179.6969757080078,180.90908813476562,179.39393615722656,179.6969757080078
2006-11-30,181.51515197753906,184.84848022460938,181.51515197753906,183.63636779785156
2006-12-01,184.84848022460938,184.84848022460938,183.03030395507812,184.24241638183594
2006-12-04,184.84848022460938,184.84848022460938,183.93939208984375,184.5454559326172
2006-12-05,184.84848022460938,185.15151977539062,183.03030395507812,183.3333282470703
2006-12-06,186.06060791015625,187.5757598876953,185.15151977539062,186.36363220214844
2006-12-07,186.36363220214844,190.3030242919922,186.36363220214844,190.3030242919922
2006-12-08,195.757568359375,198.48484802246094,195.757568359375,197.8787841796875
2006-12-11,198.18182373046875,205.757568359375,197.8787841796875,202.4242401123047
2006-12-12,206.96969604492188,211.81817626953125,206.06060791015625,206.06060791015625
2006-12-13,187.60330200195312,189.53167724609375,184.572998046875,189.25619506835938
2006-12-14,208.48484802246094,210.90908813476562,203.03030395507812,210.90908813476562
2006-12-15,211.81817626953125,211.81817626953125,208.78787231445312,210.60606384277344
2006-12-18,213.03030395507812,216.36363220214844,206.06060791015625,213.63636779785156
2006-12-19,218.18182373046875,221.21212768554688,215.15151977539062,218.48484802246094
2006-12-20,218.18182373046875,218.18182373046875,212.72726440429688,216.6666717529297
2006-12-21,217.5757598876953,217.5757598876953,212.4242401123047,213.3333282470703
2006-12-22,213.03030395507812,213.03030395507812,200.90908813476562,208.48484802246094
2006-12-25,214.5454559326172,214.84848022460938,207.5757598876953,212.1212158203125
2006-12-26,212.4242401123047,213.93939208984375,211.81817626953125,213.93939208984375
2006-12-27,214.24241638183594,214.24241638183594,212.4242401123047,213.93939208984375
2006-12-28,214.84848022460938,214.84848022460938,209.09091186523438,214.5454559326172
2006-12-29,215.15151977539062,215.15151977539062,207.5757598876953,212.1212158203125
2007-01-04,195.59228515625,197.52066040039062,194.76583862304688,197.52066040039062
2007-01-05,218.18182373046875,218.18182373046875,212.1212158203125,213.03030395507812
2007-01-09,214.5454559326172,217.5757598876953,214.5454559326172,214.5454559326172
2007-01-10,213.03030395507812,214.84848022460938,212.72726440429688,214.84848022460938
2007-01-11,215.4545440673828,216.06060791015625,215.15151977539062,216.06060791015625
2007-01-12,215.15151977539062,217.27272033691406,215.15151977539062,216.06060791015625
2007-01-15,216.6666717529297,218.48484802246094,215.15151977539062,217.8787841796875
2007-01-16,223.3333282470703,223.3333282470703,215.15151977539062,215.15151977539062
2007-01-17,221.51515197753906,222.4242401123047,218.78787231445312,220.90908813476562
2007-01-18,221.81817626953125,221.81817626953125,218.78787231445312,221.81817626953125
2007-01-19,219.09091186523438,219.6969757080078,219.09091186523438,219.6969757080078
2007-01-22,219.6969757080078,222.1212158203125,219.6969757080078,220.90908813476562
2007-01-23,218.18182373046875,218.48484802246094,212.1212158203125,212.1212158203125
2007-01-24,212.4242401123047,218.48484802246094,212.4242401123047,215.15151977539062
2007-01-25,215.15151977539062,215.15151977539062,206.36363220214844,207.5757598876953
2007-01-26,210.60606384277344,212.1212158203125,207.8787841796875,212.1212158203125
2007-01-29,212.1212158203125,212.72726440429688,210.60606384277344,211.51515197753906
2007-01-30,212.1212158203125,212.72726440429688,211.81817626953125,212.1212158203125
2007-01-31,212.1212158203125,212.1212158203125,211.21212768554688,212.1212158203125
2007-02-01,212.4242401123047,215.15151977539062,212.4242401123047,215.15151977539062
2007-02-02,215.15151977539062,216.6666717529297,212.1212158203125,212.1212158203125
2007-02-05,212.1212158203125,213.03030395507812,212.1212158203125,213.03030395507812
2007-02-06,213.63636779785156,213.63636779785156,212.1212158203125,212.4242401123047
2007-02-07,212.4242401123047,212.4242401123047,210.90908813476562,211.81817626953125
2007-02-08,213.3333282470703,213.3333282470703,211.81817626953125,212.1212158203125
2007-02-09,212.1212158203125,216.6666717529297,210.90908813476562,211.51515197753906
2007-02-13,223.63636779785156,223.63636779785156,219.09091186523438,219.6969757080078
2007-02-14,220.60606384277344,220.90908813476562,218.78787231445312,219.6969757080078
2007-02-15,221.21212768554688,221.51515197753906,219.6969757080078,221.51515197753906
2007-02-16,223.93939208984375,226.06060791015625,221.81817626953125,224.84848022460938
2007-02-19,227.27272033691406,228.78787231445312,226.6666717529297,227.5757598876953
2007-02-20,230.0,231.81817626953125,227.5757598876953,230.3030242919922
2007-02-21,233.03030395507812,233.63636779785156,230.90908813476562,233.3333282470703
2007-02-22,232.4242401123047,234.24241638183594,230.60606384277344,230.90908813476562
2007-02-23,234.5454559326172,242.4242401123047,231.51515197753906,242.4242401123047
2007-02-26,242.4242401123047,242.4242401123047,236.96969604492188,238.18182373046875
2007-02-27,238.18182373046875,239.39393615722656,231.81817626953125,239.09091186523438
2007-02-28,233.3333282470703,245.4545440673828,229.6969757080078,240.90908813476562
2007-03-01,240.90908813476562,240.90908813476562,233.3333282470703,235.757568359375
2007-03-02,216.80441284179688,220.66116333007812,214.87603759765625,220.66116333007812
2007-03-05,239.39393615722656,243.63636779785156,239.09091186523438,242.4242401123047
2007-03-06,239.09091186523438,242.4242401123047,237.8787841796875,242.4242401123047
2007-03-07,243.03030395507812,251.51515197753906,240.90908813476562,246.06060791015625
2007-03-08,249.09091186523438,254.5454559326172,248.48484802246094,253.93939208984375
2007-03-09,256.3636474609375,257.57574462890625,255.757568359375,257.57574462890625
2007-03-12,235.5371856689453,238.29200744628906,234.7107391357422,238.29200744628906
2007-03-13,239.66941833496094,242.4242401123047,239.39393615722656,242.4242401123047
2007-03-14,263.93939208984375,266.06060791015625,261.2121276855469,265.1515197753906
2007-03-15,263.6363525390625,265.4545593261719,263.6363525390625,264.242431640625
2007-03-16,266.6666564941406,266.6666564941406,259.0909118652344,259.0909118652344
2007-03-19,265.1515197753906,265.1515197753906,259.0909118652344,259.3939514160156
2007-03-20,264.5454406738281,266.06060791015625,263.3333435058594,265.757568359375
2007-03-22,243.80165100097656,247.10743713378906,242.97520446777344,245.4545440673828
2007-03-23,247.38291931152344,247.6584014892578,245.4545440673828,245.4545440673828
2007-03-26,270.0,271.2121276855469,263.93939208984375,267.57574462890625
2007-03-27,267.57574462890625,267.57574462890625,264.8484802246094,265.1515197753906
2007-03-28,266.9696960449219,267.8787841796875,265.1515197753906,267.8787841796875
2007-03-29,268.4848327636719,269.0909118652344,267.8787841796875,269.0909118652344
2007-03-30,269.0909118652344,272.1212158203125,268.18182373046875,271.81817626953125
2007-04-02,272.1212158203125,275.757568359375,272.1212158203125,274.242431640625
2007-04-03,274.8484802246094,277.57574462890625,274.242431640625,277.2727355957031
2007-04-04,276.06060791015625,277.57574462890625,275.757568359375,277.2727355957031
2007-04-05,278.18182373046875,279.69696044921875,278.18182373046875,278.7878723144531
2007-04-06,279.0909118652344,279.3939514160156,276.06060791015625,276.06060791015625
2007-04-09,250.68870544433594,250.68870544433594,242.4242401123047,249.31129455566406
2007-04-10,274.242431640625,274.5454406738281,266.9696960449219,274.242431640625
2007-04-11,274.242431640625,274.5454406738281,273.93939208984375,274.242431640625
2007-04-12,274.242431640625,274.5454406738281,273.0303039550781,273.0303039550781
2007-04-13,274.242431640625,274.5454406738281,274.242431640625,274.5454406738281
2007-04-16,274.242431640625,274.8484802246094,273.93939208984375,274.5454406738281
2007-04-17,275.757568359375,275.757568359375,273.0303039550781,275.757568359375
2007-04-18,275.1515197753906,275.1515197753906,271.2121276855469,273.0303039550781
2007-04-19,273.93939208984375,273.93939208984375,266.6666564941406,273.6363525390625
2007-04-20,273.0303039550781,273.0303039550781,269.69696044921875,272.1212158203125
2007-04-23,273.6363525390625,273.6363525390625,272.7272644042969,272.7272644042969
2007-04-24,246.28099060058594,247.38291931152344,245.17906188964844,246.00550842285156
2007-04-25,273.6363525390625,274.242431640625,272.7272644042969,273.93939208984375
2007-04-26,273.93939208984375,274.242431640625,272.7272644042969,274.242431640625
2007-04-27,248.7603302001953,249.58677673339844,248.7603302001953,249.31129455566406
2007-05-01,274.5454406738281,275.1515197753906,270.6060485839844,270.6060485839844
2007-05-02,247.9338836669922,247.9338836669922,246.00550842285156,246.28099060058594
2007-05-07,271.51513671875,273.3333435058594,271.51513671875,272.1212158203125
2007-05-08,272.7272644042969,272.7272644042969,272.7272644042969,272.7272644042969
2007-05-09,272.7272644042969,272.7272644042969,272.7272644042969,272.7272644042969
2007-05-10,274.242431640625,274.5454406738281,273.6363525390625,274.5454406738281
2007-05-11,274.242431640625,274.5454406738281,274.242431640625,274.5454406738281
2007-05-14,275.757568359375,276.3636474609375,275.757568359375,276.3636474609375
2007-05-15,276.3636474609375,277.2727355957031,276.06060791015625,277.2727355957031
2007-05-16,275.1515197753906,275.1515197753906,274.242431640625,274.8484802246094
2007-05-17,274.242431640625,276.3636474609375,274.242431640625,275.1515197753906
2007-05-18,271.2121276855469,271.2121276855469,269.69696044921875,270.0
2007-05-21,266.9696960449219,268.18182373046875,264.8484802246094,265.4545593261719
2007-05-22,265.4545593261719,275.757568359375,265.4545593261719,275.4545593261719
2007-05-23,274.242431640625,275.4545593261719,272.7272644042969,275.4545593261719
2007-05-24,274.242431640625,274.242431640625,274.242431640625,274.242431640625
2007-05-25,273.93939208984375,273.93939208984375,273.93939208984375,273.93939208984375
2007-05-28,270.0,270.0,269.69696044921875,269.69696044921875
2007-05-29,267.2727355957031,269.69696044921875,267.2727355957031,269.69696044921875
2007-05-30,273.6363525390625,273.6363525390625,273.0303039550781,273.6363525390625
2007-05-31,273.0303039550781,273.6363525390625,273.0303039550781,273.6363525390625
2007-06-01,273.6363525390625,273.6363525390625,273.0303039550781,273.0303039550781
2007-06-04,273.0303039550781,273.0303039550781,273.0303039550781,273.0303039550781
2007-06-05,275.757568359375,276.3636474609375,275.757568359375,276.06060791015625
2007-06-06,274.8484802246094,275.4545593261719,274.8484802246094,275.4545593261719
2007-06-07,273.3333435058594,276.06060791015625,273.3333435058594,275.757568359375
2007-06-08,274.242431640625,274.242431640625,273.93939208984375,274.242431640625
2007-06-11,274.242431640625,274.242431640625,274.242431640625,274.242431640625
2007-06-12,276.06060791015625,277.2727355957031,275.757568359375,277.2727355957031
2007-06-13,276.9696960449219,277.2727355957031,274.8484802246094,276.9696960449219
2007-06-14,278.7878723144531,280.9090881347656,278.7878723144531,280.9090881347656
2007-06-15,279.0909118652344,279.0909118652344,278.4848327636719,278.4848327636719
2007-06-18,283.93939208984375,283.93939208984375,282.1212158203125,283.3333435058594
2007-06-19,283.3333435058594,283.3333435058594,280.6060485839844,280.6060485839844
2007-06-20,278.7878723144531,278.7878723144531,278.7878723144531,278.7878723144531
2007-06-21,276.9696960449219,279.69696044921875,276.9696960449219,277.2727355957031
2007-06-22,280.30303955078125,283.93939208984375,279.0909118652344,283.93939208984375
2007-06-25,287.8787841796875,288.18182373046875,287.8787841796875,287.8787841796875
2007-06-26,282.1212158203125,282.1212158203125,281.81817626953125,281.81817626953125
2007-06-27,281.81817626953125,281.81817626953125,281.81817626953125,281.81817626953125
2007-06-28,281.81817626953125,284.5454406738281,281.81817626953125,284.5454406738281
2007-06-29,283.0303039550781,283.0303039550781,281.81817626953125,281.81817626953125
2007-07-02,284.8484802246094,284.8484802246094,281.81817626953125,281.81817626953125
2007-07-03,286.3636474609375,286.3636474609375,286.3636474609375,286.3636474609375
2007-07-04,286.3636474609375,287.8787841796875,286.3636474609375,286.3636474609375
2007-07-05,286.06060791015625,286.3636474609375,286.06060791015625,286.3636474609375
2007-07-06,257.57574462890625,258.9531555175781,256.1983337402344,258.9531555175781
2007-07-09,282.7272644042969,283.3333435058594,282.7272644042969,283.3333435058594
2007-07-10,280.6060485839844,280.6060485839844,280.30303955078125,280.30303955078125
2007-07-11,278.7878723144531,280.30303955078125,278.7878723144531,280.30303955078125
2007-07-12,280.0,281.51513671875,276.06060791015625,281.51513671875
2007-07-13,279.3939514160156,281.81817626953125,279.3939514160156,281.81817626953125
2007-07-17,281.2121276855469,284.5454406738281,281.2121276855469,284.5454406738281
2007-07-18,283.0303039550781,283.3333435058594,281.2121276855469,283.3333435058594
2007-07-19,284.8484802246094,284.8484802246094,284.5454406738281,284.5454406738281
2007-07-20,281.81817626953125,281.81817626953125,281.81817626953125,281.81817626953125
2007-07-23,279.0909118652344,279.0909118652344,278.4848327636719,278.7878723144531
2007-07-24,277.2727355957031,278.18182373046875,276.9696960449219,277.57574462890625
2007-07-25,276.3636474609375,276.3636474609375,275.757568359375,275.757568359375
2007-07-26,281.51513671875,281.81817626953125,281.2121276855469,281.81817626953125
2007-07-27,281.81817626953125,281.81817626953125,281.81817626953125,281.81817626953125
2007-07-30,281.81817626953125,281.81817626953125,279.0909118652344,279.0909118652344
2007-07-31,281.51513671875,281.51513671875,280.30303955078125,280.30303955078125
2007-08-01,280.30303955078125,280.30303955078125,280.30303955078125,280.30303955078125
2007-08-02,280.30303955078125,280.6060485839844,279.0909118652344,279.0909118652344
2007-08-03,278.7878723144531,278.7878723144531,277.57574462890625,277.57574462890625
2007-08-06,277.57574462890625,277.57574462890625,273.0303039550781,273.0303039550781
2007-08-07,273.0303039550781,273.0303039550781,273.0303039550781,273.0303039550781
2007-08-08,273.0303039550781,273.0303039550781,265.757568359375,265.757568359375
2007-08-09,255.15151977539062,257.57574462890625,248.48484802246094,248.48484802246094
2007-08-10,246.6666717529297,246.6666717529297,243.93939208984375,243.93939208984375
2007-08-13,247.27272033691406,256.3636474609375,247.27272033691406,248.78787231445312
2007-08-14,254.5454559326172,257.57574462890625,254.5454559326172,256.3636474609375
2007-08-15,253.93939208984375,262.42425537109375,253.93939208984375,257.57574462890625
2007-08-16,254.84848022460938,258.18182373046875,254.84848022460938,256.3636474609375
2007-08-17,263.93939208984375,266.6666564941406,255.4545440673828,255.4545440673828
2007-08-20,259.0909118652344,266.6666564941406,257.57574462890625,257.57574462890625
2007-08-21,259.0909118652344,259.0909118652344,259.0909118652344,259.0909118652344
2007-08-22,254.5454559326172,254.5454559326172,253.3333282470703,253.3333282470703
2007-08-23,251.81817626953125,253.93939208984375,251.21212768554688,253.93939208984375
2007-08-24,261.81817626953125,262.1212158203125,257.8787841796875,260.30303955078125
2007-08-27,251.51515197753906,251.51515197753906,251.51515197753906,251.51515197753906
2007-08-28,248.78787231445312,248.78787231445312,248.78787231445312,248.78787231445312
2007-08-29,248.48484802246094,248.48484802246094,248.48484802246094,248.48484802246094
2007-08-30,249.6969757080078,249.6969757080078,249.6969757080078,249.6969757080078
2007-08-31,250.0,250.0,248.78787231445312,248.78787231445312
2007-09-03,250.3030242919922,251.51515197753906,250.3030242919922,251.51515197753906
2007-09-04,251.51515197753906,251.51515197753906,250.3030242919922,250.3030242919922
2007-09-05,232.2313995361328,232.2313995361328,227.27272033691406,227.27272033691406
2007-09-06,230.85398864746094,230.85398864746094,227.27272033691406,227.27272033691406
2007-09-07,250.0,250.0,240.90908813476562,243.93939208984375
2007-09-10,223.1405029296875,225.89532470703125,223.1405029296875,223.96694946289062
2007-09-11,246.36363220214844,246.36363220214844,245.4545440673828,245.4545440673828
2007-09-12,246.6666717529297,248.48484802246094,246.6666717529297,246.96969604492188
2007-09-13,245.4545440673828,246.06060791015625,245.4545440673828,246.06060791015625
2007-09-14,246.6666717529297,250.0,246.6666717529297,248.48484802246094
2007-09-18,248.18182373046875,248.48484802246094,248.18182373046875,248.48484802246094
2007-09-19,254.24241638183594,254.24241638183594,254.24241638183594,254.24241638183594
2007-09-20,255.4545440673828,255.4545440673828,249.09091186523438,249.09091186523438
2007-09-21,254.84848022460938,254.84848022460938,251.51515197753906,253.03030395507812
2007-09-25,254.5454559326172,254.5454559326172,254.24241638183594,254.5454559326172
2007-09-26,232.78236389160156,232.78236389160156,226.44627380371094,226.44627380371094
2007-09-27,251.51515197753906,251.51515197753906,251.51515197753906,251.51515197753906
2007-09-28,251.51515197753906,253.03030395507812,249.39393615722656,249.39393615722656
2007-10-01,249.39393615722656,249.39393615722656,249.39393615722656,249.39393615722656
2007-10-02,248.48484802246094,248.48484802246094,248.48484802246094,248.48484802246094
2007-10-03,248.48484802246094,248.48484802246094,246.96969604492188,246.96969604492188
2007-10-04,227.27272033691406,227.27272033691406,224.24241638183594,224.24241638183594
2007-10-05,246.96969604492188,246.96969604492188,246.96969604492188,246.96969604492188
2007-10-09,246.96969604492188,246.96969604492188,245.757568359375,245.757568359375
2007-10-10,224.7933807373047,224.7933807373047,224.7933807373047,224.7933807373047
2007-10-11,247.27272033691406,247.27272033691406,246.96969604492188,246.96969604492188
2007-10-12,247.27272033691406,251.51515197753906,247.27272033691406,251.51515197753906
2007-10-15,254.24241638183594,254.24241638183594,254.24241638183594,254.24241638183594
2007-10-16,252.72726440429688,252.72726440429688,249.6969757080078,252.4242401123047
2007-10-17,254.5454559326172,254.5454559326172,249.09091186523438,251.51515197753906
2007-10-18,251.51515197753906,251.51515197753906,249.39393615722656,249.39393615722656
2007-10-19,249.09091186523438,249.09091186523438,249.09091186523438,249.09091186523438
2007-10-22,245.757568359375,247.5757598876953,245.757568359375,245.757568359375
2007-10-23,242.4242401123047,242.4242401123047,242.4242401123047,242.4242401123047
2007-10-24,243.3333282470703,243.3333282470703,243.03030395507812,243.3333282470703
2007-10-25,242.4242401123047,243.03030395507812,240.90908813476562,243.03030395507812
2007-10-26,239.39393615722656,242.1212158203125,239.39393615722656,242.1212158203125
2007-10-29,245.4545440673828,250.0,245.4545440673828,245.4545440673828
2007-10-30,245.4545440673828,245.4545440673828,240.0,240.0
2007-10-31,230.3030242919922,234.5454559326172,229.09091186523438,234.5454559326172
2007-11-01,235.4545440673828,235.4545440673828,230.3030242919922,230.3030242919922
2007-11-02,232.1212158203125,232.1212158203125,231.81817626953125,232.1212158203125
2007-11-05,231.21212768554688,231.21212768554688,230.3030242919922,230.3030242919922
2007-11-06,230.3030242919922,230.3030242919922,229.09091186523438,229.09091186523438
2007-11-07,227.27272033691406,227.27272033691406,226.6666717529297,227.27272033691406
2007-11-08,206.33609008789062,206.33609008789062,206.33609008789062,206.33609008789062
2007-11-09,205.23416137695312,205.23416137695312,205.23416137695312,205.23416137695312
2007-11-12,223.03030395507812,223.03030395507812,218.48484802246094,223.03030395507812
2007-11-13,201.1019287109375,201.1019287109375,201.1019287109375,201.1019287109375
2007-11-14,223.03030395507812,224.5454559326172,215.15151977539062,217.27272033691406
2007-11-15,211.81817626953125,216.36363220214844,211.81817626953125,215.15151977539062
2007-11-16,223.63636779785156,223.63636779785156,223.63636779785156,223.63636779785156
2007-11-19,224.24241638183594,225.4545440673828,224.24241638183594,225.4545440673828
2007-11-20,228.18182373046875,228.18182373046875,227.27272033691406,227.27272033691406
2007-11-21,227.5757598876953,227.5757598876953,227.5757598876953,227.5757598876953
2007-11-22,227.5757598876953,227.8787841796875,227.5757598876953,227.5757598876953
2007-11-26,206.611572265625,206.611572265625,206.611572265625,206.611572265625
2007-11-27,221.21212768554688,221.21212768554688,221.21212768554688,221.21212768554688
2007-11-28,216.6666717529297,221.21212768554688,216.6666717529297,221.21212768554688
2007-11-29,201.1019287109375,201.1019287109375,201.1019287109375,201.1019287109375
2007-11-30,222.1212158203125,222.72726440429688,220.3030242919922,222.72726440429688
2007-12-03,222.72726440429688,222.72726440429688,222.72726440429688,222.72726440429688
2007-12-04,222.1212158203125,222.1212158203125,222.1212158203125,222.1212158203125
2007-12-05,223.3333282470703,226.6666717529297,223.3333282470703,226.6666717529297
2007-12-06,221.51515197753906,221.51515197753906,221.51515197753906,221.51515197753906
2007-12-07,222.4242401123047,225.4545440673828,222.4242401123047,225.4545440673828
2007-12-10,222.1212158203125,222.4242401123047,222.1212158203125,222.4242401123047
2007-12-11,223.03030395507812,223.03030395507812,223.03030395507812,223.03030395507812
2007-12-12,223.63636779785156,223.63636779785156,223.63636779785156,223.63636779785156
2007-12-13,224.24241638183594,224.24241638183594,223.63636779785156,223.63636779785156
2007-12-14,224.84848022460938,230.3030242919922,224.84848022460938,230.3030242919922
2007-12-17,224.24241638183594,229.09091186523438,224.24241638183594,229.09091186523438
2007-12-18,208.26446533203125,209.36639404296875,205.5096435546875,209.36639404296875
2007-12-19,225.4545440673828,225.757568359375,225.4545440673828,225.757568359375
2007-12-20,230.3030242919922,230.3030242919922,230.3030242919922,230.3030242919922
2007-12-21,230.3030242919922,234.84848022460938,230.3030242919922,231.81817626953125
2007-12-25,242.4242401123047,242.4242401123047,230.3030242919922,230.3030242919922
2007-12-26,236.96969604492188,236.96969604492188,236.96969604492188,236.96969604492188
2007-12-27,230.90908813476562,231.81817626953125,228.78787231445312,231.81817626953125
2007-12-28,236.36363220214844,236.36363220214844,230.3030242919922,230.3030242919922
2008-01-04,241.51515197753906,241.51515197753906,241.51515197753906,241.51515197753906
2008-01-07,223.3333282470703,231.81817626953125,223.3333282470703,229.09091186523438
2008-01-08,226.06060791015625,226.06060791015625,226.06060791015625,226.06060791015625
2008-01-09,213.63636779785156,216.06060791015625,213.63636779785156,216.06060791015625
2008-01-10,213.3333282470703,219.6969757080078,213.3333282470703,219.6969757080078
2008-01-11,216.06060791015625,226.06060791015625,216.06060791015625,225.757568359375
2008-01-15,223.93939208984375,223.93939208984375,220.60606384277344,222.4242401123047
2008-01-16,221.21212768554688,221.21212768554688,213.93939208984375,214.84848022460938
2008-01-17,221.21212768554688,221.21212768554688,221.21212768554688,221.21212768554688
2008-01-18,217.5757598876953,217.5757598876953,217.5757598876953,217.5757598876953
2008-01-21,216.36363220214844,216.36363220214844,215.15151977539062,215.15151977539062
2008-01-22,209.09091186523438,209.09091186523438,206.06060791015625,206.06060791015625
2008-01-23,203.3333282470703,205.15151977539062,203.3333282470703,205.15151977539062
2008-01-24,204.5454559326172,204.5454559326172,204.5454559326172,204.5454559326172
2008-01-25,206.06060791015625,206.06060791015625,205.757568359375,205.757568359375
2008-01-28,204.5454559326172,209.09091186523438,204.5454559326172,209.09091186523438
2008-01-29,207.5757598876953,209.09091186523438,207.5757598876953,209.09091186523438
2008-01-30,207.5757598876953,209.09091186523438,207.5757598876953,209.09091186523438
2008-01-31,207.27272033691406,208.78787231445312,207.27272033691406,208.78787231445312
2008-02-01,203.63636779785156,203.63636779785156,202.72726440429688,203.3333282470703
2008-02-04,202.72726440429688,202.72726440429688,202.72726440429688,202.72726440429688
2008-02-05,202.72726440429688,202.72726440429688,202.72726440429688,202.72726440429688
2008-02-06,202.72726440429688,202.72726440429688,202.72726440429688,202.72726440429688
2008-02-07,203.03030395507812,203.03030395507812,202.72726440429688,202.72726440429688
2008-02-08,199.6969757080078,199.6969757080078,199.6969757080078,199.6969757080078
2008-02-12,196.96969604492188,196.96969604492188,196.96969604492188,196.96969604492188
2008-02-13,190.90908813476562,190.90908813476562,188.78787231445312,190.0
2008-02-14,190.90908813476562,193.3333282470703,190.90908813476562,193.3333282470703
2008-02-15,191.21212768554688,195.15151977539062,191.21212768554688,195.15151977539062
2008-02-18,193.93939208984375,193.93939208984375,192.4242401123047,193.93939208984375
2008-02-19,193.93939208984375,193.93939208984375,193.93939208984375,193.93939208984375
2008-02-20,192.1212158203125,192.1212158203125,189.6969757080078,189.6969757080078
2008-02-21,189.09091186523438,189.09091186523438,189.09091186523438,189.09091186523438
2008-02-22,188.18182373046875,189.09091186523438,188.18182373046875,189.09091186523438
2008-02-25,189.39393615722656,189.39393615722656,188.78787231445312,188.78787231445312
2008-02-26,189.09091186523438,190.90908813476562,189.09091186523438,190.90908813476562
2008-02-27,189.6969757080078,190.90908813476562,189.6969757080078,190.90908813476562
2008-02-28,189.6969757080078,190.90908813476562,189.6969757080078,190.90908813476562
2008-02-29,190.0,190.0,190.0,190.0
2008-03-03,190.3030242919922,190.3030242919922,190.3030242919922,190.3030242919922
2008-03-04,190.60606384277344,190.60606384277344,188.78787231445312,189.09091186523438
2008-03-05,190.90908813476562,191.21212768554688,176.06060791015625,180.3030242919922
2008-03-06,178.18182373046875,178.18182373046875,176.6666717529297,176.96969604492188
2008-03-07,173.63636779785156,173.93939208984375,163.63636779785156,163.93939208984375
2008-03-10,160.60606384277344,160.90908813476562,160.60606384277344,160.60606384277344
2008-03-11,157.27272033691406,157.5757598876953,157.27272033691406,157.5757598876953
2008-03-12,159.09091186523438,159.09091186523438,157.5757598876953,157.8787841796875
2008-03-13,158.18182373046875,158.18182373046875,156.96969604492188,156.96969604492188
2008-03-14,154.5454559326172,154.5454559326172,150.3030242919922,154.5454559326172
2008-03-17,153.63636779785156,153.63636779785156,151.51515197753906,153.03030395507812
2008-03-18,153.93939208984375,153.93939208984375,148.78787231445312,149.09091186523438
2008-03-19,140.0,140.0,133.3333282470703,137.27272033691406
2008-03-21,137.8787841796875,137.8787841796875,134.84848022460938,134.84848022460938
2008-03-24,136.6666717529297,136.6666717529297,133.63636779785156,136.6666717529297
2008-03-25,137.8787841796875,139.09091186523438,137.27272033691406,137.5757598876953
2008-03-26,140.90908813476562,141.51515197753906,138.78787231445312,139.39393615722656
2008-03-27,146.06060791015625,151.21212768554688,146.06060791015625,149.39393615722656
2008-03-28,142.4242401123047,143.93939208984375,142.4242401123047,143.3333282470703
2008-03-31,143.93939208984375,148.48484802246094,143.93939208984375,148.48484802246094
2008-04-01,148.48484802246094,149.09091186523438,148.48484802246094,149.09091186523438
2008-04-02,149.6969757080078,152.4242401123047,148.78787231445312,148.78787231445312
2008-04-03,148.48484802246094,148.78787231445312,148.48484802246094,148.48484802246094
2008-04-04,148.78787231445312,150.60606384277344,148.78787231445312,150.60606384277344
2008-04-07,153.3333282470703,153.93939208984375,153.03030395507812,153.63636779785156
2008-04-08,151.81817626953125,152.1212158203125,148.18182373046875,150.0
2008-04-09,148.48484802246094,149.39393615722656,146.96969604492188,148.78787231445312
2008-04-10,146.6666717529297,149.39393615722656,145.4545440673828,149.39393615722656
2008-04-11,146.96969604492188,147.5757598876953,146.96969604492188,147.5757598876953
2008-04-14,146.06060791015625,148.48484802246094,145.757568359375,148.18182373046875
2008-04-15,152.1212158203125,162.1212158203125,152.1212158203125,162.1212158203125
2008-04-16,161.21212768554688,162.1212158203125,156.96969604492188,162.1212158203125
2008-04-17,159.39393615722656,159.6969757080078,157.5757598876953,159.6969757080078
2008-04-18,159.39393615722656,160.0,157.5757598876953,159.09091186523438
2008-04-21,158.18182373046875,159.09091186523438,158.18182373046875,159.09091186523438
2008-04-22,158.78787231445312,160.0,157.27272033691406,160.0
2008-04-23,161.51515197753906,165.15151977539062,159.09091186523438,160.60606384277344
2008-04-24,162.1212158203125,162.4242401123047,160.0,162.1212158203125
2008-04-25,166.06060791015625,167.27272033691406,164.24241638183594,166.06060791015625
2008-04-28,162.1212158203125,162.72726440429688,161.81817626953125,162.1212158203125
2008-04-30,163.63636779785156,163.63636779785156,162.1212158203125,163.63636779785156
2008-05-01,166.6666717529297,167.5757598876953,163.93939208984375,163.93939208984375
2008-05-02,166.06060791015625,166.06060791015625,165.15151977539062,165.15151977539062
2008-05-07,176.06060791015625,176.06060791015625,171.21212768554688,175.4545440673828
2008-05-08,181.81817626953125,181.81817626953125,178.78787231445312,180.90908813476562
2008-05-09,177.8787841796875,181.51515197753906,175.757568359375,180.0
2008-05-12,177.27272033691406,178.18182373046875,176.36363220214844,178.18182373046875
2008-05-13,177.5757598876953,178.48484802246094,177.27272033691406,177.27272033691406
2008-05-14,178.78787231445312,181.81817626953125,178.78787231445312,180.3030242919922
2008-05-15,184.84848022460938,203.63636779785156,182.72726440429688,199.09091186523438
2008-05-16,211.21212768554688,211.21212768554688,187.5757598876953,198.78787231445312
2008-05-19,193.93939208984375,198.78787231445312,193.93939208984375,198.78787231445312
2008-05-20,195.4545440673828,195.4545440673828,192.72726440429688,192.72726440429688
2008-05-21,186.6666717529297,189.39393615722656,186.36363220214844,189.09091186523438
2008-05-22,187.27272033691406,189.09091186523438,187.27272033691406,189.09091186523438
2008-05-23,187.8787841796875,189.39393615722656,187.8787841796875,189.39393615722656
2008-05-26,189.39393615722656,189.39393615722656,188.78787231445312,189.09091186523438
2008-05-27,188.18182373046875,188.48484802246094,187.5757598876953,187.8787841796875
2008-05-28,188.18182373046875,189.39393615722656,188.18182373046875,189.39393615722656
2008-05-29,188.48484802246094,189.39393615722656,188.18182373046875,189.09091186523438
2008-05-30,189.39393615722656,189.39393615722656,189.39393615722656,189.39393615722656
2008-06-02,192.1212158203125,193.03030395507812,191.21212768554688,192.4242401123047
2008-06-03,198.48484802246094,200.0,197.8787841796875,198.48484802246094
2008-06-04,198.78787231445312,198.78787231445312,196.96969604492188,198.18182373046875
2008-06-05,198.78787231445312,198.78787231445312,195.757568359375,195.757568359375
2008-06-06,198.48484802246094,200.3030242919922,194.84848022460938,198.18182373046875
2008-06-09,197.5757598876953,197.8787841796875,195.757568359375,195.757568359375
2008-06-10,201.21212768554688,203.03030395507812,197.5757598876953,197.5757598876953
2008-06-11,198.48484802246094,202.72726440429688,196.96969604492188,198.48484802246094
2008-06-12,196.96969604492188,198.48484802246094,196.96969604492188,198.48484802246094
2008-06-13,198.18182373046875,200.0,197.8787841796875,200.0
2008-06-16,203.3333282470703,207.5757598876953,203.3333282470703,207.5757598876953
2008-06-17,206.36363220214844,209.09091186523438,205.4545440673828,209.09091186523438
2008-06-18,208.48484802246094,208.48484802246094,206.06060791015625,208.18182373046875
2008-06-19,206.06060791015625,207.27272033691406,203.63636779785156,206.96969604492188
2008-06-20,201.51515197753906,208.78787231445312,198.48484802246094,208.48484802246094
2008-06-23,203.3333282470703,205.15151977539062,200.60606384277344,205.15151977539062
2008-06-24,205.15151977539062,205.15151977539062,203.93939208984375,205.15151977539062
2008-06-25,201.51515197753906,203.03030395507812,200.90908813476562,203.03030395507812
2008-06-26,203.03030395507812,204.84848022460938,203.03030395507812,204.84848022460938
2008-06-27,200.3030242919922,201.51515197753906,198.18182373046875,201.21212768554688
2008-06-30,200.0,203.63636779785156,200.0,203.03030395507812
2008-07-01,200.0,200.0,197.27272033691406,200.0
2008-07-02,196.96969604492188,196.96969604492188,192.1212158203125,192.1212158203125
2008-07-03,185.4545440673828,187.5757598876953,184.84848022460938,186.6666717529297
2008-07-04,182.4242401123047,183.03030395507812,180.90908813476562,181.81817626953125
2008-07-07,181.21212768554688,190.3030242919922,181.21212768554688,190.3030242919922
2008-07-08,186.36363220214844,186.36363220214844,183.93939208984375,184.84848022460938
2008-07-09,187.8787841796875,187.8787841796875,184.84848022460938,184.84848022460938
2008-07-10,184.5454559326172,184.84848022460938,184.5454559326172,184.84848022460938
2008-07-11,183.3333282470703,184.5454559326172,183.3333282470703,183.63636779785156
2008-07-14,182.72726440429688,183.93939208984375,182.72726440429688,183.63636779785156
2008-07-15,181.81817626953125,184.84848022460938,181.81817626953125,184.5454559326172
2008-07-16,182.4242401123047,182.4242401123047,181.21212768554688,182.4242401123047
2008-07-17,180.90908813476562,181.21212768554688,179.6969757080078,179.6969757080078
2008-07-18,181.81817626953125,181.81817626953125,179.6969757080078,179.6969757080078
2008-07-22,185.757568359375,185.757568359375,180.0,184.84848022460938
2008-07-23,185.757568359375,186.96969604492188,185.757568359375,186.06060791015625
2008-07-24,188.48484802246094,189.39393615722656,187.5757598876953,187.8787841796875
2008-07-25,192.4242401123047,193.93939208984375,191.21212768554688,191.21212768554688
2008-07-28,195.15151977539062,196.96969604492188,194.24241638183594,195.15151977539062
2008-07-29,195.4545440673828,196.6666717529297,190.0,190.3030242919922
2008-07-30,190.3030242919922,190.60606384277344,189.39393615722656,190.3030242919922
2008-07-31,193.63636779785156,193.93939208984375,192.1212158203125,192.4242401123047
2008-08-01,191.81817626953125,193.03030395507812,190.3030242919922,190.90908813476562
2008-08-04,190.60606384277344,191.21212768554688,190.0,190.0
2008-08-05,190.0,190.3030242919922,188.48484802246094,189.39393615722656
2008-08-06,186.06060791015625,192.1212158203125,186.06060791015625,188.48484802246094
2008-08-07,186.36363220214844,187.5757598876953,186.36363220214844,187.5757598876953
2008-08-08,186.06060791015625,189.6969757080078,185.4545440673828,189.6969757080078
2008-08-11,190.90908813476562,193.93939208984375,189.39393615722656,190.90908813476562
2008-08-12,189.6969757080078,189.6969757080078,186.6666717529297,187.8787841796875
2008-08-13,186.06060791015625,187.8787841796875,183.93939208984375,185.757568359375
2008-08-14,186.96969604492188,188.78787231445312,186.96969604492188,188.78787231445312
2008-08-15,186.06060791015625,188.18182373046875,186.06060791015625,187.27272033691406
2008-08-18,185.15151977539062,186.06060791015625,183.93939208984375,186.06060791015625
2008-08-19,185.757568359375,186.06060791015625,185.757568359375,185.757568359375
2008-08-20,183.93939208984375,185.757568359375,183.93939208984375,185.757568359375
2008-08-21,180.3030242919922,180.60606384277344,179.09091186523438,179.6969757080078
2008-08-22,175.15151977539062,175.757568359375,174.84848022460938,174.84848022460938
2008-08-25,178.18182373046875,178.18182373046875,177.27272033691406,177.27272033691406
2008-08-26,176.6666717529297,178.78787231445312,175.757568359375,175.757568359375
2008-08-27,176.36363220214844,176.36363220214844,175.757568359375,175.757568359375
2008-08-28,175.757568359375,175.757568359375,175.757568359375,175.757568359375
2008-08-29,174.24241638183594,175.757568359375,173.03030395507812,174.24241638183594
2008-09-01,171.81817626953125,174.24241638183594,171.81817626953125,173.03030395507812
2008-09-02,172.72726440429688,172.72726440429688,172.72726440429688,172.72726440429688
2008-09-03,174.24241638183594,174.24241638183594,173.03030395507812,173.03030395507812
2008-09-04,173.03030395507812,173.3333282470703,173.03030395507812,173.03030395507812
2008-09-05,159.39393615722656,163.03030395507812,159.39393615722656,163.03030395507812
2008-09-08,164.24241638183594,165.15151977539062,163.63636779785156,163.63636779785156
2008-09-09,164.84848022460938,166.6666717529297,164.84848022460938,166.6666717529297
2008-09-10,168.48484802246094,169.39393615722656,168.48484802246094,169.39393615722656
2008-09-11,172.72726440429688,175.4545440673828,172.72726440429688,172.72726440429688
2008-09-12,176.36363220214844,177.5757598876953,176.06060791015625,177.5757598876953
2008-09-16,173.63636779785156,177.5757598876953,173.63636779785156,177.5757598876953
2008-09-17,180.60606384277344,181.51515197753906,172.4242401123047,181.51515197753906
2008-09-18,181.81817626953125,181.81817626953125,175.757568359375,178.78787231445312
2008-09-19,181.81817626953125,181.81817626953125,176.6666717529297,180.3030242919922
2008-09-22,183.3333282470703,183.3333282470703,176.36363220214844,176.96969604492188
2008-09-24,175.757568359375,176.6666717529297,175.757568359375,176.6666717529297
2008-09-25,173.03030395507812,176.36363220214844,173.03030395507812,176.36363220214844
2008-09-26,176.6666717529297,177.8787841796875,176.6666717529297,177.8787841796875
2008-09-29,176.6666717529297,176.6666717529297,176.36363220214844,176.6666717529297
2008-09-30,170.60606384277344,172.72726440429688,170.3030242919922,172.72726440429688
2008-10-01,172.72726440429688,176.6666717529297,172.72726440429688,175.15151977539062
2008-10-02,173.03030395507812,174.84848022460938,172.1212158203125,172.72726440429688
2008-10-03,171.51515197753906,171.51515197753906,170.90908813476562,171.51515197753906
2008-10-06,157.8787841796875,159.09091186523438,157.5757598876953,157.8787841796875
2008-10-07,155.757568359375,160.3030242919922,155.757568359375,157.5757598876953
2008-10-08,156.06060791015625,156.06060791015625,150.0,150.0
2008-10-09,145.4545440673828,146.6666717529297,144.24241638183594,145.4545440673828
2008-10-10,133.93939208984375,134.5454559326172,133.63636779785156,134.5454559326172
2008-10-14,145.757568359375,153.93939208984375,144.84848022460938,153.93939208984375
2008-10-15,158.78787231445312,164.84848022460938,155.4545440673828,164.84848022460938
2008-10-16,160.60606384277344,161.81817626953125,151.81817626953125,157.5757598876953
2008-10-17,159.39393615722656,159.39393615722656,157.5757598876953,157.5757598876953
2008-10-20,156.96969604492188,156.96969604492188,156.06060791015625,156.06060791015625
2008-10-21,163.63636779785156,163.63636779785156,163.63636779785156,163.63636779785156
2008-10-22,157.8787841796875,166.06060791015625,156.06060791015625,166.06060791015625
2008-10-23,155.4545440673828,156.06060791015625,153.03030395507812,156.06060791015625
2008-10-24,157.27272033691406,157.27272033691406,146.96969604492188,146.96969604492188
2008-10-27,150.3030242919922,150.3030242919922,143.93939208984375,143.93939208984375
2008-10-28,138.18182373046875,145.4545440673828,138.18182373046875,145.4545440673828
2008-10-29,148.78787231445312,148.78787231445312,145.4545440673828,148.48484802246094
2008-10-30,149.39393615722656,149.39393615722656,148.78787231445312,148.78787231445312
2008-10-31,153.03030395507812,153.93939208984375,153.03030395507812,153.93939208984375
2008-11-04,157.8787841796875,162.1212158203125,157.5757598876953,162.1212158203125
2008-11-05,160.90908813476562,162.1212158203125,160.90908813476562,162.1212158203125
2008-11-06,162.1212158203125,162.1212158203125,157.8787841796875,157.8787841796875
2008-11-07,156.06060791015625,159.09091186523438,156.06060791015625,156.6666717529297
2008-11-10,156.6666717529297,160.60606384277344,156.6666717529297,160.0
2008-11-11,160.3030242919922,160.3030242919922,154.5454559326172,154.5454559326172
2008-11-12,141.3223114013672,141.3223114013672,141.3223114013672,141.3223114013672
2008-11-13,156.06060791015625,157.5757598876953,156.06060791015625,157.5757598876953
2008-11-14,159.6969757080078,162.1212158203125,159.6969757080078,162.1212158203125
2008-11-17,155.757568359375,157.5757598876953,153.03030395507812,157.5757598876953
2008-11-18,156.06060791015625,157.5757598876953,156.06060791015625,157.5757598876953
2008-11-19,155.15151977539062,155.15151977539062,153.63636779785156,153.63636779785156
2008-11-20,153.03030395507812,153.03030395507812,153.03030395507812,153.03030395507812
2008-11-21,146.6666717529297,151.51515197753906,146.6666717529297,151.51515197753906
2008-11-25,154.5454559326172,154.5454559326172,154.5454559326172,154.5454559326172
2008-11-26,152.1212158203125,152.1212158203125,152.1212158203125,152.1212158203125
2008-11-27,154.5454559326172,154.5454559326172,152.72726440429688,152.72726440429688
2008-11-28,154.5454559326172,154.5454559326172,153.93939208984375,153.93939208984375
2008-12-01,153.93939208984375,154.24241638183594,153.93939208984375,154.24241638183594
2008-12-02,152.72726440429688,153.03030395507812,151.81817626953125,152.72726440429688
2008-12-03,153.3333282470703,155.15151977539062,150.90908813476562,155.15151977539062
2008-12-04,153.03030395507812,153.03030395507812,149.09091186523438,149.09091186523438
2008-12-05,149.09091186523438,150.60606384277344,149.09091186523438,150.3030242919922
2008-12-08,151.21212768554688,153.03030395507812,151.21212768554688,153.03030395507812
2008-12-09,153.63636779785156,153.63636779785156,153.3333282470703,153.63636779785156
2008-12-10,152.72726440429688,152.72726440429688,150.90908813476562,150.90908813476562
2008-12-11,154.5454559326172,154.5454559326172,152.4242401123047,154.24241638183594
2008-12-12,153.3333282470703,153.3333282470703,150.60606384277344,151.21212768554688
2008-12-15,151.51515197753906,157.5757598876953,151.21212768554688,157.5757598876953
2008-12-16,156.96969604492188,158.78787231445312,151.21212768554688,158.48484802246094
2008-12-17,157.5757598876953,159.09091186523438,155.15151977539062,158.78787231445312
2008-12-18,158.78787231445312,158.78787231445312,151.81817626953125,154.5454559326172
2008-12-19,154.84848022460938,154.84848022460938,154.84848022460938,154.84848022460938
2008-12-22,153.03030395507812,156.96969604492188,152.4242401123047,156.96969604492188
2008-12-24,155.15151977539062,158.78787231445312,154.84848022460938,158.78787231445312
2008-12-25,163.63636779785156,163.93939208984375,163.63636779785156,163.93939208984375
2008-12-26,160.60606384277344,160.60606384277344,159.09091186523438,159.09091186523438
2008-12-29,162.1212158203125,162.1212158203125,162.1212158203125,162.1212158203125
2008-12-30,162.1212158203125,162.1212158203125,159.09091186523438,162.1212158203125
2009-01-05,164.5454559326172,165.15151977539062,162.4242401123047,164.24241638183594
2009-01-06,163.63636779785156,163.63636779785156,160.60606384277344,162.1212158203125
2009-01-07,162.72726440429688,162.72726440429688,158.18182373046875,162.1212158203125
2009-01-08,162.72726440429688,162.72726440429688,161.81817626953125,161.81817626953125
2009-01-09,160.90908813476562,163.63636779785156,156.96969604492188,163.3333282470703
2009-01-13,162.72726440429688,163.3333282470703,156.96969604492188,163.3333282470703
2009-01-14,161.51515197753906,163.3333282470703,159.39393615722656,161.51515197753906
2009-01-15,157.8787841796875,163.93939208984375,155.4545440673828,163.63636779785156
2009-01-16,163.63636779785156,166.6666717529297,163.03030395507812,163.3333282470703
2009-01-19,166.06060791015625,166.06060791015625,163.63636779785156,163.63636779785156
2009-01-20,166.06060791015625,167.5757598876953,162.4242401123047,166.36363220214844
2009-01-21,163.63636779785156,168.18182373046875,161.21212768554688,167.27272033691406
2009-01-22,181.81817626953125,181.81817626953125,178.78787231445312,181.81817626953125
2009-01-23,180.0,180.0,176.96969604492188,177.5757598876953
2009-01-26,171.81817626953125,171.81817626953125,170.0,171.21212768554688
2009-01-27,176.06060791015625,176.06060791015625,172.72726440429688,175.757568359375
2009-01-28,175.757568359375,176.06060791015625,174.84848022460938,174.84848022460938
2009-01-29,176.36363220214844,177.5757598876953,175.757568359375,175.757568359375
2009-01-30,174.24241638183594,174.5454559326172,173.93939208984375,173.93939208984375
2009-02-02,175.4545440673828,175.757568359375,174.24241638183594,174.24241638183594
2009-02-03,175.4545440673828,176.36363220214844,173.03030395507812,173.03030395507812
2009-02-04,173.63636779785156,173.63636779785156,173.3333282470703,173.3333282470703
2009-02-05,172.72726440429688,175.757568359375,172.72726440429688,175.757568359375
2009-02-06,175.15151977539062,176.06060791015625,173.63636779785156,175.757568359375
2009-02-09,177.27272033691406,177.27272033691406,172.72726440429688,173.3333282470703
2009-02-10,175.4545440673828,176.06060791015625,173.3333282470703,175.757568359375
2009-02-12,174.84848022460938,175.4545440673828,174.5454559326172,175.4545440673828
2009-02-13,174.5454559326172,175.757568359375,174.5454559326172,175.4545440673828
2009-02-16,174.84848022460938,175.757568359375,174.24241638183594,175.757568359375
2009-02-17,173.3333282470703,175.15151977539062,171.51515197753906,175.15151977539062
2009-02-18,170.90908813476562,171.51515197753906,167.5757598876953,170.90908813476562
2009-02-19,169.6969757080078,170.90908813476562,168.18182373046875,168.18182373046875
2009-02-20,167.27272033691406,168.18182373046875,160.90908813476562,162.1212158203125
2009-02-23,156.96969604492188,156.96969604492188,156.36363220214844,156.36363220214844
2009-02-24,154.5454559326172,157.5757598876953,153.03030395507812,153.3333282470703
2009-02-25,155.757568359375,155.757568359375,154.5454559326172,154.84848022460938
2009-02-26,159.39393615722656,160.0,154.5454559326172,160.0
2009-02-27,157.5757598876953,159.09091186523438,154.84848022460938,155.15151977539062
2009-03-02,157.27272033691406,158.48484802246094,153.63636779785156,158.48484802246094
2009-03-03,155.757568359375,157.27272033691406,153.63636779785156,153.93939208984375
2009-03-04,153.63636779785156,154.24241638183594,153.63636779785156,154.24241638183594
2009-03-05,154.5454559326172,154.5454559326172,153.3333282470703,153.3333282470703
2009-03-06,153.03030395507812,154.24241638183594,152.4242401123047,152.4242401123047
2009-03-09,153.93939208984375,154.24241638183594,153.03030395507812,153.63636779785156
2009-03-10,155.757568359375,159.09091186523438,153.63636779785156,159.09091186523438
2009-03-11,160.3030242919922,163.03030395507812,160.0,163.03030395507812
2009-03-12,160.60606384277344,160.60606384277344,159.39393615722656,160.0
2009-03-13,161.51515197753906,162.72726440429688,157.27272033691406,161.51515197753906
2009-03-16,162.4242401123047,166.6666717529297,160.60606384277344,166.6666717529297
2009-03-17,170.90908813476562,174.24241638183594,170.3030242919922,174.24241638183594
2009-03-18,167.5757598876953,172.1212158203125,167.5757598876953,172.1212158203125
2009-03-19,166.96969604492188,169.39393615722656,166.96969604492188,169.39393615722656
2009-03-23,168.78787231445312,175.757568359375,168.48484802246094,171.21212768554688
2009-03-24,171.81817626953125,172.4242401123047,170.0,171.81817626953125
2009-03-25,175.4545440673828,175.757568359375,172.72726440429688,175.15151977539062
2009-03-26,176.3333282470703,179.0,175.6666717529297,175.6666717529297
2009-03-27,176.3333282470703,176.3333282470703,173.3333282470703,173.3333282470703
2009-03-30,174.0,176.3333282470703,173.3333282470703,175.6666717529297
2009-03-31,174.0,174.3333282470703,173.3333282470703,173.3333282470703
2009-04-01,174.6666717529297,175.6666717529297,174.3333282470703,175.6666717529297
2009-04-02,176.3333282470703,176.6666717529297,175.3333282470703,176.3333282470703
2009-04-03,176.3333282470703,176.3333282470703,173.0,173.0
2009-04-06,171.6666717529297,174.3333282470703,171.6666717529297,172.0
2009-04-07,172.3333282470703,174.0,170.3333282470703,170.3333282470703
2009-04-08,167.6666717529297,167.6666717529297,166.6666717529297,166.6666717529297
2009-04-09,170.0,172.0,169.6666717529297,172.0
2009-04-10,168.3333282470703,170.6666717529297,168.3333282470703,168.6666717529297
2009-04-13,168.6666717529297,171.6666717529297,167.6666717529297,171.6666717529297
2009-04-14,169.0,172.6666717529297,169.0,172.6666717529297
2009-04-15,169.6666717529297,172.6666717529297,169.6666717529297,172.6666717529297
2009-04-16,171.6666717529297,171.6666717529297,171.3333282470703,171.6666717529297
2009-04-17,172.0,173.3333282470703,171.6666717529297,171.6666717529297
2009-04-20,171.6666717529297,173.0,171.6666717529297,173.0
2009-04-21,168.3333282470703,171.0,168.3333282470703,169.3333282470703
2009-04-22,168.3333282470703,170.0,168.3333282470703,170.0
2009-04-23,169.6666717529297,170.0,169.3333282470703,170.0
2009-04-24,170.3333282470703,171.3333282470703,169.3333282470703,171.3333282470703
2009-04-27,169.6666717529297,169.6666717529297,168.3333282470703,169.0
2009-04-28,170.3333282470703,173.0,168.3333282470703,171.3333282470703
2009-04-30,170.0,171.3333282470703,169.6666717529297,171.0
2009-05-01,170.3333282470703,170.3333282470703,169.6666717529297,170.0
2009-05-07,171.6666717529297,172.6666717529297,171.6666717529297,172.6666717529297
2009-05-08,171.0,173.3333282470703,171.0,171.3333282470703
2009-05-11,173.0,174.0,173.0,173.0
2009-05-12,172.6666717529297,174.3333282470703,172.6666717529297,173.6666717529297
2009-05-13,175.0,176.3333282470703,174.0,176.0
2009-05-14,177.0,179.3333282470703,177.0,178.3333282470703
2009-05-15,179.3333282470703,181.0,172.3333282470703,174.3333282470703
2009-05-18,168.0,170.0,166.6666717529297,170.0
2009-05-19,170.0,170.6666717529297,168.3333282470703,168.3333282470703
2009-05-20,169.0,170.3333282470703,168.6666717529297,169.0
2009-05-21,170.0,170.6666717529297,170.0,170.0
2009-05-22,170.6666717529297,172.3333282470703,170.6666717529297,172.3333282470703
2009-05-25,170.0,172.3333282470703,170.0,172.3333282470703
2009-05-26,171.0,172.6666717529297,170.6666717529297,171.3333282470703
2009-05-27,172.6666717529297,175.0,172.3333282470703,173.3333282470703
2009-05-28,172.3333282470703,173.6666717529297,172.3333282470703,173.3333282470703
2009-05-29,172.0,173.3333282470703,172.0,172.3333282470703
2009-06-01,172.0,173.3333282470703,172.0,172.6666717529297
2009-06-02,173.6666717529297,173.6666717529297,173.0,173.3333282470703
2009-06-03,173.6666717529297,175.6666717529297,173.3333282470703,173.3333282470703
2009-06-04,173.6666717529297,174.6666717529297,173.6666717529297,174.3333282470703
2009-06-05,174.3333282470703,175.0,174.3333282470703,174.6666717529297
2009-06-08,176.0,176.6666717529297,175.6666717529297,176.3333282470703
2009-06-09,177.6666717529297,178.6666717529297,176.6666717529297,178.6666717529297
2009-06-10,179.6666717529297,180.0,176.3333282470703,176.6666717529297
2009-06-11,180.6666717529297,181.6666717529297,180.0,181.6666717529297
2009-06-12,180.3333282470703,186.6666717529297,180.0,186.3333282470703
2009-06-15,183.0,185.0,180.3333282470703,184.3333282470703
2009-06-16,177.0,177.0,175.0,176.6666717529297
2009-06-17,174.3333282470703,176.6666717529297,174.0,174.6666717529297
2009-06-18,170.0,172.3333282470703,170.0,171.0
2009-06-19,173.6666717529297,173.6666717529297,172.3333282470703,172.3333282470703
2009-06-22,174.0,177.3333282470703,172.6666717529297,174.6666717529297
2009-06-23,171.6666717529297,173.3333282470703,171.3333282470703,171.3333282470703
2009-06-24,170.6666717529297,172.6666717529297,170.6666717529297,172.6666717529297
2009-06-25,178.0,178.0,172.6666717529297,174.0
2009-06-26,176.0,176.6666717529297,174.0,174.0
2009-06-29,174.0,177.3333282470703,174.0,176.6666717529297
2009-06-30,177.3333282470703,177.6666717529297,176.3333282470703,177.0
2009-07-01,177.3333282470703,183.3333282470703,177.0,179.3333282470703
2009-07-02,177.3333282470703,181.6666717529297,177.3333282470703,181.6666717529297
2009-07-03,179.6666717529297,181.6666717529297,177.6666717529297,181.3333282470703
2009-07-06,180.3333282470703,181.6666717529297,179.6666717529297,180.6666717529297
2009-07-07,181.3333282470703,183.3333282470703,180.6666717529297,183.3333282470703
2009-07-08,181.3333282470703,182.3333282470703,179.6666717529297,181.3333282470703
2009-07-09,179.6666717529297,181.6666717529297,179.3333282470703,181.6666717529297
2009-07-10,180.3333282470703,183.3333282470703,180.0,180.6666717529297
2009-07-13,180.3333282470703,180.3333282470703,176.6666717529297,176.6666717529297
2009-07-14,176.6666717529297,182.0,176.6666717529297,181.6666717529297
2009-07-15,178.3333282470703,182.3333282470703,178.3333282470703,180.0
2009-07-16,182.3333282470703,183.0,178.3333282470703,182.6666717529297
2009-07-17,179.3333282470703,180.3333282470703,179.3333282470703,179.3333282470703
2009-07-21,180.0,180.6666717529297,176.6666717529297,180.0
2009-07-22,178.3333282470703,181.3333282470703,178.3333282470703,181.3333282470703
2009-07-23,180.6666717529297,183.3333282470703,177.0,182.6666717529297
2009-07-24,188.3333282470703,188.3333282470703,182.0,186.0
2009-07-27,181.6666717529297,183.3333282470703,180.3333282470703,180.3333282470703
2009-07-28,179.0,182.6666717529297,179.0,182.6666717529297
2009-07-29,179.3333282470703,181.6666717529297,179.3333282470703,179.3333282470703
2009-07-30,182.6666717529297,182.6666717529297,179.6666717529297,180.3333282470703
2009-07-31,185.6666717529297,185.6666717529297,181.0,185.0
2009-08-03,190.3333282470703,190.3333282470703,185.6666717529297,187.3333282470703
2009-08-04,187.0,187.3333282470703,183.3333282470703,185.3333282470703
2009-08-05,184.6666717529297,185.6666717529297,180.0,182.0
2009-08-06,181.6666717529297,187.0,181.6666717529297,187.0
2009-08-07,184.3333282470703,185.6666717529297,183.3333282470703,185.6666717529297
2009-08-10,183.3333282470703,188.3333282470703,183.3333282470703,186.0
2009-08-11,183.3333282470703,185.6666717529297,183.3333282470703,183.6666717529297
2009-08-12,184.0,185.3333282470703,183.3333282470703,184.0
2009-08-13,183.6666717529297,184.6666717529297,181.0,182.3333282470703
2009-08-14,182.6666717529297,186.0,182.6666717529297,185.6666717529297
2009-08-17,182.3333282470703,185.0,181.6666717529297,184.6666717529297
2009-08-18,186.6666717529297,186.6666717529297,183.0,185.6666717529297
2009-08-19,188.6666717529297,190.0,185.6666717529297,189.6666717529297
2009-08-20,190.3333282470703,193.6666717529297,187.6666717529297,193.3333282470703
2009-08-21,190.0,193.3333282470703,185.3333282470703,188.0
2009-08-24,188.0,190.3333282470703,186.6666717529297,190.3333282470703
2009-08-25,189.6666717529297,189.6666717529297,186.3333282470703,187.6666717529297
2009-08-26,185.6666717529297,188.0,185.3333282470703,185.6666717529297
2009-08-27,186.0,187.3333282470703,185.0,187.0
2009-08-28,186.6666717529297,187.0,185.6666717529297,185.6666717529297
2009-08-31,186.0,187.3333282470703,182.6666717529297,185.6666717529297
2009-09-02,185.6666717529297,186.6666717529297,185.3333282470703,185.6666717529297
2009-09-03,185.0,185.0,184.3333282470703,184.6666717529297
2009-09-04,184.6666717529297,186.6666717529297,184.6666717529297,186.6666717529297
2009-09-07,186.3333282470703,187.6666717529297,186.0,186.3333282470703
2009-09-08,186.3333282470703,187.6666717529297,186.3333282470703,187.6666717529297
2009-09-09,187.6666717529297,187.6666717529297,183.3333282470703,183.3333282470703
2009-09-10,184.0,185.0,182.3333282470703,184.3333282470703
2009-09-11,185.3333282470703,186.6666717529297,184.3333282470703,185.3333282470703
2009-09-14,185.3333282470703,185.3333282470703,178.6666717529297,182.0
2009-09-15,182.0,183.0,181.3333282470703,183.0
2009-09-16,182.0,182.6666717529297,179.6666717529297,182.6666717529297
2009-09-17,182.6666717529297,182.6666717529297,180.3333282470703,180.6666717529297
2009-09-18,182.0,182.0,174.0,179.0
2009-09-21,179.0,179.0,179.0,179.0
2009-09-24,180.3333282470703,181.6666717529297,178.6666717529297,179.6666717529297
2009-09-25,179.6666717529297,181.6666717529297,174.3333282470703,175.6666717529297
2009-09-28,175.6666717529297,175.6666717529297,168.0,168.0
2009-09-29,168.6666717529297,171.6666717529297,168.6666717529297,171.0
2009-09-30,169.3333282470703,172.3333282470703,169.3333282470703,171.6666717529297
2009-10-01,171.6666717529297,173.0,170.0,170.0
2009-10-02,168.6666717529297,169.0,166.6666717529297,166.6666717529297
2009-10-05,165.0,165.0,161.6666717529297,161.6666717529297
2009-10-06,162.3333282470703,163.6666717529297,162.0,163.3333282470703
2009-10-07,163.3333282470703,166.6666717529297,163.3333282470703,164.0
2009-10-08,164.6666717529297,167.3333282470703,164.6666717529297,165.3333282470703
2009-10-09,166.3333282470703,166.3333282470703,163.3333282470703,163.3333282470703
2009-10-13,163.3333282470703,165.6666717529297,160.0,161.0
2009-10-14,162.6666717529297,166.6666717529297,162.0,166.0
2009-10-15,166.0,166.0,163.6666717529297,164.3333282470703
2009-10-16,164.3333282470703,164.3333282470703,161.3333282470703,164.3333282470703
2009-10-19,164.3333282470703,164.3333282470703,160.0,161.0
2009-10-20,162.6666717529297,163.0,161.6666717529297,162.0
2009-10-21,162.0,163.0,162.0,163.0
2009-10-22,163.0,164.0,162.0,164.0
2009-10-23,164.3333282470703,165.0,162.0,162.3333282470703
2009-10-26,161.6666717529297,164.0,161.6666717529297,163.0
2009-10-27,161.6666717529297,164.3333282470703,161.3333282470703,163.0
2009-10-28,164.3333282470703,164.3333282470703,160.0,160.0
2009-10-29,160.0,161.0,156.6666717529297,157.0
2009-10-30,157.6666717529297,160.0,157.6666717529297,159.3333282470703
2009-11-02,159.3333282470703,159.3333282470703,156.6666717529297,159.3333282470703
2009-11-04,159.6666717529297,161.6666717529297,159.3333282470703,161.6666717529297
2009-11-05,160.0,162.0,160.0,161.6666717529297
2009-11-06,163.3333282470703,163.3333282470703,158.3333282470703,158.3333282470703
2009-11-09,157.0,160.0,155.0,157.0
2009-11-10,155.3333282470703,156.0,155.3333282470703,155.6666717529297
2009-11-11,155.6666717529297,157.0,155.6666717529297,155.6666717529297
2009-11-12,156.0,157.3333282470703,155.3333282470703,156.6666717529297
2009-11-13,155.6666717529297,157.0,155.6666717529297,156.6666717529297
2009-11-16,152.3333282470703,154.6666717529297,150.3333282470703,154.6666717529297
2009-11-17,156.3333282470703,156.3333282470703,152.6666717529297,153.3333282470703
2009-11-18,156.3333282470703,156.3333282470703,153.3333282470703,153.3333282470703
2009-11-19,155.0,155.0,151.6666717529297,153.3333282470703
2009-11-20,152.0,156.6666717529297,152.0,154.0
2009-11-24,154.0,157.3333282470703,153.6666717529297,157.0
2009-11-25,153.6666717529297,153.6666717529297,146.0,150.0
2009-11-26,149.0,150.0,146.0,146.0
2009-11-27,145.6666717529297,145.6666717529297,137.6666717529297,140.0
2009-11-30,140.6666717529297,143.3333282470703,140.6666717529297,143.3333282470703
2009-12-01,143.3333282470703,146.6666717529297,143.3333282470703,146.6666717529297
2009-12-02,145.0,146.6666717529297,145.0,145.0
2009-12-03,144.3333282470703,146.6666717529297,143.3333282470703,143.3333282470703
2009-12-04,145.0,145.0,143.0,143.3333282470703
2009-12-07,145.0,145.3333282470703,142.3333282470703,142.3333282470703
2009-12-08,142.3333282470703,142.3333282470703,140.3333282470703,140.3333282470703
2009-12-09,140.3333282470703,142.3333282470703,138.0,140.0
2009-12-10,137.3333282470703,137.3333282470703,135.0,135.0
2009-12-11,135.6666717529297,137.0,135.3333282470703,135.3333282470703
2009-12-14,135.3333282470703,138.0,135.3333282470703,137.0
2009-12-15,138.6666717529297,140.0,135.0,140.0
2009-12-16,140.0,140.3333282470703,137.3333282470703,140.3333282470703
2009-12-17,140.0,140.0,136.6666717529297,137.3333282470703
2009-12-18,138.3333282470703,140.0,137.0,138.0
2009-12-21,140.0,140.0,138.3333282470703,138.3333282470703
2009-12-22,138.6666717529297,139.3333282470703,138.6666717529297,138.6666717529297
2009-12-24,139.0,144.3333282470703,139.0,144.3333282470703
2009-12-25,144.6666717529297,144.6666717529297,141.0,142.0
2009-12-28,140.6666717529297,142.3333282470703,140.6666717529297,141.6666717529297
2009-12-29,141.0,142.0,140.6666717529297,141.0
2009-12-30,144.3333282470703,144.3333282470703,141.3333282470703,142.3333282470703
2010-01-04,146.3333282470703,146.3333282470703,142.0,142.6666717529297
2010-01-05,143.3333282470703,143.3333282470703,141.3333282470703,141.3333282470703
2010-01-06,141.6666717529297,142.0,140.0,140.0
2010-01-07,140.6666717529297,141.6666717529297,140.0,140.3333282470703
2010-01-08,140.6666717529297,142.0,140.0,141.3333282470703
2010-01-12,142.0,142.3333282470703,141.6666717529297,141.6666717529297
2010-01-13,142.3333282470703,142.3333282470703,142.0,142.0
2010-01-14,142.0,142.3333282470703,141.6666717529297,141.6666717529297
2010-01-15,142.0,142.0,141.0,141.3333282470703
2010-01-18,141.3333282470703,142.0,141.0,141.6666717529297
2010-01-19,143.0,143.0,141.3333282470703,141.6666717529297
2010-01-20,141.6666717529297,142.0,140.3333282470703,140.6666717529297
2010-01-21,140.6666717529297,142.3333282470703,140.6666717529297,141.6666717529297
2010-01-22,140.6666717529297,141.0,140.3333282470703,140.3333282470703
2010-01-25,139.3333282470703,139.3333282470703,137.3333282470703,137.3333282470703
2010-01-26,138.0,139.0,137.3333282470703,137.3333282470703
2010-01-27,137.0,138.0,136.6666717529297,137.6666717529297
2010-01-28,137.6666717529297,138.0,137.3333282470703,137.6666717529297
2010-01-29,137.6666717529297,141.0,137.6666717529297,141.0
2010-02-01,141.0,141.0,138.6666717529297,138.6666717529297
2010-02-02,138.6666717529297,138.6666717529297,138.3333282470703,138.3333282470703
2010-02-03,139.0,140.6666717529297,139.0,140.3333282470703
2010-02-04,140.3333282470703,141.6666717529297,140.0,140.6666717529297
2010-02-05,140.0,140.0,138.3333282470703,139.0
2010-02-08,138.3333282470703,139.0,138.3333282470703,138.6666717529297
2010-02-09,138.3333282470703,139.0,137.6666717529297,138.0
2010-02-10,138.3333282470703,140.0,138.3333282470703,139.0
2010-02-12,139.6666717529297,140.6666717529297,139.3333282470703,139.6666717529297
2010-02-15,140.0,140.3333282470703,139.6666717529297,139.6666717529297
2010-02-16,140.6666717529297,140.6666717529297,140.0,140.6666717529297
2010-02-17,140.0,140.0,138.3333282470703,139.0
2010-02-18,139.3333282470703,140.3333282470703,138.6666717529297,138.6666717529297
2010-02-19,139.6666717529297,139.6666717529297,139.0,139.0
2010-02-22,140.0,140.6666717529297,139.3333282470703,139.3333282470703
2010-02-23,139.0,140.0,139.0,140.0
2010-02-24,140.0,140.3333282470703,139.6666717529297,140.0
2010-02-25,139.0,140.3333282470703,138.3333282470703,139.0
2010-02-26,138.6666717529297,140.0,138.3333282470703,138.6666717529297
2010-03-01,139.6666717529297,140.0,138.3333282470703,139.6666717529297
2010-03-02,139.6666717529297,140.0,138.0,139.0
2010-03-03,138.3333282470703,139.6666717529297,137.6666717529297,138.3333282470703
2010-03-04,138.3333282470703,139.6666717529297,138.3333282470703,139.3333282470703
2010-03-05,139.6666717529297,139.6666717529297,138.3333282470703,139.0
2010-03-08,139.6666717529297,141.3333282470703,139.3333282470703,140.0
2010-03-09,140.3333282470703,140.6666717529297,139.6666717529297,139.6666717529297
2010-03-10,140.3333282470703,141.3333282470703,140.3333282470703,140.3333282470703
2010-03-11,141.6666717529297,141.6666717529297,140.3333282470703,141.0
2010-03-12,141.6666717529297,143.6666717529297,141.3333282470703,143.3333282470703
2010-03-15,143.3333282470703,145.3333282470703,142.3333282470703,145.3333282470703
2010-03-16,143.6666717529297,144.0,142.0,142.6666717529297
2010-03-17,142.0,144.0,142.0,143.6666717529297
2010-03-18,143.6666717529297,143.6666717529297,142.6666717529297,142.6666717529297
2010-03-19,143.6666717529297,144.0,143.3333282470703,144.0
2010-03-23,145.3333282470703,146.0,143.6666717529297,144.0
2010-03-24,145.6666717529297,145.6666717529297,144.6666717529297,144.6666717529297
2010-03-25,145.6666717529297,145.6666717529297,145.3333282470703,145.6666717529297
2010-03-26,145.6666717529297,147.0,145.0,145.3333282470703
2010-03-29,141.0,143.3333282470703,139.6666717529297,140.6666717529297
2010-03-30,141.3333282470703,142.0,141.0,142.0
2010-03-31,142.3333282470703,142.6666717529297,141.6666717529297,141.6666717529297
2010-04-01,142.0,142.6666717529297,141.0,142.3333282470703
2010-04-02,142.0,142.3333282470703,141.3333282470703,141.6666717529297
2010-04-05,142.0,144.0,142.0,143.3333282470703
2010-04-06,143.6666717529297,145.0,143.3333282470703,144.3333282470703
2010-04-07,144.3333282470703,145.6666717529297,144.3333282470703,145.0
2010-04-08,145.0,145.0,143.0,143.0
2010-04-09,144.0,145.0,143.3333282470703,144.0
2010-04-12,144.6666717529297,145.0,143.3333282470703,143.6666717529297
2010-04-13,144.3333282470703,144.6666717529297,144.0,144.3333282470703
2010-04-14,144.3333282470703,146.6666717529297,144.3333282470703,146.6666717529297
2010-04-15,145.6666717529297,148.0,145.6666717529297,147.3333282470703
2010-04-16,144.6666717529297,145.6666717529297,144.0,144.0
2010-04-19,143.6666717529297,143.6666717529297,141.6666717529297,143.0
2010-04-20,142.3333282470703,142.3333282470703,142.3333282470703,142.3333282470703
2010-04-21,142.6666717529297,144.6666717529297,142.6666717529297,144.6666717529297
2010-04-22,144.6666717529297,145.0,143.0,144.6666717529297
2010-04-23,143.6666717529297,144.0,143.6666717529297,143.6666717529297
2010-04-26,144.6666717529297,145.6666717529297,144.0,145.6666717529297
2010-04-27,145.6666717529297,146.3333282470703,145.0,146.3333282470703
2010-04-28,145.0,146.0,143.6666717529297,146.0
2010-04-30,144.3333282470703,146.0,143.6666717529297,145.6666717529297
2010-05-06,142.6666717529297,144.0,142.0,143.0
2010-05-07,140.3333282470703,140.6666717529297,137.0,140.3333282470703
2010-05-10,138.6666717529297,141.6666717529297,138.6666717529297,138.6666717529297
2010-05-11,140.6666717529297,141.3333282470703,140.0,140.0
2010-05-12,139.0,142.6666717529297,139.0,139.3333282470703
2010-05-13,142.0,146.3333282470703,137.3333282470703,140.0
2010-05-14,140.6666717529297,141.0,136.6666717529297,138.3333282470703
2010-05-17,136.3333282470703,136.3333282470703,133.3333282470703,135.0
2010-05-18,137.6666717529297,137.6666717529297,133.0,134.3333282470703
2010-05-19,133.3333282470703,134.3333282470703,131.3333282470703,131.3333282470703
2010-05-20,133.0,137.3333282470703,131.6666717529297,137.3333282470703
2010-05-21,130.0,132.6666717529297,130.0,132.3333282470703
2010-05-24,130.0,135.0,130.0,132.0
2010-05-25,132.0,132.0,123.33333587646484,125.66666412353516
2010-05-26,126.66666412353516,130.6666717529297,126.0,127.66666412353516
2010-05-27,128.0,128.0,126.0,126.33333587646484
2010-05-28,130.0,132.3333282470703,126.0,126.0
2010-05-31,126.66666412353516,128.0,126.66666412353516,127.0
2010-06-01,129.6666717529297,129.6666717529297,126.33333587646484,126.66666412353516
2010-06-02,126.66666412353516,127.33333587646484,126.0,126.33333587646484
2010-06-03,128.6666717529297,128.6666717529297,125.66666412353516,127.66666412353516
2010-06-04,127.33333587646484,128.0,127.0,127.33333587646484
2010-06-07,127.0,131.6666717529297,127.0,128.6666717529297
2010-06-08,129.0,129.0,127.0,127.0
2010-06-09,129.0,129.0,127.66666412353516,128.0
2010-06-10,128.0,128.0,126.66666412353516,127.33333587646484
2010-06-11,128.6666717529297,129.6666717529297,128.3333282470703,129.6666717529297
2010-06-14,132.0,132.0,130.0,131.0
2010-06-15,131.0,131.0,129.3333282470703,130.0
2010-06-16,132.0,132.6666717529297,131.3333282470703,131.3333282470703
2010-06-17,132.3333282470703,132.3333282470703,128.6666717529297,132.3333282470703
2010-06-18,132.0,132.0,131.3333282470703,131.3333282470703
2010-06-21,132.0,132.0,131.6666717529297,131.6666717529297
2010-06-22,132.0,132.3333282470703,131.6666717529297,131.6666717529297
2010-06-23,130.3333282470703,130.3333282470703,128.3333282470703,129.3333282470703
2010-06-24,129.0,130.6666717529297,129.0,130.6666717529297
2010-06-25,131.6666717529297,131.6666717529297,128.0,130.3333282470703
2010-06-28,128.0,130.6666717529297,128.0,129.0
2010-06-29,128.6666717529297,130.6666717529297,128.3333282470703,128.3333282470703
2010-06-30,131.0,131.6666717529297,128.3333282470703,130.3333282470703
2010-07-01,130.3333282470703,130.6666717529297,129.6666717529297,129.6666717529297
2010-07-02,131.3333282470703,131.6666717529297,130.0,131.3333282470703
2010-07-05,131.0,134.3333282470703,131.0,132.6666717529297
2010-07-06,132.6666717529297,133.3333282470703,132.0,133.3333282470703
2010-07-07,133.3333282470703,134.0,131.6666717529297,133.3333282470703
2010-07-08,133.3333282470703,133.3333282470703,131.6666717529297,133.3333282470703
2010-07-09,133.3333282470703,133.3333282470703,132.3333282470703,132.3333282470703
2010-07-12,133.0,133.3333282470703,132.3333282470703,132.3333282470703
2010-07-13,131.0,131.3333282470703,130.6666717529297,130.6666717529297
2010-07-14,132.6666717529297,133.3333282470703,130.6666717529297,131.0
2010-07-15,132.3333282470703,132.3333282470703,131.3333282470703,132.3333282470703
2010-07-16,131.0,131.0,128.6666717529297,129.0
2010-07-21,131.6666717529297,132.3333282470703,128.6666717529297,132.0
2010-07-22,131.6666717529297,132.0,129.6666717529297,132.0
2010-07-23,136.0,136.3333282470703,131.6666717529297,132.3333282470703
2010-07-26,132.3333282470703,132.6666717529297,130.6666717529297,132.0
2010-07-27,133.6666717529297,133.6666717529297,130.3333282470703,132.0
2010-07-28,134.6666717529297,134.6666717529297,132.3333282470703,134.3333282470703
2010-07-29,134.3333282470703,136.0,134.3333282470703,135.6666717529297
2010-07-30,138.3333282470703,138.3333282470703,135.3333282470703,137.0
2010-08-02,137.3333282470703,137.3333282470703,135.3333282470703,135.6666717529297
2010-08-03,137.6666717529297,138.3333282470703,136.3333282470703,136.6666717529297
2010-08-04,135.0,136.6666717529297,135.0,136.6666717529297
2010-08-05,135.3333282470703,137.0,135.3333282470703,137.0
2010-08-06,134.6666717529297,137.6666717529297,134.6666717529297,137.6666717529297
2010-08-09,136.0,136.6666717529297,133.6666717529297,136.6666717529297
2010-08-10,134.6666717529297,137.0,134.6666717529297,137.0
2010-08-11,135.0,137.6666717529297,134.3333282470703,134.3333282470703
2010-08-12,134.6666717529297,137.6666717529297,133.3333282470703,135.3333282470703
2010-08-13,136.3333282470703,139.0,135.3333282470703,139.0
2010-08-16,138.6666717529297,143.3333282470703,135.0,143.3333282470703
2010-08-17,141.6666717529297,141.6666717529297,137.0,140.6666717529297
2010-08-18,138.0,139.0,136.6666717529297,136.6666717529297
2010-08-19,137.0,138.6666717529297,136.6666717529297,136.6666717529297
2010-08-20,137.6666717529297,138.3333282470703,136.6666717529297,138.3333282470703
2010-08-23,139.6666717529297,142.0,138.0,142.0
2010-08-24,139.6666717529297,142.0,138.0,141.6666717529297
2010-08-25,138.3333282470703,140.3333282470703,137.3333282470703,140.0
2010-08-26,139.0,141.3333282470703,137.0,138.6666717529297
2010-08-27,139.0,141.3333282470703,136.6666717529297,141.3333282470703
2010-08-30,142.0,142.0,139.0,140.6666717529297
2010-08-31,138.6666717529297,141.0,138.6666717529297,141.0
2010-09-01,140.6666717529297,140.6666717529297,138.6666717529297,139.3333282470703
2010-09-02,141.0,141.3333282470703,141.0,141.3333282470703
2010-09-03,140.6666717529297,140.6666717529297,138.0,138.0
2010-09-06,138.0,139.0,138.0,138.3333282470703
2010-09-07,139.0,140.0,135.0,138.3333282470703
2010-09-08,138.0,138.6666717529297,135.6666717529297,138.6666717529297
2010-09-09,137.0,139.0,135.3333282470703,139.0
2010-09-10,139.0,139.6666717529297,137.6666717529297,137.6666717529297
2010-09-13,138.3333282470703,139.3333282470703,138.3333282470703,139.3333282470703
2010-09-14,140.0,143.3333282470703,139.0,143.3333282470703
2010-09-16,146.0,146.0,143.3333282470703,143.3333282470703
2010-09-17,144.3333282470703,145.6666717529297,143.0,144.6666717529297
2010-09-21,145.3333282470703,145.3333282470703,143.0,144.3333282470703
2010-09-22,145.3333282470703,145.3333282470703,140.0,144.6666717529297
2010-09-24,143.6666717529297,143.6666717529297,141.0,141.6666717529297
2010-09-27,143.6666717529297,148.0,141.0,142.6666717529297
2010-09-28,140.3333282470703,144.0,140.3333282470703,144.0
2010-09-29,142.3333282470703,143.0,138.6666717529297,141.3333282470703
2010-09-30,141.3333282470703,141.3333282470703,139.0,139.0
2010-10-01,140.0,140.0,139.0,140.0
2010-10-04,140.6666717529297,140.6666717529297,137.3333282470703,137.3333282470703
2010-10-05,135.6666717529297,136.0,134.0,136.0
2010-10-06,135.0,135.0,134.6666717529297,135.0
2010-10-07,134.6666717529297,135.0,134.6666717529297,135.0
2010-10-08,136.0,136.0,132.6666717529297,134.0
2010-10-12,136.0,138.3333282470703,134.6666717529297,138.0
2010-10-13,136.3333282470703,138.6666717529297,135.3333282470703,138.0
2010-10-14,136.6666717529297,142.0,136.6666717529297,141.3333282470703
2010-10-15,141.3333282470703,141.6666717529297,137.0,138.3333282470703
2010-10-18,140.6666717529297,141.3333282470703,138.3333282470703,141.3333282470703
2010-10-19,144.0,145.0,140.3333282470703,140.3333282470703
2010-10-20,142.3333282470703,144.3333282470703,140.0,143.3333282470703
2010-10-21,144.0,144.0,142.6666717529297,144.0
2010-10-22,143.6666717529297,144.0,142.3333282470703,143.3333282470703
2010-10-25,142.6666717529297,142.6666717529297,140.0,140.0
2010-10-26,140.0,140.0,138.0,138.0
2010-10-27,134.0,135.0,132.6666717529297,135.0
2010-10-28,132.3333282470703,134.3333282470703,129.0,129.6666717529297
2010-10-29,132.3333282470703,134.3333282470703,129.0,130.3333282470703
2010-11-01,133.0,133.0,130.3333282470703,130.3333282470703
2010-11-02,130.0,130.0,130.0,130.0
2010-11-04,131.3333282470703,132.3333282470703,129.6666717529297,130.0
2010-11-05,130.0,132.6666717529297,130.0,132.6666717529297
2010-11-08,131.6666717529297,133.0,130.3333282470703,130.6666717529297
2010-11-09,130.6666717529297,130.6666717529297,130.6666717529297,130.6666717529297
2010-11-10,130.6666717529297,132.6666717529297,130.6666717529297,132.6666717529297
2010-11-11,133.0,134.0,132.0,133.3333282470703
2010-11-12,133.6666717529297,134.3333282470703,131.3333282470703,134.0
2010-11-15,134.6666717529297,135.3333282470703,131.6666717529297,135.3333282470703
2010-11-16,135.0,136.0,130.3333282470703,135.0
2010-11-17,134.6666717529297,134.6666717529297,132.6666717529297,133.0
2010-11-18,133.0,133.0,130.0,132.0
2010-11-19,131.6666717529297,133.0,131.6666717529297,133.0
2010-11-22,133.0,133.0,130.3333282470703,132.0
2010-11-24,132.0,133.3333282470703,132.0,133.3333282470703
2010-11-25,131.0,132.6666717529297,130.6666717529297,130.6666717529297
2010-11-26,132.0,132.3333282470703,132.0,132.3333282470703
2010-11-29,132.0,132.3333282470703,131.0,131.0
2010-11-30,132.6666717529297,133.0,131.3333282470703,133.0
2010-12-01,133.0,133.0,131.0,131.6666717529297
2010-12-02,132.6666717529297,133.0,131.6666717529297,133.0
2010-12-03,132.3333282470703,133.0,132.0,132.0
2010-12-06,132.3333282470703,132.3333282470703,130.0,131.0
2010-12-07,131.3333282470703,131.6666717529297,129.6666717529297,129.6666717529297
2010-12-08,130.0,132.3333282470703,129.6666717529297,131.3333282470703
2010-12-09,131.0,131.3333282470703,130.0,131.0
2010-12-10,131.6666717529297,131.6666717529297,130.3333282470703,131.0
2010-12-13,131.6666717529297,131.6666717529297,131.0,131.3333282470703
2010-12-14,132.3333282470703,132.3333282470703,131.0,131.3333282470703
2010-12-15,131.0,132.0,130.6666717529297,132.0
2010-12-16,131.3333282470703,131.6666717529297,130.6666717529297,131.6666717529297
2010-12-17,132.3333282470703,132.3333282470703,129.6666717529297,130.6666717529297
2010-12-20,131.0,131.0,129.6666717529297,130.0
2010-12-21,130.0,130.6666717529297,129.0,130.0
2010-12-22,131.0,131.6666717529297,130.6666717529297,131.6666717529297
2010-12-24,131.0,131.6666717529297,130.0,131.3333282470703
2010-12-27,131.0,131.6666717529297,131.0,131.6666717529297
2010-12-28,132.6666717529297,133.0,132.3333282470703,133.0
2010-12-29,133.6666717529297,134.0,132.0,133.0
2010-12-30,134.0,134.3333282470703,132.6666717529297,134.3333282470703
2011-01-04,134.0,134.3333282470703,133.0,134.3333282470703
2011-01-05,134.3333282470703,134.6666717529297,133.3333282470703,133.3333282470703
2011-01-06,133.3333282470703,135.0,133.3333282470703,133.3333282470703
2011-01-07,134.3333282470703,134.6666717529297,133.3333282470703,133.6666717529297
2011-01-11,133.6666717529297,134.0,133.3333282470703,134.0
2011-01-12,134.0,134.3333282470703,133.6666717529297,133.6666717529297
2011-01-13,134.0,134.6666717529297,133.6666717529297,134.3333282470703
2011-01-14,134.3333282470703,136.0,134.3333282470703,134.6666717529297
2011-01-17,134.3333282470703,135.3333282470703,134.0,135.3333282470703
2011-01-18,136.0,137.0,134.6666717529297,136.3333282470703
2011-01-19,136.3333282470703,136.3333282470703,135.3333282470703,135.3333282470703
2011-01-20,136.0,136.3333282470703,135.3333282470703,136.0
2011-01-21,135.3333282470703,136.0,135.0,135.0
2011-01-24,135.0,136.6666717529297,135.0,136.0
2011-01-25,136.6666717529297,137.6666717529297,136.6666717529297,137.6666717529297
2011-01-26,137.3333282470703,138.0,137.0,138.0
2011-01-27,137.6666717529297,139.0,137.6666717529297,139.0
2011-01-28,138.3333282470703,139.0,138.0,138.3333282470703
2011-01-31,138.3333282470703,138.3333282470703,137.0,138.3333282470703
2011-02-01,138.3333282470703,138.3333282470703,137.0,137.3333282470703
2011-02-02,137.3333282470703,138.6666717529297,137.0,137.0
2011-02-03,137.3333282470703,138.0,137.3333282470703,138.0
2011-02-04,138.3333282470703,139.3333282470703,135.3333282470703,138.0
2011-02-07,137.6666717529297,138.0,136.3333282470703,137.0
2011-02-08,136.3333282470703,137.3333282470703,136.3333282470703,137.3333282470703
2011-02-09,137.3333282470703,138.0,137.0,138.0
2011-02-10,138.0,139.0,137.0,138.6666717529297
2011-02-14,135.6666717529297,141.0,135.6666717529297,141.0
2011-02-15,141.6666717529297,142.6666717529297,141.0,142.3333282470703
2011-02-16,143.3333282470703,145.0,142.6666717529297,145.0
2011-02-17,146.6666717529297,146.6666717529297,141.0,145.0
2011-02-18,144.6666717529297,145.0,142.0,145.0
2011-02-21,145.0,146.6666717529297,143.6666717529297,146.3333282470703
2011-02-22,146.6666717529297,147.0,144.0,144.6666717529297
2011-02-23,145.6666717529297,146.6666717529297,145.0,146.6666717529297
2011-02-24,146.0,146.0,145.0,146.0
2011-02-25,144.6666717529297,146.0,144.0,146.0
2011-02-28,145.0,146.0,144.0,146.0
2011-03-01,146.0,146.3333282470703,144.0,144.3333282470703
2011-03-02,144.3333282470703,145.6666717529297,143.6666717529297,145.6666717529297
2011-03-03,145.3333282470703,146.0,143.6666717529297,144.3333282470703
2011-03-04,145.3333282470703,145.3333282470703,143.3333282470703,144.3333282470703
2011-03-07,145.0,145.3333282470703,144.3333282470703,145.3333282470703
2011-03-08,144.0,144.6666717529297,144.0,144.6666717529297
2011-03-09,144.6666717529297,145.3333282470703,144.6666717529297,144.6666717529297
2011-03-10,145.0,145.6666717529297,144.3333282470703,144.3333282470703
2011-03-11,143.6666717529297,144.6666717529297,143.3333282470703,143.3333282470703
2011-03-14,126.66666412353516,139.3333282470703,126.66666412353516,139.3333282470703
2011-03-15,138.6666717529297,138.6666717529297,112.66666412353516,122.66666412353516
2011-03-16,126.33333587646484,132.6666717529297,126.33333587646484,131.0
2011-03-17,133.6666717529297,135.0,130.6666717529297,133.3333282470703
2011-03-18,137.3333282470703,140.0,137.3333282470703,139.3333282470703
2011-03-22,142.0,143.3333282470703,140.0,142.6666717529297
2011-03-23,142.6666717529297,143.0,136.0,142.6666717529297
2011-03-24,140.0,145.0,140.0,143.6666717529297
2011-03-25,145.0,146.6666717529297,140.3333282470703,141.0
2011-03-28,140.3333282470703,142.6666717529297,140.0,142.0
2011-03-29,133.3333282470703,136.6666717529297,133.0,135.3333282470703
2011-03-30,138.0,138.0,135.6666717529297,136.3333282470703
2011-03-31,135.0,139.3333282470703,134.0,139.3333282470703
2011-04-01,139.3333282470703,145.0,137.6666717529297,140.3333282470703
2011-04-04,140.3333282470703,141.6666717529297,139.6666717529297,140.0
2011-04-05,140.0,140.3333282470703,135.0,137.6666717529297
2011-04-06,135.0,137.6666717529297,135.0,137.6666717529297
2011-04-07,137.6666717529297,138.0,137.6666717529297,137.6666717529297
2011-04-08,137.6666717529297,141.6666717529297,135.0,141.6666717529297
2011-04-11,142.0,142.6666717529297,141.6666717529297,142.6666717529297
2011-04-12,143.0,143.3333282470703,141.3333282470703,142.6666717529297
2011-04-13,137.3333282470703,140.0,137.3333282470703,139.6666717529297
2011-04-14,140.0,140.0,138.6666717529297,140.0
2011-04-15,137.3333282470703,139.0,137.0,138.0
2011-04-18,138.6666717529297,140.0,137.6666717529297,140.0
2011-04-19,139.6666717529297,139.6666717529297,138.3333282470703,138.3333282470703
2011-04-20,140.0,140.0,135.0,137.3333282470703
2011-04-21,139.6666717529297,139.6666717529297,135.6666717529297,139.6666717529297
2011-04-22,139.3333282470703,139.3333282470703,136.0,139.3333282470703
2011-04-25,138.0,138.3333282470703,137.0,137.0
2011-04-26,136.6666717529297,136.6666717529297,136.0,136.6666717529297
2011-04-27,137.0,137.0,135.3333282470703,135.3333282470703
2011-04-28,135.0,140.0,135.0,139.6666717529297
2011-05-02,135.3333282470703,140.0,135.0,137.3333282470703
2011-05-06,137.3333282470703,139.3333282470703,136.6666717529297,139.3333282470703
2011-05-09,137.0,139.6666717529297,136.6666717529297,137.0
2011-05-10,137.0,137.0,135.6666717529297,136.6666717529297
2011-05-11,138.3333282470703,138.3333282470703,136.0,136.6666717529297
2011-05-12,136.0,139.0,136.0,139.0
2011-05-13,139.3333282470703,140.3333282470703,136.0,139.3333282470703
2011-05-16,139.3333282470703,140.6666717529297,137.6666717529297,140.6666717529297
2011-05-17,138.6666717529297,140.6666717529297,137.6666717529297,140.6666717529297
2011-05-18,142.3333282470703,142.3333282470703,138.3333282470703,140.0
2011-05-19,138.0,139.6666717529297,138.0,139.6666717529297
2011-05-20,140.6666717529297,140.6666717529297,137.3333282470703,139.6666717529297
2011-05-23,140.0,140.3333282470703,138.3333282470703,139.6666717529297
2011-05-24,139.3333282470703,139.3333282470703,138.3333282470703,139.0
2011-05-25,140.0,140.0,138.6666717529297,140.0
2011-05-26,139.6666717529297,140.3333282470703,139.6666717529297,140.3333282470703
2011-05-27,140.3333282470703,140.6666717529297,139.6666717529297,140.6666717529297
2011-05-30,140.3333282470703,140.6666717529297,140.3333282470703,140.6666717529297
2011-05-31,139.0,140.6666717529297,139.0,140.6666717529297
2011-06-01,140.6666717529297,143.0,140.0,143.0
2011-06-02,143.0,143.3333282470703,141.6666717529297,143.0
2011-06-03,141.6666717529297,141.6666717529297,141.0,141.0
2011-06-06,141.0,143.0,141.0,143.0
2011-06-07,143.0,143.0,141.6666717529297,141.6666717529297
2011-06-08,142.6666717529297,143.0,141.6666717529297,142.6666717529297
2011-06-09,142.0,144.0,142.0,143.3333282470703
2011-06-10,142.6666717529297,144.6666717529297,142.3333282470703,142.3333282470703
2011-06-13,143.3333282470703,143.3333282470703,140.0,141.3333282470703
2011-06-14,141.3333282470703,143.3333282470703,139.3333282470703,143.3333282470703
2011-06-15,140.6666717529297,143.3333282470703,138.3333282470703,141.6666717529297
2011-06-16,142.6666717529297,145.0,141.3333282470703,145.0
2011-06-17,145.6666717529297,145.6666717529297,141.0,141.3333282470703
2011-06-20,142.6666717529297,145.3333282470703,142.6666717529297,145.0
2011-06-21,145.6666717529297,145.6666717529297,143.6666717529297,143.6666717529297
2011-06-22,146.0,146.0,145.3333282470703,145.3333282470703
2011-06-23,145.3333282470703,147.0,145.0,147.0
2011-06-24,146.3333282470703,148.3333282470703,144.0,145.3333282470703
2011-06-27,145.0,145.0,140.3333282470703,142.0
2011-06-28,143.6666717529297,145.3333282470703,143.6666717529297,145.3333282470703
2011-06-29,146.0,146.6666717529297,143.3333282470703,144.3333282470703
2011-06-30,147.0,148.0,142.6666717529297,148.0
2011-07-01,148.0,151.3333282470703,145.6666717529297,150.0
2011-07-04,155.3333282470703,156.6666717529297,145.0,150.0
2011-07-05,150.0,150.3333282470703,147.6666717529297,149.6666717529297
2011-07-06,147.0,149.6666717529297,146.3333282470703,149.0
2011-07-07,149.6666717529297,150.0,146.6666717529297,150.0
2011-07-08,150.0,150.0,147.0,148.3333282470703
2011-07-11,151.0,151.0,146.6666717529297,150.0
2011-07-12,149.6666717529297,149.6666717529297,147.3333282470703,147.6666717529297
2011-07-13,148.3333282470703,148.3333282470703,143.0,148.0
2011-07-14,147.6666717529297,147.6666717529297,144.6666717529297,147.3333282470703
2011-07-15,149.0,149.0,146.3333282470703,147.0
2011-07-19,147.6666717529297,149.0,146.6666717529297,147.3333282470703
2011-07-20,147.3333282470703,149.6666717529297,146.6666717529297,149.6666717529297
2011-07-21,151.6666717529297,156.0,149.0,153.6666717529297
2011-07-22,153.6666717529297,179.3333282470703,151.3333282470703,164.6666717529297
2011-07-25,169.6666717529297,178.0,169.6666717529297,170.0
2011-07-26,169.3333282470703,171.0,166.6666717529297,169.0
2011-07-27,168.3333282470703,174.3333282470703,168.3333282470703,171.6666717529297
2011-07-28,169.0,171.6666717529297,167.6666717529297,168.6666717529297
2011-07-29,172.0,172.0,168.6666717529297,171.3333282470703
2011-08-01,176.3333282470703,176.6666717529297,172.0,173.3333282470703
2011-08-02,175.6666717529297,175.6666717529297,168.6666717529297,168.6666717529297
2011-08-03,168.0,168.0,161.6666717529297,167.0
2011-08-04,167.0,167.0,153.6666717529297,154.0
2011-08-05,151.3333282470703,151.3333282470703,146.6666717529297,146.6666717529297
2011-08-08,146.3333282470703,146.6666717529297,140.0,140.3333282470703
2011-08-09,137.0,138.6666717529297,130.3333282470703,138.6666717529297
2011-08-10,141.6666717529297,145.3333282470703,141.0,141.6666717529297
2011-08-11,142.6666717529297,145.6666717529297,142.0,142.3333282470703
2011-08-12,145.0,146.3333282470703,142.3333282470703,146.3333282470703
2011-08-15,148.0,151.6666717529297,148.0,150.6666717529297
2011-08-16,148.0,151.0,145.6666717529297,151.0
2011-08-17,149.3333282470703,149.3333282470703,145.3333282470703,146.6666717529297
2011-08-18,147.0,148.0,145.6666717529297,145.6666717529297
2011-08-19,143.0,144.6666717529297,142.6666717529297,144.6666717529297
2011-08-22,142.6666717529297,144.6666717529297,140.6666717529297,143.3333282470703
2011-08-23,143.6666717529297,145.0,143.3333282470703,144.3333282470703
2011-08-24,144.6666717529297,145.0,143.3333282470703,143.3333282470703
2011-08-25,143.3333282470703,146.0,143.3333282470703,143.6666717529297
2011-08-26,141.0,144.3333282470703,141.0,142.0
2011-08-29,142.3333282470703,142.6666717529297,142.0,142.3333282470703
2011-08-30,142.3333282470703,146.0,142.3333282470703,143.3333282470703
2011-08-31,142.6666717529297,148.0,142.6666717529297,144.3333282470703
2011-09-01,144.6666717529297,146.0,144.6666717529297,145.0
2011-09-02,145.0,147.6666717529297,145.0,145.0
2011-09-05,145.0,146.0,143.3333282470703,143.3333282470703
2011-09-06,143.3333282470703,144.6666717529297,138.3333282470703,138.6666717529297
2011-09-07,139.0,141.6666717529297,139.0,140.3333282470703
2011-09-08,140.6666717529297,144.0,140.6666717529297,141.6666717529297
2011-09-09,141.6666717529297,144.3333282470703,141.3333282470703,142.3333282470703
2011-09-12,140.6666717529297,144.0,140.6666717529297,142.6666717529297
2011-09-13,140.6666717529297,144.0,140.3333282470703,143.3333282470703
2011-09-14,144.0,145.0,141.0,144.6666717529297
2011-09-15,145.3333282470703,148.3333282470703,141.3333282470703,146.6666717529297
2011-09-16,148.6666717529297,151.6666717529297,143.3333282470703,145.0
2011-09-20,147.6666717529297,147.6666717529297,137.6666717529297,141.0
2011-09-21,142.3333282470703,146.6666717529297,142.3333282470703,146.6666717529297
2011-09-22,148.3333282470703,148.3333282470703,129.0,130.6666717529297
2011-09-26,130.0,132.6666717529297,130.0,131.3333282470703
2011-09-27,131.6666717529297,133.6666717529297,131.6666717529297,132.3333282470703
2011-09-28,133.6666717529297,133.6666717529297,128.6666717529297,132.0
2011-09-29,130.0,133.0,130.0,131.6666717529297
2011-09-30,132.0,133.3333282470703,132.0,133.0
2011-10-03,133.0,133.6666717529297,132.3333282470703,133.6666717529297
2011-10-04,133.3333282470703,134.3333282470703,129.6666717529297,134.3333282470703
2011-10-05,134.3333282470703,134.3333282470703,130.6666717529297,133.3333282470703
2011-10-06,134.0,134.0,132.6666717529297,133.0
2011-10-07,133.0,134.6666717529297,133.0,134.6666717529297
2011-10-11,134.6666717529297,134.6666717529297,133.0,134.6666717529297
2011-10-12,134.6666717529297,135.3333282470703,133.3333282470703,135.3333282470703
2011-10-13,135.3333282470703,136.0,132.0,135.6666717529297
2011-10-14,135.3333282470703,136.3333282470703,135.0,136.3333282470703
2011-10-17,136.6666717529297,138.3333282470703,136.0,138.3333282470703
2011-10-18,139.3333282470703,140.0,138.3333282470703,140.0
2011-10-19,142.0,142.0,138.3333282470703,138.3333282470703
2011-10-20,140.0,142.3333282470703,138.6666717529297,142.3333282470703
2011-10-21,142.3333282470703,143.3333282470703,140.3333282470703,141.0
2011-10-24,142.6666717529297,143.3333282470703,138.3333282470703,140.0
2011-10-25,138.3333282470703,139.6666717529297,138.0,138.0
2011-10-26,138.0,138.0,137.6666717529297,138.0
2011-10-27,137.0,138.6666717529297,137.0,137.6666717529297
2011-10-28,137.0,138.3333282470703,137.0,137.0
2011-10-31,137.0,139.0,136.3333282470703,136.3333282470703
2011-11-01,136.3333282470703,136.3333282470703,135.0,135.0
2011-11-02,134.6666717529297,134.6666717529297,132.3333282470703,133.3333282470703
2011-11-04,133.3333282470703,133.3333282470703,132.6666717529297,132.6666717529297
2011-11-07,135.0,135.0,133.3333282470703,133.6666717529297
2011-11-08,133.0,133.6666717529297,133.0,133.6666717529297
2011-11-09,133.6666717529297,133.6666717529297,133.6666717529297,133.6666717529297
2011-11-10,133.0,133.3333282470703,132.6666717529297,133.3333282470703
2011-11-11,134.0,134.0,131.6666717529297,131.6666717529297
2011-11-14,133.0,133.3333282470703,133.0,133.3333282470703
2011-11-15,133.3333282470703,134.6666717529297,131.6666717529297,134.3333282470703
2011-11-16,134.3333282470703,134.3333282470703,132.6666717529297,134.3333282470703
2011-11-17,134.6666717529297,135.0,133.6666717529297,135.0
2011-11-18,134.6666717529297,134.6666717529297,126.66666412353516,126.66666412353516
2011-11-21,127.33333587646484,131.6666717529297,127.33333587646484,128.3333282470703
2011-11-22,128.6666717529297,130.3333282470703,128.6666717529297,130.3333282470703
2011-11-24,131.0,131.0,129.6666717529297,129.6666717529297
2011-11-25,130.3333282470703,133.3333282470703,121.33333587646484,121.33333587646484
2011-11-28,124.33333587646484,126.0,124.33333587646484,126.0
2011-11-29,126.0,127.66666412353516,126.0,127.66666412353516
2011-11-30,127.66666412353516,129.0,127.66666412353516,129.0
2011-12-01,129.3333282470703,132.3333282470703,128.6666717529297,132.3333282470703
2011-12-02,132.3333282470703,133.3333282470703,132.3333282470703,133.3333282470703
2011-12-05,133.3333282470703,134.6666717529297,127.66666412353516,131.3333282470703
2011-12-06,131.6666717529297,132.3333282470703,130.6666717529297,130.6666717529297
2011-12-07,131.3333282470703,134.6666717529297,131.3333282470703,132.0
2011-12-08,133.0,134.6666717529297,133.0,133.6666717529297
2011-12-09,134.0,134.0,133.3333282470703,134.0
2011-12-12,132.6666717529297,134.3333282470703,132.6666717529297,134.0
2011-12-13,133.3333282470703,134.6666717529297,133.0,134.0
2011-12-14,135.3333282470703,135.3333282470703,133.0,135.3333282470703
2011-12-15,133.0,136.0,133.0,135.0
2011-12-16,137.6666717529297,141.0,136.0,141.0
2011-12-19,141.0,141.0,138.6666717529297,139.3333282470703
2011-12-20,141.6666717529297,141.6666717529297,139.6666717529297,141.6666717529297
2011-12-21,142.3333282470703,143.6666717529297,140.6666717529297,143.6666717529297
2011-12-22,138.3333282470703,139.0,130.3333282470703,130.3333282470703
2011-12-26,131.3333282470703,132.0,131.0,131.3333282470703
2011-12-27,134.0,134.6666717529297,132.0,134.6666717529297
2011-12-28,134.3333282470703,136.3333282470703,134.3333282470703,136.3333282470703
2011-12-29,137.3333282470703,138.3333282470703,135.6666717529297,136.0
2011-12-30,133.6666717529297,135.0,133.6666717529297,134.3333282470703
2012-01-04,135.0,137.3333282470703,135.0,137.0
2012-01-05,137.6666717529297,137.6666717529297,137.0,137.0
2012-01-06,135.3333282470703,135.3333282470703,132.0,133.6666717529297
2012-01-10,134.0,135.6666717529297,134.0,135.0
2012-01-11,135.3333282470703,136.6666717529297,130.3333282470703,133.3333282470703
2012-01-12,133.3333282470703,134.6666717529297,133.3333282470703,134.6666717529297
2012-01-13,135.6666717529297,136.3333282470703,134.3333282470703,136.3333282470703
2012-01-16,133.6666717529297,135.6666717529297,133.6666717529297,135.6666717529297
2012-01-17,136.6666717529297,136.6666717529297,132.6666717529297,133.3333282470703
2012-01-18,135.3333282470703,136.6666717529297,132.3333282470703,134.6666717529297
2012-01-19,135.0,135.0,133.0,134.3333282470703
2012-01-20,134.3333282470703,135.3333282470703,132.6666717529297,132.6666717529297
2012-01-23,135.0,135.6666717529297,134.3333282470703,135.6666717529297
2012-01-24,136.3333282470703,136.6666717529297,132.6666717529297,134.3333282470703
2012-01-25,134.3333282470703,136.6666717529297,134.3333282470703,136.0
2012-01-26,135.6666717529297,135.6666717529297,133.3333282470703,134.0
2012-01-27,135.3333282470703,136.0,135.3333282470703,136.0
2012-01-30,136.0,137.0,136.0,136.6666717529297
2012-01-31,134.0,135.3333282470703,134.0,134.3333282470703
2012-02-01,136.0,136.0,136.0,136.0
2012-02-02,136.0,136.3333282470703,134.6666717529297,136.3333282470703
2012-02-03,136.3333282470703,137.6666717529297,136.3333282470703,137.6666717529297
2012-02-06,137.6666717529297,137.6666717529297,135.0,136.3333282470703
2012-02-07,136.6666717529297,137.0,134.6666717529297,134.6666717529297
2012-02-08,133.6666717529297,135.0,133.6666717529297,134.0
2012-02-09,134.3333282470703,137.3333282470703,134.3333282470703,134.3333282470703
2012-02-10,134.6666717529297,136.6666717529297,134.3333282470703,135.0
2012-02-13,135.6666717529297,136.3333282470703,135.6666717529297,135.6666717529297
2012-02-14,136.6666717529297,137.0,135.6666717529297,137.0
2012-02-15,137.3333282470703,139.3333282470703,136.0,138.3333282470703
2012-02-16,137.6666717529297,138.3333282470703,137.0,138.3333282470703
2012-02-17,139.6666717529297,139.6666717529297,138.6666717529297,138.6666717529297
2012-02-20,139.6666717529297,139.6666717529297,138.6666717529297,138.6666717529297
2012-02-21,138.6666717529297,139.3333282470703,138.6666717529297,139.0
2012-02-22,139.3333282470703,140.3333282470703,138.6666717529297,140.0
2012-02-23,141.0,142.3333282470703,140.6666717529297,141.0
2012-02-24,143.0,144.0,140.6666717529297,143.3333282470703
2012-02-27,141.6666717529297,143.6666717529297,141.6666717529297,142.0
2012-02-28,142.0,144.0,142.0,143.3333282470703
2012-02-29,143.3333282470703,144.0,142.3333282470703,142.6666717529297
2012-03-01,143.0,144.0,142.6666717529297,143.0
2012-03-02,144.0,144.0,143.0,144.0
2012-03-05,144.0,145.0,141.0,141.3333282470703
2012-03-06,141.6666717529297,144.6666717529297,141.3333282470703,144.3333282470703
2012-03-07,142.6666717529297,142.6666717529297,142.0,142.0
2012-03-08,142.0,143.3333282470703,142.0,142.3333282470703
2012-03-09,144.0,144.0,142.6666717529297,143.6666717529297
2012-03-12,144.0,145.0,143.3333282470703,145.0
2012-03-13,145.6666717529297,145.6666717529297,144.0,144.0
2012-03-14,145.0,145.6666717529297,143.3333282470703,145.3333282470703
2012-03-15,145.3333282470703,148.0,145.3333282470703,148.0
2012-03-16,148.0,149.3333282470703,148.0,149.3333282470703
2012-03-19,149.6666717529297,152.0,149.6666717529297,152.0
2012-03-21,154.3333282470703,155.0,153.3333282470703,153.3333282470703
2012-03-22,153.3333282470703,153.3333282470703,151.3333282470703,152.3333282470703
2012-03-23,152.3333282470703,152.3333282470703,146.6666717529297,148.0
2012-03-26,148.0,150.0,148.0,150.0
2012-03-27,149.3333282470703,151.0,148.6666717529297,151.0
2012-03-28,140.3333282470703,142.3333282470703,140.0,141.6666717529297
2012-03-29,141.3333282470703,141.6666717529297,140.6666717529297,141.6666717529297
2012-03-30,141.0,144.6666717529297,139.0,144.0
2012-04-02,144.0,144.0,140.3333282470703,141.0
2012-04-03,143.3333282470703,143.3333282470703,140.3333282470703,142.6666717529297
2012-04-04,141.6666717529297,141.6666717529297,140.0,140.0
2012-04-05,137.6666717529297,139.0,137.3333282470703,137.3333282470703
2012-04-06,137.0,138.3333282470703,137.0,138.3333282470703
2012-04-09,137.0,137.0,135.3333282470703,136.6666717529297
2012-04-10,136.3333282470703,137.3333282470703,135.3333282470703,136.0
2012-04-11,136.3333282470703,136.6666717529297,136.0,136.0
2012-04-12,136.3333282470703,137.0,136.0,136.0
2012-04-13,136.6666717529297,141.0,136.6666717529297,141.0
2012-04-16,140.3333282470703,143.0,139.3333282470703,143.0
2012-04-17,142.3333282470703,142.3333282470703,139.6666717529297,141.6666717529297
2012-04-18,142.6666717529297,142.6666717529297,141.0,141.0
2012-04-19,142.0,142.3333282470703,140.0,142.3333282470703
2012-04-20,140.6666717529297,141.6666717529297,140.6666717529297,141.6666717529297
2012-04-23,142.3333282470703,142.3333282470703,141.3333282470703,141.6666717529297
2012-04-24,142.6666717529297,142.6666717529297,140.6666717529297,142.3333282470703
2012-04-25,141.6666717529297,142.3333282470703,140.3333282470703,141.6666717529297
2012-04-26,140.3333282470703,140.3333282470703,137.6666717529297,139.0
2012-04-27,139.3333282470703,139.3333282470703,135.3333282470703,139.3333282470703
2012-05-01,139.3333282470703,139.3333282470703,134.0,136.0
2012-05-02,136.0,136.0,135.6666717529297,136.0
2012-05-07,134.3333282470703,134.3333282470703,134.0,134.0
2012-05-08,135.0,137.3333282470703,134.0,134.0
2012-05-09,134.3333282470703,135.6666717529297,134.0,135.6666717529297
2012-05-10,135.0,136.0,128.6666717529297,130.0
2012-05-11,132.3333282470703,134.6666717529297,130.3333282470703,134.6666717529297
2012-05-14,136.3333282470703,136.3333282470703,132.3333282470703,133.3333282470703
2012-05-15,132.6666717529297,132.6666717529297,130.3333282470703,130.3333282470703
2012-05-16,133.0,133.0,131.6666717529297,133.0
2012-05-17,134.6666717529297,134.6666717529297,132.3333282470703,134.6666717529297
2012-05-18,134.3333282470703,135.0,132.6666717529297,135.0
2012-05-21,133.0,133.0,129.6666717529297,129.6666717529297
2012-05-22,130.0,131.0,129.6666717529297,130.0
2012-05-23,131.6666717529297,131.6666717529297,128.3333282470703,128.3333282470703
2012-05-24,128.3333282470703,128.3333282470703,128.0,128.3333282470703
2012-05-25,129.6666717529297,129.6666717529297,126.33333587646484,126.33333587646484
2012-05-28,121.0,123.33333587646484,117.66666412353516,118.0
2012-05-29,116.0,118.33333587646484,115.0,117.33333587646484
2012-05-30,117.33333587646484,117.66666412353516,116.33333587646484,116.66666412353516
2012-05-31,117.0,117.66666412353516,117.0,117.66666412353516
2012-06-01,117.66666412353516,118.33333587646484,117.33333587646484,117.66666412353516
2012-06-04,116.66666412353516,119.33333587646484,116.66666412353516,119.33333587646484
2012-06-05,119.0,119.0,115.66666412353516,116.66666412353516
2012-06-06,116.66666412353516,118.33333587646484,116.66666412353516,118.33333587646484
2012-06-07,119.0,119.66666412353516,118.66666412353516,119.33333587646484
2012-06-08,119.66666412353516,119.66666412353516,119.0,119.66666412353516
2012-06-11,120.0,121.0,119.66666412353516,121.0
2012-06-12,121.0,123.33333587646484,121.0,123.33333587646484
2012-06-13,123.66666412353516,126.66666412353516,123.33333587646484,126.66666412353516
2012-06-14,126.33333587646484,126.66666412353516,125.33333587646484,125.66666412353516
2012-06-15,125.0,126.66666412353516,125.0,125.0
2012-06-18,125.66666412353516,127.66666412353516,125.66666412353516,127.66666412353516
2012-06-19,130.3333282470703,130.3333282470703,129.6666717529297,130.3333282470703
2012-06-20,130.6666717529297,132.3333282470703,130.3333282470703,132.0
2012-06-21,133.3333282470703,134.3333282470703,133.3333282470703,134.0
2012-06-22,134.6666717529297,136.3333282470703,134.6666717529297,136.0
2012-06-25,136.0,136.6666717529297,131.0,131.3333282470703
2012-06-26,130.6666717529297,130.6666717529297,130.3333282470703,130.3333282470703
2012-06-27,132.6666717529297,133.0,130.3333282470703,130.3333282470703
2012-06-28,131.0,133.3333282470703,131.0,133.3333282470703
2012-06-29,132.3333282470703,136.0,131.6666717529297,135.0
2012-07-02,135.0,136.6666717529297,134.6666717529297,136.6666717529297
2012-07-03,136.3333282470703,136.6666717529297,135.0,136.6666717529297
2012-07-04,136.3333282470703,136.6666717529297,136.0,136.3333282470703
2012-07-05,135.0,135.6666717529297,129.6666717529297,130.6666717529297
2012-07-06,133.3333282470703,134.6666717529297,132.0,134.0
2012-07-09,132.6666717529297,133.0,132.3333282470703,132.3333282470703
2012-07-10,132.3333282470703,134.6666717529297,132.3333282470703,134.6666717529297
2012-07-11,133.3333282470703,134.6666717529297,132.3333282470703,134.3333282470703
2012-07-12,135.0,135.3333282470703,134.3333282470703,135.3333282470703
2012-07-13,136.3333282470703,138.3333282470703,135.6666717529297,136.6666717529297
2012-07-17,135.0,135.6666717529297,133.3333282470703,135.6666717529297
2012-07-18,135.6666717529297,135.6666717529297,135.0,135.3333282470703
2012-07-19,136.0,137.0,135.6666717529297,137.0
2012-07-20,136.6666717529297,136.6666717529297,134.6666717529297,136.6666717529297
2012-07-23,136.6666717529297,136.6666717529297,132.6666717529297,133.3333282470703
2012-07-24,133.6666717529297,136.6666717529297,133.6666717529297,136.6666717529297
2012-07-25,133.3333282470703,133.3333282470703,133.3333282470703,133.3333282470703
2012-07-26,133.3333282470703,133.6666717529297,131.6666717529297,131.6666717529297
2012-07-27,132.0,134.0,131.3333282470703,134.0
2012-07-30,134.3333282470703,134.6666717529297,133.6666717529297,134.3333282470703
2012-07-31,132.0,133.3333282470703,130.6666717529297,132.6666717529297
2012-08-01,135.3333282470703,135.6666717529297,133.3333282470703,135.6666717529297
2012-08-02,138.3333282470703,139.0,137.3333282470703,138.6666717529297
2012-08-03,138.6666717529297,138.6666717529297,136.6666717529297,138.3333282470703
2012-08-06,138.3333282470703,138.3333282470703,136.0,136.0
2012-08-07,134.6666717529297,135.0,133.6666717529297,135.0
2012-08-08,133.3333282470703,133.6666717529297,133.0,133.3333282470703
2012-08-09,133.6666717529297,133.6666717529297,131.6666717529297,133.0
2012-08-10,133.3333282470703,133.6666717529297,132.6666717529297,133.0
2012-08-13,134.6666717529297,135.0,133.6666717529297,134.3333282470703
2012-08-14,136.0,138.3333282470703,134.6666717529297,138.3333282470703
2012-08-15,136.6666717529297,138.3333282470703,136.6666717529297,137.6666717529297
2012-08-16,138.6666717529297,138.6666717529297,137.6666717529297,138.3333282470703
2012-08-17,136.3333282470703,136.3333282470703,132.3333282470703,135.6666717529297
2012-08-20,136.0,136.0,135.0,135.0
2012-08-21,134.3333282470703,135.0,134.3333282470703,135.0
2012-08-22,135.6666717529297,135.6666717529297,134.3333282470703,134.3333282470703
2012-08-23,136.0,136.3333282470703,135.6666717529297,136.0
2012-08-24,133.3333282470703,135.6666717529297,133.3333282470703,133.3333282470703
2012-08-27,136.0,136.6666717529297,134.0,136.6666717529297
2012-08-28,134.3333282470703,134.3333282470703,132.0,133.3333282470703
2012-08-29,133.3333282470703,134.0,133.0,134.0
2012-08-30,133.0,133.0,133.0,133.0
2012-08-31,132.6666717529297,133.0,132.6666717529297,133.0
2012-09-03,133.0,133.3333282470703,133.0,133.3333282470703
2012-09-04,133.3333282470703,133.3333282470703,133.3333282470703,133.3333282470703
2012-09-05,133.3333282470703,133.3333282470703,132.3333282470703,132.3333282470703
2012-09-06,132.0,132.0,131.0,131.6666717529297
2012-09-07,131.6666717529297,131.6666717529297,131.6666717529297,131.6666717529297
2012-09-10,132.3333282470703,132.3333282470703,131.6666717529297,131.6666717529297
2012-09-11,130.3333282470703,132.3333282470703,130.0,132.3333282470703
2012-09-12,132.6666717529297,132.6666717529297,132.0,132.6666717529297
2012-09-13,132.6666717529297,134.3333282470703,132.6666717529297,134.3333282470703
2012-09-14,134.3333282470703,134.6666717529297,133.0,134.6666717529297
2012-09-18,134.0,134.0,132.3333282470703,134.0
2012-09-19,133.6666717529297,133.6666717529297,128.3333282470703,132.3333282470703
2012-09-20,132.6666717529297,132.6666717529297,131.0,132.3333282470703
2012-09-21,133.3333282470703,133.3333282470703,131.6666717529297,131.6666717529297
2012-09-24,132.0,134.6666717529297,132.0,132.6666717529297
2012-09-25,132.3333282470703,133.3333282470703,132.3333282470703,133.0
2012-09-26,132.6666717529297,132.6666717529297,128.3333282470703,128.3333282470703
2012-09-27,130.6666717529297,130.6666717529297,129.6666717529297,129.6666717529297
2012-09-28,129.6666717529297,131.6666717529297,129.6666717529297,131.6666717529297
2012-10-01,131.6666717529297,131.6666717529297,129.3333282470703,130.3333282470703
2012-10-02,130.6666717529297,131.0,127.33333587646484,127.33333587646484
2012-10-03,127.0,127.0,127.0,127.0
2012-10-04,128.3333282470703,128.3333282470703,127.0,128.0
2012-10-05,127.0,127.66666412353516,125.0,126.66666412353516
2012-10-09,126.66666412353516,128.0,126.66666412353516,127.66666412353516
2012-10-10,127.66666412353516,129.6666717529297,127.66666412353516,128.6666717529297
2012-10-11,129.0,130.0,129.0,129.6666717529297
2012-10-12,130.0,130.0,129.0,130.0
2012-10-15,130.0,132.6666717529297,130.0,132.6666717529297
2012-10-16,132.0,133.0,131.3333282470703,133.0
2012-10-17,131.6666717529297,132.6666717529297,131.6666717529297,132.0
2012-10-18,131.6666717529297,131.6666717529297,131.3333282470703,131.3333282470703
2012-10-19,131.3333282470703,132.0,131.3333282470703,132.0
2012-10-22,131.3333282470703,131.3333282470703,130.6666717529297,131.3333282470703
2012-10-23,132.0,132.0,132.0,132.0
2012-10-24,131.6666717529297,131.6666717529297,131.3333282470703,131.3333282470703
2012-10-25,129.3333282470703,130.3333282470703,129.3333282470703,130.3333282470703
2012-10-26,130.0,131.6666717529297,129.6666717529297,131.6666717529297
2012-10-29,129.0,131.3333282470703,129.0,131.3333282470703
2012-10-30,130.0,131.0,129.0,129.6666717529297
2012-10-31,130.0,130.0,126.33333587646484,127.66666412353516
2012-11-01,128.0,130.0,128.0,130.0
2012-11-02,130.0,130.0,127.66666412353516,128.6666717529297
2012-11-05,127.33333587646484,127.33333587646484,126.66666412353516,126.66666412353516
2012-11-06,126.66666412353516,128.3333282470703,126.66666412353516,127.0
2012-11-07,126.66666412353516,127.33333587646484,126.33333587646484,126.33333587646484
2012-11-08,126.0,129.0,125.66666412353516,129.0
2012-11-09,128.0,129.6666717529297,127.66666412353516,128.3333282470703
2012-11-12,130.0,130.0,128.0,129.6666717529297
2012-11-13,130.0,130.0,128.0,129.6666717529297
2012-11-14,130.0,130.0,128.0,129.3333282470703
2012-11-15,129.3333282470703,130.0,129.3333282470703,130.0
2012-11-16,130.0,131.3333282470703,130.0,130.6666717529297
2012-11-19,132.3333282470703,132.3333282470703,130.3333282470703,130.3333282470703
2012-11-20,129.3333282470703,130.0,127.66666412353516,130.0
2012-11-21,129.6666717529297,129.6666717529297,128.3333282470703,128.3333282470703
2012-11-22,128.0,130.0,128.0,128.0
2012-11-26,127.66666412353516,128.6666717529297,127.33333587646484,128.6666717529297
2012-11-27,128.6666717529297,129.0,128.3333282470703,128.3333282470703
2012-11-28,131.0,131.0,126.66666412353516,126.66666412353516
2012-11-29,127.0,128.0,126.33333587646484,126.66666412353516
2012-11-30,128.0,128.0,127.0,127.0
2012-12-03,127.66666412353516,127.66666412353516,126.66666412353516,126.66666412353516
2012-12-04,127.0,127.33333587646484,126.33333587646484,126.33333587646484
2012-12-05,126.33333587646484,127.66666412353516,126.0,127.33333587646484
2012-12-06,127.66666412353516,130.3333282470703,127.33333587646484,130.3333282470703
2012-12-07,131.0,131.6666717529297,130.3333282470703,131.3333282470703
2012-12-10,134.0,134.6666717529297,131.6666717529297,133.3333282470703
2012-12-11,131.6666717529297,133.3333282470703,130.6666717529297,133.3333282470703
2012-12-12,131.3333282470703,133.0,131.3333282470703,132.3333282470703
2012-12-13,133.0,133.6666717529297,131.3333282470703,133.6666717529297
2012-12-14,133.3333282470703,134.3333282470703,132.3333282470703,133.6666717529297
2012-12-17,134.3333282470703,134.6666717529297,133.0,134.6666717529297
2012-12-18,129.3333282470703,132.0,129.3333282470703,131.0
2012-12-19,132.0,132.0,131.6666717529297,132.0
2012-12-20,131.6666717529297,133.3333282470703,131.3333282470703,133.3333282470703
2012-12-21,133.6666717529297,134.0,132.6666717529297,132.6666717529297
2012-12-25,135.6666717529297,135.6666717529297,132.6666717529297,134.0
2012-12-26,135.0,140.0,135.0,140.0
2012-12-27,140.0,140.0,137.3333282470703,139.0
2012-12-28,138.6666717529297,140.0,138.3333282470703,139.3333282470703
2013-01-04,139.3333282470703,140.3333282470703,139.3333282470703,140.3333282470703
2013-01-07,141.6666717529297,141.6666717529297,139.6666717529297,140.3333282470703
2013-01-08,140.3333282470703,140.3333282470703,139.3333282470703,140.3333282470703
2013-01-09,137.6666717529297,140.0,137.3333282470703,138.3333282470703
2013-01-10,139.3333282470703,139.6666717529297,138.6666717529297,139.6666717529297
2013-01-11,140.0,140.0,138.0,139.3333282470703
2013-01-15,139.6666717529297,140.0,138.3333282470703,139.6666717529297
2013-01-16,137.0,139.0,137.0,138.3333282470703
2013-01-17,139.3333282470703,139.6666717529297,138.0,139.6666717529297
2013-01-18,141.0,141.0,139.0,139.0
2013-01-21,139.0,139.6666717529297,139.0,139.6666717529297
2013-01-22,139.6666717529297,139.6666717529297,139.0,139.3333282470703
2013-01-23,139.3333282470703,139.3333282470703,138.6666717529297,138.6666717529297
2013-01-24,139.3333282470703,139.3333282470703,139.0,139.0
2013-01-25,138.6666717529297,139.6666717529297,137.6666717529297,139.3333282470703
2013-01-28,139.3333282470703,139.6666717529297,138.3333282470703,139.6666717529297
2013-01-29,139.6666717529297,139.6666717529297,139.3333282470703,139.3333282470703
2013-01-30,139.0,139.6666717529297,139.0,139.0
2013-01-31,139.6666717529297,139.6666717529297,139.0,139.3333282470703
2013-02-01,139.3333282470703,139.6666717529297,139.0,139.6666717529297
2013-02-04,139.6666717529297,139.6666717529297,139.0,139.6666717529297
2013-02-05,139.6666717529297,139.6666717529297,138.6666717529297,139.6666717529297
2013-02-06,139.6666717529297,139.6666717529297,137.6666717529297,139.0
2013-02-07,140.0,140.0,138.3333282470703,139.3333282470703
2013-02-08,139.3333282470703,139.3333282470703,138.6666717529297,139.3333282470703
2013-02-12,140.0,140.0,139.3333282470703,139.3333282470703
2013-02-13,140.0,140.0,138.3333282470703,138.3333282470703
2013-02-14,139.3333282470703,139.3333282470703,138.3333282470703,138.3333282470703
2013-02-15,138.3333282470703,139.0,137.6666717529297,138.6666717529297
2013-02-18,135.6666717529297,137.6666717529297,135.6666717529297,137.6666717529297
2013-02-19,138.6666717529297,139.3333282470703,138.3333282470703,139.3333282470703
2013-02-20,140.0,140.0,139.0,139.3333282470703
2013-02-21,140.0,140.0,139.0,139.0
2013-02-22,140.0,140.0,139.3333282470703,139.6666717529297
2013-02-25,141.3333282470703,141.3333282470703,140.0,141.3333282470703
2013-02-26,140.0,141.3333282470703,139.3333282470703,141.3333282470703
2013-02-27,141.3333282470703,141.6666717529297,141.0,141.6666717529297
2013-02-28,141.3333282470703,141.6666717529297,141.0,141.3333282470703
2013-03-01,141.3333282470703,141.6666717529297,140.6666717529297,141.0
2013-03-04,141.3333282470703,141.3333282470703,141.0,141.3333282470703
2013-03-05,141.3333282470703,141.6666717529297,140.6666717529297,141.0
2013-03-06,141.0,141.3333282470703,141.0,141.0
2013-03-07,141.3333282470703,141.3333282470703,139.0,141.0
2013-03-08,141.0,141.3333282470703,140.0,140.3333282470703
2013-03-11,141.3333282470703,141.3333282470703,141.0,141.3333282470703
2013-03-12,141.3333282470703,146.6666717529297,141.3333282470703,141.6666717529297
2013-03-13,143.0,145.0,141.6666717529297,143.6666717529297
2013-03-14,145.0,145.0,143.0,145.0
2013-03-15,146.3333282470703,149.6666717529297,146.3333282470703,148.3333282470703
2013-03-18,149.3333282470703,149.3333282470703,148.6666717529297,149.0
2013-03-19,150.0,150.3333282470703,148.3333282470703,149.6666717529297
2013-03-21,150.6666717529297,150.6666717529297,143.6666717529297,148.0
2013-03-22,148.6666717529297,150.0,146.0,149.0
2013-03-25,149.3333282470703,150.0,148.6666717529297,150.0
2013-03-26,149.6666717529297,150.3333282470703,149.3333282470703,150.3333282470703
2013-03-27,144.3333282470703,145.0,141.6666717529297,143.0
2013-03-28,142.6666717529297,142.6666717529297,139.0,139.0
2013-03-29,139.6666717529297,139.6666717529297,138.6666717529297,138.6666717529297
2013-04-01,138.6666717529297,138.6666717529297,136.0,136.0
2013-04-02,134.6666717529297,134.6666717529297,133.3333282470703,134.3333282470703
2013-04-03,136.6666717529297,137.3333282470703,134.3333282470703,137.3333282470703
2013-04-04,137.3333282470703,138.3333282470703,136.6666717529297,137.3333282470703
2013-04-05,137.6666717529297,138.6666717529297,137.0,137.0
2013-04-08,136.6666717529297,138.3333282470703,133.6666717529297,138.3333282470703
2013-04-09,138.6666717529297,139.0,137.3333282470703,138.0
2013-04-10,139.0,140.0,137.3333282470703,137.6666717529297
2013-04-11,139.3333282470703,140.0,137.6666717529297,138.3333282470703
2013-04-12,139.3333282470703,140.0,138.0,139.6666717529297
2013-04-15,142.0,142.6666717529297,140.0,142.0
2013-04-16,142.0,142.6666717529297,140.3333282470703,142.6666717529297
2013-04-17,143.0,143.0,141.6666717529297,143.0
2013-04-18,142.6666717529297,143.0,141.6666717529297,142.6666717529297
2013-04-19,142.6666717529297,142.6666717529297,141.6666717529297,142.3333282470703
2013-04-22,142.6666717529297,144.0,141.6666717529297,144.0
2013-04-23,144.6666717529297,144.6666717529297,142.3333282470703,144.6666717529297
2013-04-24,145.0,146.3333282470703,142.6666717529297,144.6666717529297
2013-04-25,146.0,146.3333282470703,143.6666717529297,144.0
2013-04-26,143.6666717529297,150.0,143.3333282470703,146.6666717529297
2013-04-30,146.6666717529297,146.6666717529297,143.6666717529297,144.0
2013-05-01,144.0,145.0,143.3333282470703,143.3333282470703
2013-05-02,143.3333282470703,145.0,140.6666717529297,142.3333282470703
2013-05-07,142.6666717529297,146.6666717529297,142.6666717529297,143.6666717529297
2013-05-08,143.3333282470703,146.0,143.3333282470703,145.0
2013-05-09,144.3333282470703,145.6666717529297,144.0,145.3333282470703
2013-05-10,145.0,150.0,144.6666717529297,149.6666717529297
2013-05-13,149.6666717529297,149.6666717529297,146.0,147.6666717529297
2013-05-14,147.6666717529297,147.6666717529297,141.3333282470703,146.0
2013-05-15,147.0,149.3333282470703,146.6666717529297,147.0
2013-05-16,148.3333282470703,150.0,144.6666717529297,146.6666717529297
2013-05-17,148.0,148.0,146.6666717529297,147.0
2013-05-20,148.0,148.3333282470703,145.0,148.3333282470703
2013-05-21,148.3333282470703,149.3333282470703,148.3333282470703,148.3333282470703
2013-05-22,147.3333282470703,147.3333282470703,145.0,146.6666717529297
2013-05-23,146.6666717529297,147.0,145.0,146.3333282470703
2013-05-24,147.3333282470703,147.3333282470703,145.0,145.0
2013-05-27,143.3333282470703,143.3333282470703,141.6666717529297,143.3333282470703
2013-05-28,141.3333282470703,141.6666717529297,141.0,141.6666717529297
2013-05-29,142.6666717529297,143.3333282470703,142.6666717529297,143.3333282470703
2013-05-30,143.3333282470703,143.3333282470703,140.0,140.0
2013-05-31,143.0,143.0,140.6666717529297,142.6666717529297
2013-06-03,142.6666717529297,145.0,142.6666717529297,143.0
2013-06-04,143.0,143.0,142.0,142.0
2013-06-05,141.0,141.6666717529297,139.3333282470703,139.3333282470703
2013-06-06,137.0,137.6666717529297,136.6666717529297,136.6666717529297
2013-06-07,136.0,136.0,133.3333282470703,133.3333282470703
2013-06-10,134.3333282470703,136.6666717529297,134.3333282470703,136.6666717529297
2013-06-11,137.3333282470703,137.3333282470703,134.0,136.6666717529297
2013-06-12,136.6666717529297,139.3333282470703,136.6666717529297,139.3333282470703
2013-06-13,139.6666717529297,142.3333282470703,138.6666717529297,142.3333282470703
2013-06-14,141.6666717529297,142.3333282470703,140.0,142.0
2013-06-17,142.0,142.0,136.6666717529297,141.6666717529297
2013-06-18,140.0,141.0,140.0,140.0
2013-06-19,141.6666717529297,141.6666717529297,141.6666717529297,141.6666717529297
2013-06-20,141.6666717529297,141.6666717529297,141.3333282470703,141.3333282470703
2013-06-21,141.3333282470703,141.3333282470703,138.3333282470703,140.3333282470703
2013-06-24,140.3333282470703,140.3333282470703,139.3333282470703,139.3333282470703
2013-06-25,142.6666717529297,143.0,140.3333282470703,142.6666717529297
2013-06-26,140.3333282470703,140.3333282470703,139.0,140.0
2013-06-27,138.6666717529297,141.6666717529297,138.6666717529297,141.6666717529297
2013-06-28,141.3333282470703,141.3333282470703,140.3333282470703,140.3333282470703
2013-07-01,140.3333282470703,140.3333282470703,140.0,140.0
2013-07-02,141.0,141.6666717529297,140.0,141.6666717529297
2013-07-03,141.6666717529297,141.6666717529297,140.0,140.3333282470703
2013-07-04,140.3333282470703,141.6666717529297,138.6666717529297,140.0
2013-07-05,140.0,140.0,139.3333282470703,139.6666717529297
2013-07-08,140.0,140.6666717529297,139.6666717529297,139.6666717529297
2013-07-09,139.6666717529297,141.0,138.6666717529297,141.0
2013-07-10,141.3333282470703,141.3333282470703,140.3333282470703,140.3333282470703
2013-07-11,141.6666717529297,141.6666717529297,141.0,141.6666717529297
2013-07-12,142.0,142.6666717529297,141.6666717529297,142.6666717529297
2013-07-16,145.3333282470703,145.3333282470703,142.6666717529297,144.6666717529297
2013-07-17,143.6666717529297,144.6666717529297,143.6666717529297,144.6666717529297
2013-07-18,145.0,145.0,144.0,145.0
2013-07-19,145.0,145.0,143.0,143.0
2013-07-22,145.0,145.3333282470703,144.0,145.3333282470703
2013-07-23,146.0,146.3333282470703,145.3333282470703,145.6666717529297
2013-07-24,146.6666717529297,146.6666717529297,146.0,146.6666717529297
2013-07-25,145.3333282470703,146.3333282470703,145.3333282470703,146.0
2013-07-26,145.0,145.6666717529297,145.0,145.6666717529297
2013-07-29,148.3333282470703,148.3333282470703,142.0,145.3333282470703
2013-07-30,149.6666717529297,150.0,147.0,150.0
2013-07-31,151.0,151.6666717529297,146.6666717529297,148.3333282470703
2013-08-01,147.6666717529297,149.3333282470703,146.6666717529297,149.3333282470703
2013-08-02,148.3333282470703,150.3333282470703,145.0,145.0
2013-08-05,146.6666717529297,149.3333282470703,141.6666717529297,144.3333282470703
2013-08-06,145.0,147.0,143.3333282470703,145.0
2013-08-07,147.3333282470703,147.3333282470703,144.3333282470703,147.3333282470703
2013-08-08,147.6666717529297,147.6666717529297,145.3333282470703,145.3333282470703
2013-08-09,146.0,147.3333282470703,140.0,143.6666717529297
2013-08-12,142.3333282470703,146.6666717529297,142.3333282470703,146.6666717529297
2013-08-13,147.3333282470703,147.3333282470703,145.6666717529297,147.3333282470703
2013-08-14,148.3333282470703,148.3333282470703,144.3333282470703,147.6666717529297
2013-08-15,148.3333282470703,149.0,147.0,149.0
2013-08-16,148.3333282470703,149.3333282470703,146.3333282470703,149.3333282470703
2013-08-19,150.0,150.0,148.0,150.0
2013-08-20,150.0,150.0,148.6666717529297,149.3333282470703
2013-08-21,149.6666717529297,149.6666717529297,148.6666717529297,148.6666717529297
2013-08-22,149.3333282470703,149.3333282470703,147.3333282470703,147.6666717529297
2013-08-23,149.0,149.3333282470703,147.0,147.3333282470703
2013-08-26,147.0,147.0,145.0,145.0
2013-08-27,145.0,146.3333282470703,145.0,146.3333282470703
2013-08-28,145.0,148.3333282470703,145.0,148.3333282470703
2013-08-29,145.6666717529297,145.6666717529297,144.0,144.0
2013-08-30,144.0,144.0,144.0,144.0
2013-09-02,144.0,145.0,144.0,145.0
2013-09-03,146.3333282470703,146.6666717529297,142.0,146.6666717529297
2013-09-04,145.6666717529297,147.0,145.0,146.0
2013-09-05,146.3333282470703,146.6666717529297,145.0,146.6666717529297
2013-09-06,144.6666717529297,147.3333282470703,144.6666717529297,147.3333282470703
2013-09-09,148.0,149.6666717529297,147.3333282470703,147.3333282470703
2013-09-10,147.3333282470703,150.3333282470703,147.3333282470703,150.3333282470703
2013-09-11,152.0,153.6666717529297,151.3333282470703,151.3333282470703
2013-09-12,153.0,153.3333282470703,151.3333282470703,152.3333282470703
2013-09-13,153.3333282470703,154.0,151.0,154.0
2013-09-17,155.0,155.0,151.0,155.0
2013-09-18,155.3333282470703,156.0,154.3333282470703,156.0
2013-09-19,157.3333282470703,157.3333282470703,154.6666717529297,155.3333282470703
2013-09-20,156.6666717529297,156.6666717529297,151.3333282470703,155.3333282470703
2013-09-24,155.3333282470703,156.3333282470703,153.3333282470703,153.3333282470703
2013-09-25,153.3333282470703,155.0,151.6666717529297,153.3333282470703
2013-09-26,151.3333282470703,154.6666717529297,150.0,153.3333282470703
2013-09-27,154.6666717529297,154.6666717529297,153.3333282470703,153.3333282470703
2013-09-30,154.3333282470703,154.3333282470703,151.6666717529297,153.3333282470703
2013-10-01,153.3333282470703,155.0,150.6666717529297,150.6666717529297
2013-10-02,152.6666717529297,154.0,151.0,151.3333282470703
2013-10-03,150.6666717529297,151.0,150.0,150.6666717529297
2013-10-04,150.6666717529297,152.3333282470703,150.3333282470703,152.3333282470703
2013-10-07,152.3333282470703,152.3333282470703,150.0,150.0
2013-10-08,150.0,151.0,149.3333282470703,150.6666717529297
2013-10-09,150.6666717529297,151.6666717529297,150.3333282470703,151.3333282470703
2013-10-10,152.0,152.0,150.0,150.0
2013-10-11,152.3333282470703,153.3333282470703,151.3333282470703,153.3333282470703
2013-10-15,156.0,156.3333282470703,154.3333282470703,156.3333282470703
2013-10-16,156.0,156.3333282470703,155.6666717529297,156.3333282470703
2013-10-17,156.6666717529297,156.6666717529297,155.3333282470703,155.3333282470703
2013-10-18,156.3333282470703,156.3333282470703,153.3333282470703,156.3333282470703
2013-10-21,156.0,156.0,154.0,154.0
2013-10-22,155.0,155.0,154.0,154.0
2013-10-23,156.0,156.0,154.3333282470703,154.3333282470703
2013-10-24,155.6666717529297,156.0,150.6666717529297,150.6666717529297
2013-10-25,151.3333282470703,154.0,151.3333282470703,153.3333282470703
2013-10-28,153.0,153.3333282470703,150.0,151.6666717529297
2013-10-29,151.6666717529297,151.6666717529297,151.6666717529297,151.6666717529297
2013-10-30,151.3333282470703,154.6666717529297,150.3333282470703,151.6666717529297
2013-10-31,153.0,153.3333282470703,152.0,152.0
2013-11-01,152.0,152.6666717529297,151.6666717529297,151.6666717529297
2013-11-05,151.6666717529297,153.3333282470703,151.3333282470703,153.0
2013-11-06,153.0,153.0,150.3333282470703,150.3333282470703
2013-11-07,151.6666717529297,152.6666717529297,151.6666717529297,152.6666717529297
2013-11-08,151.6666717529297,153.0,150.3333282470703,151.3333282470703
2013-11-11,150.6666717529297,151.3333282470703,150.3333282470703,151.3333282470703
2013-11-12,151.3333282470703,151.6666717529297,150.6666717529297,150.6666717529297
2013-11-13,152.6666717529297,152.6666717529297,151.3333282470703,151.6666717529297
2013-11-14,151.6666717529297,152.6666717529297,150.0,151.6666717529297
2013-11-15,152.0,153.0,152.0,153.0
2013-11-18,153.3333282470703,154.3333282470703,153.0,154.3333282470703
2013-11-19,154.6666717529297,158.0,153.6666717529297,158.0
2013-11-20,154.0,156.6666717529297,154.0,154.0
2013-11-21,154.3333282470703,155.0,153.6666717529297,153.6666717529297
2013-11-22,156.0,156.0,153.3333282470703,153.6666717529297
2013-11-25,153.0,155.6666717529297,153.0,154.6666717529297
2013-11-26,154.6666717529297,155.0,154.3333282470703,155.0
2013-11-27,154.6666717529297,155.0,151.6666717529297,152.3333282470703
2013-11-28,153.3333282470703,154.6666717529297,153.0,153.0
2013-11-29,153.0,153.3333282470703,152.3333282470703,153.0
2013-12-02,153.3333282470703,154.6666717529297,153.0,153.0
2013-12-03,153.3333282470703,154.6666717529297,152.3333282470703,152.6666717529297
2013-12-04,153.0,153.6666717529297,152.3333282470703,153.6666717529297
2013-12-05,152.6666717529297,153.0,152.6666717529297,152.6666717529297
2013-12-06,153.0,154.3333282470703,153.0,153.3333282470703
2013-12-09,154.0,155.0,154.0,155.0
2013-12-10,155.0,155.3333282470703,149.0,152.6666717529297
2013-12-11,150.3333282470703,153.3333282470703,150.3333282470703,153.3333282470703
2013-12-12,153.3333282470703,154.3333282470703,152.3333282470703,154.3333282470703
2013-12-13,154.6666717529297,154.6666717529297,153.6666717529297,154.6666717529297
2013-12-16,155.3333282470703,155.3333282470703,153.0,154.6666717529297
2013-12-17,153.3333282470703,153.3333282470703,153.0,153.3333282470703
2013-12-18,154.3333282470703,154.3333282470703,151.6666717529297,151.6666717529297
2013-12-19,153.0,153.3333282470703,151.0,151.6666717529297
2013-12-20,152.6666717529297,153.3333282470703,151.3333282470703,152.6666717529297
2013-12-24,153.3333282470703,153.3333282470703,151.0,153.3333282470703
2013-12-25,151.6666717529297,152.6666717529297,150.6666717529297,152.6666717529297
2013-12-26,154.6666717529297,157.3333282470703,154.3333282470703,157.3333282470703
2013-12-27,160.0,160.0,157.6666717529297,159.0
2013-12-30,161.6666717529297,162.3333282470703,161.0,161.6666717529297
2014-01-06,163.0,163.0,161.6666717529297,162.0
2014-01-07,162.6666717529297,162.6666717529297,162.0,162.6666717529297
2014-01-08,160.3333282470703,161.6666717529297,160.0,161.0
2014-01-09,161.6666717529297,162.3333282470703,160.0,162.0
2014-01-10,162.0,164.3333282470703,162.0,164.0
2014-01-14,164.0,164.3333282470703,162.3333282470703,163.3333282470703
2014-01-15,164.6666717529297,164.6666717529297,163.6666717529297,164.6666717529297
2014-01-16,165.0,169.0,165.0,169.0
2014-01-17,168.0,168.6666717529297,164.6666717529297,167.6666717529297
2014-01-20,169.3333282470703,169.6666717529297,167.3333282470703,167.3333282470703
2014-01-21,167.3333282470703,168.3333282470703,167.3333282470703,168.0
2014-01-22,168.3333282470703,168.3333282470703,167.6666717529297,168.3333282470703
2014-01-23,169.0,169.0,166.3333282470703,166.3333282470703
2014-01-24,166.3333282470703,166.3333282470703,163.6666717529297,164.0
2014-01-27,161.0,164.3333282470703,161.0,161.3333282470703
2014-01-28,163.6666717529297,165.0,163.3333282470703,163.3333282470703
2014-01-29,163.0,179.3333282470703,163.0,177.0
2014-01-30,167.3333282470703,170.6666717529297,166.6666717529297,167.6666717529297
2014-01-31,168.0,171.0,168.0,168.0
2014-02-03,168.0,169.6666717529297,168.0,168.6666717529297
2014-02-04,167.0,175.0,164.0,175.0
2014-02-05,173.3333282470703,173.3333282470703,163.0,164.0
2014-02-06,168.3333282470703,168.6666717529297,165.6666717529297,167.0
2014-02-07,168.3333282470703,169.0,164.6666717529297,164.6666717529297
2014-02-10,165.0,166.3333282470703,165.0,165.6666717529297
2014-02-12,166.6666717529297,166.6666717529297,166.0,166.6666717529297
2014-02-13,167.6666717529297,167.6666717529297,166.6666717529297,167.0
2014-02-14,167.6666717529297,167.6666717529297,164.3333282470703,165.0
2014-02-17,165.3333282470703,170.0,165.3333282470703,167.6666717529297
2014-02-18,169.6666717529297,170.3333282470703,169.0,170.3333282470703
2014-02-19,170.0,170.3333282470703,169.3333282470703,170.3333282470703
2014-02-20,170.3333282470703,170.3333282470703,167.0,167.0
2014-02-21,170.0,170.0,163.3333282470703,166.6666717529297
2014-02-24,169.3333282470703,169.3333282470703,167.6666717529297,169.0
2014-02-25,169.6666717529297,169.6666717529297,165.0,167.0
2014-02-26,168.0,168.3333282470703,166.3333282470703,166.3333282470703
2014-02-27,166.6666717529297,177.0,166.0,169.6666717529297
2014-02-28,168.0,169.0,165.3333282470703,165.3333282470703
2014-03-03,166.3333282470703,166.6666717529297,165.3333282470703,166.3333282470703
2014-03-04,167.3333282470703,167.3333282470703,165.0,166.0
2014-03-05,167.6666717529297,167.6666717529297,166.3333282470703,166.3333282470703
2014-03-06,167.6666717529297,168.0,165.6666717529297,166.6666717529297
2014-03-07,168.0,168.0,166.3333282470703,167.3333282470703
2014-03-10,168.0,168.3333282470703,167.3333282470703,168.0
2014-03-11,168.3333282470703,168.3333282470703,167.6666717529297,168.0
2014-03-12,168.6666717529297,169.6666717529297,168.0,169.6666717529297
2014-03-13,169.6666717529297,170.3333282470703,169.3333282470703,169.6666717529297
2014-03-14,170.3333282470703,170.3333282470703,168.3333282470703,169.0
2014-03-17,170.3333282470703,171.0,166.6666717529297,167.0
2014-03-18,168.6666717529297,170.0,167.6666717529297,170.0
2014-03-19,170.0,170.3333282470703,168.6666717529297,170.3333282470703
2014-03-20,170.3333282470703,170.3333282470703,166.6666717529297,168.0
2014-03-24,168.6666717529297,170.0,168.3333282470703,169.6666717529297
2014-03-25,170.0,170.0,167.6666717529297,169.6666717529297
2014-03-26,167.3333282470703,169.0,167.3333282470703,168.0
2014-03-27,167.3333282470703,167.3333282470703,164.6666717529297,166.6666717529297
2014-03-28,166.6666717529297,166.6666717529297,165.0,165.6666717529297
2014-03-31,163.3333282470703,166.0,163.3333282470703,166.0
2014-04-01,166.0,166.0,164.3333282470703,166.0
2014-04-02,165.6666717529297,165.6666717529297,164.0,164.6666717529297
2014-04-03,164.6666717529297,165.3333282470703,160.0,164.6666717529297
2014-04-04,165.6666717529297,165.6666717529297,162.3333282470703,163.3333282470703
2014-04-07,163.3333282470703,164.3333282470703,162.3333282470703,162.6666717529297
2014-04-08,162.3333282470703,164.3333282470703,162.3333282470703,162.3333282470703
2014-04-09,162.0,162.0,155.0,155.3333282470703
2014-04-10,157.0,158.3333282470703,157.0,158.3333282470703
2014-04-11,158.3333282470703,159.3333282470703,157.0,157.3333282470703
2014-04-14,158.3333282470703,161.6666717529297,157.0,161.0
2014-04-15,161.6666717529297,162.0,159.6666717529297,161.3333282470703
2014-04-16,162.3333282470703,163.3333282470703,160.0,163.3333282470703
2014-04-17,163.3333282470703,163.3333282470703,161.6666717529297,162.0
2014-04-18,163.0,163.0,163.0,163.0
2014-04-21,160.3333282470703,163.6666717529297,160.0,160.0
2014-04-22,160.3333282470703,161.6666717529297,160.3333282470703,160.3333282470703
2014-04-23,161.3333282470703,161.3333282470703,161.0,161.0
2014-04-24,161.6666717529297,161.6666717529297,160.0,160.0
2014-04-25,160.0,161.3333282470703,157.6666717529297,158.0
2014-04-28,157.0,158.0,154.0,155.6666717529297
2014-04-30,156.6666717529297,156.6666717529297,155.0,155.3333282470703
2014-05-01,156.0,156.3333282470703,155.3333282470703,156.3333282470703
2014-05-02,156.3333282470703,156.3333282470703,156.0,156.0
2014-05-07,156.0,156.0,155.0,155.6666717529297
2014-05-08,156.6666717529297,156.6666717529297,150.3333282470703,150.3333282470703
2014-05-09,151.6666717529297,156.6666717529297,151.6666717529297,153.6666717529297
2014-05-12,156.6666717529297,156.6666717529297,153.3333282470703,153.6666717529297
2014-05-13,156.3333282470703,156.3333282470703,150.0,150.0
2014-05-14,152.6666717529297,156.0,151.0,156.0
2014-05-15,154.6666717529297,156.6666717529297,154.6666717529297,156.6666717529297
2014-05-16,156.0,156.0,155.3333282470703,155.6666717529297
2014-05-19,155.6666717529297,156.3333282470703,150.6666717529297,151.6666717529297
2014-05-20,152.6666717529297,152.6666717529297,150.3333282470703,150.3333282470703
2014-05-21,152.3333282470703,152.3333282470703,151.6666717529297,152.3333282470703
2014-05-22,154.0,154.0,152.0,152.6666717529297
2014-05-23,154.6666717529297,154.6666717529297,151.6666717529297,151.6666717529297
2014-05-26,151.6666717529297,151.6666717529297,151.0,151.6666717529297
2014-05-27,151.6666717529297,152.3333282470703,151.3333282470703,152.3333282470703
2014-05-28,152.3333282470703,152.3333282470703,151.3333282470703,151.3333282470703
2014-05-29,152.0,152.3333282470703,151.3333282470703,152.3333282470703
2014-05-30,151.3333282470703,152.3333282470703,151.3333282470703,152.3333282470703
2014-06-02,152.3333282470703,162.0,151.6666717529297,159.6666717529297
2014-06-03,159.3333282470703,159.6666717529297,156.3333282470703,156.3333282470703
2014-06-04,157.3333282470703,157.3333282470703,155.3333282470703,157.3333282470703
2014-06-05,157.0,157.3333282470703,156.3333282470703,156.6666717529297
2014-06-06,157.3333282470703,158.0,155.3333282470703,155.6666717529297
2014-06-09,158.0,158.0,157.0,157.3333282470703
2014-06-10,156.3333282470703,157.0,156.3333282470703,156.6666717529297
2014-06-11,157.3333282470703,157.3333282470703,156.0,156.0
2014-06-12,156.6666717529297,157.3333282470703,156.0,157.3333282470703
2014-06-13,157.3333282470703,159.0,156.6666717529297,158.0
2014-06-16,159.3333282470703,161.6666717529297,159.3333282470703,161.6666717529297
2014-06-17,162.0,162.6666717529297,161.3333282470703,162.0
2014-06-18,163.3333282470703,164.0,163.3333282470703,164.0
2014-06-19,164.0,164.6666717529297,163.6666717529297,163.6666717529297
2014-06-20,163.6666717529297,165.0,163.6666717529297,164.0
2014-06-23,164.6666717529297,166.0,164.6666717529297,166.0
2014-06-24,166.3333282470703,168.0,166.0,168.0
2014-06-25,164.6666717529297,166.0,163.6666717529297,165.6666717529297
2014-06-26,164.0,165.0,163.3333282470703,164.3333282470703
2014-06-27,164.3333282470703,164.6666717529297,161.3333282470703,161.3333282470703
2014-06-30,162.0,164.0,162.0,164.0
2014-07-01,163.3333282470703,165.3333282470703,163.3333282470703,165.3333282470703
2014-07-02,166.3333282470703,166.3333282470703,164.6666717529297,164.6666717529297
2014-07-03,166.0,166.0,165.0,165.0
2014-07-04,164.0,167.3333282470703,163.3333282470703,165.0
2014-07-07,165.3333282470703,168.0,164.3333282470703,165.3333282470703
2014-07-08,165.0,168.3333282470703,165.0,166.6666717529297
2014-07-09,166.6666717529297,166.6666717529297,165.0,165.0
2014-07-10,165.0,166.6666717529297,165.0,166.0
2014-07-11,166.6666717529297,167.6666717529297,165.3333282470703,167.6666717529297
2014-07-14,168.0,168.3333282470703,167.6666717529297,168.0
2014-07-15,168.0,168.3333282470703,167.3333282470703,168.3333282470703
2014-07-16,167.3333282470703,168.0,163.6666717529297,166.3333282470703
2014-07-17,165.3333282470703,165.3333282470703,162.3333282470703,163.3333282470703
2014-07-18,163.0,163.0,161.0,161.3333282470703
2014-07-22,164.0,166.3333282470703,163.3333282470703,163.3333282470703
2014-07-23,165.6666717529297,165.6666717529297,163.3333282470703,163.3333282470703
2014-07-24,165.0,165.3333282470703,163.3333282470703,163.3333282470703
2014-07-25,162.6666717529297,164.3333282470703,161.6666717529297,161.6666717529297
2014-07-28,161.6666717529297,164.0,161.0,164.0
2014-07-29,167.6666717529297,168.3333282470703,165.6666717529297,166.0
2014-07-30,168.0,168.0,167.0,167.6666717529297
2014-07-31,168.0,168.3333282470703,167.3333282470703,168.0
2014-08-01,167.6666717529297,169.3333282470703,167.0,168.6666717529297
2014-08-04,168.3333282470703,168.3333282470703,168.3333282470703,168.3333282470703
2014-08-05,168.3333282470703,168.6666717529297,166.6666717529297,167.0
2014-08-06,166.6666717529297,167.0,166.0,166.0
2014-08-07,164.3333282470703,166.0,164.0,165.3333282470703
2014-08-08,164.6666717529297,165.6666717529297,160.3333282470703,164.3333282470703
2014-08-11,164.3333282470703,167.3333282470703,164.3333282470703,166.3333282470703
2014-08-12,168.0,168.3333282470703,165.3333282470703,165.6666717529297
2014-08-13,167.6666717529297,168.0,165.3333282470703,167.6666717529297
2014-08-14,168.0,168.3333282470703,167.6666717529297,168.3333282470703
2014-08-15,168.3333282470703,168.6666717529297,166.3333282470703,168.6666717529297
2014-08-18,168.0,168.3333282470703,166.6666717529297,167.6666717529297
2014-08-19,168.0,168.0,166.6666717529297,167.0
2014-08-20,168.0,168.3333282470703,167.0,167.6666717529297
2014-08-21,168.0,168.0,166.6666717529297,166.6666717529297
2014-08-22,168.0,168.3333282470703,167.0,167.3333282470703
2014-08-25,168.3333282470703,168.3333282470703,167.3333282470703,168.0
2014-08-26,168.0,168.3333282470703,167.3333282470703,168.3333282470703
2014-08-27,168.6666717529297,169.6666717529297,168.0,168.0
2014-08-28,169.3333282470703,170.3333282470703,168.0,168.0
2014-08-29,169.0,171.3333282470703,168.0,169.6666717529297
2014-09-01,171.6666717529297,176.3333282470703,170.6666717529297,173.3333282470703
2014-09-02,174.0,176.6666717529297,171.0,171.0
2014-09-03,174.3333282470703,176.6666717529297,171.0,173.3333282470703
2014-09-04,173.0,174.0,172.6666717529297,172.6666717529297
2014-09-05,173.3333282470703,173.3333282470703,167.0,167.3333282470703
2014-09-08,168.0,171.3333282470703,168.0,171.0
2014-09-09,173.3333282470703,174.3333282470703,171.6666717529297,173.6666717529297
2014-09-10,175.0,176.3333282470703,173.3333282470703,174.0
2014-09-11,176.0,176.0,173.6666717529297,174.3333282470703
2014-09-12,175.3333282470703,175.3333282470703,173.6666717529297,174.6666717529297
2014-09-16,178.0,178.0,175.0,176.0
2014-09-17,176.3333282470703,176.6666717529297,174.6666717529297,175.6666717529297
2014-09-18,177.6666717529297,177.6666717529297,175.0,176.3333282470703
2014-09-19,176.3333282470703,178.0,175.0,175.6666717529297
2014-09-22,177.0,178.0,174.6666717529297,176.6666717529297
2014-09-24,176.6666717529297,177.6666717529297,174.6666717529297,175.0
2014-09-25,177.0,178.3333282470703,176.0,178.0
2014-09-26,173.6666717529297,176.6666717529297,173.6666717529297,175.0
2014-09-29,175.0,178.3333282470703,174.0,175.6666717529297
2014-09-30,177.0,177.0,173.3333282470703,175.6666717529297
2014-10-01,175.6666717529297,178.0,175.6666717529297,175.6666717529297
2014-10-02,174.0,174.0,171.6666717529297,172.0
2014-10-03,172.0,172.0,171.0,171.0
2014-10-06,172.0,173.3333282470703,171.0,171.0
2014-10-07,173.0,173.0,171.6666717529297,172.6666717529297
2014-10-08,172.0,172.6666717529297,172.0,172.6666717529297
2014-10-09,173.0,175.0,172.0,172.6666717529297
2014-10-10,172.3333282470703,172.3333282470703,170.0,170.0
2014-10-14,169.6666717529297,170.0,160.6666717529297,167.6666717529297
2014-10-15,167.3333282470703,172.0,167.3333282470703,169.0
2014-10-16,166.6666717529297,168.0,166.3333282470703,168.0
2014-10-17,165.0,171.0,164.3333282470703,165.0
2014-10-20,169.6666717529297,169.6666717529297,166.0,169.3333282470703
2014-10-21,169.0,169.0,168.0,168.0
2014-10-22,169.6666717529297,169.6666717529297,165.6666717529297,168.6666717529297
2014-10-23,168.6666717529297,168.6666717529297,167.6666717529297,167.6666717529297
2014-10-24,169.0,169.0,168.0,168.0
2014-10-27,167.6666717529297,168.3333282470703,166.0,168.0
2014-10-28,168.3333282470703,168.3333282470703,165.6666717529297,167.3333282470703
2014-10-29,167.0,169.3333282470703,165.0,166.0
2014-10-30,166.6666717529297,167.6666717529297,159.6666717529297,161.6666717529297
2014-10-31,162.3333282470703,167.0,161.0,164.0
2014-11-04,167.3333282470703,170.0,164.6666717529297,164.6666717529297
2014-11-05,165.0,166.6666717529297,165.0,165.6666717529297
2014-11-06,166.3333282470703,168.0,165.6666717529297,165.6666717529297
2014-11-07,167.6666717529297,167.6666717529297,165.6666717529297,166.6666717529297
2014-11-10,166.6666717529297,166.6666717529297,164.0,166.0
2014-11-11,166.3333282470703,166.6666717529297,165.0,166.3333282470703
2014-11-12,166.3333282470703,167.3333282470703,165.6666717529297,165.6666717529297
2014-11-13,166.3333282470703,166.3333282470703,166.0,166.0
2014-11-14,166.6666717529297,168.0,166.3333282470703,168.0
2014-11-17,168.3333282470703,168.3333282470703,167.0,167.6666717529297
2014-11-18,168.0,168.3333282470703,166.3333282470703,167.6666717529297
2014-11-19,169.0,169.3333282470703,168.0,168.6666717529297
2014-11-20,169.0,169.3333282470703,167.6666717529297,169.0
2014-11-21,169.3333282470703,169.3333282470703,167.6666717529297,167.6666717529297
2014-11-25,169.3333282470703,169.6666717529297,168.6666717529297,169.6666717529297
2014-11-26,169.3333282470703,170.0,169.0,169.6666717529297
2014-11-27,169.3333282470703,169.6666717529297,169.3333282470703,169.3333282470703
2014-11-28,169.3333282470703,169.3333282470703,168.6666717529297,169.0
2014-12-01,169.0,169.3333282470703,168.6666717529297,168.6666717529297
2014-12-02,168.3333282470703,170.0,168.3333282470703,169.6666717529297
2014-12-03,169.3333282470703,170.0,168.0,168.3333282470703
2014-12-04,168.6666717529297,169.3333282470703,167.3333282470703,168.6666717529297
2014-12-05,169.3333282470703,169.6666717529297,167.3333282470703,169.0
2014-12-08,169.3333282470703,170.0,169.0,169.3333282470703
2014-12-09,169.0,169.6666717529297,168.6666717529297,169.6666717529297
2014-12-10,170.0,170.3333282470703,168.0,169.6666717529297
2014-12-11,168.6666717529297,171.6666717529297,168.3333282470703,170.3333282470703
2014-12-12,170.6666717529297,172.0,169.0,170.6666717529297
2014-12-15,171.0,171.0,170.0,171.0
2014-12-16,170.0,170.3333282470703,168.0,170.0
2014-12-17,170.0,170.6666717529297,167.3333282470703,170.6666717529297
2014-12-18,170.6666717529297,171.3333282470703,170.0,170.3333282470703
2014-12-19,170.0,172.0,169.3333282470703,170.0
2014-12-22,170.3333282470703,171.3333282470703,170.3333282470703,171.3333282470703
2014-12-24,172.0,172.6666717529297,171.6666717529297,172.3333282470703
2014-12-25,171.6666717529297,173.0,171.6666717529297,172.3333282470703
2014-12-26,173.3333282470703,173.6666717529297,166.0,170.3333282470703
2014-12-29,170.6666717529297,171.3333282470703,169.6666717529297,170.0
2014-12-30,171.6666717529297,172.6666717529297,170.0,171.3333282470703
2015-01-05,173.0,174.0,171.6666717529297,174.0
2015-01-06,174.0,174.3333282470703,171.6666717529297,172.0
2015-01-07,172.0,177.0,171.6666717529297,177.0
2015-01-08,177.6666717529297,180.3333282470703,174.3333282470703,179.6666717529297
2015-01-09,180.0,181.6666717529297,178.0,178.3333282470703
2015-01-13,178.6666717529297,180.0,174.6666717529297,175.3333282470703
2015-01-14,172.6666717529297,180.0,172.6666717529297,178.0
2015-01-15,178.0,179.0,177.0,178.0
2015-01-16,177.6666717529297,179.3333282470703,175.6666717529297,179.3333282470703
2015-01-19,179.3333282470703,179.6666717529297,175.6666717529297,176.6666717529297
2015-01-20,176.6666717529297,176.6666717529297,175.0,175.6666717529297
2015-01-21,176.6666717529297,179.0,174.3333282470703,179.0
2015-01-22,179.0,179.0,176.0,177.0
2015-01-23,178.3333282470703,178.3333282470703,174.3333282470703,174.3333282470703
2015-01-26,177.6666717529297,179.0,176.6666717529297,177.3333282470703
2015-01-27,177.3333282470703,178.6666717529297,176.6666717529297,178.0
2015-01-28,178.3333282470703,178.6666717529297,177.3333282470703,178.6666717529297
2015-01-29,178.6666717529297,179.6666717529297,176.0,178.6666717529297
2015-01-30,179.3333282470703,179.6666717529297,177.6666717529297,178.6666717529297
2015-02-02,179.6666717529297,181.3333282470703,179.6666717529297,180.0
2015-02-03,180.0,180.6666717529297,178.3333282470703,179.3333282470703
2015-02-04,179.6666717529297,179.6666717529297,179.0,179.0
2015-02-05,179.3333282470703,212.3333282470703,179.0,202.6666717529297
2015-02-06,202.6666717529297,203.0,192.6666717529297,196.6666717529297
2015-02-09,198.3333282470703,198.3333282470703,194.6666717529297,196.0
2015-02-10,196.3333282470703,196.6666717529297,195.0,196.6666717529297
2015-02-12,195.6666717529297,198.3333282470703,195.6666717529297,196.6666717529297
2015-02-13,196.6666717529297,196.6666717529297,195.6666717529297,196.3333282470703
2015-02-16,196.6666717529297,200.0,196.6666717529297,199.0
2015-02-17,199.0,199.3333282470703,198.3333282470703,199.3333282470703
2015-02-18,199.3333282470703,199.3333282470703,198.3333282470703,199.3333282470703
2015-02-19,199.3333282470703,203.3333282470703,197.6666717529297,203.3333282470703
2015-02-20,202.3333282470703,202.6666717529297,199.6666717529297,202.3333282470703
2015-02-23,203.0,204.6666717529297,202.3333282470703,204.3333282470703
2015-02-24,204.0,204.3333282470703,204.0,204.0
2015-02-25,204.3333282470703,206.6666717529297,201.6666717529297,206.6666717529297
2015-02-26,208.3333282470703,214.3333282470703,208.3333282470703,212.0
2015-02-27,213.3333282470703,215.0,210.6666717529297,210.6666717529297
2015-03-02,212.3333282470703,222.6666717529297,212.3333282470703,221.6666717529297
2015-03-03,221.6666717529297,222.6666717529297,215.6666717529297,219.3333282470703
2015-03-04,218.3333282470703,220.0,216.6666717529297,217.3333282470703
2015-03-05,217.6666717529297,222.3333282470703,217.6666717529297,220.0
2015-03-06,221.0,221.6666717529297,219.0,219.0
2015-03-09,220.3333282470703,222.0,218.3333282470703,219.3333282470703
2015-03-10,221.3333282470703,228.3333282470703,221.3333282470703,224.6666717529297
2015-03-11,225.0,239.3333282470703,223.3333282470703,231.3333282470703
2015-03-12,234.6666717529297,239.0,232.6666717529297,235.3333282470703
2015-03-13,238.3333282470703,242.3333282470703,235.3333282470703,241.0
2015-03-16,242.3333282470703,256.6666564941406,242.3333282470703,255.0
2015-03-17,257.0,259.3333435058594,246.6666717529297,254.3333282470703
2015-03-18,250.0,253.3333282470703,241.3333282470703,250.0
2015-03-19,255.0,255.6666717529297,250.3333282470703,251.3333282470703
2015-03-20,250.0,253.3333282470703,246.6666717529297,246.6666717529297
2015-03-23,249.0,249.0,243.3333282470703,245.0
2015-03-24,233.3333282470703,237.0,231.6666717529297,236.3333282470703
2015-03-25,233.3333282470703,236.3333282470703,233.0,234.6666717529297
2015-03-26,234.3333282470703,234.3333282470703,231.6666717529297,233.3333282470703
2015-03-27,226.0,228.3333282470703,226.0,226.3333282470703
2015-03-30,225.6666717529297,228.0,225.3333282470703,225.3333282470703
2015-03-31,225.3333282470703,225.6666717529297,220.0,220.3333282470703
2015-04-01,220.3333282470703,221.6666717529297,217.6666717529297,217.6666717529297
2015-04-02,219.3333282470703,219.6666717529297,216.6666717529297,218.0
2015-04-03,219.6666717529297,220.3333282470703,218.6666717529297,219.3333282470703
2015-04-06,221.0,223.6666717529297,221.0,223.6666717529297
2015-04-07,223.6666717529297,225.0,220.6666717529297,223.3333282470703
2015-04-08,225.0,228.6666717529297,225.0,227.6666717529297
2015-04-09,229.0,230.0,226.3333282470703,230.0
2015-04-10,230.0,238.3333282470703,226.6666717529297,236.6666717529297
2015-04-13,240.0,246.0,238.6666717529297,244.0
2015-04-14,244.0,245.0,234.0,245.0
2015-04-15,245.0,246.6666717529297,243.0,245.3333282470703
2015-04-16,246.0,247.0,243.6666717529297,244.6666717529297
2015-04-17,246.6666717529297,246.6666717529297,240.0,241.3333282470703
2015-04-20,240.0,240.0,237.0,237.3333282470703
2015-04-21,238.3333282470703,242.3333282470703,236.6666717529297,236.6666717529297
2015-04-22,239.3333282470703,239.3333282470703,233.3333282470703,235.6666717529297
2015-04-23,235.6666717529297,235.6666717529297,233.0,234.0
2015-04-24,235.0,237.3333282470703,234.3333282470703,236.6666717529297
2015-04-27,235.0,240.3333282470703,234.3333282470703,235.0
2015-04-28,234.0,235.0,232.6666717529297,233.3333282470703
2015-04-30,233.3333282470703,235.3333282470703,232.6666717529297,235.0
2015-05-01,235.0,239.3333282470703,233.3333282470703,239.3333282470703
2015-05-07,238.6666717529297,243.6666717529297,237.6666717529297,240.6666717529297
2015-05-08,242.3333282470703,243.0,241.6666717529297,242.3333282470703
2015-05-11,242.6666717529297,242.6666717529297,239.6666717529297,240.3333282470703
2015-05-12,240.3333282470703,250.6666717529297,239.6666717529297,249.0
2015-05-13,243.6666717529297,248.3333282470703,240.6666717529297,244.6666717529297
2015-05-14,243.6666717529297,244.3333282470703,240.3333282470703,241.6666717529297
2015-05-15,243.3333282470703,244.3333282470703,241.0,243.0
2015-05-18,243.0,244.6666717529297,240.0,243.3333282470703
2015-05-19,245.6666717529297,245.6666717529297,240.6666717529297,244.0
2015-05-20,244.0,244.0,243.3333282470703,243.6666717529297
2015-05-21,244.6666717529297,244.6666717529297,241.0,241.0
2015-05-22,243.0,243.0,240.6666717529297,240.6666717529297
2015-05-25,240.3333282470703,241.6666717529297,239.3333282470703,241.0
2015-05-26,240.3333282470703,241.0,239.3333282470703,240.3333282470703
2015-05-27,240.0,242.0,237.6666717529297,238.6666717529297
2015-05-28,238.0,243.0,238.0,238.0
2015-05-29,238.0,238.6666717529297,237.6666717529297,237.6666717529297
2015-06-01,237.6666717529297,244.0,237.6666717529297,238.6666717529297
2015-06-02,240.0,243.6666717529297,240.0,243.3333282470703
2015-06-03,240.3333282470703,243.0,239.0,239.6666717529297
2015-06-04,241.6666717529297,243.3333282470703,240.3333282470703,242.6666717529297
2015-06-05,242.6666717529297,242.6666717529297,240.3333282470703,241.6666717529297
2015-06-08,242.0,243.3333282470703,240.6666717529297,243.0
2015-06-09,243.0,243.3333282470703,240.6666717529297,243.0
2015-06-10,242.3333282470703,243.3333282470703,240.6666717529297,241.6666717529297
2015-06-11,243.3333282470703,243.3333282470703,241.0,241.0
2015-06-12,242.6666717529297,243.6666717529297,241.3333282470703,243.3333282470703
2015-06-15,244.6666717529297,244.6666717529297,243.0,243.6666717529297
2015-06-16,244.6666717529297,244.6666717529297,240.6666717529297,244.6666717529297
2015-06-17,244.6666717529297,244.6666717529297,242.6666717529297,242.6666717529297
2015-06-18,242.6666717529297,242.6666717529297,240.0,240.0
2015-06-19,240.0,240.0,239.3333282470703,240.0
2015-06-22,239.3333282470703,241.6666717529297,238.3333282470703,238.6666717529297
2015-06-23,241.6666717529297,241.6666717529297,239.6666717529297,241.0
2015-06-24,240.3333282470703,241.0,239.6666717529297,241.0
2015-06-25,240.0,240.0,238.3333282470703,238.6666717529297
2015-06-26,240.0,240.3333282470703,238.6666717529297,239.3333282470703
2015-06-29,236.6666717529297,239.3333282470703,236.0,236.3333282470703
2015-06-30,235.3333282470703,240.0,235.3333282470703,240.0
2015-07-01,240.0,240.3333282470703,237.0,240.3333282470703
2015-07-02,240.3333282470703,241.0,239.3333282470703,239.6666717529297
2015-07-03,239.0,239.0,237.6666717529297,237.6666717529297
2015-07-06,236.6666717529297,238.0,236.0,236.6666717529297
2015-07-07,236.6666717529297,240.0,236.6666717529297,237.3333282470703
2015-07-08,238.0,238.0,234.3333282470703,235.0
2015-07-09,233.6666717529297,234.6666717529297,228.6666717529297,231.6666717529297
2015-07-10,233.3333282470703,238.6666717529297,233.3333282470703,235.3333282470703
2015-07-13,235.6666717529297,238.3333282470703,233.0,233.0
2015-07-14,238.6666717529297,239.6666717529297,234.6666717529297,238.6666717529297
2015-07-15,240.0,240.0,238.6666717529297,239.6666717529297
2015-07-16,240.0,240.0,239.3333282470703,240.0
2015-07-17,240.0,240.0,238.6666717529297,240.0
2015-07-21,241.0,241.3333282470703,238.6666717529297,240.0
2015-07-22,240.0,240.0,238.3333282470703,238.3333282470703
2015-07-23,238.3333282470703,240.0,237.6666717529297,240.0
2015-07-24,240.0,240.0,237.6666717529297,238.3333282470703
2015-07-27,237.3333282470703,239.6666717529297,236.0,237.6666717529297
2015-07-28,238.6666717529297,239.3333282470703,237.3333282470703,238.6666717529297
2015-07-29,239.3333282470703,239.3333282470703,236.0,237.6666717529297
2015-07-30,238.0,238.3333282470703,237.0,238.3333282470703
2015-07-31,236.6666717529297,238.0,236.0,237.6666717529297
2015-08-03,239.0,239.0,236.3333282470703,238.0
2015-08-04,236.6666717529297,236.6666717529297,235.0,235.6666717529297
2015-08-05,237.0,242.0,233.3333282470703,240.3333282470703
2015-08-06,240.6666717529297,241.0,236.0,236.3333282470703
2015-08-07,234.6666717529297,236.0,231.6666717529297,232.3333282470703
2015-08-10,233.3333282470703,233.6666717529297,230.3333282470703,231.6666717529297
2015-08-11,230.0,231.0,227.3333282470703,227.3333282470703
2015-08-12,227.3333282470703,228.0,226.6666717529297,226.6666717529297
2015-08-13,226.0,229.6666717529297,222.0,229.3333282470703
2015-08-14,230.6666717529297,231.3333282470703,228.0,231.0
2015-08-17,230.6666717529297,232.6666717529297,229.0,232.6666717529297
2015-08-18,233.0,234.0,230.6666717529297,233.6666717529297
2015-08-19,233.0,234.0,232.3333282470703,233.6666717529297
2015-08-20,233.3333282470703,233.3333282470703,227.3333282470703,227.3333282470703
2015-08-21,227.3333282470703,232.6666717529297,224.0,224.3333282470703
2015-08-24,221.0,221.3333282470703,207.6666717529297,211.6666717529297
2015-08-25,201.6666717529297,210.6666717529297,193.3333282470703,207.3333282470703
2015-08-26,203.3333282470703,216.0,203.3333282470703,216.0
2015-08-27,222.6666717529297,228.0,218.0,221.0
2015-08-28,223.3333282470703,224.6666717529297,223.3333282470703,223.6666717529297
2015-08-31,223.3333282470703,223.3333282470703,221.6666717529297,221.6666717529297
2015-09-01,221.6666717529297,223.0,215.3333282470703,215.3333282470703
2015-09-02,213.3333282470703,216.3333282470703,212.0,216.0
2015-09-03,222.3333282470703,223.3333282470703,219.0,222.3333282470703
2015-09-04,221.3333282470703,223.0,214.0,216.6666717529297
2015-09-07,210.3333282470703,210.3333282470703,203.3333282470703,207.0
2015-09-08,204.3333282470703,206.0,201.6666717529297,204.3333282470703
2015-09-09,207.3333282470703,210.6666717529297,204.3333282470703,206.6666717529297
2015-09-10,207.6666717529297,209.3333282470703,207.0,209.3333282470703
2015-09-11,213.6666717529297,215.6666717529297,212.0,215.6666717529297
2015-09-14,209.0,210.6666717529297,207.3333282470703,208.3333282470703
2015-09-15,208.6666717529297,211.6666717529297,208.6666717529297,209.6666717529297
2015-09-16,211.0,213.3333282470703,209.3333282470703,209.3333282470703
2015-09-17,212.6666717529297,213.6666717529297,211.3333282470703,212.6666717529297
2015-09-18,214.3333282470703,215.0,212.6666717529297,212.6666717529297
2015-09-24,208.6666717529297,214.6666717529297,208.6666717529297,213.6666717529297
2015-09-25,217.0,218.3333282470703,213.3333282470703,218.0
2015-09-28,217.3333282470703,217.3333282470703,213.6666717529297,215.6666717529297
2015-09-29,214.0,214.0,205.0,206.6666717529297
2015-09-30,208.6666717529297,209.0,205.0,208.3333282470703
2015-10-01,208.3333282470703,214.3333282470703,206.6666717529297,214.3333282470703
2015-10-02,214.0,215.0,211.3333282470703,214.3333282470703
2015-10-05,217.6666717529297,220.0,214.3333282470703,219.6666717529297
2015-10-06,221.3333282470703,221.6666717529297,218.3333282470703,221.6666717529297
2015-10-07,222.6666717529297,231.3333282470703,217.6666717529297,221.0
2015-10-08,224.6666717529297,224.6666717529297,222.0,224.0
2015-10-09,225.0,230.6666717529297,222.3333282470703,230.6666717529297
2015-10-13,228.3333282470703,230.6666717529297,228.0,230.6666717529297
2015-10-14,230.6666717529297,230.6666717529297,223.6666717529297,228.0
2015-10-15,228.3333282470703,231.6666717529297,228.3333282470703,230.6666717529297
2015-10-16,231.6666717529297,235.0,230.3333282470703,235.0
2015-10-19,234.6666717529297,235.6666717529297,233.3333282470703,233.6666717529297
2015-10-20,234.6666717529297,235.0,230.6666717529297,231.0
2015-10-21,231.0,231.3333282470703,230.0,231.0
2015-10-22,231.0,233.3333282470703,227.0,227.0
2015-10-23,232.6666717529297,232.6666717529297,227.6666717529297,230.6666717529297
2015-10-26,231.0,232.0,229.0,229.6666717529297
2015-10-27,230.0,233.3333282470703,229.0,230.0
2015-10-28,230.0,234.0,229.0,231.3333282470703
2015-10-29,231.3333282470703,233.0,230.0,231.3333282470703
2015-10-30,231.3333282470703,233.3333282470703,229.0,231.3333282470703
2015-11-02,231.6666717529297,231.6666717529297,229.3333282470703,229.6666717529297
2015-11-04,235.3333282470703,235.3333282470703,230.3333282470703,231.3333282470703
2015-11-05,231.6666717529297,232.3333282470703,225.6666717529297,231.3333282470703
2015-11-06,231.3333282470703,233.3333282470703,230.0,231.6666717529297
2015-11-09,234.0,234.6666717529297,231.6666717529297,231.6666717529297
2015-11-10,231.6666717529297,232.3333282470703,230.0,230.0
2015-11-11,230.0,232.0,230.0,231.6666717529297
2015-11-12,233.3333282470703,233.6666717529297,231.0,233.3333282470703
2015-11-13,232.6666717529297,234.3333282470703,231.0,234.3333282470703
2015-11-16,234.3333282470703,234.3333282470703,232.0,232.0
2015-11-17,233.0,233.3333282470703,231.3333282470703,232.6666717529297
2015-11-18,230.6666717529297,230.6666717529297,227.0,229.6666717529297
2015-11-19,230.6666717529297,231.0,226.3333282470703,227.6666717529297
2015-11-20,227.6666717529297,229.3333282470703,227.3333282470703,227.3333282470703
2015-11-24,228.3333282470703,230.6666717529297,222.0,230.3333282470703
2015-11-25,232.0,232.0,230.3333282470703,230.3333282470703
2015-11-26,231.3333282470703,232.3333282470703,230.6666717529297,232.3333282470703
2015-11-27,232.3333282470703,232.6666717529297,226.6666717529297,232.6666717529297
2015-11-30,233.3333282470703,233.3333282470703,231.6666717529297,233.3333282470703
2015-12-01,234.0,234.0,232.0,233.3333282470703
2015-12-02,233.3333282470703,234.0,231.6666717529297,232.3333282470703
2015-12-03,233.3333282470703,233.3333282470703,231.0,231.0
2015-12-04,230.3333282470703,233.0,230.3333282470703,233.0
2015-12-07,233.3333282470703,234.0,231.6666717529297,234.0
2015-12-08,233.6666717529297,233.6666717529297,231.0,231.0
2015-12-09,233.3333282470703,233.3333282470703,232.0,232.6666717529297
2015-12-10,231.6666717529297,232.0,231.0,231.0
2015-12-11,230.3333282470703,234.0,230.3333282470703,234.0
2015-12-14,233.3333282470703,233.6666717529297,224.0,233.6666717529297
2015-12-15,233.6666717529297,233.6666717529297,231.3333282470703,233.0
2015-12-16,233.3333282470703,234.0,232.3333282470703,233.6666717529297
2015-12-17,234.3333282470703,234.3333282470703,232.6666717529297,233.0
2015-12-18,233.3333282470703,233.3333282470703,229.0,231.3333282470703
2015-12-21,231.3333282470703,232.0,231.3333282470703,232.0
2015-12-22,232.3333282470703,236.0,232.3333282470703,233.6666717529297
2015-12-24,235.0,235.3333282470703,232.6666717529297,235.0
2015-12-25,235.0,235.0,235.0,235.0
2015-12-28,239.3333282470703,239.3333282470703,237.0,238.3333282470703
2015-12-29,239.3333282470703,239.3333282470703,238.0,238.3333282470703
2015-12-30,241.3333282470703,241.3333282470703,237.6666717529297,239.3333282470703
2016-01-04,241.6666717529297,241.6666717529297,237.3333282470703,237.3333282470703
2016-01-05,236.6666717529297,239.0,230.3333282470703,237.0
2016-01-06,238.3333282470703,238.3333282470703,233.0,236.6666717529297
2016-01-07,234.6666717529297,235.3333282470703,232.6666717529297,232.6666717529297
2016-01-08,231.6666717529297,234.3333282470703,231.6666717529297,232.3333282470703
2016-01-12,231.6666717529297,236.3333282470703,228.3333282470703,228.3333282470703
2016-01-13,231.6666717529297,233.3333282470703,231.6666717529297,233.3333282470703
2016-01-14,232.6666717529297,233.3333282470703,231.0,233.3333282470703
2016-01-15,233.3333282470703,234.3333282470703,232.0,232.3333282470703
2016-01-18,229.3333282470703,230.0,228.0,228.3333282470703
2016-01-19,229.3333282470703,230.0,228.0,228.0
2016-01-20,229.0,229.0,224.3333282470703,225.6666717529297
2016-01-21,222.3333282470703,227.3333282470703,222.3333282470703,223.6666717529297
2016-01-22,223.3333282470703,226.6666717529297,220.3333282470703,226.6666717529297
2016-01-25,231.3333282470703,231.3333282470703,224.3333282470703,224.3333282470703
2016-01-26,224.3333282470703,224.6666717529297,221.3333282470703,223.3333282470703
2016-01-27,225.6666717529297,226.6666717529297,224.0,226.6666717529297
2016-01-28,229.0,229.6666717529297,225.3333282470703,226.0
2016-01-29,228.6666717529297,228.6666717529297,226.0,227.6666717529297
2016-02-01,228.6666717529297,233.3333282470703,228.6666717529297,231.3333282470703
2016-02-02,231.6666717529297,232.3333282470703,227.6666717529297,230.0
2016-02-03,229.6666717529297,230.0,227.0,229.6666717529297
2016-02-04,229.6666717529297,229.6666717529297,228.0,228.0
2016-02-05,226.6666717529297,231.0,225.3333282470703,231.0
2016-02-08,230.3333282470703,230.3333282470703,223.6666717529297,226.6666717529297
2016-02-09,226.6666717529297,226.6666717529297,217.3333282470703,224.3333282470703
2016-02-10,226.6666717529297,226.6666717529297,211.0,217.6666717529297
2016-02-12,209.3333282470703,216.0,203.3333282470703,205.3333282470703
2016-02-15,208.3333282470703,218.0,208.3333282470703,216.3333282470703
2016-02-16,219.6666717529297,225.0,219.6666717529297,223.0
2016-02-17,224.0,224.0,220.3333282470703,220.3333282470703
2016-02-18,220.6666717529297,223.0,220.3333282470703,222.3333282470703
2016-02-19,222.3333282470703,223.3333282470703,221.6666717529297,223.3333282470703
2016-02-22,223.3333282470703,223.3333282470703,220.3333282470703,222.0
2016-02-23,225.3333282470703,225.3333282470703,222.0,222.0
2016-02-24,220.3333282470703,222.6666717529297,220.0,222.6666717529297
2016-02-25,225.0,225.0,223.0,224.3333282470703
2016-02-26,224.3333282470703,225.3333282470703,224.3333282470703,224.3333282470703
2016-02-29,226.0,227.6666717529297,225.3333282470703,225.6666717529297
2016-03-01,226.0,227.6666717529297,226.0,226.0
2016-03-02,227.3333282470703,229.0,226.6666717529297,226.6666717529297
2016-03-03,226.6666717529297,227.3333282470703,213.6666717529297,216.3333282470703
2016-03-04,217.6666717529297,218.0,212.6666717529297,215.3333282470703
2016-03-07,217.0,218.0,216.0,217.6666717529297
2016-03-08,217.6666717529297,218.0,216.0,217.3333282470703
2016-03-09,217.3333282470703,218.0,215.6666717529297,216.3333282470703
2016-03-10,216.6666717529297,219.0,216.6666717529297,219.0
2016-03-11,219.0,221.0,218.6666717529297,221.0
2016-03-14,222.6666717529297,225.0,221.6666717529297,225.0
2016-03-15,226.0,227.0,224.3333282470703,226.6666717529297
2016-03-16,226.6666717529297,228.0,226.0,228.0
2016-03-17,229.0,229.6666717529297,228.0,228.6666717529297
2016-03-18,229.6666717529297,229.6666717529297,225.6666717529297,226.0
2016-03-22,226.0,229.6666717529297,226.0,226.3333282470703
2016-03-23,227.0,228.0,226.6666717529297,226.6666717529297
2016-03-24,226.6666717529297,229.0,226.6666717529297,228.3333282470703
2016-03-25,228.3333282470703,230.6666717529297,227.3333282470703,230.6666717529297
2016-03-28,229.3333282470703,231.0,229.0,230.6666717529297
2016-03-29,224.3333282470703,230.0,224.3333282470703,226.6666717529297
2016-03-30,226.0,226.6666717529297,224.6666717529297,224.6666717529297
2016-03-31,224.6666717529297,224.6666717529297,216.6666717529297,224.3333282470703
2016-04-01,224.3333282470703,224.3333282470703,220.3333282470703,221.0
2016-04-04,220.3333282470703,224.0,219.0,220.6666717529297
2016-04-05,218.6666717529297,221.6666717529297,216.6666717529297,219.0
2016-04-06,218.6666717529297,218.6666717529297,208.0,217.0
2016-04-07,215.6666717529297,224.0,215.0,220.3333282470703
2016-04-08,217.3333282470703,223.6666717529297,217.3333282470703,219.6666717529297
2016-04-11,222.6666717529297,224.0,218.0,223.3333282470703
2016-04-12,223.3333282470703,223.3333282470703,222.0,223.0
2016-04-13,224.3333282470703,226.6666717529297,222.0,225.0
2016-04-14,225.6666717529297,226.3333282470703,222.6666717529297,225.0
2016-04-15,224.0,226.3333282470703,223.6666717529297,224.6666717529297
2016-04-18,220.6666717529297,226.0,220.6666717529297,222.3333282470703
2016-04-19,223.3333282470703,223.6666717529297,222.6666717529297,223.3333282470703
2016-04-20,226.3333282470703,226.3333282470703,222.3333282470703,225.0
2016-04-21,225.3333282470703,226.6666717529297,221.3333282470703,223.3333282470703
2016-04-22,223.3333282470703,225.0,223.0,225.0
2016-04-25,225.0,225.0,221.6666717529297,223.3333282470703
2016-04-26,223.3333282470703,223.6666717529297,217.0,221.3333282470703
2016-04-27,220.0,220.0,217.0,219.6666717529297
2016-04-28,218.6666717529297,221.6666717529297,213.6666717529297,214.6666717529297
2016-05-02,214.6666717529297,218.3333282470703,213.0,216.6666717529297
2016-05-06,220.0,220.0,217.3333282470703,218.6666717529297
2016-05-09,217.3333282470703,218.3333282470703,216.6666717529297,217.0
2016-05-10,220.0,220.0,220.0,220.0
2016-05-11,220.3333282470703,224.6666717529297,220.3333282470703,220.3333282470703
2016-05-12,223.3333282470703,223.3333282470703,210.3333282470703,215.6666717529297
2016-05-13,211.6666717529297,215.0,211.0,215.0
2016-05-16,212.0,216.6666717529297,212.0,214.3333282470703
2016-05-17,216.3333282470703,216.3333282470703,214.6666717529297,214.6666717529297
2016-05-18,217.0,217.0,214.3333282470703,214.6666717529297
2016-05-19,217.3333282470703,218.0,215.0,215.0
2016-05-20,214.6666717529297,215.0,213.6666717529297,214.3333282470703
2016-05-23,212.0,214.6666717529297,212.0,213.6666717529297
2016-05-24,213.6666717529297,215.3333282470703,213.3333282470703,215.3333282470703
2016-05-25,215.3333282470703,218.3333282470703,213.3333282470703,217.3333282470703
2016-05-26,215.3333282470703,218.3333282470703,213.0,216.0
2016-05-27,216.0,216.0,212.0,213.6666717529297
2016-05-30,214.3333282470703,215.6666717529297,212.6666717529297,212.6666717529297
2016-05-31,212.6666717529297,213.0,212.3333282470703,212.6666717529297
2016-06-01,212.6666717529297,212.6666717529297,208.3333282470703,210.0
2016-06-02,208.6666717529297,211.6666717529297,206.6666717529297,211.6666717529297
2016-06-03,209.3333282470703,211.0,207.3333282470703,208.0
2016-06-06,208.0,209.0,206.6666717529297,207.3333282470703
2016-06-07,207.3333282470703,208.6666717529297,206.6666717529297,206.6666717529297
2016-06-08,206.3333282470703,208.6666717529297,206.3333282470703,208.6666717529297
2016-06-09,208.6666717529297,209.6666717529297,206.3333282470703,208.3333282470703
2016-06-10,208.3333282470703,208.3333282470703,206.0,206.3333282470703
2016-06-13,206.0,206.0,200.6666717529297,200.6666717529297
2016-06-14,201.0,201.0,191.3333282470703,199.6666717529297
2016-06-15,197.6666717529297,200.6666717529297,196.0,200.0
2016-06-16,196.6666717529297,197.0,189.3333282470703,191.3333282470703
2016-06-17,190.0,192.3333282470703,190.0,190.3333282470703
2016-06-20,191.0,192.6666717529297,190.0,192.3333282470703
2016-06-21,192.0,195.0,192.0,195.0
2016-06-22,190.6666717529297,191.0,189.0,189.3333282470703
2016-06-23,189.6666717529297,195.0,189.0,195.0
2016-06-24,191.6666717529297,199.0,187.0,187.0
2016-06-27,185.3333282470703,188.6666717529297,182.3333282470703,187.0
2016-06-28,183.6666717529297,188.0,182.6666717529297,185.3333282470703
2016-06-29,185.3333282470703,187.3333282470703,183.3333282470703,186.6666717529297
2016-06-30,188.3333282470703,188.3333282470703,184.6666717529297,187.6666717529297
2016-07-01,188.6666717529297,188.6666717529297,186.6666717529297,187.3333282470703
2016-07-04,187.0,188.0,184.0,187.0
2016-07-05,189.0,189.6666717529297,187.0,188.6666717529297
2016-07-06,186.6666717529297,187.0,186.6666717529297,186.6666717529297
2016-07-07,187.6666717529297,190.6666717529297,187.0,190.6666717529297
2016-07-08,189.3333282470703,189.3333282470703,188.3333282470703,188.3333282470703
2016-07-11,188.3333282470703,188.3333282470703,188.3333282470703,188.3333282470703
2016-07-12,193.0,194.6666717529297,190.0,194.3333282470703
2016-07-13,194.6666717529297,195.0,194.0,194.0
2016-07-14,194.6666717529297,195.0,193.3333282470703,195.0
2016-07-15,192.6666717529297,194.6666717529297,192.3333282470703,194.3333282470703
2016-07-19,193.3333282470703,194.6666717529297,190.0,194.6666717529297
2016-07-20,193.3333282470703,193.6666717529297,192.6666717529297,193.6666717529297
2016-07-21,194.6666717529297,198.3333282470703,193.3333282470703,198.3333282470703
2016-07-22,196.3333282470703,199.6666717529297,195.0,199.6666717529297
2016-07-25,197.0,200.0,197.0,200.0
2016-07-26,203.0,203.0,200.0,202.6666717529297
2016-07-27,205.0,205.0,196.6666717529297,203.0
2016-07-28,205.0,208.0,204.0,207.3333282470703
2016-07-29,204.3333282470703,204.3333282470703,201.0,203.3333282470703
2016-08-01,206.6666717529297,206.6666717529297,201.0,202.3333282470703
2016-08-02,202.3333282470703,203.0,199.3333282470703,200.0
2016-08-03,198.0,200.0,197.0,199.0
2016-08-04,197.0,203.3333282470703,197.0,203.3333282470703
2016-08-05,202.6666717529297,206.6666717529297,200.0,205.3333282470703
2016-08-08,204.3333282470703,207.3333282470703,203.3333282470703,204.0
2016-08-09,204.0,206.0,201.6666717529297,206.0
2016-08-10,206.6666717529297,206.6666717529297,202.0,204.0
2016-08-12,205.6666717529297,205.6666717529297,203.3333282470703,205.3333282470703
2016-08-15,206.3333282470703,206.3333282470703,203.0,204.6666717529297
2016-08-16,205.3333282470703,205.3333282470703,202.6666717529297,203.3333282470703
2016-08-17,204.3333282470703,204.3333282470703,203.3333282470703,203.3333282470703
2016-08-18,203.6666717529297,203.6666717529297,202.0,202.3333282470703
2016-08-19,202.3333282470703,203.3333282470703,200.0,203.3333282470703
2016-08-22,200.3333282470703,201.6666717529297,199.6666717529297,200.6666717529297
2016-08-23,200.0,201.3333282470703,200.0,201.3333282470703
2016-08-24,202.0,203.0,202.0,203.0
2016-08-25,204.6666717529297,205.0,202.3333282470703,202.3333282470703
2016-08-26,199.0,200.0,195.6666717529297,197.6666717529297
2016-08-29,198.0,200.6666717529297,198.0,198.6666717529297
2016-08-30,198.3333282470703,200.6666717529297,193.3333282470703,196.6666717529297
2016-08-31,197.0,198.0,194.0,197.3333282470703
2016-09-01,197.3333282470703,199.3333282470703,195.3333282470703,196.6666717529297
2016-09-02,195.6666717529297,199.0,195.3333282470703,196.0
2016-09-05,198.3333282470703,199.3333282470703,196.0,198.0
2016-09-06,196.6666717529297,199.0,196.6666717529297,198.0
2016-09-07,197.6666717529297,197.6666717529297,197.6666717529297,197.6666717529297
2016-09-08,197.0,197.0,194.3333282470703,196.6666717529297
2016-09-09,197.3333282470703,197.6666717529297,196.3333282470703,196.3333282470703
2016-09-12,195.3333282470703,197.0,194.0,196.0
2016-09-13,197.6666717529297,198.3333282470703,194.6666717529297,194.6666717529297
2016-09-14,195.0,196.6666717529297,194.0,196.0
2016-09-15,196.0,196.6666717529297,195.3333282470703,196.3333282470703
2016-09-16,194.3333282470703,194.6666717529297,189.0,194.0
2016-09-20,192.3333282470703,193.6666717529297,191.0,191.6666717529297
2016-09-21,191.6666717529297,192.3333282470703,190.0,191.6666717529297
2016-09-23,193.6666717529297,194.0,192.3333282470703,194.0
2016-09-26,194.0,195.3333282470703,194.0,194.6666717529297
2016-09-27,194.6666717529297,196.0,193.3333282470703,196.0
2016-09-28,195.0,195.0,190.0,194.0
2016-09-29,194.0,195.0,191.0,194.0
2016-09-30,194.0,194.0,190.0,193.3333282470703
2016-10-03,194.0,194.6666717529297,193.0,193.6666717529297
2016-10-04,193.3333282470703,194.6666717529297,192.3333282470703,194.3333282470703
2016-10-05,194.0,194.0,193.0,193.0
2016-10-06,193.0,194.6666717529297,191.6666717529297,194.3333282470703
2016-10-07,193.6666717529297,194.6666717529297,193.6666717529297,194.6666717529297
2016-10-11,194.6666717529297,196.6666717529297,192.0,196.6666717529297
2016-10-12,196.6666717529297,196.6666717529297,194.0,195.0
2016-10-13,196.3333282470703,196.3333282470703,194.3333282470703,194.6666717529297
2016-10-14,196.3333282470703,197.6666717529297,193.6666717529297,197.6666717529297
2016-10-17,199.3333282470703,199.3333282470703,196.6666717529297,197.6666717529297
2016-10-18,199.0,199.0,197.0,198.0
2016-10-19,199.6666717529297,199.6666717529297,195.0,196.3333282470703
2016-10-20,198.0,198.0,194.6666717529297,196.3333282470703
2016-10-21,197.3333282470703,197.3333282470703,195.0,197.0
2016-10-24,197.6666717529297,198.6666717529297,197.0,197.6666717529297
2016-10-25,199.6666717529297,200.3333282470703,198.6666717529297,199.6666717529297
2016-10-26,199.6666717529297,200.3333282470703,199.3333282470703,200.0
2016-10-27,200.0,200.0,198.3333282470703,199.3333282470703
2016-10-28,200.6666717529297,224.0,198.3333282470703,220.0
2016-10-31,218.3333282470703,221.6666717529297,217.0,218.6666717529297
2016-11-01,218.6666717529297,219.0,216.6666717529297,218.6666717529297
2016-11-02,216.0,218.6666717529297,214.3333282470703,215.0
2016-11-04,215.0,215.0,210.6666717529297,212.6666717529297
2016-11-07,211.6666717529297,214.6666717529297,210.0,214.6666717529297
2016-11-08,213.6666717529297,217.3333282470703,212.6666717529297,214.3333282470703
2016-11-09,218.3333282470703,218.3333282470703,200.0,207.0
2016-11-10,209.6666717529297,216.6666717529297,209.6666717529297,213.6666717529297
2016-11-11,217.0,220.0,215.0,220.0
2016-11-14,220.6666717529297,224.6666717529297,220.0,224.3333282470703
2016-11-15,224.6666717529297,226.3333282470703,222.3333282470703,226.3333282470703
2016-11-16,226.3333282470703,231.6666717529297,225.3333282470703,230.0
2016-11-17,231.0,231.3333282470703,226.0,230.3333282470703
2016-11-18,230.3333282470703,230.3333282470703,226.6666717529297,230.0
2016-11-21,231.0,234.6666717529297,230.0,233.6666717529297
2016-11-22,233.6666717529297,236.0,232.3333282470703,233.6666717529297
2016-11-24,235.6666717529297,235.6666717529297,231.6666717529297,233.6666717529297
2016-11-25,236.0,240.0,231.3333282470703,231.3333282470703
2016-11-28,231.3333282470703,237.3333282470703,231.3333282470703,231.6666717529297
2016-11-29,231.6666717529297,233.6666717529297,230.6666717529297,233.3333282470703
2016-11-30,233.3333282470703,236.3333282470703,231.6666717529297,235.3333282470703
2016-12-01,236.0,240.0,231.6666717529297,238.0
2016-12-02,240.0,241.6666717529297,234.3333282470703,239.6666717529297
2016-12-05,238.0,241.3333282470703,233.0,234.3333282470703
2016-12-06,238.0,238.0,235.6666717529297,236.6666717529297
2016-12-07,236.6666717529297,238.3333282470703,236.0,238.0
2016-12-08,238.3333282470703,238.6666717529297,234.3333282470703,238.0
2016-12-09,238.0,239.3333282470703,236.6666717529297,239.3333282470703
2016-12-12,238.3333282470703,243.0,237.3333282470703,239.0
2016-12-13,238.0,240.0,232.6666717529297,235.3333282470703
2016-12-14,236.0,238.0,235.3333282470703,238.0
2016-12-15,238.0,241.0,237.6666717529297,240.0
2016-12-16,240.0,241.0,235.0,236.6666717529297
2016-12-19,238.0,250.0,237.6666717529297,250.0
2016-12-20,250.0,255.6666717529297,249.6666717529297,254.3333282470703
2016-12-21,254.6666717529297,260.0,250.0,260.0
2016-12-22,262.0,265.0,258.3333435058594,264.3333435058594
2016-12-26,265.0,265.0,252.3333282470703,256.0
2016-12-27,257.3333435058594,259.6666564941406,253.3333282470703,259.0
2016-12-28,259.3333435058594,261.3333435058594,256.6666564941406,260.3333435058594
2016-12-29,258.3333435058594,259.6666564941406,255.0,255.6666717529297
2016-12-30,252.3333282470703,257.3333435058594,252.0,256.3333435058594
2017-01-04,257.3333435058594,260.3333435058594,256.3333435058594,258.3333435058594
2017-01-05,260.0,263.3333435058594,259.0,262.0
2017-01-06,259.0,264.6666564941406,259.0,262.3333435058594
2017-01-10,262.3333435058594,262.6666564941406,260.3333435058594,260.3333435058594
2017-01-11,261.0,262.3333435058594,260.0,262.3333435058594
2017-01-12,262.3333435058594,262.3333435058594,257.6666564941406,259.6666564941406
2017-01-13,259.0,263.3333435058594,257.6666564941406,261.0
2017-01-16,260.6666564941406,260.6666564941406,255.3333282470703,257.0
2017-01-17,254.3333282470703,257.0,251.6666717529297,251.6666717529297
2017-01-18,254.6666717529297,255.3333282470703,252.6666717529297,255.0
2017-01-19,257.0,259.0,257.0,259.0
2017-01-20,260.0,262.6666564941406,259.3333435058594,261.3333435058594
2017-01-23,262.6666564941406,273.3333435058594,260.0,270.6666564941406
2017-01-24,273.0,276.0,268.3333435058594,271.3333435058594
2017-01-25,273.0,285.0,271.6666564941406,283.0
2017-01-26,285.3333435058594,289.3333435058594,277.6666564941406,283.0
2017-01-27,285.3333435058594,285.6666564941406,277.6666564941406,277.6666564941406
2017-01-30,274.3333435058594,276.3333435058594,271.0,275.6666564941406
2017-01-31,275.0,275.0,271.3333435058594,272.6666564941406
2017-02-01,274.0,279.0,273.3333435058594,277.3333435058594
2017-02-02,278.3333435058594,279.6666564941406,273.3333435058594,276.0
2017-02-03,276.0,276.0,271.0,271.3333435058594
2017-02-06,270.0,278.6666564941406,269.6666564941406,278.6666564941406
2017-02-07,278.6666564941406,283.3333435058594,275.6666564941406,281.3333435058594
2017-02-08,283.0,290.0,278.0,283.6666564941406
2017-02-09,285.0,285.0,274.6666564941406,275.6666564941406
2017-02-10,279.0,279.0,273.6666564941406,274.0
2017-02-13,275.6666564941406,279.3333435058594,275.3333435058594,277.6666564941406
2017-02-14,277.0,281.6666564941406,277.0,280.3333435058594
2017-02-15,287.0,290.0,286.0,287.6666564941406
2017-02-16,286.6666564941406,292.0,285.0,287.6666564941406
2017-02-17,289.6666564941406,290.0,283.3333435058594,284.6666564941406
2017-02-20,285.0,289.3333435058594,285.0,287.3333435058594
2017-02-21,290.0,295.0,288.3333435058594,293.3333435058594
2017-02-22,295.6666564941406,298.0,286.0,291.6666564941406
2017-02-23,292.6666564941406,295.0,292.6666564941406,294.6666564941406
2017-02-24,296.6666564941406,298.3333435058594,294.6666564941406,296.6666564941406
2017-02-27,299.0,305.3333435058594,297.3333435058594,303.3333435058594
2017-02-28,310.0,319.0,308.6666564941406,317.6666564941406
2017-03-01,318.3333435058594,321.0,310.3333435058594,313.6666564941406
2017-03-02,308.6666564941406,309.6666564941406,303.6666564941406,304.0
2017-03-03,301.0,312.0,301.0,308.3333435058594
2017-03-06,307.3333435058594,314.3333435058594,306.3333435058594,311.6666564941406
2017-03-07,312.6666564941406,313.6666564941406,309.6666564941406,311.0
2017-03-08,310.3333435058594,316.6666564941406,310.3333435058594,314.3333435058594
2017-03-09,316.6666564941406,317.6666564941406,309.3333435058594,311.3333435058594
2017-03-10,309.0,313.3333435058594,308.6666564941406,309.0
2017-03-13,309.3333435058594,310.6666564941406,303.6666564941406,305.0
2017-03-14,302.6666564941406,308.3333435058594,301.6666564941406,307.6666564941406
2017-03-15,303.3333435058594,306.3333435058594,303.3333435058594,305.0
2017-03-16,300.6666564941406,306.6666564941406,300.6666564941406,303.6666564941406
2017-03-17,303.6666564941406,304.6666564941406,300.6666564941406,301.6666564941406
2017-03-21,303.3333435058594,311.6666564941406,303.0,311.3333435058594
2017-03-22,307.0,308.0,306.0,307.0
2017-03-23,309.3333435058594,318.6666564941406,305.3333435058594,318.6666564941406
2017-03-24,318.6666564941406,321.6666564941406,318.6666564941406,321.6666564941406
2017-03-27,322.3333435058594,328.0,322.3333435058594,326.6666564941406
2017-03-28,326.6666564941406,332.0,326.0,331.3333435058594
2017-03-29,332.6666564941406,340.0,325.0,330.3333435058594
2017-03-30,329.6666564941406,329.6666564941406,315.3333435058594,321.0
2017-03-31,319.3333435058594,319.3333435058594,310.6666564941406,314.3333435058594
2017-04-03,310.0,310.0,290.6666564941406,300.6666564941406
2017-04-04,296.6666564941406,299.0,285.0,286.3333435058594
2017-04-05,287.3333435058594,293.3333435058594,285.3333435058594,290.3333435058594
2017-04-06,291.0,291.6666564941406,285.0,289.0
2017-04-07,289.3333435058594,294.0,289.3333435058594,290.6666564941406
2017-04-10,290.6666564941406,291.6666564941406,285.0,285.0
2017-04-11,284.0,286.6666564941406,278.3333435058594,278.3333435058594
2017-04-12,276.6666564941406,276.6666564941406,270.3333435058594,273.6666564941406
2017-04-13,268.0,273.6666564941406,260.0,268.3333435058594
2017-04-14,265.3333435058594,278.6666564941406,264.6666564941406,271.3333435058594
2017-04-17,273.3333435058594,285.0,273.3333435058594,282.6666564941406
2017-04-18,291.0,292.6666564941406,288.6666564941406,289.6666564941406
2017-04-19,286.0,286.0,279.3333435058594,282.6666564941406
2017-04-20,287.3333435058594,288.0,284.3333435058594,284.6666564941406
2017-04-21,283.6666564941406,287.6666564941406,282.3333435058594,287.3333435058594
2017-04-24,288.3333435058594,293.3333435058594,288.3333435058594,293.0
2017-04-25,290.3333435058594,293.3333435058594,288.3333435058594,290.0
2017-04-26,290.6666564941406,291.6666564941406,290.0,290.6666564941406
2017-04-27,290.6666564941406,290.6666564941406,288.0,289.6666564941406
2017-04-28,289.6666564941406,289.6666564941406,286.3333435058594,289.0
2017-05-01,289.0,293.3333435058594,289.0,289.3333435058594
2017-05-02,290.0,290.0,284.0,285.6666564941406
2017-05-08,291.6666564941406,291.6666564941406,284.0,287.0
2017-05-09,287.0,293.3333435058594,285.0,293.3333435058594
2017-05-10,295.0,295.0,291.3333435058594,292.6666564941406
2017-05-11,296.6666564941406,296.6666564941406,293.6666564941406,295.6666564941406
2017-05-12,295.6666564941406,296.6666564941406,274.0,276.0
2017-05-15,273.6666564941406,273.6666564941406,266.0,266.3333435058594
2017-05-16,265.0,268.3333435058594,265.0,266.0
2017-05-17,267.0,267.0,265.0,265.0
2017-05-18,264.0,264.0,261.3333435058594,262.3333435058594
2017-05-19,262.3333435058594,264.6666564941406,262.3333435058594,263.0
2017-05-22,264.3333435058594,268.6666564941406,264.3333435058594,265.0
2017-05-23,266.3333435058594,266.6666564941406,264.3333435058594,264.3333435058594
2017-05-24,265.6666564941406,266.3333435058594,264.6666564941406,266.0
2017-05-25,266.6666564941406,267.0,262.6666564941406,263.3333435058594
2017-05-26,262.6666564941406,264.3333435058594,261.6666564941406,264.3333435058594
2017-05-29,265.3333435058594,265.3333435058594,263.6666564941406,263.6666564941406
2017-05-30,264.0,264.6666564941406,263.6666564941406,264.0
2017-05-31,265.6666564941406,265.6666564941406,263.3333435058594,263.3333435058594
2017-06-01,264.3333435058594,265.0,263.3333435058594,264.6666564941406
2017-06-02,264.3333435058594,265.0,263.3333435058594,264.6666564941406
2017-06-05,264.6666564941406,264.6666564941406,263.3333435058594,263.3333435058594
2017-06-06,265.3333435058594,265.3333435058594,263.6666564941406,264.3333435058594
2017-06-07,265.0,265.0,263.3333435058594,264.0
2017-06-08,264.6666564941406,265.0,264.0,264.0
2017-06-09,264.6666564941406,265.0,264.0,265.0
2017-06-12,264.6666564941406,265.6666564941406,264.0,265.0
2017-06-13,265.0,266.0,264.6666564941406,266.0
2017-06-14,266.0,266.3333435058594,265.6666564941406,266.3333435058594
2017-06-15,266.3333435058594,266.3333435058594,264.6666564941406,265.0
2017-06-16,265.0,266.0,264.3333435058594,265.3333435058594
2017-06-19,265.3333435058594,266.3333435058594,264.6666564941406,265.0
2017-06-20,266.6666564941406,266.6666564941406,265.0,265.3333435058594
2017-06-21,265.0,265.3333435058594,264.3333435058594,264.6666564941406
2017-06-22,266.3333435058594,266.6666564941406,265.0,266.6666564941406
2017-06-23,266.6666564941406,266.6666564941406,263.6666564941406,263.6666564941406
2017-06-26,263.6666564941406,264.3333435058594,263.6666564941406,263.6666564941406
2017-06-27,263.6666564941406,266.6666564941406,263.3333435058594,264.3333435058594
2017-06-28,264.6666564941406,265.0,263.6666564941406,263.6666564941406
2017-06-29,263.6666564941406,264.6666564941406,263.3333435058594,263.6666564941406
2017-06-30,264.0,264.3333435058594,263.6666564941406,263.6666564941406
2017-07-03,264.0,264.3333435058594,263.6666564941406,263.6666564941406
2017-07-04,264.3333435058594,264.3333435058594,263.3333435058594,263.6666564941406
2017-07-05,263.3333435058594,264.3333435058594,263.0,263.6666564941406
2017-07-06,263.6666564941406,264.6666564941406,261.0,261.0
2017-07-07,261.0,263.3333435058594,260.6666564941406,263.3333435058594
2017-07-10,262.3333435058594,263.0,262.3333435058594,262.3333435058594
2017-07-11,263.3333435058594,264.0,261.6666564941406,264.0
2017-07-12,262.6666564941406,264.0,262.3333435058594,264.0
2017-07-13,264.0,264.0,263.0,263.3333435058594
2017-07-14,263.3333435058594,264.3333435058594,263.0,264.3333435058594
2017-07-17,264.3333435058594,264.3333435058594,264.3333435058594,264.3333435058594
2017-07-18,266.0,266.0,264.3333435058594,265.3333435058594
2017-07-19,266.0,268.3333435058594,265.0,267.3333435058594
2017-07-20,269.6666564941406,271.6666564941406,268.6666564941406,271.6666564941406
2017-07-21,273.3333435058594,277.0,273.3333435058594,274.0
2017-07-24,277.3333435058594,279.0,275.3333435058594,279.0
2017-07-25,280.0,282.6666564941406,278.6666564941406,282.6666564941406
2017-07-26,287.6666564941406,287.6666564941406,282.6666564941406,287.0
2017-07-27,287.6666564941406,288.0,282.6666564941406,285.0
2017-07-28,287.0,287.0,281.6666564941406,283.3333435058594
2017-07-31,283.3333435058594,286.0,280.0,283.3333435058594
2017-08-01,283.3333435058594,283.3333435058594,273.6666564941406,277.3333435058594
2017-08-02,276.3333435058594,276.3333435058594,274.3333435058594,276.0
2017-08-03,274.3333435058594,275.0,271.6666564941406,274.0
2017-08-04,274.0,283.0,260.3333435058594,265.6666564941406
2017-08-07,262.6666564941406,265.0,261.3333435058594,263.6666564941406
2017-08-08,264.3333435058594,265.6666564941406,263.3333435058594,264.6666564941406
2017-08-09,265.0,268.0,264.3333435058594,266.6666564941406
2017-08-10,266.3333435058594,266.6666564941406,264.6666564941406,264.6666564941406
2017-08-11,264.6666564941406,264.6666564941406,264.6666564941406,264.6666564941406
2017-08-14,265.0,266.0,263.6666564941406,265.6666564941406
2017-08-15,268.6666564941406,270.3333435058594,266.3333435058594,269.3333435058594
2017-08-16,269.6666564941406,269.6666564941406,266.6666564941406,268.0
2017-08-17,267.6666564941406,267.6666564941406,265.6666564941406,265.6666564941406
2017-08-18,266.0,268.0,265.3333435058594,265.6666564941406
2017-08-21,266.0,266.0,266.0,266.0
2017-08-22,265.3333435058594,265.3333435058594,263.6666564941406,264.0
2017-08-23,266.0,266.3333435058594,264.3333435058594,265.3333435058594
2017-08-24,265.0,265.0,264.0,265.0
2017-08-25,266.0,266.6666564941406,265.3333435058594,266.6666564941406
2017-08-28,267.3333435058594,267.6666564941406,265.3333435058594,266.3333435058594
2017-08-29,264.6666564941406,266.0,263.6666564941406,265.3333435058594
2017-08-30,265.6666564941406,266.6666564941406,265.6666564941406,266.6666564941406
2017-08-31,266.0,267.3333435058594,266.0,266.6666564941406
2017-09-01,266.6666564941406,267.3333435058594,265.3333435058594,267.0
2017-09-04,267.3333435058594,267.3333435058594,265.6666564941406,267.3333435058594
2017-09-05,266.6666564941406,267.6666564941406,265.0,266.0
2017-09-06,265.3333435058594,267.0,264.6666564941406,265.6666564941406
2017-09-07,265.3333435058594,265.6666564941406,265.3333435058594,265.3333435058594
2017-09-08,265.6666564941406,266.3333435058594,265.6666564941406,265.6666564941406
2017-09-11,266.3333435058594,267.6666564941406,266.3333435058594,267.0
2017-09-12,267.6666564941406,269.0,267.6666564941406,268.3333435058594
2017-09-13,269.0,269.0,258.6666564941406,266.6666564941406
2017-09-14,268.3333435058594,268.6666564941406,265.0,267.0
2017-09-15,266.6666564941406,268.0,266.3333435058594,266.6666564941406
2017-09-18,266.6666564941406,266.6666564941406,266.6666564941406,266.6666564941406
2017-09-19,266.6666564941406,268.3333435058594,266.3333435058594,267.0
2017-09-20,268.6666564941406,268.6666564941406,266.0,266.0
2017-09-21,266.6666564941406,266.6666564941406,266.3333435058594,266.3333435058594
2017-09-22,267.6666564941406,269.3333435058594,266.6666564941406,267.0
2017-09-25,270.0,270.0,267.6666564941406,268.6666564941406
2017-09-26,268.0,271.6666564941406,268.0,270.3333435058594
2017-09-27,267.6666564941406,268.0,266.3333435058594,266.6666564941406
2017-09-28,266.6666564941406,267.0,266.6666564941406,266.6666564941406
2017-09-29,267.0,267.0,266.3333435058594,266.6666564941406
2017-10-02,266.6666564941406,268.0,266.3333435058594,267.6666564941406
2017-10-03,266.6666564941406,267.3333435058594,266.6666564941406,267.0
2017-10-04,267.3333435058594,268.3333435058594,266.6666564941406,266.6666564941406
2017-10-05,268.0,268.0,266.6666564941406,267.3333435058594
2017-10-06,267.0,267.6666564941406,266.6666564941406,266.6666564941406
2017-10-09,266.6666564941406,266.6666564941406,266.6666564941406,266.6666564941406
2017-10-10,267.3333435058594,268.3333435058594,266.6666564941406,268.3333435058594
2017-10-11,268.3333435058594,269.0,266.6666564941406,267.0
2017-10-12,267.6666564941406,267.6666564941406,267.0,267.0
2017-10-13,267.6666564941406,268.6666564941406,267.0,268.6666564941406
2017-10-16,269.0,269.0,267.0,268.0
2017-10-17,269.0,269.3333435058594,267.3333435058594,268.6666564941406
2017-10-18,268.3333435058594,269.3333435058594,268.0,268.0
2017-10-19,268.0,269.3333435058594,268.0,268.6666564941406
2017-10-20,268.6666564941406,270.3333435058594,268.3333435058594,269.6666564941406
2017-10-23,270.0,272.0,270.0,271.3333435058594
2017-10-24,271.6666564941406,275.3333435058594,271.3333435058594,275.0
2017-10-25,275.0,275.3333435058594,270.3333435058594,271.6666564941406
2017-10-26,272.3333435058594,275.6666564941406,271.3333435058594,272.0
2017-10-27,272.0,273.3333435058594,272.0,272.3333435058594
2017-10-30,273.0,277.3333435058594,272.3333435058594,273.3333435058594
2017-10-31,275.0,275.3333435058594,269.0,270.3333435058594
2017-11-01,270.6666564941406,273.3333435058594,270.6666564941406,273.3333435058594
2017-11-02,273.3333435058594,274.6666564941406,271.6666564941406,272.6666564941406
2017-11-03,272.6666564941406,272.6666564941406,272.6666564941406,272.6666564941406
2017-11-06,273.3333435058594,274.3333435058594,272.3333435058594,272.3333435058594
2017-11-07,271.6666564941406,273.0,271.3333435058594,271.6666564941406
2017-11-08,271.6666564941406,272.6666564941406,266.6666564941406,270.3333435058594
2017-11-09,270.0,271.3333435058594,269.3333435058594,269.3333435058594
2017-11-10,269.3333435058594,270.0,268.3333435058594,269.6666564941406
2017-11-13,269.6666564941406,271.3333435058594,269.6666564941406,270.0
2017-11-14,269.6666564941406,271.3333435058594,268.6666564941406,271.0
2017-11-15,271.3333435058594,272.0,266.3333435058594,268.0
2017-11-16,268.0,269.0,267.0,268.3333435058594
2017-11-17,269.3333435058594,269.3333435058594,268.3333435058594,268.3333435058594
2017-11-20,268.6666564941406,271.6666564941406,268.6666564941406,269.3333435058594
2017-11-21,269.6666564941406,270.3333435058594,269.3333435058594,269.3333435058594
2017-11-22,270.0,270.0,269.0,269.6666564941406
2017-11-23,269.6666564941406,269.6666564941406,269.6666564941406,269.6666564941406
2017-11-24,270.0,270.0,269.3333435058594,270.0
2017-11-27,270.0,270.6666564941406,270.0,270.0
2017-11-28,270.0,270.0,268.6666564941406,269.6666564941406
2017-11-29,270.6666564941406,270.6666564941406,270.0,270.3333435058594
2017-11-30,270.6666564941406,270.6666564941406,269.3333435058594,270.0
2017-12-01,270.6666564941406,271.0,270.0,270.6666564941406
2017-12-04,271.6666564941406,271.6666564941406,269.6666564941406,270.6666564941406
2017-12-05,270.0,273.0,269.0,273.0
2017-12-06,271.0,274.3333435058594,271.0,273.3333435058594
2017-12-07,272.3333435058594,272.6666564941406,271.3333435058594,272.3333435058594
2017-12-08,272.3333435058594,273.3333435058594,272.3333435058594,272.6666564941406
2017-12-11,272.6666564941406,275.0,272.6666564941406,273.6666564941406
2017-12-12,273.3333435058594,274.6666564941406,273.3333435058594,274.3333435058594
2017-12-13,274.3333435058594,274.3333435058594,270.0,271.0
2017-12-14,273.0,273.6666564941406,272.0,273.3333435058594
2017-12-15,273.0,273.3333435058594,271.3333435058594,273.3333435058594
2017-12-18,274.3333435058594,274.3333435058594,272.3333435058594,274.0
2017-12-19,272.0,273.3333435058594,272.0,273.0
2017-12-20,273.3333435058594,274.3333435058594,272.6666564941406,274.3333435058594
2017-12-21,274.3333435058594,274.3333435058594,273.0,274.0
2017-12-22,274.0,274.6666564941406,273.3333435058594,274.6666564941406
2017-12-25,274.6666564941406,275.3333435058594,274.0,275.3333435058594
2017-12-26,278.0,278.3333435058594,275.3333435058594,278.0
2017-12-27,279.0,281.3333435058594,278.6666564941406,281.3333435058594
2017-12-28,284.3333435058594,284.3333435058594,282.0,282.6666564941406
2017-12-29,283.3333435058594,283.3333435058594,280.3333435058594,280.3333435058594
2018-01-01,280.3333435058594,280.3333435058594,280.3333435058594,280.3333435058594
2018-01-02,280.3333435058594,280.3333435058594,280.3333435058594,280.3333435058594
2018-01-03,280.3333435058594,280.3333435058594,280.3333435058594,280.3333435058594
2018-01-04,285.3333435058594,285.3333435058594,283.0,283.3333435058594
2018-01-05,284.6666564941406,284.6666564941406,282.6666564941406,283.6666564941406
2018-01-08,283.6666564941406,283.6666564941406,283.6666564941406,283.6666564941406
2018-01-09,284.6666564941406,285.0,284.0,284.3333435058594
2018-01-10,285.0,286.6666564941406,285.0,286.0
2018-01-11,285.0,286.6666564941406,284.6666564941406,286.0
2018-01-12,287.0,289.3333435058594,287.0,288.3333435058594
2018-01-15,290.3333435058594,290.3333435058594,288.3333435058594,289.3333435058594
2018-01-16,291.0,291.3333435058594,288.3333435058594,290.0
2018-01-17,288.6666564941406,288.6666564941406,286.0,286.3333435058594
2018-01-18,288.6666564941406,289.3333435058594,286.3333435058594,286.3333435058594
2018-01-19,286.6666564941406,287.6666564941406,286.3333435058594,287.3333435058594
2018-01-22,286.6666564941406,287.3333435058594,286.0,286.0
2018-01-23,286.0,286.6666564941406,279.3333435058594,285.3333435058594
2018-01-24,286.6666564941406,286.6666564941406,282.6666564941406,283.6666564941406
2018-01-25,283.3333435058594,284.3333435058594,282.6666564941406,283.3333435058594
2018-01-26,283.3333435058594,285.0,283.3333435058594,284.0
2018-01-29,284.0,286.0,284.0,285.0
2018-01-30,285.0,285.3333435058594,283.3333435058594,284.0
2018-01-31,283.3333435058594,284.6666564941406,283.3333435058594,284.3333435058594
2018-02-01,284.6666564941406,285.3333435058594,284.3333435058594,285.0
2018-02-02,285.6666564941406,286.6666564941406,285.0,285.6666564941406
2018-02-05,283.6666564941406,285.3333435058594,282.3333435058594,283.3333435058594
2018-02-06,276.6666564941406,276.6666564941406,267.3333435058594,271.6666564941406
2018-02-07,276.3333435058594,276.3333435058594,273.6666564941406,274.3333435058594
2018-02-08,274.6666564941406,276.3333435058594,273.3333435058594,274.3333435058594
2018-02-09,270.0,271.6666564941406,266.0,267.6666564941406
2018-02-12,267.6666564941406,267.6666564941406,267.6666564941406,267.6666564941406
2018-02-13,270.0,272.0,270.0,270.3333435058594
2018-02-14,271.3333435058594,272.3333435058594,267.3333435058594,269.3333435058594
2018-02-15,272.6666564941406,276.3333435058594,271.6666564941406,276.3333435058594
2018-02-16,279.0,279.3333435058594,277.0,277.3333435058594
2018-02-19,281.3333435058594,282.0,277.3333435058594,281.0
2018-02-20,281.0,281.3333435058594,280.3333435058594,280.3333435058594
2018-02-21,280.3333435058594,281.3333435058594,280.3333435058594,281.0
2018-02-22,282.3333435058594,282.3333435058594,268.3333435058594,274.0
2018-02-23,280.3333435058594,281.3333435058594,279.6666564941406,280.6666564941406
2018-02-26,280.6666564941406,285.3333435058594,280.6666564941406,284.3333435058594
2018-02-27,284.3333435058594,285.3333435058594,283.3333435058594,283.3333435058594
2018-02-28,283.3333435058594,285.0,283.3333435058594,284.6666564941406
2018-03-01,284.6666564941406,285.3333435058594,282.0,285.3333435058594
2018-03-02,282.6666564941406,282.6666564941406,279.6666564941406,280.3333435058594
2018-03-05,280.6666564941406,285.6666564941406,279.3333435058594,279.6666564941406
2018-03-06,283.0,283.3333435058594,281.6666564941406,282.3333435058594
2018-03-07,283.3333435058594,283.6666564941406,282.6666564941406,283.6666564941406
2018-03-08,284.3333435058594,284.3333435058594,282.6666564941406,283.6666564941406
2018-03-09,283.3333435058594,284.0,280.0,283.0
2018-03-12,283.3333435058594,283.6666564941406,283.0,283.6666564941406
2018-03-13,283.6666564941406,284.0,283.3333435058594,283.3333435058594
2018-03-14,284.0,284.3333435058594,283.3333435058594,284.3333435058594
2018-03-15,283.6666564941406,284.0,278.6666564941406,281.6666564941406
2018-03-16,284.0,284.0,281.0,281.6666564941406
2018-03-19,283.3333435058594,283.3333435058594,280.6666564941406,280.6666564941406
2018-03-20,281.0,281.3333435058594,280.3333435058594,280.6666564941406
2018-03-21,280.6666564941406,280.6666564941406,280.6666564941406,280.6666564941406
2018-03-22,280.6666564941406,282.3333435058594,280.6666564941406,281.3333435058594
2018-03-23,279.6666564941406,280.6666564941406,278.0,279.3333435058594
2018-03-26,278.6666564941406,279.0,276.6666564941406,278.6666564941406
2018-03-27,283.3333435058594,284.6666564941406,283.3333435058594,284.6666564941406
2018-03-28,280.0,280.3333435058594,275.0,278.3333435058594
2018-03-29,278.0,278.3333435058594,273.3333435058594,276.3333435058594
2018-03-30,278.3333435058594,278.3333435058594,274.6666564941406,274.6666564941406
2018-04-02,275.6666564941406,279.0,275.6666564941406,279.0
2018-04-03,278.3333435058594,278.6666564941406,277.3333435058594,278.3333435058594
2018-04-04,278.6666564941406,279.6666564941406,278.6666564941406,279.0
2018-04-05,280.0,280.3333435058594,278.6666564941406,279.0
2018-04-06,280.0,280.6666564941406,279.3333435058594,280.3333435058594
2018-04-09,277.6666564941406,280.6666564941406,277.6666564941406,280.6666564941406
2018-04-10,281.0,282.3333435058594,280.3333435058594,281.6666564941406
2018-04-11,282.0,282.0,281.0,281.0
2018-04-12,282.6666564941406,282.6666564941406,280.3333435058594,281.6666564941406
2018-04-13,282.3333435058594,282.3333435058594,280.3333435058594,281.6666564941406
2018-04-16,282.6666564941406,283.3333435058594,277.6666564941406,277.6666564941406
2018-04-17,281.0,281.0,275.0,277.6666564941406
2018-04-18,279.3333435058594,279.6666564941406,278.0,278.6666564941406
2018-04-19,279.0,281.6666564941406,279.0,281.3333435058594
2018-04-20,281.3333435058594,281.6666564941406,280.3333435058594,281.6666564941406
2018-04-23,280.0,281.3333435058594,280.0,281.3333435058594
2018-04-24,282.0,282.0,281.0,281.6666564941406
2018-04-25,281.6666564941406,283.0,277.0,281.6666564941406
2018-04-26,282.0,282.0,280.0,280.3333435058594
2018-04-27,281.3333435058594,287.3333435058594,279.6666564941406,286.6666564941406
2018-04-30,286.6666564941406,286.6666564941406,286.6666564941406,286.6666564941406
2018-05-01,290.3333435058594,294.6666564941406,290.3333435058594,291.6666564941406
2018-05-02,293.3333435058594,293.3333435058594,287.3333435058594,289.0
2018-05-03,289.0,289.0,289.0,289.0
2018-05-04,289.0,289.0,289.0,289.0
2018-05-07,289.0,289.0,287.6666564941406,287.6666564941406
2018-05-08,287.6666564941406,289.3333435058594,287.6666564941406,288.6666564941406
2018-05-09,287.6666564941406,288.6666564941406,287.3333435058594,288.0
2018-05-10,287.6666564941406,288.6666564941406,287.6666564941406,287.6666564941406
2018-05-11,288.0,289.3333435058594,283.3333435058594,284.0
2018-05-14,283.3333435058594,285.3333435058594,282.6666564941406,285.0
2018-05-15,290.0,290.3333435058594,287.0,289.0
2018-05-16,291.3333435058594,291.3333435058594,288.3333435058594,289.0
2018-05-17,290.0,290.6666564941406,287.3333435058594,288.3333435058594
2018-05-18,290.3333435058594,290.3333435058594,287.6666564941406,290.0
2018-05-21,290.0,290.6666564941406,289.0,290.0
2018-05-22,290.6666564941406,291.3333435058594,289.3333435058594,290.6666564941406
2018-05-23,290.6666564941406,291.0,289.3333435058594,290.3333435058594
2018-05-24,290.0,290.0,288.6666564941406,289.0
2018-05-25,290.0,290.0,287.6666564941406,288.6666564941406
2018-05-28,288.6666564941406,288.6666564941406,287.0,287.0
2018-05-29,287.0,288.3333435058594,284.6666564941406,284.6666564941406
2018-05-30,283.6666564941406,284.0,281.0,283.3333435058594
2018-05-31,284.6666564941406,286.0,284.6666564941406,286.0
2018-06-01,286.3333435058594,287.3333435058594,284.6666564941406,286.0
2018-06-04,286.0,287.0,285.0,285.6666564941406
2018-06-05,285.6666564941406,285.6666564941406,284.3333435058594,284.6666564941406
2018-06-06,283.6666564941406,286.0,283.6666564941406,283.6666564941406
2018-06-07,284.0,285.6666564941406,284.0,284.6666564941406
2018-06-08,286.3333435058594,286.3333435058594,285.3333435058594,285.6666564941406
2018-06-11,286.0,287.6666564941406,286.0,287.0
2018-06-12,287.3333435058594,289.3333435058594,287.3333435058594,288.0
2018-06-13,289.3333435058594,289.3333435058594,288.6666564941406,288.6666564941406
2018-06-14,289.3333435058594,290.0,288.3333435058594,290.0
2018-06-15,291.3333435058594,293.3333435058594,291.3333435058594,293.0
2018-06-18,292.6666564941406,293.3333435058594,292.0,293.3333435058594
2018-06-19,293.3333435058594,294.3333435058594,292.6666564941406,293.3333435058594
2018-06-20,293.3333435058594,293.3333435058594,290.6666564941406,293.0
2018-06-21,293.0,293.0,292.3333435058594,293.0
2018-06-22,292.0,293.0,291.6666564941406,293.0
2018-06-25,293.0,293.0,291.0,291.6666564941406
2018-06-26,290.6666564941406,293.3333435058594,290.6666564941406,293.3333435058594
2018-06-27,292.6666564941406,293.3333435058594,291.6666564941406,293.3333435058594
2018-06-28,290.3333435058594,291.0,287.6666564941406,291.0
2018-06-29,291.0,291.6666564941406,290.3333435058594,290.6666564941406
2018-07-02,290.6666564941406,291.6666564941406,287.6666564941406,287.6666564941406
2018-07-03,288.0,289.0,288.0,288.3333435058594
2018-07-04,287.0,288.3333435058594,286.6666564941406,287.0
2018-07-05,287.0,287.0,283.6666564941406,284.0
2018-07-06,285.0,287.0,284.6666564941406,287.0
2018-07-09,286.6666564941406,288.3333435058594,286.6666564941406,288.3333435058594
2018-07-10,288.3333435058594,288.3333435058594,287.6666564941406,288.3333435058594
2018-07-11,288.0,288.3333435058594,286.6666564941406,287.0
2018-07-12,287.0,287.0,287.0,287.0
2018-07-13,288.0,288.3333435058594,287.6666564941406,288.3333435058594
2018-07-16,288.3333435058594,288.3333435058594,288.3333435058594,288.3333435058594
2018-07-17,289.3333435058594,291.3333435058594,289.0,291.3333435058594
2018-07-18,293.0,294.0,292.0,293.6666564941406
2018-07-19,294.3333435058594,298.0,292.6666564941406,297.6666564941406
2018-07-20,296.6666564941406,297.6666564941406,295.6666564941406,297.3333435058594
2018-07-23,298.3333435058594,299.6666564941406,298.0,299.6666564941406
2018-07-24,301.6666564941406,308.0,301.6666564941406,308.0
2018-07-25,313.0,314.0,307.3333435058594,311.6666564941406
2018-07-26,316.0,316.6666564941406,312.0,314.3333435058594
2018-07-27,318.3333435058594,324.6666564941406,311.0,317.6666564941406
2018-07-30,319.0,319.0,311.0,312.3333435058594
2018-07-31,312.3333435058594,312.3333435058594,307.3333435058594,308.0
2018-08-01,308.0,308.3333435058594,303.3333435058594,304.0
2018-08-02,302.0,302.3333435058594,300.0,301.3333435058594
2018-08-03,297.3333435058594,305.0,297.3333435058594,304.6666564941406
2018-08-06,304.6666564941406,305.3333435058594,299.6666564941406,299.6666564941406
2018-08-07,299.6666564941406,315.6666564941406,299.3333435058594,315.6666564941406
2018-08-08,311.6666564941406,311.6666564941406,300.3333435058594,305.3333435058594
2018-08-09,305.3333435058594,305.3333435058594,305.3333435058594,305.3333435058594
2018-08-10,303.6666564941406,303.6666564941406,301.6666564941406,302.0
2018-08-13,302.0,302.0,298.6666564941406,299.3333435058594
2018-08-14,302.0,302.3333435058594,300.3333435058594,302.3333435058594
2018-08-15,303.0,303.0,300.6666564941406,302.6666564941406
2018-08-16,302.0,306.3333435058594,300.6666564941406,306.3333435058594
2018-08-17,309.3333435058594,310.0,303.3333435058594,303.3333435058594
2018-08-20,305.3333435058594,305.6666564941406,302.3333435058594,303.3333435058594
2018-08-21,303.3333435058594,303.3333435058594,300.6666564941406,300.6666564941406
2018-08-22,298.3333435058594,303.0,298.3333435058594,303.0
2018-08-23,301.0,302.6666564941406,301.0,302.6666564941406
2018-08-24,306.0,306.0,299.0,300.0
2018-08-27,300.0,300.3333435058594,295.3333435058594,296.6666564941406
2018-08-28,298.3333435058594,298.6666564941406,296.6666564941406,298.6666564941406
2018-08-29,297.6666564941406,300.0,296.6666564941406,298.6666564941406
2018-08-30,298.0,298.3333435058594,298.0,298.3333435058594
2018-08-31,299.0,299.0,298.0,299.0
2018-09-03,300.3333435058594,301.6666564941406,299.0,300.6666564941406
2018-09-04,300.6666564941406,300.6666564941406,299.6666564941406,300.3333435058594
2018-09-05,300.0,300.0,298.3333435058594,298.3333435058594
2018-09-06,298.3333435058594,298.6666564941406,298.3333435058594,298.3333435058594
2018-09-07,297.6666564941406,297.6666564941406,296.3333435058594,296.3333435058594
2018-09-10,296.0,296.0,294.6666564941406,295.6666564941406
2018-09-11,295.6666564941406,297.3333435058594,295.0,297.3333435058594
2018-09-12,297.6666564941406,297.6666564941406,296.0,296.0
2018-09-13,296.0,299.0,296.0,299.0
2018-09-14,300.0,303.0,300.0,303.0
2018-09-17,303.0,303.0,303.0,303.0
2018-09-18,302.0,304.6666564941406,301.6666564941406,304.6666564941406
2018-09-19,306.3333435058594,306.3333435058594,304.6666564941406,305.3333435058594
2018-09-20,306.6666564941406,306.6666564941406,302.6666564941406,302.6666564941406
2018-09-21,303.6666564941406,306.6666564941406,303.6666564941406,305.0
2018-09-24,305.0,305.0,305.0,305.0
2018-09-25,302.3333435058594,306.3333435058594,302.3333435058594,305.6666564941406
2018-09-26,303.3333435058594,305.0,302.6666564941406,303.3333435058594
2018-09-27,303.3333435058594,303.6666564941406,300.0,300.0
2018-09-28,300.0,300.0,300.0,300.0
2018-10-01,302.3333435058594,302.3333435058594,300.6666564941406,301.3333435058594
2018-10-02,300.3333435058594,303.0,300.3333435058594,302.6666564941406
2018-10-03,300.3333435058594,300.3333435058594,299.0,299.6666564941406
2018-10-04,299.0,302.0,298.0,302.0
2018-10-05,301.0,301.0,298.3333435058594,299.0
2018-10-08,299.0,299.0,299.0,299.0
2018-10-09,299.0,299.0,297.6666564941406,298.0
2018-10-10,298.0,300.0,297.6666564941406,300.0
2018-10-11,298.0,299.6666564941406,297.6666564941406,298.0
2018-10-12,296.6666564941406,299.3333435058594,296.3333435058594,299.0
2018-10-15,300.0,301.3333435058594,296.6666564941406,298.3333435058594
2018-10-16,299.6666564941406,301.3333435058594,298.6666564941406,299.3333435058594
2018-10-17,301.6666564941406,302.6666564941406,300.3333435058594,301.6666564941406
2018-10-18,301.6666564941406,301.6666564941406,300.6666564941406,300.6666564941406
2018-10-19,297.6666564941406,297.6666564941406,293.3333435058594,294.0
2018-10-22,295.3333435058594,297.0,293.3333435058594,296.0
2018-10-23,296.0,296.0,289.3333435058594,289.6666564941406
2018-10-24,290.3333435058594,291.6666564941406,290.3333435058594,291.3333435058594
2018-10-25,293.3333435058594,293.3333435058594,271.6666564941406,271.6666564941406
2018-10-26,275.6666564941406,276.0,273.6666564941406,276.0
2018-10-29,279.6666564941406,282.0,268.3333435058594,275.6666564941406
2018-10-30,275.6666564941406,280.0,272.6666564941406,280.0
2018-10-31,281.6666564941406,306.6666564941406,281.6666564941406,286.3333435058594
2018-11-01,291.3333435058594,295.0,286.3333435058594,288.3333435058594
2018-11-02,289.3333435058594,292.0,288.0,291.6666564941406
2018-11-05,291.6666564941406,291.6666564941406,286.6666564941406,290.0
2018-11-06,290.3333435058594,293.0,290.0,292.3333435058594
2018-11-07,293.3333435058594,297.3333435058594,293.0,297.3333435058594
2018-11-08,306.0,311.0,302.3333435058594,303.6666564941406
2018-11-09,305.0,305.0,302.6666564941406,303.3333435058594
2018-11-12,306.3333435058594,306.6666564941406,303.6666564941406,306.3333435058594
2018-11-13,304.0,305.0,300.6666564941406,301.0
2018-11-14,304.0,305.0,300.0,303.6666564941406
2018-11-15,303.0,303.0,297.0,298.3333435058594
2018-11-16,300.0,301.6666564941406,299.6666564941406,300.6666564941406
2018-11-19,302.6666564941406,303.3333435058594,299.6666564941406,300.0
2018-11-20,300.6666564941406,300.6666564941406,289.3333435058594,290.3333435058594
2018-11-21,289.6666564941406,291.6666564941406,289.6666564941406,290.0
2018-11-22,295.6666564941406,296.0,292.3333435058594,293.3333435058594
2018-11-23,293.3333435058594,293.3333435058594,293.3333435058594,293.3333435058594
2018-11-26,293.3333435058594,295.0,286.6666564941406,295.0
2018-11-27,296.0,297.3333435058594,296.0,297.0
2018-11-28,298.6666564941406,298.6666564941406,297.0,298.3333435058594
2018-11-29,298.6666564941406,298.6666564941406,293.6666564941406,293.6666564941406
2018-11-30,293.6666564941406,296.0,292.6666564941406,294.6666564941406
2018-12-03,295.3333435058594,297.6666564941406,295.3333435058594,297.3333435058594
2018-12-04,297.3333435058594,298.6666564941406,296.3333435058594,297.3333435058594
2018-12-05,296.6666564941406,297.6666564941406,294.3333435058594,296.0
2018-12-06,296.3333435058594,296.3333435058594,292.3333435058594,292.3333435058594
2018-12-07,292.3333435058594,294.6666564941406,292.3333435058594,294.3333435058594
2018-12-10,303.3333435058594,303.3333435058594,295.3333435058594,295.6666564941406
2018-12-11,295.6666564941406,295.6666564941406,285.3333435058594,285.6666564941406
2018-12-12,290.0,294.6666564941406,290.0,292.0
2018-12-13,294.6666564941406,295.6666564941406,293.6666564941406,293.6666564941406
2018-12-14,297.6666564941406,297.6666564941406,292.6666564941406,295.0
2018-12-17,295.0,295.0,294.0,295.0
2018-12-18,290.0,292.0,281.6666564941406,286.3333435058594
2018-12-19,291.0,291.0,283.3333435058594,287.3333435058594
2018-12-20,287.3333435058594,287.3333435058594,278.6666564941406,280.6666564941406
2018-12-21,280.6666564941406,284.3333435058594,270.6666564941406,284.3333435058594
2018-12-24,284.3333435058594,284.3333435058594,284.3333435058594,284.3333435058594
2018-12-25,289.3333435058594,289.3333435058594,279.6666564941406,286.0
2018-12-26,288.0,290.6666564941406,284.3333435058594,290.6666564941406
2018-12-27,295.6666564941406,295.6666564941406,289.0,292.6666564941406
2018-12-28,284.3333435058594,286.6666564941406,283.6666564941406,283.6666564941406
2018-12-31,283.6666564941406,283.6666564941406,283.6666564941406,283.6666564941406
2019-01-04,283.6666564941406,285.6666564941406,281.6666564941406,283.6666564941406
2019-01-07,288.3333435058594,292.0,287.3333435058594,288.3333435058594
2019-01-08,288.3333435058594,288.6666564941406,287.0,288.0
2019-01-09,285.6666564941406,295.0,281.6666564941406,288.3333435058594
2019-01-10,288.3333435058594,288.6666564941406,287.3333435058594,287.3333435058594
2019-01-11,287.3333435058594,287.6666564941406,286.6666564941406,287.3333435058594
2019-01-15,289.3333435058594,289.3333435058594,278.6666564941406,281.3333435058594
2019-01-16,281.3333435058594,282.6666564941406,281.3333435058594,282.6666564941406
2019-01-17,284.3333435058594,284.3333435058594,282.6666564941406,284.0
2019-01-18,284.0,285.0,283.0,284.3333435058594
2019-01-21,282.6666564941406,286.3333435058594,281.6666564941406,285.6666564941406
2019-01-22,284.6666564941406,289.6666564941406,284.6666564941406,287.6666564941406
2019-01-23,286.0,289.6666564941406,286.0,289.0
2019-01-24,286.6666564941406,289.3333435058594,286.3333435058594,289.3333435058594
2019-01-25,290.0,290.0,287.0,290.0
2019-01-28,290.3333435058594,291.0,287.3333435058594,290.0
2019-01-29,290.0,292.0,286.0,289.0
2019-01-30,289.0,289.0,287.0,289.0
2019-01-31,289.0,295.3333435058594,288.6666564941406,289.6666564941406
2019-02-01,290.0,291.6666564941406,289.3333435058594,289.6666564941406
2019-02-04,290.0,294.0,290.0,291.0
2019-02-05,293.0,295.6666564941406,290.3333435058594,295.6666564941406
2019-02-06,297.3333435058594,301.3333435058594,295.0,300.3333435058594
2019-02-07,330.3333435058594,330.6666564941406,311.6666564941406,311.6666564941406
2019-02-08,300.6666564941406,306.0,296.3333435058594,296.3333435058594
2019-02-12,301.0,301.6666564941406,295.6666564941406,297.3333435058594
2019-02-13,297.3333435058594,301.3333435058594,297.3333435058594,301.3333435058594
2019-02-14,303.0,305.6666564941406,302.0,305.3333435058594
2019-02-15,307.3333435058594,309.3333435058594,304.0,304.0
2019-02-18,308.6666564941406,310.0,308.0,310.0
2019-02-19,311.3333435058594,311.3333435058594,309.0,310.6666564941406
2019-02-20,309.3333435058594,311.0,307.3333435058594,311.0
2019-02-21,309.0,310.6666564941406,308.6666564941406,309.6666564941406
2019-02-22,309.6666564941406,310.6666564941406,308.6666564941406,310.3333435058594
2019-02-25,311.6666564941406,313.0,308.6666564941406,311.3333435058594
2019-02-26,311.6666564941406,311.6666564941406,308.6666564941406,310.6666564941406
2019-02-27,310.6666564941406,311.6666564941406,309.3333435058594,311.6666564941406
2019-02-28,311.3333435058594,312.3333435058594,309.6666564941406,311.6666564941406
2019-03-01,311.6666564941406,314.0,310.6666564941406,314.0
2019-03-04,315.0,315.6666564941406,314.0,314.6666564941406
2019-03-05,312.6666564941406,315.0,310.3333435058594,314.6666564941406
2019-03-06,314.6666564941406,314.6666564941406,312.0,312.0
2019-03-07,314.3333435058594,314.3333435058594,310.3333435058594,310.3333435058594
2019-03-08,309.6666564941406,309.6666564941406,296.3333435058594,301.0
2019-03-11,299.3333435058594,304.3333435058594,299.3333435058594,304.3333435058594
2019-03-12,301.6666564941406,305.0,301.6666564941406,303.6666564941406
2019-03-13,305.0,306.3333435058594,305.0,305.0
2019-03-14,306.0,306.6666564941406,302.3333435058594,305.3333435058594
2019-03-15,306.3333435058594,307.6666564941406,305.0,305.3333435058594
2019-03-18,306.6666564941406,309.6666564941406,306.6666564941406,309.3333435058594
2019-03-19,313.0,313.0,308.3333435058594,311.0
2019-03-20,312.3333435058594,313.3333435058594,310.3333435058594,310.3333435058594
2019-03-22,310.3333435058594,311.6666564941406,307.0,308.6666564941406
2019-03-25,307.3333435058594,307.3333435058594,300.0,301.3333435058594
2019-03-26,300.6666564941406,302.3333435058594,299.0,300.6666564941406
2019-03-27,290.3333435058594,293.0,290.3333435058594,291.0
2019-03-28,290.6666564941406,290.6666564941406,283.0,286.0
2019-03-29,286.3333435058594,288.0,282.3333435058594,285.0
2019-04-01,285.3333435058594,291.0,285.0,290.3333435058594
2019-04-02,291.3333435058594,291.6666564941406,288.3333435058594,290.3333435058594
2019-04-03,289.0,289.0,286.3333435058594,287.3333435058594
2019-04-04,289.0,289.0,287.0,287.6666564941406
2019-04-05,288.0,288.3333435058594,287.3333435058594,288.0
2019-04-08,288.3333435058594,289.6666564941406,288.3333435058594,288.3333435058594
2019-04-09,288.6666564941406,289.0,285.0,285.0
2019-04-10,286.0,286.0,284.3333435058594,284.3333435058594
2019-04-11,286.6666564941406,286.6666564941406,283.6666564941406,284.3333435058594
2019-04-12,285.3333435058594,285.3333435058594,282.3333435058594,284.6666564941406
2019-04-15,284.3333435058594,287.6666564941406,283.0,283.0
2019-04-16,283.3333435058594,283.6666564941406,282.3333435058594,283.0
2019-04-17,283.3333435058594,283.3333435058594,279.0,280.0
2019-04-18,281.6666564941406,281.6666564941406,280.0,281.3333435058594
2019-04-19,281.3333435058594,282.0,281.3333435058594,281.6666564941406
2019-04-22,281.6666564941406,283.6666564941406,281.3333435058594,281.3333435058594
2019-04-23,281.6666564941406,281.6666564941406,278.0,280.0
2019-04-24,281.3333435058594,281.3333435058594,277.0,277.6666564941406
2019-04-25,276.0,276.0,272.6666564941406,273.6666564941406
2019-04-26,273.6666564941406,290.0,270.6666564941406,275.0
2019-05-07,278.6666564941406,279.3333435058594,276.0,279.0
2019-05-08,278.6666564941406,278.6666564941406,275.6666564941406,276.3333435058594
2019-05-09,276.3333435058594,281.3333435058594,272.6666564941406,275.3333435058594
2019-05-10,275.3333435058594,277.6666564941406,270.0,270.3333435058594
2019-05-13,257.3333435058594,268.6666564941406,256.0,266.3333435058594
2019-05-14,265.0,266.6666564941406,260.0,266.3333435058594
2019-05-15,266.6666564941406,266.6666564941406,261.0,265.3333435058594
2019-05-16,266.3333435058594,266.6666564941406,260.0,265.3333435058594
2019-05-17,265.3333435058594,266.6666564941406,265.3333435058594,266.6666564941406
2019-05-20,267.0,269.6666564941406,266.6666564941406,269.6666564941406
2019-05-21,270.3333435058594,273.0,270.3333435058594,272.3333435058594
2019-05-22,273.0,273.6666564941406,267.3333435058594,267.3333435058594
2019-05-23,267.3333435058594,268.6666564941406,266.6666564941406,268.3333435058594
2019-05-24,269.0,269.6666564941406,266.6666564941406,269.0
2019-05-27,269.0,270.3333435058594,269.0,269.3333435058594
2019-05-28,269.3333435058594,270.0,265.3333435058594,265.3333435058594
2019-05-29,264.0,267.0,263.3333435058594,265.3333435058594
2019-05-30,265.3333435058594,267.6666564941406,265.3333435058594,266.0
2019-05-31,266.6666564941406,266.6666564941406,266.0,266.0
2019-06-03,266.0,266.0,265.0,266.0
2019-06-04,266.0,266.0,263.6666564941406,264.6666564941406
2019-06-05,264.6666564941406,265.0,263.3333435058594,264.0
2019-06-06,264.6666564941406,264.6666564941406,261.6666564941406,261.6666564941406
2019-06-07,262.3333435058594,262.6666564941406,260.6666564941406,260.6666564941406
2019-06-10,263.0,263.0,261.3333435058594,262.0
2019-06-11,262.0,263.3333435058594,262.0,262.3333435058594
2019-06-12,263.0,263.6666564941406,262.6666564941406,263.6666564941406
2019-06-13,263.6666564941406,263.6666564941406,260.0,260.6666564941406
2019-06-14,260.0,263.6666564941406,256.6666564941406,262.0
2019-06-17,262.0,263.0,261.0,262.3333435058594
2019-06-18,262.3333435058594,262.3333435058594,259.6666564941406,259.6666564941406
2019-06-19,262.3333435058594,262.3333435058594,257.6666564941406,258.3333435058594
2019-06-20,259.0,259.0,256.3333435058594,258.3333435058594
2019-06-21,258.3333435058594,261.0,258.0,261.0
2019-06-24,261.3333435058594,261.3333435058594,258.3333435058594,259.3333435058594
2019-06-25,267.3333435058594,267.3333435058594,258.6666564941406,259.6666564941406
2019-06-26,259.6666564941406,261.6666564941406,258.3333435058594,260.0
2019-06-27,261.0,261.6666564941406,261.0,261.6666564941406
2019-06-28,261.6666564941406,262.0,256.6666564941406,261.3333435058594
2019-07-01,262.6666564941406,264.6666564941406,262.3333435058594,262.6666564941406
2019-07-02,263.6666564941406,264.0,262.6666564941406,263.3333435058594
2019-07-03,263.3333435058594,264.0,263.0,263.3333435058594
2019-07-04,263.3333435058594,264.0,261.6666564941406,261.6666564941406
2019-07-05,261.3333435058594,261.6666564941406,260.6666564941406,261.6666564941406
2019-07-08,261.6666564941406,262.0,260.3333435058594,260.3333435058594
2019-07-09,261.0,262.0,261.0,261.3333435058594
2019-07-10,260.0,261.6666564941406,259.0,261.3333435058594
2019-07-11,262.6666564941406,262.6666564941406,261.0,261.0
2019-07-12,262.6666564941406,264.3333435058594,262.6666564941406,264.0
2019-07-16,265.6666564941406,265.6666564941406,264.0,265.3333435058594
2019-07-17,264.3333435058594,265.3333435058594,262.6666564941406,263.6666564941406
2019-07-18,265.3333435058594,265.3333435058594,260.6666564941406,263.0
2019-07-19,263.3333435058594,265.6666564941406,262.6666564941406,265.0
2019-07-22,265.0,267.6666564941406,264.6666564941406,267.6666564941406
2019-07-23,269.3333435058594,270.0,266.0,268.3333435058594
2019-07-24,269.3333435058594,269.3333435058594,265.0,267.6666564941406
2019-07-25,265.0,267.0,265.0,266.3333435058594
2019-07-26,266.0,266.3333435058594,264.0,266.0
2019-07-29,267.3333435058594,270.0,263.3333435058594,270.0
2019-07-30,271.3333435058594,271.3333435058594,267.6666564941406,268.0
2019-07-31,266.6666564941406,266.6666564941406,265.0,265.3333435058594
2019-08-01,265.6666564941406,267.3333435058594,265.6666564941406,267.3333435058594
2019-08-02,266.6666564941406,266.6666564941406,264.3333435058594,265.0
2019-08-05,265.0,265.0,261.3333435058594,262.6666564941406
2019-08-06,260.0,279.6666564941406,258.3333435058594,262.3333435058594
2019-08-07,263.3333435058594,263.3333435058594,262.3333435058594,262.3333435058594
2019-08-08,262.6666564941406,263.3333435058594,260.3333435058594,262.3333435058594
2019-08-09,262.6666564941406,263.6666564941406,262.3333435058594,263.3333435058594
2019-08-13,263.3333435058594,263.3333435058594,262.6666564941406,263.3333435058594
2019-08-14,263.3333435058594,264.0,263.0,264.0
2019-08-15,263.6666564941406,263.6666564941406,259.6666564941406,262.0
2019-08-16,262.0,263.0,262.0,262.6666564941406
2019-08-19,262.3333435058594,263.3333435058594,262.0,262.6666564941406
2019-08-20,259.0,262.6666564941406,259.0,262.6666564941406
2019-08-21,262.6666564941406,263.3333435058594,262.6666564941406,263.3333435058594
2019-08-22,264.0,264.6666564941406,263.3333435058594,264.6666564941406
2019-08-23,269.6666564941406,269.6666564941406,264.0,264.6666564941406
2019-08-26,264.0,264.0,259.3333435058594,259.6666564941406
2019-08-27,261.3333435058594,262.3333435058594,261.3333435058594,262.3333435058594
2019-08-28,262.6666564941406,262.6666564941406,261.0,262.3333435058594
2019-08-29,262.3333435058594,262.6666564941406,261.6666564941406,262.3333435058594
2019-08-30,262.6666564941406,262.6666564941406,260.6666564941406,260.6666564941406
2019-09-02,261.6666564941406,261.6666564941406,260.3333435058594,260.6666564941406
2019-09-03,261.6666564941406,261.6666564941406,261.6666564941406,261.6666564941406
2019-09-04,261.6666564941406,261.6666564941406,260.3333435058594,261.3333435058594
2019-09-05,261.3333435058594,263.3333435058594,260.6666564941406,263.0
2019-09-06,263.6666564941406,263.6666564941406,259.3333435058594,261.0
2019-09-09,261.0,261.0,259.3333435058594,259.6666564941406
2019-09-10,260.0,261.0,260.0,260.3333435058594
2019-09-11,260.6666564941406,261.0,258.6666564941406,260.6666564941406
2019-09-12,261.6666564941406,261.6666564941406,260.6666564941406,261.6666564941406
2019-09-13,262.6666564941406,263.0,261.3333435058594,263.0
2019-09-17,263.0,263.3333435058594,261.3333435058594,262.3333435058594
2019-09-18,261.6666564941406,262.3333435058594,261.3333435058594,261.3333435058594
2019-09-19,262.6666564941406,263.0,261.3333435058594,263.0
2019-09-20,263.3333435058594,263.3333435058594,262.3333435058594,262.6666564941406
2019-09-24,262.6666564941406,263.0,262.3333435058594,263.0
2019-09-25,263.0,263.0,261.6666564941406,262.0
2019-09-26,261.6666564941406,262.6666564941406,259.3333435058594,261.0
2019-09-27,261.0,261.0,256.0,256.6666564941406
2019-09-30,256.0,257.3333435058594,255.3333282470703,256.6666564941406
2019-10-01,256.6666564941406,257.6666564941406,255.3333282470703,256.6666564941406
2019-10-02,256.6666564941406,257.0,256.0,256.0
2019-10-03,256.0,256.3333435058594,253.6666717529297,255.6666717529297
2019-10-04,256.3333435058594,256.3333435058594,255.0,256.3333435058594
2019-10-07,256.3333435058594,256.3333435058594,254.3333282470703,254.3333282470703
2019-10-08,255.0,256.3333435058594,254.3333282470703,255.6666717529297
2019-10-09,256.3333435058594,256.3333435058594,255.3333282470703,256.0
2019-10-10,256.3333435058594,256.3333435058594,254.0,255.0
2019-10-11,255.6666717529297,256.0,255.3333282470703,256.0
2019-10-15,256.6666564941406,257.3333435058594,255.3333282470703,256.0
2019-10-16,256.0,256.6666564941406,255.6666717529297,256.0
2019-10-17,256.0,256.0,255.6666717529297,255.6666717529297
2019-10-18,256.6666564941406,256.6666564941406,256.3333435058594,256.6666564941406
2019-10-21,257.0,257.3333435058594,256.3333435058594,256.6666564941406
2019-10-23,256.6666564941406,256.6666564941406,256.0,256.6666564941406
2019-10-24,258.0,260.0,257.3333435058594,260.0
2019-10-25,261.0,261.6666564941406,260.0,261.3333435058594
2019-10-28,261.6666564941406,262.3333435058594,261.3333435058594,262.3333435058594
2019-10-29,263.0,264.3333435058594,262.6666564941406,264.3333435058594
2019-10-30,264.3333435058594,264.3333435058594,261.3333435058594,264.3333435058594
2019-10-31,264.3333435058594,265.0,263.0,265.0
2019-11-01,265.0,265.0,264.6666564941406,264.6666564941406
2019-11-05,266.3333435058594,268.0,266.0,266.3333435058594
2019-11-06,264.6666564941406,287.0,264.6666564941406,283.3333435058594
2019-11-07,281.6666564941406,281.6666564941406,277.3333435058594,278.0
2019-11-08,278.3333435058594,278.3333435058594,274.3333435058594,275.6666564941406
2019-11-11,276.0,277.6666564941406,275.3333435058594,275.3333435058594
2019-11-12,275.3333435058594,276.3333435058594,273.6666564941406,274.0
2019-11-13,274.6666564941406,274.6666564941406,273.3333435058594,274.0
2019-11-14,275.3333435058594,275.3333435058594,272.3333435058594,273.6666564941406
2019-11-15,274.0,276.3333435058594,274.0,275.0
2019-11-18,276.0,276.6666564941406,276.0,276.0
2019-11-19,277.3333435058594,277.3333435058594,276.0,276.6666564941406
2019-11-20,276.3333435058594,276.6666564941406,275.3333435058594,276.6666564941406
2019-11-21,277.0,277.0,276.3333435058594,277.0
2019-11-22,277.3333435058594,279.3333435058594,276.6666564941406,279.3333435058594
2019-11-25,282.3333435058594,282.3333435058594,279.0,280.0
2019-11-26,281.3333435058594,281.3333435058594,279.6666564941406,281.3333435058594
2019-11-27,280.3333435058594,281.3333435058594,279.6666564941406,281.3333435058594
2019-11-28,281.6666564941406,283.3333435058594,280.6666564941406,283.3333435058594
2019-11-29,283.3333435058594,284.0,281.0,284.0
2019-12-02,284.0,284.3333435058594,283.3333435058594,284.3333435058594
2019-12-03,284.3333435058594,284.3333435058594,282.6666564941406,284.3333435058594
2019-12-04,283.3333435058594,283.3333435058594,282.0,282.0
2019-12-05,281.6666564941406,283.3333435058594,281.6666564941406,283.0
2019-12-06,284.0,285.6666564941406,283.3333435058594,285.6666564941406
2019-12-09,285.6666564941406,286.6666564941406,285.0,285.6666564941406
2019-12-10,290.0,293.0,289.0,292.3333435058594
2019-12-11,291.0,291.0,288.3333435058594,288.6666564941406
2019-12-12,291.0,291.0,288.3333435058594,288.6666564941406
2019-12-13,289.3333435058594,289.3333435058594,287.3333435058594,289.3333435058594
2019-12-16,290.0,290.0,288.0,288.3333435058594
2019-12-17,289.6666564941406,289.6666564941406,288.3333435058594,289.0
2019-12-18,291.0,291.0,286.0,286.0
2019-12-19,286.0,286.6666564941406,284.6666564941406,286.3333435058594
2019-12-20,284.6666564941406,289.3333435058594,284.6666564941406,287.6666564941406
2019-12-23,292.3333435058594,293.0,290.0,290.3333435058594
2019-12-24,292.6666564941406,293.3333435058594,290.0,293.3333435058594
2019-12-25,294.0,296.6666564941406,293.3333435058594,296.6666564941406
2019-12-26,296.0,297.0,294.3333435058594,296.6666564941406
2019-12-27,294.6666564941406,294.6666564941406,289.0,291.6666564941406
2019-12-30,291.3333435058594,291.6666564941406,289.0,291.6666564941406
2020-01-06,291.3333435058594,294.3333435058594,291.3333435058594,292.3333435058594
2020-01-07,294.6666564941406,297.6666564941406,294.6666564941406,297.3333435058594
2020-01-08,296.6666564941406,296.6666564941406,293.6666564941406,295.0
2020-01-09,297.0,298.0,297.0,297.3333435058594
2020-01-10,299.3333435058594,299.6666564941406,298.0,299.3333435058594
2020-01-14,299.3333435058594,299.3333435058594,298.3333435058594,299.3333435058594
2020-01-15,299.3333435058594,301.0,299.3333435058594,301.0
2020-01-16,301.3333435058594,302.3333435058594,300.6666564941406,302.3333435058594
2020-01-17,302.3333435058594,302.3333435058594,299.0,299.6666564941406
2020-01-20,300.0,301.6666564941406,300.0,300.0
2020-01-21,300.3333435058594,302.3333435058594,300.3333435058594,302.0
2020-01-22,301.3333435058594,302.3333435058594,301.3333435058594,302.0
2020-01-23,302.0,302.3333435058594,300.3333435058594,300.6666564941406
2020-01-24,301.6666564941406,302.0,300.6666564941406,302.0
2020-01-27,300.0,300.3333435058594,293.3333435058594,300.3333435058594
2020-01-28,295.3333435058594,299.0,295.3333435058594,298.6666564941406
2020-01-29,298.6666564941406,300.0,297.6666564941406,297.6666564941406
2020-01-30,296.6666564941406,296.6666564941406,293.3333435058594,294.0
2020-01-31,295.0,301.3333435058594,295.0,299.6666564941406
2020-02-03,295.0,295.3333435058594,290.3333435058594,295.0
2020-02-04,297.6666564941406,303.0,295.0,303.0
2020-02-05,305.0,305.3333435058594,300.0,305.3333435058594
2020-02-06,305.3333435058594,305.6666564941406,298.3333435058594,298.3333435058594
2020-02-07,298.6666564941406,300.6666564941406,298.6666564941406,300.6666564941406
2020-02-10,299.6666564941406,301.3333435058594,299.6666564941406,301.3333435058594
2020-02-12,301.3333435058594,304.3333435058594,301.3333435058594,303.0
2020-02-13,303.6666564941406,305.0,303.3333435058594,305.0
2020-02-14,305.3333435058594,305.3333435058594,294.3333435058594,299.3333435058594
2020-02-17,299.0,300.6666564941406,295.3333435058594,299.6666564941406
2020-02-18,295.0,299.0,295.0,296.6666564941406
2020-02-19,298.0,299.3333435058594,298.0,299.0
2020-02-20,300.6666564941406,300.6666564941406,299.3333435058594,299.3333435058594
2020-02-21,300.0,302.3333435058594,298.6666564941406,300.3333435058594
2020-02-25,299.3333435058594,301.0,295.0,297.0
2020-02-26,292.0,293.3333435058594,287.0,287.6666564941406
2020-02-27,286.6666564941406,286.6666564941406,276.0,278.6666564941406
2020-02-28,267.0,276.3333435058594,262.3333435058594,275.0
2020-03-02,270.0,276.0,270.0,275.6666564941406
2020-03-03,279.6666564941406,279.6666564941406,273.3333435058594,273.3333435058594
2020-03-04,273.3333435058594,273.3333435058594,266.3333435058594,267.3333435058594
2020-03-05,268.3333435058594,271.3333435058594,267.6666564941406,267.6666564941406
2020-03-06,266.0,268.0,266.0,267.0
2020-03-09,265.3333435058594,265.3333435058594,253.3333282470703,253.3333282470703
2020-03-10,247.3333282470703,253.3333282470703,246.0,253.3333282470703
2020-03-11,253.6666717529297,258.0,252.6666717529297,254.0
2020-03-12,252.6666717529297,256.6666564941406,250.6666717529297,255.0
2020-03-13,243.3333282470703,244.6666717529297,229.0,244.6666717529297
2020-03-16,252.0,252.3333282470703,247.6666717529297,252.0
2020-03-17,252.3333282470703,256.6666564941406,248.6666717529297,256.6666564941406
2020-03-18,263.3333435058594,263.3333435058594,252.0,252.0
2020-03-19,252.0,255.0,240.3333282470703,244.0
2020-03-23,240.3333282470703,249.0,240.3333282470703,242.3333282470703
2020-03-24,252.6666717529297,255.6666717529297,250.0,255.6666717529297
2020-03-25,260.0,260.0,257.0,257.0
2020-03-26,258.3333435058594,258.3333435058594,256.6666564941406,257.0
2020-03-27,259.6666564941406,261.0,258.0,259.3333435058594
2020-03-30,250.3333282470703,258.3333435058594,246.6666717529297,254.0
2020-03-31,254.0,258.0,251.0,253.6666717529297
2020-04-01,253.6666717529297,257.3333435058594,252.3333282470703,252.6666717529297
2020-04-02,247.6666717529297,250.6666717529297,240.6666717529297,240.6666717529297
2020-04-03,239.3333282470703,242.3333282470703,234.3333282470703,234.3333282470703
2020-04-06,244.3333282470703,244.3333282470703,233.3333282470703,239.0
2020-04-07,241.6666717529297,245.3333282470703,241.6666717529297,244.6666717529297
2020-04-08,241.6666717529297,244.6666717529297,241.6666717529297,243.6666717529297
2020-04-09,246.0,250.6666717529297,246.0,250.6666717529297
2020-04-10,248.6666717529297,255.3333282470703,247.0,255.3333282470703
2020-04-13,256.6666564941406,271.0,253.6666717529297,265.6666564941406
2020-04-14,269.6666564941406,269.6666564941406,263.3333435058594,269.6666564941406
2020-04-15,269.0,269.0,267.0,268.0
2020-04-16,268.0,270.0,261.3333435058594,262.6666564941406
2020-04-17,267.3333435058594,267.3333435058594,261.3333435058594,262.3333435058594
2020-04-20,266.3333435058594,267.6666564941406,261.3333435058594,265.6666564941406
2020-04-21,263.3333435058594,266.6666564941406,263.3333435058594,265.3333435058594
2020-04-22,264.0,267.0,263.6666564941406,264.3333435058594
2020-04-23,261.3333435058594,265.6666564941406,260.3333435058594,265.3333435058594
2020-04-24,266.3333435058594,266.3333435058594,256.6666564941406,259.6666564941406
2020-04-27,260.0,260.0,255.3333282470703,257.3333435058594
2020-04-28,257.6666564941406,263.6666564941406,257.6666564941406,263.6666564941406
2020-04-30,266.3333435058594,266.3333435058594,262.0,264.3333435058594
2020-05-01,264.3333435058594,266.3333435058594,264.3333435058594,266.3333435058594
2020-05-07,270.3333435058594,270.3333435058594,266.0,267.0
2020-05-08,267.0,268.0,267.0,268.0
2020-05-11,268.0,270.0,267.3333435058594,267.3333435058594
2020-05-12,267.3333435058594,270.0,262.6666564941406,265.0
2020-05-13,268.3333435058594,268.3333435058594,260.3333435058594,260.6666564941406
2020-05-14,260.6666564941406,263.3333435058594,259.3333435058594,263.3333435058594
2020-05-15,266.0,267.0,262.3333435058594,267.0
2020-05-18,270.0,282.6666564941406,266.6666564941406,281.0
2020-05-19,278.0,278.0,273.3333435058594,274.0
2020-05-20,274.6666564941406,277.6666564941406,272.0,272.0
2020-05-21,275.3333435058594,275.3333435058594,273.6666564941406,274.3333435058594
2020-05-22,273.3333435058594,277.0,273.0,276.6666564941406
2020-05-25,276.6666564941406,286.6666564941406,276.6666564941406,286.0
2020-05-26,280.3333435058594,284.6666564941406,280.3333435058594,284.3333435058594
2020-05-27,281.0,283.6666564941406,281.0,283.6666564941406
2020-05-28,283.6666564941406,283.6666564941406,281.0,282.0
2020-05-29,282.0,282.0,280.3333435058594,282.0
2020-06-01,282.0,283.3333435058594,280.6666564941406,281.6666564941406
2020-06-02,281.6666564941406,282.6666564941406,280.0,281.0
2020-06-03,280.3333435058594,281.3333435058594,276.3333435058594,280.0
2020-06-04,280.3333435058594,282.3333435058594,280.0,282.3333435058594
2020-06-05,283.0,283.0,280.3333435058594,280.3333435058594
2020-06-08,280.6666564941406,282.3333435058594,280.6666564941406,282.3333435058594
2020-06-09,281.6666564941406,281.6666564941406,281.6666564941406,281.6666564941406
2020-06-10,281.6666564941406,282.3333435058594,281.6666564941406,282.0
2020-06-11,282.3333435058594,283.0,282.0,283.0
2020-06-12,281.0,283.6666564941406,280.3333435058594,283.6666564941406
2020-06-15,286.0,288.0,285.0,286.6666564941406
2020-06-16,284.6666564941406,286.0,284.6666564941406,285.3333435058594
2020-06-17,285.0,288.3333435058594,285.0,288.3333435058594
2020-06-18,287.6666564941406,287.6666564941406,286.0,287.6666564941406
2020-06-19,288.3333435058594,288.6666564941406,288.0,288.6666564941406
2020-06-22,289.0,299.6666564941406,289.0,299.6666564941406
2020-06-23,300.0,300.0,297.0,297.0
2020-06-24,299.6666564941406,300.3333435058594,298.0,300.0
2020-06-25,300.0,300.3333435058594,299.3333435058594,300.0
2020-06-26,300.3333435058594,300.3333435058594,298.3333435058594,298.3333435058594
2020-06-29,295.3333435058594,296.6666564941406,294.0,296.6666564941406
2020-06-30,296.0,300.0,296.0,299.3333435058594
2020-07-01,301.3333435058594,301.3333435058594,298.0,298.0
2020-07-02,300.0,301.0,297.0,297.0
2020-07-03,296.3333435058594,299.3333435058594,296.3333435058594,296.3333435058594
2020-07-06,296.6666564941406,299.6666564941406,296.0,296.6666564941406
2020-07-07,296.6666564941406,299.3333435058594,295.6666564941406,299.3333435058594
2020-07-08,299.0,301.3333435058594,299.0,300.3333435058594
2020-07-09,300.0,300.0,298.3333435058594,298.3333435058594
2020-07-10,298.0,305.0,298.0,305.0
2020-07-13,295.6666564941406,296.6666564941406,284.6666564941406,290.3333435058594
2020-07-14,290.3333435058594,296.6666564941406,290.3333435058594,296.6666564941406
2020-07-15,295.6666564941406,300.6666564941406,294.6666564941406,300.6666564941406
2020-07-16,299.3333435058594,300.0,297.3333435058594,299.6666564941406
2020-07-17,300.3333435058594,300.3333435058594,298.0,298.3333435058594
2020-07-20,298.3333435058594,298.3333435058594,297.3333435058594,298.3333435058594
2020-07-21,300.0,300.6666564941406,296.6666564941406,300.6666564941406
2020-07-22,301.6666564941406,302.6666564941406,292.0,300.3333435058594
2020-07-27,304.3333435058594,305.3333435058594,302.6666564941406,305.3333435058594
2020-07-28,308.3333435058594,312.0,307.6666564941406,312.0
2020-07-29,313.3333435058594,314.3333435058594,311.3333435058594,312.6666564941406
2020-07-30,312.3333435058594,313.0,308.0,308.3333435058594
2020-07-31,308.0,308.0,296.0,297.0
2020-08-03,297.0,299.6666564941406,297.0,299.6666564941406
2020-08-04,299.6666564941406,299.6666564941406,297.0,299.6666564941406
2020-08-05,299.6666564941406,299.6666564941406,297.6666564941406,298.0
2020-08-06,298.0,300.0,285.6666564941406,290.0
2020-08-07,297.3333435058594,300.0,293.3333435058594,300.0
2020-08-11,295.6666564941406,299.3333435058594,295.6666564941406,297.6666564941406
2020-08-12,294.3333435058594,300.0,294.3333435058594,299.3333435058594
2020-08-13,299.6666564941406,300.0,298.3333435058594,299.0
2020-08-14,300.0,300.0,298.3333435058594,300.0
2020-08-17,300.0,300.0,296.0,299.6666564941406
2020-08-18,300.0,301.0,298.3333435058594,301.0
2020-08-19,301.0,301.0,299.3333435058594,301.0
2020-08-20,301.0,301.0,299.6666564941406,301.0
2020-08-21,300.0,300.6666564941406,299.0,300.6666564941406
2020-08-24,301.0,301.0,299.3333435058594,301.0
2020-08-25,301.0,302.3333435058594,299.0,302.3333435058594
2020-08-26,299.0,301.0,297.0,298.3333435058594
2020-08-27,294.0,296.0,292.3333435058594,296.0
2020-08-28,296.0,296.0,292.3333435058594,293.3333435058594
2020-08-31,293.3333435058594,298.0,293.3333435058594,298.0
2020-09-01,298.0,299.6666564941406,297.6666564941406,299.6666564941406
2020-09-02,299.6666564941406,299.6666564941406,297.6666564941406,297.6666564941406
2020-09-03,297.6666564941406,299.6666564941406,297.6666564941406,298.3333435058594
2020-09-04,298.6666564941406,298.6666564941406,297.0,298.6666564941406
2020-09-07,297.0,298.0,297.0,297.0
2020-09-08,298.0,298.0,297.0,297.6666564941406
2020-09-09,296.0,296.0,294.6666564941406,294.6666564941406
2020-09-10,296.3333435058594,296.3333435058594,294.3333435058594,294.3333435058594
2020-09-11,296.6666564941406,296.6666564941406,294.6666564941406,294.6666564941406
2020-09-14,299.6666564941406,299.6666564941406,295.3333435058594,299.3333435058594
2020-09-15,300.0,300.0,297.6666564941406,299.3333435058594
2020-09-16,296.6666564941406,299.6666564941406,296.3333435058594,299.6666564941406
2020-09-17,299.6666564941406,299.6666564941406,296.6666564941406,297.6666564941406
2020-09-18,297.3333435058594,298.0,294.3333435058594,295.3333435058594
2020-09-23,293.3333435058594,297.0,293.3333435058594,296.3333435058594
2020-09-24,297.6666564941406,299.3333435058594,296.3333435058594,299.3333435058594
2020-09-25,299.6666564941406,305.3333435058594,298.0,298.0
2020-09-28,298.0,299.6666564941406,296.3333435058594,297.6666564941406
2020-09-29,297.3333435058594,306.0,297.3333435058594,300.3333435058594
2020-09-30,300.6666564941406,301.0,298.6666564941406,301.0
2020-10-02,301.0,301.0,299.6666564941406,300.6666564941406
2020-10-05,300.0,302.0,300.0,300.0
2020-10-06,303.3333435058594,309.3333435058594,302.0,309.0
2020-10-07,308.3333435058594,308.3333435058594,303.6666564941406,308.3333435058594
2020-10-08,302.0,307.0,300.3333435058594,301.0
2020-10-09,300.3333435058594,301.0,298.0,298.0
2020-10-12,300.0,305.6666564941406,299.3333435058594,301.3333435058594
2020-10-13,303.6666564941406,304.6666564941406,299.0,299.0
2020-10-14,300.3333435058594,305.0,300.3333435058594,305.0
2020-10-15,305.0,306.6666564941406,304.0,306.6666564941406
2020-10-16,305.0,305.0,302.6666564941406,305.0
2020-10-19,305.0,308.0,304.3333435058594,306.6666564941406
2020-10-20,307.0,307.0,302.6666564941406,304.6666564941406
2020-10-21,304.6666564941406,306.3333435058594,304.6666564941406,305.6666564941406
2020-10-22,306.6666564941406,306.6666564941406,301.3333435058594,303.3333435058594
2020-10-23,300.3333435058594,302.6666564941406,300.0,301.0
2020-10-26,300.6666564941406,302.0,300.6666564941406,301.0
2020-10-27,300.3333435058594,301.0,297.3333435058594,300.0
2020-10-28,300.0,302.3333435058594,298.0,302.3333435058594
2020-10-29,300.3333435058594,301.6666564941406,300.3333435058594,301.6666564941406
2020-10-30,300.3333435058594,302.0,296.6666564941406,301.3333435058594
2020-11-02,301.3333435058594,301.3333435058594,291.3333435058594,296.3333435058594
2020-11-04,296.0,302.3333435058594,296.0,302.3333435058594
2020-11-05,297.3333435058594,302.3333435058594,296.3333435058594,300.3333435058594
2020-11-06,297.0,301.6666564941406,295.0,300.0
2020-11-09,299.3333435058594,299.6666564941406,296.0,299.6666564941406
2020-11-10,299.6666564941406,299.6666564941406,294.0,299.3333435058594
2020-11-11,299.6666564941406,299.6666564941406,286.6666564941406,295.6666564941406
2020-11-12,296.6666564941406,296.6666564941406,294.3333435058594,296.0
2020-11-13,299.3333435058594,299.3333435058594,296.0,299.0
2020-11-16,299.0,299.0,297.3333435058594,299.0
2020-11-17,300.0,300.0,297.0,299.3333435058594
2020-11-18,299.3333435058594,299.6666564941406,298.0,298.0
2020-11-19,298.0,298.0,294.3333435058594,296.0
2020-11-20,294.0,296.0,294.0,295.3333435058594
2020-11-24,295.3333435058594,296.6666564941406,295.0,296.6666564941406
2020-11-25,296.6666564941406,296.6666564941406,296.0,296.0
2020-11-26,294.3333435058594,296.3333435058594,294.0,296.3333435058594
2020-11-27,296.6666564941406,296.6666564941406,294.3333435058594,296.6666564941406
2020-11-30,298.3333435058594,298.3333435058594,298.3333435058594,298.3333435058594
2020-12-01,298.3333435058594,299.3333435058594,298.0,299.3333435058594
2020-12-02,296.6666564941406,300.0,296.6666564941406,300.0
2020-12-03,296.6666564941406,300.0,296.6666564941406,299.0
2020-12-04,300.0,301.0,298.6666564941406,301.0
2020-12-07,299.6666564941406,300.0,299.0,300.0
2020-12-08,300.6666564941406,301.3333435058594,299.3333435058594,300.6666564941406
2020-12-09,301.0,301.3333435058594,296.0,299.3333435058594
2020-12-10,300.0,301.0,299.6666564941406,300.0
2020-12-11,300.0,300.0,299.0,299.3333435058594
2020-12-14,301.0,301.0,299.6666564941406,300.0
2020-12-15,300.0,300.0,299.0,299.3333435058594
2020-12-16,297.6666564941406,300.0,296.6666564941406,300.0
2020-12-17,300.0,300.0,297.6666564941406,299.6666564941406
2020-12-18,299.6666564941406,299.6666564941406,296.6666564941406,299.6666564941406
2020-12-21,299.6666564941406,300.6666564941406,299.0,300.6666564941406
2020-12-22,302.0,302.3333435058594,296.6666564941406,300.0
2020-12-23,302.0,303.3333435058594,300.0,303.3333435058594
2020-12-24,304.3333435058594,306.6666564941406,303.6666564941406,306.6666564941406
2020-12-25,306.6666564941406,306.6666564941406,302.6666564941406,303.3333435058594
2020-12-28,300.0,302.0,299.6666564941406,301.3333435058594
2020-12-29,299.0,302.6666564941406,299.0,300.3333435058594
2020-12-30,298.3333435058594,298.6666564941406,295.3333435058594,295.3333435058594
2021-01-04,295.6666564941406,298.3333435058594,295.3333435058594,297.3333435058594
2021-01-05,294.6666564941406,297.6666564941406,294.3333435058594,294.3333435058594
2021-01-06,295.0,296.3333435058594,292.0,295.0
2021-01-07,295.0,296.6666564941406,293.0,294.6666564941406
2021-01-08,293.3333435058594,293.3333435058594,291.3333435058594,293.0
2021-01-12,293.0,294.0,291.3333435058594,291.6666564941406
2021-01-13,292.6666564941406,293.3333435058594,291.6666564941406,292.0
2021-01-14,293.0,293.3333435058594,290.3333435058594,292.6666564941406
2021-01-15,293.3333435058594,297.3333435058594,293.0,295.6666564941406
2021-01-18,297.6666564941406,300.0,294.0,294.6666564941406
2021-01-19,298.6666564941406,299.0,296.0,296.0
2021-01-20,296.0,296.0,288.6666564941406,288.6666564941406
2021-01-21,288.6666564941406,289.0,286.3333435058594,287.0
2021-01-22,287.6666564941406,288.3333435058594,286.6666564941406,287.0
2021-01-25,291.3333435058594,291.3333435058594,290.0,291.3333435058594
2021-01-26,292.3333435058594,293.6666564941406,290.6666564941406,290.6666564941406
2021-01-27,291.0,291.0,288.6666564941406,289.0
2021-01-28,288.6666564941406,291.0,288.3333435058594,291.0
2021-01-29,290.3333435058594,293.0,290.0,293.0
2021-02-01,293.0,293.0,288.6666564941406,290.6666564941406
2021-02-02,290.6666564941406,291.3333435058594,289.0,290.6666564941406
2021-02-03,290.3333435058594,291.0,290.0,290.0
2021-02-04,289.3333435058594,294.3333435058594,289.3333435058594,290.0
2021-02-05,290.0,295.0,290.0,290.6666564941406
2021-02-08,290.6666564941406,291.6666564941406,288.6666564941406,290.0
2021-02-09,291.3333435058594,293.3333435058594,290.0,290.6666564941406
2021-02-10,291.6666564941406,293.0,290.6666564941406,292.3333435058594
2021-02-12,293.3333435058594,294.6666564941406,292.0,294.6666564941406
2021-02-15,296.3333435058594,297.0,294.6666564941406,297.0
2021-02-16,297.0,297.6666564941406,296.0,296.0
2021-02-17,296.0,297.3333435058594,295.3333435058594,295.3333435058594
2021-02-18,295.3333435058594,296.0,294.6666564941406,294.6666564941406
2021-02-19,295.0,296.3333435058594,294.3333435058594,294.3333435058594
2021-02-22,294.6666564941406,298.0,294.6666564941406,297.6666564941406
2021-02-24,297.6666564941406,297.6666564941406,295.6666564941406,296.6666564941406
2021-02-25,300.0,300.0,297.6666564941406,300.0
2021-02-26,300.0,300.0,295.3333435058594,298.6666564941406
2021-03-01,298.6666564941406,299.6666564941406,295.6666564941406,299.6666564941406
2021-03-02,299.6666564941406,300.0,298.3333435058594,298.3333435058594
2021-03-03,298.3333435058594,299.6666564941406,298.3333435058594,298.6666564941406
2021-03-04,298.6666564941406,304.3333435058594,298.6666564941406,299.3333435058594
2021-03-05,299.3333435058594,299.6666564941406,298.6666564941406,299.6666564941406
2021-03-08,299.6666564941406,301.6666564941406,297.0,298.0
2021-03-09,299.6666564941406,299.6666564941406,298.3333435058594,299.6666564941406
2021-03-10,299.6666564941406,299.6666564941406,298.6666564941406,299.3333435058594
2021-03-11,299.3333435058594,299.6666564941406,297.6666564941406,298.0
2021-03-12,298.0,299.6666564941406,297.6666564941406,299.6666564941406
2021-03-15,298.3333435058594,299.6666564941406,298.3333435058594,298.6666564941406
2021-03-16,299.3333435058594,300.3333435058594,298.3333435058594,299.6666564941406
2021-03-17,300.0,301.6666564941406,298.3333435058594,299.0
2021-03-18,300.0,300.6666564941406,298.6666564941406,299.3333435058594
2021-03-19,299.3333435058594,301.0,299.3333435058594,300.0
2021-03-22,301.0,301.6666564941406,300.0,301.0
2021-03-23,301.0,301.3333435058594,299.3333435058594,300.3333435058594
2021-03-24,299.6666564941406,302.6666564941406,299.6666564941406,301.3333435058594
2021-03-25,302.0,302.0,300.0,301.0
2021-03-26,300.3333435058594,301.3333435058594,300.0,300.0
2021-03-29,299.6666564941406,301.6666564941406,299.6666564941406,300.6666564941406
2021-03-30,293.6666564941406,294.6666564941406,290.6666564941406,292.6666564941406
2021-03-31,292.6666564941406,293.3333435058594,291.3333435058594,291.3333435058594
2021-04-01,291.3333435058594,291.3333435058594,289.6666564941406,290.0
2021-04-02,288.3333435058594,294.0,288.3333435058594,292.3333435058594
2021-04-05,292.6666564941406,295.6666564941406,292.6666564941406,294.6666564941406
2021-04-06,295.3333435058594,295.6666564941406,294.6666564941406,295.6666564941406
2021-04-07,293.0,295.3333435058594,293.0,294.3333435058594
2021-04-08,294.3333435058594,294.3333435058594,293.3333435058594,294.3333435058594
2021-04-09,294.3333435058594,296.3333435058594,294.3333435058594,296.0
2021-04-12,295.3333435058594,296.6666564941406,295.3333435058594,296.6666564941406
2021-04-13,296.6666564941406,296.6666564941406,295.3333435058594,296.3333435058594
2021-04-14,296.6666564941406,296.6666564941406,296.0,296.6666564941406
2021-04-15,298.6666564941406,300.0,298.3333435058594,299.6666564941406
2021-04-16,300.0,300.0,296.6666564941406,299.6666564941406
2021-04-19,300.0,300.6666564941406,299.6666564941406,299.6666564941406
2021-04-20,300.0,300.3333435058594,298.6666564941406,300.0
2021-04-21,298.6666564941406,299.6666564941406,298.3333435058594,298.6666564941406
2021-04-22,300.0,300.3333435058594,299.0,300.3333435058594
2021-04-23,300.3333435058594,300.3333435058594,299.0,300.0
2021-04-26,300.0,300.6666564941406,299.0,299.3333435058594
2021-04-27,299.0,299.0,296.0,296.0
2021-04-28,296.6666564941406,298.0,296.3333435058594,297.3333435058594
2021-04-30,297.3333435058594,299.3333435058594,297.3333435058594,297.6666564941406
2021-05-06,297.6666564941406,298.3333435058594,296.3333435058594,297.0
2021-05-07,294.3333435058594,300.3333435058594,294.3333435058594,300.0
2021-05-10,300.0,300.0,298.6666564941406,299.3333435058594
2021-05-11,298.6666564941406,299.3333435058594,298.6666564941406,299.0
2021-05-12,298.6666564941406,299.3333435058594,297.6666564941406,299.3333435058594
2021-05-13,295.6666564941406,299.6666564941406,295.6666564941406,296.6666564941406
2021-05-14,299.3333435058594,299.3333435058594,294.3333435058594,295.6666564941406
2021-05-17,295.6666564941406,296.3333435058594,293.6666564941406,294.3333435058594
2021-05-18,293.6666564941406,294.3333435058594,292.0,293.3333435058594
2021-05-19,294.6666564941406,295.0,293.3333435058594,295.0
2021-05-20,295.3333435058594,295.6666564941406,293.3333435058594,295.0
2021-05-21,295.0,296.3333435058594,294.0,294.0
2021-05-24,295.0,298.3333435058594,295.0,298.3333435058594
2021-05-25,300.0,300.0,298.0,299.0
2021-05-26,298.3333435058594,299.6666564941406,298.3333435058594,298.6666564941406
2021-05-27,298.6666564941406,299.6666564941406,298.6666564941406,298.6666564941406
2021-05-28,298.3333435058594,299.3333435058594,298.3333435058594,298.3333435058594
2021-05-31,298.3333435058594,300.0,298.3333435058594,299.3333435058594
2021-06-01,299.3333435058594,300.0,299.0,299.0
2021-06-02,299.0,300.0,299.0,299.0
2021-06-03,300.0,300.0,299.0,299.0
2021-06-04,299.0,300.0,299.0,299.0
2021-06-07,299.0,299.6666564941406,299.0,299.0
2021-06-08,298.6666564941406,300.0,298.6666564941406,299.0
2021-06-09,299.0,299.6666564941406,299.0,299.3333435058594
2021-06-10,300.0,300.3333435058594,299.0,300.0
2021-06-11,300.6666564941406,302.0,300.0,302.0
2021-06-14,301.6666564941406,302.0,300.0,302.0
2021-06-15,301.6666564941406,302.0,300.3333435058594,301.6666564941406
2021-06-16,302.0,302.0,301.0,302.0
2021-06-17,299.3333435058594,302.3333435058594,299.3333435058594,302.3333435058594
2021-06-18,302.6666564941406,302.6666564941406,300.6666564941406,301.0
2021-06-21,300.0,301.0,300.0,300.0
2021-06-22,302.6666564941406,302.6666564941406,301.3333435058594,302.0
2021-06-23,302.0,303.0,302.0,303.0
2021-06-24,303.3333435058594,304.0,302.6666564941406,304.0
2021-06-25,309.0,309.0,302.0,303.3333435058594
2021-06-28,304.6666564941406,304.6666564941406,300.3333435058594,300.3333435058594
2021-06-29,300.6666564941406,303.6666564941406,300.6666564941406,302.3333435058594
2021-06-30,302.3333435058594,303.0,302.0,302.3333435058594
2021-07-01,302.3333435058594,304.3333435058594,302.0,304.3333435058594
2021-07-02,304.6666564941406,304.6666564941406,303.3333435058594,304.6666564941406
2021-07-05,304.3333435058594,304.3333435058594,303.0,304.3333435058594
2021-07-06,303.6666564941406,303.6666564941406,301.3333435058594,301.6666564941406
2021-07-07,301.6666564941406,304.3333435058594,301.6666564941406,302.6666564941406
2021-07-08,301.3333435058594,303.0,299.6666564941406,300.0
2021-07-09,300.0,302.0,300.0,302.0
2021-07-12,302.3333435058594,303.3333435058594,301.6666564941406,301.6666564941406
2021-07-13,303.0,303.0,300.3333435058594,300.6666564941406
2021-07-14,302.6666564941406,305.0,301.6666564941406,305.0
2021-07-15,305.3333435058594,305.6666564941406,300.6666564941406,301.0
2021-07-16,300.0,303.0,300.0,302.6666564941406
2021-07-19,302.6666564941406,303.0,301.6666564941406,301.6666564941406
2021-07-20,303.0,303.0,300.6666564941406,301.6666564941406
2021-07-21,306.3333435058594,306.3333435058594,294.6666564941406,295.0
2021-07-26,293.6666564941406,295.0,289.3333435058594,289.3333435058594
2021-07-27,293.3333435058594,304.0,290.6666564941406,303.0
2021-07-28,304.6666564941406,309.6666564941406,301.6666564941406,308.6666564941406
2021-07-29,311.6666564941406,311.6666564941406,303.3333435058594,307.6666564941406
2021-07-30,303.6666564941406,305.6666564941406,302.3333435058594,302.3333435058594
2021-08-02,302.6666564941406,305.3333435058594,302.6666564941406,304.6666564941406
2021-08-03,306.0,306.0,301.6666564941406,303.3333435058594
2021-08-04,302.0,304.3333435058594,301.6666564941406,301.6666564941406
2021-08-05,301.6666564941406,302.3333435058594,299.6666564941406,301.6666564941406
2021-08-06,301.3333435058594,302.0,300.3333435058594,301.6666564941406
2021-08-10,304.6666564941406,304.6666564941406,301.0,302.3333435058594
2021-08-11,300.6666564941406,302.6666564941406,300.6666564941406,302.3333435058594
2021-08-12,306.3333435058594,306.3333435058594,303.0,303.6666564941406
2021-08-13,305.6666564941406,308.3333435058594,304.3333435058594,307.6666564941406
2021-08-16,306.6666564941406,307.0,305.0,307.0
2021-08-17,307.0,307.0,305.6666564941406,307.0
2021-08-18,307.6666564941406,310.3333435058594,306.6666564941406,310.3333435058594
2021-08-19,308.0,309.0,305.6666564941406,307.6666564941406
2021-08-20,306.6666564941406,306.6666564941406,302.3333435058594,304.6666564941406
2021-08-23,305.3333435058594,307.6666564941406,305.3333435058594,306.3333435058594
2021-08-24,308.0,309.6666564941406,307.3333435058594,309.6666564941406
2021-08-25,307.6666564941406,307.6666564941406,303.0,305.6666564941406
2021-08-26,305.3333435058594,306.3333435058594,302.6666564941406,303.3333435058594
2021-08-27,301.3333435058594,303.3333435058594,300.6666564941406,301.3333435058594
2021-08-30,304.3333435058594,304.3333435058594,302.3333435058594,304.0
2021-08-31,303.6666564941406,303.6666564941406,302.0,303.0
2021-09-01,303.0,306.3333435058594,303.0,304.0
2021-09-02,304.3333435058594,306.0,304.0,304.0
2021-09-03,303.3333435058594,303.6666564941406,300.3333435058594,303.6666564941406
2021-09-06,303.6666564941406,303.6666564941406,302.3333435058594,302.3333435058594
2021-09-07,302.3333435058594,304.6666564941406,302.3333435058594,302.6666564941406
2021-09-08,302.3333435058594,305.3333435058594,302.3333435058594,304.0
2021-09-09,304.0,304.0,303.6666564941406,303.6666564941406
2021-09-10,303.0,303.3333435058594,302.3333435058594,302.6666564941406
2021-09-13,302.6666564941406,303.0,301.6666564941406,302.6666564941406
2021-09-14,303.3333435058594,303.3333435058594,303.0,303.3333435058594
2021-09-15,303.3333435058594,306.0,303.3333435058594,304.3333435058594
2021-09-16,304.3333435058594,304.6666564941406,301.3333435058594,302.3333435058594
2021-09-17,302.3333435058594,303.3333435058594,300.0,301.0
2021-09-21,301.0,304.3333435058594,300.3333435058594,300.3333435058594
2021-09-22,300.6666564941406,302.0,300.0,301.0
2021-09-24,302.0,304.0,301.3333435058594,301.3333435058594
2021-09-27,301.0,302.0,300.6666564941406,301.0
2021-09-28,301.0,302.0,301.0,301.3333435058594
2021-09-29,299.6666564941406,301.3333435058594,299.6666564941406,301.3333435058594
2021-09-30,300.6666564941406,301.0,300.0,300.3333435058594
2021-10-01,300.3333435058594,301.0,300.0,300.0
2021-10-04,301.3333435058594,301.6666564941406,300.3333435058594,301.3333435058594
2021-10-05,299.3333435058594,301.6666564941406,299.3333435058594,301.3333435058594
2021-10-06,303.0,303.0,299.3333435058594,299.3333435058594
2021-10-07,300.6666564941406,302.3333435058594,299.6666564941406,300.3333435058594
2021-10-08,302.3333435058594,302.3333435058594,301.0,301.0
2021-10-11,301.0,301.6666564941406,300.0,300.3333435058594
2021-10-12,300.3333435058594,301.0,300.0,300.0
2021-10-13,301.3333435058594,301.3333435058594,299.0,299.0
2021-10-14,301.0,302.0,300.0,302.0
2021-10-15,300.0,300.0,297.0,300.0
2021-10-18,299.6666564941406,300.6666564941406,299.6666564941406,300.0
2021-10-19,301.6666564941406,301.6666564941406,298.3333435058594,299.0
2021-10-20,301.0,301.0,300.3333435058594,301.0
2021-10-21,301.6666564941406,301.6666564941406,300.0,300.3333435058594
2021-10-22,301.0,301.3333435058594,300.3333435058594,300.6666564941406
2021-10-25,299.0,300.0,298.6666564941406,298.6666564941406
2021-10-26,298.6666564941406,299.6666564941406,298.6666564941406,298.6666564941406
2021-10-27,298.6666564941406,298.6666564941406,298.6666564941406,298.6666564941406
2021-10-28,298.6666564941406,299.0,298.6666564941406,299.0
2021-10-29,299.0,299.0,298.3333435058594,298.3333435058594
2021-11-01,298.3333435058594,299.6666564941406,298.0,298.0
2021-11-02,299.0,299.0,298.0,298.0
2021-11-04,298.6666564941406,300.0,298.6666564941406,300.0
2021-11-05,300.6666564941406,301.0,300.0,300.0
2021-11-08,300.0,300.0,299.6666564941406,300.0
2021-11-09,300.0,300.0,298.3333435058594,298.6666564941406
2021-11-10,300.0,300.6666564941406,300.0,300.6666564941406
2021-11-11,301.0,301.0,298.6666564941406,298.6666564941406
2021-11-12,301.0,301.3333435058594,298.6666564941406,300.6666564941406
2021-11-15,301.0,301.0,299.6666564941406,300.0
2021-11-16,300.0,301.6666564941406,299.3333435058594,301.3333435058594
2021-11-17,300.0,300.0,294.3333435058594,294.3333435058594
2021-11-18,295.3333435058594,298.3333435058594,295.0,298.3333435058594
2021-11-19,297.3333435058594,298.3333435058594,297.3333435058594,297.3333435058594
2021-11-22,298.0,300.3333435058594,298.0,300.0
2021-11-24,300.0,300.0,299.0,300.0
2021-11-25,299.6666564941406,299.6666564941406,295.3333435058594,298.0
2021-11-26,296.6666564941406,299.3333435058594,296.6666564941406,297.6666564941406
2021-11-29,296.6666564941406,298.6666564941406,296.3333435058594,296.3333435058594
2021-11-30,296.6666564941406,297.0,296.0,296.0
2021-12-01,296.0,298.0,295.6666564941406,296.0
2021-12-02,296.0,296.3333435058594,295.3333435058594,295.3333435058594
2021-12-03,295.3333435058594,296.3333435058594,295.0,295.3333435058594
2021-12-06,295.3333435058594,296.6666564941406,293.6666564941406,296.0
2021-12-07,298.0,298.3333435058594,288.0,295.3333435058594
2021-12-08,296.0,296.0,294.3333435058594,296.0
2021-12-09,297.3333435058594,297.3333435058594,290.3333435058594,295.3333435058594
2021-12-10,295.3333435058594,295.3333435058594,292.0,293.3333435058594
2021-12-13,295.0,297.3333435058594,290.0,295.6666564941406
2021-12-14,297.6666564941406,297.6666564941406,295.3333435058594,296.6666564941406
2021-12-15,294.0,298.6666564941406,294.0,297.3333435058594
2021-12-16,297.6666564941406,299.0,294.3333435058594,299.0
2021-12-17,299.3333435058594,299.6666564941406,296.6666564941406,299.0
2021-12-20,299.6666564941406,299.6666564941406,296.0,297.6666564941406
2021-12-21,301.3333435058594,301.3333435058594,289.0,298.6666564941406
2021-12-22,300.0,300.3333435058594,295.0,300.0
2021-12-23,300.0,300.0,296.6666564941406,299.6666564941406
2021-12-24,300.0,302.3333435058594,298.3333435058594,301.6666564941406
2021-12-27,301.6666564941406,301.6666564941406,298.6666564941406,301.3333435058594
2021-12-28,299.3333435058594,301.0,299.3333435058594,299.6666564941406
2021-12-29,298.0,301.3333435058594,298.0,301.3333435058594
2021-12-30,301.3333435058594,303.0,301.3333435058594,303.0
2022-01-04,303.3333435058594,304.3333435058594,301.3333435058594,302.6666564941406
2022-01-05,303.3333435058594,303.3333435058594,300.0,300.3333435058594
2022-01-06,300.3333435058594,301.3333435058594,299.6666564941406,300.0
2022-01-07,301.6666564941406,301.6666564941406,299.3333435058594,300.0
2022-01-11,300.3333435058594,301.0,299.6666564941406,301.0
2022-01-12,302.3333435058594,302.6666564941406,301.6666564941406,302.6666564941406
2022-01-13,300.0,300.3333435058594,299.0,299.3333435058594
2022-01-14,301.6666564941406,302.3333435058594,299.3333435058594,302.3333435058594
2022-01-17,300.6666564941406,301.6666564941406,300.3333435058594,300.6666564941406
2022-01-18,301.6666564941406,301.6666564941406,299.6666564941406,301.6666564941406
2022-01-19,303.0,303.3333435058594,300.0,303.3333435058594
2022-01-20,303.0,303.3333435058594,302.3333435058594,303.3333435058594
2022-01-21,303.0,303.0,302.6666564941406,302.6666564941406
2022-01-24,302.6666564941406,304.6666564941406,301.3333435058594,304.0
2022-01-25,303.3333435058594,303.3333435058594,300.0,300.6666564941406
2022-01-26,300.0,300.6666564941406,300.0,300.3333435058594
2022-01-27,300.0,300.0,298.6666564941406,299.0
2022-01-28,297.3333435058594,297.3333435058594,296.3333435058594,296.6666564941406
2022-01-31,298.3333435058594,298.3333435058594,296.3333435058594,297.3333435058594
2022-02-01,297.3333435058594,297.3333435058594,296.0,296.0
2022-02-02,295.0,295.3333435058594,294.0,294.6666564941406
2022-02-03,294.6666564941406,297.0,294.3333435058594,294.3333435058594
2022-02-04,294.3333435058594,299.3333435058594,294.3333435058594,294.6666564941406
2022-02-07,296.0,296.0,294.3333435058594,295.0
2022-02-08,295.0,295.6666564941406,294.6666564941406,295.3333435058594
2022-02-09,294.6666564941406,294.6666564941406,292.6666564941406,293.3333435058594
2022-02-10,295.0,295.3333435058594,293.0,293.3333435058594
2022-02-14,294.6666564941406,294.6666564941406,292.6666564941406,294.6666564941406
2022-02-15,294.6666564941406,294.6666564941406,292.3333435058594,293.6666564941406
2022-02-16,294.3333435058594,294.6666564941406,293.6666564941406,294.6666564941406
2022-02-17,294.6666564941406,295.0,294.6666564941406,295.0
2022-02-18,295.3333435058594,295.3333435058594,293.6666564941406,295.3333435058594
2022-02-21,294.0,295.3333435058594,293.6666564941406,295.3333435058594
2022-02-22,295.3333435058594,295.3333435058594,294.3333435058594,294.3333435058594
2022-02-24,294.3333435058594,295.3333435058594,293.0,295.0
2022-02-25,285.0,299.6666564941406,285.0,292.6666564941406
2022-02-28,294.6666564941406,296.3333435058594,294.6666564941406,295.3333435058594
2022-03-01,295.3333435058594,296.0,293.6666564941406,293.6666564941406
2022-03-02,293.6666564941406,294.6666564941406,291.6666564941406,292.0
2022-03-03,292.0,294.0,292.0,292.0
2022-03-04,292.0,292.0,290.3333435058594,290.3333435058594
2022-03-07,290.0,292.0,288.0,288.6666564941406
2022-03-08,288.6666564941406,289.0,285.0,285.6666564941406
2022-03-09,285.6666564941406,288.6666564941406,285.3333435058594,286.3333435058594
2022-03-10,286.6666564941406,290.6666564941406,286.3333435058594,287.3333435058594
2022-03-11,286.6666564941406,287.6666564941406,285.3333435058594,285.3333435058594
2022-03-14,285.6666564941406,286.6666564941406,285.3333435058594,286.6666564941406
2022-03-15,286.6666564941406,289.0,285.6666564941406,288.0
2022-03-16,288.0,289.6666564941406,287.6666564941406,289.6666564941406
2022-03-17,290.3333435058594,291.0,289.0,289.0
2022-03-18,289.0,290.0,289.0,289.0
2022-03-22,289.3333435058594,290.0,289.0,289.0
2022-03-23,291.3333435058594,291.3333435058594,288.0,288.3333435058594
2022-03-24,288.6666564941406,289.0,287.0,289.0
2022-03-25,287.3333435058594,289.0,287.0,287.3333435058594
2022-03-28,288.3333435058594,289.3333435058594,286.6666564941406,288.0
2022-03-29,286.6666564941406,289.3333435058594,286.6666564941406,289.0
2022-03-30,280.3333435058594,288.6666564941406,279.6666564941406,283.0
2022-03-31,282.0,284.0,280.3333435058594,283.3333435058594
2022-04-01,283.6666564941406,284.0,283.3333435058594,283.6666564941406
2022-04-04,283.0,284.0,283.0,283.6666564941406
2022-04-05,283.6666564941406,286.0,283.6666564941406,286.0
2022-04-06,287.0,287.3333435058594,285.3333435058594,285.3333435058594
2022-04-07,284.3333435058594,286.0,282.3333435058594,282.6666564941406
2022-04-08,281.6666564941406,285.6666564941406,281.6666564941406,282.6666564941406
2022-04-11,285.3333435058594,285.6666564941406,284.0,285.0
2022-04-12,285.0,286.3333435058594,284.3333435058594,285.3333435058594
2022-04-13,286.3333435058594,286.3333435058594,285.0,286.3333435058594
2022-04-14,286.6666564941406,287.0,286.3333435058594,287.0
2022-04-15,287.3333435058594,287.3333435058594,286.3333435058594,287.3333435058594
2022-04-18,286.6666564941406,287.0,284.3333435058594,286.0
2022-04-19,287.6666564941406,287.6666564941406,285.3333435058594,285.3333435058594
2022-04-20,285.6666564941406,285.6666564941406,284.6666564941406,284.6666564941406
2022-04-21,285.3333435058594,286.6666564941406,281.3333435058594,281.6666564941406
2022-04-22,281.6666564941406,283.0,280.6666564941406,283.0
2022-04-25,283.0,283.3333435058594,281.3333435058594,282.3333435058594
2022-04-26,281.6666564941406,282.3333435058594,281.0,281.3333435058594
2022-04-27,281.0,281.6666564941406,280.6666564941406,281.3333435058594
2022-04-28,281.3333435058594,283.0,281.0,283.0
2022-05-02,283.0,284.3333435058594,283.0,283.0
2022-05-06,283.0,283.0,282.0,282.0
2022-05-09,282.0,282.0,281.0,281.6666564941406
2022-05-10,280.6666564941406,281.6666564941406,280.6666564941406,281.0
2022-05-11,281.0,281.6666564941406,281.0,281.3333435058594
2022-05-12,281.3333435058594,282.3333435058594,274.0,279.6666564941406
2022-05-13,274.6666564941406,279.6666564941406,274.3333435058594,279.6666564941406
2022-05-16,280.6666564941406,280.6666564941406,277.6666564941406,279.6666564941406
2022-05-17,278.0,280.0,278.0,280.0
2022-05-18,281.3333435058594,282.6666564941406,279.6666564941406,279.6666564941406
2022-05-19,279.3333435058594,282.6666564941406,279.3333435058594,282.6666564941406
2022-05-20,280.6666564941406,283.6666564941406,280.3333435058594,280.6666564941406
2022-05-23,280.6666564941406,284.3333435058594,280.6666564941406,282.6666564941406
2022-05-24,280.6666564941406,283.6666564941406,280.6666564941406,283.6666564941406
2022-05-25,284.0,284.3333435058594,283.0,283.0
2022-05-26,283.0,284.0,283.0,283.6666564941406
2022-05-27,283.6666564941406,283.6666564941406,282.3333435058594,282.3333435058594
2022-05-30,282.3333435058594,284.3333435058594,282.3333435058594,284.3333435058594
2022-05-31,284.3333435058594,284.3333435058594,284.0,284.3333435058594
2022-06-01,284.3333435058594,285.3333435058594,284.3333435058594,284.6666564941406
2022-06-02,284.3333435058594,285.0,283.3333435058594,283.3333435058594
2022-06-03,283.3333435058594,284.6666564941406,283.3333435058594,284.3333435058594
2022-06-06,283.3333435058594,285.3333435058594,283.3333435058594,285.3333435058594
2022-06-07,285.6666564941406,285.6666564941406,285.3333435058594,285.3333435058594
2022-06-08,285.0,285.3333435058594,284.6666564941406,284.6666564941406
2022-06-09,284.6666564941406,285.3333435058594,284.6666564941406,284.6666564941406
2022-06-10,284.6666564941406,285.0,283.3333435058594,285.0
2022-06-13,284.6666564941406,285.0,284.6666564941406,284.6666564941406
2022-06-14,284.6666564941406,284.6666564941406,282.3333435058594,284.6666564941406
2022-06-15,284.6666564941406,284.6666564941406,283.3333435058594,284.6666564941406
2022-06-16,285.6666564941406,285.6666564941406,284.6666564941406,285.6666564941406
2022-06-17,285.6666564941406,285.6666564941406,284.6666564941406,285.6666564941406
2022-06-20,285.6666564941406,286.0,284.0,284.0
2022-06-21,284.3333435058594,287.0,281.6666564941406,281.6666564941406
2022-06-22,283.3333435058594,285.6666564941406,282.3333435058594,282.3333435058594
2022-06-23,282.3333435058594,286.0,282.3333435058594,286.0
2022-06-24,287.6666564941406,287.6666564941406,285.0,286.6666564941406
2022-06-27,286.6666564941406,286.6666564941406,283.3333435058594,283.6666564941406
2022-06-28,282.3333435058594,288.6666564941406,282.3333435058594,286.6666564941406
2022-06-29,285.0,298.0,285.0,293.3333435058594
2022-06-30,294.0,314.6666564941406,293.3333435058594,294.3333435058594
2022-07-01,300.0,300.0,294.3333435058594,296.6666564941406
2022-07-04,297.3333435058594,300.0,283.6666564941406,291.3333435058594
2022-07-05,287.0,295.0,287.0,289.3333435058594
2022-07-06,284.6666564941406,288.6666564941406,284.0,285.3333435058594
2022-07-07,285.0,288.3333435058594,283.6666564941406,284.0
2022-07-08,284.0,285.0,284.0,285.0
2022-07-11,285.6666564941406,285.6666564941406,285.0,285.0
2022-07-12,285.0,285.0,284.3333435058594,284.3333435058594
2022-07-13,285.3333435058594,286.6666564941406,284.0,285.6666564941406
2022-07-14,285.6666564941406,288.6666564941406,285.0,288.6666564941406
2022-07-15,288.6666564941406,288.6666564941406,285.3333435058594,288.3333435058594
2022-07-19,289.0,289.0,285.3333435058594,288.3333435058594
2022-07-20,292.6666564941406,292.6666564941406,289.6666564941406,292.0
2022-07-21,292.6666564941406,292.6666564941406,289.3333435058594,291.6666564941406
2022-07-22,290.0,292.6666564941406,289.0,292.0
2022-07-25,294.3333435058594,297.3333435058594,293.6666564941406,294.6666564941406
2022-07-26,296.6666564941406,300.0,296.6666564941406,300.0
2022-07-27,301.6666564941406,302.6666564941406,294.0,297.0
2022-07-28,303.3333435058594,303.3333435058594,297.6666564941406,300.0
2022-07-29,297.3333435058594,299.3333435058594,297.3333435058594,298.3333435058594
2022-08-01,298.6666564941406,299.3333435058594,296.0,296.3333435058594
2022-08-02,295.0,297.6666564941406,290.6666564941406,294.6666564941406
2022-08-03,294.6666564941406,294.6666564941406,291.6666564941406,294.0
2022-08-04,294.6666564941406,296.6666564941406,293.3333435058594,293.3333435058594
2022-08-05,295.0,297.6666564941406,293.3333435058594,297.3333435058594
2022-08-08,297.3333435058594,297.3333435058594,292.6666564941406,294.6666564941406
2022-08-09,294.6666564941406,296.6666564941406,292.6666564941406,293.3333435058594
2022-08-10,293.3333435058594,295.3333435058594,293.3333435058594,294.6666564941406
2022-08-12,297.0,297.0,295.6666564941406,297.0
2022-08-15,298.0,298.0,297.0,298.0
2022-08-16,297.6666564941406,298.0,294.0,296.6666564941406
2022-08-17,298.6666564941406,298.6666564941406,294.6666564941406,296.3333435058594
2022-08-18,297.3333435058594,297.3333435058594,295.3333435058594,296.6666564941406
2022-08-19,296.0,296.0,292.6666564941406,292.6666564941406
2022-08-22,292.6666564941406,293.0,290.6666564941406,293.0
2022-08-23,293.0,293.3333435058594,292.0,293.3333435058594
2022-08-24,291.6666564941406,294.0,291.0,291.0
2022-08-25,292.6666564941406,294.0,292.6666564941406,293.3333435058594
2022-08-26,292.0,292.0,291.6666564941406,291.6666564941406
2022-08-29,291.0,291.0,288.0,288.0
2022-08-30,290.3333435058594,290.3333435058594,288.3333435058594,290.0
2022-08-31,288.6666564941406,290.6666564941406,288.6666564941406,290.6666564941406
2022-09-01,290.6666564941406,291.3333435058594,290.6666564941406,291.3333435058594
2022-09-02,291.0,291.6666564941406,290.6666564941406,291.6666564941406
2022-09-05,291.6666564941406,291.6666564941406,288.3333435058594,288.3333435058594
2022-09-06,289.0,289.0,289.0,289.0
2022-09-07,288.6666564941406,288.6666564941406,288.0,288.0
2022-09-08,288.3333435058594,289.0,288.0,288.0
2022-09-09,289.3333435058594,290.0,287.0,287.0
2022-09-12,287.6666564941406,290.3333435058594,287.0,290.0
2022-09-13,292.6666564941406,293.3333435058594,291.6666564941406,293.3333435058594
2022-09-14,292.6666564941406,293.0,288.6666564941406,291.6666564941406
2022-09-15,293.0,293.0,290.3333435058594,291.0
2022-09-16,291.0,291.0,289.6666564941406,289.6666564941406
2022-09-20,291.3333435058594,291.3333435058594,289.3333435058594,290.0
2022-09-21,291.0,291.0,289.6666564941406,289.6666564941406
2022-09-22,292.0,292.3333435058594,290.3333435058594,291.6666564941406
2022-09-26,291.6666564941406,291.6666564941406,288.6666564941406,291.3333435058594
2022-09-27,291.6666564941406,293.3333435058594,291.0,291.6666564941406
2022-09-28,291.3333435058594,291.6666564941406,288.6666564941406,291.6666564941406
2022-09-29,286.6666564941406,290.6666564941406,286.6666564941406,286.6666564941406
2022-09-30,286.0,286.3333435058594,286.0,286.3333435058594
2022-10-03,286.3333435058594,287.0,286.0,286.3333435058594
2022-10-04,286.3333435058594,287.3333435058594,285.0,286.3333435058594
2022-10-05,285.6666564941406,287.0,285.6666564941406,287.0
2022-10-06,287.0,289.3333435058594,285.6666564941406,289.3333435058594
2022-10-07,289.3333435058594,289.3333435058594,289.3333435058594,289.3333435058594
2022-10-11,286.0,290.0,286.0,289.3333435058594
2022-10-12,289.0,289.0,283.3333435058594,287.3333435058594
2022-10-13,288.6666564941406,288.6666564941406,288.0,288.6666564941406
2022-10-14,289.0,290.0,286.6666564941406,290.0
2022-10-17,289.6666564941406,291.0,289.6666564941406,291.0
2022-10-18,291.0,291.3333435058594,289.3333435058594,291.3333435058594
2022-10-19,291.6666564941406,292.0,289.3333435058594,292.0
2022-10-20,291.6666564941406,291.6666564941406,291.3333435058594,291.3333435058594
2022-10-21,291.3333435058594,292.0,290.6666564941406,290.6666564941406
2022-10-24,291.0,293.0,291.0,293.0
2022-10-25,293.3333435058594,293.3333435058594,291.0,291.0
2022-10-26,291.6666564941406,291.6666564941406,291.3333435058594,291.6666564941406
2022-10-27,291.6666564941406,292.0,291.6666564941406,292.0
2022-10-28,290.6666564941406,290.6666564941406,290.3333435058594,290.3333435058594
2022-10-31,291.0,291.6666564941406,290.0,291.6666564941406
2022-11-01,291.6666564941406,291.6666564941406,290.0,290.0
2022-11-02,292.3333435058594,292.3333435058594,291.6666564941406,291.6666564941406
2022-11-04,292.6666564941406,293.0,292.3333435058594,293.0
2022-11-07,295.0,295.0,293.6666564941406,293.6666564941406
2022-11-08,295.0,312.6666564941406,290.3333435058594,290.3333435058594
2022-11-09,286.6666564941406,288.6666564941406,286.6666564941406,288.0
2022-11-10,288.0,290.3333435058594,287.6666564941406,290.3333435058594
2022-11-11,291.6666564941406,291.6666564941406,289.0,289.0
2022-11-14,289.3333435058594,290.6666564941406,288.3333435058594,290.6666564941406
2022-11-15,292.3333435058594,292.6666564941406,290.6666564941406,292.6666564941406
2022-11-16,290.3333435058594,291.3333435058594,290.3333435058594,291.3333435058594
2022-11-17,291.3333435058594,291.3333435058594,289.3333435058594,291.3333435058594
2022-11-18,291.3333435058594,291.3333435058594,290.0,290.3333435058594
2022-11-21,291.0,291.0,287.0,290.0
2022-11-22,288.6666564941406,291.0,284.0,287.0
2022-11-24,288.6666564941406,289.6666564941406,287.6666564941406,288.6666564941406
2022-11-25,289.6666564941406,289.6666564941406,287.6666564941406,287.6666564941406
2022-11-28,287.6666564941406,288.0,287.3333435058594,287.3333435058594
2022-11-29,287.3333435058594,288.6666564941406,287.3333435058594,288.3333435058594
2022-11-30,289.0,289.3333435058594,288.0,288.6666564941406
2022-12-01,289.3333435058594,290.0,288.6666564941406,289.3333435058594
2022-12-02,289.3333435058594,289.3333435058594,287.6666564941406,288.3333435058594
2022-12-05,287.6666564941406,288.6666564941406,287.3333435058594,288.6666564941406
2022-12-06,289.0,290.3333435058594,289.0,289.3333435058594
2022-12-07,290.6666564941406,290.6666564941406,288.3333435058594,290.0
2022-12-08,290.0,292.6666564941406,290.0,291.0
2022-12-09,291.0,291.0,289.3333435058594,289.6666564941406
2022-12-12,292.6666564941406,292.6666564941406,289.3333435058594,289.3333435058594
2022-12-13,290.0,291.6666564941406,290.0,290.0
2022-12-14,292.0,293.6666564941406,290.3333435058594,293.3333435058594
2022-12-15,290.3333435058594,292.3333435058594,290.3333435058594,292.3333435058594
2022-12-16,291.0,292.0,290.3333435058594,292.0
2022-12-19,292.3333435058594,293.3333435058594,290.6666564941406,293.0
2022-12-20,299.6666564941406,299.6666564941406,295.3333435058594,298.0
2022-12-21,298.0,301.3333435058594,297.3333435058594,297.6666564941406
2022-12-22,300.6666564941406,301.0,295.6666564941406,298.6666564941406
2022-12-23,294.6666564941406,297.6666564941406,291.0,296.3333435058594
2022-12-26,297.3333435058594,297.3333435058594,294.0,294.0
2022-12-27,295.6666564941406,296.6666564941406,294.3333435058594,296.6666564941406
2022-12-28,296.6666564941406,297.3333435058594,295.3333435058594,297.3333435058594
2022-12-29,296.3333435058594,298.0,293.3333435058594,296.6666564941406
2022-12-30,298.0,298.0,296.6666564941406,297.6666564941406
2023-01-04,297.6666564941406,299.3333435058594,297.6666564941406,298.3333435058594
2023-01-05,298.3333435058594,298.3333435058594,298.3333435058594,298.3333435058594
2023-01-06,298.6666564941406,299.3333435058594,298.3333435058594,299.3333435058594
2023-01-10,299.3333435058594,299.6666564941406,298.3333435058594,298.6666564941406
2023-01-11,299.3333435058594,299.6666564941406,299.0,299.6666564941406
2023-01-12,300.0,300.0,298.6666564941406,298.6666564941406
2023-01-13,299.6666564941406,300.0,298.6666564941406,299.6666564941406
2023-01-16,300.0,300.0,299.6666564941406,300.0
2023-01-17,300.0,300.3333435058594,299.0,300.3333435058594
2023-01-18,300.0,300.0,298.6666564941406,299.0
2023-01-19,299.0,300.0,299.0,299.6666564941406
2023-01-20,299.6666564941406,300.0,290.0,298.3333435058594
2023-01-23,298.6666564941406,299.6666564941406,298.0,299.3333435058594
2023-01-24,299.3333435058594,300.0,299.0,300.0
2023-01-25,300.0,300.0,299.0,299.3333435058594
2023-01-26,299.3333435058594,299.3333435058594,297.3333435058594,298.3333435058594
2023-01-27,298.3333435058594,298.3333435058594,298.3333435058594,298.3333435058594
2023-01-30,298.3333435058594,298.6666564941406,298.3333435058594,298.3333435058594
2023-01-31,298.3333435058594,298.3333435058594,297.6666564941406,297.6666564941406
2023-02-01,297.6666564941406,298.3333435058594,297.6666564941406,298.0
2023-02-02,298.0,298.3333435058594,296.3333435058594,297.3333435058594
2023-02-03,296.6666564941406,296.6666564941406,296.0,296.0
2023-02-06,296.0,296.6666564941406,296.0,296.6666564941406
2023-02-07,296.6666564941406,296.6666564941406,295.6666564941406,296.6666564941406
2023-02-08,296.3333435058594,301.6666564941406,296.3333435058594,296.6666564941406
2023-02-09,298.6666564941406,298.6666564941406,297.0,297.6666564941406
2023-02-10,297.6666564941406,298.0,296.3333435058594,296.6666564941406
2023-02-13,299.0,299.0,296.6666564941406,297.0
2023-02-14,299.3333435058594,299.6666564941406,297.6666564941406,299.0
2023-02-15,299.6666564941406,299.6666564941406,298.0,299.3333435058594
2023-02-16,299.6666564941406,300.0,298.6666564941406,299.6666564941406
2023-02-17,299.0,299.3333435058594,298.6666564941406,299.3333435058594
2023-02-20,299.3333435058594,299.6666564941406,299.0,299.6666564941406
2023-02-21,299.6666564941406,300.0,299.0,300.0
2023-02-22,300.0,300.0,298.3333435058594,299.0
2023-02-24,298.3333435058594,298.3333435058594,297.6666564941406,298.0
2023-02-27,298.0,298.3333435058594,297.6666564941406,298.3333435058594
2023-02-28,298.3333435058594,298.3333435058594,297.3333435058594,297.3333435058594
2023-03-01,297.3333435058594,298.6666564941406,297.3333435058594,298.6666564941406
2023-03-02,298.6666564941406,300.0,298.6666564941406,299.3333435058594
2023-03-03,300.0,300.0,299.0,300.0
2023-03-06,300.6666564941406,301.3333435058594,299.3333435058594,300.6666564941406
2023-03-07,300.6666564941406,302.0,300.6666564941406,301.6666564941406
2023-03-08,300.6666564941406,302.0,300.6666564941406,301.6666564941406
2023-03-09,302.0,302.6666564941406,301.3333435058594,301.6666564941406
2023-03-10,300.0,301.0,300.0,300.3333435058594
2023-03-13,300.0,300.0,297.6666564941406,299.6666564941406
2023-03-14,299.6666564941406,299.6666564941406,295.0,296.6666564941406
2023-03-15,296.6666564941406,296.6666564941406,295.6666564941406,296.3333435058594
2023-03-16,296.3333435058594,296.3333435058594,294.6666564941406,296.3333435058594
2023-03-17,296.6666564941406,296.6666564941406,295.3333435058594,296.3333435058594
2023-03-20,296.3333435058594,296.6666564941406,295.6666564941406,296.3333435058594
2023-03-22,296.6666564941406,296.6666564941406,295.6666564941406,296.3333435058594
2023-03-23,296.6666564941406,296.6666564941406,296.0,296.6666564941406
2023-03-24,296.3333435058594,296.6666564941406,295.6666564941406,296.0
2023-03-27,296.6666564941406,296.6666564941406,296.0,296.6666564941406
2023-03-28,296.3333435058594,296.6666564941406,296.3333435058594,296.6666564941406
2023-03-29,296.0,296.6666564941406,296.0,296.3333435058594
2023-03-30,286.3333435058594,290.6666564941406,286.3333435058594,290.0
2023-03-31,291.0,292.0,290.3333435058594,290.3333435058594
2023-04-03,290.6666564941406,294.3333435058594,290.6666564941406,292.6666564941406
2023-04-04,293.6666564941406,293.6666564941406,290.0,292.6666564941406
2023-04-05,292.6666564941406,292.6666564941406,290.3333435058594,291.0
2023-04-06,291.0,291.0,290.0,291.0
2023-04-07,291.0,293.3333435058594,290.3333435058594,292.6666564941406
2023-04-10,292.6666564941406,293.3333435058594,292.6666564941406,293.3333435058594
2023-04-11,293.6666564941406,294.3333435058594,292.6666564941406,294.0
2023-04-12,294.0,296.6666564941406,293.6666564941406,296.3333435058594
2023-04-13,296.3333435058594,296.6666564941406,295.0,295.6666564941406
2023-04-14,297.0,297.3333435058594,295.6666564941406,297.3333435058594
2023-04-17,297.3333435058594,297.3333435058594,295.6666564941406,297.3333435058594
2023-04-18,297.6666564941406,298.0,294.6666564941406,297.3333435058594
2023-04-19,297.6666564941406,298.0,295.6666564941406,297.6666564941406
2023-04-20,297.6666564941406,299.0,297.6666564941406,299.0
2023-04-21,299.0,300.0,295.6666564941406,297.0
2023-04-24,297.6666564941406,299.3333435058594,297.6666564941406,299.3333435058594
2023-04-25,300.0,301.0,299.3333435058594,300.0
2023-04-26,297.3333435058594,300.0,297.3333435058594,299.3333435058594
2023-04-27,299.0,301.3333435058594,299.0,301.3333435058594
2023-04-28,301.3333435058594,301.3333435058594,298.6666564941406,300.3333435058594
2023-05-01,301.3333435058594,303.3333435058594,300.6666564941406,300.6666564941406
2023-05-02,301.3333435058594,302.0,301.0,301.6666564941406
2023-05-08,301.6666564941406,302.3333435058594,301.3333435058594,301.6666564941406
2023-05-09,301.6666564941406,301.6666564941406,300.0,300.3333435058594
2023-05-10,300.0,301.6666564941406,300.0,300.3333435058594
2023-05-11,302.3333435058594,303.3333435058594,297.0,300.6666564941406
2023-05-12,300.6666564941406,304.3333435058594,295.0,300.0
2023-05-15,300.3333435058594,303.3333435058594,298.3333435058594,301.6666564941406
2023-05-16,303.0,303.3333435058594,301.0,302.6666564941406
2023-05-17,304.3333435058594,305.0,296.6666564941406,299.3333435058594
2023-05-18,300.0,301.3333435058594,297.6666564941406,297.6666564941406
2023-05-19,300.0,300.0,298.3333435058594,299.3333435058594
2023-05-22,299.3333435058594,303.0,298.3333435058594,299.0
2023-05-23,300.3333435058594,301.0,299.3333435058594,300.0
2023-05-24,300.0,302.6666564941406,299.3333435058594,302.6666564941406
2023-05-25,303.3333435058594,303.3333435058594,302.0,303.0
2023-05-26,303.0,305.0,303.0,304.0
2023-05-29,304.3333435058594,305.6666564941406,303.3333435058594,305.0
2023-05-30,305.0,306.3333435058594,303.6666564941406,305.3333435058594
2023-05-31,305.0,305.6666564941406,303.3333435058594,305.3333435058594
2023-06-01,306.3333435058594,306.3333435058594,305.3333435058594,306.0
2023-06-02,306.0,306.6666564941406,303.3333435058594,305.3333435058594
2023-06-05,305.3333435058594,306.0,304.0,305.3333435058594
2023-06-06,305.3333435058594,305.6666564941406,303.3333435058594,304.0
2023-06-07,305.3333435058594,305.3333435058594,303.6666564941406,304.3333435058594
2023-06-08,304.3333435058594,305.3333435058594,304.0,305.3333435058594
2023-06-09,305.3333435058594,306.0,304.0,305.6666564941406
2023-06-12,305.6666564941406,306.6666564941406,304.6666564941406,305.0
2023-06-13,305.3333435058594,307.3333435058594,305.3333435058594,306.6666564941406
2023-06-14,306.6666564941406,308.6666564941406,306.6666564941406,308.0
2023-06-15,306.6666564941406,309.0,304.6666564941406,308.3333435058594
2023-06-16,308.3333435058594,308.3333435058594,306.6666564941406,307.3333435058594
2023-06-19,310.0,311.6666564941406,308.3333435058594,308.6666564941406
2023-06-20,310.0,315.0,310.0,313.6666564941406
2023-06-21,312.6666564941406,315.6666564941406,312.6666564941406,314.6666564941406
2023-06-22,314.6666564941406,317.0,314.3333435058594,317.0
2023-06-23,317.0,317.0,313.6666564941406,315.0
2023-06-26,315.0,317.0,313.6666564941406,315.3333435058594
2023-06-27,314.3333435058594,315.6666564941406,312.0,315.6666564941406
2023-06-28,316.3333435058594,316.3333435058594,315.0,316.0
2023-06-29,316.0,317.0,314.6666564941406,316.0
2023-06-30,314.6666564941406,323.0,314.6666564941406,320.0
2023-07-03,322.3333435058594,325.0,320.6666564941406,325.0
2023-07-04,325.0,329.0,325.0,327.0
2023-07-05,327.0,327.0,322.0,323.0
2023-07-06,320.3333435058594,326.3333435058594,320.3333435058594,325.6666564941406
2023-07-07,325.0,326.3333435058594,321.3333435058594,326.3333435058594
2023-07-10,326.3333435058594,330.3333435058594,325.6666564941406,329.3333435058594
2023-07-11,331.0,332.3333435058594,328.6666564941406,331.0
2023-07-12,332.6666564941406,332.6666564941406,330.3333435058594,332.6666564941406
2023-07-13,332.6666564941406,334.0,331.6666564941406,333.3333435058594
2023-07-14,333.6666564941406,334.0,331.3333435058594,333.3333435058594
2023-07-18,333.3333435058594,335.6666564941406,333.0,333.6666564941406
2023-07-19,335.0,341.0,334.6666564941406,340.0
2023-07-20,341.3333435058594,343.6666564941406,340.6666564941406,343.6666564941406
2023-07-21,345.0,348.0,343.3333435058594,348.0
2023-07-24,352.0,359.0,351.0,352.6666564941406
2023-07-25,352.6666564941406,355.6666564941406,350.0,355.3333435058594
2023-07-26,356.0,356.0,352.6666564941406,356.0
2023-07-27,356.0,364.6666564941406,355.6666564941406,364.6666564941406
2023-07-28,364.6666564941406,367.6666564941406,362.0,367.3333435058594
2023-07-31,365.6666564941406,366.6666564941406,359.6666564941406,359.6666564941406
2023-08-01,359.6666564941406,363.0,358.3333435058594,360.3333435058594
2023-08-02,359.6666564941406,364.6666564941406,356.6666564941406,363.3333435058594
2023-08-03,358.3333435058594,363.3333435058594,358.3333435058594,361.0
2023-08-04,357.0,364.6666564941406,353.6666564941406,362.3333435058594
2023-08-07,364.6666564941406,376.0,362.3333435058594,372.3333435058594
2023-08-08,375.6666564941406,393.3333435058594,367.0,383.6666564941406
2023-08-09,383.0,403.0,377.3333435058594,397.0
2023-08-10,397.0,409.6666564941406,393.3333435058594,408.6666564941406
2023-08-14,408.6666564941406,427.0,406.0,425.0
2023-08-15,429.0,436.3333435058594,415.3333435058594,417.0
2023-08-16,415.3333435058594,425.3333435058594,406.6666564941406,422.6666564941406
2023-08-17,424.6666564941406,426.6666564941406,411.3333435058594,417.6666564941406
2023-08-18,412.0,416.6666564941406,393.3333435058594,402.0
2023-08-21,396.6666564941406,414.3333435058594,396.6666564941406,410.0
2023-08-22,402.3333435058594,404.3333435058594,390.3333435058594,395.0
2023-08-23,388.6666564941406,400.0,386.0,395.6666564941406
2023-08-24,389.0,400.0,389.0,400.0
2023-08-25,397.6666564941406,399.6666564941406,395.3333435058594,397.3333435058594
2023-08-28,397.3333435058594,408.3333435058594,397.3333435058594,406.0
2023-08-29,403.6666564941406,409.0,399.6666564941406,401.3333435058594
2023-08-30,400.3333435058594,405.0,395.6666564941406,405.0
2023-08-31,403.3333435058594,406.0,401.3333435058594,403.0
2023-09-01,403.0,403.0,398.0,400.0
2023-09-04,401.3333435058594,409.6666564941406,398.6666564941406,403.3333435058594
2023-09-05,405.6666564941406,405.6666564941406,398.6666564941406,402.3333435058594
2023-09-06,402.0,403.3333435058594,400.3333435058594,402.0
2023-09-07,402.0,410.0,400.6666564941406,408.6666564941406
2023-09-08,410.0,425.3333435058594,408.6666564941406,418.0
2023-09-11,423.6666564941406,425.6666564941406,420.3333435058594,422.6666564941406
2023-09-12,416.6666564941406,423.6666564941406,413.0,415.0
2023-09-13,418.0,421.6666564941406,412.3333435058594,421.6666564941406
2023-09-14,423.3333435058594,430.6666564941406,421.3333435058594,430.0
2023-09-15,428.3333435058594,440.3333435058594,425.0,439.0
2023-09-19,437.0,460.3333435058594,437.0,452.3333435058594
2023-09-20,452.3333435058594,453.6666564941406,436.6666564941406,439.0
2023-09-21,439.0,443.3333435058594,433.3333435058594,439.0
2023-09-22,435.0,444.0,432.3333435058594,442.0
2023-09-25,448.0,448.0,435.0,436.0
2023-09-26,435.0,437.6666564941406,426.6666564941406,430.0
2023-09-27,430.0,446.0,428.3333435058594,444.3333435058594
2023-09-28,448.3333435058594,448.3333435058594,415.3333435058594,438.6666564941406
2023-09-29,436.3333435058594,456.0,432.6666564941406,450.0
2023-10-02,441.6666564941406,458.3333435058594,441.6666564941406,448.0
2023-10-03,446.6666564941406,447.3333435058594,436.6666564941406,436.6666564941406
2023-10-04,432.6666564941406,435.0,423.3333435058594,426.6666564941406
2023-10-05,427.6666564941406,440.6666564941406,427.6666564941406,437.0
2023-10-06,437.6666564941406,438.0,430.3333435058594,433.6666564941406
2023-10-10,436.0,443.3333435058594,435.3333435058594,441.6666564941406
2023-10-11,440.6666564941406,441.3333435058594,436.3333435058594,440.6666564941406
2023-10-12,441.3333435058594,442.6666564941406,428.6666564941406,436.3333435058594
2023-10-13,435.0,435.3333435058594,431.3333435058594,435.0
2023-10-16,432.0,435.3333435058594,422.6666564941406,433.3333435058594
2023-10-17,433.3333435058594,433.3333435058594,421.6666564941406,429.6666564941406
2023-10-18,432.0,453.0,429.6666564941406,447.6666564941406
2023-10-19,445.3333435058594,448.3333435058594,435.6666564941406,439.3333435058594
2023-10-20,440.0,440.3333435058594,435.0,436.3333435058594
2023-10-23,436.3333435058594,441.3333435058594,434.6666564941406,434.6666564941406
2023-10-24,435.0,439.3333435058594,426.6666564941406,438.6666564941406
2023-10-25,442.0,444.0,437.0,437.0
2023-10-26,437.0,448.0,437.0,446.0
2023-10-27,446.0,452.0,445.0,447.6666564941406
2023-10-30,441.0,442.6666564941406,437.6666564941406,438.3333435058594
2023-10-31,438.0,443.0,436.6666564941406,440.6666564941406
2023-11-01,440.6666564941406,444.0,440.6666564941406,441.3333435058594
2023-11-02,442.3333435058594,459.6666564941406,442.3333435058594,455.6666564941406
2023-11-06,460.3333435058594,498.6666564941406,460.3333435058594,471.6666564941406
2023-11-07,471.6666564941406,477.0,457.6666564941406,465.3333435058594
2023-11-08,465.6666564941406,467.3333435058594,446.6666564941406,449.6666564941406
2023-11-09,443.0,445.6666564941406,427.3333435058594,442.3333435058594
2023-11-10,440.0,451.6666564941406,440.0,447.0
2023-11-13,456.0,459.0,448.6666564941406,459.0
2023-11-14,463.6666564941406,463.6666564941406,453.6666564941406,457.6666564941406
2023-11-15,458.0,461.0,450.0,456.0
2023-11-16,450.6666564941406,454.0,446.6666564941406,452.6666564941406
2023-11-17,452.6666564941406,452.6666564941406,440.3333435058594,449.0
2023-11-20,439.0,442.6666564941406,430.6666564941406,436.3333435058594
2023-11-21,440.6666564941406,443.3333435058594,435.0,441.6666564941406
2023-11-22,435.6666564941406,437.3333435058594,429.0,433.0
2023-11-24,434.3333435058594,434.3333435058594,421.6666564941406,427.0
2023-11-27,432.0,438.0,430.0,433.0
2023-11-28,435.3333435058594,435.6666564941406,430.3333435058594,431.0
2023-11-29,431.6666564941406,433.0,427.3333435058594,433.0
2023-11-30,433.6666564941406,433.6666564941406,431.0,433.3333435058594
2023-12-01,433.3333435058594,436.3333435058594,429.3333435058594,432.6666564941406
2023-12-04,436.6666564941406,446.3333435058594,436.6666564941406,445.6666564941406
2023-12-05,446.6666564941406,464.0,446.6666564941406,463.6666564941406
2023-12-06,463.6666564941406,468.3333435058594,461.3333435058594,463.6666564941406
2023-12-07,463.6666564941406,468.0,455.6666564941406,468.0
2023-12-08,462.6666564941406,462.6666564941406,437.0,441.3333435058594
2023-12-11,441.3333435058594,448.0,432.3333435058594,432.6666564941406
2023-12-12,434.0,443.6666564941406,431.6666564941406,439.6666564941406
2023-12-13,441.3333435058594,450.0,441.3333435058594,447.3333435058594
2023-12-14,448.3333435058594,448.3333435058594,431.3333435058594,437.3333435058594
2023-12-15,438.6666564941406,444.0,433.3333435058594,444.0
2023-12-18,444.0,444.3333435058594,435.6666564941406,444.3333435058594
2023-12-19,447.6666564941406,459.3333435058594,447.6666564941406,456.6666564941406
2023-12-20,462.6666564941406,480.6666564941406,461.0,480.3333435058594
2023-12-21,478.3333435058594,491.6666564941406,474.6666564941406,489.6666564941406
2023-12-22,489.6666564941406,506.0,486.0,491.0
2023-12-25,499.3333435058594,501.0,460.3333435058594,467.6666564941406
2023-12-26,467.6666564941406,470.3333435058594,463.0,463.0
2023-12-27,467.6666564941406,468.3333435058594,459.3333435058594,460.0
2023-12-28,460.0,468.3333435058594,460.0,466.6666564941406
2023-12-29,466.6666564941406,472.6666564941406,461.3333435058594,467.0
2024-01-04,467.0,483.3333435058594,466.3333435058594,482.0
2024-01-05,487.3333435058594,495.6666564941406,485.6666564941406,495.6666564941406
2024-01-09,496.3333435058594,504.3333435058594,493.6666564941406,498.0
2024-01-10,498.0,520.0,498.0,507.3333435058594
2024-01-11,512.0,517.3333129882812,504.6666564941406,511.0
2024-01-12,504.6666564941406,517.6666870117188,504.0,516.6666870117188
2024-01-15,516.6666870117188,523.3333129882812,516.0,517.0
2024-01-16,516.6666870117188,516.6666870117188,504.3333435058594,505.3333435058594
2024-01-17,500.3333435058594,505.3333435058594,491.3333435058594,492.6666564941406
2024-01-18,492.6666564941406,504.6666564941406,492.6666564941406,504.6666564941406
2024-01-19,505.0,505.0,495.6666564941406,499.6666564941406
2024-01-22,499.3333435058594,503.3333435058594,496.6666564941406,496.6666564941406
2024-01-23,496.6666564941406,497.0,486.0,488.6666564941406
2024-01-24,492.3333435058594,492.3333435058594,480.3333435058594,483.3333435058594
2024-01-25,480.3333435058594,490.0,480.3333435058594,486.6666564941406
2024-01-26,489.0,489.0,483.6666564941406,487.6666564941406
2024-01-29,486.3333435058594,491.6666564941406,486.3333435058594,491.6666564941406
2024-01-30,500.0,518.6666870117188,493.3333435058594,518.6666870117188
2024-01-31,514.3333129882812,527.6666870117188,513.3333129882812,525.0
2024-02-01,525.0,560.3333129882812,525.0,559.0
2024-02-02,550.0,550.3333129882812,524.6666870117188,525.6666870117188
2024-02-05,536.3333129882812,554.3333129882812,530.0,544.3333129882812
2024-02-06,537.3333129882812,543.3333129882812,531.6666870117188,541.3333129882812
2024-02-07,552.0,630.6666870117188,540.6666870117188,583.3333129882812
2024-02-08,585.0,592.6666870117188,568.3333129882812,592.6666870117188
2024-02-09,592.6666870117188,605.6666870117188,579.3333129882812,594.6666870117188
2024-02-13,594.6666870117188,600.0,573.3333129882812,574.6666870117188
2024-02-14,573.3333129882812,583.0,560.0,564.6666870117188
2024-02-15,560.0,570.3333129882812,550.0,567.0
2024-02-16,567.0,596.6666870117188,566.6666870117188,592.3333129882812
2024-02-19,596.3333129882812,614.6666870117188,589.3333129882812,614.6666870117188
2024-02-20,640.0,649.0,616.0,629.3333129882812
2024-02-21,626.0,641.0,620.6666870117188,639.0
2024-02-22,644.3333129882812,656.0,634.0,638.3333129882812
2024-02-26,641.6666870117188,662.3333129882812,641.6666870117188,657.6666870117188
2024-02-27,654.0,661.0,645.6666870117188,645.6666870117188
2024-02-28,659.0,674.3333129882812,645.6666870117188,660.0
2024-02-29,659.3333129882812,682.0,659.3333129882812,681.6666870117188
2024-03-01,674.6666870117188,674.6666870117188,647.6666870117188,648.6666870117188
2024-03-04,648.6666870117188,656.6666870117188,631.0,631.0
2024-03-05,629.3333129882812,645.0,622.3333129882812,645.0
2024-03-06,645.0,649.0,638.3333129882812,640.0
2024-03-07,640.0,641.6666870117188,618.3333129882812,618.3333129882812
2024-03-08,618.3333129882812,646.3333129882812,618.3333129882812,631.6666870117188
2024-03-11,632.3333129882812,638.0,621.0,624.0
2024-03-12,617.6666870117188,640.0,607.0,635.0
2024-03-13,649.6666870117188,653.3333129882812,634.3333129882812,645.3333129882812
2024-03-14,649.6666870117188,664.6666870117188,644.0,662.3333129882812
2024-03-15,662.3333129882812,673.3333129882812,657.6666870117188,663.3333129882812
2024-03-18,666.0,668.3333129882812,655.0,661.3333129882812
2024-03-19,669.3333129882812,675.0,658.3333129882812,675.0
2024-03-21,680.0,692.6666870117188,667.0,684.0
2024-03-22,690.0,700.0,684.0,691.6666870117188
2024-03-25,691.6666870117188,691.6666870117188,681.3333129882812,683.0
2024-03-26,678.6666870117188,710.0,674.0,709.6666870117188
2024-03-27,702.6666870117188,716.3333129882812,698.0,711.3333129882812
2024-03-28,687.6666870117188,697.3333129882812,683.6666870117188,687.3333129882812
2024-03-29,685.6666870117188,689.0,660.3333129882812,675.3333129882812
2024-04-01,678.0,678.0,637.3333129882812,646.0
2024-04-02,643.0,643.3333129882812,611.0,614.3333129882812
2024-04-03,603.0,620.0,600.3333129882812,602.3333129882812
2024-04-04,611.6666870117188,616.6666870117188,593.3333129882812,597.6666870117188
2024-04-05,586.0,596.0,578.0,596.0
2024-04-08,596.0,609.3333129882812,588.6666870117188,594.3333129882812
2024-04-09,600.0,612.0,593.3333129882812,608.0
2024-04-10,612.0,629.0,606.6666870117188,628.6666870117188
2024-04-11,628.3333129882812,647.0,616.6666870117188,643.0
2024-04-12,649.3333129882812,649.3333129882812,629.3333129882812,633.3333129882812
2024-04-15,623.3333129882812,639.3333129882812,620.0,630.3333129882812
2024-04-16,621.3333129882812,624.0,588.3333129882812,593.6666870117188
2024-04-17,591.0,606.3333129882812,588.3333129882812,593.3333129882812
2024-04-18,586.0,597.0,585.3333129882812,590.0
2024-04-19,587.0,590.6666870117188,562.0,568.0
2024-04-22,574.0,583.3333129882812,564.6666870117188,568.6666870117188
2024-04-23,582.0,592.0,576.0,586.3333129882812
2024-04-24,590.0,614.3333129882812,585.0,614.3333129882812
2024-04-25,611.0,625.6666870117188,598.3333129882812,612.0
2024-04-26,612.3333129882812,627.6666870117188,610.6666870117188,622.6666870117188
2024-04-30,616.6666870117188,640.3333129882812,614.3333129882812,640.0
2024-05-01,640.0,640.0,598.3333129882812,601.6666870117188
2024-05-02,600.0,614.0,593.3333129882812,599.3333129882812
2024-05-07,597.6666870117188,603.6666870117188,588.6666870117188,591.0
2024-05-08,590.3333129882812,597.0,585.6666870117188,595.0
2024-05-09,598.6666870117188,626.3333129882812,593.6666870117188,624.3333129882812
2024-05-10,626.0,645.3333129882812,618.3333129882812,639.3333129882812
2024-05-13,642.3333129882812,642.3333129882812,614.3333129882812,632.3333129882812
2024-05-14,632.6666870117188,632.6666870117188,510.0,541.3333129882812
2024-05-15,549.0,583.3333129882812,544.0,573.3333129882812
2024-05-16,572.0,581.3333129882812,558.6666870117188,576.0
2024-05-17,575.6666870117188,589.3333129882812,575.3333129882812,582.3333129882812
2024-05-20,580.6666870117188,589.6666870117188,578.0,580.6666870117188
2024-05-21,574.3333129882812,603.3333129882812,574.0,599.0
2024-05-22,588.3333129882812,596.3333129882812,573.3333129882812,573.3333129882812
2024-05-23,576.6666870117188,589.6666870117188,576.6666870117188,586.6666870117188
2024-05-24,580.6666870117188,588.3333129882812,574.0,586.3333129882812
2024-05-27,583.0,591.3333129882812,580.0,582.0
2024-05-28,579.6666870117188,591.6666870117188,578.3333129882812,582.3333129882812
2024-05-29,583.3333129882812,596.6666870117188,580.6666870117188,590.6666870117188
2024-05-30,582.0,599.3333129882812,582.0,583.6666870117188
2024-05-31,580.3333129882812,611.6666870117188,580.3333129882812,606.6666870117188
2024-06-03,608.6666870117188,608.6666870117188,591.6666870117188,600.3333129882812
2024-06-04,600.3333129882812,606.6666870117188,596.6666870117188,596.6666870117188
2024-06-05,598.0,600.0,586.6666870117188,587.6666870117188
2024-06-06,587.6666870117188,606.6666870117188,587.6666870117188,601.0
2024-06-07,599.0,611.0,597.0,604.6666870117188
2024-06-10,604.6666870117188,611.3333129882812,597.3333129882812,605.3333129882812
2024-06-11,607.3333129882812,618.0,607.3333129882812,610.0
2024-06-12,615.6666870117188,625.3333129882812,608.6666870117188,610.6666870117188
2024-06-13,616.6666870117188,625.6666870117188,615.6666870117188,616.0
2024-06-14,622.0,626.6666870117188,608.0,609.3333129882812
2024-06-17,606.6666870117188,606.6666870117188,586.0,587.6666870117188
2024-06-18,589.3333129882812,607.6666870117188,583.6666870117188,584.0
2024-06-19,587.6666870117188,593.3333129882812,584.3333129882812,585.0
2024-06-20,588.6666870117188,591.3333129882812,569.6666870117188,588.0
2024-06-21,582.3333129882812,584.6666870117188,564.0,575.0
2024-06-24,573.3333129882812,575.0,564.3333129882812,568.0
2024-06-25,568.0,568.0,556.3333129882812,566.3333129882812
2024-06-26,559.6666870117188,573.6666870117188,557.3333129882812,562.0
2024-06-27,570.0,575.3333129882812,568.0,574.6666870117188
2024-06-28,580.0,580.0,565.6666870117188,565.6666870117188
2024-07-01,567.3333129882812,568.3333129882812,559.6666870117188,563.6666870117188
2024-07-02,568.3333129882812,569.3333129882812,560.0,566.6666870117188
2024-07-03,569.3333129882812,569.3333129882812,560.0,566.6666870117188
2024-07-04,566.6666870117188,575.3333129882812,565.6666870117188,575.3333129882812
2024-07-05,575.3333129882812,580.6666870117188,571.6666870117188,579.6666870117188
2024-07-08,583.0,584.6666870117188,572.3333129882812,575.0
2024-07-09,577.6666870117188,581.3333129882812,568.6666870117188,574.3333129882812
2024-07-10,574.0,574.0,561.3333129882812,563.6666870117188
2024-07-11,564.0,571.0,563.3333129882812,568.0
2024-07-12,568.3333129882812,572.0,565.6666870117188,568.3333129882812
2024-07-16,574.3333129882812,593.0,572.3333129882812,592.3333129882812
2024-07-17,585.0,599.0,581.6666870117188,597.0
2024-07-18,594.3333129882812,594.3333129882812,583.3333129882812,583.3333129882812
2024-07-19,600.6666870117188,603.3333129882812,587.3333129882812,603.0
2024-07-22,603.3333129882812,603.3333129882812,579.6666870117188,595.6666870117188
2024-07-23,602.3333129882812,609.3333129882812,592.3333129882812,595.6666870117188
2024-07-24,600.0,604.3333129882812,592.6666870117188,594.3333129882812
2024-07-25,582.3333129882812,593.3333129882812,573.6666870117188,585.3333129882812
2024-07-26,580.6666870117188,580.6666870117188,560.0,560.0
2024-07-29,563.6666870117188,570.0,558.6666870117188,560.6666870117188
2024-07-30,560.0,563.0,543.6666870117188,549.6666870117188
2024-07-31,543.6666870117188,563.6666870117188,543.6666870117188,557.3333129882812
2024-08-01,557.0,557.0,530.3333129882812,541.3333129882812
2024-08-02,519.3333129882812,519.3333129882812,485.6666564941406,486.0
2024-08-05,458.3333435058594,468.6666564941406,386.0,386.6666564941406
2024-08-06,436.6666564941406,450.0,418.0,423.3333435058594
2024-08-07,426.3333435058594,475.0,423.3333435058594,447.6666564941406
2024-08-08,440.0,450.0,411.3333435058594,435.0
2024-08-09,451.0,452.0,435.0,445.0
2024-08-13,453.3333435058594,463.3333435058594,444.3333435058594,458.3333435058594
2024-08-14,466.3333435058594,467.0,445.0,456.6666564941406
2024-08-15,456.6666564941406,466.6666564941406,451.6666564941406,454.6666564941406
2024-08-16,468.0,493.3333435058594,464.6666564941406,493.3333435058594
2024-08-19,488.3333435058594,488.3333435058594,472.6666564941406,474.0
2024-08-20,479.0,485.6666564941406,476.3333435058594,484.6666564941406
2024-08-21,481.6666564941406,481.6666564941406,473.3333435058594,473.6666564941406
2024-08-22,479.0,479.0,459.3333435058594,463.6666564941406
2024-08-23,465.3333435058594,471.6666564941406,463.6666564941406,467.3333435058594
2024-08-26,477.0,491.0,477.0,483.0
2024-08-27,490.6666564941406,490.6666564941406,479.6666564941406,481.6666564941406
2024-08-28,481.6666564941406,483.3333435058594,473.3333435058594,481.3333435058594
2024-08-29,477.0,481.6666564941406,471.6666564941406,481.6666564941406
2024-08-30,481.6666564941406,491.6666564941406,478.3333435058594,486.0
2024-09-02,496.0,497.6666564941406,488.3333435058594,497.6666564941406
2024-09-03,497.6666564941406,506.3333435058594,496.3333435058594,506.3333435058594
2024-09-04,488.3333435058594,492.6666564941406,483.6666564941406,484.0
2024-09-05,478.3333435058594,490.6666564941406,477.6666564941406,480.6666564941406
2024-09-06,478.0,481.6666564941406,472.6666564941406,472.6666564941406
2024-09-09,460.0,473.0,458.3333435058594,468.0
2024-09-10,473.0,477.3333435058594,470.3333435058594,471.0
2024-09-11,471.6666564941406,471.6666564941406,456.6666564941406,462.6666564941406
2024-09-12,466.0,479.3333435058594,466.0,475.0
2024-09-13,475.0,475.0,466.6666564941406,467.0
2024-09-17,469.0,469.0,457.3333435058594,465.0
2024-09-18,468.3333435058594,469.3333435058594,464.6666564941406,467.6666564941406
2024-09-19,477.6666564941406,490.0,474.0,483.0
2024-09-20,489.3333435058594,495.3333435058594,488.3333435058594,488.3333435058594
2024-09-24,494.0,497.0,486.0,487.3333435058594
2024-09-25,492.0,500.0,490.6666564941406,496.3333435058594
2024-09-26,499.6666564941406,515.0,497.0,513.3333129882812
2024-09-27,506.6666564941406,638.0,500.3333435058594,638.0
2024-09-30,666.6666870117188,702.0,666.6666870117188,689.0
2024-10-01,689.3333129882812,706.0,685.0,706.0
2024-10-02,703.0,706.3333129882812,686.6666870117188,693.6666870117188
2024-10-03,698.3333129882812,698.3333129882812,679.0,682.0
2024-10-04,698.6666870117188,744.0,695.6666870117188,713.3333129882812
2024-10-07,716.3333129882812,764.3333129882812,707.6666870117188,756.0
2024-10-08,741.3333129882812,755.0,738.6666870117188,752.0
2024-10-09,751.0,761.0,734.3333129882812,749.6666870117188
2024-10-10,754.0,781.0,752.0,773.3333129882812
2024-10-11,773.0,783.3333129882812,763.6666870117188,769.3333129882812
2024-10-15,766.6666870117188,776.6666870117188,750.0,755.0
2024-10-16,741.0,773.3333129882812,740.6666870117188,768.3333129882812
2024-10-17,768.0,768.3333129882812,756.6666870117188,760.0
2024-10-18,759.0,776.6666870117188,757.3333129882812,766.6666870117188
2024-10-21,766.3333129882812,767.6666870117188,758.0,762.0
2024-10-22,764.0,764.0,748.6666870117188,755.0
2024-10-23,746.6666870117188,759.3333129882812,745.0,751.3333129882812
2024-10-24,741.6666870117188,751.0,735.3333129882812,751.0
2024-10-25,744.3333129882812,755.6666870117188,735.3333129882812,740.0
2024-10-28,730.0,754.3333129882812,726.6666870117188,754.3333129882812
2024-10-29,750.6666870117188,776.3333129882812,750.6666870117188,766.6666870117188
2024-10-30,767.0,783.3333129882812,755.0,765.6666870117188
2024-10-31,763.6666870117188,766.6666870117188,755.6666870117188,763.3333129882812
2024-11-01,756.6666870117188,776.6666870117188,755.3333129882812,761.6666870117188
2024-11-05,766.6666870117188,796.6666870117188,760.0,777.6666870117188
2024-11-06,778.6666870117188,812.3333129882812,778.6666870117188,803.3333129882812
2024-11-07,808.3333129882812,813.3333129882812,766.3333129882812,766.3333129882812
2024-11-08,766.6666870117188,779.6666870117188,760.6666870117188,779.3333129882812
2024-11-11,781.6666870117188,803.6666870117188,778.3333129882812,794.3333129882812
2024-11-12,798.6666870117188,802.6666870117188,761.3333129882812,795.0
2024-11-13,793.3333129882812,793.3333129882812,771.3333129882812,786.0
2024-11-14,792.0,792.0,772.0,774.3333129882812
2024-11-15,774.3333129882812,776.6666870117188,765.3333129882812,766.6666870117188
2024-11-18,759.6666870117188,775.3333129882812,758.6666870117188,768.0
2024-11-19,769.0,771.6666870117188,753.6666870117188,769.0
2024-11-20,761.3333129882812,771.6666870117188,759.6666870117188,770.0
2024-11-21,767.6666870117188,773.0,767.6666870117188,773.0
2024-11-22,772.6666870117188,786.3333129882812,763.6666870117188,785.6666870117188
2024-11-25,792.0,806.0,792.0,798.6666870117188
2024-11-26,806.6666870117188,810.0,773.3333129882812,790.3333129882812
2024-11-27,789.6666870117188,789.6666870117188,756.3333129882812,779.6666870117188
2024-11-28,782.3333129882812,805.6666870117188,781.3333129882812,800.0
2024-11-29,800.0,806.3333129882812,791.3333129882812,800.0
2024-12-02,800.3333129882812,819.6666870117188,795.3333129882812,810.3333129882812
2024-12-03,813.3333129882812,825.0,810.3333129882812,818.6666870117188
2024-12-04,818.3333129882812,818.3333129882812,787.3333129882812,801.6666870117188
2024-12-05,813.3333129882812,825.0,798.6666870117188,818.6666870117188
2024-12-06,820.0,825.0,807.3333129882812,825.0
2024-12-09,826.6666870117188,826.6666870117188,805.0,810.0
2024-12-10,817.6666870117188,822.6666870117188,797.3333129882812,800.6666870117188
2024-12-11,798.0,857.0,783.3333129882812,851.6666870117188
2024-12-12,854.6666870117188,860.0,840.0,846.6666870117188
2024-12-13,839.0,851.6666870117188,835.0,846.6666870117188
2024-12-16,841.0,846.3333129882812,829.0,836.3333129882812
2024-12-17,827.3333129882812,837.3333129882812,818.3333129882812,823.6666870117188
2024-12-18,829.0,830.3333129882812,818.6666870117188,820.3333129882812
2024-12-19,816.6666870117188,864.3333129882812,813.3333129882812,862.0
2024-12-20,873.6666870117188,886.3333129882812,863.0,871.6666870117188
2024-12-23,887.3333129882812,899.6666870117188,876.0,893.0
2024-12-24,905.0,916.3333129882812,883.3333129882812,888.6666870117188
2024-12-25,899.6666870117188,906.0,879.3333129882812,903.3333129882812
2024-12-26,902.6666870117188,906.6666870117188,894.0,898.0
2024-12-27,904.6666870117188,913.3333129882812,886.6666870117188,903.3333129882812
2024-12-30,903.0,926.3333129882812,889.6666870117188,926.3333129882812
2025-01-06,923.3333129882812,923.3333129882812,896.6666870117188,900.0
2025-01-07,900.0,902.3333129882812,886.6666870117188,894.3333129882812
2025-01-08,885.0,898.0,881.0,892.0
2025-01-09,892.0,898.3333129882812,879.3333129882812,893.3333129882812
2025-01-10,884.0,904.6666870117188,880.3333129882812,904.6666870117188
2025-01-14,899.3333129882812,899.6666870117188,836.6666870117188,847.0
2025-01-15,857.3333129882812,861.0,823.6666870117188,846.3333129882812
2025-01-16,858.0,859.6666870117188,828.6666870117188,832.0
2025-01-17,823.3333129882812,843.3333129882812,810.0,843.3333129882812
2025-01-20,843.6666870117188,849.6666870117188,818.3333129882812,818.3333129882812
2025-01-21,825.6666870117188,845.3333129882812,821.6666870117188,837.0
2025-01-22,837.3333129882812,847.0,829.3333129882812,847.0
2025-01-23,859.0,859.0,845.6666870117188,851.6666870117188
2025-01-24,851.6666870117188,851.6666870117188,821.0,825.3333129882812
2025-01-27,825.6666870117188,829.3333129882812,814.3333129882812,820.3333129882812
2025-01-28,810.6666870117188,816.3333129882812,789.3333129882812,814.3333129882812
2025-01-29,830.3333129882812,833.0,818.0,831.6666870117188
2025-01-30,835.6666870117188,851.3333129882812,831.3333129882812,847.0
2025-01-31,850.6666870117188,860.6666870117188,838.0,858.6666870117188
2025-02-03,856.6666870117188,858.3333129882812,844.6666870117188,849.0
2025-02-04,857.3333129882812,857.3333129882812,818.0,820.6666870117188
2025-02-05,847.0,976.3333129882812,829.0,966.6666870117188
2025-02-06,983.3333129882812,1081.6666259765625,970.3333129882812,1050.0
2025-02-07,1051.6666259765625,1080.0,1023.3333129882812,1055.0
2025-02-10,1036.6666259765625,1095.0,1031.6666259765625,1075.0
2025-02-12,1060.0,1113.3333740234375,1048.3333740234375,1106.6666259765625
2025-02-13,1090.0,1133.3333740234375,1081.6666259765625,1121.6666259765625
2025-02-14,1140.0,1153.3333740234375,1101.6666259765625,1110.0
2025-02-17,1108.3333740234375,1160.0,1108.3333740234375,1126.6666259765625
2025-02-18,1126.6666259765625,1148.3333740234375,1111.6666259765625,1113.3333740234375
2025-02-19,1111.6666259765625,1125.0,1098.3333740234375,1108.3333740234375
2025-02-20,1100.0,1118.3333740234375,1098.3333740234375,1105.0
2025-02-21,1101.6666259765625,1113.3333740234375,1063.3333740234375,1073.3333740234375
2025-02-25,1061.6666259765625,1066.6666259765625,1041.6666259765625,1043.3333740234375
2025-02-26,1026.6666259765625,1046.6666259765625,1018.3333129882812,1033.3333740234375
2025-02-27,1046.6666259765625,1060.0,1040.0,1060.0
2025-02-28,1036.6666259765625,1045.0,1001.6666870117188,1016.6666870117188
2025-03-03,1025.0,1030.0,1003.3333129882812,1011.6666870117188
2025-03-04,998.3333129882812,1006.6666870117188,984.0,995.0
2025-03-05,996.3333129882812,1001.6666870117188,970.3333129882812,972.6666870117188
2025-03-06,975.0,1000.0,973.0,975.6666870117188
2025-03-07,963.0,963.0,941.6666870117188,943.3333129882812
2025-03-10,960.0,963.3333129882812,915.0,944.6666870117188
2025-03-11,928.0,928.0,886.6666870117188,920.3333129882812
2025-03-12,919.3333129882812,929.6666870117188,912.6666870117188,925.0
2025-03-13,941.6666870117188,958.0,925.6666870117188,930.6666870117188
2025-03-14,926.0,940.3333129882812,926.0,940.3333129882812
2025-03-17,947.0,964.0,941.6666870117188,961.3333129882812
2025-03-18,976.6666870117188,976.6666870117188,946.3333129882812,951.6666870117188
2025-03-19,957.6666870117188,965.3333129882812,950.6666870117188,960.3333129882812
2025-03-21,966.6666870117188,993.0,959.0,960.6666870117188
2025-03-24,966.6666870117188,966.6666870117188,945.0,951.0
2025-03-25,960.6666870117188,969.6666870117188,948.0,949.6666870117188
2025-03-26,948.6666870117188,948.6666870117188,931.0,939.0
2025-03-27,933.0,936.6666870117188,914.3333129882812,924.6666870117188
2025-03-28,906.6666870117188,919.0,900.6666870117188,914.3333129882812
2025-03-31,888.6666870117188,890.0,858.3333129882812,874.6666870117188
2025-04-01,886.0,888.0,859.6666870117188,867.3333129882812
2025-04-02,867.3333129882812,879.0,843.0,872.6666870117188
2025-04-03,823.0,858.0,823.0,839.0
2025-04-04,809.3333129882812,826.3333129882812,765.6666870117188,799.6666870117188
2025-04-07,683.0,728.3333129882812,666.6666870117188,692.6666870117188
2025-04-08,750.6666870117188,793.0,750.6666870117188,792.0
2025-04-09,761.3333129882812,768.3333129882812,738.6666870117188,757.6666870117188
2025-04-10,874.3333129882812,874.3333129882812,823.3333129882812,844.3333129882812
2025-04-11,811.6666870117188,827.6666870117188,797.3333129882812,827.6666870117188
2025-04-14,834.3333129882812,841.3333129882812,823.3333129882812,823.6666870117188
2025-04-15,836.6666870117188,839.6666870117188,826.0,830.3333129882812
2025-04-16,834.6666870117188,843.3333129882812,819.0,826.0
2025-04-17,833.0,841.6666870117188,818.0,841.6666870117188
2025-04-18,851.3333129882812,875.3333129882812,848.3333129882812,875.0
2025-04-21,874.3333129882812,874.3333129882812,847.3333129882812,857.6666870117188
2025-04-22,871.3333129882812,871.3333129882812,854.3333129882812,862.3333129882812
2025-04-23,888.3333129882812,895.0,872.3333129882812,893.0
2025-04-24,923.3333129882812,931.0,908.3333129882812,908.3333129882812
2025-04-25,921.6666870117188,935.0,907.0,912.6666870117188
2025-04-28,919.6666870117188,942.3333129882812,919.6666870117188,931.0
2025-04-30,947.6666870117188,953.3333129882812,934.6666870117188,953.3333129882812
2025-05-01,947.6666870117188,957.6666870117188,919.6666870117188,931.6666870117188
2025-05-02,933.3333129882812,973.0,930.0,958.3333129882812
2025-05-07,969.6666870117188,970.0,926.6666870117188,946.6666870117188
2025-05-08,946.0,959.3333129882812,940.0,948.0
2025-05-09,944.6666870117188,977.0,941.0,970.3333129882812
2025-05-12,979.3333129882812,1006.6666870117188,946.6666870117188,956.6666870117188
2025-05-13,965.6666870117188,1008.3333129882812,935.3333129882812,985.3333129882812
2025-05-14,988.3333129882812,1050.0,988.3333129882812,1046.6666259765625
2025-05-15,1026.6666259765625,1086.6666259765625,1015.0,1065.0
2025-05-16,1068.3333740234375,1101.6666259765625,1050.0,1100.0
2025-05-19,1101.6666259765625,1131.6666259765625,1091.6666259765625,1101.6666259765625
2025-05-20,1100.0,1155.0,1093.3333740234375,1136.6666259765625
2025-05-21,1136.6666259765625,1136.6666259765625,1108.3333740234375,1118.3333740234375
2025-05-22,1118.3333740234375,1146.6666259765625,1100.0,1138.3333740234375
2025-05-23,1141.6666259765625,1155.0,1121.6666259765625,1148.3333740234375
2025-05-26,1146.6666259765625,1161.6666259765625,1115.0,1116.6666259765625
2025-05-27,1116.6666259765625,1140.0,1116.6666259765625,1125.0
2025-05-28,1121.6666259765625,1130.0,1098.3333740234375,1098.3333740234375
2025-05-29,1095.0,1115.0,1093.3333740234375,1103.3333740234375
2025-05-30,1086.6666259765625,1116.6666259765625,1083.3333740234375,1100.0
2025-06-02,1088.3333740234375,1111.6666259765625,1083.3333740234375,1095.0
2025-06-03,1088.3333740234375,1111.6666259765625,1068.3333740234375,1103.3333740234375
2025-06-04,1105.0,1123.3333740234375,1080.0,1093.3333740234375
2025-06-05,1095.0,1128.3333740234375,1095.0,1105.0
2025-06-06,1105.0,1113.3333740234375,1080.0,1088.3333740234375
2025-06-09,1103.3333740234375,1128.3333740234375,1100.0,1116.6666259765625
2025-06-10,1116.6666259765625,1141.6666259765625,1103.3333740234375,1106.6666259765625
2025-06-11,1110.0,1128.3333740234375,1100.0,1113.3333740234375
2025-06-12,1108.3333740234375,1155.0,1108.3333740234375,1145.0
2025-06-13,1151.6666259765625,1171.6666259765625,1110.0,1156.6666259765625
2025-06-16,1165.0,1208.3333740234375,1165.0,1201.6666259765625
2025-06-17,1201.6666259765625,1248.3333740234375,1195.0,1231.6666259765625
2025-06-18,1228.3333740234375,1256.6666259765625,1203.3333740234375,1221.6666259765625
2025-06-19,1221.6666259765625,1246.6666259765625,1215.0,1246.6666259765625
2025-06-20,1248.3333740234375,1256.6666259765625,1210.0,1216.6666259765625
2025-06-23,1216.6666259765625,1246.6666259765625,1208.3333740234375,1233.3333740234375
2025-06-24,1238.3333740234375,1246.6666259765625,1201.6666259765625,1210.0
2025-06-25,1233.3333740234375,1233.3333740234375,1175.0,1216.6666259765625
2025-06-26,1220.0,1233.3333740234375,1200.0,1230.0
2025-06-27,1238.3333740234375,1245.0,1226.6666259765625,1240.0
2025-06-30,1235.0,1255.0,1216.6666259765625,1218.3333740234375
2025-07-01,1220.0,1288.3333740234375,1220.0,1266.6666259765625
2025-07-02,1266.6666259765625,1295.0,1248.3333740234375,1273.3333740234375
2025-07-03,1273.3333740234375,1290.0,1211.6666259765625,1213.3333740234375
2025-07-04,1215.0,1226.6666259765625,1188.3333740234375,1195.0
2025-07-07,1195.0,1205.0,1183.3333740234375,1203.3333740234375
2025-07-08,1196.6666259765625,1233.3333740234375,1185.0,1206.6666259765625
2025-07-09,1203.3333740234375,1216.6666259765625,1196.6666259765625,1213.3333740234375
2025-07-10,1211.6666259765625,1228.3333740234375,1200.0,1223.3333740234375
2025-07-11,1226.6666259765625,1240.0,1176.6666259765625,1176.6666259765625
2025-07-14,1188.3333740234375,1200.0,1170.0,1186.6666259765625
2025-07-15,1178.3333740234375,1196.6666259765625,1165.0,1180.0
2025-07-16,1180.0,1210.0,1161.6666259765625,1206.6666259765625
2025-07-17,1210.0,1245.0,1195.0,1223.3333740234375
2025-07-18,1240.0,1306.6666259765625,1240.0,1280.0
2025-07-22,1303.3333740234375,1323.3333740234375,1280.0,1306.6666259765625
2025-07-23,1306.6666259765625,1315.0,1281.6666259765625,1301.6666259765625
2025-07-24,1316.6666259765625,1345.0,1311.6666259765625,1331.6666259765625
2025-07-25,1331.6666259765625,1351.6666259765625,1320.0,1345.0
2025-07-28,1350.0,1358.3333740234375,1310.0,1320.0
2025-07-29,1313.3333740234375,1333.3333740234375,1313.3333740234375,1318.3333740234375
2025-07-30,1318.3333740234375,1343.3333740234375,1316.6666259765625,1341.6666259765625
2025-07-31,1353.3333740234375,1385.0,1341.6666259765625,1383.3333740234375
2025-08-01,1383.3333740234375,1393.3333740234375,1370.0,1381.6666259765625
2025-08-04,1358.3333740234375,1390.0,1351.6666259765625,1385.0
2025-08-05,1405.0,1418.3333740234375,1391.6666259765625,1401.6666259765625
2025-08-06,1415.0,1463.3333740234375,1411.6666259765625,1463.3333740234375
2025-08-07,1483.3333740234375,1656.6666259765625,1483.3333740234375,1643.3333740234375
2025-08-08,1550.0,1628.3333740234375,1530.0,1583.3333740234375
2025-08-12,1586.6666259765625,1655.0,1583.3333740234375,1631.6666259765625
2025-08-13,1650.0,1683.3333740234375,1636.6666259765625,1658.3333740234375
2025-08-14,1653.3333740234375,1660.0,1616.6666259765625,1641.6666259765625
2025-08-15,1650.0,1670.0,1628.3333740234375,1648.3333740234375
2025-08-18,1635.0,1696.6666259765625,1630.0,1666.6666259765625
2025-08-19,1696.6666259765625,1733.3333740234375,1683.3333740234375,1706.6666259765625
2025-08-20,1673.3333740234375,1703.3333740234375,1625.0,1676.6666259765625
2025-08-21,1670.0,1706.6666259765625,1636.6666259765625,1651.6666259765625
2025-08-22,1651.6666259765625,1663.3333740234375,1625.0,1630.0
2025-08-25,1623.3333740234375,1623.3333740234375,1518.3333740234375,1531.6666259765625
2025-08-26,1550.0,1581.6666259765625,1536.6666259765625,1550.0
2025-08-27,1550.0,1596.6666259765625,1543.3333740234375,1590.0
2025-08-28,1590.0,1626.6666259765625,1581.6666259765625,1626.6666259765625
2025-08-29,1626.6666259765625,1670.0,1618.3333740234375,1658.3333740234375
2025-09-01,1620.0,1645.0,1558.3333740234375,1605.0
2025-09-02,1625.0,1636.6666259765625,1580.0,1590.0
2025-09-03,1588.3333740234375,1600.0,1565.0,1581.6666259765625
2025-09-04,1583.3333740234375,1595.0,1530.0,1551.6666259765625
2025-09-05,1566.6666259765625,1566.6666259765625,1536.6666259765625,1538.3333740234375
2025-09-08,1543.3333740234375,1565.0,1523.3333740234375,1536.6666259765625
2025-09-09,1538.3333740234375,1583.3333740234375,1531.6666259765625,1545.0
2025-09-10,1538.3333740234375,1580.0,1538.3333740234375,1573.3333740234375
2025-09-11,1593.3333740234375,1620.0,1570.0,1585.0
2025-09-12,1596.6666259765625,1603.3333740234375,1560.0,1570.0
2025-09-16,1571.6666259765625,1605.0,1546.6666259765625,1605.0
2025-09-17,1581.6666259765625,1598.3333740234375,1555.0,1591.6666259765625
2025-09-18,1601.6666259765625,1608.3333740234375,1538.3333740234375,1576.6666259765625
2025-09-19,1623.3333740234375,1706.6666259765625,1610.0,1648.3333740234375
2025-09-22,1673.3333740234375,1686.6666259765625,1620.0,1636.6666259765625
2025-09-24,1628.3333740234375,1666.6666259765625,1616.6666259765625,1665.0
2025-09-25,1665.0,1665.0,1623.3333740234375,1623.3333740234375
2025-09-26,1623.3333740234375,1666.6666259765625,1541.6666259765625,1553.3333740234375
2025-09-29,1553.3333740234375,1561.6666259765625,1530.0,1548.3333740234375
2025-09-30,1541.6666259765625,1665.0,1526.6666259765625,1653.3333740234375
2025-10-01,1666.6666259765625,1790.0,1636.6666259765625,1783.3333740234375
2025-10-02,1763.3333740234375,1763.3333740234375,1663.3333740234375,1690.0
2025-10-03,1690.0,1713.3333740234375,1666.6666259765625,1690.0
2025-10-06,1756.6666259765625,1806.6666259765625,1733.3333740234375,1806.6666259765625
2025-10-07,1816.6666259765625,1830.0,1746.6666259765625,1800.0
2025-10-08,1800.0,1870.0,1800.0,1823.3333740234375
2025-10-09,1830.0,1843.3333740234375,1776.6666259765625,1796.6666259765625
2025-10-10,1766.6666259765625,1770.0,1693.3333740234375,1703.3333740234375
2025-10-14,1670.0,1706.6666259765625,1646.6666259765625,1656.6666259765625
2025-10-15,1666.6666259765625,1730.0,1666.6666259765625,1730.0
2025-10-16,1740.0,1760.0,1730.0,1750.0
2025-10-17,1736.6666259765625,1736.6666259765625,1670.0,1670.0
2025-10-20,1700.0,1743.3333740234375,1683.3333740234375,1730.0
2025-10-21,1733.3333740234375,1740.0,1683.3333740234375,1683.3333740234375
2025-10-22,1693.3333740234375,1760.0,1686.6666259765625,1753.3333740234375
2025-10-23,1720.0,1776.6666259765625,1716.6666259765625,1756.6666259765625
2025-10-24,1773.3333740234375,1793.3333740234375,1723.3333740234375,1793.3333740234375
2025-10-27,1816.6666259765625,1883.3333740234375,1803.3333740234375,1883.3333740234375
2025-10-28,1896.6666259765625,1906.6666259765625,1790.0,1793.3333740234375
2025-10-29,1883.3333740234375,1930.0,1863.3333740234375,1916.6666259765625
2025-10-30,1950.0,1976.6666259765625,1906.6666259765625,1956.6666259765625
2025-10-31,1933.3333740234375,1966.6666259765625,1886.6666259765625,1893.3333740234375
2025-11-04,1906.6666259765625,1963.3333740234375,1906.6666259765625,1950.0
2025-11-05,1896.6666259765625,1946.6666259765625,1806.6666259765625,1946.6666259765625
2025-11-06,1950.0,1966.6666259765625,1906.6666259765625,1940.0
2025-11-07,1873.3333740234375,1933.3333740234375,1763.3333740234375,1893.3333740234375
2025-11-10,1873.3333740234375,1916.6666259765625,1830.0,1866.6666259765625
2025-11-11,1866.6666259765625,1896.6666259765625,1803.3333740234375,1803.3333740234375
2025-11-12,1770.0,1816.6666259765625,1726.6666259765625,1810.0
2025-11-13,1816.6666259765625,1923.3333740234375,1810.0,1913.3333740234375
2025-11-14,1863.3333740234375,1896.6666259765625,1836.6666259765625,1863.3333740234375
2025-11-17,1880.0,1920.0,1863.3333740234375,1916.6666259765625
2025-11-18,1883.3333740234375,1916.6666259765625,1820.0,1833.3333740234375
2025-11-19,1806.6666259765625,1880.0,1770.0,1870.0
2025-11-20,1910.0,1920.0,1870.0,1893.3333740234375
2025-11-21,1860.0,1870.0,1796.6666259765625,1813.3333740234375
2025-11-25,1836.6666259765625,1850.0,1793.3333740234375,1813.3333740234375
2025-11-26,1840.0,1913.3333740234375,1826.6666259765625,1903.3333740234375
2025-11-27,1916.6666259765625,1970.0,1890.0,1956.6666259765625
2025-11-28,1976.6666259765625,2000.0,1933.3333740234375,1963.3333740234375
2025-12-01,1986.6666259765625,1986.6666259765625,1880.0,1906.6666259765625
2025-12-02,1910.0,1913.3333740234375,1870.0,1883.3333740234375
2025-12-03,1900.0,1913.3333740234375,1846.6666259765625,1860.0
2025-12-04,1926.6666259765625,1953.3333740234375,1910.0,1933.3333740234375
2025-12-05,1933.3333740234375,2090.0,1933.3333740234375,2090.0
2025-12-08,2086.666748046875,2156.666748046875,2060.0,2093.333251953125
2025-12-09,2126.666748046875,2126.666748046875,2076.666748046875,2090.0
2025-12-10,2093.333251953125,2110.0,2053.333251953125,2076.666748046875
2025-12-11,2110.0,2193.333251953125,2100.0,2136.666748046875
2025-12-12,2143.333251953125,2216.666748046875,2123.333251953125,2213.333251953125
2025-12-15,2193.333251953125,2193.333251953125,2133.333251953125,2183.333251953125
2025-12-16,2166.666748046875,2166.666748046875,2063.333251953125,2070.0
2025-12-17,2076.666748046875,2146.666748046875,2040.0,2093.333251953125
2025-12-18,2060.0,2086.666748046875,2003.3333740234375,2040.0
2025-12-19,2073.333251953125,2136.666748046875,2063.333251953125,2126.666748046875
2025-12-22,2153.333251953125,2160.0,2120.0,2146.666748046875
2025-12-23,2156.666748046875,2156.666748046875,2103.333251953125,2126.666748046875
2025-12-24,2146.666748046875,2186.666748046875,2143.333251953125,2156.666748046875
2025-12-25,2156.666748046875,2180.0,2146.666748046875,2166.666748046875
2025-12-26,2173.333251953125,2210.0,2170.0,2200.0
2025-12-29,2216.666748046875,2246.666748046875,2193.333251953125,2210.0
2025-12-30,2196.666748046875,2273.333251953125,2173.333251953125,2213.333251953125
2026-01-05,2246.666748046875,2330.0,2240.0,2290.0
2026-01-06,2290.0,2410.0,2290.0,2363.333251953125
2026-01-07,2330.0,2360.0,2296.666748046875,2336.666748046875
2026-01-08,2350.0,2440.0,2340.0,2420.0
2026-01-09,2450.0,2460.0,2320.0,2403.333251953125
2026-01-13,2483.333251953125,2576.666748046875,2456.666748046875,2566.666748046875
2026-01-14,2583.333251953125,2623.333251953125,2516.666748046875,2573.333251953125
2026-01-15,2573.333251953125,2640.0,2563.333251953125,2623.333251953125
2026-01-16,2626.666748046875,2686.666748046875,2586.666748046875,2650.0
2026-01-19,2666.666748046875,2803.333251953125,2636.666748046875,2750.0
2026-01-20,2753.333251953125,2796.666748046875,2736.666748046875,2770.0
2026-01-21,2736.666748046875,2816.666748046875,2683.333251953125,2700.0
2026-01-22,2720.0,2806.666748046875,2633.333251953125,2763.333251953125
2026-01-23,2800.0,2850.0,2730.0,2736.666748046875
2026-01-26,2736.666748046875,2800.0,2650.0,2660.0
2026-01-27,2650.0,2650.0,2566.666748046875,2643.333251953125
2026-01-28,2643.333251953125,2653.333251953125,2560.0,2566.666748046875
2026-01-29,2606.666748046875,2713.333251953125,2570.0,2673.333251953125
2026-01-30,2650.0,2670.0,2570.0,2590.0
2026-02-02,2603.333251953125,2653.333251953125,2576.666748046875,2600.0
2026-02-03,2690.0,2786.666748046875,2646.666748046875,2773.333251953125
2026-02-04,2723.333251953125,2756.666748046875,2683.333251953125,2730.0
2026-02-05,2680.0,2703.333251953125,2570.0,2656.666748046875
2026-02-06,2676.666748046875,2943.333251953125,2620.0,2866.666748046875
2026-02-09,2950.0,3100.0,2823.333251953125,2976.666748046875
2026-02-10,3053.333251953125,3113.333251953125,2943.333251953125,2963.333251953125
2026-02-12,2913.333251953125,2996.666748046875,2840.0,2930.0
2026-02-13,2926.666748046875,2973.333251953125,2786.666748046875,2793.333251953125
2026-02-16,2793.333251953125,2793.333251953125,2646.666748046875,2670.0
2026-02-17,2670.0,2700.0,2573.333251953125,2666.666748046875
2026-02-18,2716.666748046875,2800.0,2650.0,2666.666748046875
2026-02-19,2663.333251953125,2680.0,2626.666748046875,2633.333251953125
2026-02-20,2630.0,2670.0,2583.333251953125,2586.666748046875
2026-02-24,2536.666748046875,2536.666748046875,2383.333251953125,2436.666748046875
2026-02-25,2446.666748046875,2460.0,2340.0,2406.666748046875
2026-02-26,2436.666748046875,2550.0,2386.666748046875,2503.333251953125
2026-02-27,2553.333251953125,2676.666748046875,2553.333251953125,2580.0
2026-03-02,2506.666748046875,2543.333251953125,2460.0,2526.666748046875
2026-03-03,2536.666748046875,2550.0,2366.666748046875,2370.0
2026-03-04,2320.0,2336.666748046875,2170.0,2243.333251953125
2026-03-05,2293.333251953125,2346.666748046875,2260.0,2310.0
2026-03-06,2210.0,2240.0,2136.666748046875,2216.666748046875
2026-03-09,2056.666748046875,2100.0,1990.0,2083.333251953125
2026-03-10,2123.333251953125,2213.333251953125,2123.333251953125,2153.333251953125
2026-03-11,2206.666748046875,2223.333251953125,2173.333251953125,2193.333251953125
2026-03-12,2140.0,2190.0,2133.333251953125,2180.0
2026-03-13,2113.333251953125,2220.0,2113.333251953125,2210.0
2026-03-16,2190.0,2223.333251953125,2170.0,2193.333251953125
2026-03-17,2196.666748046875,2233.333251953125,2173.333251953125,2230.0
2026-03-18,2236.666748046875,2300.0,2206.666748046875,2286.666748046875
2026-03-19,2220.0,2236.666748046875,2173.333251953125,2173.333251953125
2026-03-23,2086.666748046875,2090.0,1966.6666259765625,1993.3333740234375
2026-03-24,2093.333251953125,2106.666748046875,2023.3333740234375,2063.333251953125
2026-03-25,2120.0,2143.333251953125,2103.333251953125,2106.666748046875
2026-03-26,2116.666748046875,2136.666748046875,2050.0,2070.0
2026-03-27,2036.6666259765625,2053.333251953125,2003.3333740234375,2026.6666259765625
2026-03-30,1890.0,1956.6666259765625,1850.0,1933.3333740234375
2026-03-31,1880.0,2016.6666259765625,1850.0,1930.0
2026-04-01,2063.333251953125,2220.0,2050.0,2220.0
2026-04-02,2243.333251953125,2293.333251953125,2180.0,2216.666748046875
2026-04-03,2316.666748046875,2316.666748046875,2236.666748046875,2273.333251953125
2026-04-06,2266.666748046875,2300.0,2250.0,2256.666748046875
2026-04-07,2263.333251953125,2296.666748046875,2230.0,2253.333251953125
2026-04-08,2313.333251953125,2370.0,2303.333251953125,2320.0
2026-04-09,2333.333251953125,2396.666748046875,2323.333251953125,2336.666748046875
2026-04-10,2386.666748046875,2433.333251953125,2366.666748046875,2386.666748046875
2026-04-13,2346.666748046875,2383.333251953125,2296.666748046875,2320.0
2026-04-14,2403.333251953125,2473.333251953125,2370.0,2456.666748046875
2026-04-15,2506.666748046875,2513.333251953125,2236.666748046875,2240.0
2026-04-16,2240.0,2243.333251953125,2133.333251953125,2163.333251953125
2026-04-17,2096.666748046875,2150.0,2090.0,2143.333251953125
2026-04-20,2196.666748046875,2210.0,2150.0,2170.0
2026-04-21,2186.666748046875,2186.666748046875,2103.333251953125,2140.0
2026-04-22,2123.333251953125,2203.333251953125,2090.0,2196.666748046875
2026-04-23,2230.0,2250.0,2190.0,2243.333251953125
2026-04-24,2226.666748046875,2260.0,2213.333251953125,2246.666748046875
2026-04-27,2250.0,2250.0,2183.333251953125,2203.333251953125
2026-04-28,2223.333251953125,2353.333251953125,2223.333251953125,2340.0
2026-04-30,2290.0,2300.0,2233.333251953125,2286.666748046875
2026-05-01,2303.333251953125,2316.666748046875,2226.666748046875,2243.333251953125
2026-05-07,2343.333251953125,2350.0,2246.666748046875,2246.666748046875
2026-05-08,2246.666748046875,2280.0,2206.666748046875,2240.0
2026-05-11,2236.666748046875,2283.333251953125,2233.333251953125,2283.333251953125
2026-05-12,2283.333251953125,2346.666748046875,2276.666748046875,2290.0
2026-05-13,2280.0,2280.0,2243.333251953125,2256.666748046875
2026-05-14,2226.666748046875,2233.333251953125,2080.0,2186.666748046875
2026-05-15,2236.666748046875,2350.0,2200.0,2270.0
2026-05-18,2303.333251953125,2323.333251953125,2116.666748046875,2116.666748046875
2026-05-19,2146.666748046875,2176.666748046875,2056.666748046875,2083.333251953125
2026-05-20,2073.333251953125,2073.333251953125,1900.0,1966.6666259765625
2026-05-21,1993.3333740234375,2063.333251953125,1986.6666259765625,2016.6666259765625
2026-05-22,2016.6666259765625,2036.6666259765625,1990.0,2020.0
2026-05-25,2053.333251953125,2163.333251953125,2053.333251953125,2156.666748046875
2026-05-26,2180.0,2303.333251953125,2123.333251953125,2246.666748046875
2026-05-27,2273.333251953125,2293.333251953125,2140.0,2146.666748046875
2026-05-28,2150.0,2150.0,2050.0,2136.666748046875
2026-05-29,2140.0,2143.333251953125,2070.0,2110.0
2026-06-01,2110.0,2143.333251953125,2003.3333740234375,2010.0
2026-06-02,2000.0,2023.3333740234375,1920.0,1983.3333740234375
2026-06-03,1986.6666259765625,1993.3333740234375,1946.6666259765625,1970.0
2026-06-04,1936.6666259765625,1973.3333740234375,1900.0,1943.3333740234375
2026-06-05,1933.3333740234375,1983.3333740234375,1913.3333740234375,1966.6666259765625
2026-06-08,1783.3333740234375,1873.3333740234375,1773.3333740234375,1840.0
2026-06-09,1873.3333740234375,1890.0,1843.3333740234375,1876.6666259765625
2026-06-10,1843.3333740234375,1890.0,1833.3333740234375,1836.6666259765625
2026-06-11,1803.3333740234375,1823.3333740234375,1776.6666259765625,1806.6666259765625
2026-06-12,1850.0,1873.3333740234375,1816.6666259765625,1836.6666259765625
2026-06-15,1886.6666259765625,1973.3333740234375,1873.3333740234375,1960.0
2026-06-16,1960.0,1966.6666259765625,1913.3333740234375,1916.6666259765625
2026-06-17,1950.0,1990.0,1930.0,1970.0
2026-06-18,1983.3333740234375,2026.6666259765625,1953.3333740234375,1976.6666259765625
2026-06-19,2003.3333740234375,2020.0,1923.3333740234375,1933.3333740234375
2026-06-22,1943.3333740234375,1976.6666259765625,1896.6666259765625,1940.0
2026-06-23,1940.0,1940.0,1860.0,1860.0
2026-06-24,1876.6666259765625,1936.6666259765625,1860.0,1893.3333740234375
2026-06-25,1900.0,1903.3333740234375,1870.0,1873.3333740234375
2026-06-26,1863.3333740234375,1930.0,1850.0,1893.3333740234375
2026-06-29,1926.6666259765625,1946.6666259765625,1866.6666259765625,1900.0
2026-06-30,1923.3333740234375,1923.3333740234375,1880.0,1906.6666259765625
2026-07-01,1913.3333740234375,1963.3333740234375,1910.0,1933.3333740234375
2026-07-02,1943.3333740234375,1990.0,1923.3333740234375,1963.3333740234375
2026-07-03,1943.3333740234375,1973.3333740234375,1926.6666259765625,1970.0
2026-07-06,1976.6666259765625,2083.333251953125,1973.3333740234375,2083.333251953125
2026-07-07,2083.333251953125,2230.0,2073.333251953125,2126.666748046875
2026-07-08,2110.0,2140.0,2040.0,2066.666748046875
2026-07-09,2070.0,2090.0,2033.3333740234375,2080.0
2026-07-10,2100.0,2170.0,2083.333251953125,2093.333251953125
2026-07-13,2100.0,2113.333251953125,2023.3333740234375,2046.6666259765625
2026-07-14,2013.3333740234375,2026.6666259765625,1966.6666259765625,2010.0
2026-07-15,2020.0,2086.666748046875,2020.0,2066.666748046875
2026-07-16,2056.666748046875,2126.666748046875,2016.6666259765625,2106.666748046875
2026-07-17,2040.0,2053.333251953125,1910.0,1960.0
2026-07-21,2013.3333740234375,2026.6666259765625,1953.3333740234375,2016.6666259765625
2026-07-22,2083.333251953125,2100.0,2053.333251953125,2063.333251953125
2026-07-23,2096.666748046875,2096.666748046875,2040.0,2063.333251953125
2026-07-24,2080.0,2216.666748046875,1986.6666259765625,2190.0
2026-07-27,2156.666748046875,2170.0,2070.0,2116.666748046875
2026-07-28,2116.666748046875,2116.666748046875,2006.6666259765625,2040.0
2026-07-29,2040.0,2040.0,1773.3333740234375,1813.3333740234375
2026-07-30,1786.6666259765625,1833.3333740234375,1736.6666259765625,1786.6666259765625
2026-07-31,1830.0,1960.0,1813.3333740234375,1876.6666259765625
2026-08-03,1876.6666259765625,1893.3333740234375,1803.3333740234375,1876.6666259765625
2026-08-04,1893.3333740234375,1953.3333740234375,1876.6666259765625,1930.0
2026-08-05,1996.6666259765625,2196.666748046875,1946.6666259765625,2163.333251953125
2026-08-06,2173.333251953125,2283.333251953125,2100.0,2110.0
2026-08-07,2143.333251953125,2190.0,2036.6666259765625,2063.333251953125
2026-08-10,2070.0,2113.333251953125,2053.333251953125,2063.333251953125
2026-08-12,2073.333251953125,2136.666748046875,2073.333251953125,2100.0
2026-08-13,2110.0,2133.333251953125,2040.0,2083.333251953125
2026-08-14,2090.0,2103.333251953125,1993.3333740234375,2010.0
2026-08-17,2030.0,2133.333251953125,2026.6666259765625,2083.333251953125
2026-08-18,2116.666748046875,2186.666748046875,2073.333251953125,2076.666748046875
2026-08-19,2020.0,2030.0,1920.0,1926.6666259765625
2026-08-20,1950.0,2026.6666259765625,1950.0,2020.0
2026-08-21,1986.6666259765625,2046.6666259765625,1966.6666259765625,2036.6666259765625
2026-08-24,2036.6666259765625,2120.0,2020.0,2103.333251953125
2026-08-25,2113.333251953125,2206.666748046875,2106.666748046875,2180.0
2026-08-26,2200.0,2323.333251953125,2146.666748046875,2300.0
2026-08-27,2326.666748046875,2426.666748046875,2306.666748046875,2320.0
2026-08-28,2323.333251953125,2326.666748046875,2253.333251953125,2300.0
2026-08-31,2290.0,2363.333251953125,2260.0,2313.333251953125
2026-09-01,2313.333251953125,2346.666748046875,2293.333251953125,2323.333251953125
2026-09-02,2310.0,2343.333251953125,2240.0,2246.666748046875
2026-09-03,2250.0,2266.666748046875,2210.0,2223.333251953125
2026-09-04,2256.666748046875,2286.666748046875,2206.666748046875,2273.333251953125
2026-09-07,2340.0,2436.666748046875,2340.0,2416.666748046875
2026-09-08,2403.333251953125,2426.666748046875,2353.333251953125,2353.333251953125
2026-09-09,2356.666748046875,2416.666748046875,2356.666748046875,2386.666748046875
2026-09-10,2353.333251953125,2383.333251953125,2300.0,2333.333251953125
2026-09-11,2270.0,2340.0,2250.0,2323.333251953125
2026-09-14,2300.0,2366.666748046875,2300.0,2326.666748046875
2026-09-15,2356.666748046875,2400.0,2280.0,2313.333251953125
2026-09-16,2313.333251953125,2333.333251953125,2256.666748046875,2273.333251953125
2026-09-17,2303.333251953125,2386.666748046875,2300.0,2383.333251953125
2026-09-18,2376.666748046875,2420.0,2346.666748046875,2376.666748046875
2026-09-24,2416.666748046875,2423.333251953125,2346.666748046875,2386.666748046875
2026-09-25,2390.0,2426.666748046875,2373.333251953125,2426.666748046875
2026-09-28,2433.333251953125,2456.666748046875,2413.333251953125,2430.0
2026-09-29,2411.0,2450.0,2276.0,2326.0
2026-09-30,2364.0,2400.0,2310.0,2342.0
2026-10-01,2348.0,2372.0,2280.0,2364.0
2026-10-02,2345.0,2377.0,2305.0,2308.0
2026-10-05,2343.0,2385.0,2312.0,2362.0
2026-10-06,2363.0,2383.0,2335.0,2362.0
2026-10-07,2370.0,2432.0,2346.0,2374.0
