Date,Open,High,Low,Close
2003-01-31,321.6666564941406,401.6666564941406,305.0,381.6666564941406
2003-02-03,373.3333435058594,398.3333435058594,345.0,356.6666564941406
2003-02-04,356.6666564941406,356.6666564941406,300.0,311.6666564941406
2003-02-05,308.3333435058594,310.0,275.0,288.3333435058594
2003-02-06,283.3333435058594,338.3333435058594,283.3333435058594,338.3333435058594
2003-02-07,391.6666564941406,391.6666564941406,345.0,361.6666564941406
2003-02-10,353.3333435058594,358.3333435058594,310.0,320.0
2003-02-11,320.0,320.0,320.0,320.0
2003-02-12,301.6666564941406,333.3333435058594,291.6666564941406,295.0
2003-02-13,305.0,305.0,285.0,293.3333435058594
2003-02-14,298.3333435058594,298.3333435058594,283.3333435058594,290.0
2003-02-17,288.3333435058594,290.0,255.0,255.0
2003-02-18,241.6666717529297,258.3333435058594,228.3333282470703,258.3333435058594
2003-02-19,253.3333282470703,260.0,243.3333282470703,246.6666717529297
2003-02-20,246.6666717529297,246.6666717529297,240.0,240.0
2003-02-21,278.3333435058594,278.3333435058594,236.6666717529297,246.6666717529297
2003-02-24,243.3333282470703,243.3333282470703,221.6666717529297,223.3333282470703
2003-02-25,233.3333282470703,233.3333282470703,208.3333282470703,230.0
2003-02-26,230.0,233.3333282470703,215.0,220.0
2003-02-27,220.0,221.6666717529297,206.6666717529297,210.0
2003-02-28,201.6666717529297,213.3333282470703,188.3333282470703,208.3333282470703
2003-03-03,208.3333282470703,210.0,201.6666717529297,201.6666717529297
2003-03-04,201.6666717529297,201.6666717529297,185.0,191.6666717529297
2003-03-05,191.6666717529297,225.0,183.3333282470703,218.3333282470703
2003-03-06,211.6666717529297,221.6666717529297,203.3333282470703,211.6666717529297
2003-03-07,198.3333282470703,198.3333282470703,186.6666717529297,188.3333282470703
2003-03-10,186.6666717529297,188.3333282470703,183.3333282470703,183.3333282470703
2003-03-11,170.0,173.3333282470703,170.0,171.6666717529297
2003-03-12,166.6666717529297,193.3333282470703,166.6666717529297,185.0
2003-03-13,178.3333282470703,186.6666717529297,178.3333282470703,183.3333282470703
2003-03-14,190.0,203.3333282470703,190.0,191.6666717529297
2003-03-17,195.0,195.0,175.0,181.6666717529297
2003-03-18,185.0,191.6666717529297,185.0,190.0
2003-03-19,188.3333282470703,190.0,176.6666717529297,186.6666717529297
2003-03-20,183.3333282470703,183.3333282470703,176.6666717529297,183.3333282470703
2003-03-21,183.3333282470703,183.3333282470703,183.3333282470703,183.3333282470703
2003-03-24,200.0,200.0,186.6666717529297,190.0
2003-03-25,200.0,200.0,186.6666717529297,195.0
2003-03-26,190.0,190.0,175.0,180.0
2003-03-27,180.0,180.0,171.6666717529297,171.6666717529297
2003-03-28,176.6666717529297,181.6666717529297,175.0,181.6666717529297
2003-03-31,188.3333282470703,188.3333282470703,175.0,175.0
2003-04-01,175.0,178.3333282470703,175.0,178.3333282470703
2003-04-02,176.6666717529297,180.0,171.6666717529297,173.3333282470703
2003-04-03,176.6666717529297,206.6666717529297,175.0,206.6666717529297
2003-04-04,233.3333282470703,233.3333282470703,208.3333282470703,211.6666717529297
2003-04-07,215.0,215.0,203.3333282470703,205.0
2003-04-08,198.3333282470703,210.0,198.3333282470703,206.6666717529297
2003-04-09,201.6666717529297,201.6666717529297,196.6666717529297,200.0
2003-04-10,200.0,221.6666717529297,200.0,218.3333282470703
2003-04-11,216.6666717529297,241.6666717529297,213.3333282470703,231.6666717529297
2003-04-14,245.0,250.0,230.0,238.3333282470703
2003-04-15,241.6666717529297,241.6666717529297,225.0,233.3333282470703
2003-04-16,233.3333282470703,253.3333282470703,228.3333282470703,253.3333282470703
2003-04-17,258.3333435058594,280.0,258.3333435058594,266.6666564941406
2003-04-18,268.3333435058594,268.3333435058594,243.3333282470703,250.0
2003-04-21,245.0,255.0,236.6666717529297,240.0
2003-04-22,246.6666717529297,260.0,241.6666717529297,243.3333282470703
2003-04-23,243.3333282470703,246.6666717529297,230.0,230.0
2003-04-24,230.0,241.6666717529297,230.0,236.6666717529297
2003-04-25,238.3333282470703,238.3333282470703,216.6666717529297,223.3333282470703
2003-04-28,223.3333282470703,223.3333282470703,216.6666717529297,216.6666717529297
2003-04-29,216.6666717529297,216.6666717529297,216.6666717529297,216.6666717529297
2003-04-30,220.0,225.0,216.6666717529297,216.6666717529297
2003-05-01,216.6666717529297,225.0,216.6666717529297,225.0
2003-05-02,226.6666717529297,228.3333282470703,218.3333282470703,225.0
2003-05-05,225.0,225.0,225.0,225.0
2003-05-06,231.6666717529297,246.6666717529297,231.6666717529297,236.6666717529297
2003-05-07,236.6666717529297,245.0,236.6666717529297,236.6666717529297
2003-05-08,236.6666717529297,265.0,231.6666717529297,253.3333282470703
2003-05-09,253.3333282470703,253.3333282470703,236.6666717529297,240.0
2003-05-12,250.0,253.3333282470703,250.0,250.0
2003-05-13,258.3333435058594,268.3333435058594,251.6666717529297,266.6666564941406
2003-05-14,275.0,308.3333435058594,270.0,275.0
2003-05-15,280.0,296.6666564941406,276.6666564941406,283.3333435058594
2003-05-16,293.3333435058594,293.3333435058594,278.3333435058594,278.3333435058594
2003-05-19,278.3333435058594,278.3333435058594,251.6666717529297,258.3333435058594
2003-05-20,251.6666717529297,258.3333435058594,245.0,255.0
2003-05-21,253.3333282470703,256.6666564941406,251.6666717529297,251.6666717529297
2003-05-22,253.3333282470703,255.0,245.0,245.0
2003-05-23,256.6666564941406,266.6666564941406,250.0,266.6666564941406
2003-05-26,268.3333435058594,273.3333435058594,261.6666564941406,263.3333435058594
2003-05-27,265.0,265.0,251.6666717529297,258.3333435058594
2003-05-28,258.3333435058594,258.3333435058594,248.3333282470703,248.3333282470703
2003-05-29,253.3333282470703,253.3333282470703,245.0,248.3333282470703
2003-05-30,250.0,255.0,250.0,255.0
2003-06-02,246.6666717529297,256.6666564941406,246.6666717529297,256.6666564941406
2003-06-03,255.0,255.0,246.6666717529297,250.0
2003-06-04,248.3333282470703,250.0,245.0,248.3333282470703
2003-06-05,248.3333282470703,248.3333282470703,245.0,246.6666717529297
2003-06-06,241.6666717529297,248.3333282470703,238.3333282470703,246.6666717529297
2003-06-09,246.6666717529297,246.6666717529297,236.6666717529297,236.6666717529297
2003-06-10,236.6666717529297,240.0,226.6666717529297,236.6666717529297
2003-06-11,241.6666717529297,243.3333282470703,241.6666717529297,243.3333282470703
2003-06-12,243.3333282470703,245.0,236.6666717529297,236.6666717529297
2003-06-13,240.0,241.6666717529297,236.6666717529297,236.6666717529297
2003-06-16,235.0,240.0,230.0,230.0
2003-06-17,240.0,240.0,230.0,230.0
2003-06-18,230.0,230.0,228.3333282470703,230.0
2003-06-19,230.0,230.0,216.6666717529297,225.0
2003-06-20,223.3333282470703,233.3333282470703,223.3333282470703,233.3333282470703
2003-06-23,221.6666717529297,225.0,221.6666717529297,223.3333282470703
2003-06-24,221.6666717529297,223.3333282470703,218.3333282470703,223.3333282470703
2003-06-25,233.3333282470703,233.3333282470703,226.6666717529297,226.6666717529297
2003-06-26,233.3333282470703,233.3333282470703,231.6666717529297,231.6666717529297
2003-06-27,226.6666717529297,233.3333282470703,225.0,233.3333282470703
2003-06-30,233.3333282470703,250.0,233.3333282470703,250.0
2003-07-01,251.6666717529297,258.3333435058594,250.0,258.3333435058594
2003-07-02,248.3333282470703,248.3333282470703,233.3333282470703,240.0
2003-07-03,240.0,241.6666717529297,238.3333282470703,241.6666717529297
2003-07-04,241.6666717529297,243.3333282470703,238.3333282470703,240.0
2003-07-07,240.0,240.0,225.0,226.6666717529297
2003-07-08,223.3333282470703,226.6666717529297,218.3333282470703,225.0
2003-07-09,225.0,231.6666717529297,225.0,225.0
2003-07-10,230.0,231.6666717529297,228.3333282470703,231.6666717529297
2003-07-11,233.3333282470703,236.6666717529297,225.0,225.0
2003-07-14,228.3333282470703,233.3333282470703,221.6666717529297,221.6666717529297
2003-07-15,225.0,226.6666717529297,223.3333282470703,225.0
2003-07-16,228.3333282470703,231.6666717529297,228.3333282470703,231.6666717529297
2003-07-17,228.3333282470703,228.3333282470703,225.0,225.0
2003-07-18,225.0,225.0,223.3333282470703,223.3333282470703
2003-07-21,223.3333282470703,223.3333282470703,223.3333282470703,223.3333282470703
2003-07-22,225.0,228.3333282470703,223.3333282470703,228.3333282470703
2003-07-23,225.0,226.6666717529297,225.0,225.0
2003-07-24,226.6666717529297,226.6666717529297,220.0,223.3333282470703
2003-07-25,233.3333282470703,233.3333282470703,225.0,225.0
2003-07-28,238.3333282470703,238.3333282470703,233.3333282470703,233.3333282470703
2003-07-29,230.0,230.0,225.0,226.6666717529297
2003-07-30,228.3333282470703,228.3333282470703,228.3333282470703,228.3333282470703
2003-07-31,231.6666717529297,231.6666717529297,225.0,225.0
2003-08-01,225.0,238.3333282470703,223.3333282470703,238.3333282470703
2003-08-04,226.6666717529297,233.3333282470703,226.6666717529297,233.3333282470703
2003-08-05,233.3333282470703,233.3333282470703,228.3333282470703,228.3333282470703
2003-08-06,228.3333282470703,228.3333282470703,225.0,225.0
2003-08-07,223.3333282470703,225.0,218.3333282470703,218.3333282470703
2003-08-08,231.6666717529297,231.6666717529297,226.6666717529297,230.0
2003-08-11,230.0,236.6666717529297,230.0,236.6666717529297
2003-08-12,240.0,240.0,233.3333282470703,233.3333282470703
2003-08-13,235.0,240.0,235.0,240.0
2003-08-14,243.3333282470703,243.3333282470703,238.3333282470703,238.3333282470703
2003-08-15,238.3333282470703,238.3333282470703,238.3333282470703,238.3333282470703
2003-08-18,240.0,241.6666717529297,236.6666717529297,240.0
2003-08-19,241.6666717529297,243.3333282470703,236.6666717529297,236.6666717529297
2003-08-20,240.0,253.3333282470703,240.0,253.3333282470703
2003-08-21,258.3333435058594,263.3333435058594,245.0,253.3333282470703
2003-08-22,255.0,255.0,248.3333282470703,248.3333282470703
2003-08-25,250.0,251.6666717529297,250.0,250.0
2003-08-26,263.3333435058594,263.3333435058594,250.0,253.3333282470703
2003-08-27,255.0,265.0,255.0,260.0
2003-08-28,266.6666564941406,301.6666564941406,266.6666564941406,281.6666564941406
2003-08-29,286.6666564941406,286.6666564941406,275.0,275.0
2003-09-01,280.0,281.6666564941406,270.0,273.3333435058594
2003-09-02,278.3333435058594,278.3333435058594,270.0,273.3333435058594
2003-09-03,273.3333435058594,273.3333435058594,256.6666564941406,265.0
2003-09-04,256.6666564941406,260.0,255.0,256.6666564941406
2003-09-05,263.3333435058594,265.0,258.3333435058594,258.3333435058594
2003-09-08,260.0,276.6666564941406,260.0,276.6666564941406
2003-09-09,276.6666564941406,281.6666564941406,271.6666564941406,271.6666564941406
2003-09-10,271.6666564941406,278.3333435058594,261.6666564941406,273.3333435058594
2003-09-11,268.3333435058594,268.3333435058594,263.3333435058594,265.0
2003-09-12,270.0,271.6666564941406,266.6666564941406,271.6666564941406
2003-09-15,271.6666564941406,271.6666564941406,271.6666564941406,271.6666564941406
2003-09-16,278.3333435058594,288.3333435058594,278.3333435058594,286.6666564941406
2003-09-17,291.6666564941406,295.0,283.3333435058594,283.3333435058594
2003-09-18,283.3333435058594,283.3333435058594,273.3333435058594,273.3333435058594
2003-09-19,271.6666564941406,275.0,268.3333435058594,268.3333435058594
2003-09-22,281.6666564941406,283.3333435058594,276.6666564941406,278.3333435058594
2003-09-23,278.3333435058594,278.3333435058594,278.3333435058594,278.3333435058594
2003-09-24,281.6666564941406,281.6666564941406,258.3333435058594,268.3333435058594
2003-09-25,278.3333435058594,278.3333435058594,266.6666564941406,266.6666564941406
2003-09-26,275.0,275.0,261.6666564941406,263.3333435058594
2003-09-29,268.3333435058594,268.3333435058594,263.3333435058594,265.0
2003-09-30,266.6666564941406,266.6666564941406,266.6666564941406,266.6666564941406
2003-10-01,260.0,266.6666564941406,258.3333435058594,266.6666564941406
2003-10-02,266.6666564941406,276.6666564941406,265.0,271.6666564941406
2003-10-03,275.0,278.3333435058594,271.6666564941406,278.3333435058594
2003-10-06,283.3333435058594,328.3333435058594,283.3333435058594,320.0
2003-10-07,348.3333435058594,370.0,340.0,355.0
2003-10-08,408.3333435058594,408.3333435058594,358.3333435058594,383.3333435058594
2003-10-09,383.3333435058594,383.3333435058594,353.3333435058594,355.0
2003-10-10,356.6666564941406,363.3333435058594,328.3333435058594,353.3333435058594
2003-10-13,353.3333435058594,353.3333435058594,353.3333435058594,353.3333435058594
2003-10-14,366.6666564941406,391.6666564941406,350.0,383.3333435058594
2003-10-15,425.0,431.6666564941406,400.0,413.3333435058594
2003-10-16,413.3333435058594,416.6666564941406,376.6666564941406,395.0
2003-10-17,375.0,391.6666564941406,375.0,380.0
2003-10-20,375.0,380.0,350.0,365.0
2003-10-21,371.6666564941406,371.6666564941406,306.6666564941406,320.0
2003-10-22,325.0,335.0,291.6666564941406,301.6666564941406
2003-10-23,296.6666564941406,296.6666564941406,265.0,273.3333435058594
2003-10-24,283.3333435058594,316.6666564941406,280.0,298.3333435058594
2003-10-27,328.3333435058594,346.6666564941406,325.0,338.3333435058594
2003-10-28,346.6666564941406,368.3333435058594,336.6666564941406,340.0
2003-10-29,346.6666564941406,353.3333435058594,330.0,343.3333435058594
2003-10-30,343.3333435058594,343.3333435058594,333.3333435058594,333.3333435058594
2003-10-31,333.3333435058594,335.0,325.0,330.0
2003-11-03,330.0,330.0,330.0,330.0
2003-11-04,333.3333435058594,336.6666564941406,330.0,333.3333435058594
2003-11-05,340.0,340.0,321.6666564941406,321.6666564941406
2003-11-06,321.6666564941406,326.6666564941406,321.6666564941406,326.6666564941406
2003-11-07,331.6666564941406,338.3333435058594,325.0,333.3333435058594
2003-11-10,340.0,343.3333435058594,328.3333435058594,330.0
2003-11-11,330.0,330.0,295.0,308.3333435058594
2003-11-12,293.3333435058594,300.0,293.3333435058594,295.0
2003-11-13,300.0,308.3333435058594,300.0,305.0
2003-11-14,308.3333435058594,316.6666564941406,306.6666564941406,306.6666564941406
2003-11-17,300.0,300.0,270.0,278.3333435058594
2003-11-18,243.3333282470703,261.6666564941406,243.3333282470703,261.6666564941406
2003-11-19,260.0,266.6666564941406,251.6666717529297,266.6666564941406
2003-11-20,271.6666564941406,271.6666564941406,266.6666564941406,266.6666564941406
2003-11-21,268.3333435058594,271.6666564941406,266.6666564941406,271.6666564941406
2003-11-24,271.6666564941406,271.6666564941406,271.6666564941406,271.6666564941406
2003-11-25,281.6666564941406,291.6666564941406,268.3333435058594,268.3333435058594
2003-11-26,278.3333435058594,283.3333435058594,270.0,278.3333435058594
2003-11-27,280.0,286.6666564941406,278.3333435058594,286.6666564941406
2003-11-28,286.6666564941406,286.6666564941406,280.0,283.3333435058594
2003-12-01,283.3333435058594,290.0,278.3333435058594,290.0
2003-12-02,293.3333435058594,295.0,290.0,290.0
2003-12-03,291.6666564941406,298.3333435058594,291.6666564941406,298.3333435058594
2003-12-04,303.3333435058594,308.3333435058594,303.3333435058594,305.0
2003-12-05,300.0,300.0,291.6666564941406,291.6666564941406
2003-12-08,293.3333435058594,293.3333435058594,281.6666564941406,283.3333435058594
2003-12-09,283.3333435058594,285.0,275.0,275.0
2003-12-10,275.0,275.0,266.6666564941406,268.3333435058594
2003-12-11,268.3333435058594,268.3333435058594,253.3333282470703,253.3333282470703
2003-12-12,260.0,260.0,256.6666564941406,258.3333435058594
2003-12-15,266.6666564941406,266.6666564941406,266.6666564941406,266.6666564941406
2003-12-16,268.3333435058594,271.6666564941406,266.6666564941406,266.6666564941406
2003-12-17,273.3333435058594,273.3333435058594,273.3333435058594,273.3333435058594
2003-12-18,273.3333435058594,275.0,273.3333435058594,273.3333435058594
2003-12-19,273.3333435058594,276.6666564941406,273.3333435058594,276.6666564941406
2003-12-22,276.6666564941406,276.6666564941406,270.0,270.0
2003-12-23,270.0,270.0,270.0,270.0
2003-12-24,270.0,270.0,266.6666564941406,268.3333435058594
2003-12-25,273.3333435058594,281.6666564941406,268.3333435058594,271.6666564941406
2003-12-26,286.6666564941406,286.6666564941406,283.3333435058594,283.3333435058594
2003-12-29,278.3333435058594,305.0,278.3333435058594,305.0
2003-12-30,310.0,326.6666564941406,310.0,325.0
2003-12-31,325.0,325.0,325.0,325.0
2004-01-01,325.0,325.0,325.0,325.0
2004-01-02,325.0,325.0,325.0,325.0
2004-01-05,325.0,325.0,316.6666564941406,316.6666564941406
2004-01-06,325.0,325.0,310.0,310.0
2004-01-07,310.0,315.0,306.6666564941406,315.0
2004-01-08,315.0,316.6666564941406,315.0,315.0
2004-01-09,316.6666564941406,316.6666564941406,310.0,313.3333435058594
2004-01-12,313.3333435058594,313.3333435058594,313.3333435058594,313.3333435058594
2004-01-13,313.3333435058594,313.3333435058594,306.6666564941406,313.3333435058594
2004-01-14,315.0,315.0,306.6666564941406,306.6666564941406
2004-01-15,315.0,315.0,311.6666564941406,313.3333435058594
2004-01-16,315.0,315.0,310.0,313.3333435058594
2004-01-19,316.6666564941406,316.6666564941406,313.3333435058594,316.6666564941406
2004-01-20,321.6666564941406,323.3333435058594,316.6666564941406,316.6666564941406
2004-01-21,321.6666564941406,321.6666564941406,318.3333435058594,318.3333435058594
2004-01-22,318.3333435058594,320.0,315.0,315.0
2004-01-23,313.3333435058594,316.6666564941406,313.3333435058594,313.3333435058594
2004-01-26,321.6666564941406,321.6666564941406,316.6666564941406,318.3333435058594
2004-01-27,316.6666564941406,323.3333435058594,315.0,315.0
2004-01-28,315.0,315.0,308.3333435058594,308.3333435058594
2004-01-29,308.3333435058594,308.3333435058594,306.6666564941406,308.3333435058594
2004-01-30,310.0,318.3333435058594,310.0,311.6666564941406
2004-02-02,320.0,326.6666564941406,316.6666564941406,318.3333435058594
2004-02-03,325.0,325.0,315.0,315.0
2004-02-04,316.6666564941406,335.0,310.0,333.3333435058594
2004-02-05,325.0,325.0,315.0,316.6666564941406
2004-02-06,320.0,358.3333435058594,318.3333435058594,353.3333435058594
2004-02-09,386.6666564941406,391.6666564941406,345.0,363.3333435058594
2004-02-10,430.0,430.0,430.0,430.0
2004-02-11,430.0,430.0,430.0,430.0
2004-02-12,496.6666564941406,496.6666564941406,496.6666564941406,496.6666564941406
2004-02-13,563.3333129882812,563.3333129882812,563.3333129882812,563.3333129882812
2004-02-16,561.6666870117188,561.6666870117188,506.6666564941406,523.3333129882812
2004-02-17,515.0,515.0,486.6666564941406,500.0
2004-02-18,503.3333435058594,503.3333435058594,495.0,500.0
2004-02-19,500.0,516.6666870117188,500.0,516.6666870117188
2004-02-20,515.0,525.0,508.3333435058594,508.3333435058594
2004-02-23,513.3333129882812,526.6666870117188,510.0,518.3333129882812
2004-02-24,525.0,541.6666870117188,516.6666870117188,516.6666870117188
2004-02-25,531.6666870117188,601.6666870117188,528.3333129882812,601.6666870117188
2004-02-26,618.3333129882812,685.0,616.6666870117188,643.3333129882812
2004-02-27,643.3333129882812,655.0,610.0,646.6666870117188
2004-03-01,663.3333129882812,665.0,633.3333129882812,641.6666870117188
2004-03-02,641.6666870117188,705.0,641.6666870117188,700.0
2004-03-03,716.6666870117188,750.0,706.6666870117188,731.6666870117188
2004-03-04,735.0,811.6666870117188,733.3333129882812,800.0
2004-03-05,808.3333129882812,850.0,748.3333129882812,783.3333129882812
2004-03-08,800.0,815.0,775.0,775.0
2004-03-09,781.6666870117188,805.0,741.6666870117188,803.3333129882812
2004-03-10,805.0,886.6666870117188,803.3333129882812,886.6666870117188
2004-03-11,910.0,976.6666870117188,891.6666870117188,946.6666870117188
2004-03-12,936.6666870117188,965.0,916.6666870117188,945.0
2004-03-15,950.0,1016.6666870117188,946.6666870117188,991.6666870117188
2004-03-16,990.0,990.0,958.3333129882812,975.0
2004-03-17,983.3333129882812,991.6666870117188,930.0,933.3333129882812
2004-03-18,930.0,930.0,868.3333129882812,893.3333129882812
2004-03-19,876.6666870117188,915.0,850.0,895.0
2004-03-22,915.0,915.0,870.0,898.3333129882812
2004-03-23,898.3333129882812,906.6666870117188,873.3333129882812,886.6666870117188
2004-03-24,903.3333129882812,903.3333129882812,850.0,860.0
2004-03-25,826.6666870117188,833.3333129882812,763.3333129882812,771.6666870117188
2004-03-26,915.0,915.0,915.0,915.0
2004-03-29,1025.0,1065.0,960.0,1065.0
2004-03-30,1225.0,1260.0,1200.0,1230.0
2004-03-31,1290.0,1295.0,1160.0,1195.0
2004-04-01,1155.0,1160.0,1070.0,1115.0
2004-04-02,1145.0,1215.0,1140.0,1190.0
2004-04-05,1270.0,1390.0,1270.0,1390.0
2004-04-06,1590.0,1590.0,1400.0,1425.0
2004-04-07,1420.0,1420.0,1315.0,1350.0
2004-04-08,1340.0,1350.0,1255.0,1350.0
2004-04-09,1290.0,1310.0,1255.0,1255.0
2004-04-12,1290.0,1335.0,1275.0,1325.0
2004-04-13,1335.0,1375.0,1295.0,1300.0
2004-04-14,1280.0,1345.0,1220.0,1295.0
2004-04-15,1305.0,1305.0,1230.0,1230.0
2004-04-16,1275.0,1275.0,1200.0,1240.0
2004-04-19,1250.0,1250.0,1175.0,1175.0
2004-04-20,1175.0,1180.0,1135.0,1165.0
2004-04-21,1160.0,1165.0,1135.0,1165.0
2004-04-22,1170.0,1255.0,1170.0,1250.0
2004-04-23,1285.0,1300.0,1250.0,1260.0
2004-04-26,1290.0,1290.0,1205.0,1205.0
2004-04-27,1175.0,1195.0,1155.0,1190.0
2004-04-28,1190.0,1235.0,1175.0,1225.0
2004-04-29,1225.0,1225.0,1225.0,1225.0
2004-04-30,1200.0,1200.0,1175.0,1200.0
2004-05-03,1200.0,1200.0,1200.0,1200.0
2004-05-04,1200.0,1200.0,1200.0,1200.0
2004-05-05,1200.0,1200.0,1200.0,1200.0
2004-05-06,1200.0,1210.0,1185.0,1190.0
2004-05-07,1175.0,1180.0,1150.0,1180.0
2004-05-10,1170.0,1170.0,990.0,1005.0
2004-05-11,1005.0,1035.0,975.0,1015.0
2004-05-12,995.0,1075.0,995.0,1050.0
2004-05-13,1110.0,1115.0,1085.0,1105.0
2004-05-14,1025.0,1030.0,955.0,960.0
2004-05-17,925.0,925.0,810.0,810.0
2004-05-18,800.0,855.0,800.0,850.0
2004-05-19,835.0,850.0,800.0,840.0
2004-05-20,810.0,880.0,800.0,810.0
2004-05-21,825.0,900.0,795.0,900.0
2004-05-24,855.0,880.0,820.0,830.0
2004-05-25,860.0,870.0,830.0,835.0
2004-05-26,855.0,855.0,805.0,815.0
2004-05-27,800.0,800.0,755.0,755.0
2004-05-28,755.0,760.0,700.0,740.0
2004-05-31,730.0,750.0,705.0,735.0
2004-06-01,765.0,835.0,760.0,835.0
2004-06-02,880.0,920.0,845.0,860.0
2004-06-03,880.0,880.0,840.0,860.0
2004-06-04,845.0,850.0,800.0,810.0
2004-06-07,865.0,865.0,830.0,855.0
2004-06-08,860.0,860.0,810.0,830.0
2004-06-09,830.0,830.0,805.0,825.0
2004-06-10,810.0,855.0,795.0,830.0
2004-06-11,830.0,840.0,810.0,810.0
2004-06-14,825.0,840.0,815.0,815.0
2004-06-15,830.0,965.0,825.0,965.0
2004-06-16,1030.0,1045.0,905.0,915.0
2004-06-17,925.0,995.0,925.0,985.0
2004-06-18,975.0,985.0,940.0,955.0
2004-06-21,950.0,950.0,915.0,935.0
2004-06-22,930.0,935.0,915.0,915.0
2004-06-23,900.0,905.0,855.0,875.0
2004-06-24,870.0,895.0,860.0,895.0
2004-06-25,895.0,900.0,870.0,895.0
2004-06-28,900.0,970.0,880.0,920.0
2004-06-29,920.0,940.0,910.0,915.0
2004-06-30,915.0,915.0,890.0,890.0
2004-07-01,910.0,950.0,895.0,950.0
2004-07-02,905.0,950.0,900.0,920.0
2004-07-05,930.0,935.0,900.0,905.0
2004-07-06,900.0,905.0,840.0,845.0
2004-07-07,800.0,850.0,800.0,850.0
2004-07-08,845.0,845.0,810.0,815.0
2004-07-09,805.0,835.0,805.0,815.0
2004-07-12,825.0,870.0,825.0,860.0
2004-07-13,885.0,980.0,855.0,935.0
2004-07-14,925.0,925.0,855.0,865.0
2004-07-15,880.0,895.0,815.0,830.0
2004-07-16,840.0,865.0,780.0,845.0
2004-07-19,845.0,845.0,845.0,845.0
2004-07-20,830.0,830.0,800.0,825.0
2004-07-21,850.0,850.0,815.0,820.0
2004-07-22,800.0,820.0,795.0,805.0
2004-07-23,815.0,820.0,785.0,810.0
2004-07-26,780.0,800.0,750.0,760.0
2004-07-27,745.0,750.0,700.0,715.0
2004-07-28,745.0,750.0,710.0,730.0
2004-07-29,735.0,735.0,700.0,700.0
2004-07-30,700.0,715.0,695.0,715.0
2004-08-02,735.0,740.0,695.0,695.0
2004-08-03,675.0,695.0,625.0,630.0
2004-08-04,570.0,625.0,550.0,605.0
2004-08-05,625.0,650.0,600.0,635.0
2004-08-06,595.0,615.0,595.0,615.0
2004-08-09,615.0,645.0,605.0,645.0
2004-08-10,665.0,715.0,665.0,700.0
2004-08-11,730.0,755.0,710.0,710.0
2004-08-12,720.0,720.0,690.0,690.0
2004-08-13,690.0,695.0,670.0,695.0
2004-08-16,705.0,705.0,640.0,660.0
2004-08-17,680.0,680.0,650.0,655.0
2004-08-18,655.0,690.0,650.0,650.0
2004-08-19,660.0,680.0,655.0,665.0
2004-08-20,665.0,665.0,660.0,665.0
2004-08-23,660.0,665.0,650.0,660.0
2004-08-24,680.0,680.0,645.0,655.0
2004-08-25,665.0,665.0,635.0,665.0
2004-08-26,680.0,680.0,655.0,665.0
2004-08-27,660.0,665.0,640.0,660.0
2004-08-30,680.0,680.0,655.0,655.0
2004-08-31,675.0,680.0,650.0,675.0
2004-09-01,735.0,775.0,700.0,775.0
2004-09-02,835.0,870.0,790.0,790.0
2004-09-03,800.0,800.0,730.0,750.0
2004-09-06,750.0,750.0,710.0,725.0
2004-09-07,705.0,720.0,700.0,700.0
2004-09-08,800.0,800.0,800.0,800.0
2004-09-09,950.0,950.0,950.0,950.0
2004-09-10,935.0,935.0,880.0,905.0
2004-09-13,900.0,900.0,805.0,870.0
2004-09-14,850.0,850.0,810.0,825.0
2004-09-15,835.0,840.0,810.0,825.0
2004-09-16,810.0,820.0,775.0,785.0
2004-09-17,800.0,875.0,790.0,835.0
2004-09-20,835.0,835.0,835.0,835.0
2004-09-21,835.0,870.0,830.0,830.0
2004-09-22,830.0,835.0,790.0,800.0
2004-09-23,800.0,800.0,800.0,800.0
2004-09-24,795.0,795.0,745.0,765.0
2004-09-27,795.0,814.0,745.0,750.0
2004-09-28,760.0,760.0,700.0,700.0
2004-09-29,701.0,740.0,686.0,686.0
2004-09-30,671.0,725.0,653.0,705.0
2004-10-01,713.0,760.0,710.0,720.0
2004-10-04,750.0,750.0,730.0,731.0
2004-10-05,716.0,726.0,701.0,705.0
2004-10-06,724.0,724.0,707.0,708.0
2004-10-07,712.0,740.0,712.0,721.0
2004-10-08,720.0,739.0,720.0,735.0
2004-10-11,735.0,735.0,735.0,735.0
2004-10-12,735.0,736.0,720.0,720.0
2004-10-13,710.0,735.0,705.0,705.0
2004-10-14,701.0,710.0,690.0,695.0
2004-10-15,725.0,725.0,685.0,685.0
2004-10-18,685.0,686.0,675.0,675.0
2004-10-19,675.0,675.0,670.0,675.0
2004-10-20,662.0,662.0,653.0,654.0
2004-10-21,650.0,660.0,650.0,658.0
2004-10-22,660.0,670.0,650.0,655.0
2004-10-25,654.0,654.0,630.0,630.0
2004-10-26,645.0,655.0,645.0,650.0
2004-10-27,650.0,655.0,640.0,640.0
2004-10-28,650.0,650.0,620.0,640.0
2004-10-29,640.0,640.0,611.0,612.0
2004-11-01,601.0,609.0,598.0,600.0
2004-11-02,605.0,640.0,605.0,640.0
2004-11-03,640.0,640.0,640.0,640.0
2004-11-04,669.0,670.0,665.0,667.0
2004-11-05,671.0,671.0,640.0,660.0
2004-11-08,665.0,690.0,665.0,685.0
2004-11-09,685.0,685.0,661.0,661.0
2004-11-10,662.0,674.0,650.0,650.0
2004-11-11,670.0,672.0,660.0,661.0
2004-11-12,660.0,670.0,655.0,667.0
2004-11-15,671.0,696.0,671.0,690.0
2004-11-16,699.0,700.0,670.0,670.0
2004-11-17,670.0,696.0,670.0,690.0
2004-11-18,690.0,699.0,665.0,665.0
2004-11-19,665.0,665.0,660.0,660.0
2004-11-22,650.0,658.0,645.0,658.0
2004-11-23,658.0,658.0,658.0,658.0
2004-11-24,658.0,658.0,645.0,645.0
2004-11-25,650.0,650.0,624.0,625.0
2004-11-26,630.0,630.0,620.0,620.0
2004-11-29,610.0,625.0,603.0,611.0
2004-11-30,610.0,615.0,602.0,602.0
2004-12-01,610.0,610.0,593.0,593.0
2004-12-02,600.0,606.0,600.0,606.0
2004-12-03,606.0,606.0,592.0,592.0
2004-12-06,590.0,591.0,580.0,580.0
2004-12-07,570.0,570.0,560.0,560.0
2004-12-08,559.0,565.0,551.0,561.0
2004-12-09,563.0,571.0,551.0,567.0
2004-12-10,560.0,569.0,552.0,569.0
2004-12-13,565.0,569.0,553.0,555.0
2004-12-14,554.0,554.0,530.0,531.0
2004-12-15,521.0,523.0,495.0,508.0
2004-12-16,498.0,506.0,476.0,505.0
2004-12-17,512.0,512.0,499.0,500.0
2004-12-20,510.0,520.0,505.0,509.0
2004-12-21,511.0,525.0,510.0,519.0
2004-12-22,539.0,540.0,529.0,529.0
2004-12-23,529.0,529.0,529.0,529.0
2004-12-24,539.0,539.0,503.0,503.0
2004-12-27,503.0,520.0,503.0,508.0
2004-12-28,518.0,534.0,514.0,534.0
2004-12-29,549.0,584.0,540.0,584.0
2004-12-30,604.0,630.0,598.0,628.0
2004-12-31,628.0,628.0,628.0,628.0
2005-01-03,628.0,628.0,628.0,628.0
2005-01-04,633.0,660.0,628.0,660.0
2005-01-05,660.0,680.0,630.0,653.0
2005-01-06,648.0,648.0,635.0,638.0
2005-01-07,640.0,660.0,640.0,650.0
2005-01-10,650.0,650.0,650.0,650.0
2005-01-11,654.0,665.0,654.0,656.0
2005-01-12,661.0,669.0,661.0,667.0
2005-01-13,669.0,690.0,668.0,685.0
2005-01-14,696.0,697.0,678.0,686.0
2005-01-17,676.0,676.0,665.0,673.0
2005-01-18,674.0,677.0,667.0,669.0
2005-01-19,673.0,677.0,669.0,671.0
2005-01-20,671.0,678.0,668.0,674.0
2005-01-21,675.0,675.0,661.0,661.0
2005-01-24,662.0,663.0,652.0,662.0
2005-01-25,667.0,667.0,654.0,659.0
2005-01-26,655.0,663.0,655.0,655.0
2005-01-27,659.0,659.0,645.0,645.0
2005-01-28,640.0,655.0,635.0,650.0
2005-01-31,652.0,700.0,642.0,700.0
2005-02-01,780.0,780.0,711.0,764.0
2005-02-02,750.0,760.0,720.0,730.0
2005-02-03,720.0,750.0,713.0,743.0
2005-02-04,749.0,749.0,700.0,724.0
2005-02-07,726.0,740.0,710.0,710.0
2005-02-08,722.0,734.0,710.0,723.0
2005-02-09,723.0,733.0,722.0,724.0
2005-02-10,728.0,728.0,715.0,717.0
2005-02-11,717.0,717.0,717.0,717.0
2005-02-14,726.0,727.0,717.0,724.0
2005-02-15,718.0,724.0,711.0,714.0
2005-02-16,710.0,710.0,695.0,695.0
2005-02-17,690.0,690.0,660.0,670.0
2005-02-18,665.0,669.0,654.0,658.0
2005-02-21,667.0,667.0,654.0,660.0
2005-02-22,655.0,668.0,654.0,668.0
2005-02-23,673.0,718.0,670.0,710.0
2005-02-24,700.0,709.0,682.0,692.0
2005-02-25,710.0,710.0,690.0,704.0
2005-02-28,710.0,715.0,692.0,715.0
2005-03-01,710.0,719.0,700.0,715.0
2005-03-02,765.0,815.0,755.0,815.0
2005-03-03,905.0,910.0,830.0,842.0
2005-03-04,843.0,843.0,800.0,822.0
2005-03-07,805.0,815.0,800.0,803.0
2005-03-08,809.0,810.0,791.0,791.0
2005-03-09,781.0,784.0,765.0,782.0
2005-03-10,778.0,780.0,770.0,775.0
2005-03-11,776.0,819.0,775.0,805.0
2005-03-14,820.0,865.0,810.0,835.0
2005-03-15,855.0,874.0,830.0,840.0
2005-03-16,842.0,850.0,830.0,830.0
2005-03-17,830.0,830.0,800.0,801.0
2005-03-18,809.0,810.0,801.0,806.0
2005-03-21,806.0,806.0,806.0,806.0
2005-03-22,804.0,865.0,780.0,822.0
2005-03-23,838.0,840.0,804.0,805.0
2005-03-24,808.0,832.0,808.0,829.0
2005-03-25,830.0,830.0,814.0,817.0
2005-03-28,818.0,829.0,798.0,800.0
2005-03-29,791.0,800.0,786.0,798.0
2005-03-30,808.0,808.0,750.0,761.0
2005-03-31,769.0,786.0,760.0,766.0
2005-04-01,771.0,790.0,770.0,785.0
2005-04-04,785.0,795.0,778.0,779.0
2005-04-05,800.0,800.0,780.0,799.0
2005-04-06,791.0,795.0,780.0,787.0
2005-04-07,787.0,787.0,770.0,770.0
2005-04-08,780.0,799.0,771.0,790.0
2005-04-11,797.0,840.0,795.0,825.0
2005-04-12,830.0,831.0,809.0,809.0
2005-04-13,811.0,811.0,740.0,798.0
2005-04-14,801.0,809.0,781.0,789.0
2005-04-15,771.0,778.0,762.0,778.0
2005-04-18,720.0,750.0,720.0,740.0
2005-04-19,745.0,769.0,740.0,763.0
2005-04-20,753.0,770.0,752.0,755.0
2005-04-21,751.0,754.0,730.0,754.0
2005-04-22,764.0,790.0,758.0,790.0
2005-04-25,790.0,890.0,790.0,840.0
2005-04-26,860.0,865.0,822.0,823.0
2005-04-27,833.0,879.0,790.0,795.0
2005-04-28,865.0,866.0,840.0,855.0
2005-04-29,855.0,855.0,855.0,855.0
2005-05-02,875.0,875.0,845.0,855.0
2005-05-03,855.0,855.0,855.0,855.0
2005-05-04,855.0,855.0,855.0,855.0
2005-05-05,855.0,855.0,855.0,855.0
2005-05-06,855.0,869.0,853.0,869.0
2005-05-09,875.0,969.0,871.0,969.0
2005-05-10,1070.0,1070.0,1050.0,1070.0
2005-05-11,1060.0,1270.0,982.0,1270.0
2005-05-12,1350.0,1450.0,1210.0,1220.0
2005-05-13,1320.0,1420.0,1270.0,1420.0
2005-05-16,1620.0,1620.0,1300.0,1340.0
2005-05-17,1460.0,1490.0,1140.0,1200.0
2005-05-18,1180.0,1400.0,1070.0,1400.0
2005-05-19,1500.0,1600.0,1460.0,1600.0
2005-05-20,1780.0,1890.0,1520.0,1560.0
2005-05-23,1570.0,1670.0,1450.0,1450.0
2005-05-24,1460.0,1540.0,1380.0,1410.0
2005-05-25,1430.0,1460.0,1330.0,1350.0
2005-05-26,1400.0,1550.0,1370.0,1550.0
2005-05-27,1670.0,1760.0,1430.0,1430.0
2005-05-30,1450.0,1620.0,1450.0,1560.0
2005-05-31,1590.0,1670.0,1520.0,1610.0
2005-06-01,1600.0,1880.0,1550.0,1600.0
2005-06-02,1660.0,1900.0,1650.0,1900.0
2005-06-03,2050.0,2200.0,1930.0,2050.0
2005-06-06,2020.0,2450.0,1960.0,2450.0
2005-06-07,2530.0,2730.0,2480.0,2510.0
2005-06-08,2630.0,2680.0,2300.0,2300.0
2005-06-09,2370.0,2700.0,2240.0,2700.0
2005-06-10,2820.0,3090.0,2710.0,2980.0
2005-06-13,3010.0,3080.0,2790.0,2790.0
2005-06-14,2750.0,2900.0,2390.0,2400.0
2005-06-15,2480.0,2720.0,2440.0,2680.0
2005-06-16,2660.0,2790.0,2490.0,2550.0
2005-06-17,2560.0,2560.0,2300.0,2310.0
2005-06-20,2300.0,2460.0,2200.0,2330.0
2005-06-21,2340.0,2400.0,2230.0,2240.0
2005-06-22,2320.0,2320.0,2250.0,2270.0
2005-06-23,2310.0,2670.0,2290.0,2670.0
2005-06-24,2740.0,2920.0,2530.0,2580.0
2005-06-27,2620.0,2770.0,2610.0,2660.0
2005-06-28,2760.0,2770.0,2640.0,2680.0
2005-06-29,2700.0,2710.0,2600.0,2640.0
2005-06-30,2610.0,2640.0,2490.0,2530.0
2005-07-01,2510.0,2730.0,2410.0,2580.0
2005-07-04,2580.0,2640.0,2530.0,2580.0
2005-07-05,2570.0,2600.0,2480.0,2490.0
2005-07-06,2520.0,2650.0,2440.0,2570.0
2005-07-07,2560.0,2630.0,2500.0,2500.0
2005-07-08,2510.0,2560.0,2440.0,2470.0
2005-07-11,2500.0,2500.0,2410.0,2450.0
2005-07-12,2480.0,2640.0,2470.0,2600.0
2005-07-13,2640.0,2700.0,2580.0,2590.0
2005-07-14,2630.0,2640.0,2550.0,2570.0
2005-07-15,2580.0,2600.0,2510.0,2510.0
2005-07-18,2510.0,2510.0,2510.0,2510.0
2005-07-19,2270.0,2370.0,2260.0,2310.0
2005-07-20,2330.0,2400.0,2300.0,2310.0
2005-07-21,2320.0,2340.0,2290.0,2300.0
2005-07-22,2280.0,2290.0,2230.0,2260.0
2005-07-25,2240.0,2250.0,2110.0,2130.0
2005-07-26,2140.0,2230.0,2140.0,2140.0
2005-07-27,2180.0,2190.0,2120.0,2140.0
2005-07-28,2100.0,2130.0,2040.0,2060.0
2005-07-29,2050.0,2060.0,2000.0,2030.0
2005-08-01,2050.0,2150.0,2050.0,2130.0
2005-08-02,2160.0,2180.0,2030.0,2040.0
2005-08-03,2040.0,2070.0,1900.0,1950.0
2005-08-04,1830.0,1830.0,1690.0,1800.0
2005-08-05,1780.0,1930.0,1750.0,1810.0
2005-08-08,1660.0,1790.0,1650.0,1770.0
2005-08-09,1800.0,1880.0,1770.0,1860.0
2005-08-10,1930.0,2160.0,1910.0,2160.0
2005-08-11,2240.0,2240.0,2070.0,2070.0
2005-08-12,2040.0,2150.0,2010.0,2070.0
2005-08-15,2150.0,2150.0,2070.0,2090.0
2005-08-16,2090.0,2100.0,2030.0,2040.0
2005-08-17,2000.0,2080.0,1970.0,2020.0
2005-08-18,2020.0,2020.0,1970.0,1980.0
2005-08-19,1980.0,2020.0,1930.0,1950.0
2005-08-22,1920.0,1990.0,1920.0,1920.0
2005-08-23,1980.0,1980.0,1910.0,1920.0
2005-08-24,1940.0,2220.0,1900.0,2220.0
2005-08-25,2260.0,2500.0,2250.0,2330.0
2005-08-26,2300.0,2350.0,2210.0,2220.0
2005-08-29,2240.0,2310.0,2200.0,2220.0
2005-08-30,2260.0,2580.0,2170.0,2520.0
2005-08-31,2540.0,2580.0,2420.0,2460.0
2005-09-01,2450.0,2470.0,2350.0,2370.0
2005-09-02,2380.0,2560.0,2370.0,2430.0
2005-09-05,2430.0,2460.0,2350.0,2360.0
2005-09-06,2440.0,2470.0,2320.0,2330.0
2005-09-07,2370.0,2380.0,2280.0,2300.0
2005-09-08,2290.0,2340.0,2250.0,2270.0
2005-09-09,2270.0,2330.0,2270.0,2300.0
2005-09-12,2330.0,2360.0,2300.0,2310.0
2005-09-13,2340.0,2340.0,2280.0,2300.0
2005-09-14,2300.0,2330.0,2280.0,2290.0
2005-09-15,2270.0,2300.0,2260.0,2290.0
2005-09-16,2300.0,2400.0,2280.0,2320.0
2005-09-19,2320.0,2320.0,2320.0,2320.0
2005-09-20,2330.0,2360.0,2250.0,2250.0
2005-09-21,2220.0,2230.0,2100.0,2130.0
2005-09-22,2060.0,2100.0,2040.0,2060.0
2005-09-23,2060.0,2060.0,2060.0,2060.0
2005-09-26,2060.0,2070.0,1970.0,1990.0
2005-09-27,2010.0,2010.0,1740.0,1830.0
2005-09-28,1880.0,2080.0,1860.0,1990.0
2005-09-29,2030.0,2030.0,1910.0,1930.0
2005-09-30,1910.0,1980.0,1900.0,1980.0
2005-10-03,1980.0,2060.0,1950.0,2000.0
2005-10-04,2030.0,2030.0,1960.0,1980.0
2005-10-05,1950.0,2010.0,1940.0,1970.0
2005-10-06,1990.0,1990.0,1910.0,1920.0
2005-10-07,1940.0,1950.0,1900.0,1910.0
2005-10-10,1910.0,1910.0,1910.0,1910.0
2005-10-11,2000.0,2040.0,1950.0,1950.0
2005-10-12,1980.0,2020.0,1950.0,1960.0
2005-10-13,1960.0,1980.0,1920.0,1930.0
2005-10-14,1930.0,1940.0,1900.0,1900.0
2005-10-17,1900.0,1950.0,1890.0,1910.0
2005-10-18,1900.0,1900.0,1860.0,1880.0
2005-10-19,1890.0,1890.0,1860.0,1870.0
2005-10-20,1850.0,1900.0,1830.0,1880.0
2005-10-21,1890.0,2140.0,1890.0,2030.0
2005-10-24,2070.0,2200.0,2060.0,2080.0
2005-10-25,2110.0,2120.0,2020.0,2030.0
2005-10-26,2050.0,2050.0,1980.0,2000.0
2005-10-27,2000.0,2010.0,1970.0,1980.0
2005-10-28,1970.0,1980.0,1930.0,1940.0
2005-10-31,1940.0,1970.0,1930.0,1940.0
2005-11-01,1940.0,1950.0,1920.0,1940.0
2005-11-02,1940.0,1940.0,1910.0,1930.0
2005-11-03,1930.0,1930.0,1930.0,1930.0
2005-11-04,1920.0,1930.0,1900.0,1910.0
2005-11-07,1930.0,1940.0,1900.0,1900.0
2005-11-08,1910.0,2050.0,1910.0,1930.0
2005-11-09,1950.0,1960.0,1910.0,1950.0
2005-11-10,1960.0,2250.0,1950.0,2250.0
2005-11-11,2210.0,2290.0,2130.0,2260.0
2005-11-14,2380.0,2500.0,2300.0,2310.0
2005-11-15,2250.0,2350.0,2190.0,2210.0
2005-11-16,2250.0,2280.0,2190.0,2200.0
2005-11-17,2200.0,2220.0,2140.0,2170.0
2005-11-18,2170.0,2400.0,2140.0,2210.0
2005-11-21,2180.0,2300.0,2180.0,2200.0
2005-11-22,2200.0,2270.0,2090.0,2120.0
2005-11-23,2120.0,2120.0,2120.0,2120.0
2005-11-24,2130.0,2140.0,2000.0,2010.0
2005-11-25,2050.0,2110.0,1990.0,1990.0
2005-11-28,2020.0,2040.0,1980.0,2000.0
2005-11-29,2000.0,2060.0,1990.0,2030.0
2005-11-30,2030.0,2120.0,2030.0,2100.0
2005-12-01,2100.0,2140.0,2040.0,2060.0
2005-12-02,2040.0,2050.0,2000.0,2010.0
2005-12-05,2010.0,2080.0,2000.0,2040.0
2005-12-06,2030.0,2060.0,2010.0,2010.0
2005-12-07,2020.0,2030.0,1980.0,1990.0
2005-12-08,1990.0,1990.0,1950.0,1960.0
2005-12-09,1940.0,2010.0,1940.0,2000.0
2005-12-12,2010.0,2030.0,1980.0,1990.0
2005-12-13,2000.0,2010.0,1970.0,1980.0
2005-12-14,2000.0,2130.0,2000.0,2090.0
2005-12-15,2060.0,2160.0,2050.0,2080.0
2005-12-16,2110.0,2110.0,2040.0,2040.0
2005-12-19,2040.0,2160.0,2040.0,2140.0
2005-12-20,2100.0,2140.0,2090.0,2090.0
2005-12-21,2100.0,2100.0,2040.0,2060.0
2005-12-22,2060.0,2060.0,2010.0,2030.0
2005-12-23,2030.0,2030.0,2030.0,2030.0
2005-12-26,2030.0,2140.0,2030.0,2140.0
2005-12-27,2090.0,2130.0,2070.0,2070.0
2005-12-28,2110.0,2190.0,2080.0,2140.0
2005-12-29,2180.0,2220.0,2130.0,2160.0
2005-12-30,2150.0,2170.0,2130.0,2130.0
2006-01-02,2130.0,2130.0,2130.0,2130.0
2006-01-03,2130.0,2130.0,2130.0,2130.0
2006-01-04,2150.0,2160.0,2110.0,2110.0
2006-01-05,2120.0,2150.0,2090.0,2140.0
2006-01-06,2150.0,2240.0,2120.0,2230.0
2006-01-09,2230.0,2230.0,2230.0,2230.0
2006-01-10,2300.0,2360.0,2200.0,2230.0
2006-01-11,2260.0,2360.0,2180.0,2290.0
2006-01-12,2320.0,2430.0,2300.0,2360.0
2006-01-13,2350.0,2430.0,2300.0,2380.0
2006-01-16,2410.0,2550.0,2370.0,2460.0
2006-01-17,2260.0,2380.0,2090.0,2150.0
2006-01-18,1960.0,2060.0,1750.0,1810.0
2006-01-19,1770.0,2080.0,1700.0,2010.0
2006-01-20,2070.0,2080.0,1820.0,1880.0
2006-01-23,1750.0,1830.0,1640.0,1640.0
2006-01-24,1760.0,1870.0,1720.0,1860.0
2006-01-25,1920.0,1930.0,1850.0,1880.0
2006-01-26,1920.0,1930.0,1860.0,1870.0
2006-01-27,1900.0,1970.0,1890.0,1920.0
2006-01-30,1900.0,2000.0,1900.0,1950.0
2006-01-31,1930.0,1960.0,1900.0,1930.0
2006-02-01,1950.0,1950.0,1870.0,1880.0
2006-02-02,1900.0,1910.0,1870.0,1870.0
2006-02-03,1860.0,1890.0,1850.0,1880.0
2006-02-06,1880.0,1900.0,1880.0,1900.0
2006-02-07,1930.0,2060.0,1930.0,2000.0
2006-02-08,2000.0,2060.0,1960.0,1990.0
2006-02-09,2050.0,2050.0,1970.0,1970.0
2006-02-10,1990.0,1990.0,1870.0,1900.0
2006-02-13,1930.0,1940.0,1770.0,1800.0
2006-02-14,1710.0,1850.0,1500.0,1770.0
2006-02-15,1800.0,1820.0,1670.0,1670.0
2006-02-16,1700.0,1750.0,1660.0,1680.0
2006-02-17,1650.0,1690.0,1400.0,1400.0
2006-02-20,1410.0,1570.0,1400.0,1410.0
2006-02-21,1460.0,1550.0,1430.0,1540.0
2006-02-22,1460.0,1580.0,1460.0,1490.0
2006-02-23,1520.0,1620.0,1520.0,1600.0
2006-02-24,1620.0,1880.0,1570.0,1760.0
2006-02-27,1850.0,1850.0,1740.0,1740.0
2006-02-28,1740.0,1770.0,1670.0,1680.0
2006-03-01,1590.0,1680.0,1580.0,1630.0
2006-03-02,1640.0,1670.0,1580.0,1580.0
2006-03-03,1590.0,1640.0,1570.0,1610.0
2006-03-06,1590.0,1690.0,1580.0,1650.0
2006-03-07,1650.0,1670.0,1600.0,1610.0
2006-03-08,1600.0,1620.0,1550.0,1580.0
2006-03-09,1590.0,1610.0,1580.0,1600.0
2006-03-10,1620.0,1640.0,1600.0,1620.0
2006-03-13,1680.0,1690.0,1660.0,1670.0
2006-03-14,1720.0,1970.0,1720.0,1870.0
2006-03-15,1840.0,2030.0,1790.0,1800.0
2006-03-16,1860.0,1860.0,1710.0,1730.0
2006-03-17,1700.0,1750.0,1680.0,1720.0
2006-03-20,1800.0,1860.0,1750.0,1800.0
2006-03-21,1800.0,1800.0,1800.0,1800.0
2006-03-22,1890.0,1950.0,1820.0,1830.0
2006-03-23,1830.0,1860.0,1780.0,1790.0
2006-03-24,1790.0,1790.0,1750.0,1770.0
2006-03-27,1750.0,1770.0,1740.0,1740.0
2006-03-28,1720.0,1770.0,1720.0,1740.0
2006-03-29,1760.0,1810.0,1750.0,1780.0
2006-03-30,1810.0,1820.0,1770.0,1780.0
2006-03-31,1790.0,1810.0,1770.0,1800.0
2006-04-03,1830.0,1850.0,1800.0,1800.0
2006-04-04,1830.0,1840.0,1810.0,1820.0
2006-04-05,1810.0,1820.0,1760.0,1770.0
2006-04-06,1770.0,1790.0,1760.0,1780.0
2006-04-07,1790.0,1790.0,1760.0,1760.0
2006-04-10,1760.0,1770.0,1750.0,1760.0
2006-04-11,1770.0,2010.0,1760.0,1940.0
2006-04-12,2000.0,2090.0,1810.0,1810.0
2006-04-13,1840.0,1840.0,1780.0,1790.0
2006-04-14,1790.0,1820.0,1750.0,1750.0
2006-04-17,1770.0,1780.0,1660.0,1670.0
2006-04-18,1670.0,1710.0,1600.0,1670.0
2006-04-19,1720.0,1740.0,1680.0,1680.0
2006-04-20,1690.0,1690.0,1630.0,1640.0
2006-04-21,1610.0,1640.0,1580.0,1580.0
2006-04-24,1550.0,1600.0,1490.0,1520.0
2006-04-25,1560.0,1570.0,1540.0,1570.0
2006-04-26,1570.0,1580.0,1520.0,1550.0
2006-04-27,1530.0,1540.0,1520.0,1530.0
2006-04-28,1530.0,1530.0,1490.0,1510.0
2006-05-01,1490.0,1490.0,1460.0,1470.0
2006-05-02,1480.0,1500.0,1460.0,1500.0
2006-05-03,1500.0,1500.0,1500.0,1500.0
2006-05-04,1500.0,1500.0,1500.0,1500.0
2006-05-05,1500.0,1500.0,1500.0,1500.0
2006-05-08,1540.0,1540.0,1510.0,1510.0
2006-05-09,1510.0,1510.0,1470.0,1480.0
2006-05-10,1490.0,1490.0,1450.0,1460.0
2006-05-11,1440.0,1470.0,1440.0,1450.0
2006-05-12,1410.0,1440.0,1390.0,1440.0
2006-05-15,1460.0,1600.0,1450.0,1460.0
2006-05-16,1500.0,1550.0,1330.0,1340.0
2006-05-17,1340.0,1380.0,1280.0,1330.0
2006-05-18,1290.0,1340.0,1260.0,1340.0
2006-05-19,1340.0,1380.0,1310.0,1380.0
2006-05-22,1400.0,1430.0,1390.0,1390.0
2006-05-23,1390.0,1390.0,1310.0,1310.0
2006-05-24,1350.0,1380.0,1310.0,1330.0
2006-05-25,1350.0,1380.0,1310.0,1310.0
2006-05-26,1320.0,1330.0,1310.0,1310.0
2006-05-29,1310.0,1310.0,1260.0,1260.0
2006-05-30,1240.0,1250.0,1160.0,1170.0
2006-05-31,1070.0,1110.0,1030.0,1030.0
2006-06-01,1080.0,1180.0,991.0,991.0
2006-06-02,990.0,1020.0,891.0,954.0
2006-06-05,1030.0,1060.0,994.0,1060.0
2006-06-06,1020.0,1140.0,1020.0,1130.0
2006-06-07,1130.0,1190.0,1090.0,1090.0
2006-06-08,1010.0,1060.0,990.0,1010.0
2006-06-09,1050.0,1190.0,1040.0,1110.0
2006-06-12,1080.0,1240.0,1070.0,1150.0
2006-06-13,1130.0,1190.0,1120.0,1150.0
2006-06-14,1170.0,1220.0,1140.0,1220.0
2006-06-15,1270.0,1270.0,1220.0,1240.0
2006-06-16,1280.0,1350.0,1260.0,1270.0
2006-06-19,1280.0,1280.0,1200.0,1220.0
2006-06-20,1220.0,1220.0,1190.0,1200.0
2006-06-21,1200.0,1280.0,1200.0,1240.0
2006-06-22,1260.0,1330.0,1260.0,1280.0
2006-06-23,1290.0,1310.0,1240.0,1310.0
2006-06-26,1330.0,1370.0,1300.0,1300.0
2006-06-27,1300.0,1350.0,1260.0,1280.0
2006-06-28,1250.0,1280.0,1250.0,1260.0
2006-06-29,1270.0,1280.0,1250.0,1250.0
2006-06-30,1280.0,1280.0,1220.0,1230.0
2006-07-03,1220.0,1280.0,1200.0,1270.0
2006-07-04,1280.0,1280.0,1250.0,1270.0
2006-07-05,1250.0,1260.0,1210.0,1220.0
2006-07-06,1200.0,1210.0,1180.0,1190.0
2006-07-07,1190.0,1210.0,1140.0,1140.0
2006-07-10,1110.0,1120.0,1080.0,1110.0
2006-07-11,1110.0,1130.0,1060.0,1080.0
2006-07-12,1060.0,1070.0,1000.0,1020.0
2006-07-13,1010.0,1040.0,961.0,1010.0
2006-07-14,970.0,999.0,901.0,959.0
2006-07-17,959.0,959.0,959.0,959.0
2006-07-18,900.0,900.0,859.0,859.0
2006-07-19,869.0,880.0,770.0,777.0
2006-07-20,827.0,875.0,803.0,875.0
2006-07-21,825.0,862.0,825.0,860.0
2006-07-24,840.0,850.0,807.0,829.0
2006-07-25,880.0,880.0,801.0,815.0
2006-07-26,805.0,805.0,730.0,740.0
2006-07-27,660.0,780.0,654.0,713.0
2006-07-28,770.0,770.0,734.0,760.0
2006-07-31,780.0,835.0,780.0,823.0
2006-08-01,923.0,923.0,923.0,923.0
2006-08-02,1030.0,1030.0,1030.0,1030.0
2006-08-03,1150.0,1210.0,1050.0,1100.0
2006-08-04,1060.0,1110.0,1040.0,1080.0
2006-08-07,1040.0,1040.0,1000.0,1000.0
2006-08-08,970.0,1200.0,970.0,1200.0
2006-08-09,1140.0,1190.0,1070.0,1150.0
2006-08-10,1110.0,1140.0,1090.0,1090.0
2006-08-11,1110.0,1120.0,1070.0,1070.0
2006-08-14,1080.0,1100.0,1080.0,1080.0
2006-08-15,1100.0,1270.0,1100.0,1210.0
2006-08-16,1200.0,1250.0,1190.0,1210.0
2006-08-17,1220.0,1240.0,1180.0,1180.0
2006-08-18,1200.0,1200.0,1150.0,1170.0
2006-08-21,1190.0,1190.0,1120.0,1160.0
2006-08-22,1160.0,1200.0,1140.0,1170.0
2006-08-23,1150.0,1180.0,1150.0,1180.0
2006-08-24,1180.0,1380.0,1180.0,1230.0
2006-08-25,1250.0,1250.0,1170.0,1170.0
2006-08-28,1180.0,1180.0,1120.0,1120.0
2006-08-29,1130.0,1140.0,1110.0,1120.0
2006-08-30,1130.0,1240.0,1120.0,1130.0
2006-08-31,1130.0,1200.0,1120.0,1120.0
2006-09-01,1110.0,1130.0,1110.0,1110.0
2006-09-04,1120.0,1130.0,1110.0,1120.0
2006-09-05,1150.0,1160.0,1120.0,1130.0
2006-09-06,1150.0,1150.0,1110.0,1130.0
2006-09-07,1110.0,1130.0,1110.0,1110.0
2006-09-08,1100.0,1120.0,1090.0,1110.0
2006-09-11,1120.0,1130.0,1080.0,1090.0
2006-09-12,1090.0,1090.0,1050.0,1050.0
2006-09-13,1060.0,1070.0,1000.0,1010.0
2006-09-14,990.0,1090.0,990.0,999.0
2006-09-15,1000.0,1010.0,970.0,1000.0
2006-09-18,1000.0,1000.0,1000.0,1000.0
2006-09-19,960.0,1030.0,955.0,1030.0
2006-09-20,1000.0,1000.0,970.0,972.0
2006-09-21,976.0,978.0,920.0,958.0
2006-09-22,918.0,963.0,912.0,927.0
2006-09-25,947.0,948.0,925.0,925.0
2006-09-26,905.0,907.0,890.0,890.0
2006-09-27,891.0,910.0,875.0,908.0
2006-09-28,903.0,950.0,903.0,949.0
2006-09-29,984.0,984.0,931.0,942.0
2006-10-02,938.0,938.0,880.0,891.0
2006-10-03,991.0,991.0,991.0,991.0
2006-10-04,1050.0,1070.0,950.0,950.0
2006-10-05,1000.0,1050.0,970.0,1050.0
2006-10-06,1120.0,1210.0,1010.0,1030.0
2006-10-09,1030.0,1030.0,1030.0,1030.0
2006-10-10,990.0,1030.0,950.0,964.0
2006-10-11,994.0,994.0,920.0,930.0
2006-10-12,930.0,1030.0,919.0,919.0
2006-10-13,941.0,968.0,919.0,957.0
2006-10-16,977.0,994.0,947.0,980.0
2006-10-17,995.0,995.0,960.0,972.0
2006-10-18,952.0,1010.0,940.0,1010.0
2006-10-19,1030.0,1080.0,1000.0,1040.0
2006-10-20,1060.0,1150.0,1030.0,1030.0
2006-10-23,1040.0,1100.0,1010.0,1090.0
2006-10-24,1110.0,1120.0,1060.0,1060.0
2006-10-25,1090.0,1090.0,1040.0,1040.0
2006-10-26,1060.0,1070.0,1020.0,1030.0
2006-10-27,1050.0,1050.0,1010.0,1020.0
2006-10-30,990.0,1010.0,990.0,998.0
2006-10-31,1000.0,1010.0,992.0,1010.0
2006-11-01,1000.0,1010.0,987.0,1000.0
2006-11-02,1000.0,1000.0,978.0,980.0
2006-11-03,980.0,980.0,980.0,980.0
2006-11-06,980.0,1080.0,977.0,1080.0
2006-11-07,1120.0,1230.0,1020.0,1050.0
2006-11-08,1030.0,1040.0,981.0,996.0
2006-11-09,989.0,999.0,979.0,982.0
2006-11-10,979.0,997.0,970.0,982.0
2006-11-13,962.0,970.0,925.0,942.0
2006-11-14,951.0,972.0,945.0,960.0
2006-11-15,964.0,980.0,951.0,968.0
2006-11-16,955.0,965.0,930.0,930.0
2006-11-17,925.0,950.0,916.0,927.0
2006-11-20,920.0,929.0,841.0,850.0
2006-11-21,840.0,858.0,815.0,820.0
2006-11-22,810.0,889.0,802.0,889.0
2006-11-23,889.0,889.0,889.0,889.0
2006-11-24,879.0,895.0,858.0,890.0
2006-11-27,895.0,910.0,890.0,910.0
2006-11-28,900.0,930.0,891.0,923.0
2006-11-29,919.0,945.0,915.0,917.0
2006-11-30,925.0,974.0,915.0,950.0
2006-12-01,945.0,968.0,915.0,918.0
2006-12-04,918.0,918.0,880.0,892.0
2006-12-05,899.0,909.0,890.0,896.0
2006-12-06,894.0,897.0,887.0,890.0
2006-12-07,895.0,910.0,880.0,899.0
2006-12-08,891.0,904.0,881.0,891.0
2006-12-11,891.0,898.0,882.0,890.0
2006-12-12,885.0,896.0,870.0,883.0
2006-12-13,873.0,878.0,865.0,869.0
2006-12-14,860.0,896.0,851.0,886.0
2006-12-15,876.0,898.0,875.0,895.0
2006-12-18,891.0,896.0,872.0,880.0
2006-12-19,881.0,893.0,855.0,855.0
2006-12-20,855.0,915.0,855.0,890.0
2006-12-21,881.0,897.0,873.0,882.0
2006-12-22,874.0,876.0,860.0,866.0
2006-12-25,863.0,890.0,850.0,890.0
2006-12-26,870.0,883.0,860.0,871.0
2006-12-27,874.0,883.0,866.0,883.0
2006-12-28,889.0,889.0,870.0,870.0
2006-12-29,852.0,855.0,835.0,851.0
2007-01-04,846.0,862.0,832.0,862.0
2007-01-05,862.0,862.0,831.0,834.0
2007-01-09,834.0,842.0,824.0,824.0
2007-01-10,825.0,825.0,798.0,798.0
2007-01-11,808.0,813.0,777.0,780.0
2007-01-12,780.0,823.0,766.0,820.0
2007-01-15,820.0,820.0,780.0,813.0
2007-01-16,813.0,816.0,790.0,800.0
2007-01-17,799.0,816.0,791.0,803.0
2007-01-18,815.0,844.0,815.0,840.0
2007-01-19,863.0,929.0,850.0,928.0
2007-01-22,929.0,949.0,891.0,905.0
2007-01-23,892.0,905.0,881.0,897.0
2007-01-24,900.0,903.0,885.0,886.0
2007-01-25,916.0,916.0,888.0,890.0
2007-01-26,875.0,880.0,865.0,880.0
2007-01-29,879.0,890.0,864.0,889.0
2007-01-30,874.0,883.0,855.0,855.0
2007-01-31,854.0,863.0,843.0,863.0
2007-02-01,910.0,910.0,871.0,888.0
2007-02-02,880.0,884.0,860.0,869.0
2007-02-05,875.0,875.0,869.0,869.0
2007-02-06,869.0,880.0,856.0,880.0
2007-02-07,888.0,888.0,856.0,860.0
2007-02-08,858.0,858.0,830.0,830.0
2007-02-09,830.0,841.0,830.0,831.0
2007-02-13,828.0,830.0,801.0,818.0
2007-02-14,823.0,840.0,810.0,840.0
2007-02-15,839.0,844.0,826.0,840.0
2007-02-16,815.0,830.0,810.0,810.0
2007-02-19,810.0,825.0,803.0,825.0
2007-02-20,815.0,825.0,800.0,800.0
2007-02-21,801.0,819.0,800.0,813.0
2007-02-22,805.0,828.0,803.0,820.0
2007-02-23,830.0,859.0,818.0,859.0
2007-02-26,850.0,870.0,844.0,848.0
2007-02-27,841.0,841.0,821.0,826.0
2007-02-28,776.0,830.0,770.0,830.0
2007-03-01,818.0,818.0,788.0,801.0
2007-03-02,783.0,803.0,783.0,791.0
2007-03-05,780.0,780.0,713.0,730.0
2007-03-06,710.0,740.0,700.0,740.0
2007-03-07,750.0,789.0,713.0,726.0
2007-03-08,730.0,740.0,725.0,738.0
2007-03-09,742.0,775.0,730.0,775.0
2007-03-12,755.0,789.0,755.0,789.0
2007-03-13,879.0,879.0,797.0,805.0
2007-03-14,770.0,810.0,770.0,810.0
2007-03-15,820.0,825.0,796.0,796.0
2007-03-16,795.0,795.0,769.0,792.0
2007-03-19,779.0,784.0,761.0,779.0
2007-03-20,759.0,779.0,757.0,779.0
2007-03-22,784.0,784.0,751.0,760.0
2007-03-23,780.0,780.0,751.0,761.0
2007-03-26,770.0,772.0,760.0,768.0
2007-03-27,755.0,765.0,751.0,751.0
2007-03-28,761.0,761.0,753.0,753.0
2007-03-29,750.0,755.0,740.0,745.0
2007-03-30,736.0,749.0,736.0,744.0
2007-04-02,741.0,743.0,730.0,730.0
2007-04-03,726.0,732.0,702.0,706.0
2007-04-04,707.0,720.0,702.0,710.0
2007-04-05,715.0,722.0,705.0,714.0
2007-04-06,713.0,720.0,706.0,716.0
2007-04-09,708.0,711.0,703.0,706.0
2007-04-10,709.0,720.0,704.0,704.0
2007-04-11,714.0,714.0,704.0,707.0
2007-04-12,701.0,711.0,701.0,703.0
2007-04-13,711.0,712.0,683.0,683.0
2007-04-16,683.0,683.0,661.0,680.0
2007-04-17,679.0,679.0,635.0,635.0
2007-04-18,628.0,633.0,585.0,599.0
2007-04-19,579.0,588.0,575.0,588.0
2007-04-20,590.0,590.0,545.0,560.0
2007-04-23,570.0,570.0,524.0,528.0
2007-04-24,528.0,550.0,518.0,550.0
2007-04-25,575.0,575.0,541.0,551.0
2007-04-26,545.0,550.0,525.0,528.0
2007-04-27,528.0,535.0,521.0,535.0
2007-05-01,535.0,553.0,530.0,553.0
2007-05-02,563.0,568.0,545.0,568.0
2007-05-07,597.0,597.0,577.0,581.0
2007-05-08,585.0,585.0,573.0,575.0
2007-05-09,567.0,568.0,564.0,566.0
2007-05-10,565.0,573.0,559.0,559.0
2007-05-11,551.0,554.0,547.0,554.0
2007-05-14,604.0,604.0,597.0,604.0
2007-05-15,564.0,581.0,562.0,572.0
2007-05-16,544.0,554.0,534.0,534.0
2007-05-17,523.0,523.0,486.0,490.0
2007-05-18,475.0,487.0,472.0,485.0
2007-05-21,469.0,479.0,469.0,471.0
2007-05-22,460.0,497.0,456.0,495.0
2007-05-23,503.0,524.0,497.0,524.0
2007-05-24,495.5,497.5,488.0,491.5
2007-05-25,495.5,509.0,492.0,509.0
2007-05-28,544.0,544.0,528.0,529.0
2007-05-29,536.0,545.0,536.0,545.0
2007-05-30,531.0,545.0,527.0,530.0
2007-05-31,525.0,526.0,525.0,525.0
2007-06-01,523.0,525.0,520.0,525.0
2007-06-04,537.0,537.0,522.0,534.0
2007-06-05,524.0,543.0,524.0,540.0
2007-06-06,540.0,590.0,540.0,588.0
2007-06-07,560.0,575.0,560.0,572.0
2007-06-08,560.0,575.0,560.0,572.0
2007-06-11,565.0,576.0,565.0,576.0
2007-06-12,551.0,561.0,542.0,558.0
2007-06-13,554.0,554.0,543.0,545.0
2007-06-14,556.0,594.0,556.0,594.0
2007-06-15,598.0,612.0,588.0,602.0
2007-06-18,618.0,622.0,602.0,604.0
2007-06-19,613.0,613.0,600.0,600.0
2007-06-20,603.0,614.0,600.0,603.0
2007-06-21,598.0,607.0,589.0,607.0
2007-06-22,604.0,605.0,595.0,605.0
2007-06-25,594.0,622.0,594.0,610.0
2007-06-26,604.0,605.0,595.0,600.0
2007-06-27,603.0,603.0,591.0,591.0
2007-06-28,610.0,610.0,591.0,608.0
2007-06-29,598.0,607.0,597.0,602.0
2007-07-02,606.0,610.0,595.0,610.0
2007-07-03,599.0,606.0,599.0,606.0
2007-07-04,602.0,605.0,598.0,600.0
2007-07-05,600.0,603.0,591.0,591.0
2007-07-06,590.0,608.0,587.0,607.0
2007-07-09,601.0,610.0,600.0,609.0
2007-07-10,613.0,613.0,572.0,592.0
2007-07-11,587.0,599.0,580.0,599.0
2007-07-12,597.0,605.0,585.0,585.0
2007-07-13,580.0,600.0,580.0,593.0
2007-07-17,584.0,584.0,571.0,575.0
2007-07-18,575.0,580.0,573.0,579.0
2007-07-19,576.0,576.0,555.0,556.0
2007-07-20,548.0,556.0,541.0,556.0
2007-07-23,538.0,548.0,538.0,540.0
2007-07-24,547.0,547.0,537.0,545.0
2007-07-25,545.0,550.0,545.0,545.0
2007-07-26,541.0,550.0,540.0,540.0
2007-07-27,524.0,530.0,520.0,521.0
2007-07-30,511.0,531.0,510.0,525.0
2007-07-31,551.0,574.0,545.0,567.0
2007-08-01,572.0,572.0,550.0,550.0
2007-08-02,545.0,555.0,515.0,526.0
2007-08-03,526.0,539.0,526.0,534.0
2007-08-06,512.0,520.0,512.0,519.0
2007-08-07,524.0,524.0,520.0,523.0
2007-08-08,515.0,516.0,494.0,500.0
2007-08-09,491.5,499.0,490.0,498.0
2007-08-10,481.0,485.0,471.0,484.0
2007-08-13,484.0,490.0,472.0,490.0
2007-08-14,486.0,486.0,475.0,480.0
2007-08-15,480.0,480.0,460.0,473.0
2007-08-16,448.5,455.0,433.0,455.0
2007-08-17,455.0,455.0,440.0,440.0
2007-08-20,440.0,440.5,426.0,430.0
2007-08-21,442.0,446.0,420.0,429.0
2007-08-22,438.0,440.0,432.0,436.0
2007-08-23,433.5,453.0,433.0,452.0
2007-08-24,450.0,467.0,450.0,461.0
2007-08-27,465.0,472.5,462.0,465.0
2007-08-28,465.0,476.0,465.0,470.0
2007-08-29,440.0,460.0,440.0,451.0
2007-08-30,455.0,460.0,450.0,450.0
2007-08-31,450.0,454.5,450.0,454.5
2007-09-03,455.0,459.0,446.0,446.0
2007-09-04,445.0,460.0,445.0,459.0
2007-09-05,455.0,455.0,430.0,444.0
2007-09-06,436.0,444.0,431.0,444.0
2007-09-07,447.5,451.0,444.0,451.0
2007-09-10,440.0,440.0,435.0,436.0
2007-09-11,428.0,434.5,407.5,432.0
2007-09-12,432.0,440.0,420.0,421.0
2007-09-13,407.0,407.0,395.0,402.0
2007-09-14,396.0,402.0,390.0,401.0
2007-09-18,405.0,405.0,401.0,401.0
2007-09-19,401.5,401.5,400.0,400.0
2007-09-20,400.0,402.0,386.5,386.5
2007-09-21,370.0,400.0,367.0,400.0
2007-09-25,412.0,412.0,400.0,400.0
2007-09-26,398.0,425.0,398.0,415.0
2007-09-27,427.0,440.0,425.0,435.0
2007-09-28,447.0,454.5,438.0,445.0
2007-10-01,438.0,440.5,438.0,438.0
2007-10-02,440.5,465.0,440.0,463.0
2007-10-03,453.0,500.0,453.0,498.0
2007-10-04,497.5,508.0,479.0,502.0
2007-10-05,494.0,504.0,494.0,504.0
2007-10-09,519.0,527.0,505.0,515.0
2007-10-10,510.0,511.0,481.0,481.0
2007-10-11,476.0,490.0,468.0,475.0
2007-10-12,471.0,499.0,471.0,496.0
2007-10-15,496.0,518.0,491.0,491.0
2007-10-16,461.0,461.0,458.0,458.0
2007-10-17,446.0,454.0,445.0,445.5
2007-10-18,456.0,463.0,450.5,463.0
2007-10-19,465.0,472.0,458.0,472.0
2007-10-22,459.0,468.0,450.5,462.5
2007-10-23,469.0,471.0,460.0,461.0
2007-10-24,467.0,485.0,467.0,479.0
2007-10-25,498.0,498.0,461.0,461.0
2007-10-26,460.0,472.0,451.0,460.0
2007-10-29,476.0,490.0,475.0,485.0
2007-10-30,511.0,525.0,500.0,525.0
2007-10-31,540.0,549.0,505.0,507.0
2007-11-01,509.0,519.0,485.0,485.0
2007-11-02,473.0,492.5,470.0,491.0
2007-11-05,490.0,490.0,456.0,460.0
2007-11-06,455.0,457.5,446.0,448.0
2007-11-07,455.0,488.0,455.0,488.0
2007-11-08,448.0,453.0,448.0,451.0
2007-11-09,456.0,456.0,432.0,432.0
2007-11-12,414.0,414.0,401.0,407.0
2007-11-13,412.0,414.5,405.0,410.0
2007-11-14,444.0,445.0,441.0,444.5
2007-11-15,433.0,437.5,432.0,435.0
2007-11-16,440.0,448.0,435.0,442.0
2007-11-19,424.0,429.0,424.0,424.0
2007-11-20,406.0,407.0,398.0,407.0
2007-11-21,411.5,411.5,402.5,411.0
2007-11-22,396.0,404.5,396.0,400.0
2007-11-26,401.5,409.0,401.0,403.0
2007-11-27,402.5,407.0,400.0,401.0
2007-11-28,408.0,412.0,406.0,412.0
2007-11-29,434.0,435.0,430.0,435.0
2007-11-30,420.0,428.0,420.0,424.0
2007-12-03,419.5,430.0,419.5,430.0
2007-12-04,430.0,430.0,426.0,430.0
2007-12-05,431.0,450.0,431.0,440.0
2007-12-06,444.5,445.5,436.0,436.0
2007-12-07,435.0,438.0,430.0,435.0
2007-12-10,430.0,437.0,425.0,437.0
2007-12-11,447.0,447.0,445.0,446.5
2007-12-12,434.0,438.0,431.0,438.0
2007-12-13,434.0,440.0,434.0,440.0
2007-12-14,430.0,433.5,429.0,429.0
2007-12-17,420.0,420.0,416.0,417.5
2007-12-18,409.5,418.5,400.0,410.5
2007-12-19,410.5,411.0,406.5,410.5
2007-12-20,404.5,406.0,396.0,396.0
2007-12-21,388.0,405.5,386.0,391.0
2007-12-25,413.5,413.5,388.0,388.0
2007-12-26,395.0,396.5,390.0,396.5
2007-12-27,399.0,411.5,391.0,399.0
2007-12-28,391.0,393.0,388.5,389.0
2008-01-04,393.0,395.0,385.5,390.0
2008-01-07,380.5,385.0,380.0,380.0
2008-01-08,380.0,385.0,380.0,385.0
2008-01-09,376.0,385.0,376.0,385.0
2008-01-10,385.0,388.5,382.0,385.5
2008-01-11,372.0,381.5,371.0,381.5
2008-01-15,365.0,380.0,348.0,354.0
2008-01-16,322.0,353.0,322.0,323.0
2008-01-17,308.0,328.0,308.0,328.0
2008-01-18,315.0,324.0,312.5,314.0
2008-01-21,323.0,325.0,310.0,320.0
2008-01-22,310.0,315.0,300.0,300.0
2008-01-23,304.0,320.0,301.0,320.0
2008-01-24,320.0,332.5,319.5,331.0
2008-01-25,341.5,349.5,340.0,349.5
2008-01-28,338.0,342.0,336.5,342.0
2008-01-29,343.0,343.0,337.0,343.0
2008-01-30,343.0,343.0,339.0,341.5
2008-01-31,339.0,343.0,337.5,343.0
2008-02-01,343.5,343.5,330.0,342.0
2008-02-04,302.0,302.0,302.0,302.0
2008-02-05,265.0,269.0,262.0,262.1000061035156
2008-02-06,275.0,283.0,269.0,273.0
2008-02-07,281.0,283.0,275.0,275.0
2008-02-08,260.0,270.0,258.0,258.0
2008-02-12,271.0,274.5,256.0,256.0
2008-02-13,263.0,263.0,260.0,260.0
2008-02-14,256.5,265.0,255.0,255.0
2008-02-15,255.0,285.0,255.0,285.0
2008-02-18,275.0,290.8999938964844,272.0,284.8999938964844
2008-02-19,297.0,309.0,294.79998779296875,296.79998779296875
2008-02-20,281.0,283.0,278.0,282.0
2008-02-21,286.0,300.0,286.0,292.5
2008-02-22,297.0,299.0,297.0,299.0
2008-02-25,309.5,318.5,309.5,318.5
2008-02-26,320.0,320.0,310.0,310.0
2008-02-27,314.0,316.5,314.0,316.5
2008-02-28,311.0,317.0,308.0,308.0
2008-02-29,307.5,310.5,307.5,307.5
2008-03-03,293.0,295.5,292.5,294.1000061035156
2008-03-04,303.5,303.5,295.0,296.8999938964844
2008-03-05,301.0,303.0,301.0,303.0
2008-03-06,302.5,311.0,291.0,291.0
2008-03-07,290.1000061035156,295.0,290.1000061035156,291.1000061035156
2008-03-10,294.1000061035156,313.5,294.1000061035156,294.5
2008-03-11,310.0,321.0,308.0,321.0
2008-03-12,318.0,318.0,317.0,317.0
2008-03-13,317.0,317.0,305.0,305.0
2008-03-14,301.0,301.0,297.5,297.5
2008-03-17,287.0,287.0,285.0,285.0
2008-03-18,275.0,287.0,275.0,287.0
2008-03-19,314.0,314.0,300.5,311.0
2008-03-21,310.5,314.0,309.0,314.0
2008-03-24,306.0,315.0,306.0,310.0
2008-03-25,331.0,340.0,330.0,340.0
2008-03-26,335.0,335.0,332.0,333.0
2008-03-27,328.0,328.0,325.0,325.0
2008-03-28,329.0,329.0,329.0,329.0
2008-03-31,316.0,316.0,315.0,315.0
2008-04-01,317.0,317.0,317.0,317.0
2008-04-02,316.0,323.5,316.0,323.5
2008-04-03,323.5,323.5,323.5,323.5
2008-04-04,324.0,330.0,316.0,330.0
2008-04-07,313.5,320.0,313.0,313.0
2008-04-08,306.0,309.5,300.0,305.0
2008-04-09,310.0,310.0,306.0,310.0
2008-04-10,310.0,314.0,310.0,310.0
2008-04-11,292.0,295.0,291.0,295.0
2008-04-14,299.0,300.0,287.0,298.0
2008-04-15,301.5,301.5,301.5,301.5
2008-04-16,298.8999938964844,304.5,298.8999938964844,300.0
2008-04-17,300.0,300.0,295.0,296.0
2008-04-18,297.0,300.0,297.0,300.0
2008-04-21,301.0,301.0,300.5,301.0
2008-04-22,300.0,300.0,300.0,300.0
2008-04-23,296.6000061035156,296.6000061035156,296.6000061035156,296.6000061035156
2008-04-24,294.0,296.5,290.0,290.0
2008-04-25,298.79998779296875,300.0,298.79998779296875,300.0
2008-04-28,305.5,308.0,305.5,308.0
2008-04-30,300.0,300.5,297.8999938964844,300.5
2008-05-01,295.0,296.5,295.0,296.5
2008-05-02,291.5,291.5,287.5,289.3999938964844
2008-05-07,319.5,319.5,319.5,319.5
2008-05-08,326.0,330.0,320.0,321.0
2008-05-09,327.5,335.0,324.0,328.0
2008-05-12,319.0,325.5,319.0,319.5
2008-05-13,317.0,320.0,316.5,320.0
2008-05-14,318.0,320.0,318.0,318.0
2008-05-15,332.5,352.0,331.0,346.0
2008-05-16,349.0,356.0,320.0,325.0
2008-05-19,307.0,313.5,306.0,311.0
2008-05-20,314.5,314.5,314.0,314.0
2008-05-21,310.0,315.0,310.0,315.0
2008-05-22,312.0,312.0,312.0,312.0
2008-05-23,326.5,333.0,325.0,333.0
2008-05-26,338.0,338.0,321.0,321.0
2008-05-27,318.0,318.0,318.0,318.0
2008-05-28,320.0,330.0,318.0,322.0
2008-05-29,322.0,324.5,322.0,324.5
2008-05-30,324.0,324.0,324.0,324.0
2008-06-02,337.0,339.0,334.5,337.5
2008-06-03,339.0,339.0,333.5,333.5
2008-06-04,334.0,334.0,331.5,331.5
2008-06-05,335.0,335.0,329.0,329.0
2008-06-06,328.5,329.0,318.0,318.0
2008-06-09,311.0,311.5,311.0,311.5
2008-06-10,309.0,309.0,297.0,297.0
2008-06-11,298.79998779296875,298.79998779296875,298.79998779296875,298.79998779296875
2008-06-12,300.0,300.0,299.0,299.0
2008-06-13,297.5,300.0,296.20001220703125,296.20001220703125
2008-06-16,285.0,291.0,281.1000061035156,282.1000061035156
2008-06-17,290.3999938964844,296.3999938964844,290.3999938964844,293.3999938964844
2008-06-18,290.3999938964844,300.0,290.0,300.0
2008-06-19,299.3999938964844,299.70001220703125,296.79998779296875,296.79998779296875
2008-06-20,296.8999938964844,301.0,296.1000061035156,300.0
2008-06-23,298.0,300.0,296.0,296.0
2008-06-24,300.0,306.0,300.0,305.0
2008-06-25,301.0,301.0,292.0,300.5
2008-06-26,298.0,300.0,297.0,297.0
2008-06-27,276.0,289.1000061035156,275.1000061035156,286.0
2008-06-30,280.5,289.0,280.0,280.1000061035156
2008-07-01,286.0,295.0,280.0,280.0
2008-07-02,286.0,289.8999938964844,286.0,289.1000061035156
2008-07-03,280.1000061035156,281.0,280.1000061035156,281.0
2008-07-04,282.1000061035156,285.0,282.1000061035156,285.0
2008-07-07,279.5,279.5,279.5,279.5
2008-07-08,284.0,284.0,279.8999938964844,279.8999938964844
2008-07-09,271.20001220703125,275.8999938964844,267.0,269.8999938964844
2008-07-10,265.0,266.5,265.0,265.20001220703125
2008-07-11,267.70001220703125,272.0,267.70001220703125,272.0
2008-07-14,270.0,273.0,270.0,270.0
2008-07-15,267.5,267.5,264.8999938964844,264.8999938964844
2008-07-16,261.0,263.0,260.0,260.0
2008-07-17,265.20001220703125,265.20001220703125,262.20001220703125,262.20001220703125
2008-07-18,262.8999938964844,265.0,262.8999938964844,265.0
2008-07-22,250.0,255.0,241.0,254.5
2008-07-23,254.5,265.0,254.5,265.0
2008-07-24,270.0,278.3999938964844,270.0,278.3999938964844
2008-07-25,290.0,290.0,289.0,289.0
2008-07-28,284.0,284.29998779296875,275.29998779296875,284.29998779296875
2008-07-29,272.0,273.8999938964844,272.0,272.0
2008-07-30,275.5,275.5,275.5,275.5
2008-07-31,275.6000061035156,276.0,275.5,276.0
2008-08-01,273.1000061035156,273.1000061035156,270.0,270.0
2008-08-04,272.0,272.0,270.0,270.0
2008-08-05,270.5,270.5,264.0,270.0
2008-08-06,271.20001220703125,271.20001220703125,271.20001220703125,271.20001220703125
2008-08-07,241.39999389648438,247.39999389648438,241.1999969482422,241.1999969482422
2008-08-08,224.0,239.89999389648438,224.0,239.89999389648438
2008-08-11,240.0,243.0,240.0,242.89999389648438
2008-08-12,250.0,253.0,250.0,253.0
2008-08-13,253.0,253.0,244.0,244.0
2008-08-14,228.10000610351562,237.10000610351562,228.10000610351562,234.10000610351562
2008-08-15,239.3000030517578,239.3000030517578,227.1999969482422,236.0
2008-08-18,235.5,239.0,235.5,239.0
2008-08-19,238.0,239.0,236.5,238.5
2008-08-20,224.0,225.0,224.0,225.0
2008-08-21,220.0,230.0,220.0,230.0
2008-08-22,223.89999389648438,224.0,220.0,221.10000610351562
2008-08-25,235.89999389648438,235.89999389648438,235.10000610351562,235.10000610351562
2008-08-26,235.10000610351562,236.0,235.10000610351562,236.0
2008-08-27,240.0,240.0,238.0,238.0
2008-08-28,238.0,238.10000610351562,235.10000610351562,235.10000610351562
2008-08-29,238.1999969482422,239.0,236.0,239.0
2008-09-01,233.5,233.60000610351562,230.0,230.0
2008-09-02,238.89999389648438,239.0,238.89999389648438,239.0
2008-09-03,238.0,238.0,235.0,235.0
2008-09-04,235.0,235.10000610351562,233.0,233.0
2008-09-05,220.0,220.0,210.0,215.0
2008-09-08,223.0,225.0,216.0,219.0
2008-09-09,220.0,220.0,218.0,218.0
2008-09-10,220.0,220.0,218.0,218.0
2008-09-11,221.39999389648438,224.0,216.0,224.0
2008-09-12,224.0,225.0,224.0,225.0
2008-09-16,206.0,217.0,201.5,217.0
2008-09-17,219.0,234.0,218.5,234.0
2008-09-18,231.5,238.39999389648438,231.5,238.39999389648438
2008-09-19,250.0,250.0,250.0,250.0
2008-09-22,237.0,246.0,237.0,244.0
2008-09-24,244.0,255.0,244.0,255.0
2008-09-25,265.5,265.5,265.5,265.5
2008-09-26,240.60000610351562,240.60000610351562,240.5,240.5
2008-09-29,239.39999389648438,239.39999389648438,235.0,235.0
2008-09-30,211.0,220.0,211.0,214.0
2008-10-01,215.0,216.5,215.0,215.0
2008-10-02,221.0,221.0,215.0,215.0
2008-10-03,206.0,206.0,203.0,203.0
2008-10-06,187.0,193.0,185.0,193.0
2008-10-07,173.0,179.0,173.0,173.10000610351562
2008-10-08,167.0,172.0,165.0,172.0
2008-10-09,172.0,185.0,172.0,185.0
2008-10-10,170.5,172.5,166.0,166.10000610351562
2008-10-14,186.0,186.10000610351562,183.0,185.0
2008-10-15,193.0,205.0,193.0,203.0
2008-10-16,213.0,213.0,212.0,212.0
2008-10-17,218.0,222.0,218.0,222.0
2008-10-20,240.10000610351562,245.0,240.0,240.0
2008-10-21,248.0,252.5,243.5,252.5
2008-10-22,262.0,262.0,259.0,259.0
2008-10-23,255.0,255.10000610351562,253.0,253.89999389648438
2008-10-24,255.5,255.5,240.0,240.0
2008-10-27,250.0,255.0,246.0,255.0
2008-10-28,255.0,255.0,225.0,225.0
2008-10-29,251.0,255.0,251.0,254.0
2008-10-30,250.0,255.0,250.0,255.0
2008-10-31,255.0,260.0,250.0,260.0
2008-11-04,266.0,266.0,263.0,265.0
2008-11-05,270.0,275.0,267.0,274.0
2008-11-06,303.0,303.5,293.0,293.0
2008-11-07,297.0,301.0,297.0,301.0
2008-11-10,296.79998779296875,296.79998779296875,296.79998779296875,296.79998779296875
2008-11-11,300.0,303.5,300.0,303.5
2008-11-12,320.5,327.0,320.5,327.0
2008-11-13,331.0,340.0,331.0,340.0
2008-11-14,346.0,346.0,333.0,333.0
2008-11-17,350.0,373.0,350.0,373.0
2008-11-18,377.0,379.0,360.0,378.0
2008-11-19,418.0,418.0,418.0,418.0
2008-11-20,450.0,458.0,448.0,451.0
2008-11-21,411.0,435.0,411.0,434.0
2008-11-25,430.0,434.0,430.0,434.0
2008-11-26,438.0,438.0,434.0,438.0
2008-11-27,418.0,418.0,398.0,398.0
2008-11-28,411.0,420.0,411.0,420.0
2008-12-01,412.0,412.0,412.0,412.0
2008-12-02,387.5,387.5,374.0,376.0
2008-12-03,403.0,406.5,402.0,405.0
2008-12-04,384.5,389.0,381.0,385.5
2008-12-05,393.0,393.0,389.0,389.0
2008-12-08,396.5,410.0,396.0,404.0
2008-12-09,418.0,419.5,416.0,416.0
2008-12-10,404.5,420.0,404.5,419.0
2008-12-11,400.5,412.0,400.5,410.0
2008-12-12,411.5,411.5,405.5,406.0
2008-12-15,415.0,415.0,414.0,414.0
2008-12-16,410.0,410.5,406.0,406.0
2008-12-17,387.0,387.0,386.0,386.5
2008-12-18,375.0,375.5,375.0,375.5
2008-12-19,355.0,355.0,337.5,338.0
2008-12-22,325.0,325.0,310.0,310.5
2008-12-24,270.5,281.0,270.5,278.1000061035156
2008-12-25,280.0,280.0,271.5,272.0
2008-12-26,275.0,280.0,274.0,280.0
2008-12-29,282.0,293.0,282.0,293.0
2008-12-30,290.0,300.0,290.0,300.0
2009-01-05,300.0,329.0,300.0,329.0
2009-01-06,339.0,355.0,334.0,355.0
2009-01-07,346.0,350.0,342.0,350.0
2009-01-08,344.0,344.0,344.0,344.0
2009-01-09,342.0,347.0,342.0,347.0
2009-01-13,343.0,343.5,343.0,343.5
2009-01-14,341.0,348.0,341.0,348.0
2009-01-15,347.0,347.5,347.0,347.5
2009-01-16,347.5,347.5,346.0,346.5
2009-01-19,346.5,350.0,345.0,346.0
2009-01-20,342.0,345.0,341.0,345.0
2009-01-21,343.0,347.0,343.0,347.0
2009-01-22,348.0,351.0,348.0,349.5
2009-01-23,345.5,345.5,345.5,345.5
2009-01-26,340.0,346.5,340.0,346.0
2009-01-27,343.0,363.5,342.0,363.5
2009-01-28,359.5,359.5,350.0,350.0
2009-01-29,346.0,354.5,346.0,354.5
2009-01-30,347.5,347.5,347.5,347.5
2009-02-02,340.5,348.0,336.0,348.0
2009-02-03,340.5,341.5,329.0,340.5
2009-02-04,340.0,348.5,336.0,348.5
2009-02-05,345.0,345.0,345.0,345.0
2009-02-06,349.0,349.5,341.5,341.5
2009-02-09,341.5,341.5,341.5,341.5
2009-02-10,341.0,350.0,339.0,343.5
2009-02-12,344.0,344.0,343.5,343.5
2009-02-13,340.0,340.0,340.0,340.0
2009-02-16,345.5,349.5,342.5,343.5
2009-02-17,340.0,340.0,340.0,340.0
2009-02-18,340.0,340.0,340.0,340.0
2009-02-19,340.0,345.0,334.0,345.0
2009-02-20,338.0,340.0,338.0,340.0
2009-02-23,340.0,342.0,340.0,342.0
2009-02-24,339.0,342.0,339.0,342.0
2009-02-25,339.0,339.0,339.0,339.0
2009-02-26,335.5,340.0,335.5,340.0
2009-02-27,335.0,340.0,333.5,340.0
2009-03-02,340.0,340.0,339.0,340.0
2009-03-03,340.0,340.0,339.0,340.0
2009-03-04,333.0,349.5,333.0,349.5
2009-03-05,346.0,346.0,346.0,346.0
2009-03-06,343.5,343.5,342.5,342.5
2009-03-09,342.5,342.5,340.5,340.5
2009-03-10,340.0,340.0,340.0,340.0
2009-03-11,339.5,339.5,336.5,336.5
2009-03-12,336.5,336.5,336.5,336.5
2009-03-13,336.0,340.0,336.0,340.0
2009-03-16,348.5,348.5,348.0,348.0
2009-03-17,349.0,349.0,345.0,345.0
2009-03-18,345.0,345.0,345.0,345.0
2009-03-19,338.0,338.5,336.0,336.0
2009-03-23,336.5,336.5,331.0,331.0
2009-03-24,331.5,340.0,331.5,340.0
2009-03-25,339.5,339.5,339.5,339.5
2009-03-26,322.0,325.0,322.0,325.0
2009-03-27,324.0,324.0,316.0,324.0
2009-03-30,320.0,320.0,319.0,319.0
2009-03-31,323.0,323.5,320.0,320.5
2009-04-01,323.0,323.0,323.0,323.0
2009-04-02,309.5,309.5,302.0,303.0
2009-04-03,310.0,310.0,305.5,305.5
2009-04-06,309.5,309.5,293.5,299.0
2009-04-07,288.0,300.0,287.20001220703125,289.29998779296875
2009-04-08,283.29998779296875,285.79998779296875,283.0,285.79998779296875
2009-04-09,280.1000061035156,285.1000061035156,280.1000061035156,285.1000061035156
2009-04-10,300.0,300.0,283.29998779296875,289.29998779296875
2009-04-13,281.3999938964844,284.5,281.29998779296875,283.0
2009-04-14,280.20001220703125,280.20001220703125,280.20001220703125,280.20001220703125
2009-04-15,283.3999938964844,283.3999938964844,283.3999938964844,283.3999938964844
2009-04-16,278.5,278.5,275.5,275.5
2009-04-17,284.3999938964844,284.3999938964844,271.0,279.8999938964844
2009-04-20,270.70001220703125,271.0,270.70001220703125,271.0
2009-04-21,275.0,275.0,274.5,275.0
2009-04-22,275.0,275.0,275.0,275.0
2009-04-23,259.0,266.5,259.0,266.5
2009-04-24,296.5,296.5,295.0,296.5
2009-04-27,326.5,326.5,326.5,326.5
2009-04-28,327.0,345.0,317.5,345.0
2009-04-30,305.0,306.5,305.0,305.0
2009-05-01,296.0,297.0,295.0,295.0
2009-05-07,290.0,290.0,285.0,285.0
2009-05-08,305.0,305.0,304.0,304.0
2009-05-11,308.0,308.0,299.5,299.5
2009-05-12,306.0,306.0,285.0,285.0
2009-05-13,300.0,300.0,285.0,285.0
2009-05-14,282.29998779296875,282.29998779296875,282.29998779296875,282.29998779296875
2009-05-15,280.1000061035156,281.1000061035156,278.6000061035156,278.70001220703125
2009-05-18,279.0,285.1000061035156,278.29998779296875,278.29998779296875
2009-05-19,279.29998779296875,282.0,279.29998779296875,279.6000061035156
2009-05-20,280.1000061035156,282.20001220703125,278.79998779296875,278.79998779296875
2009-05-21,278.1000061035156,280.79998779296875,278.1000061035156,278.79998779296875
2009-05-22,278.5,279.0,271.0,271.5
2009-05-25,270.8999938964844,271.5,270.70001220703125,270.8999938964844
2009-05-26,270.1000061035156,272.70001220703125,270.1000061035156,270.1000061035156
2009-05-27,277.0,285.0,275.6000061035156,285.0
2009-05-28,298.3999938964844,300.0,294.0,297.0
2009-05-29,288.3999938964844,298.1000061035156,286.1000061035156,298.1000061035156
2009-06-01,300.0,303.0,298.0,300.0
2009-06-02,298.0,299.0,294.5,296.0
2009-06-03,293.1000061035156,293.29998779296875,290.6000061035156,290.6000061035156
2009-06-04,290.0,290.5,290.0,290.0
2009-06-05,290.0,293.20001220703125,289.0,290.0
2009-06-08,294.3999938964844,294.3999938964844,292.70001220703125,294.3999938964844
2009-06-09,293.5,293.5,281.0,288.0
2009-06-10,283.0,285.0,280.5,281.5
2009-06-11,280.0,280.0,278.0,279.20001220703125
2009-06-12,287.5,290.0,285.0,287.0
2009-06-15,292.6000061035156,295.0,292.5,294.8999938964844
2009-06-16,288.1000061035156,288.1000061035156,285.0,288.1000061035156
2009-06-17,292.29998779296875,300.0,290.0,296.0
2009-06-18,280.1000061035156,288.0,280.1000061035156,288.0
2009-06-19,279.1000061035156,294.29998779296875,279.0,294.20001220703125
2009-06-22,286.6000061035156,290.0,286.6000061035156,287.0
2009-06-23,280.29998779296875,281.20001220703125,280.29998779296875,281.0
2009-06-24,283.0,288.79998779296875,283.0,288.79998779296875
2009-06-25,288.79998779296875,288.79998779296875,282.8999938964844,283.1000061035156
2009-06-26,283.1000061035156,288.0,280.0,280.5
2009-06-29,281.6000061035156,292.79998779296875,280.1000061035156,292.79998779296875
2009-06-30,291.8999938964844,291.8999938964844,285.0,285.0
2009-07-01,285.0,285.0,281.1000061035156,281.1000061035156
2009-07-02,281.3999938964844,283.0,280.0,283.0
2009-07-03,280.1000061035156,280.1000061035156,277.20001220703125,279.0
2009-07-06,279.0,279.0,278.0,278.6000061035156
2009-07-07,278.79998779296875,281.0,278.6000061035156,278.79998779296875
2009-07-08,278.79998779296875,278.79998779296875,276.29998779296875,276.29998779296875
2009-07-09,275.5,275.5,270.5,270.5
2009-07-10,267.5,269.0,261.0,261.5
2009-07-13,258.0,258.0,252.60000610351562,252.60000610351562
2009-07-14,253.0,256.0,252.0,252.0
2009-07-15,254.0,260.0,254.0,260.0
2009-07-16,260.1000061035156,282.1000061035156,260.1000061035156,279.0
2009-07-17,276.1000061035156,284.5,273.0,284.5
2009-07-21,275.5,276.0,275.0,275.0
2009-07-22,274.70001220703125,274.70001220703125,271.0,271.0
2009-07-23,273.5,274.5,272.20001220703125,274.5
2009-07-24,286.5,294.8999938964844,286.5,294.79998779296875
2009-07-27,290.0,293.8999938964844,286.5,286.5
2009-07-28,281.1000061035156,281.1000061035156,263.0,263.0
2009-07-29,264.20001220703125,264.20001220703125,258.0,258.0
2009-07-30,263.0,277.0,260.0,276.8999938964844
2009-07-31,267.79998779296875,277.6000061035156,265.70001220703125,266.1000061035156
2009-08-03,266.0,274.5,263.0,265.0
2009-08-04,270.0,273.29998779296875,270.0,273.29998779296875
2009-08-05,279.79998779296875,279.8999938964844,279.79998779296875,279.8999938964844
2009-08-06,279.8999938964844,279.8999938964844,267.8999938964844,273.0
2009-08-07,268.1000061035156,270.0,268.1000061035156,270.0
2009-08-10,265.20001220703125,270.0,265.20001220703125,267.8999938964844
2009-08-11,276.6000061035156,278.0,276.6000061035156,278.0
2009-08-12,269.29998779296875,269.29998779296875,269.29998779296875,269.29998779296875
2009-08-13,270.0,272.1000061035156,265.1000061035156,272.1000061035156
2009-08-14,273.0,273.0,270.0,270.0
2009-08-17,273.0,273.0,260.0,260.0
2009-08-18,260.0,260.0,255.5,255.5
2009-08-19,264.3999938964844,267.8999938964844,255.0,255.5
2009-08-20,259.0,260.0,249.0,255.5
2009-08-21,261.5,261.5,255.5,258.0
2009-08-24,264.0,265.79998779296875,260.0,265.79998779296875
2009-08-25,270.0,270.0,267.0,267.0
2009-08-26,261.5,264.6000061035156,259.6000061035156,259.6000061035156
2009-08-27,259.6000061035156,267.5,259.5,265.0
2009-08-28,264.8999938964844,270.0,261.5,270.0
2009-08-31,270.1000061035156,270.1000061035156,260.20001220703125,260.20001220703125
2009-09-02,260.1000061035156,260.1000061035156,259.1000061035156,259.20001220703125
2009-09-03,258.20001220703125,259.0,258.1000061035156,259.0
2009-09-04,259.0,261.0,259.0,259.0
2009-09-07,268.0,268.3999938964844,243.0,243.39999389648438
2009-09-08,249.39999389648438,249.39999389648438,246.0,246.0
2009-09-09,246.0,248.0,246.0,246.1999969482422
2009-09-10,246.1999969482422,246.1999969482422,246.1999969482422,246.1999969482422
2009-09-11,246.1999969482422,250.0,240.0,250.0
2009-09-14,248.1999969482422,252.0,247.0,252.0
2009-09-15,250.0,250.10000610351562,247.10000610351562,250.0
2009-09-16,252.0,252.0,242.5,250.0
2009-09-17,250.3000030517578,250.3000030517578,246.5,249.89999389648438
2009-09-18,247.8000030517578,250.0,245.3000030517578,249.5
2009-09-21,249.5,249.5,249.5,249.5
2009-09-24,250.0,250.0,241.0,244.39999389648438
2009-09-25,256.3999938964844,260.0,256.29998779296875,257.0
2009-09-28,248.0,249.0,242.0,242.0
2009-09-29,242.39999389648438,242.39999389648438,242.39999389648438,242.39999389648438
2009-09-30,239.39999389648438,243.0,239.39999389648438,243.0
2009-10-01,237.6999969482422,238.0,227.5,227.60000610351562
2009-10-02,230.0,230.0,216.0,216.10000610351562
2009-10-05,215.5,215.5,209.0,209.10000610351562
2009-10-06,210.1999969482422,212.0,210.1999969482422,212.0
2009-10-07,215.0,238.0,215.0,235.0
2009-10-08,234.0,240.0,234.0,240.0
2009-10-09,239.0,241.6999969482422,239.0,241.6999969482422
2009-10-13,238.0,238.0,238.0,238.0
2009-10-14,238.0,238.0,237.0,237.0
2009-10-15,237.0,237.0,237.0,237.0
2009-10-16,237.0,238.0,230.0,230.0
2009-10-19,230.5,230.5,228.3000030517578,228.3000030517578
2009-10-20,228.39999389648438,231.0,212.0,218.0
2009-10-21,215.3000030517578,216.10000610351562,215.0,215.1999969482422
2009-10-22,220.0,225.1999969482422,220.0,225.1999969482422
2009-10-23,235.0,235.0,230.0,230.0
2009-10-26,233.0,233.0,222.0,222.0
2009-10-27,226.89999389648438,226.89999389648438,226.10000610351562,226.10000610351562
2009-10-28,220.39999389648438,224.89999389648438,220.3000030517578,224.89999389648438
2009-10-29,220.0,226.89999389648438,215.0,215.0
2009-10-30,209.0,210.10000610351562,209.0,210.0
2009-11-02,218.8000030517578,218.8000030517578,217.0,218.5
2009-11-04,212.0,212.5,210.10000610351562,210.10000610351562
2009-11-05,210.10000610351562,210.10000610351562,200.0,204.0
2009-11-06,204.0,216.10000610351562,199.10000610351562,200.0
2009-11-09,200.0,200.0,182.39999389648438,192.0
2009-11-10,195.0,200.0,191.0,193.0
2009-11-11,191.0,191.0,186.0,191.0
2009-11-12,185.6999969482422,190.8000030517578,185.5,190.8000030517578
2009-11-13,192.0,193.5,192.0,192.60000610351562
2009-11-16,191.89999389648438,212.60000610351562,191.89999389648438,212.60000610351562
2009-11-17,199.0,199.0,185.3000030517578,186.0
2009-11-18,186.0,186.0,185.0,186.0
2009-11-19,187.0,187.0,186.0,186.1999969482422
2009-11-20,186.39999389648438,190.0,186.10000610351562,190.0
2009-11-24,188.0,192.0,186.5,192.0
2009-11-25,212.0,212.0,212.0,212.0
2009-11-26,224.0,229.89999389648438,223.1999969482422,225.0
2009-11-27,217.0,220.0,199.0,200.0
2009-11-30,200.0,202.0,200.0,202.0
2009-12-01,205.10000610351562,205.10000610351562,205.0,205.10000610351562
2009-12-02,206.0,206.0,195.5,195.5
2009-12-03,193.0,193.0,188.0,190.0
2009-12-04,193.0,198.0,191.0,198.0
2009-12-07,198.0,198.0,192.0,192.5
2009-12-08,195.89999389648438,195.89999389648438,192.5,192.5
2009-12-09,192.1999969482422,192.1999969482422,188.0,188.0
2009-12-10,188.0,191.89999389648438,188.0,191.89999389648438
2009-12-11,191.89999389648438,192.0,189.0,192.0
2009-12-14,188.0,188.5,188.0,188.10000610351562
2009-12-15,188.10000610351562,193.3000030517578,188.10000610351562,193.3000030517578
2009-12-16,194.0,201.0,192.0,201.0
2009-12-17,200.0,200.0,195.0,195.0
2009-12-18,193.0,193.39999389648438,193.0,193.3000030517578
2009-12-21,193.5,200.0,193.39999389648438,200.0
2009-12-22,203.0,213.0,201.0,212.0
2009-12-24,215.0,232.0,214.89999389648438,219.89999389648438
2009-12-25,225.89999389648438,225.89999389648438,213.5,213.5
2009-12-28,215.89999389648438,232.89999389648438,208.1999969482422,230.0
2009-12-29,220.0,223.0,216.10000610351562,216.10000610351562
2009-12-30,214.89999389648438,214.89999389648438,207.10000610351562,214.0
2010-01-04,217.0,217.0,205.0,205.0
2010-01-05,205.0,205.0,200.0,203.0
2010-01-06,201.10000610351562,203.89999389648438,196.8000030517578,203.89999389648438
2010-01-07,203.89999389648438,203.89999389648438,195.0,195.10000610351562
2010-01-08,199.89999389648438,200.0,199.89999389648438,200.0
2010-01-12,200.0,205.0,198.10000610351562,200.0
2010-01-13,200.0,200.0,196.89999389648438,199.89999389648438
2010-01-14,197.60000610351562,200.0,197.10000610351562,200.0
2010-01-15,203.0,210.5,200.6999969482422,206.0
2010-01-18,208.0,215.0,208.0,215.0
2010-01-19,209.10000610351562,215.0,209.10000610351562,215.0
2010-01-20,216.0,217.89999389648438,200.1999969482422,211.0
2010-01-21,210.0,212.8000030517578,207.1999969482422,207.1999969482422
2010-01-22,203.10000610351562,206.0,203.10000610351562,206.0
2010-01-25,210.0,230.0,210.0,230.0
2010-01-26,220.0,225.0,213.3000030517578,213.3000030517578
2010-01-27,218.0,228.0,218.0,228.0
2010-01-28,223.0,228.8000030517578,223.0,225.0
2010-01-29,215.0,220.10000610351562,210.10000610351562,218.0
2010-02-01,223.0,223.0,222.1999969482422,223.0
2010-02-02,222.0,223.0,218.0,221.0
2010-02-03,221.0,221.0,221.0,221.0
2010-02-04,221.0,221.0,209.0,209.0
2010-02-05,206.6999969482422,206.6999969482422,191.0,196.5
2010-02-08,199.0,200.0,199.0,199.8000030517578
2010-02-09,202.0,202.0,199.89999389648438,200.10000610351562
2010-02-10,204.39999389648438,204.39999389648438,199.0,203.1999969482422
2010-02-12,203.1999969482422,203.1999969482422,200.0,203.10000610351562
2010-02-15,198.5,200.0,197.0,197.0
2010-02-16,201.0,201.0,191.0,199.0
2010-02-17,200.0,200.0,196.5,197.0
2010-02-18,201.0,206.0,201.0,205.0
2010-02-19,202.1999969482422,202.1999969482422,200.0,202.0
2010-02-22,200.39999389648438,200.8000030517578,199.60000610351562,199.89999389648438
2010-02-23,200.60000610351562,200.8000030517578,200.0,200.0
2010-02-24,201.0,201.10000610351562,199.8000030517578,201.0
2010-02-25,201.0,210.0,199.8000030517578,207.89999389648438
2010-02-26,205.0,206.0,202.0,203.10000610351562
2010-03-01,204.3000030517578,253.10000610351562,204.3000030517578,253.10000610351562
2010-03-02,260.1000061035156,299.79998779296875,242.10000610351562,262.0
2010-03-03,255.5,255.5,242.5,245.10000610351562
2010-03-04,244.0,244.0,233.10000610351562,243.0
2010-03-05,238.0,293.0,237.0,293.0
2010-03-08,317.0,343.0,290.0,343.0
2010-03-09,345.0,387.0,337.0,387.0
2010-03-10,401.0,457.0,401.0,457.0
2010-03-11,485.0,527.0,443.0,527.0
2010-03-12,541.0,626.0,529.0,619.0
2010-03-15,559.0,602.0,525.0,542.0
2010-03-16,532.0,633.0,500.0,546.0
2010-03-17,524.0,536.0,488.0,501.0
2010-03-18,521.0,521.0,491.5,506.0
2010-03-19,496.0,500.0,480.5,497.5
2010-03-23,505.0,562.0,483.5,558.0
2010-03-24,542.0,542.0,500.0,515.0
2010-03-25,517.0,517.0,460.0,480.0
2010-03-26,473.0,477.0,430.5,448.0
2010-03-29,456.0,457.0,422.0,439.5
2010-03-30,471.0,471.0,421.5,431.0
2010-03-31,445.0,494.0,424.5,475.0
2010-04-01,441.5,468.0,433.0,450.5
2010-04-02,452.5,521.0,452.5,521.0
2010-04-05,511.0,615.0,496.0,576.0
2010-04-06,586.0,598.0,536.0,560.0
2010-04-07,550.0,578.0,530.0,554.0
2010-04-08,538.0,548.0,508.0,545.0
2010-04-09,548.0,580.0,525.0,554.0
2010-04-12,550.0,560.0,532.0,537.0
2010-04-13,558.0,558.0,530.0,536.0
2010-04-14,543.0,610.0,521.0,590.0
2010-04-15,610.0,690.0,610.0,690.0
2010-04-16,759.0,790.0,721.0,790.0
2010-04-19,820.0,826.0,670.0,729.0
2010-04-20,735.0,748.0,579.0,615.0
2010-04-21,635.0,688.0,621.0,662.0
2010-04-22,756.0,762.0,738.0,762.0
2010-04-23,822.0,840.0,710.0,745.0
2010-04-26,750.0,753.0,720.0,720.0
2010-04-27,702.0,744.0,690.0,735.0
2010-04-28,700.0,723.0,698.0,700.0
2010-04-30,705.0,708.0,680.0,703.0
2010-05-06,568.0,640.0,560.0,611.0
2010-05-07,590.0,600.0,560.0,578.0
2010-05-10,558.0,574.0,544.0,556.0
2010-05-11,570.0,574.0,501.0,519.0
2010-05-12,589.0,590.0,529.0,535.0
2010-05-13,541.0,549.0,510.0,528.0
2010-05-14,548.0,548.0,499.0,518.0
2010-05-17,491.0,505.0,439.0,442.0
2010-05-18,456.0,459.0,400.0,400.0
2010-05-19,408.5,445.0,405.0,421.5
2010-05-20,435.5,470.0,429.5,431.0
2010-05-21,396.0,454.5,387.0,450.5
2010-05-24,424.0,444.0,413.0,444.0
2010-05-25,435.0,435.0,374.0,380.0
2010-05-26,408.0,410.0,373.0,388.5
2010-05-27,381.0,419.0,381.0,413.0
2010-05-28,421.0,429.0,413.0,419.5
2010-05-31,405.5,430.0,400.0,420.0
2010-06-01,441.0,441.0,403.5,426.0
2010-06-02,412.0,438.5,401.0,411.0
2010-06-03,417.5,481.0,408.5,481.0
2010-06-04,481.0,532.0,470.0,473.0
2010-06-07,480.0,543.0,480.0,543.0
2010-06-08,559.0,619.0,541.0,557.0
2010-06-09,557.0,570.0,485.5,512.0
2010-06-10,495.0,563.0,495.0,519.0
2010-06-11,530.0,537.0,490.0,501.0
2010-06-14,509.0,550.0,490.0,538.0
2010-06-15,534.0,567.0,508.0,511.0
2010-06-16,521.0,535.0,508.0,517.0
2010-06-17,527.0,527.0,495.0,512.0
2010-06-18,502.0,515.0,470.0,472.0
2010-06-21,473.0,515.0,472.0,491.0
2010-06-22,484.0,525.0,480.0,517.0
2010-06-23,551.0,617.0,523.0,616.0
2010-06-24,622.0,716.0,588.0,609.0
2010-06-25,589.0,634.0,563.0,576.0
2010-06-28,606.0,622.0,514.0,531.0
2010-06-29,521.0,580.0,510.0,510.0
2010-06-30,501.0,526.0,481.5,520.0
2010-07-01,500.0,526.0,489.0,494.0
2010-07-02,481.0,509.0,481.0,492.0
2010-07-05,483.0,520.0,482.0,514.0
2010-07-06,500.0,509.0,490.5,502.0
2010-07-07,507.0,511.0,492.0,494.0
2010-07-08,506.0,509.0,480.5,483.0
2010-07-09,480.0,481.0,450.0,464.0
2010-07-12,478.0,495.0,453.0,464.5
2010-07-13,471.5,523.0,462.5,484.5
2010-07-14,488.5,501.0,475.0,495.0
2010-07-15,491.0,498.5,477.0,496.0
2010-07-16,485.5,490.0,466.0,480.0
2010-07-21,445.0,445.0,403.0,418.0
2010-07-22,410.0,439.5,390.0,435.0
2010-07-23,414.0,420.0,389.0,408.5
2010-07-26,411.0,428.5,408.0,420.0
2010-07-27,418.0,428.0,410.0,420.0
2010-07-28,410.5,423.5,389.0,417.5
2010-07-29,412.0,423.0,409.0,416.0
2010-07-30,410.0,410.0,400.5,401.5
2010-08-02,396.5,407.5,395.0,395.5
2010-08-03,408.0,408.0,382.0,400.0
2010-08-04,382.5,400.0,378.0,386.0
2010-08-05,383.0,418.0,378.0,381.0
2010-08-06,390.5,451.0,382.5,451.0
2010-08-09,431.5,475.0,417.0,434.5
2010-08-10,427.5,505.0,427.5,464.0
2010-08-11,471.0,510.0,442.0,466.5
2010-08-12,451.5,469.0,417.0,436.0
2010-08-13,423.5,442.0,410.0,428.0
2010-08-16,414.0,420.0,385.0,408.0
2010-08-17,398.0,401.0,390.0,397.0
2010-08-18,411.0,413.5,390.0,409.5
2010-08-19,399.0,415.0,395.0,410.0
2010-08-20,403.0,416.5,400.0,403.0
2010-08-23,393.5,413.5,390.5,412.0
2010-08-24,408.0,408.0,389.0,393.0
2010-08-25,381.5,390.0,374.0,375.0
2010-08-26,386.0,405.0,378.5,383.0
2010-08-27,381.0,395.5,380.0,393.0
2010-08-30,421.0,421.0,397.5,399.0
2010-08-31,390.5,401.0,387.0,397.0
2010-09-01,401.0,404.5,375.5,375.5
2010-09-02,389.5,440.0,385.0,402.5
2010-09-03,410.0,415.0,390.5,415.0
2010-09-06,406.5,415.0,401.0,410.5
2010-09-07,430.5,434.0,415.0,430.0
2010-09-08,430.0,464.0,425.0,440.0
2010-09-09,432.0,439.0,421.0,438.0
2010-09-10,445.0,445.0,430.0,432.0
2010-09-13,439.0,450.0,433.0,450.0
2010-09-14,461.0,485.0,438.0,438.5
2010-09-16,420.5,429.5,420.5,421.0
2010-09-17,422.0,422.0,400.0,409.5
2010-09-21,416.0,438.0,416.0,438.0
2010-09-22,431.0,446.0,421.0,428.0
2010-09-24,414.0,421.0,402.0,402.5
2010-09-27,414.5,414.5,398.0,410.0
2010-09-28,402.5,417.0,399.0,416.5
2010-09-29,416.5,417.5,409.5,417.5
2010-09-30,417.5,417.5,403.0,403.0
2010-10-01,396.5,409.5,394.0,408.0
2010-10-04,403.0,415.5,403.0,415.0
2010-10-05,399.0,415.0,388.5,412.0
2010-10-06,405.0,417.0,401.5,409.0
2010-10-07,404.0,414.0,395.0,414.0
2010-10-08,415.0,426.0,412.0,413.0
2010-10-12,408.0,418.0,402.0,402.0
2010-10-13,402.0,409.5,389.0,392.5
2010-10-14,393.0,393.0,373.0,378.0
2010-10-15,373.5,373.5,364.5,364.5
2010-10-18,366.0,370.0,361.0,361.0
2010-10-19,365.0,371.0,354.0,371.0
2010-10-20,369.0,369.0,354.0,361.5
2010-10-21,356.0,360.0,348.0,357.5
2010-10-22,350.5,410.0,347.0,410.0
2010-10-25,400.0,409.5,380.0,380.5
2010-10-26,370.0,392.0,370.0,378.5
2010-10-27,371.5,396.5,370.0,393.0
2010-10-28,379.0,392.0,370.5,392.0
2010-10-29,379.0,410.0,370.5,405.0
2010-11-01,400.0,400.0,388.5,388.5
2010-11-02,380.5,380.5,370.0,374.0
2010-11-04,380.5,400.0,380.5,393.0
2010-11-05,390.0,390.0,380.5,386.0
2010-11-08,386.5,390.0,385.0,390.0
2010-11-09,376.0,390.0,375.0,388.5
2010-11-10,389.0,400.0,385.0,398.0
2010-11-11,404.0,409.0,391.0,391.0
2010-11-12,405.0,405.0,398.0,404.5
2010-11-15,404.5,404.5,395.0,402.0
2010-11-16,397.5,400.0,379.0,386.0
2010-11-17,379.0,400.0,370.0,398.0
2010-11-18,391.0,399.5,385.0,398.5
2010-11-19,400.5,402.0,396.0,401.0
2010-11-22,402.0,457.0,401.5,456.0
2010-11-24,443.0,482.0,441.0,460.0
2010-11-25,474.0,495.0,460.0,481.0
2010-11-26,470.0,477.0,451.5,460.0
2010-11-29,455.0,455.0,442.0,442.5
2010-11-30,442.5,443.0,406.0,415.5
2010-12-01,415.5,429.5,410.0,425.0
2010-12-02,425.0,433.0,425.0,430.5
2010-12-03,423.5,430.0,417.0,427.5
2010-12-06,420.5,428.0,410.0,420.5
2010-12-07,420.5,428.0,420.5,422.5
2010-12-08,429.0,445.0,417.0,439.0
2010-12-09,442.5,448.5,430.0,448.5
2010-12-10,447.5,484.5,445.0,460.0
2010-12-13,468.0,472.5,440.0,463.5
2010-12-14,488.0,518.0,470.0,518.0
2010-12-15,538.0,548.0,486.0,491.5
2010-12-16,484.5,517.0,475.0,498.0
2010-12-17,491.0,520.0,480.0,518.0
2010-12-20,508.0,532.0,491.0,503.0
2010-12-21,515.0,585.0,490.0,550.0
2010-12-22,570.0,622.0,513.0,532.0
2010-12-24,521.0,540.0,506.0,520.0
2010-12-27,512.0,520.0,482.0,490.0
2010-12-28,496.0,500.0,487.0,492.0
2010-12-29,489.5,490.0,465.0,476.5
2010-12-30,490.0,490.0,476.5,484.0
2011-01-04,480.0,514.0,480.0,505.0
2011-01-05,505.0,538.0,500.0,530.0
2011-01-06,535.0,541.0,510.0,525.0
2011-01-07,515.0,543.0,512.0,540.0
2011-01-11,540.0,569.0,531.0,561.0
2011-01-12,580.0,580.0,545.0,548.0
2011-01-13,558.0,569.0,550.0,562.0
2011-01-14,565.0,584.0,556.0,558.0
2011-01-17,563.0,565.0,528.0,539.0
2011-01-18,535.0,536.0,520.0,530.0
2011-01-19,530.0,549.0,530.0,546.0
2011-01-20,547.0,547.0,523.0,524.0
2011-01-21,535.0,535.0,481.0,510.0
2011-01-24,500.0,512.0,491.0,508.0
2011-01-25,506.0,531.0,506.0,523.0
2011-01-26,518.0,518.0,502.0,505.0
2011-01-27,503.0,506.0,490.5,498.0
2011-01-28,491.0,491.0,460.0,471.5
2011-01-31,443.5,460.0,443.5,453.5
2011-02-01,467.5,469.0,458.5,465.0
2011-02-02,465.0,486.5,465.0,486.5
2011-02-03,493.5,504.0,473.0,480.0
2011-02-04,480.5,484.0,465.0,465.0
2011-02-07,467.0,490.0,467.0,477.0
2011-02-08,485.0,485.0,465.0,475.0
2011-02-09,476.0,476.0,462.5,464.0
2011-02-10,460.0,463.0,444.0,453.0
2011-02-14,450.0,454.5,442.0,448.0
2011-02-15,448.0,449.0,438.0,444.0
2011-02-16,446.0,450.0,440.0,449.5
2011-02-17,449.0,450.0,421.0,435.0
2011-02-18,430.0,450.0,423.5,440.0
2011-02-21,441.0,466.0,441.0,464.5
2011-02-22,476.0,478.0,453.0,460.5
2011-02-23,451.5,497.0,450.5,475.0
2011-02-24,480.0,480.0,440.5,442.0
2011-02-25,456.0,456.5,440.5,445.0
2011-02-28,447.5,460.0,447.0,459.5
2011-03-01,459.5,480.0,459.5,471.5
2011-03-02,468.0,471.0,460.0,461.0
2011-03-03,471.0,490.0,464.0,475.0
2011-03-04,477.5,491.0,473.0,474.0
2011-03-07,475.0,485.0,470.0,475.5
2011-03-08,471.0,480.0,467.0,473.0
2011-03-09,474.0,474.0,458.0,473.5
2011-03-10,460.0,461.5,440.0,459.0
2011-03-11,438.0,457.5,438.0,445.0
2011-03-14,305.0,305.0,305.0,305.0
2011-03-15,305.0,305.0,305.0,305.0
2011-03-16,278.0,323.0,260.0,266.0
2011-03-17,255.0,288.0,242.0,280.0
2011-03-18,288.0,313.0,286.5,310.0
2011-03-22,360.0,365.0,334.0,358.0
2011-03-23,351.0,365.0,340.0,345.0
2011-03-24,352.0,352.0,330.0,333.0
2011-03-25,340.0,354.5,330.0,330.0
2011-03-28,331.0,332.0,315.0,326.5
2011-03-29,307.0,315.0,305.5,315.0
2011-03-30,317.0,325.0,310.0,318.5
2011-03-31,325.5,329.0,321.0,325.0
2011-04-01,325.0,325.0,316.0,320.0
2011-04-04,322.5,326.5,317.0,317.0
2011-04-05,317.0,317.0,303.5,308.0
2011-04-06,303.5,303.5,290.1000061035156,300.0
2011-04-07,295.0,299.0,290.1000061035156,298.0
2011-04-08,290.20001220703125,294.5,289.5,291.29998779296875
2011-04-11,296.29998779296875,299.6000061035156,295.5,299.6000061035156
2011-04-12,305.0,305.0,294.5,299.5
2011-04-13,294.5,301.5,293.3999938964844,301.5
2011-04-14,304.0,304.0,294.0,300.0
2011-04-15,296.0,305.0,296.0,303.5
2011-04-18,302.0,303.0,296.0,296.5
2011-04-19,296.5,296.5,293.79998779296875,293.79998779296875
2011-04-20,292.0,296.20001220703125,291.0,296.20001220703125
2011-04-21,296.5,300.0,295.5,295.5
2011-04-22,299.5,317.0,299.5,308.0
2011-04-25,321.0,323.5,311.0,319.0
2011-04-26,319.0,330.0,314.0,325.0
2011-04-27,325.0,337.0,322.0,324.0
2011-04-28,324.0,333.0,324.0,330.0
2011-05-02,325.0,327.5,315.5,324.0
2011-05-06,327.0,327.0,311.0,319.0
2011-05-09,319.5,320.5,306.5,308.0
2011-05-10,309.5,314.0,308.5,314.0
2011-05-11,312.0,323.0,312.0,320.0
2011-05-12,320.0,321.5,316.5,321.5
2011-05-13,318.0,318.0,310.5,310.5
2011-05-16,305.5,306.0,295.5,295.5
2011-05-17,296.20001220703125,297.0,296.1000061035156,297.0
2011-05-18,295.0,300.0,295.0,300.0
2011-05-19,300.0,300.0,296.5,296.5
2011-05-20,299.8999938964844,300.0,299.8999938964844,300.0
2011-05-23,300.0,300.0,295.1000061035156,297.0
2011-05-24,299.79998779296875,300.0,295.0,295.0
2011-05-25,295.0,297.0,292.0,292.0
2011-05-26,292.1000061035156,300.0,292.1000061035156,300.0
2011-05-27,300.0,300.0,299.8999938964844,299.8999938964844
2011-05-30,300.5,305.0,299.8999938964844,299.8999938964844
2011-05-31,303.0,303.0,296.0,303.0
2011-06-01,300.0,300.0,295.1000061035156,295.1000061035156
2011-06-02,295.1000061035156,295.1000061035156,295.1000061035156,295.1000061035156
2011-06-03,297.0,297.0,293.3999938964844,293.3999938964844
2011-06-06,293.3999938964844,293.3999938964844,291.0,291.0
2011-06-07,291.0,291.0,291.0,291.0
2011-06-08,295.79998779296875,300.0,295.79998779296875,300.0
2011-06-09,300.0,300.0,293.0,293.0
2011-06-10,292.0,302.0,291.0,302.0
2011-06-13,300.0,328.5,299.8999938964844,303.0
2011-06-14,303.0,304.0,302.0,304.0
2011-06-15,304.0,304.0,292.0,300.0
2011-06-16,305.0,330.0,301.0,318.5
2011-06-17,339.0,339.0,325.0,337.0
2011-06-20,336.0,378.5,316.0,316.0
2011-06-21,309.0,315.0,306.5,308.0
2011-06-22,310.0,312.0,309.5,310.0
2011-06-23,310.0,310.0,299.0,305.5
2011-06-24,298.5,300.0,298.5,299.8999938964844
2011-06-27,301.5,305.0,299.8999938964844,303.0
2011-06-28,305.0,330.0,303.5,330.0
2011-06-29,338.0,400.0,338.0,400.0
2011-06-30,372.0,378.0,352.0,357.0
2011-07-01,345.0,362.0,334.0,334.5
2011-07-04,339.0,350.0,337.0,349.0
2011-07-05,355.0,355.0,332.5,338.0
2011-07-06,335.0,350.0,335.0,346.0
2011-07-07,353.0,353.0,337.5,337.5
2011-07-08,346.5,347.0,340.0,341.0
2011-07-11,345.0,366.0,338.0,353.5
2011-07-12,348.0,355.0,345.0,350.5
2011-07-13,350.5,356.0,342.0,344.0
2011-07-14,340.0,346.0,340.0,346.0
2011-07-15,338.0,338.5,337.0,337.5
2011-07-19,337.0,344.0,331.0,333.0
2011-07-20,332.0,334.0,332.0,332.0
2011-07-21,329.5,333.0,324.5,333.0
2011-07-22,340.0,340.0,329.0,330.0
2011-07-25,345.0,379.5,345.0,351.0
2011-07-26,338.5,342.0,335.0,338.0
2011-07-27,337.0,337.0,330.0,330.5
2011-07-28,325.0,327.5,320.5,321.0
2011-07-29,316.0,318.0,312.5,317.5
2011-08-01,313.0,320.0,313.0,316.0
2011-08-02,315.5,315.5,307.0,310.0
2011-08-03,308.0,310.0,301.5,302.0
2011-08-04,305.0,311.0,303.0,306.0
2011-08-05,300.5,300.5,291.1000061035156,293.1000061035156
2011-08-08,294.0,298.0,290.0,290.0
2011-08-09,280.0,285.0,266.0,280.0
2011-08-10,290.0,304.0,289.0,290.0
2011-08-11,285.1000061035156,300.0,285.1000061035156,300.0
2011-08-12,305.0,315.0,300.0,313.0
2011-08-15,306.0,306.0,293.5,298.5
2011-08-16,299.0,303.0,299.0,299.0
2011-08-17,299.0,303.0,299.0,300.0
2011-08-18,300.5,318.0,300.5,318.0
2011-08-19,297.0,307.5,293.29998779296875,307.5
2011-08-22,300.0,300.0,297.0,297.0
2011-08-23,297.0,297.0,296.20001220703125,296.20001220703125
2011-08-24,297.0,297.5,296.29998779296875,296.29998779296875
2011-08-25,305.0,305.0,305.0,305.0
2011-08-26,298.0,298.0,294.1000061035156,294.5
2011-08-29,291.5,293.0,291.5,293.0
2011-08-30,292.5,305.0,292.5,305.0
2011-08-31,305.0,305.0,296.0,300.0
2011-09-01,298.0,300.0,297.0,298.5
2011-09-02,299.1000061035156,299.1000061035156,295.1000061035156,295.20001220703125
2011-09-05,296.0,296.0,295.1000061035156,295.20001220703125
2011-09-06,296.0,296.0,286.0,286.0
2011-09-07,289.0,292.79998779296875,289.0,292.79998779296875
2011-09-08,294.3999938964844,295.0,286.3999938964844,286.5
2011-09-09,286.6000061035156,286.8999938964844,286.1000061035156,286.1000061035156
2011-09-12,286.1000061035156,286.1000061035156,279.0,279.0
2011-09-13,287.8999938964844,287.8999938964844,287.8999938964844,287.8999938964844
2011-09-14,282.8999938964844,283.0,280.0,282.0
2011-09-15,272.3999938964844,284.8999938964844,272.3999938964844,284.8999938964844
2011-09-16,277.1000061035156,290.0,277.1000061035156,290.0
2011-09-20,285.20001220703125,288.0,285.20001220703125,288.0
2011-09-21,288.0,288.0,285.0,285.0
2011-09-22,280.0,285.0,280.0,285.0
2011-09-26,280.0,280.0,245.10000610351562,245.1999969482422
2011-09-27,266.0,266.0,244.0,244.0
2011-09-28,245.0,256.0,221.0,229.0
2011-09-29,230.0,247.0,230.0,247.0
2011-09-30,250.0,259.0,250.0,250.0
2011-10-03,260.0,260.0,245.0,257.0
2011-10-04,260.0,260.0,255.0,259.79998779296875
2011-10-05,257.0,257.0,252.5,252.5
2011-10-06,252.5,255.0,250.10000610351562,255.0
2011-10-07,251.1999969482422,251.5,251.1999969482422,251.5
2011-10-11,251.5,257.8999938964844,251.5,252.89999389648438
2011-10-12,252.0,255.8000030517578,251.0,251.0
2011-10-13,251.0,251.0,240.0,248.0
2011-10-14,244.60000610351562,246.0,243.0,246.0
2011-10-17,245.1999969482422,249.0,244.0,249.0
2011-10-18,249.0,249.0,244.5,244.5
2011-10-19,246.0,248.8000030517578,240.0,248.8000030517578
2011-10-20,245.0,250.8000030517578,245.0,250.8000030517578
2011-10-21,248.10000610351562,255.1999969482422,245.0,255.1999969482422
2011-10-24,253.60000610351562,257.0,253.60000610351562,253.89999389648438
2011-10-25,244.0,253.89999389648438,244.0,244.5
2011-10-26,244.1999969482422,247.6999969482422,241.3000030517578,246.6999969482422
2011-10-27,251.60000610351562,251.60000610351562,246.60000610351562,250.3000030517578
2011-10-28,249.89999389648438,249.89999389648438,242.0,243.0
2011-10-31,241.10000610351562,244.60000610351562,241.10000610351562,244.60000610351562
2011-11-01,241.39999389648438,244.60000610351562,240.0,240.0
2011-11-02,239.1999969482422,240.5,239.1999969482422,239.3000030517578
2011-11-04,234.3000030517578,239.3000030517578,234.3000030517578,235.10000610351562
2011-11-07,235.3000030517578,239.6999969482422,235.3000030517578,239.6999969482422
2011-11-08,237.8000030517578,239.60000610351562,237.8000030517578,239.60000610351562
2011-11-09,240.0,241.39999389648438,236.0,241.39999389648438
2011-11-10,235.3000030517578,235.3000030517578,231.10000610351562,232.0
2011-11-11,232.0,232.0,231.3000030517578,232.0
2011-11-14,227.0,227.0,227.0,227.0
2011-11-15,232.0,232.0,226.5,226.5
2011-11-16,227.0,228.0,225.10000610351562,225.10000610351562
2011-11-17,220.10000610351562,222.0,220.0,222.0
2011-11-18,222.0,222.0,222.0,222.0
2011-11-21,223.3000030517578,223.3000030517578,222.1999969482422,222.1999969482422
2011-11-22,222.3000030517578,222.3000030517578,220.3000030517578,220.3000030517578
2011-11-24,223.0,223.0,220.3000030517578,221.8000030517578
2011-11-25,228.0,228.0,220.1999969482422,220.1999969482422
2011-11-28,220.60000610351562,225.0,220.60000610351562,224.5
2011-11-29,224.5,226.8000030517578,224.5,226.8000030517578
2011-11-30,227.0,237.6999969482422,227.0,232.6999969482422
2011-12-01,233.0,233.0,223.0,228.0
2011-12-02,226.0,227.89999389648438,226.0,227.89999389648438
2011-12-05,229.0,235.0,227.0,235.0
2011-12-06,240.0,240.0,235.10000610351562,235.10000610351562
2011-12-07,235.10000610351562,235.10000610351562,230.10000610351562,234.0
2011-12-08,227.5,230.0,227.5,230.0
2011-12-09,230.0,230.0,227.1999969482422,229.89999389648438
2011-12-12,230.0,231.0,222.3000030517578,228.0
2011-12-13,223.0,228.0,223.0,223.3000030517578
2011-12-14,228.0,273.29998779296875,228.0,270.0
2011-12-15,251.1999969482422,257.3999938964844,246.5,246.6999969482422
2011-12-16,246.6999969482422,246.6999969482422,236.60000610351562,236.60000610351562
2011-12-19,236.0,274.0,235.3000030517578,250.0
2011-12-20,250.0,260.0,247.0,260.0
2011-12-21,260.0,260.0,251.0,251.0
2011-12-22,256.0,256.0,243.1999969482422,250.0
2011-12-26,245.0,250.0,244.0,245.0
2011-12-27,244.0,244.0,240.5,241.0
2011-12-28,240.10000610351562,241.0,238.10000610351562,241.0
2011-12-29,246.0,246.0,236.5,237.0
2011-12-30,237.0,239.39999389648438,236.60000610351562,238.0
2012-01-04,239.8000030517578,239.8000030517578,236.60000610351562,237.0
2012-01-05,242.0,242.0,236.8000030517578,236.8000030517578
2012-01-06,236.8000030517578,242.0,236.5,242.0
2012-01-10,245.8000030517578,248.89999389648438,241.0,248.89999389648438
2012-01-11,249.0,249.0,242.0,242.0
2012-01-12,242.0,245.0,240.0,240.0
2012-01-13,237.10000610351562,243.0,237.10000610351562,239.0
2012-01-16,238.3000030517578,244.5,235.0,244.5
2012-01-17,248.5,248.5,240.0,240.0
2012-01-18,244.5,248.0,240.5,242.10000610351562
2012-01-19,242.60000610351562,250.0,242.60000610351562,243.5
2012-01-20,245.0,245.6999969482422,245.0,245.60000610351562
2012-01-23,247.60000610351562,256.0,247.60000610351562,256.0
2012-01-24,262.3999938964844,290.0,262.3999938964844,283.5
2012-01-25,268.5,272.0,258.79998779296875,258.79998779296875
2012-01-26,260.0,263.0,255.60000610351562,262.20001220703125
2012-01-27,257.20001220703125,257.20001220703125,252.0,254.5
2012-01-30,251.39999389648438,254.0,248.0,249.0
2012-01-31,246.0,248.89999389648438,245.10000610351562,248.89999389648438
2012-02-01,252.89999389648438,253.3000030517578,252.8000030517578,253.3000030517578
2012-02-02,253.3000030517578,254.5,250.6999969482422,252.5
2012-02-03,254.39999389648438,254.39999389648438,252.5,253.0
2012-02-06,255.89999389648438,258.0,254.5,258.0
2012-02-07,258.0,259.8999938964844,255.10000610351562,255.1999969482422
2012-02-08,255.3000030517578,262.0,247.1999969482422,247.1999969482422
2012-02-09,249.0,252.1999969482422,247.1999969482422,252.1999969482422
2012-02-10,253.0,253.0,251.0,251.0
2012-02-13,249.10000610351562,264.0,249.10000610351562,260.0
2012-02-14,264.5,264.5,255.0,256.0
2012-02-15,257.0,275.0,253.0,275.0
2012-02-16,290.0,297.0,276.0,276.0
2012-02-17,279.8999938964844,290.0,274.0,275.0
2012-02-20,276.0,279.8999938964844,262.1000061035156,263.0
2012-02-21,273.0,276.0,266.5,276.0
2012-02-22,277.0,293.0,276.0,290.0
2012-02-23,295.0,298.0,290.6000061035156,297.8999938964844
2012-02-24,299.8999938964844,299.8999938964844,290.5,291.3999938964844
2012-02-27,294.79998779296875,294.79998779296875,280.0,288.79998779296875
2012-02-28,285.0,289.8999938964844,279.0,288.79998779296875
2012-02-29,290.0,290.0,280.1000061035156,281.0
2012-03-01,280.0,286.1000061035156,263.0,263.0
2012-03-02,266.0,270.0,263.29998779296875,265.1000061035156
2012-03-05,270.1000061035156,271.0,268.0,268.0
2012-03-06,269.0,269.0,269.0,269.0
2012-03-07,269.8999938964844,278.0,268.0,277.5
2012-03-08,277.70001220703125,283.0,273.0,273.0
2012-03-09,274.8999938964844,289.0,274.8999938964844,283.8999938964844
2012-03-12,290.0,290.0,282.0,289.79998779296875
2012-03-13,289.8999938964844,289.8999938964844,270.0,280.0
2012-03-14,276.1000061035156,280.0,275.29998779296875,280.0
2012-03-15,275.1000061035156,282.1000061035156,275.0,282.1000061035156
2012-03-16,282.20001220703125,285.0,282.1000061035156,285.0
2012-03-19,283.8999938964844,284.0,279.1000061035156,284.0
2012-03-21,289.0,289.0,280.5,285.70001220703125
2012-03-22,285.0,285.0,282.0,283.1000061035156
2012-03-23,288.1000061035156,288.1000061035156,282.29998779296875,288.0
2012-03-26,287.0,289.0,285.0,289.0
2012-03-27,289.0,289.0,285.29998779296875,286.5
2012-03-28,282.3999938964844,282.3999938964844,272.29998779296875,277.0
2012-03-29,272.79998779296875,275.0,271.0,271.0
2012-03-30,274.8999938964844,283.0,274.8999938964844,280.0
2012-04-02,275.0,281.8999938964844,274.6000061035156,281.8999938964844
2012-04-03,282.8999938964844,289.8999938964844,275.0,289.8999938964844
2012-04-04,289.70001220703125,289.70001220703125,279.8999938964844,279.8999938964844
2012-04-05,270.0,273.79998779296875,270.0,273.79998779296875
2012-04-06,273.0,274.70001220703125,271.0,274.70001220703125
2012-04-09,272.0,272.0,269.0,269.0
2012-04-10,268.20001220703125,270.0,266.0,270.0
2012-04-11,270.0,273.0,267.5,273.0
2012-04-12,268.0,268.0,267.8999938964844,267.8999938964844
2012-04-13,267.8999938964844,272.6000061035156,267.8999938964844,272.6000061035156
2012-04-16,268.1000061035156,268.1000061035156,263.29998779296875,263.29998779296875
2012-04-17,263.29998779296875,263.29998779296875,258.0,260.0
2012-04-18,260.1000061035156,260.3999938964844,260.0,260.0
2012-04-19,260.1000061035156,272.0,260.1000061035156,270.0
2012-04-20,267.6000061035156,275.0,267.6000061035156,275.0
2012-04-23,265.6000061035156,271.6000061035156,265.6000061035156,271.6000061035156
2012-04-24,273.5,277.79998779296875,273.5,275.0
2012-04-25,280.0,280.0,280.0,280.0
2012-04-26,275.0,275.0,272.20001220703125,272.20001220703125
2012-04-27,272.1000061035156,272.1000061035156,272.1000061035156,272.1000061035156
2012-05-01,270.1000061035156,270.1000061035156,270.1000061035156,270.1000061035156
2012-05-02,268.79998779296875,272.0,268.79998779296875,272.0
2012-05-07,265.29998779296875,265.29998779296875,265.0,265.0
2012-05-08,261.0,261.20001220703125,261.0,261.20001220703125
2012-05-09,260.6000061035156,266.6000061035156,256.1000061035156,256.1000061035156
2012-05-10,256.1000061035156,256.3999938964844,255.10000610351562,255.10000610351562
2012-05-11,255.10000610351562,255.10000610351562,249.0,249.0
2012-05-14,247.10000610351562,247.10000610351562,244.0,244.0
2012-05-15,244.0,244.0,221.10000610351562,221.10000610351562
2012-05-16,226.10000610351562,226.10000610351562,216.10000610351562,216.10000610351562
2012-05-17,215.0,219.89999389648438,214.0,219.89999389648438
2012-05-18,215.0,225.60000610351562,215.0,215.3000030517578
2012-05-21,214.3000030517578,214.6999969482422,214.3000030517578,214.6999969482422
2012-05-22,219.6999969482422,219.6999969482422,211.6999969482422,216.10000610351562
2012-05-23,221.10000610351562,222.0,221.10000610351562,222.0
2012-05-24,225.0,226.89999389648438,222.8000030517578,226.89999389648438
2012-05-25,231.89999389648438,232.0,224.0,228.0
2012-05-28,226.0,226.1999969482422,226.0,226.0
2012-05-29,226.0,226.0,226.0,226.0
2012-05-30,227.39999389648438,236.5,227.39999389648438,236.5
2012-05-31,225.5,226.6999969482422,225.5,226.6999969482422
2012-06-01,227.0,231.0,225.1999969482422,225.1999969482422
2012-06-04,222.0,222.0,215.0,215.0
2012-06-05,215.0,215.0,213.10000610351562,213.10000610351562
2012-06-06,220.3000030517578,220.3000030517578,220.3000030517578,220.3000030517578
2012-06-07,220.3000030517578,224.8000030517578,220.10000610351562,224.39999389648438
2012-06-08,223.0,224.5,220.1999969482422,220.1999969482422
2012-06-11,222.0,223.3000030517578,219.0,223.3000030517578
2012-06-12,210.10000610351562,215.10000610351562,210.10000610351562,215.10000610351562
2012-06-13,216.0,216.0,216.0,216.0
2012-06-14,226.0,227.0,226.0,227.0
2012-06-15,227.0,272.0,227.0,234.5
2012-06-18,249.5,249.5,235.0,237.5
2012-06-19,237.5,242.0,237.0,242.0
2012-06-20,240.0,243.89999389648438,238.0,243.89999389648438
2012-06-21,242.10000610351562,246.0,240.0,245.0
2012-06-22,236.8000030517578,247.8000030517578,236.8000030517578,247.8000030517578
2012-06-25,257.79998779296875,266.0,254.5,266.0
2012-06-26,251.0,258.0,246.10000610351562,258.0
2012-06-27,253.0,253.0,250.0,250.0
2012-06-28,251.0,263.0,251.0,253.3000030517578
2012-06-29,253.0,260.79998779296875,251.10000610351562,251.10000610351562
2012-07-02,252.8000030517578,262.0,252.8000030517578,262.0
2012-07-03,253.0,266.0,253.0,262.0
2012-07-04,265.0,265.0,265.0,265.0
2012-07-05,265.0,265.0,265.0,265.0
2012-07-06,260.0,265.0,260.0,265.0
2012-07-09,255.0,270.0,255.0,270.0
2012-07-10,260.0,270.0,260.0,268.0
2012-07-11,268.0,268.0,268.0,268.0
2012-07-12,255.60000610351562,255.60000610351562,253.89999389648438,254.10000610351562
2012-07-13,254.10000610351562,254.8000030517578,250.10000610351562,254.0
2012-07-17,251.1999969482422,251.5,246.3000030517578,246.3000030517578
2012-07-18,247.0,247.1999969482422,246.10000610351562,247.0
2012-07-19,247.0,247.0,247.0,247.0
2012-07-20,260.0,269.0,260.0,267.0
2012-07-23,256.3999938964844,261.29998779296875,250.1999969482422,255.0
2012-07-24,257.70001220703125,260.0,246.39999389648438,260.0
2012-07-25,259.6000061035156,259.6000061035156,226.1999969482422,226.5
2012-07-26,231.5,234.0,229.0,231.5
2012-07-27,232.10000610351562,234.60000610351562,231.0,234.60000610351562
2012-07-30,234.60000610351562,234.60000610351562,234.60000610351562,234.60000610351562
2012-07-31,232.0,232.0,232.0,232.0
2012-08-01,231.3000030517578,231.8000030517578,231.3000030517578,231.8000030517578
2012-08-02,231.8000030517578,231.8000030517578,231.8000030517578,231.8000030517578
2012-08-03,231.5,244.39999389648438,231.1999969482422,244.39999389648438
2012-08-06,249.39999389648438,249.39999389648438,249.39999389648438,249.39999389648438
2012-08-07,231.10000610351562,236.10000610351562,231.10000610351562,236.10000610351562
2012-08-08,232.89999389648438,232.89999389648438,232.89999389648438,232.89999389648438
2012-08-09,230.0,230.0,230.0,230.0
2012-08-10,234.5,236.60000610351562,232.3000030517578,232.3000030517578
2012-08-13,234.89999389648438,238.60000610351562,232.0,238.60000610351562
2012-08-14,238.60000610351562,238.60000610351562,238.60000610351562,238.60000610351562
2012-08-15,233.60000610351562,233.60000610351562,219.5,230.1999969482422
2012-08-16,225.1999969482422,229.10000610351562,225.1999969482422,228.6999969482422
2012-08-17,238.6999969482422,246.0,233.3000030517578,233.3000030517578
2012-08-20,233.3000030517578,235.39999389648438,232.6999969482422,235.10000610351562
2012-08-21,233.10000610351562,241.39999389648438,233.10000610351562,241.39999389648438
2012-08-22,239.1999969482422,240.0,237.0,240.0
2012-08-23,248.89999389648438,248.89999389648438,244.0,246.0
2012-08-24,249.0,249.0,248.89999389648438,249.0
2012-08-27,249.0,249.0,249.0,249.0
2012-08-28,233.5,233.5,233.5,233.5
2012-08-29,230.8000030517578,240.0,230.8000030517578,240.0
2012-08-30,231.10000610351562,234.89999389648438,230.60000610351562,230.6999969482422
2012-08-31,230.60000610351562,233.10000610351562,227.3000030517578,227.3000030517578
2012-09-03,220.10000610351562,223.3000030517578,220.10000610351562,223.3000030517578
2012-09-04,222.1999969482422,223.1999969482422,221.5,221.60000610351562
2012-09-05,223.0,223.0,220.39999389648438,220.8000030517578
2012-09-06,221.10000610351562,221.10000610351562,221.10000610351562,221.10000610351562
2012-09-07,211.10000610351562,218.0,211.10000610351562,214.39999389648438
2012-09-10,217.89999389648438,217.89999389648438,215.1999969482422,215.1999969482422
2012-09-11,219.6999969482422,239.0,219.6999969482422,231.0
2012-09-12,229.0,231.5,221.3000030517578,231.5
2012-09-13,229.89999389648438,231.89999389648438,229.89999389648438,231.89999389648438
2012-09-14,227.1999969482422,229.0,225.0,225.0
2012-09-18,235.0,235.0,235.0,235.0
2012-09-19,230.5,234.6999969482422,230.0,234.6999969482422
2012-09-20,232.60000610351562,232.60000610351562,230.5,230.60000610351562
2012-09-21,232.0,234.89999389648438,232.0,234.89999389648438
2012-09-24,234.6999969482422,234.6999969482422,227.0,230.1999969482422
2012-09-25,230.10000610351562,231.8000030517578,223.39999389648438,231.8000030517578
2012-09-26,231.8000030517578,231.8000030517578,222.1999969482422,222.1999969482422
2012-09-27,222.1999969482422,222.1999969482422,222.1999969482422,222.1999969482422
2012-09-28,232.1999969482422,232.1999969482422,232.1999969482422,232.1999969482422
2012-10-01,230.0,240.0,230.0,240.0
2012-10-02,230.0,240.0,230.0,238.60000610351562
2012-10-03,238.60000610351562,238.60000610351562,238.60000610351562,238.60000610351562
2012-10-04,230.60000610351562,235.0,230.60000610351562,234.89999389648438
2012-10-05,238.0,238.0,230.1999969482422,236.5
2012-10-09,235.89999389648438,235.89999389648438,235.6999969482422,235.6999969482422
2012-10-10,230.0,230.10000610351562,230.0,230.10000610351562
2012-10-11,230.10000610351562,230.10000610351562,228.0,230.10000610351562
2012-10-12,230.10000610351562,231.5,230.0,230.0
2012-10-15,232.0,232.0,229.10000610351562,229.10000610351562
2012-10-16,229.1999969482422,230.0,229.1999969482422,230.0
2012-10-17,232.0,236.0,229.0,229.1999969482422
2012-10-18,231.0,231.0,228.6999969482422,230.0
2012-10-19,230.0,234.89999389648438,230.0,234.89999389648438
2012-10-22,230.39999389648438,230.5,230.1999969482422,230.3000030517578
2012-10-23,229.5,229.60000610351562,228.60000610351562,228.89999389648438
2012-10-24,229.3000030517578,230.0,228.10000610351562,230.0
2012-10-25,232.0,232.0,230.0,231.0
2012-10-26,231.5,231.5,229.0,229.0
2012-10-29,228.60000610351562,230.0,228.60000610351562,229.0
2012-10-30,228.8000030517578,229.0,228.5,228.60000610351562
2012-10-31,232.3000030517578,235.0,230.0,235.0
2012-11-01,235.0,245.0,232.0,240.0
2012-11-02,235.10000610351562,235.10000610351562,230.3000030517578,230.3000030517578
2012-11-05,229.6999969482422,232.0,229.3000030517578,231.89999389648438
2012-11-06,230.0,230.0,229.3000030517578,229.5
2012-11-07,231.39999389648438,245.0,231.39999389648438,244.0
2012-11-08,231.39999389648438,234.1999969482422,231.39999389648438,234.10000610351562
2012-11-09,234.0,234.10000610351562,234.0,234.0
2012-11-12,230.5,238.39999389648438,230.5,232.10000610351562
2012-11-13,232.10000610351562,232.10000610351562,230.0,230.0
2012-11-14,230.10000610351562,230.10000610351562,230.10000610351562,230.10000610351562
2012-11-15,230.0,230.0,229.8000030517578,229.8000030517578
2012-11-16,230.3000030517578,233.89999389648438,230.3000030517578,232.10000610351562
2012-11-19,232.8000030517578,233.60000610351562,232.8000030517578,233.60000610351562
2012-11-20,233.8000030517578,238.60000610351562,233.60000610351562,235.3000030517578
2012-11-21,236.10000610351562,239.0,235.8000030517578,235.89999389648438
2012-11-22,239.39999389648438,239.39999389648438,239.39999389648438,239.39999389648438
2012-11-26,240.0,244.39999389648438,235.0,235.0
2012-11-27,235.8000030517578,235.8000030517578,235.0,235.0
2012-11-28,235.0,239.0,235.0,239.0
2012-11-29,239.0,247.5,237.1999969482422,237.1999969482422
2012-11-30,236.0,236.0,236.0,236.0
2012-12-03,236.0,237.0,236.0,237.0
2012-12-04,237.0,237.0,235.0,235.0
2012-12-05,235.0,239.0,235.0,238.0
2012-12-06,235.6999969482422,239.0,232.10000610351562,235.0
2012-12-07,235.0,235.1999969482422,234.60000610351562,235.1999969482422
2012-12-10,238.6999969482422,240.0,237.0,240.0
2012-12-11,241.0,243.0,240.1999969482422,240.1999969482422
2012-12-12,242.0,244.89999389648438,239.5,239.5
2012-12-13,239.10000610351562,239.10000610351562,239.0,239.0
2012-12-14,241.0,241.0,238.1999969482422,238.1999969482422
2012-12-17,238.1999969482422,238.5,236.5,238.5
2012-12-18,240.0,243.0,238.60000610351562,243.0
2012-12-19,240.5,245.10000610351562,240.5,245.0
2012-12-20,245.0,247.0,243.0,243.10000610351562
2012-12-21,245.10000610351562,248.5,244.3000030517578,246.0
2012-12-25,250.0,273.0,246.39999389648438,251.0
2012-12-26,250.0,250.0,248.0,248.0
2012-12-27,247.6999969482422,255.0,243.6999969482422,255.0
2012-12-28,254.89999389648438,254.89999389648438,246.60000610351562,246.60000610351562
2013-01-04,248.0,250.0,246.8000030517578,247.3000030517578
2013-01-07,248.10000610351562,248.10000610351562,247.3000030517578,247.3000030517578
2013-01-08,250.1999969482422,250.1999969482422,247.3000030517578,250.0
2013-01-09,249.0,257.8999938964844,249.0,255.0
2013-01-10,254.5,255.0,249.0,254.5
2013-01-11,254.5,256.79998779296875,250.0,256.3999938964844
2013-01-15,256.0,265.0,256.0,258.20001220703125
2013-01-16,263.20001220703125,276.6000061035156,260.0,270.8999938964844
2013-01-17,266.0,266.0,256.0,263.5
2013-01-18,263.5,299.8999938964844,263.5,298.8999938964844
2013-01-21,298.79998779296875,313.5,290.0,301.0
2013-01-22,302.0,304.5,296.20001220703125,296.20001220703125
2013-01-23,299.70001220703125,300.0,290.0,292.5
2013-01-24,289.0,294.0,285.3999938964844,287.0
2013-01-25,277.0,280.0,271.1000061035156,276.3999938964844
2013-01-28,276.5,278.0,265.0,266.29998779296875
2013-01-29,267.0,279.0,266.29998779296875,272.70001220703125
2013-01-30,282.70001220703125,291.79998779296875,281.0,283.0
2013-01-31,288.0,294.0,282.0,286.79998779296875
2013-02-01,285.29998779296875,290.0,285.0,290.0
2013-02-04,290.0,290.0,290.0,290.0
2013-02-05,288.1000061035156,288.1000061035156,283.20001220703125,286.0
2013-02-06,289.8999938964844,290.0,286.0,286.0
2013-02-07,289.8999938964844,290.0,281.1000061035156,281.1000061035156
2013-02-08,286.0,286.0,271.1000061035156,271.1000061035156
2013-02-12,285.0,285.0,275.0,275.3999938964844
2013-02-13,279.8999938964844,294.8999938964844,274.0,275.0
2013-02-14,275.6000061035156,277.0,269.0,269.0
2013-02-15,269.3999938964844,269.3999938964844,267.8999938964844,267.8999938964844
2013-02-18,265.20001220703125,270.0,265.20001220703125,267.29998779296875
2013-02-19,266.8999938964844,266.8999938964844,266.20001220703125,266.20001220703125
2013-02-20,266.20001220703125,271.0,261.1000061035156,271.0
2013-02-21,276.0,279.8999938964844,271.29998779296875,279.8999938964844
2013-02-22,280.0,280.0,279.79998779296875,280.0
2013-02-25,284.8999938964844,286.8999938964844,281.1000061035156,285.0
2013-02-26,280.0,289.0,279.0,282.29998779296875
2013-02-27,287.29998779296875,323.0,287.29998779296875,314.0
2013-02-28,356.0,356.0,320.0,335.0
2013-03-01,314.0,340.0,300.0,320.0
2013-03-04,322.0,333.0,310.0,318.0
2013-03-05,324.5,325.0,304.0,306.5
2013-03-06,312.0,315.0,306.0,308.0
2013-03-07,315.0,323.0,305.0,306.5
2013-03-08,305.0,305.0,291.1000061035156,297.3999938964844
2013-03-11,298.0,310.0,297.20001220703125,297.5
2013-03-12,299.0,299.5,295.1000061035156,296.3999938964844
2013-03-13,296.3999938964844,312.0,296.29998779296875,305.5
2013-03-14,324.5,324.5,306.5,307.0
2013-03-15,306.0,317.0,305.0,305.5
2013-03-18,305.5,306.0,298.0,298.0
2013-03-19,298.29998779296875,317.5,298.29998779296875,315.5
2013-03-21,320.0,320.0,307.0,310.0
2013-03-22,315.0,318.0,310.0,310.0
2013-03-25,315.0,316.0,310.0,316.0
2013-03-26,311.5,316.0,301.5,316.0
2013-03-27,305.0,308.5,303.0,306.0
2013-03-28,311.5,311.5,304.0,305.5
2013-03-29,310.0,320.5,304.0,310.5
2013-04-01,320.0,320.0,305.0,305.0
2013-04-02,298.5,305.0,281.3999938964844,305.0
2013-04-03,300.0,306.5,299.0,303.0
2013-04-04,304.0,305.0,299.1000061035156,305.0
2013-04-05,305.0,308.5,302.5,302.5
2013-04-08,307.0,318.0,305.0,314.0
2013-04-09,312.0,318.0,306.5,307.5
2013-04-10,302.0,309.0,300.0,306.5
2013-04-11,310.0,319.0,305.5,305.5
2013-04-12,302.5,303.0,298.29998779296875,302.0
2013-04-15,302.5,303.0,299.0,300.0
2013-04-16,298.70001220703125,318.0,298.3999938964844,310.0
2013-04-17,314.5,314.5,304.0,304.0
2013-04-18,306.0,330.0,305.0,324.0
2013-04-19,345.0,345.0,318.5,332.0
2013-04-22,327.0,333.0,318.0,323.5
2013-04-23,324.0,334.0,320.5,333.0
2013-04-24,341.5,400.0,340.0,385.0
2013-04-25,399.0,399.0,351.0,372.0
2013-04-26,377.0,377.0,350.5,359.5
2013-04-30,355.0,359.0,338.5,351.5
2013-05-01,351.5,351.5,343.5,347.5
2013-05-02,354.5,358.0,350.0,354.0
2013-05-07,361.0,424.0,361.0,385.5
2013-05-08,392.5,395.0,379.5,383.0
2013-05-09,397.0,400.0,383.0,383.5
2013-05-10,397.5,415.0,384.5,390.5
2013-05-13,390.5,390.5,370.0,382.5
2013-05-14,383.0,385.0,372.5,378.0
2013-05-15,391.0,391.0,350.5,355.0
2013-05-16,355.0,355.0,325.0,330.0
2013-05-17,325.0,342.5,325.0,336.0
2013-05-20,346.0,389.5,346.0,382.5
2013-05-21,380.0,452.5,365.0,376.5
2013-05-22,371.0,373.5,364.0,368.5
2013-05-23,367.0,376.5,341.0,341.0
2013-05-24,341.0,353.5,337.5,342.0
2013-05-27,332.0,340.5,331.5,340.5
2013-05-28,337.5,343.0,337.0,337.0
2013-05-29,339.0,348.5,330.5,333.0
2013-05-30,331.0,334.0,325.0,325.0
2013-05-31,338.5,338.5,325.0,325.5
2013-06-03,330.5,330.5,321.5,322.5
2013-06-04,323.0,328.0,314.0,319.5
2013-06-05,312.5,323.0,312.0,318.5
2013-06-06,310.0,315.0,295.1000061035156,296.0
2013-06-07,296.0,296.0,272.0,275.8999938964844
2013-06-10,308.0,308.0,300.0,304.0
2013-06-11,300.0,301.0,288.0,293.0
2013-06-12,290.0,295.0,289.8999938964844,294.0
2013-06-13,286.70001220703125,293.8999938964844,286.70001220703125,293.0
2013-06-14,292.20001220703125,294.8999938964844,290.0,290.0
2013-06-17,287.1000061035156,287.1000061035156,282.1000061035156,282.1000061035156
2013-06-18,282.0,284.0,280.1000061035156,283.0
2013-06-19,289.8999938964844,289.8999938964844,281.0,281.0
2013-06-20,271.0,276.8999938964844,271.0,276.70001220703125
2013-06-21,268.0,279.8999938964844,268.0,270.8999938964844
2013-06-24,276.0,279.8999938964844,274.8999938964844,274.8999938964844
2013-06-25,299.8999938964844,325.0,285.0,292.0
2013-06-26,297.0,297.0,265.0,272.0
2013-06-27,268.1000061035156,270.1000061035156,251.1999969482422,268.0
2013-06-28,278.0,286.0,276.0,284.79998779296875
2013-07-01,284.79998779296875,284.8999938964844,277.20001220703125,281.0
2013-07-02,278.70001220703125,281.0,278.70001220703125,279.79998779296875
2013-07-03,281.0,281.0,278.29998779296875,280.0
2013-07-04,280.0,280.0,273.1000061035156,275.1000061035156
2013-07-05,289.6000061035156,294.0,286.0,293.79998779296875
2013-07-08,309.0,310.0,294.5,294.5
2013-07-09,295.8999938964844,298.5,294.3999938964844,296.0
2013-07-10,298.0,299.79998779296875,294.1000061035156,294.1000061035156
2013-07-11,294.0,298.29998779296875,288.20001220703125,293.20001220703125
2013-07-12,293.5,295.0,281.0,284.20001220703125
2013-07-16,285.0,285.79998779296875,285.0,285.1000061035156
2013-07-17,285.5,295.0,285.3999938964844,293.8999938964844
2013-07-18,299.0,344.0,299.0,344.0
2013-07-19,316.0,323.5,306.5,312.0
2013-07-22,317.0,319.0,290.0,313.0
2013-07-23,313.0,315.5,298.0,309.0
2013-07-24,315.0,326.0,309.5,326.0
2013-07-25,312.0,316.0,306.5,306.5
2013-07-26,310.0,310.0,299.1000061035156,307.0
2013-07-29,307.0,307.0,287.0,287.0
2013-07-30,286.20001220703125,300.0,286.20001220703125,290.5
2013-07-31,287.20001220703125,308.5,287.20001220703125,308.5
2013-08-01,312.5,320.0,294.5,307.5
2013-08-02,303.0,314.0,303.0,314.0
2013-08-05,301.0,313.5,301.0,308.0
2013-08-06,308.0,308.0,302.0,304.0
2013-08-07,302.5,303.0,300.0,303.0
2013-08-08,300.0,300.5,295.1000061035156,295.3999938964844
2013-08-09,296.0,296.0,293.0,293.0
2013-08-12,293.1000061035156,298.5,293.1000061035156,298.5
2013-08-13,303.5,303.5,285.6000061035156,298.5
2013-08-14,298.8999938964844,299.5,298.8999938964844,299.5
2013-08-15,299.0,299.20001220703125,285.6000061035156,290.0
2013-08-16,287.8999938964844,288.29998779296875,278.8999938964844,280.1000061035156
2013-08-19,284.20001220703125,286.5,284.20001220703125,284.20001220703125
2013-08-20,287.29998779296875,298.0,287.29998779296875,298.0
2013-08-21,292.0,295.0,290.0,291.0
2013-08-22,297.0,301.0,294.20001220703125,294.20001220703125
2013-08-23,300.0,300.0,291.1000061035156,295.20001220703125
2013-08-26,301.5,301.5,294.79998779296875,294.79998779296875
2013-08-27,292.0,300.0,287.0,291.0
2013-08-28,291.0,291.0,278.1000061035156,279.20001220703125
2013-08-29,280.1000061035156,289.8999938964844,280.0,282.1000061035156
2013-08-30,282.5,283.20001220703125,282.5,283.1000061035156
2013-09-02,280.1000061035156,289.8999938964844,280.1000061035156,289.0
2013-09-03,290.0,294.3999938964844,290.0,290.3999938964844
2013-09-04,284.0,285.79998779296875,281.1000061035156,282.0
2013-09-05,285.0,285.0,282.0,282.6000061035156
2013-09-06,287.6000061035156,294.0,284.29998779296875,284.3999938964844
2013-09-09,304.5,304.5,290.0,290.0
2013-09-10,288.8999938964844,290.0,288.79998779296875,288.79998779296875
2013-09-11,290.0,292.29998779296875,288.8999938964844,292.29998779296875
2013-09-12,291.8999938964844,291.8999938964844,286.8999938964844,287.20001220703125
2013-09-13,287.79998779296875,294.0,287.79998779296875,290.5
2013-09-17,295.5,316.5,295.5,300.0
2013-09-18,298.0,300.0,298.0,298.20001220703125
2013-09-19,306.5,306.5,298.29998779296875,300.5
2013-09-20,300.0,306.0,300.0,303.0
2013-09-24,303.0,309.0,301.0,302.0
2013-09-25,303.0,305.0,301.0,303.0
2013-09-26,301.0,301.0,281.0,300.0
2013-09-27,302.0,312.0,300.0,308.0
2013-09-30,301.0,305.0,301.0,302.0
2013-10-01,302.0,310.0,302.0,302.0
2013-10-02,303.0,305.0,300.0,300.0
2013-10-03,297.0,380.0,289.0,380.0
2013-10-04,460.0,460.0,425.0,460.0
2013-10-07,390.0,420.0,380.0,380.0
2013-10-08,356.0,362.0,337.0,358.0
2013-10-09,362.0,369.0,343.0,365.0
2013-10-10,361.0,369.0,338.0,340.0
2013-10-11,348.0,349.0,327.0,335.0
2013-10-15,336.0,355.0,335.0,348.0
2013-10-16,342.0,356.0,340.0,356.0
2013-10-17,372.0,387.0,352.0,380.0
2013-10-18,370.0,410.0,366.0,391.0
2013-10-21,399.0,401.0,379.0,388.0
2013-10-22,389.0,389.0,353.0,367.0
2013-10-23,367.0,375.0,352.0,356.0
2013-10-24,363.0,436.0,358.0,436.0
2013-10-25,420.0,425.0,387.0,395.0
2013-10-28,396.0,400.0,364.0,373.0
2013-10-29,373.0,373.0,373.0,373.0
2013-10-30,380.0,380.0,352.0,354.0
2013-10-31,354.0,354.0,354.0,354.0
2013-11-01,350.0,357.0,326.0,343.0
2013-11-05,344.0,344.0,322.0,340.0
2013-11-06,340.0,342.0,333.0,342.0
2013-11-07,341.0,343.0,337.0,342.0
2013-11-08,345.0,345.0,333.0,333.0
2013-11-11,340.0,340.0,323.0,334.0
2013-11-12,330.0,330.0,314.0,328.0
2013-11-13,332.0,332.0,322.0,330.0
2013-11-14,334.0,343.0,330.0,336.0
2013-11-15,334.0,341.0,333.0,334.0
2013-11-18,339.0,340.0,334.0,340.0
2013-11-19,337.0,341.0,337.0,340.0
2013-11-20,344.0,354.0,338.0,347.0
2013-11-21,348.0,367.0,346.0,367.0
2013-11-22,371.0,376.0,356.0,367.0
2013-11-25,365.0,372.0,357.0,362.0
2013-11-26,360.0,360.0,354.0,354.0
2013-11-27,358.0,360.0,353.0,353.0
2013-11-28,353.0,353.0,343.0,343.0
2013-11-29,344.0,360.0,344.0,349.0
2013-12-02,349.0,358.0,339.0,339.0
2013-12-03,345.0,419.0,344.0,419.0
2013-12-04,451.0,451.0,377.0,394.0
2013-12-05,394.0,400.0,370.0,370.0
2013-12-06,388.0,436.0,375.0,402.0
2013-12-09,434.0,482.0,431.0,482.0
2013-12-10,500.0,525.0,422.0,455.0
2013-12-11,447.0,447.0,424.0,434.0
2013-12-12,412.0,424.0,405.0,409.0
2013-12-13,436.0,436.0,409.0,409.0
2013-12-16,412.0,415.0,383.0,400.0
2013-12-17,388.0,396.0,381.0,383.0
2013-12-18,385.0,403.0,380.0,380.0
2013-12-19,364.0,374.0,364.0,367.0
2013-12-20,391.0,391.0,368.0,370.0
2013-12-24,365.0,382.0,365.0,368.0
2013-12-25,370.0,370.0,360.0,363.0
2013-12-26,372.0,436.0,372.0,398.0
2013-12-27,400.0,409.0,391.0,392.0
2013-12-30,397.0,397.0,376.0,396.0
2014-01-06,397.0,410.0,391.0,400.0
2014-01-07,406.0,408.0,379.0,395.0
2014-01-08,399.0,407.0,393.0,404.0
2014-01-09,409.0,409.0,394.0,400.0
2014-01-10,400.0,400.0,394.0,400.0
2014-01-14,390.0,394.0,380.0,392.0
2014-01-15,395.0,404.0,385.0,398.0
2014-01-16,400.0,400.0,387.0,397.0
2014-01-17,393.0,398.0,389.0,398.0
2014-01-20,399.0,418.0,395.0,400.0
2014-01-21,405.0,405.0,399.0,401.0
2014-01-22,403.0,476.0,403.0,470.0
2014-01-23,448.0,460.0,420.0,428.0
2014-01-24,420.0,423.0,404.0,407.0
2014-01-27,391.0,400.0,386.0,389.0
2014-01-28,387.0,405.0,387.0,400.0
2014-01-29,400.0,407.0,394.0,405.0
2014-01-30,400.0,400.0,383.0,388.0
2014-01-31,388.0,394.0,375.0,376.0
2014-02-03,370.0,370.0,340.0,342.0
2014-02-04,338.0,338.0,320.0,326.0
2014-02-05,330.0,338.0,320.0,328.0
2014-02-06,320.0,334.0,303.0,324.0
2014-02-07,329.0,340.0,327.0,331.0
2014-02-10,338.0,345.0,334.0,341.0
2014-02-12,341.0,348.0,331.0,336.0
2014-02-13,335.0,335.0,316.0,335.0
2014-02-14,333.0,333.0,315.0,325.0
2014-02-17,329.0,330.0,319.0,329.0
2014-02-18,328.0,329.0,309.0,324.0
2014-02-19,328.0,343.0,324.0,336.0
2014-02-20,335.0,337.0,320.0,336.0
2014-02-21,330.0,335.0,321.0,327.0
2014-02-24,330.0,338.0,327.0,335.0
2014-02-25,335.0,335.0,326.0,335.0
2014-02-26,329.0,333.0,327.0,329.0
2014-02-27,327.0,330.0,324.0,326.0
2014-02-28,326.0,330.0,321.0,321.0
2014-03-03,320.0,320.0,310.0,314.0
2014-03-04,306.0,314.0,306.0,311.0
2014-03-05,313.0,321.0,313.0,315.0
2014-03-06,316.0,338.0,310.0,329.0
2014-03-07,347.0,347.0,327.0,337.0
2014-03-10,335.0,335.0,324.0,335.0
2014-03-11,336.0,336.0,323.0,328.0
2014-03-12,332.0,334.0,312.0,324.0
2014-03-13,324.0,324.0,318.0,319.0
2014-03-14,309.0,315.0,308.0,310.0
2014-03-17,310.0,312.0,303.0,311.0
2014-03-18,312.0,316.0,307.0,311.0
2014-03-19,318.0,318.0,307.0,311.0
2014-03-20,310.0,310.0,290.0,296.0
2014-03-24,299.0,304.0,293.0,299.0
2014-03-25,300.0,305.0,296.0,300.0
2014-03-26,298.0,302.0,295.0,300.0
2014-03-27,294.0,297.0,293.0,297.0
2014-03-28,294.0,305.0,294.0,305.0
2014-03-31,308.0,310.0,297.0,298.0
2014-04-01,298.0,310.0,298.0,298.0
2014-04-02,305.0,363.0,298.0,320.0
2014-04-03,325.0,338.0,310.0,313.0
2014-04-04,315.0,320.0,311.0,320.0
2014-04-07,318.0,318.0,303.0,308.0
2014-04-08,310.0,311.0,303.0,307.0
2014-04-09,302.0,305.0,297.0,302.0
2014-04-10,305.0,311.0,274.0,293.0
2014-04-11,282.0,300.0,278.0,285.0
2014-04-14,292.0,294.0,288.0,291.0
2014-04-15,288.0,299.0,287.0,299.0
2014-04-16,297.0,302.0,294.0,302.0
2014-04-17,310.0,310.0,301.0,303.0
2014-04-18,305.0,306.0,296.0,304.0
2014-04-21,304.0,307.0,295.0,298.0
2014-04-22,300.0,302.0,296.0,300.0
2014-04-23,298.0,299.0,279.0,287.0
2014-04-24,287.0,293.0,285.0,293.0
2014-04-25,293.0,295.0,290.0,294.0
2014-04-28,288.0,292.0,284.0,286.0
2014-04-30,292.0,295.0,287.0,292.0
2014-05-01,295.0,295.0,287.0,295.0
2014-05-02,291.0,291.0,291.0,291.0
2014-05-07,293.0,293.0,286.0,289.0
2014-05-08,286.0,287.0,282.0,282.0
2014-05-09,280.0,290.0,273.0,289.0
2014-05-12,281.0,282.0,272.0,274.0
2014-05-13,284.0,286.0,281.0,281.0
2014-05-14,285.0,289.0,280.0,281.0
2014-05-15,282.0,292.0,281.0,292.0
2014-05-16,281.0,285.0,272.0,277.0
2014-05-19,277.0,278.0,272.0,276.0
2014-05-20,272.0,275.0,265.0,269.0
2014-05-21,264.0,272.0,264.0,269.0
2014-05-22,269.0,272.0,264.0,272.0
2014-05-23,274.0,279.0,271.0,273.0
2014-05-26,271.0,277.0,270.0,276.0
2014-05-27,276.0,279.0,263.0,275.0
2014-05-28,274.0,284.0,273.0,280.0
2014-05-29,281.0,288.0,280.0,284.0
2014-05-30,287.0,288.0,275.0,277.0
2014-06-02,282.0,287.0,280.0,285.0
2014-06-03,290.0,301.0,290.0,297.0
2014-06-04,313.0,314.0,295.0,308.0
2014-06-05,300.0,306.0,295.0,299.0
2014-06-06,299.0,302.0,293.0,295.0
2014-06-09,300.0,314.0,297.0,311.0
2014-06-10,312.0,313.0,299.0,305.0
2014-06-11,302.0,307.0,302.0,307.0
2014-06-12,305.0,305.0,297.0,304.0
2014-06-13,300.0,304.0,297.0,302.0
2014-06-16,295.0,301.0,295.0,295.0
2014-06-17,298.0,298.0,286.0,292.0
2014-06-18,289.0,295.0,287.0,289.0
2014-06-19,293.0,295.0,290.0,293.0
2014-06-20,300.0,300.0,294.0,296.0
2014-06-23,301.0,307.0,298.0,300.0
2014-06-24,302.0,302.0,298.0,302.0
2014-06-25,300.0,300.0,292.0,299.0
2014-06-26,299.0,300.0,290.0,298.0
2014-06-27,293.0,300.0,293.0,295.0
2014-06-30,296.0,296.0,293.0,295.0
2014-07-01,296.0,298.0,296.0,297.0
2014-07-02,300.0,300.0,298.0,300.0
2014-07-03,304.0,304.0,295.0,298.0
2014-07-04,297.0,302.0,297.0,302.0
2014-07-07,304.0,305.0,301.0,304.0
2014-07-08,304.0,304.0,301.0,301.0
2014-07-09,300.0,300.0,295.0,296.0
2014-07-10,300.0,300.0,291.0,291.0
2014-07-11,291.0,294.0,290.0,294.0
2014-07-14,299.0,299.0,288.0,294.0
2014-07-15,295.0,300.0,293.0,295.0
2014-07-16,292.0,294.0,292.0,294.0
2014-07-17,292.0,293.0,289.0,289.0
2014-07-18,288.0,344.0,285.0,326.0
2014-07-22,332.0,406.0,315.0,361.0
2014-07-23,352.0,355.0,323.0,325.0
2014-07-24,321.0,330.0,315.0,316.0
2014-07-25,313.0,316.0,305.0,306.0
2014-07-28,314.0,324.0,312.0,315.0
2014-07-29,318.0,319.0,308.0,310.0
2014-07-30,309.0,310.0,306.0,307.0
2014-07-31,308.0,308.0,304.0,306.0
2014-08-01,301.0,303.0,298.0,302.0
2014-08-04,302.0,303.0,297.0,303.0
2014-08-05,304.0,308.0,300.0,300.0
2014-08-06,296.0,303.0,295.0,296.0
2014-08-07,296.0,299.0,295.0,298.0
2014-08-08,296.0,296.0,286.0,287.0
2014-08-11,294.0,294.0,288.0,293.0
2014-08-12,295.0,295.0,291.0,291.0
2014-08-13,293.0,293.0,288.0,291.0
2014-08-14,297.0,298.0,293.0,298.0
2014-08-15,300.0,311.0,295.0,295.0
2014-08-18,296.0,301.0,296.0,301.0
2014-08-19,300.0,300.0,296.0,297.0
2014-08-20,296.0,298.0,296.0,297.0
2014-08-21,297.0,297.0,283.0,290.0
2014-08-22,294.0,295.0,290.0,295.0
2014-08-25,298.0,300.0,293.0,294.0
2014-08-26,300.0,311.0,299.0,305.0
2014-08-27,305.0,316.0,301.0,304.0
2014-08-28,305.0,318.0,305.0,306.0
2014-08-29,310.0,316.0,306.0,310.0
2014-09-01,310.0,324.0,310.0,324.0
2014-09-02,328.0,345.0,319.0,338.0
2014-09-03,338.0,340.0,320.0,334.0
2014-09-04,333.0,333.0,321.0,321.0
2014-09-05,325.0,325.0,300.0,314.0
2014-09-08,330.0,358.0,321.0,322.0
2014-09-09,322.0,330.0,320.0,323.0
2014-09-10,324.0,326.0,322.0,322.0
2014-09-11,320.0,323.0,317.0,319.0
2014-09-12,316.0,322.0,316.0,318.0
2014-09-16,318.0,325.0,318.0,321.0
2014-09-17,325.0,327.0,322.0,323.0
2014-09-18,327.0,327.0,311.0,319.0
2014-09-19,320.0,323.0,320.0,322.0
2014-09-22,323.0,323.0,312.0,313.0
2014-09-24,313.0,316.0,312.0,315.0
2014-09-25,323.0,333.0,316.0,329.0
2014-09-26,321.0,326.0,318.0,319.0
2014-09-29,320.0,323.0,317.0,320.0
2014-09-30,320.0,320.0,317.0,318.0
2014-10-01,317.0,317.0,311.0,313.0
2014-10-02,309.0,309.0,294.0,299.0
2014-10-03,306.0,306.0,296.0,299.0
2014-10-06,300.0,308.0,300.0,307.0
2014-10-07,308.0,308.0,300.0,306.0
2014-10-08,301.0,305.0,298.0,300.0
2014-10-09,303.0,308.0,300.0,300.0
2014-10-10,298.0,300.0,294.0,300.0
2014-10-14,292.0,304.0,290.0,296.0
2014-10-15,295.0,300.0,294.0,300.0
2014-10-16,295.0,295.0,294.0,295.0
2014-10-17,295.0,300.0,294.0,294.0
2014-10-20,303.0,303.0,297.0,301.0
2014-10-21,302.0,302.0,298.0,298.0
2014-10-22,301.0,301.0,300.0,300.0
2014-10-23,298.0,304.0,298.0,298.0
2014-10-24,306.0,318.0,301.0,308.0
2014-10-27,308.0,328.0,308.0,312.0
2014-10-28,310.0,315.0,302.0,304.0
2014-10-29,308.0,315.0,306.0,309.0
2014-10-30,309.0,319.0,305.0,319.0
2014-10-31,318.0,328.0,315.0,322.0
2014-11-04,320.0,326.0,314.0,325.0
2014-11-05,318.0,321.0,315.0,319.0
2014-11-06,321.0,322.0,317.0,321.0
2014-11-07,319.0,322.0,317.0,322.0
2014-11-10,322.0,360.0,317.0,339.0
2014-11-11,345.0,400.0,344.0,369.0
2014-11-12,389.0,390.0,360.0,365.0
2014-11-13,365.0,365.0,350.0,360.0
2014-11-14,355.0,355.0,338.0,338.0
2014-11-17,332.0,334.0,320.0,327.0
2014-11-18,328.0,371.0,327.0,351.0
2014-11-19,351.0,364.0,336.0,364.0
2014-11-20,374.0,444.0,374.0,444.0
2014-11-21,520.0,524.0,496.0,524.0
2014-11-25,514.0,548.0,445.0,484.0
2014-11-26,492.0,564.0,492.0,564.0
2014-11-27,644.0,650.0,523.0,542.0
2014-11-28,512.0,515.0,472.0,483.0
2014-12-01,475.0,533.0,466.0,484.0
2014-12-02,523.0,550.0,495.0,500.0
2014-12-03,490.0,505.0,440.0,442.0
2014-12-04,438.0,449.0,422.0,430.0
2014-12-05,424.0,442.0,415.0,429.0
2014-12-08,443.0,443.0,409.0,411.0
2014-12-09,411.0,429.0,401.0,422.0
2014-12-10,405.0,413.0,396.0,408.0
2014-12-11,404.0,437.0,400.0,437.0
2014-12-12,431.0,431.0,411.0,423.0
2014-12-15,407.0,410.0,387.0,390.0
2014-12-16,390.0,392.0,380.0,390.0
2014-12-17,380.0,387.0,360.0,366.0
2014-12-18,374.0,374.0,360.0,364.0
2014-12-19,370.0,370.0,341.0,356.0
2014-12-22,365.0,366.0,341.0,366.0
2014-12-24,366.0,436.0,366.0,388.0
2014-12-25,388.0,388.0,364.0,376.0
2014-12-26,378.0,417.0,370.0,388.0
2014-12-29,396.0,468.0,390.0,468.0
2014-12-30,530.0,544.0,434.0,476.0
2015-01-05,470.0,498.0,441.0,460.0
2015-01-06,440.0,462.0,436.0,440.0
2015-01-07,432.0,473.0,418.0,445.0
2015-01-08,440.0,520.0,431.0,500.0
2015-01-09,529.0,548.0,463.0,463.0
2015-01-13,451.0,451.0,432.0,437.0
2015-01-14,432.0,439.0,415.0,417.0
2015-01-15,417.0,429.0,411.0,428.0
2015-01-16,420.0,508.0,417.0,467.0
2015-01-19,475.0,523.0,458.0,501.0
2015-01-20,512.0,520.0,466.0,476.0
2015-01-21,469.0,470.0,444.0,458.0
2015-01-22,451.0,495.0,446.0,486.0
2015-01-23,470.0,476.0,461.0,472.0
2015-01-26,480.0,494.0,470.0,494.0
2015-01-27,508.0,569.0,500.0,529.0
2015-01-28,514.0,520.0,496.0,504.0
2015-01-29,510.0,604.0,499.0,604.0
2015-01-30,674.0,704.0,643.0,704.0
2015-02-02,669.0,734.0,591.0,602.0
2015-02-03,582.0,597.0,541.0,543.0
2015-02-04,555.0,572.0,527.0,555.0
2015-02-05,558.0,655.0,545.0,655.0
2015-02-06,705.0,745.0,592.0,633.0
2015-02-09,734.0,734.0,734.0,734.0
2015-02-10,880.0,884.0,812.0,884.0
2015-02-12,1033.0,1034.0,1020.0,1034.0
2015-02-13,1064.0,1190.0,828.0,874.0
2015-02-16,814.0,866.0,768.0,813.0
2015-02-17,805.0,813.0,736.0,753.0
2015-02-18,738.0,825.0,726.0,770.0
2015-02-19,725.0,730.0,680.0,685.0
2015-02-20,701.0,745.0,672.0,686.0
2015-02-23,678.0,699.0,656.0,673.0
2015-02-24,683.0,742.0,663.0,667.0
2015-02-25,677.0,688.0,662.0,684.0
2015-02-26,674.0,685.0,666.0,673.0
2015-02-27,673.0,752.0,627.0,713.0
2015-03-02,699.0,863.0,674.0,792.0
2015-03-03,772.0,779.0,721.0,737.0
2015-03-04,725.0,740.0,681.0,700.0
2015-03-05,686.0,706.0,678.0,681.0
2015-03-06,676.0,698.0,665.0,665.0
2015-03-09,662.0,717.0,645.0,704.0
2015-03-10,700.0,700.0,669.0,672.0
2015-03-11,653.0,668.0,637.0,660.0
2015-03-12,660.0,694.0,653.0,660.0
2015-03-13,650.0,682.0,641.0,675.0
2015-03-16,663.0,664.0,646.0,649.0
2015-03-17,644.0,650.0,603.0,635.0
2015-03-18,628.0,642.0,600.0,634.0
2015-03-19,638.0,638.0,600.0,607.0
2015-03-20,603.0,603.0,595.0,603.0
2015-03-23,603.0,607.0,595.0,598.0
2015-03-24,595.0,640.0,595.0,630.0
2015-03-25,645.0,645.0,622.0,629.0
2015-03-26,629.0,645.0,605.0,638.0
2015-03-27,618.0,640.0,615.0,619.0
2015-03-30,613.0,621.0,612.0,615.0
2015-03-31,613.0,618.0,604.0,607.0
2015-04-01,607.0,620.0,601.0,607.0
2015-04-02,607.0,607.0,580.0,592.0
2015-04-03,592.0,593.0,568.0,574.0
2015-04-06,562.0,563.0,513.0,517.0
2015-04-07,527.0,532.0,514.0,524.0
2015-04-08,536.0,554.0,524.0,530.0
2015-04-09,540.0,558.0,530.0,531.0
2015-04-10,532.0,548.0,531.0,548.0
2015-04-13,547.0,568.0,539.0,562.0
2015-04-14,567.0,567.0,554.0,555.0
2015-04-15,551.0,565.0,535.0,559.0
2015-04-16,559.0,559.0,545.0,546.0
2015-04-17,545.0,549.0,536.0,537.0
2015-04-20,532.0,541.0,528.0,529.0
2015-04-21,526.0,540.0,526.0,538.0
2015-04-22,530.0,549.0,530.0,549.0
2015-04-23,548.0,578.0,542.0,555.0
2015-04-24,565.0,577.0,560.0,574.0
2015-04-27,574.0,575.0,552.0,565.0
2015-04-28,575.0,575.0,562.0,566.0
2015-04-30,556.0,571.0,538.0,561.0
2015-05-01,551.0,551.0,525.0,542.0
2015-05-07,533.0,540.0,522.0,523.0
2015-05-08,530.0,537.0,525.0,537.0
2015-05-11,540.0,544.0,534.0,538.0
2015-05-12,538.0,541.0,532.0,536.0
2015-05-13,531.0,540.0,526.0,528.0
2015-05-14,523.0,534.0,523.0,534.0
2015-05-15,524.0,524.0,513.0,516.0
2015-05-18,503.0,510.0,479.0,489.0
2015-05-19,470.0,497.0,452.0,494.0
2015-05-20,499.0,512.0,499.0,503.0
2015-05-21,513.0,513.0,480.0,487.0
2015-05-22,488.0,500.0,487.0,497.0
2015-05-25,501.0,520.0,499.0,512.0
2015-05-26,522.0,522.0,495.0,515.0
2015-05-27,505.0,512.0,498.0,507.0
2015-05-28,481.0,490.0,480.0,483.0
2015-05-29,492.0,538.0,486.0,537.0
2015-06-01,505.0,533.0,505.0,530.0
2015-06-02,540.0,546.0,520.0,530.0
2015-06-03,532.0,594.0,524.0,571.0
2015-06-04,595.0,671.0,585.0,671.0
2015-06-05,648.0,695.0,613.0,643.0
2015-06-08,623.0,628.0,574.0,590.0
2015-06-09,584.0,585.0,560.0,560.0
2015-06-10,660.0,660.0,660.0,660.0
2015-06-11,760.0,760.0,760.0,760.0
2015-06-12,910.0,910.0,835.0,910.0
2015-06-15,895.0,942.0,772.0,791.0
2015-06-16,756.0,759.0,710.0,720.0
2015-06-17,714.0,815.0,714.0,749.0
2015-06-18,720.0,728.0,681.0,694.0
2015-06-19,686.0,687.0,666.0,674.0
2015-06-22,674.0,725.0,668.0,683.0
2015-06-23,687.0,691.0,668.0,669.0
2015-06-24,676.0,686.0,641.0,655.0
2015-06-25,646.0,659.0,644.0,653.0
2015-06-26,650.0,657.0,641.0,652.0
2015-06-29,623.0,632.0,600.0,607.0
2015-06-30,608.0,707.0,608.0,707.0
2015-07-01,693.0,757.0,661.0,696.0
2015-07-02,706.0,734.0,668.0,675.0
2015-07-03,668.0,670.0,650.0,651.0
2015-07-06,644.0,667.0,630.0,655.0
2015-07-07,667.0,707.0,650.0,705.0
2015-07-08,705.0,706.0,648.0,648.0
2015-07-09,600.0,625.0,548.0,610.0
2015-07-10,610.0,627.0,610.0,612.0
2015-07-13,623.0,640.0,611.0,626.0
2015-07-14,632.0,660.0,626.0,653.0
2015-07-15,636.0,643.0,630.0,636.0
2015-07-16,654.0,654.0,632.0,642.0
2015-07-17,640.0,645.0,634.0,634.0
2015-07-21,650.0,659.0,645.0,655.0
2015-07-22,655.0,693.0,650.0,665.0
2015-07-23,682.0,683.0,658.0,664.0
2015-07-24,641.0,642.0,622.0,633.0
2015-07-27,630.0,630.0,606.0,606.0
2015-07-28,599.0,607.0,590.0,606.0
2015-07-29,596.0,606.0,595.0,599.0
2015-07-30,600.0,638.0,597.0,601.0
2015-07-31,606.0,606.0,595.0,597.0
2015-08-03,606.0,606.0,590.0,596.0
2015-08-04,590.0,597.0,586.0,590.0
2015-08-05,610.0,686.0,600.0,625.0
2015-08-06,636.0,668.0,635.0,641.0
2015-08-07,645.0,645.0,618.0,618.0
2015-08-10,617.0,623.0,605.0,612.0
2015-08-11,618.0,618.0,598.0,598.0
2015-08-12,599.0,614.0,597.0,599.0
2015-08-13,586.0,594.0,584.0,593.0
2015-08-14,593.0,597.0,584.0,595.0
2015-08-17,585.0,588.0,581.0,582.0
2015-08-18,584.0,606.0,584.0,602.0
2015-08-19,609.0,609.0,586.0,595.0
2015-08-20,590.0,596.0,585.0,588.0
2015-08-21,579.0,582.0,540.0,540.0
2015-08-24,474.0,500.0,440.0,445.0
2015-08-25,401.0,463.0,381.0,417.0
2015-08-26,425.0,447.0,422.0,436.0
2015-08-27,468.0,470.0,451.0,461.0
2015-08-28,457.0,489.0,457.0,487.0
2015-08-31,470.0,485.0,466.0,471.0
2015-09-01,471.0,472.0,450.0,452.0
2015-09-02,436.0,468.0,435.0,465.0
2015-09-03,470.0,470.0,452.0,457.0
2015-09-04,458.0,458.0,411.0,420.0
2015-09-07,418.0,426.0,404.0,411.0
2015-09-08,411.0,425.0,403.0,410.0
2015-09-09,418.0,442.0,418.0,438.0
2015-09-10,435.0,450.0,430.0,442.0
2015-09-11,434.0,456.0,434.0,455.0
2015-09-14,455.0,455.0,442.0,445.0
2015-09-15,440.0,445.0,434.0,434.0
2015-09-16,434.0,434.0,420.0,422.0
2015-09-17,420.0,430.0,415.0,428.0
2015-09-18,434.0,435.0,427.0,433.0
2015-09-24,441.0,441.0,410.0,416.0
2015-09-25,424.0,429.0,417.0,423.0
2015-09-28,416.0,430.0,415.0,423.0
2015-09-29,430.0,431.0,411.0,415.0
2015-09-30,415.0,432.0,415.0,432.0
2015-10-01,432.0,452.0,423.0,442.0
2015-10-02,453.0,453.0,440.0,450.0
2015-10-05,443.0,454.0,442.0,454.0
2015-10-06,456.0,468.0,455.0,467.0
2015-10-07,462.0,474.0,455.0,469.0
2015-10-08,460.0,478.0,460.0,477.0
2015-10-09,469.0,557.0,469.0,557.0
2015-10-13,507.0,527.0,501.0,514.0
2015-10-14,505.0,508.0,486.0,486.0
2015-10-15,475.0,492.0,475.0,480.0
2015-10-16,488.0,493.0,473.0,483.0
2015-10-19,480.0,484.0,472.0,472.0
2015-10-20,468.0,490.0,468.0,479.0
2015-10-21,476.0,480.0,470.0,474.0
2015-10-22,474.0,480.0,468.0,480.0
2015-10-23,475.0,483.0,474.0,483.0
2015-10-26,486.0,486.0,477.0,477.0
2015-10-27,477.0,477.0,463.0,471.0
2015-10-28,476.0,476.0,459.0,459.0
2015-10-29,460.0,467.0,459.0,459.0
2015-10-30,459.0,467.0,452.0,467.0
2015-11-02,459.0,465.0,455.0,456.0
2015-11-04,453.0,469.0,453.0,456.0
2015-11-05,452.0,462.0,450.0,461.0
2015-11-06,453.0,457.0,452.0,455.0
2015-11-09,451.0,460.0,451.0,454.0
2015-11-10,454.0,456.0,446.0,447.0
2015-11-11,444.0,456.0,444.0,449.0
2015-11-12,449.0,455.0,444.0,451.0
2015-11-13,445.0,452.0,444.0,444.0
2015-11-16,441.0,447.0,440.0,446.0
2015-11-17,447.0,452.0,446.0,452.0
2015-11-18,451.0,460.0,451.0,457.0
2015-11-19,463.0,495.0,452.0,476.0
2015-11-20,469.0,485.0,461.0,462.0
2015-11-24,478.0,480.0,467.0,468.0
2015-11-25,468.0,548.0,457.0,523.0
2015-11-26,503.0,518.0,492.0,514.0
2015-11-27,513.0,513.0,492.0,495.0
2015-11-30,499.0,504.0,492.0,497.0
2015-12-01,497.0,498.0,491.0,493.0
2015-12-02,493.0,493.0,487.0,492.0
2015-12-03,487.0,492.0,486.0,488.0
2015-12-04,481.0,491.0,481.0,488.0
2015-12-07,490.0,490.0,480.0,484.0
2015-12-08,484.0,484.0,470.0,472.0
2015-12-09,470.0,476.0,461.0,461.0
2015-12-10,469.0,479.0,456.0,458.0
2015-12-11,453.0,461.0,453.0,456.0
2015-12-14,445.0,450.0,442.0,445.0
2015-12-15,451.0,495.0,450.0,453.0
2015-12-16,469.0,533.0,464.0,533.0
2015-12-17,607.0,608.0,504.0,510.0
2015-12-18,509.0,550.0,496.0,523.0
2015-12-21,536.0,559.0,504.0,508.0
2015-12-22,503.0,504.0,486.0,487.0
2015-12-24,474.0,480.0,442.0,446.0
2015-12-25,446.0,446.0,446.0,446.0
2015-12-28,460.0,480.0,460.0,472.0
2015-12-29,480.0,552.0,476.0,552.0
2015-12-30,542.0,564.0,513.0,523.0
2016-01-04,533.0,573.0,525.0,530.0
2016-01-05,540.0,628.0,531.0,613.0
2016-01-06,613.0,713.0,590.0,630.0
2016-01-07,610.0,623.0,545.0,550.0
2016-01-08,540.0,566.0,530.0,531.0
2016-01-12,531.0,563.0,501.0,522.0
2016-01-13,518.0,538.0,512.0,529.0
2016-01-14,509.0,513.0,496.0,502.0
2016-01-15,520.0,526.0,484.0,487.0
2016-01-18,460.0,470.0,452.0,466.0
2016-01-19,464.0,509.0,461.0,490.0
2016-01-20,491.0,503.0,450.0,450.0
2016-01-21,451.0,519.0,451.0,461.0
2016-01-22,521.0,545.0,466.0,468.0
2016-01-25,464.0,493.0,464.0,481.0
2016-01-26,482.0,517.0,471.0,498.0
2016-01-27,499.0,512.0,486.0,488.0
2016-01-28,485.0,508.0,484.0,489.0
2016-01-29,489.0,492.0,476.0,483.0
2016-02-01,489.0,534.0,483.0,529.0
2016-02-02,539.0,610.0,529.0,602.0
2016-02-03,592.0,592.0,540.0,565.0
2016-02-04,576.0,582.0,542.0,542.0
2016-02-05,522.0,524.0,482.0,506.0
2016-02-08,489.0,530.0,488.0,528.0
2016-02-09,498.0,536.0,491.0,491.0
2016-02-10,493.0,524.0,476.0,483.0
2016-02-12,443.0,474.0,411.0,413.0
2016-02-15,442.0,458.0,427.0,435.0
2016-02-16,433.0,463.0,433.0,440.0
2016-02-17,445.0,488.0,445.0,458.0
2016-02-18,470.0,482.0,468.0,480.0
2016-02-19,481.0,481.0,457.0,465.0
2016-02-22,479.0,487.0,471.0,487.0
2016-02-23,489.0,489.0,460.0,460.0
2016-02-24,460.0,529.0,460.0,483.0
2016-02-25,483.0,500.0,480.0,496.0
2016-02-26,512.0,512.0,490.0,493.0
2016-02-29,496.0,514.0,496.0,505.0
2016-03-01,505.0,505.0,470.0,484.0
2016-03-02,485.0,508.0,485.0,497.0
2016-03-03,499.0,501.0,495.0,499.0
2016-03-04,500.0,505.0,493.0,502.0
2016-03-07,513.0,522.0,501.0,505.0
2016-03-08,508.0,513.0,489.0,497.0
2016-03-09,498.0,520.0,492.0,507.0
2016-03-10,517.0,517.0,505.0,509.0
2016-03-11,508.0,521.0,505.0,519.0
2016-03-14,520.0,543.0,519.0,526.0
2016-03-15,536.0,540.0,521.0,525.0
2016-03-16,515.0,526.0,514.0,517.0
2016-03-17,528.0,528.0,492.0,492.0
2016-03-18,508.0,515.0,490.0,498.0
2016-03-22,500.0,506.0,491.0,495.0
2016-03-23,496.0,503.0,495.0,496.0
2016-03-24,497.0,499.0,495.0,497.0
2016-03-25,498.0,500.0,491.0,499.0
2016-03-28,492.0,499.0,490.0,498.0
2016-03-29,498.0,509.0,498.0,505.0
2016-03-30,509.0,512.0,492.0,494.0
2016-03-31,502.0,503.0,493.0,500.0
2016-04-01,500.0,500.0,488.0,488.0
2016-04-04,487.0,487.0,483.0,483.0
2016-04-05,481.0,483.0,473.0,479.0
2016-04-06,480.0,480.0,470.0,478.0
2016-04-07,472.0,473.0,468.0,469.0
2016-04-08,461.0,463.0,456.0,459.0
2016-04-11,473.0,479.0,453.0,458.0
2016-04-12,454.0,467.0,454.0,462.0
2016-04-13,468.0,471.0,458.0,471.0
2016-04-14,471.0,489.0,471.0,481.0
2016-04-15,481.0,500.0,460.0,475.0
2016-04-18,467.0,467.0,462.0,463.0
2016-04-19,469.0,473.0,468.0,473.0
2016-04-20,472.0,472.0,470.0,471.0
2016-04-21,487.0,487.0,473.0,486.0
2016-04-22,486.0,498.0,482.0,489.0
2016-04-25,489.0,515.0,489.0,500.0
2016-04-26,495.0,500.0,480.0,489.0
2016-04-27,527.0,556.0,502.0,503.0
2016-04-28,503.0,508.0,492.0,500.0
2016-05-02,481.0,508.0,481.0,492.0
2016-05-06,485.0,499.0,482.0,495.0
2016-05-09,514.0,514.0,502.0,505.0
2016-05-10,515.0,525.0,505.0,515.0
2016-05-11,515.0,520.0,513.0,518.0
2016-05-12,514.0,519.0,500.0,503.0
2016-05-13,500.0,516.0,498.0,503.0
2016-05-16,496.0,497.0,491.0,491.0
2016-05-17,486.0,495.0,483.0,484.0
2016-05-18,481.0,487.0,480.0,480.0
2016-05-19,478.0,483.0,476.0,476.0
2016-05-20,472.0,478.0,471.0,474.0
2016-05-23,468.0,472.0,465.0,472.0
2016-05-24,467.0,475.0,467.0,471.0
2016-05-25,463.0,472.0,463.0,472.0
2016-05-26,467.0,474.0,465.0,472.0
2016-05-27,469.0,474.0,469.0,471.0
2016-05-30,475.0,486.0,473.0,479.0
2016-05-31,484.0,502.0,480.0,497.0
2016-06-01,500.0,500.0,482.0,482.0
2016-06-02,483.0,495.0,482.0,482.0
2016-06-03,481.0,484.0,480.0,480.0
2016-06-06,480.0,492.0,480.0,486.0
2016-06-07,490.0,500.0,486.0,496.0
2016-06-08,499.0,505.0,483.0,488.0
2016-06-09,490.0,491.0,488.0,491.0
2016-06-10,495.0,495.0,483.0,492.0
2016-06-13,485.0,497.0,460.0,489.0
2016-06-14,465.0,475.0,453.0,455.0
2016-06-15,452.0,467.0,450.0,458.0
2016-06-16,466.0,469.0,433.0,434.0
2016-06-17,436.0,450.0,436.0,437.0
2016-06-20,453.0,453.0,437.0,440.0
2016-06-21,438.0,458.0,438.0,450.0
2016-06-22,450.0,460.0,440.0,449.0
2016-06-23,446.0,451.0,440.0,447.0
2016-06-24,455.0,455.0,381.0,395.0
2016-06-27,395.0,416.0,394.0,408.0
2016-06-28,407.0,432.0,407.0,432.0
2016-06-29,425.0,435.0,414.0,421.0
2016-06-30,421.0,432.0,420.0,430.0
2016-07-01,430.0,430.0,420.0,429.0
2016-07-04,426.0,430.0,410.0,429.0
2016-07-05,424.0,428.0,420.0,422.0
2016-07-06,411.0,419.0,411.0,414.0
2016-07-07,406.0,410.0,404.0,407.0
2016-07-08,407.0,407.0,402.0,404.0
2016-07-11,404.0,404.0,404.0,404.0
2016-07-12,420.0,425.0,419.0,425.0
2016-07-13,430.0,435.0,422.0,422.0
2016-07-14,420.0,422.0,412.0,415.0
2016-07-15,422.0,422.0,415.0,415.0
2016-07-19,421.0,438.0,418.0,430.0
2016-07-20,429.0,430.0,421.0,430.0
2016-07-21,440.0,450.0,434.0,438.0
2016-07-22,454.0,454.0,431.0,439.0
2016-07-25,399.0,419.0,399.0,413.0
2016-07-26,412.0,433.0,408.0,422.0
2016-07-27,422.0,435.0,415.0,422.0
2016-07-28,429.0,446.0,427.0,434.0
2016-07-29,422.0,427.0,416.0,419.0
2016-08-01,414.0,419.0,405.0,411.0
2016-08-02,419.0,419.0,405.0,406.0
2016-08-03,405.0,412.0,401.0,403.0
2016-08-04,402.0,406.0,401.0,402.0
2016-08-05,403.0,410.0,403.0,410.0
2016-08-08,405.0,415.0,401.0,404.0
2016-08-09,405.0,405.0,400.0,402.0
2016-08-10,410.0,410.0,403.0,403.0
2016-08-12,407.0,412.0,404.0,412.0
2016-08-15,412.0,427.0,412.0,416.0
2016-08-16,412.0,420.0,412.0,420.0
2016-08-17,416.0,427.0,416.0,420.0
2016-08-18,419.0,425.0,419.0,422.0
2016-08-19,427.0,427.0,422.0,423.0
2016-08-22,426.0,430.0,414.0,428.0
2016-08-23,427.0,427.0,424.0,424.0
2016-08-24,431.0,431.0,423.0,425.0
2016-08-25,417.0,425.0,417.0,425.0
2016-08-26,421.0,423.0,419.0,423.0
2016-08-29,422.0,424.0,421.0,422.0
2016-08-30,502.0,502.0,494.0,502.0
2016-08-31,472.0,510.0,460.0,490.0
2016-09-01,498.0,514.0,476.0,510.0
2016-09-02,490.0,506.0,480.0,491.0
2016-09-05,499.0,499.0,470.0,471.0
2016-09-06,463.0,463.0,447.0,449.0
2016-09-07,446.0,447.0,438.0,438.0
2016-09-08,440.0,456.0,433.0,435.0
2016-09-09,438.0,440.0,429.0,432.0
2016-09-12,430.0,430.0,421.0,421.0
2016-09-13,421.0,430.0,421.0,428.0
2016-09-14,428.0,428.0,417.0,422.0
2016-09-15,419.0,422.0,408.0,420.0
2016-09-16,418.0,421.0,411.0,418.0
2016-09-20,420.0,420.0,409.0,409.0
2016-09-21,408.0,416.0,407.0,412.0
2016-09-23,420.0,420.0,414.0,416.0
2016-09-26,424.0,424.0,413.0,416.0
2016-09-27,413.0,420.0,411.0,417.0
2016-09-28,421.0,428.0,417.0,422.0
2016-09-29,422.0,427.0,418.0,427.0
2016-09-30,426.0,427.0,420.0,424.0
2016-10-03,426.0,427.0,420.0,425.0
2016-10-04,426.0,426.0,422.0,422.0
2016-10-05,422.0,424.0,414.0,417.0
2016-10-06,418.0,426.0,415.0,415.0
2016-10-07,416.0,423.0,416.0,420.0
2016-10-11,420.0,420.0,412.0,414.0
2016-10-12,415.0,419.0,412.0,413.0
2016-10-13,412.0,422.0,411.0,420.0
2016-10-14,425.0,489.0,423.0,426.0
2016-10-17,430.0,480.0,430.0,462.0
2016-10-18,452.0,460.0,430.0,432.0
2016-10-19,440.0,441.0,423.0,426.0
2016-10-20,426.0,427.0,421.0,422.0
2016-10-21,424.0,428.0,422.0,423.0
2016-10-24,431.0,444.0,426.0,444.0
2016-10-25,430.0,430.0,415.0,418.0
2016-10-26,413.0,419.0,410.0,414.0
2016-10-27,410.0,420.0,410.0,416.0
2016-10-28,416.0,418.0,412.0,416.0
2016-10-31,416.0,416.0,412.0,413.0
2016-11-01,416.0,416.0,411.0,415.0
2016-11-02,413.0,413.0,402.0,405.0
2016-11-04,402.0,402.0,395.0,400.0
2016-11-07,397.0,400.0,397.0,399.0
2016-11-08,400.0,400.0,396.0,396.0
2016-11-09,404.0,404.0,364.0,377.0
2016-11-10,382.0,396.0,382.0,385.0
2016-11-11,389.0,391.0,382.0,386.0
2016-11-14,383.0,387.0,382.0,383.0
2016-11-15,383.0,385.0,375.0,377.0
2016-11-16,382.0,385.0,380.0,385.0
2016-11-17,385.0,392.0,383.0,387.0
2016-11-18,388.0,394.0,385.0,388.0
2016-11-21,394.0,394.0,387.0,393.0
2016-11-22,391.0,391.0,379.0,380.0
2016-11-24,381.0,386.0,379.0,379.0
2016-11-25,381.0,383.0,379.0,383.0
2016-11-28,385.0,386.0,381.0,386.0
2016-11-29,386.0,387.0,383.0,386.0
2016-11-30,390.0,392.0,385.0,391.0
2016-12-01,395.0,395.0,388.0,389.0
2016-12-02,389.0,389.0,383.0,383.0
2016-12-05,382.0,383.0,377.0,380.0
2016-12-06,379.0,383.0,378.0,379.0
2016-12-07,382.0,382.0,377.0,379.0
2016-12-08,379.0,382.0,377.0,381.0
2016-12-09,380.0,383.0,378.0,382.0
2016-12-12,383.0,400.0,383.0,400.0
2016-12-13,395.0,399.0,386.0,394.0
2016-12-14,395.0,396.0,390.0,391.0
2016-12-15,394.0,395.0,386.0,394.0
2016-12-16,395.0,395.0,390.0,392.0
2016-12-19,390.0,396.0,390.0,394.0
2016-12-20,394.0,413.0,394.0,399.0
2016-12-21,399.0,402.0,397.0,398.0
2016-12-22,397.0,397.0,392.0,394.0
2016-12-26,402.0,412.0,397.0,412.0
2016-12-27,410.0,437.0,406.0,416.0
2016-12-28,412.0,415.0,404.0,409.0
2016-12-29,409.0,409.0,401.0,402.0
2016-12-30,405.0,410.0,399.0,410.0
2017-01-04,418.0,434.0,413.0,427.0
2017-01-05,427.0,442.0,424.0,435.0
2017-01-06,432.0,435.0,428.0,430.0
2017-01-10,430.0,439.0,430.0,437.0
2017-01-11,434.0,442.0,430.0,437.0
2017-01-12,438.0,438.0,430.0,430.0
2017-01-13,429.0,434.0,427.0,433.0
2017-01-16,434.0,437.0,429.0,431.0
2017-01-17,430.0,453.0,427.0,439.0
2017-01-18,435.0,449.0,434.0,445.0
2017-01-19,450.0,515.0,444.0,460.0
2017-01-20,468.0,470.0,445.0,456.0
2017-01-23,454.0,484.0,445.0,479.0
2017-01-24,468.0,481.0,467.0,471.0
2017-01-25,471.0,474.0,451.0,461.0
2017-01-26,469.0,476.0,460.0,469.0
2017-01-27,472.0,473.0,462.0,465.0
2017-01-30,449.0,449.0,434.0,440.0
2017-01-31,430.0,439.0,428.0,439.0
2017-02-01,428.0,432.0,426.0,427.0
2017-02-02,434.0,435.0,426.0,427.0
2017-02-03,426.0,427.0,418.0,418.0
2017-02-06,420.0,425.0,420.0,422.0
2017-02-07,428.0,428.0,421.0,422.0
2017-02-08,422.0,434.0,422.0,433.0
2017-02-09,434.0,449.0,434.0,436.0
2017-02-10,434.0,442.0,422.0,439.0
2017-02-13,445.0,449.0,440.0,448.0
2017-02-14,403.0,413.0,395.0,411.0
2017-02-15,413.0,413.0,402.0,402.0
2017-02-16,405.0,407.0,398.0,401.0
2017-02-17,402.0,404.0,402.0,404.0
2017-02-20,398.0,405.0,374.0,403.0
2017-02-21,403.0,404.0,400.0,402.0
2017-02-22,403.0,406.0,401.0,406.0
2017-02-23,406.0,406.0,402.0,403.0
2017-02-24,401.0,405.0,400.0,403.0
2017-02-27,406.0,406.0,401.0,402.0
2017-02-28,403.0,406.0,402.0,405.0
2017-03-01,405.0,405.0,401.0,401.0
2017-03-02,404.0,404.0,400.0,403.0
2017-03-03,403.0,405.0,401.0,405.0
2017-03-06,404.0,413.0,402.0,413.0
2017-03-07,416.0,428.0,411.0,416.0
2017-03-08,415.0,417.0,412.0,413.0
2017-03-09,412.0,421.0,395.0,406.0
2017-03-10,410.0,410.0,404.0,406.0
2017-03-13,406.0,407.0,403.0,403.0
2017-03-14,402.0,406.0,400.0,403.0
2017-03-15,401.0,405.0,400.0,400.0
2017-03-16,399.0,401.0,399.0,400.0
2017-03-17,399.0,403.0,399.0,403.0
2017-03-21,400.0,403.0,399.0,401.0
2017-03-22,400.0,403.0,399.0,401.0
2017-03-23,401.0,403.0,401.0,401.0
2017-03-24,402.0,403.0,397.0,400.0
2017-03-27,400.0,402.0,395.0,396.0
2017-03-28,396.0,399.0,396.0,399.0
2017-03-29,398.0,402.0,398.0,402.0
2017-03-30,399.0,402.0,399.0,402.0
2017-03-31,402.0,403.0,400.0,400.0
2017-04-03,398.0,402.0,397.0,400.0
2017-04-04,399.0,399.0,381.0,385.0
2017-04-05,383.0,388.0,381.0,382.0
2017-04-06,380.0,381.0,365.0,375.0
2017-04-07,371.0,374.0,360.0,361.0
2017-04-10,361.0,370.0,359.0,363.0
2017-04-11,363.0,363.0,355.0,361.0
2017-04-12,355.0,356.0,341.0,345.0
2017-04-13,341.0,350.0,336.0,350.0
2017-04-14,354.0,360.0,345.0,350.0
2017-04-17,343.0,357.0,343.0,349.0
2017-04-18,354.0,363.0,350.0,352.0
2017-04-19,357.0,360.0,356.0,360.0
2017-04-20,364.0,368.0,360.0,366.0
2017-04-21,366.0,368.0,363.0,363.0
2017-04-24,363.0,363.0,352.0,355.0
2017-04-25,353.0,357.0,350.0,355.0
2017-04-26,358.0,358.0,353.0,356.0
2017-04-27,354.0,358.0,352.0,354.0
2017-04-28,356.0,360.0,354.0,355.0
2017-05-01,352.0,357.0,352.0,355.0
2017-05-02,355.0,360.0,354.0,355.0
2017-05-08,365.0,435.0,356.0,432.0
2017-05-09,408.0,415.0,391.0,403.0
2017-05-10,404.0,404.0,383.0,385.0
2017-05-11,383.0,384.0,374.0,374.0
2017-05-12,375.0,376.0,360.0,366.0
2017-05-15,367.0,371.0,366.0,370.0
2017-05-16,371.0,375.0,370.0,372.0
2017-05-17,372.0,452.0,364.0,452.0
2017-05-18,532.0,532.0,532.0,532.0
2017-05-19,632.0,632.0,632.0,632.0
2017-05-22,732.0,732.0,732.0,732.0
2017-05-23,987.0,1032.0,962.0,1032.0
2017-05-24,1183.0,1332.0,1085.0,1313.0
2017-05-25,1343.0,1354.0,1160.0,1224.0
2017-05-26,1180.0,1524.0,1102.0,1524.0
2017-05-29,1801.0,1924.0,1730.0,1739.0
2017-05-30,1739.0,2050.0,1697.0,1924.0
2017-05-31,1884.0,1891.0,1701.0,1713.0
2017-06-01,1700.0,1776.0,1524.0,1598.0
2017-06-02,1560.0,1583.0,1317.0,1330.0
2017-06-05,1330.0,1415.0,1264.0,1316.0
2017-06-06,1300.0,1352.0,1241.0,1283.0
2017-06-07,1302.0,1352.0,1270.0,1301.0
2017-06-08,1276.0,1341.0,1231.0,1338.0
2017-06-09,1308.0,1338.0,1287.0,1292.0
2017-06-12,1310.0,1592.0,1297.0,1592.0
2017-06-13,1500.0,1992.0,1450.0,1726.0
2017-06-14,1686.0,2100.0,1658.0,1935.0
2017-06-15,1895.0,1959.0,1630.0,1671.0
2017-06-16,1641.0,1850.0,1515.0,1549.0
2017-06-19,1550.0,1627.0,1510.0,1575.0
2017-06-20,1565.0,1815.0,1544.0,1601.0
2017-06-21,1662.0,1780.0,1610.0,1728.0
2017-06-22,1758.0,1843.0,1660.0,1668.0
2017-06-23,1641.0,1681.0,1555.0,1603.0
2017-06-26,1652.0,1693.0,1587.0,1678.0
2017-06-27,1650.0,1697.0,1600.0,1627.0
2017-06-28,1648.0,1752.0,1604.0,1693.0
2017-06-29,1813.0,2093.0,1805.0,2093.0
2017-06-30,2593.0,2593.0,2593.0,2593.0
2017-07-03,2743.0,3095.0,2715.0,3095.0
2017-07-04,3305.0,3400.0,2831.0,2960.0
2017-07-05,3460.0,3460.0,3005.0,3070.0
2017-07-06,2916.0,3145.0,2632.0,2770.0
2017-07-07,2770.0,2988.0,2686.0,2841.0
2017-07-10,2891.0,3345.0,2587.0,3345.0
2017-07-11,3555.0,3700.0,3075.0,3165.0
2017-07-12,3025.0,3210.0,2915.0,3105.0
2017-07-13,3200.0,3345.0,3015.0,3015.0
2017-07-14,2940.0,3100.0,2763.0,2854.0
2017-07-17,2854.0,2854.0,2854.0,2854.0
2017-07-18,2754.0,2767.0,2357.0,2371.0
2017-07-19,2365.0,2523.0,2241.0,2269.0
2017-07-20,2303.0,2357.0,2208.0,2270.0
2017-07-21,2269.0,2276.0,2154.0,2197.0
2017-07-24,2149.0,2424.0,2126.0,2333.0
2017-07-25,2333.0,2833.0,2333.0,2833.0
2017-07-26,2983.0,3140.0,2836.0,3010.0
2017-07-27,2968.0,3065.0,2720.0,2745.0
2017-07-28,2595.0,2658.0,2342.0,2370.0
2017-07-31,2450.0,2548.0,2265.0,2311.0
2017-08-01,2285.0,2316.0,1933.0,1933.0
2017-08-02,2010.0,2333.0,1976.0,2333.0
2017-08-03,2553.0,2833.0,2320.0,2343.0
2017-08-04,2200.0,2576.0,2149.0,2478.0
2017-08-07,2450.0,2637.0,2336.0,2355.0
2017-08-08,2355.0,2445.0,2260.0,2309.0
2017-08-09,2305.0,2339.0,2142.0,2195.0
2017-08-10,2195.0,2255.0,2090.0,2102.0
2017-08-11,2102.0,2102.0,2102.0,2102.0
2017-08-14,2040.0,2200.0,2012.0,2165.0
2017-08-15,2188.0,2220.0,2142.0,2166.0
2017-08-16,2198.0,2285.0,2175.0,2206.0
2017-08-17,2183.0,2380.0,2181.0,2283.0
2017-08-18,2222.0,2280.0,2182.0,2190.0
2017-08-21,2250.0,2251.0,2150.0,2150.0
2017-08-22,2115.0,2151.0,2075.0,2142.0
2017-08-23,2170.0,2310.0,2120.0,2251.0
2017-08-24,2251.0,2590.0,2235.0,2550.0
2017-08-25,2490.0,2668.0,2460.0,2489.0
2017-08-28,2506.0,2584.0,2443.0,2446.0
2017-08-29,2400.0,2445.0,2345.0,2387.0
2017-08-30,2430.0,2469.0,2310.0,2325.0
2017-08-31,2310.0,2379.0,2310.0,2318.0
2017-09-01,2357.0,2365.0,2212.0,2219.0
2017-09-04,2175.0,2183.0,2097.0,2141.0
2017-09-05,2132.0,2199.0,1907.0,1990.0
2017-09-06,1888.0,2123.0,1886.0,2005.0
2017-09-07,2030.0,2065.0,1963.0,1969.0
2017-09-08,1979.0,2040.0,1955.0,2027.0
2017-09-11,2077.0,2457.0,2050.0,2095.0
2017-09-12,2139.0,2272.0,2090.0,2117.0
2017-09-13,2128.0,2177.0,2055.0,2065.0
2017-09-14,2070.0,2072.0,1980.0,2010.0
2017-09-15,1999.0,2065.0,1989.0,2045.0
2017-09-18,2045.0,2045.0,2045.0,2045.0
2017-09-19,2110.0,2136.0,2052.0,2091.0
2017-09-20,2136.0,2275.0,2111.0,2270.0
2017-09-21,2465.0,2618.0,2281.0,2281.0
2017-09-22,2241.0,2540.0,2213.0,2521.0
2017-09-25,2560.0,2815.0,2555.0,2575.0
2017-09-26,2550.0,2642.0,2439.0,2455.0
2017-09-27,2462.0,2624.0,2430.0,2545.0
2017-09-28,2629.0,2630.0,2350.0,2380.0
2017-09-29,2381.0,2405.0,2316.0,2337.0
2017-10-02,2352.0,2464.0,2347.0,2389.0
2017-10-03,2420.0,2480.0,2347.0,2447.0
2017-10-04,2447.0,2493.0,2390.0,2400.0
2017-10-05,2400.0,2405.0,2305.0,2315.0
2017-10-06,2365.0,2370.0,2274.0,2280.0
2017-10-09,2280.0,2280.0,2280.0,2280.0
2017-10-10,2251.0,2320.0,2230.0,2277.0
2017-10-11,2290.0,2298.0,2255.0,2265.0
2017-10-12,2289.0,2373.0,2277.0,2317.0
2017-10-13,2316.0,2529.0,2316.0,2393.0
2017-10-16,2416.0,2455.0,2294.0,2307.0
2017-10-17,2292.0,2340.0,2285.0,2317.0
2017-10-18,2340.0,2340.0,2286.0,2310.0
2017-10-19,2300.0,2323.0,2231.0,2273.0
2017-10-20,2380.0,2444.0,2321.0,2377.0
2017-10-23,2404.0,2436.0,2346.0,2382.0
2017-10-24,2366.0,2410.0,2300.0,2398.0
2017-10-25,2352.0,2483.0,2322.0,2332.0
2017-10-26,2320.0,2333.0,2250.0,2305.0
2017-10-27,2302.0,2380.0,2290.0,2380.0
2017-10-30,2397.0,2425.0,2300.0,2356.0
2017-10-31,2350.0,2530.0,2331.0,2496.0
2017-11-01,2490.0,2515.0,2378.0,2415.0
2017-11-02,2380.0,2399.0,2290.0,2301.0
2017-11-03,2301.0,2301.0,2301.0,2301.0
2017-11-06,2340.0,2455.0,2300.0,2340.0
2017-11-07,2360.0,2360.0,2290.0,2318.0
2017-11-08,2320.0,2342.0,2300.0,2308.0
2017-11-09,2329.0,2366.0,2270.0,2300.0
2017-11-10,2270.0,2328.0,2268.0,2304.0
2017-11-13,2283.0,2308.0,2272.0,2285.0
2017-11-14,2280.0,2335.0,2276.0,2280.0
2017-11-15,2300.0,2312.0,2253.0,2280.0
2017-11-16,2280.0,2312.0,2272.0,2300.0
2017-11-17,2295.0,2443.0,2284.0,2353.0
2017-11-20,2342.0,2487.0,2300.0,2482.0
2017-11-21,2498.0,2557.0,2375.0,2379.0
2017-11-22,2350.0,2383.0,2311.0,2320.0
2017-11-23,2320.0,2320.0,2320.0,2320.0
2017-11-24,2300.0,2368.0,2295.0,2366.0
2017-11-27,2352.0,2379.0,2313.0,2316.0
2017-11-28,2339.0,2354.0,2303.0,2333.0
2017-11-29,2333.0,2388.0,2331.0,2337.0
2017-11-30,2340.0,2360.0,2295.0,2330.0
2017-12-01,2319.0,2353.0,2305.0,2309.0
2017-12-04,2312.0,2327.0,2294.0,2297.0
2017-12-05,2285.0,2300.0,2068.0,2217.0
2017-12-06,2230.0,2244.0,2028.0,2073.0
2017-12-07,2106.0,2145.0,2073.0,2095.0
2017-12-08,2082.0,2126.0,2035.0,2124.0
2017-12-11,2101.0,2133.0,2091.0,2111.0
2017-12-12,2134.0,2134.0,2062.0,2075.0
2017-12-13,2063.0,2073.0,2000.0,2000.0
2017-12-14,1971.0,2086.0,1953.0,2055.0
2017-12-15,2056.0,2056.0,1975.0,1976.0
2017-12-18,1972.0,1976.0,1861.0,1868.0
2017-12-19,1868.0,1904.0,1799.0,1808.0
2017-12-20,1867.0,1876.0,1808.0,1813.0
2017-12-21,1823.0,1849.0,1714.0,1733.0
2017-12-22,1717.0,1733.0,1616.0,1721.0
2017-12-25,1716.0,1721.0,1560.0,1580.0
2017-12-26,1630.0,1632.0,1548.0,1575.0
2017-12-27,1576.0,1617.0,1565.0,1596.0
2017-12-28,1582.0,1593.0,1481.0,1481.0
2017-12-29,1500.0,1549.0,1468.0,1534.0
2018-01-01,1534.0,1534.0,1534.0,1534.0
2018-01-02,1534.0,1534.0,1534.0,1534.0
2018-01-03,1534.0,1534.0,1534.0,1534.0
2018-01-04,1535.0,1665.0,1468.0,1569.0
2018-01-05,1555.0,1615.0,1550.0,1604.0
2018-01-08,1604.0,1604.0,1604.0,1604.0
2018-01-09,1609.0,1621.0,1573.0,1608.0
2018-01-10,1612.0,1747.0,1588.0,1705.0
2018-01-11,1665.0,1688.0,1642.0,1651.0
2018-01-12,1645.0,1660.0,1592.0,1596.0
2018-01-15,1595.0,1595.0,1540.0,1545.0
2018-01-16,1546.0,1563.0,1520.0,1558.0
2018-01-17,1552.0,1557.0,1489.0,1498.0
2018-01-18,1510.0,1536.0,1498.0,1515.0
2018-01-19,1515.0,1532.0,1503.0,1530.0
2018-01-22,1530.0,1588.0,1530.0,1569.0
2018-01-23,1568.0,1605.0,1561.0,1571.0
2018-01-24,1552.0,1565.0,1512.0,1544.0
2018-01-25,1481.0,1519.0,1458.0,1486.0
2018-01-26,1480.0,1495.0,1420.0,1445.0
2018-01-29,1439.0,1444.0,1387.0,1399.0
2018-01-30,1399.0,1405.0,1316.0,1342.0
2018-01-31,1333.0,1430.0,1320.0,1352.0
2018-02-01,1352.0,1399.0,1331.0,1375.0
2018-02-02,1356.0,1368.0,1309.0,1327.0
2018-02-05,1279.0,1320.0,1255.0,1304.0
2018-02-06,1184.0,1244.0,1022.0,1122.0
2018-02-07,1212.0,1232.0,1130.0,1131.0
2018-02-08,1199.0,1250.0,1161.0,1218.0
2018-02-09,1106.0,1194.0,1100.0,1179.0
2018-02-12,1179.0,1179.0,1179.0,1179.0
2018-02-13,1201.0,1261.0,1095.0,1100.0
2018-02-14,1102.0,1137.0,1050.0,1108.0
2018-02-15,1101.0,1167.0,1084.0,1151.0
2018-02-16,1139.0,1239.0,1131.0,1229.0
2018-02-19,1220.0,1244.0,1190.0,1243.0
2018-02-20,1224.0,1250.0,1191.0,1250.0
2018-02-21,1241.0,1280.0,1221.0,1250.0
2018-02-22,1245.0,1529.0,1235.0,1470.0
2018-02-23,1445.0,1485.0,1372.0,1455.0
2018-02-26,1456.0,1752.0,1387.0,1749.0
2018-02-27,1709.0,2000.0,1626.0,1825.0
2018-02-28,1785.0,1920.0,1768.0,1871.0
2018-03-01,1849.0,1980.0,1798.0,1818.0
2018-03-02,1738.0,1859.0,1701.0,1701.0
2018-03-05,1690.0,1731.0,1443.0,1454.0
2018-03-06,1526.0,1537.0,1395.0,1422.0
2018-03-07,1447.0,1722.0,1446.0,1722.0
2018-03-08,1878.0,1970.0,1702.0,1775.0
2018-03-09,1780.0,1835.0,1659.0,1768.0
2018-03-12,1760.0,1890.0,1705.0,1717.0
2018-03-13,1700.0,1796.0,1670.0,1773.0
2018-03-14,1750.0,1849.0,1750.0,1800.0
2018-03-15,1812.0,2022.0,1791.0,2018.0
2018-03-16,2031.0,2106.0,1919.0,1975.0
2018-03-19,1935.0,1945.0,1777.0,1806.0
2018-03-20,1770.0,1899.0,1742.0,1770.0
2018-03-21,1770.0,1770.0,1770.0,1770.0
2018-03-22,1758.0,1766.0,1641.0,1680.0
2018-03-23,1640.0,1733.0,1578.0,1580.0
2018-03-26,1567.0,1646.0,1565.0,1600.0
2018-03-27,1631.0,1679.0,1601.0,1620.0
2018-03-28,2018.0,2018.0,2018.0,2018.0
2018-03-29,2120.0,2266.0,1890.0,1970.0
2018-03-30,1950.0,1952.0,1821.0,1834.0
2018-04-02,1834.0,1916.0,1825.0,1826.0
2018-04-03,1774.0,1845.0,1756.0,1762.0
2018-04-04,1777.0,1797.0,1710.0,1720.0
2018-04-05,1738.0,1784.0,1701.0,1777.0
2018-04-06,1778.0,1793.0,1671.0,1671.0
2018-04-09,1661.0,1688.0,1635.0,1651.0
2018-04-10,1670.0,1670.0,1599.0,1604.0
2018-04-11,1675.0,1788.0,1616.0,1639.0
2018-04-12,1632.0,1757.0,1626.0,1729.0
2018-04-13,1729.0,1756.0,1691.0,1707.0
2018-04-16,1685.0,1713.0,1613.0,1615.0
2018-04-17,1618.0,1665.0,1531.0,1599.0
2018-04-18,1628.0,1645.0,1590.0,1610.0
2018-04-19,1607.0,1621.0,1551.0,1566.0
2018-04-20,1550.0,1592.0,1532.0,1562.0
2018-04-23,1578.0,1601.0,1549.0,1572.0
2018-04-24,1580.0,1668.0,1580.0,1603.0
2018-04-25,1601.0,1646.0,1601.0,1610.0
2018-04-26,1613.0,1642.0,1605.0,1615.0
2018-04-27,1611.0,1620.0,1600.0,1600.0
2018-04-30,1600.0,1600.0,1600.0,1600.0
2018-05-01,1601.0,1613.0,1585.0,1592.0
2018-05-02,1584.0,1603.0,1560.0,1570.0
2018-05-03,1570.0,1570.0,1570.0,1570.0
2018-05-04,1570.0,1570.0,1570.0,1570.0
2018-05-07,1551.0,1555.0,1535.0,1545.0
2018-05-08,1535.0,1596.0,1535.0,1559.0
2018-05-09,1592.0,1620.0,1552.0,1610.0
2018-05-10,1611.0,1620.0,1574.0,1591.0
2018-05-11,1576.0,1610.0,1572.0,1572.0
2018-05-14,1573.0,1598.0,1543.0,1560.0
2018-05-15,1550.0,1577.0,1532.0,1574.0
2018-05-16,1534.0,1620.0,1505.0,1505.0
2018-05-17,1450.0,1459.0,1333.0,1364.0
2018-05-18,1339.0,1366.0,1309.0,1353.0
2018-05-21,1353.0,1439.0,1353.0,1390.0
2018-05-22,1393.0,1408.0,1368.0,1369.0
2018-05-23,1361.0,1400.0,1360.0,1376.0
2018-05-24,1390.0,1391.0,1360.0,1371.0
2018-05-25,1360.0,1377.0,1350.0,1362.0
2018-05-28,1360.0,1392.0,1360.0,1371.0
2018-05-29,1371.0,1371.0,1280.0,1321.0
2018-05-30,1287.0,1322.0,1282.0,1314.0
2018-05-31,1317.0,1361.0,1309.0,1332.0
2018-06-01,1331.0,1360.0,1321.0,1338.0
2018-06-04,1329.0,1338.0,1293.0,1296.0
2018-06-05,1266.0,1291.0,1233.0,1240.0
2018-06-06,1229.0,1255.0,1227.0,1229.0
2018-06-07,1232.0,1271.0,1232.0,1258.0
2018-06-08,1275.0,1298.0,1258.0,1287.0
2018-06-11,1283.0,1330.0,1263.0,1317.0
2018-06-12,1308.0,1379.0,1292.0,1370.0
2018-06-13,1356.0,1391.0,1350.0,1353.0
2018-06-14,1347.0,1368.0,1306.0,1347.0
2018-06-15,1354.0,1377.0,1330.0,1336.0
2018-06-18,1340.0,1340.0,1286.0,1287.0
2018-06-19,1280.0,1302.0,1256.0,1282.0
2018-06-20,1270.0,1281.0,1230.0,1263.0
2018-06-21,1264.0,1366.0,1264.0,1350.0
2018-06-22,1362.0,1362.0,1307.0,1323.0
2018-06-25,1325.0,1500.0,1314.0,1390.0
2018-06-26,1360.0,1457.0,1329.0,1344.0
2018-06-27,1470.0,1644.0,1437.0,1637.0
2018-06-28,1630.0,1667.0,1561.0,1582.0
2018-06-29,1562.0,1768.0,1450.0,1710.0
2018-07-02,1710.0,1808.0,1652.0,1679.0
2018-07-03,1681.0,1850.0,1659.0,1783.0
2018-07-04,1755.0,1790.0,1690.0,1710.0
2018-07-05,1702.0,1715.0,1598.0,1644.0
2018-07-06,1644.0,1699.0,1626.0,1661.0
2018-07-09,1645.0,1760.0,1642.0,1739.0
2018-07-10,1752.0,1801.0,1699.0,1699.0
2018-07-11,1683.0,1685.0,1626.0,1628.0
2018-07-12,1631.0,1674.0,1620.0,1644.0
2018-07-13,1668.0,1668.0,1629.0,1631.0
2018-07-16,1631.0,1631.0,1631.0,1631.0
2018-07-17,1633.0,1633.0,1590.0,1591.0
2018-07-18,1579.0,1623.0,1525.0,1620.0
2018-07-19,1643.0,1644.0,1578.0,1582.0
2018-07-20,1574.0,1636.0,1561.0,1628.0
2018-07-23,1596.0,1622.0,1582.0,1605.0
2018-07-24,1605.0,1699.0,1602.0,1692.0
2018-07-25,1695.0,1720.0,1670.0,1678.0
2018-07-26,1675.0,1743.0,1657.0,1725.0
2018-07-27,1718.0,1735.0,1687.0,1695.0
2018-07-30,1695.0,1720.0,1631.0,1635.0
2018-07-31,1629.0,1630.0,1377.0,1453.0
2018-08-01,1466.0,1500.0,1433.0,1440.0
2018-08-02,1441.0,1496.0,1438.0,1446.0
2018-08-03,1430.0,1447.0,1375.0,1400.0
2018-08-06,1370.0,1402.0,1310.0,1310.0
2018-08-07,1370.0,1419.0,1258.0,1274.0
2018-08-08,1364.0,1364.0,1299.0,1344.0
2018-08-09,1328.0,1368.0,1291.0,1304.0
2018-08-10,1317.0,1330.0,1278.0,1300.0
2018-08-13,1280.0,1299.0,1210.0,1235.0
2018-08-14,1245.0,1259.0,1185.0,1202.0
2018-08-15,1265.0,1265.0,1162.0,1185.0
2018-08-16,1185.0,1192.0,1155.0,1163.0
2018-08-17,1180.0,1187.0,1145.0,1179.0
2018-08-20,1194.0,1194.0,1159.0,1165.0
2018-08-21,1156.0,1164.0,1132.0,1143.0
2018-08-22,1138.0,1194.0,1126.0,1192.0
2018-08-23,1194.0,1232.0,1183.0,1223.0
2018-08-24,1210.0,1260.0,1210.0,1244.0
2018-08-27,1260.0,1285.0,1256.0,1270.0
2018-08-28,1262.0,1290.0,1246.0,1246.0
2018-08-29,1246.0,1274.0,1245.0,1268.0
2018-08-30,1259.0,1282.0,1259.0,1267.0
2018-08-31,1246.0,1255.0,1235.0,1242.0
2018-09-03,1244.0,1247.0,1194.0,1215.0
2018-09-04,1198.0,1249.0,1198.0,1228.0
2018-09-05,1212.0,1243.0,1212.0,1228.0
2018-09-06,1212.0,1246.0,1196.0,1203.0
2018-09-07,1191.0,1215.0,1178.0,1211.0
2018-09-10,1202.0,1225.0,1197.0,1212.0
2018-09-11,1221.0,1245.0,1214.0,1242.0
2018-09-12,1248.0,1260.0,1238.0,1242.0
2018-09-13,1237.0,1251.0,1181.0,1208.0
2018-09-14,1207.0,1480.0,1204.0,1349.0
2018-09-17,1349.0,1349.0,1349.0,1349.0
2018-09-18,1324.0,1425.0,1312.0,1357.0
2018-09-19,1357.0,1408.0,1325.0,1335.0
2018-09-20,1333.0,1353.0,1319.0,1346.0
2018-09-21,1326.0,1358.0,1320.0,1346.0
2018-09-24,1346.0,1346.0,1346.0,1346.0
2018-09-25,1352.0,1352.0,1328.0,1335.0
2018-09-26,1332.0,1420.0,1321.0,1366.0
2018-09-27,1368.0,1396.0,1342.0,1342.0
2018-09-28,1343.0,1364.0,1326.0,1329.0
2018-10-01,1330.0,1344.0,1286.0,1297.0
2018-10-02,1282.0,1302.0,1272.0,1275.0
2018-10-03,1275.0,1289.0,1260.0,1269.0
2018-10-04,1262.0,1281.0,1252.0,1261.0
2018-10-05,1252.0,1285.0,1246.0,1262.0
2018-10-08,1262.0,1262.0,1262.0,1262.0
2018-10-09,1250.0,1288.0,1248.0,1269.0
2018-10-10,1299.0,1299.0,1255.0,1264.0
2018-10-11,1160.0,1220.0,1158.0,1210.0
2018-10-12,1183.0,1288.0,1183.0,1243.0
2018-10-15,1243.0,1276.0,1221.0,1221.0
2018-10-16,1200.0,1229.0,1199.0,1209.0
2018-10-17,1215.0,1450.0,1215.0,1352.0
2018-10-18,1323.0,1353.0,1254.0,1254.0
2018-10-19,1251.0,1278.0,1228.0,1256.0
2018-10-22,1245.0,1270.0,1235.0,1247.0
2018-10-23,1247.0,1379.0,1247.0,1350.0
2018-10-24,1365.0,1370.0,1256.0,1285.0
2018-10-25,1250.0,1297.0,1227.0,1279.0
2018-10-26,1279.0,1300.0,1218.0,1234.0
2018-10-29,1230.0,1244.0,1200.0,1202.0
2018-10-30,1197.0,1254.0,1190.0,1225.0
2018-10-31,1232.0,1272.0,1220.0,1267.0
2018-11-01,1255.0,1281.0,1249.0,1280.0
2018-11-02,1280.0,1325.0,1276.0,1310.0
2018-11-05,1296.0,1364.0,1295.0,1330.0
2018-11-06,1330.0,1330.0,1258.0,1279.0
2018-11-07,1280.0,1314.0,1265.0,1300.0
2018-11-08,1320.0,1325.0,1291.0,1291.0
2018-11-09,1263.0,1311.0,1242.0,1258.0
2018-11-12,1259.0,1276.0,1218.0,1272.0
2018-11-13,1250.0,1267.0,1237.0,1256.0
2018-11-14,1256.0,1272.0,1242.0,1258.0
2018-11-15,1251.0,1337.0,1251.0,1301.0
2018-11-16,1300.0,1323.0,1272.0,1278.0
2018-11-19,1278.0,1297.0,1262.0,1282.0
2018-11-20,1281.0,1314.0,1273.0,1301.0
2018-11-21,1299.0,1379.0,1285.0,1349.0
2018-11-22,1358.0,1420.0,1350.0,1411.0
2018-11-23,1411.0,1411.0,1411.0,1411.0
2018-11-26,1411.0,1425.0,1363.0,1397.0
2018-11-27,1410.0,1412.0,1349.0,1367.0
2018-11-28,1370.0,1387.0,1360.0,1364.0
2018-11-29,1367.0,1385.0,1358.0,1360.0
2018-11-30,1351.0,1360.0,1299.0,1333.0
2018-12-03,1350.0,1380.0,1326.0,1362.0
2018-12-04,1362.0,1381.0,1336.0,1339.0
2018-12-05,1321.0,1440.0,1309.0,1394.0
2018-12-06,1395.0,1395.0,1309.0,1327.0
2018-12-07,1329.0,1363.0,1317.0,1348.0
2018-12-10,1331.0,1369.0,1320.0,1320.0
2018-12-11,1322.0,1334.0,1284.0,1285.0
2018-12-12,1286.0,1330.0,1265.0,1318.0
2018-12-13,1311.0,1328.0,1303.0,1314.0
2018-12-14,1374.0,1375.0,1304.0,1313.0
2018-12-17,1301.0,1308.0,1284.0,1288.0
2018-12-18,1250.0,1300.0,1243.0,1273.0
2018-12-19,1273.0,1305.0,1267.0,1277.0
2018-12-20,1253.0,1271.0,1221.0,1237.0
2018-12-21,1200.0,1235.0,1061.0,1219.0
2018-12-24,1219.0,1219.0,1219.0,1219.0
2018-12-25,1082.0,1175.0,1082.0,1119.0
2018-12-26,1111.0,1139.0,1062.0,1092.0
2018-12-27,1152.0,1179.0,1136.0,1158.0
2018-12-28,1151.0,1243.0,1151.0,1174.0
2018-12-31,1174.0,1174.0,1174.0,1174.0
2019-01-04,1121.0,1195.0,1114.0,1174.0
2019-01-07,1226.0,1226.0,1191.0,1196.0
2019-01-08,1196.0,1250.0,1196.0,1238.0
2019-01-09,1251.0,1352.0,1251.0,1347.0
2019-01-10,1370.0,1379.0,1297.0,1332.0
2019-01-11,1482.0,1632.0,1420.0,1492.0
2019-01-15,1477.0,1526.0,1430.0,1502.0
2019-01-16,1495.0,1580.0,1476.0,1580.0
2019-01-17,1571.0,1661.0,1550.0,1623.0
2019-01-18,1619.0,1638.0,1573.0,1604.0
2019-01-21,1629.0,1629.0,1559.0,1559.0
2019-01-22,1536.0,1578.0,1497.0,1561.0
2019-01-23,1526.0,1620.0,1510.0,1606.0
2019-01-24,1597.0,1659.0,1589.0,1644.0
2019-01-25,1627.0,1680.0,1610.0,1647.0
2019-01-28,1611.0,1728.0,1611.0,1644.0
2019-01-29,1644.0,1747.0,1623.0,1675.0
2019-01-30,1643.0,1705.0,1609.0,1635.0
2019-01-31,1650.0,1715.0,1647.0,1662.0
2019-02-01,1666.0,1717.0,1650.0,1711.0
2019-02-04,1720.0,1749.0,1697.0,1717.0
2019-02-05,1711.0,1736.0,1689.0,1699.0
2019-02-06,1700.0,1767.0,1700.0,1724.0
2019-02-07,1720.0,1734.0,1653.0,1671.0
2019-02-08,1655.0,1695.0,1639.0,1675.0
2019-02-12,1644.0,1670.0,1548.0,1630.0
2019-02-13,1670.0,1694.0,1641.0,1691.0
2019-02-14,1698.0,1739.0,1674.0,1710.0
2019-02-15,1673.0,1730.0,1673.0,1714.0
2019-02-18,1714.0,1725.0,1661.0,1674.0
2019-02-19,1674.0,1711.0,1630.0,1634.0
2019-02-20,1634.0,1649.0,1602.0,1605.0
2019-02-21,1600.0,1601.0,1540.0,1543.0
2019-02-22,1520.0,1582.0,1517.0,1560.0
2019-02-25,1556.0,1600.0,1539.0,1558.0
2019-02-26,1555.0,1573.0,1537.0,1562.0
2019-02-27,1555.0,1591.0,1551.0,1571.0
2019-02-28,1571.0,1576.0,1497.0,1497.0
2019-03-01,1480.0,1538.0,1474.0,1496.0
2019-03-04,1466.0,1501.0,1466.0,1497.0
2019-03-05,1502.0,1594.0,1479.0,1576.0
2019-03-06,1595.0,1599.0,1559.0,1582.0
2019-03-07,1615.0,1630.0,1560.0,1563.0
2019-03-08,1563.0,1565.0,1524.0,1556.0
2019-03-11,1648.0,1956.0,1633.0,1848.0
2019-03-12,1927.0,2120.0,1903.0,2008.0
2019-03-13,2000.0,2100.0,1930.0,2064.0
2019-03-14,2075.0,2080.0,1980.0,2049.0
2019-03-15,1985.0,1990.0,1767.0,1777.0
2019-03-18,1793.0,1932.0,1777.0,1836.0
2019-03-19,1810.0,1834.0,1760.0,1783.0
2019-03-20,1832.0,2199.0,1815.0,2190.0
2019-03-22,2140.0,2334.0,2033.0,2103.0
2019-03-25,2061.0,2364.0,2006.0,2341.0
2019-03-26,2529.0,3025.0,2440.0,2619.0
2019-03-27,2445.0,2689.0,2425.0,2496.0
2019-03-28,2700.0,2839.0,2565.0,2683.0
2019-03-29,2831.0,2850.0,2635.0,2670.0
2019-04-01,2809.0,3120.0,2767.0,3010.0
2019-04-02,3145.0,3170.0,2915.0,3000.0
2019-04-03,2566.0,2664.0,2224.0,2224.0
2019-04-04,2302.0,2340.0,2019.0,2022.0
2019-04-05,2033.0,2099.0,1881.0,1911.0
2019-04-08,1941.0,2311.0,1910.0,2311.0
2019-04-09,2341.0,2811.0,2253.0,2797.0
2019-04-10,2861.0,3120.0,2671.0,2876.0
2019-04-11,2705.0,2775.0,2473.0,2525.0
2019-04-12,2326.0,2422.0,1998.0,2098.0
2019-04-15,2097.0,2422.0,2084.0,2165.0
2019-04-16,2150.0,2289.0,1990.0,2008.0
2019-04-17,2027.0,2092.0,1927.0,2033.0
2019-04-18,2062.0,2089.0,1912.0,1928.0
2019-04-19,1952.0,2019.0,1908.0,1937.0
2019-04-22,1960.0,1970.0,1848.0,1887.0
2019-04-23,1900.0,1910.0,1814.0,1842.0
2019-04-24,1864.0,1908.0,1808.0,1808.0
2019-04-25,1831.0,1859.0,1763.0,1788.0
2019-04-26,1788.0,1893.0,1728.0,1791.0
2019-05-07,1795.0,1882.0,1795.0,1818.0
2019-05-08,1778.0,1835.0,1735.0,1825.0
2019-05-09,1835.0,1861.0,1750.0,1760.0
2019-05-10,1737.0,1779.0,1688.0,1711.0
2019-05-13,1700.0,1775.0,1654.0,1670.0
2019-05-14,1593.0,1686.0,1586.0,1676.0
2019-05-15,1672.0,1728.0,1627.0,1692.0
2019-05-16,1550.0,1728.0,1500.0,1691.0
2019-05-17,1687.0,1825.0,1641.0,1819.0
2019-05-20,1800.0,1930.0,1719.0,1734.0
2019-05-21,1712.0,1734.0,1632.0,1634.0
2019-05-22,1679.0,1720.0,1645.0,1645.0
2019-05-23,1649.0,1649.0,1598.0,1603.0
2019-05-24,1580.0,1605.0,1550.0,1560.0
2019-05-27,1598.0,1598.0,1550.0,1565.0
2019-05-28,1550.0,1578.0,1538.0,1543.0
2019-05-29,1549.0,1569.0,1504.0,1551.0
2019-05-30,1530.0,1541.0,1485.0,1485.0
2019-05-31,1475.0,1528.0,1465.0,1510.0
2019-06-03,1479.0,1488.0,1417.0,1420.0
2019-06-04,1462.0,1473.0,1427.0,1466.0
2019-06-05,1500.0,1567.0,1464.0,1506.0
2019-06-06,1659.0,1900.0,1631.0,1747.0
2019-06-07,1707.0,1730.0,1573.0,1598.0
2019-06-10,1590.0,1666.0,1567.0,1581.0
2019-06-11,1582.0,1617.0,1560.0,1567.0
2019-06-12,1571.0,1594.0,1550.0,1560.0
2019-06-13,1551.0,1640.0,1507.0,1626.0
2019-06-14,1610.0,1671.0,1580.0,1632.0
2019-06-17,1648.0,1654.0,1606.0,1623.0
2019-06-18,1605.0,1617.0,1528.0,1530.0
2019-06-19,1557.0,1567.0,1524.0,1548.0
2019-06-20,1550.0,1610.0,1531.0,1581.0
2019-06-21,1589.0,1605.0,1540.0,1575.0
2019-06-24,1546.0,1571.0,1540.0,1550.0
2019-06-25,1543.0,1582.0,1470.0,1489.0
2019-06-26,1489.0,1538.0,1452.0,1460.0
2019-06-27,1465.0,1750.0,1452.0,1561.0
2019-06-28,1601.0,1738.0,1601.0,1713.0
2019-07-01,1708.0,1788.0,1690.0,1695.0
2019-07-02,1677.0,1737.0,1615.0,1734.0
2019-07-03,1720.0,1780.0,1689.0,1697.0
2019-07-04,1701.0,1799.0,1656.0,1750.0
2019-07-05,1741.0,1930.0,1705.0,1930.0
2019-07-08,1876.0,1968.0,1828.0,1911.0
2019-07-09,1931.0,1950.0,1855.0,1863.0
2019-07-10,1843.0,1843.0,1780.0,1799.0
2019-07-11,1789.0,1798.0,1704.0,1710.0
2019-07-12,1701.0,1758.0,1662.0,1670.0
2019-07-16,1652.0,1685.0,1615.0,1633.0
2019-07-17,1713.0,1743.0,1603.0,1612.0
2019-07-18,1605.0,1646.0,1605.0,1624.0
2019-07-19,1631.0,1646.0,1617.0,1633.0
2019-07-22,1611.0,1668.0,1611.0,1650.0
2019-07-23,1674.0,1703.0,1650.0,1674.0
2019-07-24,1692.0,1750.0,1664.0,1740.0
2019-07-25,1730.0,1768.0,1701.0,1701.0
2019-07-26,1693.0,1724.0,1691.0,1699.0
2019-07-29,1701.0,1736.0,1675.0,1714.0
2019-07-30,1724.0,1761.0,1703.0,1745.0
2019-07-31,1723.0,1736.0,1713.0,1720.0
2019-08-01,1703.0,1705.0,1675.0,1694.0
2019-08-02,1662.0,1683.0,1636.0,1674.0
2019-08-05,1687.0,1744.0,1665.0,1730.0
2019-08-06,1627.0,1750.0,1622.0,1736.0
2019-08-07,1736.0,1758.0,1700.0,1747.0
2019-08-08,1747.0,1781.0,1711.0,1767.0
2019-08-09,1735.0,1775.0,1693.0,1712.0
2019-08-13,1690.0,1747.0,1681.0,1736.0
2019-08-14,1720.0,1753.0,1696.0,1697.0
2019-08-15,1665.0,1740.0,1657.0,1715.0
2019-08-16,1716.0,1814.0,1700.0,1775.0
2019-08-19,1797.0,1825.0,1782.0,1798.0
2019-08-20,1798.0,1820.0,1772.0,1795.0
2019-08-21,1800.0,1844.0,1779.0,1836.0
2019-08-22,1836.0,1840.0,1787.0,1815.0
2019-08-23,1802.0,1806.0,1778.0,1778.0
2019-08-26,1740.0,1768.0,1722.0,1747.0
2019-08-27,1752.0,1768.0,1702.0,1704.0
2019-08-28,1710.0,1710.0,1633.0,1638.0
2019-08-29,1637.0,1658.0,1600.0,1642.0
2019-08-30,1655.0,1719.0,1641.0,1704.0
2019-09-02,1692.0,1699.0,1662.0,1677.0
2019-09-03,1670.0,1830.0,1660.0,1781.0
2019-09-04,1752.0,1781.0,1718.0,1745.0
2019-09-05,1770.0,1774.0,1726.0,1751.0
2019-09-06,1751.0,1765.0,1724.0,1731.0
2019-09-09,1720.0,1794.0,1713.0,1770.0
2019-09-10,1788.0,1825.0,1751.0,1809.0
2019-09-11,1802.0,1819.0,1781.0,1819.0
2019-09-12,1820.0,1820.0,1776.0,1784.0
2019-09-13,1806.0,1875.0,1790.0,1849.0
2019-09-17,1832.0,1835.0,1801.0,1808.0
2019-09-18,1848.0,1957.0,1803.0,1810.0
2019-09-19,1805.0,1854.0,1790.0,1821.0
2019-09-20,1804.0,1908.0,1796.0,1888.0
2019-09-24,1863.0,1878.0,1820.0,1873.0
2019-09-25,1869.0,1905.0,1836.0,1865.0
2019-09-26,1860.0,1880.0,1843.0,1846.0
2019-09-27,1828.0,1866.0,1811.0,1814.0
2019-09-30,1810.0,1817.0,1791.0,1808.0
2019-10-01,1807.0,1867.0,1785.0,1822.0
2019-10-02,1800.0,1834.0,1795.0,1823.0
2019-10-03,1808.0,1875.0,1804.0,1841.0
2019-10-04,1826.0,1911.0,1826.0,1863.0
2019-10-07,1879.0,1887.0,1855.0,1855.0
2019-10-08,1852.0,1857.0,1828.0,1840.0
2019-10-09,1820.0,1854.0,1819.0,1826.0
2019-10-10,1821.0,1835.0,1796.0,1796.0
2019-10-11,1790.0,1860.0,1790.0,1827.0
2019-10-15,1830.0,1842.0,1800.0,1800.0
2019-10-16,1796.0,1848.0,1796.0,1818.0
2019-10-17,1809.0,1827.0,1805.0,1813.0
2019-10-18,1808.0,1845.0,1805.0,1825.0
2019-10-21,1812.0,1858.0,1812.0,1844.0
2019-10-23,1838.0,1929.0,1822.0,1874.0
2019-10-24,1890.0,2100.0,1870.0,2023.0
2019-10-25,2002.0,2113.0,1975.0,2002.0
2019-10-28,2028.0,2084.0,2020.0,2028.0
2019-10-29,2056.0,2199.0,2049.0,2152.0
2019-10-30,2136.0,2145.0,1973.0,1992.0
2019-10-31,1978.0,1991.0,1853.0,1891.0
2019-11-01,1881.0,1970.0,1830.0,1970.0
2019-11-05,1960.0,1962.0,1900.0,1903.0
2019-11-06,1900.0,1910.0,1867.0,1874.0
2019-11-07,1874.0,1927.0,1849.0,1899.0
2019-11-08,1910.0,1911.0,1855.0,1863.0
2019-11-11,1884.0,1924.0,1871.0,1905.0
2019-11-12,1885.0,1980.0,1883.0,1916.0
2019-11-13,1922.0,1954.0,1890.0,1916.0
2019-11-14,1920.0,1960.0,1903.0,1939.0
2019-11-15,1939.0,1952.0,1905.0,1938.0
2019-11-18,1938.0,1979.0,1926.0,1979.0
2019-11-19,1981.0,2063.0,1964.0,1973.0
2019-11-20,1997.0,2015.0,1960.0,1983.0
2019-11-21,2005.0,2010.0,1967.0,1979.0
2019-11-22,1997.0,2026.0,1989.0,2019.0
2019-11-25,2036.0,2066.0,1999.0,2050.0
2019-11-26,2050.0,2081.0,2024.0,2039.0
2019-11-27,2021.0,2055.0,2000.0,2011.0
2019-11-28,2002.0,2002.0,1957.0,1962.0
2019-11-29,1951.0,2057.0,1951.0,2020.0
2019-12-02,2004.0,2030.0,1986.0,1993.0
2019-12-03,1993.0,2028.0,1973.0,2011.0
2019-12-04,2004.0,2009.0,1982.0,2007.0
2019-12-05,2019.0,2019.0,1975.0,1995.0
2019-12-06,1977.0,1996.0,1966.0,1970.0
2019-12-09,1970.0,1988.0,1932.0,1941.0
2019-12-10,1939.0,1969.0,1932.0,1957.0
2019-12-11,1946.0,1960.0,1888.0,1935.0
2019-12-12,1930.0,1948.0,1898.0,1911.0
2019-12-13,1907.0,1911.0,1872.0,1872.0
2019-12-16,1875.0,1879.0,1845.0,1856.0
2019-12-17,1847.0,1874.0,1835.0,1861.0
2019-12-18,1852.0,1852.0,1795.0,1821.0
2019-12-19,1811.0,1813.0,1790.0,1791.0
2019-12-20,1781.0,1781.0,1745.0,1770.0
2019-12-23,1780.0,1873.0,1777.0,1866.0
2019-12-24,1890.0,1937.0,1883.0,1890.0
2019-12-25,1899.0,1934.0,1880.0,1912.0
2019-12-26,1904.0,1931.0,1894.0,1923.0
2019-12-27,1917.0,1940.0,1905.0,1913.0
2019-12-30,1901.0,1919.0,1867.0,1918.0
2020-01-06,1880.0,1900.0,1880.0,1890.0
2020-01-07,1900.0,1927.0,1889.0,1893.0
2020-01-08,1879.0,1890.0,1818.0,1846.0
2020-01-09,1851.0,1924.0,1851.0,1893.0
2020-01-10,1879.0,1920.0,1867.0,1917.0
2020-01-14,1911.0,1945.0,1895.0,1901.0
2020-01-15,1903.0,1924.0,1893.0,1920.0
2020-01-16,1920.0,1947.0,1918.0,1933.0
2020-01-17,1947.0,1947.0,1916.0,1920.0
2020-01-20,1900.0,1948.0,1897.0,1922.0
2020-01-21,1918.0,1933.0,1910.0,1918.0
2020-01-22,1902.0,1915.0,1896.0,1900.0
2020-01-23,1900.0,1900.0,1851.0,1866.0
2020-01-24,1872.0,1872.0,1835.0,1870.0
2020-01-27,1830.0,1879.0,1823.0,1865.0
2020-01-28,1860.0,1883.0,1839.0,1876.0
2020-01-29,1876.0,1883.0,1835.0,1835.0
2020-01-30,1830.0,1844.0,1711.0,1714.0
2020-01-31,1712.0,1788.0,1701.0,1760.0
2020-02-03,1690.0,1780.0,1683.0,1772.0
2020-02-04,1769.0,1816.0,1769.0,1778.0
2020-02-05,1781.0,1805.0,1777.0,1801.0
2020-02-06,1801.0,1844.0,1801.0,1825.0
2020-02-07,1825.0,1825.0,1780.0,1795.0
2020-02-10,1758.0,1795.0,1757.0,1775.0
2020-02-12,1775.0,1793.0,1752.0,1756.0
2020-02-13,1786.0,1786.0,1762.0,1762.0
2020-02-14,1751.0,1780.0,1743.0,1755.0
2020-02-17,1711.0,1711.0,1674.0,1695.0
2020-02-18,1685.0,1720.0,1669.0,1677.0
2020-02-19,1677.0,1696.0,1676.0,1683.0
2020-02-20,1683.0,1743.0,1683.0,1713.0
2020-02-21,1713.0,1717.0,1698.0,1707.0
2020-02-25,1560.0,1617.0,1545.0,1545.0
2020-02-26,1529.0,1541.0,1422.0,1513.0
2020-02-27,1511.0,1511.0,1286.0,1337.0
2020-02-28,1252.0,1322.0,1078.0,1146.0
2020-03-02,1206.0,1399.0,1206.0,1318.0
2020-03-03,1378.0,1378.0,1280.0,1300.0
2020-03-04,1250.0,1326.0,1250.0,1295.0
2020-03-05,1302.0,1329.0,1298.0,1298.0
2020-03-06,1258.0,1270.0,1193.0,1210.0
2020-03-09,1140.0,1156.0,1056.0,1076.0
2020-03-10,999.0,1198.0,969.0,1150.0
2020-03-11,1130.0,1190.0,1073.0,1078.0
2020-03-12,1018.0,1093.0,990.0,999.0
2020-03-13,879.0,940.0,849.0,884.0
2020-03-16,914.0,934.0,824.0,824.0
2020-03-17,799.0,895.0,778.0,875.0
2020-03-18,881.0,942.0,864.0,875.0
2020-03-19,894.0,909.0,801.0,817.0
2020-03-23,804.0,829.0,785.0,788.0
2020-03-24,831.0,865.0,825.0,851.0
2020-03-25,900.0,909.0,862.0,872.0
2020-03-26,840.0,850.0,796.0,802.0
2020-03-27,825.0,830.0,801.0,829.0
2020-03-30,785.0,834.0,785.0,813.0
2020-03-31,814.0,868.0,814.0,815.0
2020-04-01,830.0,844.0,803.0,803.0
2020-04-02,800.0,819.0,795.0,802.0
2020-04-03,810.0,820.0,791.0,796.0
2020-04-06,800.0,877.0,798.0,865.0
2020-04-07,910.0,914.0,855.0,880.0
2020-04-08,895.0,977.0,848.0,949.0
2020-04-09,993.0,1099.0,985.0,1099.0
2020-04-10,1207.0,1376.0,1165.0,1201.0
2020-04-13,1172.0,1264.0,1142.0,1197.0
2020-04-14,1137.0,1242.0,1122.0,1204.0
2020-04-15,1197.0,1220.0,1154.0,1165.0
2020-04-16,1174.0,1239.0,1150.0,1181.0
2020-04-17,1180.0,1260.0,1174.0,1247.0
2020-04-20,1271.0,1271.0,1231.0,1244.0
2020-04-21,1222.0,1222.0,1149.0,1165.0
2020-04-22,1160.0,1195.0,1123.0,1169.0
2020-04-23,1163.0,1241.0,1163.0,1200.0
2020-04-24,1190.0,1223.0,1188.0,1218.0
2020-04-27,1224.0,1269.0,1212.0,1214.0
2020-04-28,1204.0,1230.0,1188.0,1213.0
2020-04-30,1300.0,1336.0,1254.0,1304.0
2020-05-01,1298.0,1316.0,1250.0,1302.0
2020-05-07,1280.0,1431.0,1280.0,1411.0
2020-05-08,1411.0,1467.0,1365.0,1395.0
2020-05-11,1407.0,1450.0,1407.0,1450.0
2020-05-12,1450.0,1524.0,1445.0,1488.0
2020-05-13,1463.0,1504.0,1430.0,1452.0
2020-05-14,1440.0,1464.0,1355.0,1356.0
2020-05-15,1384.0,1384.0,1317.0,1365.0
2020-05-18,1350.0,1378.0,1306.0,1375.0
2020-05-19,1410.0,1410.0,1356.0,1397.0
2020-05-20,1390.0,1475.0,1390.0,1453.0
2020-05-21,1465.0,1471.0,1416.0,1430.0
2020-05-22,1415.0,1446.0,1402.0,1426.0
2020-05-25,1448.0,1528.0,1443.0,1505.0
2020-05-26,1524.0,1547.0,1446.0,1491.0
2020-05-27,1470.0,1480.0,1439.0,1473.0
2020-05-28,1460.0,1470.0,1411.0,1430.0
2020-05-29,1418.0,1465.0,1412.0,1436.0
2020-06-01,1421.0,1450.0,1408.0,1431.0
2020-06-02,1420.0,1484.0,1420.0,1444.0
2020-06-03,1432.0,1460.0,1403.0,1415.0
2020-06-04,1416.0,1444.0,1406.0,1432.0
2020-06-05,1442.0,1442.0,1401.0,1427.0
2020-06-08,1412.0,1436.0,1385.0,1396.0
2020-06-09,1391.0,1432.0,1382.0,1425.0
2020-06-10,1475.0,1725.0,1471.0,1725.0
2020-06-11,1700.0,1723.0,1536.0,1554.0
2020-06-12,1455.0,1520.0,1400.0,1485.0
2020-06-15,1500.0,1563.0,1360.0,1375.0
2020-06-16,1440.0,1510.0,1421.0,1485.0
2020-06-17,1485.0,1500.0,1440.0,1466.0
2020-06-18,1456.0,1496.0,1419.0,1466.0
2020-06-19,1466.0,1492.0,1446.0,1477.0
2020-06-22,1470.0,1536.0,1453.0,1511.0
2020-06-23,1535.0,1575.0,1485.0,1490.0
2020-06-24,1480.0,1514.0,1474.0,1489.0
2020-06-25,1477.0,1514.0,1449.0,1488.0
2020-06-26,1487.0,1487.0,1422.0,1437.0
2020-06-29,1407.0,1423.0,1372.0,1377.0
2020-06-30,1396.0,1409.0,1336.0,1360.0
2020-07-01,1373.0,1388.0,1322.0,1326.0
2020-07-02,1326.0,1330.0,1261.0,1264.0
2020-07-03,1264.0,1306.0,1260.0,1291.0
2020-07-06,1278.0,1324.0,1278.0,1292.0
2020-07-07,1315.0,1323.0,1266.0,1310.0
2020-07-08,1288.0,1381.0,1276.0,1364.0
2020-07-09,1357.0,1357.0,1291.0,1302.0
2020-07-10,1283.0,1308.0,1262.0,1262.0
2020-07-13,1271.0,1291.0,1230.0,1291.0
2020-07-14,1290.0,1290.0,1244.0,1248.0
2020-07-15,1255.0,1285.0,1255.0,1268.0
2020-07-16,1265.0,1269.0,1240.0,1245.0
2020-07-17,1245.0,1249.0,1202.0,1210.0
2020-07-20,1210.0,1226.0,1178.0,1226.0
2020-07-21,1226.0,1236.0,1212.0,1236.0
2020-07-22,1212.0,1225.0,1180.0,1214.0
2020-07-27,1200.0,1200.0,1160.0,1172.0
2020-07-28,1189.0,1195.0,1140.0,1159.0
2020-07-29,1159.0,1159.0,1113.0,1121.0
2020-07-30,1110.0,1142.0,1093.0,1103.0
2020-07-31,1100.0,1106.0,1037.0,1056.0
2020-08-03,1063.0,1095.0,1056.0,1090.0
2020-08-04,1107.0,1150.0,1107.0,1113.0
2020-08-05,1083.0,1113.0,1077.0,1102.0
2020-08-06,1125.0,1127.0,1094.0,1109.0
2020-08-07,1098.0,1103.0,1079.0,1082.0
2020-08-11,1112.0,1112.0,1084.0,1091.0
2020-08-12,1085.0,1113.0,1084.0,1098.0
2020-08-13,1098.0,1143.0,1098.0,1130.0
2020-08-14,1148.0,1148.0,1111.0,1136.0
2020-08-17,1118.0,1127.0,1061.0,1066.0
2020-08-18,1079.0,1098.0,1053.0,1098.0
2020-08-19,1096.0,1124.0,1085.0,1120.0
2020-08-20,1121.0,1129.0,1097.0,1111.0
2020-08-21,1113.0,1139.0,1112.0,1136.0
2020-08-24,1127.0,1140.0,1112.0,1140.0
2020-08-25,1143.0,1163.0,1140.0,1140.0
2020-08-26,1130.0,1156.0,1120.0,1127.0
2020-08-27,1127.0,1127.0,1113.0,1120.0
2020-08-28,1115.0,1120.0,1064.0,1092.0
2020-08-31,1088.0,1138.0,1088.0,1108.0
2020-09-01,1131.0,1137.0,1109.0,1123.0
2020-09-02,1123.0,1146.0,1122.0,1131.0
2020-09-03,1140.0,1140.0,1117.0,1118.0
2020-09-04,1115.0,1115.0,1087.0,1113.0
2020-09-07,1118.0,1118.0,1090.0,1097.0
2020-09-08,1097.0,1108.0,1085.0,1107.0
2020-09-09,1097.0,1117.0,1097.0,1109.0
2020-09-10,1111.0,1123.0,1098.0,1102.0
2020-09-11,1113.0,1113.0,1091.0,1102.0
2020-09-14,1096.0,1109.0,1089.0,1106.0
2020-09-15,1105.0,1118.0,1088.0,1115.0
2020-09-16,1123.0,1124.0,1111.0,1117.0
2020-09-17,1107.0,1115.0,1100.0,1114.0
2020-09-18,1127.0,1127.0,1110.0,1126.0
2020-09-23,1126.0,1126.0,1101.0,1114.0
2020-09-24,1121.0,1121.0,1081.0,1088.0
2020-09-25,1112.0,1348.0,1090.0,1207.0
2020-09-28,1189.0,1266.0,1140.0,1229.0
2020-09-29,1204.0,1259.0,1184.0,1244.0
2020-09-30,1244.0,1268.0,1220.0,1237.0
2020-10-02,1237.0,1237.0,1180.0,1195.0
2020-10-05,1195.0,1215.0,1186.0,1200.0
2020-10-06,1196.0,1249.0,1196.0,1232.0
2020-10-07,1238.0,1266.0,1226.0,1231.0
2020-10-08,1232.0,1237.0,1214.0,1223.0
2020-10-09,1214.0,1221.0,1185.0,1200.0
2020-10-12,1210.0,1210.0,1186.0,1194.0
2020-10-13,1194.0,1194.0,1163.0,1171.0
2020-10-14,1162.0,1172.0,1140.0,1153.0
2020-10-15,1153.0,1159.0,1103.0,1116.0
2020-10-16,1110.0,1128.0,1076.0,1102.0
2020-10-19,1090.0,1115.0,1081.0,1106.0
2020-10-20,1038.0,1078.0,1022.0,1054.0
2020-10-21,1043.0,1105.0,1043.0,1086.0
2020-10-22,1086.0,1101.0,1044.0,1054.0
2020-10-23,1043.0,1049.0,1022.0,1034.0
2020-10-26,1031.0,1040.0,1006.0,1016.0
2020-10-27,1002.0,1029.0,1001.0,1012.0
2020-10-28,1011.0,1019.0,999.0,1000.0
2020-10-29,994.0,1010.0,989.0,1009.0
2020-10-30,1037.0,1037.0,966.0,972.0
2020-11-02,968.0,976.0,944.0,946.0
2020-11-04,946.0,967.0,937.0,944.0
2020-11-05,963.0,998.0,940.0,967.0
2020-11-06,967.0,967.0,939.0,944.0
2020-11-09,950.0,950.0,908.0,913.0
2020-11-10,913.0,920.0,870.0,888.0
2020-11-11,873.0,931.0,873.0,918.0
2020-11-12,963.0,963.0,903.0,903.0
2020-11-13,908.0,916.0,895.0,915.0
2020-11-16,915.0,915.0,882.0,906.0
2020-11-17,918.0,923.0,891.0,894.0
2020-11-18,886.0,897.0,879.0,890.0
2020-11-19,885.0,885.0,864.0,868.0
2020-11-20,857.0,886.0,856.0,877.0
2020-11-24,892.0,892.0,870.0,875.0
2020-11-25,897.0,897.0,870.0,871.0
2020-11-26,871.0,888.0,871.0,884.0
2020-11-27,883.0,907.0,880.0,898.0
2020-11-30,907.0,907.0,888.0,894.0
2020-12-01,894.0,915.0,894.0,902.0
2020-12-02,902.0,937.0,902.0,937.0
2020-12-03,952.0,955.0,931.0,947.0
2020-12-04,949.0,949.0,930.0,942.0
2020-12-07,952.0,952.0,911.0,917.0
2020-12-08,922.0,927.0,912.0,915.0
2020-12-09,911.0,911.0,885.0,889.0
2020-12-10,880.0,881.0,865.0,866.0
2020-12-11,881.0,899.0,862.0,899.0
2020-12-14,884.0,893.0,878.0,882.0
2020-12-15,880.0,880.0,864.0,873.0
2020-12-16,874.0,874.0,860.0,863.0
2020-12-17,862.0,873.0,843.0,849.0
2020-12-18,841.0,842.0,810.0,816.0
2020-12-21,816.0,838.0,810.0,813.0
2020-12-22,805.0,808.0,777.0,780.0
2020-12-23,787.0,797.0,767.0,768.0
2020-12-24,765.0,772.0,752.0,761.0
2020-12-25,776.0,817.0,761.0,817.0
2020-12-28,801.0,808.0,763.0,777.0
2020-12-29,780.0,789.0,768.0,779.0
2020-12-30,789.0,827.0,766.0,827.0
2021-01-04,818.0,818.0,785.0,790.0
2021-01-05,790.0,804.0,785.0,795.0
2021-01-06,798.0,824.0,796.0,817.0
2021-01-07,827.0,827.0,802.0,807.0
2021-01-08,822.0,822.0,806.0,812.0
2021-01-12,814.0,819.0,791.0,792.0
2021-01-13,791.0,795.0,780.0,780.0
2021-01-14,792.0,792.0,762.0,770.0
2021-01-15,770.0,781.0,768.0,780.0
2021-01-18,785.0,796.0,780.0,790.0
2021-01-19,789.0,798.0,784.0,791.0
2021-01-20,791.0,791.0,781.0,784.0
2021-01-21,784.0,793.0,782.0,792.0
2021-01-22,792.0,809.0,789.0,807.0
2021-01-25,816.0,839.0,807.0,825.0
2021-01-26,840.0,849.0,828.0,846.0
2021-01-27,846.0,932.0,840.0,879.0
2021-01-28,860.0,869.0,851.0,859.0
2021-01-29,853.0,867.0,806.0,810.0
2021-02-01,810.0,832.0,810.0,827.0
2021-02-02,827.0,865.0,827.0,852.0
2021-02-03,867.0,867.0,842.0,852.0
2021-02-04,851.0,852.0,840.0,840.0
2021-02-05,837.0,849.0,836.0,839.0
2021-02-08,848.0,848.0,833.0,834.0
2021-02-09,835.0,835.0,821.0,824.0
2021-02-10,822.0,831.0,820.0,829.0
2021-02-12,820.0,849.0,820.0,836.0
2021-02-15,866.0,866.0,837.0,837.0
2021-02-16,837.0,841.0,820.0,832.0
2021-02-17,847.0,847.0,825.0,832.0
2021-02-18,832.0,841.0,827.0,830.0
2021-02-19,826.0,829.0,802.0,807.0
2021-02-22,827.0,827.0,802.0,806.0
2021-02-24,816.0,816.0,798.0,806.0
2021-02-25,818.0,830.0,810.0,815.0
2021-02-26,803.0,840.0,801.0,828.0
2021-03-01,839.0,840.0,830.0,837.0
2021-03-02,830.0,831.0,821.0,829.0
2021-03-03,836.0,841.0,824.0,828.0
2021-03-04,824.0,827.0,805.0,809.0
2021-03-05,809.0,815.0,800.0,800.0
2021-03-08,810.0,823.0,803.0,803.0
2021-03-09,810.0,817.0,802.0,802.0
2021-03-10,802.0,815.0,802.0,807.0
2021-03-11,807.0,822.0,807.0,812.0
2021-03-12,820.0,820.0,808.0,820.0
2021-03-15,820.0,853.0,820.0,843.0
2021-03-16,850.0,920.0,850.0,889.0
2021-03-17,874.0,910.0,874.0,897.0
2021-03-18,885.0,910.0,870.0,877.0
2021-03-19,892.0,898.0,877.0,891.0
2021-03-22,861.0,882.0,861.0,866.0
2021-03-23,881.0,903.0,871.0,889.0
2021-03-24,900.0,950.0,885.0,950.0
2021-03-25,930.0,941.0,900.0,910.0
2021-03-26,915.0,960.0,915.0,949.0
2021-03-29,1000.0,1099.0,988.0,1099.0
2021-03-30,1030.0,1089.0,1012.0,1085.0
2021-03-31,1202.0,1385.0,1200.0,1270.0
2021-04-01,1191.0,1253.0,1112.0,1245.0
2021-04-02,1246.0,1280.0,1195.0,1207.0
2021-04-05,1213.0,1214.0,1122.0,1130.0
2021-04-06,1113.0,1160.0,1098.0,1113.0
2021-04-07,1143.0,1237.0,1129.0,1208.0
2021-04-08,1200.0,1204.0,1100.0,1154.0
2021-04-09,1124.0,1140.0,1101.0,1127.0
2021-04-12,1135.0,1147.0,1111.0,1129.0
2021-04-13,1130.0,1130.0,1102.0,1109.0
2021-04-14,1120.0,1218.0,1106.0,1191.0
2021-04-15,1179.0,1204.0,1159.0,1183.0
2021-04-16,1171.0,1194.0,1130.0,1171.0
2021-04-19,1175.0,1175.0,1138.0,1142.0
2021-04-20,1125.0,1229.0,1115.0,1220.0
2021-04-21,1196.0,1226.0,1164.0,1189.0
2021-04-22,1174.0,1219.0,1156.0,1167.0
2021-04-23,1160.0,1165.0,1134.0,1137.0
2021-04-26,1148.0,1208.0,1135.0,1201.0
2021-04-27,1182.0,1232.0,1180.0,1186.0
2021-04-28,1179.0,1180.0,1145.0,1152.0
2021-04-30,1260.0,1268.0,1175.0,1229.0
2021-05-06,1318.0,1394.0,1275.0,1393.0
2021-05-07,1354.0,1354.0,1306.0,1306.0
2021-05-10,1290.0,1313.0,1259.0,1271.0
2021-05-11,1250.0,1280.0,1237.0,1254.0
2021-05-12,1290.0,1337.0,1232.0,1276.0
2021-05-13,1248.0,1254.0,1212.0,1212.0
2021-05-14,1240.0,1250.0,1212.0,1247.0
2021-05-17,1226.0,1226.0,1161.0,1185.0
2021-05-18,1165.0,1207.0,1165.0,1201.0
2021-05-19,1181.0,1262.0,1181.0,1234.0
2021-05-20,1221.0,1245.0,1220.0,1243.0
2021-05-21,1258.0,1276.0,1248.0,1263.0
2021-05-24,1267.0,1272.0,1246.0,1259.0
2021-05-25,1270.0,1270.0,1229.0,1229.0
2021-05-26,1221.0,1247.0,1215.0,1230.0
2021-05-27,1241.0,1241.0,1206.0,1208.0
2021-05-28,1225.0,1232.0,1206.0,1232.0
2021-05-31,1220.0,1264.0,1211.0,1260.0
2021-06-01,1260.0,1279.0,1235.0,1255.0
2021-06-02,1258.0,1260.0,1242.0,1257.0
2021-06-03,1247.0,1250.0,1231.0,1236.0
2021-06-04,1226.0,1230.0,1204.0,1210.0
2021-06-07,1210.0,1211.0,1190.0,1201.0
2021-06-08,1198.0,1235.0,1197.0,1223.0
2021-06-09,1222.0,1309.0,1222.0,1300.0
2021-06-10,1283.0,1311.0,1267.0,1280.0
2021-06-11,1305.0,1305.0,1261.0,1274.0
2021-06-14,1394.0,1557.0,1370.0,1497.0
2021-06-15,1487.0,1658.0,1481.0,1655.0
2021-06-16,1629.0,1746.0,1621.0,1705.0
2021-06-17,1679.0,1695.0,1639.0,1682.0
2021-06-18,1695.0,1757.0,1634.0,1642.0
2021-06-21,1722.0,1779.0,1626.0,1734.0
2021-06-22,1726.0,1770.0,1701.0,1758.0
2021-06-23,1754.0,1793.0,1572.0,1589.0
2021-06-24,1669.0,1719.0,1541.0,1614.0
2021-06-25,1561.0,1667.0,1558.0,1623.0
2021-06-28,1592.0,1635.0,1575.0,1607.0
2021-06-29,1611.0,1663.0,1560.0,1633.0
2021-06-30,1632.0,1715.0,1626.0,1634.0
2021-07-01,1626.0,1737.0,1620.0,1696.0
2021-07-02,1696.0,1762.0,1665.0,1725.0
2021-07-05,1716.0,1747.0,1685.0,1704.0
2021-07-06,1704.0,1704.0,1595.0,1621.0
2021-07-07,1606.0,1675.0,1606.0,1642.0
2021-07-08,1620.0,1664.0,1590.0,1592.0
2021-07-09,1592.0,1640.0,1567.0,1639.0
2021-07-12,1678.0,1708.0,1622.0,1630.0
2021-07-13,1641.0,1829.0,1623.0,1755.0
2021-07-14,1704.0,1717.0,1606.0,1606.0
2021-07-15,1575.0,1575.0,1288.0,1311.0
2021-07-16,1272.0,1278.0,1168.0,1180.0
2021-07-19,1161.0,1162.0,1111.0,1120.0
2021-07-20,1120.0,1141.0,1090.0,1091.0
2021-07-21,1092.0,1110.0,1039.0,1060.0
2021-07-26,1080.0,1086.0,1045.0,1054.0
2021-07-27,1065.0,1065.0,1019.0,1027.0
2021-07-28,1011.0,1027.0,971.0,977.0
2021-07-29,967.0,1021.0,967.0,1003.0
2021-07-30,1006.0,1031.0,967.0,975.0
2021-08-02,972.0,999.0,962.0,972.0
2021-08-03,975.0,983.0,954.0,958.0
2021-08-04,954.0,966.0,915.0,919.0
2021-08-05,925.0,972.0,915.0,945.0
2021-08-06,960.0,970.0,929.0,931.0
2021-08-10,926.0,992.0,917.0,967.0
2021-08-11,965.0,987.0,953.0,974.0
2021-08-12,970.0,980.0,933.0,933.0
2021-08-13,947.0,951.0,928.0,936.0
2021-08-16,922.0,934.0,895.0,900.0
2021-08-17,896.0,915.0,883.0,886.0
2021-08-18,887.0,908.0,870.0,904.0
2021-08-19,890.0,919.0,886.0,899.0
2021-08-20,884.0,894.0,868.0,870.0
2021-08-23,867.0,892.0,863.0,888.0
2021-08-24,890.0,934.0,888.0,921.0
2021-08-25,918.0,938.0,905.0,912.0
2021-08-26,922.0,923.0,912.0,919.0
2021-08-27,917.0,917.0,880.0,903.0
2021-08-30,905.0,921.0,900.0,915.0
2021-08-31,913.0,920.0,903.0,907.0
2021-09-01,915.0,932.0,905.0,912.0
2021-09-02,913.0,920.0,905.0,905.0
2021-09-03,901.0,920.0,899.0,905.0
2021-09-06,911.0,915.0,905.0,914.0
2021-09-07,915.0,922.0,904.0,906.0
2021-09-08,918.0,918.0,900.0,917.0
2021-09-09,910.0,946.0,910.0,923.0
2021-09-10,934.0,934.0,914.0,919.0
2021-09-13,926.0,926.0,909.0,909.0
2021-09-14,909.0,909.0,883.0,898.0
2021-09-15,899.0,900.0,885.0,891.0
2021-09-16,885.0,889.0,860.0,861.0
2021-09-17,862.0,879.0,862.0,867.0
2021-09-21,867.0,867.0,836.0,847.0
2021-09-22,850.0,850.0,816.0,821.0
2021-09-24,826.0,849.0,822.0,827.0
2021-09-27,829.0,833.0,812.0,818.0
2021-09-28,818.0,819.0,797.0,808.0
2021-09-29,808.0,810.0,792.0,806.0
2021-09-30,802.0,812.0,792.0,796.0
2021-10-01,792.0,798.0,780.0,787.0
2021-10-04,797.0,797.0,772.0,777.0
2021-10-05,771.0,775.0,738.0,765.0
2021-10-06,777.0,788.0,752.0,756.0
2021-10-07,756.0,768.0,756.0,767.0
2021-10-08,767.0,785.0,767.0,771.0
2021-10-11,786.0,786.0,765.0,771.0
2021-10-12,770.0,770.0,762.0,770.0
2021-10-13,773.0,773.0,766.0,766.0
2021-10-14,769.0,780.0,764.0,764.0
2021-10-15,765.0,779.0,765.0,766.0
2021-10-18,766.0,775.0,738.0,765.0
2021-10-19,765.0,767.0,758.0,758.0
2021-10-20,768.0,832.0,763.0,823.0
2021-10-21,816.0,910.0,805.0,844.0
2021-10-22,829.0,847.0,800.0,800.0
2021-10-25,800.0,845.0,800.0,826.0
2021-10-26,840.0,898.0,832.0,866.0
2021-10-27,880.0,998.0,880.0,946.0
2021-10-28,937.0,1010.0,931.0,989.0
2021-10-29,991.0,996.0,912.0,919.0
2021-11-01,906.0,919.0,830.0,838.0
2021-11-02,838.0,863.0,825.0,825.0
2021-11-04,827.0,839.0,809.0,809.0
2021-11-05,811.0,851.0,811.0,822.0
2021-11-08,820.0,820.0,780.0,795.0
2021-11-09,790.0,799.0,770.0,773.0
2021-11-10,779.0,787.0,766.0,766.0
2021-11-11,761.0,769.0,754.0,754.0
2021-11-12,754.0,770.0,754.0,770.0
2021-11-15,760.0,773.0,748.0,758.0
2021-11-16,755.0,787.0,751.0,787.0
2021-11-17,794.0,808.0,780.0,788.0
2021-11-18,784.0,789.0,768.0,780.0
2021-11-19,774.0,793.0,767.0,769.0
2021-11-22,769.0,771.0,753.0,756.0
2021-11-24,757.0,784.0,756.0,770.0
2021-11-25,769.0,784.0,754.0,754.0
2021-11-26,754.0,754.0,688.0,702.0
2021-11-29,687.0,710.0,680.0,688.0
2021-11-30,690.0,705.0,670.0,683.0
2021-12-01,673.0,690.0,662.0,686.0
2021-12-02,680.0,685.0,649.0,652.0
2021-12-03,652.0,666.0,645.0,659.0
2021-12-06,656.0,663.0,650.0,661.0
2021-12-07,656.0,706.0,656.0,703.0
2021-12-08,715.0,717.0,695.0,702.0
2021-12-09,694.0,699.0,682.0,686.0
2021-12-10,686.0,687.0,666.0,675.0
2021-12-13,675.0,685.0,660.0,663.0
2021-12-14,658.0,662.0,652.0,656.0
2021-12-15,656.0,676.0,656.0,656.0
2021-12-16,666.0,669.0,658.0,658.0
2021-12-17,656.0,663.0,634.0,634.0
2021-12-20,640.0,645.0,619.0,620.0
2021-12-21,629.0,647.0,625.0,647.0
2021-12-22,649.0,662.0,640.0,650.0
2021-12-23,646.0,646.0,635.0,643.0
2021-12-24,641.0,649.0,634.0,635.0
2021-12-27,635.0,636.0,608.0,608.0
2021-12-28,608.0,625.0,608.0,616.0
2021-12-29,620.0,663.0,620.0,657.0
2021-12-30,667.0,667.0,654.0,660.0
2022-01-04,662.0,670.0,650.0,662.0
2022-01-05,656.0,661.0,639.0,640.0
2022-01-06,630.0,645.0,626.0,635.0
2022-01-07,634.0,654.0,616.0,630.0
2022-01-11,633.0,637.0,618.0,618.0
2022-01-12,621.0,637.0,620.0,623.0
2022-01-13,618.0,619.0,610.0,610.0
2022-01-14,590.0,595.0,568.0,577.0
2022-01-17,587.0,592.0,579.0,580.0
2022-01-18,580.0,610.0,571.0,592.0
2022-01-19,582.0,589.0,551.0,571.0
2022-01-20,578.0,630.0,568.0,605.0
2022-01-21,595.0,605.0,584.0,595.0
2022-01-24,601.0,602.0,590.0,595.0
2022-01-25,600.0,601.0,571.0,571.0
2022-01-26,572.0,586.0,572.0,578.0
2022-01-27,576.0,584.0,506.0,532.0
2022-01-28,530.0,548.0,525.0,534.0
2022-01-31,544.0,551.0,530.0,530.0
2022-02-01,534.0,555.0,527.0,537.0
2022-02-02,547.0,547.0,526.0,537.0
2022-02-03,537.0,542.0,510.0,519.0
2022-02-04,510.0,517.0,496.0,512.0
2022-02-07,512.0,519.0,499.0,500.0
2022-02-08,511.0,511.0,496.0,501.0
2022-02-09,508.0,573.0,507.0,533.0
2022-02-10,532.0,545.0,503.0,503.0
2022-02-14,496.0,503.0,483.0,491.0
2022-02-15,494.0,556.0,481.0,503.0
2022-02-16,511.0,515.0,495.0,497.0
2022-02-17,509.0,527.0,498.0,504.0
2022-02-18,500.0,526.0,500.0,523.0
2022-02-21,507.0,526.0,507.0,515.0
2022-02-22,510.0,519.0,501.0,519.0
2022-02-24,518.0,518.0,483.0,491.0
2022-02-25,495.0,508.0,490.0,508.0
2022-02-28,506.0,550.0,502.0,543.0
2022-03-01,545.0,592.0,545.0,590.0
2022-03-02,584.0,678.0,575.0,645.0
2022-03-03,646.0,646.0,590.0,590.0
2022-03-04,583.0,583.0,537.0,545.0
2022-03-07,535.0,535.0,511.0,529.0
2022-03-08,523.0,539.0,504.0,527.0
2022-03-09,528.0,532.0,518.0,518.0
2022-03-10,524.0,535.0,524.0,529.0
2022-03-11,525.0,546.0,519.0,540.0
2022-03-14,540.0,579.0,532.0,559.0
2022-03-15,553.0,565.0,539.0,551.0
2022-03-16,551.0,599.0,551.0,590.0
2022-03-17,600.0,617.0,598.0,605.0
2022-03-18,613.0,613.0,574.0,590.0
2022-03-22,600.0,609.0,596.0,600.0
2022-03-23,610.0,628.0,607.0,614.0
2022-03-24,609.0,613.0,599.0,605.0
2022-03-25,625.0,625.0,601.0,602.0
2022-03-28,602.0,605.0,596.0,596.0
2022-03-29,593.0,608.0,591.0,603.0
2022-03-30,611.0,627.0,608.0,623.0
2022-03-31,623.0,630.0,615.0,622.0
2022-04-01,620.0,633.0,617.0,633.0
2022-04-04,640.0,646.0,635.0,646.0
2022-04-05,648.0,665.0,639.0,665.0
2022-04-06,656.0,669.0,650.0,659.0
2022-04-07,654.0,667.0,652.0,659.0
2022-04-08,659.0,683.0,659.0,672.0
2022-04-11,682.0,684.0,668.0,671.0
2022-04-12,677.0,677.0,666.0,670.0
2022-04-13,678.0,678.0,630.0,630.0
2022-04-14,627.0,631.0,605.0,616.0
2022-04-15,607.0,612.0,582.0,582.0
2022-04-18,583.0,605.0,583.0,591.0
2022-04-19,591.0,621.0,591.0,620.0
2022-04-20,639.0,640.0,622.0,624.0
2022-04-21,624.0,630.0,607.0,613.0
2022-04-22,608.0,608.0,586.0,605.0
2022-04-25,598.0,602.0,590.0,590.0
2022-04-26,594.0,596.0,573.0,573.0
2022-04-27,557.0,573.0,555.0,561.0
2022-04-28,555.0,570.0,555.0,556.0
2022-05-02,549.0,559.0,548.0,556.0
2022-05-06,557.0,569.0,555.0,565.0
2022-05-09,561.0,567.0,546.0,548.0
2022-05-10,540.0,540.0,518.0,536.0
2022-05-11,525.0,540.0,525.0,540.0
2022-05-12,546.0,546.0,526.0,526.0
2022-05-13,551.0,551.0,536.0,538.0
2022-05-16,548.0,571.0,544.0,563.0
2022-05-17,561.0,562.0,553.0,560.0
2022-05-18,561.0,562.0,542.0,542.0
2022-05-19,541.0,550.0,528.0,530.0
2022-05-20,533.0,533.0,525.0,532.0
2022-05-23,538.0,546.0,527.0,527.0
2022-05-24,528.0,533.0,525.0,533.0
2022-05-25,543.0,543.0,522.0,522.0
2022-05-26,517.0,525.0,517.0,521.0
2022-05-27,513.0,516.0,505.0,507.0
2022-05-30,507.0,518.0,507.0,517.0
2022-05-31,519.0,529.0,515.0,529.0
2022-06-01,523.0,547.0,523.0,547.0
2022-06-02,542.0,569.0,542.0,555.0
2022-06-03,545.0,555.0,543.0,555.0
2022-06-06,550.0,560.0,546.0,560.0
2022-06-07,557.0,557.0,550.0,551.0
2022-06-08,553.0,556.0,549.0,550.0
2022-06-09,553.0,555.0,550.0,555.0
2022-06-10,550.0,553.0,545.0,550.0
2022-06-13,541.0,542.0,526.0,528.0
2022-06-14,527.0,530.0,525.0,530.0
2022-06-15,550.0,550.0,523.0,523.0
2022-06-16,523.0,532.0,511.0,515.0
2022-06-17,501.0,508.0,500.0,502.0
2022-06-20,500.0,502.0,491.0,491.0
2022-06-21,491.0,505.0,491.0,501.0
2022-06-22,500.0,500.0,492.0,497.0
2022-06-23,500.0,505.0,499.0,500.0
2022-06-24,503.0,600.0,503.0,568.0
2022-06-27,550.0,550.0,532.0,533.0
2022-06-28,533.0,546.0,526.0,533.0
2022-06-29,533.0,534.0,524.0,524.0
2022-06-30,534.0,535.0,515.0,515.0
2022-07-01,529.0,529.0,505.0,510.0
2022-07-04,511.0,516.0,508.0,509.0
2022-07-05,522.0,609.0,513.0,549.0
2022-07-06,529.0,541.0,514.0,528.0
2022-07-07,531.0,546.0,522.0,522.0
2022-07-08,525.0,525.0,517.0,524.0
2022-07-11,534.0,538.0,528.0,530.0
2022-07-12,530.0,539.0,529.0,529.0
2022-07-13,530.0,540.0,529.0,534.0
2022-07-14,532.0,538.0,528.0,529.0
2022-07-15,531.0,536.0,529.0,532.0
2022-07-19,532.0,539.0,530.0,537.0
2022-07-20,537.0,556.0,537.0,542.0
2022-07-21,543.0,569.0,543.0,555.0
2022-07-22,555.0,575.0,555.0,565.0
2022-07-25,559.0,560.0,533.0,543.0
2022-07-26,542.0,554.0,539.0,539.0
2022-07-27,541.0,548.0,539.0,539.0
2022-07-28,548.0,548.0,539.0,539.0
2022-07-29,542.0,551.0,533.0,538.0
2022-08-01,540.0,549.0,540.0,541.0
2022-08-02,544.0,549.0,537.0,546.0
2022-08-03,551.0,551.0,541.0,544.0
2022-08-04,550.0,550.0,541.0,550.0
2022-08-05,549.0,569.0,548.0,560.0
2022-08-08,570.0,570.0,552.0,555.0
2022-08-09,563.0,563.0,555.0,563.0
2022-08-10,564.0,564.0,553.0,553.0
2022-08-12,571.0,585.0,560.0,566.0
2022-08-15,570.0,576.0,563.0,563.0
2022-08-16,564.0,575.0,564.0,569.0
2022-08-17,571.0,575.0,568.0,575.0
2022-08-18,571.0,574.0,566.0,569.0
2022-08-19,568.0,569.0,564.0,564.0
2022-08-22,564.0,564.0,550.0,550.0
2022-08-23,549.0,555.0,543.0,544.0
2022-08-24,545.0,638.0,545.0,553.0
2022-08-25,573.0,573.0,557.0,565.0
2022-08-26,564.0,585.0,563.0,564.0
2022-08-29,550.0,557.0,546.0,550.0
2022-08-30,554.0,554.0,546.0,552.0
2022-08-31,547.0,552.0,545.0,547.0
2022-09-01,541.0,571.0,541.0,555.0
2022-09-02,547.0,551.0,545.0,545.0
2022-09-05,545.0,553.0,545.0,545.0
2022-09-06,540.0,547.0,536.0,540.0
2022-09-07,540.0,560.0,540.0,556.0
2022-09-08,557.0,557.0,540.0,548.0
2022-09-09,555.0,555.0,545.0,549.0
2022-09-12,558.0,558.0,546.0,549.0
2022-09-13,549.0,550.0,548.0,550.0
2022-09-14,549.0,552.0,532.0,549.0
2022-09-15,549.0,549.0,540.0,544.0
2022-09-16,540.0,540.0,533.0,537.0
2022-09-20,537.0,543.0,537.0,539.0
2022-09-21,540.0,541.0,535.0,539.0
2022-09-22,534.0,536.0,527.0,532.0
2022-09-26,525.0,525.0,500.0,501.0
2022-09-27,521.0,521.0,507.0,507.0
2022-09-28,507.0,514.0,491.0,491.0
2022-09-29,506.0,506.0,497.0,503.0
2022-09-30,494.0,495.0,480.0,483.0
2022-10-03,483.0,488.0,478.0,485.0
2022-10-04,488.0,506.0,488.0,496.0
2022-10-05,496.0,517.0,496.0,515.0
2022-10-06,514.0,514.0,508.0,508.0
2022-10-07,501.0,517.0,501.0,508.0
2022-10-11,507.0,508.0,496.0,505.0
2022-10-12,501.0,505.0,501.0,505.0
2022-10-13,506.0,506.0,499.0,500.0
2022-10-14,500.0,508.0,500.0,502.0
2022-10-17,503.0,505.0,501.0,505.0
2022-10-18,505.0,511.0,500.0,507.0
2022-10-19,507.0,518.0,507.0,518.0
2022-10-20,512.0,514.0,511.0,512.0
2022-10-21,505.0,505.0,495.0,502.0
2022-10-24,502.0,506.0,501.0,502.0
2022-10-25,508.0,509.0,499.0,501.0
2022-10-26,500.0,515.0,499.0,512.0
2022-10-27,511.0,511.0,511.0,511.0
2022-10-28,511.0,514.0,500.0,504.0
2022-10-31,504.0,508.0,500.0,505.0
2022-11-01,510.0,510.0,506.0,506.0
2022-11-02,504.0,510.0,502.0,505.0
2022-11-04,501.0,503.0,500.0,500.0
2022-11-07,500.0,508.0,497.0,504.0
2022-11-08,501.0,508.0,496.0,499.0
2022-11-09,498.0,504.0,498.0,504.0
2022-11-10,501.0,503.0,498.0,503.0
2022-11-11,503.0,507.0,497.0,502.0
2022-11-14,506.0,506.0,500.0,503.0
2022-11-15,499.0,508.0,499.0,505.0
2022-11-16,508.0,508.0,501.0,506.0
2022-11-17,502.0,507.0,502.0,505.0
2022-11-18,504.0,508.0,500.0,508.0
2022-11-21,507.0,507.0,501.0,501.0
2022-11-22,502.0,503.0,500.0,502.0
2022-11-24,501.0,504.0,497.0,504.0
2022-11-25,506.0,510.0,499.0,507.0
2022-11-28,512.0,514.0,501.0,509.0
2022-11-29,514.0,518.0,510.0,518.0
2022-11-30,518.0,550.0,513.0,526.0
2022-12-01,533.0,533.0,524.0,529.0
2022-12-02,523.0,530.0,520.0,528.0
2022-12-05,532.0,539.0,525.0,539.0
2022-12-06,539.0,540.0,528.0,528.0
2022-12-07,524.0,529.0,522.0,529.0
2022-12-08,530.0,533.0,527.0,530.0
2022-12-09,528.0,537.0,523.0,523.0
2022-12-12,515.0,520.0,503.0,520.0
2022-12-13,520.0,520.0,498.0,500.0
2022-12-14,503.0,506.0,501.0,505.0
2022-12-15,505.0,508.0,500.0,504.0
2022-12-16,501.0,505.0,499.0,505.0
2022-12-19,507.0,509.0,502.0,502.0
2022-12-20,508.0,508.0,485.0,485.0
2022-12-21,483.0,489.0,472.0,485.0
2022-12-22,485.0,486.0,475.0,481.0
2022-12-23,480.0,480.0,475.0,479.0
2022-12-26,479.0,480.0,465.0,465.0
2022-12-27,466.0,466.0,444.0,450.0
2022-12-28,452.0,452.0,439.0,447.0
2022-12-29,448.0,464.0,441.0,459.0
2022-12-30,469.0,471.0,453.0,466.0
2023-01-04,468.0,546.0,463.0,546.0
2023-01-05,506.0,526.0,496.0,515.0
2023-01-06,515.0,515.0,500.0,507.0
2023-01-10,507.0,507.0,495.0,500.0
2023-01-11,504.0,504.0,499.0,502.0
2023-01-12,502.0,502.0,492.0,497.0
2023-01-13,493.0,502.0,493.0,501.0
2023-01-16,503.0,503.0,498.0,503.0
2023-01-17,497.0,504.0,497.0,498.0
2023-01-18,502.0,503.0,496.0,496.0
2023-01-19,489.0,500.0,489.0,497.0
2023-01-20,493.0,497.0,493.0,494.0
2023-01-23,507.0,507.0,498.0,503.0
2023-01-24,503.0,503.0,497.0,497.0
2023-01-25,505.0,507.0,502.0,507.0
2023-01-26,504.0,510.0,503.0,507.0
2023-01-27,511.0,511.0,506.0,507.0
2023-01-30,507.0,509.0,503.0,509.0
2023-01-31,509.0,512.0,505.0,512.0
2023-02-01,510.0,511.0,507.0,507.0
2023-02-02,506.0,508.0,499.0,508.0
2023-02-03,508.0,509.0,496.0,509.0
2023-02-06,509.0,509.0,498.0,500.0
2023-02-07,504.0,508.0,496.0,508.0
2023-02-08,502.0,507.0,492.0,495.0
2023-02-09,500.0,526.0,490.0,526.0
2023-02-10,525.0,525.0,512.0,512.0
2023-02-13,521.0,521.0,514.0,520.0
2023-02-14,520.0,529.0,520.0,523.0
2023-02-15,512.0,515.0,496.0,497.0
2023-02-16,500.0,506.0,497.0,505.0
2023-02-17,503.0,505.0,503.0,504.0
2023-02-20,504.0,507.0,503.0,503.0
2023-02-21,503.0,506.0,500.0,500.0
2023-02-22,500.0,500.0,495.0,497.0
2023-02-24,505.0,505.0,488.0,488.0
2023-02-27,488.0,505.0,488.0,505.0
2023-02-28,497.0,505.0,497.0,505.0
2023-03-01,505.0,508.0,494.0,498.0
2023-03-02,497.0,501.0,492.0,492.0
2023-03-03,495.0,500.0,491.0,496.0
2023-03-06,496.0,506.0,495.0,495.0
2023-03-07,496.0,499.0,491.0,491.0
2023-03-08,491.0,492.0,490.0,491.0
2023-03-09,491.0,493.0,491.0,493.0
2023-03-10,496.0,496.0,491.0,493.0
2023-03-13,492.0,492.0,482.0,490.0
2023-03-14,490.0,490.0,470.0,482.0
2023-03-15,481.0,484.0,476.0,476.0
2023-03-16,465.0,477.0,464.0,465.0
2023-03-17,470.0,476.0,470.0,473.0
2023-03-20,470.0,472.0,467.0,467.0
2023-03-22,468.0,469.0,463.0,465.0
2023-03-23,489.0,489.0,467.0,475.0
2023-03-24,480.0,480.0,471.0,473.0
2023-03-27,479.0,479.0,467.0,472.0
2023-03-28,470.0,470.0,464.0,464.0
2023-03-29,463.0,468.0,460.0,463.0
2023-03-30,469.0,476.0,461.0,461.0
2023-03-31,467.0,467.0,453.0,453.0
2023-04-03,455.0,473.0,455.0,464.0
2023-04-04,460.0,467.0,460.0,460.0
2023-04-05,461.0,461.0,457.0,457.0
2023-04-06,465.0,465.0,451.0,452.0
2023-04-07,532.0,532.0,510.0,532.0
2023-04-10,592.0,612.0,548.0,576.0
2023-04-11,570.0,592.0,534.0,573.0
2023-04-12,570.0,580.0,534.0,534.0
2023-04-13,546.0,554.0,523.0,540.0
2023-04-14,532.0,538.0,510.0,526.0
2023-04-17,525.0,558.0,501.0,538.0
2023-04-18,536.0,536.0,519.0,519.0
2023-04-19,534.0,567.0,527.0,557.0
2023-04-20,549.0,564.0,539.0,542.0
2023-04-21,544.0,548.0,523.0,531.0
2023-04-24,533.0,533.0,504.0,519.0
2023-04-25,512.0,518.0,505.0,517.0
2023-04-26,508.0,516.0,508.0,513.0
2023-04-27,511.0,512.0,502.0,509.0
2023-04-28,510.0,515.0,502.0,502.0
2023-05-01,502.0,507.0,498.0,500.0
2023-05-02,495.0,504.0,495.0,502.0
2023-05-08,502.0,512.0,502.0,512.0
2023-05-09,510.0,518.0,508.0,508.0
2023-05-10,505.0,505.0,496.0,505.0
2023-05-11,504.0,504.0,499.0,502.0
2023-05-12,499.0,505.0,499.0,505.0
2023-05-15,506.0,506.0,499.0,501.0
2023-05-16,509.0,533.0,506.0,527.0
2023-05-17,520.0,525.0,501.0,502.0
2023-05-18,504.0,514.0,496.0,496.0
2023-05-19,495.0,504.0,481.0,504.0
2023-05-22,501.0,506.0,501.0,505.0
2023-05-23,501.0,506.0,499.0,503.0
2023-05-24,500.0,506.0,500.0,505.0
2023-05-25,509.0,509.0,501.0,501.0
2023-05-26,502.0,505.0,500.0,500.0
2023-05-29,500.0,501.0,493.0,496.0
2023-05-30,495.0,498.0,492.0,496.0
2023-05-31,496.0,499.0,495.0,495.0
2023-06-01,495.0,498.0,493.0,497.0
2023-06-02,499.0,516.0,499.0,516.0
2023-06-05,520.0,530.0,518.0,518.0
2023-06-06,515.0,520.0,507.0,507.0
2023-06-07,509.0,509.0,496.0,502.0
2023-06-08,501.0,501.0,497.0,497.0
2023-06-09,492.0,503.0,492.0,497.0
2023-06-12,499.0,505.0,495.0,499.0
2023-06-13,495.0,500.0,495.0,496.0
2023-06-14,500.0,500.0,493.0,495.0
2023-06-15,496.0,496.0,495.0,496.0
2023-06-16,494.0,504.0,491.0,494.0
2023-06-19,495.0,497.0,489.0,492.0
2023-06-20,491.0,494.0,485.0,493.0
2023-06-21,491.0,503.0,491.0,500.0
2023-06-22,501.0,501.0,490.0,498.0
2023-06-23,500.0,500.0,491.0,499.0
2023-06-26,497.0,497.0,481.0,490.0
2023-06-27,484.0,491.0,484.0,486.0
2023-06-28,488.0,488.0,483.0,484.0
2023-06-29,485.0,493.0,485.0,493.0
2023-06-30,493.0,493.0,486.0,490.0
2023-07-03,490.0,495.0,488.0,491.0
2023-07-04,491.0,503.0,491.0,498.0
2023-07-05,498.0,505.0,498.0,504.0
2023-07-06,505.0,508.0,496.0,507.0
2023-07-07,508.0,508.0,498.0,498.0
2023-07-10,498.0,501.0,496.0,497.0
2023-07-11,497.0,514.0,493.0,503.0
2023-07-12,501.0,503.0,496.0,496.0
2023-07-13,496.0,497.0,493.0,496.0
2023-07-14,498.0,498.0,482.0,494.0
2023-07-18,490.0,495.0,490.0,494.0
2023-07-19,490.0,493.0,490.0,492.0
2023-07-20,490.0,491.0,488.0,491.0
2023-07-21,490.0,492.0,487.0,491.0
2023-07-24,491.0,491.0,485.0,488.0
2023-07-25,490.0,490.0,483.0,485.0
2023-07-26,484.0,486.0,480.0,484.0
2023-07-27,478.0,485.0,478.0,484.0
2023-07-28,484.0,484.0,475.0,480.0
2023-07-31,478.0,485.0,478.0,485.0
2023-08-01,482.0,484.0,480.0,484.0
2023-08-02,482.0,483.0,473.0,482.0
2023-08-03,482.0,482.0,482.0,482.0
2023-08-04,483.0,485.0,478.0,481.0
2023-08-07,480.0,482.0,479.0,482.0
2023-08-08,480.0,482.0,480.0,482.0
2023-08-09,480.0,487.0,480.0,484.0
2023-08-10,483.0,493.0,481.0,493.0
2023-08-14,469.0,480.0,469.0,480.0
2023-08-15,480.0,480.0,477.0,477.0
2023-08-16,476.0,482.0,475.0,477.0
2023-08-17,477.0,480.0,476.0,480.0
2023-08-18,472.0,472.0,460.0,464.0
2023-08-21,464.0,468.0,463.0,465.0
2023-08-22,472.0,472.0,465.0,465.0
2023-08-23,461.0,465.0,460.0,462.0
2023-08-24,459.0,467.0,459.0,467.0
2023-08-25,467.0,523.0,467.0,496.0
2023-08-28,496.0,499.0,485.0,489.0
2023-08-29,489.0,505.0,485.0,496.0
2023-08-30,497.0,502.0,491.0,500.0
2023-08-31,491.0,493.0,485.0,489.0
2023-09-01,485.0,490.0,477.0,486.0
2023-09-04,499.0,507.0,480.0,485.0
2023-09-05,493.0,496.0,486.0,490.0
2023-09-06,490.0,507.0,490.0,501.0
2023-09-07,501.0,501.0,491.0,495.0
2023-09-08,492.0,500.0,492.0,495.0
2023-09-11,503.0,503.0,495.0,497.0
2023-09-12,502.0,506.0,498.0,498.0
2023-09-13,495.0,500.0,494.0,500.0
2023-09-14,500.0,500.0,493.0,498.0
2023-09-15,498.0,498.0,492.0,492.0
2023-09-19,492.0,499.0,490.0,498.0
2023-09-20,495.0,495.0,493.0,493.0
2023-09-21,491.0,491.0,488.0,490.0
2023-09-22,489.0,493.0,488.0,492.0
2023-09-25,494.0,494.0,486.0,491.0
2023-09-26,486.0,490.0,484.0,489.0
2023-09-27,483.0,490.0,483.0,486.0
2023-09-28,486.0,497.0,486.0,487.0
2023-09-29,487.0,492.0,487.0,492.0
2023-10-02,492.0,494.0,488.0,494.0
2023-10-03,485.0,489.0,480.0,480.0
2023-10-04,480.0,481.0,469.0,475.0
2023-10-05,483.0,483.0,473.0,477.0
2023-10-06,472.0,480.0,472.0,480.0
2023-10-10,473.0,485.0,465.0,470.0
2023-10-11,550.0,550.0,550.0,550.0
2023-10-12,650.0,650.0,588.0,603.0
2023-10-13,585.0,703.0,563.0,703.0
2023-10-16,699.0,785.0,667.0,734.0
2023-10-17,704.0,715.0,622.0,652.0
2023-10-18,622.0,645.0,603.0,636.0
2023-10-19,623.0,646.0,580.0,600.0
2023-10-20,590.0,632.0,585.0,602.0
2023-10-23,592.0,605.0,574.0,590.0
2023-10-24,582.0,611.0,575.0,594.0
2023-10-25,612.0,625.0,595.0,596.0
2023-10-26,598.0,599.0,580.0,584.0
2023-10-27,571.0,575.0,551.0,555.0
2023-10-30,549.0,563.0,541.0,541.0
2023-10-31,540.0,544.0,530.0,536.0
2023-11-01,541.0,573.0,534.0,573.0
2023-11-02,553.0,571.0,547.0,558.0
2023-11-06,559.0,578.0,550.0,550.0
2023-11-07,550.0,626.0,550.0,605.0
2023-11-08,609.0,618.0,572.0,581.0
2023-11-09,575.0,575.0,550.0,556.0
2023-11-10,555.0,594.0,544.0,590.0
2023-11-13,595.0,606.0,574.0,590.0
2023-11-14,580.0,610.0,575.0,590.0
2023-11-15,590.0,600.0,549.0,571.0
2023-11-16,580.0,580.0,552.0,567.0
2023-11-17,561.0,561.0,544.0,545.0
2023-11-20,554.0,565.0,549.0,549.0
2023-11-21,549.0,555.0,539.0,545.0
2023-11-22,538.0,555.0,538.0,554.0
2023-11-24,566.0,618.0,564.0,596.0
2023-11-27,582.0,594.0,573.0,574.0
2023-11-28,576.0,576.0,560.0,571.0
2023-11-29,571.0,595.0,571.0,582.0
2023-11-30,580.0,583.0,561.0,569.0
2023-12-01,569.0,575.0,551.0,567.0
2023-12-04,567.0,567.0,543.0,556.0
2023-12-05,556.0,558.0,545.0,545.0
2023-12-06,545.0,557.0,545.0,557.0
2023-12-07,553.0,555.0,541.0,546.0
2023-12-08,541.0,545.0,480.0,483.0
2023-12-11,484.0,501.0,481.0,488.0
2023-12-12,496.0,503.0,481.0,492.0
2023-12-13,492.0,492.0,458.0,466.0
2023-12-14,470.0,489.0,469.0,471.0
2023-12-15,470.0,479.0,461.0,470.0
2023-12-18,457.0,474.0,455.0,463.0
2023-12-19,460.0,480.0,452.0,468.0
2023-12-20,466.0,472.0,466.0,466.0
2023-12-21,465.0,483.0,451.0,469.0
2023-12-22,468.0,478.0,459.0,463.0
2023-12-25,472.0,472.0,457.0,457.0
2023-12-26,457.0,470.0,457.0,462.0
2023-12-27,462.0,486.0,462.0,486.0
2023-12-28,501.0,501.0,480.0,480.0
2023-12-29,480.0,495.0,480.0,487.0
2024-01-04,481.0,494.0,473.0,485.0
2024-01-05,490.0,494.0,472.0,487.0
2024-01-09,490.0,499.0,482.0,483.0
2024-01-10,483.0,489.0,481.0,485.0
2024-01-11,485.0,491.0,479.0,489.0
2024-01-12,486.0,490.0,457.0,466.0
2024-01-15,478.0,478.0,473.0,473.0
2024-01-16,474.0,474.0,468.0,468.0
2024-01-17,468.0,468.0,457.0,460.0
2024-01-18,460.0,463.0,456.0,458.0
2024-01-19,462.0,462.0,450.0,454.0
2024-01-22,455.0,464.0,450.0,462.0
2024-01-23,463.0,474.0,461.0,461.0
2024-01-24,463.0,477.0,462.0,477.0
2024-01-25,480.0,485.0,474.0,482.0
2024-01-26,483.0,483.0,473.0,476.0
2024-01-29,476.0,476.0,470.0,472.0
2024-01-30,467.0,470.0,465.0,468.0
2024-01-31,467.0,474.0,463.0,466.0
2024-02-01,466.0,475.0,451.0,463.0
2024-02-02,462.0,469.0,462.0,466.0
2024-02-05,466.0,472.0,464.0,465.0
2024-02-06,465.0,469.0,463.0,465.0
2024-02-07,464.0,465.0,460.0,462.0
2024-02-08,458.0,467.0,456.0,459.0
2024-02-09,456.0,461.0,442.0,455.0
2024-02-13,451.0,455.0,451.0,454.0
2024-02-14,453.0,454.0,451.0,454.0
2024-02-15,447.0,447.0,408.0,417.0
2024-02-16,410.0,430.0,396.0,416.0
2024-02-19,421.0,425.0,406.0,423.0
2024-02-20,423.0,430.0,411.0,418.0
2024-02-21,416.0,422.0,416.0,417.0
2024-02-22,418.0,423.0,411.0,421.0
2024-02-26,426.0,426.0,415.0,415.0
2024-02-27,415.0,418.0,407.0,413.0
2024-02-28,408.0,423.0,408.0,417.0
2024-02-29,416.0,417.0,409.0,414.0
2024-03-01,415.0,415.0,410.0,411.0
2024-03-04,408.0,414.0,406.0,408.0
2024-03-05,407.0,412.0,404.0,410.0
2024-03-06,410.0,413.0,406.0,412.0
2024-03-07,413.0,413.0,400.0,403.0
2024-03-08,405.0,406.0,401.0,402.0
2024-03-11,400.0,404.0,391.0,398.0
2024-03-12,399.0,403.0,395.0,396.0
2024-03-13,396.0,404.0,396.0,399.0
2024-03-14,399.0,402.0,397.0,397.0
2024-03-15,397.0,401.0,396.0,398.0
2024-03-18,404.0,404.0,396.0,397.0
2024-03-19,399.0,400.0,397.0,400.0
2024-03-21,398.0,400.0,398.0,399.0
2024-03-22,400.0,409.0,400.0,407.0
2024-03-25,414.0,429.0,407.0,422.0
2024-03-26,426.0,427.0,407.0,413.0
2024-03-27,411.0,430.0,407.0,414.0
2024-03-28,420.0,425.0,412.0,414.0
2024-03-29,415.0,416.0,413.0,416.0
2024-04-01,420.0,420.0,415.0,415.0
2024-04-02,416.0,416.0,409.0,414.0
2024-04-03,412.0,425.0,410.0,411.0
2024-04-04,417.0,425.0,413.0,421.0
2024-04-05,422.0,422.0,416.0,416.0
2024-04-08,418.0,424.0,416.0,419.0
2024-04-09,419.0,419.0,416.0,417.0
2024-04-10,422.0,497.0,416.0,465.0
2024-04-11,469.0,545.0,464.0,545.0
2024-04-12,575.0,593.0,509.0,549.0
2024-04-15,540.0,558.0,512.0,521.0
2024-04-16,509.0,509.0,452.0,458.0
2024-04-17,471.0,538.0,471.0,538.0
2024-04-18,541.0,568.0,493.0,496.0
2024-04-19,490.0,532.0,477.0,480.0
2024-04-22,483.0,505.0,483.0,505.0
2024-04-23,510.0,519.0,494.0,501.0
2024-04-24,510.0,510.0,481.0,488.0
2024-04-25,483.0,497.0,470.0,489.0
2024-04-26,483.0,509.0,481.0,504.0
2024-04-30,509.0,509.0,493.0,497.0
2024-05-01,496.0,577.0,493.0,562.0
2024-05-02,544.0,559.0,512.0,520.0
2024-05-07,512.0,532.0,500.0,511.0
2024-05-08,510.0,528.0,500.0,522.0
2024-05-09,525.0,526.0,507.0,507.0
2024-05-10,505.0,510.0,495.0,509.0
2024-05-13,519.0,606.0,514.0,559.0
2024-05-14,551.0,639.0,545.0,632.0
2024-05-15,632.0,632.0,554.0,566.0
2024-05-16,561.0,599.0,552.0,573.0
2024-05-17,563.0,564.0,542.0,552.0
2024-05-20,553.0,589.0,553.0,574.0
2024-05-21,564.0,572.0,554.0,561.0
2024-05-22,558.0,560.0,539.0,543.0
2024-05-23,545.0,546.0,530.0,539.0
2024-05-24,529.0,552.0,525.0,538.0
2024-05-27,540.0,545.0,524.0,538.0
2024-05-28,531.0,548.0,531.0,534.0
2024-05-29,532.0,534.0,515.0,517.0
2024-05-30,508.0,528.0,508.0,520.0
2024-05-31,520.0,531.0,515.0,522.0
2024-06-03,528.0,529.0,503.0,509.0
2024-06-04,515.0,530.0,515.0,520.0
2024-06-05,525.0,533.0,518.0,522.0
2024-06-06,522.0,522.0,506.0,513.0
2024-06-07,507.0,518.0,505.0,512.0
2024-06-10,512.0,524.0,512.0,520.0
2024-06-11,519.0,546.0,519.0,545.0
2024-06-12,541.0,547.0,522.0,522.0
2024-06-13,527.0,537.0,523.0,525.0
2024-06-14,520.0,533.0,520.0,528.0
2024-06-17,522.0,525.0,513.0,521.0
2024-06-18,518.0,532.0,518.0,522.0
2024-06-19,529.0,529.0,522.0,527.0
2024-06-20,527.0,547.0,527.0,532.0
2024-06-21,527.0,558.0,527.0,532.0
2024-06-24,549.0,572.0,542.0,562.0
2024-06-25,565.0,565.0,533.0,533.0
2024-06-26,536.0,549.0,536.0,541.0
2024-06-27,537.0,552.0,530.0,542.0
2024-06-28,540.0,541.0,513.0,517.0
2024-07-01,525.0,525.0,509.0,517.0
2024-07-02,513.0,516.0,504.0,504.0
2024-07-03,505.0,515.0,505.0,506.0
2024-07-04,506.0,522.0,504.0,513.0
2024-07-05,511.0,511.0,493.0,499.0
2024-07-08,499.0,510.0,499.0,500.0
2024-07-09,500.0,503.0,496.0,499.0
2024-07-10,498.0,498.0,472.0,472.0
2024-07-11,475.0,484.0,468.0,481.0
2024-07-12,484.0,499.0,477.0,495.0
2024-07-16,503.0,503.0,491.0,493.0
2024-07-17,498.0,498.0,486.0,490.0
2024-07-18,488.0,488.0,477.0,481.0
2024-07-19,485.0,485.0,474.0,478.0
2024-07-22,479.0,485.0,472.0,475.0
2024-07-23,474.0,478.0,471.0,477.0
2024-07-24,475.0,478.0,459.0,465.0
2024-07-25,465.0,465.0,435.0,460.0
2024-07-26,461.0,461.0,439.0,443.0
2024-07-29,442.0,452.0,441.0,441.0
2024-07-30,452.0,452.0,442.0,445.0
2024-07-31,441.0,452.0,436.0,450.0
2024-08-01,458.0,459.0,441.0,447.0
2024-08-02,423.0,431.0,411.0,411.0
2024-08-05,400.0,400.0,331.0,331.0
2024-08-06,348.0,372.0,348.0,372.0
2024-08-07,365.0,395.0,365.0,372.0
2024-08-08,380.0,413.0,380.0,409.0
2024-08-09,410.0,415.0,384.0,398.0
2024-08-13,405.0,422.0,402.0,402.0
2024-08-14,405.0,430.0,405.0,429.0
2024-08-15,415.0,424.0,414.0,419.0
2024-08-16,423.0,436.0,420.0,422.0
2024-08-19,419.0,425.0,415.0,416.0
2024-08-20,417.0,432.0,417.0,423.0
2024-08-21,423.0,430.0,421.0,428.0
2024-08-22,427.0,430.0,422.0,422.0
2024-08-23,424.0,424.0,418.0,424.0
2024-08-26,425.0,425.0,419.0,424.0
2024-08-27,425.0,436.0,423.0,436.0
2024-08-28,434.0,487.0,434.0,467.0
2024-08-29,475.0,476.0,444.0,446.0
2024-08-30,446.0,456.0,446.0,453.0
2024-09-02,453.0,461.0,449.0,456.0
2024-09-03,475.0,482.0,462.0,469.0
2024-09-04,458.0,464.0,453.0,453.0
2024-09-05,452.0,481.0,452.0,470.0
2024-09-06,476.0,480.0,465.0,471.0
2024-09-09,479.0,523.0,470.0,479.0
2024-09-10,485.0,486.0,463.0,465.0
2024-09-11,462.0,463.0,408.0,431.0
2024-09-12,454.0,470.0,445.0,470.0
2024-09-13,472.0,480.0,460.0,461.0
2024-09-17,461.0,462.0,442.0,442.0
2024-09-18,450.0,453.0,441.0,444.0
2024-09-19,444.0,452.0,434.0,441.0
2024-09-20,442.0,449.0,438.0,444.0
2024-09-24,438.0,443.0,425.0,428.0
2024-09-25,436.0,436.0,426.0,433.0
2024-09-26,439.0,442.0,430.0,436.0
2024-09-27,438.0,440.0,435.0,437.0
2024-09-30,429.0,435.0,428.0,428.0
2024-10-01,438.0,440.0,433.0,436.0
2024-10-02,439.0,441.0,433.0,435.0
2024-10-03,432.0,439.0,432.0,432.0
2024-10-04,430.0,444.0,428.0,442.0
2024-10-07,442.0,444.0,435.0,437.0
2024-10-08,437.0,439.0,434.0,434.0
2024-10-09,440.0,440.0,433.0,434.0
2024-10-10,434.0,434.0,427.0,430.0
2024-10-11,428.0,435.0,420.0,421.0
2024-10-15,421.0,426.0,421.0,426.0
2024-10-16,427.0,427.0,424.0,424.0
2024-10-17,425.0,438.0,425.0,432.0
2024-10-18,429.0,437.0,420.0,423.0
2024-10-21,425.0,427.0,424.0,427.0
2024-10-22,426.0,431.0,422.0,424.0
2024-10-23,424.0,425.0,421.0,421.0
2024-10-24,420.0,423.0,420.0,423.0
2024-10-25,423.0,424.0,420.0,420.0
2024-10-28,425.0,432.0,425.0,430.0
2024-10-29,430.0,430.0,421.0,421.0
2024-10-30,423.0,427.0,423.0,426.0
2024-10-31,426.0,435.0,423.0,435.0
2024-11-01,433.0,438.0,430.0,436.0
2024-11-05,435.0,446.0,435.0,440.0
2024-11-06,440.0,454.0,437.0,446.0
2024-11-07,453.0,457.0,442.0,454.0
2024-11-08,459.0,460.0,432.0,436.0
2024-11-11,444.0,444.0,422.0,423.0
2024-11-12,424.0,426.0,401.0,405.0
2024-11-13,404.0,413.0,404.0,408.0
2024-11-14,413.0,423.0,410.0,419.0
2024-11-15,412.0,420.0,406.0,409.0
2024-11-18,417.0,417.0,407.0,408.0
2024-11-19,413.0,416.0,408.0,414.0
2024-11-20,416.0,423.0,408.0,416.0
2024-11-21,410.0,416.0,410.0,414.0
2024-11-22,413.0,414.0,407.0,414.0
2024-11-25,415.0,415.0,407.0,407.0
2024-11-26,407.0,414.0,402.0,407.0
2024-11-27,407.0,407.0,400.0,400.0
2024-11-28,400.0,404.0,400.0,402.0
2024-11-29,402.0,402.0,400.0,400.0
2024-12-02,398.0,398.0,385.0,396.0
2024-12-03,392.0,392.0,390.0,390.0
2024-12-04,392.0,395.0,390.0,394.0
2024-12-05,393.0,393.0,387.0,388.0
2024-12-06,387.0,391.0,386.0,391.0
2024-12-09,391.0,392.0,390.0,390.0
2024-12-10,392.0,392.0,387.0,390.0
2024-12-11,389.0,391.0,389.0,389.0
2024-12-12,389.0,389.0,385.0,388.0
2024-12-13,396.0,396.0,385.0,385.0
2024-12-16,386.0,396.0,381.0,385.0
2024-12-17,384.0,385.0,380.0,385.0
2024-12-18,385.0,385.0,377.0,380.0
2024-12-19,378.0,379.0,374.0,374.0
2024-12-20,376.0,386.0,376.0,383.0
2024-12-23,383.0,391.0,378.0,381.0
2024-12-24,380.0,382.0,369.0,374.0
2024-12-25,377.0,377.0,359.0,359.0
2024-12-26,353.0,360.0,349.0,350.0
2024-12-27,351.0,363.0,350.0,363.0
2024-12-30,351.0,364.0,348.0,354.0
2025-01-06,359.0,361.0,335.0,349.0
2025-01-07,350.0,350.0,345.0,346.0
2025-01-08,347.0,424.0,347.0,391.0
2025-01-09,423.0,450.0,378.0,393.0
2025-01-10,400.0,400.0,370.0,378.0
2025-01-14,380.0,389.0,360.0,378.0
2025-01-15,382.0,382.0,370.0,370.0
2025-01-16,370.0,390.0,369.0,385.0
2025-01-17,386.0,386.0,375.0,381.0
2025-01-20,378.0,387.0,378.0,384.0
2025-01-21,382.0,384.0,373.0,373.0
2025-01-22,375.0,378.0,371.0,372.0
2025-01-23,370.0,373.0,368.0,371.0
2025-01-24,376.0,383.0,369.0,369.0
2025-01-27,375.0,379.0,371.0,376.0
2025-01-28,370.0,379.0,368.0,379.0
2025-01-29,376.0,380.0,370.0,373.0
2025-01-30,373.0,377.0,372.0,377.0
2025-01-31,379.0,379.0,370.0,375.0
2025-02-03,374.0,374.0,368.0,368.0
2025-02-04,366.0,367.0,354.0,355.0
2025-02-05,354.0,372.0,354.0,355.0
2025-02-06,357.0,362.0,356.0,357.0
2025-02-07,356.0,359.0,355.0,358.0
2025-02-10,358.0,372.0,358.0,372.0
2025-02-12,375.0,388.0,362.0,388.0
2025-02-13,388.0,417.0,375.0,384.0
2025-02-14,370.0,374.0,360.0,368.0
2025-02-17,369.0,375.0,368.0,368.0
2025-02-18,368.0,372.0,365.0,365.0
2025-02-19,365.0,382.0,365.0,382.0
2025-02-20,401.0,401.0,376.0,382.0
2025-02-21,382.0,382.0,371.0,372.0
2025-02-25,373.0,376.0,372.0,372.0
2025-02-26,372.0,372.0,358.0,363.0
2025-02-27,360.0,367.0,360.0,362.0
2025-02-28,362.0,362.0,352.0,355.0
2025-03-03,359.0,359.0,353.0,359.0
2025-03-04,356.0,356.0,345.0,352.0
2025-03-05,353.0,355.0,348.0,353.0
2025-03-06,354.0,354.0,346.0,348.0
2025-03-07,344.0,352.0,344.0,349.0
2025-03-10,351.0,357.0,350.0,357.0
2025-03-11,349.0,352.0,343.0,352.0
2025-03-12,349.0,359.0,348.0,358.0
2025-03-13,359.0,361.0,350.0,350.0
2025-03-14,354.0,362.0,352.0,352.0
2025-03-17,358.0,364.0,356.0,358.0
2025-03-18,360.0,360.0,354.0,354.0
2025-03-19,362.0,362.0,354.0,355.0
2025-03-21,348.0,358.0,348.0,353.0
2025-03-24,353.0,357.0,349.0,354.0
2025-03-25,358.0,359.0,353.0,356.0
2025-03-26,354.0,362.0,354.0,360.0
2025-03-27,359.0,361.0,347.0,350.0
2025-03-28,346.0,353.0,341.0,344.0
2025-03-31,347.0,347.0,340.0,341.0
2025-04-01,342.0,346.0,340.0,340.0
2025-04-02,343.0,343.0,339.0,339.0
2025-04-03,323.0,335.0,319.0,334.0
2025-04-04,333.0,333.0,290.0,310.0
2025-04-07,278.0,291.0,271.0,286.0
2025-04-08,310.0,318.0,298.0,302.0
2025-04-09,295.0,299.0,283.0,292.0
2025-04-10,300.0,320.0,300.0,314.0
2025-04-11,300.0,310.0,300.0,304.0
2025-04-14,312.0,324.0,304.0,319.0
2025-04-15,313.0,321.0,310.0,310.0
2025-04-16,318.0,319.0,305.0,305.0
2025-04-17,313.0,315.0,311.0,314.0
2025-04-18,315.0,322.0,315.0,315.0
2025-04-21,319.0,319.0,310.0,313.0
2025-04-22,311.0,314.0,311.0,313.0
2025-04-23,313.0,338.0,311.0,329.0
2025-04-24,331.0,332.0,320.0,323.0
2025-04-25,325.0,354.0,320.0,352.0
2025-04-28,355.0,374.0,345.0,351.0
2025-04-30,351.0,352.0,347.0,347.0
2025-05-01,346.0,349.0,335.0,335.0
2025-05-02,336.0,341.0,335.0,339.0
2025-05-07,341.0,369.0,341.0,359.0
2025-05-08,359.0,359.0,346.0,349.0
2025-05-09,351.0,352.0,345.0,351.0
2025-05-12,346.0,346.0,333.0,333.0
2025-05-13,381.0,413.0,375.0,378.0
2025-05-14,370.0,370.0,353.0,370.0
2025-05-15,362.0,374.0,355.0,360.0
2025-05-16,328.0,328.0,303.0,308.0
2025-05-19,308.0,308.0,294.0,303.0
2025-05-20,304.0,304.0,298.0,300.0
2025-05-21,299.0,304.0,289.0,301.0
2025-05-22,300.0,309.0,300.0,304.0
2025-05-23,308.0,308.0,301.0,302.0
2025-05-26,301.0,308.0,301.0,305.0
2025-05-27,305.0,308.0,299.0,306.0
2025-05-28,309.0,309.0,302.0,302.0
2025-05-29,302.0,308.0,301.0,307.0
2025-05-30,306.0,308.0,302.0,306.0
2025-06-02,308.0,309.0,305.0,308.0
2025-06-03,308.0,310.0,305.0,310.0
2025-06-04,310.0,314.0,308.0,312.0
2025-06-05,313.0,316.0,312.0,316.0
2025-06-06,315.0,318.0,313.0,315.0
2025-06-09,315.0,318.0,305.0,305.0
2025-06-10,306.0,312.0,306.0,306.0
2025-06-11,309.0,314.0,307.0,314.0
2025-06-12,318.0,318.0,312.0,315.0
2025-06-13,315.0,315.0,307.0,309.0
2025-06-16,309.0,315.0,309.0,314.0
2025-06-17,314.0,317.0,312.0,315.0
2025-06-18,311.0,315.0,309.0,315.0
2025-06-19,313.0,314.0,310.0,310.0
2025-06-20,309.0,311.0,308.0,309.0
2025-06-23,308.0,317.0,305.0,313.0
2025-06-24,313.0,314.0,306.0,310.0
2025-06-25,315.0,315.0,307.0,310.0
2025-06-26,310.0,314.0,303.0,311.0
2025-06-27,314.0,328.0,313.0,324.0
2025-06-30,324.0,327.0,314.0,315.0
2025-07-01,318.0,322.0,313.0,313.0
2025-07-02,312.0,313.0,305.0,309.0
2025-07-03,309.0,309.0,304.0,307.0
2025-07-04,304.0,309.0,304.0,306.0
2025-07-07,307.0,307.0,298.0,305.0
2025-07-08,305.0,330.0,305.0,325.0
2025-07-09,324.0,350.0,318.0,340.0
2025-07-10,348.0,404.0,336.0,388.0
2025-07-11,389.0,423.0,341.0,365.0
2025-07-14,361.0,365.0,344.0,345.0
2025-07-15,359.0,359.0,331.0,334.0
2025-07-16,331.0,345.0,330.0,345.0
2025-07-17,345.0,351.0,340.0,341.0
2025-07-18,346.0,350.0,334.0,338.0
2025-07-22,338.0,338.0,310.0,316.0
2025-07-23,315.0,324.0,315.0,321.0
2025-07-24,323.0,329.0,323.0,324.0
2025-07-25,323.0,325.0,321.0,324.0
2025-07-28,332.0,340.0,324.0,339.0
2025-07-29,350.0,357.0,335.0,347.0
2025-07-30,344.0,356.0,341.0,346.0
2025-07-31,352.0,352.0,342.0,345.0
2025-08-01,345.0,346.0,341.0,342.0
2025-08-04,335.0,346.0,335.0,345.0
2025-08-05,347.0,347.0,336.0,339.0
2025-08-06,339.0,340.0,333.0,335.0
2025-08-07,335.0,344.0,332.0,341.0
2025-08-08,341.0,341.0,331.0,335.0
2025-08-12,341.0,349.0,335.0,343.0
2025-08-13,348.0,348.0,340.0,340.0
2025-08-14,338.0,356.0,335.0,335.0
2025-08-15,351.0,379.0,346.0,362.0
2025-08-18,370.0,370.0,361.0,361.0
2025-08-19,363.0,393.0,363.0,393.0
2025-08-20,393.0,393.0,376.0,389.0
2025-08-21,393.0,393.0,362.0,369.0
2025-08-22,369.0,391.0,362.0,383.0
2025-08-25,390.0,390.0,373.0,375.0
2025-08-26,372.0,441.0,371.0,381.0
2025-08-27,376.0,391.0,357.0,368.0
2025-08-28,368.0,376.0,360.0,371.0
2025-08-29,372.0,381.0,366.0,375.0
2025-09-01,375.0,378.0,368.0,370.0
2025-09-02,369.0,370.0,364.0,368.0
2025-09-03,366.0,370.0,362.0,364.0
2025-09-04,364.0,369.0,362.0,367.0
2025-09-05,367.0,375.0,364.0,373.0
2025-09-08,373.0,373.0,368.0,369.0
2025-09-09,373.0,406.0,373.0,404.0
2025-09-10,408.0,408.0,382.0,392.0
2025-09-11,392.0,392.0,380.0,387.0
2025-09-12,384.0,384.0,379.0,379.0
2025-09-16,380.0,386.0,376.0,383.0
2025-09-17,384.0,385.0,378.0,381.0
2025-09-18,384.0,392.0,379.0,379.0
2025-09-19,380.0,392.0,379.0,388.0
2025-09-22,396.0,398.0,389.0,394.0
2025-09-24,394.0,394.0,386.0,388.0
2025-09-25,388.0,392.0,384.0,384.0
2025-09-26,380.0,383.0,375.0,375.0
2025-09-29,371.0,372.0,353.0,353.0
2025-09-30,365.0,365.0,352.0,362.0
2025-10-01,362.0,362.0,340.0,349.0
2025-10-02,349.0,350.0,342.0,347.0
2025-10-03,355.0,395.0,349.0,383.0
2025-10-06,375.0,382.0,352.0,352.0
2025-10-07,354.0,366.0,352.0,360.0
2025-10-08,356.0,359.0,341.0,342.0
2025-10-09,342.0,365.0,342.0,353.0
2025-10-10,350.0,351.0,341.0,341.0
2025-10-14,326.0,341.0,326.0,336.0
2025-10-15,337.0,348.0,337.0,346.0
2025-10-16,343.0,348.0,336.0,340.0
2025-10-17,345.0,351.0,336.0,337.0
2025-10-20,340.0,342.0,336.0,342.0
2025-10-21,344.0,345.0,335.0,336.0
2025-10-22,336.0,344.0,334.0,335.0
2025-10-23,335.0,349.0,335.0,349.0
2025-10-24,345.0,345.0,338.0,343.0
2025-10-27,343.0,355.0,343.0,345.0
2025-10-28,346.0,352.0,342.0,342.0
2025-10-29,340.0,341.0,334.0,339.0
2025-10-30,339.0,341.0,332.0,336.0
2025-10-31,336.0,343.0,336.0,338.0
2025-11-04,341.0,344.0,338.0,338.0
2025-11-05,338.0,340.0,335.0,337.0
2025-11-06,335.0,343.0,334.0,334.0
2025-11-07,335.0,337.0,332.0,332.0
2025-11-10,332.0,342.0,332.0,339.0
2025-11-11,340.0,346.0,340.0,341.0
2025-11-12,338.0,349.0,338.0,345.0
2025-11-13,345.0,347.0,336.0,341.0
2025-11-14,343.0,344.0,330.0,332.0
2025-11-17,328.0,330.0,322.0,322.0
2025-11-18,320.0,325.0,320.0,321.0
2025-11-19,321.0,324.0,321.0,321.0
2025-11-20,322.0,327.0,321.0,321.0
2025-11-21,321.0,323.0,320.0,323.0
2025-11-25,321.0,326.0,321.0,324.0
2025-11-26,324.0,327.0,320.0,325.0
2025-11-27,325.0,332.0,314.0,329.0
2025-11-28,330.0,335.0,330.0,334.0
2025-12-01,336.0,339.0,325.0,326.0
2025-12-02,321.0,322.0,303.0,313.0
2025-12-03,314.0,316.0,311.0,313.0
2025-12-04,314.0,314.0,306.0,306.0
2025-12-05,307.0,310.0,304.0,308.0
2025-12-08,306.0,308.0,304.0,304.0
2025-12-09,304.0,307.0,302.0,302.0
2025-12-10,301.0,306.0,300.0,302.0
2025-12-11,302.0,305.0,301.0,302.0
2025-12-12,301.0,303.0,300.0,302.0
2025-12-15,302.0,302.0,300.0,300.0
2025-12-16,301.0,301.0,300.0,300.0
2025-12-17,300.0,300.0,289.0,290.0
2025-12-18,290.0,291.0,287.0,290.0
2025-12-19,285.0,288.0,285.0,285.0
2025-12-22,288.0,288.0,285.0,285.0
2025-12-23,285.0,288.0,285.0,287.0
2025-12-24,286.0,290.0,285.0,288.0
2025-12-25,290.0,290.0,286.0,290.0
2025-12-26,289.0,297.0,286.0,288.0
2025-12-29,288.0,296.0,288.0,293.0
2025-12-30,288.0,292.0,288.0,292.0
2026-01-05,293.0,300.0,287.0,293.0
2026-01-06,293.0,296.0,291.0,292.0
2026-01-07,293.0,297.0,293.0,297.0
2026-01-08,294.0,299.0,293.0,298.0
2026-01-09,298.0,310.0,298.0,307.0
2026-01-13,310.0,310.0,298.0,301.0
2026-01-14,303.0,304.0,300.0,300.0
2026-01-15,300.0,302.0,295.0,302.0
2026-01-16,302.0,302.0,296.0,300.0
2026-01-19,300.0,302.0,292.0,299.0
2026-01-20,299.0,301.0,297.0,301.0
2026-01-21,301.0,309.0,299.0,307.0
2026-01-22,307.0,307.0,301.0,302.0
2026-01-23,307.0,307.0,302.0,302.0
2026-01-26,305.0,315.0,301.0,303.0
2026-01-27,305.0,307.0,299.0,302.0
2026-01-28,303.0,305.0,300.0,305.0
2026-01-29,304.0,307.0,303.0,305.0
2026-01-30,306.0,320.0,306.0,318.0
2026-02-02,320.0,320.0,311.0,315.0
2026-02-03,315.0,320.0,309.0,311.0
2026-02-04,311.0,316.0,310.0,316.0
2026-02-05,316.0,317.0,313.0,317.0
2026-02-06,313.0,345.0,313.0,345.0
2026-02-09,360.0,360.0,335.0,336.0
2026-02-10,339.0,339.0,325.0,330.0
2026-02-12,334.0,339.0,329.0,337.0
2026-02-13,338.0,345.0,318.0,318.0
2026-02-16,317.0,343.0,317.0,336.0
2026-02-17,335.0,400.0,335.0,388.0
2026-02-18,388.0,390.0,362.0,383.0
2026-02-19,383.0,383.0,362.0,363.0
2026-02-20,360.0,375.0,351.0,353.0
2026-02-24,350.0,359.0,350.0,355.0
2026-02-25,352.0,358.0,350.0,354.0
2026-02-26,354.0,358.0,353.0,356.0
2026-02-27,361.0,383.0,360.0,382.0
2026-03-02,377.0,395.0,377.0,395.0
2026-03-03,398.0,398.0,362.0,362.0
2026-03-04,358.0,359.0,326.0,329.0
2026-03-05,359.0,390.0,350.0,373.0
2026-03-06,375.0,383.0,371.0,380.0
2026-03-09,380.0,390.0,341.0,355.0
2026-03-10,362.0,371.0,360.0,368.0
2026-03-11,376.0,377.0,368.0,368.0
2026-03-12,372.0,375.0,368.0,369.0
2026-03-13,371.0,373.0,360.0,365.0
2026-03-16,367.0,372.0,362.0,372.0
2026-03-17,373.0,379.0,370.0,370.0
2026-03-18,370.0,375.0,365.0,371.0
2026-03-19,370.0,375.0,362.0,362.0
2026-03-23,354.0,361.0,342.0,347.0
2026-03-24,347.0,369.0,347.0,360.0
2026-03-25,361.0,378.0,358.0,374.0
2026-03-26,377.0,377.0,365.0,374.0
2026-03-27,367.0,378.0,365.0,378.0
2026-03-30,374.0,399.0,370.0,390.0
2026-03-31,394.0,397.0,373.0,378.0
2026-04-01,383.0,399.0,378.0,397.0
2026-04-02,397.0,399.0,386.0,388.0
2026-04-03,384.0,387.0,377.0,384.0
2026-04-06,385.0,393.0,384.0,391.0
2026-04-07,391.0,398.0,382.0,388.0
2026-04-08,391.0,399.0,391.0,397.0
2026-04-09,400.0,413.0,400.0,403.0
2026-04-10,407.0,407.0,379.0,382.0
2026-04-13,386.0,395.0,371.0,375.0
2026-04-14,375.0,376.0,360.0,360.0
2026-04-15,366.0,387.0,366.0,387.0
2026-04-16,395.0,395.0,380.0,381.0
2026-04-17,381.0,384.0,381.0,381.0
2026-04-20,384.0,387.0,380.0,380.0
2026-04-21,384.0,384.0,376.0,376.0
2026-04-22,382.0,382.0,374.0,380.0
2026-04-23,380.0,421.0,380.0,409.0
2026-04-24,417.0,419.0,382.0,386.0
2026-04-27,394.0,415.0,389.0,397.0
2026-04-28,397.0,412.0,393.0,412.0
2026-04-30,412.0,420.0,406.0,413.0
2026-05-01,418.0,418.0,402.0,417.0
2026-05-07,417.0,417.0,404.0,409.0
2026-05-08,411.0,412.0,404.0,404.0
2026-05-11,405.0,435.0,405.0,434.0
2026-05-12,445.0,466.0,440.0,455.0
2026-05-13,459.0,459.0,415.0,425.0
2026-05-14,430.0,439.0,402.0,402.0
2026-05-15,405.0,426.0,350.0,367.0
2026-05-18,351.0,385.0,350.0,359.0
2026-05-19,361.0,369.0,347.0,353.0
2026-05-20,353.0,386.0,353.0,378.0
2026-05-21,378.0,378.0,351.0,355.0
2026-05-22,367.0,373.0,360.0,370.0
2026-05-25,369.0,369.0,357.0,358.0
2026-05-26,358.0,358.0,348.0,348.0
2026-05-27,349.0,349.0,320.0,331.0
2026-05-28,328.0,335.0,324.0,329.0
2026-05-29,321.0,342.0,321.0,334.0
2026-06-01,342.0,370.0,342.0,370.0
2026-06-02,366.0,366.0,334.0,340.0
2026-06-03,337.0,337.0,319.0,322.0
2026-06-04,326.0,329.0,311.0,316.0
2026-06-05,314.0,320.0,314.0,315.0
2026-06-08,317.0,317.0,303.0,303.0
2026-06-09,304.0,310.0,303.0,308.0
2026-06-10,308.0,317.0,303.0,304.0
2026-06-11,306.0,306.0,298.0,303.0
2026-06-12,311.0,311.0,305.0,311.0
2026-06-15,334.0,334.0,309.0,314.0
2026-06-16,320.0,320.0,308.0,316.0
2026-06-17,319.0,321.0,312.0,313.0
2026-06-18,313.0,318.0,301.0,318.0
2026-06-19,318.0,320.0,295.0,298.0
2026-06-22,298.0,328.0,298.0,302.0
2026-06-23,305.0,311.0,302.0,302.0
2026-06-24,302.0,309.0,301.0,303.0
2026-06-25,308.0,310.0,303.0,305.0
2026-06-26,305.0,310.0,298.0,309.0
2026-06-29,309.0,313.0,301.0,304.0
2026-06-30,306.0,315.0,305.0,305.0
2026-07-01,308.0,310.0,302.0,302.0
2026-07-02,302.0,316.0,302.0,313.0
2026-07-03,314.0,323.0,308.0,319.0
2026-07-06,323.0,329.0,308.0,322.0
2026-07-07,326.0,339.0,322.0,323.0
2026-07-08,324.0,341.0,317.0,332.0
2026-07-09,340.0,355.0,330.0,341.0
2026-07-10,337.0,337.0,327.0,337.0
2026-07-13,341.0,360.0,337.0,360.0
2026-07-14,367.0,367.0,349.0,355.0
2026-07-15,359.0,360.0,351.0,358.0
2026-07-16,357.0,360.0,346.0,356.0
2026-07-17,355.0,355.0,339.0,346.0
2026-07-21,354.0,375.0,354.0,357.0
2026-07-22,357.0,362.0,346.0,354.0
2026-07-23,350.0,351.0,328.0,337.0
2026-07-24,332.0,341.0,332.0,340.0
2026-07-27,342.0,342.0,332.0,334.0
2026-07-28,329.0,334.0,321.0,321.0
2026-07-29,317.0,323.0,316.0,316.0
2026-07-30,313.0,314.0,306.0,310.0
2026-07-31,310.0,315.0,310.0,310.0
2026-08-03,307.0,313.0,301.0,313.0
2026-08-04,310.0,313.0,308.0,313.0
2026-08-05,318.0,318.0,313.0,315.0
2026-08-06,312.0,318.0,311.0,318.0
2026-08-07,315.0,315.0,309.0,313.0
2026-08-10,308.0,312.0,306.0,312.0
2026-08-12,315.0,317.0,310.0,311.0
2026-08-13,312.0,319.0,310.0,319.0
2026-08-14,320.0,342.0,319.0,337.0
2026-08-17,333.0,333.0,321.0,327.0
2026-08-18,327.0,330.0,325.0,330.0
2026-08-19,331.0,331.0,318.0,321.0
2026-08-20,322.0,324.0,311.0,318.0
2026-08-21,316.0,370.0,316.0,332.0
2026-08-24,340.0,340.0,323.0,329.0
2026-08-25,333.0,333.0,321.0,325.0
2026-08-26,326.0,331.0,320.0,324.0
2026-08-27,330.0,330.0,323.0,325.0
2026-08-28,325.0,329.0,324.0,328.0
2026-08-31,329.0,340.0,324.0,340.0
2026-09-01,338.0,340.0,330.0,338.0
2026-09-02,336.0,336.0,331.0,334.0
2026-09-03,334.0,335.0,333.0,334.0
2026-09-04,339.0,339.0,333.0,334.0
2026-09-07,342.0,347.0,335.0,347.0
2026-09-08,350.0,350.0,340.0,340.0
2026-09-09,336.0,336.0,331.0,331.0
