Date,Open,High,Low,Close
2002-12-18,250.0,255.55555725097656,244.44444274902344,253.88888549804688
2002-12-19,253.88888549804688,253.88888549804688,250.0,250.0
2002-12-20,250.55555725097656,250.55555725097656,244.44444274902344,244.44444274902344
2002-12-23,244.44444274902344,244.44444274902344,244.44444274902344,244.44444274902344
2002-12-24,245.0,245.0,236.6666717529297,237.77777099609375
2002-12-25,244.44444274902344,244.44444274902344,241.6666717529297,243.3333282470703
2002-12-26,244.44444274902344,244.44444274902344,241.6666717529297,241.6666717529297
2002-12-27,242.22222900390625,242.77777099609375,242.22222900390625,242.77777099609375
2002-12-30,244.44444274902344,250.0,241.6666717529297,244.44444274902344
2002-12-31,244.44444274902344,244.44444274902344,244.44444274902344,244.44444274902344
2003-01-01,244.44444274902344,244.44444274902344,244.44444274902344,244.44444274902344
2003-01-02,244.44444274902344,244.44444274902344,244.44444274902344,244.44444274902344
2003-01-03,244.44444274902344,244.44444274902344,244.44444274902344,244.44444274902344
2003-01-06,244.44444274902344,247.22222900390625,244.44444274902344,244.44444274902344
2003-01-07,244.44444274902344,246.11111450195312,241.6666717529297,246.11111450195312
2003-01-08,247.22222900390625,252.77777099609375,245.0,252.77777099609375
2003-01-09,252.22222900390625,252.22222900390625,248.3333282470703,250.0
2003-01-10,250.55555725097656,252.77777099609375,250.0,250.55555725097656
2003-01-13,250.55555725097656,250.55555725097656,250.55555725097656,250.55555725097656
2003-01-14,250.0,253.88888549804688,250.0,253.88888549804688
2003-01-15,253.88888549804688,254.44444274902344,253.3333282470703,254.44444274902344
2003-01-16,254.44444274902344,255.0,253.88888549804688,254.44444274902344
2003-01-17,254.44444274902344,257.22222900390625,253.88888549804688,256.1111145019531
2003-01-20,256.1111145019531,256.1111145019531,252.77777099609375,255.55555725097656
2003-01-21,255.55555725097656,256.1111145019531,255.55555725097656,256.1111145019531
2003-01-22,256.1111145019531,257.77777099609375,255.55555725097656,256.1111145019531
2003-01-23,257.22222900390625,263.8888854980469,257.22222900390625,261.1111145019531
2003-01-24,262.22222900390625,269.4444580078125,261.1111145019531,268.8888854980469
2003-01-27,268.8888854980469,275.0,267.77777099609375,272.22222900390625
2003-01-28,275.0,280.5555419921875,271.6666564941406,277.77777099609375
2003-01-29,272.22222900390625,277.77777099609375,271.6666564941406,275.0
2003-01-30,272.22222900390625,273.8888854980469,264.4444580078125,264.4444580078125
2003-01-31,266.6666564941406,272.22222900390625,263.8888854980469,272.22222900390625
2003-02-03,269.4444580078125,277.77777099609375,269.4444580078125,277.77777099609375
2003-02-04,276.6666564941406,277.77777099609375,272.22222900390625,276.6666564941406
2003-02-05,276.1111145019531,277.77777099609375,276.1111145019531,276.1111145019531
2003-02-06,277.77777099609375,283.3333435058594,277.22222900390625,283.3333435058594
2003-02-07,280.5555419921875,281.1111145019531,277.77777099609375,277.77777099609375
2003-02-10,278.3333435058594,283.3333435058594,278.3333435058594,283.3333435058594
2003-02-11,283.3333435058594,283.3333435058594,283.3333435058594,283.3333435058594
2003-02-12,283.3333435058594,300.0,283.3333435058594,291.6666564941406
2003-02-13,297.22222900390625,305.5555419921875,295.0,302.77777099609375
2003-02-14,301.1111145019531,305.5555419921875,300.0,305.0
2003-02-17,306.6666564941406,306.6666564941406,300.0,304.4444580078125
2003-02-18,300.5555419921875,303.8888854980469,300.0,300.0
2003-02-19,300.0,300.0,295.5555419921875,300.0
2003-02-20,300.0,304.4444580078125,300.0,300.0
2003-02-21,300.5555419921875,300.5555419921875,297.22222900390625,297.22222900390625
2003-02-24,300.0,305.5555419921875,300.0,300.5555419921875
2003-02-25,301.6666564941406,301.6666564941406,300.0,300.0
2003-02-26,300.0,305.5555419921875,300.0,301.1111145019531
2003-02-27,301.1111145019531,302.77777099609375,301.1111145019531,302.77777099609375
2003-02-28,301.6666564941406,301.6666564941406,300.0,301.6666564941406
2003-03-03,301.6666564941406,302.77777099609375,301.1111145019531,302.77777099609375
2003-03-04,303.3333435058594,305.0,301.1111145019531,301.1111145019531
2003-03-05,312.22222900390625,333.3333435058594,312.22222900390625,333.3333435058594
2003-03-06,344.4444580078125,344.4444580078125,333.8888854980469,338.8888854980469
2003-03-07,339.4444580078125,344.4444580078125,338.8888854980469,339.4444580078125
2003-03-10,339.4444580078125,344.4444580078125,338.8888854980469,338.8888854980469
2003-03-11,344.4444580078125,355.5555419921875,344.4444580078125,344.4444580078125
2003-03-12,350.0,356.6666564941406,350.0,355.0
2003-03-13,354.4444580078125,357.22222900390625,354.4444580078125,356.6666564941406
2003-03-14,361.1111145019531,369.4444580078125,355.5555419921875,361.1111145019531
2003-03-17,364.4444580078125,365.5555419921875,360.0,360.0
2003-03-18,361.1111145019531,362.22222900390625,360.5555419921875,361.1111145019531
2003-03-19,366.6666564941406,368.8888854980469,361.1111145019531,366.6666564941406
2003-03-20,371.6666564941406,371.6666564941406,366.6666564941406,371.6666564941406
2003-03-21,371.6666564941406,371.6666564941406,371.6666564941406,371.6666564941406
2003-03-24,370.0,372.22222900390625,366.6666564941406,366.6666564941406
2003-03-25,361.1111145019531,377.77777099609375,361.1111145019531,377.77777099609375
2003-03-26,390.0,390.0,377.77777099609375,377.77777099609375
2003-03-27,455.5555419921875,455.5555419921875,433.3333435058594,444.4444580078125
2003-03-28,483.3333435058594,500.0,476.6666564941406,476.6666564941406
2003-03-31,476.6666564941406,476.6666564941406,463.3333435058594,463.3333435058594
2003-04-01,421.1111145019531,421.1111145019531,416.6666564941406,417.77777099609375
2003-04-02,416.6666564941406,417.77777099609375,388.8888854980469,388.8888854980469
2003-04-03,377.77777099609375,388.8888854980469,377.77777099609375,388.8888854980469
2003-04-04,383.3333435058594,388.8888854980469,377.77777099609375,383.3333435058594
2003-04-07,383.3333435058594,400.0,383.3333435058594,387.77777099609375
2003-04-08,377.77777099609375,386.6666564941406,377.77777099609375,378.8888854980469
2003-04-09,377.77777099609375,377.77777099609375,377.77777099609375,377.77777099609375
2003-04-10,378.8888854980469,388.8888854980469,378.8888854980469,388.8888854980469
2003-04-11,390.0,401.1111145019531,390.0,401.1111145019531
2003-04-14,400.0,456.6666564941406,400.0,445.5555419921875
2003-04-15,444.4444580078125,444.4444580078125,432.22222900390625,433.3333435058594
2003-04-16,438.8888854980469,457.77777099609375,438.8888854980469,455.5555419921875
2003-04-17,466.6666564941406,488.8888854980469,466.6666564941406,482.22222900390625
2003-04-18,482.22222900390625,482.22222900390625,473.3333435058594,473.3333435058594
2003-04-21,471.1111145019531,471.1111145019531,471.1111145019531,471.1111145019531
2003-04-22,455.5555419921875,455.5555419921875,452.22222900390625,452.22222900390625
2003-04-23,455.5555419921875,455.5555419921875,455.5555419921875,455.5555419921875
2003-04-24,450.0,455.5555419921875,450.0,455.5555419921875
2003-04-25,450.0,455.5555419921875,450.0,455.5555419921875
2003-04-28,455.5555419921875,455.5555419921875,455.5555419921875,455.5555419921875
2003-04-29,455.5555419921875,455.5555419921875,455.5555419921875,455.5555419921875
2003-04-30,456.6666564941406,461.1111145019531,456.6666564941406,461.1111145019531
2003-05-01,461.1111145019531,461.1111145019531,450.0,455.5555419921875
2003-05-02,461.1111145019531,461.1111145019531,444.4444580078125,444.4444580078125
2003-05-05,444.4444580078125,444.4444580078125,444.4444580078125,444.4444580078125
2003-05-06,450.0,461.1111145019531,450.0,455.5555419921875
2003-05-07,461.1111145019531,475.5555419921875,461.1111145019531,461.1111145019531
2003-05-08,477.77777099609375,477.77777099609375,472.22222900390625,477.77777099609375
2003-05-09,501.1111145019531,506.6666564941406,501.1111145019531,504.4444580078125
2003-05-12,505.5555419921875,511.1111145019531,505.5555419921875,506.6666564941406
2003-05-13,511.1111145019531,511.1111145019531,508.8888854980469,508.8888854980469
2003-05-14,508.8888854980469,516.6666870117188,508.8888854980469,511.1111145019531
2003-05-15,527.7777709960938,527.7777709960938,505.5555419921875,505.5555419921875
2003-05-16,500.0,500.0,497.77777099609375,497.77777099609375
2003-05-19,511.1111145019531,511.1111145019531,497.77777099609375,497.77777099609375
2003-05-20,500.0,500.0,486.6666564941406,486.6666564941406
2003-05-21,486.6666564941406,486.6666564941406,486.6666564941406,486.6666564941406
2003-05-22,466.6666564941406,477.77777099609375,466.6666564941406,477.77777099609375
2003-05-23,477.77777099609375,477.77777099609375,461.1111145019531,461.1111145019531
2003-05-26,461.1111145019531,466.6666564941406,461.1111145019531,461.1111145019531
2003-05-27,457.77777099609375,465.5555419921875,457.77777099609375,462.22222900390625
2003-05-28,464.4444580078125,466.6666564941406,457.77777099609375,466.6666564941406
2003-05-29,455.5555419921875,462.22222900390625,455.5555419921875,462.22222900390625
2003-05-30,461.1111145019531,466.6666564941406,461.1111145019531,466.6666564941406
2003-06-02,466.6666564941406,478.8888854980469,466.6666564941406,478.8888854980469
2003-06-03,483.3333435058594,483.3333435058594,473.3333435058594,473.3333435058594
2003-06-04,473.3333435058594,473.3333435058594,470.0,473.3333435058594
2003-06-05,467.77777099609375,467.77777099609375,466.6666564941406,467.77777099609375
2003-06-06,467.77777099609375,467.77777099609375,467.77777099609375,467.77777099609375
2003-06-09,472.22222900390625,472.22222900390625,472.22222900390625,472.22222900390625
2003-06-10,466.6666564941406,471.1111145019531,466.6666564941406,467.77777099609375
2003-06-11,467.77777099609375,472.22222900390625,466.6666564941406,467.77777099609375
2003-06-12,466.6666564941406,467.77777099609375,466.6666564941406,467.77777099609375
2003-06-13,455.5555419921875,466.6666564941406,455.5555419921875,466.6666564941406
2003-06-16,462.22222900390625,465.5555419921875,462.22222900390625,462.22222900390625
2003-06-17,464.4444580078125,472.22222900390625,464.4444580078125,472.22222900390625
2003-06-18,472.22222900390625,472.22222900390625,472.22222900390625,472.22222900390625
2003-06-19,466.6666564941406,483.3333435058594,466.6666564941406,483.3333435058594
2003-06-20,488.8888854980469,488.8888854980469,475.5555419921875,477.77777099609375
2003-06-23,477.77777099609375,477.77777099609375,477.77777099609375,477.77777099609375
2003-06-24,468.8888854980469,472.22222900390625,468.8888854980469,472.22222900390625
2003-06-25,472.22222900390625,472.22222900390625,467.77777099609375,472.22222900390625
2003-06-26,473.3333435058594,483.3333435058594,473.3333435058594,483.3333435058594
2003-06-27,488.8888854980469,500.0,488.8888854980469,500.0
2003-06-30,500.0,500.0,494.4444580078125,500.0
2003-07-01,511.1111145019531,511.1111145019531,511.1111145019531,511.1111145019531
2003-07-02,517.7777709960938,517.7777709960938,516.6666870117188,516.6666870117188
2003-07-03,518.888916015625,522.2222290039062,518.888916015625,522.2222290039062
2003-07-04,524.4444580078125,536.6666870117188,524.4444580078125,533.3333129882812
2003-07-07,533.3333129882812,535.5555419921875,533.3333129882812,535.5555419921875
2003-07-08,535.5555419921875,543.3333129882812,535.5555419921875,542.2222290039062
2003-07-09,555.5555419921875,566.6666870117188,555.5555419921875,566.6666870117188
2003-07-10,590.0,600.0,590.0,590.0
2003-07-11,576.6666870117188,576.6666870117188,564.4444580078125,564.4444580078125
2003-07-14,564.4444580078125,575.5555419921875,564.4444580078125,575.5555419921875
2003-07-15,577.7777709960938,583.3333129882812,577.7777709960938,577.7777709960938
2003-07-16,550.0,550.0,546.6666870117188,546.6666870117188
2003-07-17,551.111083984375,555.5555419921875,551.111083984375,555.5555419921875
2003-07-18,555.5555419921875,591.111083984375,555.5555419921875,588.888916015625
2003-07-21,588.888916015625,588.888916015625,588.888916015625,588.888916015625
2003-07-22,583.3333129882812,592.2222290039062,583.3333129882812,592.2222290039062
2003-07-23,592.2222290039062,592.2222290039062,588.888916015625,588.888916015625
2003-07-24,594.4444580078125,594.4444580078125,588.888916015625,588.888916015625
2003-07-25,594.4444580078125,594.4444580078125,594.4444580078125,594.4444580078125
2003-07-28,594.4444580078125,594.4444580078125,594.4444580078125,594.4444580078125
2003-07-29,594.4444580078125,594.4444580078125,594.4444580078125,594.4444580078125
2003-07-30,594.4444580078125,594.4444580078125,594.4444580078125,594.4444580078125
2003-07-31,594.4444580078125,611.111083984375,594.4444580078125,611.111083984375
2003-08-01,626.6666870117188,644.4444580078125,626.6666870117188,644.4444580078125
2003-08-04,711.111083984375,711.111083984375,700.0,711.111083984375
2003-08-05,711.111083984375,711.111083984375,707.7777709960938,707.7777709960938
2003-08-06,711.111083984375,711.111083984375,708.888916015625,708.888916015625
2003-08-07,711.111083984375,723.3333129882812,708.888916015625,723.3333129882812
2003-08-08,708.888916015625,708.888916015625,708.888916015625,708.888916015625
2003-08-11,708.888916015625,722.2222290039062,707.7777709960938,722.2222290039062
2003-08-12,722.2222290039062,752.2222290039062,722.2222290039062,750.0
2003-08-13,750.0,752.2222290039062,750.0,750.0
2003-08-14,761.111083984375,800.0,761.111083984375,793.3333129882812
2003-08-15,793.3333129882812,793.3333129882812,793.3333129882812,793.3333129882812
2003-08-18,773.3333129882812,784.4444580078125,773.3333129882812,783.3333129882812
2003-08-19,784.4444580078125,784.4444580078125,777.7777709960938,777.7777709960938
2003-08-20,777.7777709960938,777.7777709960938,777.7777709960938,777.7777709960938
2003-08-21,777.7777709960938,788.888916015625,777.7777709960938,788.888916015625
2003-08-22,800.0,800.0,800.0,800.0
2003-08-25,800.0,800.0,800.0,800.0
2003-08-26,783.3333129882812,783.3333129882812,783.3333129882812,783.3333129882812
2003-08-27,777.7777709960938,801.111083984375,777.7777709960938,801.111083984375
2003-08-28,800.0,803.3333129882812,800.0,801.111083984375
2003-08-29,780.0,800.0,780.0,788.888916015625
2003-09-01,788.888916015625,800.0,788.888916015625,788.888916015625
2003-09-02,900.0,900.0,900.0,900.0
2003-09-03,1011.111083984375,1011.111083984375,1011.111083984375,1011.111083984375
2003-09-04,1011.111083984375,1055.5555419921875,988.888916015625,988.888916015625
2003-09-05,988.888916015625,988.888916015625,901.111083984375,901.111083984375
2003-09-08,865.5555419921875,883.3333129882812,855.5555419921875,866.6666870117188
2003-09-09,857.7777709960938,890.0,857.7777709960938,888.888916015625
2003-09-10,887.7777709960938,888.888916015625,887.7777709960938,888.888916015625
2003-09-11,888.888916015625,888.888916015625,887.7777709960938,888.888916015625
2003-09-12,888.888916015625,905.5555419921875,888.888916015625,895.5555419921875
2003-09-15,895.5555419921875,895.5555419921875,895.5555419921875,895.5555419921875
2003-09-16,910.0,938.888916015625,908.888916015625,920.0
2003-09-17,942.2222290039062,966.6666870117188,942.2222290039062,964.4444580078125
2003-09-18,986.6666870117188,1000.0,986.6666870117188,998.888916015625
2003-09-19,1001.111083984375,1011.111083984375,964.4444580078125,966.6666870117188
2003-09-22,978.888916015625,983.3333129882812,964.4444580078125,966.6666870117188
2003-09-23,966.6666870117188,966.6666870117188,966.6666870117188,966.6666870117188
2003-09-24,994.4444580078125,1027.77783203125,988.888916015625,1027.77783203125
2003-09-25,1186.6666259765625,1193.3333740234375,1140.0,1170.0
2003-09-26,1166.6666259765625,1336.6666259765625,1166.6666259765625,1333.3333740234375
2003-09-29,1503.3333740234375,1503.3333740234375,1480.0,1500.0
2003-09-30,1570.0,1616.6666259765625,1343.3333740234375,1433.3333740234375
2003-10-01,1483.3333740234375,1483.3333740234375,1400.0,1403.3333740234375
2003-10-02,1433.3333740234375,1466.6666259765625,1390.0,1406.6666259765625
2003-10-03,1406.6666259765625,1406.6666259765625,1350.0,1400.0
2003-10-06,1373.3333740234375,1373.3333740234375,1326.6666259765625,1350.0
2003-10-07,1323.3333740234375,1323.3333740234375,1240.0,1283.3333740234375
2003-10-08,1296.6666259765625,1300.0,1246.6666259765625,1266.6666259765625
2003-10-09,1283.3333740234375,1296.6666259765625,1260.0,1260.0
2003-10-10,1276.6666259765625,1313.3333740234375,1276.6666259765625,1303.3333740234375
2003-10-13,1303.3333740234375,1303.3333740234375,1303.3333740234375,1303.3333740234375
2003-10-14,1316.6666259765625,1320.0,1300.0,1313.3333740234375
2003-10-15,1320.0,1330.0,1283.3333740234375,1300.0
2003-10-16,1300.0,1300.0,1266.6666259765625,1270.0
2003-10-17,1266.6666259765625,1266.6666259765625,1183.3333740234375,1203.3333740234375
2003-10-20,1216.6666259765625,1283.3333740234375,1183.3333740234375,1186.6666259765625
2003-10-21,1183.3333740234375,1190.0,1133.3333740234375,1133.3333740234375
2003-10-22,1126.6666259765625,1150.0,966.6666870117188,966.6666870117188
2003-10-23,986.6666870117188,1106.6666259765625,986.6666870117188,1066.6666259765625
2003-10-24,1096.6666259765625,1123.3333740234375,1070.0,1070.0
2003-10-27,1130.0,1136.6666259765625,1106.6666259765625,1126.6666259765625
2003-10-28,1143.3333740234375,1153.3333740234375,1110.0,1110.0
2003-10-29,1123.3333740234375,1126.6666259765625,1113.3333740234375,1126.6666259765625
2003-10-30,1136.6666259765625,1200.0,1130.0,1176.6666259765625
2003-10-31,1190.0,1196.6666259765625,1110.0,1126.6666259765625
2003-11-03,1126.6666259765625,1126.6666259765625,1126.6666259765625,1126.6666259765625
2003-11-04,1176.6666259765625,1176.6666259765625,1156.6666259765625,1166.6666259765625
2003-11-05,1166.6666259765625,1173.3333740234375,1153.3333740234375,1166.6666259765625
2003-11-06,1163.3333740234375,1166.6666259765625,1133.3333740234375,1133.3333740234375
2003-11-07,1160.0,1160.0,1133.3333740234375,1133.3333740234375
2003-11-10,1156.6666259765625,1160.0,1133.3333740234375,1133.3333740234375
2003-11-11,1133.3333740234375,1136.6666259765625,1016.6666870117188,1060.0
2003-11-12,1060.0,1080.0,1050.0,1066.6666259765625
2003-11-13,1050.0,1096.6666259765625,1033.3333740234375,1096.6666259765625
2003-11-14,1126.6666259765625,1166.6666259765625,1126.6666259765625,1160.0
2003-11-17,1156.6666259765625,1156.6666259765625,1083.3333740234375,1083.3333740234375
2003-11-18,1083.3333740234375,1100.0,1066.6666259765625,1100.0
2003-11-19,1100.0,1100.0,1016.6666870117188,1020.0
2003-11-20,1026.6666259765625,1036.6666259765625,1026.6666259765625,1036.6666259765625
2003-11-21,1040.0,1050.0,1033.3333740234375,1036.6666259765625
2003-11-24,1036.6666259765625,1036.6666259765625,1036.6666259765625,1036.6666259765625
2003-11-25,986.6666870117188,993.3333129882812,966.6666870117188,970.0
2003-11-26,996.6666870117188,1003.3333129882812,983.3333129882812,1003.3333129882812
2003-11-27,1000.0,1000.0,986.6666870117188,986.6666870117188
2003-11-28,990.0,1000.0,983.3333129882812,996.6666870117188
2003-12-01,1000.0,1020.0,973.3333129882812,1020.0
2003-12-02,1033.3333740234375,1033.3333740234375,993.3333129882812,996.6666870117188
2003-12-03,996.6666870117188,1033.3333740234375,993.3333129882812,1033.3333740234375
2003-12-04,1003.3333129882812,1010.0,993.3333129882812,993.3333129882812
2003-12-05,1000.0,1006.6666870117188,986.6666870117188,993.3333129882812
2003-12-08,983.3333129882812,986.6666870117188,970.0,970.0
2003-12-09,973.3333129882812,1000.0,966.6666870117188,970.0
2003-12-10,970.0,983.3333129882812,970.0,973.3333129882812
2003-12-11,973.3333129882812,983.3333129882812,966.6666870117188,966.6666870117188
2003-12-12,963.3333129882812,966.6666870117188,920.0,956.6666870117188
2003-12-15,983.3333129882812,986.6666870117188,940.0,946.6666870117188
2003-12-16,950.0,953.3333129882812,940.0,950.0
2003-12-17,943.3333129882812,950.0,933.3333129882812,950.0
2003-12-18,950.0,966.6666870117188,950.0,966.6666870117188
2003-12-19,980.0,983.3333129882812,953.3333129882812,983.3333129882812
2003-12-22,983.3333129882812,1006.6666870117188,983.3333129882812,1006.6666870117188
2003-12-23,1006.6666870117188,1006.6666870117188,1006.6666870117188,1006.6666870117188
2003-12-24,1010.0,1010.0,953.3333129882812,953.3333129882812
2003-12-25,860.0,893.3333129882812,840.0,840.0
2003-12-26,850.0,940.0,850.0,930.0
2003-12-29,963.3333129882812,1000.0,960.0,996.6666870117188
2003-12-30,993.3333129882812,993.3333129882812,966.6666870117188,980.0
2003-12-31,980.0,980.0,980.0,980.0
2004-01-01,980.0,980.0,980.0,980.0
2004-01-02,980.0,980.0,980.0,980.0
2004-01-05,980.0,980.0,943.3333129882812,950.0
2004-01-06,976.6666870117188,976.6666870117188,966.6666870117188,970.0
2004-01-07,966.6666870117188,966.6666870117188,940.0,940.0
2004-01-08,966.6666870117188,966.6666870117188,950.0,950.0
2004-01-09,943.3333129882812,960.0,943.3333129882812,946.6666870117188
2004-01-12,946.6666870117188,946.6666870117188,946.6666870117188,946.6666870117188
2004-01-13,946.6666870117188,946.6666870117188,936.6666870117188,943.3333129882812
2004-01-14,943.3333129882812,943.3333129882812,926.6666870117188,926.6666870117188
2004-01-15,930.0,933.3333129882812,910.0,910.0
2004-01-16,910.0,913.3333129882812,906.6666870117188,910.0
2004-01-19,910.0,916.6666870117188,906.6666870117188,910.0
2004-01-20,916.6666870117188,930.0,913.3333129882812,913.3333129882812
2004-01-21,913.3333129882812,926.6666870117188,903.3333129882812,903.3333129882812
2004-01-22,906.6666870117188,920.0,900.0,920.0
2004-01-23,926.6666870117188,930.0,923.3333129882812,923.3333129882812
2004-01-26,956.6666870117188,956.6666870117188,930.0,950.0
2004-01-27,960.0,963.3333129882812,950.0,963.3333129882812
2004-01-28,963.3333129882812,963.3333129882812,940.0,950.0
2004-01-29,933.3333129882812,940.0,933.3333129882812,933.3333129882812
2004-01-30,936.6666870117188,956.6666870117188,936.6666870117188,956.6666870117188
2004-02-02,960.0,983.3333129882812,956.6666870117188,983.3333129882812
2004-02-03,993.3333129882812,993.3333129882812,966.6666870117188,976.6666870117188
2004-02-04,966.6666870117188,976.6666870117188,963.3333129882812,970.0
2004-02-05,943.3333129882812,950.0,933.3333129882812,936.6666870117188
2004-02-06,936.6666870117188,946.6666870117188,933.3333129882812,946.6666870117188
2004-02-09,946.6666870117188,950.0,933.3333129882812,936.6666870117188
2004-02-10,936.6666870117188,943.3333129882812,933.3333129882812,940.0
2004-02-11,940.0,940.0,940.0,940.0
2004-02-12,933.3333129882812,943.3333129882812,933.3333129882812,936.6666870117188
2004-02-13,940.0,940.0,933.3333129882812,936.6666870117188
2004-02-16,936.6666870117188,940.0,930.0,940.0
2004-02-17,936.6666870117188,946.6666870117188,933.3333129882812,933.3333129882812
2004-02-18,936.6666870117188,943.3333129882812,933.3333129882812,933.3333129882812
2004-02-19,940.0,943.3333129882812,936.6666870117188,936.6666870117188
2004-02-20,940.0,946.6666870117188,940.0,946.6666870117188
2004-02-23,950.0,980.0,950.0,956.6666870117188
2004-02-24,956.6666870117188,966.6666870117188,950.0,966.6666870117188
2004-02-25,966.6666870117188,970.0,956.6666870117188,960.0
2004-02-26,953.3333129882812,966.6666870117188,950.0,950.0
2004-02-27,950.0,963.3333129882812,950.0,963.3333129882812
2004-03-01,963.3333129882812,976.6666870117188,963.3333129882812,976.6666870117188
2004-03-02,976.6666870117188,1053.3333740234375,970.0,1043.3333740234375
2004-03-03,1030.0,1046.6666259765625,993.3333129882812,993.3333129882812
2004-03-04,1006.6666870117188,1030.0,1006.6666870117188,1030.0
2004-03-05,1016.6666870117188,1030.0,1016.6666870117188,1026.6666259765625
2004-03-08,1020.0,1036.6666259765625,1016.6666870117188,1033.3333740234375
2004-03-09,1036.6666259765625,1090.0,1036.6666259765625,1090.0
2004-03-10,1100.0,1170.0,1100.0,1150.0
2004-03-11,1116.6666259765625,1136.6666259765625,1116.6666259765625,1136.6666259765625
2004-03-12,1120.0,1133.3333740234375,1100.0,1116.6666259765625
2004-03-15,1133.3333740234375,1133.3333740234375,1116.6666259765625,1130.0
2004-03-16,1133.3333740234375,1133.3333740234375,1130.0,1133.3333740234375
2004-03-17,1133.3333740234375,1143.3333740234375,1130.0,1136.6666259765625
2004-03-18,1140.0,1143.3333740234375,1130.0,1130.0
2004-03-19,1130.0,1133.3333740234375,1116.6666259765625,1120.0
2004-03-22,1116.6666259765625,1120.0,1113.3333740234375,1116.6666259765625
2004-03-23,1120.0,1130.0,1120.0,1120.0
2004-03-24,1130.0,1133.3333740234375,1123.3333740234375,1126.6666259765625
2004-03-25,1133.3333740234375,1146.6666259765625,1130.0,1143.3333740234375
2004-03-26,1096.6666259765625,1096.6666259765625,1033.3333740234375,1066.6666259765625
2004-03-29,1083.3333740234375,1120.0,1083.3333740234375,1106.6666259765625
2004-03-30,1120.0,1123.3333740234375,1096.6666259765625,1100.0
2004-03-31,1103.3333740234375,1106.6666259765625,1100.0,1100.0
2004-04-01,1103.3333740234375,1110.0,1100.0,1100.0
2004-04-02,1110.0,1110.0,1100.0,1103.3333740234375
2004-04-05,1116.6666259765625,1160.0,1113.3333740234375,1156.6666259765625
2004-04-06,1160.0,1173.3333740234375,1156.6666259765625,1166.6666259765625
2004-04-07,1166.6666259765625,1173.3333740234375,1150.0,1166.6666259765625
2004-04-08,1163.3333740234375,1166.6666259765625,1156.6666259765625,1156.6666259765625
2004-04-09,1156.6666259765625,1163.3333740234375,1150.0,1156.6666259765625
2004-04-12,1166.6666259765625,1166.6666259765625,1156.6666259765625,1156.6666259765625
2004-04-13,1266.6666259765625,1323.3333740234375,1266.6666259765625,1323.3333740234375
2004-04-14,1423.3333740234375,1490.0,1423.3333740234375,1470.0
2004-04-15,1483.3333740234375,1483.3333740234375,1313.3333740234375,1440.0
2004-04-16,1356.6666259765625,1390.0,1343.3333740234375,1370.0
2004-04-19,1370.0,1373.3333740234375,1333.3333740234375,1343.3333740234375
2004-04-20,1343.3333740234375,1343.3333740234375,1330.0,1330.0
2004-04-21,1333.3333740234375,1343.3333740234375,1333.3333740234375,1343.3333740234375
2004-04-22,1346.6666259765625,1366.6666259765625,1346.6666259765625,1366.6666259765625
2004-04-23,1346.6666259765625,1363.3333740234375,1336.6666259765625,1363.3333740234375
2004-04-26,1340.0,1363.3333740234375,1340.0,1343.3333740234375
2004-04-27,1360.0,1390.0,1350.0,1366.6666259765625
2004-04-28,1383.3333740234375,1450.0,1383.3333740234375,1436.6666259765625
2004-04-29,1436.6666259765625,1436.6666259765625,1436.6666259765625,1436.6666259765625
2004-04-30,1466.6666259765625,1466.6666259765625,1426.6666259765625,1456.6666259765625
2004-05-03,1456.6666259765625,1456.6666259765625,1456.6666259765625,1456.6666259765625
2004-05-04,1456.6666259765625,1456.6666259765625,1456.6666259765625,1456.6666259765625
2004-05-05,1456.6666259765625,1456.6666259765625,1456.6666259765625,1456.6666259765625
2004-05-06,1456.6666259765625,1566.6666259765625,1456.6666259765625,1566.6666259765625
2004-05-07,1566.6666259765625,1590.0,1500.0,1536.6666259765625
2004-05-10,1503.3333740234375,1503.3333740234375,1400.0,1400.0
2004-05-11,1333.3333740234375,1360.0,1326.6666259765625,1330.0
2004-05-12,1390.0,1390.0,1370.0,1370.0
2004-05-13,1393.3333740234375,1393.3333740234375,1336.6666259765625,1343.3333740234375
2004-05-14,1336.6666259765625,1343.3333740234375,1316.6666259765625,1316.6666259765625
2004-05-17,1300.0,1300.0,1150.0,1150.0
2004-05-18,1100.0,1100.0,1050.0,1073.3333740234375
2004-05-19,1106.6666259765625,1126.6666259765625,1053.3333740234375,1066.6666259765625
2004-05-20,1116.6666259765625,1233.3333740234375,1106.6666259765625,1166.6666259765625
2004-05-21,1216.6666259765625,1223.3333740234375,1133.3333740234375,1170.0
2004-05-24,1166.6666259765625,1183.3333740234375,1126.6666259765625,1136.6666259765625
2004-05-25,1133.3333740234375,1133.3333740234375,1093.3333740234375,1093.3333740234375
2004-05-26,1100.0,1106.6666259765625,1090.0,1096.6666259765625
2004-05-27,1100.0,1103.3333740234375,1083.3333740234375,1100.0
2004-05-28,1103.3333740234375,1106.6666259765625,1093.3333740234375,1093.3333740234375
2004-05-31,1106.6666259765625,1113.3333740234375,1090.0,1090.0
2004-06-01,1106.6666259765625,1146.6666259765625,1106.6666259765625,1140.0
2004-06-02,1140.0,1140.0,1126.6666259765625,1130.0
2004-06-03,1143.3333740234375,1143.3333740234375,1116.6666259765625,1130.0
2004-06-04,1160.0,1160.0,1143.3333740234375,1160.0
2004-06-07,1163.3333740234375,1163.3333740234375,1143.3333740234375,1150.0
2004-06-08,1156.6666259765625,1156.6666259765625,1133.3333740234375,1150.0
2004-06-09,1140.0,1273.3333740234375,1140.0,1206.6666259765625
2004-06-10,1210.0,1213.3333740234375,1176.6666259765625,1200.0
2004-06-11,1203.3333740234375,1210.0,1196.6666259765625,1210.0
2004-06-14,1220.0,1256.6666259765625,1216.6666259765625,1246.6666259765625
2004-06-15,1260.0,1260.0,1226.6666259765625,1246.6666259765625
2004-06-16,1250.0,1256.6666259765625,1243.3333740234375,1243.3333740234375
2004-06-17,1256.6666259765625,1256.6666259765625,1233.3333740234375,1233.3333740234375
2004-06-18,1236.6666259765625,1236.6666259765625,1183.3333740234375,1213.3333740234375
2004-06-21,1186.6666259765625,1200.0,1183.3333740234375,1190.0
2004-06-22,1196.6666259765625,1213.3333740234375,1193.3333740234375,1213.3333740234375
2004-06-23,1206.6666259765625,1293.3333740234375,1206.6666259765625,1293.3333740234375
2004-06-24,1266.6666259765625,1283.3333740234375,1220.0,1250.0
2004-06-25,1246.6666259765625,1253.3333740234375,1226.6666259765625,1243.3333740234375
2004-06-28,1200.0,1223.3333740234375,1200.0,1213.3333740234375
2004-06-29,1220.0,1226.6666259765625,1216.6666259765625,1223.3333740234375
2004-06-30,1223.3333740234375,1276.6666259765625,1223.3333740234375,1276.6666259765625
2004-07-01,1266.6666259765625,1276.6666259765625,1246.6666259765625,1266.6666259765625
2004-07-02,1296.6666259765625,1300.0,1273.3333740234375,1300.0
2004-07-05,1296.6666259765625,1356.6666259765625,1273.3333740234375,1356.6666259765625
2004-07-06,1366.6666259765625,1416.6666259765625,1363.3333740234375,1373.3333740234375
2004-07-07,1356.6666259765625,1403.3333740234375,1316.6666259765625,1400.0
2004-07-08,1400.0,1403.3333740234375,1370.0,1386.6666259765625
2004-07-09,1386.6666259765625,1386.6666259765625,1370.0,1376.6666259765625
2004-07-12,1393.3333740234375,1396.6666259765625,1370.0,1370.0
2004-07-13,1370.0,1373.3333740234375,1370.0,1370.0
2004-07-14,1370.0,1370.0,1366.6666259765625,1366.6666259765625
2004-07-15,1333.3333740234375,1370.0,1333.3333740234375,1370.0
2004-07-16,1360.0,1360.0,1336.6666259765625,1343.3333740234375
2004-07-19,1343.3333740234375,1343.3333740234375,1343.3333740234375,1343.3333740234375
2004-07-20,1353.3333740234375,1353.3333740234375,1333.3333740234375,1333.3333740234375
2004-07-21,1366.6666259765625,1376.6666259765625,1366.6666259765625,1370.0
2004-07-22,1366.6666259765625,1373.3333740234375,1336.6666259765625,1336.6666259765625
2004-07-23,1360.0,1376.6666259765625,1360.0,1370.0
2004-07-26,1370.0,1370.0,1356.6666259765625,1366.6666259765625
2004-07-27,1366.6666259765625,1380.0,1360.0,1366.6666259765625
2004-07-28,1370.0,1383.3333740234375,1363.3333740234375,1366.6666259765625
2004-07-29,1366.6666259765625,1370.0,1360.0,1366.6666259765625
2004-07-30,1363.3333740234375,1363.3333740234375,1356.6666259765625,1363.3333740234375
2004-08-02,1366.6666259765625,1380.0,1366.6666259765625,1366.6666259765625
2004-08-03,1370.0,1370.0,1360.0,1363.3333740234375
2004-08-04,1366.6666259765625,1366.6666259765625,1360.0,1366.6666259765625
2004-08-05,1366.6666259765625,1376.6666259765625,1366.6666259765625,1376.6666259765625
2004-08-06,1370.0,1370.0,1360.0,1360.0
2004-08-09,1363.3333740234375,1366.6666259765625,1363.3333740234375,1366.6666259765625
2004-08-10,1363.3333740234375,1363.3333740234375,1353.3333740234375,1353.3333740234375
2004-08-11,1360.0,1360.0,1360.0,1360.0
2004-08-12,1350.0,1350.0,1333.3333740234375,1343.3333740234375
2004-08-13,1350.0,1360.0,1343.3333740234375,1350.0
2004-08-16,1346.6666259765625,1346.6666259765625,1316.6666259765625,1333.3333740234375
2004-08-17,1330.0,1330.0,1310.0,1310.0
2004-08-18,1310.0,1326.6666259765625,1310.0,1316.6666259765625
2004-08-19,1300.0,1320.0,1300.0,1300.0
2004-08-20,1300.0,1316.6666259765625,1300.0,1316.6666259765625
2004-08-23,1316.6666259765625,1326.6666259765625,1310.0,1316.6666259765625
2004-08-24,1313.3333740234375,1316.6666259765625,1300.0,1316.6666259765625
2004-08-25,1316.6666259765625,1316.6666259765625,1300.0,1300.0
2004-08-26,1296.6666259765625,1300.0,1290.0,1300.0
2004-08-27,1300.0,1333.3333740234375,1300.0,1333.3333740234375
2004-08-30,1333.3333740234375,1370.0,1330.0,1370.0
2004-08-31,1366.6666259765625,1366.6666259765625,1330.0,1333.3333740234375
2004-09-01,1333.3333740234375,1336.6666259765625,1326.6666259765625,1326.6666259765625
2004-09-02,1350.0,1373.3333740234375,1346.6666259765625,1366.6666259765625
2004-09-03,1363.3333740234375,1370.0,1356.6666259765625,1366.6666259765625
2004-09-06,1366.6666259765625,1366.6666259765625,1360.0,1363.3333740234375
2004-09-07,1363.3333740234375,1363.3333740234375,1326.6666259765625,1326.6666259765625
2004-09-08,1326.6666259765625,1333.3333740234375,1323.3333740234375,1323.3333740234375
2004-09-09,1330.0,1333.3333740234375,1323.3333740234375,1326.6666259765625
2004-09-10,1323.3333740234375,1326.6666259765625,1316.6666259765625,1316.6666259765625
2004-09-13,1323.3333740234375,1340.0,1320.0,1333.3333740234375
2004-09-14,1333.3333740234375,1333.3333740234375,1323.3333740234375,1333.3333740234375
2004-09-15,1326.6666259765625,1330.0,1323.3333740234375,1326.6666259765625
2004-09-16,1316.6666259765625,1316.6666259765625,1293.3333740234375,1293.3333740234375
2004-09-17,1310.0,1310.0,1293.3333740234375,1296.6666259765625
2004-09-20,1296.6666259765625,1296.6666259765625,1296.6666259765625,1296.6666259765625
2004-09-21,1296.6666259765625,1296.6666259765625,1233.3333740234375,1250.0
2004-09-22,1233.3333740234375,1263.3333740234375,1233.3333740234375,1263.3333740234375
2004-09-23,1263.3333740234375,1263.3333740234375,1263.3333740234375,1263.3333740234375
2004-09-24,1266.6666259765625,1283.3333740234375,1266.6666259765625,1283.3333740234375
2004-09-27,1283.3333740234375,1283.3333740234375,1273.3333740234375,1283.3333740234375
2004-09-28,1266.6666259765625,1280.0,1250.0,1250.0
2004-09-29,1250.0,1250.0,1213.3333740234375,1213.3333740234375
2004-09-30,1216.6666259765625,1233.3333740234375,1216.6666259765625,1226.6666259765625
2004-10-01,1233.3333740234375,1233.3333740234375,1213.3333740234375,1213.3333740234375
2004-10-04,1263.3333740234375,1336.6666259765625,1250.0,1336.6666259765625
2004-10-05,1333.3333740234375,1333.3333740234375,1283.3333740234375,1300.0
2004-10-06,1300.0,1303.3333740234375,1300.0,1303.3333740234375
2004-10-07,1316.6666259765625,1316.6666259765625,1283.3333740234375,1303.3333740234375
2004-10-08,1320.0,1320.0,1310.0,1310.0
2004-10-11,1310.0,1310.0,1310.0,1310.0
2004-10-12,1306.6666259765625,1306.6666259765625,1283.3333740234375,1300.0
2004-10-13,1250.0,1263.3333740234375,1216.6666259765625,1216.6666259765625
2004-10-14,1216.6666259765625,1233.3333740234375,1216.6666259765625,1233.3333740234375
2004-10-15,1226.6666259765625,1260.0,1226.6666259765625,1250.0
2004-10-18,1250.0,1250.0,1233.3333740234375,1233.3333740234375
2004-10-19,1233.3333740234375,1250.0,1230.0,1240.0
2004-10-20,1233.3333740234375,1280.0,1233.3333740234375,1236.6666259765625
2004-10-21,1240.0,1263.3333740234375,1220.0,1223.3333740234375
2004-10-22,1223.3333740234375,1223.3333740234375,1220.0,1220.0
2004-10-25,1226.6666259765625,1226.6666259765625,1200.0,1200.0
2004-10-26,1193.3333740234375,1196.6666259765625,1156.6666259765625,1160.0
2004-10-27,1170.0,1170.0,1150.0,1163.3333740234375
2004-10-28,1170.0,1173.3333740234375,1166.6666259765625,1166.6666259765625
2004-10-29,1140.0,1143.3333740234375,1123.3333740234375,1130.0
2004-11-01,1143.3333740234375,1156.6666259765625,1133.3333740234375,1143.3333740234375
2004-11-02,1146.6666259765625,1153.3333740234375,1140.0,1150.0
2004-11-03,1150.0,1150.0,1150.0,1150.0
2004-11-04,1153.3333740234375,1166.6666259765625,1146.6666259765625,1150.0
2004-11-05,1156.6666259765625,1193.3333740234375,1153.3333740234375,1183.3333740234375
2004-11-08,1186.6666259765625,1193.3333740234375,1146.6666259765625,1146.6666259765625
2004-11-09,1150.0,1150.0,1136.6666259765625,1136.6666259765625
2004-11-10,1136.6666259765625,1140.0,1136.6666259765625,1136.6666259765625
2004-11-11,1143.3333740234375,1143.3333740234375,1136.6666259765625,1136.6666259765625
2004-11-12,1133.3333740234375,1133.3333740234375,1126.6666259765625,1133.3333740234375
2004-11-15,1143.3333740234375,1146.6666259765625,1133.3333740234375,1136.6666259765625
2004-11-16,1146.6666259765625,1146.6666259765625,1133.3333740234375,1133.3333740234375
2004-11-17,1133.3333740234375,1133.3333740234375,1083.3333740234375,1100.0
2004-11-18,1083.3333740234375,1103.3333740234375,1083.3333740234375,1100.0
2004-11-19,1100.0,1103.3333740234375,1090.0,1103.3333740234375
2004-11-22,1100.0,1100.0,1086.6666259765625,1086.6666259765625
2004-11-23,1086.6666259765625,1086.6666259765625,1086.6666259765625,1086.6666259765625
2004-11-24,1086.6666259765625,1086.6666259765625,1056.6666259765625,1083.3333740234375
2004-11-25,1086.6666259765625,1103.3333740234375,1086.6666259765625,1093.3333740234375
2004-11-26,1093.3333740234375,1093.3333740234375,1063.3333740234375,1063.3333740234375
2004-11-29,1076.6666259765625,1120.0,1076.6666259765625,1120.0
2004-11-30,1133.3333740234375,1163.3333740234375,1116.6666259765625,1163.3333740234375
2004-12-01,1146.6666259765625,1163.3333740234375,1103.3333740234375,1106.6666259765625
2004-12-02,1106.6666259765625,1110.0,1080.0,1100.0
2004-12-03,1100.0,1100.0,1080.0,1083.3333740234375
2004-12-06,1083.3333740234375,1083.3333740234375,1076.6666259765625,1080.0
2004-12-07,1066.6666259765625,1080.0,1030.0,1030.0
2004-12-08,1016.6666870117188,1026.6666259765625,1003.3333129882812,1013.3333129882812
2004-12-09,1003.3333129882812,1016.6666870117188,966.6666870117188,986.6666870117188
2004-12-10,986.6666870117188,1006.6666870117188,983.3333129882812,1003.3333129882812
2004-12-13,990.0,1003.3333129882812,990.0,996.6666870117188
2004-12-14,996.6666870117188,1000.0,990.0,990.0
2004-12-15,983.3333129882812,986.6666870117188,973.3333129882812,986.6666870117188
2004-12-16,986.6666870117188,1000.0,986.6666870117188,993.3333129882812
2004-12-17,1000.0,1000.0,993.3333129882812,996.6666870117188
2004-12-20,1016.6666870117188,1080.0,1000.0,1080.0
2004-12-21,1066.6666259765625,1126.6666259765625,1050.0,1100.0
2004-12-22,1133.3333740234375,1163.3333740234375,1130.0,1150.0
2004-12-23,1150.0,1150.0,1150.0,1150.0
2004-12-24,1166.6666259765625,1166.6666259765625,1103.3333740234375,1123.3333740234375
2004-12-27,1113.3333740234375,1116.6666259765625,1036.6666259765625,1070.0
2004-12-28,1100.0,1100.0,1073.3333740234375,1073.3333740234375
2004-12-29,1076.6666259765625,1093.3333740234375,1070.0,1080.0
2004-12-30,1080.0,1086.6666259765625,1076.6666259765625,1083.3333740234375
2004-12-31,1083.3333740234375,1083.3333740234375,1083.3333740234375,1083.3333740234375
2005-01-03,1083.3333740234375,1083.3333740234375,1083.3333740234375,1083.3333740234375
2005-01-04,1096.6666259765625,1096.6666259765625,1070.0,1093.3333740234375
2005-01-05,1096.6666259765625,1170.0,1096.6666259765625,1166.6666259765625
2005-01-06,1163.3333740234375,1173.3333740234375,1160.0,1173.3333740234375
2005-01-07,1173.3333740234375,1183.3333740234375,1163.3333740234375,1170.0
2005-01-10,1170.0,1170.0,1170.0,1170.0
2005-01-11,1183.3333740234375,1190.0,1183.3333740234375,1186.6666259765625
2005-01-12,1190.0,1193.3333740234375,1180.0,1193.3333740234375
2005-01-13,1193.3333740234375,1193.3333740234375,1166.6666259765625,1166.6666259765625
2005-01-14,1170.0,1193.3333740234375,1170.0,1173.3333740234375
2005-01-17,1190.0,1203.3333740234375,1190.0,1196.6666259765625
2005-01-18,1200.0,1206.6666259765625,1193.3333740234375,1193.3333740234375
2005-01-19,1203.3333740234375,1226.6666259765625,1200.0,1213.3333740234375
2005-01-20,1213.3333740234375,1220.0,1206.6666259765625,1213.3333740234375
2005-01-21,1216.6666259765625,1223.3333740234375,1213.3333740234375,1216.6666259765625
2005-01-24,1223.3333740234375,1230.0,1216.6666259765625,1220.0
2005-01-25,1230.0,1230.0,1200.0,1216.6666259765625
2005-01-26,1223.3333740234375,1230.0,1216.6666259765625,1216.6666259765625
2005-01-27,1226.6666259765625,1276.6666259765625,1216.6666259765625,1270.0
2005-01-28,1266.6666259765625,1270.0,1236.6666259765625,1246.6666259765625
2005-01-31,1260.0,1270.0,1253.3333740234375,1270.0
2005-02-01,1256.6666259765625,1280.0,1253.3333740234375,1266.6666259765625
2005-02-02,1266.6666259765625,1276.6666259765625,1266.6666259765625,1270.0
2005-02-03,1266.6666259765625,1293.3333740234375,1266.6666259765625,1286.6666259765625
2005-02-04,1280.0,1286.6666259765625,1240.0,1243.3333740234375
2005-02-07,1223.3333740234375,1266.6666259765625,1223.3333740234375,1256.6666259765625
2005-02-08,1256.6666259765625,1256.6666259765625,1243.3333740234375,1250.0
2005-02-09,1253.3333740234375,1266.6666259765625,1250.0,1266.6666259765625
2005-02-10,1256.6666259765625,1256.6666259765625,1246.6666259765625,1250.0
2005-02-11,1250.0,1250.0,1250.0,1250.0
2005-02-14,1250.0,1260.0,1246.6666259765625,1246.6666259765625
2005-02-15,1260.0,1260.0,1230.0,1233.3333740234375
2005-02-16,1233.3333740234375,1236.6666259765625,1173.3333740234375,1176.6666259765625
2005-02-17,1183.3333740234375,1193.3333740234375,1176.6666259765625,1183.3333740234375
2005-02-18,1183.3333740234375,1233.3333740234375,1183.3333740234375,1216.6666259765625
2005-02-21,1266.6666259765625,1270.0,1230.0,1270.0
2005-02-22,1270.0,1293.3333740234375,1260.0,1290.0
2005-02-23,1273.3333740234375,1293.3333740234375,1273.3333740234375,1293.3333740234375
2005-02-24,1293.3333740234375,1300.0,1260.0,1276.6666259765625
2005-02-25,1290.0,1306.6666259765625,1276.6666259765625,1306.6666259765625
2005-02-28,1316.6666259765625,1413.3333740234375,1296.6666259765625,1413.3333740234375
2005-03-01,1406.6666259765625,1420.0,1390.0,1406.6666259765625
2005-03-02,1403.3333740234375,1433.3333740234375,1396.6666259765625,1433.3333740234375
2005-03-03,1433.3333740234375,1470.0,1433.3333740234375,1466.6666259765625
2005-03-04,1466.6666259765625,1470.0,1443.3333740234375,1443.3333740234375
2005-03-07,1446.6666259765625,1450.0,1440.0,1450.0
2005-03-08,1446.6666259765625,1446.6666259765625,1413.3333740234375,1420.0
2005-03-09,1420.0,1433.3333740234375,1413.3333740234375,1426.6666259765625
2005-03-10,1426.6666259765625,1433.3333740234375,1426.6666259765625,1433.3333740234375
2005-03-11,1433.3333740234375,1450.0,1433.3333740234375,1436.6666259765625
2005-03-14,1436.6666259765625,1460.0,1436.6666259765625,1446.6666259765625
2005-03-15,1456.6666259765625,1460.0,1440.0,1460.0
2005-03-16,1450.0,1453.3333740234375,1436.6666259765625,1443.3333740234375
2005-03-17,1443.3333740234375,1443.3333740234375,1433.3333740234375,1436.6666259765625
2005-03-18,1436.6666259765625,1450.0,1433.3333740234375,1443.3333740234375
2005-03-21,1443.3333740234375,1443.3333740234375,1443.3333740234375,1443.3333740234375
2005-03-22,1450.0,1466.6666259765625,1446.6666259765625,1463.3333740234375
2005-03-23,1466.6666259765625,1470.0,1450.0,1453.3333740234375
2005-03-24,1450.0,1453.3333740234375,1433.3333740234375,1433.3333740234375
2005-03-25,1440.0,1440.0,1430.0,1433.3333740234375
2005-03-28,1313.3333740234375,1400.0,1313.3333740234375,1393.3333740234375
2005-03-29,1326.6666259765625,1366.6666259765625,1326.6666259765625,1366.6666259765625
2005-03-30,1316.6666259765625,1350.0,1316.6666259765625,1350.0
2005-03-31,1340.0,1356.6666259765625,1316.6666259765625,1356.6666259765625
2005-04-01,1333.3333740234375,1343.3333740234375,1333.3333740234375,1343.3333740234375
2005-04-04,1320.0,1323.3333740234375,1313.3333740234375,1323.3333740234375
2005-04-05,1306.6666259765625,1316.6666259765625,1283.3333740234375,1316.6666259765625
2005-04-06,1286.6666259765625,1310.0,1286.6666259765625,1303.3333740234375
2005-04-07,1303.3333740234375,1320.0,1290.0,1320.0
2005-04-08,1316.6666259765625,1326.6666259765625,1306.6666259765625,1326.6666259765625
2005-04-11,1323.3333740234375,1343.3333740234375,1323.3333740234375,1333.3333740234375
2005-04-12,1340.0,1340.0,1323.3333740234375,1326.6666259765625
2005-04-13,1336.6666259765625,1343.3333740234375,1326.6666259765625,1340.0
2005-04-14,1336.6666259765625,1336.6666259765625,1330.0,1333.3333740234375
2005-04-15,1330.0,1333.3333740234375,1326.6666259765625,1333.3333740234375
2005-04-18,1326.6666259765625,1326.6666259765625,1266.6666259765625,1316.6666259765625
2005-04-19,1300.0,1340.0,1300.0,1336.6666259765625
2005-04-20,1343.3333740234375,1400.0,1336.6666259765625,1400.0
2005-04-21,1390.0,1390.0,1343.3333740234375,1356.6666259765625
2005-04-22,1370.0,1383.3333740234375,1360.0,1373.3333740234375
2005-04-25,1383.3333740234375,1383.3333740234375,1366.6666259765625,1366.6666259765625
2005-04-26,1353.3333740234375,1393.3333740234375,1353.3333740234375,1393.3333740234375
2005-04-27,1390.0,1393.3333740234375,1370.0,1370.0
2005-04-28,1370.0,1376.6666259765625,1360.0,1360.0
2005-04-29,1360.0,1360.0,1360.0,1360.0
2005-05-02,1346.6666259765625,1346.6666259765625,1333.3333740234375,1336.6666259765625
2005-05-03,1336.6666259765625,1336.6666259765625,1336.6666259765625,1336.6666259765625
2005-05-04,1336.6666259765625,1336.6666259765625,1336.6666259765625,1336.6666259765625
2005-05-05,1336.6666259765625,1336.6666259765625,1336.6666259765625,1336.6666259765625
2005-05-06,1340.0,1360.0,1340.0,1343.3333740234375
2005-05-09,1343.3333740234375,1366.6666259765625,1343.3333740234375,1360.0
2005-05-10,1360.0,1373.3333740234375,1360.0,1373.3333740234375
2005-05-11,1363.3333740234375,1370.0,1356.6666259765625,1366.6666259765625
2005-05-12,1366.6666259765625,1366.6666259765625,1350.0,1356.6666259765625
2005-05-13,1356.6666259765625,1370.0,1356.6666259765625,1363.3333740234375
2005-05-16,1353.3333740234375,1356.6666259765625,1350.0,1356.6666259765625
2005-05-17,1340.0,1363.3333740234375,1316.6666259765625,1320.0
2005-05-18,1326.6666259765625,1330.0,1306.6666259765625,1313.3333740234375
2005-05-19,1323.3333740234375,1326.6666259765625,1300.0,1300.0
2005-05-20,1296.6666259765625,1296.6666259765625,1283.3333740234375,1290.0
2005-05-23,1293.3333740234375,1300.0,1290.0,1293.3333740234375
2005-05-24,1286.6666259765625,1286.6666259765625,1260.0,1260.0
2005-05-25,1260.0,1260.0,1200.0,1223.3333740234375
2005-05-26,1223.3333740234375,1243.3333740234375,1223.3333740234375,1230.0
2005-05-27,1233.3333740234375,1250.0,1233.3333740234375,1240.0
2005-05-30,1233.3333740234375,1246.6666259765625,1233.3333740234375,1236.6666259765625
2005-05-31,1233.3333740234375,1240.0,1226.6666259765625,1233.3333740234375
2005-06-01,1236.6666259765625,1283.3333740234375,1236.6666259765625,1283.3333740234375
2005-06-02,1280.0,1280.0,1243.3333740234375,1260.0
2005-06-03,1260.0,1280.0,1246.6666259765625,1273.3333740234375
2005-06-06,1266.6666259765625,1266.6666259765625,1250.0,1250.0
2005-06-07,1250.0,1253.3333740234375,1250.0,1253.3333740234375
2005-06-08,1250.0,1260.0,1246.6666259765625,1250.0
2005-06-09,1250.0,1260.0,1250.0,1256.6666259765625
2005-06-10,1253.3333740234375,1253.3333740234375,1236.6666259765625,1236.6666259765625
2005-06-13,1236.6666259765625,1240.0,1233.3333740234375,1236.6666259765625
2005-06-14,1233.3333740234375,1236.6666259765625,1230.0,1230.0
2005-06-15,1230.0,1233.3333740234375,1226.6666259765625,1230.0
2005-06-16,1233.3333740234375,1236.6666259765625,1226.6666259765625,1230.0
2005-06-17,1240.0,1246.6666259765625,1240.0,1240.0
2005-06-20,1246.6666259765625,1250.0,1226.6666259765625,1230.0
2005-06-21,1230.0,1233.3333740234375,1210.0,1213.3333740234375
2005-06-22,1213.3333740234375,1213.3333740234375,1186.6666259765625,1196.6666259765625
2005-06-23,1196.6666259765625,1203.3333740234375,1190.0,1196.6666259765625
2005-06-24,1190.0,1203.3333740234375,1190.0,1200.0
2005-06-27,1200.0,1200.0,1183.3333740234375,1183.3333740234375
2005-06-28,1183.3333740234375,1183.3333740234375,1173.3333740234375,1180.0
2005-06-29,1180.0,1180.0,1173.3333740234375,1180.0
2005-06-30,1180.0,1190.0,1176.6666259765625,1176.6666259765625
2005-07-01,1186.6666259765625,1203.3333740234375,1186.6666259765625,1196.6666259765625
2005-07-04,1206.6666259765625,1260.0,1203.3333740234375,1256.6666259765625
2005-07-05,1283.3333740234375,1283.3333740234375,1253.3333740234375,1263.3333740234375
2005-07-06,1296.6666259765625,1296.6666259765625,1250.0,1250.0
2005-07-07,1260.0,1260.0,1246.6666259765625,1256.6666259765625
2005-07-08,1240.0,1256.6666259765625,1240.0,1243.3333740234375
2005-07-11,1243.3333740234375,1260.0,1236.6666259765625,1253.3333740234375
2005-07-12,1256.6666259765625,1256.6666259765625,1246.6666259765625,1250.0
2005-07-13,1243.3333740234375,1250.0,1240.0,1243.3333740234375
2005-07-14,1243.3333740234375,1253.3333740234375,1240.0,1240.0
2005-07-15,1236.6666259765625,1240.0,1233.3333740234375,1233.3333740234375
2005-07-18,1233.3333740234375,1233.3333740234375,1233.3333740234375,1233.3333740234375
2005-07-19,1233.3333740234375,1233.3333740234375,1223.3333740234375,1230.0
2005-07-20,1233.3333740234375,1233.3333740234375,1216.6666259765625,1223.3333740234375
2005-07-21,1233.3333740234375,1233.3333740234375,1220.0,1223.3333740234375
2005-07-22,1216.6666259765625,1216.6666259765625,1200.0,1200.0
2005-07-25,1210.0,1216.6666259765625,1210.0,1216.6666259765625
2005-07-26,1220.0,1220.0,1203.3333740234375,1216.6666259765625
2005-07-27,1213.3333740234375,1216.6666259765625,1206.6666259765625,1216.6666259765625
2005-07-28,1213.3333740234375,1213.3333740234375,1200.0,1203.3333740234375
2005-07-29,1203.3333740234375,1203.3333740234375,1200.0,1200.0
2005-08-01,1200.0,1210.0,1193.3333740234375,1200.0
2005-08-02,1200.0,1203.3333740234375,1190.0,1196.6666259765625
2005-08-03,1196.6666259765625,1216.6666259765625,1196.6666259765625,1213.3333740234375
2005-08-04,1213.3333740234375,1213.3333740234375,1183.3333740234375,1196.6666259765625
2005-08-05,1180.0,1193.3333740234375,1180.0,1186.6666259765625
2005-08-08,1166.6666259765625,1166.6666259765625,1143.3333740234375,1160.0
2005-08-09,1160.0,1166.6666259765625,1156.6666259765625,1156.6666259765625
2005-08-10,1193.3333740234375,1206.6666259765625,1186.6666259765625,1190.0
2005-08-11,1193.3333740234375,1206.6666259765625,1193.3333740234375,1203.3333740234375
2005-08-12,1226.6666259765625,1226.6666259765625,1200.0,1200.0
2005-08-15,1200.0,1206.6666259765625,1190.0,1200.0
2005-08-16,1223.3333740234375,1223.3333740234375,1203.3333740234375,1206.6666259765625
2005-08-17,1210.0,1216.6666259765625,1203.3333740234375,1210.0
2005-08-18,1216.6666259765625,1216.6666259765625,1203.3333740234375,1213.3333740234375
2005-08-19,1216.6666259765625,1216.6666259765625,1200.0,1200.0
2005-08-22,1200.0,1203.3333740234375,1190.0,1196.6666259765625
2005-08-23,1196.6666259765625,1203.3333740234375,1196.6666259765625,1200.0
2005-08-24,1210.0,1210.0,1203.3333740234375,1206.6666259765625
2005-08-25,1210.0,1210.0,1200.0,1203.3333740234375
2005-08-26,1203.3333740234375,1203.3333740234375,1196.6666259765625,1200.0
2005-08-29,1206.6666259765625,1206.6666259765625,1186.6666259765625,1186.6666259765625
2005-08-30,1186.6666259765625,1193.3333740234375,1180.0,1183.3333740234375
2005-08-31,1180.0,1183.3333740234375,1173.3333740234375,1173.3333740234375
2005-09-01,1173.3333740234375,1176.6666259765625,1160.0,1160.0
2005-09-02,1176.6666259765625,1176.6666259765625,1156.6666259765625,1160.0
2005-09-05,1166.6666259765625,1166.6666259765625,1146.6666259765625,1150.0
2005-09-06,1146.6666259765625,1146.6666259765625,1130.0,1130.0
2005-09-07,1133.3333740234375,1133.3333740234375,1123.3333740234375,1126.6666259765625
2005-09-08,1120.0,1140.0,1120.0,1133.3333740234375
2005-09-09,1133.3333740234375,1133.3333740234375,1126.6666259765625,1130.0
2005-09-12,1133.3333740234375,1140.0,1130.0,1130.0
2005-09-13,1133.3333740234375,1133.3333740234375,1130.0,1133.3333740234375
2005-09-14,1136.6666259765625,1140.0,1130.0,1130.0
2005-09-15,1130.0,1130.0,1126.6666259765625,1126.6666259765625
2005-09-16,1130.0,1133.3333740234375,1130.0,1133.3333740234375
2005-09-19,1133.3333740234375,1133.3333740234375,1133.3333740234375,1133.3333740234375
2005-09-20,1136.6666259765625,1146.6666259765625,1126.6666259765625,1130.0
2005-09-21,1133.3333740234375,1133.3333740234375,1126.6666259765625,1133.3333740234375
2005-09-22,1133.3333740234375,1136.6666259765625,1123.3333740234375,1126.6666259765625
2005-09-23,1126.6666259765625,1126.6666259765625,1126.6666259765625,1126.6666259765625
2005-09-26,1133.3333740234375,1133.3333740234375,1130.0,1133.3333740234375
2005-09-27,1133.3333740234375,1133.3333740234375,1120.0,1126.6666259765625
2005-09-28,1126.6666259765625,1140.0,1123.3333740234375,1133.3333740234375
2005-09-29,1133.3333740234375,1133.3333740234375,1126.6666259765625,1130.0
2005-09-30,1130.0,1133.3333740234375,1126.6666259765625,1130.0
2005-10-03,1133.3333740234375,1133.3333740234375,1130.0,1133.3333740234375
2005-10-04,1146.6666259765625,1186.6666259765625,1146.6666259765625,1146.6666259765625
2005-10-05,1183.3333740234375,1313.3333740234375,1166.6666259765625,1263.3333740234375
2005-10-06,1250.0,1250.0,1170.0,1180.0
2005-10-07,1180.0,1210.0,1176.6666259765625,1190.0
2005-10-10,1190.0,1190.0,1190.0,1190.0
2005-10-11,1200.0,1210.0,1196.6666259765625,1210.0
2005-10-12,1226.6666259765625,1266.6666259765625,1216.6666259765625,1243.3333740234375
2005-10-13,1250.0,1256.6666259765625,1243.3333740234375,1256.6666259765625
2005-10-14,1256.6666259765625,1283.3333740234375,1250.0,1283.3333740234375
2005-10-17,1296.6666259765625,1326.6666259765625,1290.0,1323.3333740234375
2005-10-18,1330.0,1330.0,1276.6666259765625,1283.3333740234375
2005-10-19,1283.3333740234375,1300.0,1276.6666259765625,1280.0
2005-10-20,1283.3333740234375,1296.6666259765625,1283.3333740234375,1293.3333740234375
2005-10-21,1283.3333740234375,1286.6666259765625,1266.6666259765625,1276.6666259765625
2005-10-24,1276.6666259765625,1286.6666259765625,1266.6666259765625,1266.6666259765625
2005-10-25,1266.6666259765625,1290.0,1266.6666259765625,1283.3333740234375
2005-10-26,1286.6666259765625,1296.6666259765625,1286.6666259765625,1290.0
2005-10-27,1290.0,1293.3333740234375,1283.3333740234375,1286.6666259765625
2005-10-28,1286.6666259765625,1313.3333740234375,1283.3333740234375,1313.3333740234375
2005-10-31,1323.3333740234375,1416.6666259765625,1306.6666259765625,1400.0
2005-11-01,1400.0,1406.6666259765625,1383.3333740234375,1386.6666259765625
2005-11-02,1376.6666259765625,1376.6666259765625,1350.0,1353.3333740234375
2005-11-03,1353.3333740234375,1353.3333740234375,1353.3333740234375,1353.3333740234375
2005-11-04,1376.6666259765625,1393.3333740234375,1376.6666259765625,1383.3333740234375
2005-11-07,1400.0,1410.0,1390.0,1406.6666259765625
2005-11-08,1410.0,1410.0,1380.0,1390.0
2005-11-09,1393.3333740234375,1393.3333740234375,1360.0,1360.0
2005-11-10,1350.0,1380.0,1350.0,1376.6666259765625
2005-11-11,1390.0,1390.0,1366.6666259765625,1373.3333740234375
2005-11-14,1366.6666259765625,1380.0,1353.3333740234375,1376.6666259765625
2005-11-15,1360.0,1366.6666259765625,1356.6666259765625,1356.6666259765625
2005-11-16,1356.6666259765625,1356.6666259765625,1340.0,1353.3333740234375
2005-11-17,1346.6666259765625,1366.6666259765625,1340.0,1366.6666259765625
2005-11-18,1366.6666259765625,1366.6666259765625,1346.6666259765625,1363.3333740234375
2005-11-21,1363.3333740234375,1376.6666259765625,1353.3333740234375,1353.3333740234375
2005-11-22,1350.0,1350.0,1293.3333740234375,1296.6666259765625
2005-11-23,1296.6666259765625,1296.6666259765625,1296.6666259765625,1296.6666259765625
2005-11-24,1296.6666259765625,1313.3333740234375,1296.6666259765625,1296.6666259765625
2005-11-25,1296.6666259765625,1303.3333740234375,1293.3333740234375,1303.3333740234375
2005-11-28,1290.0,1296.6666259765625,1266.6666259765625,1270.0
2005-11-29,1273.3333740234375,1290.0,1273.3333740234375,1286.6666259765625
2005-11-30,1280.0,1280.0,1260.0,1260.0
2005-12-01,1266.6666259765625,1280.0,1263.3333740234375,1270.0
2005-12-02,1273.3333740234375,1290.0,1273.3333740234375,1283.3333740234375
2005-12-05,1400.0,1440.0,1400.0,1410.0
2005-12-06,1416.6666259765625,1426.6666259765625,1366.6666259765625,1376.6666259765625
2005-12-07,1376.6666259765625,1400.0,1373.3333740234375,1390.0
2005-12-08,1376.6666259765625,1400.0,1366.6666259765625,1380.0
2005-12-09,1346.6666259765625,1360.0,1323.3333740234375,1340.0
2005-12-12,1406.6666259765625,1406.6666259765625,1366.6666259765625,1386.6666259765625
2005-12-13,1376.6666259765625,1386.6666259765625,1333.3333740234375,1350.0
2005-12-14,1346.6666259765625,1346.6666259765625,1306.6666259765625,1313.3333740234375
2005-12-15,1310.0,1320.0,1293.3333740234375,1313.3333740234375
2005-12-16,1313.3333740234375,1320.0,1290.0,1320.0
2005-12-19,1333.3333740234375,1333.3333740234375,1300.0,1330.0
2005-12-20,1330.0,1356.6666259765625,1323.3333740234375,1343.3333740234375
2005-12-21,1333.3333740234375,1346.6666259765625,1320.0,1333.3333740234375
2005-12-22,1330.0,1333.3333740234375,1296.6666259765625,1296.6666259765625
2005-12-23,1296.6666259765625,1296.6666259765625,1296.6666259765625,1296.6666259765625
2005-12-26,1300.0,1310.0,1283.3333740234375,1286.6666259765625
2005-12-27,1283.3333740234375,1296.6666259765625,1283.3333740234375,1290.0
2005-12-28,1293.3333740234375,1313.3333740234375,1293.3333740234375,1313.3333740234375
2005-12-29,1330.0,1380.0,1330.0,1376.6666259765625
2005-12-30,1360.0,1363.3333740234375,1333.3333740234375,1333.3333740234375
2006-01-02,1333.3333740234375,1333.3333740234375,1333.3333740234375,1333.3333740234375
2006-01-03,1333.3333740234375,1333.3333740234375,1333.3333740234375,1333.3333740234375
2006-01-04,1360.0,1373.3333740234375,1350.0,1356.6666259765625
2006-01-05,1373.3333740234375,1400.0,1366.6666259765625,1386.6666259765625
2006-01-06,1400.0,1433.3333740234375,1400.0,1430.0
2006-01-09,1430.0,1430.0,1430.0,1430.0
2006-01-10,1443.3333740234375,1466.6666259765625,1440.0,1460.0
2006-01-11,1460.0,1466.6666259765625,1443.3333740234375,1460.0
2006-01-12,1466.6666259765625,1473.3333740234375,1460.0,1463.3333740234375
2006-01-13,1483.3333740234375,1523.3333740234375,1476.6666259765625,1516.6666259765625
2006-01-16,1543.3333740234375,1633.3333740234375,1530.0,1620.0
2006-01-17,1596.6666259765625,1600.0,1553.3333740234375,1566.6666259765625
2006-01-18,1500.0,1523.3333740234375,1466.6666259765625,1486.6666259765625
2006-01-19,1470.0,1653.3333740234375,1416.6666259765625,1613.3333740234375
2006-01-20,1646.6666259765625,1646.6666259765625,1593.3333740234375,1593.3333740234375
2006-01-23,1483.3333740234375,1533.3333740234375,1483.3333740234375,1490.0
2006-01-24,1486.6666259765625,1516.6666259765625,1483.3333740234375,1496.6666259765625
2006-01-25,1530.0,1560.0,1496.6666259765625,1553.3333740234375
2006-01-26,1560.0,1600.0,1560.0,1586.6666259765625
2006-01-27,1570.0,1600.0,1540.0,1600.0
2006-01-30,1633.3333740234375,1643.3333740234375,1600.0,1630.0
2006-01-31,1600.0,1683.3333740234375,1600.0,1673.3333740234375
2006-02-01,1606.6666259765625,1616.6666259765625,1586.6666259765625,1586.6666259765625
2006-02-02,1576.6666259765625,1586.6666259765625,1530.0,1550.0
2006-02-03,1533.3333740234375,1533.3333740234375,1500.0,1516.6666259765625
2006-02-06,1523.3333740234375,1526.6666259765625,1516.6666259765625,1523.3333740234375
2006-02-07,1523.3333740234375,1543.3333740234375,1520.0,1523.3333740234375
2006-02-08,1520.0,1520.0,1503.3333740234375,1503.3333740234375
2006-02-09,1510.0,1516.6666259765625,1493.3333740234375,1513.3333740234375
2006-02-10,1510.0,1513.3333740234375,1483.3333740234375,1513.3333740234375
2006-02-13,1493.3333740234375,1493.3333740234375,1433.3333740234375,1440.0
2006-02-14,1443.3333740234375,1456.6666259765625,1386.6666259765625,1396.6666259765625
2006-02-15,1393.3333740234375,1433.3333740234375,1393.3333740234375,1413.3333740234375
2006-02-16,1430.0,1450.0,1416.6666259765625,1430.0
2006-02-17,1433.3333740234375,1443.3333740234375,1420.0,1420.0
2006-02-20,1433.3333740234375,1450.0,1416.6666259765625,1450.0
2006-02-21,1433.3333740234375,1463.3333740234375,1433.3333740234375,1446.6666259765625
2006-02-22,1443.3333740234375,1460.0,1426.6666259765625,1440.0
2006-02-23,1416.6666259765625,1450.0,1390.0,1440.0
2006-02-24,1443.3333740234375,1453.3333740234375,1440.0,1450.0
2006-02-27,1476.6666259765625,1510.0,1463.3333740234375,1463.3333740234375
2006-02-28,1480.0,1506.6666259765625,1480.0,1500.0
2006-03-01,1500.0,1500.0,1456.6666259765625,1483.3333740234375
2006-03-02,1500.0,1500.0,1456.6666259765625,1483.3333740234375
2006-03-03,1463.3333740234375,1470.0,1456.6666259765625,1466.6666259765625
2006-03-06,1466.6666259765625,1466.6666259765625,1440.0,1463.3333740234375
2006-03-07,1463.3333740234375,1466.6666259765625,1450.0,1466.6666259765625
2006-03-08,1460.0,1460.0,1430.0,1433.3333740234375
2006-03-09,1436.6666259765625,1440.0,1420.0,1433.3333740234375
2006-03-10,1426.6666259765625,1426.6666259765625,1396.6666259765625,1400.0
2006-03-13,1410.0,1423.3333740234375,1400.0,1423.3333740234375
2006-03-14,1433.3333740234375,1433.3333740234375,1423.3333740234375,1433.3333740234375
2006-03-15,1450.0,1490.0,1443.3333740234375,1480.0
2006-03-16,1483.3333740234375,1483.3333740234375,1473.3333740234375,1473.3333740234375
2006-03-17,1473.3333740234375,1486.6666259765625,1470.0,1480.0
2006-03-20,1473.3333740234375,1480.0,1470.0,1480.0
2006-03-21,1480.0,1480.0,1480.0,1480.0
2006-03-22,1486.6666259765625,1493.3333740234375,1483.3333740234375,1493.3333740234375
2006-03-23,1493.3333740234375,1496.6666259765625,1463.3333740234375,1463.3333740234375
2006-03-24,1466.6666259765625,1473.3333740234375,1456.6666259765625,1460.0
2006-03-27,1460.0,1466.6666259765625,1460.0,1466.6666259765625
2006-03-28,1396.6666259765625,1416.6666259765625,1376.6666259765625,1406.6666259765625
2006-03-29,1406.6666259765625,1443.3333740234375,1406.6666259765625,1440.0
2006-03-30,1443.3333740234375,1443.3333740234375,1423.3333740234375,1436.6666259765625
2006-03-31,1440.0,1443.3333740234375,1420.0,1420.0
2006-04-03,1446.6666259765625,1453.3333740234375,1416.6666259765625,1443.3333740234375
2006-04-04,1450.0,1453.3333740234375,1433.3333740234375,1436.6666259765625
2006-04-05,1406.6666259765625,1433.3333740234375,1400.0,1403.3333740234375
2006-04-06,1403.3333740234375,1410.0,1390.0,1400.0
2006-04-07,1413.3333740234375,1413.3333740234375,1393.3333740234375,1396.6666259765625
2006-04-10,1400.0,1406.6666259765625,1393.3333740234375,1406.6666259765625
2006-04-11,1406.6666259765625,1413.3333740234375,1396.6666259765625,1406.6666259765625
2006-04-12,1413.3333740234375,1433.3333740234375,1400.0,1430.0
2006-04-13,1430.0,1430.0,1406.6666259765625,1416.6666259765625
2006-04-14,1416.6666259765625,1416.6666259765625,1396.6666259765625,1403.3333740234375
2006-04-17,1403.3333740234375,1413.3333740234375,1396.6666259765625,1400.0
2006-04-18,1400.0,1423.3333740234375,1400.0,1423.3333740234375
2006-04-19,1426.6666259765625,1436.6666259765625,1426.6666259765625,1433.3333740234375
2006-04-20,1430.0,1430.0,1406.6666259765625,1426.6666259765625
2006-04-21,1420.0,1433.3333740234375,1420.0,1430.0
2006-04-24,1436.6666259765625,1466.6666259765625,1430.0,1466.6666259765625
2006-04-25,1426.6666259765625,1463.3333740234375,1423.3333740234375,1463.3333740234375
2006-04-26,1466.6666259765625,1483.3333740234375,1463.3333740234375,1476.6666259765625
2006-04-27,1473.3333740234375,1496.6666259765625,1470.0,1490.0
2006-04-28,1490.0,1496.6666259765625,1476.6666259765625,1490.0
2006-05-01,1496.6666259765625,1523.3333740234375,1493.3333740234375,1520.0
2006-05-02,1560.0,1586.6666259765625,1533.3333740234375,1540.0
2006-05-03,1540.0,1540.0,1540.0,1540.0
2006-05-04,1540.0,1540.0,1540.0,1540.0
2006-05-05,1540.0,1540.0,1540.0,1540.0
2006-05-08,1553.3333740234375,1566.6666259765625,1546.6666259765625,1563.3333740234375
2006-05-09,1566.6666259765625,1566.6666259765625,1550.0,1556.6666259765625
2006-05-10,1540.0,1550.0,1510.0,1536.6666259765625
2006-05-11,1536.6666259765625,1550.0,1533.3333740234375,1540.0
2006-05-12,1536.6666259765625,1546.6666259765625,1500.0,1546.6666259765625
2006-05-15,1546.6666259765625,1553.3333740234375,1533.3333740234375,1553.3333740234375
2006-05-16,1536.6666259765625,1540.0,1473.3333740234375,1496.6666259765625
2006-05-17,1463.3333740234375,1476.6666259765625,1440.0,1460.0
2006-05-18,1476.6666259765625,1493.3333740234375,1453.3333740234375,1483.3333740234375
2006-05-19,1466.6666259765625,1503.3333740234375,1466.6666259765625,1470.0
2006-05-22,1533.3333740234375,1553.3333740234375,1503.3333740234375,1540.0
2006-05-23,1523.3333740234375,1546.6666259765625,1506.6666259765625,1543.3333740234375
2006-05-24,1546.6666259765625,1546.6666259765625,1510.0,1513.3333740234375
2006-05-25,1513.3333740234375,1543.3333740234375,1510.0,1533.3333740234375
2006-05-26,1533.3333740234375,1543.3333740234375,1510.0,1523.3333740234375
2006-05-29,1520.0,1540.0,1503.3333740234375,1526.6666259765625
2006-05-30,1533.3333740234375,1546.6666259765625,1533.3333740234375,1543.3333740234375
2006-05-31,1533.3333740234375,1550.0,1510.0,1536.6666259765625
2006-06-01,1533.3333740234375,1536.6666259765625,1533.3333740234375,1533.3333740234375
2006-06-02,1530.0,1530.0,1440.0,1503.3333740234375
2006-06-05,1520.0,1520.0,1476.6666259765625,1496.6666259765625
2006-06-06,1463.3333740234375,1500.0,1453.3333740234375,1483.3333740234375
2006-06-07,1466.6666259765625,1483.3333740234375,1453.3333740234375,1453.3333740234375
2006-06-08,1466.6666259765625,1473.3333740234375,1433.3333740234375,1446.6666259765625
2006-06-09,1413.3333740234375,1413.3333740234375,1336.6666259765625,1370.0
2006-06-12,1360.0,1423.3333740234375,1330.0,1416.6666259765625
2006-06-13,1426.6666259765625,1430.0,1390.0,1390.0
2006-06-14,1366.6666259765625,1366.6666259765625,1340.0,1360.0
2006-06-15,1343.3333740234375,1366.6666259765625,1343.3333740234375,1366.6666259765625
2006-06-16,1363.3333740234375,1393.3333740234375,1343.3333740234375,1353.3333740234375
2006-06-19,1350.0,1356.6666259765625,1330.0,1330.0
2006-06-20,1346.6666259765625,1346.6666259765625,1330.0,1333.3333740234375
2006-06-21,1350.0,1350.0,1333.3333740234375,1333.3333740234375
2006-06-22,1346.6666259765625,1360.0,1336.6666259765625,1360.0
2006-06-23,1360.0,1360.0,1346.6666259765625,1356.6666259765625
2006-06-26,1360.0,1366.6666259765625,1353.3333740234375,1366.6666259765625
2006-06-27,1373.3333740234375,1390.0,1373.3333740234375,1390.0
2006-06-28,1396.6666259765625,1440.0,1380.0,1420.0
2006-06-29,1423.3333740234375,1493.3333740234375,1420.0,1470.0
2006-06-30,1453.3333740234375,1493.3333740234375,1453.3333740234375,1490.0
2006-07-03,1493.3333740234375,1513.3333740234375,1470.0,1473.3333740234375
2006-07-04,1490.0,1510.0,1476.6666259765625,1506.6666259765625
2006-07-05,1470.0,1500.0,1470.0,1493.3333740234375
2006-07-06,1496.6666259765625,1496.6666259765625,1476.6666259765625,1493.3333740234375
2006-07-07,1493.3333740234375,1496.6666259765625,1473.3333740234375,1480.0
2006-07-10,1480.0,1493.3333740234375,1476.6666259765625,1483.3333740234375
2006-07-11,1466.6666259765625,1476.6666259765625,1463.3333740234375,1470.0
2006-07-12,1470.0,1470.0,1460.0,1460.0
2006-07-13,1450.0,1456.6666259765625,1433.3333740234375,1436.6666259765625
2006-07-14,1436.6666259765625,1466.6666259765625,1433.3333740234375,1450.0
2006-07-17,1450.0,1450.0,1450.0,1450.0
2006-07-18,1426.6666259765625,1443.3333740234375,1386.6666259765625,1386.6666259765625
2006-07-19,1386.6666259765625,1423.3333740234375,1386.6666259765625,1413.3333740234375
2006-07-20,1363.3333740234375,1393.3333740234375,1340.0,1393.3333740234375
2006-07-21,1383.3333740234375,1383.3333740234375,1356.6666259765625,1363.3333740234375
2006-07-24,1363.3333740234375,1373.3333740234375,1353.3333740234375,1360.0
2006-07-25,1363.3333740234375,1373.3333740234375,1353.3333740234375,1353.3333740234375
2006-07-26,1366.6666259765625,1443.3333740234375,1363.3333740234375,1426.6666259765625
2006-07-27,1433.3333740234375,1453.3333740234375,1360.0,1390.0
2006-07-28,1386.6666259765625,1390.0,1366.6666259765625,1376.6666259765625
2006-07-31,1400.0,1400.0,1370.0,1386.6666259765625
2006-08-01,1393.3333740234375,1400.0,1383.3333740234375,1390.0
2006-08-02,1430.0,1460.0,1406.6666259765625,1450.0
2006-08-03,1466.6666259765625,1483.3333740234375,1450.0,1476.6666259765625
2006-08-04,1476.6666259765625,1476.6666259765625,1430.0,1443.3333740234375
2006-08-07,1446.6666259765625,1460.0,1443.3333740234375,1443.3333740234375
2006-08-08,1410.0,1466.6666259765625,1410.0,1450.0
2006-08-09,1453.3333740234375,1466.6666259765625,1433.3333740234375,1446.6666259765625
2006-08-10,1443.3333740234375,1460.0,1440.0,1456.6666259765625
2006-08-11,1450.0,1463.3333740234375,1450.0,1453.3333740234375
2006-08-14,1466.6666259765625,1470.0,1433.3333740234375,1470.0
2006-08-15,1450.0,1483.3333740234375,1450.0,1480.0
2006-08-16,1483.3333740234375,1500.0,1480.0,1500.0
2006-08-17,1500.0,1503.3333740234375,1486.6666259765625,1493.3333740234375
2006-08-18,1500.0,1516.6666259765625,1483.3333740234375,1516.6666259765625
2006-08-21,1530.0,1530.0,1500.0,1506.6666259765625
2006-08-22,1516.6666259765625,1516.6666259765625,1486.6666259765625,1506.6666259765625
2006-08-23,1506.6666259765625,1506.6666259765625,1490.0,1490.0
2006-08-24,1486.6666259765625,1486.6666259765625,1470.0,1473.3333740234375
2006-08-25,1476.6666259765625,1480.0,1466.6666259765625,1466.6666259765625
2006-08-28,1450.0,1460.0,1443.3333740234375,1446.6666259765625
2006-08-29,1460.0,1480.0,1456.6666259765625,1480.0
2006-08-30,1480.0,1496.6666259765625,1416.6666259765625,1450.0
2006-08-31,1466.6666259765625,1490.0,1453.3333740234375,1456.6666259765625
2006-09-01,1456.6666259765625,1480.0,1456.6666259765625,1460.0
2006-09-04,1463.3333740234375,1493.3333740234375,1463.3333740234375,1473.3333740234375
2006-09-05,1483.3333740234375,1500.0,1470.0,1500.0
2006-09-06,1480.0,1500.0,1480.0,1486.6666259765625
2006-09-07,1480.0,1483.3333740234375,1450.0,1466.6666259765625
2006-09-08,1476.6666259765625,1496.6666259765625,1476.6666259765625,1490.0
2006-09-11,1483.3333740234375,1483.3333740234375,1466.6666259765625,1483.3333740234375
2006-09-12,1460.0,1466.6666259765625,1456.6666259765625,1460.0
2006-09-13,1466.6666259765625,1480.0,1460.0,1463.3333740234375
2006-09-14,1466.6666259765625,1490.0,1456.6666259765625,1490.0
2006-09-15,1490.0,1490.0,1440.0,1446.6666259765625
2006-09-18,1446.6666259765625,1446.6666259765625,1446.6666259765625,1446.6666259765625
2006-09-19,1450.0,1476.6666259765625,1433.3333740234375,1436.6666259765625
2006-09-20,1433.3333740234375,1460.0,1433.3333740234375,1460.0
2006-09-21,1456.6666259765625,1456.6666259765625,1446.6666259765625,1446.6666259765625
2006-09-22,1433.3333740234375,1446.6666259765625,1423.3333740234375,1433.3333740234375
2006-09-25,1416.6666259765625,1430.0,1400.0,1420.0
2006-09-26,1400.0,1416.6666259765625,1400.0,1400.0
2006-09-27,1403.3333740234375,1430.0,1403.3333740234375,1430.0
2006-09-28,1420.0,1446.6666259765625,1420.0,1446.6666259765625
2006-09-29,1446.6666259765625,1450.0,1433.3333740234375,1446.6666259765625
2006-10-02,1430.0,1466.6666259765625,1430.0,1463.3333740234375
2006-10-03,1480.0,1513.3333740234375,1470.0,1500.0
2006-10-04,1500.0,1506.6666259765625,1473.3333740234375,1486.6666259765625
2006-10-05,1476.6666259765625,1490.0,1466.6666259765625,1483.3333740234375
2006-10-06,1483.3333740234375,1483.3333740234375,1456.6666259765625,1466.6666259765625
2006-10-09,1466.6666259765625,1466.6666259765625,1466.6666259765625,1466.6666259765625
2006-10-10,1440.0,1443.3333740234375,1416.6666259765625,1436.6666259765625
2006-10-11,1433.3333740234375,1433.3333740234375,1403.3333740234375,1413.3333740234375
2006-10-12,1410.0,1413.3333740234375,1383.3333740234375,1386.6666259765625
2006-10-13,1383.3333740234375,1396.6666259765625,1366.6666259765625,1390.0
2006-10-16,1396.6666259765625,1413.3333740234375,1393.3333740234375,1413.3333740234375
2006-10-17,1410.0,1416.6666259765625,1400.0,1406.6666259765625
2006-10-18,1396.6666259765625,1413.3333740234375,1386.6666259765625,1393.3333740234375
2006-10-19,1393.3333740234375,1403.3333740234375,1386.6666259765625,1390.0
2006-10-20,1393.3333740234375,1403.3333740234375,1353.3333740234375,1363.3333740234375
2006-10-23,1363.3333740234375,1380.0,1363.3333740234375,1370.0
2006-10-24,1403.3333740234375,1406.6666259765625,1383.3333740234375,1386.6666259765625
2006-10-25,1403.3333740234375,1403.3333740234375,1390.0,1396.6666259765625
2006-10-26,1403.3333740234375,1403.3333740234375,1370.0,1370.0
2006-10-27,1373.3333740234375,1373.3333740234375,1356.6666259765625,1360.0
2006-10-30,1366.6666259765625,1373.3333740234375,1350.0,1360.0
2006-10-31,1366.6666259765625,1366.6666259765625,1350.0,1350.0
2006-11-01,1360.0,1360.0,1340.0,1343.3333740234375
2006-11-02,1353.3333740234375,1366.6666259765625,1343.3333740234375,1353.3333740234375
2006-11-03,1353.3333740234375,1353.3333740234375,1353.3333740234375,1353.3333740234375
2006-11-06,1326.6666259765625,1330.0,1250.0,1266.6666259765625
2006-11-07,1256.6666259765625,1263.3333740234375,1220.0,1236.6666259765625
2006-11-08,1220.0,1220.0,1153.3333740234375,1176.6666259765625
2006-11-09,1176.6666259765625,1193.3333740234375,1156.6666259765625,1160.0
2006-11-10,1160.0,1166.6666259765625,1123.3333740234375,1133.3333740234375
2006-11-13,1150.0,1156.6666259765625,1123.3333740234375,1126.6666259765625
2006-11-14,1123.3333740234375,1143.3333740234375,1116.6666259765625,1130.0
2006-11-15,1133.3333740234375,1133.3333740234375,1126.6666259765625,1130.0
2006-11-16,1130.0,1130.0,1083.3333740234375,1086.6666259765625
2006-11-17,1080.0,1083.3333740234375,1023.3333129882812,1030.0
2006-11-20,1030.0,1040.0,983.3333129882812,983.3333129882812
2006-11-21,986.6666870117188,1016.6666870117188,986.6666870117188,1010.0
2006-11-22,1010.0,1033.3333740234375,996.6666870117188,1006.6666870117188
2006-11-23,1006.6666870117188,1006.6666870117188,1006.6666870117188,1006.6666870117188
2006-11-24,1033.3333740234375,1033.3333740234375,1000.0,1016.6666870117188
2006-11-27,1003.3333129882812,1046.6666259765625,1003.3333129882812,1046.6666259765625
2006-11-28,1053.3333740234375,1083.3333740234375,1036.6666259765625,1073.3333740234375
2006-11-29,1100.0,1130.0,1083.3333740234375,1130.0
2006-11-30,1143.3333740234375,1143.3333740234375,1106.6666259765625,1110.0
2006-12-01,1113.3333740234375,1126.6666259765625,1103.3333740234375,1103.3333740234375
2006-12-04,1113.3333740234375,1116.6666259765625,1100.0,1110.0
2006-12-05,1113.3333740234375,1113.3333740234375,1106.6666259765625,1106.6666259765625
2006-12-06,1110.0,1110.0,1086.6666259765625,1096.6666259765625
2006-12-07,1090.0,1093.3333740234375,1066.6666259765625,1080.0
2006-12-08,1080.0,1080.0,1066.6666259765625,1073.3333740234375
2006-12-11,1073.3333740234375,1073.3333740234375,1066.6666259765625,1070.0
2006-12-12,1070.0,1080.0,1070.0,1076.6666259765625
2006-12-13,1076.6666259765625,1083.3333740234375,1073.3333740234375,1080.0
2006-12-14,1080.0,1080.0,1073.3333740234375,1076.6666259765625
2006-12-15,1066.6666259765625,1066.6666259765625,1030.0,1033.3333740234375
2006-12-18,1033.3333740234375,1040.0,1023.3333129882812,1026.6666259765625
2006-12-19,1026.6666259765625,1026.6666259765625,990.0,993.3333129882812
2006-12-20,993.3333129882812,996.6666870117188,950.0,960.0
2006-12-21,973.3333129882812,986.6666870117188,956.6666870117188,960.0
2006-12-22,960.0,960.0,936.6666870117188,940.0
2006-12-25,940.0,940.0,930.0,933.3333129882812
2006-12-26,933.3333129882812,933.3333129882812,926.6666870117188,930.0
2006-12-27,936.6666870117188,940.0,926.6666870117188,926.6666870117188
2006-12-28,930.0,953.3333129882812,930.0,943.3333129882812
2006-12-29,950.0,956.6666870117188,946.6666870117188,950.0
2007-01-04,950.0,950.0,933.3333129882812,940.0
2007-01-05,950.0,950.0,903.3333129882812,906.6666870117188
2007-01-09,910.0,930.0,910.0,923.3333129882812
2007-01-10,933.3333129882812,946.6666870117188,930.0,940.0
2007-01-11,950.0,950.0,930.0,933.3333129882812
2007-01-12,933.3333129882812,936.6666870117188,930.0,930.0
2007-01-15,933.3333129882812,936.6666870117188,930.0,933.3333129882812
2007-01-16,933.3333129882812,936.6666870117188,930.0,936.6666870117188
2007-01-17,936.6666870117188,936.6666870117188,933.3333129882812,936.6666870117188
2007-01-18,940.0,950.0,940.0,946.6666870117188
2007-01-19,936.6666870117188,943.3333129882812,913.3333129882812,930.0
2007-01-22,943.3333129882812,943.3333129882812,930.0,933.3333129882812
2007-01-23,933.3333129882812,936.6666870117188,930.0,930.0
2007-01-24,933.3333129882812,940.0,930.0,936.6666870117188
2007-01-25,936.6666870117188,940.0,933.3333129882812,933.3333129882812
2007-01-26,933.3333129882812,936.6666870117188,930.0,933.3333129882812
2007-01-29,940.0,963.3333129882812,936.6666870117188,960.0
2007-01-30,973.3333129882812,980.0,966.6666870117188,966.6666870117188
2007-01-31,970.0,970.0,943.3333129882812,943.3333129882812
2007-02-01,943.3333129882812,943.3333129882812,933.3333129882812,936.6666870117188
2007-02-02,933.3333129882812,943.3333129882812,933.3333129882812,943.3333129882812
2007-02-05,933.3333129882812,933.3333129882812,916.6666870117188,916.6666870117188
2007-02-06,916.6666870117188,923.3333129882812,916.6666870117188,920.0
2007-02-07,916.6666870117188,916.6666870117188,900.0,903.3333129882812
2007-02-08,903.3333129882812,910.0,900.0,903.3333129882812
2007-02-09,916.6666870117188,933.3333129882812,903.3333129882812,926.6666870117188
2007-02-13,930.0,946.6666870117188,930.0,943.3333129882812
2007-02-14,943.3333129882812,943.3333129882812,933.3333129882812,933.3333129882812
2007-02-15,940.0,953.3333129882812,936.6666870117188,953.3333129882812
2007-02-16,953.3333129882812,953.3333129882812,950.0,953.3333129882812
2007-02-19,956.6666870117188,960.0,953.3333129882812,960.0
2007-02-20,963.3333129882812,963.3333129882812,960.0,960.0
2007-02-21,960.0,963.3333129882812,956.6666870117188,956.6666870117188
2007-02-22,960.0,963.3333129882812,953.3333129882812,956.6666870117188
2007-02-23,950.0,956.6666870117188,946.6666870117188,946.6666870117188
2007-02-26,956.6666870117188,960.0,953.3333129882812,960.0
2007-02-27,963.3333129882812,963.3333129882812,953.3333129882812,960.0
2007-02-28,933.3333129882812,960.0,926.6666870117188,953.3333129882812
2007-03-01,963.3333129882812,963.3333129882812,946.6666870117188,950.0
2007-03-02,960.0,960.0,946.6666870117188,953.3333129882812
2007-03-05,950.0,950.0,933.3333129882812,933.3333129882812
2007-03-06,930.0,943.3333129882812,926.6666870117188,936.6666870117188
2007-03-07,936.6666870117188,993.3333129882812,936.6666870117188,963.3333129882812
2007-03-08,963.3333129882812,970.0,960.0,966.6666870117188
2007-03-09,940.0,960.0,940.0,960.0
2007-03-12,966.6666870117188,966.6666870117188,960.0,960.0
2007-03-13,960.0,963.3333129882812,960.0,963.3333129882812
2007-03-14,956.6666870117188,960.0,950.0,953.3333129882812
2007-03-15,960.0,963.3333129882812,956.6666870117188,956.6666870117188
2007-03-16,956.6666870117188,960.0,953.3333129882812,953.3333129882812
2007-03-19,956.6666870117188,960.0,950.0,950.0
2007-03-20,956.6666870117188,960.0,953.3333129882812,956.6666870117188
2007-03-22,960.0,963.3333129882812,960.0,960.0
2007-03-23,963.3333129882812,966.6666870117188,960.0,966.6666870117188
2007-03-26,970.0,973.3333129882812,963.3333129882812,973.3333129882812
2007-03-27,933.3333129882812,940.0,930.0,933.3333129882812
2007-03-28,933.3333129882812,936.6666870117188,906.6666870117188,916.6666870117188
2007-03-29,913.3333129882812,920.0,910.0,916.6666870117188
2007-03-30,923.3333129882812,923.3333129882812,916.6666870117188,920.0
2007-04-02,913.3333129882812,916.6666870117188,896.6666870117188,896.6666870117188
2007-04-03,906.6666870117188,916.6666870117188,903.3333129882812,916.6666870117188
2007-04-04,916.6666870117188,923.3333129882812,916.6666870117188,923.3333129882812
2007-04-05,923.3333129882812,923.3333129882812,910.0,923.3333129882812
2007-04-06,926.6666870117188,926.6666870117188,910.0,913.3333129882812
2007-04-09,923.3333129882812,936.6666870117188,920.0,933.3333129882812
2007-04-10,933.3333129882812,943.3333129882812,920.0,936.6666870117188
2007-04-11,943.3333129882812,953.3333129882812,940.0,953.3333129882812
2007-04-12,960.0,1030.0,953.3333129882812,1020.0
2007-04-13,1030.0,1056.6666259765625,1026.6666259765625,1043.3333740234375
2007-04-16,1000.0,1020.0,973.3333129882812,980.0
2007-04-17,986.6666870117188,986.6666870117188,963.3333129882812,973.3333129882812
2007-04-18,980.0,980.0,966.6666870117188,966.6666870117188
2007-04-19,976.6666870117188,976.6666870117188,963.3333129882812,963.3333129882812
2007-04-20,963.3333129882812,963.3333129882812,940.0,953.3333129882812
2007-04-23,950.0,976.6666870117188,943.3333129882812,976.6666870117188
2007-04-24,966.6666870117188,1016.6666870117188,966.6666870117188,1006.6666870117188
2007-04-25,1013.3333129882812,1016.6666870117188,1003.3333129882812,1006.6666870117188
2007-04-26,1000.0,1000.0,966.6666870117188,983.3333129882812
2007-04-27,983.3333129882812,1006.6666870117188,983.3333129882812,996.6666870117188
2007-05-01,1000.0,1010.0,986.6666870117188,990.0
2007-05-02,976.6666870117188,990.0,970.0,976.6666870117188
2007-05-07,1000.0,1000.0,993.3333129882812,1000.0
2007-05-08,1000.0,1006.6666870117188,996.6666870117188,1006.6666870117188
2007-05-09,1006.6666870117188,1006.6666870117188,1003.3333129882812,1003.3333129882812
2007-05-10,993.3333129882812,996.6666870117188,993.3333129882812,996.6666870117188
2007-05-11,986.6666870117188,1000.0,986.6666870117188,993.3333129882812
2007-05-14,996.6666870117188,1000.0,993.3333129882812,1000.0
2007-05-15,996.6666870117188,1000.0,993.3333129882812,1000.0
2007-05-16,1013.3333129882812,1013.3333129882812,976.6666870117188,976.6666870117188
2007-05-17,983.3333129882812,986.6666870117188,973.3333129882812,983.3333129882812
2007-05-18,916.6666870117188,920.0,910.0,920.0
2007-05-21,963.3333129882812,963.3333129882812,936.6666870117188,940.0
2007-05-22,943.3333129882812,950.0,936.6666870117188,940.0
2007-05-23,933.3333129882812,943.3333129882812,933.3333129882812,940.0
2007-05-24,940.0,943.3333129882812,936.6666870117188,940.0
2007-05-25,926.6666870117188,933.3333129882812,926.6666870117188,930.0
2007-05-28,933.3333129882812,933.3333129882812,926.6666870117188,926.6666870117188
2007-05-29,936.6666870117188,940.0,933.3333129882812,940.0
2007-05-30,946.6666870117188,946.6666870117188,940.0,940.0
2007-05-31,950.0,950.0,943.3333129882812,946.6666870117188
2007-06-01,950.0,950.0,946.6666870117188,946.6666870117188
2007-06-04,953.3333129882812,953.3333129882812,943.3333129882812,950.0
2007-06-05,946.6666870117188,953.3333129882812,946.6666870117188,950.0
2007-06-06,943.3333129882812,946.6666870117188,933.3333129882812,936.6666870117188
2007-06-07,936.6666870117188,940.0,930.0,933.3333129882812
2007-06-08,926.6666870117188,926.6666870117188,883.3333129882812,916.6666870117188
2007-06-11,910.0,910.0,903.3333129882812,906.6666870117188
2007-06-12,906.6666870117188,906.6666870117188,903.3333129882812,903.3333129882812
2007-06-13,893.3333129882812,896.6666870117188,890.0,890.0
2007-06-14,893.3333129882812,896.6666870117188,890.0,896.6666870117188
2007-06-15,900.0,906.6666870117188,900.0,906.6666870117188
2007-06-18,913.3333129882812,916.6666870117188,913.3333129882812,913.3333129882812
2007-06-19,916.6666870117188,916.6666870117188,906.6666870117188,906.6666870117188
2007-06-20,906.6666870117188,910.0,903.3333129882812,910.0
2007-06-21,906.6666870117188,910.0,906.6666870117188,910.0
2007-06-22,903.3333129882812,910.0,903.3333129882812,910.0
2007-06-25,900.0,900.0,893.3333129882812,893.3333129882812
2007-06-26,890.0,893.3333129882812,890.0,890.0
2007-06-27,873.3333129882812,880.0,873.3333129882812,876.6666870117188
2007-06-28,883.3333129882812,883.3333129882812,883.3333129882812,883.3333129882812
2007-06-29,880.0,886.6666870117188,876.6666870117188,883.3333129882812
2007-07-02,880.0,883.3333129882812,876.6666870117188,883.3333129882812
2007-07-03,880.0,883.3333129882812,876.6666870117188,880.0
2007-07-04,873.3333129882812,873.3333129882812,873.3333129882812,873.3333129882812
2007-07-05,876.6666870117188,880.0,873.3333129882812,876.6666870117188
2007-07-06,880.0,880.0,876.6666870117188,880.0
2007-07-09,883.3333129882812,883.3333129882812,883.3333129882812,883.3333129882812
2007-07-10,886.6666870117188,900.0,886.6666870117188,896.6666870117188
2007-07-11,903.3333129882812,903.3333129882812,890.0,890.0
2007-07-12,900.0,906.6666870117188,893.3333129882812,900.0
2007-07-13,900.0,900.0,886.6666870117188,896.6666870117188
2007-07-17,883.3333129882812,890.0,880.0,883.3333129882812
2007-07-18,876.6666870117188,883.3333129882812,876.6666870117188,876.6666870117188
2007-07-19,876.6666870117188,876.6666870117188,873.3333129882812,876.6666870117188
2007-07-20,883.3333129882812,883.3333129882812,876.6666870117188,876.6666870117188
2007-07-23,876.6666870117188,880.0,873.3333129882812,876.6666870117188
2007-07-24,870.0,873.3333129882812,870.0,870.0
2007-07-25,873.3333129882812,876.6666870117188,873.3333129882812,876.6666870117188
2007-07-26,870.0,873.3333129882812,870.0,870.0
2007-07-27,873.3333129882812,873.3333129882812,870.0,870.0
2007-07-30,880.0,906.6666870117188,876.6666870117188,906.6666870117188
2007-07-31,906.6666870117188,913.3333129882812,906.6666870117188,913.3333129882812
2007-08-01,913.3333129882812,926.6666870117188,913.3333129882812,926.6666870117188
2007-08-02,933.3333129882812,940.0,933.3333129882812,933.3333129882812
2007-08-03,936.6666870117188,940.0,933.3333129882812,933.3333129882812
2007-08-06,936.6666870117188,936.6666870117188,933.3333129882812,936.6666870117188
2007-08-07,946.6666870117188,946.6666870117188,940.0,940.0
2007-08-08,950.0,950.0,940.0,950.0
2007-08-09,946.6666870117188,956.6666870117188,936.6666870117188,953.3333129882812
2007-08-10,953.3333129882812,960.0,946.6666870117188,946.6666870117188
2007-08-13,946.6666870117188,946.6666870117188,943.3333129882812,943.3333129882812
2007-08-14,943.3333129882812,950.0,943.3333129882812,946.6666870117188
2007-08-15,950.0,950.0,943.3333129882812,950.0
2007-08-16,943.3333129882812,943.3333129882812,933.3333129882812,943.3333129882812
2007-08-17,936.6666870117188,943.3333129882812,916.6666870117188,916.6666870117188
2007-08-20,920.0,926.6666870117188,903.3333129882812,923.3333129882812
2007-08-21,926.6666870117188,926.6666870117188,916.6666870117188,920.0
2007-08-22,916.6666870117188,923.3333129882812,916.6666870117188,923.3333129882812
2007-08-23,920.0,920.0,910.0,916.6666870117188
2007-08-24,916.6666870117188,920.0,910.0,920.0
2007-08-27,930.0,930.0,920.0,923.3333129882812
2007-08-28,926.6666870117188,926.6666870117188,916.6666870117188,920.0
2007-08-29,910.0,916.6666870117188,910.0,916.6666870117188
2007-08-30,910.0,913.3333129882812,910.0,910.0
2007-08-31,910.0,923.3333129882812,910.0,923.3333129882812
2007-09-03,930.0,933.3333129882812,930.0,933.3333129882812
2007-09-04,923.3333129882812,943.3333129882812,923.3333129882812,940.0
2007-09-05,926.6666870117188,930.0,926.6666870117188,926.6666870117188
2007-09-06,926.6666870117188,930.0,926.6666870117188,926.6666870117188
2007-09-07,926.6666870117188,926.6666870117188,916.6666870117188,920.0
2007-09-10,916.6666870117188,916.6666870117188,910.0,910.0
2007-09-11,900.0,903.3333129882812,900.0,900.0
2007-09-12,900.0,900.0,890.0,890.0
2007-09-13,880.0,880.0,876.6666870117188,880.0
2007-09-14,876.6666870117188,880.0,876.6666870117188,876.6666870117188
2007-09-18,876.6666870117188,876.6666870117188,866.6666870117188,866.6666870117188
2007-09-19,873.3333129882812,873.3333129882812,870.0,873.3333129882812
2007-09-20,880.0,880.0,870.0,873.3333129882812
2007-09-21,873.3333129882812,876.6666870117188,870.0,873.3333129882812
2007-09-25,873.3333129882812,873.3333129882812,866.6666870117188,866.6666870117188
2007-09-26,870.0,873.3333129882812,870.0,870.0
2007-09-27,873.3333129882812,873.3333129882812,870.0,873.3333129882812
2007-09-28,876.6666870117188,876.6666870117188,873.3333129882812,876.6666870117188
2007-10-01,876.6666870117188,880.0,876.6666870117188,876.6666870117188
2007-10-02,893.3333129882812,900.0,886.6666870117188,893.3333129882812
2007-10-03,900.0,923.3333129882812,900.0,906.6666870117188
2007-10-04,913.3333129882812,916.6666870117188,903.3333129882812,913.3333129882812
2007-10-05,946.6666870117188,946.6666870117188,940.0,943.3333129882812
2007-10-09,943.3333129882812,956.6666870117188,943.3333129882812,950.0
2007-10-10,953.3333129882812,963.3333129882812,950.0,956.6666870117188
2007-10-11,950.0,976.6666870117188,950.0,970.0
2007-10-12,956.6666870117188,963.3333129882812,946.6666870117188,946.6666870117188
2007-10-15,976.6666870117188,976.6666870117188,963.3333129882812,966.6666870117188
2007-10-16,953.3333129882812,953.3333129882812,943.3333129882812,943.3333129882812
2007-10-17,956.6666870117188,960.0,943.3333129882812,943.3333129882812
2007-10-18,940.0,950.0,940.0,946.6666870117188
2007-10-19,941.8133544921875,946.6666870117188,941.8133544921875,946.6666870117188
2007-10-22,933.3333129882812,946.6666870117188,926.6666870117188,926.6666870117188
2007-10-23,930.0,930.0,930.0,930.0
2007-10-24,933.3333129882812,956.6666870117188,933.3333129882812,936.6666870117188
2007-10-25,933.3333129882812,950.0,933.3333129882812,946.6666870117188
2007-10-26,936.6666870117188,946.6666870117188,936.6666870117188,946.6666870117188
2007-10-29,960.0,966.6666870117188,950.0,960.0
2007-10-30,947.8133544921875,947.8133544921875,943.3333129882812,943.3333129882812
2007-10-31,960.0,960.0,950.0,956.6666870117188
2007-11-01,956.6666870117188,966.6666870117188,956.6666870117188,966.6666870117188
2007-11-02,966.6666870117188,966.6666870117188,946.6666870117188,950.0
2007-11-05,953.3333129882812,953.3333129882812,940.0,940.0
2007-11-06,942.739990234375,942.739990234375,940.0,940.0
2007-11-07,939.806640625,939.806640625,933.3333129882812,933.3333129882812
2007-11-08,930.0,933.3333129882812,916.6666870117188,923.3333129882812
2007-11-09,923.3333129882812,926.6666870117188,923.3333129882812,926.6666870117188
2007-11-12,907.2100219726562,907.2100219726562,906.6666870117188,906.6666870117188
2007-11-13,909.2033081054688,920.0,909.2033081054688,920.0
2007-11-14,907.1199951171875,907.1199951171875,906.6666870117188,906.6666870117188
2007-11-15,906.6666870117188,910.0,903.3333129882812,903.3333129882812
2007-11-16,896.4966430664062,900.0,896.4966430664062,900.0
2007-11-19,886.6666870117188,890.0,876.6666870117188,880.0
2007-11-20,866.6666870117188,866.6666870117188,863.3333129882812,866.6666870117188
2007-11-21,865.816650390625,865.816650390625,863.3333129882812,863.3333129882812
2007-11-22,866.6666870117188,873.3333129882812,860.0,866.6666870117188
2007-11-26,866.6666870117188,876.6666870117188,863.3333129882812,866.6666870117188
2007-11-27,863.3333129882812,866.6666870117188,863.3333129882812,863.3333129882812
2007-11-28,863.3333129882812,863.3333129882812,863.3333129882812,863.3333129882812
2007-11-29,860.2999877929688,870.0,860.2999877929688,870.0
2007-11-30,866.6666870117188,870.0,863.3333129882812,870.0
2007-12-03,869.9199829101562,869.9199829101562,866.6666870117188,866.6666870117188
2007-12-04,870.0,870.0,866.6666870117188,866.6666870117188
2007-12-05,876.6666870117188,876.6666870117188,870.0,876.6666870117188
2007-12-06,876.6666870117188,883.3333129882812,876.6666870117188,883.3333129882812
2007-12-07,896.6666870117188,903.3333129882812,893.3333129882812,900.0
2007-12-10,910.0,916.6666870117188,910.0,916.6666870117188
2007-12-11,920.0,920.0,906.6666870117188,920.0
2007-12-12,906.6666870117188,913.3333129882812,906.6666870117188,913.3333129882812
2007-12-13,903.3333129882812,903.3333129882812,893.3333129882812,893.3333129882812
2007-12-14,896.6666870117188,896.6666870117188,890.0,890.0
2007-12-17,886.6666870117188,886.6666870117188,880.0,880.0
2007-12-18,876.6666870117188,883.3333129882812,876.6666870117188,880.0
2007-12-19,863.0966796875,863.0966796875,856.6666870117188,856.6666870117188
2007-12-20,843.3333129882812,846.6666870117188,843.3333129882812,843.3333129882812
2007-12-21,829.5033569335938,833.3333129882812,829.5033569335938,833.3333129882812
2007-12-25,834.4166870117188,834.4166870117188,826.6666870117188,826.6666870117188
2007-12-26,836.6666870117188,850.0,836.6666870117188,850.0
2007-12-27,846.413330078125,846.413330078125,843.3333129882812,843.3333129882812
2007-12-28,843.3333129882812,846.6666870117188,833.3333129882812,843.3333129882812
2008-01-04,833.3333129882812,840.0,826.6666870117188,826.6666870117188
2008-01-07,830.0,830.0,830.0,830.0
2008-01-08,826.6666870117188,833.3333129882812,823.3333129882812,826.6666870117188
2008-01-09,821.4766845703125,826.6666870117188,821.4766845703125,826.6666870117188
2008-01-10,830.0,830.0,820.0,820.0
2008-01-11,820.0,820.0,820.0,820.0
2008-01-15,820.3400268554688,820.3400268554688,800.0,800.0
2008-01-16,773.3333129882812,783.3333129882812,720.0,750.0
2008-01-17,746.6666870117188,766.6666870117188,746.6666870117188,766.6666870117188
2008-01-18,750.0,760.0,750.0,756.6666870117188
2008-01-21,750.0,750.0,743.3333129882812,743.3333129882812
2008-01-22,726.6666870117188,726.6666870117188,716.6666870117188,723.3333129882812
2008-01-23,710.0,710.0,680.0,680.0
2008-01-24,680.0,686.6666870117188,673.3333129882812,686.6666870117188
2008-01-25,686.6666870117188,706.6666870117188,680.0,693.3333129882812
2008-01-28,700.4666748046875,700.4666748046875,696.6666870117188,696.6666870117188
2008-01-29,703.3333129882812,710.0,703.3333129882812,703.3333129882812
2008-01-30,710.0,710.0,706.6666870117188,710.0
2008-01-31,730.0,730.0,730.0,730.0
2008-02-01,746.6666870117188,760.0,746.6666870117188,750.0
2008-02-04,776.6666870117188,776.6666870117188,756.6666870117188,756.6666870117188
2008-02-05,740.0,750.0,733.3333129882812,740.0
2008-02-06,690.0,703.3333129882812,690.0,700.0
2008-02-07,690.0,703.3333129882812,690.0,696.6666870117188
2008-02-08,696.6666870117188,696.6666870117188,693.3333129882812,696.6666870117188
2008-02-12,693.5266723632812,693.5266723632812,690.0,690.0
2008-02-13,683.3333129882812,683.3333129882812,683.3333129882812,683.3333129882812
2008-02-14,690.1966552734375,700.0,690.1966552734375,700.0
2008-02-15,703.3333129882812,703.3333129882812,693.3333129882812,696.6666870117188
2008-02-18,696.52001953125,696.52001953125,693.3333129882812,693.3333129882812
2008-02-19,696.6666870117188,696.6666870117188,693.3333129882812,693.3333129882812
2008-02-20,693.3333129882812,693.3333129882812,690.0,690.0
2008-02-21,686.6666870117188,693.3333129882812,686.6666870117188,690.0
2008-02-22,690.0,693.3333129882812,690.0,693.3333129882812
2008-02-25,696.6666870117188,700.0,693.3333129882812,700.0
2008-02-26,693.3333129882812,700.0,693.3333129882812,696.6666870117188
2008-02-27,696.6666870117188,700.0,693.3333129882812,696.6666870117188
2008-02-28,696.6492919921875,696.6666870117188,696.6492919921875,696.6666870117188
2008-02-29,696.6666870117188,696.6666870117188,693.3333129882812,693.3333129882812
2008-03-03,690.0,693.3333129882812,686.6666870117188,690.0
2008-03-04,690.413330078125,690.413330078125,686.6666870117188,686.6666870117188
2008-03-05,683.3333129882812,686.6666870117188,680.0,680.0
2008-03-06,680.0,683.3333129882812,676.6666870117188,676.6666870117188
2008-03-07,673.336669921875,673.336669921875,670.0,670.0
2008-03-10,670.0,670.0,663.3333129882812,666.6666870117188
2008-03-11,666.6666870117188,666.6666870117188,660.0,660.0
2008-03-12,663.3333129882812,666.6666870117188,663.3333129882812,666.6666870117188
2008-03-13,666.6666870117188,666.6666870117188,663.3333129882812,666.6666870117188
2008-03-14,666.6666870117188,666.6666870117188,656.6666870117188,656.6666870117188
2008-03-17,650.0,653.3333129882812,646.6666870117188,646.6666870117188
2008-03-18,643.3333129882812,643.3333129882812,626.6666870117188,636.6666870117188
2008-03-19,646.6666870117188,650.0,640.0,650.0
2008-03-21,673.3333129882812,683.3333129882812,670.0,683.3333129882812
2008-03-24,706.6666870117188,706.6666870117188,703.3333129882812,703.3333129882812
2008-03-25,716.1866455078125,716.6666870117188,716.1866455078125,716.6666870117188
2008-03-26,653.3333129882812,663.3333129882812,653.3333129882812,663.3333129882812
2008-03-27,656.3499755859375,656.6666870117188,656.3499755859375,656.6666870117188
2008-03-28,658.0466918945312,658.0466918945312,656.6666870117188,656.6666870117188
2008-03-31,643.3333129882812,650.0,640.0,650.0
2008-04-01,650.0,653.3333129882812,646.6666870117188,653.3333129882812
2008-04-02,653.3333129882812,653.3333129882812,643.3333129882812,643.3333129882812
2008-04-03,647.2000122070312,653.3333129882812,647.2000122070312,653.3333129882812
2008-04-04,655.7066650390625,663.3333129882812,655.7066650390625,663.3333129882812
2008-04-07,663.3333129882812,676.6666870117188,663.3333129882812,676.6666870117188
2008-04-08,666.6666870117188,670.0,666.6666870117188,666.6666870117188
2008-04-09,670.0,670.0,666.6666870117188,666.6666870117188
2008-04-10,663.3333129882812,663.3333129882812,660.0,660.0
2008-04-11,663.3333129882812,666.6666870117188,663.3333129882812,666.6666870117188
2008-04-14,667.3233032226562,670.0,667.3233032226562,670.0
2008-04-15,659.7333374023438,673.3333129882812,659.7333374023438,673.3333129882812
2008-04-16,673.6033325195312,673.6033325195312,666.6666870117188,666.6666870117188
2008-04-17,666.6333618164062,666.6666870117188,666.6333618164062,666.6666870117188
2008-04-18,660.0,673.3333129882812,660.0,673.3333129882812
2008-04-21,673.3333129882812,673.3333129882812,663.3333129882812,666.6666870117188
2008-04-22,666.6666870117188,673.3333129882812,666.6666870117188,673.3333129882812
2008-04-23,670.0,670.0,670.0,670.0
2008-04-24,666.6666870117188,670.0,663.3333129882812,663.3333129882812
2008-04-25,666.7999877929688,666.7999877929688,666.6666870117188,666.6666870117188
2008-04-28,663.8200073242188,670.0,663.8200073242188,670.0
2008-04-30,667.6666870117188,667.6666870117188,663.3333129882812,663.3333129882812
2008-05-01,663.1333618164062,663.3333129882812,663.1333618164062,663.3333129882812
2008-05-02,666.6666870117188,666.6666870117188,666.6666870117188,666.6666870117188
2008-05-07,670.4566650390625,670.4566650390625,670.0,670.0
2008-05-08,673.3333129882812,676.6666870117188,670.0,670.0
2008-05-09,673.3333129882812,676.6666870117188,670.0,670.0
2008-05-12,670.0,676.6666870117188,670.0,676.6666870117188
2008-05-13,673.3333129882812,686.6666870117188,673.3333129882812,686.6666870117188
2008-05-14,686.6666870117188,686.6666870117188,676.6666870117188,683.3333129882812
2008-05-15,683.3333129882812,683.3333129882812,680.0,683.3333129882812
2008-05-16,682.9884033203125,682.9884033203125,680.0,680.0
2008-05-19,672.6300048828125,673.3333129882812,672.6300048828125,673.3333129882812
2008-05-20,673.3333129882812,673.3333129882812,670.0,673.3333129882812
2008-05-21,670.0,673.3333129882812,670.0,670.0
2008-05-22,666.6666870117188,670.0,666.6666870117188,670.0
2008-05-23,669.3033447265625,670.0,669.3033447265625,670.0
2008-05-26,664.1033325195312,670.0,664.1033325195312,670.0
2008-05-27,673.3333129882812,676.6666870117188,670.0,670.0
2008-05-28,666.6666870117188,666.6666870117188,660.0,660.0
2008-05-29,663.3333129882812,670.0,663.3333129882812,666.6666870117188
2008-05-30,666.0,670.0,666.0,670.0
2008-06-02,666.6666870117188,666.6666870117188,663.3333129882812,663.3333129882812
2008-06-03,666.6666870117188,666.6666870117188,660.0,660.0
2008-06-04,666.6666870117188,670.0,666.6666870117188,670.0
2008-06-05,670.0,673.3333129882812,670.0,670.0
2008-06-06,673.3333129882812,676.6666870117188,670.0,670.0
2008-06-09,661.606689453125,661.606689453125,660.0,660.0
2008-06-10,666.6666870117188,666.6666870117188,666.6666870117188,666.6666870117188
2008-06-11,666.6666870117188,666.6666870117188,660.0,660.0
2008-06-12,670.0,676.6666870117188,670.0,676.6666870117188
2008-06-13,660.0,670.0,660.0,670.0
2008-06-16,666.6666870117188,666.6666870117188,663.3333129882812,666.6666870117188
2008-06-17,666.6666870117188,666.6666870117188,663.3333129882812,663.3333129882812
2008-06-18,663.3333129882812,666.6666870117188,663.3333129882812,663.3333129882812
2008-06-19,663.3333129882812,663.3333129882812,660.0,660.0
2008-06-20,656.6666870117188,660.0,656.6666870117188,656.6666870117188
2008-06-23,656.6666870117188,660.0,656.6666870117188,656.6666870117188
2008-06-24,656.6666870117188,656.6666870117188,653.3333129882812,653.3333129882812
2008-06-25,653.3333129882812,656.6666870117188,653.3333129882812,656.6666870117188
2008-06-26,656.6666870117188,656.6666870117188,653.3333129882812,656.6666870117188
2008-06-27,646.0833129882812,650.0,646.0833129882812,650.0
2008-06-30,650.0,656.6666870117188,650.0,656.6666870117188
2008-07-01,643.4749755859375,646.6666870117188,643.4749755859375,646.6666870117188
2008-07-02,640.0,640.0,640.0,640.0
2008-07-03,633.3333129882812,640.0,633.3333129882812,640.0
2008-07-04,636.6666870117188,640.0,636.6666870117188,640.0
2008-07-07,633.3333129882812,643.3333129882812,633.3333129882812,633.3333129882812
2008-07-08,639.2633056640625,639.2633056640625,633.3333129882812,633.3333129882812
2008-07-09,635.2366943359375,635.2366943359375,630.0,630.0
2008-07-10,616.2166748046875,616.6666870117188,616.2166748046875,616.6666870117188
2008-07-11,618.8866577148438,618.8866577148438,613.3333129882812,613.3333129882812
2008-07-14,603.5733032226562,603.5733032226562,596.6666870117188,596.6666870117188
2008-07-15,596.6666870117188,596.6666870117188,583.3333129882812,583.3333129882812
2008-07-16,566.6666870117188,566.6666870117188,546.6666870117188,556.6666870117188
2008-07-17,556.6666870117188,563.3333129882812,556.6666870117188,556.6666870117188
2008-07-18,556.6666870117188,556.6666870117188,546.6666870117188,553.3333129882812
2008-07-22,560.0,560.0,550.6666870117188,552.3333129882812
2008-07-23,553.3333129882812,556.6666870117188,552.0,552.0
2008-07-24,556.6666870117188,560.0,556.6666870117188,560.0
2008-07-25,550.0,552.0,537.0,543.3333129882812
2008-07-28,543.3333129882812,543.6666870117188,541.6666870117188,543.3333129882812
2008-07-29,536.6666870117188,539.3333129882812,536.6666870117188,537.3333129882812
2008-07-30,545.0,545.0,541.6666870117188,541.6666870117188
2008-07-31,540.3633422851562,543.0,540.3633422851562,543.0
2008-08-01,543.5433349609375,543.5433349609375,541.0,541.0
2008-08-04,540.0,541.0,539.3333129882812,540.0
2008-08-05,540.0,540.6666870117188,538.3333129882812,538.3333129882812
2008-08-06,538.0633544921875,545.6666870117188,538.0633544921875,545.6666870117188
2008-08-07,540.0,541.0,539.6666870117188,540.0
2008-08-08,538.3966674804688,538.3966674804688,537.3333129882812,537.3333129882812
2008-08-11,537.239990234375,537.239990234375,536.6666870117188,536.6666870117188
2008-08-12,534.0,535.0,533.6666870117188,533.6666870117188
2008-08-13,525.0066528320312,525.0066528320312,506.6666564941406,506.6666564941406
2008-08-14,505.7033386230469,505.7033386230469,503.3333435058594,503.3333435058594
2008-08-15,502.73333740234375,502.73333740234375,502.0,502.0
2008-08-18,502.0,502.3333435058594,501.0,502.3333435058594
2008-08-19,499.76666259765625,499.76666259765625,498.3333435058594,498.3333435058594
2008-08-20,483.3333435058594,484.6666564941406,480.0,483.6666564941406
2008-08-21,480.0,481.6666564941406,478.6666564941406,478.6666564941406
2008-08-22,471.6666564941406,471.6666564941406,467.0,470.0
2008-08-25,470.0,471.6666564941406,467.6666564941406,468.3333435058594
2008-08-26,463.38665771484375,464.0,463.38665771484375,464.0
2008-08-27,461.34332275390625,461.34332275390625,461.3333435058594,461.3333435058594
2008-08-28,460.0,460.0,459.3333435058594,459.3333435058594
2008-08-29,459.5633239746094,459.5633239746094,450.3333435058594,450.3333435058594
2008-09-01,450.3333435058594,454.0,450.3333435058594,454.0
2008-09-02,454.6666564941406,455.3333435058594,450.0,455.0
2008-09-03,465.22332763671875,466.0,465.22332763671875,466.0
2008-09-04,466.1866760253906,469.0,466.1866760253906,469.0
2008-09-05,463.5033264160156,464.0,463.5033264160156,464.0
2008-09-08,469.6666564941406,469.6666564941406,464.6666564941406,469.6666564941406
2008-09-09,464.8800048828125,466.3333435058594,464.8800048828125,466.3333435058594
2008-09-10,469.6666564941406,478.3333435058594,469.3333435058594,476.6666564941406
2008-09-11,476.6666564941406,476.6666564941406,475.3333435058594,475.3333435058594
2008-09-12,473.3333435058594,485.6666564941406,473.3333435058594,485.6666564941406
2008-09-16,479.19000244140625,479.3333435058594,479.19000244140625,479.3333435058594
2008-09-17,483.29998779296875,483.29998779296875,482.6666564941406,482.6666564941406
2008-09-18,483.3333435058594,491.0,478.0,491.0
2008-09-19,505.8299865722656,514.3333129882812,505.8299865722656,514.3333129882812
2008-09-22,526.193359375,526.193359375,525.0,525.0
2008-09-24,539.3333129882812,539.3333129882812,539.3333129882812,539.3333129882812
2008-09-25,514.1799926757812,514.1799926757812,511.6666564941406,511.6666564941406
2008-09-26,510.0,510.0,498.3333435058594,498.3333435058594
2008-09-29,502.9533386230469,508.6666564941406,502.9533386230469,508.6666564941406
2008-09-30,508.9200134277344,508.9200134277344,488.3333435058594,488.3333435058594
2008-10-01,488.3333435058594,506.3333435058594,488.3333435058594,506.3333435058594
2008-10-02,508.6666564941406,509.3333435058594,494.0,494.0
2008-10-03,474.25665283203125,474.25665283203125,474.0,474.0
2008-10-06,471.67999267578125,471.67999267578125,446.6666564941406,446.6666564941406
2008-10-07,416.6666564941406,418.0,412.6666564941406,418.0
2008-10-08,406.3333435058594,416.6666564941406,400.0,416.6666564941406
2008-10-09,420.0,420.0,403.3333435058594,403.3333435058594
2008-10-10,390.0,390.0,378.3333435058594,386.6666564941406
2008-10-14,453.0366516113281,453.3333435058594,453.0366516113281,453.3333435058594
2008-10-15,460.0,463.3333435058594,460.0,463.3333435058594
2008-10-16,424.0,430.0,423.6666564941406,430.0
2008-10-17,441.6666564941406,443.3333435058594,440.0,443.0
2008-10-20,443.3166809082031,443.3333435058594,443.3166809082031,443.3333435058594
2008-10-21,453.8299865722656,453.8299865722656,449.6666564941406,449.6666564941406
2008-10-22,446.48333740234375,446.48333740234375,434.3333435058594,434.3333435058594
2008-10-23,426.239990234375,426.6666564941406,426.239990234375,426.6666564941406
2008-10-24,425.0,425.0,423.3333435058594,423.3333435058594
2008-10-27,423.6000061035156,423.6000061035156,403.6666564941406,403.6666564941406
2008-10-28,399.85333251953125,405.0,399.85333251953125,405.0
2008-10-29,423.90667724609375,423.90667724609375,416.6666564941406,416.6666564941406
2008-10-30,443.3333435058594,443.3333435058594,443.3333435058594,443.3333435058594
2008-10-31,442.6700134277344,448.3333435058594,442.6700134277344,448.3333435058594
2008-11-04,448.7900085449219,450.3333435058594,448.7900085449219,450.3333435058594
2008-11-05,451.3233337402344,451.3233337402344,450.0,450.0
2008-11-06,454.8500061035156,454.8500061035156,450.0,450.0
2008-11-07,436.4800109863281,439.6666564941406,436.4800109863281,439.6666564941406
2008-11-10,437.3333435058594,438.3333435058594,435.6666564941406,436.6666564941406
2008-11-11,426.9333190917969,427.3333435058594,426.9333190917969,427.3333435058594
2008-11-12,426.0,430.0,426.0,428.0
2008-11-13,428.3333435058594,431.0,425.3333435058594,431.0
2008-11-14,425.0,428.3333435058594,424.3333435058594,426.6666564941406
2008-11-17,422.0,425.0,422.0,423.3333435058594
2008-11-18,423.84332275390625,423.84332275390625,418.0,418.0
2008-11-19,417.0,418.6666564941406,416.3333435058594,418.3333435058594
2008-11-20,411.6666564941406,414.0,408.3333435058594,412.6666564941406
2008-11-21,398.3333435058594,415.0,398.3333435058594,415.0
2008-11-25,415.40667724609375,415.40667724609375,410.0,410.0
2008-11-26,408.73333740234375,408.73333740234375,406.6666564941406,406.6666564941406
2008-11-27,404.6066589355469,406.6666564941406,404.6066589355469,406.6666564941406
2008-11-28,405.0,409.6666564941406,405.0,409.6666564941406
2008-12-01,406.3333435058594,408.3333435058594,406.0,408.3333435058594
2008-12-02,409.92333984375,409.92333984375,408.3333435058594,408.3333435058594
2008-12-03,405.7833251953125,413.3333435058594,405.7833251953125,413.3333435058594
2008-12-04,409.2966613769531,409.2966613769531,404.6666564941406,404.6666564941406
2008-12-05,404.9700012207031,405.6666564941406,404.9700012207031,405.6666564941406
2008-12-08,407.2466735839844,407.2466735839844,406.6666564941406,406.6666564941406
2008-12-09,407.4766540527344,407.4766540527344,406.6666564941406,406.6666564941406
2008-12-10,406.6666564941406,407.3333435058594,406.3333435058594,406.6666564941406
2008-12-11,405.4533386230469,405.4533386230469,404.3333435058594,404.3333435058594
2008-12-12,403.3333435058594,403.3333435058594,401.6666564941406,401.6666564941406
2008-12-15,404.5533447265625,404.5533447265625,403.3333435058594,403.3333435058594
2008-12-16,403.3333435058594,404.3333435058594,403.3333435058594,404.3333435058594
2008-12-17,403.7733459472656,406.3333435058594,403.7733459472656,406.3333435058594
2008-12-18,403.0,403.3333435058594,403.0,403.3333435058594
2008-12-19,400.5566711425781,400.5566711425781,400.3333435058594,400.3333435058594
2008-12-22,400.3333435058594,402.0,400.3333435058594,402.0
2008-12-24,401.0666809082031,402.6666564941406,401.0666809082031,402.6666564941406
2008-12-25,403.0,403.0,402.0,403.0
2008-12-26,403.0,403.0,402.0,403.0
2008-12-29,402.6666564941406,416.6666564941406,402.6666564941406,416.6666564941406
2008-12-30,410.0,416.6666564941406,408.6666564941406,414.0
2009-01-05,414.6666564941406,416.6666564941406,413.3333435058594,413.3333435058594
2009-01-06,414.3333435058594,414.3333435058594,414.0,414.0
2009-01-07,414.0,414.0,413.6666564941406,413.6666564941406
2009-01-08,413.3299865722656,413.3299865722656,410.3333435058594,410.3333435058594
2009-01-09,408.79998779296875,408.79998779296875,408.3333435058594,408.3333435058594
2009-01-13,405.3333435058594,405.3333435058594,404.3333435058594,405.0
2009-01-14,402.6666564941406,403.3333435058594,402.3333435058594,403.3333435058594
2009-01-15,408.7266540527344,409.0,408.7266540527344,409.0
2009-01-16,408.0,408.3333435058594,406.6666564941406,408.0
2009-01-19,407.3333435058594,411.0,406.6666564941406,407.3333435058594
2009-01-20,409.5299987792969,409.5299987792969,408.6666564941406,408.6666564941406
2009-01-21,411.489990234375,411.489990234375,410.6666564941406,410.6666564941406
2009-01-22,410.84332275390625,413.3333435058594,410.84332275390625,413.3333435058594
2009-01-23,416.8699951171875,416.8699951171875,415.6666564941406,415.6666564941406
2009-01-26,432.3333435058594,432.3333435058594,427.6666564941406,428.0
2009-01-27,433.3333435058594,440.0,433.3333435058594,439.6666564941406
2009-01-28,449.40667724609375,449.40667724609375,448.0,448.0
2009-01-29,443.3333435058594,443.3333435058594,436.0,436.0
2009-01-30,436.239990234375,439.6666564941406,436.239990234375,439.6666564941406
2009-02-02,443.35333251953125,443.35333251953125,436.6666564941406,436.6666564941406
2009-02-03,441.3333435058594,449.3333435058594,438.3333435058594,449.0
2009-02-04,449.6300048828125,449.6300048828125,448.0,448.0
2009-02-05,448.17333984375,448.17333984375,447.0,447.0
2009-02-06,447.1766662597656,450.0,447.1766662597656,450.0
2009-02-09,452.0566711425781,452.0566711425781,451.6666564941406,451.6666564941406
2009-02-10,457.0,457.0,448.6666564941406,456.0
2009-02-12,450.3333435058594,455.3333435058594,446.6666564941406,450.3333435058594
2009-02-13,455.6666564941406,455.6666564941406,450.6666564941406,455.0
2009-02-16,456.0238037109375,459.3333435058594,456.0238037109375,459.3333435058594
2009-02-17,463.3666687011719,463.3666687011719,463.3333435058594,463.3333435058594
2009-02-18,465.27667236328125,472.0,465.27667236328125,472.0
2009-02-19,477.6666564941406,483.3333435058594,477.6666564941406,483.3333435058594
2009-02-20,491.5466613769531,491.5466613769531,488.3333435058594,488.3333435058594
2009-02-23,496.3333435058594,496.3333435058594,491.6666564941406,491.6666564941406
2009-02-24,497.3733215332031,499.3333435058594,497.3733215332031,499.3333435058594
2009-02-25,499.4333190917969,511.3333435058594,499.4333190917969,511.3333435058594
2009-02-26,511.6400146484375,526.6666870117188,511.6400146484375,526.6666870117188
2009-02-27,530.2100219726562,536.6666870117188,530.2100219726562,536.6666870117188
2009-03-02,536.9199829101562,536.9199829101562,533.0,533.0
2009-03-03,523.3333129882812,523.3333129882812,510.0,510.0
2009-03-04,473.85333251953125,473.85333251953125,470.6666564941406,470.6666564941406
2009-03-05,492.0466613769531,499.6666564941406,492.0466613769531,499.6666564941406
2009-03-06,493.5,493.5,488.3333435058594,488.3333435058594
2009-03-09,488.44000244140625,489.3333435058594,488.44000244140625,489.3333435058594
2009-03-10,487.760009765625,487.760009765625,487.0,487.0
2009-03-11,489.39666748046875,489.39666748046875,485.3333435058594,485.3333435058594
2009-03-12,484.8566589355469,487.6666564941406,484.8566589355469,487.6666564941406
2009-03-13,486.3333435058594,490.0,484.0,490.0
2009-03-16,501.2166748046875,506.6666564941406,501.2166748046875,506.6666564941406
2009-03-17,519.3333129882812,521.6666870117188,516.6666870117188,516.6666870117188
2009-03-18,513.9866943359375,513.9866943359375,500.0,500.0
2009-03-19,503.3333435058594,503.3333435058594,500.3333435058594,502.3333435058594
2009-03-23,509.55999755859375,515.3333129882812,509.55999755859375,515.3333129882812
2009-03-24,523.0,523.0,521.6666870117188,521.6666870117188
2009-03-25,524.6666870117188,528.3333129882812,524.6666870117188,528.3333129882812
2009-03-26,477.1300048828125,477.1300048828125,476.6666564941406,476.6666564941406
2009-03-27,481.6666564941406,481.6666564941406,481.6666564941406,481.6666564941406
2009-03-30,474.6433410644531,474.6433410644531,470.3333435058594,470.3333435058594
2009-03-31,461.8900146484375,461.8900146484375,460.0,460.0
2009-04-01,443.3333435058594,446.6666564941406,442.6666564941406,444.6666564941406
2009-04-02,434.0,443.0,434.0,443.0
2009-04-03,434.0,436.0,432.0,433.3333435058594
2009-04-06,433.3900146484375,433.3900146484375,430.0,430.0
2009-04-07,430.1499938964844,430.1499938964844,421.3333435058594,421.3333435058594
2009-04-08,420.0,421.3333435058594,418.3333435058594,420.0
2009-04-09,422.6666564941406,426.0,421.6666564941406,426.0
2009-04-10,428.1666564941406,430.6666564941406,428.1666564941406,430.6666564941406
2009-04-13,436.3333435058594,437.6666564941406,435.0,437.6666564941406
2009-04-14,439.0,439.0,437.3333435058594,437.3333435058594
2009-04-15,431.3333435058594,431.3333435058594,430.0,430.0
2009-04-16,427.0,428.0,420.0,420.3333435058594
2009-04-17,420.9166564941406,432.6666564941406,420.9166564941406,432.6666564941406
2009-04-20,438.0,438.3333435058594,434.3333435058594,435.0
2009-04-21,433.3333435058594,433.3333435058594,430.0,430.0
2009-04-22,427.73333740234375,427.73333740234375,423.6666564941406,423.6666564941406
2009-04-23,420.6666564941406,420.6666564941406,416.6666564941406,419.6666564941406
2009-04-24,416.2200012207031,416.2200012207031,415.0,415.0
2009-04-27,412.0,412.6666564941406,410.0,410.3333435058594
2009-04-28,403.4866638183594,403.4866638183594,403.0,403.0
2009-04-30,402.6666564941406,402.6666564941406,401.6666564941406,402.3333435058594
2009-05-01,402.0,402.0,402.0,402.0
2009-05-07,403.0,404.3333435058594,402.3333435058594,402.3333435058594
2009-05-08,407.4666748046875,407.4666748046875,404.3333435058594,404.3333435058594
2009-05-11,406.6666564941406,406.6666564941406,405.6666564941406,405.6666564941406
2009-05-12,405.7066650390625,406.3333435058594,405.7066650390625,406.3333435058594
2009-05-13,406.7799987792969,406.7799987792969,406.6666564941406,406.6666564941406
2009-05-14,406.0,406.0,405.3333435058594,405.3333435058594
2009-05-15,410.0899963378906,413.6666564941406,410.0899963378906,413.6666564941406
2009-05-18,408.4700012207031,409.3333435058594,408.4700012207031,409.3333435058594
2009-05-19,413.3333435058594,414.3333435058594,412.0,414.3333435058594
2009-05-20,414.5833435058594,414.6666564941406,414.5833435058594,414.6666564941406
2009-05-21,415.6666564941406,419.3333435058594,415.6666564941406,419.3333435058594
2009-05-22,417.26666259765625,417.26666259765625,417.0,417.0
2009-05-25,421.6666564941406,423.3333435058594,420.3333435058594,423.3333435058594
2009-05-26,420.0,426.6666564941406,419.6666564941406,423.3333435058594
2009-05-27,425.0,425.3333435058594,423.3333435058594,423.3333435058594
2009-05-28,424.3333435058594,427.6666564941406,423.3333435058594,424.0
2009-05-29,419.9466552734375,421.0,419.9466552734375,421.0
2009-06-01,420.0,421.6666564941406,418.6666564941406,419.6666564941406
2009-06-02,419.82666015625,419.82666015625,416.6666564941406,416.6666564941406
2009-06-03,418.4566650390625,418.4566650390625,416.0,416.0
2009-06-04,415.0,415.6666564941406,415.0,415.6666564941406
2009-06-05,415.3333435058594,415.3333435058594,413.3333435058594,414.6666564941406
2009-06-08,415.0,415.3333435058594,414.6666564941406,414.6666564941406
2009-06-09,415.1866760253906,415.3333435058594,415.1866760253906,415.3333435058594
2009-06-10,417.1000061035156,417.6666564941406,417.1000061035156,417.6666564941406
2009-06-11,419.3333435058594,423.3333435058594,419.3333435058594,420.3333435058594
2009-06-12,423.3333435058594,423.3333435058594,421.3333435058594,421.3333435058594
2009-06-15,423.3333435058594,423.6666564941406,422.0,423.6666564941406
2009-06-16,425.6666564941406,425.6666564941406,421.6666564941406,422.3333435058594
2009-06-17,421.6666564941406,422.6666564941406,420.0,420.6666564941406
2009-06-18,423.3333435058594,423.3333435058594,420.3333435058594,420.6666564941406
2009-06-19,422.0,424.3333435058594,421.3333435058594,421.6666564941406
2009-06-22,425.3333435058594,426.6666564941406,423.6666564941406,423.6666564941406
2009-06-23,426.6666564941406,426.6666564941406,425.0,426.0
2009-06-24,423.0,424.0,422.3333435058594,422.3333435058594
2009-06-25,422.0,426.0,422.0,423.0
2009-06-26,426.3333435058594,427.0,422.0,426.0
2009-06-29,431.6666564941406,440.0,430.0,435.6666564941406
2009-06-30,442.0,452.6666564941406,442.0,447.3333435058594
2009-07-01,453.3333435058594,470.0,453.0,470.0
2009-07-02,479.6666564941406,481.6666564941406,470.3333435058594,476.6666564941406
2009-07-03,475.6666564941406,475.6666564941406,461.3333435058594,466.6666564941406
2009-07-06,466.6666564941406,466.6666564941406,461.6666564941406,462.3333435058594
2009-07-07,466.3333435058594,466.6666564941406,462.6666564941406,464.3333435058594
2009-07-08,462.6666564941406,467.3333435058594,461.6666564941406,462.0
2009-07-09,475.3333435058594,475.3333435058594,467.0,467.0
2009-07-10,473.6666564941406,474.3333435058594,467.3333435058594,471.6666564941406
2009-07-13,466.3333435058594,473.3333435058594,463.3333435058594,463.3333435058594
2009-07-14,464.6666564941406,466.3333435058594,460.0,465.0
2009-07-15,473.0,473.3333435058594,465.3333435058594,465.3333435058594
2009-07-16,476.3333435058594,493.3333435058594,476.3333435058594,476.6666564941406
2009-07-17,490.0,543.3333129882812,489.6666564941406,536.6666870117188
2009-07-21,533.3333129882812,533.3333129882812,518.3333129882812,518.3333129882812
2009-07-22,516.6666870117188,518.3333129882812,503.3333435058594,513.6666870117188
2009-07-23,506.6666564941406,513.0,502.0,502.3333435058594
2009-07-24,513.3333129882812,513.3333129882812,503.6666564941406,505.6666564941406
2009-07-27,507.0,513.3333129882812,504.3333435058594,507.3333435058594
2009-07-28,513.3333129882812,526.6666870117188,506.6666564941406,525.0
2009-07-29,524.6666870117188,533.3333129882812,521.6666870117188,533.0
2009-07-30,533.3333129882812,533.3333129882812,523.6666870117188,525.0
2009-07-31,533.0,533.0,513.3333129882812,515.0
2009-08-03,515.0,524.3333129882812,510.0,520.0
2009-08-04,522.6666870117188,524.3333129882812,515.3333129882812,521.6666870117188
2009-08-05,523.0,523.0,516.3333129882812,521.0
2009-08-06,518.3333129882812,518.6666870117188,510.3333435058594,510.3333435058594
2009-08-07,510.0,513.3333129882812,508.3333435058594,510.0
2009-08-10,516.6666870117188,518.3333129882812,506.6666564941406,507.3333435058594
2009-08-11,507.0,514.0,507.0,510.0
2009-08-12,510.0,519.6666870117188,510.0,518.0
2009-08-13,518.0,518.6666870117188,510.3333435058594,511.6666564941406
2009-08-14,516.6666870117188,521.0,513.6666870117188,514.3333129882812
2009-08-17,519.6666870117188,519.6666870117188,507.3333435058594,512.0
2009-08-18,509.3333435058594,509.3333435058594,504.3333435058594,505.0
2009-08-19,505.0,506.6666564941406,502.0,502.3333435058594
2009-08-20,503.0,505.6666564941406,502.3333435058594,503.3333435058594
2009-08-21,503.0,505.0,500.6666564941406,503.6666564941406
2009-08-24,509.3333435058594,509.3333435058594,504.3333435058594,507.6666564941406
2009-08-25,507.6666564941406,507.6666564941406,503.6666564941406,504.0
2009-08-26,506.6666564941406,506.6666564941406,504.0,506.0
2009-08-27,504.3333435058594,506.6666564941406,502.6666564941406,503.0
2009-08-28,503.3333435058594,505.6666564941406,500.3333435058594,503.0
2009-08-31,501.6666564941406,519.6666870117188,501.6666564941406,506.6666564941406
2009-09-02,515.0,515.0,505.3333435058594,515.0
2009-09-03,515.6666870117188,515.6666870117188,508.0,511.3333435058594
2009-09-04,510.0,518.6666870117188,509.0,518.0
2009-09-07,517.6666870117188,533.3333129882812,515.0,529.0
2009-09-08,528.6666870117188,536.6666870117188,523.0,532.3333129882812
2009-09-09,532.3333129882812,533.0,525.0,525.6666870117188
2009-09-10,530.0,533.3333129882812,530.0,533.3333129882812
2009-09-11,533.3333129882812,540.0,523.3333129882812,531.0
2009-09-14,533.3333129882812,533.3333129882812,529.6666870117188,533.3333129882812
2009-09-15,540.0,540.0,529.6666870117188,536.3333129882812
2009-09-16,536.6666870117188,538.0,530.3333129882812,530.6666870117188
2009-09-17,530.6666870117188,536.3333129882812,529.3333129882812,534.3333129882812
2009-09-18,533.3333129882812,533.3333129882812,528.3333129882812,533.0
2009-09-21,533.0,533.0,533.0,533.0
2009-09-24,526.6666870117188,533.0,525.3333129882812,532.6666870117188
2009-09-25,530.0,530.0,525.6666870117188,527.0
2009-09-28,527.0,530.0,520.0,523.0
2009-09-29,520.3333129882812,520.3333129882812,513.3333129882812,516.3333129882812
2009-09-30,513.6666870117188,516.0,506.3333435058594,516.0
2009-10-01,506.3333435058594,516.6666870117188,506.3333435058594,515.0
2009-10-02,515.0,515.6666870117188,507.0,513.3333129882812
2009-10-05,516.6666870117188,520.0,514.0,517.6666870117188
2009-10-06,529.3333129882812,529.3333129882812,520.0,520.0
2009-10-07,520.0,529.6666870117188,516.6666870117188,529.0
2009-10-08,530.0,530.3333129882812,518.3333129882812,520.0
2009-10-09,520.6666870117188,520.6666870117188,512.3333129882812,512.3333129882812
2009-10-13,513.3333129882812,547.3333129882812,513.3333129882812,545.0
2009-10-14,544.6666870117188,568.3333129882812,544.3333129882812,566.3333129882812
2009-10-15,626.3333129882812,663.3333129882812,614.3333129882812,633.3333129882812
2009-10-16,616.6666870117188,629.0,599.6666870117188,614.6666870117188
2009-10-19,612.6666870117188,612.6666870117188,600.0,600.0
2009-10-20,601.0,617.3333129882812,601.0,616.3333129882812
2009-10-21,613.3333129882812,616.3333129882812,603.3333129882812,616.3333129882812
2009-10-22,603.3333129882812,611.6666870117188,601.3333129882812,611.6666870117188
2009-10-23,611.3333129882812,613.0,600.0,600.0
2009-10-26,608.6666870117188,612.0,600.3333129882812,611.6666870117188
2009-10-27,613.3333129882812,650.0,613.3333129882812,646.6666870117188
2009-10-28,660.6666870117188,670.0,643.3333129882812,645.6666870117188
2009-10-29,643.0,643.0,618.6666870117188,630.0
2009-10-30,633.6666870117188,638.0,623.6666870117188,633.6666870117188
2009-11-02,626.6666870117188,630.0,617.0,628.6666870117188
2009-11-04,630.3333129882812,643.3333129882812,629.3333129882812,643.0
2009-11-05,633.6666870117188,648.0,630.0,630.3333129882812
2009-11-06,632.0,646.6666870117188,632.0,634.0
2009-11-09,635.3333129882812,653.6666870117188,635.0,649.6666870117188
2009-11-10,645.6666870117188,645.6666870117188,633.3333129882812,642.6666870117188
2009-11-11,636.6666870117188,640.3333129882812,634.6666870117188,639.3333129882812
2009-11-12,635.3333129882812,638.3333129882812,630.6666870117188,635.6666870117188
2009-11-13,628.3333129882812,632.6666870117188,623.3333129882812,623.3333129882812
2009-11-16,616.6666870117188,620.6666870117188,610.0,610.0
2009-11-17,610.6666870117188,613.0,600.0,613.0
2009-11-18,603.3333129882812,610.0,600.6666870117188,608.3333129882812
2009-11-19,608.3333129882812,608.3333129882812,600.0,602.6666870117188
2009-11-20,600.3333129882812,605.6666870117188,593.3333129882812,605.6666870117188
2009-11-24,595.6666870117188,600.0,583.3333129882812,585.6666870117188
2009-11-25,577.3333129882812,593.3333129882812,577.3333129882812,591.0
2009-11-26,592.6666870117188,632.0,592.6666870117188,631.3333129882812
2009-11-27,611.3333129882812,616.3333129882812,604.0,606.6666870117188
2009-11-30,606.3333129882812,613.3333129882812,600.0,606.3333129882812
2009-12-01,605.3333129882812,620.0,605.3333129882812,616.3333129882812
2009-12-02,613.3333129882812,616.6666870117188,583.6666870117188,609.0
2009-12-03,603.6666870117188,610.0,600.0,605.6666870117188
2009-12-04,602.6666870117188,610.0,597.3333129882812,601.0
2009-12-07,615.0,615.0,604.6666870117188,606.6666870117188
2009-12-08,605.6666870117188,616.6666870117188,605.6666870117188,609.6666870117188
2009-12-09,597.3333129882812,611.6666870117188,597.3333129882812,610.6666870117188
2009-12-10,600.6666870117188,609.6666870117188,600.6666870117188,603.0
2009-12-11,603.0,606.6666870117188,602.3333129882812,606.3333129882812
2009-12-14,615.6666870117188,616.0,608.0,613.0
2009-12-15,613.0,613.3333129882812,607.0,607.0
2009-12-16,607.0,612.6666870117188,603.6666870117188,611.0
2009-12-17,609.6666870117188,614.0,604.3333129882812,613.3333129882812
2009-12-18,616.3333129882812,616.3333129882812,605.0,613.3333129882812
2009-12-21,613.3333129882812,616.0,603.3333129882812,603.3333129882812
2009-12-22,614.0,620.0,612.0,615.6666870117188
2009-12-24,610.3333129882812,618.3333129882812,608.3333129882812,614.3333129882812
2009-12-25,614.3333129882812,616.6666870117188,611.3333129882812,611.3333129882812
2009-12-28,611.6666870117188,619.6666870117188,611.6666870117188,619.6666870117188
2009-12-29,619.3333129882812,621.6666870117188,616.6666870117188,620.6666870117188
2009-12-30,623.0,633.3333129882812,620.3333129882812,633.0
2010-01-04,633.0,633.0,621.0,626.6666870117188
2010-01-05,632.0,632.0,626.0,626.6666870117188
2010-01-06,631.6666870117188,633.0,628.0,632.3333129882812
2010-01-07,632.0,633.3333129882812,625.3333129882812,626.3333129882812
2010-01-08,626.3333129882812,627.3333129882812,622.0,622.0
2010-01-12,623.0,628.0,623.0,628.0
2010-01-13,628.0,628.0,624.0,624.0
2010-01-14,625.6666870117188,653.3333129882812,625.6666870117188,653.3333129882812
2010-01-15,653.6666870117188,656.6666870117188,636.6666870117188,653.6666870117188
2010-01-18,644.0,663.3333129882812,644.0,663.3333129882812
2010-01-19,683.3333129882812,708.3333129882812,666.6666870117188,685.3333129882812
2010-01-20,699.6666870117188,723.3333129882812,688.3333129882812,705.0
2010-01-21,701.6666870117188,715.0,701.6666870117188,705.0
2010-01-22,695.0,700.3333129882812,690.0,699.6666870117188
2010-01-25,698.3333129882812,710.6666870117188,698.0,703.3333129882812
2010-01-26,709.3333129882812,712.6666870117188,706.6666870117188,706.6666870117188
2010-01-27,698.3333129882812,705.3333129882812,698.3333129882812,701.3333129882812
2010-01-28,700.3333129882812,706.0,699.6666870117188,702.0
2010-01-29,702.0,711.0,699.6666870117188,702.0
2010-02-01,705.0,715.0,701.0,714.6666870117188
2010-02-02,717.3333129882812,743.0,717.3333129882812,735.6666870117188
2010-02-03,739.6666870117188,740.0,725.0,725.3333129882812
2010-02-04,727.0,740.3333129882812,727.0,738.3333129882812
2010-02-05,742.0,783.3333129882812,740.0,778.0
2010-02-08,776.3333129882812,780.0,770.0,773.3333129882812
2010-02-09,771.0,773.0,750.0,772.0
2010-02-10,770.0,791.0,768.3333129882812,791.0
2010-02-12,791.0,796.6666870117188,790.3333129882812,796.0
2010-02-15,799.0,803.0,796.3333129882812,800.0
2010-02-16,803.3333129882812,804.0,800.0,804.0
2010-02-17,804.3333129882812,807.0,770.3333129882812,776.3333129882812
2010-02-18,766.6666870117188,766.6666870117188,733.6666870117188,759.6666870117188
2010-02-19,756.6666870117188,789.6666870117188,756.3333129882812,780.0
2010-02-22,783.0,795.0,778.3333129882812,793.6666870117188
2010-02-23,792.6666870117188,795.0,786.6666870117188,793.0
2010-02-24,796.6666870117188,803.3333129882812,795.0,798.3333129882812
2010-02-25,796.6666870117188,803.0,790.0,801.0
2010-02-26,805.0,815.0,800.6666870117188,810.3333129882812
2010-03-01,816.3333129882812,850.0,815.3333129882812,843.3333129882812
2010-03-02,848.0,870.6666870117188,848.0,870.0
2010-03-03,871.6666870117188,881.6666870117188,866.6666870117188,875.3333129882812
2010-03-04,875.0,887.6666870117188,872.6666870117188,885.6666870117188
2010-03-05,889.0,893.3333129882812,869.6666870117188,876.6666870117188
2010-03-08,881.0,921.6666870117188,878.6666870117188,916.6666870117188
2010-03-09,923.3333129882812,933.3333129882812,920.3333129882812,928.0
2010-03-10,930.0,932.3333129882812,884.0,886.3333129882812
2010-03-11,860.0,883.3333129882812,857.0,866.6666870117188
2010-03-12,860.3333129882812,865.0,833.3333129882812,851.0
2010-03-15,846.6666870117188,860.0,846.6666870117188,854.0
2010-03-16,863.3333129882812,894.6666870117188,854.0,894.6666870117188
2010-03-17,903.3333129882812,916.0,903.3333129882812,913.0
2010-03-18,913.0,913.3333129882812,907.6666870117188,911.0
2010-03-19,910.0,924.3333129882812,910.0,916.6666870117188
2010-03-23,916.3333129882812,921.6666870117188,914.6666870117188,916.3333129882812
2010-03-24,913.3333129882812,919.0,911.6666870117188,916.6666870117188
2010-03-25,915.3333129882812,916.6666870117188,912.6666870117188,916.0
2010-03-26,913.3333129882812,915.0,910.3333129882812,913.0
2010-03-29,883.3333129882812,906.6666870117188,866.6666870117188,900.0
2010-03-30,896.6666870117188,916.0,883.3333129882812,916.0
2010-03-31,913.3333129882812,916.0,895.0,895.0
2010-04-01,906.0,919.6666870117188,903.3333129882812,919.6666870117188
2010-04-02,923.3333129882812,942.3333129882812,921.3333129882812,936.6666870117188
2010-04-05,942.0,957.3333129882812,942.0,957.3333129882812
2010-04-06,970.0,976.6666870117188,963.0,968.6666870117188
2010-04-07,976.6666870117188,979.3333129882812,952.0,962.3333129882812
2010-04-08,952.0,954.6666870117188,927.3333129882812,936.3333129882812
2010-04-09,937.0,950.0,937.0,941.0
2010-04-12,931.6666870117188,939.6666870117188,913.3333129882812,920.0
2010-04-13,930.0,931.0,883.3333129882812,893.3333129882812
2010-04-14,883.6666870117188,896.6666870117188,877.0,879.0
2010-04-15,916.3333129882812,926.6666870117188,890.3333129882812,926.6666870117188
2010-04-16,904.6666870117188,910.3333129882812,886.6666870117188,890.6666870117188
2010-04-19,887.0,905.0,876.6666870117188,892.3333129882812
2010-04-20,888.3333129882812,890.3333129882812,871.0,875.0
2010-04-21,883.3333129882812,892.6666870117188,881.0,888.0
2010-04-22,887.0,889.0,877.3333129882812,884.0
2010-04-23,886.6666870117188,886.6666870117188,876.6666870117188,881.0
2010-04-26,890.0,890.0,871.0,879.3333129882812
2010-04-27,877.3333129882812,877.3333129882812,837.3333129882812,859.6666870117188
2010-04-28,840.0,840.3333129882812,816.6666870117188,827.0
2010-04-30,827.0,843.6666870117188,827.0,835.6666870117188
2010-05-06,836.0,836.0,786.0,794.3333129882812
2010-05-07,777.6666870117188,859.3333129882812,766.6666870117188,859.3333129882812
2010-05-10,873.3333129882812,899.6666870117188,860.0,894.6666870117188
2010-05-11,897.3333129882812,900.6666870117188,891.0,894.0
2010-05-12,898.3333129882812,902.3333129882812,863.0,871.6666870117188
2010-05-13,871.6666870117188,891.3333129882812,871.6666870117188,889.3333129882812
2010-05-14,889.3333129882812,889.3333129882812,861.3333129882812,863.3333129882812
2010-05-17,837.6666870117188,837.6666870117188,816.6666870117188,837.3333129882812
2010-05-18,837.3333129882812,850.0,816.6666870117188,840.6666870117188
2010-05-19,843.6666870117188,843.6666870117188,806.6666870117188,811.3333129882812
2010-05-20,797.0,798.3333129882812,793.3333129882812,795.0
2010-05-21,767.3333129882812,772.6666870117188,766.6666870117188,768.6666870117188
2010-05-24,736.6666870117188,766.6666870117188,732.0,748.0
2010-05-25,732.6666870117188,741.3333129882812,732.0,741.0
2010-05-26,724.3333129882812,739.6666870117188,724.3333129882812,733.6666870117188
2010-05-27,733.3333129882812,744.6666870117188,733.3333129882812,743.3333129882812
2010-05-28,736.6666870117188,766.0,736.6666870117188,746.6666870117188
2010-05-31,741.0,742.0,727.6666870117188,730.0
2010-06-01,720.0,721.3333129882812,708.3333129882812,711.6666870117188
2010-06-02,695.0,715.3333129882812,692.3333129882812,703.3333129882812
2010-06-03,715.0,833.3333129882812,715.0,759.3333129882812
2010-06-04,759.0,780.0,755.0,755.0
2010-06-07,740.0,740.0,733.3333129882812,735.3333129882812
2010-06-08,740.0,770.0,740.0,760.6666870117188
2010-06-09,773.0,810.0,771.0,800.3333129882812
2010-06-10,828.3333129882812,831.0,811.6666870117188,827.0
2010-06-11,850.0,893.6666870117188,834.0,862.0
2010-06-14,866.6666870117188,866.6666870117188,837.0,843.0
2010-06-15,843.0,854.6666870117188,834.0,836.0
2010-06-16,852.6666870117188,852.6666870117188,816.6666870117188,819.6666870117188
2010-06-17,831.0,831.0,810.0,829.0
2010-06-18,805.6666870117188,820.0,804.3333129882812,804.3333129882812
2010-06-21,787.6666870117188,803.0,787.6666870117188,796.6666870117188
2010-06-22,796.6666870117188,812.0,780.0,796.3333129882812
2010-06-23,795.6666870117188,808.6666870117188,785.6666870117188,791.3333129882812
2010-06-24,800.0,813.0,784.0,789.0
2010-06-25,789.0,798.3333129882812,783.6666870117188,798.3333129882812
2010-06-28,800.0,813.3333129882812,799.3333129882812,800.0
2010-06-29,795.0,806.6666870117188,793.3333129882812,806.6666870117188
2010-06-30,790.3333129882812,806.0,784.0,801.6666870117188
2010-07-01,784.6666870117188,805.0,784.6666870117188,797.3333129882812
2010-07-02,799.6666870117188,815.0,796.6666870117188,810.0
2010-07-05,800.6666870117188,850.0,800.6666870117188,850.0
2010-07-06,833.3333129882812,853.6666870117188,833.3333129882812,850.0
2010-07-07,834.3333129882812,840.0,829.0,840.0
2010-07-08,840.0,860.0,840.0,846.6666870117188
2010-07-09,873.3333129882812,880.0,848.3333129882812,860.3333129882812
2010-07-12,846.6666870117188,860.3333129882812,846.6666870117188,855.0
2010-07-13,850.0,865.0,840.0,856.6666870117188
2010-07-14,856.6666870117188,870.0,856.3333129882812,866.6666870117188
2010-07-15,860.0,872.3333129882812,856.6666870117188,856.6666870117188
2010-07-16,856.6666870117188,866.3333129882812,856.3333129882812,866.3333129882812
2010-07-21,860.3333129882812,860.6666870117188,830.0,846.6666870117188
2010-07-22,833.0,833.0,785.6666870117188,785.6666870117188
2010-07-23,786.3333129882812,830.6666870117188,786.3333129882812,791.6666870117188
2010-07-26,795.6666870117188,808.0,795.6666870117188,798.3333129882812
2010-07-27,796.3333129882812,805.0,786.6666870117188,804.0
2010-07-28,816.3333129882812,816.3333129882812,802.3333129882812,803.3333129882812
2010-07-29,813.3333129882812,815.6666870117188,800.0,809.3333129882812
2010-07-30,799.3333129882812,799.3333129882812,790.0,790.3333129882812
2010-08-02,788.3333129882812,793.3333129882812,788.3333129882812,788.3333129882812
2010-08-03,789.0,793.3333129882812,786.6666870117188,790.0
2010-08-04,788.3333129882812,792.3333129882812,784.0,784.0
2010-08-05,785.6666870117188,794.6666870117188,785.6666870117188,792.6666870117188
2010-08-06,786.0,801.6666870117188,786.0,801.6666870117188
2010-08-09,791.3333129882812,794.0,787.0,787.0
2010-08-10,786.6666870117188,792.6666870117188,784.6666870117188,785.0
2010-08-11,782.0,796.3333129882812,766.6666870117188,775.6666870117188
2010-08-12,763.6666870117188,789.0,760.0,770.3333129882812
2010-08-13,775.6666870117188,776.6666870117188,760.3333129882812,762.3333129882812
2010-08-16,779.3333129882812,779.3333129882812,762.6666870117188,775.6666870117188
2010-08-17,770.0,775.0,766.6666870117188,775.0
2010-08-18,769.0,781.3333129882812,764.3333129882812,766.6666870117188
2010-08-19,773.3333129882812,773.3333129882812,767.0,767.0
2010-08-20,780.0,780.0,763.0,767.6666870117188
2010-08-23,767.6666870117188,781.0,766.6666870117188,780.3333129882812
2010-08-24,772.3333129882812,780.0,767.0,770.3333129882812
2010-08-25,776.0,780.6666870117188,772.3333129882812,778.6666870117188
2010-08-26,776.6666870117188,781.0,773.3333129882812,781.0
2010-08-27,770.0,782.6666870117188,770.0,780.3333129882812
2010-08-30,780.6666870117188,782.0,771.6666870117188,780.6666870117188
2010-08-31,781.0,790.0,781.0,783.6666870117188
2010-09-01,784.0,787.3333129882812,773.3333129882812,779.6666870117188
2010-09-02,788.3333129882812,788.3333129882812,780.0,780.0
2010-09-03,783.3333129882812,795.0,783.3333129882812,795.0
2010-09-06,794.0,813.3333129882812,794.0,805.6666870117188
2010-09-07,808.6666870117188,814.0,807.3333129882812,810.0
2010-09-08,801.6666870117188,801.6666870117188,793.6666870117188,800.0
2010-09-09,800.3333129882812,800.6666870117188,796.6666870117188,797.0
2010-09-10,793.6666870117188,802.3333129882812,790.0,790.6666870117188
2010-09-13,796.6666870117188,806.6666870117188,796.6666870117188,802.3333129882812
2010-09-14,798.3333129882812,800.0,795.3333129882812,798.0
2010-09-16,790.0,790.6666870117188,787.3333129882812,789.6666870117188
2010-09-17,787.0,800.0,787.0,800.0
2010-09-21,799.3333129882812,801.6666870117188,798.3333129882812,801.0
2010-09-22,800.0,800.0,794.0,799.0
2010-09-24,798.3333129882812,801.6666870117188,797.0,799.0
2010-09-27,786.6666870117188,806.6666870117188,777.6666870117188,806.6666870117188
2010-09-28,800.0,800.0,786.6666870117188,799.3333129882812
2010-09-29,796.6666870117188,806.6666870117188,796.6666870117188,806.6666870117188
2010-09-30,802.3333129882812,807.6666870117188,795.0,795.0
2010-10-01,794.6666870117188,794.6666870117188,794.6666870117188,794.6666870117188
2010-10-04,794.6666870117188,794.6666870117188,788.3333129882812,788.3333129882812
2010-10-05,780.0,803.3333129882812,780.0,800.0
2010-10-06,799.3333129882812,803.3333129882812,796.6666870117188,803.3333129882812
2010-10-07,806.6666870117188,812.6666870117188,803.3333129882812,811.6666870117188
2010-10-08,812.0,812.3333129882812,803.0,803.0
2010-10-12,800.3333129882812,800.3333129882812,786.0,800.0
2010-10-13,788.0,789.0,788.0,789.0
2010-10-14,786.6666870117188,796.3333129882812,786.6666870117188,790.0
2010-10-15,790.3333129882812,793.0,787.6666870117188,791.6666870117188
2010-10-18,785.0,797.0,784.3333129882812,786.6666870117188
2010-10-19,785.6666870117188,792.6666870117188,785.6666870117188,791.6666870117188
2010-10-20,785.0,789.6666870117188,783.6666870117188,783.6666870117188
2010-10-21,777.6666870117188,785.0,777.0,785.0
2010-10-22,786.6666870117188,786.6666870117188,779.6666870117188,780.3333129882812
2010-10-25,763.6666870117188,781.3333129882812,763.6666870117188,777.0
2010-10-26,780.0,786.0,778.6666870117188,778.6666870117188
2010-10-27,766.6666870117188,788.3333129882812,766.3333129882812,776.6666870117188
2010-10-28,776.3333129882812,776.3333129882812,766.6666870117188,767.3333129882812
2010-10-29,776.3333129882812,776.3333129882812,760.3333129882812,766.3333129882812
2010-11-01,746.6666870117188,766.6666870117188,746.3333129882812,766.6666870117188
2010-11-02,766.6666870117188,766.6666870117188,754.6666870117188,758.3333129882812
2010-11-04,754.3333129882812,758.3333129882812,754.3333129882812,755.6666870117188
2010-11-05,764.6666870117188,766.6666870117188,759.3333129882812,765.0
2010-11-08,763.0,765.6666870117188,762.3333129882812,765.6666870117188
2010-11-09,760.6666870117188,764.6666870117188,754.6666870117188,755.0
2010-11-10,751.6666870117188,759.3333129882812,751.6666870117188,753.0
2010-11-11,758.3333129882812,762.3333129882812,756.6666870117188,761.0
2010-11-12,756.3333129882812,762.6666870117188,753.3333129882812,756.6666870117188
2010-11-15,764.3333129882812,769.3333129882812,757.3333129882812,758.0
2010-11-16,760.0,766.0,753.3333129882812,765.3333129882812
2010-11-17,764.0,767.6666870117188,759.3333129882812,767.6666870117188
2010-11-18,765.0,783.3333129882812,760.0,783.3333129882812
2010-11-19,786.3333129882812,786.3333129882812,770.3333129882812,772.0
2010-11-22,783.0,785.3333129882812,774.6666870117188,774.6666870117188
2010-11-24,778.3333129882812,781.0,764.3333129882812,765.0
2010-11-25,776.6666870117188,780.3333129882812,772.3333129882812,774.0
2010-11-26,781.6666870117188,781.6666870117188,774.0,774.0
2010-11-29,781.0,782.6666870117188,775.0,775.0
2010-11-30,776.6666870117188,783.0,775.0,779.6666870117188
2010-12-01,779.6666870117188,781.3333129882812,771.3333129882812,771.3333129882812
2010-12-02,771.6666870117188,773.3333129882812,771.0,771.3333129882812
2010-12-03,771.6666870117188,772.0,768.0,768.0
2010-12-06,768.0,772.0,768.0,771.6666870117188
2010-12-07,772.0,773.3333129882812,768.3333129882812,773.3333129882812
2010-12-08,773.3333129882812,779.3333129882812,770.6666870117188,779.3333129882812
2010-12-09,779.0,779.0,773.6666870117188,778.6666870117188
2010-12-10,783.3333129882812,792.3333129882812,779.0,786.6666870117188
2010-12-13,793.3333129882812,815.0,792.0,814.6666870117188
2010-12-14,814.6666870117188,866.6666870117188,814.6666870117188,866.6666870117188
2010-12-15,856.3333129882812,866.6666870117188,833.3333129882812,866.6666870117188
2010-12-16,860.0,873.3333129882812,848.6666870117188,868.3333129882812
2010-12-17,866.6666870117188,870.0,852.3333129882812,868.3333129882812
2010-12-20,868.0,868.0,853.6666870117188,861.6666870117188
2010-12-21,866.6666870117188,868.3333129882812,853.6666870117188,868.3333129882812
2010-12-22,858.3333129882812,867.0,858.3333129882812,866.6666870117188
2010-12-24,860.3333129882812,860.3333129882812,855.0,855.0
2010-12-27,856.6666870117188,866.6666870117188,850.6666870117188,857.6666870117188
2010-12-28,854.3333129882812,866.0,854.3333129882812,858.3333129882812
2010-12-29,863.3333129882812,863.3333129882812,860.0,860.6666870117188
2010-12-30,863.6666870117188,863.6666870117188,851.6666870117188,852.6666870117188
2011-01-04,857.0,866.6666870117188,857.0,860.0
2011-01-05,861.0,866.0,855.3333129882812,863.0
2011-01-06,866.6666870117188,869.3333129882812,855.0,855.0
2011-01-07,867.6666870117188,880.6666870117188,859.0,878.0
2011-01-11,878.6666870117188,906.6666870117188,878.6666870117188,905.0
2011-01-12,906.6666870117188,930.0,906.6666870117188,926.6666870117188
2011-01-13,933.0,933.3333129882812,921.3333129882812,921.3333129882812
2011-01-14,930.3333129882812,933.3333129882812,921.6666870117188,933.3333129882812
2011-01-17,925.3333129882812,933.3333129882812,913.3333129882812,923.3333129882812
2011-01-18,923.3333129882812,938.3333129882812,920.0,933.3333129882812
2011-01-19,924.3333129882812,933.3333129882812,924.3333129882812,933.3333129882812
2011-01-20,927.0,927.0,923.3333129882812,927.0
2011-01-21,923.0,933.3333129882812,923.0,933.0
2011-01-24,922.3333129882812,930.6666870117188,921.6666870117188,929.6666870117188
2011-01-25,926.3333129882812,940.0,926.3333129882812,940.0
2011-01-26,934.0,940.0,933.3333129882812,933.3333129882812
2011-01-27,926.0,936.3333129882812,926.0,926.6666870117188
2011-01-28,930.0,933.0,928.6666870117188,931.0
2011-01-31,933.3333129882812,933.3333129882812,926.6666870117188,933.3333129882812
2011-02-01,933.3333129882812,943.3333129882812,933.3333129882812,940.3333129882812
2011-02-02,946.6666870117188,955.6666870117188,943.6666870117188,951.6666870117188
2011-02-03,956.0,960.0,952.3333129882812,960.0
2011-02-04,960.0,966.3333129882812,956.6666870117188,965.3333129882812
2011-02-07,965.3333129882812,966.6666870117188,933.3333129882812,966.6666870117188
2011-02-08,966.6666870117188,983.3333129882812,966.6666870117188,982.0
2011-02-09,983.3333129882812,983.3333129882812,979.0,980.0
2011-02-10,967.0,972.3333129882812,951.6666870117188,966.6666870117188
2011-02-14,966.6666870117188,966.6666870117188,942.3333129882812,964.6666870117188
2011-02-15,966.6666870117188,980.0,966.6666870117188,979.6666870117188
2011-02-16,971.3333129882812,972.3333129882812,971.3333129882812,972.0
2011-02-17,970.0,970.0,957.0,957.0
2011-02-18,957.3333129882812,960.3333129882812,957.3333129882812,957.3333129882812
2011-02-21,953.3333129882812,955.0,941.6666870117188,951.6666870117188
2011-02-22,955.3333129882812,956.0,948.6666870117188,949.0
2011-02-23,934.6666870117188,939.6666870117188,934.6666870117188,936.6666870117188
2011-02-24,934.0,936.3333129882812,910.0,916.0
2011-02-25,915.6666870117188,915.6666870117188,905.3333129882812,914.0
2011-02-28,930.3333129882812,940.6666870117188,913.3333129882812,933.3333129882812
2011-03-01,933.3333129882812,949.3333129882812,933.3333129882812,936.6666870117188
2011-03-02,936.6666870117188,937.0,930.3333129882812,930.3333129882812
2011-03-03,947.0,947.0,931.0,936.6666870117188
2011-03-04,947.0,948.6666870117188,945.0,947.0
2011-03-07,949.3333129882812,949.3333129882812,933.6666870117188,933.6666870117188
2011-03-08,933.6666870117188,948.3333129882812,933.3333129882812,934.3333129882812
2011-03-09,933.3333129882812,934.3333129882812,932.0,932.0
2011-03-10,931.6666870117188,931.6666870117188,920.3333129882812,925.6666870117188
2011-03-11,928.3333129882812,928.3333129882812,920.3333129882812,920.3333129882812
2011-03-14,753.6666870117188,846.6666870117188,753.6666870117188,820.3333129882812
2011-03-15,816.6666870117188,883.3333129882812,777.3333129882812,800.0
2011-03-16,770.6666870117188,833.3333129882812,770.6666870117188,825.6666870117188
2011-03-17,816.6666870117188,816.6666870117188,800.0,813.3333129882812
2011-03-18,826.6666870117188,860.0,820.0,860.0
2011-03-22,873.3333129882812,903.3333129882812,873.3333129882812,878.3333129882812
2011-03-23,890.6666870117188,900.3333129882812,883.6666870117188,900.0
2011-03-24,903.3333129882812,903.3333129882812,859.3333129882812,863.3333129882812
2011-03-25,866.6666870117188,900.0,866.6666870117188,890.6666870117188
2011-03-28,883.3333129882812,899.6666870117188,873.3333129882812,899.6666870117188
2011-03-29,879.6666870117188,879.6666870117188,856.0,859.3333129882812
2011-03-30,856.3333129882812,885.0,856.3333129882812,885.0
2011-03-31,885.0,898.3333129882812,876.6666870117188,898.3333129882812
2011-04-01,886.6666870117188,886.6666870117188,872.3333129882812,872.3333129882812
2011-04-04,872.3333129882812,872.3333129882812,851.6666870117188,862.3333129882812
2011-04-05,843.3333129882812,849.6666870117188,834.3333129882812,834.3333129882812
2011-04-06,830.0,830.0,816.6666870117188,816.6666870117188
2011-04-07,813.3333129882812,833.3333129882812,810.6666870117188,817.3333129882812
2011-04-08,806.3333129882812,817.3333129882812,800.6666870117188,816.6666870117188
2011-04-11,816.6666870117188,833.3333129882812,816.6666870117188,825.3333129882812
2011-04-12,825.0,836.6666870117188,825.0,825.0
2011-04-13,813.3333129882812,825.0,813.3333129882812,823.0
2011-04-14,823.0,826.6666870117188,813.6666870117188,820.6666870117188
2011-04-15,823.3333129882812,840.0,823.3333129882812,823.3333129882812
2011-04-18,856.6666870117188,856.6666870117188,853.3333129882812,856.3333129882812
2011-04-19,831.0,838.0,831.0,838.0
2011-04-20,840.0,840.0,825.3333129882812,825.3333129882812
2011-04-21,825.3333129882812,825.3333129882812,818.6666870117188,819.6666870117188
2011-04-22,825.0,826.6666870117188,821.6666870117188,826.6666870117188
2011-04-25,833.3333129882812,833.3333129882812,810.0,810.0
2011-04-26,826.6666870117188,826.6666870117188,800.0,800.0
2011-04-27,816.3333129882812,816.3333129882812,801.3333129882812,803.3333129882812
2011-04-28,800.0,809.3333129882812,800.0,800.3333129882812
2011-05-02,800.6666870117188,804.6666870117188,800.3333129882812,800.3333129882812
2011-05-06,800.0,801.6666870117188,799.0,801.3333129882812
2011-05-09,801.6666870117188,801.6666870117188,787.0,789.0
2011-05-10,781.6666870117188,781.6666870117188,749.3333129882812,752.3333129882812
2011-05-11,768.3333129882812,779.6666870117188,755.3333129882812,779.6666870117188
2011-05-12,773.6666870117188,776.6666870117188,767.6666870117188,768.3333129882812
2011-05-13,773.3333129882812,773.3333129882812,766.6666870117188,770.0
2011-05-16,767.3333129882812,767.6666870117188,759.3333129882812,759.3333129882812
2011-05-17,760.0,773.0,756.6666870117188,756.6666870117188
2011-05-18,756.6666870117188,756.6666870117188,750.3333129882812,752.0
2011-05-19,760.0,771.6666870117188,754.3333129882812,754.3333129882812
2011-05-20,758.3333129882812,765.3333129882812,757.0,760.0
2011-05-23,760.3333129882812,767.0,760.0,762.0
2011-05-24,762.0,771.6666870117188,762.0,771.6666870117188
2011-05-25,771.6666870117188,771.6666870117188,758.3333129882812,763.3333129882812
2011-05-26,765.0,766.0,759.6666870117188,759.6666870117188
2011-05-27,759.3333129882812,760.0,758.3333129882812,759.0
2011-05-30,770.0,770.0,758.3333129882812,759.6666870117188
2011-05-31,766.3333129882812,773.3333129882812,761.0,773.3333129882812
2011-06-01,773.3333129882812,777.3333129882812,766.6666870117188,777.3333129882812
2011-06-02,761.3333129882812,774.0,757.3333129882812,770.0
2011-06-03,762.3333129882812,770.0,759.6666870117188,759.6666870117188
2011-06-06,761.6666870117188,766.6666870117188,756.6666870117188,757.3333129882812
2011-06-07,756.0,759.3333129882812,755.0,758.0
2011-06-08,755.6666870117188,756.3333129882812,746.6666870117188,749.3333129882812
2011-06-09,746.6666870117188,746.6666870117188,714.6666870117188,719.3333129882812
2011-06-10,712.0,720.6666870117188,703.3333129882812,710.0
2011-06-13,706.6666870117188,720.0,706.6666870117188,716.6666870117188
2011-06-14,713.3333129882812,715.3333129882812,710.3333129882812,712.6666870117188
2011-06-15,714.0,716.6666870117188,693.3333129882812,696.0
2011-06-16,693.6666870117188,703.3333129882812,693.6666870117188,700.0
2011-06-17,701.0,709.3333129882812,692.0,692.0
2011-06-20,692.0,700.0,692.0,695.0
2011-06-21,695.0,705.6666870117188,695.0,698.3333129882812
2011-06-22,700.0,700.0,687.3333129882812,693.3333129882812
2011-06-23,699.6666870117188,699.6666870117188,691.6666870117188,693.0
2011-06-24,693.3333129882812,698.3333129882812,692.6666870117188,693.3333129882812
2011-06-27,700.0,711.0,700.0,709.6666870117188
2011-06-28,712.3333129882812,714.3333129882812,699.3333129882812,700.3333129882812
2011-06-29,710.6666870117188,710.6666870117188,708.0,708.0
2011-06-30,713.0,717.3333129882812,711.0,717.3333129882812
2011-07-01,720.0,728.6666870117188,718.0,728.6666870117188
2011-07-04,735.0,757.0,735.0,757.0
2011-07-05,766.3333129882812,766.3333129882812,750.0,760.6666870117188
2011-07-06,773.3333129882812,773.6666870117188,760.6666870117188,766.3333129882812
2011-07-07,766.6666870117188,766.6666870117188,750.0,751.0
2011-07-08,752.0,756.6666870117188,751.6666870117188,756.6666870117188
2011-07-11,757.0,761.6666870117188,755.0,761.6666870117188
2011-07-12,761.6666870117188,761.6666870117188,750.0,758.3333129882812
2011-07-13,756.6666870117188,756.6666870117188,744.3333129882812,744.3333129882812
2011-07-14,743.3333129882812,748.3333129882812,743.0,746.3333129882812
2011-07-15,754.3333129882812,754.3333129882812,745.3333129882812,747.0
2011-07-19,733.0,734.0,727.6666870117188,730.6666870117188
2011-07-20,730.6666870117188,731.6666870117188,724.6666870117188,724.6666870117188
2011-07-21,723.3333129882812,729.0,723.3333129882812,726.0
2011-07-22,727.3333129882812,746.0,727.3333129882812,745.0
2011-07-25,745.0,745.3333129882812,740.6666870117188,745.0
2011-07-26,738.0,751.6666870117188,733.3333129882812,747.3333129882812
2011-07-27,753.0,774.3333129882812,738.3333129882812,770.3333129882812
2011-07-28,770.6666870117188,773.3333129882812,766.3333129882812,772.6666870117188
2011-07-29,773.0,773.0,746.6666870117188,755.3333129882812
2011-08-01,753.6666870117188,756.0,750.0,756.0
2011-08-02,756.0,766.6666870117188,732.0,739.0
2011-08-03,732.3333129882812,732.3333129882812,713.3333129882812,715.3333129882812
2011-08-04,716.0,719.6666870117188,696.0,700.6666870117188
2011-08-05,686.3333129882812,697.0,686.3333129882812,695.0
2011-08-08,693.3333129882812,698.3333129882812,672.6666870117188,675.3333129882812
2011-08-09,670.0,677.6666870117188,663.0,677.6666870117188
2011-08-10,707.3333129882812,707.3333129882812,693.3333129882812,697.3333129882812
2011-08-11,697.0,697.0,680.0,692.3333129882812
2011-08-12,693.3333129882812,693.3333129882812,678.3333129882812,684.6666870117188
2011-08-15,689.6666870117188,691.0,683.6666870117188,691.0
2011-08-16,695.6666870117188,706.3333129882812,691.0,706.3333129882812
2011-08-17,706.6666870117188,706.6666870117188,690.0,690.0
2011-08-18,716.3333129882812,716.3333129882812,684.3333129882812,689.3333129882812
2011-08-19,683.3333129882812,706.6666870117188,681.3333129882812,682.3333129882812
2011-08-22,681.3333129882812,685.6666870117188,673.3333129882812,674.0
2011-08-23,683.6666870117188,683.6666870117188,673.3333129882812,677.0
2011-08-24,681.6666870117188,693.3333129882812,667.0,680.0
2011-08-25,680.0,680.0,673.3333129882812,673.6666870117188
2011-08-26,680.3333129882812,688.3333129882812,676.6666870117188,688.3333129882812
2011-08-29,699.6666870117188,699.6666870117188,683.6666870117188,688.0
2011-08-30,690.0,700.0,687.0,693.6799926757812
2011-08-31,700.0,700.0,686.6666870117188,690.2100219726562
2011-09-01,690.0,690.0,686.6666870117188,687.0
2011-09-02,687.0,687.0,680.0,682.1599731445312
2011-09-05,683.6666870117188,690.0,680.0,680.1766357421875
2011-09-06,679.3333129882812,687.6666870117188,670.0,675.0900268554688
2011-09-07,673.6666870117188,681.3333129882812,672.3333129882812,672.5966796875
2011-09-08,673.3333129882812,673.6666870117188,661.6666870117188,665.1333618164062
2011-09-09,671.6666870117188,671.6666870117188,663.3333129882812,665.0
2011-09-12,663.6666870117188,670.0,662.3333129882812,664.7899780273438
2011-09-13,663.0,666.0,663.0,665.3333129882812
2011-09-14,666.6666870117188,667.3333129882812,661.0,664.1199951171875
2011-09-15,668.3333129882812,668.3333129882812,663.6666870117188,666.6666870117188
2011-09-16,666.6666870117188,672.6666870117188,665.6666870117188,667.6366577148438
2011-09-20,667.0,668.3333129882812,651.0,653.3333129882812
2011-09-21,653.3333129882812,655.6666870117188,649.0,649.0
2011-09-22,649.6666870117188,666.0,633.3333129882812,633.6666870117188
2011-09-26,633.6666870117188,633.6666870117188,629.3333129882812,629.3333129882812
2011-09-27,633.6666870117188,647.0,629.3333129882812,639.3333129882812
2011-09-28,641.3333129882812,641.3333129882812,630.6666870117188,634.0
2011-09-29,633.6666870117188,637.0,632.0,634.0
2011-09-30,640.3333129882812,648.6666870117188,633.6666870117188,638.0
2011-10-03,638.0,638.0,626.0,628.6666870117188
2011-10-04,628.0,628.6666870117188,623.3333129882812,627.0
2011-10-05,626.6666870117188,635.3333129882812,626.6666870117188,628.6666870117188
2011-10-06,628.6666870117188,634.6666870117188,628.6666870117188,632.3333129882812
2011-10-07,632.3333129882812,638.0,626.0,626.3333129882812
2011-10-11,626.6666870117188,629.3333129882812,621.6666870117188,629.0
2011-10-12,629.0,629.0,620.3333129882812,622.3333129882812
2011-10-13,626.3333129882812,650.0,624.0,650.0
2011-10-14,641.6666870117188,641.6666870117188,622.3333129882812,625.0
2011-10-17,627.0,627.0,624.0,624.3333129882812
2011-10-18,623.3333129882812,623.6666870117188,619.6666870117188,620.0
2011-10-19,620.0,620.3333129882812,617.6666870117188,617.6666870117188
2011-10-20,618.0,629.6666870117188,617.6666870117188,623.6666870117188
2011-10-21,623.3333129882812,628.3333129882812,618.0,619.3333129882812
2011-10-24,619.6666870117188,631.3333129882812,619.3333129882812,631.3333129882812
2011-10-25,630.0,630.0,622.6666870117188,623.3333129882812
2011-10-26,623.3333129882812,623.3333129882812,617.0,617.0
2011-10-27,618.6666870117188,631.3333129882812,618.0,629.6666870117188
2011-10-28,632.6666870117188,640.0,628.6666870117188,628.6666870117188
2011-10-31,649.3333129882812,649.3333129882812,636.6666870117188,643.3333129882812
2011-11-01,643.3333129882812,651.6666870117188,633.3333129882812,651.6666870117188
2011-11-02,644.0,646.0,630.6666870117188,641.3333129882812
2011-11-04,641.0,641.0,631.0,640.6666870117188
2011-11-07,640.3333129882812,642.6666870117188,638.3333129882812,642.6666870117188
2011-11-08,635.6666870117188,637.0,633.3333129882812,633.3333129882812
2011-11-09,640.0,640.0,633.0,635.6666870117188
2011-11-10,635.6666870117188,662.6666870117188,635.6666870117188,654.0
2011-11-11,655.0,656.3333129882812,653.3333129882812,656.3333129882812
2011-11-14,654.0,659.0,653.6666870117188,653.6666870117188
2011-11-15,660.0,660.0,656.0,658.0
2011-11-16,659.0,659.0,656.0,657.6666870117188
2011-11-17,654.0,658.3333129882812,640.3333129882812,650.0
2011-11-18,640.6666870117188,641.0,640.6666870117188,641.0
2011-11-21,640.6666870117188,640.6666870117188,636.6666870117188,640.0
2011-11-22,653.3333129882812,654.0,646.6666870117188,653.0
2011-11-24,639.6666870117188,648.0,639.0,648.0
2011-11-25,648.0,652.0,646.6666870117188,647.6666870117188
2011-11-28,647.6666870117188,647.6666870117188,643.3333129882812,643.6666870117188
2011-11-29,650.0,660.0,648.3333129882812,660.0
2011-11-30,660.0,660.0,646.6666870117188,648.3333129882812
2011-12-01,647.6666870117188,659.3333129882812,647.6666870117188,650.0
2011-12-02,663.3333129882812,663.3333129882812,647.6666870117188,659.0
2011-12-05,653.3333129882812,659.0,650.0,650.6666870117188
2011-12-06,651.6666870117188,657.6666870117188,650.0,650.0
2011-12-07,653.3333129882812,653.3333129882812,646.6666870117188,647.3333129882812
2011-12-08,647.3333129882812,647.3333129882812,641.6666870117188,645.6666870117188
2011-12-09,626.6666870117188,628.3333129882812,626.6666870117188,627.0
2011-12-12,627.0,633.0,627.0,627.6666870117188
2011-12-13,627.0,627.6666870117188,626.0,626.6666870117188
2011-12-14,626.3333129882812,628.0,625.6666870117188,625.6666870117188
2011-12-15,626.6666870117188,626.6666870117188,623.3333129882812,623.3333129882812
2011-12-16,623.3333129882812,623.3333129882812,621.6666870117188,622.3333129882812
2011-12-19,621.6666870117188,622.3333129882812,620.6666870117188,620.6666870117188
2011-12-20,620.0,623.3333129882812,619.6666870117188,621.0
2011-12-21,618.6666870117188,618.6666870117188,596.6666870117188,602.3333129882812
2011-12-22,600.0,601.0,596.6666870117188,599.0
2011-12-26,596.6666870117188,598.3333129882812,593.3333129882812,595.6666870117188
2011-12-27,596.6666870117188,603.6666870117188,596.6666870117188,603.3333129882812
2011-12-28,609.6666870117188,609.6666870117188,605.3333129882812,607.3333129882812
2011-12-29,611.6666870117188,611.6666870117188,602.6666870117188,611.3333129882812
2011-12-30,611.6666870117188,613.0,608.3333129882812,613.0
2012-01-04,611.6666870117188,620.0,611.6666870117188,616.6666870117188
2012-01-05,610.0,610.0,598.3333129882812,598.3333129882812
2012-01-06,599.0,599.6666870117188,596.6666870117188,597.3333129882812
2012-01-10,598.0,609.6666870117188,598.0,606.0
2012-01-11,606.6666870117188,630.0,606.6666870117188,630.0
2012-01-12,623.3333129882812,629.0,614.0,629.0
2012-01-13,630.0,630.0,625.3333129882812,627.6666870117188
2012-01-16,628.0,631.3333129882812,623.3333129882812,626.6666870117188
2012-01-17,626.6666870117188,632.6666870117188,623.3333129882812,632.6666870117188
2012-01-18,632.6666870117188,638.0,627.0,634.6666870117188
2012-01-19,642.3333129882812,642.3333129882812,636.6666870117188,641.6666870117188
2012-01-20,641.6666870117188,646.0,641.6666870117188,646.0
2012-01-23,646.3333129882812,649.6666870117188,646.3333129882812,647.6666870117188
2012-01-24,650.0,656.3333129882812,647.6666870117188,656.3333129882812
2012-01-25,661.3333129882812,673.3333129882812,657.3333129882812,673.3333129882812
2012-01-26,673.3333129882812,673.3333129882812,666.0,666.6666870117188
2012-01-27,656.6666870117188,670.3333129882812,656.6666870117188,662.6666870117188
2012-01-30,649.3333129882812,656.6666870117188,638.3333129882812,645.0
2012-01-31,652.0,652.0,642.6666870117188,650.3333129882812
2012-02-01,656.6666870117188,657.0,644.6666870117188,653.0
2012-02-02,660.6666870117188,660.6666870117188,656.0,656.0
2012-02-03,661.0,661.3333129882812,653.6666870117188,656.6666870117188
2012-02-06,656.6666870117188,663.3333129882812,656.6666870117188,661.6666870117188
2012-02-07,660.0,663.3333129882812,655.6666870117188,655.6666870117188
2012-02-08,654.0,663.0,650.0,660.0
2012-02-09,649.6666870117188,656.0,641.6666870117188,648.3333129882812
2012-02-10,647.3333129882812,653.3333129882812,646.6666870117188,646.6666870117188
2012-02-13,646.6666870117188,653.3333129882812,646.6666870117188,651.6666870117188
2012-02-14,653.3333129882812,656.6666870117188,653.3333129882812,656.6666870117188
2012-02-15,663.3333129882812,663.3333129882812,658.0,662.3333129882812
2012-02-16,662.3333129882812,665.6666870117188,660.0,660.0
2012-02-17,660.3333129882812,673.0,660.3333129882812,662.6666870117188
2012-02-20,672.3333129882812,672.3333129882812,663.3333129882812,664.0
2012-02-21,664.6666870117188,667.6666870117188,664.6666870117188,665.3333129882812
2012-02-22,669.0,672.3333129882812,668.3333129882812,671.0
2012-02-23,671.6666870117188,672.6666870117188,669.3333129882812,671.0
2012-02-24,667.0,673.3333129882812,667.0,673.3333129882812
2012-02-27,673.3333129882812,679.0,673.3333129882812,676.6666870117188
2012-02-28,676.6666870117188,678.3333129882812,672.0,672.0
2012-02-29,673.3333129882812,676.6666870117188,673.3333129882812,676.3333129882812
2012-03-01,678.3333129882812,678.3333129882812,672.0,672.0
2012-03-02,678.3333129882812,678.6666870117188,672.3333129882812,674.3333129882812
2012-03-05,673.3333129882812,676.6666870117188,672.0,673.3333129882812
2012-03-06,673.3333129882812,677.6666870117188,672.0,673.3333129882812
2012-03-07,673.3333129882812,676.6666870117188,673.0,673.3333129882812
2012-03-08,676.6666870117188,677.6666870117188,673.3333129882812,673.3333129882812
2012-03-09,678.6666870117188,679.3333129882812,674.0,675.0
2012-03-12,675.0,680.3333129882812,675.0,679.6666870117188
2012-03-13,679.6666870117188,680.0,678.3333129882812,678.3333129882812
2012-03-14,679.0,681.3333129882812,677.6666870117188,677.6666870117188
2012-03-15,677.3333129882812,681.3333129882812,677.3333129882812,677.3333129882812
2012-03-16,675.0,681.3333129882812,673.6666870117188,681.3333129882812
2012-03-19,681.3333129882812,684.0,675.3333129882812,681.6666870117188
2012-03-21,677.3333129882812,681.0,677.3333129882812,678.6666870117188
2012-03-22,680.0,681.3333129882812,678.3333129882812,681.3333129882812
2012-03-23,680.0,681.0,675.0,676.3333129882812
2012-03-26,678.3333129882812,678.3333129882812,673.6666870117188,675.0
2012-03-27,675.0,676.3333129882812,671.3333129882812,676.3333129882812
2012-03-28,666.6666870117188,668.0,654.6666870117188,665.6666870117188
2012-03-29,665.0,665.0,657.6666870117188,661.3333129882812
2012-03-30,660.3333129882812,661.6666870117188,657.3333129882812,660.0
2012-04-02,660.0,670.0,660.0,668.3333129882812
2012-04-03,659.3333129882812,668.3333129882812,659.3333129882812,662.6666870117188
2012-04-04,660.6666870117188,668.3333129882812,659.3333129882812,666.3333129882812
2012-04-05,666.3333129882812,674.3333129882812,666.0,674.3333129882812
2012-04-06,674.3333129882812,718.3333129882812,666.6666870117188,718.3333129882812
2012-04-09,700.3333129882812,710.0,678.6666870117188,697.0
2012-04-10,702.3333129882812,706.0,687.0,687.0
2012-04-11,677.6666870117188,677.6666870117188,674.3333129882812,675.0
2012-04-12,687.0,710.0,680.0,707.6666870117188
2012-04-13,713.3333129882812,713.3333129882812,696.6666870117188,706.6666870117188
2012-04-16,713.0,713.0,694.3333129882812,709.6666870117188
2012-04-17,710.0,713.3333129882812,696.6666870117188,713.0
2012-04-18,698.6666870117188,713.6666870117188,698.6666870117188,706.6666870117188
2012-04-19,710.0,713.3333129882812,698.6666870117188,713.0
2012-04-20,710.0,713.6666870117188,698.3333129882812,713.6666870117188
2012-04-23,705.0,713.6666870117188,693.3333129882812,700.0
2012-04-24,700.0,700.0,685.3333129882812,685.3333129882812
2012-04-25,703.3333129882812,725.0,693.3333129882812,720.0
2012-04-26,720.0,733.3333129882812,709.6666870117188,733.3333129882812
2012-04-27,733.3333129882812,736.6666870117188,718.3333129882812,736.6666870117188
2012-05-01,736.6666870117188,738.3333129882812,733.3333129882812,737.0
2012-05-02,733.3333129882812,733.3333129882812,711.6666870117188,723.6666870117188
2012-05-07,710.0,731.6666870117188,710.0,727.6666870117188
2012-05-08,726.6666870117188,726.6666870117188,717.0,723.3333129882812
2012-05-09,716.6666870117188,728.0,716.6666870117188,728.0
2012-05-10,729.3333129882812,729.3333129882812,716.6666870117188,723.3333129882812
2012-05-11,710.6666870117188,724.3333129882812,710.0,715.0
2012-05-14,713.3333129882812,713.3333129882812,685.3333129882812,689.3333129882812
2012-05-15,688.3333129882812,688.3333129882812,666.6666870117188,673.3333129882812
2012-05-16,670.0,674.6666870117188,666.6666870117188,670.0
2012-05-17,666.6666870117188,666.6666870117188,661.6666870117188,661.6666870117188
2012-05-18,660.3333129882812,662.6666870117188,642.6666870117188,653.6666870117188
2012-05-21,654.0,654.0,643.3333129882812,643.6666870117188
2012-05-22,643.6666870117188,656.6666870117188,643.6666870117188,656.6666870117188
2012-05-23,650.0,650.0,642.0,643.3333129882812
2012-05-24,640.6666870117188,643.3333129882812,636.6666870117188,643.3333129882812
2012-05-25,638.3333129882812,640.0,623.6666870117188,628.6666870117188
2012-05-28,620.6666870117188,626.0,617.0,618.0
2012-05-29,613.3333129882812,613.3333129882812,604.0,606.0
2012-05-30,623.3333129882812,649.3333129882812,614.0,649.3333129882812
2012-05-31,622.6666870117188,640.0,617.6666870117188,620.0
2012-06-01,626.6666870117188,627.3333129882812,620.0,620.0
2012-06-04,620.0,627.3333129882812,618.3333129882812,620.3333129882812
2012-06-05,618.6666870117188,618.6666870117188,608.6666870117188,610.3333129882812
2012-06-06,611.6666870117188,626.3333129882812,611.6666870117188,626.3333129882812
2012-06-07,620.3333129882812,620.3333129882812,610.6666870117188,619.3333129882812
2012-06-08,628.6666870117188,628.6666870117188,612.3333129882812,617.6666870117188
2012-06-11,617.3333129882812,617.3333129882812,611.3333129882812,611.3333129882812
2012-06-12,610.3333129882812,617.0,608.3333129882812,615.3333129882812
2012-06-13,615.0,633.3333129882812,608.3333129882812,609.0
2012-06-14,615.0,616.0,612.0,616.0
2012-06-15,618.3333129882812,624.3333129882812,615.0,623.3333129882812
2012-06-18,623.3333129882812,636.6666870117188,623.3333129882812,626.3333129882812
2012-06-19,625.0,636.6666870117188,625.0,625.6666870117188
2012-06-20,623.3333129882812,649.0,623.3333129882812,637.0
2012-06-21,636.0,636.0,626.0,628.0
2012-06-22,628.0,641.3333129882812,623.3333129882812,623.3333129882812
2012-06-25,625.0,630.0,621.6666870117188,622.0
2012-06-26,620.0,623.3333129882812,611.6666870117188,612.0
2012-06-27,614.0,614.6666870117188,610.3333129882812,612.0
2012-06-28,614.0,616.6666870117188,611.3333129882812,611.3333129882812
2012-06-29,614.0,618.3333129882812,611.6666870117188,618.3333129882812
2012-07-02,623.3333129882812,626.6666870117188,622.0,623.6666870117188
2012-07-03,622.0,640.0,622.0,631.3333129882812
2012-07-04,628.6666870117188,648.3333129882812,625.0,647.6666870117188
2012-07-05,647.6666870117188,650.0,638.3333129882812,638.3333129882812
2012-07-06,638.3333129882812,643.3333129882812,633.3333129882812,634.0
2012-07-09,632.6666870117188,636.6666870117188,625.0,636.6666870117188
2012-07-10,636.6666870117188,644.6666870117188,633.3333129882812,644.6666870117188
2012-07-11,641.6666870117188,641.6666870117188,633.3333129882812,634.3333129882812
2012-07-12,636.6666870117188,636.6666870117188,626.6666870117188,628.3333129882812
2012-07-13,633.3333129882812,633.3333129882812,628.6666870117188,629.3333129882812
2012-07-17,627.0,630.3333129882812,625.6666870117188,630.0
2012-07-18,626.6666870117188,633.3333129882812,621.3333129882812,626.5933227539062
2012-07-19,626.6666870117188,632.0,624.0,630.3333129882812
2012-07-20,630.0,630.3333129882812,625.6666870117188,629.8330688476562
2012-07-23,630.0,633.3333129882812,624.0,630.3200073242188
2012-07-24,623.3333129882812,625.0,621.3333129882812,621.3333129882812
2012-07-25,620.0,621.6666870117188,616.6666870117188,619.4766845703125
2012-07-26,620.3333129882812,620.3333129882812,613.3333129882812,618.6666870117188
2012-07-27,620.0,625.0,619.3333129882812,620.6666870117188
2012-07-30,630.0,630.0,623.3333129882812,629.6666870117188
2012-07-31,620.0,633.3333129882812,620.0,633.3333129882812
2012-08-01,633.3333129882812,633.3333129882812,633.3333129882812,633.3333129882812
2012-08-02,635.3333129882812,640.0,632.3333129882812,633.3333129882812
2012-08-03,633.3333129882812,636.6666870117188,625.0,625.0
2012-08-06,633.3333129882812,636.3333129882812,627.0,633.3333129882812
2012-08-07,629.0,640.0,627.0,630.0
2012-08-08,640.0,641.3333129882812,631.0,641.3333129882812
2012-08-09,640.0,641.0,632.6666870117188,641.0
2012-08-10,635.3333129882812,640.0,632.3333129882812,632.3333129882812
2012-08-13,630.0,636.3333129882812,626.6666870117188,630.0
2012-08-14,630.0,635.0,630.0,632.9866943359375
2012-08-15,636.0,644.3333129882812,636.0,644.3333129882812
2012-08-16,645.0,646.6666870117188,633.6666870117188,646.6666870117188
2012-08-17,641.3333129882812,643.0,640.0,642.5499877929688
2012-08-20,650.6666870117188,691.0,650.6666870117188,682.2033081054688
2012-08-21,683.0,695.0,681.6666870117188,682.0833129882812
2012-08-22,683.3333129882812,685.0,680.3333129882812,685.0
2012-08-23,680.0,685.0,673.3333129882812,685.0
2012-08-24,683.0,684.3333129882812,672.3333129882812,673.6666870117188
2012-08-27,673.6666870117188,673.6666870117188,663.3333129882812,668.3333129882812
2012-08-28,668.3333129882812,668.3333129882812,661.6666870117188,661.6666870117188
2012-08-29,661.6666870117188,663.0,660.0,663.0
2012-08-30,664.6666870117188,664.6666870117188,653.3333129882812,663.3333129882812
2012-08-31,663.3333129882812,663.3333129882812,652.3333129882812,652.3333129882812
2012-09-03,655.0,666.6666870117188,655.0,666.6666870117188
2012-09-04,670.0,670.0,657.0,660.0
2012-09-05,660.0,670.0,651.0,665.0
2012-09-06,660.0,665.6666870117188,652.3333129882812,662.0
2012-09-07,661.3333129882812,663.0,656.6666870117188,663.0
2012-09-10,656.6666870117188,659.3333129882812,652.0,652.0
2012-09-11,652.0,656.6666870117188,650.0,656.6666870117188
2012-09-12,650.0,653.3333129882812,647.6666870117188,650.3333129882812
2012-09-13,652.3333129882812,671.0,652.0,653.3333129882812
2012-09-14,666.6666870117188,669.6666870117188,654.0,660.0
2012-09-18,659.6666870117188,659.6666870117188,650.0,650.0
2012-09-19,650.0,650.0,645.0,650.0
2012-09-20,645.0,646.6666870117188,645.0,645.6666870117188
2012-09-21,646.6666870117188,648.3333129882812,643.3333129882812,645.0
2012-09-24,643.3333129882812,643.6666870117188,640.6666870117188,643.3333129882812
2012-09-25,643.0,643.3333129882812,634.3333129882812,643.3333129882812
2012-09-26,640.0,643.3333129882812,636.0,641.3333129882812
2012-09-27,648.3333129882812,649.3333129882812,643.3333129882812,643.3333129882812
2012-09-28,643.3333129882812,652.0,643.3333129882812,645.3333129882812
2012-10-01,646.6666870117188,656.6666870117188,636.6666870117188,656.0
2012-10-02,656.3333129882812,656.6666870117188,643.3333129882812,656.0
2012-10-03,656.0,693.3333129882812,656.0,671.6666870117188
2012-10-04,683.0,683.0,660.0,670.0
2012-10-05,681.0,681.0,673.3333129882812,675.0
2012-10-09,676.3333129882812,677.0,668.0,668.0
2012-10-10,666.6666870117188,666.6666870117188,652.0,665.6666870117188
2012-10-11,663.3333129882812,663.3333129882812,646.6666870117188,649.3333129882812
2012-10-12,650.0,653.3333129882812,646.6666870117188,647.3333129882812
2012-10-15,647.3333129882812,650.0,643.3333129882812,643.3333129882812
2012-10-16,643.6666870117188,650.0,641.3333129882812,645.3333129882812
2012-10-17,645.3333129882812,649.0,633.3333129882812,633.3333129882812
2012-10-18,646.6666870117188,655.3333129882812,635.0,655.0
2012-10-19,653.3333129882812,654.6666870117188,647.6666870117188,648.0
2012-10-22,643.6666870117188,647.0,640.0,647.0
2012-10-23,645.6666870117188,658.0,644.3333129882812,656.6666870117188
2012-10-24,643.3333129882812,663.0,643.3333129882812,658.3333129882812
2012-10-25,648.6666870117188,665.0,648.6666870117188,664.3333129882812
2012-10-26,659.3333129882812,664.6666870117188,654.0,656.3333129882812
2012-10-29,650.0,662.6666870117188,650.0,660.0
2012-10-30,657.0,660.0,651.6666870117188,653.0
2012-10-31,653.3333129882812,661.0,653.3333129882812,657.6666870117188
2012-11-01,657.6666870117188,659.6666870117188,653.3333129882812,656.3333129882812
2012-11-02,656.6666870117188,662.0,656.6666870117188,658.3333129882812
2012-11-05,660.0,663.3333129882812,657.6666870117188,662.0
2012-11-06,658.6666870117188,662.0,656.6666870117188,661.6666870117188
2012-11-07,663.3333129882812,663.6666870117188,661.6666870117188,662.0
2012-11-08,661.3333129882812,663.3333129882812,660.0,661.0
2012-11-09,661.0,661.0,656.0,659.3333129882812
2012-11-12,659.3333129882812,663.0,654.3333129882812,661.6666870117188
2012-11-13,662.0,664.6666870117188,655.3333129882812,663.0
2012-11-14,666.0,666.0,656.6666870117188,665.3333129882812
2012-11-15,666.0,666.0,660.6666870117188,664.3333129882812
2012-11-16,664.3333129882812,664.6666870117188,658.3333129882812,659.6666870117188
2012-11-19,664.6666870117188,664.6666870117188,660.0,660.0
2012-11-20,660.0,662.3333129882812,659.6666870117188,662.3333129882812
2012-11-21,663.3333129882812,666.6666870117188,661.3333129882812,664.3333129882812
2012-11-22,664.3333129882812,666.3333129882812,664.0,666.3333129882812
2012-11-26,666.3333129882812,666.6666870117188,661.0,661.6666870117188
2012-11-27,661.6666870117188,666.6666870117188,660.3333129882812,666.0
2012-11-28,663.3333129882812,663.3333129882812,660.6666870117188,663.0
2012-11-29,667.6666870117188,673.3333129882812,666.3333129882812,668.0
2012-11-30,670.0,679.3333129882812,668.0,679.3333129882812
2012-12-03,679.3333129882812,680.0,673.0,676.3333129882812
2012-12-04,676.3333129882812,676.3333129882812,663.6666870117188,667.0
2012-12-05,667.0,673.3333129882812,666.6666870117188,673.3333129882812
2012-12-06,673.3333129882812,680.0,673.3333129882812,679.6666870117188
2012-12-07,679.6666870117188,680.0,673.3333129882812,678.6666870117188
2012-12-10,678.6666870117188,678.6666870117188,674.3333129882812,677.0
2012-12-11,678.3333129882812,680.0,677.0,677.0
2012-12-12,680.0,680.0,675.0,675.3333129882812
2012-12-13,679.6666870117188,679.6666870117188,674.0,674.0
2012-12-14,673.6666870117188,679.3333129882812,673.6666870117188,679.3333129882812
2012-12-17,673.3333129882812,676.6666870117188,672.3333129882812,674.3333129882812
2012-12-18,675.0,676.0,670.3333129882812,671.0
2012-12-19,673.3333129882812,673.3333129882812,668.0,670.0
2012-12-20,673.0,686.0,670.3333129882812,686.0
2012-12-21,700.0,703.0,690.0,701.6666870117188
2012-12-25,700.0,700.0,687.3333129882812,700.0
2012-12-26,687.3333129882812,701.3333129882812,687.3333129882812,701.3333129882812
2012-12-27,700.0,703.6666870117188,696.3333129882812,701.3333129882812
2012-12-28,703.0,706.6666870117188,700.3333129882812,703.3333129882812
2013-01-04,716.6666870117188,716.6666870117188,693.3333129882812,696.6666870117188
2013-01-07,697.0,711.3333129882812,697.0,711.3333129882812
2013-01-08,703.3333129882812,703.3333129882812,675.0,675.3333129882812
2013-01-09,673.0,673.0,667.6666870117188,670.3333129882812
2013-01-10,670.0,672.6666870117188,669.0,671.0
2013-01-11,669.6666870117188,673.0,669.0,673.0
2013-01-15,675.0,676.0,670.0,670.3333129882812
2013-01-16,672.0,673.3333129882812,669.3333129882812,670.3333129882812
2013-01-17,670.0,670.6666870117188,668.3333129882812,669.3333129882812
2013-01-18,670.0,671.3333129882812,668.6666870117188,669.3333129882812
2013-01-21,670.3333129882812,675.6666870117188,669.3333129882812,674.3333129882812
2013-01-22,683.3333129882812,683.3333129882812,671.3333129882812,671.3333129882812
2013-01-23,672.6666870117188,673.3333129882812,670.0,670.6666870117188
2013-01-24,670.6666870117188,672.3333129882812,669.3333129882812,671.3333129882812
2013-01-25,673.3333129882812,676.6666870117188,672.0,676.6666870117188
2013-01-28,686.3333129882812,688.3333129882812,670.3333129882812,679.0
2013-01-29,683.3333129882812,693.3333129882812,683.3333129882812,685.3333129882812
2013-01-30,688.3333129882812,692.6666870117188,687.6666870117188,691.3333129882812
2013-01-31,693.3333129882812,693.3333129882812,690.3333129882812,692.3333129882812
2013-02-01,693.3333129882812,699.6666870117188,693.0,698.6666870117188
2013-02-04,701.6666870117188,713.3333129882812,700.6666870117188,708.3333129882812
2013-02-05,708.0,708.0,700.0,704.0
2013-02-06,708.0,708.0,700.3333129882812,700.6666870117188
2013-02-07,701.6666870117188,702.6666870117188,700.0,700.0
2013-02-08,706.3333129882812,706.3333129882812,690.3333129882812,691.3333129882812
2013-02-12,692.0,696.3333129882812,689.0,691.0
2013-02-13,689.3333129882812,689.6666870117188,683.3333129882812,684.3333129882812
2013-02-14,690.0,690.0,683.6666870117188,683.6666870117188
2013-02-15,683.6666870117188,685.0,669.3333129882812,673.0
2013-02-18,677.0,678.3333129882812,673.3333129882812,677.6666870117188
2013-02-19,676.6666870117188,680.6666870117188,676.6666870117188,677.0
2013-02-20,676.6666870117188,676.6666870117188,671.6666870117188,673.3333129882812
2013-02-21,673.6666870117188,675.0,671.6666870117188,672.6666870117188
2013-02-22,672.3333129882812,673.3333129882812,671.0,672.3333129882812
2013-02-25,678.0,681.0,673.3333129882812,674.0
2013-02-26,671.6666870117188,671.6666870117188,669.0,670.0
2013-02-27,670.0,671.0,668.6666870117188,669.3333129882812
2013-02-28,670.0,673.0,669.3333129882812,671.6666870117188
2013-03-01,673.6666870117188,679.3333129882812,673.3333129882812,676.6666870117188
2013-03-04,683.0,686.0,679.0,681.0
2013-03-05,681.0,681.6666870117188,678.3333129882812,681.0
2013-03-06,683.3333129882812,692.0,683.3333129882812,691.0
2013-03-07,691.0,691.0,689.0,690.0
2013-03-08,686.6666870117188,691.6666870117188,685.0,688.6666870117188
2013-03-11,690.0,695.6666870117188,689.0,692.3333129882812
2013-03-12,693.3333129882812,693.6666870117188,691.0,691.6666870117188
2013-03-13,691.6666870117188,693.0,689.3333129882812,689.3333129882812
2013-03-14,689.3333129882812,689.6666870117188,685.0,686.0
2013-03-15,689.3333129882812,692.6666870117188,687.0,691.3333129882812
2013-03-18,693.3333129882812,694.6666870117188,691.6666870117188,692.0
2013-03-19,693.6666870117188,695.3333129882812,693.3333129882812,694.3333129882812
2013-03-21,694.6666870117188,695.3333129882812,694.0,694.0
2013-03-22,694.3333129882812,695.3333129882812,693.3333129882812,693.3333129882812
2013-03-25,695.0,695.3333129882812,693.3333129882812,693.3333129882812
2013-03-26,693.3333129882812,694.6666870117188,687.3333129882812,690.0
2013-03-27,676.6666870117188,682.3333129882812,673.3333129882812,681.0
2013-03-28,680.0,686.0,676.3333129882812,677.0
2013-03-29,673.3333129882812,690.3333129882812,673.3333129882812,680.6666870117188
2013-04-01,680.0,726.6666870117188,678.0,700.3333129882812
2013-04-02,698.3333129882812,715.6666870117188,686.6666870117188,708.0
2013-04-03,730.0,833.6666870117188,716.6666870117188,822.6666870117188
2013-04-04,800.0,873.3333129882812,796.3333129882812,871.3333129882812
2013-04-05,878.6666870117188,925.6666870117188,876.6666870117188,904.3333129882812
2013-04-08,910.0,933.3333129882812,866.6666870117188,925.6666870117188
2013-04-09,926.6666870117188,950.0,926.6666870117188,929.0
2013-04-10,933.3333129882812,1000.0,933.0,961.3333129882812
2013-04-11,978.0,978.0,916.6666870117188,946.6666870117188
2013-04-12,950.0,962.3333129882812,919.0,954.0
2013-04-15,950.0,954.6666870117188,921.0,952.3333129882812
2013-04-16,949.0,949.0,905.0,920.0
2013-04-17,920.0,933.3333129882812,916.6666870117188,931.3333129882812
2013-04-18,920.3333129882812,943.3333129882812,920.0,934.3333129882812
2013-04-19,924.0,950.0,920.0,945.3333129882812
2013-04-22,950.0,1033.3333740234375,950.0,1030.0
2013-04-23,1013.3333129882812,1016.6666870117188,991.0,1005.0
2013-04-24,1013.3333129882812,1016.6666870117188,1000.0,1016.6666870117188
2013-04-25,1010.0,1016.6666870117188,1000.0,1006.6666870117188
2013-04-26,1030.0,1030.0,1000.0,1001.6666870117188
2013-04-30,1000.0,1010.0,990.6666870117188,1003.3333129882812
2013-05-01,1013.3333129882812,1021.6666870117188,993.3333129882812,1018.3333129882812
2013-05-02,1020.0,1025.0,1005.0,1011.6666870117188
2013-05-07,999.3333129882812,1013.3333129882812,997.3333129882812,1000.0
2013-05-08,1008.3333129882812,1016.6666870117188,999.3333129882812,1001.6666870117188
2013-05-09,1001.6666870117188,1006.6666870117188,999.3333129882812,1000.0
2013-05-10,1008.3333129882812,1021.6666870117188,999.6666870117188,1013.3333129882812
2013-05-13,1020.0,1021.6666870117188,1000.0,1003.3333129882812
2013-05-14,1008.3333129882812,1008.3333129882812,993.3333129882812,996.0
2013-05-15,1000.0,1005.0,966.6666870117188,970.3333129882812
2013-05-16,982.3333129882812,1010.0,966.6666870117188,985.0
2013-05-17,999.3333129882812,1005.0,987.0,1000.0
2013-05-20,988.3333129882812,998.6666870117188,977.0,977.0
2013-05-21,973.3333129882812,979.0,943.0,946.0
2013-05-22,929.3333129882812,986.6666870117188,916.6666870117188,976.3333129882812
2013-05-23,963.3333129882812,983.3333129882812,950.0,956.3333129882812
2013-05-24,923.0,947.6666870117188,900.0,905.3333129882812
2013-05-27,900.0,929.0,866.6666870117188,920.6666870117188
2013-05-28,920.6666870117188,922.3333129882812,902.0,903.6666870117188
2013-05-29,903.6666870117188,961.6666870117188,903.6666870117188,961.3333129882812
2013-05-30,952.0,960.3333129882812,900.0,924.6666870117188
2013-05-31,923.6666870117188,926.0,903.6666870117188,905.0
2013-06-03,916.6666870117188,943.3333129882812,914.6666870117188,915.0
2013-06-04,915.0,932.6666870117188,914.6666870117188,932.6666870117188
2013-06-05,927.0,937.6666870117188,917.0,917.0
2013-06-06,912.6666870117188,913.3333129882812,866.6666870117188,884.6666870117188
2013-06-07,883.3333129882812,883.3333129882812,836.6666870117188,846.0
2013-06-10,842.6666870117188,870.6666870117188,840.0,856.6666870117188
2013-06-11,847.3333129882812,856.3333129882812,823.3333129882812,824.3333129882812
2013-06-12,840.0,840.0,818.3333129882812,836.3333129882812
2013-06-13,828.0,836.3333129882812,817.0,820.6666870117188
2013-06-14,804.0,816.6666870117188,774.3333129882812,774.6666870117188
2013-06-17,788.6666870117188,811.6666870117188,788.6666870117188,805.0
2013-06-18,821.3333129882812,898.3333129882812,812.3333129882812,887.6666870117188
2013-06-19,871.0,883.0,870.0,871.6666870117188
2013-06-20,886.6666870117188,886.6666870117188,867.0,874.6666870117188
2013-06-21,851.0,873.0,843.3333129882812,866.3333129882812
2013-06-24,866.6666870117188,873.3333129882812,840.6666870117188,852.3333129882812
2013-06-25,850.0,866.6666870117188,823.3333129882812,865.3333129882812
2013-06-26,873.0,873.0,835.0,866.0
2013-06-27,865.6666870117188,866.0,838.3333129882812,866.0
2013-06-28,873.3333129882812,890.0,856.6666870117188,886.6666870117188
2013-07-01,886.6666870117188,948.0,886.6666870117188,939.0
2013-07-02,948.3333129882812,963.3333129882812,928.3333129882812,963.3333129882812
2013-07-03,966.6666870117188,993.0,953.6666870117188,977.6666870117188
2013-07-04,996.6666870117188,1016.6666870117188,986.6666870117188,996.6666870117188
2013-07-05,992.3333129882812,996.3333129882812,983.3333129882812,995.0
2013-07-08,996.3333129882812,1000.0,990.3333129882812,996.0
2013-07-09,1000.0,1000.0,981.6666870117188,1000.0
2013-07-10,987.3333129882812,1003.3333129882812,976.3333129882812,994.3333129882812
2013-07-11,996.6666870117188,1016.6666870117188,994.3333129882812,1013.3333129882812
2013-07-12,1013.3333129882812,1018.3333129882812,993.3333129882812,1016.6666870117188
2013-07-16,1016.6666870117188,1026.6666259765625,1011.6666870117188,1020.0
2013-07-17,1023.3333129882812,1023.3333129882812,1006.6666870117188,1011.6666870117188
2013-07-18,1016.6666870117188,1023.3333129882812,1013.3333129882812,1023.3333129882812
2013-07-19,1010.0,1023.3333129882812,1006.6666870117188,1011.6666870117188
2013-07-22,1000.0,1015.0,1000.0,1003.3333129882812
2013-07-23,1003.3333129882812,1026.6666259765625,1000.0,1021.6666870117188
2013-07-24,1021.6666870117188,1040.0,1018.3333129882812,1030.0
2013-07-25,1030.0,1048.3333740234375,1020.0,1033.3333740234375
2013-07-26,1033.3333740234375,1036.6666259765625,1011.6666870117188,1026.6666259765625
2013-07-29,1026.6666259765625,1036.6666259765625,986.6666870117188,994.6666870117188
2013-07-30,980.0,1020.0,980.0,1013.3333129882812
2013-07-31,1023.3333129882812,1023.3333129882812,994.3333129882812,1001.6666870117188
2013-08-01,1001.6666870117188,1015.0,993.3333129882812,1013.3333129882812
2013-08-02,1016.6666870117188,1016.6666870117188,1001.6666870117188,1013.3333129882812
2013-08-05,1026.6666259765625,1026.6666259765625,1005.0,1013.3333129882812
2013-08-06,1001.6666870117188,1006.6666870117188,1000.0,1001.6666870117188
2013-08-07,983.6666870117188,993.3333129882812,970.3333129882812,986.0
2013-08-08,969.3333129882812,990.0,967.0,967.6666870117188
2013-08-09,986.6666870117188,986.6666870117188,940.0,955.3333129882812
2013-08-12,955.3333129882812,973.0,945.3333129882812,969.6666870117188
2013-08-13,953.0,977.6666870117188,950.6666870117188,971.0
2013-08-14,978.6666870117188,980.6666870117188,956.6666870117188,976.6666870117188
2013-08-15,960.0,981.6666870117188,960.0,972.6666870117188
2013-08-16,956.3333129882812,975.3333129882812,955.0,975.3333129882812
2013-08-19,975.3333129882812,975.3333129882812,968.3333129882812,970.0
2013-08-20,979.3333129882812,979.3333129882812,961.0,962.6666870117188
2013-08-21,943.3333129882812,956.3333129882812,943.3333129882812,947.0
2013-08-22,947.0,959.0,940.3333129882812,956.0
2013-08-23,956.0,956.0,946.6666870117188,951.0
2013-08-26,966.6666870117188,966.6666870117188,963.3333129882812,963.3333129882812
2013-08-27,976.6666870117188,980.0,966.6666870117188,972.3333129882812
2013-08-28,960.0,965.3333129882812,956.6666870117188,965.3333129882812
2013-08-29,950.6666870117188,977.6666870117188,946.6666870117188,967.6666870117188
2013-08-30,966.6666870117188,966.6666870117188,949.3333129882812,949.6666870117188
2013-09-02,946.6666870117188,950.3333129882812,926.6666870117188,933.3333129882812
2013-09-03,940.0,940.0,931.6666870117188,937.3333129882812
2013-09-04,928.3333129882812,929.6666870117188,921.3333129882812,926.6666870117188
2013-09-05,939.0,939.3333129882812,933.3333129882812,937.6666870117188
2013-09-06,936.6666870117188,945.0,933.3333129882812,944.0
2013-09-09,950.0,960.3333129882812,944.3333129882812,958.6666870117188
2013-09-10,958.6666870117188,975.3333129882812,958.6666870117188,971.6666870117188
2013-09-11,983.3333129882812,983.3333129882812,974.3333129882812,975.3333129882812
2013-09-12,983.3333129882812,983.3333129882812,969.6666870117188,973.3333129882812
2013-09-13,983.3333129882812,983.3333129882812,959.3333129882812,982.3333129882812
2013-09-17,965.6666870117188,976.0,965.6666870117188,976.0
2013-09-18,966.6666870117188,982.0,966.6666870117188,979.0
2013-09-19,982.6666870117188,993.0,968.3333129882812,993.0
2013-09-20,983.3333129882812,993.0,981.3333129882812,993.0
2013-09-24,990.0,993.3333129882812,975.0,993.0
2013-09-25,992.6666870117188,992.6666870117188,983.3333129882812,987.0
2013-09-26,963.6666870117188,990.0,953.3333129882812,986.0
2013-09-27,990.6666870117188,993.3333129882812,975.0,990.0
2013-09-30,994.0,994.0,980.3333129882812,980.6666870117188
2013-10-01,978.3333129882812,1026.6666259765625,971.6666870117188,1010.0
2013-10-02,1030.0,1031.6666259765625,1003.3333129882812,1005.0
2013-10-03,1005.0,1060.0,1005.0,1036.6666259765625
2013-10-04,1048.3333740234375,1060.0,1021.6666870117188,1035.0
2013-10-07,1040.0,1040.0,1008.3333129882812,1015.0
2013-10-08,1006.6666870117188,1010.0,1000.0,1000.0
2013-10-09,1026.6666259765625,1100.0,1018.3333129882812,1050.0
2013-10-10,1080.0,1123.3333740234375,1050.0,1070.0
2013-10-11,1066.6666259765625,1113.3333740234375,1060.0,1100.0
2013-10-15,1085.0,1148.3333740234375,1085.0,1140.0
2013-10-16,1140.0,1158.3333740234375,1133.3333740234375,1146.6666259765625
2013-10-17,1163.3333740234375,1231.6666259765625,1158.3333740234375,1230.0
2013-10-18,1230.0,1230.0,1146.6666259765625,1161.6666259765625
2013-10-21,1185.0,1205.0,1160.0,1185.0
2013-10-22,1200.0,1260.0,1178.3333740234375,1240.0
2013-10-23,1216.6666259765625,1260.0,1216.6666259765625,1236.6666259765625
2013-10-24,1211.6666259765625,1236.6666259765625,1205.0,1213.3333740234375
2013-10-25,1220.0,1220.0,1208.3333740234375,1213.3333740234375
2013-10-28,1196.6666259765625,1205.0,1158.3333740234375,1168.3333740234375
2013-10-29,1173.3333740234375,1181.6666259765625,1165.0,1173.3333740234375
2013-10-30,1168.3333740234375,1178.3333740234375,1161.6666259765625,1161.6666259765625
2013-10-31,1156.6666259765625,1226.6666259765625,1156.6666259765625,1188.3333740234375
2013-11-01,1170.0,1175.0,1150.0,1166.6666259765625
2013-11-05,1151.6666259765625,1198.3333740234375,1151.6666259765625,1173.3333740234375
2013-11-06,1168.3333740234375,1168.3333740234375,1151.6666259765625,1158.3333740234375
2013-11-07,1158.3333740234375,1165.0,1095.0,1106.6666259765625
2013-11-08,1130.0,1141.6666259765625,1091.6666259765625,1093.3333740234375
2013-11-11,1150.0,1150.0,1100.0,1100.0
2013-11-12,1100.0,1101.6666259765625,1040.0,1051.6666259765625
2013-11-13,1066.6666259765625,1096.6666259765625,1066.6666259765625,1085.0
2013-11-14,1100.0,1100.0,1076.6666259765625,1086.6666259765625
2013-11-15,1100.0,1138.3333740234375,1093.3333740234375,1130.0
2013-11-18,1148.3333740234375,1150.0,1130.0,1140.0
2013-11-19,1153.3333740234375,1156.6666259765625,1141.6666259765625,1153.3333740234375
2013-11-20,1155.0,1183.3333740234375,1151.6666259765625,1158.3333740234375
2013-11-21,1181.6666259765625,1196.6666259765625,1176.6666259765625,1185.0
2013-11-22,1195.0,1205.0,1186.6666259765625,1198.3333740234375
2013-11-25,1200.0,1200.0,1175.0,1190.0
2013-11-26,1190.0,1233.3333740234375,1188.3333740234375,1228.3333740234375
2013-11-27,1226.6666259765625,1226.6666259765625,1200.0,1220.0
2013-11-28,1213.3333740234375,1216.6666259765625,1203.3333740234375,1208.3333740234375
2013-11-29,1215.0,1228.3333740234375,1210.0,1225.0
2013-12-02,1225.0,1235.0,1223.3333740234375,1226.6666259765625
2013-12-03,1228.3333740234375,1235.0,1225.0,1228.3333740234375
2013-12-04,1226.6666259765625,1226.6666259765625,1211.6666259765625,1216.6666259765625
2013-12-05,1208.3333740234375,1216.6666259765625,1201.6666259765625,1210.0
2013-12-06,1211.6666259765625,1220.0,1210.0,1213.3333740234375
2013-12-09,1220.0,1230.0,1218.3333740234375,1225.0
2013-12-10,1226.6666259765625,1260.0,1225.0,1253.3333740234375
2013-12-11,1263.3333740234375,1296.6666259765625,1250.0,1260.0
2013-12-12,1260.0,1260.0,1245.0,1251.6666259765625
2013-12-13,1246.6666259765625,1246.6666259765625,1233.3333740234375,1235.0
2013-12-16,1231.6666259765625,1231.6666259765625,1206.6666259765625,1210.0
2013-12-17,1216.6666259765625,1276.6666259765625,1216.6666259765625,1270.0
2013-12-18,1250.0,1268.3333740234375,1233.3333740234375,1236.6666259765625
2013-12-19,1258.3333740234375,1258.3333740234375,1220.0,1238.3333740234375
2013-12-20,1223.3333740234375,1233.3333740234375,1213.3333740234375,1216.6666259765625
2013-12-24,1211.6666259765625,1215.0,1191.6666259765625,1191.6666259765625
2013-12-25,1188.3333740234375,1191.6666259765625,1176.6666259765625,1180.0
2013-12-26,1190.0,1206.6666259765625,1180.0,1193.3333740234375
2013-12-27,1206.6666259765625,1226.6666259765625,1206.6666259765625,1226.6666259765625
2013-12-30,1240.0,1255.0,1238.3333740234375,1245.0
2014-01-06,1246.6666259765625,1246.6666259765625,1226.6666259765625,1228.3333740234375
2014-01-07,1226.6666259765625,1230.0,1180.0,1195.0
2014-01-08,1218.3333740234375,1218.3333740234375,1200.0,1213.3333740234375
2014-01-09,1210.0,1213.3333740234375,1203.3333740234375,1206.6666259765625
2014-01-10,1213.3333740234375,1213.3333740234375,1205.0,1208.3333740234375
2014-01-14,1210.0,1230.0,1201.6666259765625,1216.6666259765625
2014-01-15,1223.3333740234375,1223.3333740234375,1203.3333740234375,1221.6666259765625
2014-01-16,1230.0,1248.3333740234375,1225.0,1245.0
2014-01-17,1233.3333740234375,1243.3333740234375,1213.3333740234375,1236.6666259765625
2014-01-20,1233.3333740234375,1233.3333740234375,1193.3333740234375,1203.3333740234375
2014-01-21,1216.6666259765625,1216.6666259765625,1205.0,1206.6666259765625
2014-01-22,1210.0,1210.0,1200.0,1206.6666259765625
2014-01-23,1201.6666259765625,1205.0,1185.0,1188.3333740234375
2014-01-24,1185.0,1188.3333740234375,1166.6666259765625,1166.6666259765625
2014-01-27,1160.0,1160.0,1133.3333740234375,1133.3333740234375
2014-01-28,1156.6666259765625,1160.0,1126.6666259765625,1126.6666259765625
2014-01-29,1150.0,1165.0,1146.6666259765625,1153.3333740234375
2014-01-30,1150.0,1150.0,1130.0,1135.0
2014-01-31,1150.0,1158.3333740234375,1126.6666259765625,1133.3333740234375
2014-02-03,1128.3333740234375,1135.0,1110.0,1111.6666259765625
2014-02-04,1066.6666259765625,1075.0,1036.6666259765625,1050.0
2014-02-05,1056.6666259765625,1083.3333740234375,1041.6666259765625,1066.6666259765625
2014-02-06,1085.0,1090.0,1050.0,1073.3333740234375
2014-02-07,1093.3333740234375,1100.0,1085.0,1088.3333740234375
2014-02-10,1091.6666259765625,1110.0,1070.0,1076.6666259765625
2014-02-12,1080.0,1098.3333740234375,1073.3333740234375,1075.0
2014-02-13,1075.0,1075.0,1055.0,1061.6666259765625
2014-02-14,1061.6666259765625,1073.3333740234375,1028.3333740234375,1036.6666259765625
2014-02-17,1036.6666259765625,1051.6666259765625,1023.3333129882812,1043.3333740234375
2014-02-18,1043.3333740234375,1060.0,1033.3333740234375,1040.0
2014-02-19,1043.3333740234375,1050.0,1025.0,1026.6666259765625
2014-02-20,1021.6666870117188,1025.0,993.6666870117188,1000.0
2014-02-21,1010.0,1020.0,993.3333129882812,999.3333129882812
2014-02-24,1003.3333129882812,1020.0,993.6666870117188,1005.0
2014-02-25,1011.6666870117188,1070.0,1011.6666870117188,1060.0
2014-02-26,1043.3333740234375,1073.3333740234375,1043.3333740234375,1058.3333740234375
2014-02-27,1060.0,1076.6666259765625,1055.0,1061.6666259765625
2014-02-28,1078.3333740234375,1078.3333740234375,1058.3333740234375,1058.3333740234375
2014-03-03,1056.6666259765625,1056.6666259765625,1023.3333129882812,1033.3333740234375
2014-03-04,1041.6666259765625,1065.0,1038.3333740234375,1061.6666259765625
2014-03-05,1080.0,1083.3333740234375,1070.0,1075.0
2014-03-06,1076.6666259765625,1080.0,1071.6666259765625,1076.6666259765625
2014-03-07,1070.0,1083.3333740234375,1070.0,1083.3333740234375
2014-03-10,1085.0,1096.6666259765625,1085.0,1093.3333740234375
2014-03-11,1093.3333740234375,1133.3333740234375,1093.3333740234375,1130.0
2014-03-12,1133.3333740234375,1133.3333740234375,1100.0,1110.0
2014-03-13,1125.0,1140.0,1121.6666259765625,1128.3333740234375
2014-03-14,1128.3333740234375,1128.3333740234375,1101.6666259765625,1101.6666259765625
2014-03-17,1100.0,1100.0,1076.6666259765625,1080.0
2014-03-18,1090.0,1106.6666259765625,1090.0,1095.0
2014-03-19,1091.6666259765625,1110.0,1088.3333740234375,1091.6666259765625
2014-03-20,1091.6666259765625,1095.0,1075.0,1081.6666259765625
2014-03-24,1095.0,1121.6666259765625,1081.6666259765625,1083.3333740234375
2014-03-25,1083.3333740234375,1083.3333740234375,1056.6666259765625,1065.0
2014-03-26,1066.6666259765625,1068.3333740234375,1045.0,1050.0
2014-03-27,997.6666870117188,1030.0,996.6666870117188,1016.6666870117188
2014-03-28,1016.6666870117188,1031.6666259765625,1000.0,1013.3333129882812
2014-03-31,1016.6666870117188,1026.6666259765625,983.0,998.6666870117188
2014-04-01,1031.6666259765625,1031.6666259765625,926.6666870117188,950.3333129882812
2014-04-02,950.3333129882812,960.0,936.3333129882812,943.3333129882812
2014-04-03,976.6666870117188,1023.3333129882812,965.6666870117188,1015.0
2014-04-04,1038.3333740234375,1038.3333740234375,983.3333129882812,994.3333129882812
2014-04-07,985.3333129882812,993.3333129882812,970.6666870117188,977.0
2014-04-08,991.6666870117188,996.0,967.3333129882812,981.6666870117188
2014-04-09,981.6666870117188,999.3333129882812,979.3333129882812,984.3333129882812
2014-04-10,985.3333129882812,1003.3333129882812,985.0,994.3333129882812
2014-04-11,979.3333129882812,1001.6666870117188,972.0,993.6666870117188
2014-04-14,992.6666870117188,1000.0,964.6666870117188,966.6666870117188
2014-04-15,968.3333129882812,975.6666870117188,942.0,944.6666870117188
2014-04-16,946.6666870117188,955.0,941.6666870117188,955.0
2014-04-17,950.0,957.3333129882812,950.0,951.6666870117188
2014-04-18,950.0,963.3333129882812,944.3333129882812,957.6666870117188
2014-04-21,955.6666870117188,957.3333129882812,942.0,945.0
2014-04-22,945.6666870117188,946.0,940.3333129882812,940.3333129882812
2014-04-23,940.0,948.3333129882812,937.0,944.6666870117188
2014-04-24,946.6666870117188,960.6666870117188,946.6666870117188,952.6666870117188
2014-04-25,953.3333129882812,956.6666870117188,951.6666870117188,954.0
2014-04-28,957.6666870117188,957.6666870117188,949.0,951.3333129882812
2014-04-30,960.0,960.0,949.0,955.3333129882812
2014-05-01,966.0,978.0,955.6666870117188,977.6666870117188
2014-05-02,977.6666870117188,996.6666870117188,976.6666870117188,994.0
2014-05-07,1000.0,1003.3333129882812,989.0,1000.0
2014-05-08,996.6666870117188,1005.0,991.0,1001.6666870117188
2014-05-09,1010.0,1028.3333740234375,1010.0,1023.3333129882812
2014-05-12,1021.6666870117188,1043.3333740234375,1020.0,1031.6666259765625
2014-05-13,1035.0,1046.6666259765625,1033.3333740234375,1043.3333740234375
2014-05-14,1048.3333740234375,1058.3333740234375,1046.6666259765625,1058.3333740234375
2014-05-15,1055.0,1063.3333740234375,1048.3333740234375,1060.0
2014-05-16,1058.3333740234375,1058.3333740234375,1038.3333740234375,1045.0
2014-05-19,1033.3333740234375,1048.3333740234375,1023.3333129882812,1048.3333740234375
2014-05-20,1046.6666259765625,1053.3333740234375,1028.3333740234375,1028.3333740234375
2014-05-21,1028.3333740234375,1035.0,1025.0,1033.3333740234375
2014-05-22,1043.3333740234375,1055.0,1033.3333740234375,1055.0
2014-05-23,1056.6666259765625,1056.6666259765625,1033.3333740234375,1035.0
2014-05-26,1056.6666259765625,1056.6666259765625,1033.3333740234375,1038.3333740234375
2014-05-27,1043.3333740234375,1053.3333740234375,1041.6666259765625,1053.3333740234375
2014-05-28,1056.6666259765625,1060.0,1048.3333740234375,1060.0
2014-05-29,1063.3333740234375,1070.0,1060.0,1068.3333740234375
2014-05-30,1073.3333740234375,1080.0,1070.0,1073.3333740234375
2014-06-02,1083.3333740234375,1083.3333740234375,1060.0,1073.3333740234375
2014-06-03,1073.3333740234375,1080.0,1073.3333740234375,1073.3333740234375
2014-06-04,1076.6666259765625,1080.0,1073.3333740234375,1078.3333740234375
2014-06-05,1081.6666259765625,1081.6666259765625,1060.0,1066.6666259765625
2014-06-06,1073.3333740234375,1081.6666259765625,1065.0,1080.0
2014-06-09,1083.3333740234375,1083.3333740234375,1071.6666259765625,1075.0
2014-06-10,1071.6666259765625,1071.6666259765625,1066.6666259765625,1070.0
2014-06-11,1055.0,1080.0,1055.0,1073.3333740234375
2014-06-12,1066.6666259765625,1073.3333740234375,1023.3333129882812,1038.3333740234375
2014-06-13,1036.6666259765625,1046.6666259765625,1036.6666259765625,1041.6666259765625
2014-06-16,1045.0,1046.6666259765625,1035.0,1036.6666259765625
2014-06-17,1035.0,1045.0,1033.3333740234375,1041.6666259765625
2014-06-18,1036.6666259765625,1040.0,1031.6666259765625,1033.3333740234375
2014-06-19,1056.6666259765625,1056.6666259765625,1038.3333740234375,1046.6666259765625
2014-06-20,1040.0,1048.3333740234375,1031.6666259765625,1033.3333740234375
2014-06-23,1033.3333740234375,1066.6666259765625,1033.3333740234375,1050.0
2014-06-24,1050.0,1058.3333740234375,1040.0,1056.6666259765625
2014-06-25,1056.6666259765625,1060.0,1040.0,1041.6666259765625
2014-06-26,1041.6666259765625,1053.3333740234375,1041.6666259765625,1048.3333740234375
2014-06-27,1053.3333740234375,1068.3333740234375,1040.0,1040.0
2014-06-30,1048.3333740234375,1058.3333740234375,1030.0,1055.0
2014-07-01,1043.3333740234375,1066.6666259765625,1040.0,1066.6666259765625
2014-07-02,1070.0,1111.6666259765625,1070.0,1101.6666259765625
2014-07-03,1098.3333740234375,1133.3333740234375,1093.3333740234375,1125.0
2014-07-04,1113.3333740234375,1115.0,1093.3333740234375,1101.6666259765625
2014-07-07,1101.6666259765625,1115.0,1100.0,1108.3333740234375
2014-07-08,1106.6666259765625,1145.0,1093.3333740234375,1130.0
2014-07-09,1111.6666259765625,1118.3333740234375,1093.3333740234375,1096.6666259765625
2014-07-10,1096.6666259765625,1116.6666259765625,1088.3333740234375,1100.0
2014-07-11,1078.3333740234375,1088.3333740234375,1066.6666259765625,1078.3333740234375
2014-07-14,1081.6666259765625,1095.0,1080.0,1088.3333740234375
2014-07-15,1083.3333740234375,1098.3333740234375,1071.6666259765625,1081.6666259765625
2014-07-16,1081.6666259765625,1106.6666259765625,1075.0,1088.3333740234375
2014-07-17,1086.6666259765625,1116.6666259765625,1086.6666259765625,1101.6666259765625
2014-07-18,1100.0,1116.6666259765625,1091.6666259765625,1111.6666259765625
2014-07-22,1131.6666259765625,1145.0,1131.6666259765625,1141.6666259765625
2014-07-23,1148.3333740234375,1150.0,1141.6666259765625,1148.3333740234375
2014-07-24,1153.3333740234375,1205.0,1151.6666259765625,1198.3333740234375
2014-07-25,1201.6666259765625,1278.3333740234375,1201.6666259765625,1266.6666259765625
2014-07-28,1216.6666259765625,1238.3333740234375,1201.6666259765625,1216.6666259765625
2014-07-29,1210.0,1216.6666259765625,1201.6666259765625,1201.6666259765625
2014-07-30,1201.6666259765625,1203.3333740234375,1176.6666259765625,1180.0
2014-07-31,1233.3333740234375,1261.6666259765625,1218.3333740234375,1260.0
2014-08-01,1190.0,1225.0,1190.0,1203.3333740234375
2014-08-04,1201.6666259765625,1221.6666259765625,1201.6666259765625,1213.3333740234375
2014-08-05,1213.3333740234375,1228.3333740234375,1205.0,1208.3333740234375
2014-08-06,1208.3333740234375,1238.3333740234375,1208.3333740234375,1220.0
2014-08-07,1220.0,1276.6666259765625,1220.0,1271.6666259765625
2014-08-08,1271.6666259765625,1271.6666259765625,1248.3333740234375,1260.0
2014-08-11,1261.6666259765625,1261.6666259765625,1240.0,1248.3333740234375
2014-08-12,1246.6666259765625,1261.6666259765625,1236.6666259765625,1255.0
2014-08-13,1263.3333740234375,1275.0,1261.6666259765625,1275.0
2014-08-14,1263.3333740234375,1271.6666259765625,1261.6666259765625,1268.3333740234375
2014-08-15,1270.0,1270.0,1253.3333740234375,1253.3333740234375
2014-08-18,1258.3333740234375,1261.6666259765625,1251.6666259765625,1261.6666259765625
2014-08-19,1261.6666259765625,1261.6666259765625,1253.3333740234375,1260.0
2014-08-20,1246.6666259765625,1256.6666259765625,1233.3333740234375,1243.3333740234375
2014-08-21,1243.3333740234375,1250.0,1223.3333740234375,1243.3333740234375
2014-08-22,1225.0,1236.6666259765625,1225.0,1226.6666259765625
2014-08-25,1223.3333740234375,1241.6666259765625,1223.3333740234375,1241.6666259765625
2014-08-26,1248.3333740234375,1261.6666259765625,1245.0,1253.3333740234375
2014-08-27,1263.3333740234375,1263.3333740234375,1243.3333740234375,1250.0
2014-08-28,1240.0,1260.0,1233.3333740234375,1253.3333740234375
2014-08-29,1233.3333740234375,1250.0,1218.3333740234375,1225.0
2014-09-01,1216.6666259765625,1230.0,1183.3333740234375,1196.6666259765625
2014-09-02,1203.3333740234375,1213.3333740234375,1195.0,1198.3333740234375
2014-09-03,1200.0,1205.0,1193.3333740234375,1201.6666259765625
2014-09-04,1206.6666259765625,1215.0,1206.6666259765625,1213.3333740234375
2014-09-05,1208.3333740234375,1223.3333740234375,1208.3333740234375,1220.0
2014-09-08,1220.0,1226.6666259765625,1216.6666259765625,1225.0
2014-09-09,1231.6666259765625,1245.0,1226.6666259765625,1245.0
2014-09-10,1245.0,1248.3333740234375,1240.0,1248.3333740234375
2014-09-11,1248.3333740234375,1251.6666259765625,1240.0,1246.6666259765625
2014-09-12,1263.3333740234375,1273.3333740234375,1235.0,1260.0
2014-09-16,1263.3333740234375,1266.6666259765625,1256.6666259765625,1261.6666259765625
2014-09-17,1265.0,1265.0,1226.6666259765625,1251.6666259765625
2014-09-18,1256.6666259765625,1256.6666259765625,1230.0,1236.6666259765625
2014-09-19,1236.6666259765625,1246.6666259765625,1231.6666259765625,1245.0
2014-09-22,1253.3333740234375,1260.0,1240.0,1251.6666259765625
2014-09-24,1245.0,1258.3333740234375,1236.6666259765625,1255.0
2014-09-25,1266.6666259765625,1291.6666259765625,1265.0,1283.3333740234375
2014-09-26,1270.0,1295.0,1246.6666259765625,1286.6666259765625
2014-09-29,1283.3333740234375,1286.6666259765625,1278.3333740234375,1285.0
2014-09-30,1280.0,1348.3333740234375,1251.6666259765625,1343.3333740234375
2014-10-01,1338.3333740234375,1346.6666259765625,1286.6666259765625,1338.3333740234375
2014-10-02,1296.6666259765625,1326.6666259765625,1296.6666259765625,1306.6666259765625
2014-10-03,1293.3333740234375,1318.3333740234375,1270.0,1311.6666259765625
2014-10-06,1318.3333740234375,1318.3333740234375,1295.0,1318.3333740234375
2014-10-07,1320.0,1341.6666259765625,1308.3333740234375,1323.3333740234375
2014-10-08,1315.0,1341.6666259765625,1286.6666259765625,1300.0
2014-10-09,1300.0,1311.6666259765625,1276.6666259765625,1281.6666259765625
2014-10-10,1270.0,1295.0,1258.3333740234375,1273.3333740234375
2014-10-14,1270.0,1281.6666259765625,1226.6666259765625,1258.3333740234375
2014-10-15,1256.6666259765625,1280.0,1245.0,1271.6666259765625
2014-10-16,1245.0,1278.3333740234375,1243.3333740234375,1246.6666259765625
2014-10-17,1255.0,1288.3333740234375,1255.0,1256.6666259765625
2014-10-20,1286.6666259765625,1325.0,1276.6666259765625,1290.0
2014-10-21,1295.0,1298.3333740234375,1285.0,1293.3333740234375
2014-10-22,1291.6666259765625,1323.3333740234375,1288.3333740234375,1323.3333740234375
2014-10-23,1315.0,1326.6666259765625,1308.3333740234375,1321.6666259765625
2014-10-24,1328.3333740234375,1328.3333740234375,1268.3333740234375,1271.6666259765625
2014-10-27,1271.6666259765625,1305.0,1270.0,1303.3333740234375
2014-10-28,1280.0,1293.3333740234375,1266.6666259765625,1275.0
2014-10-29,1285.0,1328.3333740234375,1281.6666259765625,1328.3333740234375
2014-10-30,1318.3333740234375,1326.6666259765625,1288.3333740234375,1310.0
2014-10-31,1303.3333740234375,1331.6666259765625,1298.3333740234375,1331.6666259765625
2014-11-04,1331.6666259765625,1333.3333740234375,1301.6666259765625,1323.3333740234375
2014-11-05,1323.3333740234375,1378.3333740234375,1313.3333740234375,1366.6666259765625
2014-11-06,1350.0,1370.0,1320.0,1365.0
2014-11-07,1355.0,1358.3333740234375,1333.3333740234375,1335.0
2014-11-10,1335.0,1341.6666259765625,1330.0,1336.6666259765625
2014-11-11,1323.3333740234375,1333.3333740234375,1318.3333740234375,1320.0
2014-11-12,1313.3333740234375,1331.6666259765625,1308.3333740234375,1320.0
2014-11-13,1315.0,1320.0,1308.3333740234375,1315.0
2014-11-14,1330.0,1330.0,1313.3333740234375,1316.6666259765625
2014-11-17,1331.6666259765625,1331.6666259765625,1315.0,1315.0
2014-11-18,1316.6666259765625,1333.3333740234375,1316.6666259765625,1330.0
2014-11-19,1330.0,1336.6666259765625,1316.6666259765625,1316.6666259765625
2014-11-20,1306.6666259765625,1313.3333740234375,1290.0,1291.6666259765625
2014-11-21,1313.3333740234375,1313.3333740234375,1291.6666259765625,1291.6666259765625
2014-11-25,1295.0,1295.0,1253.3333740234375,1256.6666259765625
2014-11-26,1260.0,1261.6666259765625,1253.3333740234375,1255.0
2014-11-27,1256.6666259765625,1263.3333740234375,1250.0,1250.0
2014-11-28,1258.3333740234375,1260.0,1246.6666259765625,1246.6666259765625
2014-12-01,1283.3333740234375,1298.3333740234375,1270.0,1286.6666259765625
2014-12-02,1310.0,1325.0,1293.3333740234375,1308.3333740234375
2014-12-03,1300.0,1321.6666259765625,1298.3333740234375,1308.3333740234375
2014-12-04,1308.3333740234375,1316.6666259765625,1308.3333740234375,1315.0
2014-12-05,1310.0,1316.6666259765625,1303.3333740234375,1308.3333740234375
2014-12-08,1291.6666259765625,1298.3333740234375,1288.3333740234375,1293.3333740234375
2014-12-09,1286.6666259765625,1305.0,1276.6666259765625,1276.6666259765625
2014-12-10,1276.6666259765625,1310.0,1276.6666259765625,1291.6666259765625
2014-12-11,1291.6666259765625,1306.6666259765625,1285.0,1293.3333740234375
2014-12-12,1278.3333740234375,1288.3333740234375,1278.3333740234375,1280.0
2014-12-15,1280.0,1290.0,1276.6666259765625,1280.0
2014-12-16,1276.6666259765625,1291.6666259765625,1271.6666259765625,1286.6666259765625
2014-12-17,1283.3333740234375,1286.6666259765625,1275.0,1275.0
2014-12-18,1278.3333740234375,1286.6666259765625,1275.0,1275.0
2014-12-19,1285.0,1300.0,1285.0,1298.3333740234375
2014-12-22,1306.6666259765625,1320.0,1293.3333740234375,1313.3333740234375
2014-12-24,1323.3333740234375,1323.3333740234375,1300.0,1308.3333740234375
2014-12-25,1300.0,1310.0,1300.0,1301.6666259765625
2014-12-26,1318.3333740234375,1320.0,1308.3333740234375,1318.3333740234375
2014-12-29,1301.6666259765625,1318.3333740234375,1300.0,1313.3333740234375
2014-12-30,1320.0,1328.3333740234375,1313.3333740234375,1323.3333740234375
2015-01-05,1346.6666259765625,1348.3333740234375,1303.3333740234375,1303.3333740234375
2015-01-06,1303.3333740234375,1321.6666259765625,1270.0,1276.6666259765625
2015-01-07,1266.6666259765625,1285.0,1266.6666259765625,1270.0
2015-01-08,1288.3333740234375,1288.3333740234375,1268.3333740234375,1281.6666259765625
2015-01-09,1278.3333740234375,1280.0,1271.6666259765625,1278.3333740234375
2015-01-13,1280.0,1280.0,1266.6666259765625,1268.3333740234375
2015-01-14,1285.0,1285.0,1266.6666259765625,1270.0
2015-01-15,1283.3333740234375,1283.3333740234375,1268.3333740234375,1275.0
2015-01-16,1276.6666259765625,1281.6666259765625,1270.0,1280.0
2015-01-19,1300.0,1300.0,1275.0,1276.6666259765625
2015-01-20,1278.3333740234375,1286.6666259765625,1276.6666259765625,1281.6666259765625
2015-01-21,1295.0,1311.6666259765625,1283.3333740234375,1290.0
2015-01-22,1298.3333740234375,1305.0,1285.0,1298.3333740234375
2015-01-23,1298.3333740234375,1311.6666259765625,1296.6666259765625,1310.0
2015-01-26,1313.3333740234375,1321.6666259765625,1310.0,1316.6666259765625
2015-01-27,1308.3333740234375,1318.3333740234375,1303.3333740234375,1305.0
2015-01-28,1306.6666259765625,1310.0,1300.0,1303.3333740234375
2015-01-29,1300.0,1310.0,1288.3333740234375,1290.0
2015-01-30,1308.3333740234375,1313.3333740234375,1300.0,1306.6666259765625
2015-02-02,1316.6666259765625,1321.6666259765625,1311.6666259765625,1320.0
2015-02-03,1323.3333740234375,1323.3333740234375,1273.3333740234375,1281.6666259765625
2015-02-04,1303.3333740234375,1303.3333740234375,1276.6666259765625,1280.0
2015-02-05,1283.3333740234375,1285.0,1268.3333740234375,1270.0
2015-02-06,1280.0,1280.0,1268.3333740234375,1268.3333740234375
2015-02-09,1275.0,1285.0,1273.3333740234375,1280.0
2015-02-10,1290.0,1305.0,1288.3333740234375,1303.3333740234375
2015-02-12,1308.3333740234375,1315.0,1305.0,1308.3333740234375
2015-02-13,1320.0,1328.3333740234375,1313.3333740234375,1321.6666259765625
2015-02-16,1313.3333740234375,1320.0,1306.6666259765625,1315.0
2015-02-17,1318.3333740234375,1328.3333740234375,1315.0,1318.3333740234375
2015-02-18,1330.0,1368.3333740234375,1326.6666259765625,1365.0
2015-02-19,1350.0,1383.3333740234375,1346.6666259765625,1363.3333740234375
2015-02-20,1380.0,1380.0,1336.6666259765625,1358.3333740234375
2015-02-23,1360.0,1378.3333740234375,1346.6666259765625,1365.0
2015-02-24,1366.6666259765625,1383.3333740234375,1365.0,1376.6666259765625
2015-02-25,1378.3333740234375,1380.0,1371.6666259765625,1375.0
2015-02-26,1371.6666259765625,1371.6666259765625,1363.3333740234375,1363.3333740234375
2015-02-27,1363.3333740234375,1371.6666259765625,1356.6666259765625,1356.6666259765625
2015-03-02,1356.6666259765625,1360.0,1340.0,1353.3333740234375
2015-03-03,1338.3333740234375,1361.6666259765625,1338.3333740234375,1356.6666259765625
2015-03-04,1353.3333740234375,1361.6666259765625,1346.6666259765625,1361.6666259765625
2015-03-05,1361.6666259765625,1363.3333740234375,1353.3333740234375,1353.3333740234375
2015-03-06,1353.3333740234375,1355.0,1346.6666259765625,1350.0
2015-03-09,1336.6666259765625,1343.3333740234375,1336.6666259765625,1340.0
2015-03-10,1343.3333740234375,1343.3333740234375,1336.6666259765625,1338.3333740234375
2015-03-11,1338.3333740234375,1340.0,1335.0,1336.6666259765625
2015-03-12,1336.6666259765625,1345.0,1336.6666259765625,1338.3333740234375
2015-03-13,1336.6666259765625,1345.0,1335.0,1341.6666259765625
2015-03-16,1341.6666259765625,1350.0,1341.6666259765625,1350.0
2015-03-17,1353.3333740234375,1363.3333740234375,1353.3333740234375,1358.3333740234375
2015-03-18,1366.6666259765625,1366.6666259765625,1350.0,1358.3333740234375
2015-03-19,1358.3333740234375,1361.6666259765625,1348.3333740234375,1356.6666259765625
2015-03-20,1363.3333740234375,1365.0,1351.6666259765625,1356.6666259765625
2015-03-23,1356.6666259765625,1378.3333740234375,1356.6666259765625,1363.3333740234375
2015-03-24,1383.3333740234375,1395.0,1368.3333740234375,1380.0
2015-03-25,1395.0,1395.0,1370.0,1388.3333740234375
2015-03-26,1365.0,1396.6666259765625,1365.0,1378.3333740234375
2015-03-27,1370.0,1371.6666259765625,1345.0,1356.6666259765625
2015-03-30,1343.3333740234375,1365.0,1336.6666259765625,1341.6666259765625
2015-03-31,1343.3333740234375,1346.6666259765625,1303.3333740234375,1311.6666259765625
2015-04-01,1305.0,1388.3333740234375,1298.3333740234375,1361.6666259765625
2015-04-02,1315.0,1383.3333740234375,1311.6666259765625,1366.6666259765625
2015-04-03,1393.3333740234375,1600.0,1390.0,1508.3333740234375
2015-04-06,1665.0,1743.3333740234375,1586.6666259765625,1686.6666259765625
2015-04-07,1645.0,1648.3333740234375,1586.6666259765625,1586.6666259765625
2015-04-08,1570.0,1605.0,1545.0,1580.0
2015-04-09,1600.0,1631.6666259765625,1581.6666259765625,1631.6666259765625
2015-04-10,1666.6666259765625,1690.0,1623.3333740234375,1640.0
2015-04-13,1633.3333740234375,1643.3333740234375,1616.6666259765625,1620.0
2015-04-14,1643.3333740234375,1726.6666259765625,1638.3333740234375,1710.0
2015-04-15,1716.6666259765625,1716.6666259765625,1616.6666259765625,1623.3333740234375
2015-04-16,1648.3333740234375,1648.3333740234375,1598.3333740234375,1620.0
2015-04-17,1603.3333740234375,1726.6666259765625,1603.3333740234375,1723.3333740234375
2015-04-20,1656.6666259765625,1676.6666259765625,1633.3333740234375,1635.0
2015-04-21,1653.3333740234375,1656.6666259765625,1613.3333740234375,1618.3333740234375
2015-04-22,1616.6666259765625,1616.6666259765625,1591.6666259765625,1601.6666259765625
2015-04-23,1611.6666259765625,1611.6666259765625,1588.3333740234375,1605.0
2015-04-24,1600.0,1606.6666259765625,1588.3333740234375,1591.6666259765625
2015-04-27,1593.3333740234375,1603.3333740234375,1565.0,1578.3333740234375
2015-04-28,1576.6666259765625,1590.0,1563.3333740234375,1565.0
2015-04-30,1565.0,1590.0,1556.6666259765625,1586.6666259765625
2015-05-01,1600.0,1633.3333740234375,1583.3333740234375,1618.3333740234375
2015-05-07,1610.0,1611.6666259765625,1581.6666259765625,1600.0
2015-05-08,1600.0,1605.0,1588.3333740234375,1601.6666259765625
2015-05-11,1600.0,1626.6666259765625,1598.3333740234375,1621.6666259765625
2015-05-12,1623.3333740234375,1656.6666259765625,1616.6666259765625,1656.6666259765625
2015-05-13,1653.3333740234375,1680.0,1603.3333740234375,1663.3333740234375
2015-05-14,1636.6666259765625,1690.0,1626.6666259765625,1676.6666259765625
2015-05-15,1653.3333740234375,1670.0,1641.6666259765625,1658.3333740234375
2015-05-18,1663.3333740234375,1673.3333740234375,1650.0,1673.3333740234375
2015-05-19,1673.3333740234375,1706.6666259765625,1666.6666259765625,1696.6666259765625
2015-05-20,1700.0,1706.6666259765625,1690.0,1703.3333740234375
2015-05-21,1703.3333740234375,1716.6666259765625,1683.3333740234375,1693.3333740234375
2015-05-22,1680.0,1703.3333740234375,1651.6666259765625,1700.0
2015-05-25,1683.3333740234375,1690.0,1660.0,1666.6666259765625
2015-05-26,1646.6666259765625,1658.3333740234375,1623.3333740234375,1630.0
2015-05-27,1630.0,1648.3333740234375,1611.6666259765625,1618.3333740234375
2015-05-28,1626.6666259765625,1686.6666259765625,1626.6666259765625,1686.6666259765625
2015-05-29,1663.3333740234375,1690.0,1643.3333740234375,1650.0
2015-06-01,1666.6666259765625,1676.6666259765625,1646.6666259765625,1660.0
2015-06-02,1660.0,1660.0,1630.0,1636.6666259765625
2015-06-03,1636.6666259765625,1650.0,1621.6666259765625,1635.0
2015-06-04,1640.0,1653.3333740234375,1625.0,1630.0
2015-06-05,1633.3333740234375,1633.3333740234375,1623.3333740234375,1625.0
2015-06-08,1625.0,1633.3333740234375,1606.6666259765625,1606.6666259765625
2015-06-09,1616.6666259765625,1620.0,1608.3333740234375,1613.3333740234375
2015-06-10,1625.0,1626.6666259765625,1613.3333740234375,1623.3333740234375
2015-06-11,1630.0,1646.6666259765625,1630.0,1641.6666259765625
2015-06-12,1656.6666259765625,1656.6666259765625,1641.6666259765625,1645.0
2015-06-15,1643.3333740234375,1643.3333740234375,1620.0,1623.3333740234375
2015-06-16,1623.3333740234375,1635.0,1608.3333740234375,1611.6666259765625
2015-06-17,1611.6666259765625,1621.6666259765625,1611.6666259765625,1616.6666259765625
2015-06-18,1616.6666259765625,1616.6666259765625,1585.0,1585.0
2015-06-19,1585.0,1606.6666259765625,1585.0,1600.0
2015-06-22,1613.3333740234375,1620.0,1606.6666259765625,1616.6666259765625
2015-06-23,1626.6666259765625,1626.6666259765625,1601.6666259765625,1616.6666259765625
2015-06-24,1623.3333740234375,1623.3333740234375,1605.0,1610.0
2015-06-25,1616.6666259765625,1648.3333740234375,1608.3333740234375,1621.6666259765625
2015-06-26,1636.6666259765625,1640.0,1606.6666259765625,1628.3333740234375
2015-06-29,1616.6666259765625,1645.0,1616.6666259765625,1626.6666259765625
2015-06-30,1636.6666259765625,1648.3333740234375,1625.0,1646.6666259765625
2015-07-01,1650.0,1790.0,1645.0,1766.6666259765625
2015-07-02,1766.6666259765625,1813.3333740234375,1740.0,1746.6666259765625
2015-07-03,1733.3333740234375,1740.0,1686.6666259765625,1696.6666259765625
2015-07-06,1666.6666259765625,1686.6666259765625,1656.6666259765625,1670.0
2015-07-07,1676.6666259765625,1710.0,1670.0,1700.0
2015-07-08,1733.3333740234375,1733.3333740234375,1700.0,1710.0
2015-07-09,1666.6666259765625,1716.6666259765625,1606.6666259765625,1703.3333740234375
2015-07-10,1686.6666259765625,1696.6666259765625,1635.0,1643.3333740234375
2015-07-13,1700.0,1700.0,1655.0,1683.3333740234375
2015-07-14,1666.6666259765625,1676.6666259765625,1618.3333740234375,1628.3333740234375
2015-07-15,1638.3333740234375,1641.6666259765625,1618.3333740234375,1618.3333740234375
2015-07-16,1628.3333740234375,1670.0,1628.3333740234375,1663.3333740234375
2015-07-17,1651.6666259765625,1676.6666259765625,1628.3333740234375,1645.0
2015-07-21,1650.0,1660.0,1635.0,1656.6666259765625
2015-07-22,1646.6666259765625,1673.3333740234375,1645.0,1656.6666259765625
2015-07-23,1656.6666259765625,1700.0,1656.6666259765625,1696.6666259765625
2015-07-24,1670.0,1696.6666259765625,1663.3333740234375,1693.3333740234375
2015-07-27,1670.0,1680.0,1655.0,1665.0
2015-07-28,1658.3333740234375,1673.3333740234375,1641.6666259765625,1670.0
2015-07-29,1683.3333740234375,1693.3333740234375,1670.0,1683.3333740234375
2015-07-30,1683.3333740234375,1693.3333740234375,1673.3333740234375,1693.3333740234375
2015-07-31,1700.0,1700.0,1653.3333740234375,1656.6666259765625
2015-08-03,1658.3333740234375,1680.0,1658.3333740234375,1676.6666259765625
2015-08-04,1663.3333740234375,1663.3333740234375,1623.3333740234375,1628.3333740234375
2015-08-05,1628.3333740234375,1661.6666259765625,1618.3333740234375,1658.3333740234375
2015-08-06,1658.3333740234375,1660.0,1643.3333740234375,1656.6666259765625
2015-08-07,1645.0,1656.6666259765625,1635.0,1641.6666259765625
2015-08-10,1641.6666259765625,1653.3333740234375,1631.6666259765625,1651.6666259765625
2015-08-11,1651.6666259765625,1663.3333740234375,1641.6666259765625,1663.3333740234375
2015-08-12,1646.6666259765625,1666.6666259765625,1635.0,1650.0
2015-08-13,1638.3333740234375,1660.0,1638.3333740234375,1655.0
2015-08-14,1655.0,1713.3333740234375,1655.0,1706.6666259765625
2015-08-17,1700.0,1713.3333740234375,1670.0,1686.6666259765625
2015-08-18,1693.3333740234375,1693.3333740234375,1661.6666259765625,1666.6666259765625
2015-08-19,1666.6666259765625,1666.6666259765625,1640.0,1655.0
2015-08-20,1640.0,1676.6666259765625,1630.0,1630.0
2015-08-21,1620.0,1628.3333740234375,1576.6666259765625,1581.6666259765625
2015-08-24,1506.6666259765625,1581.6666259765625,1500.0,1500.0
2015-08-25,1390.0,1530.0,1383.3333740234375,1446.6666259765625
2015-08-26,1458.3333740234375,1498.3333740234375,1450.0,1491.6666259765625
2015-08-27,1533.3333740234375,1553.3333740234375,1523.3333740234375,1528.3333740234375
2015-08-28,1528.3333740234375,1571.6666259765625,1528.3333740234375,1570.0
2015-08-31,1551.6666259765625,1566.6666259765625,1545.0,1551.6666259765625
2015-09-01,1548.3333740234375,1548.3333740234375,1493.3333740234375,1495.0
2015-09-02,1466.6666259765625,1513.3333740234375,1458.3333740234375,1473.3333740234375
2015-09-03,1473.3333740234375,1520.0,1468.3333740234375,1470.0
2015-09-04,1471.6666259765625,1473.3333740234375,1423.3333740234375,1431.6666259765625
2015-09-07,1443.3333740234375,1445.0,1403.3333740234375,1423.3333740234375
2015-09-08,1420.0,1426.6666259765625,1390.0,1390.0
2015-09-09,1426.6666259765625,1456.6666259765625,1410.0,1455.0
2015-09-10,1426.6666259765625,1455.0,1415.0,1433.3333740234375
2015-09-11,1433.3333740234375,1456.6666259765625,1433.3333740234375,1450.0
2015-09-14,1450.0,1461.6666259765625,1450.0,1453.3333740234375
2015-09-15,1476.6666259765625,1515.0,1450.0,1463.3333740234375
2015-09-16,1471.6666259765625,1478.3333740234375,1463.3333740234375,1471.6666259765625
2015-09-17,1471.6666259765625,1490.0,1441.6666259765625,1445.0
2015-09-18,1426.6666259765625,1436.6666259765625,1400.0,1405.0
2015-09-24,1391.6666259765625,1446.6666259765625,1391.6666259765625,1400.0
2015-09-25,1396.6666259765625,1446.6666259765625,1391.6666259765625,1436.6666259765625
2015-09-28,1438.3333740234375,1533.3333740234375,1436.6666259765625,1490.0
2015-09-29,1476.6666259765625,1516.6666259765625,1460.0,1515.0
2015-09-30,1521.6666259765625,1618.3333740234375,1498.3333740234375,1565.0
2015-10-01,1606.6666259765625,1606.6666259765625,1551.6666259765625,1556.6666259765625
2015-10-02,1556.6666259765625,1661.6666259765625,1551.6666259765625,1656.6666259765625
2015-10-05,1618.3333740234375,1650.0,1608.3333740234375,1623.3333740234375
2015-10-06,1600.0,1638.3333740234375,1600.0,1623.3333740234375
2015-10-07,1625.0,1636.6666259765625,1601.6666259765625,1610.0
2015-10-08,1603.3333740234375,1603.3333740234375,1536.6666259765625,1536.6666259765625
2015-10-09,1540.0,1568.3333740234375,1540.0,1560.0
2015-10-13,1560.0,1566.6666259765625,1536.6666259765625,1538.3333740234375
2015-10-14,1533.3333740234375,1568.3333740234375,1518.3333740234375,1558.3333740234375
2015-10-15,1575.0,1575.0,1563.3333740234375,1565.0
2015-10-16,1566.6666259765625,1588.3333740234375,1551.6666259765625,1561.6666259765625
2015-10-19,1538.3333740234375,1551.6666259765625,1516.6666259765625,1530.0
2015-10-20,1508.3333740234375,1513.3333740234375,1470.0,1480.0
2015-10-21,1473.3333740234375,1488.3333740234375,1461.6666259765625,1488.3333740234375
2015-10-22,1466.6666259765625,1475.0,1445.0,1445.0
2015-10-23,1466.6666259765625,1466.6666259765625,1451.6666259765625,1451.6666259765625
2015-10-26,1453.3333740234375,1466.6666259765625,1443.3333740234375,1455.0
2015-10-27,1463.3333740234375,1466.6666259765625,1453.3333740234375,1453.3333740234375
2015-10-28,1463.3333740234375,1463.3333740234375,1440.0,1440.0
2015-10-29,1441.6666259765625,1453.3333740234375,1435.0,1435.0
2015-10-30,1436.6666259765625,1441.6666259765625,1431.6666259765625,1433.3333740234375
2015-11-02,1433.3333740234375,1448.3333740234375,1428.3333740234375,1435.0
2015-11-04,1451.6666259765625,1451.6666259765625,1445.0,1448.3333740234375
2015-11-05,1448.3333740234375,1481.6666259765625,1443.3333740234375,1475.0
2015-11-06,1486.6666259765625,1488.3333740234375,1473.3333740234375,1473.3333740234375
2015-11-09,1488.3333740234375,1488.3333740234375,1460.0,1471.6666259765625
2015-11-10,1448.3333740234375,1465.0,1433.3333740234375,1458.3333740234375
2015-11-11,1443.3333740234375,1465.0,1440.0,1465.0
2015-11-12,1455.0,1471.6666259765625,1455.0,1470.0
2015-11-13,1451.6666259765625,1476.6666259765625,1443.3333740234375,1471.6666259765625
2015-11-16,1455.0,1476.6666259765625,1451.6666259765625,1465.0
2015-11-17,1466.6666259765625,1470.0,1451.6666259765625,1456.6666259765625
2015-11-18,1456.6666259765625,1461.6666259765625,1453.3333740234375,1458.3333740234375
2015-11-19,1456.6666259765625,1461.6666259765625,1438.3333740234375,1448.3333740234375
2015-11-20,1435.0,1441.6666259765625,1433.3333740234375,1441.6666259765625
2015-11-24,1443.3333740234375,1456.6666259765625,1436.6666259765625,1456.6666259765625
2015-11-25,1456.6666259765625,1456.6666259765625,1443.3333740234375,1450.0
2015-11-26,1453.3333740234375,1476.6666259765625,1451.6666259765625,1476.6666259765625
2015-11-27,1476.6666259765625,1515.0,1476.6666259765625,1493.3333740234375
2015-11-30,1513.3333740234375,1513.3333740234375,1490.0,1498.3333740234375
2015-12-01,1496.6666259765625,1496.6666259765625,1483.3333740234375,1485.0
2015-12-02,1493.3333740234375,1493.3333740234375,1470.0,1483.3333740234375
2015-12-03,1483.3333740234375,1495.0,1473.3333740234375,1490.0
2015-12-04,1478.3333740234375,1493.3333740234375,1468.3333740234375,1490.0
2015-12-07,1506.6666259765625,1570.0,1506.6666259765625,1555.0
2015-12-08,1555.0,1566.6666259765625,1550.0,1565.0
2015-12-09,1540.0,1568.3333740234375,1540.0,1560.0
2015-12-10,1546.6666259765625,1560.0,1535.0,1556.6666259765625
2015-12-11,1575.0,1586.6666259765625,1558.3333740234375,1568.3333740234375
2015-12-14,1548.3333740234375,1556.6666259765625,1523.3333740234375,1550.0
2015-12-15,1550.0,1581.6666259765625,1520.0,1535.0
2015-12-16,1566.6666259765625,1593.3333740234375,1545.0,1591.6666259765625
2015-12-17,1600.0,1610.0,1580.0,1593.3333740234375
2015-12-18,1608.3333740234375,1646.6666259765625,1596.6666259765625,1596.6666259765625
2015-12-21,1593.3333740234375,1611.6666259765625,1575.0,1598.3333740234375
2015-12-22,1598.3333740234375,1615.0,1583.3333740234375,1611.6666259765625
2015-12-24,1611.6666259765625,1611.6666259765625,1541.6666259765625,1548.3333740234375
2015-12-25,1548.3333740234375,1548.3333740234375,1548.3333740234375,1548.3333740234375
2015-12-28,1530.0,1541.6666259765625,1516.6666259765625,1538.3333740234375
2015-12-29,1561.6666259765625,1573.3333740234375,1530.0,1568.3333740234375
2015-12-30,1570.0,1570.0,1551.6666259765625,1560.0
2016-01-04,1583.3333740234375,1600.0,1540.0,1570.0
2016-01-05,1570.0,1586.6666259765625,1556.6666259765625,1561.6666259765625
2016-01-06,1553.3333740234375,1570.0,1506.6666259765625,1543.3333740234375
2016-01-07,1536.6666259765625,1555.0,1521.6666259765625,1548.3333740234375
2016-01-08,1525.0,1555.0,1516.6666259765625,1540.0
2016-01-12,1536.6666259765625,1555.0,1508.3333740234375,1513.3333740234375
2016-01-13,1558.3333740234375,1558.3333740234375,1540.0,1546.6666259765625
2016-01-14,1506.6666259765625,1525.0,1506.6666259765625,1518.3333740234375
2016-01-15,1556.6666259765625,1556.6666259765625,1535.0,1543.3333740234375
2016-01-18,1476.6666259765625,1528.3333740234375,1476.6666259765625,1513.3333740234375
2016-01-19,1515.0,1536.6666259765625,1506.6666259765625,1518.3333740234375
2016-01-20,1500.0,1513.3333740234375,1461.6666259765625,1461.6666259765625
2016-01-21,1451.6666259765625,1476.6666259765625,1403.3333740234375,1403.3333740234375
2016-01-22,1451.6666259765625,1533.3333740234375,1410.0,1516.6666259765625
2016-01-25,1525.0,1545.0,1513.3333740234375,1520.0
2016-01-26,1515.0,1570.0,1513.3333740234375,1553.3333740234375
2016-01-27,1555.0,1580.0,1555.0,1563.3333740234375
2016-01-28,1543.3333740234375,1578.3333740234375,1543.3333740234375,1568.3333740234375
2016-01-29,1563.3333740234375,1573.3333740234375,1536.6666259765625,1565.0
2016-02-01,1565.0,1600.0,1563.3333740234375,1598.3333740234375
2016-02-02,1606.6666259765625,1626.6666259765625,1598.3333740234375,1626.6666259765625
2016-02-03,1591.6666259765625,1661.6666259765625,1591.6666259765625,1655.0
2016-02-04,1608.3333740234375,1645.0,1608.3333740234375,1630.0
2016-02-05,1585.0,1643.3333740234375,1583.3333740234375,1596.6666259765625
2016-02-08,1596.6666259765625,1620.0,1590.0,1610.0
2016-02-09,1593.3333740234375,1596.6666259765625,1560.0,1588.3333740234375
2016-02-10,1578.3333740234375,1590.0,1521.6666259765625,1523.3333740234375
2016-02-12,1500.0,1513.3333740234375,1466.6666259765625,1480.0
2016-02-15,1503.3333740234375,1555.0,1503.3333740234375,1520.0
2016-02-16,1503.3333740234375,1516.6666259765625,1468.3333740234375,1478.3333740234375
2016-02-17,1475.0,1480.0,1426.6666259765625,1455.0
2016-02-18,1466.6666259765625,1475.0,1453.3333740234375,1455.0
2016-02-19,1458.3333740234375,1473.3333740234375,1440.0,1453.3333740234375
2016-02-22,1453.3333740234375,1455.0,1436.6666259765625,1441.6666259765625
2016-02-23,1445.0,1445.0,1435.0,1435.0
2016-02-24,1428.3333740234375,1436.6666259765625,1410.0,1418.3333740234375
2016-02-25,1418.3333740234375,1456.6666259765625,1418.3333740234375,1431.6666259765625
2016-02-26,1436.6666259765625,1443.3333740234375,1426.6666259765625,1433.3333740234375
2016-02-29,1443.3333740234375,1466.6666259765625,1425.0,1426.6666259765625
2016-03-01,1435.0,1456.6666259765625,1435.0,1451.6666259765625
2016-03-02,1470.0,1488.3333740234375,1463.3333740234375,1488.3333740234375
2016-03-03,1488.3333740234375,1490.0,1453.3333740234375,1488.3333740234375
2016-03-04,1488.3333740234375,1491.6666259765625,1465.0,1475.0
2016-03-07,1475.0,1475.0,1456.6666259765625,1465.0
2016-03-08,1465.0,1471.6666259765625,1436.6666259765625,1456.6666259765625
2016-03-09,1435.0,1463.3333740234375,1435.0,1456.6666259765625
2016-03-10,1450.0,1483.3333740234375,1448.3333740234375,1476.6666259765625
2016-03-11,1475.0,1483.3333740234375,1463.3333740234375,1480.0
2016-03-14,1485.0,1500.0,1485.0,1490.0
2016-03-15,1506.6666259765625,1518.3333740234375,1500.0,1505.0
2016-03-16,1505.0,1511.6666259765625,1483.3333740234375,1488.3333740234375
2016-03-17,1488.3333740234375,1505.0,1488.3333740234375,1495.0
2016-03-18,1506.6666259765625,1506.6666259765625,1481.6666259765625,1493.3333740234375
2016-03-22,1496.6666259765625,1510.0,1496.6666259765625,1505.0
2016-03-23,1510.0,1511.6666259765625,1493.3333740234375,1505.0
2016-03-24,1503.3333740234375,1515.0,1496.6666259765625,1515.0
2016-03-25,1520.0,1525.0,1503.3333740234375,1516.6666259765625
2016-03-28,1526.6666259765625,1550.0,1525.0,1540.0
2016-03-29,1513.3333740234375,1515.0,1468.3333740234375,1510.0
2016-03-30,1500.0,1511.6666259765625,1500.0,1510.0
2016-03-31,1510.0,1515.0,1493.3333740234375,1503.3333740234375
2016-04-01,1491.6666259765625,1510.0,1475.0,1491.6666259765625
2016-04-04,1498.3333740234375,1505.0,1466.6666259765625,1498.3333740234375
2016-04-05,1500.0,1500.0,1458.3333740234375,1458.3333740234375
2016-04-06,1451.6666259765625,1451.6666259765625,1408.3333740234375,1413.3333740234375
2016-04-07,1410.0,1416.6666259765625,1398.3333740234375,1398.3333740234375
2016-04-08,1391.6666259765625,1415.0,1375.0,1411.6666259765625
2016-04-11,1411.6666259765625,1411.6666259765625,1390.0,1403.3333740234375
2016-04-12,1398.3333740234375,1401.6666259765625,1390.0,1395.0
2016-04-13,1403.3333740234375,1418.3333740234375,1395.0,1400.0
2016-04-14,1410.0,1418.3333740234375,1400.0,1418.3333740234375
2016-04-15,1423.3333740234375,1436.6666259765625,1413.3333740234375,1433.3333740234375
2016-04-18,1418.3333740234375,1426.6666259765625,1406.6666259765625,1425.0
2016-04-19,1445.0,1458.3333740234375,1428.3333740234375,1431.6666259765625
2016-04-20,1423.3333740234375,1435.0,1423.3333740234375,1423.3333740234375
2016-04-21,1423.3333740234375,1446.6666259765625,1423.3333740234375,1431.6666259765625
2016-04-22,1436.6666259765625,1465.0,1436.6666259765625,1445.0
2016-04-25,1443.3333740234375,1443.3333740234375,1425.0,1433.3333740234375
2016-04-26,1426.6666259765625,1433.3333740234375,1400.0,1408.3333740234375
2016-04-27,1410.0,1416.6666259765625,1396.6666259765625,1400.0
2016-04-28,1453.3333740234375,1478.3333740234375,1421.6666259765625,1433.3333740234375
2016-05-02,1426.6666259765625,1426.6666259765625,1401.6666259765625,1403.3333740234375
2016-05-06,1418.3333740234375,1431.6666259765625,1405.0,1423.3333740234375
2016-05-09,1413.3333740234375,1423.3333740234375,1410.0,1415.0
2016-05-10,1423.3333740234375,1456.6666259765625,1415.0,1455.0
2016-05-11,1456.6666259765625,1458.3333740234375,1433.3333740234375,1448.3333740234375
2016-05-12,1448.3333740234375,1468.3333740234375,1435.0,1463.3333740234375
2016-05-13,1463.3333740234375,1478.3333740234375,1443.3333740234375,1468.3333740234375
2016-05-16,1445.0,1466.6666259765625,1433.3333740234375,1435.0
2016-05-17,1458.3333740234375,1466.6666259765625,1440.0,1448.3333740234375
2016-05-18,1463.3333740234375,1463.3333740234375,1436.6666259765625,1446.6666259765625
2016-05-19,1446.6666259765625,1465.0,1446.6666259765625,1455.0
2016-05-20,1463.3333740234375,1463.3333740234375,1450.0,1456.6666259765625
2016-05-23,1456.6666259765625,1456.6666259765625,1441.6666259765625,1443.3333740234375
2016-05-24,1443.3333740234375,1448.3333740234375,1438.3333740234375,1440.0
2016-05-25,1448.3333740234375,1453.3333740234375,1440.0,1446.6666259765625
2016-05-26,1446.6666259765625,1453.3333740234375,1445.0,1451.6666259765625
2016-05-27,1453.3333740234375,1475.0,1448.3333740234375,1466.6666259765625
2016-05-30,1460.0,1468.3333740234375,1453.3333740234375,1461.6666259765625
2016-05-31,1461.6666259765625,1475.0,1450.0,1468.3333740234375
2016-06-01,1460.0,1473.3333740234375,1458.3333740234375,1471.6666259765625
2016-06-02,1473.3333740234375,1473.3333740234375,1455.0,1461.6666259765625
2016-06-03,1461.6666259765625,1478.3333740234375,1448.3333740234375,1478.3333740234375
2016-06-06,1478.3333740234375,1493.3333740234375,1465.0,1493.3333740234375
2016-06-07,1493.3333740234375,1496.6666259765625,1480.0,1495.0
2016-06-08,1498.3333740234375,1516.6666259765625,1496.6666259765625,1516.6666259765625
2016-06-09,1506.6666259765625,1518.3333740234375,1498.3333740234375,1518.3333740234375
2016-06-10,1516.6666259765625,1526.6666259765625,1513.3333740234375,1525.0
2016-06-13,1501.6666259765625,1523.3333740234375,1475.0,1488.3333740234375
2016-06-14,1473.3333740234375,1501.6666259765625,1433.3333740234375,1456.6666259765625
2016-06-15,1456.6666259765625,1480.0,1441.6666259765625,1468.3333740234375
2016-06-16,1446.6666259765625,1450.0,1431.6666259765625,1440.0
2016-06-17,1440.0,1450.0,1430.0,1446.6666259765625
2016-06-20,1451.6666259765625,1465.0,1448.3333740234375,1451.6666259765625
2016-06-21,1440.0,1476.6666259765625,1440.0,1476.6666259765625
2016-06-22,1486.6666259765625,1488.3333740234375,1458.3333740234375,1480.0
2016-06-23,1468.3333740234375,1468.3333740234375,1448.3333740234375,1461.6666259765625
2016-06-24,1473.3333740234375,1473.3333740234375,1400.0,1441.6666259765625
2016-06-27,1433.3333740234375,1486.6666259765625,1421.6666259765625,1473.3333740234375
2016-06-28,1450.0,1480.0,1431.6666259765625,1478.3333740234375
2016-06-29,1478.3333740234375,1481.6666259765625,1460.0,1473.3333740234375
2016-06-30,1471.6666259765625,1471.6666259765625,1450.0,1456.6666259765625
2016-07-01,1453.3333740234375,1456.6666259765625,1385.0,1426.6666259765625
2016-07-04,1410.0,1411.6666259765625,1385.0,1386.6666259765625
2016-07-05,1400.0,1403.3333740234375,1390.0,1393.3333740234375
2016-07-06,1385.0,1408.3333740234375,1378.3333740234375,1388.3333740234375
2016-07-07,1381.6666259765625,1406.6666259765625,1373.3333740234375,1375.0
2016-07-08,1366.6666259765625,1371.6666259765625,1358.3333740234375,1361.6666259765625
2016-07-11,1361.6666259765625,1361.6666259765625,1361.6666259765625,1361.6666259765625
2016-07-12,1381.6666259765625,1383.3333740234375,1361.6666259765625,1376.6666259765625
2016-07-13,1386.6666259765625,1386.6666259765625,1355.0,1360.0
2016-07-14,1358.3333740234375,1366.6666259765625,1336.6666259765625,1340.0
2016-07-15,1341.6666259765625,1346.6666259765625,1333.3333740234375,1333.3333740234375
2016-07-19,1338.3333740234375,1355.0,1333.3333740234375,1355.0
2016-07-20,1361.6666259765625,1363.3333740234375,1350.0,1355.0
2016-07-21,1355.0,1365.0,1350.0,1363.3333740234375
2016-07-22,1363.3333740234375,1363.3333740234375,1345.0,1348.3333740234375
2016-07-25,1360.0,1375.0,1346.6666259765625,1375.0
2016-07-26,1380.0,1380.0,1361.6666259765625,1375.0
2016-07-27,1380.0,1380.0,1348.3333740234375,1371.6666259765625
2016-07-28,1366.6666259765625,1366.6666259765625,1346.6666259765625,1356.6666259765625
2016-07-29,1366.6666259765625,1366.6666259765625,1336.6666259765625,1358.3333740234375
2016-08-01,1358.3333740234375,1358.3333740234375,1338.3333740234375,1341.6666259765625
2016-08-02,1341.6666259765625,1343.3333740234375,1333.3333740234375,1336.6666259765625
2016-08-03,1333.3333740234375,1335.0,1313.3333740234375,1315.0
2016-08-04,1315.0,1321.6666259765625,1291.6666259765625,1298.3333740234375
2016-08-05,1296.6666259765625,1305.0,1291.6666259765625,1295.0
2016-08-08,1295.0,1303.3333740234375,1281.6666259765625,1285.0
2016-08-09,1283.3333740234375,1283.3333740234375,1266.6666259765625,1278.3333740234375
2016-08-10,1275.0,1278.3333740234375,1235.0,1240.0
2016-08-12,1260.0,1275.0,1241.6666259765625,1255.0
2016-08-15,1255.0,1268.3333740234375,1241.6666259765625,1243.3333740234375
2016-08-16,1243.3333740234375,1256.6666259765625,1235.0,1235.0
2016-08-17,1235.0,1236.6666259765625,1216.6666259765625,1218.3333740234375
2016-08-18,1218.3333740234375,1225.0,1216.6666259765625,1218.3333740234375
2016-08-19,1215.0,1218.3333740234375,1190.0,1190.0
2016-08-22,1190.0,1201.6666259765625,1186.6666259765625,1200.0
2016-08-23,1210.0,1230.0,1206.6666259765625,1223.3333740234375
2016-08-24,1223.3333740234375,1245.0,1223.3333740234375,1238.3333740234375
2016-08-25,1246.6666259765625,1253.3333740234375,1241.6666259765625,1248.3333740234375
2016-08-26,1248.3333740234375,1248.3333740234375,1211.6666259765625,1230.0
2016-08-29,1236.6666259765625,1236.6666259765625,1203.3333740234375,1205.0
2016-08-30,1200.0,1203.3333740234375,1193.3333740234375,1193.3333740234375
2016-08-31,1191.6666259765625,1195.0,1170.0,1175.0
2016-09-01,1186.6666259765625,1205.0,1183.3333740234375,1203.3333740234375
2016-09-02,1196.6666259765625,1201.6666259765625,1180.0,1190.0
2016-09-05,1190.0,1203.3333740234375,1185.0,1198.3333740234375
2016-09-06,1200.0,1215.0,1196.6666259765625,1210.0
2016-09-07,1203.3333740234375,1226.6666259765625,1203.3333740234375,1223.3333740234375
2016-09-08,1225.0,1236.6666259765625,1223.3333740234375,1233.3333740234375
2016-09-09,1238.3333740234375,1238.3333740234375,1216.6666259765625,1225.0
2016-09-12,1233.3333740234375,1236.6666259765625,1216.6666259765625,1235.0
2016-09-13,1236.6666259765625,1240.0,1231.6666259765625,1236.6666259765625
2016-09-14,1231.6666259765625,1238.3333740234375,1228.3333740234375,1236.6666259765625
2016-09-15,1240.0,1240.0,1200.0,1200.0
2016-09-16,1220.0,1220.0,1198.3333740234375,1218.3333740234375
2016-09-20,1218.3333740234375,1230.0,1206.6666259765625,1220.0
2016-09-21,1218.3333740234375,1246.6666259765625,1218.3333740234375,1245.0
2016-09-23,1236.6666259765625,1246.6666259765625,1228.3333740234375,1238.3333740234375
2016-09-26,1238.3333740234375,1250.0,1223.3333740234375,1226.6666259765625
2016-09-27,1225.0,1226.6666259765625,1195.0,1226.6666259765625
2016-09-28,1226.6666259765625,1233.3333740234375,1206.6666259765625,1228.3333740234375
2016-09-29,1238.3333740234375,1238.3333740234375,1215.0,1238.3333740234375
2016-09-30,1238.3333740234375,1238.3333740234375,1216.6666259765625,1231.6666259765625
2016-10-03,1236.6666259765625,1236.6666259765625,1221.6666259765625,1228.3333740234375
2016-10-04,1240.0,1240.0,1218.3333740234375,1223.3333740234375
2016-10-05,1226.6666259765625,1233.3333740234375,1220.0,1223.3333740234375
2016-10-06,1220.0,1228.3333740234375,1213.3333740234375,1221.6666259765625
2016-10-07,1220.0,1220.0,1210.0,1218.3333740234375
2016-10-11,1218.3333740234375,1233.3333740234375,1216.6666259765625,1226.6666259765625
2016-10-12,1216.6666259765625,1233.3333740234375,1215.0,1230.0
2016-10-13,1225.0,1235.0,1218.3333740234375,1223.3333740234375
2016-10-14,1220.0,1228.3333740234375,1220.0,1225.0
2016-10-17,1223.3333740234375,1230.0,1220.0,1220.0
2016-10-18,1226.6666259765625,1226.6666259765625,1216.6666259765625,1225.0
2016-10-19,1228.3333740234375,1241.6666259765625,1225.0,1240.0
2016-10-20,1245.0,1258.3333740234375,1245.0,1256.6666259765625
2016-10-21,1251.6666259765625,1256.6666259765625,1250.0,1256.6666259765625
2016-10-24,1255.0,1258.3333740234375,1241.6666259765625,1255.0
2016-10-25,1255.0,1263.3333740234375,1251.6666259765625,1258.3333740234375
2016-10-26,1253.3333740234375,1256.6666259765625,1248.3333740234375,1255.0
2016-10-27,1250.0,1260.0,1243.3333740234375,1256.6666259765625
2016-10-28,1261.6666259765625,1265.0,1253.3333740234375,1265.0
2016-10-31,1271.6666259765625,1293.3333740234375,1268.3333740234375,1291.6666259765625
2016-11-01,1295.0,1305.0,1278.3333740234375,1303.3333740234375
2016-11-02,1296.6666259765625,1305.0,1281.6666259765625,1283.3333740234375
2016-11-04,1291.6666259765625,1310.0,1258.3333740234375,1278.3333740234375
2016-11-07,1275.0,1276.6666259765625,1260.0,1266.6666259765625
2016-11-08,1266.6666259765625,1273.3333740234375,1265.0,1271.6666259765625
2016-11-09,1270.0,1276.6666259765625,1240.0,1256.6666259765625
2016-11-10,1273.3333740234375,1301.6666259765625,1273.3333740234375,1291.6666259765625
2016-11-11,1300.0,1300.0,1286.6666259765625,1296.6666259765625
2016-11-14,1300.0,1313.3333740234375,1286.6666259765625,1288.3333740234375
2016-11-15,1300.0,1300.0,1276.6666259765625,1290.0
2016-11-16,1280.0,1291.6666259765625,1275.0,1291.6666259765625
2016-11-17,1295.0,1296.6666259765625,1286.6666259765625,1290.0
2016-11-18,1298.3333740234375,1303.3333740234375,1290.0,1291.6666259765625
2016-11-21,1291.6666259765625,1315.0,1291.6666259765625,1308.3333740234375
2016-11-22,1316.6666259765625,1321.6666259765625,1308.3333740234375,1315.0
2016-11-24,1321.6666259765625,1321.6666259765625,1308.3333740234375,1315.0
2016-11-25,1320.0,1320.0,1305.0,1315.0
2016-11-28,1315.0,1323.3333740234375,1311.6666259765625,1323.3333740234375
2016-11-29,1313.3333740234375,1323.3333740234375,1313.3333740234375,1323.3333740234375
2016-11-30,1325.0,1325.0,1320.0,1321.6666259765625
2016-12-01,1323.3333740234375,1330.0,1305.0,1308.3333740234375
2016-12-02,1301.6666259765625,1310.0,1288.3333740234375,1291.6666259765625
2016-12-05,1281.6666259765625,1281.6666259765625,1256.6666259765625,1263.3333740234375
2016-12-06,1266.6666259765625,1270.0,1253.3333740234375,1253.3333740234375
2016-12-07,1255.0,1261.6666259765625,1253.3333740234375,1261.6666259765625
2016-12-08,1266.6666259765625,1266.6666259765625,1251.6666259765625,1256.6666259765625
2016-12-09,1251.6666259765625,1265.0,1251.6666259765625,1265.0
2016-12-12,1266.6666259765625,1278.3333740234375,1266.6666259765625,1278.3333740234375
2016-12-13,1280.0,1295.0,1280.0,1295.0
2016-12-14,1310.0,1310.0,1290.0,1295.0
2016-12-15,1295.0,1300.0,1286.6666259765625,1295.0
2016-12-16,1300.0,1308.3333740234375,1295.0,1296.6666259765625
2016-12-19,1303.3333740234375,1303.3333740234375,1290.0,1301.6666259765625
2016-12-20,1301.6666259765625,1306.6666259765625,1296.6666259765625,1305.0
2016-12-21,1300.0,1306.6666259765625,1298.3333740234375,1305.0
2016-12-22,1308.3333740234375,1308.3333740234375,1298.3333740234375,1306.6666259765625
2016-12-26,1300.0,1303.3333740234375,1298.3333740234375,1300.0
2016-12-27,1300.0,1306.6666259765625,1300.0,1306.6666259765625
2016-12-28,1306.6666259765625,1313.3333740234375,1305.0,1310.0
2016-12-29,1303.3333740234375,1311.6666259765625,1295.0,1295.0
2016-12-30,1295.0,1301.6666259765625,1293.3333740234375,1300.0
2017-01-04,1311.6666259765625,1333.3333740234375,1301.6666259765625,1326.6666259765625
2017-01-05,1330.0,1333.3333740234375,1323.3333740234375,1333.3333740234375
2017-01-06,1330.0,1336.6666259765625,1326.6666259765625,1336.6666259765625
2017-01-10,1330.0,1333.3333740234375,1325.0,1333.3333740234375
2017-01-11,1330.0,1336.6666259765625,1330.0,1330.0
2017-01-12,1330.0,1331.6666259765625,1321.6666259765625,1330.0
2017-01-13,1316.6666259765625,1331.6666259765625,1316.6666259765625,1321.6666259765625
2017-01-16,1321.6666259765625,1323.3333740234375,1303.3333740234375,1310.0
2017-01-17,1315.0,1318.3333740234375,1303.3333740234375,1308.3333740234375
2017-01-18,1308.3333740234375,1326.6666259765625,1303.3333740234375,1310.0
2017-01-19,1310.0,1315.0,1306.6666259765625,1308.3333740234375
2017-01-20,1308.3333740234375,1315.0,1305.0,1311.6666259765625
2017-01-23,1306.6666259765625,1311.6666259765625,1305.0,1311.6666259765625
2017-01-24,1311.6666259765625,1315.0,1310.0,1310.0
2017-01-25,1311.6666259765625,1315.0,1308.3333740234375,1310.0
2017-01-26,1316.6666259765625,1316.6666259765625,1310.0,1310.0
2017-01-27,1310.0,1316.6666259765625,1310.0,1313.3333740234375
2017-01-30,1311.6666259765625,1315.0,1310.0,1313.3333740234375
2017-01-31,1313.3333740234375,1320.0,1311.6666259765625,1318.3333740234375
2017-02-01,1313.3333740234375,1321.6666259765625,1310.0,1316.6666259765625
2017-02-02,1316.6666259765625,1316.6666259765625,1313.3333740234375,1313.3333740234375
2017-02-03,1311.6666259765625,1316.6666259765625,1310.0,1310.0
2017-02-06,1310.0,1313.3333740234375,1303.3333740234375,1303.3333740234375
2017-02-07,1303.3333740234375,1308.3333740234375,1301.6666259765625,1301.6666259765625
2017-02-08,1301.6666259765625,1305.0,1296.6666259765625,1298.3333740234375
2017-02-09,1296.6666259765625,1301.6666259765625,1296.6666259765625,1296.6666259765625
2017-02-10,1301.6666259765625,1313.3333740234375,1298.3333740234375,1306.6666259765625
2017-02-13,1308.3333740234375,1328.3333740234375,1308.3333740234375,1325.0
2017-02-14,1328.3333740234375,1336.6666259765625,1318.3333740234375,1335.0
2017-02-15,1341.6666259765625,1366.6666259765625,1341.6666259765625,1350.0
2017-02-16,1345.0,1353.3333740234375,1330.0,1350.0
2017-02-17,1353.3333740234375,1358.3333740234375,1350.0,1356.6666259765625
2017-02-20,1356.6666259765625,1356.6666259765625,1350.0,1356.6666259765625
2017-02-21,1353.3333740234375,1365.0,1340.0,1365.0
2017-02-22,1366.6666259765625,1366.6666259765625,1356.6666259765625,1360.0
2017-02-23,1363.3333740234375,1368.3333740234375,1360.0,1361.6666259765625
2017-02-24,1346.6666259765625,1356.6666259765625,1346.6666259765625,1353.3333740234375
2017-02-27,1346.6666259765625,1348.3333740234375,1335.0,1343.3333740234375
2017-02-28,1343.3333740234375,1360.0,1340.0,1355.0
2017-03-01,1365.0,1380.0,1361.6666259765625,1380.0
2017-03-02,1388.3333740234375,1400.0,1388.3333740234375,1400.0
2017-03-03,1400.0,1411.6666259765625,1400.0,1406.6666259765625
2017-03-06,1416.6666259765625,1428.3333740234375,1408.3333740234375,1423.3333740234375
2017-03-07,1421.6666259765625,1438.3333740234375,1421.6666259765625,1435.0
2017-03-08,1436.6666259765625,1446.6666259765625,1411.6666259765625,1411.6666259765625
2017-03-09,1415.0,1435.0,1415.0,1428.3333740234375
2017-03-10,1436.6666259765625,1440.0,1433.3333740234375,1436.6666259765625
2017-03-13,1436.6666259765625,1453.3333740234375,1436.6666259765625,1450.0
2017-03-14,1460.0,1463.3333740234375,1445.0,1460.0
2017-03-15,1453.3333740234375,1453.3333740234375,1436.6666259765625,1438.3333740234375
2017-03-16,1436.6666259765625,1446.6666259765625,1430.0,1441.6666259765625
2017-03-17,1433.3333740234375,1445.0,1433.3333740234375,1438.3333740234375
2017-03-21,1436.6666259765625,1478.3333740234375,1436.6666259765625,1476.6666259765625
2017-03-22,1445.0,1473.3333740234375,1445.0,1461.6666259765625
2017-03-23,1458.3333740234375,1466.6666259765625,1455.0,1466.6666259765625
2017-03-24,1470.0,1485.0,1470.0,1483.3333740234375
2017-03-27,1483.3333740234375,1493.3333740234375,1471.6666259765625,1488.3333740234375
2017-03-28,1488.3333740234375,1493.3333740234375,1460.0,1466.6666259765625
2017-03-29,1440.0,1446.6666259765625,1426.6666259765625,1438.3333740234375
2017-03-30,1428.3333740234375,1441.6666259765625,1426.6666259765625,1426.6666259765625
2017-03-31,1423.3333740234375,1423.3333740234375,1376.6666259765625,1376.6666259765625
2017-04-03,1380.0,1400.0,1378.3333740234375,1390.0
2017-04-04,1390.0,1401.6666259765625,1386.6666259765625,1391.6666259765625
2017-04-05,1403.3333740234375,1408.3333740234375,1376.6666259765625,1405.0
2017-04-06,1390.0,1400.0,1378.3333740234375,1386.6666259765625
2017-04-07,1386.6666259765625,1420.0,1386.6666259765625,1420.0
2017-04-10,1420.0,1421.6666259765625,1401.6666259765625,1420.0
2017-04-11,1396.6666259765625,1420.0,1396.6666259765625,1405.0
2017-04-12,1391.6666259765625,1403.3333740234375,1385.0,1403.3333740234375
2017-04-13,1411.6666259765625,1426.6666259765625,1393.3333740234375,1421.6666259765625
2017-04-14,1413.3333740234375,1420.0,1406.6666259765625,1420.0
2017-04-17,1411.6666259765625,1443.3333740234375,1410.0,1441.6666259765625
2017-04-18,1448.3333740234375,1450.0,1418.3333740234375,1420.0
2017-04-19,1436.6666259765625,1451.6666259765625,1415.0,1446.6666259765625
2017-04-20,1446.6666259765625,1453.3333740234375,1423.3333740234375,1450.0
2017-04-21,1451.6666259765625,1451.6666259765625,1420.0,1436.6666259765625
2017-04-24,1433.3333740234375,1448.3333740234375,1428.3333740234375,1438.3333740234375
2017-04-25,1448.3333740234375,1448.3333740234375,1418.3333740234375,1425.0
2017-04-26,1440.0,1440.0,1403.3333740234375,1405.0
2017-04-27,1405.0,1415.0,1390.0,1408.3333740234375
2017-04-28,1401.6666259765625,1403.3333740234375,1391.6666259765625,1393.3333740234375
2017-05-01,1393.3333740234375,1393.3333740234375,1363.3333740234375,1370.0
2017-05-02,1371.6666259765625,1373.3333740234375,1360.0,1361.6666259765625
2017-05-08,1363.3333740234375,1376.6666259765625,1363.3333740234375,1376.6666259765625
2017-05-09,1376.6666259765625,1396.6666259765625,1376.6666259765625,1395.0
2017-05-10,1395.0,1400.0,1385.0,1393.3333740234375
2017-05-11,1386.6666259765625,1396.6666259765625,1380.0,1393.3333740234375
2017-05-12,1383.3333740234375,1393.3333740234375,1383.3333740234375,1391.6666259765625
2017-05-15,1398.3333740234375,1403.3333740234375,1388.3333740234375,1398.3333740234375
2017-05-16,1395.0,1400.0,1383.3333740234375,1391.6666259765625
2017-05-17,1383.3333740234375,1391.6666259765625,1380.0,1385.0
2017-05-18,1383.3333740234375,1393.3333740234375,1373.3333740234375,1393.3333740234375
2017-05-19,1378.3333740234375,1390.0,1378.3333740234375,1385.0
2017-05-22,1388.3333740234375,1390.0,1380.0,1383.3333740234375
2017-05-23,1381.6666259765625,1391.6666259765625,1380.0,1380.0
2017-05-24,1380.0,1386.6666259765625,1378.3333740234375,1386.6666259765625
2017-05-25,1381.6666259765625,1383.3333740234375,1363.3333740234375,1363.3333740234375
2017-05-26,1363.3333740234375,1365.0,1350.0,1350.0
2017-05-29,1340.0,1363.3333740234375,1340.0,1363.3333740234375
2017-05-30,1356.6666259765625,1361.6666259765625,1355.0,1356.6666259765625
2017-05-31,1360.0,1370.0,1356.6666259765625,1356.6666259765625
2017-06-01,1361.6666259765625,1366.6666259765625,1361.6666259765625,1365.0
2017-06-02,1365.0,1380.0,1365.0,1380.0
2017-06-05,1373.3333740234375,1383.3333740234375,1373.3333740234375,1376.6666259765625
2017-06-06,1381.6666259765625,1383.3333740234375,1376.6666259765625,1376.6666259765625
2017-06-07,1375.0,1380.0,1373.3333740234375,1373.3333740234375
2017-06-08,1373.3333740234375,1378.3333740234375,1366.6666259765625,1375.0
2017-06-09,1370.0,1378.3333740234375,1370.0,1375.0
2017-06-12,1373.3333740234375,1385.0,1371.6666259765625,1385.0
2017-06-13,1380.0,1388.3333740234375,1380.0,1386.6666259765625
2017-06-14,1386.6666259765625,1391.6666259765625,1373.3333740234375,1373.3333740234375
2017-06-15,1375.0,1398.3333740234375,1368.3333740234375,1371.6666259765625
2017-06-16,1385.0,1385.0,1371.6666259765625,1380.0
2017-06-19,1380.0,1380.0,1366.6666259765625,1368.3333740234375
2017-06-20,1378.3333740234375,1378.3333740234375,1368.3333740234375,1371.6666259765625
2017-06-21,1375.0,1376.6666259765625,1366.6666259765625,1371.6666259765625
2017-06-22,1371.6666259765625,1371.6666259765625,1363.3333740234375,1363.3333740234375
2017-06-23,1361.6666259765625,1368.3333740234375,1361.6666259765625,1361.6666259765625
2017-06-26,1366.6666259765625,1375.0,1365.0,1368.3333740234375
2017-06-27,1375.0,1378.3333740234375,1368.3333740234375,1378.3333740234375
2017-06-28,1378.3333740234375,1381.6666259765625,1373.3333740234375,1375.0
2017-06-29,1376.6666259765625,1381.6666259765625,1376.6666259765625,1378.3333740234375
2017-06-30,1378.3333740234375,1390.0,1373.3333740234375,1385.0
2017-07-03,1378.3333740234375,1396.6666259765625,1376.6666259765625,1391.6666259765625
2017-07-04,1393.3333740234375,1400.0,1391.6666259765625,1396.6666259765625
2017-07-05,1396.6666259765625,1396.6666259765625,1381.6666259765625,1388.3333740234375
2017-07-06,1396.6666259765625,1396.6666259765625,1371.6666259765625,1378.3333740234375
2017-07-07,1381.6666259765625,1381.6666259765625,1373.3333740234375,1375.0
2017-07-10,1376.6666259765625,1391.6666259765625,1376.6666259765625,1391.6666259765625
2017-07-11,1378.3333740234375,1383.3333740234375,1375.0,1380.0
2017-07-12,1380.0,1390.0,1378.3333740234375,1385.0
2017-07-13,1378.3333740234375,1391.6666259765625,1376.6666259765625,1386.6666259765625
2017-07-14,1391.6666259765625,1403.3333740234375,1386.6666259765625,1401.6666259765625
2017-07-17,1401.6666259765625,1401.6666259765625,1401.6666259765625,1401.6666259765625
2017-07-18,1411.6666259765625,1411.6666259765625,1400.0,1401.6666259765625
2017-07-19,1401.6666259765625,1403.3333740234375,1390.0,1396.6666259765625
2017-07-20,1390.0,1401.6666259765625,1385.0,1400.0
2017-07-21,1395.0,1431.6666259765625,1393.3333740234375,1425.0
2017-07-24,1436.6666259765625,1440.0,1413.3333740234375,1413.3333740234375
2017-07-25,1411.6666259765625,1425.0,1403.3333740234375,1403.3333740234375
2017-07-26,1406.6666259765625,1411.6666259765625,1403.3333740234375,1403.3333740234375
2017-07-27,1410.0,1411.6666259765625,1400.0,1403.3333740234375
2017-07-28,1403.3333740234375,1406.6666259765625,1400.0,1405.0
2017-07-31,1408.3333740234375,1408.3333740234375,1401.6666259765625,1403.3333740234375
2017-08-01,1403.3333740234375,1408.3333740234375,1403.3333740234375,1406.6666259765625
2017-08-02,1410.0,1411.6666259765625,1406.6666259765625,1410.0
2017-08-03,1408.3333740234375,1423.3333740234375,1408.3333740234375,1423.3333740234375
2017-08-04,1413.3333740234375,1421.6666259765625,1411.6666259765625,1418.3333740234375
2017-08-07,1418.3333740234375,1426.6666259765625,1418.3333740234375,1425.0
2017-08-08,1428.3333740234375,1433.3333740234375,1426.6666259765625,1433.3333740234375
2017-08-09,1423.3333740234375,1435.0,1423.3333740234375,1435.0
2017-08-10,1428.3333740234375,1436.6666259765625,1428.3333740234375,1431.6666259765625
2017-08-11,1431.6666259765625,1431.6666259765625,1431.6666259765625,1431.6666259765625
2017-08-14,1420.0,1430.0,1415.0,1425.0
2017-08-15,1440.0,1453.3333740234375,1433.3333740234375,1443.3333740234375
2017-08-16,1443.3333740234375,1460.0,1443.3333740234375,1453.3333740234375
2017-08-17,1453.3333740234375,1460.0,1450.0,1450.0
2017-08-18,1451.6666259765625,1465.0,1450.0,1451.6666259765625
2017-08-21,1451.6666259765625,1533.3333740234375,1451.6666259765625,1496.6666259765625
2017-08-22,1493.3333740234375,1498.3333740234375,1486.6666259765625,1498.3333740234375
2017-08-23,1503.3333740234375,1568.3333740234375,1503.3333740234375,1565.0
2017-08-24,1611.6666259765625,1645.0,1550.0,1625.0
2017-08-25,1601.6666259765625,1603.3333740234375,1513.3333740234375,1533.3333740234375
2017-08-28,1538.3333740234375,1578.3333740234375,1538.3333740234375,1558.3333740234375
2017-08-29,1558.3333740234375,1558.3333740234375,1531.6666259765625,1543.3333740234375
2017-08-30,1543.3333740234375,1583.3333740234375,1535.0,1580.0
2017-08-31,1593.3333740234375,1613.3333740234375,1583.3333740234375,1593.3333740234375
2017-09-01,1581.6666259765625,1585.0,1533.3333740234375,1551.6666259765625
2017-09-04,1575.0,1575.0,1533.3333740234375,1541.6666259765625
2017-09-05,1541.6666259765625,1541.6666259765625,1505.0,1505.0
2017-09-06,1500.0,1516.6666259765625,1483.3333740234375,1516.6666259765625
2017-09-07,1516.6666259765625,1548.3333740234375,1516.6666259765625,1525.0
2017-09-08,1526.6666259765625,1556.6666259765625,1513.3333740234375,1551.6666259765625
2017-09-11,1575.0,1575.0,1553.3333740234375,1563.3333740234375
2017-09-12,1563.3333740234375,1575.0,1553.3333740234375,1568.3333740234375
2017-09-13,1575.0,1591.6666259765625,1566.6666259765625,1578.3333740234375
2017-09-14,1588.3333740234375,1593.3333740234375,1571.6666259765625,1583.3333740234375
2017-09-15,1573.3333740234375,1583.3333740234375,1565.0,1575.0
2017-09-18,1575.0,1575.0,1575.0,1575.0
2017-09-19,1566.6666259765625,1586.6666259765625,1520.0,1585.0
2017-09-20,1571.6666259765625,1588.3333740234375,1571.6666259765625,1581.6666259765625
2017-09-21,1581.6666259765625,1588.3333740234375,1576.6666259765625,1583.3333740234375
2017-09-22,1566.6666259765625,1588.3333740234375,1566.6666259765625,1583.3333740234375
2017-09-25,1571.6666259765625,1596.6666259765625,1571.6666259765625,1591.6666259765625
2017-09-26,1590.0,1598.3333740234375,1590.0,1598.3333740234375
2017-09-27,1581.6666259765625,1588.3333740234375,1573.3333740234375,1583.3333740234375
2017-09-28,1575.0,1595.0,1568.3333740234375,1588.3333740234375
2017-09-29,1586.6666259765625,1593.3333740234375,1575.0,1580.0
2017-10-02,1573.3333740234375,1586.6666259765625,1566.6666259765625,1570.0
2017-10-03,1573.3333740234375,1581.6666259765625,1558.3333740234375,1575.0
2017-10-04,1575.0,1576.6666259765625,1561.6666259765625,1571.6666259765625
2017-10-05,1591.6666259765625,1766.6666259765625,1591.6666259765625,1661.6666259765625
2017-10-06,1661.6666259765625,1661.6666259765625,1616.6666259765625,1636.6666259765625
2017-10-09,1636.6666259765625,1636.6666259765625,1636.6666259765625,1636.6666259765625
2017-10-10,1621.6666259765625,1690.0,1621.6666259765625,1676.6666259765625
2017-10-11,1673.3333740234375,1680.0,1650.0,1663.3333740234375
2017-10-12,1663.3333740234375,1703.3333740234375,1660.0,1673.3333740234375
2017-10-13,1696.6666259765625,1713.3333740234375,1666.6666259765625,1706.6666259765625
2017-10-16,1720.0,1740.0,1706.6666259765625,1713.3333740234375
2017-10-17,1713.3333740234375,1716.6666259765625,1670.0,1703.3333740234375
2017-10-18,1703.3333740234375,1703.3333740234375,1661.6666259765625,1670.0
2017-10-19,1666.6666259765625,1693.3333740234375,1666.6666259765625,1680.0
2017-10-20,1666.6666259765625,1696.6666259765625,1656.6666259765625,1693.3333740234375
2017-10-23,1693.3333740234375,1726.6666259765625,1693.3333740234375,1723.3333740234375
2017-10-24,1743.3333740234375,1800.0,1733.3333740234375,1790.0
2017-10-25,1770.0,1783.3333740234375,1723.3333740234375,1743.3333740234375
2017-10-26,1756.6666259765625,1760.0,1710.0,1713.3333740234375
2017-10-27,1713.3333740234375,1766.6666259765625,1713.3333740234375,1766.6666259765625
2017-10-30,1723.3333740234375,1750.0,1700.0,1726.6666259765625
2017-10-31,1753.3333740234375,1773.3333740234375,1743.3333740234375,1773.3333740234375
2017-11-01,1780.0,1803.3333740234375,1760.0,1803.3333740234375
2017-11-02,1826.6666259765625,1826.6666259765625,1796.6666259765625,1826.6666259765625
2017-11-03,1826.6666259765625,1826.6666259765625,1826.6666259765625,1826.6666259765625
2017-11-06,1826.6666259765625,1840.0,1823.3333740234375,1836.6666259765625
2017-11-07,1823.3333740234375,1833.3333740234375,1810.0,1830.0
2017-11-08,1813.3333740234375,1820.0,1780.0,1803.3333740234375
2017-11-09,1810.0,1813.3333740234375,1753.3333740234375,1776.6666259765625
2017-11-10,1743.3333740234375,1750.0,1733.3333740234375,1740.0
2017-11-13,1760.0,1773.3333740234375,1750.0,1766.6666259765625
2017-11-14,1766.6666259765625,1766.6666259765625,1740.0,1743.3333740234375
2017-11-15,1743.3333740234375,1743.3333740234375,1690.0,1690.0
2017-11-16,1673.3333740234375,1706.6666259765625,1670.0,1693.3333740234375
2017-11-17,1706.6666259765625,1716.6666259765625,1696.6666259765625,1696.6666259765625
2017-11-20,1696.6666259765625,1710.0,1690.0,1703.3333740234375
2017-11-21,1693.3333740234375,1713.3333740234375,1693.3333740234375,1696.6666259765625
2017-11-22,1690.0,1690.0,1666.6666259765625,1670.0
2017-11-23,1670.0,1670.0,1670.0,1670.0
2017-11-24,1666.6666259765625,1693.3333740234375,1665.0,1676.6666259765625
2017-11-27,1690.0,1696.6666259765625,1680.0,1683.3333740234375
2017-11-28,1690.0,1696.6666259765625,1683.3333740234375,1686.6666259765625
2017-11-29,1700.0,1713.3333740234375,1690.0,1696.6666259765625
2017-11-30,1700.0,1700.0,1683.3333740234375,1686.6666259765625
2017-12-01,1686.6666259765625,1693.3333740234375,1683.3333740234375,1686.6666259765625
2017-12-04,1686.6666259765625,1693.3333740234375,1673.3333740234375,1676.6666259765625
2017-12-05,1673.3333740234375,1690.0,1673.3333740234375,1683.3333740234375
2017-12-06,1690.0,1690.0,1665.0,1666.6666259765625
2017-12-07,1680.0,1696.6666259765625,1666.6666259765625,1683.3333740234375
2017-12-08,1666.6666259765625,1690.0,1666.6666259765625,1686.6666259765625
2017-12-11,1690.0,1700.0,1680.0,1690.0
2017-12-12,1696.6666259765625,1696.6666259765625,1673.3333740234375,1686.6666259765625
2017-12-13,1696.6666259765625,1700.0,1680.0,1686.6666259765625
2017-12-14,1686.6666259765625,1710.0,1686.6666259765625,1693.3333740234375
2017-12-15,1700.0,1740.0,1700.0,1733.3333740234375
2017-12-18,1793.3333740234375,1793.3333740234375,1743.3333740234375,1750.0
2017-12-19,1753.3333740234375,1783.3333740234375,1750.0,1773.3333740234375
2017-12-20,1780.0,1790.0,1753.3333740234375,1760.0
2017-12-21,1760.0,1760.0,1726.6666259765625,1733.3333740234375
2017-12-22,1730.0,1733.3333740234375,1720.0,1726.6666259765625
2017-12-25,1713.3333740234375,1733.3333740234375,1710.0,1723.3333740234375
2017-12-26,1733.3333740234375,1746.6666259765625,1730.0,1743.3333740234375
2017-12-27,1750.0,1753.3333740234375,1730.0,1736.6666259765625
2017-12-28,1746.6666259765625,1763.3333740234375,1736.6666259765625,1743.3333740234375
2017-12-29,1760.0,1773.3333740234375,1746.6666259765625,1770.0
2018-01-01,1770.0,1770.0,1770.0,1770.0
2018-01-02,1770.0,1770.0,1770.0,1770.0
2018-01-03,1770.0,1770.0,1770.0,1770.0
2018-01-04,1796.6666259765625,1796.6666259765625,1750.0,1766.6666259765625
2018-01-05,1750.0,1780.0,1733.3333740234375,1750.0
2018-01-08,1750.0,1750.0,1750.0,1750.0
2018-01-09,1756.6666259765625,1766.6666259765625,1736.6666259765625,1743.3333740234375
2018-01-10,1736.6666259765625,1753.3333740234375,1736.6666259765625,1740.0
2018-01-11,1740.0,1743.3333740234375,1733.3333740234375,1736.6666259765625
2018-01-12,1733.3333740234375,1740.0,1730.0,1730.0
2018-01-15,1756.6666259765625,1756.6666259765625,1736.6666259765625,1750.0
2018-01-16,1750.0,1760.0,1746.6666259765625,1750.0
2018-01-17,1750.0,1756.6666259765625,1740.0,1756.6666259765625
2018-01-18,1756.6666259765625,1763.3333740234375,1750.0,1750.0
2018-01-19,1746.6666259765625,1770.0,1746.6666259765625,1753.3333740234375
2018-01-22,1753.3333740234375,1763.3333740234375,1750.0,1753.3333740234375
2018-01-23,1766.6666259765625,1776.6666259765625,1753.3333740234375,1770.0
2018-01-24,1780.0,1800.0,1773.3333740234375,1790.0
2018-01-25,1776.6666259765625,1793.3333740234375,1776.6666259765625,1786.6666259765625
2018-01-26,1786.6666259765625,1806.6666259765625,1786.6666259765625,1793.3333740234375
2018-01-29,1806.6666259765625,1816.6666259765625,1786.6666259765625,1793.3333740234375
2018-01-30,1793.3333740234375,1806.6666259765625,1760.0,1763.3333740234375
2018-01-31,1760.0,1773.3333740234375,1756.6666259765625,1756.6666259765625
2018-02-01,1766.6666259765625,1790.0,1766.6666259765625,1783.3333740234375
2018-02-02,1783.3333740234375,1793.3333740234375,1776.6666259765625,1780.0
2018-02-05,1750.0,1776.6666259765625,1750.0,1753.3333740234375
2018-02-06,1726.6666259765625,1726.6666259765625,1666.6666259765625,1680.0
2018-02-07,1730.0,1730.0,1680.0,1680.0
2018-02-08,1686.6666259765625,1713.3333740234375,1686.6666259765625,1700.0
2018-02-09,1666.6666259765625,1713.3333740234375,1663.3333740234375,1703.3333740234375
2018-02-12,1703.3333740234375,1703.3333740234375,1703.3333740234375,1703.3333740234375
2018-02-13,1713.3333740234375,1720.0,1690.0,1700.0
2018-02-14,1696.6666259765625,1706.6666259765625,1673.3333740234375,1676.6666259765625
2018-02-15,1703.3333740234375,1706.6666259765625,1670.0,1670.0
2018-02-16,1693.3333740234375,1723.3333740234375,1686.6666259765625,1716.6666259765625
2018-02-19,1733.3333740234375,1766.6666259765625,1733.3333740234375,1746.6666259765625
2018-02-20,1746.6666259765625,1766.6666259765625,1740.0,1763.3333740234375
2018-02-21,1760.0,1783.3333740234375,1750.0,1756.6666259765625
2018-02-22,1756.6666259765625,1763.3333740234375,1743.3333740234375,1746.6666259765625
2018-02-23,1750.0,1776.6666259765625,1746.6666259765625,1756.6666259765625
2018-02-26,1770.0,1776.6666259765625,1760.0,1760.0
2018-02-27,1760.0,1783.3333740234375,1760.0,1770.0
2018-02-28,1763.3333740234375,1780.0,1763.3333740234375,1770.0
2018-03-01,1770.0,1773.3333740234375,1750.0,1753.3333740234375
2018-03-02,1743.3333740234375,1760.0,1736.6666259765625,1746.6666259765625
2018-03-05,1743.3333740234375,1763.3333740234375,1726.6666259765625,1726.6666259765625
2018-03-06,1750.0,1763.3333740234375,1740.0,1743.3333740234375
2018-03-07,1740.0,1750.0,1730.0,1730.0
2018-03-08,1736.6666259765625,1753.3333740234375,1733.3333740234375,1736.6666259765625
2018-03-09,1740.0,1746.6666259765625,1736.6666259765625,1746.6666259765625
2018-03-12,1760.0,1763.3333740234375,1746.6666259765625,1760.0
2018-03-13,1770.0,1790.0,1763.3333740234375,1790.0
2018-03-14,1786.6666259765625,1820.0,1786.6666259765625,1803.3333740234375
2018-03-15,1803.3333740234375,1900.0,1803.3333740234375,1890.0
2018-03-16,1900.0,1900.0,1850.0,1856.6666259765625
2018-03-19,1850.0,1896.6666259765625,1840.0,1876.6666259765625
2018-03-20,1876.6666259765625,1956.6666259765625,1863.3333740234375,1946.6666259765625
2018-03-21,1946.6666259765625,1946.6666259765625,1946.6666259765625,1946.6666259765625
2018-03-22,1936.6666259765625,1936.6666259765625,1883.3333740234375,1896.6666259765625
2018-03-23,1890.0,1896.6666259765625,1840.0,1896.6666259765625
2018-03-26,1876.6666259765625,1953.3333740234375,1866.6666259765625,1946.6666259765625
2018-03-27,1933.3333740234375,1936.6666259765625,1863.3333740234375,1876.6666259765625
2018-03-28,1860.0,1876.6666259765625,1850.0,1866.6666259765625
2018-03-29,1866.6666259765625,1896.6666259765625,1856.6666259765625,1890.0
2018-03-30,1876.6666259765625,1906.6666259765625,1866.6666259765625,1893.3333740234375
2018-04-02,1866.6666259765625,1880.0,1750.0,1780.0
2018-04-03,1746.6666259765625,1776.6666259765625,1740.0,1746.6666259765625
2018-04-04,1736.6666259765625,1776.6666259765625,1690.0,1756.6666259765625
2018-04-05,1883.3333740234375,1930.0,1816.6666259765625,1850.0
2018-04-06,1893.3333740234375,1950.0,1886.6666259765625,1933.3333740234375
2018-04-09,1903.3333740234375,1940.0,1903.3333740234375,1926.6666259765625
2018-04-10,1930.0,1933.3333740234375,1806.6666259765625,1843.3333740234375
2018-04-11,1856.6666259765625,1856.6666259765625,1806.6666259765625,1840.0
2018-04-12,1840.0,1910.0,1820.0,1886.6666259765625
2018-04-13,1883.3333740234375,1883.3333740234375,1800.0,1803.3333740234375
2018-04-16,1803.3333740234375,1806.6666259765625,1776.6666259765625,1796.6666259765625
2018-04-17,1796.6666259765625,1800.0,1776.6666259765625,1786.6666259765625
2018-04-18,1780.0,1803.3333740234375,1780.0,1796.6666259765625
2018-04-19,1830.0,1830.0,1800.0,1810.0
2018-04-20,1796.6666259765625,1806.6666259765625,1773.3333740234375,1773.3333740234375
2018-04-23,1773.3333740234375,1786.6666259765625,1750.0,1750.0
2018-04-24,1773.3333740234375,1773.3333740234375,1756.6666259765625,1763.3333740234375
2018-04-25,1750.0,1780.0,1746.6666259765625,1760.0
2018-04-26,1763.3333740234375,1763.3333740234375,1750.0,1756.6666259765625
2018-04-27,1750.0,1790.0,1750.0,1790.0
2018-04-30,1790.0,1790.0,1790.0,1790.0
2018-05-01,1780.0,1786.6666259765625,1756.6666259765625,1756.6666259765625
2018-05-02,1753.3333740234375,1766.6666259765625,1730.0,1766.6666259765625
2018-05-03,1766.6666259765625,1766.6666259765625,1766.6666259765625,1766.6666259765625
2018-05-04,1766.6666259765625,1766.6666259765625,1766.6666259765625,1766.6666259765625
2018-05-07,1750.0,1816.6666259765625,1750.0,1813.3333740234375
2018-05-08,1813.3333740234375,1840.0,1803.3333740234375,1830.0
2018-05-09,1840.0,1843.3333740234375,1773.3333740234375,1810.0
2018-05-10,1806.6666259765625,1810.0,1786.6666259765625,1810.0
2018-05-11,1790.0,1806.6666259765625,1786.6666259765625,1806.6666259765625
2018-05-14,1796.6666259765625,1816.6666259765625,1766.6666259765625,1776.6666259765625
2018-05-15,1770.0,1780.0,1770.0,1780.0
2018-05-16,1773.3333740234375,1790.0,1756.6666259765625,1760.0
2018-05-17,1760.0,1773.3333740234375,1743.3333740234375,1746.6666259765625
2018-05-18,1746.6666259765625,1770.0,1746.6666259765625,1763.3333740234375
2018-05-21,1763.3333740234375,1770.0,1743.3333740234375,1753.3333740234375
2018-05-22,1753.3333740234375,1753.3333740234375,1746.6666259765625,1746.6666259765625
2018-05-23,1746.6666259765625,1766.6666259765625,1740.0,1760.0
2018-05-24,1763.3333740234375,1763.3333740234375,1736.6666259765625,1743.3333740234375
2018-05-25,1743.3333740234375,1750.0,1710.0,1710.0
2018-05-28,1706.6666259765625,1713.3333740234375,1703.3333740234375,1703.3333740234375
2018-05-29,1703.3333740234375,1706.6666259765625,1683.3333740234375,1690.0
2018-05-30,1673.3333740234375,1700.0,1673.3333740234375,1680.0
2018-05-31,1690.0,1723.3333740234375,1690.0,1696.6666259765625
2018-06-01,1706.6666259765625,1723.3333740234375,1700.0,1713.3333740234375
2018-06-04,1723.3333740234375,1733.3333740234375,1713.3333740234375,1726.6666259765625
2018-06-05,1710.0,1720.0,1703.3333740234375,1710.0
2018-06-06,1716.6666259765625,1716.6666259765625,1700.0,1706.6666259765625
2018-06-07,1706.6666259765625,1716.6666259765625,1700.0,1710.0
2018-06-08,1686.6666259765625,1706.6666259765625,1686.6666259765625,1700.0
2018-06-11,1700.0,1733.3333740234375,1686.6666259765625,1720.0
2018-06-12,1706.6666259765625,1710.0,1683.3333740234375,1686.6666259765625
2018-06-13,1683.3333740234375,1700.0,1683.3333740234375,1696.6666259765625
2018-06-14,1686.6666259765625,1700.0,1683.3333740234375,1693.3333740234375
2018-06-15,1686.6666259765625,1686.6666259765625,1670.0,1676.6666259765625
2018-06-18,1676.6666259765625,1676.6666259765625,1658.3333740234375,1673.3333740234375
2018-06-19,1666.6666259765625,1670.0,1635.0,1638.3333740234375
2018-06-20,1640.0,1640.0,1588.3333740234375,1603.3333740234375
2018-06-21,1601.6666259765625,1608.3333740234375,1590.0,1590.0
2018-06-22,1590.0,1596.6666259765625,1581.6666259765625,1593.3333740234375
2018-06-25,1595.0,1598.3333740234375,1553.3333740234375,1555.0
2018-06-26,1553.3333740234375,1566.6666259765625,1551.6666259765625,1560.0
2018-06-27,1560.0,1561.6666259765625,1516.6666259765625,1531.6666259765625
2018-06-28,1523.3333740234375,1530.0,1506.6666259765625,1520.0
2018-06-29,1510.0,1533.3333740234375,1508.3333740234375,1528.3333740234375
2018-07-02,1523.3333740234375,1536.6666259765625,1500.0,1503.3333740234375
2018-07-03,1503.3333740234375,1513.3333740234375,1478.3333740234375,1488.3333740234375
2018-07-04,1488.3333740234375,1541.6666259765625,1486.6666259765625,1540.0
2018-07-05,1545.0,1545.0,1520.0,1520.0
2018-07-06,1531.6666259765625,1533.3333740234375,1490.0,1498.3333740234375
2018-07-09,1505.0,1521.6666259765625,1503.3333740234375,1518.3333740234375
2018-07-10,1528.3333740234375,1528.3333740234375,1501.6666259765625,1501.6666259765625
2018-07-11,1503.3333740234375,1505.0,1493.3333740234375,1501.6666259765625
2018-07-12,1493.3333740234375,1516.6666259765625,1493.3333740234375,1513.3333740234375
2018-07-13,1516.6666259765625,1525.0,1505.0,1513.3333740234375
2018-07-16,1513.3333740234375,1513.3333740234375,1513.3333740234375,1513.3333740234375
2018-07-17,1513.3333740234375,1520.0,1505.0,1513.3333740234375
2018-07-18,1513.3333740234375,1515.0,1500.0,1503.3333740234375
2018-07-19,1500.0,1500.0,1470.0,1485.0
2018-07-20,1476.6666259765625,1483.3333740234375,1471.6666259765625,1476.6666259765625
2018-07-23,1468.3333740234375,1473.3333740234375,1466.6666259765625,1471.6666259765625
2018-07-24,1468.3333740234375,1470.0,1463.3333740234375,1466.6666259765625
2018-07-25,1465.0,1481.6666259765625,1458.3333740234375,1470.0
2018-07-26,1471.6666259765625,1488.3333740234375,1471.6666259765625,1476.6666259765625
2018-07-27,1476.6666259765625,1490.0,1476.6666259765625,1483.3333740234375
2018-07-30,1483.3333740234375,1498.3333740234375,1476.6666259765625,1486.6666259765625
2018-07-31,1481.6666259765625,1498.3333740234375,1481.6666259765625,1485.0
2018-08-01,1485.0,1488.3333740234375,1466.6666259765625,1466.6666259765625
2018-08-02,1476.6666259765625,1481.6666259765625,1468.3333740234375,1475.0
2018-08-03,1483.3333740234375,1483.3333740234375,1463.3333740234375,1465.0
2018-08-06,1463.3333740234375,1468.3333740234375,1451.6666259765625,1451.6666259765625
2018-08-07,1450.0,1451.6666259765625,1436.6666259765625,1441.6666259765625
2018-08-08,1441.6666259765625,1455.0,1441.6666259765625,1450.0
2018-08-09,1450.0,1476.6666259765625,1441.6666259765625,1466.6666259765625
2018-08-10,1473.3333740234375,1473.3333740234375,1466.6666259765625,1466.6666259765625
2018-08-13,1466.6666259765625,1466.6666259765625,1423.3333740234375,1423.3333740234375
2018-08-14,1425.0,1451.6666259765625,1425.0,1445.0
2018-08-15,1446.6666259765625,1455.0,1435.0,1435.0
2018-08-16,1435.0,1435.0,1408.3333740234375,1413.3333740234375
2018-08-17,1413.3333740234375,1420.0,1413.3333740234375,1418.3333740234375
2018-08-20,1418.3333740234375,1440.0,1418.3333740234375,1433.3333740234375
2018-08-21,1426.6666259765625,1438.3333740234375,1423.3333740234375,1423.3333740234375
2018-08-22,1423.3333740234375,1423.3333740234375,1415.0,1420.0
2018-08-23,1421.6666259765625,1461.6666259765625,1421.6666259765625,1458.3333740234375
2018-08-24,1486.6666259765625,1486.6666259765625,1465.0,1476.6666259765625
2018-08-27,1491.6666259765625,1491.6666259765625,1470.0,1470.0
2018-08-28,1486.6666259765625,1486.6666259765625,1470.0,1471.6666259765625
2018-08-29,1475.0,1478.3333740234375,1470.0,1473.3333740234375
2018-08-30,1475.0,1475.0,1458.3333740234375,1466.6666259765625
2018-08-31,1460.0,1470.0,1458.3333740234375,1465.0
2018-09-03,1465.0,1465.0,1446.6666259765625,1453.3333740234375
2018-09-04,1460.0,1460.0,1448.3333740234375,1448.3333740234375
2018-09-05,1450.0,1478.3333740234375,1436.6666259765625,1475.0
2018-09-06,1473.3333740234375,1475.0,1453.3333740234375,1456.6666259765625
2018-09-07,1455.0,1455.0,1441.6666259765625,1446.6666259765625
2018-09-10,1465.0,1465.0,1448.3333740234375,1453.3333740234375
2018-09-11,1458.3333740234375,1460.0,1445.0,1460.0
2018-09-12,1468.3333740234375,1468.3333740234375,1436.6666259765625,1436.6666259765625
2018-09-13,1440.0,1446.6666259765625,1438.3333740234375,1438.3333740234375
2018-09-14,1436.6666259765625,1458.3333740234375,1436.6666259765625,1440.0
2018-09-17,1440.0,1440.0,1440.0,1440.0
2018-09-18,1436.6666259765625,1455.0,1436.6666259765625,1450.0
2018-09-19,1461.6666259765625,1478.3333740234375,1460.0,1466.6666259765625
2018-09-20,1466.6666259765625,1476.6666259765625,1465.0,1471.6666259765625
2018-09-21,1478.3333740234375,1490.0,1466.6666259765625,1473.3333740234375
2018-09-24,1473.3333740234375,1473.3333740234375,1473.3333740234375,1473.3333740234375
2018-09-25,1500.0,1546.6666259765625,1483.3333740234375,1546.6666259765625
2018-09-26,1520.0,1543.3333740234375,1506.6666259765625,1543.3333740234375
2018-09-27,1543.3333740234375,1550.0,1510.0,1518.3333740234375
2018-09-28,1525.0,1525.0,1510.0,1515.0
2018-10-01,1533.3333740234375,1533.3333740234375,1501.6666259765625,1526.6666259765625
2018-10-02,1513.3333740234375,1520.0,1486.6666259765625,1503.3333740234375
2018-10-03,1501.6666259765625,1501.6666259765625,1481.6666259765625,1483.3333740234375
2018-10-04,1500.0,1500.0,1463.3333740234375,1463.3333740234375
2018-10-05,1465.0,1478.3333740234375,1441.6666259765625,1441.6666259765625
2018-10-08,1441.6666259765625,1441.6666259765625,1441.6666259765625,1441.6666259765625
2018-10-09,1445.0,1446.6666259765625,1411.6666259765625,1423.3333740234375
2018-10-10,1426.6666259765625,1445.0,1426.6666259765625,1431.6666259765625
2018-10-11,1410.0,1425.0,1401.6666259765625,1401.6666259765625
2018-10-12,1410.0,1433.3333740234375,1401.6666259765625,1420.0
2018-10-15,1430.0,1430.0,1390.0,1390.0
2018-10-16,1383.3333740234375,1383.3333740234375,1350.0,1361.6666259765625
2018-10-17,1385.0,1430.0,1363.3333740234375,1421.6666259765625
2018-10-18,1420.0,1420.0,1386.6666259765625,1388.3333740234375
2018-10-19,1386.6666259765625,1386.6666259765625,1371.6666259765625,1383.3333740234375
2018-10-22,1366.6666259765625,1373.3333740234375,1353.3333740234375,1363.3333740234375
2018-10-23,1363.3333740234375,1363.3333740234375,1346.6666259765625,1351.6666259765625
2018-10-24,1353.3333740234375,1361.6666259765625,1346.6666259765625,1350.0
2018-10-25,1336.6666259765625,1338.3333740234375,1320.0,1325.0
2018-10-26,1348.3333740234375,1348.3333740234375,1318.3333740234375,1321.6666259765625
2018-10-29,1320.0,1343.3333740234375,1306.6666259765625,1306.6666259765625
2018-10-30,1303.3333740234375,1326.6666259765625,1300.0,1316.6666259765625
2018-10-31,1316.6666259765625,1346.6666259765625,1313.3333740234375,1325.0
2018-11-01,1325.0,1353.3333740234375,1313.3333740234375,1326.6666259765625
2018-11-02,1326.6666259765625,1356.6666259765625,1325.0,1346.6666259765625
2018-11-05,1350.0,1360.0,1345.0,1346.6666259765625
2018-11-06,1343.3333740234375,1361.6666259765625,1340.0,1355.0
2018-11-07,1348.3333740234375,1363.3333740234375,1343.3333740234375,1345.0
2018-11-08,1360.0,1366.6666259765625,1351.6666259765625,1355.0
2018-11-09,1353.3333740234375,1373.3333740234375,1353.3333740234375,1365.0
2018-11-12,1373.3333740234375,1378.3333740234375,1366.6666259765625,1371.6666259765625
2018-11-13,1373.3333740234375,1373.3333740234375,1356.6666259765625,1360.0
2018-11-14,1366.6666259765625,1373.3333740234375,1356.6666259765625,1363.3333740234375
2018-11-15,1366.6666259765625,1373.3333740234375,1360.0,1360.0
2018-11-16,1370.0,1373.3333740234375,1358.3333740234375,1360.0
2018-11-19,1360.0,1373.3333740234375,1360.0,1363.3333740234375
2018-11-20,1375.0,1375.0,1363.3333740234375,1363.3333740234375
2018-11-21,1353.3333740234375,1355.0,1341.6666259765625,1353.3333740234375
2018-11-22,1353.3333740234375,1375.0,1346.6666259765625,1363.3333740234375
2018-11-23,1363.3333740234375,1363.3333740234375,1363.3333740234375,1363.3333740234375
2018-11-26,1373.3333740234375,1381.6666259765625,1358.3333740234375,1360.0
2018-11-27,1361.6666259765625,1370.0,1353.3333740234375,1363.3333740234375
2018-11-28,1363.3333740234375,1373.3333740234375,1360.0,1361.6666259765625
2018-11-29,1373.3333740234375,1373.3333740234375,1356.6666259765625,1365.0
2018-11-30,1373.3333740234375,1373.3333740234375,1356.6666259765625,1366.6666259765625
2018-12-03,1366.6666259765625,1385.0,1366.6666259765625,1385.0
2018-12-04,1385.0,1385.0,1371.6666259765625,1371.6666259765625
2018-12-05,1368.3333740234375,1370.0,1338.3333740234375,1341.6666259765625
2018-12-06,1343.3333740234375,1345.0,1315.0,1315.0
2018-12-07,1316.6666259765625,1325.0,1313.3333740234375,1313.3333740234375
2018-12-10,1313.3333740234375,1313.3333740234375,1293.3333740234375,1301.6666259765625
2018-12-11,1311.6666259765625,1311.6666259765625,1288.3333740234375,1293.3333740234375
2018-12-12,1293.3333740234375,1300.0,1288.3333740234375,1296.6666259765625
2018-12-13,1296.6666259765625,1318.3333740234375,1296.6666259765625,1313.3333740234375
2018-12-14,1295.0,1306.6666259765625,1295.0,1298.3333740234375
2018-12-17,1298.3333740234375,1301.6666259765625,1288.3333740234375,1295.0
2018-12-18,1288.3333740234375,1288.3333740234375,1260.0,1260.0
2018-12-19,1260.0,1263.3333740234375,1240.0,1241.6666259765625
2018-12-20,1236.6666259765625,1238.3333740234375,1196.6666259765625,1215.0
2018-12-21,1200.0,1203.3333740234375,1175.0,1203.3333740234375
2018-12-24,1203.3333740234375,1203.3333740234375,1203.3333740234375,1203.3333740234375
2018-12-25,1086.6666259765625,1146.6666259765625,1085.0,1113.3333740234375
2018-12-26,1113.3333740234375,1175.0,1113.3333740234375,1175.0
2018-12-27,1268.3333740234375,1268.3333740234375,1205.0,1221.6666259765625
2018-12-28,1261.6666259765625,1261.6666259765625,1221.6666259765625,1231.6666259765625
2018-12-31,1231.6666259765625,1231.6666259765625,1231.6666259765625,1231.6666259765625
2019-01-04,1211.6666259765625,1223.3333740234375,1196.6666259765625,1203.3333740234375
2019-01-07,1226.6666259765625,1228.3333740234375,1190.0,1200.0
2019-01-08,1193.3333740234375,1208.3333740234375,1175.0,1208.3333740234375
2019-01-09,1203.3333740234375,1203.3333740234375,1188.3333740234375,1188.3333740234375
2019-01-10,1188.3333740234375,1191.6666259765625,1173.3333740234375,1185.0
2019-01-11,1183.3333740234375,1183.3333740234375,1166.6666259765625,1168.3333740234375
2019-01-15,1168.3333740234375,1191.6666259765625,1168.3333740234375,1191.6666259765625
2019-01-16,1175.0,1185.0,1166.6666259765625,1171.6666259765625
2019-01-17,1171.6666259765625,1183.3333740234375,1166.6666259765625,1168.3333740234375
2019-01-18,1168.3333740234375,1181.6666259765625,1168.3333740234375,1171.6666259765625
2019-01-21,1183.3333740234375,1186.6666259765625,1175.0,1180.0
2019-01-22,1190.0,1198.3333740234375,1178.3333740234375,1193.3333740234375
2019-01-23,1188.3333740234375,1190.0,1180.0,1183.3333740234375
2019-01-24,1190.0,1193.3333740234375,1183.3333740234375,1191.6666259765625
2019-01-25,1185.0,1213.3333740234375,1183.3333740234375,1208.3333740234375
2019-01-28,1208.3333740234375,1208.3333740234375,1190.0,1191.6666259765625
2019-01-29,1190.0,1191.6666259765625,1183.3333740234375,1190.0
2019-01-30,1200.0,1200.0,1183.3333740234375,1183.3333740234375
2019-01-31,1185.0,1201.6666259765625,1185.0,1198.3333740234375
2019-02-01,1191.6666259765625,1198.3333740234375,1185.0,1185.0
2019-02-04,1198.3333740234375,1198.3333740234375,1190.0,1198.3333740234375
2019-02-05,1198.3333740234375,1211.6666259765625,1191.6666259765625,1206.6666259765625
2019-02-06,1201.6666259765625,1208.3333740234375,1185.0,1185.0
2019-02-07,1190.0,1190.0,1185.0,1186.6666259765625
2019-02-08,1186.6666259765625,1196.6666259765625,1183.3333740234375,1191.6666259765625
2019-02-12,1196.6666259765625,1211.6666259765625,1196.6666259765625,1206.6666259765625
2019-02-13,1206.6666259765625,1216.6666259765625,1203.3333740234375,1213.3333740234375
2019-02-14,1208.3333740234375,1223.3333740234375,1203.3333740234375,1203.3333740234375
2019-02-15,1210.0,1210.0,1191.6666259765625,1205.0
2019-02-18,1228.3333740234375,1231.6666259765625,1210.0,1231.6666259765625
2019-02-19,1225.0,1235.0,1220.0,1225.0
2019-02-20,1226.6666259765625,1240.0,1226.6666259765625,1228.3333740234375
2019-02-21,1228.3333740234375,1236.6666259765625,1220.0,1225.0
2019-02-22,1216.6666259765625,1225.0,1216.6666259765625,1221.6666259765625
2019-02-25,1221.6666259765625,1226.6666259765625,1216.6666259765625,1221.6666259765625
2019-02-26,1221.6666259765625,1225.0,1210.0,1215.0
2019-02-27,1208.3333740234375,1225.0,1208.3333740234375,1218.3333740234375
2019-02-28,1216.6666259765625,1216.6666259765625,1210.0,1216.6666259765625
2019-03-01,1211.6666259765625,1223.3333740234375,1211.6666259765625,1221.6666259765625
2019-03-04,1221.6666259765625,1225.0,1216.6666259765625,1220.0
2019-03-05,1211.6666259765625,1223.3333740234375,1211.6666259765625,1220.0
2019-03-06,1196.6666259765625,1205.0,1191.6666259765625,1200.0
2019-03-07,1196.6666259765625,1208.3333740234375,1195.0,1208.3333740234375
2019-03-08,1200.0,1205.0,1196.6666259765625,1203.3333740234375
2019-03-11,1200.0,1205.0,1196.6666259765625,1201.6666259765625
2019-03-12,1203.3333740234375,1213.3333740234375,1203.3333740234375,1211.6666259765625
2019-03-13,1210.0,1218.3333740234375,1208.3333740234375,1215.0
2019-03-14,1213.3333740234375,1218.3333740234375,1203.3333740234375,1211.6666259765625
2019-03-15,1215.0,1223.3333740234375,1215.0,1218.3333740234375
2019-03-18,1215.0,1238.3333740234375,1208.3333740234375,1236.6666259765625
2019-03-19,1241.6666259765625,1253.3333740234375,1225.0,1250.0
2019-03-20,1253.3333740234375,1261.6666259765625,1235.0,1243.3333740234375
2019-03-22,1243.3333740234375,1256.6666259765625,1240.0,1253.3333740234375
2019-03-25,1245.0,1248.3333740234375,1238.3333740234375,1246.6666259765625
2019-03-26,1250.0,1256.6666259765625,1245.0,1246.6666259765625
2019-03-27,1220.0,1221.6666259765625,1196.6666259765625,1211.6666259765625
2019-03-28,1200.0,1200.0,1186.6666259765625,1190.0
2019-03-29,1181.6666259765625,1181.6666259765625,1163.3333740234375,1163.3333740234375
2019-04-01,1170.0,1203.3333740234375,1170.0,1200.0
2019-04-02,1198.3333740234375,1201.6666259765625,1163.3333740234375,1166.6666259765625
2019-04-03,1158.3333740234375,1163.3333740234375,1121.6666259765625,1163.3333740234375
2019-04-04,1168.3333740234375,1203.3333740234375,1153.3333740234375,1200.0
2019-04-05,1186.6666259765625,1186.6666259765625,1153.3333740234375,1165.0
2019-04-08,1165.0,1170.0,1150.0,1150.0
2019-04-09,1151.6666259765625,1151.6666259765625,1141.6666259765625,1143.3333740234375
2019-04-10,1136.6666259765625,1141.6666259765625,1130.0,1136.6666259765625
2019-04-11,1135.0,1135.0,1123.3333740234375,1126.6666259765625
2019-04-12,1131.6666259765625,1143.3333740234375,1126.6666259765625,1141.6666259765625
2019-04-15,1150.0,1158.3333740234375,1143.3333740234375,1153.3333740234375
2019-04-16,1150.0,1156.6666259765625,1148.3333740234375,1151.6666259765625
2019-04-17,1151.6666259765625,1178.3333740234375,1151.6666259765625,1176.6666259765625
2019-04-18,1176.6666259765625,1176.6666259765625,1158.3333740234375,1166.6666259765625
2019-04-19,1166.6666259765625,1173.3333740234375,1156.6666259765625,1156.6666259765625
2019-04-22,1156.6666259765625,1173.3333740234375,1151.6666259765625,1173.3333740234375
2019-04-23,1171.6666259765625,1175.0,1166.6666259765625,1175.0
2019-04-24,1175.0,1178.3333740234375,1158.3333740234375,1158.3333740234375
2019-04-25,1160.0,1161.6666259765625,1153.3333740234375,1156.6666259765625
2019-04-26,1158.3333740234375,1158.3333740234375,1143.3333740234375,1155.0
2019-05-07,1153.3333740234375,1161.6666259765625,1151.6666259765625,1153.3333740234375
2019-05-08,1155.0,1156.6666259765625,1138.3333740234375,1140.0
2019-05-09,1140.0,1140.0,1126.6666259765625,1135.0
2019-05-10,1135.0,1145.0,1123.3333740234375,1123.3333740234375
2019-05-13,1123.3333740234375,1128.3333740234375,1110.0,1111.6666259765625
2019-05-14,1111.6666259765625,1118.3333740234375,1101.6666259765625,1105.0
2019-05-15,1113.3333740234375,1113.3333740234375,1100.0,1105.0
2019-05-16,1105.0,1108.3333740234375,1100.0,1101.6666259765625
2019-05-17,1113.3333740234375,1121.6666259765625,1113.3333740234375,1120.0
2019-05-20,1131.6666259765625,1133.3333740234375,1123.3333740234375,1133.3333740234375
2019-05-21,1133.3333740234375,1133.3333740234375,1121.6666259765625,1125.0
2019-05-22,1130.0,1135.0,1121.6666259765625,1125.0
2019-05-23,1131.6666259765625,1136.6666259765625,1120.0,1120.0
2019-05-24,1116.6666259765625,1136.6666259765625,1111.6666259765625,1130.0
2019-05-27,1131.6666259765625,1141.6666259765625,1131.6666259765625,1136.6666259765625
2019-05-28,1141.6666259765625,1143.3333740234375,1125.0,1126.6666259765625
2019-05-29,1130.0,1135.0,1116.6666259765625,1125.0
2019-05-30,1121.6666259765625,1133.3333740234375,1121.6666259765625,1130.0
2019-05-31,1130.0,1130.0,1106.6666259765625,1106.6666259765625
2019-06-03,1105.0,1110.0,1096.6666259765625,1100.0
2019-06-04,1100.0,1105.0,1091.6666259765625,1105.0
2019-06-05,1105.0,1118.3333740234375,1105.0,1111.6666259765625
2019-06-06,1113.3333740234375,1125.0,1111.6666259765625,1118.3333740234375
2019-06-07,1120.0,1136.6666259765625,1108.3333740234375,1131.6666259765625
2019-06-10,1130.0,1135.0,1128.3333740234375,1131.6666259765625
2019-06-11,1131.6666259765625,1163.3333740234375,1131.6666259765625,1163.3333740234375
2019-06-12,1158.3333740234375,1165.0,1148.3333740234375,1163.3333740234375
2019-06-13,1158.3333740234375,1161.6666259765625,1141.6666259765625,1158.3333740234375
2019-06-14,1161.6666259765625,1161.6666259765625,1153.3333740234375,1161.6666259765625
2019-06-17,1156.6666259765625,1163.3333740234375,1151.6666259765625,1153.3333740234375
2019-06-18,1155.0,1155.0,1138.3333740234375,1145.0
2019-06-19,1145.0,1153.3333740234375,1145.0,1145.0
2019-06-20,1148.3333740234375,1155.0,1146.6666259765625,1153.3333740234375
2019-06-21,1153.3333740234375,1153.3333740234375,1135.0,1135.0
2019-06-24,1140.0,1145.0,1135.0,1140.0
2019-06-25,1145.0,1145.0,1121.6666259765625,1125.0
2019-06-26,1133.3333740234375,1133.3333740234375,1121.6666259765625,1126.6666259765625
2019-06-27,1126.6666259765625,1138.3333740234375,1121.6666259765625,1138.3333740234375
2019-06-28,1141.6666259765625,1141.6666259765625,1118.3333740234375,1118.3333740234375
2019-07-01,1123.3333740234375,1141.6666259765625,1123.3333740234375,1141.6666259765625
2019-07-02,1136.6666259765625,1156.6666259765625,1133.3333740234375,1153.3333740234375
2019-07-03,1143.3333740234375,1176.6666259765625,1143.3333740234375,1176.6666259765625
2019-07-04,1176.6666259765625,1191.6666259765625,1176.6666259765625,1190.0
2019-07-05,1190.0,1190.0,1183.3333740234375,1190.0
2019-07-08,1191.6666259765625,1191.6666259765625,1183.3333740234375,1185.0
2019-07-09,1180.0,1180.0,1171.6666259765625,1180.0
2019-07-10,1180.0,1183.3333740234375,1166.6666259765625,1175.0
2019-07-11,1175.0,1186.6666259765625,1175.0,1183.3333740234375
2019-07-12,1190.0,1190.0,1180.0,1186.6666259765625
2019-07-16,1183.3333740234375,1186.6666259765625,1170.0,1180.0
2019-07-17,1178.3333740234375,1186.6666259765625,1175.0,1181.6666259765625
2019-07-18,1181.6666259765625,1183.3333740234375,1163.3333740234375,1165.0
2019-07-19,1165.0,1176.6666259765625,1165.0,1165.0
2019-07-22,1175.0,1175.0,1153.3333740234375,1161.6666259765625
2019-07-23,1161.6666259765625,1166.6666259765625,1161.6666259765625,1165.0
2019-07-24,1156.6666259765625,1166.6666259765625,1150.0,1166.6666259765625
2019-07-25,1168.3333740234375,1170.0,1160.0,1163.3333740234375
2019-07-26,1163.3333740234375,1168.3333740234375,1160.0,1163.3333740234375
2019-07-29,1161.6666259765625,1165.0,1156.6666259765625,1165.0
2019-07-30,1165.0,1168.3333740234375,1163.3333740234375,1168.3333740234375
2019-07-31,1170.0,1170.0,1155.0,1155.0
2019-08-01,1155.0,1168.3333740234375,1155.0,1160.0
2019-08-02,1160.0,1160.0,1136.6666259765625,1143.3333740234375
2019-08-05,1133.3333740234375,1153.3333740234375,1121.6666259765625,1130.0
2019-08-06,1106.6666259765625,1133.3333740234375,1101.6666259765625,1128.3333740234375
2019-08-07,1128.3333740234375,1141.6666259765625,1128.3333740234375,1133.3333740234375
2019-08-08,1133.3333740234375,1151.6666259765625,1128.3333740234375,1128.3333740234375
2019-08-09,1133.3333740234375,1133.3333740234375,1126.6666259765625,1128.3333740234375
2019-08-13,1121.6666259765625,1133.3333740234375,1116.6666259765625,1128.3333740234375
2019-08-14,1140.0,1140.0,1121.6666259765625,1133.3333740234375
2019-08-15,1128.3333740234375,1135.0,1123.3333740234375,1123.3333740234375
2019-08-16,1133.3333740234375,1133.3333740234375,1125.0,1126.6666259765625
2019-08-19,1123.3333740234375,1130.0,1120.0,1128.3333740234375
2019-08-20,1123.3333740234375,1128.3333740234375,1120.0,1123.3333740234375
2019-08-21,1120.0,1128.3333740234375,1116.6666259765625,1118.3333740234375
2019-08-22,1118.3333740234375,1125.0,1113.3333740234375,1118.3333740234375
2019-08-23,1118.3333740234375,1126.6666259765625,1115.0,1118.3333740234375
2019-08-26,1111.6666259765625,1116.6666259765625,1110.0,1111.6666259765625
2019-08-27,1110.0,1118.3333740234375,1110.0,1110.0
2019-08-28,1110.0,1116.6666259765625,1110.0,1111.6666259765625
2019-08-29,1110.0,1118.3333740234375,1108.3333740234375,1110.0
2019-08-30,1111.6666259765625,1116.6666259765625,1108.3333740234375,1116.6666259765625
2019-09-02,1113.3333740234375,1116.6666259765625,1111.6666259765625,1113.3333740234375
2019-09-03,1116.6666259765625,1120.0,1111.6666259765625,1118.3333740234375
2019-09-04,1113.3333740234375,1120.0,1110.0,1113.3333740234375
2019-09-05,1118.3333740234375,1123.3333740234375,1115.0,1123.3333740234375
2019-09-06,1123.3333740234375,1128.3333740234375,1123.3333740234375,1125.0
2019-09-09,1128.3333740234375,1128.3333740234375,1121.6666259765625,1126.6666259765625
2019-09-10,1126.6666259765625,1130.0,1123.3333740234375,1130.0
2019-09-11,1130.0,1133.3333740234375,1123.3333740234375,1128.3333740234375
2019-09-12,1133.3333740234375,1165.0,1133.3333740234375,1163.3333740234375
2019-09-13,1160.0,1160.0,1150.0,1156.6666259765625
2019-09-17,1155.0,1165.0,1150.0,1163.3333740234375
2019-09-18,1163.3333740234375,1163.3333740234375,1150.0,1151.6666259765625
2019-09-19,1146.6666259765625,1165.0,1146.6666259765625,1160.0
2019-09-20,1156.6666259765625,1163.3333740234375,1156.6666259765625,1163.3333740234375
2019-09-24,1166.6666259765625,1171.6666259765625,1165.0,1170.0
2019-09-25,1168.3333740234375,1168.3333740234375,1161.6666259765625,1166.6666259765625
2019-09-26,1166.6666259765625,1173.3333740234375,1161.6666259765625,1173.3333740234375
2019-09-27,1151.6666259765625,1163.3333740234375,1150.0,1151.6666259765625
2019-09-30,1161.6666259765625,1161.6666259765625,1150.0,1153.3333740234375
2019-10-01,1153.3333740234375,1158.3333740234375,1148.3333740234375,1158.3333740234375
2019-10-02,1140.0,1158.3333740234375,1140.0,1148.3333740234375
2019-10-03,1133.3333740234375,1135.0,1130.0,1130.0
2019-10-04,1131.6666259765625,1148.3333740234375,1125.0,1148.3333740234375
2019-10-07,1135.0,1140.0,1130.0,1130.0
2019-10-08,1145.0,1145.0,1131.6666259765625,1143.3333740234375
2019-10-09,1143.3333740234375,1151.6666259765625,1131.6666259765625,1151.6666259765625
2019-10-10,1150.0,1150.0,1138.3333740234375,1145.0
2019-10-11,1141.6666259765625,1143.3333740234375,1131.6666259765625,1136.6666259765625
2019-10-15,1148.3333740234375,1148.3333740234375,1135.0,1138.3333740234375
2019-10-16,1148.3333740234375,1150.0,1143.3333740234375,1148.3333740234375
2019-10-17,1150.0,1155.0,1143.3333740234375,1145.0
2019-10-18,1138.3333740234375,1143.3333740234375,1130.0,1136.6666259765625
2019-10-21,1133.3333740234375,1136.6666259765625,1133.3333740234375,1135.0
2019-10-23,1138.3333740234375,1138.3333740234375,1133.3333740234375,1133.3333740234375
2019-10-24,1133.3333740234375,1141.6666259765625,1133.3333740234375,1136.6666259765625
2019-10-25,1138.3333740234375,1145.0,1138.3333740234375,1143.3333740234375
2019-10-28,1143.3333740234375,1145.0,1131.6666259765625,1135.0
2019-10-29,1145.0,1145.0,1136.6666259765625,1138.3333740234375
2019-10-30,1140.0,1145.0,1140.0,1143.3333740234375
2019-10-31,1148.3333740234375,1148.3333740234375,1141.6666259765625,1145.0
2019-11-01,1146.6666259765625,1148.3333740234375,1141.6666259765625,1145.0
2019-11-05,1151.6666259765625,1158.3333740234375,1150.0,1155.0
2019-11-06,1161.6666259765625,1161.6666259765625,1146.6666259765625,1160.0
2019-11-07,1158.3333740234375,1176.6666259765625,1158.3333740234375,1176.6666259765625
2019-11-08,1178.3333740234375,1185.0,1173.3333740234375,1173.3333740234375
2019-11-11,1173.3333740234375,1180.0,1166.6666259765625,1176.6666259765625
2019-11-12,1176.6666259765625,1181.6666259765625,1175.0,1176.6666259765625
2019-11-13,1173.3333740234375,1183.3333740234375,1173.3333740234375,1183.3333740234375
2019-11-14,1186.6666259765625,1196.6666259765625,1173.3333740234375,1173.3333740234375
2019-11-15,1188.3333740234375,1193.3333740234375,1180.0,1186.6666259765625
2019-11-18,1188.3333740234375,1191.6666259765625,1183.3333740234375,1188.3333740234375
2019-11-19,1191.6666259765625,1191.6666259765625,1180.0,1181.6666259765625
2019-11-20,1190.0,1191.6666259765625,1171.6666259765625,1191.6666259765625
2019-11-21,1191.6666259765625,1191.6666259765625,1176.6666259765625,1188.3333740234375
2019-11-22,1188.3333740234375,1190.0,1181.6666259765625,1188.3333740234375
2019-11-25,1193.3333740234375,1195.0,1185.0,1193.3333740234375
2019-11-26,1193.3333740234375,1220.0,1193.3333740234375,1213.3333740234375
2019-11-27,1213.3333740234375,1236.6666259765625,1210.0,1233.3333740234375
2019-11-28,1233.3333740234375,1233.3333740234375,1211.6666259765625,1231.6666259765625
2019-11-29,1230.0,1230.0,1218.3333740234375,1220.0
2019-12-02,1220.0,1220.0,1213.3333740234375,1215.0
2019-12-03,1215.0,1226.6666259765625,1208.3333740234375,1220.0
2019-12-04,1220.0,1223.3333740234375,1215.0,1223.3333740234375
2019-12-05,1231.6666259765625,1256.6666259765625,1228.3333740234375,1253.3333740234375
2019-12-06,1250.0,1250.0,1238.3333740234375,1246.6666259765625
2019-12-09,1238.3333740234375,1240.0,1230.0,1235.0
2019-12-10,1245.0,1245.0,1226.6666259765625,1233.3333740234375
2019-12-11,1241.6666259765625,1241.6666259765625,1220.0,1220.0
2019-12-12,1220.0,1221.6666259765625,1211.6666259765625,1211.6666259765625
2019-12-13,1231.6666259765625,1231.6666259765625,1215.0,1221.6666259765625
2019-12-16,1223.3333740234375,1240.0,1221.6666259765625,1235.0
2019-12-17,1228.3333740234375,1241.6666259765625,1226.6666259765625,1241.6666259765625
2019-12-18,1241.6666259765625,1241.6666259765625,1228.3333740234375,1238.3333740234375
2019-12-19,1231.6666259765625,1238.3333740234375,1223.3333740234375,1231.6666259765625
2019-12-20,1228.3333740234375,1236.6666259765625,1223.3333740234375,1233.3333740234375
2019-12-23,1226.6666259765625,1230.0,1221.6666259765625,1225.0
2019-12-24,1223.3333740234375,1226.6666259765625,1221.6666259765625,1225.0
2019-12-25,1220.0,1223.3333740234375,1210.0,1210.0
2019-12-26,1205.0,1220.0,1205.0,1220.0
2019-12-27,1218.3333740234375,1245.0,1218.3333740234375,1243.3333740234375
2019-12-30,1243.3333740234375,1251.6666259765625,1225.0,1251.6666259765625
2020-01-06,1220.0,1240.0,1220.0,1228.3333740234375
2020-01-07,1218.3333740234375,1238.3333740234375,1213.3333740234375,1238.3333740234375
2020-01-08,1236.6666259765625,1236.6666259765625,1218.3333740234375,1225.0
2020-01-09,1230.0,1238.3333740234375,1228.3333740234375,1231.6666259765625
2020-01-10,1231.6666259765625,1241.6666259765625,1223.3333740234375,1223.3333740234375
2020-01-14,1225.0,1230.0,1223.3333740234375,1230.0
2020-01-15,1231.6666259765625,1233.3333740234375,1223.3333740234375,1225.0
2020-01-16,1235.0,1235.0,1223.3333740234375,1223.3333740234375
2020-01-17,1230.0,1230.0,1223.3333740234375,1223.3333740234375
2020-01-20,1225.0,1235.0,1225.0,1231.6666259765625
2020-01-21,1236.6666259765625,1236.6666259765625,1225.0,1228.3333740234375
2020-01-22,1230.0,1230.0,1223.3333740234375,1223.3333740234375
2020-01-23,1226.6666259765625,1226.6666259765625,1218.3333740234375,1218.3333740234375
2020-01-24,1220.0,1225.0,1216.6666259765625,1223.3333740234375
2020-01-27,1216.6666259765625,1221.6666259765625,1210.0,1213.3333740234375
2020-01-28,1210.0,1210.0,1200.0,1200.0
2020-01-29,1216.6666259765625,1216.6666259765625,1183.3333740234375,1183.3333740234375
2020-01-30,1198.3333740234375,1198.3333740234375,1168.3333740234375,1181.6666259765625
2020-01-31,1168.3333740234375,1180.0,1168.3333740234375,1170.0
2020-02-03,1163.3333740234375,1165.0,1150.0,1150.0
2020-02-04,1150.0,1161.6666259765625,1146.6666259765625,1155.0
2020-02-05,1158.3333740234375,1173.3333740234375,1158.3333740234375,1161.6666259765625
2020-02-06,1166.6666259765625,1188.3333740234375,1166.6666259765625,1183.3333740234375
2020-02-07,1183.3333740234375,1185.0,1175.0,1175.0
2020-02-10,1175.0,1185.0,1173.3333740234375,1181.6666259765625
2020-02-12,1181.6666259765625,1188.3333740234375,1181.6666259765625,1181.6666259765625
2020-02-13,1186.6666259765625,1193.3333740234375,1180.0,1193.3333740234375
2020-02-14,1186.6666259765625,1191.6666259765625,1178.3333740234375,1185.0
2020-02-17,1185.0,1186.6666259765625,1175.0,1175.0
2020-02-18,1180.0,1180.0,1161.6666259765625,1161.6666259765625
2020-02-19,1153.3333740234375,1161.6666259765625,1146.6666259765625,1148.3333740234375
2020-02-20,1155.0,1155.0,1136.6666259765625,1138.3333740234375
2020-02-21,1136.6666259765625,1140.0,1135.0,1140.0
2020-02-25,1106.6666259765625,1116.6666259765625,1098.3333740234375,1108.3333740234375
2020-02-26,1100.0,1108.3333740234375,1091.6666259765625,1108.3333740234375
2020-02-27,1100.0,1111.6666259765625,1085.0,1085.0
2020-02-28,1066.6666259765625,1066.6666259765625,1020.0,1020.0
2020-03-02,1016.6666870117188,1065.0,1011.6666870117188,1051.6666259765625
2020-03-03,1075.0,1078.3333740234375,1043.3333740234375,1043.3333740234375
2020-03-04,1038.3333740234375,1058.3333740234375,1030.0,1043.3333740234375
2020-03-05,1055.0,1055.0,1036.6666259765625,1041.6666259765625
2020-03-06,1030.0,1035.0,1010.0,1010.0
2020-03-09,1000.0,1000.0,966.6666870117188,976.0
2020-03-10,950.0,991.6666870117188,920.3333129882812,978.6666870117188
2020-03-11,980.0,998.6666870117188,963.3333129882812,963.3333129882812
2020-03-12,950.3333129882812,955.6666870117188,916.0,935.3333129882812
2020-03-13,900.0,914.3333129882812,858.0,893.0
2020-03-16,916.6666870117188,933.0,869.3333129882812,870.3333129882812
2020-03-17,866.6666870117188,912.0,850.0,908.0
2020-03-18,933.3333129882812,953.6666870117188,915.0,930.3333129882812
2020-03-19,947.0,983.0,934.6666870117188,982.6666870117188
2020-03-23,1040.0,1048.3333740234375,983.3333129882812,1021.6666870117188
2020-03-24,1043.3333740234375,1046.6666259765625,1006.6666870117188,1028.3333740234375
2020-03-25,1058.3333740234375,1058.3333740234375,1028.3333740234375,1056.6666259765625
2020-03-26,1055.0,1083.3333740234375,1021.6666870117188,1083.3333740234375
2020-03-27,1083.3333740234375,1093.3333740234375,1063.3333740234375,1073.3333740234375
2020-03-30,1033.3333740234375,1033.3333740234375,985.3333129882812,1016.6666870117188
2020-03-31,1016.6666870117188,1021.6666870117188,990.0,994.6666870117188
2020-04-01,983.3333129882812,983.3333129882812,940.0,940.0
2020-04-02,933.0,933.0,873.3333129882812,873.3333129882812
2020-04-03,873.3333129882812,894.3333129882812,840.6666870117188,850.0
2020-04-06,839.0,877.0,834.0,873.3333129882812
2020-04-07,899.6666870117188,905.3333129882812,869.0,893.0
2020-04-08,896.3333129882812,963.3333129882812,892.3333129882812,954.3333129882812
2020-04-09,945.0,961.6666870117188,925.3333129882812,934.6666870117188
2020-04-10,934.6666870117188,940.0,923.0,930.3333129882812
2020-04-13,930.0,955.0,909.3333129882812,923.6666870117188
2020-04-14,927.6666870117188,930.3333129882812,917.0,918.3333129882812
2020-04-15,935.0,939.3333129882812,916.6666870117188,936.6666870117188
2020-04-16,914.3333129882812,914.3333129882812,905.0,910.3333129882812
2020-04-17,910.3333129882812,930.0,902.0,926.6666870117188
2020-04-20,917.3333129882812,941.0,917.3333129882812,925.0
2020-04-21,908.3333129882812,931.3333129882812,908.3333129882812,915.0
2020-04-22,915.0,916.0,899.3333129882812,902.3333129882812
2020-04-23,916.6666870117188,920.0,899.3333129882812,905.3333129882812
2020-04-24,905.3333129882812,908.6666870117188,899.0,908.6666870117188
2020-04-27,908.6666870117188,927.6666870117188,905.6666870117188,927.6666870117188
2020-04-28,933.3333129882812,943.0,929.3333129882812,942.3333129882812
2020-04-30,959.0,960.0,945.0,945.0
2020-05-01,945.0,961.6666870117188,935.3333129882812,946.3333129882812
2020-05-07,933.6666870117188,950.6666870117188,927.6666870117188,935.3333129882812
2020-05-08,949.3333129882812,969.6666870117188,942.3333129882812,963.6666870117188
2020-05-11,985.6666870117188,1028.3333740234375,982.0,1028.3333740234375
2020-05-12,1033.3333740234375,1035.0,1023.3333129882812,1025.0
2020-05-13,1001.6666870117188,1021.6666870117188,1001.6666870117188,1018.3333129882812
2020-05-14,1018.3333129882812,1026.6666259765625,999.0,1005.0
2020-05-15,1021.6666870117188,1021.6666870117188,998.3333129882812,1006.6666870117188
2020-05-18,1010.0,1018.3333129882812,977.3333129882812,1005.0
2020-05-19,1018.3333129882812,1018.3333129882812,993.3333129882812,1000.0
2020-05-20,996.6666870117188,1021.6666870117188,996.6666870117188,1021.6666870117188
2020-05-21,1026.6666259765625,1028.3333740234375,1010.0,1028.3333740234375
2020-05-22,1028.3333740234375,1030.0,1011.6666870117188,1018.3333129882812
2020-05-25,1028.3333740234375,1048.3333740234375,1028.3333740234375,1048.3333740234375
2020-05-26,1095.0,1095.0,1071.6666259765625,1076.6666259765625
2020-05-27,1070.0,1073.3333740234375,1058.3333740234375,1058.3333740234375
2020-05-28,1048.3333740234375,1071.6666259765625,1048.3333740234375,1071.6666259765625
2020-05-29,1085.0,1085.0,1056.6666259765625,1056.6666259765625
2020-06-01,1088.3333740234375,1088.3333740234375,1056.6666259765625,1061.6666259765625
2020-06-02,1075.0,1075.0,1051.6666259765625,1070.0
2020-06-03,1075.0,1075.0,1060.0,1068.3333740234375
2020-06-04,1068.3333740234375,1073.3333740234375,1058.3333740234375,1070.0
2020-06-05,1073.3333740234375,1083.3333740234375,1066.6666259765625,1083.3333740234375
2020-06-08,1083.3333740234375,1083.3333740234375,1070.0,1080.0
2020-06-09,1066.6666259765625,1078.3333740234375,1065.0,1075.0
2020-06-10,1083.3333740234375,1083.3333740234375,1068.3333740234375,1076.6666259765625
2020-06-11,1070.0,1070.0,1058.3333740234375,1058.3333740234375
2020-06-12,1035.0,1051.6666259765625,1033.3333740234375,1046.6666259765625
2020-06-15,1046.6666259765625,1046.6666259765625,1010.0,1010.0
2020-06-16,1013.3333129882812,1053.3333740234375,1013.3333129882812,1053.3333740234375
2020-06-17,1051.6666259765625,1051.6666259765625,1035.0,1043.3333740234375
2020-06-18,1065.0,1065.0,1041.6666259765625,1050.0
2020-06-19,1051.6666259765625,1066.6666259765625,1043.3333740234375,1066.6666259765625
2020-06-22,1070.0,1080.0,1066.6666259765625,1068.3333740234375
2020-06-23,1068.3333740234375,1081.6666259765625,1068.3333740234375,1068.3333740234375
2020-06-24,1068.3333740234375,1070.0,1053.3333740234375,1053.3333740234375
2020-06-25,1071.6666259765625,1071.6666259765625,1043.3333740234375,1053.3333740234375
2020-06-26,1053.3333740234375,1053.3333740234375,1046.6666259765625,1053.3333740234375
2020-06-29,1053.3333740234375,1063.3333740234375,1050.0,1055.0
2020-06-30,1066.6666259765625,1066.6666259765625,1058.3333740234375,1058.3333740234375
2020-07-01,1066.6666259765625,1068.3333740234375,1026.6666259765625,1026.6666259765625
2020-07-02,1050.0,1053.3333740234375,995.0,1001.6666870117188
2020-07-03,1000.0,1001.6666870117188,990.3333129882812,994.3333129882812
2020-07-06,1015.0,1015.0,994.6666870117188,998.0
2020-07-07,998.0,1010.0,998.0,999.6666870117188
2020-07-08,999.6666870117188,1005.0,983.3333129882812,983.3333129882812
2020-07-09,983.3333129882812,991.6666870117188,959.3333129882812,959.3333129882812
2020-07-10,946.0,956.6666870117188,933.6666870117188,934.3333129882812
2020-07-13,935.0,945.6666870117188,928.3333129882812,945.6666870117188
2020-07-14,950.3333129882812,957.6666870117188,940.6666870117188,952.6666870117188
2020-07-15,960.3333129882812,975.6666870117188,933.3333129882812,954.6666870117188
2020-07-16,954.6666870117188,954.6666870117188,938.0,938.0
2020-07-17,938.0,940.0,933.3333129882812,933.3333129882812
2020-07-20,933.3333129882812,939.3333129882812,930.0,930.0
2020-07-21,929.0,934.0,921.6666870117188,931.3333129882812
2020-07-22,927.0,933.3333129882812,926.0,926.0
2020-07-27,926.6666870117188,928.0,918.3333129882812,927.6666870117188
2020-07-28,923.6666870117188,925.3333129882812,919.0,919.3333129882812
2020-07-29,917.0,917.0,900.0,900.0
2020-07-30,897.0,897.0,866.6666870117188,867.0
2020-07-31,866.6666870117188,866.6666870117188,837.3333129882812,837.3333129882812
2020-08-03,836.6666870117188,839.6666870117188,835.0,839.6666870117188
2020-08-04,840.0,887.6666870117188,840.0,887.6666870117188
2020-08-05,899.0,899.0,873.6666870117188,889.0
2020-08-06,905.6666870117188,905.6666870117188,883.3333129882812,885.6666870117188
2020-08-07,885.6666870117188,890.6666870117188,882.6666870117188,882.6666870117188
2020-08-11,876.3333129882812,897.6666870117188,876.3333129882812,889.6666870117188
2020-08-12,889.6666870117188,911.0,887.6666870117188,910.6666870117188
2020-08-13,927.3333129882812,927.3333129882812,901.0,916.6666870117188
2020-08-14,932.3333129882812,941.6666870117188,928.3333129882812,932.0
2020-08-17,938.3333129882812,938.3333129882812,914.0,915.0
2020-08-18,931.0,931.0,913.6666870117188,921.3333129882812
2020-08-19,921.3333129882812,922.3333129882812,916.6666870117188,918.0
2020-08-20,920.0,921.6666870117188,916.0,916.0
2020-08-21,913.6666870117188,929.3333129882812,913.6666870117188,929.3333129882812
2020-08-24,929.3333129882812,929.3333129882812,916.6666870117188,917.6666870117188
2020-08-25,917.6666870117188,928.6666870117188,915.0,918.3333129882812
2020-08-26,927.3333129882812,927.6666870117188,916.6666870117188,927.6666870117188
2020-08-27,929.3333129882812,931.6666870117188,925.6666870117188,931.6666870117188
2020-08-28,925.3333129882812,944.0,917.3333129882812,924.0
2020-08-31,926.3333129882812,943.3333129882812,926.3333129882812,935.3333129882812
2020-09-01,943.3333129882812,958.0,942.0,954.3333129882812
2020-09-02,956.6666870117188,966.6666870117188,953.6666870117188,964.6666870117188
2020-09-03,973.0,973.0,953.3333129882812,962.6666870117188
2020-09-04,962.6666870117188,969.6666870117188,962.0,962.6666870117188
2020-09-07,963.3333129882812,991.6666870117188,963.3333129882812,986.6666870117188
2020-09-08,999.0,1005.0,969.3333129882812,997.3333129882812
2020-09-09,995.0,998.6666870117188,974.3333129882812,988.3333129882812
2020-09-10,1005.0,1005.0,989.6666870117188,1003.3333129882812
2020-09-11,1003.3333129882812,1003.3333129882812,985.3333129882812,1001.6666870117188
2020-09-14,1001.6666870117188,1001.6666870117188,988.0,998.0
2020-09-15,999.6666870117188,999.6666870117188,975.0,988.3333129882812
2020-09-16,990.0,990.3333129882812,980.3333129882812,990.3333129882812
2020-09-17,990.3333129882812,995.6666870117188,980.3333129882812,992.0
2020-09-18,992.0,999.3333129882812,986.6666870117188,992.0
2020-09-23,989.3333129882812,1003.3333129882812,984.3333129882812,999.3333129882812
2020-09-24,1000.0,1003.3333129882812,984.3333129882812,992.3333129882812
2020-09-25,993.0,999.6666870117188,981.6666870117188,999.6666870117188
2020-09-28,999.6666870117188,1028.3333740234375,999.6666870117188,1028.3333740234375
2020-09-29,1011.6666870117188,1028.3333740234375,1001.6666870117188,1020.0
2020-09-30,1011.6666870117188,1018.3333129882812,967.3333129882812,977.0
2020-10-02,992.6666870117188,1000.0,947.3333129882812,965.0
2020-10-05,983.0,1018.3333129882812,960.0,1018.3333129882812
2020-10-06,1018.3333129882812,1018.3333129882812,989.6666870117188,1006.6666870117188
2020-10-07,987.6666870117188,1018.3333129882812,987.6666870117188,1018.3333129882812
2020-10-08,1025.0,1028.3333740234375,997.0,1006.6666870117188
2020-10-09,1006.6666870117188,1006.6666870117188,993.3333129882812,1005.0
2020-10-12,1000.0,1010.0,1000.0,1010.0
2020-10-13,1008.3333129882812,1008.3333129882812,998.6666870117188,1000.0
2020-10-14,987.0,996.6666870117188,980.6666870117188,983.3333129882812
2020-10-15,998.3333129882812,998.3333129882812,969.6666870117188,976.0
2020-10-16,991.6666870117188,991.6666870117188,961.6666870117188,980.3333129882812
2020-10-19,989.0,1000.0,960.6666870117188,986.6666870117188
2020-10-20,986.6666870117188,986.6666870117188,970.3333129882812,973.3333129882812
2020-10-21,971.0,982.0,964.6666870117188,967.6666870117188
2020-10-22,983.0,983.0,955.0,960.6666870117188
2020-10-23,957.6666870117188,966.3333129882812,954.3333129882812,961.3333129882812
2020-10-26,971.3333129882812,971.3333129882812,954.0,956.3333129882812
2020-10-27,950.6666870117188,954.3333129882812,947.0,950.0
2020-10-28,954.0,954.0,942.6666870117188,949.3333129882812
2020-10-29,945.6666870117188,945.6666870117188,937.0,941.0
2020-10-30,937.0,946.6666870117188,934.3333129882812,941.3333129882812
2020-11-02,942.6666870117188,970.6666870117188,936.6666870117188,970.6666870117188
2020-11-04,971.6666870117188,981.3333129882812,971.0,981.3333129882812
2020-11-05,981.3333129882812,993.0,966.6666870117188,978.6666870117188
2020-11-06,994.0,994.0,967.6666870117188,971.0
2020-11-09,987.6666870117188,987.6666870117188,960.6666870117188,971.0
2020-11-10,983.0,992.6666870117188,970.0,985.6666870117188
2020-11-11,996.0,999.6666870117188,986.3333129882812,990.6666870117188
2020-11-12,994.6666870117188,998.3333129882812,981.6666870117188,985.3333129882812
2020-11-13,985.3333129882812,987.3333129882812,971.6666870117188,978.6666870117188
2020-11-16,971.0,1000.0,961.3333129882812,983.3333129882812
2020-11-17,981.6666870117188,992.0,971.0,988.3333129882812
2020-11-18,988.3333129882812,989.6666870117188,978.0,981.6666870117188
2020-11-19,973.6666870117188,975.0,967.0,968.0
2020-11-20,966.6666870117188,975.6666870117188,966.6666870117188,975.6666870117188
2020-11-24,976.6666870117188,983.0,967.0,967.0
2020-11-25,967.6666870117188,975.0,960.0,960.0
2020-11-26,960.0,970.0,960.0,966.0
2020-11-27,960.3333129882812,972.6666870117188,960.0,972.6666870117188
2020-11-30,963.6666870117188,966.3333129882812,950.6666870117188,950.6666870117188
2020-12-01,951.0,956.3333129882812,950.6666870117188,951.0
2020-12-02,956.0,960.0,942.3333129882812,950.6666870117188
2020-12-03,959.0,961.6666870117188,949.6666870117188,961.6666870117188
2020-12-04,962.3333129882812,966.6666870117188,955.0,963.6666870117188
2020-12-07,963.6666870117188,966.6666870117188,954.3333129882812,963.3333129882812
2020-12-08,966.6666870117188,969.3333129882812,956.0,959.0
2020-12-09,957.0,965.3333129882812,957.0,965.3333129882812
2020-12-10,966.6666870117188,966.6666870117188,954.3333129882812,960.3333129882812
2020-12-11,957.0,963.0,954.3333129882812,961.6666870117188
2020-12-14,961.6666870117188,964.6666870117188,953.3333129882812,953.3333129882812
2020-12-15,953.6666870117188,960.0,948.3333129882812,954.0
2020-12-16,948.3333129882812,953.3333129882812,943.6666870117188,949.6666870117188
2020-12-17,944.3333129882812,959.6666870117188,944.0,953.3333129882812
2020-12-18,956.3333129882812,956.3333129882812,946.0,949.3333129882812
2020-12-21,947.6666870117188,950.6666870117188,939.6666870117188,950.6666870117188
2020-12-22,950.6666870117188,950.6666870117188,938.3333129882812,940.3333129882812
2020-12-23,937.0,943.6666870117188,935.6666870117188,936.6666870117188
2020-12-24,935.3333129882812,939.3333129882812,934.3333129882812,934.6666870117188
2020-12-25,933.3333129882812,938.0,927.0,930.0
2020-12-28,929.3333129882812,932.6666870117188,916.6666870117188,930.0
2020-12-29,930.0,962.0,930.0,961.3333129882812
2020-12-30,955.3333129882812,965.6666870117188,951.6666870117188,963.0
2021-01-04,961.0,965.6666870117188,934.3333129882812,965.6666870117188
2021-01-05,950.0,973.3333129882812,949.6666870117188,956.0
2021-01-06,966.0,972.0,956.6666870117188,961.3333129882812
2021-01-07,967.6666870117188,968.0,954.3333129882812,958.0
2021-01-08,963.0,973.3333129882812,946.6666870117188,973.3333129882812
2021-01-12,967.0,993.3333129882812,967.0,993.3333129882812
2021-01-13,993.6666870117188,997.6666870117188,986.0,993.3333129882812
2021-01-14,988.0,996.3333129882812,977.6666870117188,989.3333129882812
2021-01-15,989.3333129882812,989.3333129882812,958.3333129882812,971.3333129882812
2021-01-18,969.3333129882812,970.0,951.6666870117188,957.6666870117188
2021-01-19,971.6666870117188,971.6666870117188,951.0,951.0
2021-01-20,951.6666870117188,957.3333129882812,949.0,950.6666870117188
2021-01-21,953.6666870117188,955.3333129882812,943.3333129882812,951.3333129882812
2021-01-22,951.3333129882812,957.0,947.0,950.3333129882812
2021-01-25,962.3333129882812,962.3333129882812,941.0,952.0
2021-01-26,957.0,957.0,944.0,951.0
2021-01-27,960.3333129882812,960.3333129882812,948.0,950.3333129882812
2021-01-28,950.3333129882812,954.6666870117188,946.0,952.0
2021-01-29,962.0,962.0,943.3333129882812,948.3333129882812
2021-02-01,945.3333129882812,953.0,945.0,952.0
2021-02-02,953.3333129882812,959.6666870117188,947.3333129882812,954.3333129882812
2021-02-03,954.3333129882812,968.3333129882812,953.3333129882812,962.3333129882812
2021-02-04,966.3333129882812,966.6666870117188,958.3333129882812,962.6666870117188
2021-02-05,962.6666870117188,973.6666870117188,960.6666870117188,972.0
2021-02-08,994.3333129882812,994.3333129882812,971.6666870117188,983.6666870117188
2021-02-09,990.0,993.0,977.6666870117188,993.0
2021-02-10,987.6666870117188,993.0,983.6666870117188,990.3333129882812
2021-02-12,989.6666870117188,993.6666870117188,989.3333129882812,993.6666870117188
2021-02-15,996.3333129882812,996.3333129882812,991.0,995.0
2021-02-16,995.0,995.0,976.6666870117188,977.0
2021-02-17,978.3333129882812,985.3333129882812,972.6666870117188,981.6666870117188
2021-02-18,984.3333129882812,991.3333129882812,977.6666870117188,980.3333129882812
2021-02-19,980.0,980.3333129882812,956.3333129882812,964.0
2021-02-22,978.3333129882812,982.6666870117188,967.3333129882812,978.0
2021-02-24,977.0,982.0,964.6666870117188,979.6666870117188
2021-02-25,986.6666870117188,991.3333129882812,977.6666870117188,980.6666870117188
2021-02-26,976.6666870117188,991.3333129882812,970.6666870117188,980.0
2021-03-01,989.0,989.0,972.3333129882812,987.0
2021-03-02,988.3333129882812,990.0,970.0,988.3333129882812
2021-03-03,978.6666870117188,996.0,978.6666870117188,996.0
2021-03-04,988.3333129882812,1006.6666870117188,984.3333129882812,1006.6666870117188
2021-03-05,1006.6666870117188,1010.0,990.6666870117188,1010.0
2021-03-08,1010.0,1016.6666870117188,998.3333129882812,1006.6666870117188
2021-03-09,1006.6666870117188,1020.0,994.3333129882812,1020.0
2021-03-10,1015.0,1023.3333129882812,1001.6666870117188,1010.0
2021-03-11,1006.6666870117188,1023.3333129882812,1006.6666870117188,1018.3333129882812
2021-03-12,1018.3333129882812,1021.6666870117188,1008.3333129882812,1021.6666870117188
2021-03-15,1021.6666870117188,1028.3333740234375,1018.3333129882812,1025.0
2021-03-16,1030.0,1078.3333740234375,1026.6666259765625,1073.3333740234375
2021-03-17,1073.3333740234375,1081.6666259765625,1063.3333740234375,1073.3333740234375
2021-03-18,1066.6666259765625,1076.6666259765625,1048.3333740234375,1053.3333740234375
2021-03-19,1053.3333740234375,1075.0,1053.3333740234375,1075.0
2021-03-22,1075.0,1080.0,1070.0,1071.6666259765625
2021-03-23,1070.0,1071.6666259765625,1040.0,1043.3333740234375
2021-03-24,1040.0,1040.0,1015.0,1033.3333740234375
2021-03-25,1033.3333740234375,1056.6666259765625,1030.0,1050.0
2021-03-26,1050.0,1053.3333740234375,1013.3333129882812,1031.6666259765625
2021-03-29,1035.0,1041.6666259765625,1011.6666870117188,1026.6666259765625
2021-03-30,1018.3333129882812,1018.3333129882812,986.6666870117188,993.3333129882812
2021-03-31,992.0,1006.6666870117188,986.0,989.6666870117188
2021-04-01,988.3333129882812,995.3333129882812,969.6666870117188,973.0
2021-04-02,986.0,999.3333129882812,978.0,992.0
2021-04-05,993.6666870117188,993.6666870117188,976.3333129882812,983.3333129882812
2021-04-06,983.6666870117188,992.3333129882812,970.3333129882812,974.6666870117188
2021-04-07,977.0,988.6666870117188,975.0,988.0
2021-04-08,985.6666870117188,985.6666870117188,961.0,968.0
2021-04-09,967.6666870117188,974.6666870117188,964.0,964.6666870117188
2021-04-12,964.6666870117188,972.6666870117188,963.0,967.6666870117188
2021-04-13,969.6666870117188,971.6666870117188,953.6666870117188,953.6666870117188
2021-04-14,953.3333129882812,953.3333129882812,942.0,948.3333129882812
2021-04-15,948.3333129882812,960.6666870117188,940.3333129882812,947.0
2021-04-16,944.0,947.6666870117188,938.3333129882812,944.3333129882812
2021-04-19,941.0,947.0,933.6666870117188,934.3333129882812
2021-04-20,934.0,938.3333129882812,925.0,925.6666870117188
2021-04-21,920.3333129882812,928.0,916.6666870117188,923.0
2021-04-22,922.6666870117188,929.6666870117188,918.0,921.0
2021-04-23,918.6666870117188,929.0,913.3333129882812,919.0
2021-04-26,916.6666870117188,931.0,916.3333129882812,925.3333129882812
2021-04-27,934.6666870117188,942.0,931.0,933.0
2021-04-28,939.6666870117188,941.6666870117188,928.6666870117188,929.3333129882812
2021-04-30,933.0,939.3333129882812,930.6666870117188,935.6666870117188
2021-05-06,935.6666870117188,946.6666870117188,935.6666870117188,942.6666870117188
2021-05-07,940.6666870117188,946.3333129882812,940.3333129882812,944.6666870117188
2021-05-10,945.3333129882812,957.3333129882812,943.6666870117188,954.6666870117188
2021-05-11,951.6666870117188,951.6666870117188,933.6666870117188,936.6666870117188
2021-05-12,935.3333129882812,942.0,923.3333129882812,927.6666870117188
2021-05-13,924.0,924.6666870117188,910.3333129882812,910.3333129882812
2021-05-14,931.0,941.3333129882812,919.6666870117188,937.0
2021-05-17,935.0,939.6666870117188,924.6666870117188,939.6666870117188
2021-05-18,946.0,950.3333129882812,936.6666870117188,942.6666870117188
2021-05-19,937.3333129882812,956.3333129882812,937.3333129882812,956.3333129882812
2021-05-20,959.3333129882812,959.3333129882812,949.3333129882812,949.3333129882812
2021-05-21,949.3333129882812,957.6666870117188,948.3333129882812,952.3333129882812
2021-05-24,961.6666870117188,961.6666870117188,949.6666870117188,955.6666870117188
2021-05-25,955.6666870117188,955.6666870117188,940.0,943.0
2021-05-26,941.3333129882812,960.0,941.3333129882812,955.3333129882812
2021-05-27,956.6666870117188,958.6666870117188,950.0,950.0
2021-05-28,950.0,955.0,948.3333129882812,952.6666870117188
2021-05-31,952.6666870117188,961.6666870117188,951.6666870117188,954.6666870117188
2021-06-01,954.3333129882812,957.6666870117188,940.6666870117188,956.3333129882812
2021-06-02,959.6666870117188,962.3333129882812,954.6666870117188,960.3333129882812
2021-06-03,964.6666870117188,968.3333129882812,960.3333129882812,968.3333129882812
2021-06-04,975.6666870117188,975.6666870117188,965.0,970.3333129882812
2021-06-07,973.3333129882812,973.3333129882812,967.3333129882812,969.0
2021-06-08,970.0,978.6666870117188,970.0,977.3333129882812
2021-06-09,979.3333129882812,996.6666870117188,979.3333129882812,994.0
2021-06-10,998.3333129882812,998.3333129882812,987.0,993.0
2021-06-11,999.6666870117188,999.6666870117188,980.6666870117188,985.3333129882812
2021-06-14,999.3333129882812,999.3333129882812,970.6666870117188,974.0
2021-06-15,985.6666870117188,985.6666870117188,968.3333129882812,973.3333129882812
2021-06-16,981.3333129882812,981.3333129882812,960.0,961.6666870117188
2021-06-17,971.3333129882812,983.0,967.3333129882812,982.0
2021-06-18,983.0,990.0,980.0,986.0
2021-06-21,986.0,986.0,976.0,980.6666870117188
2021-06-22,990.0,990.0,978.3333129882812,983.6666870117188
2021-06-23,982.6666870117188,985.3333129882812,977.6666870117188,983.6666870117188
2021-06-24,983.6666870117188,984.6666870117188,977.3333129882812,983.0
2021-06-25,983.3333129882812,986.6666870117188,978.6666870117188,984.0
2021-06-28,990.0,990.0,983.3333129882812,987.6666870117188
2021-06-29,988.3333129882812,988.3333129882812,978.0,983.6666870117188
2021-06-30,983.6666870117188,983.6666870117188,972.0,972.0
2021-07-01,969.6666870117188,975.3333129882812,968.3333129882812,972.0
2021-07-02,974.0,989.3333129882812,974.0,984.0
2021-07-05,995.0,1010.0,986.3333129882812,986.3333129882812
2021-07-06,987.0,994.3333129882812,985.0,994.0
2021-07-07,994.0,1000.0,987.6666870117188,990.3333129882812
2021-07-08,993.6666870117188,1000.0,984.0,984.0
2021-07-09,980.3333129882812,980.6666870117188,962.0,969.0
2021-07-12,980.6666870117188,981.6666870117188,973.6666870117188,981.6666870117188
2021-07-13,978.0,985.6666870117188,973.6666870117188,981.0
2021-07-14,980.0,986.0,978.3333129882812,979.6666870117188
2021-07-15,996.3333129882812,996.3333129882812,969.0,969.0
2021-07-16,968.3333129882812,975.6666870117188,968.3333129882812,973.3333129882812
2021-07-19,967.6666870117188,967.6666870117188,950.0,950.0
2021-07-20,950.0,957.3333129882812,944.3333129882812,951.0
2021-07-21,967.6666870117188,975.3333129882812,958.0,960.3333129882812
2021-07-26,972.3333129882812,972.3333129882812,962.3333129882812,966.3333129882812
2021-07-27,974.6666870117188,986.6666870117188,966.3333129882812,978.0
2021-07-28,976.6666870117188,979.6666870117188,967.0,967.0
2021-07-29,968.6666870117188,979.0,968.6666870117188,979.0
2021-07-30,970.6666870117188,973.0,964.0,964.0
2021-08-02,964.3333129882812,978.6666870117188,964.3333129882812,966.6666870117188
2021-08-03,967.6666870117188,972.6666870117188,952.3333129882812,953.6666870117188
2021-08-04,951.6666870117188,956.0,949.0,952.0
2021-08-05,955.3333129882812,960.0,949.6666870117188,950.0
2021-08-06,950.0,950.6666870117188,943.3333129882812,946.3333129882812
2021-08-10,950.6666870117188,959.6666870117188,950.6666870117188,956.3333129882812
2021-08-11,960.0,960.3333129882812,957.0,959.6666870117188
2021-08-12,961.6666870117188,966.6666870117188,958.6666870117188,966.6666870117188
2021-08-13,966.6666870117188,966.6666870117188,960.0,966.0
2021-08-16,966.0,966.0,952.3333129882812,954.3333129882812
2021-08-17,959.3333129882812,959.3333129882812,953.0,955.3333129882812
2021-08-18,962.0,962.0,953.6666870117188,953.6666870117188
2021-08-19,953.6666870117188,957.6666870117188,950.0,950.0
2021-08-20,955.6666870117188,955.6666870117188,946.6666870117188,952.3333129882812
2021-08-23,959.0,961.0,954.0,961.0
2021-08-24,963.0,965.6666870117188,959.3333129882812,965.3333129882812
2021-08-25,966.0,966.0,960.3333129882812,960.6666870117188
2021-08-26,965.6666870117188,965.6666870117188,959.3333129882812,963.0
2021-08-27,965.6666870117188,965.6666870117188,962.3333129882812,962.3333129882812
2021-08-30,962.3333129882812,967.6666870117188,961.0,965.6666870117188
2021-08-31,965.6666870117188,972.0,960.6666870117188,962.3333129882812
2021-09-01,961.6666870117188,968.0,961.0,963.3333129882812
2021-09-02,963.3333129882812,969.0,961.6666870117188,969.0
2021-09-03,969.0,974.3333129882812,966.3333129882812,966.3333129882812
2021-09-06,975.0,975.0,965.6666870117188,966.6666870117188
2021-09-07,967.6666870117188,973.3333129882812,965.0,971.6666870117188
2021-09-08,968.3333129882812,972.3333129882812,966.3333129882812,966.3333129882812
2021-09-09,970.0,973.3333129882812,965.6666870117188,973.3333129882812
2021-09-10,967.0,976.0,967.0,976.0
2021-09-13,975.6666870117188,981.6666870117188,967.6666870117188,981.6666870117188
2021-09-14,982.6666870117188,986.6666870117188,971.6666870117188,986.6666870117188
2021-09-15,985.0,985.0,971.0,979.6666870117188
2021-09-16,986.3333129882812,986.3333129882812,968.0,975.3333129882812
2021-09-17,975.3333129882812,978.3333129882812,972.3333129882812,976.0
2021-09-21,971.6666870117188,976.6666870117188,961.6666870117188,975.0
2021-09-22,968.6666870117188,970.0,958.3333129882812,958.3333129882812
2021-09-24,959.0,989.0,959.0,987.3333129882812
2021-09-27,987.3333129882812,989.3333129882812,974.3333129882812,976.6666870117188
2021-09-28,976.6666870117188,983.3333129882812,970.3333129882812,979.3333129882812
2021-09-29,976.3333129882812,976.3333129882812,968.0,970.3333129882812
2021-09-30,978.6666870117188,983.3333129882812,975.6666870117188,976.6666870117188
2021-10-01,978.3333129882812,978.3333129882812,963.3333129882812,969.0
2021-10-04,989.3333129882812,989.3333129882812,973.6666870117188,979.0
2021-10-05,977.3333129882812,977.3333129882812,963.6666870117188,967.3333129882812
2021-10-06,970.3333129882812,971.6666870117188,953.6666870117188,955.0
2021-10-07,956.6666870117188,962.3333129882812,950.6666870117188,950.6666870117188
2021-10-08,966.6666870117188,969.3333129882812,957.3333129882812,967.0
2021-10-11,1013.3333129882812,1015.0,982.0,996.3333129882812
2021-10-12,995.3333129882812,1003.3333129882812,985.0,998.3333129882812
2021-10-13,990.6666870117188,1003.3333129882812,990.6666870117188,1001.6666870117188
2021-10-14,1001.6666870117188,1008.3333129882812,991.6666870117188,1000.0
2021-10-15,1006.6666870117188,1023.3333129882812,1006.6666870117188,1020.0
2021-10-18,1023.3333129882812,1038.3333740234375,1023.3333129882812,1038.3333740234375
2021-10-19,1038.3333740234375,1041.6666259765625,1018.3333129882812,1021.6666870117188
2021-10-20,1021.6666870117188,1031.6666259765625,1011.6666870117188,1011.6666870117188
2021-10-21,1023.3333129882812,1023.3333129882812,1005.0,1011.6666870117188
2021-10-22,1011.6666870117188,1031.6666259765625,1010.0,1021.6666870117188
2021-10-25,1028.3333740234375,1028.3333740234375,1013.3333129882812,1020.0
2021-10-26,1023.3333129882812,1035.0,1021.6666870117188,1023.3333129882812
2021-10-27,1036.6666259765625,1036.6666259765625,1025.0,1030.0
2021-10-28,1030.0,1033.3333740234375,1015.0,1030.0
2021-10-29,1030.0,1030.0,1016.6666870117188,1023.3333129882812
2021-11-01,1033.3333740234375,1033.3333740234375,1016.6666870117188,1031.6666259765625
2021-11-02,1031.6666259765625,1033.3333740234375,1020.0,1020.0
2021-11-04,1030.0,1031.6666259765625,1025.0,1028.3333740234375
2021-11-05,1026.6666259765625,1031.6666259765625,1023.3333129882812,1026.6666259765625
2021-11-08,1031.6666259765625,1031.6666259765625,1016.6666870117188,1016.6666870117188
2021-11-09,1020.0,1020.0,1000.0,1003.3333129882812
2021-11-10,1003.3333129882812,1006.6666870117188,994.6666870117188,997.6666870117188
2021-11-11,1000.0,1006.6666870117188,995.6666870117188,1000.0
2021-11-12,1015.0,1016.6666870117188,1006.6666870117188,1015.0
2021-11-15,1030.0,1030.0,1016.6666870117188,1021.6666870117188
2021-11-16,1030.0,1030.0,1021.6666870117188,1021.6666870117188
2021-11-17,1016.6666870117188,1028.3333740234375,1005.0,1005.0
2021-11-18,1005.0,1015.0,998.0,1003.3333129882812
2021-11-19,1003.3333129882812,1006.6666870117188,995.6666870117188,999.3333129882812
2021-11-22,999.3333129882812,1000.0,993.6666870117188,994.0
2021-11-24,1003.3333129882812,1003.3333129882812,995.3333129882812,996.6666870117188
2021-11-25,997.0,1000.0,991.6666870117188,993.6666870117188
2021-11-26,993.6666870117188,994.0,980.3333129882812,983.0
2021-11-29,980.0,985.3333129882812,965.3333129882812,966.6666870117188
2021-11-30,966.0,980.0,956.6666870117188,956.6666870117188
2021-12-01,946.6666870117188,962.3333129882812,943.0,943.6666870117188
2021-12-02,940.6666870117188,956.0,940.6666870117188,943.6666870117188
2021-12-03,956.3333129882812,976.0,956.0,973.6666870117188
2021-12-06,978.0,978.6666870117188,966.6666870117188,966.6666870117188
2021-12-07,982.6666870117188,993.3333129882812,975.6666870117188,993.3333129882812
2021-12-08,999.3333129882812,999.3333129882812,988.3333129882812,995.3333129882812
2021-12-09,983.3333129882812,997.0,983.3333129882812,997.0
2021-12-10,996.6666870117188,996.6666870117188,975.0,984.0
2021-12-13,984.0,984.0,977.3333129882812,983.3333129882812
2021-12-14,995.3333129882812,995.3333129882812,975.3333129882812,978.0
2021-12-15,975.6666870117188,980.0,975.3333129882812,975.6666870117188
2021-12-16,984.0,984.0,977.3333129882812,977.3333129882812
2021-12-17,977.3333129882812,977.3333129882812,970.3333129882812,973.0
2021-12-20,975.3333129882812,975.3333129882812,966.6666870117188,966.6666870117188
2021-12-21,972.0,973.0,964.3333129882812,967.0
2021-12-22,964.0,967.0,957.3333129882812,960.3333129882812
2021-12-23,960.3333129882812,964.3333129882812,960.0,961.0
2021-12-24,960.0,962.6666870117188,960.0,961.3333129882812
2021-12-27,960.0,960.0,951.6666870117188,954.6666870117188
2021-12-28,954.6666870117188,963.3333129882812,953.0,961.3333129882812
2021-12-29,956.6666870117188,977.0,956.6666870117188,977.0
2021-12-30,975.0,989.6666870117188,973.3333129882812,982.6666870117188
2022-01-04,987.0,1005.0,984.6666870117188,1001.6666870117188
2022-01-05,1013.3333129882812,1020.0,1001.6666870117188,1010.0
2022-01-06,1006.6666870117188,1006.6666870117188,988.6666870117188,990.0
2022-01-07,987.0,999.6666870117188,982.6666870117188,990.0
2022-01-11,992.6666870117188,992.6666870117188,980.3333129882812,988.3333129882812
2022-01-12,988.3333129882812,990.6666870117188,985.0,990.6666870117188
2022-01-13,990.6666870117188,990.6666870117188,965.0,965.3333129882812
2022-01-14,965.6666870117188,976.6666870117188,961.6666870117188,971.0
2022-01-17,971.0,973.6666870117188,965.3333129882812,970.0
2022-01-18,967.3333129882812,973.3333129882812,963.6666870117188,966.3333129882812
2022-01-19,966.0,968.3333129882812,955.3333129882812,955.3333129882812
2022-01-20,955.6666870117188,965.3333129882812,955.6666870117188,955.6666870117188
2022-01-21,965.6666870117188,965.6666870117188,955.3333129882812,960.6666870117188
2022-01-24,964.3333129882812,968.3333129882812,959.6666870117188,968.3333129882812
2022-01-25,971.3333129882812,971.3333129882812,953.6666870117188,957.6666870117188
2022-01-26,957.6666870117188,962.0,955.3333129882812,955.3333129882812
2022-01-27,954.3333129882812,958.6666870117188,938.3333129882812,938.6666870117188
2022-01-28,943.6666870117188,951.0,939.3333129882812,944.3333129882812
2022-01-31,944.3333129882812,954.0,944.3333129882812,951.3333129882812
2022-02-01,958.0,966.6666870117188,957.3333129882812,964.6666870117188
2022-02-02,966.6666870117188,991.6666870117188,966.3333129882812,984.6666870117188
2022-02-03,984.6666870117188,984.6666870117188,971.0,971.0
2022-02-04,977.3333129882812,977.3333129882812,967.3333129882812,973.3333129882812
2022-02-07,968.0,975.6666870117188,966.6666870117188,966.6666870117188
2022-02-08,966.6666870117188,977.0,966.6666870117188,971.6666870117188
2022-02-09,971.6666870117188,975.3333129882812,967.0,970.6666870117188
2022-02-10,971.0,981.3333129882812,970.6666870117188,981.3333129882812
2022-02-14,983.3333129882812,987.3333129882812,978.0,983.3333129882812
2022-02-15,989.6666870117188,989.6666870117188,976.6666870117188,984.0
2022-02-16,997.6666870117188,997.6666870117188,986.3333129882812,992.0
2022-02-17,996.0,1006.6666870117188,992.0,1001.6666870117188
2022-02-18,1000.0,1010.0,993.6666870117188,1008.3333129882812
2022-02-21,1010.0,1010.0,999.3333129882812,1006.6666870117188
2022-02-22,1005.0,1008.3333129882812,1001.6666870117188,1001.6666870117188
2022-02-24,1005.0,1005.0,988.3333129882812,1005.0
2022-02-25,1008.3333129882812,1010.0,999.6666870117188,1005.0
2022-02-28,1003.3333129882812,1013.3333129882812,1001.6666870117188,1010.0
2022-03-01,1015.0,1021.6666870117188,1011.6666870117188,1018.3333129882812
2022-03-02,1011.6666870117188,1011.6666870117188,1000.0,1005.0
2022-03-03,1006.6666870117188,1006.6666870117188,988.3333129882812,988.3333129882812
2022-03-04,988.6666870117188,1003.3333129882812,983.6666870117188,989.6666870117188
2022-03-07,986.0,986.0,973.0,980.6666870117188
2022-03-08,971.6666870117188,983.0,960.3333129882812,965.0
2022-03-09,966.6666870117188,973.0,960.0,960.0
2022-03-10,969.6666870117188,986.6666870117188,969.6666870117188,984.6666870117188
2022-03-11,972.0,988.0,972.0,981.3333129882812
2022-03-14,982.3333129882812,992.6666870117188,982.3333129882812,988.0
2022-03-15,994.0,1001.6666870117188,989.6666870117188,998.0
2022-03-16,1000.0,1013.3333129882812,997.3333129882812,1011.6666870117188
2022-03-17,1010.0,1015.0,1003.3333129882812,1010.0
2022-03-18,1010.0,1011.6666870117188,1003.3333129882812,1011.6666870117188
2022-03-22,1011.6666870117188,1011.6666870117188,998.3333129882812,998.3333129882812
2022-03-23,1000.0,1010.0,1000.0,1006.6666870117188
2022-03-24,1001.6666870117188,1008.3333129882812,998.3333129882812,1001.6666870117188
2022-03-25,1001.6666870117188,1006.6666870117188,999.0,1005.0
2022-03-28,1003.3333129882812,1008.3333129882812,999.3333129882812,1003.3333129882812
2022-03-29,1000.0,1010.0,999.6666870117188,1010.0
2022-03-30,993.3333129882812,993.3333129882812,979.3333129882812,987.3333129882812
2022-03-31,987.0,989.0,983.3333129882812,984.3333129882812
2022-04-01,986.3333129882812,995.0,978.6666870117188,992.0
2022-04-04,989.3333129882812,991.3333129882812,977.3333129882812,991.0
2022-04-05,995.3333129882812,1003.3333129882812,987.3333129882812,992.6666870117188
2022-04-06,993.6666870117188,993.6666870117188,980.6666870117188,985.0
2022-04-07,981.0,981.0,969.0,976.6666870117188
2022-04-08,999.0,999.6666870117188,978.6666870117188,985.3333129882812
2022-04-11,990.0,991.3333129882812,980.6666870117188,989.0
2022-04-12,980.6666870117188,988.6666870117188,969.6666870117188,969.6666870117188
2022-04-13,969.6666870117188,970.6666870117188,958.3333129882812,960.0
2022-04-14,957.6666870117188,970.3333129882812,957.6666870117188,962.3333129882812
2022-04-15,962.0,968.3333129882812,960.0,962.0
2022-04-18,962.0,971.3333129882812,959.0,970.6666870117188
2022-04-19,970.6666870117188,970.6666870117188,963.0,964.0
2022-04-20,964.3333129882812,976.6666870117188,964.3333129882812,973.3333129882812
2022-04-21,972.6666870117188,976.6666870117188,969.6666870117188,972.3333129882812
2022-04-22,972.3333129882812,972.3333129882812,956.0,957.3333129882812
2022-04-25,955.0,961.6666870117188,953.6666870117188,954.0
2022-04-26,954.0,961.3333129882812,951.6666870117188,960.6666870117188
2022-04-27,953.3333129882812,977.3333129882812,952.3333129882812,977.3333129882812
2022-04-28,981.3333129882812,981.3333129882812,966.6666870117188,967.3333129882812
2022-05-02,966.6666870117188,980.6666870117188,966.6666870117188,972.0
2022-05-06,974.0,974.0,968.0,973.6666870117188
2022-05-09,973.6666870117188,976.6666870117188,967.0,967.0
2022-05-10,967.0,969.0,960.0,968.3333129882812
2022-05-11,966.6666870117188,970.6666870117188,962.0,965.3333129882812
2022-05-12,964.6666870117188,965.0,957.0,957.0
2022-05-13,957.0,968.0,957.0,967.3333129882812
2022-05-16,966.6666870117188,968.6666870117188,960.6666870117188,965.6666870117188
2022-05-17,960.6666870117188,973.0,960.6666870117188,975.3333129882812
2022-05-18,976.3333129882812,976.6666870117188,965.3333129882812,972.6666870117188
2022-05-19,960.0,974.0,960.0,962.0
2022-05-20,962.0,971.3333129882812,960.6666870117188,971.3333129882812
2022-05-23,971.3333129882812,975.0,964.3333129882812,966.6666870117188
2022-05-24,963.6666870117188,964.6666870117188,956.6666870117188,962.6666870117188
2022-05-25,962.6666870117188,964.3333129882812,957.0,964.3333129882812
2022-05-26,963.3333129882812,973.3333129882812,960.0,964.3333129882812
2022-05-27,966.3333129882812,975.0,963.3333129882812,975.0
2022-05-30,973.3333129882812,993.0,973.0,993.0
2022-05-31,980.3333129882812,984.6666870117188,971.6666870117188,975.6666870117188
2022-06-01,975.6666870117188,988.0,975.3333129882812,985.6666870117188
2022-06-02,976.0,985.3333129882812,976.0,985.3333129882812
2022-06-03,985.3333129882812,985.3333129882812,976.6666870117188,978.6666870117188
2022-06-06,978.6666870117188,986.3333129882812,976.6666870117188,980.6666870117188
2022-06-07,980.6666870117188,983.6666870117188,978.0,981.6666870117188
2022-06-08,984.3333129882812,990.0,982.3333129882812,990.0
2022-06-09,990.0,991.6666870117188,984.0,989.0
2022-06-10,989.0,989.0,973.0,973.3333129882812
2022-06-13,967.3333129882812,972.6666870117188,963.3333129882812,971.6666870117188
2022-06-14,966.6666870117188,966.6666870117188,959.3333129882812,965.6666870117188
2022-06-15,965.6666870117188,966.6666870117188,956.0,956.0
2022-06-16,959.0,965.3333129882812,959.0,963.3333129882812
2022-06-17,954.0,961.0,953.3333129882812,957.0
2022-06-20,959.0,959.3333129882812,953.3333129882812,956.6666870117188
2022-06-21,965.3333129882812,965.3333129882812,959.0,965.0
2022-06-22,965.0,969.0,963.3333129882812,968.0
2022-06-23,966.6666870117188,971.6666870117188,963.0,968.3333129882812
2022-06-24,968.3333129882812,978.3333129882812,966.6666870117188,975.0
2022-06-27,975.0,978.6666870117188,969.3333129882812,969.3333129882812
2022-06-28,967.3333129882812,975.3333129882812,964.0,973.6666870117188
2022-06-29,973.6666870117188,998.6666870117188,965.3333129882812,998.6666870117188
2022-06-30,991.3333129882812,998.0,975.3333129882812,976.6666870117188
2022-07-01,976.6666870117188,980.6666870117188,970.0,976.6666870117188
2022-07-04,982.0,989.3333129882812,981.6666870117188,987.6666870117188
2022-07-05,991.6666870117188,998.3333129882812,989.3333129882812,989.3333129882812
2022-07-06,989.3333129882812,989.3333129882812,977.0,977.0
2022-07-07,977.0,984.3333129882812,969.3333129882812,982.0
2022-07-08,976.0,986.6666870117188,970.0,970.0
2022-07-11,981.0,996.6666870117188,981.0,993.6666870117188
2022-07-12,991.0,993.0,988.3333129882812,989.3333129882812
2022-07-13,994.6666870117188,994.6666870117188,988.6666870117188,994.0
2022-07-14,988.6666870117188,996.6666870117188,987.6666870117188,993.0
2022-07-15,996.6666870117188,999.0,993.3333129882812,993.6666870117188
2022-07-19,999.0,1000.0,987.0,987.0
2022-07-20,995.3333129882812,995.6666870117188,987.6666870117188,994.0
2022-07-21,996.3333129882812,996.6666870117188,990.6666870117188,996.6666870117188
2022-07-22,999.0,999.0,994.0,994.0
2022-07-25,998.0,998.0,988.0,988.0
2022-07-26,993.0,993.3333129882812,988.0,990.6666870117188
2022-07-27,994.6666870117188,996.0,987.3333129882812,990.3333129882812
2022-07-28,990.3333129882812,993.6666870117188,984.6666870117188,992.6666870117188
2022-07-29,990.3333129882812,990.3333129882812,979.6666870117188,980.3333129882812
2022-08-01,981.0,986.3333129882812,980.6666870117188,985.0
2022-08-02,980.0,981.3333129882812,974.6666870117188,977.0
2022-08-03,974.3333129882812,976.6666870117188,968.0,970.3333129882812
2022-08-04,970.6666870117188,972.6666870117188,966.6666870117188,969.6666870117188
2022-08-05,966.6666870117188,975.6666870117188,966.6666870117188,969.6666870117188
2022-08-08,981.0,981.0,969.6666870117188,974.0
2022-08-09,980.6666870117188,980.6666870117188,968.3333129882812,969.3333129882812
2022-08-10,969.3333129882812,975.3333129882812,969.0,971.0
2022-08-12,975.6666870117188,981.0,972.3333129882812,978.6666870117188
2022-08-15,982.3333129882812,982.3333129882812,973.3333129882812,976.6666870117188
2022-08-16,976.6666870117188,979.6666870117188,976.6666870117188,977.0
2022-08-17,979.3333129882812,980.0,977.0,978.3333129882812
2022-08-18,981.3333129882812,981.3333129882812,971.0,975.0
2022-08-19,979.0,979.0,975.0,975.0
2022-08-22,980.3333129882812,980.3333129882812,970.6666870117188,970.6666870117188
2022-08-23,970.6666870117188,976.6666870117188,970.6666870117188,970.6666870117188
2022-08-24,975.6666870117188,975.6666870117188,971.0,971.0
2022-08-25,971.6666870117188,972.3333129882812,970.3333129882812,972.0
2022-08-26,973.0,973.0,968.3333129882812,971.6666870117188
2022-08-29,971.6666870117188,971.6666870117188,967.6666870117188,968.0
2022-08-30,970.6666870117188,972.3333129882812,968.6666870117188,971.6666870117188
2022-08-31,970.3333129882812,973.3333129882812,967.3333129882812,967.3333129882812
2022-09-01,971.6666870117188,971.6666870117188,966.6666870117188,966.6666870117188
2022-09-02,966.6666870117188,967.3333129882812,962.0,965.0
2022-09-05,970.0,974.6666870117188,965.3333129882812,965.3333129882812
2022-09-06,965.3333129882812,969.0,962.3333129882812,963.6666870117188
2022-09-07,965.0,965.3333129882812,961.3333129882812,961.3333129882812
2022-09-08,967.0,968.3333129882812,966.6666870117188,968.3333129882812
2022-09-09,966.6666870117188,974.0,966.6666870117188,972.3333129882812
2022-09-12,971.6666870117188,976.0,968.3333129882812,969.3333129882812
2022-09-13,968.0,974.3333129882812,968.0,971.6666870117188
2022-09-14,966.6666870117188,973.0,965.0,972.6666870117188
2022-09-15,973.3333129882812,975.6666870117188,971.0,973.0
2022-09-16,975.6666870117188,980.0,974.0,974.0
2022-09-20,979.0,979.0,973.6666870117188,974.3333129882812
2022-09-21,974.3333129882812,978.0,974.0,977.0
2022-09-22,977.0,978.0,968.0,971.0
2022-09-26,968.6666870117188,970.0,964.0,964.0
2022-09-27,972.6666870117188,973.3333129882812,964.3333129882812,966.3333129882812
2022-09-28,972.6666870117188,975.3333129882812,963.3333129882812,975.3333129882812
2022-09-29,974.3333129882812,976.3333129882812,967.0,976.3333129882812
2022-09-30,966.0,976.3333129882812,966.0,970.6666870117188
2022-10-03,973.3333129882812,976.0,970.6666870117188,971.3333129882812
2022-10-04,970.3333129882812,972.0,966.6666870117188,966.6666870117188
2022-10-05,966.3333129882812,974.3333129882812,966.3333129882812,969.6666870117188
2022-10-06,972.3333129882812,975.3333129882812,972.3333129882812,975.0
2022-10-07,975.0,980.0,973.3333129882812,978.0
2022-10-11,967.0,976.3333129882812,965.0,967.3333129882812
2022-10-12,967.3333129882812,972.0,967.3333129882812,971.0
2022-10-13,970.0,971.0,966.6666870117188,967.0
2022-10-14,971.6666870117188,974.3333129882812,970.0,970.0
2022-10-17,970.6666870117188,976.6666870117188,968.3333129882812,968.3333129882812
2022-10-18,973.3333129882812,976.6666870117188,971.0,973.6666870117188
2022-10-19,971.6666870117188,973.0,969.3333129882812,970.6666870117188
2022-10-20,971.6666870117188,972.6666870117188,965.6666870117188,970.3333129882812
2022-10-21,973.3333129882812,973.6666870117188,970.0,970.0
2022-10-24,974.3333129882812,976.0,970.0,971.6666870117188
2022-10-25,976.0,976.0,968.6666870117188,969.0
2022-10-26,969.0,973.3333129882812,969.0,972.6666870117188
2022-10-27,972.6666870117188,972.6666870117188,966.6666870117188,967.6666870117188
2022-10-28,967.6666870117188,971.0,963.3333129882812,963.3333129882812
2022-10-31,968.3333129882812,971.0,965.6666870117188,969.3333129882812
2022-11-01,970.6666870117188,970.6666870117188,967.6666870117188,968.3333129882812
2022-11-02,971.3333129882812,971.3333129882812,966.6666870117188,966.6666870117188
2022-11-04,966.6666870117188,970.3333129882812,961.6666870117188,961.6666870117188
2022-11-07,962.3333129882812,966.3333129882812,960.6666870117188,961.6666870117188
2022-11-08,967.3333129882812,967.3333129882812,963.6666870117188,966.0
2022-11-09,963.0,964.3333129882812,962.0,964.3333129882812
2022-11-10,964.3333129882812,966.6666870117188,963.6666870117188,963.6666870117188
2022-11-11,967.6666870117188,967.6666870117188,963.0,966.0
2022-11-14,969.0,969.0,963.6666870117188,964.0
2022-11-15,966.6666870117188,967.0,965.3333129882812,965.3333129882812
2022-11-16,966.6666870117188,966.6666870117188,964.0,964.0
2022-11-17,964.0,967.0,963.3333129882812,967.0
2022-11-18,967.0,970.3333129882812,966.3333129882812,970.3333129882812
2022-11-21,970.6666870117188,970.6666870117188,968.3333129882812,969.3333129882812
2022-11-22,970.0,975.3333129882812,970.0,973.6666870117188
2022-11-24,976.3333129882812,976.6666870117188,973.6666870117188,976.6666870117188
2022-11-25,976.6666870117188,977.3333129882812,974.0,975.0
2022-11-28,976.6666870117188,976.6666870117188,966.6666870117188,969.3333129882812
2022-11-29,967.0,971.0,966.6666870117188,971.0
2022-11-30,971.0,971.0,966.6666870117188,966.6666870117188
2022-12-01,967.3333129882812,969.6666870117188,966.6666870117188,966.6666870117188
2022-12-02,966.6666870117188,968.3333129882812,965.0,965.0
2022-12-05,967.6666870117188,967.6666870117188,962.6666870117188,965.6666870117188
2022-12-06,965.6666870117188,965.6666870117188,961.3333129882812,963.3333129882812
2022-12-07,963.3333129882812,966.0,963.3333129882812,964.0
2022-12-08,965.6666870117188,965.6666870117188,962.3333129882812,965.0
2022-12-09,965.0,970.0,963.6666870117188,967.0
2022-12-12,969.0,969.6666870117188,966.6666870117188,967.3333129882812
2022-12-13,966.6666870117188,973.3333129882812,966.6666870117188,967.3333129882812
2022-12-14,966.6666870117188,971.0,966.6666870117188,971.0
2022-12-15,971.0,971.0,967.6666870117188,968.3333129882812
2022-12-16,967.6666870117188,970.0,965.6666870117188,965.6666870117188
2022-12-19,966.6666870117188,968.3333129882812,965.0,966.6666870117188
2022-12-20,966.6666870117188,969.0,963.0,963.0
2022-12-21,966.0,966.0,961.3333129882812,962.0
2022-12-22,962.6666870117188,966.6666870117188,962.6666870117188,966.0
2022-12-23,963.3333129882812,967.0,962.6666870117188,962.6666870117188
2022-12-26,965.6666870117188,965.6666870117188,960.6666870117188,961.0
2022-12-27,961.0,965.6666870117188,961.0,961.3333129882812
2022-12-28,961.6666870117188,965.6666870117188,961.6666870117188,965.0
2022-12-29,965.0,968.3333129882812,962.3333129882812,968.3333129882812
2022-12-30,967.3333129882812,971.3333129882812,966.0,966.0
2023-01-04,970.0,970.0,963.6666870117188,965.3333129882812
2023-01-05,965.3333129882812,965.3333129882812,957.6666870117188,958.0
2023-01-06,956.6666870117188,962.3333129882812,956.0,960.6666870117188
2023-01-10,963.0,966.3333129882812,958.0,958.0
2023-01-11,957.6666870117188,964.0,957.0,957.0
2023-01-12,958.6666870117188,961.0,956.6666870117188,958.0
2023-01-13,958.6666870117188,960.0,953.6666870117188,956.0
2023-01-16,956.6666870117188,961.3333129882812,955.3333129882812,955.3333129882812
2023-01-17,955.6666870117188,958.0,954.0,954.3333129882812
2023-01-18,958.3333129882812,960.6666870117188,955.6666870117188,959.6666870117188
2023-01-19,960.0,962.0,957.6666870117188,958.0
2023-01-20,959.6666870117188,962.3333129882812,957.3333129882812,959.3333129882812
2023-01-23,962.6666870117188,969.3333129882812,962.0,966.0
2023-01-24,966.6666870117188,972.3333129882812,966.6666870117188,969.3333129882812
2023-01-25,968.3333129882812,973.0,967.6666870117188,973.0
2023-01-26,973.3333129882812,976.0,972.0,975.3333129882812
2023-01-27,975.3333129882812,983.6666870117188,974.6666870117188,975.6666870117188
2023-01-30,980.0,982.6666870117188,977.0,977.0
2023-01-31,979.3333129882812,980.0,976.3333129882812,976.3333129882812
2023-02-01,980.3333129882812,980.3333129882812,975.6666870117188,977.0
2023-02-02,979.6666870117188,979.6666870117188,967.3333129882812,967.3333129882812
2023-02-03,967.3333129882812,971.0,967.3333129882812,968.3333129882812
2023-02-06,970.0,977.3333129882812,970.0,977.3333129882812
2023-02-07,979.3333129882812,979.3333129882812,976.0,976.0
2023-02-08,976.6666870117188,978.3333129882812,975.6666870117188,976.6666870117188
2023-02-09,976.6666870117188,979.3333129882812,975.3333129882812,979.3333129882812
2023-02-10,975.0,979.0,974.6666870117188,974.6666870117188
2023-02-13,978.0,986.0,978.0,983.3333129882812
2023-02-14,983.3333129882812,983.6666870117188,978.3333129882812,981.6666870117188
2023-02-15,980.6666870117188,981.3333129882812,977.6666870117188,979.0
2023-02-16,980.3333129882812,980.3333129882812,975.6666870117188,976.3333129882812
2023-02-17,976.6666870117188,985.6666870117188,976.3333129882812,985.3333129882812
2023-02-20,987.3333129882812,995.0,986.3333129882812,994.0
2023-02-21,997.3333129882812,997.3333129882812,991.6666870117188,994.3333129882812
2023-02-22,989.6666870117188,994.0,989.3333129882812,991.0
2023-02-24,991.0,993.0,989.6666870117188,991.6666870117188
2023-02-27,992.3333129882812,996.6666870117188,990.3333129882812,996.6666870117188
2023-02-28,997.3333129882812,999.6666870117188,995.0,999.6666870117188
2023-03-01,1000.0,1008.3333129882812,998.6666870117188,1008.3333129882812
2023-03-02,1008.3333129882812,1011.6666870117188,1006.6666870117188,1010.0
2023-03-03,1010.0,1015.0,1008.3333129882812,1015.0
2023-03-06,1016.6666870117188,1021.6666870117188,1015.0,1021.6666870117188
2023-03-07,1021.6666870117188,1041.6666259765625,1021.6666870117188,1041.6666259765625
2023-03-08,1041.6666259765625,1046.6666259765625,1035.0,1038.3333740234375
2023-03-09,1038.3333740234375,1045.0,1030.0,1043.3333740234375
2023-03-10,1036.6666259765625,1041.6666259765625,1035.0,1035.0
2023-03-13,1033.3333740234375,1033.3333740234375,1018.3333129882812,1026.6666259765625
2023-03-14,1016.6666870117188,1020.0,1008.3333129882812,1013.3333129882812
2023-03-15,1016.6666870117188,1031.6666259765625,1016.6666870117188,1030.0
2023-03-16,1015.0,1025.0,1010.0,1025.0
2023-03-17,1026.6666259765625,1030.0,1021.6666870117188,1023.3333129882812
2023-03-20,1023.3333129882812,1025.0,1010.0,1010.0
2023-03-22,1020.0,1025.0,1013.3333129882812,1025.0
2023-03-23,1020.0,1033.3333740234375,1018.3333129882812,1033.3333740234375
2023-03-24,1033.3333740234375,1038.3333740234375,1026.6666259765625,1038.3333740234375
2023-03-27,1041.6666259765625,1041.6666259765625,1038.3333740234375,1041.6666259765625
2023-03-28,1040.0,1040.0,1028.3333740234375,1028.3333740234375
2023-03-29,1028.3333740234375,1053.3333740234375,1028.3333740234375,1046.6666259765625
2023-03-30,1015.0,1023.3333129882812,1001.6666870117188,1005.0
2023-03-31,1010.0,1021.6666870117188,1005.0,1016.6666870117188
2023-04-03,1010.0,1046.6666259765625,1010.0,1046.6666259765625
2023-04-04,1055.0,1093.3333740234375,1055.0,1093.3333740234375
2023-04-05,1081.6666259765625,1105.0,1071.6666259765625,1100.0
2023-04-06,1081.6666259765625,1113.3333740234375,1081.6666259765625,1103.3333740234375
2023-04-07,1126.6666259765625,1153.3333740234375,1126.6666259765625,1126.6666259765625
2023-04-10,1126.6666259765625,1191.6666259765625,1125.0,1191.6666259765625
2023-04-11,1201.6666259765625,1205.0,1176.6666259765625,1196.6666259765625
2023-04-12,1205.0,1245.0,1205.0,1241.6666259765625
2023-04-13,1245.0,1245.0,1205.0,1231.6666259765625
2023-04-14,1231.6666259765625,1263.3333740234375,1225.0,1255.0
2023-04-17,1253.3333740234375,1278.3333740234375,1241.6666259765625,1275.0
2023-04-18,1278.3333740234375,1291.6666259765625,1265.0,1276.6666259765625
2023-04-19,1276.6666259765625,1285.0,1241.6666259765625,1281.6666259765625
2023-04-20,1266.6666259765625,1286.6666259765625,1261.6666259765625,1266.6666259765625
2023-04-21,1256.6666259765625,1266.6666259765625,1226.6666259765625,1236.6666259765625
2023-04-24,1233.3333740234375,1233.3333740234375,1208.3333740234375,1216.6666259765625
2023-04-25,1223.3333740234375,1253.3333740234375,1221.6666259765625,1240.0
2023-04-26,1238.3333740234375,1248.3333740234375,1221.6666259765625,1223.3333740234375
2023-04-27,1221.6666259765625,1240.0,1221.6666259765625,1236.6666259765625
2023-04-28,1243.3333740234375,1265.0,1243.3333740234375,1263.3333740234375
2023-05-01,1265.0,1265.0,1245.0,1248.3333740234375
2023-05-02,1250.0,1270.0,1241.6666259765625,1265.0
2023-05-08,1268.3333740234375,1276.6666259765625,1223.3333740234375,1223.3333740234375
2023-05-09,1233.3333740234375,1241.6666259765625,1226.6666259765625,1241.6666259765625
2023-05-10,1231.6666259765625,1243.3333740234375,1223.3333740234375,1230.0
2023-05-11,1230.0,1233.3333740234375,1218.3333740234375,1218.3333740234375
2023-05-12,1218.3333740234375,1238.3333740234375,1216.6666259765625,1230.0
2023-05-15,1238.3333740234375,1250.0,1225.0,1231.6666259765625
2023-05-16,1223.3333740234375,1240.0,1223.3333740234375,1236.6666259765625
2023-05-17,1236.6666259765625,1245.0,1221.6666259765625,1221.6666259765625
2023-05-18,1230.0,1235.0,1220.0,1233.3333740234375
2023-05-19,1233.3333740234375,1233.3333740234375,1185.0,1185.0
2023-05-22,1190.0,1203.3333740234375,1178.3333740234375,1193.3333740234375
2023-05-23,1186.6666259765625,1203.3333740234375,1176.6666259765625,1180.0
2023-05-24,1173.3333740234375,1183.3333740234375,1163.3333740234375,1178.3333740234375
2023-05-25,1161.6666259765625,1191.6666259765625,1161.6666259765625,1178.3333740234375
2023-05-26,1171.6666259765625,1183.3333740234375,1165.0,1165.0
2023-05-29,1171.6666259765625,1171.6666259765625,1140.0,1145.0
2023-05-30,1136.6666259765625,1158.3333740234375,1136.6666259765625,1153.3333740234375
2023-05-31,1140.0,1150.0,1135.0,1135.0
2023-06-01,1133.3333740234375,1141.6666259765625,1133.3333740234375,1138.3333740234375
2023-06-02,1138.3333740234375,1166.6666259765625,1138.3333740234375,1160.0
2023-06-05,1180.0,1188.3333740234375,1173.3333740234375,1181.6666259765625
2023-06-06,1185.0,1185.0,1166.6666259765625,1170.0
2023-06-07,1170.0,1188.3333740234375,1168.3333740234375,1175.0
2023-06-08,1165.0,1185.0,1165.0,1178.3333740234375
2023-06-09,1183.3333740234375,1183.3333740234375,1173.3333740234375,1175.0
2023-06-12,1171.6666259765625,1178.3333740234375,1168.3333740234375,1171.6666259765625
2023-06-13,1171.6666259765625,1171.6666259765625,1161.6666259765625,1163.3333740234375
2023-06-14,1160.0,1160.0,1146.6666259765625,1151.6666259765625
2023-06-15,1151.6666259765625,1166.6666259765625,1148.3333740234375,1166.6666259765625
2023-06-16,1173.3333740234375,1178.3333740234375,1161.6666259765625,1178.3333740234375
2023-06-19,1180.0,1195.0,1180.0,1195.0
2023-06-20,1198.3333740234375,1198.3333740234375,1178.3333740234375,1185.0
2023-06-21,1183.3333740234375,1208.3333740234375,1183.3333740234375,1193.3333740234375
2023-06-22,1191.6666259765625,1196.6666259765625,1173.3333740234375,1181.6666259765625
2023-06-23,1183.3333740234375,1190.0,1163.3333740234375,1171.6666259765625
2023-06-26,1175.0,1175.0,1155.0,1170.0
2023-06-27,1168.3333740234375,1188.3333740234375,1161.6666259765625,1188.3333740234375
2023-06-28,1190.0,1200.0,1188.3333740234375,1191.6666259765625
2023-06-29,1191.6666259765625,1205.0,1186.6666259765625,1195.0
2023-06-30,1200.0,1216.6666259765625,1195.0,1215.0
2023-07-03,1223.3333740234375,1243.3333740234375,1186.6666259765625,1188.3333740234375
2023-07-04,1166.6666259765625,1171.6666259765625,1151.6666259765625,1155.0
2023-07-05,1151.6666259765625,1151.6666259765625,1123.3333740234375,1130.0
2023-07-06,1118.3333740234375,1120.0,1103.3333740234375,1110.0
2023-07-07,1103.3333740234375,1116.6666259765625,1101.6666259765625,1103.3333740234375
2023-07-10,1105.0,1123.3333740234375,1105.0,1113.3333740234375
2023-07-11,1121.6666259765625,1123.3333740234375,1100.0,1105.0
2023-07-12,1105.0,1120.0,1105.0,1108.3333740234375
2023-07-13,1110.0,1121.6666259765625,1110.0,1120.0
2023-07-14,1121.6666259765625,1121.6666259765625,1111.6666259765625,1111.6666259765625
2023-07-18,1111.6666259765625,1111.6666259765625,1106.6666259765625,1108.3333740234375
2023-07-19,1123.3333740234375,1131.6666259765625,1120.0,1123.3333740234375
2023-07-20,1130.0,1131.6666259765625,1123.3333740234375,1131.6666259765625
2023-07-21,1128.3333740234375,1130.0,1120.0,1128.3333740234375
2023-07-24,1130.0,1145.0,1128.3333740234375,1128.3333740234375
2023-07-25,1130.0,1141.6666259765625,1130.0,1136.6666259765625
2023-07-26,1143.3333740234375,1143.3333740234375,1126.6666259765625,1128.3333740234375
2023-07-27,1136.6666259765625,1136.6666259765625,1121.6666259765625,1121.6666259765625
2023-07-28,1120.0,1131.6666259765625,1116.6666259765625,1128.3333740234375
2023-07-31,1131.6666259765625,1138.3333740234375,1128.3333740234375,1130.0
2023-08-01,1136.6666259765625,1148.3333740234375,1131.6666259765625,1143.3333740234375
2023-08-02,1143.3333740234375,1143.3333740234375,1120.0,1123.3333740234375
2023-08-03,1118.3333740234375,1118.3333740234375,1106.6666259765625,1115.0
2023-08-04,1113.3333740234375,1121.6666259765625,1110.0,1116.6666259765625
2023-08-07,1116.6666259765625,1131.6666259765625,1110.0,1131.6666259765625
2023-08-08,1133.3333740234375,1140.0,1128.3333740234375,1135.0
2023-08-09,1135.0,1135.0,1116.6666259765625,1116.6666259765625
2023-08-10,1126.6666259765625,1140.0,1116.6666259765625,1138.3333740234375
2023-08-14,1141.6666259765625,1150.0,1136.6666259765625,1141.6666259765625
2023-08-15,1146.6666259765625,1163.3333740234375,1143.3333740234375,1156.6666259765625
2023-08-16,1158.3333740234375,1158.3333740234375,1140.0,1140.0
2023-08-17,1136.6666259765625,1136.6666259765625,1121.6666259765625,1130.0
2023-08-18,1131.6666259765625,1131.6666259765625,1108.3333740234375,1108.3333740234375
2023-08-21,1126.6666259765625,1133.3333740234375,1120.0,1133.3333740234375
2023-08-22,1126.6666259765625,1136.6666259765625,1116.6666259765625,1120.0
2023-08-23,1128.3333740234375,1141.6666259765625,1125.0,1141.6666259765625
2023-08-24,1143.3333740234375,1145.0,1133.3333740234375,1145.0
2023-08-25,1135.0,1150.0,1126.6666259765625,1145.0
2023-08-28,1151.6666259765625,1151.6666259765625,1143.3333740234375,1146.6666259765625
2023-08-29,1146.6666259765625,1153.3333740234375,1141.6666259765625,1148.3333740234375
2023-08-30,1148.3333740234375,1155.0,1148.3333740234375,1153.3333740234375
2023-08-31,1156.6666259765625,1165.0,1156.6666259765625,1163.3333740234375
2023-09-01,1158.3333740234375,1166.6666259765625,1156.6666259765625,1166.6666259765625
2023-09-04,1170.0,1183.3333740234375,1166.6666259765625,1183.3333740234375
2023-09-05,1181.6666259765625,1185.0,1176.6666259765625,1185.0
2023-09-06,1188.3333740234375,1188.3333740234375,1176.6666259765625,1178.3333740234375
2023-09-07,1178.3333740234375,1193.3333740234375,1173.3333740234375,1190.0
2023-09-08,1180.0,1186.6666259765625,1171.6666259765625,1171.6666259765625
2023-09-11,1185.0,1206.6666259765625,1185.0,1195.0
2023-09-12,1188.3333740234375,1223.3333740234375,1188.3333740234375,1218.3333740234375
2023-09-13,1218.3333740234375,1218.3333740234375,1203.3333740234375,1205.0
2023-09-14,1200.0,1218.3333740234375,1200.0,1211.6666259765625
2023-09-15,1216.6666259765625,1238.3333740234375,1216.6666259765625,1223.3333740234375
2023-09-19,1223.3333740234375,1223.3333740234375,1205.0,1215.0
2023-09-20,1215.0,1225.0,1205.0,1205.0
2023-09-21,1213.3333740234375,1221.6666259765625,1208.3333740234375,1218.3333740234375
2023-09-22,1205.0,1230.0,1205.0,1225.0
2023-09-25,1225.0,1235.0,1218.3333740234375,1235.0
2023-09-26,1233.3333740234375,1253.3333740234375,1228.3333740234375,1243.3333740234375
2023-09-27,1246.6666259765625,1250.0,1238.3333740234375,1250.0
2023-09-28,1235.0,1248.3333740234375,1228.3333740234375,1241.6666259765625
2023-09-29,1250.0,1266.6666259765625,1236.6666259765625,1250.0
2023-10-02,1266.6666259765625,1303.3333740234375,1260.0,1283.3333740234375
2023-10-03,1290.0,1290.0,1220.0,1220.0
2023-10-04,1203.3333740234375,1235.0,1193.3333740234375,1226.6666259765625
2023-10-05,1226.6666259765625,1260.0,1226.6666259765625,1256.6666259765625
2023-10-06,1266.6666259765625,1278.3333740234375,1256.6666259765625,1271.6666259765625
2023-10-10,1256.6666259765625,1270.0,1246.6666259765625,1265.0
2023-10-11,1258.3333740234375,1260.0,1230.0,1230.0
2023-10-12,1226.6666259765625,1241.6666259765625,1210.0,1240.0
2023-10-13,1240.0,1240.0,1215.0,1218.3333740234375
2023-10-16,1218.3333740234375,1218.3333740234375,1180.0,1186.6666259765625
2023-10-17,1193.3333740234375,1203.3333740234375,1168.3333740234375,1168.3333740234375
2023-10-18,1170.0,1173.3333740234375,1145.0,1160.0
2023-10-19,1166.6666259765625,1170.0,1151.6666259765625,1160.0
2023-10-20,1165.0,1176.6666259765625,1156.6666259765625,1171.6666259765625
2023-10-23,1171.6666259765625,1196.6666259765625,1171.6666259765625,1190.0
2023-10-24,1196.6666259765625,1215.0,1166.6666259765625,1200.0
2023-10-25,1215.0,1225.0,1203.3333740234375,1216.6666259765625
2023-10-26,1230.0,1230.0,1191.6666259765625,1193.3333740234375
2023-10-27,1198.3333740234375,1223.3333740234375,1195.0,1223.3333740234375
2023-10-30,1216.6666259765625,1218.3333740234375,1201.6666259765625,1208.3333740234375
2023-10-31,1208.3333740234375,1228.3333740234375,1190.0,1223.3333740234375
2023-11-01,1226.6666259765625,1241.6666259765625,1218.3333740234375,1240.0
2023-11-02,1246.6666259765625,1246.6666259765625,1221.6666259765625,1230.0
2023-11-06,1236.6666259765625,1251.6666259765625,1231.6666259765625,1240.0
2023-11-07,1240.0,1243.3333740234375,1216.6666259765625,1216.6666259765625
2023-11-08,1218.3333740234375,1226.6666259765625,1210.0,1220.0
2023-11-09,1216.6666259765625,1225.0,1208.3333740234375,1221.6666259765625
2023-11-10,1221.6666259765625,1236.6666259765625,1218.3333740234375,1233.3333740234375
2023-11-13,1233.3333740234375,1251.6666259765625,1233.3333740234375,1250.0
2023-11-14,1250.0,1255.0,1238.3333740234375,1246.6666259765625
2023-11-15,1250.0,1276.6666259765625,1243.3333740234375,1256.6666259765625
2023-11-16,1241.6666259765625,1248.3333740234375,1223.3333740234375,1223.3333740234375
2023-11-17,1228.3333740234375,1231.6666259765625,1223.3333740234375,1228.3333740234375
2023-11-20,1220.0,1230.0,1213.3333740234375,1213.3333740234375
2023-11-21,1213.3333740234375,1233.3333740234375,1213.3333740234375,1233.3333740234375
2023-11-22,1233.3333740234375,1235.0,1213.3333740234375,1213.3333740234375
2023-11-24,1216.6666259765625,1223.3333740234375,1216.6666259765625,1216.6666259765625
2023-11-27,1216.6666259765625,1226.6666259765625,1213.3333740234375,1215.0
2023-11-28,1216.6666259765625,1216.6666259765625,1195.0,1201.6666259765625
2023-11-29,1201.6666259765625,1213.3333740234375,1201.6666259765625,1213.3333740234375
2023-11-30,1213.3333740234375,1220.0,1205.0,1220.0
2023-12-01,1220.0,1220.0,1206.6666259765625,1210.0
2023-12-04,1215.0,1221.6666259765625,1208.3333740234375,1221.6666259765625
2023-12-05,1210.0,1223.3333740234375,1206.6666259765625,1206.6666259765625
2023-12-06,1210.0,1221.6666259765625,1208.3333740234375,1220.0
2023-12-07,1220.0,1221.6666259765625,1213.3333740234375,1221.6666259765625
2023-12-08,1213.3333740234375,1220.0,1201.6666259765625,1203.3333740234375
2023-12-11,1218.3333740234375,1220.0,1203.3333740234375,1220.0
2023-12-12,1220.0,1223.3333740234375,1213.3333740234375,1216.6666259765625
2023-12-13,1223.3333740234375,1223.3333740234375,1213.3333740234375,1221.6666259765625
2023-12-14,1221.6666259765625,1221.6666259765625,1203.3333740234375,1206.6666259765625
2023-12-15,1208.3333740234375,1213.3333740234375,1203.3333740234375,1206.6666259765625
2023-12-18,1218.3333740234375,1218.3333740234375,1203.3333740234375,1211.6666259765625
2023-12-19,1216.6666259765625,1240.0,1210.0,1240.0
2023-12-20,1233.3333740234375,1241.6666259765625,1221.6666259765625,1235.0
2023-12-21,1236.6666259765625,1236.6666259765625,1223.3333740234375,1233.3333740234375
2023-12-22,1233.3333740234375,1240.0,1225.0,1236.6666259765625
2023-12-25,1250.0,1260.0,1240.0,1258.3333740234375
2023-12-26,1258.3333740234375,1261.6666259765625,1253.3333740234375,1261.6666259765625
2023-12-27,1263.3333740234375,1283.3333740234375,1256.6666259765625,1278.3333740234375
2023-12-28,1273.3333740234375,1278.3333740234375,1265.0,1273.3333740234375
2023-12-29,1273.3333740234375,1278.3333740234375,1260.0,1275.0
2024-01-04,1270.0,1373.3333740234375,1270.0,1370.0
2024-01-05,1373.3333740234375,1470.0,1341.6666259765625,1470.0
2024-01-09,1466.6666259765625,1480.0,1435.0,1468.3333740234375
2024-01-10,1470.0,1486.6666259765625,1431.6666259765625,1435.0
2024-01-11,1441.6666259765625,1441.6666259765625,1395.0,1400.0
2024-01-12,1398.3333740234375,1416.6666259765625,1396.6666259765625,1400.0
2024-01-15,1396.6666259765625,1413.3333740234375,1395.0,1406.6666259765625
2024-01-16,1420.0,1446.6666259765625,1416.6666259765625,1433.3333740234375
2024-01-17,1440.0,1463.3333740234375,1433.3333740234375,1446.6666259765625
2024-01-18,1440.0,1453.3333740234375,1435.0,1435.0
2024-01-19,1441.6666259765625,1441.6666259765625,1408.3333740234375,1410.0
2024-01-22,1410.0,1435.0,1410.0,1420.0
2024-01-23,1421.6666259765625,1426.6666259765625,1400.0,1400.0
2024-01-24,1400.0,1406.6666259765625,1370.0,1375.0
2024-01-25,1368.3333740234375,1398.3333740234375,1360.0,1386.6666259765625
2024-01-26,1376.6666259765625,1388.3333740234375,1370.0,1370.0
2024-01-29,1370.0,1403.3333740234375,1370.0,1391.6666259765625
2024-01-30,1403.3333740234375,1455.0,1393.3333740234375,1433.3333740234375
2024-01-31,1435.0,1491.6666259765625,1431.6666259765625,1483.3333740234375
2024-02-01,1498.3333740234375,1506.6666259765625,1485.0,1498.3333740234375
2024-02-02,1495.0,1516.6666259765625,1488.3333740234375,1516.6666259765625
2024-02-05,1516.6666259765625,1546.6666259765625,1510.0,1521.6666259765625
2024-02-06,1523.3333740234375,1561.6666259765625,1521.6666259765625,1555.0
2024-02-07,1555.0,1555.0,1501.6666259765625,1501.6666259765625
2024-02-08,1493.3333740234375,1493.3333740234375,1461.6666259765625,1471.6666259765625
2024-02-09,1466.6666259765625,1498.3333740234375,1463.3333740234375,1465.0
2024-02-13,1470.0,1490.0,1458.3333740234375,1486.6666259765625
2024-02-14,1483.3333740234375,1485.0,1463.3333740234375,1473.3333740234375
2024-02-15,1473.3333740234375,1473.3333740234375,1421.6666259765625,1425.0
2024-02-16,1430.0,1450.0,1430.0,1440.0
2024-02-19,1436.6666259765625,1480.0,1433.3333740234375,1480.0
2024-02-20,1486.6666259765625,1486.6666259765625,1446.6666259765625,1448.3333740234375
2024-02-21,1455.0,1456.6666259765625,1440.0,1441.6666259765625
2024-02-22,1450.0,1450.0,1440.0,1450.0
2024-02-26,1455.0,1483.3333740234375,1455.0,1471.6666259765625
2024-02-27,1463.3333740234375,1470.0,1456.6666259765625,1466.6666259765625
2024-02-28,1456.6666259765625,1503.3333740234375,1453.3333740234375,1500.0
2024-02-29,1506.6666259765625,1516.6666259765625,1493.3333740234375,1503.3333740234375
2024-03-01,1500.0,1500.0,1468.3333740234375,1483.3333740234375
2024-03-04,1495.0,1496.6666259765625,1475.0,1483.3333740234375
2024-03-05,1480.0,1526.6666259765625,1468.3333740234375,1526.6666259765625
2024-03-06,1525.0,1550.0,1511.6666259765625,1536.6666259765625
2024-03-07,1550.0,1558.3333740234375,1535.0,1545.0
2024-03-08,1538.3333740234375,1600.0,1538.3333740234375,1600.0
2024-03-11,1576.6666259765625,1583.3333740234375,1548.3333740234375,1576.6666259765625
2024-03-12,1563.3333740234375,1581.6666259765625,1535.0,1581.6666259765625
2024-03-13,1581.6666259765625,1586.6666259765625,1560.0,1580.0
2024-03-14,1565.0,1590.0,1565.0,1590.0
2024-03-15,1573.3333740234375,1615.0,1573.3333740234375,1605.0
2024-03-18,1596.6666259765625,1600.0,1560.0,1598.3333740234375
2024-03-19,1606.6666259765625,1638.3333740234375,1598.3333740234375,1638.3333740234375
2024-03-21,1660.0,1666.6666259765625,1636.6666259765625,1648.3333740234375
2024-03-22,1656.6666259765625,1673.3333740234375,1635.0,1673.3333740234375
2024-03-25,1683.3333740234375,1720.0,1680.0,1686.6666259765625
2024-03-26,1920.0,1923.3333740234375,1816.6666259765625,1826.6666259765625
2024-03-27,1800.0,1803.3333740234375,1766.6666259765625,1786.6666259765625
2024-03-28,1736.6666259765625,1736.6666259765625,1686.6666259765625,1733.3333740234375
2024-03-29,1750.0,1820.0,1750.0,1803.3333740234375
2024-04-01,1783.3333740234375,1783.3333740234375,1730.0,1750.0
2024-04-02,1760.0,1883.3333740234375,1760.0,1880.0
2024-04-03,1850.0,2023.3333740234375,1796.6666259765625,1963.3333740234375
2024-04-04,1996.6666259765625,2103.333251953125,1940.0,2086.666748046875
2024-04-05,2063.333251953125,2076.666748046875,2006.6666259765625,2030.0
2024-04-08,2053.333251953125,2113.333251953125,2033.3333740234375,2040.0
2024-04-09,2026.6666259765625,2046.6666259765625,1983.3333740234375,2023.3333740234375
2024-04-10,2153.333251953125,2320.0,2153.333251953125,2300.0
2024-04-11,2286.666748046875,2290.0,2156.666748046875,2160.0
2024-04-12,2153.333251953125,2190.0,2120.0,2183.333251953125
2024-04-15,2156.666748046875,2220.0,2123.333251953125,2206.666748046875
2024-04-16,2173.333251953125,2206.666748046875,2090.0,2096.666748046875
2024-04-17,2116.666748046875,2126.666748046875,2026.6666259765625,2026.6666259765625
2024-04-18,1993.3333740234375,2046.6666259765625,1980.0,2026.6666259765625
2024-04-19,2013.3333740234375,2033.3333740234375,1936.6666259765625,2026.6666259765625
2024-04-22,2060.0,2116.666748046875,2036.6666259765625,2063.333251953125
2024-04-23,2066.666748046875,2230.0,2066.666748046875,2203.333251953125
2024-04-24,2193.333251953125,2203.333251953125,2130.0,2150.0
2024-04-25,2140.0,2173.333251953125,2100.0,2123.333251953125
2024-04-26,2090.0,2110.0,2023.3333740234375,2060.0
2024-04-30,2076.666748046875,2126.666748046875,2040.0,2106.666748046875
2024-05-01,2096.666748046875,2136.666748046875,2086.666748046875,2090.0
2024-05-02,2090.0,2113.333251953125,2090.0,2100.0
2024-05-07,2100.0,2133.333251953125,2066.666748046875,2096.666748046875
2024-05-08,2100.0,2136.666748046875,2053.333251953125,2056.666748046875
2024-05-09,2050.0,2056.666748046875,2006.6666259765625,2006.6666259765625
2024-05-10,2016.6666259765625,2066.666748046875,1986.6666259765625,2036.6666259765625
2024-05-13,2030.0,2083.333251953125,2030.0,2056.666748046875
2024-05-14,2063.333251953125,2063.333251953125,2016.6666259765625,2043.3333740234375
2024-05-15,2013.3333740234375,2043.3333740234375,1983.3333740234375,1983.3333740234375
2024-05-16,1996.6666259765625,2003.3333740234375,1940.0,1940.0
2024-05-17,1933.3333740234375,1953.3333740234375,1916.6666259765625,1946.6666259765625
2024-05-20,1943.3333740234375,1990.0,1930.0,1960.0
2024-05-21,2126.666748046875,2216.666748046875,2083.333251953125,2090.0
2024-05-22,2086.666748046875,2113.333251953125,2053.333251953125,2053.333251953125
2024-05-23,2050.0,2076.666748046875,2026.6666259765625,2036.6666259765625
2024-05-24,2016.6666259765625,2073.333251953125,2000.0,2046.6666259765625
2024-05-27,2050.0,2073.333251953125,2030.0,2053.333251953125
2024-05-28,2053.333251953125,2070.0,2033.3333740234375,2040.0
2024-05-29,2036.6666259765625,2050.0,1976.6666259765625,1993.3333740234375
2024-05-30,1976.6666259765625,2040.0,1966.6666259765625,2033.3333740234375
2024-05-31,2033.3333740234375,2100.0,2033.3333740234375,2100.0
2024-06-03,2100.0,2100.0,2080.0,2080.0
2024-06-04,2066.666748046875,2096.666748046875,2050.0,2050.0
2024-06-05,2050.0,2050.0,2016.6666259765625,2016.6666259765625
2024-06-06,2016.6666259765625,2036.6666259765625,1996.6666259765625,2020.0
2024-06-07,2000.0,2020.0,1996.6666259765625,2006.6666259765625
2024-06-10,2006.6666259765625,2070.0,2003.3333740234375,2043.3333740234375
2024-06-11,2020.0,2050.0,2010.0,2040.0
2024-06-12,2033.3333740234375,2056.666748046875,2023.3333740234375,2023.3333740234375
2024-06-13,2040.0,2053.333251953125,1970.0,1970.0
2024-06-14,1966.6666259765625,2023.3333740234375,1966.6666259765625,2003.3333740234375
2024-06-17,2006.6666259765625,2040.0,2006.6666259765625,2026.6666259765625
2024-06-18,2033.3333740234375,2040.0,2016.6666259765625,2016.6666259765625
2024-06-19,2013.3333740234375,2023.3333740234375,2003.3333740234375,2020.0
2024-06-20,2020.0,2060.0,2016.6666259765625,2036.6666259765625
2024-06-21,2023.3333740234375,2086.666748046875,2020.0,2063.333251953125
2024-06-24,2063.333251953125,2093.333251953125,2023.3333740234375,2030.0
2024-06-25,2033.3333740234375,2096.666748046875,2023.3333740234375,2063.333251953125
2024-06-26,2070.0,2080.0,2026.6666259765625,2040.0
2024-06-27,2036.6666259765625,2050.0,2003.3333740234375,2010.0
2024-06-28,2013.3333740234375,2046.6666259765625,1946.6666259765625,1953.3333740234375
2024-07-01,1966.6666259765625,1966.6666259765625,1866.6666259765625,1890.0
2024-07-02,1900.0,1900.0,1840.0,1860.0
2024-07-03,1890.0,2016.6666259765625,1810.0,1896.6666259765625
2024-07-04,1930.0,1930.0,1860.0,1860.0
2024-07-05,1860.0,1903.3333740234375,1853.3333740234375,1890.0
2024-07-08,1873.3333740234375,1893.3333740234375,1853.3333740234375,1890.0
2024-07-09,1896.6666259765625,1983.3333740234375,1896.6666259765625,1950.0
2024-07-10,1950.0,1966.6666259765625,1926.6666259765625,1940.0
2024-07-11,1966.6666259765625,1973.3333740234375,1926.6666259765625,1963.3333740234375
2024-07-12,1966.6666259765625,1993.3333740234375,1946.6666259765625,1946.6666259765625
2024-07-16,1960.0,1990.0,1910.0,1910.0
2024-07-17,1930.0,1933.3333740234375,1900.0,1910.0
2024-07-18,1896.6666259765625,1900.0,1866.6666259765625,1866.6666259765625
2024-07-19,1863.3333740234375,1880.0,1850.0,1863.3333740234375
2024-07-22,1866.6666259765625,1873.3333740234375,1830.0,1843.3333740234375
2024-07-23,1843.3333740234375,1863.3333740234375,1840.0,1850.0
2024-07-24,1850.0,1863.3333740234375,1820.0,1820.0
2024-07-25,1796.6666259765625,1833.3333740234375,1790.0,1816.6666259765625
2024-07-26,1810.0,1856.6666259765625,1810.0,1833.3333740234375
2024-07-29,1856.6666259765625,1883.3333740234375,1850.0,1866.6666259765625
2024-07-30,1876.6666259765625,1876.6666259765625,1823.3333740234375,1836.6666259765625
2024-07-31,1830.0,1850.0,1806.6666259765625,1850.0
2024-08-01,1846.6666259765625,1860.0,1790.0,1810.0
2024-08-02,1750.0,1756.6666259765625,1716.6666259765625,1716.6666259765625
2024-08-05,1626.6666259765625,1690.0,1538.3333740234375,1576.6666259765625
2024-08-06,1670.0,1716.6666259765625,1646.6666259765625,1676.6666259765625
2024-08-07,1646.6666259765625,1730.0,1635.0,1700.0
2024-08-08,1703.3333740234375,1763.3333740234375,1686.6666259765625,1740.0
2024-08-09,1773.3333740234375,1803.3333740234375,1720.0,1753.3333740234375
2024-08-13,1773.3333740234375,1773.3333740234375,1746.6666259765625,1770.0
2024-08-14,1760.0,1790.0,1733.3333740234375,1773.3333740234375
2024-08-15,1776.6666259765625,1776.6666259765625,1746.6666259765625,1760.0
2024-08-16,1776.6666259765625,1793.3333740234375,1750.0,1790.0
2024-08-19,1806.6666259765625,1810.0,1753.3333740234375,1760.0
2024-08-20,1793.3333740234375,1843.3333740234375,1773.3333740234375,1843.3333740234375
2024-08-21,1830.0,1840.0,1813.3333740234375,1820.0
2024-08-22,1853.3333740234375,1860.0,1843.3333740234375,1856.6666259765625
2024-08-23,1856.6666259765625,1866.6666259765625,1840.0,1850.0
2024-08-26,1866.6666259765625,1866.6666259765625,1843.3333740234375,1860.0
2024-08-27,1883.3333740234375,1890.0,1860.0,1886.6666259765625
2024-08-28,1876.6666259765625,1880.0,1860.0,1870.0
2024-08-29,1870.0,1896.6666259765625,1870.0,1890.0
2024-08-30,1900.0,1900.0,1876.6666259765625,1883.3333740234375
2024-09-02,1896.6666259765625,1896.6666259765625,1863.3333740234375,1870.0
2024-09-03,1893.3333740234375,1936.6666259765625,1893.3333740234375,1926.6666259765625
2024-09-04,1926.6666259765625,1950.0,1906.6666259765625,1913.3333740234375
2024-09-05,1913.3333740234375,1970.0,1903.3333740234375,1946.6666259765625
2024-09-06,1966.6666259765625,1966.6666259765625,1903.3333740234375,1923.3333740234375
2024-09-09,1890.0,1926.6666259765625,1880.0,1906.6666259765625
2024-09-10,1920.0,1963.3333740234375,1910.0,1950.0
2024-09-11,1946.6666259765625,1960.0,1903.3333740234375,1910.0
2024-09-12,1943.3333740234375,1973.3333740234375,1926.6666259765625,1963.3333740234375
2024-09-13,1956.6666259765625,1993.3333740234375,1943.3333740234375,1956.6666259765625
2024-09-17,1960.0,1996.6666259765625,1960.0,1990.0
2024-09-18,2000.0,2043.3333740234375,1993.3333740234375,1996.6666259765625
2024-09-19,2016.6666259765625,2033.3333740234375,1983.3333740234375,2010.0
2024-09-20,2016.6666259765625,2016.6666259765625,1973.3333740234375,1973.3333740234375
2024-09-24,2000.0,2000.0,1916.6666259765625,1923.3333740234375
2024-09-25,1930.0,1940.0,1880.0,1913.3333740234375
2024-09-26,1926.6666259765625,1936.6666259765625,1900.0,1933.3333740234375
2024-09-27,1939.0,1951.0,1918.0,1918.0
2024-09-30,1890.0,1918.0,1860.0,1896.0
2024-10-01,1930.0,1985.0,1926.0,1980.0
2024-10-02,1955.0,1961.0,1840.0,1841.0
2024-10-03,1855.0,1877.0,1813.0,1813.0
2024-10-04,1811.0,1842.0,1806.0,1813.0
2024-10-07,1822.0,1825.0,1801.0,1811.0
2024-10-08,1800.0,1800.0,1756.0,1758.0
2024-10-09,1775.0,1788.0,1745.0,1782.0
2024-10-10,1792.0,1794.0,1744.0,1744.0
2024-10-11,1733.0,1758.0,1726.0,1730.0
2024-10-15,1740.0,1777.0,1731.0,1770.0
2024-10-16,1735.0,1756.0,1731.0,1740.0
2024-10-17,1732.0,1733.0,1697.0,1707.0
2024-10-18,1715.0,1728.0,1683.0,1688.0
2024-10-21,1684.0,1736.0,1684.0,1722.0
2024-10-22,1722.0,1734.0,1696.0,1696.0
2024-10-23,1704.0,1711.0,1671.0,1671.0
2024-10-24,1660.0,1690.0,1655.0,1682.0
2024-10-25,1673.0,1682.0,1638.0,1656.0
2024-10-28,1640.0,1681.0,1640.0,1655.0
2024-10-29,1665.0,1672.0,1651.0,1672.0
2024-10-30,1669.0,1669.0,1650.0,1659.0
2024-10-31,1672.0,1679.0,1653.0,1671.0
2024-11-01,1671.0,1671.0,1631.0,1631.0
2024-11-05,1655.0,1655.0,1632.0,1641.0
2024-11-06,1650.0,1672.0,1638.0,1638.0
2024-11-07,1638.0,1664.0,1633.0,1650.0
2024-11-08,1657.0,1675.0,1640.0,1640.0
2024-11-11,1640.0,1659.0,1635.0,1657.0
2024-11-12,1667.0,1672.0,1644.0,1647.0
2024-11-13,1651.0,1685.0,1651.0,1660.0
2024-11-14,1660.0,1662.0,1638.0,1638.0
2024-11-15,1637.0,1649.0,1620.0,1620.0
2024-11-18,1610.0,1626.0,1593.0,1601.0
2024-11-19,1625.0,1662.0,1622.0,1640.0
2024-11-20,1640.0,1658.0,1621.0,1623.0
2024-11-21,1621.0,1636.0,1611.0,1615.0
2024-11-22,1615.0,1634.0,1611.0,1628.0
2024-11-25,1627.0,1640.0,1615.0,1615.0
2024-11-26,1619.0,1631.0,1601.0,1613.0
2024-11-27,1613.0,1613.0,1579.0,1596.0
2024-11-28,1596.0,1608.0,1592.0,1600.0
2024-11-29,1600.0,1634.0,1598.0,1626.0
2024-12-02,1638.0,1638.0,1610.0,1622.0
2024-12-03,1622.0,1640.0,1619.0,1632.0
2024-12-04,1632.0,1670.0,1617.0,1630.0
2024-12-05,1636.0,1656.0,1632.0,1646.0
2024-12-06,1655.0,1691.0,1651.0,1651.0
2024-12-09,1673.0,1679.0,1653.0,1667.0
2024-12-10,1674.0,1674.0,1636.0,1652.0
2024-12-11,1660.0,1670.0,1641.0,1653.0
2024-12-12,1653.0,1664.0,1639.0,1644.0
2024-12-13,1633.0,1655.0,1630.0,1648.0
2024-12-16,1649.0,1664.0,1640.0,1657.0
2024-12-17,1663.0,1669.0,1647.0,1649.0
2024-12-18,1650.0,1650.0,1624.0,1624.0
2024-12-19,1610.0,1625.0,1605.0,1618.0
2024-12-20,1615.0,1633.0,1615.0,1624.0
2024-12-23,1639.0,1649.0,1621.0,1633.0
2024-12-24,1636.0,1636.0,1615.0,1615.0
2024-12-25,1621.0,1624.0,1588.0,1604.0
2024-12-26,1600.0,1623.0,1599.0,1623.0
2024-12-27,1647.0,1659.0,1635.0,1648.0
2024-12-30,1666.0,1670.0,1618.0,1620.0
2025-01-06,1638.0,1745.0,1630.0,1739.0
2025-01-07,1783.0,1786.0,1698.0,1699.0
2025-01-08,1687.0,1690.0,1647.0,1647.0
2025-01-09,1648.0,1691.0,1643.0,1657.0
2025-01-10,1670.0,1691.0,1662.0,1663.0
2025-01-14,1660.0,1660.0,1624.0,1635.0
2025-01-15,1629.0,1635.0,1618.0,1620.0
2025-01-16,1636.0,1645.0,1607.0,1607.0
2025-01-17,1600.0,1604.0,1571.0,1575.0
2025-01-20,1575.0,1584.0,1562.0,1577.0
2025-01-21,1597.0,1611.0,1593.0,1593.0
2025-01-22,1608.0,1627.0,1597.0,1597.0
2025-01-23,1595.0,1595.0,1577.0,1590.0
2025-01-24,1599.0,1616.0,1592.0,1597.0
2025-01-27,1602.0,1607.0,1596.0,1601.0
2025-01-28,1601.0,1620.0,1597.0,1611.0
2025-01-29,1626.0,1636.0,1612.0,1622.0
2025-01-30,1617.0,1625.0,1600.0,1625.0
2025-01-31,1623.0,1623.0,1597.0,1600.0
2025-02-03,1600.0,1600.0,1562.0,1564.0
2025-02-04,1584.0,1584.0,1545.0,1545.0
2025-02-05,1547.0,1562.0,1545.0,1559.0
2025-02-06,1567.0,1577.0,1561.0,1570.0
2025-02-07,1570.0,1575.0,1555.0,1562.0
2025-02-10,1551.0,1570.0,1551.0,1556.0
2025-02-12,1568.0,1575.0,1559.0,1575.0
2025-02-13,1575.0,1605.0,1573.0,1605.0
2025-02-14,1610.0,1610.0,1587.0,1600.0
2025-02-17,1608.0,1616.0,1594.0,1594.0
2025-02-18,1590.0,1604.0,1590.0,1596.0
2025-02-19,1596.0,1602.0,1581.0,1591.0
2025-02-20,1592.0,1592.0,1560.0,1561.0
2025-02-21,1561.0,1579.0,1560.0,1568.0
2025-02-25,1568.0,1570.0,1552.0,1553.0
2025-02-26,1555.0,1564.0,1545.0,1554.0
2025-02-27,1558.0,1605.0,1551.0,1605.0
2025-02-28,1596.0,1617.0,1586.0,1598.0
2025-03-03,1615.0,1615.0,1597.0,1612.0
2025-03-04,1612.0,1616.0,1594.0,1609.0
2025-03-05,1610.0,1635.0,1609.0,1630.0
2025-03-06,1638.0,1645.0,1627.0,1636.0
2025-03-07,1625.0,1640.0,1614.0,1640.0
2025-03-10,1645.0,1645.0,1627.0,1635.0
2025-03-11,1620.0,1635.0,1607.0,1635.0
2025-03-12,1624.0,1629.0,1613.0,1618.0
2025-03-13,1630.0,1636.0,1605.0,1611.0
2025-03-14,1620.0,1641.0,1611.0,1628.0
2025-03-17,1641.0,1642.0,1622.0,1635.0
2025-03-18,1638.0,1659.0,1635.0,1645.0
2025-03-19,1650.0,1671.0,1650.0,1657.0
2025-03-21,1656.0,1661.0,1645.0,1655.0
2025-03-24,1668.0,1668.0,1636.0,1645.0
2025-03-25,1645.0,1650.0,1633.0,1639.0
2025-03-26,1633.0,1645.0,1622.0,1637.0
2025-03-27,1637.0,1648.0,1619.0,1624.0
2025-03-28,1601.0,1617.0,1585.0,1616.0
2025-03-31,1611.0,1611.0,1537.0,1538.0
2025-04-01,1551.0,1555.0,1519.0,1532.0
2025-04-02,1554.0,1583.0,1526.0,1564.0
2025-04-03,1524.0,1595.0,1519.0,1577.0
2025-04-04,1569.0,1573.0,1370.0,1415.0
2025-04-07,1303.0,1354.0,1281.0,1293.0
2025-04-08,1337.0,1394.0,1323.0,1373.0
2025-04-09,1343.0,1367.0,1316.0,1349.0
2025-04-10,1409.0,1432.0,1396.0,1410.0
2025-04-11,1399.0,1426.0,1368.0,1424.0
2025-04-14,1430.0,1453.0,1428.0,1444.0
2025-04-15,1460.0,1472.0,1451.0,1455.0
2025-04-16,1469.0,1469.0,1419.0,1425.0
2025-04-17,1415.0,1421.0,1401.0,1406.0
2025-04-18,1421.0,1449.0,1420.0,1448.0
2025-04-21,1453.0,1469.0,1448.0,1465.0
2025-04-22,1472.0,1486.0,1456.0,1464.0
2025-04-23,1475.0,1475.0,1455.0,1470.0
2025-04-24,1474.0,1474.0,1437.0,1443.0
2025-04-25,1443.0,1450.0,1431.0,1432.0
2025-04-28,1437.0,1452.0,1428.0,1440.0
2025-04-30,1442.0,1442.0,1416.0,1428.0
2025-05-01,1430.0,1439.0,1418.0,1428.0
2025-05-02,1445.0,1445.0,1417.0,1432.0
2025-05-07,1424.0,1448.0,1409.0,1446.0
2025-05-08,1438.0,1444.0,1407.0,1433.0
2025-05-09,1439.0,1452.0,1433.0,1443.0
2025-05-12,1445.0,1458.0,1443.0,1457.0
2025-05-13,1458.0,1458.0,1433.0,1435.0
2025-05-14,1435.0,1436.0,1410.0,1415.0
2025-05-15,1416.0,1436.0,1416.0,1434.0
2025-05-16,1433.0,1458.0,1419.0,1440.0
2025-05-19,1436.0,1450.0,1431.0,1446.0
2025-05-20,1450.0,1455.0,1423.0,1423.0
2025-05-21,1424.0,1439.0,1413.0,1414.0
2025-05-22,1411.0,1426.0,1407.0,1417.0
2025-05-23,1426.0,1437.0,1423.0,1437.0
2025-05-26,1443.0,1447.0,1437.0,1447.0
2025-05-27,1451.0,1461.0,1447.0,1459.0
2025-05-28,1464.0,1474.0,1453.0,1464.0
2025-05-29,1465.0,1474.0,1461.0,1461.0
2025-05-30,1455.0,1467.0,1455.0,1465.0
2025-06-02,1460.0,1464.0,1447.0,1457.0
2025-06-03,1460.0,1460.0,1451.0,1453.0
2025-06-04,1453.0,1460.0,1445.0,1448.0
2025-06-05,1441.0,1447.0,1418.0,1430.0
2025-06-06,1432.0,1444.0,1430.0,1436.0
2025-06-09,1441.0,1450.0,1433.0,1444.0
2025-06-10,1442.0,1452.0,1437.0,1442.0
2025-06-11,1446.0,1454.0,1442.0,1450.0
2025-06-12,1450.0,1452.0,1443.0,1443.0
2025-06-13,1452.0,1454.0,1432.0,1440.0
2025-06-16,1455.0,1455.0,1436.0,1448.0
2025-06-17,1448.0,1472.0,1447.0,1472.0
2025-06-18,1466.0,1477.0,1466.0,1475.0
2025-06-19,1479.0,1495.0,1476.0,1495.0
2025-06-20,1495.0,1514.0,1488.0,1495.0
2025-06-23,1487.0,1505.0,1482.0,1501.0
2025-06-24,1511.0,1514.0,1472.0,1480.0
2025-06-25,1481.0,1483.0,1464.0,1474.0
2025-06-26,1467.0,1490.0,1467.0,1490.0
2025-06-27,1492.0,1496.0,1480.0,1490.0
2025-06-30,1489.0,1505.0,1489.0,1503.0
2025-07-01,1503.0,1503.0,1484.0,1493.0
2025-07-02,1493.0,1498.0,1473.0,1491.0
2025-07-03,1491.0,1498.0,1432.0,1437.0
2025-07-04,1435.0,1447.0,1432.0,1439.0
2025-07-07,1446.0,1467.0,1446.0,1449.0
2025-07-08,1460.0,1479.0,1454.0,1469.0
2025-07-09,1469.0,1480.0,1459.0,1480.0
2025-07-10,1480.0,1488.0,1460.0,1466.0
2025-07-11,1462.0,1496.0,1462.0,1475.0
2025-07-14,1472.0,1486.0,1468.0,1478.0
2025-07-15,1490.0,1490.0,1466.0,1472.0
2025-07-16,1474.0,1498.0,1470.0,1473.0
2025-07-17,1478.0,1495.0,1471.0,1495.0
2025-07-18,1499.0,1506.0,1484.0,1484.0
2025-07-22,1483.0,1502.0,1477.0,1482.0
2025-07-23,1497.0,1505.0,1484.0,1504.0
2025-07-24,1510.0,1519.0,1507.0,1515.0
2025-07-25,1517.0,1519.0,1505.0,1515.0
2025-07-28,1516.0,1525.0,1510.0,1522.0
2025-07-29,1517.0,1524.0,1505.0,1517.0
2025-07-30,1517.0,1524.0,1514.0,1520.0
2025-07-31,1525.0,1534.0,1517.0,1529.0
2025-08-01,1519.0,1548.0,1519.0,1548.0
2025-08-04,1538.0,1554.0,1531.0,1549.0
2025-08-05,1555.0,1561.0,1553.0,1554.0
2025-08-06,1555.0,1558.0,1551.0,1557.0
2025-08-07,1551.0,1564.0,1547.0,1553.0
2025-08-08,1556.0,1559.0,1540.0,1555.0
2025-08-12,1555.0,1566.0,1545.0,1565.0
2025-08-13,1565.0,1568.0,1548.0,1562.0
2025-08-14,1554.0,1565.0,1548.0,1562.0
2025-08-15,1568.0,1578.0,1552.0,1573.0
2025-08-18,1593.0,1595.0,1582.0,1590.0
2025-08-19,1593.0,1595.0,1585.0,1591.0
2025-08-20,1591.0,1593.0,1584.0,1590.0
2025-08-21,1581.0,1589.0,1573.0,1586.0
2025-08-22,1590.0,1590.0,1569.0,1577.0
2025-08-25,1587.0,1587.0,1573.0,1580.0
2025-08-26,1576.0,1576.0,1562.0,1562.0
2025-08-27,1555.0,1560.0,1546.0,1546.0
2025-08-28,1545.0,1548.0,1536.0,1536.0
2025-08-29,1534.0,1537.0,1516.0,1516.0
2025-09-01,1525.0,1538.0,1520.0,1535.0
2025-09-02,1543.0,1545.0,1528.0,1530.0
2025-09-03,1530.0,1546.0,1527.0,1541.0
2025-09-04,1541.0,1545.0,1528.0,1545.0
2025-09-05,1536.0,1547.0,1530.0,1542.0
2025-09-08,1549.0,1561.0,1547.0,1561.0
2025-09-09,1569.0,1569.0,1553.0,1555.0
2025-09-10,1563.0,1564.0,1549.0,1559.0
2025-09-11,1560.0,1561.0,1545.0,1547.0
2025-09-12,1554.0,1558.0,1547.0,1554.0
2025-09-16,1552.0,1571.0,1548.0,1566.0
2025-09-17,1570.0,1574.0,1560.0,1572.0
2025-09-18,1576.0,1582.0,1560.0,1572.0
2025-09-19,1569.0,1578.0,1560.0,1564.0
2025-09-22,1564.0,1573.0,1561.0,1565.0
2025-09-24,1566.0,1575.0,1560.0,1570.0
2025-09-25,1580.0,1588.0,1564.0,1581.0
2025-09-26,1574.0,1586.0,1574.0,1585.0
2025-09-29,1569.0,1571.0,1537.0,1537.0
2025-09-30,1541.0,1543.0,1522.0,1522.0
2025-10-01,1520.0,1522.0,1495.0,1495.0
2025-10-02,1500.0,1508.0,1495.0,1496.0
2025-10-03,1494.0,1504.0,1419.0,1432.0
2025-10-06,1439.0,1442.0,1413.0,1432.0
2025-10-07,1428.0,1432.0,1410.0,1410.0
2025-10-08,1406.0,1423.0,1403.0,1406.0
2025-10-09,1405.0,1406.0,1376.0,1385.0
2025-10-10,1373.0,1375.0,1360.0,1363.0
2025-10-14,1346.0,1356.0,1336.0,1339.0
2025-10-15,1342.0,1353.0,1336.0,1345.0
2025-10-16,1345.0,1355.0,1341.0,1349.0
2025-10-17,1350.0,1350.0,1337.0,1341.0
2025-10-20,1350.0,1360.0,1345.0,1350.0
2025-10-21,1364.0,1370.0,1354.0,1359.0
2025-10-22,1365.0,1382.0,1365.0,1374.0
2025-10-23,1376.0,1384.0,1373.0,1375.0
2025-10-24,1377.0,1384.0,1360.0,1360.0
2025-10-27,1372.0,1377.0,1369.0,1373.0
2025-10-28,1370.0,1371.0,1353.0,1361.0
2025-10-29,1355.0,1355.0,1325.0,1325.0
2025-10-30,1325.0,1337.0,1322.0,1322.0
2025-10-31,1317.0,1331.0,1317.0,1331.0
2025-11-04,1335.0,1335.0,1316.0,1319.0
2025-11-05,1315.0,1327.0,1312.0,1317.0
2025-11-06,1317.0,1328.0,1317.0,1320.0
2025-11-07,1320.0,1342.0,1320.0,1341.0
2025-11-10,1342.0,1351.0,1336.0,1350.0
2025-11-11,1353.0,1353.0,1340.0,1350.0
2025-11-12,1350.0,1366.0,1347.0,1355.0
2025-11-13,1364.0,1364.0,1354.0,1360.0
2025-11-14,1359.0,1363.0,1343.0,1345.0
2025-11-17,1352.0,1352.0,1335.0,1344.0
2025-11-18,1344.0,1351.0,1336.0,1337.0
2025-11-19,1338.0,1351.0,1335.0,1344.0
2025-11-20,1344.0,1345.0,1330.0,1330.0
2025-11-21,1330.0,1357.0,1326.0,1351.0
2025-11-25,1352.0,1355.0,1340.0,1340.0
2025-11-26,1349.0,1354.0,1344.0,1345.0
2025-11-27,1350.0,1352.0,1344.0,1346.0
2025-11-28,1354.0,1354.0,1346.0,1346.0
2025-12-01,1351.0,1351.0,1333.0,1344.0
2025-12-02,1343.0,1346.0,1335.0,1335.0
2025-12-03,1335.0,1336.0,1328.0,1330.0
2025-12-04,1330.0,1344.0,1330.0,1344.0
2025-12-05,1336.0,1347.0,1333.0,1341.0
2025-12-08,1341.0,1345.0,1332.0,1336.0
2025-12-09,1337.0,1341.0,1320.0,1321.0
2025-12-10,1327.0,1342.0,1325.0,1342.0
2025-12-11,1342.0,1344.0,1322.0,1323.0
2025-12-12,1330.0,1342.0,1330.0,1334.0
2025-12-15,1336.0,1350.0,1331.0,1349.0
2025-12-16,1345.0,1356.0,1342.0,1348.0
2025-12-17,1350.0,1356.0,1341.0,1354.0
2025-12-18,1354.0,1366.0,1350.0,1366.0
2025-12-19,1369.0,1380.0,1365.0,1380.0
2025-12-22,1380.0,1386.0,1363.0,1367.0
2025-12-23,1367.0,1381.0,1367.0,1374.0
2025-12-24,1377.0,1388.0,1377.0,1388.0
2025-12-25,1385.0,1389.0,1378.0,1383.0
2025-12-26,1392.0,1404.0,1385.0,1404.0
2025-12-29,1420.0,1420.0,1404.0,1411.0
2025-12-30,1417.0,1423.0,1406.0,1411.0
2026-01-05,1418.0,1419.0,1355.0,1388.0
2026-01-06,1404.0,1406.0,1377.0,1390.0
2026-01-07,1398.0,1416.0,1393.0,1397.0
2026-01-08,1400.0,1410.0,1394.0,1401.0
2026-01-09,1410.0,1416.0,1395.0,1399.0
2026-01-13,1414.0,1414.0,1378.0,1380.0
2026-01-14,1380.0,1391.0,1376.0,1387.0
2026-01-15,1391.0,1403.0,1386.0,1403.0
2026-01-16,1403.0,1408.0,1397.0,1404.0
2026-01-19,1400.0,1408.0,1390.0,1399.0
2026-01-20,1397.0,1409.0,1391.0,1395.0
2026-01-21,1395.0,1398.0,1386.0,1388.0
2026-01-22,1403.0,1415.0,1393.0,1407.0
2026-01-23,1407.0,1417.0,1404.0,1406.0
2026-01-26,1401.0,1401.0,1390.0,1393.0
2026-01-27,1393.0,1404.0,1382.0,1383.0
2026-01-28,1390.0,1394.0,1378.0,1394.0
2026-01-29,1394.0,1395.0,1376.0,1385.0
2026-01-30,1389.0,1391.0,1372.0,1389.0
2026-02-02,1391.0,1397.0,1376.0,1376.0
2026-02-03,1370.0,1376.0,1355.0,1358.0
2026-02-04,1354.0,1367.0,1350.0,1365.0
2026-02-05,1384.0,1398.0,1377.0,1393.0
2026-02-06,1393.0,1394.0,1380.0,1386.0
2026-02-09,1400.0,1408.0,1392.0,1402.0
2026-02-10,1400.0,1410.0,1394.0,1407.0
2026-02-12,1419.0,1419.0,1410.0,1410.0
2026-02-13,1414.0,1419.0,1400.0,1401.0
2026-02-16,1408.0,1420.0,1399.0,1417.0
2026-02-17,1422.0,1423.0,1406.0,1409.0
2026-02-18,1415.0,1425.0,1413.0,1423.0
2026-02-19,1430.0,1447.0,1420.0,1441.0
2026-02-20,1426.0,1435.0,1422.0,1427.0
2026-02-24,1426.0,1440.0,1416.0,1437.0
2026-02-25,1440.0,1451.0,1436.0,1446.0
2026-02-26,1454.0,1466.0,1450.0,1450.0
2026-02-27,1465.0,1485.0,1462.0,1479.0
2026-03-02,1469.0,1471.0,1451.0,1457.0
2026-03-03,1457.0,1459.0,1423.0,1425.0
2026-03-04,1410.0,1431.0,1400.0,1428.0
2026-03-05,1460.0,1465.0,1449.0,1454.0
2026-03-06,1465.0,1468.0,1451.0,1457.0
2026-03-09,1450.0,1457.0,1425.0,1447.0
2026-03-10,1470.0,1470.0,1450.0,1453.0
2026-03-11,1457.0,1470.0,1440.0,1440.0
2026-03-12,1435.0,1450.0,1425.0,1439.0
2026-03-13,1437.0,1447.0,1436.0,1438.0
2026-03-16,1435.0,1435.0,1417.0,1418.0
2026-03-17,1430.0,1444.0,1429.0,1443.0
2026-03-18,1445.0,1455.0,1440.0,1455.0
2026-03-19,1446.0,1452.0,1421.0,1421.0
2026-03-23,1423.0,1428.0,1413.0,1416.0
2026-03-24,1438.0,1448.0,1431.0,1435.0
2026-03-25,1435.0,1454.0,1435.0,1450.0
2026-03-26,1453.0,1454.0,1429.0,1441.0
2026-03-27,1445.0,1449.0,1438.0,1438.0
2026-03-30,1382.0,1400.0,1380.0,1400.0
2026-03-31,1407.0,1413.0,1390.0,1398.0
2026-04-01,1419.0,1421.0,1407.0,1420.0
2026-04-02,1432.0,1439.0,1404.0,1425.0
2026-04-03,1405.0,1490.0,1405.0,1436.0
2026-04-06,1440.0,1469.0,1429.0,1445.0
2026-04-07,1430.0,1442.0,1419.0,1439.0
2026-04-08,1455.0,1465.0,1442.0,1450.0
2026-04-09,1450.0,1462.0,1440.0,1445.0
2026-04-10,1445.0,1458.0,1434.0,1445.0
2026-04-13,1445.0,1445.0,1403.0,1406.0
2026-04-14,1419.0,1422.0,1405.0,1408.0
2026-04-15,1418.0,1433.0,1416.0,1430.0
2026-04-16,1436.0,1437.0,1418.0,1429.0
2026-04-17,1423.0,1434.0,1419.0,1425.0
2026-04-20,1421.0,1425.0,1411.0,1413.0
2026-04-21,1418.0,1419.0,1388.0,1388.0
2026-04-22,1383.0,1386.0,1356.0,1356.0
2026-04-23,1356.0,1358.0,1342.0,1343.0
2026-04-24,1348.0,1354.0,1327.0,1327.0
2026-04-27,1335.0,1342.0,1328.0,1332.0
2026-04-28,1334.0,1342.0,1329.0,1342.0
2026-04-30,1348.0,1348.0,1325.0,1333.0
2026-05-01,1337.0,1348.0,1333.0,1347.0
2026-05-07,1350.0,1354.0,1330.0,1341.0
2026-05-08,1346.0,1353.0,1340.0,1345.0
2026-05-11,1338.0,1348.0,1333.0,1342.0
2026-05-12,1345.0,1351.0,1336.0,1341.0
2026-05-13,1341.0,1365.0,1340.0,1362.0
2026-05-14,1351.0,1357.0,1339.0,1345.0
2026-05-15,1354.0,1354.0,1333.0,1352.0
2026-05-18,1347.0,1347.0,1335.0,1341.0
2026-05-19,1341.0,1360.0,1341.0,1352.0
2026-05-20,1350.0,1353.0,1326.0,1333.0
2026-05-21,1338.0,1345.0,1330.0,1330.0
2026-05-22,1333.0,1340.0,1327.0,1338.0
2026-05-25,1332.0,1332.0,1304.0,1304.0
2026-05-26,1301.0,1311.0,1296.0,1298.0
2026-05-27,1297.0,1302.0,1286.0,1298.0
2026-05-28,1298.0,1314.0,1297.0,1310.0
2026-05-29,1310.0,1342.0,1310.0,1325.0
2026-06-01,1314.0,1314.0,1293.0,1297.0
2026-06-02,1290.0,1290.0,1272.0,1277.0
2026-06-03,1274.0,1299.0,1267.0,1293.0
2026-06-04,1293.0,1301.0,1282.0,1300.0
2026-06-05,1308.0,1321.0,1307.0,1307.0
2026-06-08,1304.0,1340.0,1304.0,1323.0
2026-06-09,1325.0,1333.0,1314.0,1318.0
2026-06-10,1318.0,1345.0,1318.0,1344.0
2026-06-11,1344.0,1348.0,1328.0,1346.0
2026-06-12,1341.0,1345.0,1329.0,1335.0
2026-06-15,1345.0,1355.0,1338.0,1350.0
2026-06-16,1339.0,1339.0,1329.0,1338.0
2026-06-17,1342.0,1359.0,1339.0,1343.0
2026-06-18,1340.0,1341.0,1320.0,1329.0
2026-06-19,1329.0,1340.0,1322.0,1323.0
2026-06-22,1340.0,1341.0,1324.0,1328.0
2026-06-23,1326.0,1334.0,1324.0,1332.0
2026-06-24,1327.0,1339.0,1326.0,1337.0
2026-06-25,1334.0,1341.0,1327.0,1334.0
2026-06-26,1339.0,1355.0,1334.0,1355.0
2026-06-29,1356.0,1374.0,1356.0,1362.0
2026-06-30,1365.0,1374.0,1356.0,1356.0
2026-07-01,1355.0,1355.0,1330.0,1332.0
2026-07-02,1351.0,1358.0,1341.0,1351.0
2026-07-03,1339.0,1339.0,1312.0,1316.0
2026-07-06,1317.0,1324.0,1312.0,1314.0
2026-07-07,1315.0,1346.0,1315.0,1338.0
2026-07-08,1337.0,1345.0,1330.0,1334.0
2026-07-09,1332.0,1341.0,1328.0,1334.0
2026-07-10,1334.0,1336.0,1326.0,1333.0
2026-07-13,1330.0,1335.0,1319.0,1319.0
2026-07-14,1330.0,1343.0,1330.0,1333.0
2026-07-15,1344.0,1344.0,1327.0,1331.0
2026-07-16,1339.0,1345.0,1331.0,1343.0
2026-07-17,1343.0,1354.0,1335.0,1341.0
2026-07-21,1355.0,1361.0,1339.0,1346.0
2026-07-22,1341.0,1349.0,1331.0,1345.0
2026-07-23,1341.0,1346.0,1333.0,1338.0
2026-07-24,1333.0,1345.0,1327.0,1331.0
2026-07-27,1331.0,1353.0,1331.0,1349.0
2026-07-28,1343.0,1357.0,1342.0,1350.0
2026-07-29,1358.0,1391.0,1352.0,1385.0
2026-07-30,1385.0,1390.0,1368.0,1379.0
2026-07-31,1369.0,1384.0,1353.0,1358.0
2026-08-03,1358.0,1368.0,1339.0,1339.0
2026-08-04,1339.0,1344.0,1330.0,1330.0
2026-08-05,1330.0,1339.0,1328.0,1329.0
2026-08-06,1329.0,1346.0,1329.0,1340.0
2026-08-07,1349.0,1369.0,1347.0,1365.0
2026-08-10,1370.0,1371.0,1355.0,1365.0
2026-08-12,1380.0,1380.0,1361.0,1364.0
2026-08-13,1369.0,1378.0,1364.0,1371.0
2026-08-14,1371.0,1383.0,1365.0,1380.0
2026-08-17,1380.0,1398.0,1373.0,1388.0
2026-08-18,1388.0,1397.0,1376.0,1391.0
2026-08-19,1390.0,1405.0,1380.0,1394.0
2026-08-20,1394.0,1402.0,1387.0,1397.0
2026-08-21,1395.0,1399.0,1386.0,1391.0
2026-08-24,1386.0,1407.0,1386.0,1394.0
2026-08-25,1395.0,1409.0,1392.0,1404.0
2026-08-26,1400.0,1410.0,1400.0,1409.0
2026-08-27,1408.0,1409.0,1395.0,1401.0
2026-08-28,1395.0,1405.0,1387.0,1405.0
2026-08-31,1400.0,1414.0,1393.0,1409.0
2026-09-01,1405.0,1417.0,1405.0,1409.0
2026-09-02,1405.0,1405.0,1390.0,1390.0
2026-09-03,1390.0,1400.0,1390.0,1390.0
2026-09-04,1391.0,1401.0,1388.0,1395.0
2026-09-07,1394.0,1394.0,1382.0,1382.0
2026-09-08,1380.0,1390.0,1375.0,1387.0
2026-09-09,1379.0,1388.0,1373.0,1383.0
