Date,Open,High,Low,Close
2001-01-04,520.0,523.0,500.0,500.0
2001-01-05,515.0,529.0,511.0,513.0
2001-01-08,513.0,513.0,513.0,513.0
2001-01-09,508.0,509.0,502.0,507.0
2001-01-10,513.0,529.0,502.0,515.0
2001-01-11,528.0,530.0,515.0,529.0
2001-01-12,509.0,528.0,505.0,525.0
2001-01-15,506.0,520.0,506.0,509.0
2001-01-16,519.0,519.0,511.0,515.0
2001-01-17,515.0,517.0,514.0,515.0
2001-01-18,520.0,525.0,510.0,520.0
2001-01-19,511.0,525.0,511.0,516.0
2001-01-22,510.0,520.0,510.0,520.0
2001-01-23,515.0,525.0,515.0,523.0
2001-01-24,528.0,530.0,520.0,522.0
2001-01-25,522.0,524.0,520.0,522.0
2001-01-26,515.0,529.0,511.0,513.0
2001-01-29,512.0,524.0,512.0,516.0
2001-01-30,517.0,518.0,512.0,512.0
2001-01-31,514.0,526.0,514.0,520.0
2001-02-01,520.0,523.0,520.0,521.0
2001-02-02,510.0,521.0,510.0,521.0
2001-02-05,525.0,525.0,512.0,513.0
2001-02-06,515.0,519.0,513.0,513.0
2001-02-07,525.0,525.0,513.0,518.0
2001-02-08,518.0,519.0,505.0,509.0
2001-02-09,509.0,509.0,502.0,505.0
2001-02-12,505.0,505.0,505.0,505.0
2001-02-13,520.0,520.0,506.0,515.0
2001-02-14,520.0,520.0,510.0,520.0
2001-02-15,510.0,522.0,505.0,522.0
2001-02-16,522.0,522.0,511.0,511.0
2001-02-19,510.0,520.0,510.0,519.0
2001-02-20,519.0,530.0,511.0,530.0
2001-02-21,515.0,529.0,515.0,528.0
2001-02-22,525.0,530.0,515.0,515.0
2001-02-23,516.0,530.0,516.0,530.0
2001-02-26,515.0,535.0,515.0,515.0
2001-02-27,535.0,535.0,530.0,535.0
2001-02-28,532.0,532.0,526.0,527.0
2001-03-01,531.0,531.0,519.0,525.0
2001-03-02,530.0,530.0,510.0,510.0
2001-03-05,510.0,516.0,510.0,510.0
2001-03-06,510.0,520.0,510.0,520.0
2001-03-07,520.0,520.0,510.0,520.0
2001-03-08,518.0,518.0,510.0,515.0
2001-03-09,520.0,525.0,518.0,525.0
2001-03-12,520.0,525.0,511.0,511.0
2001-03-13,510.0,510.0,500.0,503.0
2001-03-14,503.0,503.0,503.0,503.0
2001-03-15,514.0,514.0,500.0,505.0
2001-03-16,506.0,514.0,501.0,505.0
2001-03-19,505.0,513.0,505.0,507.0
2001-03-20,507.0,507.0,507.0,507.0
2001-03-21,503.0,545.0,503.0,541.0
2001-03-22,541.0,550.0,515.0,517.0
2001-03-23,535.0,545.0,525.0,543.0
2001-03-26,533.0,550.0,530.0,545.0
2001-03-27,511.0,525.0,511.0,511.0
2001-03-28,511.0,520.0,510.0,513.0
2001-03-29,513.0,519.0,510.0,515.0
2001-03-30,518.0,518.0,506.0,506.0
2001-04-02,511.0,511.0,505.0,510.0
2001-04-03,506.0,515.0,506.0,515.0
2001-04-04,520.0,520.0,510.0,510.0
2001-04-05,514.0,520.0,514.0,520.0
2001-04-06,510.0,512.0,505.0,512.0
2001-04-09,512.0,512.0,509.0,509.0
2001-04-10,509.0,511.0,508.0,511.0
2001-04-11,513.0,513.0,508.0,508.0
2001-04-12,508.0,513.0,500.0,506.0
2001-04-13,510.0,510.0,506.0,509.0
2001-04-16,509.0,509.0,508.0,508.0
2001-04-17,508.0,508.0,508.0,508.0
2001-04-18,508.0,515.0,508.0,515.0
2001-04-19,515.0,516.0,513.0,516.0
2001-04-20,517.0,518.0,512.0,515.0
2001-04-23,520.0,520.0,510.0,510.0
2001-04-24,510.0,515.0,506.0,515.0
2001-04-25,510.0,517.0,510.0,511.0
2001-04-26,510.0,517.0,510.0,511.0
2001-04-27,513.0,515.0,506.0,507.0
2001-04-30,507.0,507.0,507.0,507.0
2001-05-01,515.0,520.0,510.0,519.0
2001-05-02,520.0,520.0,509.0,519.0
2001-05-03,519.0,519.0,519.0,519.0
2001-05-04,519.0,519.0,519.0,519.0
2001-05-07,510.0,515.0,510.0,515.0
2001-05-08,515.0,517.0,512.0,516.0
2001-05-09,518.0,518.0,510.0,517.0
2001-05-10,516.0,516.0,510.0,515.0
2001-05-11,517.0,517.0,510.0,510.0
2001-05-14,510.0,512.0,507.0,509.0
2001-05-15,507.0,509.0,505.0,506.0
2001-05-16,505.0,509.0,505.0,506.0
2001-05-17,510.0,510.0,506.0,510.0
2001-05-18,505.0,510.0,500.0,503.0
2001-05-21,500.0,505.0,500.0,504.0
2001-05-22,500.0,504.0,500.0,501.0
2001-05-23,500.0,502.0,500.0,500.0
2001-05-24,496.0,500.0,493.0,498.0
2001-05-25,494.0,499.0,491.0,496.0
2001-05-28,492.0,495.0,480.0,486.0
2001-05-29,480.0,485.0,480.0,485.0
2001-05-30,480.0,485.0,480.0,481.0
2001-05-31,481.0,485.0,478.0,484.0
2001-06-01,485.0,485.0,478.0,479.0
2001-06-04,484.0,484.0,480.0,482.0
2001-06-05,483.0,484.0,482.0,484.0
2001-06-06,485.0,485.0,478.0,478.0
2001-06-07,480.0,482.0,480.0,481.0
2001-06-08,466.0,474.0,466.0,471.0
2001-06-11,471.0,474.0,471.0,471.0
2001-06-12,471.0,472.0,465.0,467.0
2001-06-13,467.0,469.0,466.0,466.0
2001-06-14,466.0,466.0,450.0,450.0
2001-06-15,450.0,450.0,434.0,434.0
2001-06-18,448.0,457.0,440.0,446.0
2001-06-19,460.0,465.0,456.0,456.0
2001-06-20,456.0,456.0,448.0,449.0
2001-06-21,454.0,458.0,450.0,451.0
2001-06-22,463.0,464.0,458.0,462.0
2001-06-25,462.0,470.0,461.0,470.0
2001-06-26,469.0,475.0,463.0,475.0
2001-06-27,475.0,475.0,470.0,470.0
2001-06-28,470.0,475.0,460.0,470.0
2001-06-29,474.0,475.0,469.0,470.0
2001-07-02,471.0,474.0,460.0,462.0
2001-07-03,473.0,473.0,462.0,470.0
2001-07-04,470.0,470.0,462.0,463.0
2001-07-05,460.0,465.0,460.0,460.0
2001-07-06,460.0,465.0,460.0,462.0
2001-07-09,460.0,460.0,451.0,451.0
2001-07-10,453.0,453.0,440.0,447.0
2001-07-11,442.0,445.0,431.0,435.0
2001-07-12,431.0,438.0,430.0,437.0
2001-07-13,439.0,449.0,439.0,446.0
2001-07-16,445.0,445.0,442.0,442.0
2001-07-17,435.0,439.0,435.0,437.0
2001-07-18,435.0,445.0,435.0,440.0
2001-07-19,440.0,443.0,440.0,443.0
2001-07-20,443.0,443.0,443.0,443.0
2001-07-23,443.0,446.0,435.0,439.0
2001-07-24,438.0,445.0,436.0,444.0
2001-07-25,449.0,449.0,435.0,435.0
2001-07-26,433.0,450.0,433.0,449.0
2001-07-27,435.0,448.0,435.0,446.0
2001-07-30,449.0,450.0,439.0,449.0
2001-07-31,443.0,449.0,443.0,446.0
2001-08-01,441.0,460.0,441.0,458.0
2001-08-02,462.0,474.0,460.0,474.0
2001-08-03,475.0,480.0,470.0,478.0
2001-08-06,478.0,490.0,478.0,490.0
2001-08-07,492.0,492.0,480.0,486.0
2001-08-08,480.0,486.0,480.0,484.0
2001-08-09,478.0,478.0,463.0,474.0
2001-08-10,476.0,476.0,473.0,474.0
2001-08-13,465.0,470.0,464.0,467.0
2001-08-14,469.0,479.0,465.0,479.0
2001-08-15,479.0,479.0,475.0,475.0
2001-08-16,470.0,470.0,466.0,467.0
2001-08-17,470.0,475.0,466.0,467.0
2001-08-20,466.0,470.0,462.0,462.0
2001-08-21,465.0,473.0,465.0,467.0
2001-08-22,465.0,475.0,465.0,470.0
2001-08-23,478.0,479.0,470.0,470.0
2001-08-24,470.0,478.0,470.0,475.0
2001-08-27,480.0,489.0,479.0,489.0
2001-08-28,494.0,494.0,460.0,468.0
2001-08-29,478.0,488.0,477.0,485.0
2001-08-30,475.0,480.0,473.0,473.0
2001-08-31,473.0,480.0,473.0,477.0
2001-09-03,475.0,477.0,468.0,468.0
2001-09-04,462.0,477.0,461.0,477.0
2001-09-05,462.0,472.0,462.0,462.0
2001-09-06,461.0,472.0,460.0,472.0
2001-09-07,458.0,468.0,458.0,461.0
2001-09-10,457.0,457.0,450.0,450.0
2001-09-11,450.0,453.0,450.0,453.0
2001-09-12,440.0,441.0,431.0,440.0
2001-09-13,430.0,440.0,430.0,440.0
2001-09-14,444.0,450.0,440.0,450.0
2001-09-17,440.0,440.0,430.0,434.0
2001-09-18,435.0,440.0,434.0,434.0
2001-09-19,435.0,458.0,435.0,458.0
2001-09-20,458.0,458.0,440.0,445.0
2001-09-21,440.0,464.0,440.0,441.0
2001-09-24,441.0,441.0,441.0,441.0
2001-09-25,442.0,461.0,442.0,461.0
2001-09-26,457.0,461.0,453.0,453.0
2001-09-27,451.0,465.0,451.0,465.0
2001-09-28,465.0,465.0,465.0,465.0
2001-10-01,479.0,480.0,475.0,477.0
2001-10-02,477.0,484.0,470.0,470.0
2001-10-03,480.0,483.0,475.0,480.0
2001-10-04,480.0,485.0,460.0,485.0
2001-10-05,480.0,480.0,469.0,469.0
2001-10-08,469.0,469.0,469.0,469.0
2001-10-09,450.0,450.0,420.0,420.0
2001-10-10,420.0,440.0,420.0,423.0
2001-10-11,425.0,433.0,424.0,433.0
2001-10-12,440.0,458.0,440.0,445.0
2001-10-15,445.0,460.0,445.0,458.0
2001-10-16,460.0,476.0,450.0,450.0
2001-10-17,440.0,469.0,440.0,458.0
2001-10-18,442.0,530.0,442.0,530.0
2001-10-19,520.0,520.0,500.0,501.0
2001-10-22,492.0,502.0,492.0,502.0
2001-10-23,499.0,530.0,495.0,530.0
2001-10-24,530.0,539.0,520.0,537.0
2001-10-25,537.0,579.0,535.0,579.0
2001-10-26,576.0,585.0,560.0,575.0
2001-10-29,559.0,568.0,541.0,560.0
2001-10-30,530.0,562.0,530.0,562.0
2001-10-31,560.0,562.0,530.0,562.0
2001-11-01,560.0,560.0,546.0,547.0
2001-11-02,541.0,550.0,534.0,546.0
2001-11-05,530.0,543.0,530.0,539.0
2001-11-06,539.0,595.0,539.0,594.0
2001-11-07,600.0,600.0,581.0,599.0
2001-11-08,598.0,629.0,585.0,620.0
2001-11-09,620.0,620.0,620.0,620.0
2001-11-12,625.0,641.0,605.0,625.0
2001-11-13,605.0,610.0,590.0,605.0
2001-11-14,595.0,599.0,585.0,589.0
2001-11-15,576.0,605.0,576.0,605.0
2001-11-16,595.0,629.0,592.0,605.0
2001-11-19,599.0,600.0,580.0,585.0
2001-11-20,583.0,591.0,555.0,575.0
2001-11-21,572.0,575.0,557.0,573.0
2001-11-22,565.0,580.0,565.0,574.0
2001-11-23,574.0,574.0,574.0,574.0
2001-11-26,570.0,599.0,568.0,597.0
2001-11-27,604.0,604.0,586.0,586.0
2001-11-28,596.0,596.0,576.0,596.0
2001-11-29,594.0,594.0,579.0,585.0
2001-11-30,580.0,590.0,570.0,570.0
2001-12-03,551.0,565.0,551.0,558.0
2001-12-04,550.0,552.0,540.0,540.0
2001-12-05,543.0,567.0,543.0,563.0
2001-12-06,583.0,590.0,564.0,564.0
2001-12-07,560.0,563.0,557.0,563.0
2001-12-10,550.0,562.0,550.0,562.0
2001-12-11,552.0,557.0,551.0,551.0
2001-12-12,560.0,575.0,551.0,564.0
2001-12-13,551.0,568.0,540.0,558.0
2001-12-14,528.0,550.0,528.0,540.0
2001-12-17,569.0,569.0,550.0,555.0
2001-12-18,557.0,565.0,550.0,565.0
2001-12-19,562.0,567.0,550.0,553.0
2001-12-20,555.0,556.0,552.0,554.0
2001-12-21,554.0,560.0,554.0,560.0
2001-12-24,560.0,560.0,560.0,560.0
2001-12-25,550.0,569.0,545.0,569.0
2001-12-26,574.0,590.0,560.0,580.0
2001-12-27,580.0,592.0,566.0,592.0
2001-12-28,572.0,590.0,572.0,588.0
2001-12-31,588.0,588.0,588.0,588.0
2002-01-01,588.0,588.0,588.0,588.0
2002-01-02,588.0,588.0,588.0,588.0
2002-01-03,588.0,588.0,588.0,588.0
2002-01-04,600.0,600.0,578.0,597.0
2002-01-07,597.0,606.0,589.0,606.0
2002-01-08,589.0,590.0,582.0,582.0
2002-01-09,580.0,589.0,578.0,589.0
2002-01-10,589.0,591.0,582.0,583.0
2002-01-11,600.0,600.0,582.0,598.0
2002-01-14,598.0,598.0,598.0,598.0
2002-01-15,578.0,590.0,578.0,589.0
2002-01-16,590.0,590.0,580.0,590.0
2002-01-17,589.0,589.0,580.0,583.0
2002-01-18,581.0,600.0,578.0,600.0
2002-01-21,597.0,600.0,592.0,600.0
2002-01-22,600.0,600.0,580.0,580.0
2002-01-23,570.0,580.0,569.0,578.0
2002-01-24,588.0,590.0,580.0,590.0
2002-01-25,588.0,591.0,588.0,590.0
2002-01-28,570.0,599.0,558.0,580.0
2002-01-29,581.0,591.0,570.0,586.0
2002-01-30,566.0,586.0,566.0,575.0
2002-01-31,575.0,575.0,575.0,575.0
2002-02-01,575.0,575.0,561.0,575.0
2002-02-04,575.0,578.0,572.0,578.0
2002-02-05,580.0,589.0,568.0,568.0
2002-02-06,567.0,577.0,567.0,576.0
2002-02-07,576.0,579.0,568.0,576.0
2002-02-08,567.0,588.0,567.0,578.0
2002-02-11,578.0,578.0,578.0,578.0
2002-02-12,597.0,598.0,578.0,598.0
2002-02-13,599.0,599.0,597.0,599.0
2002-02-14,599.0,600.0,591.0,591.0
2002-02-15,600.0,600.0,582.0,594.0
2002-02-18,586.0,600.0,586.0,595.0
2002-02-19,585.0,587.0,583.0,584.0
2002-02-20,580.0,598.0,580.0,594.0
2002-02-21,595.0,600.0,585.0,585.0
2002-02-22,586.0,600.0,586.0,600.0
2002-02-25,599.0,600.0,592.0,597.0
2002-02-26,597.0,599.0,595.0,599.0
2002-02-27,595.0,625.0,595.0,623.0
2002-02-28,625.0,630.0,615.0,625.0
2002-03-01,625.0,625.0,602.0,612.0
2002-03-04,639.0,639.0,612.0,635.0
2002-03-05,625.0,628.0,614.0,624.0
2002-03-06,620.0,624.0,606.0,613.0
2002-03-07,620.0,620.0,606.0,620.0
2002-03-08,595.0,620.0,595.0,613.0
2002-03-11,610.0,610.0,595.0,600.0
2002-03-12,600.0,605.0,590.0,590.0
2002-03-13,590.0,592.0,580.0,580.0
2002-03-14,580.0,600.0,580.0,592.0
2002-03-15,592.0,600.0,592.0,600.0
2002-03-18,601.0,608.0,601.0,605.0
2002-03-19,610.0,620.0,609.0,614.0
2002-03-20,620.0,620.0,606.0,613.0
2002-03-21,613.0,613.0,613.0,613.0
2002-03-22,613.0,613.0,601.0,610.0
2002-03-25,613.0,628.0,609.0,628.0
2002-03-26,603.0,610.0,600.0,601.0
2002-03-27,602.0,620.0,601.0,620.0
2002-03-28,600.0,604.0,600.0,600.0
2002-03-29,600.0,601.0,595.0,595.0
2002-04-01,596.0,596.0,575.0,596.0
2002-04-02,592.0,592.0,576.0,580.0
2002-04-03,580.0,585.0,580.0,585.0
2002-04-04,583.0,599.0,583.0,597.0
2002-04-05,594.0,600.0,594.0,594.0
2002-04-08,600.0,600.0,583.0,583.0
2002-04-09,596.0,607.0,585.0,607.0
2002-04-10,600.0,610.0,595.0,610.0
2002-04-11,612.0,612.0,603.0,604.0
2002-04-12,610.0,610.0,596.0,609.0
2002-04-15,600.0,609.0,600.0,609.0
2002-04-16,608.0,619.0,602.0,619.0
2002-04-17,617.0,617.0,600.0,610.0
2002-04-18,610.0,615.0,609.0,610.0
2002-04-19,606.0,609.0,604.0,607.0
2002-04-22,610.0,615.0,607.0,615.0
2002-04-23,615.0,615.0,610.0,610.0
2002-04-24,600.0,610.0,600.0,600.0
2002-04-25,600.0,603.0,600.0,603.0
2002-04-26,609.0,610.0,591.0,591.0
2002-04-29,591.0,591.0,591.0,591.0
2002-04-30,600.0,603.0,593.0,598.0
2002-05-01,602.0,605.0,595.0,595.0
2002-05-02,597.0,600.0,597.0,599.0
2002-05-03,599.0,599.0,599.0,599.0
2002-05-06,599.0,599.0,599.0,599.0
2002-05-07,605.0,605.0,595.0,595.0
2002-05-08,595.0,600.0,595.0,595.0
2002-05-09,605.0,605.0,598.0,598.0
2002-05-10,598.0,601.0,595.0,595.0
2002-05-13,598.0,612.0,598.0,610.0
2002-05-14,610.0,616.0,590.0,606.0
2002-05-15,610.0,615.0,595.0,595.0
2002-05-16,610.0,610.0,580.0,604.0
2002-05-17,608.0,610.0,580.0,580.0
2002-05-20,582.0,599.0,581.0,590.0
2002-05-21,599.0,600.0,594.0,600.0
2002-05-22,595.0,605.0,595.0,604.0
2002-05-23,605.0,610.0,600.0,610.0
2002-05-24,610.0,613.0,601.0,609.0
2002-05-27,615.0,627.0,613.0,613.0
2002-05-28,620.0,624.0,613.0,615.0
2002-05-29,614.0,614.0,600.0,600.0
2002-05-30,600.0,607.0,595.0,600.0
2002-05-31,610.0,610.0,600.0,600.0
2002-06-03,610.0,612.0,600.0,610.0
2002-06-04,605.0,610.0,605.0,605.0
2002-06-05,603.0,610.0,595.0,595.0
2002-06-06,604.0,604.0,587.0,593.0
2002-06-07,600.0,600.0,586.0,599.0
2002-06-10,597.0,600.0,586.0,587.0
2002-06-11,590.0,600.0,590.0,598.0
2002-06-12,591.0,594.0,591.0,592.0
2002-06-13,594.0,594.0,590.0,592.0
2002-06-14,600.0,600.0,586.0,586.0
2002-06-17,600.0,600.0,585.0,585.0
2002-06-18,595.0,595.0,581.0,588.0
2002-06-19,581.0,587.0,570.0,570.0
2002-06-20,590.0,592.0,573.0,588.0
2002-06-21,588.0,588.0,575.0,578.0
2002-06-24,575.0,584.0,572.0,584.0
2002-06-25,590.0,591.0,580.0,587.0
2002-06-26,595.0,595.0,576.0,576.0
2002-06-27,572.0,588.0,572.0,580.0
2002-06-28,595.0,598.0,581.0,589.0
2002-07-01,590.0,596.0,586.0,589.0
2002-07-02,588.0,590.0,586.0,588.0
2002-07-03,573.0,598.0,573.0,598.0
2002-07-04,595.0,595.0,586.0,590.0
2002-07-05,592.0,593.0,589.0,591.0
2002-07-08,595.0,599.0,594.0,599.0
2002-07-09,595.0,595.0,583.0,593.0
2002-07-10,592.0,600.0,586.0,594.0
2002-07-11,587.0,595.0,585.0,591.0
2002-07-12,599.0,599.0,585.0,585.0
2002-07-15,585.0,585.0,581.0,581.0
2002-07-16,580.0,590.0,570.0,570.0
2002-07-17,570.0,589.0,562.0,586.0
2002-07-18,587.0,620.0,576.0,620.0
2002-07-19,588.0,594.0,585.0,588.0
2002-07-22,576.0,590.0,576.0,584.0
2002-07-23,571.0,580.0,570.0,580.0
2002-07-24,571.0,578.0,570.0,570.0
2002-07-25,580.0,580.0,573.0,580.0
2002-07-26,589.0,589.0,570.0,570.0
2002-07-29,571.0,571.0,551.0,551.0
2002-07-30,561.0,575.0,559.0,569.0
2002-07-31,576.0,581.0,571.0,574.0
2002-08-01,568.0,573.0,568.0,572.0
2002-08-02,582.0,582.0,560.0,560.0
2002-08-05,562.0,572.0,560.0,561.0
2002-08-06,562.0,566.0,560.0,560.0
2002-08-07,565.0,567.0,561.0,561.0
2002-08-08,570.0,579.0,560.0,560.0
2002-08-09,589.0,589.0,559.0,588.0
2002-08-12,587.0,589.0,571.0,571.0
2002-08-13,565.0,575.0,562.0,565.0
2002-08-14,560.0,577.0,560.0,575.0
2002-08-15,562.0,582.0,561.0,582.0
2002-08-16,582.0,582.0,550.0,561.0
2002-08-19,571.0,581.0,571.0,574.0
2002-08-20,573.0,587.0,570.0,580.0
2002-08-21,589.0,589.0,578.0,584.0
2002-08-22,576.0,595.0,576.0,595.0
2002-08-23,595.0,595.0,595.0,595.0
2002-08-26,590.0,600.0,585.0,592.0
2002-08-27,592.0,593.0,581.0,593.0
2002-08-28,593.0,593.0,581.0,581.0
2002-08-29,572.0,575.0,570.0,570.0
2002-08-30,565.0,575.0,561.0,567.0
2002-09-02,565.0,566.0,560.0,561.0
2002-09-03,563.0,579.0,545.0,546.0
2002-09-04,545.0,556.0,545.0,550.0
2002-09-05,552.0,558.0,540.0,551.0
2002-09-06,550.0,557.0,548.0,548.0
2002-09-09,551.0,560.0,551.0,558.0
2002-09-10,558.0,570.0,552.0,556.0
2002-09-11,575.0,575.0,560.0,560.0
2002-09-12,573.0,579.0,568.0,578.0
2002-09-13,598.0,600.0,571.0,576.0
2002-09-16,576.0,576.0,576.0,576.0
2002-09-17,566.0,593.0,566.0,593.0
2002-09-18,592.0,592.0,577.0,588.0
2002-09-19,593.0,600.0,580.0,592.0
2002-09-20,600.0,600.0,584.0,595.0
2002-09-23,595.0,595.0,595.0,595.0
2002-09-24,590.0,600.0,586.0,600.0
2002-09-25,563.0,589.0,563.0,578.0
2002-09-26,598.0,600.0,588.0,596.0
2002-09-27,600.0,610.0,600.0,600.0
2002-09-30,600.0,603.0,598.0,602.0
2002-10-01,602.0,602.0,585.0,590.0
2002-10-02,580.0,585.0,580.0,582.0
2002-10-03,598.0,599.0,580.0,590.0
2002-10-04,580.0,583.0,576.0,577.0
2002-10-07,570.0,573.0,563.0,563.0
2002-10-08,553.0,579.0,553.0,579.0
2002-10-09,562.0,565.0,551.0,551.0
2002-10-10,550.0,560.0,541.0,560.0
2002-10-11,586.0,586.0,572.0,579.0
2002-10-14,579.0,579.0,579.0,579.0
2002-10-15,596.0,596.0,582.0,584.0
2002-10-16,590.0,593.0,580.0,586.0
2002-10-17,589.0,590.0,558.0,583.0
2002-10-18,590.0,590.0,579.0,585.0
2002-10-21,595.0,595.0,585.0,585.0
2002-10-22,570.0,584.0,570.0,574.0
2002-10-23,565.0,583.0,565.0,583.0
2002-10-24,563.0,573.0,562.0,563.0
2002-10-25,573.0,586.0,570.0,586.0
2002-10-28,585.0,585.0,578.0,585.0
2002-10-29,584.0,585.0,582.0,582.0
2002-10-30,563.0,589.0,563.0,578.0
2002-10-31,585.0,619.0,581.0,591.0
2002-11-01,597.0,597.0,589.0,597.0
2002-11-04,597.0,597.0,597.0,597.0
2002-11-05,577.0,596.0,577.0,596.0
2002-11-06,590.0,596.0,588.0,592.0
2002-11-07,589.0,596.0,582.0,596.0
2002-11-08,595.0,596.0,585.0,586.0
2002-11-11,581.0,584.0,575.0,575.0
2002-11-12,571.0,584.0,571.0,584.0
2002-11-13,594.0,595.0,579.0,580.0
2002-11-14,576.0,595.0,575.0,586.0
2002-11-15,590.0,593.0,583.0,587.0
2002-11-18,588.0,588.0,568.0,570.0
2002-11-19,567.0,570.0,560.0,570.0
2002-11-20,571.0,590.0,550.0,589.0
2002-11-21,589.0,591.0,584.0,591.0
2002-11-22,588.0,593.0,583.0,593.0
2002-11-25,585.0,596.0,583.0,596.0
2002-11-26,596.0,597.0,587.0,589.0
2002-11-27,597.0,612.0,590.0,611.0
2002-11-28,610.0,644.0,609.0,630.0
2002-11-29,635.0,680.0,626.0,670.0
2002-12-02,670.0,670.0,670.0,670.0
2002-12-03,675.0,676.0,666.0,673.0
2002-12-04,665.0,670.0,659.0,661.0
2002-12-05,659.0,659.0,645.0,650.0
2002-12-06,654.0,660.0,649.0,656.0
2002-12-09,651.0,657.0,647.0,647.0
2002-12-10,645.0,654.0,640.0,650.0
2002-12-11,650.0,650.0,636.0,636.0
2002-12-12,638.0,646.0,638.0,645.0
2002-12-13,650.0,650.0,635.0,635.0
2002-12-16,640.0,640.0,633.0,637.0
2002-12-17,631.0,635.0,621.0,630.0
2002-12-18,620.0,627.0,615.0,622.0
2002-12-19,602.0,614.0,588.0,614.0
2002-12-20,624.0,640.0,624.0,640.0
2002-12-23,640.0,640.0,640.0,640.0
2002-12-24,645.0,645.0,623.0,634.0
2002-12-25,645.0,646.0,635.0,640.0
2002-12-26,650.0,650.0,644.0,644.0
2002-12-27,655.0,669.0,654.0,664.0
2002-12-30,661.0,675.0,661.0,674.0
2003-01-06,675.0,680.0,673.0,680.0
2003-01-07,675.0,688.0,672.0,680.0
2003-01-08,680.0,680.0,660.0,661.0
2003-01-09,651.0,669.0,651.0,665.0
2003-01-10,645.0,665.0,645.0,665.0
2003-01-13,665.0,665.0,665.0,665.0
2003-01-14,674.0,675.0,662.0,675.0
2003-01-15,675.0,698.0,667.0,696.0
2003-01-16,696.0,696.0,690.0,696.0
2003-01-17,690.0,696.0,685.0,685.0
2003-01-20,680.0,698.0,670.0,698.0
2003-01-21,698.0,715.0,695.0,705.0
2003-01-22,705.0,705.0,685.0,685.0
2003-01-23,695.0,699.0,687.0,693.0
2003-01-24,689.0,698.0,685.0,695.0
2003-01-27,694.0,698.0,687.0,690.0
2003-01-28,690.0,690.0,680.0,681.0
2003-01-29,689.0,689.0,676.0,677.0
2003-01-30,677.0,680.0,670.0,670.0
2003-01-31,670.0,671.0,660.0,662.0
2003-02-03,661.0,685.0,660.0,683.0
2003-02-04,684.0,690.0,684.0,689.0
2003-02-05,679.0,715.0,675.0,705.0
2003-02-06,713.0,714.0,697.0,710.0
2003-02-07,710.0,712.0,697.0,706.0
2003-02-10,708.0,713.0,706.0,712.0
2003-02-11,712.0,712.0,712.0,712.0
2003-02-12,714.0,746.0,714.0,737.0
2003-02-13,738.0,790.0,731.0,785.0
2003-02-14,824.0,840.0,822.0,827.0
2003-02-17,827.0,835.0,800.0,813.0
2003-02-18,799.0,820.0,793.0,806.0
2003-02-19,796.0,800.0,786.0,791.0
2003-02-20,800.0,829.0,792.0,828.0
2003-02-21,829.0,830.0,816.0,821.0
2003-02-24,820.0,840.0,816.0,830.0
2003-02-25,830.0,838.0,825.0,830.0
2003-02-26,836.0,850.0,831.0,845.0
2003-02-27,845.0,845.0,820.0,825.0
2003-02-28,819.0,844.0,813.0,844.0
2003-03-03,824.0,840.0,817.0,837.0
2003-03-04,837.0,840.0,830.0,830.0
2003-03-05,829.0,839.0,825.0,839.0
2003-03-06,839.0,840.0,825.0,825.0
2003-03-07,825.0,835.0,820.0,821.0
2003-03-10,811.0,824.0,799.0,808.0
2003-03-11,790.0,838.0,790.0,825.0
2003-03-12,815.0,819.0,805.0,816.0
2003-03-13,816.0,818.0,805.0,818.0
2003-03-14,810.0,818.0,807.0,808.0
2003-03-17,815.0,824.0,805.0,807.0
2003-03-18,820.0,838.0,805.0,821.0
2003-03-19,830.0,830.0,802.0,819.0
2003-03-20,825.0,840.0,825.0,834.0
2003-03-21,834.0,834.0,834.0,834.0
2003-03-24,849.0,870.0,849.0,854.0
2003-03-25,855.0,855.0,834.0,853.0
2003-03-26,836.0,852.0,828.0,852.0
2003-03-27,853.0,853.0,843.0,843.0
2003-03-28,830.0,868.0,830.0,860.0
2003-03-31,837.0,850.0,837.0,849.0
2003-04-01,814.0,842.0,814.0,833.0
2003-04-02,823.0,840.0,818.0,840.0
2003-04-03,835.0,840.0,821.0,824.0
2003-04-04,812.0,814.0,800.0,800.0
2003-04-07,800.0,801.0,780.0,785.0
2003-04-08,790.0,797.0,788.0,795.0
2003-04-09,800.0,814.0,800.0,801.0
2003-04-10,802.0,803.0,791.0,791.0
2003-04-11,791.0,803.0,791.0,798.0
2003-04-14,804.0,804.0,785.0,794.0
2003-04-15,800.0,810.0,795.0,799.0
2003-04-16,800.0,800.0,787.0,789.0
2003-04-17,785.0,797.0,782.0,792.0
2003-04-18,789.0,803.0,789.0,800.0
2003-04-21,801.0,801.0,775.0,800.0
2003-04-22,801.0,801.0,789.0,790.0
2003-04-23,792.0,806.0,792.0,793.0
2003-04-24,791.0,800.0,790.0,790.0
2003-04-25,790.0,801.0,787.0,799.0
2003-04-28,800.0,800.0,795.0,799.0
2003-04-29,799.0,799.0,799.0,799.0
2003-04-30,799.0,799.0,791.0,791.0
2003-05-01,781.0,795.0,777.0,794.0
2003-05-02,778.0,789.0,778.0,788.0
2003-05-05,788.0,788.0,788.0,788.0
2003-05-06,800.0,825.0,800.0,813.0
2003-05-07,815.0,820.0,812.0,818.0
2003-05-08,818.0,820.0,800.0,800.0
2003-05-09,815.0,815.0,804.0,808.0
2003-05-12,808.0,820.0,806.0,820.0
2003-05-13,820.0,822.0,809.0,815.0
2003-05-14,811.0,821.0,806.0,806.0
2003-05-15,816.0,819.0,795.0,799.0
2003-05-16,800.0,817.0,800.0,802.0
2003-05-19,810.0,810.0,790.0,803.0
2003-05-20,803.0,810.0,793.0,793.0
2003-05-21,804.0,805.0,794.0,798.0
2003-05-22,798.0,806.0,796.0,796.0
2003-05-23,796.0,800.0,792.0,797.0
2003-05-26,800.0,800.0,794.0,794.0
2003-05-27,791.0,791.0,777.0,777.0
2003-05-28,780.0,797.0,780.0,791.0
2003-05-29,798.0,798.0,783.0,785.0
2003-05-30,777.0,791.0,777.0,783.0
2003-06-02,780.0,785.0,779.0,784.0
2003-06-03,785.0,787.0,779.0,787.0
2003-06-04,787.0,790.0,779.0,783.0
2003-06-05,783.0,791.0,780.0,783.0
2003-06-06,788.0,788.0,778.0,785.0
2003-06-09,778.0,783.0,777.0,782.0
2003-06-10,773.0,779.0,773.0,776.0
2003-06-11,768.0,777.0,768.0,771.0
2003-06-12,770.0,778.0,767.0,767.0
2003-06-13,785.0,787.0,776.0,776.0
2003-06-16,788.0,800.0,778.0,795.0
2003-06-17,800.0,802.0,784.0,784.0
2003-06-18,800.0,800.0,781.0,781.0
2003-06-19,782.0,790.0,781.0,782.0
2003-06-20,780.0,784.0,772.0,780.0
2003-06-23,775.0,780.0,775.0,775.0
2003-06-24,775.0,780.0,775.0,775.0
2003-06-25,780.0,785.0,776.0,776.0
2003-06-26,782.0,782.0,766.0,766.0
2003-06-27,780.0,785.0,771.0,773.0
2003-06-30,783.0,783.0,762.0,766.0
2003-07-01,767.0,771.0,764.0,764.0
2003-07-02,766.0,774.0,760.0,765.0
2003-07-03,785.0,785.0,762.0,763.0
2003-07-04,764.0,777.0,764.0,773.0
2003-07-07,770.0,770.0,761.0,764.0
2003-07-08,772.0,772.0,757.0,758.0
2003-07-09,757.0,763.0,753.0,756.0
2003-07-10,766.0,774.0,760.0,763.0
2003-07-11,761.0,773.0,761.0,761.0
2003-07-14,762.0,765.0,751.0,752.0
2003-07-15,752.0,752.0,740.0,740.0
2003-07-16,733.0,748.0,732.0,732.0
2003-07-17,732.0,740.0,732.0,740.0
2003-07-18,750.0,755.0,737.0,741.0
2003-07-21,741.0,741.0,741.0,741.0
2003-07-22,740.0,740.0,718.0,718.0
2003-07-23,715.0,740.0,715.0,726.0
2003-07-24,726.0,730.0,715.0,715.0
2003-07-25,715.0,730.0,711.0,730.0
2003-07-28,740.0,740.0,730.0,731.0
2003-07-29,726.0,739.0,711.0,713.0
2003-07-30,714.0,725.0,711.0,724.0
2003-07-31,733.0,733.0,715.0,721.0
2003-08-01,726.0,729.0,721.0,723.0
2003-08-04,727.0,738.0,723.0,727.0
2003-08-05,737.0,750.0,730.0,738.0
2003-08-06,750.0,750.0,736.0,740.0
2003-08-07,750.0,750.0,735.0,737.0
2003-08-08,737.0,738.0,725.0,728.0
2003-08-11,738.0,738.0,727.0,730.0
2003-08-12,740.0,740.0,732.0,737.0
2003-08-13,740.0,747.0,735.0,740.0
2003-08-14,734.0,740.0,734.0,736.0
2003-08-15,732.0,732.0,732.0,732.0
2003-08-18,745.0,745.0,731.0,731.0
2003-08-19,733.0,738.0,732.0,735.0
2003-08-20,735.0,738.0,730.0,738.0
2003-08-21,731.0,738.0,731.0,731.0
2003-08-22,731.0,732.0,725.0,725.0
2003-08-25,726.0,735.0,723.0,728.0
2003-08-26,738.0,744.0,730.0,735.0
2003-08-27,735.0,739.0,730.0,730.0
2003-08-28,745.0,745.0,733.0,734.0
2003-08-29,730.0,731.0,728.0,729.0
2003-09-01,735.0,735.0,728.0,730.0
2003-09-02,732.0,750.0,725.0,750.0
2003-09-03,755.0,777.0,750.0,776.0
2003-09-04,766.0,788.0,762.0,786.0
2003-09-05,779.0,780.0,767.0,780.0
2003-09-08,780.0,780.0,760.0,769.0
2003-09-09,775.0,779.0,763.0,763.0
2003-09-10,763.0,764.0,754.0,764.0
2003-09-11,770.0,770.0,760.0,765.0
2003-09-12,780.0,780.0,761.0,770.0
2003-09-15,770.0,770.0,770.0,770.0
2003-09-16,777.0,781.0,775.0,775.0
2003-09-17,780.0,795.0,774.0,780.0
2003-09-18,780.0,790.0,775.0,775.0
2003-09-19,775.0,800.0,775.0,799.0
2003-09-22,795.0,804.0,781.0,794.0
2003-09-23,794.0,794.0,794.0,794.0
2003-09-24,803.0,803.0,786.0,799.0
2003-09-25,780.0,793.0,776.0,786.0
2003-09-26,799.0,799.0,788.0,788.0
2003-09-29,791.0,800.0,786.0,789.0
2003-09-30,779.0,790.0,778.0,780.0
2003-10-01,775.0,788.0,759.0,779.0
2003-10-02,760.0,779.0,760.0,779.0
2003-10-03,799.0,799.0,764.0,778.0
2003-10-06,788.0,798.0,780.0,788.0
2003-10-07,798.0,800.0,781.0,790.0
2003-10-08,790.0,791.0,787.0,791.0
2003-10-09,790.0,792.0,789.0,790.0
2003-10-10,780.0,794.0,779.0,789.0
2003-10-13,789.0,789.0,789.0,789.0
2003-10-14,780.0,784.0,771.0,780.0
2003-10-15,780.0,788.0,780.0,780.0
2003-10-16,790.0,802.0,783.0,802.0
2003-10-17,800.0,800.0,791.0,796.0
2003-10-20,798.0,810.0,795.0,805.0
2003-10-21,810.0,818.0,807.0,810.0
2003-10-22,815.0,839.0,808.0,826.0
2003-10-23,829.0,829.0,811.0,811.0
2003-10-24,821.0,837.0,820.0,830.0
2003-10-27,835.0,869.0,826.0,832.0
2003-10-28,832.0,869.0,832.0,864.0
2003-10-29,860.0,877.0,860.0,861.0
2003-10-30,865.0,890.0,860.0,890.0
2003-10-31,887.0,900.0,872.0,890.0
2003-11-03,890.0,890.0,890.0,890.0
2003-11-04,899.0,921.0,898.0,918.0
2003-11-05,915.0,930.0,900.0,925.0
2003-11-06,925.0,938.0,924.0,924.0
2003-11-07,910.0,931.0,910.0,931.0
2003-11-10,931.0,935.0,924.0,935.0
2003-11-11,930.0,963.0,930.0,960.0
2003-11-12,960.0,973.0,957.0,958.0
2003-11-13,960.0,985.0,958.0,983.0
2003-11-14,989.0,989.0,935.0,976.0
2003-11-17,965.0,980.0,960.0,976.0
2003-11-18,980.0,1050.0,960.0,1050.0
2003-11-19,1030.0,1080.0,1000.0,1065.0
2003-11-20,1060.0,1060.0,1009.0,1019.0
2003-11-21,1000.0,1000.0,955.0,978.0
2003-11-24,978.0,978.0,978.0,978.0
2003-11-25,980.0,997.0,978.0,988.0
2003-11-26,988.0,991.0,970.0,981.0
2003-11-27,980.0,1030.0,971.0,986.0
2003-11-28,986.0,1002.0,975.0,999.0
2003-12-01,1009.0,1050.0,988.0,1027.0
2003-12-02,999.0,1020.0,992.0,993.0
2003-12-03,985.0,1007.0,983.0,992.0
2003-12-04,985.0,994.0,984.0,987.0
2003-12-05,988.0,995.0,985.0,989.0
2003-12-08,995.0,995.0,982.0,989.0
2003-12-09,989.0,994.0,984.0,992.0
2003-12-10,995.0,999.0,980.0,995.0
2003-12-11,1000.0,1050.0,999.0,1050.0
2003-12-12,1080.0,1120.0,1060.0,1120.0
2003-12-15,1130.0,1175.0,1130.0,1160.0
2003-12-16,1149.0,1159.0,1140.0,1150.0
2003-12-17,1140.0,1149.0,1130.0,1135.0
2003-12-18,1115.0,1138.0,1111.0,1130.0
2003-12-19,1147.0,1147.0,1121.0,1134.0
2003-12-22,1135.0,1145.0,1120.0,1133.0
2003-12-23,1133.0,1133.0,1133.0,1133.0
2003-12-24,1140.0,1140.0,1119.0,1130.0
2003-12-25,1110.0,1117.0,1102.0,1115.0
2003-12-26,1125.0,1125.0,1105.0,1119.0
2003-12-29,1120.0,1160.0,1105.0,1148.0
2003-12-30,1154.0,1164.0,1150.0,1150.0
2003-12-31,1150.0,1150.0,1150.0,1150.0
2004-01-01,1150.0,1150.0,1150.0,1150.0
2004-01-02,1150.0,1150.0,1150.0,1150.0
2004-01-05,1161.0,1181.0,1161.0,1178.0
2004-01-06,1180.0,1195.0,1170.0,1189.0
2004-01-07,1180.0,1193.0,1143.0,1178.0
2004-01-08,1178.0,1211.0,1178.0,1210.0
2004-01-09,1210.0,1210.0,1200.0,1210.0
2004-01-12,1210.0,1210.0,1210.0,1210.0
2004-01-13,1211.0,1212.0,1150.0,1159.0
2004-01-14,1160.0,1160.0,1149.0,1149.0
2004-01-15,1140.0,1142.0,1071.0,1080.0
2004-01-16,1105.0,1124.0,1095.0,1121.0
2004-01-19,1121.0,1137.0,1121.0,1137.0
2004-01-20,1137.0,1176.0,1137.0,1158.0
2004-01-21,1150.0,1156.0,1135.0,1150.0
2004-01-22,1170.0,1176.0,1140.0,1176.0
2004-01-23,1170.0,1190.0,1157.0,1182.0
2004-01-26,1180.0,1193.0,1170.0,1191.0
2004-01-27,1194.0,1230.0,1186.0,1210.0
2004-01-28,1226.0,1246.0,1201.0,1245.0
2004-01-29,1235.0,1245.0,1229.0,1230.0
2004-01-30,1243.0,1279.0,1239.0,1264.0
2004-02-02,1265.0,1290.0,1264.0,1275.0
2004-02-03,1280.0,1280.0,1245.0,1266.0
2004-02-04,1265.0,1265.0,1244.0,1250.0
2004-02-05,1250.0,1250.0,1240.0,1249.0
2004-02-06,1250.0,1290.0,1240.0,1289.0
2004-02-09,1283.0,1290.0,1270.0,1290.0
2004-02-10,1283.0,1330.0,1283.0,1313.0
2004-02-11,1313.0,1313.0,1313.0,1313.0
2004-02-12,1315.0,1363.0,1315.0,1352.0
2004-02-13,1380.0,1435.0,1379.0,1390.0
2004-02-16,1390.0,1440.0,1390.0,1422.0
2004-02-17,1421.0,1423.0,1380.0,1384.0
2004-02-18,1385.0,1409.0,1384.0,1391.0
2004-02-19,1398.0,1398.0,1380.0,1381.0
2004-02-20,1370.0,1397.0,1352.0,1361.0
2004-02-23,1351.0,1380.0,1351.0,1360.0
2004-02-24,1361.0,1376.0,1361.0,1376.0
2004-02-25,1360.0,1380.0,1350.0,1359.0
2004-02-26,1359.0,1385.0,1359.0,1385.0
2004-02-27,1390.0,1400.0,1376.0,1383.0
2004-03-01,1393.0,1416.0,1380.0,1415.0
2004-03-02,1395.0,1405.0,1386.0,1388.0
2004-03-03,1385.0,1391.0,1360.0,1364.0
2004-03-04,1384.0,1395.0,1371.0,1374.0
2004-03-05,1360.0,1390.0,1345.0,1390.0
2004-03-08,1400.0,1410.0,1391.0,1395.0
2004-03-09,1375.0,1405.0,1375.0,1395.0
2004-03-10,1410.0,1421.0,1395.0,1418.0
2004-03-11,1418.0,1429.0,1410.0,1428.0
2004-03-12,1430.0,1440.0,1425.0,1428.0
2004-03-15,1425.0,1450.0,1425.0,1436.0
2004-03-16,1435.0,1441.0,1426.0,1432.0
2004-03-17,1435.0,1469.0,1430.0,1469.0
2004-03-18,1471.0,1504.0,1470.0,1487.0
2004-03-19,1515.0,1523.0,1500.0,1505.0
2004-03-22,1475.0,1530.0,1475.0,1505.0
2004-03-23,1519.0,1523.0,1481.0,1508.0
2004-03-24,1496.0,1503.0,1481.0,1482.0
2004-03-25,1502.0,1515.0,1496.0,1508.0
2004-03-26,1508.0,1520.0,1486.0,1490.0
2004-03-29,1486.0,1495.0,1413.0,1439.0
2004-03-30,1450.0,1450.0,1415.0,1425.0
2004-03-31,1416.0,1417.0,1384.0,1415.0
2004-04-01,1414.0,1433.0,1374.0,1381.0
2004-04-02,1381.0,1399.0,1378.0,1384.0
2004-04-05,1400.0,1424.0,1396.0,1399.0
2004-04-06,1424.0,1424.0,1402.0,1410.0
2004-04-07,1381.0,1410.0,1381.0,1388.0
2004-04-08,1388.0,1410.0,1388.0,1398.0
2004-04-09,1390.0,1411.0,1381.0,1392.0
2004-04-12,1395.0,1426.0,1395.0,1395.0
2004-04-13,1390.0,1416.0,1383.0,1398.0
2004-04-14,1398.0,1420.0,1398.0,1420.0
2004-04-15,1410.0,1420.0,1400.0,1400.0
2004-04-16,1418.0,1418.0,1403.0,1409.0
2004-04-19,1409.0,1410.0,1381.0,1392.0
2004-04-20,1381.0,1400.0,1381.0,1400.0
2004-04-21,1400.0,1410.0,1387.0,1409.0
2004-04-22,1390.0,1410.0,1383.0,1395.0
2004-04-23,1385.0,1401.0,1380.0,1382.0
2004-04-26,1380.0,1388.0,1375.0,1382.0
2004-04-27,1381.0,1399.0,1381.0,1395.0
2004-04-28,1381.0,1460.0,1381.0,1439.0
2004-04-29,1439.0,1439.0,1439.0,1439.0
2004-04-30,1459.0,1471.0,1401.0,1461.0
2004-05-03,1461.0,1461.0,1461.0,1461.0
2004-05-04,1461.0,1461.0,1461.0,1461.0
2004-05-05,1461.0,1461.0,1461.0,1461.0
2004-05-06,1435.0,1629.0,1426.0,1577.0
2004-05-07,1517.0,1550.0,1480.0,1480.0
2004-05-10,1480.0,1480.0,1376.0,1381.0
2004-05-11,1380.0,1424.0,1376.0,1381.0
2004-05-12,1401.0,1410.0,1380.0,1404.0
2004-05-13,1405.0,1410.0,1380.0,1381.0
2004-05-14,1377.0,1408.0,1341.0,1361.0
2004-05-17,1345.0,1359.0,1260.0,1293.0
2004-05-18,1273.0,1308.0,1232.0,1232.0
2004-05-19,1292.0,1338.0,1275.0,1319.0
2004-05-20,1378.0,1419.0,1350.0,1385.0
2004-05-21,1429.0,1429.0,1376.0,1384.0
2004-05-24,1391.0,1420.0,1376.0,1381.0
2004-05-25,1375.0,1400.0,1341.0,1350.0
2004-05-26,1370.0,1376.0,1350.0,1357.0
2004-05-27,1373.0,1373.0,1350.0,1350.0
2004-05-28,1370.0,1371.0,1340.0,1348.0
2004-05-31,1366.0,1404.0,1350.0,1401.0
2004-06-01,1399.0,1400.0,1375.0,1384.0
2004-06-02,1399.0,1405.0,1372.0,1390.0
2004-06-03,1400.0,1400.0,1365.0,1378.0
2004-06-04,1390.0,1398.0,1373.0,1383.0
2004-06-07,1400.0,1497.0,1400.0,1427.0
2004-06-08,1447.0,1447.0,1412.0,1426.0
2004-06-09,1406.0,1440.0,1406.0,1426.0
2004-06-10,1401.0,1438.0,1401.0,1436.0
2004-06-11,1426.0,1440.0,1421.0,1430.0
2004-06-14,1440.0,1470.0,1438.0,1453.0
2004-06-15,1450.0,1470.0,1444.0,1460.0
2004-06-16,1483.0,1539.0,1476.0,1532.0
2004-06-17,1502.0,1534.0,1472.0,1526.0
2004-06-18,1526.0,1530.0,1482.0,1505.0
2004-06-21,1505.0,1549.0,1505.0,1516.0
2004-06-22,1486.0,1517.0,1486.0,1517.0
2004-06-23,1488.0,1509.0,1476.0,1481.0
2004-06-24,1480.0,1511.0,1480.0,1502.0
2004-06-25,1500.0,1520.0,1499.0,1506.0
2004-06-28,1507.0,1524.0,1501.0,1524.0
2004-06-29,1527.0,1527.0,1474.0,1509.0
2004-06-30,1500.0,1500.0,1459.0,1498.0
2004-07-01,1500.0,1500.0,1470.0,1470.0
2004-07-02,1490.0,1490.0,1440.0,1440.0
2004-07-05,1460.0,1460.0,1398.0,1405.0
2004-07-06,1410.0,1418.0,1401.0,1402.0
2004-07-07,1404.0,1410.0,1398.0,1405.0
2004-07-08,1401.0,1410.0,1401.0,1402.0
2004-07-09,1403.0,1420.0,1403.0,1407.0
2004-07-12,1429.0,1429.0,1407.0,1418.0
2004-07-13,1410.0,1415.0,1405.0,1410.0
2004-07-14,1415.0,1434.0,1405.0,1410.0
2004-07-15,1410.0,1417.0,1405.0,1410.0
2004-07-16,1402.0,1418.0,1402.0,1414.0
2004-07-19,1414.0,1414.0,1414.0,1414.0
2004-07-20,1406.0,1426.0,1401.0,1407.0
2004-07-21,1400.0,1419.0,1400.0,1419.0
2004-07-22,1410.0,1419.0,1400.0,1410.0
2004-07-23,1427.0,1427.0,1406.0,1412.0
2004-07-26,1411.0,1420.0,1407.0,1410.0
2004-07-27,1430.0,1430.0,1410.0,1412.0
2004-07-28,1452.0,1452.0,1408.0,1410.0
2004-07-29,1424.0,1438.0,1400.0,1411.0
2004-07-30,1402.0,1425.0,1399.0,1414.0
2004-08-02,1410.0,1416.0,1400.0,1403.0
2004-08-03,1404.0,1424.0,1395.0,1401.0
2004-08-04,1400.0,1407.0,1397.0,1401.0
2004-08-05,1400.0,1410.0,1400.0,1402.0
2004-08-06,1402.0,1408.0,1398.0,1408.0
2004-08-09,1400.0,1410.0,1398.0,1400.0
2004-08-10,1400.0,1415.0,1399.0,1401.0
2004-08-11,1402.0,1407.0,1400.0,1404.0
2004-08-12,1413.0,1413.0,1398.0,1405.0
2004-08-13,1398.0,1405.0,1330.0,1370.0
2004-08-16,1352.0,1373.0,1302.0,1319.0
2004-08-17,1320.0,1347.0,1319.0,1326.0
2004-08-18,1344.0,1344.0,1320.0,1331.0
2004-08-19,1380.0,1380.0,1342.0,1358.0
2004-08-20,1378.0,1378.0,1345.0,1357.0
2004-08-23,1358.0,1370.0,1352.0,1366.0
2004-08-24,1362.0,1369.0,1350.0,1358.0
2004-08-25,1361.0,1376.0,1356.0,1359.0
2004-08-26,1362.0,1380.0,1331.0,1355.0
2004-08-27,1375.0,1375.0,1352.0,1367.0
2004-08-30,1358.0,1358.0,1340.0,1345.0
2004-08-31,1330.0,1343.0,1320.0,1330.0
2004-09-01,1331.0,1331.0,1245.0,1250.0
2004-09-02,1270.0,1274.0,1243.0,1245.0
2004-09-03,1250.0,1255.0,1223.0,1228.0
2004-09-06,1215.0,1230.0,1215.0,1226.0
2004-09-07,1226.0,1230.0,1220.0,1223.0
2004-09-08,1226.0,1238.0,1210.0,1213.0
2004-09-09,1218.0,1222.0,1181.0,1182.0
2004-09-10,1189.0,1199.0,1184.0,1188.0
2004-09-13,1198.0,1198.0,1190.0,1190.0
2004-09-14,1191.0,1191.0,1144.0,1151.0
2004-09-15,1152.0,1154.0,1100.0,1101.0
2004-09-16,1121.0,1135.0,1096.0,1135.0
2004-09-17,1136.0,1136.0,1100.0,1110.0
2004-09-20,1110.0,1110.0,1110.0,1110.0
2004-09-21,1100.0,1119.0,1056.0,1119.0
2004-09-22,1124.0,1124.0,1084.0,1098.0
2004-09-23,1098.0,1098.0,1098.0,1098.0
2004-09-24,1085.0,1114.0,1080.0,1110.0
2004-09-27,1110.0,1111.0,1080.0,1095.0
2004-09-28,1084.0,1087.0,1060.0,1085.0
2004-09-29,1065.0,1095.0,1065.0,1087.0
2004-09-30,1085.0,1090.0,1072.0,1072.0
2004-10-01,1072.0,1090.0,1072.0,1084.0
2004-10-04,1090.0,1100.0,1080.0,1085.0
2004-10-05,1090.0,1135.0,1090.0,1128.0
2004-10-06,1128.0,1128.0,1112.0,1115.0
2004-10-07,1135.0,1135.0,1120.0,1125.0
2004-10-08,1125.0,1129.0,1105.0,1110.0
2004-10-11,1110.0,1110.0,1110.0,1110.0
2004-10-12,1110.0,1115.0,1096.0,1101.0
2004-10-13,1110.0,1120.0,1110.0,1114.0
2004-10-14,1110.0,1111.0,1095.0,1096.0
2004-10-15,1090.0,1090.0,1076.0,1076.0
2004-10-18,1081.0,1084.0,1066.0,1066.0
2004-10-19,1066.0,1071.0,1050.0,1059.0
2004-10-20,1058.0,1060.0,1035.0,1051.0
2004-10-21,1070.0,1070.0,1010.0,1014.0
2004-10-22,1005.0,1039.0,1004.0,1035.0
2004-10-25,1055.0,1055.0,1025.0,1037.0
2004-10-26,1057.0,1058.0,1044.0,1046.0
2004-10-27,1052.0,1078.0,1034.0,1051.0
2004-10-28,1056.0,1100.0,1056.0,1089.0
2004-10-29,1095.0,1098.0,1007.0,1031.0
2004-11-01,1011.0,1030.0,983.0,1007.0
2004-11-02,1025.0,1046.0,1000.0,1044.0
2004-11-03,1044.0,1044.0,1044.0,1044.0
2004-11-04,1064.0,1064.0,1025.0,1053.0
2004-11-05,1073.0,1073.0,1044.0,1053.0
2004-11-08,1069.0,1069.0,1048.0,1055.0
2004-11-09,1055.0,1064.0,1055.0,1062.0
2004-11-10,1060.0,1070.0,1052.0,1060.0
2004-11-11,1064.0,1064.0,1050.0,1050.0
2004-11-12,1048.0,1089.0,1048.0,1088.0
2004-11-15,1092.0,1093.0,1052.0,1082.0
2004-11-16,1093.0,1093.0,1058.0,1068.0
2004-11-17,1068.0,1069.0,1053.0,1055.0
2004-11-18,1074.0,1093.0,1074.0,1085.0
2004-11-19,1097.0,1136.0,1092.0,1124.0
2004-11-22,1121.0,1133.0,1105.0,1126.0
2004-11-23,1126.0,1126.0,1126.0,1126.0
2004-11-24,1130.0,1142.0,1130.0,1137.0
2004-11-25,1133.0,1142.0,1112.0,1141.0
2004-11-26,1140.0,1150.0,1116.0,1142.0
2004-11-29,1142.0,1153.0,1142.0,1146.0
2004-11-30,1146.0,1146.0,1117.0,1128.0
2004-12-01,1130.0,1145.0,1117.0,1134.0
2004-12-02,1134.0,1148.0,1134.0,1144.0
2004-12-03,1144.0,1155.0,1144.0,1152.0
2004-12-06,1152.0,1153.0,1139.0,1140.0
2004-12-07,1140.0,1146.0,1139.0,1142.0
2004-12-08,1139.0,1150.0,1139.0,1144.0
2004-12-09,1141.0,1150.0,1135.0,1140.0
2004-12-10,1120.0,1155.0,1120.0,1152.0
2004-12-13,1153.0,1176.0,1148.0,1160.0
2004-12-14,1157.0,1171.0,1138.0,1169.0
2004-12-15,1156.0,1172.0,1152.0,1155.0
2004-12-16,1170.0,1175.0,1156.0,1172.0
2004-12-17,1157.0,1188.0,1157.0,1180.0
2004-12-20,1181.0,1186.0,1177.0,1184.0
2004-12-21,1190.0,1204.0,1190.0,1204.0
2004-12-22,1212.0,1239.0,1207.0,1232.0
2004-12-23,1232.0,1232.0,1232.0,1232.0
2004-12-24,1240.0,1250.0,1238.0,1249.0
2004-12-27,1252.0,1265.0,1252.0,1265.0
2004-12-28,1260.0,1269.0,1242.0,1252.0
2004-12-29,1251.0,1252.0,1241.0,1243.0
2004-12-30,1243.0,1263.0,1241.0,1252.0
2005-01-04,1249.0,1258.0,1245.0,1258.0
2005-01-05,1250.0,1253.0,1240.0,1246.0
2005-01-06,1244.0,1260.0,1244.0,1250.0
2005-01-07,1254.0,1258.0,1247.0,1256.0
2005-01-10,1256.0,1256.0,1256.0,1256.0
2005-01-11,1265.0,1269.0,1259.0,1269.0
2005-01-12,1270.0,1278.0,1268.0,1278.0
2005-01-13,1277.0,1278.0,1259.0,1262.0
2005-01-14,1250.0,1262.0,1250.0,1257.0
2005-01-17,1260.0,1260.0,1255.0,1258.0
2005-01-18,1252.0,1258.0,1245.0,1258.0
2005-01-19,1253.0,1253.0,1244.0,1247.0
2005-01-20,1245.0,1248.0,1240.0,1245.0
2005-01-21,1241.0,1247.0,1211.0,1233.0
2005-01-24,1223.0,1237.0,1218.0,1230.0
2005-01-25,1228.0,1235.0,1214.0,1221.0
2005-01-26,1221.0,1229.0,1221.0,1223.0
2005-01-27,1224.0,1230.0,1224.0,1227.0
2005-01-28,1215.0,1227.0,1214.0,1219.0
2005-01-31,1221.0,1248.0,1221.0,1221.0
2005-02-01,1230.0,1235.0,1225.0,1233.0
2005-02-02,1248.0,1251.0,1242.0,1245.0
2005-02-03,1253.0,1253.0,1238.0,1238.0
2005-02-04,1245.0,1245.0,1224.0,1235.0
2005-02-07,1245.0,1245.0,1235.0,1240.0
2005-02-08,1240.0,1255.0,1240.0,1250.0
2005-02-09,1260.0,1260.0,1240.0,1247.0
2005-02-10,1248.0,1252.0,1236.0,1236.0
2005-02-11,1236.0,1236.0,1236.0,1236.0
2005-02-14,1238.0,1244.0,1234.0,1234.0
2005-02-15,1230.0,1237.0,1160.0,1206.0
2005-02-16,1216.0,1228.0,1216.0,1219.0
2005-02-17,1219.0,1225.0,1218.0,1223.0
2005-02-18,1224.0,1230.0,1223.0,1226.0
2005-02-21,1232.0,1241.0,1230.0,1235.0
2005-02-22,1234.0,1238.0,1220.0,1220.0
2005-02-23,1219.0,1232.0,1193.0,1196.0
2005-02-24,1196.0,1205.0,1190.0,1205.0
2005-02-25,1215.0,1220.0,1202.0,1210.0
2005-02-28,1226.0,1226.0,1205.0,1205.0
2005-03-01,1221.0,1237.0,1215.0,1237.0
2005-03-02,1240.0,1244.0,1234.0,1236.0
2005-03-03,1229.0,1244.0,1224.0,1243.0
2005-03-04,1225.0,1236.0,1222.0,1226.0
2005-03-07,1238.0,1244.0,1231.0,1238.0
2005-03-08,1245.0,1247.0,1235.0,1238.0
2005-03-09,1246.0,1246.0,1238.0,1238.0
2005-03-10,1229.0,1246.0,1228.0,1235.0
2005-03-11,1235.0,1250.0,1235.0,1235.0
2005-03-14,1240.0,1250.0,1239.0,1240.0
2005-03-15,1250.0,1258.0,1250.0,1253.0
2005-03-16,1258.0,1259.0,1245.0,1249.0
2005-03-17,1258.0,1274.0,1245.0,1263.0
2005-03-18,1261.0,1272.0,1256.0,1269.0
2005-03-21,1269.0,1269.0,1269.0,1269.0
2005-03-22,1275.0,1275.0,1265.0,1266.0
2005-03-23,1270.0,1270.0,1245.0,1248.0
2005-03-24,1250.0,1255.0,1246.0,1246.0
2005-03-25,1249.0,1249.0,1240.0,1248.0
2005-03-28,1240.0,1240.0,1230.0,1235.0
2005-03-29,1230.0,1230.0,1205.0,1214.0
2005-03-30,1212.0,1235.0,1212.0,1235.0
2005-03-31,1232.0,1255.0,1229.0,1255.0
2005-04-01,1250.0,1258.0,1231.0,1253.0
2005-04-04,1245.0,1247.0,1190.0,1215.0
2005-04-05,1223.0,1232.0,1204.0,1208.0
2005-04-06,1207.0,1221.0,1206.0,1219.0
2005-04-07,1219.0,1229.0,1212.0,1219.0
2005-04-08,1218.0,1229.0,1214.0,1221.0
2005-04-11,1220.0,1220.0,1203.0,1210.0
2005-04-12,1203.0,1203.0,1190.0,1190.0
2005-04-13,1195.0,1218.0,1193.0,1208.0
2005-04-14,1189.0,1239.0,1189.0,1237.0
2005-04-15,1231.0,1232.0,1205.0,1212.0
2005-04-18,1190.0,1213.0,1114.0,1138.0
2005-04-19,1178.0,1178.0,1138.0,1160.0
2005-04-20,1180.0,1207.0,1168.0,1205.0
2005-04-21,1210.0,1230.0,1200.0,1214.0
2005-04-22,1220.0,1255.0,1218.0,1255.0
2005-04-25,1255.0,1329.0,1255.0,1319.0
2005-04-26,1316.0,1317.0,1281.0,1309.0
2005-04-27,1285.0,1302.0,1276.0,1300.0
2005-04-28,1300.0,1300.0,1266.0,1290.0
2005-04-29,1290.0,1290.0,1290.0,1290.0
2005-05-02,1300.0,1334.0,1300.0,1321.0
2005-05-03,1321.0,1321.0,1321.0,1321.0
2005-05-04,1321.0,1321.0,1321.0,1321.0
2005-05-05,1321.0,1321.0,1321.0,1321.0
2005-05-06,1350.0,1350.0,1326.0,1350.0
2005-05-09,1340.0,1394.0,1335.0,1384.0
2005-05-10,1364.0,1379.0,1348.0,1358.0
2005-05-11,1350.0,1375.0,1348.0,1375.0
2005-05-12,1374.0,1374.0,1330.0,1341.0
2005-05-13,1310.0,1390.0,1298.0,1351.0
2005-05-16,1385.0,1440.0,1380.0,1380.0
2005-05-17,1390.0,1433.0,1390.0,1415.0
2005-05-18,1430.0,1430.0,1400.0,1426.0
2005-05-19,1440.0,1484.0,1439.0,1465.0
2005-05-20,1460.0,1460.0,1400.0,1430.0
2005-05-23,1450.0,1511.0,1441.0,1495.0
2005-05-24,1500.0,1510.0,1492.0,1497.0
2005-05-25,1498.0,1529.0,1465.0,1486.0
2005-05-26,1484.0,1506.0,1472.0,1501.0
2005-05-27,1506.0,1511.0,1496.0,1497.0
2005-05-30,1497.0,1525.0,1493.0,1515.0
2005-05-31,1525.0,1564.0,1510.0,1555.0
2005-06-01,1549.0,1570.0,1530.0,1569.0
2005-06-02,1570.0,1570.0,1535.0,1556.0
2005-06-03,1568.0,1570.0,1536.0,1553.0
2005-06-06,1525.0,1536.0,1522.0,1535.0
2005-06-07,1512.0,1523.0,1500.0,1513.0
2005-06-08,1513.0,1578.0,1513.0,1578.0
2005-06-09,1579.0,1585.0,1555.0,1576.0
2005-06-10,1620.0,1729.0,1612.0,1663.0
2005-06-13,1633.0,1653.0,1610.0,1650.0
2005-06-14,1640.0,1685.0,1640.0,1666.0
2005-06-15,1680.0,1693.0,1665.0,1690.0
2005-06-16,1700.0,1705.0,1685.0,1700.0
2005-06-17,1694.0,1700.0,1660.0,1678.0
2005-06-20,1666.0,1687.0,1666.0,1678.0
2005-06-21,1680.0,1683.0,1669.0,1672.0
2005-06-22,1671.0,1683.0,1664.0,1671.0
2005-06-23,1664.0,1675.0,1649.0,1661.0
2005-06-24,1634.0,1670.0,1633.0,1650.0
2005-06-27,1650.0,1727.0,1650.0,1688.0
2005-06-28,1722.0,1755.0,1718.0,1754.0
2005-06-29,1754.0,1765.0,1738.0,1760.0
2005-06-30,1750.0,1755.0,1722.0,1729.0
2005-07-01,1725.0,1779.0,1725.0,1779.0
2005-07-04,1764.0,1789.0,1753.0,1753.0
2005-07-05,1753.0,1760.0,1695.0,1705.0
2005-07-06,1700.0,1710.0,1692.0,1696.0
2005-07-07,1699.0,1725.0,1696.0,1716.0
2005-07-08,1731.0,1735.0,1715.0,1718.0
2005-07-11,1719.0,1743.0,1710.0,1718.0
2005-07-12,1778.0,1790.0,1730.0,1740.0
2005-07-13,1740.0,1752.0,1732.0,1742.0
2005-07-14,1745.0,1748.0,1717.0,1733.0
2005-07-15,1740.0,1740.0,1718.0,1739.0
2005-07-18,1739.0,1739.0,1739.0,1739.0
2005-07-19,1724.0,1735.0,1722.0,1722.0
2005-07-20,1728.0,1728.0,1650.0,1696.0
2005-07-21,1696.0,1696.0,1654.0,1665.0
2005-07-22,1640.0,1721.0,1640.0,1702.0
2005-07-25,1720.0,1748.0,1720.0,1730.0
2005-07-26,1750.0,1795.0,1746.0,1777.0
2005-07-27,1828.0,1847.0,1751.0,1772.0
2005-07-28,1800.0,1845.0,1787.0,1830.0
2005-07-29,1860.0,1860.0,1774.0,1786.0
2005-08-01,1810.0,1846.0,1805.0,1840.0
2005-08-02,1848.0,1860.0,1822.0,1836.0
2005-08-03,1840.0,1850.0,1781.0,1781.0
2005-08-04,1785.0,1818.0,1785.0,1806.0
2005-08-05,1801.0,1809.0,1750.0,1808.0
2005-08-08,1778.0,1830.0,1760.0,1818.0
2005-08-09,1823.0,1920.0,1823.0,1904.0
2005-08-10,1964.0,2035.0,1887.0,1918.0
2005-08-11,1959.0,1979.0,1925.0,1946.0
2005-08-12,1950.0,2015.0,1950.0,2010.0
2005-08-15,2010.0,2015.0,1981.0,1981.0
2005-08-16,1999.0,2025.0,1980.0,2020.0
2005-08-17,2030.0,2060.0,2005.0,2020.0
2005-08-18,2035.0,2040.0,2000.0,2005.0
2005-08-19,2005.0,2025.0,1981.0,1988.0
2005-08-22,1980.0,2005.0,1980.0,1991.0
2005-08-23,1993.0,2010.0,1993.0,2005.0
2005-08-24,2010.0,2020.0,1991.0,1993.0
2005-08-25,1993.0,1995.0,1974.0,1988.0
2005-08-26,1997.0,2015.0,1986.0,2005.0
2005-08-29,1998.0,1998.0,1935.0,1940.0
2005-08-30,1970.0,1991.0,1966.0,1983.0
2005-08-31,1983.0,2005.0,1971.0,2000.0
2005-09-01,2000.0,2010.0,1991.0,2005.0
2005-09-02,1999.0,1999.0,1966.0,1972.0
2005-09-05,1950.0,1969.0,1942.0,1942.0
2005-09-06,1950.0,1962.0,1933.0,1937.0
2005-09-07,1961.0,1967.0,1910.0,1940.0
2005-09-08,1932.0,1936.0,1877.0,1895.0
2005-09-09,1925.0,1925.0,1877.0,1907.0
2005-09-12,1900.0,1927.0,1900.0,1921.0
2005-09-13,1927.0,1975.0,1927.0,1969.0
2005-09-14,2270.0,2270.0,2060.0,2085.0
2005-09-15,2110.0,2145.0,2100.0,2125.0
2005-09-16,2125.0,2125.0,2090.0,2110.0
2005-09-19,2110.0,2110.0,2110.0,2110.0
2005-09-20,2110.0,2115.0,2100.0,2100.0
2005-09-21,2060.0,2095.0,2025.0,2030.0
2005-09-22,2025.0,2140.0,2025.0,2105.0
2005-09-23,2105.0,2105.0,2105.0,2105.0
2005-09-26,2125.0,2190.0,2110.0,2175.0
2005-09-27,2210.0,2220.0,2175.0,2190.0
2005-09-28,2185.0,2210.0,2150.0,2210.0
2005-09-29,2230.0,2230.0,2185.0,2225.0
2005-09-30,2230.0,2365.0,2190.0,2365.0
2005-10-03,2525.0,2525.0,2220.0,2240.0
2005-10-04,2260.0,2265.0,2240.0,2255.0
2005-10-05,2240.0,2245.0,2180.0,2200.0
2005-10-06,2160.0,2215.0,2125.0,2175.0
2005-10-07,2175.0,2200.0,2145.0,2150.0
2005-10-10,2150.0,2150.0,2150.0,2150.0
2005-10-11,2170.0,2300.0,2130.0,2295.0
2005-10-12,2255.0,2330.0,2170.0,2210.0
2005-10-13,2200.0,2350.0,2170.0,2260.0
2005-10-14,2225.0,2330.0,2220.0,2320.0
2005-10-17,2375.0,2415.0,2335.0,2355.0
2005-10-18,2360.0,2420.0,2300.0,2305.0
2005-10-19,2365.0,2365.0,2230.0,2280.0
2005-10-20,2320.0,2325.0,2240.0,2285.0
2005-10-21,2265.0,2320.0,2225.0,2305.0
2005-10-24,2310.0,2330.0,2300.0,2320.0
2005-10-25,2335.0,2345.0,2230.0,2280.0
2005-10-26,2305.0,2375.0,2290.0,2345.0
2005-10-27,2375.0,2420.0,2340.0,2410.0
2005-10-28,2400.0,2430.0,2350.0,2390.0
2005-10-31,2410.0,2525.0,2400.0,2490.0
2005-11-01,2450.0,2480.0,2420.0,2460.0
2005-11-02,2490.0,2520.0,2475.0,2495.0
2005-11-03,2495.0,2495.0,2495.0,2495.0
2005-11-04,2550.0,2560.0,2500.0,2540.0
2005-11-07,2580.0,2600.0,2515.0,2545.0
2005-11-08,2545.0,2555.0,2430.0,2490.0
2005-11-09,2525.0,2530.0,2470.0,2470.0
2005-11-10,2500.0,2500.0,2410.0,2435.0
2005-11-11,2405.0,2495.0,2405.0,2450.0
2005-11-14,2470.0,2490.0,2420.0,2430.0
2005-11-15,2430.0,2480.0,2380.0,2400.0
2005-11-16,2420.0,2470.0,2385.0,2470.0
2005-11-17,2450.0,2490.0,2440.0,2475.0
2005-11-18,2470.0,2515.0,2470.0,2500.0
2005-11-21,2505.0,2535.0,2500.0,2515.0
2005-11-22,2535.0,2535.0,2400.0,2490.0
2005-11-23,2490.0,2490.0,2490.0,2490.0
2005-11-24,2490.0,2525.0,2470.0,2470.0
2005-11-25,2430.0,2675.0,2405.0,2625.0
2005-11-28,2620.0,2790.0,2555.0,2705.0
2005-11-29,2700.0,2885.0,2700.0,2835.0
2005-11-30,2795.0,2890.0,2780.0,2825.0
2005-12-01,2795.0,2835.0,2720.0,2795.0
2005-12-02,2790.0,3200.0,2785.0,3200.0
2005-12-05,3160.0,3320.0,3110.0,3300.0
2005-12-06,3330.0,3450.0,3330.0,3400.0
2005-12-07,3360.0,3360.0,3170.0,3230.0
2005-12-08,3230.0,3230.0,3170.0,3210.0
2005-12-09,3200.0,3290.0,3190.0,3210.0
2005-12-12,3240.0,3380.0,3220.0,3340.0
2005-12-13,3350.0,3390.0,3250.0,3310.0
2005-12-14,3360.0,3360.0,3260.0,3270.0
2005-12-15,3250.0,3280.0,3210.0,3240.0
2005-12-16,3250.0,3280.0,3180.0,3220.0
2005-12-19,3270.0,3380.0,3250.0,3360.0
2005-12-20,3370.0,3440.0,3330.0,3400.0
2005-12-21,3550.0,3650.0,3520.0,3540.0
2005-12-22,3510.0,3600.0,3450.0,3540.0
2005-12-23,3540.0,3540.0,3540.0,3540.0
2005-12-26,3550.0,3700.0,3550.0,3680.0
2005-12-27,3730.0,3740.0,3660.0,3710.0
2005-12-28,3570.0,3650.0,3470.0,3610.0
2005-12-29,3620.0,4100.0,3620.0,3970.0
2005-12-30,3980.0,3980.0,3800.0,3860.0
2006-01-02,3860.0,3860.0,3860.0,3860.0
2006-01-03,3860.0,3860.0,3860.0,3860.0
2006-01-04,3860.0,3940.0,3820.0,3820.0
2006-01-05,3830.0,3870.0,3800.0,3820.0
2006-01-06,3830.0,4070.0,3830.0,4030.0
2006-01-09,4030.0,4030.0,4030.0,4030.0
2006-01-10,3900.0,3940.0,3690.0,3790.0
2006-01-11,3830.0,3850.0,3630.0,3830.0
2006-01-12,3780.0,3800.0,3660.0,3710.0
2006-01-13,3710.0,3730.0,3660.0,3700.0
2006-01-16,3700.0,3800.0,3660.0,3690.0
2006-01-17,3710.0,3980.0,3660.0,3670.0
2006-01-18,3620.0,3700.0,3170.0,3700.0
2006-01-19,3600.0,3670.0,3500.0,3580.0
2006-01-20,3620.0,3620.0,3520.0,3530.0
2006-01-23,3430.0,3440.0,3280.0,3330.0
2006-01-24,3340.0,3440.0,3340.0,3430.0
2006-01-25,3440.0,3480.0,3440.0,3450.0
2006-01-26,3480.0,3510.0,3410.0,3480.0
2006-01-27,3510.0,3560.0,3500.0,3540.0
2006-01-30,3590.0,3610.0,3490.0,3490.0
2006-01-31,3540.0,3640.0,3500.0,3550.0
2006-02-01,3580.0,3620.0,3510.0,3570.0
2006-02-02,3600.0,3770.0,3580.0,3720.0
2006-02-03,3770.0,3880.0,3720.0,3810.0
2006-02-06,3820.0,3860.0,3750.0,3810.0
2006-02-07,3810.0,3880.0,3790.0,3840.0
2006-02-08,3840.0,3890.0,3740.0,3800.0
2006-02-09,3750.0,3830.0,3700.0,3780.0
2006-02-10,3770.0,3770.0,3660.0,3690.0
2006-02-13,3670.0,3670.0,3440.0,3550.0
2006-02-14,3450.0,3550.0,3350.0,3410.0
2006-02-15,3430.0,3530.0,3290.0,3380.0
2006-02-16,3330.0,3360.0,3240.0,3240.0
2006-02-17,3220.0,3250.0,3150.0,3200.0
2006-02-20,3240.0,3280.0,3060.0,3070.0
2006-02-21,3070.0,3310.0,3070.0,3270.0
2006-02-22,3240.0,3270.0,3130.0,3210.0
2006-02-23,3190.0,3320.0,3160.0,3250.0
2006-02-24,3300.0,3390.0,3230.0,3300.0
2006-02-27,3350.0,3420.0,3230.0,3230.0
2006-02-28,3230.0,3290.0,3130.0,3140.0
2006-03-01,3100.0,3200.0,3060.0,3100.0
2006-03-02,3110.0,3160.0,3060.0,3080.0
2006-03-03,3030.0,3080.0,2980.0,3050.0
2006-03-06,2950.0,3100.0,2910.0,3070.0
2006-03-07,3020.0,3060.0,2970.0,3020.0
2006-03-08,2975.0,3030.0,2900.0,2950.0
2006-03-09,2980.0,3260.0,2980.0,3170.0
2006-03-10,3210.0,3260.0,3170.0,3210.0
2006-03-13,3230.0,3500.0,3230.0,3390.0
2006-03-14,3350.0,3390.0,3280.0,3340.0
2006-03-15,3370.0,3410.0,3290.0,3360.0
2006-03-16,3320.0,3340.0,3210.0,3230.0
2006-03-17,3240.0,3320.0,3180.0,3300.0
2006-03-20,3270.0,3370.0,3250.0,3370.0
2006-03-21,3370.0,3370.0,3370.0,3370.0
2006-03-22,3420.0,3420.0,3320.0,3360.0
2006-03-23,3400.0,3440.0,3370.0,3370.0
2006-03-24,3380.0,3420.0,3340.0,3390.0
2006-03-27,3430.0,3450.0,3420.0,3440.0
2006-03-28,3380.0,3440.0,3370.0,3430.0
2006-03-29,3400.0,3460.0,3390.0,3440.0
2006-03-30,3440.0,3480.0,3420.0,3430.0
2006-03-31,3450.0,3450.0,3400.0,3410.0
2006-04-03,3410.0,3480.0,3350.0,3470.0
2006-04-04,3530.0,3660.0,3530.0,3640.0
2006-04-05,3690.0,3690.0,3560.0,3570.0
2006-04-06,3570.0,3580.0,3490.0,3530.0
2006-04-07,3570.0,3570.0,3520.0,3560.0
2006-04-10,3560.0,3560.0,3500.0,3540.0
2006-04-11,3520.0,3530.0,3500.0,3500.0
2006-04-12,3500.0,3510.0,3480.0,3480.0
2006-04-13,3440.0,3470.0,3340.0,3440.0
2006-04-14,3450.0,3460.0,3370.0,3400.0
2006-04-17,3440.0,3460.0,3370.0,3430.0
2006-04-18,3440.0,3440.0,3360.0,3390.0
2006-04-19,3360.0,3430.0,3340.0,3400.0
2006-04-20,3410.0,3420.0,3390.0,3410.0
2006-04-21,3390.0,3440.0,3390.0,3430.0
2006-04-24,3430.0,3430.0,3220.0,3260.0
2006-04-25,3270.0,3310.0,3250.0,3300.0
2006-04-26,3280.0,3300.0,3240.0,3260.0
2006-04-27,3210.0,3220.0,3080.0,3160.0
2006-04-28,3160.0,3160.0,3060.0,3100.0
2006-05-01,3070.0,3070.0,3010.0,3030.0
2006-05-02,3010.0,3080.0,3010.0,3050.0
2006-05-03,3050.0,3050.0,3050.0,3050.0
2006-05-04,3050.0,3050.0,3050.0,3050.0
2006-05-05,3050.0,3050.0,3050.0,3050.0
2006-05-08,3070.0,3100.0,3020.0,3060.0
2006-05-09,3080.0,3080.0,2965.0,2995.0
2006-05-10,2990.0,3010.0,2935.0,2955.0
2006-05-11,2955.0,2965.0,2860.0,2895.0
2006-05-12,2800.0,2830.0,2760.0,2790.0
2006-05-15,2800.0,2875.0,2765.0,2840.0
2006-05-16,2840.0,2845.0,2790.0,2805.0
2006-05-17,2810.0,2930.0,2740.0,2915.0
2006-05-18,2910.0,2985.0,2850.0,2975.0
2006-05-19,2980.0,3030.0,2960.0,2990.0
2006-05-22,3000.0,3030.0,2980.0,3000.0
2006-05-23,2970.0,3050.0,2930.0,3000.0
2006-05-24,3050.0,3070.0,2950.0,3050.0
2006-05-25,3000.0,3040.0,2955.0,2990.0
2006-05-26,3010.0,3060.0,2995.0,3060.0
2006-05-29,3050.0,3090.0,3040.0,3070.0
2006-05-30,3050.0,3050.0,2960.0,3000.0
2006-05-31,3000.0,3100.0,2965.0,3060.0
2006-06-01,3070.0,3130.0,3040.0,3070.0
2006-06-02,3100.0,3220.0,3070.0,3210.0
2006-06-05,3220.0,3280.0,3120.0,3270.0
2006-06-06,3260.0,3260.0,3190.0,3210.0
2006-06-07,3200.0,3220.0,3120.0,3190.0
2006-06-08,3100.0,3180.0,2950.0,2990.0
2006-06-09,2910.0,3110.0,2870.0,3040.0
2006-06-12,2980.0,3160.0,2980.0,3110.0
2006-06-13,3060.0,3130.0,3040.0,3060.0
2006-06-14,2960.0,3010.0,2945.0,2995.0
2006-06-15,2990.0,3070.0,2940.0,3000.0
2006-06-16,3020.0,3070.0,2980.0,3010.0
2006-06-19,2985.0,3020.0,2955.0,3000.0
2006-06-20,2950.0,2950.0,2885.0,2920.0
2006-06-21,2925.0,2945.0,2815.0,2840.0
2006-06-22,2880.0,2975.0,2860.0,2975.0
2006-06-23,2920.0,3010.0,2900.0,2995.0
2006-06-26,2955.0,2960.0,2900.0,2940.0
2006-06-27,2940.0,2970.0,2930.0,2945.0
2006-06-28,2900.0,2925.0,2845.0,2865.0
2006-06-29,2905.0,2945.0,2890.0,2900.0
2006-06-30,2860.0,3100.0,2860.0,3100.0
2006-07-03,3070.0,3070.0,3010.0,3040.0
2006-07-04,3040.0,3070.0,3020.0,3050.0
2006-07-05,3060.0,3060.0,3010.0,3030.0
2006-07-06,3010.0,3030.0,2955.0,3010.0
2006-07-07,3020.0,3030.0,2930.0,2945.0
2006-07-10,2905.0,2935.0,2880.0,2920.0
2006-07-11,2925.0,2945.0,2850.0,2895.0
2006-07-12,2900.0,2935.0,2860.0,2885.0
2006-07-13,2845.0,2880.0,2765.0,2785.0
2006-07-14,2780.0,2790.0,2695.0,2695.0
2006-07-17,2695.0,2695.0,2695.0,2695.0
2006-07-18,2655.0,2660.0,2520.0,2555.0
2006-07-19,2555.0,2620.0,2530.0,2545.0
2006-07-20,2585.0,2610.0,2500.0,2550.0
2006-07-21,2555.0,2660.0,2555.0,2580.0
2006-07-24,2560.0,2605.0,2500.0,2500.0
2006-07-25,2530.0,2565.0,2480.0,2500.0
2006-07-26,2505.0,2505.0,2320.0,2370.0
2006-07-27,2330.0,2485.0,2280.0,2465.0
2006-07-28,2470.0,2575.0,2415.0,2550.0
2006-07-31,2590.0,2750.0,2580.0,2665.0
2006-08-01,2625.0,2670.0,2555.0,2665.0
2006-08-02,2625.0,2640.0,2590.0,2630.0
2006-08-03,2610.0,2660.0,2595.0,2625.0
2006-08-04,2630.0,2630.0,2600.0,2620.0
2006-08-07,2600.0,2620.0,2550.0,2565.0
2006-08-08,2565.0,2580.0,2540.0,2565.0
2006-08-09,2605.0,2655.0,2570.0,2655.0
2006-08-10,2660.0,2875.0,2660.0,2800.0
2006-08-11,2820.0,2890.0,2795.0,2880.0
2006-08-14,2920.0,2920.0,2850.0,2915.0
2006-08-15,2910.0,2955.0,2900.0,2930.0
2006-08-16,2945.0,2975.0,2920.0,2950.0
2006-08-17,2980.0,3040.0,2935.0,3020.0
2006-08-18,3000.0,3000.0,2810.0,2865.0
2006-08-21,2870.0,2875.0,2775.0,2790.0
2006-08-22,2795.0,2795.0,2660.0,2705.0
2006-08-23,2710.0,2745.0,2665.0,2690.0
2006-08-24,2695.0,2695.0,2670.0,2690.0
2006-08-25,2670.0,2800.0,2670.0,2800.0
2006-08-28,2800.0,2800.0,2800.0,2800.0
2006-08-29,2800.0,2800.0,2800.0,2800.0
2006-08-30,2800.0,2800.0,2800.0,2800.0
2006-08-31,2800.0,2800.0,2800.0,2800.0
2006-09-01,1265.0,1290.0,1200.0,1285.0
2006-09-04,1286.0,1337.0,1285.0,1328.0
2006-09-05,1467.0,1525.0,1390.0,1407.0
2006-09-06,1475.0,1489.0,1444.0,1452.0
2006-09-07,1445.0,1455.0,1422.0,1452.0
2006-09-08,1457.0,1540.0,1457.0,1537.0
2006-09-11,1516.0,1530.0,1464.0,1470.0
2006-09-12,1500.0,1515.0,1465.0,1470.0
2006-09-13,1440.0,1449.0,1332.0,1365.0
2006-09-14,1365.0,1379.0,1325.0,1344.0
2006-09-15,1345.0,1357.0,1235.0,1255.0
2006-09-18,1255.0,1255.0,1255.0,1255.0
2006-09-19,1271.0,1276.0,1250.0,1258.0
2006-09-20,1267.0,1305.0,1265.0,1290.0
2006-09-21,1369.0,1390.0,1333.0,1360.0
2006-09-22,1400.0,1409.0,1379.0,1386.0
2006-09-25,1375.0,1390.0,1360.0,1373.0
2006-09-26,1357.0,1374.0,1315.0,1370.0
2006-09-27,1399.0,1404.0,1369.0,1399.0
2006-09-28,1400.0,1463.0,1391.0,1453.0
2006-09-29,1413.0,1500.0,1410.0,1484.0
2006-10-02,1451.0,1495.0,1451.0,1473.0
2006-10-03,1473.0,1490.0,1464.0,1480.0
2006-10-04,1495.0,1518.0,1405.0,1423.0
2006-10-05,1430.0,1458.0,1410.0,1417.0
2006-10-06,1417.0,1417.0,1367.0,1368.0
2006-10-09,1368.0,1368.0,1368.0,1368.0
2006-10-10,1368.0,1375.0,1324.0,1339.0
2006-10-11,1319.0,1358.0,1316.0,1331.0
2006-10-12,1330.0,1334.0,1282.0,1294.0
2006-10-13,1334.0,1345.0,1303.0,1318.0
2006-10-16,1331.0,1404.0,1330.0,1370.0
2006-10-17,1410.0,1410.0,1354.0,1363.0
2006-10-18,1343.0,1360.0,1315.0,1346.0
2006-10-19,1366.0,1378.0,1355.0,1364.0
2006-10-20,1363.0,1394.0,1362.0,1389.0
2006-10-23,1370.0,1391.0,1367.0,1385.0
2006-10-24,1402.0,1423.0,1382.0,1395.0
2006-10-25,1415.0,1422.0,1400.0,1407.0
2006-10-26,1423.0,1423.0,1369.0,1383.0
2006-10-27,1365.0,1367.0,1337.0,1353.0
2006-10-30,1300.0,1387.0,1300.0,1364.0
2006-10-31,1344.0,1372.0,1315.0,1340.0
2006-11-01,1334.0,1344.0,1305.0,1321.0
2006-11-02,1311.0,1383.0,1311.0,1371.0
2006-11-03,1371.0,1371.0,1371.0,1371.0
2006-11-06,1351.0,1362.0,1335.0,1347.0
2006-11-07,1407.0,1438.0,1387.0,1390.0
2006-11-08,1391.0,1391.0,1362.0,1371.0
2006-11-09,1372.0,1381.0,1335.0,1352.0
2006-11-10,1372.0,1372.0,1323.0,1338.0
2006-11-13,1354.0,1354.0,1303.0,1313.0
2006-11-14,1340.0,1380.0,1333.0,1375.0
2006-11-15,1355.0,1367.0,1315.0,1328.0
2006-11-16,1332.0,1348.0,1321.0,1326.0
2006-11-17,1325.0,1334.0,1310.0,1333.0
2006-11-20,1310.0,1329.0,1262.0,1272.0
2006-11-21,1258.0,1301.0,1258.0,1274.0
2006-11-22,1242.0,1303.0,1227.0,1299.0
2006-11-23,1299.0,1299.0,1299.0,1299.0
2006-11-24,1279.0,1316.0,1275.0,1313.0
2006-11-27,1253.0,1331.0,1253.0,1329.0
2006-11-28,1289.0,1338.0,1288.0,1329.0
2006-11-29,1310.0,1336.0,1307.0,1310.0
2006-11-30,1310.0,1320.0,1272.0,1282.0
2006-12-01,1304.0,1318.0,1292.0,1308.0
2006-12-04,1300.0,1322.0,1298.0,1314.0
2006-12-05,1333.0,1333.0,1310.0,1318.0
2006-12-06,1324.0,1338.0,1318.0,1331.0
2006-12-07,1338.0,1343.0,1327.0,1338.0
2006-12-08,1329.0,1338.0,1311.0,1314.0
2006-12-11,1343.0,1380.0,1331.0,1373.0
2006-12-12,1362.0,1362.0,1362.0,1362.0
2006-12-13,1313.0,1313.0,1313.0,1313.0
2006-12-14,1311.0,1316.0,1278.0,1283.0
2006-12-15,1283.0,1299.0,1280.0,1289.0
2006-12-18,1313.0,1314.0,1283.0,1297.0
2006-12-19,1290.0,1291.0,1253.0,1253.0
2006-12-20,1261.0,1262.0,1247.0,1255.0
2006-12-21,1266.0,1272.0,1256.0,1261.0
2006-12-22,1278.0,1278.0,1252.0,1255.0
2006-12-25,1270.0,1274.0,1257.0,1266.0
2006-12-26,1252.0,1277.0,1252.0,1277.0
2006-12-27,1280.0,1281.0,1269.0,1271.0
2006-12-28,1280.0,1285.0,1271.0,1279.0
2006-12-29,1244.0,1245.0,1219.0,1225.0
2007-01-04,1186.0,1186.0,1186.0,1186.0
2007-01-05,1180.0,1180.0,1155.0,1158.0
2007-01-09,1157.0,1165.0,1132.0,1148.0
2007-01-10,1148.0,1148.0,1116.0,1128.0
2007-01-11,1135.0,1145.0,1125.0,1135.0
2007-01-12,1139.0,1139.0,1121.0,1136.0
2007-01-15,1138.0,1155.0,1128.0,1134.0
2007-01-16,1126.0,1180.0,1119.0,1165.0
2007-01-17,1185.0,1227.0,1162.0,1215.0
2007-01-18,1210.0,1222.0,1185.0,1196.0
2007-01-19,1136.0,1186.0,1125.0,1153.0
2007-01-22,1147.0,1158.0,1140.0,1146.0
2007-01-23,1140.0,1145.0,1117.0,1126.0
2007-01-24,1120.0,1134.0,1120.0,1127.0
2007-01-25,1122.0,1126.0,1103.0,1110.0
2007-01-26,1101.0,1119.0,1101.0,1110.0
2007-01-29,1110.0,1111.0,1077.0,1082.0
2007-01-30,1074.0,1131.0,1073.0,1130.0
2007-01-31,1131.0,1140.0,1109.0,1122.0
2007-02-01,1115.0,1150.0,1104.0,1149.0
2007-02-02,1155.0,1182.0,1139.0,1178.0
2007-02-05,1179.0,1179.0,1137.0,1137.0
2007-02-06,1138.0,1155.0,1114.0,1125.0
2007-02-07,1126.0,1126.0,1105.0,1106.0
2007-02-08,1142.0,1142.0,1130.0,1135.0
2007-02-09,1135.0,1156.0,1123.0,1143.0
2007-02-13,1131.0,1140.0,1105.0,1115.0
2007-02-14,1110.0,1122.0,1106.0,1111.0
2007-02-15,1121.0,1148.0,1113.0,1146.0
2007-02-16,1149.0,1174.0,1145.0,1166.0
2007-02-19,1172.0,1207.0,1171.0,1207.0
2007-02-20,1200.0,1200.0,1170.0,1176.0
2007-02-21,1170.0,1190.0,1161.0,1168.0
2007-02-22,1161.0,1187.0,1160.0,1175.0
2007-02-23,1140.0,1172.0,1135.0,1163.0
2007-02-26,1151.0,1159.0,1123.0,1138.0
2007-02-27,1161.0,1161.0,1161.0,1161.0
2007-02-28,1080.0,1128.0,1080.0,1112.0
2007-03-01,1105.0,1122.0,1100.0,1117.0
2007-03-02,1101.0,1140.0,1101.0,1118.0
2007-03-05,1101.0,1117.0,1047.0,1053.0
2007-03-06,1050.0,1077.0,1050.0,1077.0
2007-03-07,1097.0,1108.0,1065.0,1065.0
2007-03-08,1061.0,1073.0,1052.0,1069.0
2007-03-09,1055.0,1070.0,1042.0,1052.0
2007-03-12,1033.0,1058.0,1012.0,1024.0
2007-03-13,1053.0,1053.0,1053.0,1053.0
2007-03-14,1006.0,1021.0,1004.0,1011.0
2007-03-15,1011.0,1011.0,1011.0,1011.0
2007-03-16,1020.0,1023.0,1000.0,1004.0
2007-03-19,993.0,995.0,957.0,964.0
2007-03-20,989.0,1005.0,986.0,999.0
2007-03-22,1016.0,1022.0,1006.0,1019.0
2007-03-23,1012.0,1018.0,990.0,1006.0
2007-03-26,1018.0,1018.0,992.0,997.0
2007-03-27,1007.0,1007.0,988.0,993.0
2007-03-28,1014.0,1089.0,1010.0,1058.0
2007-03-29,1038.0,1047.0,1013.0,1045.0
2007-03-30,1035.0,1072.0,1035.0,1067.0
2007-04-02,1067.0,1068.0,1033.0,1033.0
2007-04-03,1030.0,1052.0,1020.0,1042.0
2007-04-04,1050.0,1075.0,1044.0,1073.0
2007-04-05,1060.0,1068.0,1055.0,1062.0
2007-04-06,1055.0,1079.0,1055.0,1068.0
2007-04-09,1068.0,1068.0,1068.0,1068.0
2007-04-10,1065.0,1067.0,1053.0,1058.0
2007-04-11,1058.0,1095.0,1058.0,1095.0
2007-04-12,1120.0,1205.0,1114.0,1184.0
2007-04-13,1154.0,1154.0,1107.0,1114.0
2007-04-16,1128.0,1148.0,1128.0,1141.0
2007-04-17,1141.0,1147.0,1093.0,1097.0
2007-04-18,1093.0,1117.0,1093.0,1107.0
2007-04-19,1121.0,1124.0,1095.0,1102.0
2007-04-20,1096.0,1103.0,1084.0,1091.0
2007-04-23,1130.0,1161.0,1101.0,1108.0
2007-04-24,1111.0,1144.0,1103.0,1130.0
2007-04-25,1121.0,1142.0,1121.0,1136.0
2007-04-26,1143.0,1143.0,1113.0,1135.0
2007-04-27,1135.0,1135.0,1135.0,1135.0
2007-05-01,1125.0,1129.0,1095.0,1097.0
2007-05-02,1100.0,1111.0,1096.0,1106.0
2007-05-07,1140.0,1140.0,1135.0,1139.0
2007-05-08,1139.0,1142.0,1119.0,1120.0
2007-05-09,1117.0,1123.0,1116.0,1120.0
2007-05-10,1109.0,1110.0,1056.0,1060.0
2007-05-11,1075.0,1092.0,1070.0,1087.0
2007-05-14,1096.0,1096.0,1082.0,1084.0
2007-05-15,1064.0,1067.0,1058.0,1059.0
2007-05-16,1067.0,1067.0,1053.0,1054.0
2007-05-17,1050.0,1051.0,1002.0,1025.0
2007-05-18,1001.0,1013.0,987.0,1008.0
2007-05-21,1000.0,1007.0,991.0,999.0
2007-05-22,999.0,1010.0,990.0,1008.0
2007-05-23,1000.0,1014.0,991.0,992.0
2007-05-24,968.0,970.0,961.0,966.0
2007-05-25,942.0,957.0,942.0,952.0
2007-05-28,971.0,980.0,965.0,967.0
2007-05-29,990.0,996.0,982.0,993.0
2007-05-30,997.0,998.0,990.0,993.0
2007-05-31,994.0,998.0,978.0,984.0
2007-06-01,987.0,991.0,972.0,976.0
2007-06-04,994.0,1002.0,992.0,1001.0
2007-06-05,1002.0,1006.0,981.0,985.0
2007-06-06,979.0,985.0,972.0,976.0
2007-06-07,1006.0,1019.0,1002.0,1017.0
2007-06-08,1000.0,1003.0,998.0,1002.0
2007-06-11,1000.0,1000.0,983.0,992.0
2007-06-12,973.0,990.0,973.0,985.0
2007-06-13,977.0,989.0,977.0,981.0
2007-06-14,996.0,1006.0,994.0,1000.0
2007-06-15,997.0,1011.0,991.0,1011.0
2007-06-18,1017.0,1018.0,1009.0,1017.0
2007-06-19,1011.0,1013.0,1007.0,1011.0
2007-06-20,1010.0,1019.0,1008.0,1014.0
2007-06-21,1021.0,1025.0,1018.0,1024.0
2007-06-22,1021.0,1025.0,1017.0,1024.0
2007-06-25,1018.0,1025.0,1016.0,1016.0
2007-06-26,1002.0,1023.0,1002.0,1018.0
2007-06-27,1009.0,1015.0,1003.0,1010.0
2007-06-28,1022.0,1029.0,1018.0,1029.0
2007-06-29,1030.0,1043.0,1020.0,1038.0
2007-07-02,1047.0,1056.0,1040.0,1051.0
2007-07-03,1051.0,1073.0,1050.0,1073.0
2007-07-04,1083.0,1102.0,1080.0,1097.0
2007-07-05,1098.0,1107.0,1090.0,1100.0
2007-07-06,1090.0,1096.0,1076.0,1083.0
2007-07-09,1097.0,1118.0,1090.0,1117.0
2007-07-10,1090.0,1115.0,1090.0,1114.0
2007-07-11,1110.0,1110.0,1093.0,1096.0
2007-07-12,1108.0,1130.0,1105.0,1130.0
2007-07-13,1138.0,1143.0,1116.0,1119.0
2007-07-17,1138.0,1144.0,1135.0,1137.0
2007-07-18,1117.0,1121.0,1106.0,1109.0
2007-07-19,1113.0,1113.0,1105.0,1110.0
2007-07-20,1104.0,1104.0,1084.0,1084.0
2007-07-23,1067.0,1075.0,1064.0,1072.0
2007-07-24,1065.0,1080.0,1060.0,1080.0
2007-07-25,1053.0,1083.0,1052.0,1077.0
2007-07-26,1026.0,1033.0,1015.0,1022.0
2007-07-27,1029.0,1043.0,1029.0,1031.0
2007-07-30,1010.0,1053.0,1000.0,1025.0
2007-07-31,1021.0,1053.0,997.0,1050.0
2007-08-01,1040.0,1045.0,1013.0,1037.0
2007-08-02,1039.0,1049.0,1027.0,1048.0
2007-08-03,1049.0,1076.0,1032.0,1057.0
2007-08-06,1037.0,1048.0,1031.0,1046.0
2007-08-07,1030.0,1033.0,1026.0,1028.0
2007-08-08,1020.0,1053.0,1019.0,1052.0
2007-08-09,1127.0,1127.0,1082.0,1102.0
2007-08-10,1002.0,1010.0,957.0,1000.0
2007-08-13,988.0,998.0,980.0,984.0
2007-08-14,999.0,1010.0,997.0,1008.0
2007-08-15,959.0,963.0,954.0,955.0
2007-08-16,951.0,970.0,930.0,966.0
2007-08-17,952.0,956.0,933.0,940.0
2007-08-20,880.0,919.0,880.0,914.0
2007-08-21,915.0,933.0,897.0,918.0
2007-08-22,923.0,924.0,906.0,908.0
2007-08-23,919.0,923.0,914.0,922.0
2007-08-24,922.0,922.0,922.0,922.0
2007-08-27,930.0,931.0,916.0,918.0
2007-08-28,911.0,911.0,911.0,911.0
2007-08-29,893.0,900.0,893.0,896.0
2007-08-30,897.0,898.0,890.0,898.0
2007-08-31,909.0,921.0,906.0,921.0
2007-09-03,911.0,920.0,909.0,918.0
2007-09-04,915.0,927.0,915.0,921.0
2007-09-05,931.0,933.0,916.0,926.0
2007-09-06,926.0,929.0,914.0,922.0
2007-09-07,922.0,935.0,912.0,933.0
2007-09-10,928.0,956.0,914.0,951.0
2007-09-11,945.0,950.0,924.0,944.0
2007-09-12,944.0,944.0,926.0,930.0
2007-09-13,912.0,919.0,908.0,917.0
2007-09-14,911.0,911.0,895.0,907.0
2007-09-18,890.0,897.0,879.0,881.0
2007-09-19,894.0,906.0,894.0,901.0
2007-09-20,873.0,877.0,862.0,862.0
2007-09-21,814.0,827.0,805.0,817.0
2007-09-25,857.0,879.0,834.0,838.0
2007-09-26,858.0,872.0,845.0,857.0
2007-09-27,887.0,897.0,882.0,889.0
2007-09-28,887.0,888.0,867.0,872.0
2007-10-01,872.0,882.0,865.0,869.0
2007-10-02,880.0,894.0,880.0,885.0
2007-10-03,886.0,907.0,879.0,906.0
2007-10-04,890.0,896.0,876.0,881.0
2007-10-05,879.0,883.0,860.0,866.0
2007-10-09,870.0,884.0,866.0,879.0
2007-10-10,886.0,897.0,884.0,889.0
2007-10-11,909.0,944.0,906.0,927.0
2007-10-12,939.0,939.0,936.0,936.0
2007-10-15,976.0,982.0,961.0,969.0
2007-10-16,952.0,952.0,947.0,947.0
2007-10-17,901.0,904.0,901.0,904.0
2007-10-18,922.0,934.0,913.0,931.0
2007-10-19,916.0,917.0,916.0,917.0
2007-10-22,857.0,885.0,825.0,877.0
2007-10-23,847.0,865.0,847.0,865.0
2007-10-24,865.0,866.0,825.0,844.0
2007-10-25,844.0,852.0,844.0,852.0
2007-10-26,842.0,844.0,842.0,844.0
2007-10-29,864.0,870.0,857.0,860.0
2007-10-30,860.0,860.0,843.0,843.0
2007-10-31,840.0,887.0,838.0,887.0
2007-11-01,887.0,887.0,880.0,880.0
2007-11-02,869.0,869.0,868.0,868.0
2007-11-05,870.0,873.0,849.0,860.0
2007-11-06,880.0,880.0,867.0,867.0
2007-11-07,859.0,859.0,851.0,851.0
2007-11-08,851.0,851.0,813.0,813.0
2007-11-09,813.0,813.0,801.0,801.0
2007-11-12,779.0,779.0,771.0,771.0
2007-11-13,771.0,771.0,761.0,761.0
2007-11-14,761.0,770.0,761.0,770.0
2007-11-15,795.0,795.0,780.0,783.0
2007-11-16,778.0225219726562,780.0,778.0225219726562,780.0
2007-11-19,775.0,775.0,770.0,770.0
2007-11-20,740.0,750.0,740.0,750.0
2007-11-21,751.0,751.0,749.0,749.0
2007-11-22,750.0,764.0,750.0,764.0
2007-11-26,764.0,788.0,764.0,786.0
2007-11-27,786.0,798.0,786.0,798.0
2007-11-28,795.0,795.0,794.0,794.0
2007-11-29,810.0,811.0,810.0,811.0
2007-11-30,810.594482421875,828.0,810.594482421875,828.0
2007-12-03,828.0,839.0,828.0,839.0
2007-12-04,836.0,836.0,835.0,835.0
2007-12-05,851.0,866.0,851.0,866.0
2007-12-06,866.0,888.0,866.0,888.0
2007-12-07,880.0,884.0,880.0,881.0
2007-12-10,878.0,878.0,878.0,878.0
2007-12-11,856.0,862.0,856.0,858.0
2007-12-12,841.0,855.0,841.0,852.0
2007-12-13,832.0,837.0,832.0,837.0
2007-12-14,839.0,846.0,839.0,846.0
2007-12-17,814.0,814.0,796.0,796.0
2007-12-18,780.0,803.0,780.0,798.0
2007-12-19,786.0,786.0,779.0,779.0
2007-12-20,751.0,751.0,743.0,743.0
2007-12-21,743.0,749.0,743.0,749.0
2007-12-25,735.0,739.0,735.0,739.0
2007-12-26,736.0,762.0,736.0,762.0
2007-12-27,783.0,783.0,783.0,783.0
2007-12-28,770.0,770.0,770.0,763.0
2008-01-04,722.0,722.0,722.0,722.0
2008-01-07,686.0,702.0,684.0,688.0
2008-01-08,688.0,688.0,668.0,668.0
2008-01-09,668.0,673.0,668.0,673.0
2008-01-10,675.0,694.0,675.0,694.0
2008-01-11,694.0,694.0,647.0,647.0
2008-01-15,620.0,620.0,610.0,610.0
2008-01-16,584.0,614.0,576.0,602.0
2008-01-17,605.0,618.0,602.0,618.0
2008-01-18,614.0,636.0,611.0,636.0
2008-01-21,614.0,620.0,596.0,596.0
2008-01-22,610.0,610.0,589.0,589.0
2008-01-23,599.0,599.0,597.0,597.0
2008-01-24,597.0,608.0,597.0,608.0
2008-01-25,618.0,625.0,618.0,625.0
2008-01-28,618.0,618.0,605.0,605.0
2008-01-29,609.0,610.0,609.0,610.0
2008-01-30,614.0,614.0,589.0,589.0
2008-01-31,589.0,612.0,589.0,612.0
2008-02-01,598.0,600.0,592.0,592.0
2008-02-04,592.0,592.0,585.0,585.0
2008-02-05,583.0,584.6130981445312,581.0,584.0
2008-02-06,572.0,572.0,570.0,572.0
2008-02-07,572.0,584.0,572.0,584.0
2008-02-08,563.0,563.0,556.0,556.0
2008-02-12,556.0,562.0,556.0,562.0
2008-02-13,567.0,567.0,551.0,551.0
2008-02-14,563.0,568.0,562.0,568.0
2008-02-15,559.0,561.0,558.0,561.0
2008-02-18,576.0,576.0,571.0,571.0
2008-02-19,563.0,566.0,563.0,566.0
2008-02-20,562.3244018554688,562.3244018554688,550.0,550.0
2008-02-21,567.0,570.0,562.0,566.0
2008-02-22,572.0,579.0,570.0,579.0
2008-02-25,566.0,573.0,566.0,573.0
2008-02-26,561.0,563.0,557.0,560.0
2008-02-27,560.0,566.0,560.0,566.0
2008-02-28,564.0,568.0,559.0,568.0
2008-02-29,558.0,559.0,555.0,556.0
2008-03-03,522.0,532.0,521.0,522.0
2008-03-04,522.0,522.0,501.0,501.0
2008-03-05,508.0,508.0,508.0,508.0
2008-03-06,508.0,515.0,508.0,515.0
2008-03-07,515.0,515.0,494.0,494.0
2008-03-10,481.0,481.0,468.0,468.0
2008-03-11,482.0,485.0,474.0,485.0
2008-03-12,470.0,471.0,470.0,471.0
2008-03-13,458.0,463.0,457.0,457.0
2008-03-14,452.0,452.0,446.0,446.0
2008-03-17,443.0,445.0,438.0,440.0
2008-03-18,438.0,492.0,438.0,492.0
2008-03-19,493.2724914550781,507.0,493.2724914550781,507.0
2008-03-21,507.0,514.0,507.0,514.0
2008-03-24,490.0,496.0,475.0,475.0
2008-03-25,491.0,500.0,482.0,482.0
2008-03-26,482.0,498.0,482.0,498.0
2008-03-27,505.0,506.0,504.0,506.0
2008-03-28,507.0,515.0,507.0,515.0
2008-03-31,511.0,511.0,497.0,497.0
2008-04-01,515.0,521.0,515.0,521.0
2008-04-02,521.0,558.0,521.0,558.0
2008-04-03,560.0,560.0,550.0,550.0
2008-04-04,547.0,547.0,537.0,537.0
2008-04-07,538.0,541.0,538.0,541.0
2008-04-08,544.0,548.0,544.0,548.0
2008-04-09,548.0,581.0,548.0,581.0
2008-04-10,580.0,580.0,578.0,578.0
2008-04-11,578.0,582.0,578.0,582.0
2008-04-14,581.0,644.0,581.0,644.0
2008-04-15,654.0,659.0,654.0,659.0
2008-04-16,659.0,659.0,648.0,648.0
2008-04-17,630.0,630.0,614.0,614.0
2008-04-18,622.7116088867188,646.0,622.7116088867188,646.0
2008-04-21,633.0,633.0,624.0,624.0
2008-04-22,624.0,624.0,604.0,604.0
2008-04-23,623.0,627.0,614.0,617.0
2008-04-24,627.0,642.0,625.0,632.0
2008-04-25,662.0,682.0,662.0,682.0
2008-04-28,669.0,675.0,669.0,675.0
2008-04-30,675.0,675.0,669.0,669.0
2008-05-01,656.0,674.0,656.0,674.0
2008-05-02,713.7843017578125,719.0,713.7843017578125,719.0
2008-05-07,746.0,746.0,736.0,736.0
2008-05-08,705.0,767.0,705.0,767.0
2008-05-09,765.0,765.0,764.0,764.0
2008-05-12,726.0,744.0,723.0,731.0
2008-05-13,714.0,723.0,714.0,723.0
2008-05-14,723.0,769.0,723.0,769.0
2008-05-15,791.0,791.0,779.0,779.0
2008-05-16,776.0,776.0,762.0,762.0
2008-05-19,762.0,786.0,762.0,786.0
2008-05-20,792.0,792.0,782.0,782.0
2008-05-21,739.0,749.0,739.0,749.0
2008-05-22,804.0,804.0,756.0,756.0
2008-05-23,747.0,750.0,747.0,750.0
2008-05-26,751.0,751.0,724.0,724.0
2008-05-27,718.0,718.0,717.0,717.0
2008-05-28,731.0,731.0,729.0,729.0
2008-05-29,719.0,723.0,719.0,723.0
2008-05-30,718.0,738.0,718.0,738.0
2008-06-02,733.0,733.0,727.0,727.0
2008-06-03,715.2286987304688,715.2286987304688,706.0,706.0
2008-06-04,709.0,709.0,701.0,701.0
2008-06-05,690.0,724.0,686.0,722.0
2008-06-06,730.0,730.0,722.0,722.0
2008-06-09,698.0,698.0,689.0,689.0
2008-06-10,689.0,689.0,664.0,664.0
2008-06-11,664.0,680.0,664.0,680.0
2008-06-12,674.0,683.0,674.0,683.0
2008-06-13,680.0,682.0,671.0,680.0
2008-06-16,675.0,681.0,675.0,681.0
2008-06-17,681.0,692.0,681.0,692.0
2008-06-18,701.072998046875,701.072998046875,700.0,700.0
2008-06-19,719.0,719.0,713.0,713.0
2008-06-20,708.0,708.0,708.0,708.0
2008-06-23,700.0,710.0,697.0,703.0
2008-06-24,703.0,711.0,703.0,711.0
2008-06-25,708.0,708.0,703.0,703.0
2008-06-26,726.0,737.0,726.0,737.0
2008-06-27,724.0,739.0,724.0,739.0
2008-06-30,739.0,762.0,739.0,762.0
2008-07-01,762.0,762.0,740.0,740.0
2008-07-02,740.0,740.0,692.0,692.0
2008-07-03,692.0,723.0,692.0,723.0
2008-07-04,724.0,742.0,724.0,742.0
2008-07-07,742.0,752.0,742.0,752.0
2008-07-08,732.0,732.0,730.0,730.0
2008-07-09,779.0,779.0,765.0,765.0
2008-07-10,759.0,775.0,759.0,775.0
2008-07-11,775.0,775.0,761.0,761.0
2008-07-14,769.0,769.0,762.0,762.0
2008-07-15,788.0,788.0,773.0,773.0
2008-07-16,769.0,775.0,769.0,775.0
2008-07-17,785.9769287109375,785.9769287109375,782.0,782.0
2008-07-18,782.0,782.0,747.0,747.0
2008-07-22,770.0,808.0,761.0,808.0
2008-07-23,797.0,797.0,785.0,785.0
2008-07-24,822.0,822.0,817.0,817.0
2008-07-25,817.0,831.0,817.0,831.0
2008-07-28,840.0,854.0,840.0,854.0
2008-07-29,818.0,838.0,818.0,838.0
2008-07-30,854.0,865.0,854.0,865.0
2008-07-31,862.0507202148438,869.0,862.0507202148438,869.0
2008-08-01,870.0,870.0,824.0,824.0
2008-08-04,825.0,827.0,825.0,827.0
2008-08-05,827.0,830.0,827.0,830.0
2008-08-06,829.0,854.0,829.0,854.0
2008-08-07,841.0,841.0,832.0,832.0
2008-08-08,835.0,836.0,835.0,836.0
2008-08-11,854.0,857.0,854.0,857.0
2008-08-12,808.0,808.0,795.0,795.0
2008-08-13,795.0,795.0,782.0,782.0
2008-08-14,781.0,790.0,781.0,790.0
2008-08-15,787.0,788.0,787.0,788.0
2008-08-18,811.0,811.0,799.0,799.0
2008-08-19,761.0,767.0,761.0,767.0
2008-08-20,767.0,777.0,767.0,777.0
2008-08-21,750.0,750.0,738.0,738.0
2008-08-22,739.0,739.0,735.0,735.0
2008-08-25,735.0,764.0,735.0,764.0
2008-08-26,757.0,758.0,757.0,758.0
2008-08-27,765.0,770.0,765.0,770.0
2008-08-28,770.0,773.0,770.0,773.0
2008-08-29,773.0,802.0,773.0,802.0
2008-09-01,802.0,802.0,800.0,800.0
2008-09-02,820.0,820.0,817.0,817.0
2008-09-03,819.0,838.0,819.0,838.0
2008-09-04,838.0,844.0,838.0,844.0
2008-09-05,826.0,826.0,819.0,819.0
2008-09-08,819.0,835.0,819.0,835.0
2008-09-09,835.0,856.0,835.0,856.0
2008-09-10,836.0,844.0,828.0,836.0
2008-09-11,836.0,836.0,818.0,818.0
2008-09-12,820.0,820.0,818.0,818.0
2008-09-16,818.0,818.0,788.0,788.0
2008-09-17,828.0,828.0,799.0,799.0
2008-09-18,799.0,799.0,785.0,785.0
2008-09-19,789.9716796875,789.9716796875,764.0,764.0
2008-09-22,749.0,749.0,742.0,742.0
2008-09-24,742.0,742.0,730.0,730.0
2008-09-25,721.0,754.0,721.0,754.0
2008-09-26,734.0,734.0,731.0,731.0
2008-09-29,731.0,737.0,731.0,737.0
2008-09-30,737.0,737.0,733.0,733.0
2008-10-01,733.0,754.0,733.0,754.0
2008-10-02,755.0,779.0,755.0,779.0
2008-10-03,754.0,759.0,754.0,759.0
2008-10-06,755.0,755.0,721.0,721.0
2008-10-07,721.2324829101562,721.2324829101562,719.0,719.0
2008-10-08,719.0,719.0,626.0,626.0
2008-10-09,613.0,613.0,612.0,612.0
2008-10-10,612.0,614.0,612.0,614.0
2008-10-14,675.0,675.0,672.0,672.0
2008-10-15,680.0,710.0,680.0,710.0
2008-10-16,710.0,710.0,633.0,633.0
2008-10-17,691.0,705.0,691.0,705.0
2008-10-20,695.0,710.0,695.0,710.0
2008-10-21,712.5565795898438,712.5565795898438,695.0,695.0
2008-10-22,695.0,695.0,667.0,667.0
2008-10-23,634.876220703125,672.0,634.876220703125,672.0
2008-10-24,648.1514892578125,648.1514892578125,634.0,634.0
2008-10-27,634.0,634.0,588.0,588.0
2008-10-28,577.74951171875,604.0,577.74951171875,604.0
2008-10-29,604.0,647.0,604.0,647.0
2008-10-30,647.0,707.0,647.0,707.0
2008-10-31,708.0,710.0,708.0,710.0
2008-11-04,711.0,761.0,711.0,761.0
2008-11-05,761.0,815.0,761.0,815.0
2008-11-06,816.0,816.0,756.0,756.0
2008-11-07,756.0,756.0,737.0,737.0
2008-11-10,760.0,778.0,760.0,778.0
2008-11-11,779.0,779.0,740.0,740.0
2008-11-12,755.0,758.0,755.0,758.0
2008-11-13,718.0,718.0,718.0,718.0
2008-11-14,718.0,731.0,718.0,731.0
2008-11-17,731.0,731.0,729.0,729.0
2008-11-18,730.0,755.0,730.0,755.0
2008-11-19,770.0,778.0,770.0,778.0
2008-11-20,779.0,779.0,767.0,767.0
2008-11-21,767.0,771.0,767.0,771.0
2008-11-25,772.0,772.0,751.0,751.0
2008-11-26,751.0,751.0,727.0,727.0
2008-11-27,692.0,707.0,692.0,707.0
2008-11-28,708.0,713.0,708.0,713.0
2008-12-01,713.0,713.0,689.0,689.0
2008-12-02,689.0,696.0,689.0,696.0
2008-12-03,702.0,711.0,702.0,711.0
2008-12-04,711.0,741.0,711.0,741.0
2008-12-05,742.0,742.0,721.0,721.0
2008-12-08,722.0,726.0,722.0,726.0
2008-12-09,717.0,717.0,713.0,713.0
2008-12-10,714.0,714.0,687.0,687.0
2008-12-11,702.0,709.0,702.0,709.0
2008-12-12,710.0,710.0,691.0,691.0
2008-12-15,713.0,713.0,707.0,707.0
2008-12-16,698.0,700.0,698.0,700.0
2008-12-17,701.0,720.0,701.0,720.0
2008-12-18,739.0,739.0,729.0,729.0
2008-12-19,730.0,730.0,698.0,698.0
2008-12-22,698.0,698.0,664.0,664.0
2008-12-24,666.0,667.0,666.0,667.0
2008-12-25,667.4002075195312,667.4002075195312,667.0,667.0
2008-12-26,667.0,667.0,661.0,661.0
2008-12-29,603.0,608.0,595.0,608.0
2008-12-30,634.0,634.0,634.0,634.0
2009-01-05,622.0,622.0,622.0,622.0
2009-01-06,628.0,628.0,608.0,608.0
2009-01-07,608.0,608.0,577.0,577.0
2009-01-08,577.0,577.0,563.0,563.0
2009-01-09,563.0,563.0,545.0,545.0
2009-01-13,547.0,547.0,525.0,525.0
2009-01-14,525.0,542.0,525.0,542.0
2009-01-15,542.0,545.0,542.0,545.0
2009-01-16,545.0,563.0,545.0,563.0
2009-01-19,564.0,564.0,562.0,562.0
2009-01-20,536.0,540.0,536.0,540.0
2009-01-21,540.0,540.0,524.0,524.0
2009-01-22,524.0,541.0,524.0,541.0
2009-01-23,541.0,541.0,535.0,535.0
2009-01-26,535.0,535.0,531.0,531.0
2009-01-27,525.0,525.0,517.0,517.0
2009-01-28,517.0,517.0,517.0,517.0
2009-01-29,517.0,518.0,517.0,518.0
2009-01-30,518.0,533.0,518.0,533.0
2009-02-02,533.0,533.0,506.0,506.0
2009-02-03,506.0,506.0,497.0,497.0
2009-02-04,497.0,497.0,496.0,496.0
2009-02-05,496.0,496.0,493.0,493.0
2009-02-06,493.0,500.0,493.0,500.0
2009-02-09,500.0,500.0,483.0,483.0
2009-02-10,490.0,502.0,490.0,496.0
2009-02-12,500.0,500.0,470.0,470.0
2009-02-13,470.0,487.0,470.0,487.0
2009-02-16,494.0,494.0,494.0,494.0
2009-02-17,498.0,498.0,488.0,488.0
2009-02-18,487.0,492.0,487.0,492.0
2009-02-19,500.0,502.0,500.0,502.0
2009-02-20,487.0,487.0,486.0,486.0
2009-02-23,487.0,487.0,467.0,467.0
2009-02-24,460.0,460.0,440.0,440.0
2009-02-25,440.0,440.0,436.0,436.0
2009-02-26,436.0,439.0,436.0,439.0
2009-02-27,439.0,448.0,439.0,448.0
2009-03-02,448.0,448.0,436.0,436.0
2009-03-03,436.0,436.0,423.0,423.0
2009-03-04,434.0,453.0,434.0,453.0
2009-03-05,452.0,466.0,452.0,466.0
2009-03-06,454.0,454.0,447.0,447.0
2009-03-09,447.0,465.0,447.0,465.0
2009-03-10,459.0,460.0,459.0,460.0
2009-03-11,482.0,483.0,482.0,483.0
2009-03-12,483.0,483.0,463.0,463.0
2009-03-13,463.0,463.0,457.0,457.0
2009-03-16,486.0,486.0,481.0,481.0
2009-03-17,468.0,468.0,468.0,468.0
2009-03-18,462.0,462.0,456.0,456.0
2009-03-19,456.0,459.0,456.0,459.0
2009-03-23,469.0,475.0,469.0,475.0
2009-03-24,487.0,500.0,487.0,500.0
2009-03-25,500.0,503.0,500.0,503.0
2009-03-26,507.0,520.0,507.0,520.0
2009-03-27,519.0,519.0,517.0,517.0
2009-03-30,517.0,517.0,499.0,499.0
2009-03-31,499.0,502.0,499.0,502.0
2009-04-01,501.0,506.0,501.0,506.0
2009-04-02,507.0,512.0,507.0,512.0
2009-04-03,516.0,516.0,513.0,513.0
2009-04-06,489.0,490.0,489.0,490.0
2009-04-07,491.0,496.0,491.0,496.0
2009-04-08,488.0,495.0,488.0,495.0
2009-04-09,486.0,497.0,486.0,497.0
2009-04-10,504.0,504.0,499.0,499.0
2009-04-13,508.0,509.0,508.0,509.0
2009-04-14,501.0,501.0,501.0,501.0
2009-04-15,501.0,501.0,496.0,496.0
2009-04-16,496.0,504.0,496.0,504.0
2009-04-17,505.0,505.0,501.0,501.0
2009-04-20,519.0,522.0,519.0,522.0
2009-04-21,521.0,522.0,521.0,522.0
2009-04-22,525.1320190429688,525.1320190429688,514.0,514.0
2009-04-23,516.0,516.0,513.0,513.0
2009-04-24,514.4364013671875,514.4364013671875,497.0,497.0
2009-04-27,498.3418884277344,498.3418884277344,495.0,495.0
2009-04-28,509.0,511.0,492.0,492.0
2009-04-30,513.0,513.0,505.0,505.0
2009-05-01,523.0,523.0,514.0,514.0
2009-05-07,512.3809204101562,513.0,512.3809204101562,513.0
2009-05-08,513.0,514.0,513.0,514.0
2009-05-11,514.0,514.0,503.0,503.0
2009-05-12,504.58441162109375,504.58441162109375,490.0,490.0
2009-05-13,491.0,497.0,491.0,497.0
2009-05-14,484.0,484.0,481.0,481.0
2009-05-15,483.0,484.0,483.0,484.0
2009-05-18,481.0,481.0,478.0,478.0
2009-05-19,502.0,502.0,496.0,496.0
2009-05-20,496.0,513.0,496.0,513.0
2009-05-21,512.0,517.0,512.0,517.0
2009-05-22,518.6453247070312,518.6453247070312,517.0,517.0
2009-05-25,516.0,532.0,516.0,532.0
2009-05-26,532.0,545.0,532.0,545.0
2009-05-27,544.0,544.0,544.0,544.0
2009-05-28,544.0,548.0,544.0,548.0
2009-05-29,547.0,547.0,540.0,540.0
2009-06-01,542.0,543.0,542.0,543.0
2009-06-02,543.0,544.0,543.0,544.0
2009-06-03,543.0,544.0,543.0,544.0
2009-06-04,544.0,544.0,538.0,538.0
2009-06-05,531.0,537.0,531.0,537.0
2009-06-08,543.0,543.0,538.0,538.0
2009-06-09,538.0,565.0,538.0,565.0
2009-06-10,567.0,595.0,567.0,595.0
2009-06-11,598.0,599.0,593.0,594.0
2009-06-12,588.0,609.0,588.0,608.0
2009-06-15,601.0,619.0,601.0,614.0
2009-06-16,595.0,597.0,587.0,595.0
2009-06-17,592.0,605.0,592.0,601.0
2009-06-18,582.0,595.0,580.0,590.0
2009-06-19,590.0,601.0,586.0,601.0
2009-06-22,632.0,633.0,618.0,619.0
2009-06-23,605.0,609.0,601.0,602.0
2009-06-24,591.0,622.0,591.0,621.0
2009-06-25,633.0,647.0,630.0,643.0
2009-06-26,662.0,667.0,652.0,662.0
2009-06-29,666.0,666.0,647.0,656.0
2009-06-30,658.0,663.0,651.0,661.0
2009-07-01,621.0,651.0,619.0,642.0
2009-07-02,642.0,659.0,640.0,650.0
2009-07-03,650.0,664.0,643.0,651.0
2009-07-06,651.0,659.0,645.0,647.0
2009-07-07,646.0,658.0,646.0,655.0
2009-07-08,645.0,648.0,628.0,638.0
2009-07-09,610.0,623.0,604.0,611.0
2009-07-10,621.0,632.0,620.0,625.0
2009-07-13,608.0,619.0,597.0,597.0
2009-07-14,597.0,612.0,597.0,603.0
2009-07-15,593.0,600.0,588.0,596.0
2009-07-16,617.0,620.0,604.0,605.0
2009-07-17,625.0,633.0,618.0,619.0
2009-07-21,645.0,654.0,639.0,650.0
2009-07-22,648.0,651.0,640.0,645.0
2009-07-23,648.0,659.0,642.0,644.0
2009-07-24,637.0,643.0,628.0,639.0
2009-07-27,645.0,646.0,634.0,637.0
2009-07-28,630.0,632.0,621.0,628.0
2009-07-29,618.0,642.0,618.0,638.0
2009-07-30,629.0,638.0,628.0,634.0
2009-07-31,630.0,645.0,630.0,645.0
2009-08-03,650.0,661.0,640.0,643.0
2009-08-04,657.0,657.0,638.0,643.0
2009-08-05,633.0,644.0,632.0,634.0
2009-08-06,626.0,632.0,621.0,628.0
2009-08-07,618.0,624.0,612.0,617.0
2009-08-10,620.0,622.0,616.0,620.0
2009-08-11,616.0,632.0,616.0,628.0
2009-08-12,620.0,624.0,617.0,619.0
2009-08-13,620.0,621.0,615.0,615.0
2009-08-14,615.0,617.0,609.0,614.0
2009-08-17,615.0,615.0,601.0,601.0
2009-08-18,600.0,609.0,599.0,602.0
2009-08-19,600.0,604.0,599.0,602.0
2009-08-20,602.0,611.0,600.0,609.0
2009-08-21,603.0,606.0,600.0,604.0
2009-08-24,608.0,618.0,608.0,612.0
2009-08-25,612.0,620.0,612.0,616.0
2009-08-26,619.0,629.0,613.0,628.0
2009-08-27,624.0,628.0,617.0,626.0
2009-08-28,633.0,633.0,619.0,625.0
2009-08-31,628.0,642.0,619.0,627.0
2009-09-02,627.0,628.0,610.0,625.0
2009-09-03,624.0,632.0,618.0,628.0
2009-09-04,631.0,631.0,613.0,614.0
2009-09-07,613.0,626.0,613.0,620.0
2009-09-08,614.0,620.0,611.0,611.0
2009-09-09,618.0,623.0,614.0,616.0
2009-09-10,620.0,628.0,617.0,618.0
2009-09-11,613.0,622.0,607.0,610.0
2009-09-14,610.0,612.0,593.0,604.0
2009-09-15,604.0,604.0,592.0,599.0
2009-09-16,599.0,600.0,590.0,592.0
2009-09-17,592.0,597.0,583.0,594.0
2009-09-18,586.0,595.0,583.0,589.0
2009-09-21,589.0,589.0,589.0,589.0
2009-09-24,593.0,608.0,591.0,605.0
2009-09-25,603.0,603.0,590.0,591.0
2009-09-28,596.0,602.0,590.0,595.0
2009-09-29,595.0,596.0,588.0,592.0
2009-09-30,589.0,613.0,588.0,613.0
2009-10-01,583.0,590.0,570.0,588.0
2009-10-02,587.0,598.0,581.0,598.0
2009-10-05,588.0,590.0,581.0,587.0
2009-10-06,591.0,594.0,578.0,587.0
2009-10-07,592.0,609.0,584.0,606.0
2009-10-08,607.0,614.0,597.0,609.0
2009-10-09,615.0,615.0,601.0,605.0
2009-10-13,599.0,612.0,595.0,607.0
2009-10-14,600.0,605.0,592.0,597.0
2009-10-15,594.0,605.0,594.0,601.0
2009-10-16,601.0,611.0,597.0,611.0
2009-10-19,612.0,612.0,602.0,609.0
2009-10-20,610.0,614.0,604.0,607.0
2009-10-21,597.0,611.0,597.0,606.0
2009-10-22,596.0,604.0,592.0,602.0
2009-10-23,599.0,606.0,593.0,602.0
2009-10-26,592.0,605.0,590.0,599.0
2009-10-27,601.0,604.0,592.0,595.0
2009-10-28,596.0,599.0,587.0,591.0
2009-10-29,584.0,584.0,566.0,577.0
2009-10-30,585.0,592.0,580.0,591.0
2009-11-02,595.0,595.0,577.0,587.0
2009-11-04,577.0,587.0,571.0,585.0
2009-11-05,575.0,587.0,574.0,582.0
2009-11-06,575.0,586.0,566.0,576.0
2009-11-09,584.0,584.0,566.0,569.0
2009-11-10,573.0,575.0,562.0,568.0
2009-11-11,560.0,570.0,559.0,561.0
2009-11-12,574.0,574.0,550.0,552.0
2009-11-13,554.0,558.0,544.0,547.0
2009-11-16,540.0,550.0,536.0,543.0
2009-11-17,541.0,548.0,535.0,545.0
2009-11-18,537.0,546.0,537.0,539.0
2009-11-19,535.0,540.0,529.0,533.0
2009-11-20,523.0,540.0,523.0,540.0
2009-11-24,530.0,533.0,516.0,517.0
2009-11-25,520.0,525.0,516.0,523.0
2009-11-26,515.0,526.0,515.0,520.0
2009-11-27,517.0,528.0,516.0,521.0
2009-11-30,537.0,539.0,529.0,539.0
2009-12-01,549.0,560.0,546.0,558.0
2009-12-02,558.0,564.0,547.0,555.0
2009-12-03,560.0,568.0,555.0,567.0
2009-12-04,568.0,570.0,557.0,565.0
2009-12-07,569.0,571.0,551.0,552.0
2009-12-08,532.0,549.0,532.0,543.0
2009-12-09,543.0,543.0,533.0,538.0
2009-12-10,535.0,546.0,528.0,532.0
2009-12-11,536.0,536.0,527.0,532.0
2009-12-14,530.0,534.0,518.0,522.0
2009-12-15,517.0,525.0,511.0,515.0
2009-12-16,511.0,527.0,507.0,515.0
2009-12-17,522.0,523.0,512.0,518.0
2009-12-18,513.0,521.0,512.0,519.0
2009-12-21,521.0,527.0,518.0,521.0
2009-12-22,523.0,524.0,515.0,520.0
2009-12-24,521.0,526.0,517.0,518.0
2009-12-25,519.0,520.0,517.0,519.0
2009-12-28,530.0,546.0,529.0,535.0
2009-12-29,535.0,545.0,533.0,545.0
2009-12-30,538.0,541.0,536.0,538.0
2010-01-04,538.0,546.0,537.0,540.0
2010-01-05,550.0,561.0,542.0,557.0
2010-01-06,568.0,571.0,565.0,570.0
2010-01-07,570.0,577.0,559.0,576.0
2010-01-08,575.0,585.0,569.0,574.0
2010-01-12,580.0,584.0,571.0,578.0
2010-01-13,582.0,587.0,580.0,584.0
2010-01-14,578.0,588.0,574.0,585.0
2010-01-15,588.0,591.0,576.0,588.0
2010-01-18,585.0,588.0,580.0,582.0
2010-01-19,582.0,589.0,582.0,587.0
2010-01-20,588.0,590.0,582.0,585.0
2010-01-21,595.0,615.0,581.0,596.0
2010-01-22,583.0,587.0,574.0,580.0
2010-01-25,571.0,582.0,571.0,576.0
2010-01-26,576.0,578.0,565.0,566.0
2010-01-27,556.0,567.0,550.0,554.0
2010-01-28,560.0,563.0,550.0,555.0
2010-01-29,550.0,553.0,538.0,544.0
2010-02-01,537.0,547.0,529.0,541.0
2010-02-02,541.0,547.0,536.0,546.0
2010-02-03,548.0,553.0,544.0,549.0
2010-02-04,552.0,556.0,540.0,550.0
2010-02-05,543.0,544.0,528.0,532.0
2010-02-08,533.0,535.0,530.0,530.0
2010-02-09,529.0,530.0,520.0,525.0
2010-02-10,528.0,529.0,524.0,525.0
2010-02-12,529.0,533.0,528.0,533.0
2010-02-15,535.0,538.0,524.0,525.0
2010-02-16,526.0,530.0,524.0,525.0
2010-02-17,528.0,528.0,513.0,520.0
2010-02-18,520.0,523.0,517.0,522.0
2010-02-19,523.0,523.0,516.0,516.0
2010-02-22,525.0,526.0,522.0,523.0
2010-02-23,514.0,520.0,514.0,518.0
2010-02-24,511.0,514.0,506.0,512.0
2010-02-25,513.0,513.0,507.0,511.0
2010-02-26,508.0,513.0,505.0,512.0
2010-03-01,512.0,514.0,504.0,508.0
2010-03-02,508.0,508.0,500.0,506.0
2010-03-03,504.0,508.0,503.0,508.0
2010-03-04,505.0,514.0,502.0,509.0
2010-03-05,514.0,517.0,506.0,511.0
2010-03-08,512.0,516.0,509.0,514.0
2010-03-09,516.0,520.0,513.0,514.0
2010-03-10,516.0,518.0,513.0,513.0
2010-03-11,514.0,520.0,514.0,519.0
2010-03-12,513.0,520.0,513.0,517.0
2010-03-15,518.0,524.0,518.0,520.0
2010-03-16,520.0,528.0,520.0,526.0
2010-03-17,527.0,528.0,521.0,527.0
2010-03-18,527.0,527.0,518.0,525.0
2010-03-19,529.0,531.0,526.0,530.0
2010-03-23,529.0,534.0,528.0,532.0
2010-03-24,521.0,528.0,516.0,520.0
2010-03-25,524.0,525.0,516.0,518.0
2010-03-26,522.0,522.0,514.0,519.0
2010-03-29,525.0,527.0,520.0,525.0
2010-03-30,528.0,530.0,522.0,530.0
2010-03-31,529.0,540.0,527.0,536.0
2010-04-01,533.0,547.0,533.0,545.0
2010-04-02,544.0,544.0,532.0,540.0
2010-04-05,536.0,539.0,534.0,536.0
2010-04-06,533.0,538.0,532.0,536.0
2010-04-07,539.0,557.0,539.0,555.0
2010-04-08,551.0,572.0,550.0,567.0
2010-04-09,564.0,571.0,555.0,561.0
2010-04-12,575.0,576.0,566.0,569.0
2010-04-13,570.0,577.0,566.0,574.0
2010-04-14,573.0,586.0,563.0,584.0
2010-04-15,593.0,601.0,584.0,595.0
2010-04-16,590.0,594.0,583.0,593.0
2010-04-19,586.0,601.0,584.0,596.0
2010-04-20,601.0,619.0,599.0,608.0
2010-04-21,610.0,618.0,607.0,616.0
2010-04-22,618.0,631.0,611.0,627.0
2010-04-23,630.0,638.0,628.0,637.0
2010-04-26,647.0,651.0,641.0,647.0
2010-04-27,641.0,641.0,624.0,634.0
2010-04-28,624.0,636.0,621.0,628.0
2010-04-30,635.0,641.0,632.0,634.0
2010-05-06,624.0,629.0,604.0,607.0
2010-05-07,597.0,597.0,578.0,583.0
2010-05-10,583.0,608.0,578.0,600.0
2010-05-11,604.0,610.0,593.0,595.0
2010-05-12,593.0,594.0,583.0,587.0
2010-05-13,591.0,593.0,578.0,589.0
2010-05-14,579.0,596.0,579.0,590.0
2010-05-17,580.0,585.0,570.0,575.0
2010-05-18,572.0,581.0,569.0,570.0
2010-05-19,562.0,566.0,556.0,562.0
2010-05-20,552.0,568.0,545.0,561.0
2010-05-21,543.0,552.0,532.0,535.0
2010-05-24,525.0,530.0,521.0,525.0
2010-05-25,520.0,522.0,514.0,514.0
2010-05-26,505.0,513.0,503.0,506.0
2010-05-27,502.0,511.0,500.0,508.0
2010-05-28,518.0,525.0,513.0,517.0
2010-05-31,515.0,520.0,511.0,517.0
2010-06-01,520.0,533.0,517.0,528.0
2010-06-02,525.0,530.0,521.0,522.0
2010-06-03,532.0,536.0,524.0,533.0
2010-06-04,533.0,535.0,529.0,532.0
2010-06-07,522.0,523.0,513.0,519.0
2010-06-08,510.0,515.0,510.0,513.0
2010-06-09,511.0,511.0,501.0,506.0
2010-06-10,513.0,514.0,504.0,507.0
2010-06-11,513.0,516.0,508.0,512.0
2010-06-14,516.0,518.0,509.0,511.0
2010-06-15,510.0,515.0,506.0,512.0
2010-06-16,515.0,520.0,512.0,517.0
2010-06-17,516.0,516.0,513.0,515.0
2010-06-18,513.0,519.0,512.0,519.0
2010-06-21,521.0,525.0,519.0,519.0
2010-06-22,518.0,518.0,514.0,516.0
2010-06-23,512.0,512.0,506.0,508.0
2010-06-24,509.0,511.0,505.0,506.0
2010-06-25,503.0,506.0,501.0,505.0
2010-06-28,505.0,505.0,501.0,502.0
2010-06-29,505.0,505.0,494.0,496.0
2010-06-30,488.0,494.0,483.0,489.0
2010-07-01,482.0,482.0,465.0,466.0
2010-07-02,467.0,472.0,458.0,469.0
2010-07-05,466.0,470.0,463.0,466.0
2010-07-06,466.0,467.0,460.0,467.0
2010-07-07,465.0,466.0,459.0,462.0
2010-07-08,465.0,465.0,457.0,458.0
2010-07-09,453.0,456.0,446.0,446.0
2010-07-12,447.0,449.0,444.0,445.0
2010-07-13,447.0,447.0,435.0,435.0
2010-07-14,442.0,443.0,432.0,438.0
2010-07-15,439.0,440.0,431.0,431.0
2010-07-16,433.0,433.0,423.0,424.0
2010-07-21,433.0,437.0,431.0,436.0
2010-07-22,437.0,444.0,436.0,442.0
2010-07-23,446.0,453.0,445.0,449.0
2010-07-26,457.0,457.0,448.0,450.0
2010-07-27,451.0,458.0,448.0,456.0
2010-07-28,460.0,468.0,455.0,466.0
2010-07-29,462.0,463.0,452.0,452.0
2010-07-30,453.0,454.0,443.0,446.0
2010-08-02,444.0,457.0,443.0,453.0
2010-08-03,459.0,461.0,455.0,460.0
2010-08-04,459.0,462.0,455.0,462.0
2010-08-05,463.0,467.0,459.0,460.0
2010-08-06,458.0,463.0,456.0,460.0
2010-08-09,460.0,465.0,458.0,463.0
2010-08-10,460.0,460.0,450.0,452.0
2010-08-11,445.0,448.0,437.0,441.0
2010-08-12,435.0,435.0,424.0,427.0
2010-08-13,431.0,435.0,429.0,434.0
2010-08-16,432.0,433.0,425.0,426.0
2010-08-17,425.0,431.0,425.0,431.0
2010-08-18,435.0,435.0,425.0,429.0
2010-08-19,428.0,432.0,428.0,430.0
2010-08-20,429.0,431.0,426.0,426.0
2010-08-23,427.0,435.0,426.0,426.0
2010-08-24,425.0,427.0,420.0,421.0
2010-08-25,419.0,422.0,419.0,419.0
2010-08-26,421.0,422.0,418.0,421.0
2010-08-27,412.0,415.0,400.0,402.0
2010-08-30,408.0,410.0,402.0,403.0
2010-08-31,401.0,404.0,395.0,396.0
2010-09-01,393.0,404.0,392.0,401.0
2010-09-02,409.0,411.0,403.0,409.0
2010-09-03,408.0,413.0,407.0,410.0
2010-09-06,413.0,414.0,409.0,413.0
2010-09-07,415.0,420.0,413.0,418.0
2010-09-08,417.0,419.0,414.0,415.0
2010-09-09,415.0,417.0,410.0,411.0
2010-09-10,415.0,420.0,414.0,419.0
2010-09-13,421.0,421.0,415.0,416.0
2010-09-14,413.0,415.0,404.0,406.0
2010-09-16,408.0,408.0,400.0,402.0
2010-09-17,402.0,405.0,401.0,405.0
2010-09-21,406.0,411.0,398.0,398.0
2010-09-22,399.0,403.0,396.0,401.0
2010-09-24,397.0,401.0,395.0,395.0
2010-09-27,396.0,400.0,395.0,400.0
2010-09-28,402.0,402.0,395.0,400.0
2010-09-29,396.0,400.0,396.0,400.0
2010-09-30,398.0,400.0,394.0,397.0
2010-10-01,423.0,427.0,414.0,423.0
2010-10-04,422.0,422.0,401.0,402.0
2010-10-05,405.0,416.0,403.0,413.0
2010-10-06,412.0,415.0,410.0,414.0
2010-10-07,413.0,419.0,411.0,414.0
2010-10-08,410.0,413.0,407.0,408.0
2010-10-12,408.0,408.0,396.0,398.0
2010-10-13,414.0,414.0,399.0,401.0
2010-10-14,409.0,409.0,405.0,408.0
2010-10-15,411.0,411.0,400.0,400.0
2010-10-18,404.0,406.0,402.0,405.0
2010-10-19,405.0,407.0,401.0,402.0
2010-10-20,401.0,403.0,399.0,400.0
2010-10-21,402.0,403.0,397.0,403.0
2010-10-22,402.0,412.0,401.0,410.0
2010-10-25,410.0,413.0,410.0,410.0
2010-10-26,410.0,411.0,405.0,406.0
2010-10-27,407.0,412.0,406.0,410.0
2010-10-28,406.0,409.0,404.0,407.0
2010-10-29,406.0,411.0,404.0,410.0
2010-11-01,405.0,411.0,405.0,409.0
2010-11-02,409.0,409.0,402.0,404.0
2010-11-04,407.0,417.0,406.0,415.0
2010-11-05,417.0,422.0,413.0,415.0
2010-11-08,419.0,419.0,414.0,416.0
2010-11-09,415.0,416.0,410.0,412.0
2010-11-10,422.0,425.0,419.0,421.0
2010-11-11,422.0,426.0,418.0,423.0
2010-11-12,424.0,427.0,423.0,424.0
2010-11-15,425.0,434.0,424.0,431.0
2010-11-16,434.0,436.0,428.0,430.0
2010-11-17,429.0,430.0,425.0,428.0
2010-11-18,429.0,439.0,428.0,439.0
2010-11-19,443.0,446.0,438.0,438.0
2010-11-22,442.0,444.0,439.0,439.0
2010-11-24,432.0,437.0,429.0,432.0
2010-11-25,437.0,438.0,433.0,434.0
2010-11-26,433.0,438.0,432.0,437.0
2010-11-29,434.0,439.0,434.0,435.0
2010-11-30,432.0,442.0,432.0,439.0
2010-12-01,439.0,448.0,439.0,445.0
2010-12-02,450.0,460.0,449.0,452.0
2010-12-03,457.0,467.0,455.0,463.0
2010-12-06,468.0,478.0,467.0,476.0
2010-12-07,476.0,477.0,469.0,474.0
2010-12-08,477.0,495.0,476.0,494.0
2010-12-09,491.0,507.0,488.0,494.0
2010-12-10,495.0,507.0,491.0,502.0
2010-12-13,502.0,509.0,495.0,505.0
2010-12-14,502.0,506.0,500.0,505.0
2010-12-15,505.0,515.0,505.0,515.0
2010-12-16,515.0,518.0,511.0,513.0
2010-12-17,512.0,516.0,507.0,510.0
2010-12-20,510.0,511.0,497.0,502.0
2010-12-21,504.0,512.0,501.0,508.0
2010-12-22,505.0,509.0,493.0,494.0
2010-12-24,495.0,497.0,485.0,489.0
2010-12-27,488.0,488.0,480.0,485.0
2010-12-28,486.0,493.0,486.0,487.0
2010-12-29,487.0,514.0,487.0,514.0
2010-12-30,516.0,522.0,507.0,512.0
2011-01-04,511.0,512.0,507.0,507.0
2011-01-05,504.0,506.0,499.0,502.0
2011-01-06,500.0,503.0,499.0,501.0
2011-01-07,502.0,505.0,501.0,501.0
2011-01-11,501.0,506.0,501.0,503.0
2011-01-12,506.0,510.0,504.0,507.0
2011-01-13,511.0,511.0,506.0,508.0
2011-01-14,509.0,509.0,503.0,505.0
2011-01-17,508.0,510.0,506.0,507.0
2011-01-18,508.0,509.0,505.0,505.0
2011-01-19,505.0,506.0,501.0,502.0
2011-01-20,500.0,501.0,493.0,495.0
2011-01-21,495.0,497.0,482.0,484.0
2011-01-24,485.0,487.0,472.0,477.0
2011-01-25,479.0,500.0,479.0,499.0
2011-01-26,495.0,499.0,490.0,493.0
2011-01-27,496.0,506.0,494.0,504.0
2011-01-28,500.0,503.0,495.0,499.0
2011-01-31,495.0,495.0,487.0,491.0
2011-02-01,490.0,491.0,483.0,486.0
2011-02-02,486.0,498.0,486.0,496.0
2011-02-03,493.0,497.0,490.0,495.0
2011-02-04,497.0,503.0,497.0,501.0
2011-02-07,505.0,509.0,502.0,508.0
2011-02-08,510.0,525.0,510.0,523.0
2011-02-09,529.0,537.0,528.0,531.0
2011-02-10,530.0,534.0,526.0,532.0
2011-02-14,535.0,542.0,534.0,539.0
2011-02-15,539.0,539.0,527.0,531.0
2011-02-16,534.0,534.0,528.0,531.0
2011-02-17,529.0,530.0,524.0,527.0
2011-02-18,527.0,527.0,521.0,524.0
2011-02-21,525.0,527.0,522.0,526.0
2011-02-22,523.0,525.0,519.0,521.0
2011-02-23,513.0,520.0,513.0,515.0
2011-02-24,498.0,499.0,486.0,487.0
2011-02-25,483.0,494.0,475.0,493.0
2011-02-28,491.0,501.0,489.0,499.0
2011-03-01,499.0,502.0,497.0,500.0
2011-03-02,497.0,497.0,492.0,492.0
2011-03-03,492.0,501.0,491.0,499.0
2011-03-04,502.0,503.0,491.0,492.0
2011-03-07,492.0,493.0,481.0,484.0
2011-03-08,483.0,488.0,481.0,484.0
2011-03-09,487.0,488.0,483.0,483.0
2011-03-10,482.0,485.0,474.0,478.0
2011-03-11,473.0,475.0,462.0,463.0
2011-03-14,407.0,433.0,403.0,420.0
2011-03-15,407.0,411.0,340.0,364.0
2011-03-16,348.0,385.0,348.0,382.0
2011-03-17,365.0,396.0,363.0,390.0
2011-03-18,414.0,430.0,405.0,424.0
2011-03-22,436.0,475.0,435.0,464.0
2011-03-23,464.0,464.0,447.0,452.0
2011-03-24,453.0,459.0,446.0,455.0
2011-03-25,459.0,460.0,453.0,455.0
2011-03-28,456.0,458.0,451.0,458.0
2011-03-29,461.0,467.0,452.0,467.0
2011-03-30,466.0,492.0,465.0,486.0
2011-03-31,486.0,508.0,478.0,508.0
2011-04-01,498.0,512.0,492.0,493.0
2011-04-04,501.0,504.0,489.0,498.0
2011-04-05,498.0,500.0,483.0,487.0
2011-04-06,483.0,489.0,481.0,482.0
2011-04-07,480.0,485.0,468.0,468.0
2011-04-08,468.0,493.0,464.0,485.0
2011-04-11,482.0,491.0,480.0,480.0
2011-04-12,478.0,478.0,469.0,471.0
2011-04-13,471.0,477.0,461.0,472.0
2011-04-14,472.0,484.0,468.0,481.0
2011-04-15,482.0,504.0,482.0,494.0
2011-04-18,503.0,509.0,497.0,505.0
2011-04-19,500.0,506.0,499.0,502.0
2011-04-20,505.0,506.0,496.0,498.0
2011-04-21,504.0,512.0,504.0,505.0
2011-04-22,505.0,507.0,500.0,502.0
2011-04-25,502.0,504.0,498.0,499.0
2011-04-26,500.0,501.0,492.0,497.0
2011-04-27,502.0,505.0,498.0,501.0
2011-04-28,499.0,517.0,496.0,516.0
2011-05-02,514.0,519.0,513.0,515.0
2011-05-06,514.0,514.0,509.0,513.0
2011-05-09,511.0,511.0,506.0,508.0
2011-05-10,506.0,518.0,504.0,513.0
2011-05-11,515.0,518.0,511.0,512.0
2011-05-12,508.0,514.0,506.0,508.0
2011-05-13,509.0,513.0,505.0,511.0
2011-05-16,510.0,511.0,506.0,510.0
2011-05-17,505.0,510.0,503.0,505.0
2011-05-18,501.0,510.0,498.0,506.0
2011-05-19,506.0,508.0,505.0,506.0
2011-05-20,507.0,523.0,507.0,517.0
2011-05-23,515.0,516.0,511.0,514.0
2011-05-24,512.0,514.0,507.0,507.0
2011-05-25,504.0,505.0,493.0,501.0
2011-05-26,504.0,507.0,500.0,504.0
2011-05-27,506.0,509.0,501.0,506.0
2011-05-30,503.0,510.0,499.0,508.0
2011-05-31,506.0,515.0,505.0,515.0
2011-06-01,513.0,513.0,504.0,507.0
2011-06-02,504.0,508.0,501.0,505.0
2011-06-03,502.0,505.0,500.0,500.0
2011-06-06,501.0,505.0,494.0,498.0
2011-06-07,492.0,498.0,490.0,494.0
2011-06-08,494.0,499.0,493.0,498.0
2011-06-09,497.0,498.0,491.0,493.0
2011-06-10,491.0,494.0,485.0,486.0
2011-06-13,483.0,492.0,481.0,490.0
2011-06-14,490.0,503.0,490.0,502.0
2011-06-15,504.0,507.0,501.0,507.0
2011-06-16,505.0,508.0,501.0,501.0
2011-06-17,501.0,504.0,489.0,489.0
2011-06-20,501.0,505.0,500.0,502.0
2011-06-21,522.0,537.0,515.0,529.0
2011-06-22,529.0,566.0,528.0,563.0
2011-06-23,559.0,568.0,555.0,557.0
2011-06-24,558.0,559.0,545.0,547.0
2011-06-27,543.0,543.0,526.0,528.0
2011-06-28,528.0,538.0,527.0,531.0
2011-06-29,540.0,542.0,538.0,540.0
2011-06-30,542.0,547.0,532.0,547.0
2011-07-01,548.0,558.0,547.0,553.0
2011-07-04,557.0,557.0,549.0,550.0
2011-07-05,552.0,579.0,551.0,578.0
2011-07-06,580.0,584.0,569.0,584.0
2011-07-07,580.0,588.0,578.0,586.0
2011-07-08,583.0,608.0,581.0,605.0
2011-07-11,603.0,617.0,596.0,607.0
2011-07-12,600.0,606.0,595.0,606.0
2011-07-13,605.0,622.0,601.0,620.0
2011-07-14,620.0,631.0,610.0,630.0
2011-07-15,637.0,649.0,635.0,649.0
2011-07-19,641.0,645.0,622.0,638.0
2011-07-20,641.0,643.0,626.0,635.0
2011-07-21,637.0,638.0,623.0,625.0
2011-07-22,630.0,638.0,621.0,630.0
2011-07-25,630.0,638.0,625.0,636.0
2011-07-26,631.0,633.0,621.0,625.0
2011-07-27,616.0,620.0,602.0,615.0
2011-07-28,595.0,600.0,591.0,596.0
2011-07-29,592.0,595.0,587.0,588.0
2011-08-01,590.0,605.0,588.0,601.0
2011-08-02,599.0,619.0,595.0,616.0
2011-08-03,606.0,617.0,605.0,608.0
2011-08-04,610.0,625.0,603.0,620.0
2011-08-05,596.0,607.0,590.0,606.0
2011-08-08,603.0,622.0,596.0,604.0
2011-08-09,592.0,592.0,565.0,591.0
2011-08-10,604.0,614.0,599.0,606.0
2011-08-11,597.0,629.0,596.0,629.0
2011-08-12,631.0,636.0,614.0,620.0
2011-08-15,627.0,629.0,612.0,626.0
2011-08-16,622.0,628.0,609.0,615.0
2011-08-17,606.0,612.0,603.0,609.0
2011-08-18,605.0,606.0,596.0,602.0
2011-08-19,591.0,596.0,586.0,591.0
2011-08-22,594.0,602.0,593.0,593.0
2011-08-23,594.0,604.0,585.0,601.0
2011-08-24,608.0,611.0,592.0,595.0
2011-08-25,595.0,602.0,590.0,592.0
2011-08-26,585.0,595.0,585.0,588.0
2011-08-29,583.0,596.0,577.0,589.0
2011-08-30,599.0,604.0,581.0,586.0
2011-08-31,583.0,601.0,583.0,601.0
2011-09-01,602.0,607.0,595.0,602.0
2011-09-02,594.0,599.0,586.0,594.0
2011-09-05,585.0,591.0,585.0,587.0
2011-09-06,589.0,599.0,584.0,592.0
2011-09-07,596.0,597.0,583.0,586.0
2011-09-08,595.0,604.0,593.0,600.0
2011-09-09,592.0,614.0,592.0,603.0
2011-09-12,605.0,611.0,603.0,606.0
2011-09-13,611.0,612.0,591.0,601.0
2011-09-14,600.0,601.0,577.0,581.0
2011-09-15,578.0,608.0,578.0,606.0
2011-09-16,605.0,605.0,579.0,601.0
2011-09-20,583.0,587.0,579.0,580.0
2011-09-21,600.0,626.0,592.0,620.0
2011-09-22,615.0,635.0,606.0,626.0
2011-09-26,630.0,648.0,626.0,642.0
2011-09-27,644.0,668.0,644.0,660.0
2011-09-28,657.0,660.0,653.0,658.0
2011-09-29,654.0,674.0,651.0,672.0
2011-09-30,682.0,690.0,666.0,680.0
2011-10-03,677.0,682.0,666.0,673.0
2011-10-04,670.0,694.0,666.0,694.0
2011-10-05,696.0,698.0,668.0,675.0
2011-10-06,685.0,724.0,683.0,724.0
2011-10-07,721.0,730.0,705.0,712.0
2011-10-11,719.0,723.0,704.0,708.0
2011-10-12,703.0,705.0,681.0,684.0
2011-10-13,682.0,683.0,660.0,664.0
2011-10-14,664.0,667.0,653.0,655.0
2011-10-17,656.0,660.0,647.0,651.0
2011-10-18,660.0,670.0,629.0,634.0
2011-10-19,640.0,641.0,626.0,639.0
2011-10-20,624.0,643.0,623.0,630.0
2011-10-21,631.0,643.0,631.0,632.0
2011-10-24,630.0,638.0,627.0,635.0
2011-10-25,637.0,637.0,630.0,631.0
2011-10-26,627.0,627.0,611.0,615.0
2011-10-27,617.0,619.0,597.0,602.0
2011-10-28,612.0,628.0,599.0,624.0
2011-10-31,630.0,640.0,629.0,634.0
2011-11-01,626.0,633.0,621.0,628.0
2011-11-02,618.0,626.0,606.0,623.0
2011-11-04,613.0,620.0,602.0,604.0
2011-11-07,604.0,614.0,603.0,613.0
2011-11-08,613.0,625.0,608.0,612.0
2011-11-09,620.0,659.0,617.0,648.0
2011-11-10,641.0,646.0,631.0,643.0
2011-11-11,646.0,657.0,632.0,635.0
2011-11-14,641.0,645.0,636.0,639.0
2011-11-15,640.0,648.0,627.0,628.0
2011-11-16,632.0,635.0,621.0,624.0
2011-11-17,620.0,620.0,604.0,607.0
2011-11-18,607.0,609.0,603.0,607.0
2011-11-21,606.0,610.0,593.0,597.0
2011-11-22,592.0,601.0,591.0,598.0
2011-11-24,590.0,591.0,581.0,582.0
2011-11-25,580.0,583.0,571.0,575.0
2011-11-28,574.0,586.0,572.0,576.0
2011-11-29,583.0,583.0,565.0,570.0
2011-11-30,573.0,582.0,572.0,582.0
2011-12-01,592.0,594.0,577.0,580.0
2011-12-02,582.0,596.0,582.0,596.0
2011-12-05,596.0,599.0,590.0,592.0
2011-12-06,596.0,601.0,587.0,587.0
2011-12-07,590.0,607.0,589.0,604.0
2011-12-08,612.0,622.0,606.0,610.0
2011-12-09,610.0,615.0,600.0,612.0
2011-12-12,618.0,619.0,611.0,611.0
2011-12-13,605.0,608.0,599.0,604.0
2011-12-14,599.0,604.0,595.0,595.0
2011-12-15,592.0,592.0,584.0,587.0
2011-12-16,585.0,588.0,580.0,580.0
2011-12-19,581.0,590.0,581.0,586.0
2011-12-20,586.0,594.0,585.0,593.0
2011-12-21,600.0,602.0,594.0,601.0
2011-12-22,600.0,603.0,597.0,597.0
2011-12-26,601.0,603.0,596.0,600.0
2011-12-27,596.0,602.0,594.0,601.0
2011-12-28,605.0,606.0,598.0,603.0
2011-12-29,607.0,610.0,591.0,600.0
2011-12-30,606.0,607.0,599.0,607.0
2012-01-04,608.0,609.0,602.0,603.0
2012-01-05,604.0,607.0,602.0,604.0
2012-01-06,605.0,609.0,604.0,607.0
2012-01-10,610.0,630.0,610.0,624.0
2012-01-11,624.0,630.0,620.0,626.0
2012-01-12,622.0,622.0,605.0,606.0
2012-01-13,606.0,611.0,602.0,602.0
2012-01-16,600.0,601.0,591.0,591.0
2012-01-17,594.0,596.0,580.0,583.0
2012-01-18,584.0,585.0,572.0,574.0
2012-01-19,575.0,579.0,558.0,564.0
2012-01-20,564.0,569.0,562.0,564.0
2012-01-23,568.0,570.0,564.0,566.0
2012-01-24,565.0,570.0,563.0,568.0
2012-01-25,575.0,589.0,571.0,586.0
2012-01-26,590.0,590.0,582.0,589.0
2012-01-27,587.0,588.0,581.0,585.0
2012-01-30,585.0,594.0,585.0,592.0
2012-01-31,595.0,604.0,594.0,600.0
2012-02-01,600.0,604.0,597.0,603.0
2012-02-02,607.0,609.0,588.0,590.0
2012-02-03,590.0,591.0,577.0,582.0
2012-02-06,580.0,582.0,575.0,578.0
2012-02-07,581.0,585.0,580.0,583.0
2012-02-08,583.0,591.0,583.0,591.0
2012-02-09,589.0,589.0,582.0,582.0
2012-02-10,581.0,582.0,575.0,575.0
2012-02-13,575.0,584.0,573.0,579.0
2012-02-14,584.0,595.0,581.0,595.0
2012-02-15,595.0,599.0,593.0,598.0
2012-02-16,598.0,598.0,589.0,591.0
2012-02-17,593.0,597.0,592.0,596.0
2012-02-20,598.0,599.0,590.0,590.0
2012-02-21,590.0,592.0,585.0,588.0
2012-02-22,591.0,594.0,589.0,590.0
2012-02-23,592.0,610.0,589.0,607.0
2012-02-24,607.0,611.0,604.0,606.0
2012-02-27,591.0,594.0,584.0,588.0
2012-02-28,584.0,588.0,581.0,585.0
2012-02-29,586.0,588.0,579.0,580.0
2012-03-01,585.0,593.0,583.0,588.0
2012-03-02,591.0,591.0,585.0,589.0
2012-03-05,590.0,591.0,587.0,591.0
2012-03-06,592.0,595.0,590.0,592.0
2012-03-07,587.0,592.0,585.0,592.0
2012-03-08,595.0,598.0,592.0,597.0
2012-03-09,599.0,600.0,593.0,595.0
2012-03-12,596.0,596.0,589.0,589.0
2012-03-13,588.0,590.0,583.0,583.0
2012-03-14,590.0,593.0,587.0,588.0
2012-03-15,590.0,596.0,588.0,593.0
2012-03-16,598.0,606.0,596.0,604.0
2012-03-19,611.0,619.0,610.0,616.0
2012-03-21,617.0,622.0,608.0,620.0
2012-03-22,625.0,630.0,620.0,628.0
2012-03-23,627.0,632.0,621.0,626.0
2012-03-26,625.0,626.0,617.0,620.0
2012-03-27,622.0,630.0,615.0,630.0
2012-03-28,628.0,634.0,627.0,633.0
2012-03-29,633.0,637.0,627.0,634.0
2012-03-30,636.0,658.0,634.0,657.0
2012-04-02,653.0,656.0,628.0,630.0
2012-04-03,630.0,630.0,610.0,620.0
2012-04-04,619.0,624.0,612.0,615.0
2012-04-05,608.0,613.0,606.0,610.0
2012-04-06,609.0,617.0,608.0,613.0
2012-04-09,613.0,617.0,609.0,615.0
2012-04-10,615.0,621.0,612.0,618.0
2012-04-11,637.0,649.0,623.0,646.0
2012-04-12,645.0,656.0,633.0,640.0
2012-04-13,636.0,645.0,635.0,643.0
2012-04-16,643.0,650.0,636.0,638.0
2012-04-17,638.0,638.0,633.0,638.0
2012-04-18,638.0,644.0,629.0,632.0
2012-04-19,630.0,631.0,612.0,620.0
2012-04-20,620.0,629.0,619.0,624.0
2012-04-23,624.0,628.0,616.0,619.0
2012-04-24,618.0,630.0,618.0,628.0
2012-04-25,628.0,629.0,619.0,623.0
2012-04-26,620.0,623.0,610.0,612.0
2012-04-27,612.0,617.0,603.0,605.0
2012-05-01,606.0,612.0,603.0,604.0
2012-05-02,606.0,617.0,604.0,615.0
2012-05-07,605.0,611.0,602.0,603.0
2012-05-08,603.0,606.0,595.0,598.0
2012-05-09,597.0,598.0,584.0,585.0
2012-05-10,585.0,592.0,583.0,585.0
2012-05-11,587.0,593.0,579.0,580.0
2012-05-14,579.0,583.0,570.0,573.0
2012-05-15,569.0,571.0,557.0,566.0
2012-05-16,566.0,574.0,563.0,568.0
2012-05-17,569.0,578.0,564.0,569.0
2012-05-18,559.0,567.0,556.0,560.0
2012-05-21,559.0,569.0,559.0,562.0
2012-05-22,561.0,566.0,556.0,560.0
2012-05-23,561.0,561.0,550.0,550.0
2012-05-24,549.0,551.0,538.0,542.0
2012-05-25,536.0,542.0,526.0,533.0
2012-05-28,530.0,536.0,520.0,522.0
2012-05-29,517.0,527.0,515.0,527.0
2012-05-30,527.0,539.0,523.0,534.0
2012-05-31,524.0,530.0,522.0,530.0
2012-06-01,526.0,532.0,518.0,519.0
2012-06-04,512.0,516.0,507.0,511.0
2012-06-05,510.0,514.0,504.0,510.0
2012-06-06,519.0,521.0,514.0,519.0
2012-06-07,523.0,524.0,516.0,521.0
2012-06-08,522.0,523.0,506.0,511.0
2012-06-11,517.0,517.0,509.0,512.0
2012-06-12,510.0,510.0,504.0,506.0
2012-06-13,507.0,512.0,506.0,508.0
2012-06-14,507.0,508.0,499.0,501.0
2012-06-15,501.0,508.0,501.0,502.0
2012-06-18,509.0,514.0,508.0,512.0
2012-06-19,514.0,526.0,514.0,519.0
2012-06-20,524.0,541.0,523.0,537.0
2012-06-21,547.0,556.0,543.0,548.0
2012-06-22,544.0,552.0,541.0,550.0
2012-06-25,555.0,557.0,547.0,548.0
2012-06-26,541.0,543.0,532.0,538.0
2012-06-27,541.0,556.0,541.0,556.0
2012-06-28,557.0,558.0,548.0,551.0
2012-06-29,554.0,568.0,551.0,565.0
2012-07-02,595.0,597.0,588.0,593.0
2012-07-03,575.0,576.0,556.0,557.0
2012-07-04,561.0,564.0,559.0,561.0
2012-07-05,559.0,563.0,557.0,559.0
2012-07-06,557.0,561.0,553.0,556.0
2012-07-09,554.0,560.0,551.0,559.0
2012-07-10,552.0,558.0,548.0,552.2180786132812
2012-07-11,546.0,546.0,530.0,531.4598999023438
2012-07-12,528.0,532.0,526.0,532.0
2012-07-13,529.0,534.0,528.0,533.0
2012-07-17,532.0,534.0,526.0,527.0
2012-07-18,526.0,529.0,519.0,521.4364013671875
2012-07-19,522.0,529.0,522.0,526.255126953125
2012-07-20,525.0,526.0,518.0,519.3701782226562
2012-07-23,517.0,522.0,514.0,516.2379150390625
2012-07-24,514.0,524.0,512.0,522.0
2012-07-25,518.0,529.0,517.0,527.0
2012-07-26,528.0,539.0,525.0,525.0
2012-07-27,542.0,543.0,528.0,536.0
2012-07-30,538.0,547.0,538.0,545.0
2012-07-31,541.0,546.0,534.0,544.0
2012-08-01,546.0,548.0,540.0,548.0
2012-08-02,550.0,554.0,543.0,548.0
2012-08-03,543.0,543.0,534.0,536.0
2012-08-06,535.0,538.0,532.0,535.0
2012-08-07,532.0,535.0,527.0,531.0186767578125
2012-08-08,535.0,540.0,531.0,540.0
2012-08-09,534.0,537.0,531.0,534.0
2012-08-10,533.0,541.0,533.0,540.0
2012-08-13,544.0,549.0,542.0,545.0
2012-08-14,548.0,555.0,546.0,547.0
2012-08-15,557.0,559.0,552.0,556.0
2012-08-16,555.0,555.0,546.0,550.0
2012-08-17,552.0,553.0,546.0,549.0
2012-08-20,548.0,553.0,547.0,551.0
2012-08-21,551.0,553.0,548.0,551.0
2012-08-22,548.0,551.0,546.0,548.0
2012-08-23,547.0,549.0,544.0,546.0
2012-08-24,544.0,546.0,539.0,541.0
2012-08-27,541.0,541.0,533.0,534.0
2012-08-28,536.0,537.0,525.0,529.0
2012-08-29,523.0,530.0,522.0,529.0
2012-08-30,529.0,530.0,524.0,526.0
2012-08-31,519.0,522.0,514.0,515.0
2012-09-03,520.0,527.0,517.0,521.0
2012-09-04,521.0,521.0,514.0,517.0
2012-09-05,515.0,516.0,507.0,508.0
2012-09-06,507.0,508.0,501.0,504.0
2012-09-07,501.0,508.0,501.0,505.0
2012-09-10,505.0,505.0,502.0,505.0
2012-09-11,505.0,508.0,501.0,504.0
2012-09-12,503.0,507.0,500.0,507.0
2012-09-13,507.0,517.0,506.0,513.0
2012-09-14,514.0,519.0,514.0,516.0
2012-09-18,520.0,522.0,518.0,519.0
2012-09-19,519.0,521.0,516.0,519.0
2012-09-20,519.0,519.0,512.0,513.0
2012-09-21,513.0,530.0,512.0,526.0
2012-09-24,526.0,534.0,525.0,533.0
2012-09-25,530.0,533.0,526.0,532.0
2012-09-26,530.0,535.0,528.0,530.0
2012-09-27,532.0,537.0,530.0,533.0
2012-09-28,531.0,534.0,518.0,520.0
2012-10-01,505.0,518.0,503.0,516.0
2012-10-02,514.0,515.0,510.0,512.0
2012-10-03,510.0,512.0,503.0,503.0
2012-10-04,503.0,512.0,503.0,511.0
2012-10-05,511.0,514.0,508.0,514.0
2012-10-09,514.0,519.0,512.0,513.0
2012-10-10,510.0,522.0,507.0,522.0
2012-10-11,518.0,518.0,513.0,514.0
2012-10-12,510.0,516.0,510.0,512.0
2012-10-15,513.0,517.0,506.0,516.0
2012-10-16,517.0,525.0,514.0,523.0
2012-10-17,525.0,527.0,520.0,523.0
2012-10-18,525.0,528.0,520.0,528.0
2012-10-19,526.0,529.0,522.0,527.0
2012-10-22,523.0,532.0,522.0,530.0
2012-10-23,528.0,529.0,522.0,528.0
2012-10-24,521.0,528.0,521.0,528.0
2012-10-25,526.0,537.0,526.0,537.0
2012-10-26,539.0,543.0,536.0,540.0
2012-10-29,540.0,548.0,539.0,548.0
2012-10-30,549.0,554.0,543.0,547.0
2012-10-31,545.0,546.0,540.0,544.0
2012-11-01,542.0,543.0,534.0,539.0
2012-11-02,545.0,550.0,541.0,546.0
2012-11-05,542.0,543.0,537.0,537.0
2012-11-06,533.0,537.0,531.0,535.0
2012-11-07,535.0,535.0,524.0,527.0
2012-11-08,524.0,524.0,516.0,517.0
2012-11-09,514.0,519.0,512.0,517.0
2012-11-12,515.0,515.0,510.0,513.0
2012-11-13,512.0,514.0,507.0,508.0
2012-11-14,509.0,511.0,508.0,511.0
2012-11-15,516.0,523.0,513.0,521.0
2012-11-16,523.0,527.0,520.0,526.0
2012-11-19,530.0,532.0,524.0,527.0
2012-11-20,527.0,527.0,519.0,523.0
2012-11-21,523.0,535.0,523.0,532.0
2012-11-22,532.0,540.0,532.0,539.0
2012-11-26,539.0,543.0,536.0,538.0
2012-11-27,538.0,549.0,537.0,548.0
2012-11-28,545.0,548.0,543.0,544.0
2012-11-29,541.0,546.0,541.0,543.0
2012-11-30,541.0,541.0,531.0,531.0
2012-12-03,537.0,540.0,532.0,540.0
2012-12-04,539.0,539.0,532.0,535.0
2012-12-05,531.0,535.0,530.0,532.0
2012-12-06,531.0,543.0,531.0,542.0
2012-12-07,542.0,545.0,539.0,543.0
2012-12-10,543.0,549.0,541.0,549.0
2012-12-11,551.0,552.0,544.0,550.0
2012-12-12,552.0,554.0,547.0,548.0
2012-12-13,552.0,552.0,544.0,546.0
2012-12-14,546.0,550.0,544.0,546.0
2012-12-17,546.0,546.0,542.0,545.0
2012-12-18,545.0,545.0,538.0,539.0
2012-12-19,541.0,550.0,539.0,549.0
2012-12-20,549.0,552.0,544.0,547.0
2012-12-21,547.0,551.0,541.0,544.0
2012-12-25,545.0,547.0,543.0,547.0
2012-12-26,547.0,560.0,547.0,559.0
2012-12-27,565.0,570.0,562.0,566.0
2012-12-28,563.0,571.0,560.0,568.0
2013-01-04,588.0,591.0,579.0,585.0
2013-01-07,586.0,599.0,586.0,594.0
2013-01-08,593.0,597.0,587.0,594.0
2013-01-09,589.0,597.0,585.0,594.0
2013-01-10,590.0,598.0,585.0,598.0
2013-01-11,594.0,618.0,594.0,614.0
2013-01-15,618.0,618.0,604.0,608.0
2013-01-16,610.0,613.0,601.0,603.0
2013-01-17,601.0,608.0,592.0,598.0
2013-01-18,603.0,609.0,600.0,608.0
2013-01-21,608.0,615.0,605.0,614.0
2013-01-22,614.0,614.0,598.0,605.0
2013-01-23,601.0,604.0,594.0,603.0
2013-01-24,600.0,607.0,599.0,605.0
2013-01-25,605.0,608.0,598.0,607.0
2013-01-28,608.0,611.0,605.0,605.0
2013-01-29,604.0,609.0,604.0,605.0
2013-01-30,604.0,604.0,594.0,597.0
2013-01-31,597.0,603.0,595.0,601.0
2013-02-01,609.0,615.0,607.0,614.0
2013-02-04,622.0,626.0,619.0,623.0
2013-02-05,621.0,621.0,610.0,610.0
2013-02-06,616.0,620.0,611.0,616.0
2013-02-07,615.0,619.0,614.0,616.0
2013-02-08,615.0,618.0,608.0,609.0
2013-02-12,615.0,619.0,611.0,612.0
2013-02-13,625.0,626.0,606.0,610.0
2013-02-14,609.0,616.0,607.0,610.0
2013-02-15,610.0,615.0,604.0,608.0
2013-02-18,608.0,615.0,607.0,615.0
2013-02-19,616.0,622.0,611.0,618.0
2013-02-20,619.0,629.0,619.0,629.0
2013-02-21,628.0,640.0,627.0,634.0
2013-02-22,633.0,637.0,625.0,635.0
2013-02-25,640.0,652.0,639.0,650.0
2013-02-26,633.0,649.0,624.0,644.0
2013-02-27,646.0,646.0,629.0,636.0
2013-02-28,638.0,653.0,638.0,651.0
2013-03-01,646.0,664.0,645.0,658.0
2013-03-04,658.0,667.0,656.0,663.0
2013-03-05,665.0,673.0,662.0,663.0
2013-03-06,667.0,668.0,660.0,663.0
2013-03-07,666.0,673.0,663.0,666.0
2013-03-08,671.0,698.0,671.0,697.0
2013-03-11,700.0,715.0,693.0,712.0
2013-03-12,717.0,719.0,700.0,703.0
2013-03-13,703.0,714.0,692.0,693.0
2013-03-14,700.0,710.0,700.0,708.0
2013-03-15,713.0,737.0,712.0,727.0
2013-03-18,720.0,730.0,712.0,713.0
2013-03-19,720.0,753.0,719.0,748.0
2013-03-21,750.0,760.0,747.0,756.0
2013-03-22,758.0,769.0,750.0,752.0
2013-03-25,762.0,769.0,745.0,746.0
2013-03-26,747.0,762.0,746.0,756.0
2013-03-27,760.0,789.0,757.0,785.0
2013-03-28,786.0,796.0,773.0,785.0
2013-03-29,785.0,813.0,766.0,805.0
2013-04-01,802.0,802.0,740.0,752.0
2013-04-02,735.0,774.0,718.0,756.0
2013-04-03,754.0,796.0,754.0,791.0
2013-04-04,784.0,794.0,754.0,790.0
2013-04-05,800.0,819.0,768.0,773.0
2013-04-08,780.0,805.0,780.0,803.0
2013-04-09,796.0,798.0,773.0,790.0
2013-04-10,798.0,850.0,792.0,841.0
2013-04-11,852.0,878.0,850.0,873.0
2013-04-12,887.0,904.0,873.0,897.0
2013-04-15,897.0,909.0,888.0,897.0
2013-04-16,882.0,897.0,869.0,876.0
2013-04-17,888.0,936.0,886.0,928.0
2013-04-18,922.0,931.0,901.0,919.0
2013-04-19,910.0,931.0,902.0,925.0
2013-04-22,939.0,965.0,932.0,938.0
2013-04-23,944.0,984.0,938.0,980.0
2013-04-24,994.0,1010.0,985.0,1000.0
2013-04-25,1000.0,1007.0,979.0,999.0
2013-04-26,997.0,999.0,947.0,950.0
2013-04-30,950.0,977.0,947.0,962.0
2013-05-01,959.0,959.0,920.0,943.0
2013-05-02,943.0,976.0,936.0,953.0
2013-05-07,956.0,967.0,939.0,953.0
2013-05-08,951.0,955.0,937.0,941.0
2013-05-09,937.0,952.0,926.0,930.0
2013-05-10,945.0,950.0,910.0,913.0
2013-05-13,921.0,929.0,918.0,929.0
2013-05-14,929.0,929.0,906.0,917.0
2013-05-15,913.0,917.0,875.0,884.0
2013-05-16,877.0,883.0,854.0,870.0
2013-05-17,860.0,887.0,857.0,882.0
2013-05-20,879.0,898.0,875.0,889.0
2013-05-21,890.0,902.0,884.0,898.0
2013-05-22,899.0,904.0,875.0,879.0
2013-05-23,879.0,888.0,835.0,835.0
2013-05-24,827.0,861.0,825.0,848.0
2013-05-27,821.0,843.0,802.0,829.0
2013-05-28,807.0,812.0,780.0,783.0
2013-05-29,794.0,817.0,784.0,810.0
2013-05-30,786.0,800.0,776.0,783.0
2013-05-31,788.0,798.0,770.0,773.0
2013-06-03,773.0,789.0,761.0,763.0
2013-06-04,748.0,750.0,722.0,732.0
2013-06-05,740.0,747.0,699.0,705.0
2013-06-06,706.0,725.0,700.0,703.0
2013-06-07,688.0,698.0,665.0,675.0
2013-06-10,700.0,727.0,700.0,723.0
2013-06-11,735.0,772.0,732.0,755.0
2013-06-12,730.0,736.0,710.0,728.0
2013-06-13,721.0,729.0,696.0,709.0
2013-06-14,725.0,730.0,692.0,701.0
2013-06-17,687.0,719.0,683.0,719.0
2013-06-18,725.0,742.0,714.0,724.0
2013-06-19,735.0,736.0,711.0,725.0
2013-06-20,720.0,725.0,707.0,717.0
2013-06-21,703.0,730.0,696.0,729.0
2013-06-24,727.0,728.0,708.0,711.0
2013-06-25,719.0,729.0,706.0,717.0
2013-06-26,717.0,723.0,698.0,702.0
2013-06-27,709.0,738.0,709.0,736.0
2013-06-28,750.0,784.0,747.0,779.0
2013-07-01,749.0,767.0,727.0,741.0
2013-07-02,743.0,744.0,733.0,738.0
2013-07-03,737.0,740.0,732.0,738.0
2013-07-04,735.0,738.0,725.0,730.0
2013-07-05,730.0,738.0,729.0,736.0
2013-07-08,736.0,742.0,720.0,720.0
2013-07-09,729.0,735.0,721.0,734.0
2013-07-10,738.0,756.0,730.0,741.0
2013-07-11,751.0,789.0,745.0,780.0
2013-07-12,776.0,785.0,766.0,771.0
2013-07-16,775.0,781.0,764.0,771.0
2013-07-17,778.0,808.0,771.0,804.0
2013-07-18,814.0,822.0,800.0,815.0
2013-07-19,829.0,829.0,801.0,811.0
2013-07-22,811.0,813.0,777.0,783.0
2013-07-23,775.0,775.0,756.0,763.0
2013-07-24,760.0,768.0,758.0,764.0
2013-07-25,764.0,767.0,747.0,755.0
2013-07-26,750.0,750.0,733.0,735.0
2013-07-29,727.0,727.0,702.0,702.0
2013-07-30,702.0,714.0,701.0,712.0
2013-07-31,710.0,710.0,698.0,702.0
2013-08-01,699.0,711.0,698.0,711.0
2013-08-02,715.0,737.0,714.0,737.0
2013-08-05,731.0,732.0,720.0,727.0
2013-08-06,721.0,740.0,716.0,738.0
2013-08-07,728.0,728.0,714.0,715.0
2013-08-08,711.0,730.0,710.0,714.0
2013-08-09,714.0,727.0,714.0,723.0
2013-08-12,714.0,716.0,706.0,710.0
2013-08-13,711.0,713.0,702.0,712.0
2013-08-14,713.0,719.0,709.0,719.0
2013-08-15,710.0,715.0,704.0,705.0
2013-08-16,702.0,706.0,701.0,702.0
2013-08-19,703.0,706.0,699.0,702.0
2013-08-20,700.0,702.0,694.0,699.0
2013-08-21,695.0,697.0,684.0,692.0
2013-08-22,686.0,700.0,683.0,699.0
2013-08-23,700.0,701.0,691.0,697.0
2013-08-26,700.0,703.0,694.0,697.0
2013-08-27,696.0,699.0,687.0,689.0
2013-08-28,669.0,680.0,665.0,678.0
2013-08-29,670.0,680.0,666.0,680.0
2013-08-30,676.0,682.0,670.0,673.0
2013-09-02,673.0,688.0,669.0,687.0
2013-09-03,695.0,702.0,693.0,702.0
2013-09-04,692.0,701.0,685.0,699.0
2013-09-05,695.0,697.0,666.0,670.0
2013-09-06,667.0,670.0,644.0,651.0
2013-09-09,656.0,667.0,655.0,667.0
2013-09-10,668.0,669.0,661.0,667.0
2013-09-11,668.0,676.0,665.0,668.0
2013-09-12,666.0,668.0,662.0,664.0
2013-09-13,668.0,673.0,658.0,665.0
2013-09-17,667.0,672.0,663.0,663.0
2013-09-18,680.0,680.0,672.0,675.0
2013-09-19,677.0,695.0,676.0,694.0
2013-09-20,697.0,709.0,696.0,708.0
2013-09-24,709.0,709.0,692.0,695.0
2013-09-25,694.0,694.0,687.0,690.0
2013-09-26,691.0,697.0,680.0,692.0
2013-09-27,693.0,694.0,683.0,687.0
2013-09-30,695.0,702.0,682.0,696.0
2013-10-01,697.0,697.0,682.0,683.0
2013-10-02,690.0,690.0,655.0,665.0
2013-10-03,657.0,671.0,657.0,666.0
2013-10-04,667.0,687.0,661.0,678.0
2013-10-07,673.0,679.0,649.0,651.0
2013-10-08,645.0,664.0,645.0,662.0
2013-10-09,653.0,662.0,647.0,662.0
2013-10-10,668.0,690.0,664.0,678.0
2013-10-11,691.0,714.0,689.0,712.0
2013-10-15,712.0,717.0,699.0,707.0
2013-10-16,705.0,706.0,691.0,694.0
2013-10-17,700.0,710.0,700.0,710.0
2013-10-18,709.0,716.0,701.0,711.0
2013-10-21,714.0,728.0,712.0,728.0
2013-10-22,729.0,731.0,726.0,730.0
2013-10-23,730.0,742.0,722.0,722.0
2013-10-24,721.0,735.0,721.0,734.0
2013-10-25,734.0,734.0,713.0,717.0
2013-10-28,720.0,732.0,720.0,725.0
2013-10-29,718.0,720.0,708.0,716.0
2013-10-30,716.0,717.0,700.0,704.0
2013-10-31,703.0,703.0,681.0,685.0
2013-11-01,690.0,703.0,686.0,690.0
2013-11-05,690.0,706.0,690.0,701.0
2013-11-06,705.0,723.0,703.0,716.0
2013-11-07,713.0,714.0,688.0,688.0
2013-11-08,686.0,694.0,684.0,690.0
2013-11-11,696.0,698.0,688.0,690.0
2013-11-12,694.0,712.0,692.0,708.0
2013-11-13,708.0,713.0,690.0,692.0
2013-11-14,691.0,702.0,690.0,692.0
2013-11-15,696.0,706.0,696.0,700.0
2013-11-18,700.0,705.0,697.0,701.0
2013-11-19,698.0,714.0,698.0,709.0
2013-11-20,712.0,715.0,707.0,712.0
2013-11-21,712.0,717.0,707.0,710.0
2013-11-22,713.0,715.0,704.0,706.0
2013-11-25,704.0,708.0,700.0,707.0
2013-11-26,702.0,705.0,693.0,697.0
2013-11-27,694.0,697.0,692.0,693.0
2013-11-28,695.0,699.0,691.0,694.0
2013-11-29,691.0,697.0,691.0,696.0
2013-12-02,698.0,711.0,696.0,708.0
2013-12-03,712.0,713.0,704.0,706.0
2013-12-04,699.0,701.0,692.0,692.0
2013-12-05,691.0,693.0,681.0,681.0
2013-12-06,681.0,684.0,677.0,683.0
2013-12-09,685.0,694.0,684.0,688.0
2013-12-10,689.0,690.0,685.0,687.0
2013-12-11,687.0,690.0,681.0,683.0
2013-12-12,681.0,683.0,673.0,680.0
2013-12-13,671.0,679.0,666.0,668.0
2013-12-16,668.0,671.0,658.0,664.0
2013-12-17,666.0,686.0,666.0,682.0
2013-12-18,678.0,693.0,678.0,690.0
2013-12-19,698.0,699.0,679.0,680.0
2013-12-20,676.0,685.0,676.0,683.0
2013-12-24,682.0,684.0,671.0,673.0
2013-12-25,676.0,678.0,672.0,676.0
2013-12-26,680.0,685.0,678.0,681.0
2013-12-27,688.0,693.0,684.0,691.0
2013-12-30,700.0,733.0,700.0,730.0
2014-01-06,730.0,734.0,717.0,723.0
2014-01-07,718.0,723.0,702.0,706.0
2014-01-08,713.0,716.0,707.0,716.0
2014-01-09,719.0,723.0,715.0,722.0
2014-01-10,716.0,724.0,709.0,723.0
2014-01-14,719.0,719.0,708.0,709.0
2014-01-15,715.0,719.0,710.0,716.0
2014-01-16,718.0,729.0,714.0,720.0
2014-01-17,722.0,736.0,719.0,734.0
2014-01-20,735.0,748.0,735.0,747.0
2014-01-21,748.0,750.0,743.0,748.0
2014-01-22,750.0,754.0,740.0,748.0
2014-01-23,750.0,751.0,727.0,728.0
2014-01-24,721.0,721.0,708.0,712.0
2014-01-27,698.0,705.0,695.0,696.0
2014-01-28,697.0,703.0,690.0,691.0
2014-01-29,700.0,725.0,699.0,722.0
2014-01-30,701.0,706.0,690.0,694.0
2014-01-31,696.0,701.0,682.0,691.0
2014-02-03,685.0,691.0,679.0,679.0
2014-02-04,667.0,667.0,645.0,649.0
2014-02-05,656.0,676.0,640.0,652.0
2014-02-06,653.0,670.0,652.0,662.0
2014-02-07,672.0,678.0,661.0,676.0
2014-02-10,685.0,688.0,675.0,678.0
2014-02-12,688.0,698.0,686.0,698.0
2014-02-13,700.0,703.0,691.0,692.0
2014-02-14,690.0,691.0,668.0,677.0
2014-02-17,678.0,688.0,670.0,688.0
2014-02-18,684.0,693.0,676.0,688.0
2014-02-19,683.0,683.0,673.0,674.0
2014-02-20,670.0,674.0,659.0,664.0
2014-02-21,669.0,676.0,667.0,675.0
2014-02-24,671.0,677.0,661.0,663.0
2014-02-25,663.0,672.0,663.0,668.0
2014-02-26,652.0,664.0,648.0,658.0
2014-02-27,655.0,656.0,651.0,653.0
2014-02-28,650.0,651.0,641.0,645.0
2014-03-03,640.0,648.0,630.0,646.0
2014-03-04,641.0,666.0,639.0,665.0
2014-03-05,669.0,678.0,667.0,670.0
2014-03-06,672.0,679.0,664.0,677.0
2014-03-07,678.0,683.0,666.0,680.0
2014-03-10,671.0,673.0,658.0,661.0
2014-03-11,665.0,680.0,662.0,680.0
2014-03-12,670.0,676.0,662.0,663.0
2014-03-13,661.0,669.0,658.0,664.0
2014-03-14,656.0,658.0,645.0,646.0
2014-03-17,643.0,648.0,637.0,638.0
2014-03-18,646.0,668.0,644.0,663.0
2014-03-19,661.0,667.0,647.0,647.0
2014-03-20,647.0,650.0,638.0,642.0
2014-03-24,640.0,655.0,636.0,638.0
2014-03-25,635.0,646.0,627.0,629.0
2014-03-26,624.0,638.0,618.0,635.0
2014-03-27,630.0,663.0,628.0,660.0
2014-03-28,660.0,677.0,652.0,677.0
2014-03-31,681.0,692.0,678.0,690.0
2014-04-01,691.0,692.0,680.0,686.0
2014-04-02,690.0,694.0,685.0,689.0
2014-04-03,688.0,691.0,680.0,681.0
2014-04-04,680.0,683.0,674.0,679.0
2014-04-07,671.0,684.0,668.0,674.0
2014-04-08,674.0,674.0,663.0,664.0
2014-04-09,657.0,661.0,647.0,653.0
2014-04-10,671.0,695.0,670.0,674.0
2014-04-11,660.0,678.0,658.0,664.0
2014-04-14,660.0,670.0,655.0,660.0
2014-04-15,660.0,673.0,659.0,672.0
2014-04-16,679.0,683.0,674.0,683.0
2014-04-17,685.0,695.0,683.0,694.0
2014-04-18,695.0,702.0,692.0,697.0
2014-04-21,667.0,681.0,667.0,670.0
2014-04-22,666.0,667.0,650.0,651.0
2014-04-23,653.0,663.0,651.0,659.0
2014-04-24,662.0,677.0,660.0,674.0
2014-04-25,679.0,689.0,666.0,682.0
2014-04-28,680.0,695.0,672.0,688.0
2014-04-30,684.0,693.0,675.0,691.0
2014-05-01,688.0,693.0,681.0,690.0
2014-05-02,682.0,685.0,675.0,682.0
2014-05-07,670.0,671.0,660.0,667.0
2014-05-08,665.0,685.0,665.0,684.0
2014-05-09,675.0,690.0,674.0,682.0
2014-05-12,680.0,686.0,674.0,678.0
2014-05-13,683.0,691.0,679.0,683.0
2014-05-14,677.0,684.0,677.0,683.0
2014-05-15,680.0,683.0,670.0,681.0
2014-05-16,677.0,680.0,668.0,677.0
2014-05-19,680.0,692.0,676.0,681.0
2014-05-20,690.0,707.0,688.0,702.0
2014-05-21,702.0,707.0,685.0,689.0
2014-05-22,698.0,700.0,689.0,697.0
2014-05-23,697.0,701.0,695.0,699.0
2014-05-26,704.0,705.0,690.0,705.0
2014-05-27,706.0,708.0,698.0,701.0
2014-05-28,704.0,706.0,692.0,695.0
2014-05-29,695.0,696.0,689.0,694.0
2014-05-30,693.0,700.0,687.0,693.0
2014-06-02,693.0,697.0,688.0,692.0
2014-06-03,695.0,696.0,687.0,687.0
2014-06-04,688.0,692.0,684.0,687.0
2014-06-05,691.0,698.0,687.0,692.0
2014-06-06,695.0,710.0,693.0,708.0
2014-06-09,713.0,721.0,704.0,713.0
2014-06-10,717.0,721.0,710.0,714.0
2014-06-11,706.0,734.0,706.0,731.0
2014-06-12,723.0,738.0,718.0,730.0
2014-06-13,725.0,728.0,714.0,722.0
2014-06-16,718.0,721.0,710.0,716.0
2014-06-17,721.0,722.0,714.0,717.0
2014-06-18,720.0,732.0,719.0,726.0
2014-06-19,723.0,723.0,715.0,721.0
2014-06-20,715.0,719.0,709.0,715.0
2014-06-23,715.0,717.0,707.0,712.0
2014-06-24,706.0,713.0,698.0,710.0
2014-06-25,704.0,715.0,702.0,714.0
2014-06-26,715.0,719.0,711.0,715.0
2014-06-27,716.0,717.0,702.0,717.0
2014-06-30,715.0,736.0,706.0,732.0
2014-07-01,733.0,734.0,720.0,727.0
2014-07-02,733.0,733.0,720.0,724.0
2014-07-03,736.0,744.0,718.0,724.0
2014-07-04,725.0,725.0,715.0,720.0
2014-07-07,721.0,729.0,720.0,724.0
2014-07-08,725.0,740.0,723.0,730.0
2014-07-09,721.0,727.0,719.0,725.0
2014-07-10,725.0,726.0,714.0,715.0
2014-07-11,710.0,713.0,704.0,711.0
2014-07-14,711.0,723.0,708.0,723.0
2014-07-15,724.0,724.0,716.0,718.0
2014-07-16,715.0,719.0,714.0,717.0
2014-07-17,714.0,718.0,708.0,713.0
2014-07-18,705.0,707.0,701.0,704.0
2014-07-22,709.0,715.0,705.0,711.0
2014-07-23,714.0,718.0,709.0,716.0
2014-07-24,718.0,729.0,715.0,721.0
2014-07-25,724.0,726.0,718.0,721.0
2014-07-28,722.0,722.0,712.0,713.0
2014-07-29,716.0,718.0,715.0,717.0
2014-07-30,710.0,711.0,701.0,701.0
2014-07-31,703.0,703.0,691.0,693.0
2014-08-01,690.0,696.0,688.0,689.0
2014-08-04,691.0,693.0,686.0,686.0
2014-08-05,690.0,699.0,688.0,691.0
2014-08-06,687.0,691.0,682.0,684.0
2014-08-07,682.0,705.0,682.0,703.0
2014-08-08,698.0,705.0,689.0,690.0
2014-08-11,698.0,700.0,694.0,697.0
2014-08-12,700.0,709.0,700.0,707.0
2014-08-13,705.0,709.0,699.0,707.0
2014-08-14,709.0,709.0,704.0,707.0
2014-08-15,707.0,709.0,703.0,706.0
2014-08-18,707.0,709.0,706.0,706.0
2014-08-19,710.0,713.0,708.0,713.0
2014-08-20,713.0,714.0,708.0,711.0
2014-08-21,712.0,714.0,707.0,710.0
2014-08-22,711.0,715.0,710.0,714.0
2014-08-25,716.0,721.0,715.0,720.0
2014-08-26,721.0,722.0,709.0,710.0
2014-08-27,705.0,710.0,702.0,705.0
2014-08-28,701.0,702.0,693.0,696.0
2014-08-29,693.0,708.0,693.0,706.0
2014-09-01,708.0,711.0,704.0,708.0
2014-09-02,708.0,717.0,706.0,713.0
2014-09-03,713.0,717.0,708.0,710.0
2014-09-04,706.0,706.0,695.0,696.0
2014-09-05,698.0,700.0,694.0,697.0
2014-09-08,699.0,703.0,695.0,699.0
2014-09-09,701.0,704.0,700.0,701.0
2014-09-10,700.0,713.0,700.0,712.0
2014-09-11,715.0,718.0,709.0,712.0
2014-09-12,711.0,715.0,707.0,711.0
2014-09-16,708.0,711.0,703.0,708.0
2014-09-17,711.0,716.0,709.0,713.0
2014-09-18,711.0,717.0,709.0,715.0
2014-09-19,717.0,721.0,713.0,721.0
2014-09-22,721.0,732.0,720.0,728.0
2014-09-24,725.0,739.0,723.0,734.0
2014-09-25,740.0,752.0,739.0,752.0
2014-09-26,745.0,747.0,734.0,741.0
2014-09-29,775.0,794.0,764.0,768.0
2014-09-30,758.0,762.0,743.0,752.0
2014-10-01,748.0,758.0,744.0,746.0
2014-10-02,731.0,736.0,716.0,727.0
2014-10-03,726.0,753.0,726.0,733.0
2014-10-06,750.0,771.0,749.0,761.0
2014-10-07,759.0,777.0,756.0,757.0
2014-10-08,741.0,757.0,740.0,754.0
2014-10-09,758.0,766.0,751.0,760.0
2014-10-10,751.0,756.0,745.0,754.0
2014-10-14,747.0,747.0,735.0,738.0
2014-10-15,726.0,738.0,715.0,731.0
2014-10-16,723.0,725.0,710.0,711.0
2014-10-17,711.0,717.0,703.0,707.0
2014-10-20,722.0,730.0,719.0,727.0
2014-10-21,730.0,730.0,705.0,706.0
2014-10-22,721.0,724.0,710.0,723.0
2014-10-23,720.0,720.0,702.0,703.0
2014-10-24,710.0,721.0,704.0,716.0
2014-10-27,718.0,725.0,713.0,715.0
2014-10-28,712.0,717.0,711.0,713.0
2014-10-29,714.0,727.0,714.0,723.0
2014-10-30,720.0,726.0,717.0,717.0
2014-10-31,724.0,742.0,722.0,739.0
2014-11-04,759.0,760.0,734.0,735.0
2014-11-05,728.0,736.0,724.0,733.0
2014-11-06,732.0,737.0,720.0,722.0
2014-11-07,722.0,728.0,718.0,720.0
2014-11-10,722.0,731.0,718.0,728.0
2014-11-11,726.0,729.0,721.0,725.0
2014-11-12,726.0,733.0,725.0,726.0
2014-11-13,728.0,754.0,727.0,751.0
2014-11-14,756.0,756.0,735.0,741.0
2014-11-17,736.0,736.0,723.0,726.0
2014-11-18,728.0,741.0,728.0,737.0
2014-11-19,736.0,740.0,731.0,735.0
2014-11-20,742.0,749.0,730.0,732.0
2014-11-21,734.0,752.0,732.0,749.0
2014-11-25,759.0,768.0,751.0,756.0
2014-11-26,751.0,756.0,747.0,747.0
2014-11-27,747.0,769.0,746.0,765.0
2014-11-28,765.0,774.0,752.0,756.0
2014-12-01,758.0,766.0,753.0,759.0
2014-12-02,753.0,758.0,747.0,749.0
2014-12-03,747.0,761.0,747.0,757.0
2014-12-04,767.0,777.0,764.0,768.0
2014-12-05,768.0,769.0,757.0,766.0
2014-12-08,772.0,772.0,757.0,760.0
2014-12-09,755.0,757.0,749.0,754.0
2014-12-10,753.0,757.0,749.0,752.0
2014-12-11,745.0,748.0,731.0,734.0
2014-12-12,721.0,729.0,718.0,720.0
2014-12-15,722.0,742.0,722.0,729.0
2014-12-16,718.0,724.0,713.0,720.0
2014-12-17,720.0,723.0,716.0,716.0
2014-12-18,728.0,738.0,726.0,730.0
2014-12-19,740.0,742.0,733.0,740.0
2014-12-22,741.0,744.0,739.0,744.0
2014-12-24,750.0,755.0,749.0,753.0
2014-12-25,754.0,757.0,750.0,750.0
2014-12-26,754.0,754.0,746.0,747.0
2014-12-29,757.0,775.0,753.0,773.0
2014-12-30,773.0,778.0,766.0,772.0
2015-01-05,771.0,772.0,754.0,756.0
2015-01-06,746.0,748.0,730.0,730.0
2015-01-07,727.0,743.0,726.0,741.0
2015-01-08,741.0,743.0,734.0,739.0
2015-01-09,739.0,756.0,739.0,754.0
2015-01-13,746.0,746.0,721.0,725.0
2015-01-14,723.0,728.0,720.0,724.0
2015-01-15,726.0,746.0,724.0,743.0
2015-01-16,731.0,735.0,723.0,729.0
2015-01-19,739.0,747.0,733.0,739.0
2015-01-20,737.0,748.0,737.0,745.0
2015-01-21,744.0,747.0,737.0,746.0
2015-01-22,744.0,744.0,732.0,742.0
2015-01-23,747.0,750.0,738.0,746.0
2015-01-26,745.0,755.0,742.0,755.0
2015-01-27,754.0,766.0,754.0,764.0
2015-01-28,760.0,774.0,760.0,770.0
2015-01-29,768.0,784.0,764.0,782.0
2015-01-30,782.0,792.0,778.0,789.0
2015-02-02,785.0,787.0,776.0,783.0
2015-02-03,790.0,791.0,778.0,782.0
2015-02-04,788.0,798.0,787.0,797.0
2015-02-05,797.0,805.0,793.0,801.0
2015-02-06,805.0,807.0,792.0,792.0
2015-02-09,800.0,821.0,797.0,820.0
2015-02-10,824.0,825.0,804.0,812.0
2015-02-12,820.0,841.0,819.0,823.0
2015-02-13,828.0,838.0,826.0,833.0
2015-02-16,837.0,850.0,834.0,848.0
2015-02-17,849.0,855.0,844.0,853.0
2015-02-18,861.0,883.0,858.0,878.0
2015-02-19,880.0,891.0,869.0,877.0
2015-02-20,883.0,888.0,861.0,877.0
2015-02-23,880.0,891.0,875.0,876.0
2015-02-24,883.0,885.0,859.0,871.0
2015-02-25,865.0,869.0,851.0,867.0
2015-02-26,866.0,882.0,864.0,876.0
2015-02-27,875.0,884.0,873.0,877.0
2015-03-02,875.0,883.0,871.0,872.0
2015-03-03,872.0,880.0,864.0,869.0
2015-03-04,868.0,874.0,861.0,872.0
2015-03-05,865.0,879.0,863.0,876.0
2015-03-06,876.0,888.0,875.0,886.0
2015-03-09,883.0,903.0,881.0,899.0
2015-03-10,905.0,918.0,893.0,899.0
2015-03-11,889.0,899.0,883.0,884.0
2015-03-12,884.0,901.0,882.0,895.0
2015-03-13,910.0,914.0,900.0,906.0
2015-03-16,899.0,903.0,896.0,900.0
2015-03-17,901.0,913.0,898.0,911.0
2015-03-18,907.0,919.0,907.0,919.0
2015-03-19,918.0,928.0,916.0,924.0
2015-03-20,925.0,928.0,918.0,923.0
2015-03-23,925.0,939.0,925.0,933.0
2015-03-24,926.0,939.0,922.0,928.0
2015-03-25,936.0,939.0,923.0,933.0
2015-03-26,925.0,925.0,909.0,919.0
2015-03-27,919.0,919.0,883.0,887.0
2015-03-30,886.0,899.0,883.0,896.0
2015-03-31,905.0,916.0,892.0,900.0
2015-04-01,891.0,900.0,879.0,887.0
2015-04-02,876.0,916.0,876.0,913.0
2015-04-03,914.0,944.0,914.0,927.0
2015-04-06,930.0,943.0,916.0,932.0
2015-04-07,940.0,950.0,933.0,938.0
2015-04-08,948.0,981.0,945.0,978.0
2015-04-09,975.0,983.0,967.0,978.0
2015-04-10,985.0,989.0,968.0,982.0
2015-04-13,945.0,955.0,892.0,911.0
2015-04-14,911.0,949.0,908.0,948.0
2015-04-15,950.0,967.0,946.0,948.0
2015-04-16,945.0,950.0,923.0,947.0
2015-04-17,949.0,961.0,938.0,940.0
2015-04-20,959.0,963.0,927.0,933.0
2015-04-21,947.0,977.0,944.0,954.0
2015-04-22,963.0,979.0,960.0,976.0
2015-04-23,967.0,975.0,943.0,949.0
2015-04-24,963.0,985.0,960.0,970.0
2015-04-27,985.0,1015.0,981.0,1001.0
2015-04-28,1006.0,1037.0,996.0,1000.0
2015-04-30,997.0,1018.0,995.0,999.0
2015-05-01,1000.0,1013.0,991.0,1008.0
2015-05-07,1007.0,1048.0,1005.0,1009.0
2015-05-08,1018.0,1026.0,1010.0,1018.0
2015-05-11,1033.0,1060.0,1024.0,1037.0
2015-05-12,1044.0,1063.0,1028.0,1054.0
2015-05-13,1050.0,1054.0,1036.0,1047.0
2015-05-14,1048.0,1050.0,1038.0,1049.0
2015-05-15,1054.0,1067.0,1049.0,1065.0
2015-05-18,1075.0,1095.0,1075.0,1095.0
2015-05-19,1095.0,1098.0,1076.0,1082.0
2015-05-20,1082.0,1097.0,1071.0,1089.0
2015-05-21,1089.0,1090.0,1072.0,1081.0
2015-05-22,1080.0,1089.0,1073.0,1086.0
2015-05-25,1086.0,1090.0,1077.0,1087.0
2015-05-26,1085.0,1098.0,1082.0,1096.0
2015-05-27,1099.0,1127.0,1099.0,1113.0
2015-05-28,1113.0,1113.0,1083.0,1101.0
2015-05-29,1105.0,1145.0,1103.0,1138.0
2015-06-01,1124.0,1128.0,1094.0,1123.0
2015-06-02,1124.0,1139.0,1120.0,1131.0
2015-06-03,1130.0,1146.0,1128.0,1141.0
2015-06-04,1150.0,1157.0,1136.0,1141.0
2015-06-05,1142.0,1163.0,1141.0,1154.0
2015-06-08,1160.0,1173.0,1150.0,1163.0
2015-06-09,1152.0,1176.0,1146.0,1159.0
2015-06-10,1159.0,1159.0,1127.0,1133.0
2015-06-11,1126.0,1138.0,1114.0,1124.0
2015-06-12,1121.0,1150.0,1108.0,1148.0
2015-06-15,1118.0,1145.0,1111.0,1139.0
2015-06-16,1132.0,1175.0,1132.0,1163.0
2015-06-17,1191.0,1192.0,1171.0,1183.0
2015-06-18,1182.0,1199.0,1181.0,1184.0
2015-06-19,1193.0,1198.0,1166.0,1173.0
2015-06-22,1169.0,1184.0,1163.0,1184.0
2015-06-23,1187.0,1195.0,1181.0,1194.0
2015-06-24,1195.0,1199.0,1186.0,1194.0
2015-06-25,1173.0,1190.0,1160.0,1178.0
2015-06-26,1171.0,1185.0,1163.0,1175.0
2015-06-29,1145.0,1211.0,1141.0,1204.0
2015-06-30,1196.0,1204.0,1165.0,1199.0
2015-07-01,1195.0,1209.0,1182.0,1199.0
2015-07-02,1203.0,1203.0,1170.0,1172.0
2015-07-03,1195.0,1195.0,1163.0,1169.0
2015-07-06,1139.0,1151.0,1128.0,1135.0
2015-07-07,1145.0,1152.0,1113.0,1125.0
2015-07-08,1111.0,1112.0,1081.0,1081.0
2015-07-09,1067.0,1087.0,1043.0,1084.0
2015-07-10,1103.0,1115.0,1071.0,1078.0
2015-07-13,1076.0,1097.0,1057.0,1095.0
2015-07-14,1115.0,1128.0,1102.0,1128.0
2015-07-15,1120.0,1121.0,1086.0,1091.0
2015-07-16,1091.0,1110.0,1087.0,1109.0
2015-07-17,1108.0,1123.0,1098.0,1110.0
2015-07-21,1119.0,1147.0,1115.0,1141.0
2015-07-22,1132.0,1152.0,1130.0,1137.0
2015-07-23,1137.0,1154.0,1131.0,1141.0
2015-07-24,1143.0,1154.0,1137.0,1146.0
2015-07-27,1139.0,1144.0,1111.0,1115.0
2015-07-28,1102.0,1108.0,1080.0,1099.0
2015-07-29,1120.0,1154.0,1100.0,1132.0
2015-07-30,1137.0,1160.0,1129.0,1134.0
2015-07-31,1144.0,1144.0,1108.0,1130.0
2015-08-03,1142.0,1228.0,1142.0,1214.0
2015-08-04,1203.0,1226.0,1187.0,1223.0
2015-08-05,1218.0,1233.0,1173.0,1179.0
2015-08-06,1184.0,1185.0,1167.0,1175.0
2015-08-07,1168.0,1188.0,1148.0,1178.0
2015-08-10,1178.0,1189.0,1173.0,1188.0
2015-08-11,1192.0,1207.0,1173.0,1177.0
2015-08-12,1169.0,1185.0,1141.0,1141.0
2015-08-13,1133.0,1139.0,1114.0,1125.0
2015-08-14,1133.0,1162.0,1133.0,1135.0
2015-08-17,1132.0,1133.0,1081.0,1095.0
2015-08-18,1081.0,1097.0,1067.0,1074.0
2015-08-19,1066.0,1074.0,1041.0,1043.0
2015-08-20,1039.0,1049.0,1011.0,1013.0
2015-08-21,993.0,1012.0,986.0,987.0
2015-08-24,972.0,988.0,939.0,939.0
2015-08-25,893.0,929.0,873.0,902.0
2015-08-26,907.0,919.0,897.0,903.0
2015-08-27,910.0,917.0,892.0,896.0
2015-08-28,933.0,956.0,929.0,950.0
2015-08-31,950.0,962.0,934.0,956.0
2015-09-01,950.0,960.0,917.0,917.0
2015-09-02,903.0,925.0,893.0,894.0
2015-09-03,899.0,904.0,878.0,880.0
2015-09-04,888.0,888.0,857.0,864.0
2015-09-07,847.0,870.0,847.0,860.0
2015-09-08,864.0,870.0,849.0,853.0
2015-09-09,890.0,919.0,887.0,918.0
2015-09-10,903.0,910.0,890.0,902.0
2015-09-11,887.0,940.0,887.0,932.0
2015-09-14,938.0,951.0,925.0,926.0
2015-09-15,933.0,952.0,921.0,938.0
2015-09-16,950.0,956.0,944.0,950.0
2015-09-17,955.0,955.0,917.0,928.0
2015-09-18,913.0,920.0,897.0,908.0
2015-09-24,893.0,915.0,891.0,896.0
2015-09-25,891.0,909.0,882.0,905.0
2015-09-28,919.0,963.0,917.0,953.0
2015-09-29,938.0,951.0,918.0,929.0
2015-09-30,914.0,929.0,872.0,874.0
2015-10-01,859.0,874.0,826.0,849.0
2015-10-02,842.0,849.0,830.0,836.0
2015-10-05,840.0,847.0,826.0,840.0
2015-10-06,837.0,840.0,827.0,833.0
2015-10-07,828.0,838.0,820.0,832.0
2015-10-08,824.0,827.0,802.0,807.0
2015-10-09,812.0,830.0,801.0,825.0
2015-10-13,820.0,830.0,803.0,805.0
2015-10-14,803.0,812.0,800.0,812.0
2015-10-15,806.0,822.0,804.0,816.0
2015-10-16,819.0,821.0,802.0,803.0
2015-10-19,808.0,812.0,802.0,805.0
2015-10-20,806.0,815.0,793.0,798.0
2015-10-21,801.0,804.0,790.0,803.0
2015-10-22,798.0,809.0,797.0,803.0
2015-10-23,815.0,823.0,802.0,805.0
2015-10-26,812.0,813.0,803.0,806.0
2015-10-27,808.0,811.0,797.0,798.0
2015-10-28,804.0,808.0,796.0,800.0
2015-10-29,802.0,802.0,790.0,791.0
2015-10-30,791.0,809.0,791.0,805.0
2015-11-02,801.0,807.0,783.0,784.0
2015-11-04,770.0,803.0,770.0,795.0
2015-11-05,788.0,814.0,788.0,811.0
2015-11-06,806.0,833.0,806.0,827.0
2015-11-09,827.0,840.0,820.0,824.0
2015-11-10,807.0,821.0,806.0,814.0
2015-11-11,814.0,839.0,813.0,838.0
2015-11-12,832.0,845.0,832.0,837.0
2015-11-13,824.0,829.0,812.0,821.0
2015-11-16,801.0,813.0,801.0,809.0
2015-11-17,804.0,810.0,800.0,801.0
2015-11-18,802.0,813.0,801.0,812.0
2015-11-19,820.0,828.0,812.0,819.0
2015-11-20,822.0,824.0,811.0,816.0
2015-11-24,817.0,822.0,812.0,817.0
2015-11-25,813.0,822.0,805.0,815.0
2015-11-26,814.0,825.0,813.0,822.0
2015-11-27,825.0,833.0,824.0,826.0
2015-11-30,839.0,849.0,831.0,844.0
2015-12-01,850.0,856.0,845.0,855.0
2015-12-02,862.0,864.0,840.0,844.0
2015-12-03,840.0,844.0,828.0,836.0
2015-12-04,821.0,823.0,806.0,810.0
2015-12-07,830.0,841.0,823.0,830.0
2015-12-08,830.0,834.0,826.0,830.0
2015-12-09,824.0,830.0,802.0,807.0
2015-12-10,790.0,803.0,788.0,789.0
2015-12-11,787.0,795.0,786.0,791.0
2015-12-14,779.0,783.0,766.0,773.0
2015-12-15,777.0,781.0,759.0,762.0
2015-12-16,775.0,776.0,755.0,764.0
2015-12-17,772.0,788.0,771.0,784.0
2015-12-18,793.0,810.0,791.0,798.0
2015-12-21,800.0,808.0,791.0,799.0
2015-12-22,805.0,807.0,776.0,777.0
2015-12-24,783.0,784.0,775.0,776.0
2015-12-25,776.0,776.0,776.0,776.0
2015-12-28,795.0,796.0,777.0,790.0
2015-12-29,835.0,881.0,833.0,872.0
2015-12-30,876.0,895.0,857.0,879.0
2016-01-04,879.0,886.0,854.0,861.0
2016-01-05,861.0,870.0,851.0,855.0
2016-01-06,858.0,873.0,847.0,856.0
2016-01-07,848.0,851.0,824.0,826.0
2016-01-08,821.0,844.0,821.0,829.0
2016-01-12,822.0,841.0,809.0,813.0
2016-01-13,818.0,828.0,810.0,818.0
2016-01-14,816.0,825.0,812.0,824.0
2016-01-15,825.0,849.0,824.0,840.0
2016-01-18,829.0,838.0,823.0,828.0
2016-01-19,826.0,853.0,824.0,841.0
2016-01-20,842.0,845.0,825.0,827.0
2016-01-21,825.0,850.0,823.0,823.0
2016-01-22,840.0,844.0,825.0,842.0
2016-01-25,852.0,868.0,838.0,848.0
2016-01-26,845.0,849.0,827.0,830.0
2016-01-27,835.0,849.0,830.0,842.0
2016-01-28,842.0,861.0,839.0,853.0
2016-01-29,850.0,870.0,841.0,866.0
2016-02-01,875.0,894.0,874.0,890.0
2016-02-02,888.0,897.0,881.0,893.0
2016-02-03,880.0,889.0,865.0,881.0
2016-02-04,879.0,896.0,876.0,884.0
2016-02-05,877.0,880.0,855.0,865.0
2016-02-08,853.0,879.0,853.0,876.0
2016-02-09,855.0,861.0,838.0,847.0
2016-02-10,853.0,857.0,807.0,818.0
2016-02-12,804.0,817.0,792.0,796.0
2016-02-15,821.0,835.0,809.0,831.0
2016-02-16,830.0,845.0,826.0,837.0
2016-02-17,838.0,851.0,828.0,841.0
2016-02-18,854.0,875.0,853.0,871.0
2016-02-19,861.0,862.0,826.0,846.0
2016-02-22,842.0,855.0,837.0,840.0
2016-02-23,841.0,841.0,824.0,828.0
2016-02-24,828.0,842.0,821.0,828.0
2016-02-25,815.0,829.0,807.0,825.0
2016-02-26,830.0,839.0,828.0,833.0
2016-02-29,842.0,847.0,830.0,830.0
2016-03-01,816.0,823.0,801.0,807.0
2016-03-02,817.0,821.0,809.0,813.0
2016-03-03,809.0,816.0,804.0,810.0
2016-03-04,816.0,828.0,809.0,826.0
2016-03-07,820.0,828.0,819.0,821.0
2016-03-08,821.0,822.0,800.0,805.0
2016-03-09,803.0,808.0,794.0,795.0
2016-03-10,801.0,811.0,797.0,808.0
2016-03-11,800.0,821.0,799.0,817.0
2016-03-14,816.0,819.0,801.0,801.0
2016-03-15,801.0,814.0,801.0,811.0
2016-03-16,810.0,818.0,808.0,809.0
2016-03-17,813.0,818.0,802.0,808.0
2016-03-18,815.0,831.0,812.0,827.0
2016-03-22,831.0,839.0,825.0,833.0
2016-03-23,833.0,840.0,830.0,832.0
2016-03-24,831.0,839.0,827.0,831.0
2016-03-25,832.0,834.0,819.0,826.0
2016-03-28,836.0,843.0,835.0,843.0
2016-03-29,841.0,846.0,839.0,845.0
2016-03-30,841.0,842.0,832.0,834.0
2016-03-31,831.0,832.0,813.0,813.0
2016-04-01,813.0,814.0,796.0,798.0
2016-04-04,800.0,810.0,799.0,805.0
2016-04-05,795.0,797.0,764.0,764.0
2016-04-06,765.0,780.0,765.0,778.0
2016-04-07,774.0,779.0,756.0,757.0
2016-04-08,748.0,773.0,745.0,770.0
2016-04-11,777.0,784.0,761.0,768.0
2016-04-12,768.0,778.0,762.0,776.0
2016-04-13,785.0,813.0,783.0,811.0
2016-04-14,813.0,829.0,813.0,827.0
2016-04-15,819.0,837.0,818.0,829.0
2016-04-18,814.0,827.0,808.0,822.0
2016-04-19,831.0,838.0,822.0,831.0
2016-04-20,829.0,831.0,816.0,816.0
2016-04-21,822.0,834.0,818.0,831.0
2016-04-22,827.0,840.0,823.0,838.0
2016-04-25,833.0,835.0,826.0,830.0
2016-04-26,827.0,850.0,827.0,837.0
2016-04-27,844.0,852.0,840.0,844.0
2016-04-28,850.0,857.0,822.0,823.0
2016-05-02,812.0,815.0,793.0,796.0
2016-05-06,794.0,796.0,786.0,787.0
2016-05-09,790.0,797.0,785.0,786.0
2016-05-10,783.0,794.0,782.0,793.0
2016-05-11,796.0,796.0,785.0,791.0
2016-05-12,785.0,788.0,778.0,781.0
2016-05-13,779.0,780.0,770.0,771.0
2016-05-16,770.0,774.0,760.0,761.0
2016-05-17,770.0,770.0,764.0,769.0
2016-05-18,769.0,771.0,761.0,765.0
2016-05-19,770.0,771.0,760.0,762.0
2016-05-20,767.0,782.0,766.0,780.0
2016-05-23,779.0,779.0,767.0,776.0
2016-05-24,775.0,775.0,764.0,767.0
2016-05-25,777.0,780.0,773.0,775.0
2016-05-26,785.0,802.0,783.0,797.0
2016-05-27,803.0,804.0,787.0,790.0
2016-05-30,800.0,800.0,789.0,797.0
2016-05-31,798.0,811.0,795.0,810.0
2016-06-01,807.0,810.0,798.0,807.0
2016-06-02,798.0,807.0,796.0,804.0
2016-06-03,803.0,817.0,803.0,812.0
2016-06-06,799.0,806.0,794.0,800.0
2016-06-07,800.0,809.0,797.0,807.0
2016-06-08,810.0,811.0,796.0,800.0
2016-06-09,793.0,797.0,782.0,782.0
2016-06-10,782.0,787.0,773.0,778.0
2016-06-13,770.0,772.0,757.0,760.0
2016-06-14,757.0,767.0,755.0,762.0
2016-06-15,758.0,770.0,756.0,764.0
2016-06-16,768.0,774.0,741.0,745.0
2016-06-17,751.0,759.0,745.0,748.0
2016-06-20,757.0,774.0,751.0,770.0
2016-06-21,761.0,784.0,752.0,781.0
2016-06-22,780.0,780.0,767.0,770.0
2016-06-23,770.0,775.0,763.0,772.0
2016-06-24,780.0,786.0,743.0,752.0
2016-06-27,759.0,777.0,759.0,767.0
2016-06-28,790.0,818.0,787.0,807.0
2016-06-29,865.0,910.0,863.0,892.0
2016-06-30,887.0,888.0,859.0,875.0
2016-07-01,874.0,875.0,850.0,857.0
2016-07-04,848.0,859.0,833.0,856.0
2016-07-05,856.0,900.0,852.0,896.0
2016-07-06,882.0,917.0,876.0,915.0
2016-07-07,917.0,941.0,915.0,930.0
2016-07-08,930.0,943.0,918.0,922.0
2016-07-11,922.0,922.0,922.0,922.0
2016-07-12,937.0,937.0,913.0,917.0
2016-07-13,925.0,925.0,905.0,908.0
2016-07-14,906.0,912.0,897.0,906.0
2016-07-15,912.0,920.0,901.0,904.0
2016-07-19,903.0,910.0,894.0,898.0
2016-07-20,893.0,893.0,880.0,885.0
2016-07-21,891.0,892.0,876.0,888.0
2016-07-22,876.0,886.0,875.0,877.0
2016-07-25,877.0,883.0,865.0,875.0
2016-07-26,866.0,872.0,853.0,865.0
2016-07-27,868.0,883.0,863.0,875.0
2016-07-28,884.0,887.0,874.0,880.0
2016-07-29,876.0,884.0,864.0,880.0
2016-08-01,871.0,873.0,857.0,861.0
2016-08-02,855.0,872.0,854.0,865.0
2016-08-03,854.0,857.0,837.0,838.0
2016-08-04,835.0,847.0,825.0,831.0
2016-08-05,825.0,834.0,821.0,825.0
2016-08-08,834.0,842.0,826.0,831.0
2016-08-09,834.0,848.0,830.0,848.0
2016-08-10,843.0,843.0,825.0,827.0
2016-08-12,829.0,831.0,815.0,817.0
2016-08-15,816.0,820.0,815.0,818.0
2016-08-16,818.0,819.0,800.0,805.0
2016-08-17,800.0,808.0,796.0,806.0
2016-08-18,801.0,807.0,794.0,796.0
2016-08-19,796.0,801.0,793.0,794.0
2016-08-22,793.0,803.0,784.0,801.0
2016-08-23,800.0,803.0,789.0,792.0
2016-08-24,791.0,794.0,785.0,789.0
2016-08-25,790.0,799.0,789.0,795.0
2016-08-26,800.0,800.0,786.0,788.0
2016-08-29,791.0,794.0,781.0,787.0
2016-08-30,790.0,790.0,783.0,787.0
2016-08-31,787.0,793.0,773.0,788.0
2016-09-01,788.0,789.0,781.0,788.0
2016-09-02,790.0,813.0,788.0,812.0
2016-09-05,812.0,815.0,805.0,809.0
2016-09-06,813.0,827.0,813.0,826.0
2016-09-07,825.0,838.0,821.0,835.0
2016-09-08,837.0,842.0,825.0,840.0
2016-09-09,838.0,846.0,834.0,843.0
2016-09-12,836.0,845.0,828.0,842.0
2016-09-13,844.0,850.0,839.0,844.0
2016-09-14,845.0,851.0,842.0,845.0
2016-09-15,837.0,839.0,829.0,835.0
2016-09-16,842.0,854.0,842.0,851.0
2016-09-20,850.0,868.0,850.0,858.0
2016-09-21,859.0,874.0,854.0,873.0
2016-09-23,872.0,882.0,868.0,879.0
2016-09-26,882.0,889.0,879.0,885.0
2016-09-27,870.0,892.0,865.0,884.0
2016-09-28,890.0,893.0,849.0,864.0
2016-09-29,864.0,869.0,856.0,861.0
2016-09-30,865.0,870.0,853.0,867.0
2016-10-03,872.0,879.0,861.0,866.0
2016-10-04,864.0,878.0,862.0,878.0
2016-10-05,879.0,879.0,869.0,876.0
2016-10-06,870.0,880.0,865.0,878.0
2016-10-07,880.0,885.0,875.0,884.0
2016-10-11,889.0,901.0,886.0,899.0
2016-10-12,889.0,894.0,884.0,885.0
2016-10-13,892.0,893.0,881.0,886.0
2016-10-14,886.0,901.0,880.0,900.0
2016-10-17,900.0,913.0,898.0,911.0
2016-10-18,916.0,923.0,908.0,920.0
2016-10-19,924.0,927.0,916.0,917.0
2016-10-20,911.0,917.0,909.0,914.0
2016-10-21,912.0,922.0,910.0,919.0
2016-10-24,918.0,929.0,913.0,926.0
2016-10-25,927.0,932.0,923.0,927.0
2016-10-26,928.0,934.0,924.0,927.0
2016-10-27,923.0,927.0,916.0,923.0
2016-10-28,922.0,927.0,918.0,922.0
2016-10-31,915.0,921.0,906.0,920.0
2016-11-01,916.0,919.0,913.0,917.0
2016-11-02,911.0,912.0,905.0,908.0
2016-11-04,901.0,906.0,892.0,904.0
2016-11-07,909.0,921.0,909.0,916.0
2016-11-08,913.0,917.0,907.0,912.0
2016-11-09,908.0,912.0,876.0,887.0
2016-11-10,904.0,912.0,899.0,906.0
2016-11-11,901.0,904.0,888.0,895.0
2016-11-14,903.0,908.0,900.0,906.0
2016-11-15,910.0,926.0,904.0,924.0
2016-11-16,934.0,939.0,929.0,935.0
2016-11-17,937.0,948.0,934.0,942.0
2016-11-18,948.0,953.0,940.0,952.0
2016-11-21,958.0,962.0,955.0,958.0
2016-11-22,962.0,996.0,954.0,992.0
2016-11-24,999.0,1014.0,995.0,1011.0
2016-11-25,1014.0,1015.0,1004.0,1011.0
2016-11-28,1017.0,1035.0,1010.0,1032.0
2016-11-29,1025.0,1027.0,1015.0,1020.0
2016-11-30,1020.0,1036.0,1014.0,1033.0
2016-12-01,1023.0,1038.0,1016.0,1035.0
2016-12-02,1037.0,1041.0,1023.0,1027.0
2016-12-05,1010.0,1019.0,998.0,1005.0
2016-12-06,1005.0,1006.0,989.0,993.0
2016-12-07,1000.0,1017.0,1000.0,1017.0
2016-12-08,1017.0,1019.0,1007.0,1013.0
2016-12-09,1006.0,1014.0,999.0,1006.0
2016-12-12,1005.0,1013.0,996.0,1001.0
2016-12-13,1006.0,1018.0,996.0,1018.0
2016-12-14,1020.0,1023.0,1009.0,1013.0
2016-12-15,1013.0,1027.0,1013.0,1020.0
2016-12-16,1020.0,1020.0,994.0,994.0
2016-12-19,995.0,1015.0,995.0,1013.0
2016-12-20,1009.0,1025.0,1007.0,1023.0
2016-12-21,1019.0,1026.0,1010.0,1012.0
2016-12-22,1003.0,1009.0,997.0,1003.0
2016-12-26,1015.0,1023.0,1012.0,1017.0
2016-12-27,1019.0,1038.0,1018.0,1022.0
2016-12-28,1057.0,1084.0,1046.0,1073.0
2016-12-29,1085.0,1089.0,1053.0,1060.0
2016-12-30,1063.0,1064.0,1032.0,1038.0
2017-01-04,1036.0,1041.0,1028.0,1035.0
2017-01-05,1044.0,1060.0,1039.0,1049.0
2017-01-06,1088.0,1108.0,1078.0,1095.0
2017-01-10,1095.0,1095.0,1073.0,1078.0
2017-01-11,1073.0,1073.0,1058.0,1061.0
2017-01-12,1047.0,1053.0,1032.0,1048.0
2017-01-13,1043.0,1056.0,1041.0,1051.0
2017-01-16,1045.0,1053.0,1035.0,1035.0
2017-01-17,1032.0,1035.0,1014.0,1017.0
2017-01-18,1013.0,1027.0,1013.0,1018.0
2017-01-19,1025.0,1037.0,1025.0,1026.0
2017-01-20,1025.0,1035.0,1018.0,1023.0
2017-01-23,1021.0,1025.0,1014.0,1014.0
2017-01-24,1013.0,1020.0,1000.0,1000.0
2017-01-25,1012.0,1019.0,1006.0,1007.0
2017-01-26,1022.0,1027.0,1017.0,1019.0
2017-01-27,1025.0,1025.0,1017.0,1017.0
2017-01-30,1029.0,1030.0,1013.0,1014.0
2017-01-31,1012.0,1017.0,1010.0,1013.0
2017-02-01,1015.0,1021.0,1011.0,1013.0
2017-02-02,1013.0,1014.0,988.0,989.0
2017-02-03,991.0,997.0,980.0,989.0
2017-02-06,996.0,996.0,978.0,988.0
2017-02-07,983.0,986.0,974.0,978.0
2017-02-08,977.0,979.0,971.0,978.0
2017-02-09,975.0,978.0,959.0,962.0
2017-02-10,972.0,977.0,961.0,977.0
2017-02-13,984.0,988.0,980.0,988.0
2017-02-14,993.0,1013.0,986.0,986.0
2017-02-15,995.0,1005.0,995.0,1005.0
2017-02-16,1010.0,1011.0,996.0,999.0
2017-02-17,1001.0,1005.0,997.0,999.0
2017-02-20,999.0,999.0,985.0,993.0
2017-02-21,996.0,1005.0,993.0,1003.0
2017-02-22,1005.0,1006.0,998.0,1004.0
2017-02-23,1005.0,1009.0,1001.0,1007.0
2017-02-24,985.0,990.0,978.0,979.0
2017-02-27,979.0,989.0,977.0,986.0
2017-02-28,994.0,1004.0,989.0,999.0
2017-03-01,1009.0,1016.0,1000.0,1007.0
2017-03-02,1007.0,1008.0,998.0,1003.0
2017-03-03,1005.0,1008.0,995.0,1000.0
2017-03-06,998.0,1004.0,997.0,999.0
2017-03-07,1001.0,1008.0,999.0,1006.0
2017-03-08,1005.0,1007.0,997.0,1000.0
2017-03-09,1006.0,1008.0,999.0,1008.0
2017-03-10,1013.0,1020.0,1010.0,1016.0
2017-03-13,1015.0,1020.0,1009.0,1013.0
2017-03-14,1015.0,1015.0,1009.0,1014.0
2017-03-15,1013.0,1017.0,1010.0,1014.0
2017-03-16,1012.0,1023.0,1012.0,1020.0
2017-03-17,1025.0,1035.0,1018.0,1032.0
2017-03-21,1024.0,1034.0,1023.0,1034.0
2017-03-22,1018.0,1025.0,1016.0,1017.0
2017-03-23,1017.0,1023.0,1010.0,1019.0
2017-03-24,1018.0,1029.0,1018.0,1026.0
2017-03-27,1014.0,1021.0,1009.0,1015.0
2017-03-28,1033.0,1038.0,1030.0,1037.0
2017-03-29,1047.0,1051.0,1042.0,1050.0
2017-03-30,1045.0,1046.0,1031.0,1033.0
2017-03-31,1039.0,1044.0,1027.0,1027.0
2017-04-03,1030.0,1038.0,1029.0,1034.0
2017-04-04,1028.0,1035.0,1014.0,1017.0
2017-04-05,1017.0,1023.0,1014.0,1016.0
2017-04-06,1008.0,1011.0,999.0,1000.0
2017-04-07,1005.0,1016.0,1002.0,1012.0
2017-04-10,1022.0,1027.0,1018.0,1022.0
2017-04-11,1026.0,1033.0,1022.0,1023.0
2017-04-12,1004.0,1010.0,966.0,973.0
2017-04-13,970.0,977.0,969.0,977.0
2017-04-14,977.0,981.0,958.0,961.0
2017-04-17,959.0,974.0,958.0,972.0
2017-04-18,974.0,975.0,960.0,963.0
2017-04-19,962.0,969.0,959.0,963.0
2017-04-20,961.0,975.0,961.0,971.0
2017-04-21,976.0,977.0,971.0,976.0
2017-04-24,990.0,991.0,978.0,987.0
2017-04-25,990.0,991.0,980.0,985.0
2017-04-26,985.0,985.0,979.0,984.0
2017-04-27,989.0,991.0,970.0,974.0
2017-04-28,977.0,977.0,964.0,971.0
2017-05-01,971.0,972.0,965.0,969.0
2017-05-02,975.0,981.0,972.0,975.0
2017-05-08,987.0,997.0,986.0,995.0
2017-05-09,993.0,999.0,985.0,993.0
2017-05-10,995.0,996.0,991.0,995.0
2017-05-11,997.0,1003.0,995.0,1002.0
2017-05-12,1002.0,1005.0,996.0,1005.0
2017-05-15,996.0,1006.0,996.0,1003.0
2017-05-16,1010.0,1013.0,1006.0,1010.0
2017-05-17,1004.0,1008.0,996.0,1004.0
2017-05-18,1002.0,1017.0,1001.0,1015.0
2017-05-19,1016.0,1023.0,1008.0,1023.0
2017-05-22,1025.0,1026.0,1008.0,1011.0
2017-05-23,1007.0,1007.0,988.0,994.0
2017-05-24,1007.0,1007.0,991.0,994.0
2017-05-25,993.0,996.0,979.0,981.0
2017-05-26,988.0,993.0,985.0,990.0
2017-05-29,995.0,995.0,986.0,987.0
2017-05-30,985.0,988.0,978.0,986.0
2017-05-31,979.0,981.0,970.0,970.0
2017-06-01,978.0,987.0,976.0,984.0
2017-06-02,987.0,992.0,982.0,992.0
2017-06-05,985.0,989.0,979.0,988.0
2017-06-06,990.0,990.0,966.0,966.0
2017-06-07,968.0,971.0,959.0,967.0
2017-06-08,968.0,968.0,956.0,958.0
2017-06-09,950.0,955.0,943.0,949.0
2017-06-12,947.0,949.0,942.0,943.0
2017-06-13,945.0,956.0,944.0,952.0
2017-06-14,951.0,955.0,942.0,942.0
2017-06-15,943.0,948.0,940.0,942.0
2017-06-16,944.0,945.0,938.0,942.0
2017-06-19,944.0,948.0,941.0,941.0
2017-06-20,947.0,947.0,940.0,940.0
2017-06-21,938.0,938.0,930.0,930.0
2017-06-22,954.0,971.0,940.0,971.0
2017-06-23,971.0,983.0,971.0,981.0
2017-06-26,981.0,984.0,975.0,975.0
2017-06-27,979.0,983.0,974.0,981.0
2017-06-28,982.0,983.0,966.0,966.0
2017-06-29,968.0,979.0,965.0,975.0
2017-06-30,974.0,990.0,967.0,985.0
2017-07-03,965.0,968.0,955.0,955.0
2017-07-04,960.0,987.0,959.0,987.0
2017-07-05,989.0,998.0,981.0,985.0
2017-07-06,987.0,989.0,971.0,972.0
2017-07-07,967.0,970.0,958.0,960.0
2017-07-10,965.0,965.0,952.0,952.0
2017-07-11,957.0,961.0,952.0,957.0
2017-07-12,956.0,958.0,953.0,956.0
2017-07-13,960.0,961.0,952.0,953.0
2017-07-14,959.0,965.0,956.0,961.0
2017-07-17,961.0,961.0,961.0,961.0
2017-07-18,959.0,964.0,950.0,961.0
2017-07-19,963.0,977.0,962.0,977.0
2017-07-20,976.0,978.0,971.0,976.0
2017-07-21,972.0,975.0,962.0,963.0
2017-07-24,967.0,975.0,963.0,974.0
2017-07-25,974.0,978.0,964.0,967.0
2017-07-26,966.0,967.0,956.0,960.0
2017-07-27,962.0,978.0,962.0,974.0
2017-07-28,974.0,975.0,963.0,970.0
2017-07-31,968.0,969.0,959.0,961.0
2017-08-01,958.0,965.0,956.0,962.0
2017-08-02,962.0,964.0,956.0,963.0
2017-08-03,959.0,962.0,954.0,962.0
2017-08-04,962.0,968.0,962.0,968.0
2017-08-07,971.0,975.0,968.0,974.0
2017-08-08,972.0,981.0,972.0,978.0
2017-08-09,977.0,977.0,963.0,966.0
2017-08-10,966.0,978.0,963.0,978.0
2017-08-11,978.0,978.0,978.0,978.0
2017-08-14,972.0,973.0,964.0,970.0
2017-08-15,976.0,978.0,968.0,970.0
2017-08-16,968.0,977.0,963.0,972.0
2017-08-17,970.0,972.0,965.0,966.0
2017-08-18,961.0,964.0,956.0,958.0
2017-08-21,958.0,962.0,957.0,959.0
2017-08-22,958.0,967.0,956.0,963.0
2017-08-23,968.0,969.0,961.0,962.0
2017-08-24,959.0,964.0,958.0,959.0
2017-08-25,962.0,967.0,955.0,967.0
2017-08-28,963.0,964.0,956.0,959.0
2017-08-29,950.0,959.0,946.0,959.0
2017-08-30,960.0,972.0,954.0,972.0
2017-08-31,971.0,994.0,967.0,990.0
2017-09-01,990.0,990.0,982.0,987.0
2017-09-04,982.0,982.0,967.0,968.0
2017-09-05,976.0,983.0,969.0,970.0
2017-09-06,968.0,981.0,965.0,978.0
2017-09-07,980.0,994.0,976.0,991.0
2017-09-08,988.0,1002.0,988.0,992.0
2017-09-11,1002.0,1003.0,993.0,997.0
2017-09-12,1005.0,1006.0,999.0,1004.0
2017-09-13,1007.0,1018.0,1006.0,1012.0
2017-09-14,1012.0,1019.0,1008.0,1012.0
2017-09-15,1006.0,1016.0,1004.0,1016.0
2017-09-18,1016.0,1016.0,1016.0,1016.0
2017-09-19,1020.0,1029.0,1019.0,1024.0
2017-09-20,1029.0,1030.0,1023.0,1026.0
2017-09-21,1022.0,1023.0,1012.0,1016.0
2017-09-22,1016.0,1021.0,1011.0,1018.0
2017-09-25,1023.0,1035.0,1019.0,1033.0
2017-09-26,1019.0,1028.0,1017.0,1023.0
2017-09-27,1016.0,1018.0,1009.0,1014.0
2017-09-28,1010.0,1012.0,1001.0,1012.0
2017-09-29,1010.0,1016.0,1003.0,1016.0
2017-10-02,1006.0,1008.0,988.0,991.0
2017-10-03,993.0,1004.0,992.0,1000.0
2017-10-04,1004.0,1011.0,1004.0,1010.0
2017-10-05,1012.0,1027.0,1012.0,1021.0
2017-10-06,1017.0,1017.0,1004.0,1009.0
2017-10-09,1009.0,1009.0,1009.0,1009.0
2017-10-10,1004.0,1015.0,1002.0,1008.0
2017-10-11,1009.0,1015.0,1009.0,1013.0
2017-10-12,1015.0,1016.0,1009.0,1014.0
2017-10-13,1013.0,1020.0,1009.0,1014.0
2017-10-16,1020.0,1035.0,1018.0,1033.0
2017-10-17,1037.0,1047.0,1034.0,1042.0
2017-10-18,1044.0,1045.0,1035.0,1038.0
2017-10-19,1038.0,1040.0,1029.0,1030.0
2017-10-20,1029.0,1032.0,1024.0,1026.0
2017-10-23,1039.0,1039.0,1028.0,1031.0
2017-10-24,1032.0,1049.0,1030.0,1046.0
2017-10-25,1049.0,1050.0,1040.0,1043.0
2017-10-26,1042.0,1050.0,1042.0,1042.0
2017-10-27,1050.0,1050.0,1044.0,1045.0
2017-10-30,1042.0,1045.0,1035.0,1041.0
2017-10-31,1034.0,1043.0,1032.0,1040.0
2017-11-01,1049.0,1051.0,1038.0,1040.0
2017-11-02,1046.0,1051.0,1039.0,1050.0
2017-11-03,1050.0,1050.0,1050.0,1050.0
2017-11-06,1051.0,1061.0,1046.0,1049.0
2017-11-07,1050.0,1058.0,1048.0,1056.0
2017-11-08,1062.0,1064.0,1050.0,1056.0
2017-11-09,1058.0,1083.0,1057.0,1071.0
2017-11-10,1067.0,1075.0,1059.0,1062.0
2017-11-13,1062.0,1062.0,1046.0,1048.0
2017-11-14,1052.0,1057.0,1041.0,1042.0
2017-11-15,1040.0,1041.0,1016.0,1021.0
2017-11-16,1021.0,1030.0,1016.0,1024.0
2017-11-17,1037.0,1041.0,1022.0,1023.0
2017-11-20,1024.0,1042.0,1021.0,1038.0
2017-11-21,1050.0,1060.0,1037.0,1039.0
2017-11-22,1041.0,1047.0,1038.0,1044.0
2017-11-23,1044.0,1044.0,1044.0,1044.0
2017-11-24,1045.0,1055.0,1041.0,1053.0
2017-11-27,1053.0,1061.0,1052.0,1058.0
2017-11-28,1055.0,1061.0,1052.0,1060.0
2017-11-29,1067.0,1072.0,1060.0,1071.0
2017-11-30,1074.0,1089.0,1070.0,1085.0
2017-12-01,1087.0,1092.0,1082.0,1089.0
2017-12-04,1090.0,1110.0,1090.0,1103.0
2017-12-05,1103.0,1108.0,1097.0,1107.0
2017-12-06,1106.0,1109.0,1097.0,1097.0
2017-12-07,1090.0,1103.0,1086.0,1103.0
2017-12-08,1090.0,1105.0,1090.0,1098.0
2017-12-11,1100.0,1102.0,1090.0,1093.0
2017-12-12,1095.0,1101.0,1088.0,1091.0
2017-12-13,1090.0,1090.0,1077.0,1090.0
2017-12-14,1096.0,1104.0,1085.0,1093.0
2017-12-15,1091.0,1096.0,1084.0,1087.0
2017-12-18,1093.0,1094.0,1085.0,1086.0
2017-12-19,1085.0,1087.0,1079.0,1084.0
2017-12-20,1095.0,1111.0,1095.0,1106.0
2017-12-21,1102.0,1113.0,1097.0,1107.0
2017-12-22,1108.0,1108.0,1094.0,1096.0
2017-12-25,1097.0,1099.0,1086.0,1089.0
2017-12-26,1092.0,1097.0,1091.0,1095.0
2017-12-27,1105.0,1117.0,1096.0,1117.0
2017-12-28,1057.0,1070.0,1037.0,1045.0
2017-12-29,1046.0,1052.0,1027.0,1050.0
2018-01-01,1050.0,1050.0,1050.0,1050.0
2018-01-02,1050.0,1050.0,1050.0,1050.0
2018-01-03,1050.0,1050.0,1050.0,1050.0
2018-01-04,1062.0,1064.0,1050.0,1057.0
2018-01-05,1061.0,1063.0,1057.0,1059.0
2018-01-08,1059.0,1059.0,1059.0,1059.0
2018-01-09,1062.0,1062.0,1053.0,1055.0
2018-01-10,1055.0,1057.0,1047.0,1047.0
2018-01-11,1045.0,1061.0,1040.0,1058.0
2018-01-12,1056.0,1058.0,1046.0,1051.0
2018-01-15,1061.0,1069.0,1060.0,1066.0
2018-01-16,1068.0,1070.0,1061.0,1063.0
2018-01-17,1062.0,1080.0,1057.0,1076.0
2018-01-18,1078.0,1078.0,1058.0,1058.0
2018-01-19,1066.0,1074.0,1063.0,1072.0
2018-01-22,1077.0,1079.0,1068.0,1077.0
2018-01-23,1079.0,1079.0,1065.0,1076.0
2018-01-24,1080.0,1088.0,1080.0,1084.0
2018-01-25,1084.0,1091.0,1078.0,1087.0
2018-01-26,1086.0,1092.0,1086.0,1087.0
2018-01-29,1095.0,1095.0,1086.0,1091.0
2018-01-30,1094.0,1096.0,1079.0,1084.0
2018-01-31,1084.0,1091.0,1079.0,1080.0
2018-02-01,1084.0,1098.0,1084.0,1096.0
2018-02-02,1094.0,1095.0,1087.0,1090.0
2018-02-05,1081.0,1087.0,1075.0,1083.0
2018-02-06,1060.0,1067.0,1043.0,1062.0
2018-02-07,1083.0,1087.0,1056.0,1058.0
2018-02-08,1063.0,1084.0,1060.0,1071.0
2018-02-09,1053.0,1070.0,1049.0,1068.0
2018-02-12,1068.0,1068.0,1068.0,1068.0
2018-02-13,1077.0,1082.0,1068.0,1069.0
2018-02-14,1069.0,1075.0,1057.0,1061.0
2018-02-15,1068.0,1068.0,1047.0,1049.0
2018-02-16,1054.0,1065.0,1049.0,1059.0
2018-02-19,1066.0,1076.0,1065.0,1071.0
2018-02-20,1066.0,1084.0,1066.0,1080.0
2018-02-21,1080.0,1083.0,1074.0,1080.0
2018-02-22,1080.0,1083.0,1069.0,1070.0
2018-02-23,1072.0,1086.0,1071.0,1082.0
2018-02-26,1068.0,1073.0,1061.0,1070.0
2018-02-27,1074.0,1075.0,1053.0,1063.0
2018-02-28,1054.0,1063.0,1054.0,1055.0
2018-03-01,1056.0,1061.0,1051.0,1052.0
2018-03-02,1039.0,1046.0,1037.0,1043.0
2018-03-05,1039.0,1046.0,1036.0,1042.0
2018-03-06,1049.0,1052.0,1043.0,1048.0
2018-03-07,1047.0,1055.0,1044.0,1048.0
2018-03-08,1059.0,1063.0,1040.0,1045.0
2018-03-09,1047.0,1048.0,1030.0,1038.0
2018-03-12,1050.0,1051.0,1042.0,1046.0
2018-03-13,1037.0,1050.0,1036.0,1050.0
2018-03-14,1050.0,1059.0,1048.0,1055.0
2018-03-15,1052.0,1064.0,1050.0,1061.0
2018-03-16,1066.0,1077.0,1062.0,1063.0
2018-03-19,1057.0,1059.0,1045.0,1053.0
2018-03-20,1053.0,1062.0,1050.0,1059.0
2018-03-21,1059.0,1059.0,1059.0,1059.0
2018-03-22,1057.0,1061.0,1050.0,1054.0
2018-03-23,1043.0,1046.0,1035.0,1036.0
2018-03-26,1035.0,1043.0,1027.0,1042.0
2018-03-27,1052.0,1072.0,1050.0,1072.0
2018-03-28,1069.0,1080.0,1063.0,1078.0
2018-03-29,1084.0,1088.0,1065.0,1076.0
2018-03-30,1082.0,1088.0,1072.0,1080.0
2018-04-02,1074.0,1084.0,1074.0,1080.0
2018-04-03,1066.0,1082.0,1065.0,1078.0
2018-04-04,1079.0,1096.0,1075.0,1091.0
2018-04-05,1098.0,1107.0,1094.0,1101.0
2018-04-06,1110.0,1119.0,1105.0,1105.0
2018-04-09,1105.0,1116.0,1095.0,1109.0
2018-04-10,1098.0,1102.0,1087.0,1093.0
2018-04-11,1094.0,1099.0,1078.0,1090.0
2018-04-12,1094.0,1103.0,1082.0,1083.0
2018-04-13,1084.0,1084.0,1076.0,1081.0
2018-04-16,1037.0,1056.0,1025.0,1035.0
2018-04-17,1035.0,1038.0,1019.0,1033.0
2018-04-18,1035.0,1047.0,1026.0,1042.0
2018-04-19,1055.0,1069.0,1050.0,1059.0
2018-04-20,1048.0,1066.0,1041.0,1056.0
2018-04-23,1047.0,1063.0,1040.0,1062.0
2018-04-24,1043.0,1061.0,1043.0,1060.0
2018-04-25,1054.0,1069.0,1049.0,1064.0
2018-04-26,1073.0,1088.0,1064.0,1085.0
2018-04-27,1090.0,1098.0,1085.0,1090.0
2018-04-30,1090.0,1090.0,1090.0,1090.0
2018-05-01,1090.0,1106.0,1088.0,1099.0
2018-05-02,1100.0,1107.0,1091.0,1101.0
2018-05-03,1101.0,1101.0,1101.0,1101.0
2018-05-04,1101.0,1101.0,1101.0,1101.0
2018-05-07,1097.0,1098.0,1085.0,1088.0
2018-05-08,1086.0,1091.0,1079.0,1082.0
2018-05-09,1084.0,1086.0,1066.0,1073.0
2018-05-10,1077.0,1077.0,1068.0,1070.0
2018-05-11,1065.0,1075.0,1064.0,1074.0
2018-05-14,1070.0,1083.0,1070.0,1077.0
2018-05-15,1079.0,1087.0,1078.0,1083.0
2018-05-16,1084.0,1090.0,1082.0,1085.0
2018-05-17,1085.0,1091.0,1078.0,1086.0
2018-05-18,1090.0,1093.0,1086.0,1090.0
2018-05-21,1092.0,1092.0,1079.0,1082.0
2018-05-22,1082.0,1091.0,1076.0,1077.0
2018-05-23,1067.0,1071.0,1062.0,1063.0
2018-05-24,1075.0,1079.0,1068.0,1070.0
2018-05-25,1074.0,1079.0,1065.0,1076.0
2018-05-28,1075.0,1088.0,1071.0,1085.0
2018-05-29,1094.0,1101.0,1087.0,1097.0
2018-05-30,1086.0,1090.0,1079.0,1089.0
2018-05-31,1090.0,1096.0,1085.0,1093.0
2018-06-01,1081.0,1094.0,1079.0,1091.0
2018-06-04,1094.0,1099.0,1090.0,1099.0
2018-06-05,1099.0,1106.0,1077.0,1084.0
2018-06-06,1090.0,1115.0,1090.0,1107.0
2018-06-07,1102.0,1111.0,1102.0,1104.0
2018-06-08,1100.0,1109.0,1090.0,1091.0
2018-06-11,1087.0,1089.0,1070.0,1073.0
2018-06-12,1080.0,1084.0,1058.0,1065.0
2018-06-13,1051.0,1064.0,1051.0,1062.0
2018-06-14,1062.0,1072.0,1057.0,1058.0
2018-06-15,1060.0,1071.0,1059.0,1065.0
2018-06-18,1074.0,1077.0,1066.0,1071.0
2018-06-19,1066.0,1075.0,1063.0,1071.0
2018-06-20,1074.0,1084.0,1072.0,1075.0
2018-06-21,1070.0,1078.0,1065.0,1066.0
2018-06-22,1062.0,1069.0,1058.0,1069.0
2018-06-25,1067.0,1068.0,1056.0,1060.0
2018-06-26,1050.0,1059.0,1045.0,1056.0
2018-06-27,1053.0,1059.0,1048.0,1059.0
2018-06-28,1052.0,1052.0,1040.0,1048.0
2018-06-29,1048.0,1048.0,1034.0,1038.0
2018-07-02,1019.0,1024.0,996.0,1001.0
2018-07-03,1015.0,1018.0,1000.0,1008.0
2018-07-04,1005.0,1031.0,1005.0,1027.0
2018-07-05,1023.0,1023.0,1011.0,1014.0
2018-07-06,1015.0,1021.0,1011.0,1013.0
2018-07-09,1020.0,1026.0,1018.0,1018.0
2018-07-10,1015.0,1023.0,1012.0,1012.0
2018-07-11,1001.0,1004.0,993.0,994.0
2018-07-12,990.0,995.0,983.0,987.0
2018-07-13,987.0,994.0,980.0,989.0
2018-07-16,989.0,989.0,989.0,989.0
2018-07-17,990.0,1016.0,990.0,1014.0
2018-07-18,1023.0,1025.0,1012.0,1014.0
2018-07-19,1015.0,1022.0,1007.0,1015.0
2018-07-20,1009.0,1012.0,1001.0,1004.0
2018-07-23,1001.0,1010.0,1001.0,1007.0
2018-07-24,1017.0,1021.0,1010.0,1013.0
2018-07-25,1014.0,1022.0,1009.0,1019.0
2018-07-26,1023.0,1023.0,1016.0,1022.0
2018-07-27,1022.0,1026.0,1014.0,1018.0
2018-07-30,1006.0,1013.0,1003.0,1007.0
2018-07-31,1000.0,1009.0,994.0,1001.0
2018-08-01,1001.0,1011.0,996.0,1007.0
2018-08-02,1008.0,1019.0,1005.0,1006.0
2018-08-03,1008.0,1012.0,1001.0,1001.0
2018-08-06,1004.0,1006.0,997.0,998.0
2018-08-07,998.0,998.0,990.0,994.0
2018-08-08,1000.0,1012.0,998.0,1009.0
2018-08-09,1001.0,1003.0,996.0,1000.0
2018-08-10,997.0,1005.0,996.0,1001.0
2018-08-13,996.0,999.0,988.0,998.0
2018-08-14,1005.0,1011.0,1001.0,1010.0
2018-08-15,1016.0,1024.0,1004.0,1008.0
2018-08-16,1002.0,1010.0,995.0,1008.0
2018-08-17,1008.0,1010.0,1000.0,1006.0
2018-08-20,1010.0,1014.0,1002.0,1010.0
2018-08-21,1011.0,1013.0,1002.0,1004.0
2018-08-22,1001.0,1007.0,994.0,1003.0
2018-08-23,1009.0,1014.0,1007.0,1010.0
2018-08-24,1015.0,1016.0,1011.0,1014.0
2018-08-27,1013.0,1023.0,1012.0,1018.0
2018-08-28,1020.0,1028.0,1015.0,1027.0
2018-08-29,1012.0,1017.0,1011.0,1015.0
2018-08-30,1022.0,1023.0,1011.0,1011.0
2018-08-31,1011.0,1018.0,1010.0,1015.0
2018-09-03,1015.0,1015.0,1006.0,1012.0
2018-09-04,1018.0,1018.0,1009.0,1011.0
2018-09-05,1013.0,1013.0,1008.0,1009.0
2018-09-06,1014.0,1019.0,1005.0,1015.0
2018-09-07,1015.0,1021.0,1010.0,1019.0
2018-09-10,1015.0,1022.0,1013.0,1019.0
2018-09-11,1021.0,1026.0,1015.0,1019.0
2018-09-12,1023.0,1026.0,1012.0,1019.0
2018-09-13,1016.0,1026.0,1015.0,1023.0
2018-09-14,1024.0,1033.0,1023.0,1025.0
2018-09-17,1025.0,1025.0,1025.0,1025.0
2018-09-18,1020.0,1031.0,1015.0,1030.0
2018-09-19,1031.0,1036.0,1028.0,1031.0
2018-09-20,1027.0,1027.0,1009.0,1021.0
2018-09-21,1029.0,1032.0,1022.0,1026.0
2018-09-24,1026.0,1026.0,1026.0,1026.0
2018-09-25,1031.0,1032.0,1024.0,1027.0
2018-09-26,1022.0,1034.0,1020.0,1032.0
2018-09-27,1032.0,1036.0,1027.0,1028.0
2018-09-28,1027.0,1040.0,1023.0,1033.0
2018-10-01,1040.0,1075.0,1040.0,1070.0
2018-10-02,1060.0,1060.0,1037.0,1041.0
2018-10-03,1045.0,1051.0,1032.0,1037.0
2018-10-04,1053.0,1063.0,1048.0,1055.0
2018-10-05,1065.0,1072.0,1058.0,1066.0
2018-10-08,1066.0,1066.0,1066.0,1066.0
2018-10-09,1070.0,1090.0,1064.0,1082.0
2018-10-10,1082.0,1098.0,1078.0,1083.0
2018-10-11,1053.0,1077.0,1053.0,1070.0
2018-10-12,1070.0,1081.0,1047.0,1055.0
2018-10-15,1047.0,1058.0,1045.0,1054.0
2018-10-16,1050.0,1063.0,1043.0,1059.0
2018-10-17,1065.0,1071.0,1058.0,1068.0
2018-10-18,1070.0,1091.0,1070.0,1081.0
2018-10-19,1074.0,1093.0,1071.0,1090.0
2018-10-22,1085.0,1089.0,1080.0,1082.0
2018-10-23,1082.0,1083.0,1070.0,1073.0
2018-10-24,1073.0,1088.0,1068.0,1082.0
2018-10-25,1073.0,1082.0,1067.0,1072.0
2018-10-26,1076.0,1082.0,1059.0,1071.0
2018-10-29,1072.0,1088.0,1072.0,1079.0
2018-10-30,1079.0,1087.0,1074.0,1080.0
2018-10-31,1094.0,1097.0,1084.0,1096.0
2018-11-01,1089.0,1097.0,1081.0,1086.0
2018-11-02,1083.0,1088.0,1077.0,1085.0
2018-11-05,1082.0,1092.0,1082.0,1088.0
2018-11-06,1096.0,1112.0,1095.0,1102.0
2018-11-07,1087.0,1104.0,1081.0,1095.0
2018-11-08,1105.0,1112.0,1102.0,1104.0
2018-11-09,1100.0,1114.0,1100.0,1110.0
2018-11-12,1115.0,1132.0,1115.0,1128.0
2018-11-13,1107.0,1111.0,1096.0,1106.0
2018-11-14,1096.0,1099.0,1083.0,1089.0
2018-11-15,1085.0,1111.0,1085.0,1107.0
2018-11-16,1102.0,1113.0,1097.0,1113.0
2018-11-19,1114.0,1118.0,1104.0,1116.0
2018-11-20,1105.0,1115.0,1097.0,1113.0
2018-11-21,1100.0,1109.0,1099.0,1108.0
2018-11-22,1107.0,1114.0,1100.0,1111.0
2018-11-23,1111.0,1111.0,1111.0,1111.0
2018-11-26,1107.0,1122.0,1099.0,1116.0
2018-11-27,1130.0,1140.0,1121.0,1130.0
2018-11-28,1138.0,1139.0,1124.0,1125.0
2018-11-29,1140.0,1144.0,1128.0,1128.0
2018-11-30,1137.0,1139.0,1125.0,1126.0
2018-12-03,1131.0,1131.0,1118.0,1127.0
2018-12-04,1121.0,1125.0,1102.0,1110.0
2018-12-05,1100.0,1109.0,1098.0,1109.0
2018-12-06,1100.0,1105.0,1096.0,1102.0
2018-12-07,1102.0,1128.0,1102.0,1125.0
2018-12-10,1119.0,1124.0,1100.0,1103.0
2018-12-11,1105.0,1106.0,1080.0,1095.0
2018-12-12,1101.0,1108.0,1099.0,1102.0
2018-12-13,1105.0,1118.0,1101.0,1111.0
2018-12-14,1117.0,1117.0,1099.0,1106.0
2018-12-17,1120.0,1126.0,1109.0,1112.0
2018-12-18,1109.0,1111.0,1097.0,1100.0
2018-12-19,1124.0,1127.0,1091.0,1104.0
2018-12-20,1108.0,1114.0,1091.0,1097.0
2018-12-21,1087.0,1089.0,1074.0,1077.0
2018-12-24,1077.0,1077.0,1077.0,1077.0
2018-12-25,1057.0,1065.0,1037.0,1060.0
2018-12-26,1065.0,1096.0,1061.0,1072.0
2018-12-27,1095.0,1112.0,1074.0,1094.0
2018-12-28,1145.0,1157.0,1136.0,1147.0
2018-12-31,1147.0,1147.0,1147.0,1147.0
2019-01-04,1135.0,1148.0,1127.0,1133.0
2019-01-07,1143.0,1148.0,1137.0,1145.0
2019-01-08,1150.0,1165.0,1143.0,1151.0
2019-01-09,1158.0,1162.0,1143.0,1153.0
2019-01-10,1160.0,1163.0,1143.0,1149.0
2019-01-11,1160.0,1163.0,1149.0,1153.0
2019-01-15,1157.0,1164.0,1152.0,1159.0
2019-01-16,1149.0,1149.0,1131.0,1139.0
2019-01-17,1130.0,1142.0,1124.0,1135.0
2019-01-18,1139.0,1141.0,1132.0,1135.0
2019-01-21,1136.0,1138.0,1127.0,1130.0
2019-01-22,1120.0,1127.0,1118.0,1121.0
2019-01-23,1115.0,1118.0,1107.0,1110.0
2019-01-24,1106.0,1110.0,1101.0,1107.0
2019-01-25,1100.0,1110.0,1094.0,1107.0
2019-01-28,1108.0,1114.0,1102.0,1109.0
2019-01-29,1116.0,1118.0,1106.0,1114.0
2019-01-30,1109.0,1109.0,1100.0,1104.0
2019-01-31,1114.0,1116.0,1106.0,1109.0
2019-02-01,1105.0,1110.0,1096.0,1106.0
2019-02-04,1111.0,1118.0,1109.0,1110.0
2019-02-05,1121.0,1124.0,1116.0,1119.0
2019-02-06,1126.0,1126.0,1114.0,1119.0
2019-02-07,1113.0,1118.0,1104.0,1114.0
2019-02-08,1103.0,1109.0,1099.0,1104.0
2019-02-12,1105.0,1111.0,1103.0,1110.0
2019-02-13,1119.0,1121.0,1110.0,1112.0
2019-02-14,1112.0,1114.0,1108.0,1114.0
2019-02-15,1118.0,1119.0,1104.0,1116.0
2019-02-18,1130.0,1135.0,1125.0,1126.0
2019-02-19,1128.0,1128.0,1115.0,1118.0
2019-02-20,1122.0,1122.0,1110.0,1116.0
2019-02-21,1121.0,1123.0,1117.0,1117.0
2019-02-22,1117.0,1119.0,1107.0,1111.0
2019-02-25,1114.0,1117.0,1107.0,1114.0
2019-02-26,1105.0,1106.0,1094.0,1098.0
2019-02-27,1091.0,1094.0,1085.0,1089.0
2019-02-28,1095.0,1096.0,1084.0,1084.0
2019-03-01,1091.0,1100.0,1090.0,1094.0
2019-03-04,1093.0,1093.0,1075.0,1077.0
2019-03-05,1070.0,1071.0,1065.0,1069.0
2019-03-06,1065.0,1066.0,1056.0,1063.0
2019-03-07,1063.0,1069.0,1061.0,1064.0
2019-03-08,1063.0,1065.0,1055.0,1058.0
2019-03-11,1053.0,1056.0,1049.0,1051.0
2019-03-12,1059.0,1068.0,1058.0,1067.0
2019-03-13,1061.0,1066.0,1051.0,1056.0
2019-03-14,1053.0,1056.0,1048.0,1050.0
2019-03-15,1050.0,1056.0,1050.0,1050.0
2019-03-18,1050.0,1051.0,1044.0,1046.0
2019-03-19,1044.0,1044.0,1033.0,1035.0
2019-03-20,1031.0,1042.0,1029.0,1040.0
2019-03-22,1036.0,1041.0,1032.0,1039.0
2019-03-25,1033.0,1034.0,1022.0,1024.0
2019-03-26,1037.0,1060.0,1034.0,1055.0
2019-03-27,1053.0,1058.0,1043.0,1045.0
2019-03-28,1045.0,1049.0,1040.0,1045.0
2019-03-29,1043.0,1046.0,1027.0,1032.0
2019-04-01,1039.0,1047.0,1038.0,1041.0
2019-04-02,1054.0,1054.0,1038.0,1045.0
2019-04-03,1044.0,1055.0,1042.0,1050.0
2019-04-04,1049.0,1058.0,1044.0,1056.0
2019-04-05,1055.0,1059.0,1052.0,1054.0
2019-04-08,1055.0,1058.0,1052.0,1052.0
2019-04-09,1051.0,1051.0,1038.0,1040.0
2019-04-10,1045.0,1046.0,1035.0,1037.0
2019-04-11,1035.0,1039.0,1032.0,1036.0
2019-04-12,1049.0,1053.0,1041.0,1044.0
2019-04-15,1085.0,1090.0,1069.0,1072.0
2019-04-16,1078.0,1115.0,1077.0,1111.0
2019-04-17,1109.0,1117.0,1104.0,1107.0
2019-04-18,1099.0,1106.0,1095.0,1099.0
2019-04-19,1099.0,1101.0,1077.0,1081.0
2019-04-22,1080.0,1100.0,1078.0,1097.0
2019-04-23,1102.0,1106.0,1095.0,1099.0
2019-04-24,1111.0,1116.0,1102.0,1106.0
2019-04-25,1106.0,1108.0,1100.0,1101.0
2019-04-26,1093.0,1104.0,1093.0,1101.0
2019-05-07,1104.0,1110.0,1091.0,1097.0
2019-05-08,1093.0,1096.0,1087.0,1092.0
2019-05-09,1083.0,1089.0,1080.0,1086.0
2019-05-10,1102.0,1105.0,1089.0,1090.0
2019-05-13,1084.0,1090.0,1082.0,1084.0
2019-05-14,1065.0,1084.0,1064.0,1084.0
2019-05-15,1094.0,1095.0,1074.0,1085.0
2019-05-16,1085.0,1092.0,1079.0,1088.0
2019-05-17,1095.0,1101.0,1087.0,1097.0
2019-05-20,1097.0,1106.0,1094.0,1102.0
2019-05-21,1096.0,1104.0,1094.0,1096.0
2019-05-22,1096.0,1101.0,1093.0,1096.0
2019-05-23,1092.0,1102.0,1091.0,1096.0
2019-05-24,1091.0,1099.0,1089.0,1092.0
2019-05-27,1092.0,1099.0,1089.0,1095.0
2019-05-28,1097.0,1100.0,1092.0,1099.0
2019-05-29,1091.0,1105.0,1091.0,1102.0
2019-05-30,1091.0,1100.0,1077.0,1087.0
2019-05-31,1079.0,1087.0,1078.0,1083.0
2019-06-03,1077.0,1082.0,1071.0,1079.0
2019-06-04,1080.0,1086.0,1077.0,1084.0
2019-06-05,1101.0,1105.0,1096.0,1098.0
2019-06-06,1097.0,1102.0,1093.0,1097.0
2019-06-07,1098.0,1098.0,1089.0,1095.0
2019-06-10,1097.0,1101.0,1092.0,1096.0
2019-06-11,1100.0,1102.0,1091.0,1091.0
2019-06-12,1093.0,1097.0,1090.0,1094.0
2019-06-13,1083.0,1084.0,1071.0,1075.0
2019-06-14,1076.0,1081.0,1068.0,1073.0
2019-06-17,1070.0,1086.0,1068.0,1077.0
2019-06-18,1081.0,1090.0,1080.0,1080.0
2019-06-19,1084.0,1086.0,1072.0,1076.0
2019-06-20,1069.0,1071.0,1049.0,1054.0
2019-06-21,1062.0,1066.0,1039.0,1048.0
2019-06-24,1046.0,1054.0,1036.0,1043.0
2019-06-25,1062.0,1065.0,1057.0,1057.0
2019-06-26,1053.0,1059.0,1046.0,1053.0
2019-06-27,1051.0,1061.0,1050.0,1059.0
2019-06-28,1055.0,1066.0,1054.0,1058.0
2019-07-01,1080.0,1088.0,1059.0,1076.0
2019-07-02,1084.0,1093.0,1081.0,1087.0
2019-07-03,1089.0,1097.0,1088.0,1093.0
2019-07-04,1104.0,1112.0,1104.0,1107.0
2019-07-05,1104.0,1107.0,1095.0,1100.0
2019-07-08,1095.0,1098.0,1092.0,1094.0
2019-07-09,1092.0,1102.0,1089.0,1097.0
2019-07-10,1091.0,1095.0,1091.0,1091.0
2019-07-11,1099.0,1103.0,1093.0,1098.0
2019-07-12,1092.0,1093.0,1080.0,1084.0
2019-07-16,1085.0,1087.0,1064.0,1081.0
2019-07-17,1077.0,1105.0,1077.0,1095.0
2019-07-18,1082.0,1086.0,1055.0,1060.0
2019-07-19,1062.0,1067.0,1053.0,1063.0
2019-07-22,1063.0,1068.0,1059.0,1065.0
2019-07-23,1059.0,1069.0,1057.0,1068.0
2019-07-24,1062.0,1063.0,1056.0,1059.0
2019-07-25,1057.0,1059.0,1046.0,1047.0
2019-07-26,1048.0,1051.0,1045.0,1047.0
2019-07-29,1045.0,1049.0,1043.0,1045.0
2019-07-30,1055.0,1057.0,1048.0,1053.0
2019-07-31,1045.0,1048.0,1032.0,1032.0
2019-08-01,1040.0,1041.0,1031.0,1040.0
2019-08-02,1029.0,1035.0,1023.0,1025.0
2019-08-05,1020.0,1029.0,1017.0,1028.0
2019-08-06,1013.0,1029.0,1011.0,1028.0
2019-08-07,1030.0,1044.0,1030.0,1041.0
2019-08-08,1036.0,1046.0,1035.0,1044.0
2019-08-09,1041.0,1043.0,1034.0,1037.0
2019-08-13,1030.0,1042.0,1030.0,1042.0
2019-08-14,1044.0,1052.0,1042.0,1049.0
2019-08-15,1034.0,1038.0,1028.0,1037.0
2019-08-16,1037.0,1049.0,1035.0,1046.0
2019-08-19,1048.0,1049.0,1037.0,1048.0
2019-08-20,1051.0,1056.0,1046.0,1049.0
2019-08-21,1046.0,1047.0,1040.0,1043.0
2019-08-22,1046.0,1055.0,1038.0,1055.0
2019-08-23,1054.0,1058.0,1049.0,1055.0
2019-08-26,1045.0,1058.0,1043.0,1055.0
2019-08-27,1056.0,1062.0,1054.0,1062.0
2019-08-28,1066.0,1067.0,1056.0,1062.0
2019-08-29,1046.0,1050.0,1042.0,1048.0
2019-08-30,1055.0,1055.0,1042.0,1054.0
2019-09-02,1051.0,1053.0,1040.0,1041.0
2019-09-03,1037.0,1041.0,1033.0,1038.0
2019-09-04,1030.0,1035.0,1024.0,1031.0
2019-09-05,1041.0,1045.0,1035.0,1039.0
2019-09-06,1039.0,1040.0,1026.0,1028.0
2019-09-09,1029.0,1041.0,1026.0,1039.0
2019-09-10,1040.0,1042.0,1034.0,1040.0
2019-09-11,1047.0,1049.0,1038.0,1049.0
2019-09-12,1057.0,1062.0,1049.0,1050.0
2019-09-13,1053.0,1061.0,1048.0,1059.0
2019-09-17,1059.0,1067.0,1052.0,1057.0
2019-09-18,1066.0,1069.0,1062.0,1064.0
2019-09-19,1063.0,1067.0,1056.0,1066.0
2019-09-20,1070.0,1071.0,1065.0,1070.0
2019-09-24,1070.0,1079.0,1067.0,1077.0
2019-09-25,1071.0,1082.0,1069.0,1082.0
2019-09-26,1080.0,1081.0,1063.0,1069.0
2019-09-27,1077.0,1080.0,1054.0,1059.0
2019-09-30,1044.0,1071.0,1040.0,1060.0
2019-10-01,1053.0,1061.0,1042.0,1043.0
2019-10-02,1055.0,1074.0,1055.0,1067.0
2019-10-03,1057.0,1066.0,1048.0,1051.0
2019-10-04,1051.0,1058.0,1042.0,1044.0
2019-10-07,1036.0,1041.0,1025.0,1033.0
2019-10-08,1048.0,1055.0,1045.0,1055.0
2019-10-09,1060.0,1062.0,1050.0,1058.0
2019-10-10,1054.0,1056.0,1042.0,1049.0
2019-10-11,1056.0,1067.0,1051.0,1065.0
2019-10-15,1077.0,1077.0,1068.0,1075.0
2019-10-16,1077.0,1079.0,1070.0,1074.0
2019-10-17,1075.0,1079.0,1069.0,1071.0
2019-10-18,1072.0,1082.0,1064.0,1066.0
2019-10-21,1066.0,1069.0,1057.0,1066.0
2019-10-23,1067.0,1077.0,1063.0,1071.0
2019-10-24,1079.0,1079.0,1067.0,1068.0
2019-10-25,1066.0,1074.0,1063.0,1071.0
2019-10-28,1072.0,1078.0,1072.0,1074.0
2019-10-29,1073.0,1074.0,1059.0,1061.0
2019-10-30,1059.0,1066.0,1057.0,1060.0
2019-10-31,1075.0,1082.0,1067.0,1073.0
2019-11-01,1066.0,1075.0,1066.0,1069.0
2019-11-05,1085.0,1093.0,1079.0,1084.0
2019-11-06,1088.0,1095.0,1083.0,1090.0
2019-11-07,1089.0,1096.0,1086.0,1091.0
2019-11-08,1096.0,1096.0,1088.0,1091.0
2019-11-11,1090.0,1096.0,1083.0,1085.0
2019-11-12,1091.0,1094.0,1084.0,1085.0
2019-11-13,1082.0,1085.0,1077.0,1080.0
2019-11-14,1074.0,1083.0,1070.0,1072.0
2019-11-15,1071.0,1083.0,1071.0,1075.0
2019-11-18,1077.0,1077.0,1062.0,1066.0
2019-11-19,1065.0,1078.0,1065.0,1074.0
2019-11-20,1070.0,1074.0,1065.0,1068.0
2019-11-21,1065.0,1068.0,1058.0,1067.0
2019-11-22,1067.0,1072.0,1060.0,1060.0
2019-11-25,1070.0,1072.0,1060.0,1063.0
2019-11-26,1066.0,1071.0,1061.0,1063.0
2019-11-27,1066.0,1070.0,1061.0,1064.0
2019-11-28,1068.0,1071.0,1063.0,1065.0
2019-11-29,1063.0,1065.0,1059.0,1061.0
2019-12-02,1062.0,1073.0,1062.0,1069.0
2019-12-03,1062.0,1065.0,1058.0,1063.0
2019-12-04,1057.0,1070.0,1055.0,1067.0
2019-12-05,1075.0,1079.0,1071.0,1076.0
2019-12-06,1077.0,1080.0,1018.0,1073.0
2019-12-09,1076.0,1080.0,1073.0,1076.0
2019-12-10,1078.0,1080.0,1073.0,1073.0
2019-12-11,1078.0,1078.0,1068.0,1073.0
2019-12-12,1078.0,1078.0,1071.0,1071.0
2019-12-13,1080.0,1080.0,1068.0,1068.0
2019-12-16,1072.0,1074.0,1063.0,1065.0
2019-12-17,1071.0,1076.0,1068.0,1073.0
2019-12-18,1077.0,1084.0,1064.0,1070.0
2019-12-19,1073.0,1078.0,1073.0,1074.0
2019-12-20,1073.0,1078.0,1067.0,1077.0
2019-12-23,1078.0,1081.0,1075.0,1079.0
2019-12-24,1083.0,1086.0,1071.0,1075.0
2019-12-25,1080.0,1080.0,1063.0,1067.0
2019-12-26,1066.0,1072.0,1065.0,1070.0
2019-12-27,1069.0,1073.0,1067.0,1069.0
2019-12-30,1060.0,1067.0,1049.0,1063.0
2020-01-06,1053.0,1060.0,1051.0,1060.0
2020-01-07,1066.0,1072.0,1063.0,1067.0
2020-01-08,1057.0,1064.0,1051.0,1055.0
2020-01-09,1050.0,1054.0,1039.0,1041.0
2020-01-10,1030.0,1034.0,1025.0,1031.0
2020-01-14,1037.0,1043.0,1026.0,1043.0
2020-01-15,1042.0,1050.0,1041.0,1050.0
2020-01-16,1055.0,1055.0,1041.0,1046.0
2020-01-17,1050.0,1051.0,1043.0,1048.0
2020-01-20,1050.0,1050.0,1044.0,1047.0
2020-01-21,1045.0,1050.0,1044.0,1046.0
2020-01-22,1051.0,1058.0,1047.0,1052.0
2020-01-23,1052.0,1052.0,1034.0,1036.0
2020-01-24,1035.0,1040.0,1031.0,1036.0
2020-01-27,1027.0,1036.0,1025.0,1031.0
2020-01-28,1027.0,1038.0,1025.0,1036.0
2020-01-29,1035.0,1047.0,1034.0,1047.0
2020-01-30,1048.0,1049.0,1038.0,1041.0
2020-01-31,1047.0,1049.0,1042.0,1045.0
2020-02-03,1035.0,1040.0,1032.0,1035.0
2020-02-04,1037.0,1054.0,1035.0,1052.0
2020-02-05,1055.0,1058.0,1052.0,1053.0
2020-02-06,1059.0,1069.0,1056.0,1064.0
2020-02-07,1070.0,1071.0,1059.0,1063.0
2020-02-10,1057.0,1061.0,1055.0,1055.0
2020-02-12,1054.0,1062.0,1052.0,1059.0
2020-02-13,1057.0,1057.0,1050.0,1051.0
2020-02-14,1050.0,1052.0,1042.0,1046.0
2020-02-17,1036.0,1040.0,1031.0,1036.0
2020-02-18,1037.0,1042.0,1034.0,1041.0
2020-02-19,1041.0,1047.0,1041.0,1041.0
2020-02-20,1048.0,1052.0,1043.0,1044.0
2020-02-21,1044.0,1049.0,1038.0,1041.0
2020-02-25,1028.0,1037.0,1023.0,1025.0
2020-02-26,1027.0,1033.0,1019.0,1030.0
2020-02-27,1017.0,1017.0,1001.0,1006.0
2020-02-28,991.0,998.0,972.0,983.0
2020-03-02,980.0,1010.0,977.0,1008.0
2020-03-03,1013.0,1013.0,1002.0,1005.0
2020-03-04,997.0,997.0,983.0,984.0
2020-03-05,991.0,992.0,982.0,992.0
2020-03-06,980.0,985.0,976.0,984.0
2020-03-09,970.0,977.0,959.0,963.0
2020-03-10,959.0,965.0,939.0,960.0
2020-03-11,950.0,974.0,946.0,964.0
2020-03-12,949.0,953.0,914.0,937.0
2020-03-13,903.0,930.0,882.0,919.0
2020-03-16,929.0,939.0,910.0,912.0
2020-03-17,905.0,973.0,896.0,968.0
2020-03-18,959.0,976.0,947.0,949.0
2020-03-19,944.0,956.0,933.0,945.0
2020-03-23,931.0,949.0,903.0,941.0
2020-03-24,943.0,956.0,932.0,954.0
2020-03-25,969.0,983.0,959.0,972.0
2020-03-26,975.0,992.0,958.0,983.0
2020-03-27,998.0,1002.0,979.0,1000.0
2020-03-30,988.0,1004.0,979.0,1004.0
2020-03-31,995.0,1007.0,984.0,997.0
2020-04-01,984.0,1011.0,984.0,997.0
2020-04-02,990.0,1009.0,981.0,984.0
2020-04-03,986.0,1011.0,980.0,980.0
2020-04-06,999.0,1019.0,988.0,990.0
2020-04-07,999.0,1008.0,983.0,1001.0
2020-04-08,1003.0,1015.0,999.0,1000.0
2020-04-09,994.0,1011.0,990.0,1002.0
2020-04-10,1003.0,1014.0,979.0,1008.0
2020-04-13,1005.0,1022.0,995.0,1019.0
2020-04-14,1030.0,1035.0,1012.0,1029.0
2020-04-15,1030.0,1042.0,1027.0,1042.0
2020-04-16,1042.0,1043.0,1033.0,1033.0
2020-04-17,1037.0,1044.0,1023.0,1040.0
2020-04-20,1030.0,1046.0,1026.0,1041.0
2020-04-21,1028.0,1044.0,1027.0,1036.0
2020-04-22,1037.0,1049.0,1033.0,1039.0
2020-04-23,1029.0,1032.0,1021.0,1029.0
2020-04-24,1034.0,1038.0,1027.0,1033.0
2020-04-27,1040.0,1044.0,1032.0,1038.0
2020-04-28,1050.0,1052.0,1037.0,1047.0
2020-04-30,1060.0,1067.0,1050.0,1056.0
2020-05-01,1060.0,1064.0,1049.0,1056.0
2020-05-07,1065.0,1065.0,1056.0,1063.0
2020-05-08,1072.0,1085.0,1061.0,1077.0
2020-05-11,1082.0,1101.0,1081.0,1096.0
2020-05-12,1101.0,1101.0,1087.0,1089.0
2020-05-13,1080.0,1097.0,1078.0,1091.0
2020-05-14,1080.0,1088.0,1068.0,1070.0
2020-05-15,1061.0,1077.0,1056.0,1073.0
2020-05-18,1084.0,1086.0,1076.0,1081.0
2020-05-19,1092.0,1096.0,1079.0,1082.0
2020-05-20,1092.0,1099.0,1086.0,1092.0
2020-05-21,1090.0,1101.0,1083.0,1097.0
2020-05-22,1101.0,1105.0,1091.0,1100.0
2020-05-25,1105.0,1111.0,1098.0,1108.0
2020-05-26,1118.0,1121.0,1108.0,1110.0
2020-05-27,1105.0,1111.0,1098.0,1110.0
2020-05-28,1117.0,1130.0,1110.0,1119.0
2020-05-29,1119.0,1134.0,1113.0,1120.0
2020-06-01,1108.0,1126.0,1102.0,1120.0
2020-06-02,1110.0,1123.0,1110.0,1113.0
2020-06-03,1120.0,1120.0,1109.0,1111.0
2020-06-04,1113.0,1117.0,1096.0,1109.0
2020-06-05,1116.0,1129.0,1111.0,1114.0
2020-06-08,1114.0,1115.0,1100.0,1104.0
2020-06-09,1118.0,1118.0,1107.0,1112.0
2020-06-10,1110.0,1118.0,1106.0,1114.0
2020-06-11,1105.0,1113.0,1100.0,1102.0
2020-06-12,1088.0,1096.0,1078.0,1090.0
2020-06-15,1090.0,1108.0,1090.0,1094.0
2020-06-16,1105.0,1128.0,1101.0,1120.0
2020-06-17,1128.0,1139.0,1125.0,1135.0
2020-06-18,1135.0,1143.0,1131.0,1142.0
2020-06-19,1125.0,1153.0,1122.0,1151.0
2020-06-22,1151.0,1179.0,1150.0,1170.0
2020-06-23,1181.0,1183.0,1153.0,1170.0
2020-06-24,1170.0,1170.0,1148.0,1160.0
2020-06-25,1157.0,1159.0,1148.0,1158.0
2020-06-26,1157.0,1167.0,1153.0,1161.0
2020-06-29,1160.0,1182.0,1157.0,1182.0
2020-06-30,1215.0,1271.0,1213.0,1236.0
2020-07-01,1252.0,1260.0,1233.0,1244.0
2020-07-02,1259.0,1283.0,1256.0,1282.0
2020-07-03,1312.0,1320.0,1288.0,1310.0
2020-07-06,1340.0,1344.0,1317.0,1322.0
2020-07-07,1308.0,1314.0,1296.0,1313.0
2020-07-08,1327.0,1327.0,1310.0,1312.0
2020-07-09,1313.0,1335.0,1311.0,1331.0
2020-07-10,1301.0,1303.0,1268.0,1271.0
2020-07-13,1289.0,1321.0,1283.0,1312.0
2020-07-14,1311.0,1321.0,1299.0,1307.0
2020-07-15,1306.0,1315.0,1283.0,1314.0
2020-07-16,1314.0,1314.0,1293.0,1304.0
2020-07-17,1304.0,1320.0,1298.0,1319.0
2020-07-20,1330.0,1333.0,1308.0,1321.0
2020-07-21,1329.0,1329.0,1312.0,1314.0
2020-07-22,1317.0,1325.0,1305.0,1307.0
2020-07-27,1296.0,1321.0,1293.0,1321.0
2020-07-28,1315.0,1340.0,1312.0,1335.0
2020-07-29,1335.0,1354.0,1323.0,1350.0
2020-07-30,1365.0,1368.0,1334.0,1361.0
2020-07-31,1355.0,1358.0,1318.0,1329.0
2020-08-03,1347.0,1355.0,1332.0,1354.0
2020-08-04,1371.0,1384.0,1345.0,1346.0
2020-08-05,1329.0,1332.0,1316.0,1330.0
2020-08-06,1343.0,1359.0,1338.0,1339.0
2020-08-07,1354.0,1357.0,1338.0,1342.0
2020-08-11,1358.0,1358.0,1331.0,1334.0
2020-08-12,1332.0,1333.0,1318.0,1329.0
2020-08-13,1331.0,1334.0,1305.0,1327.0
2020-08-14,1320.0,1329.0,1312.0,1320.0
2020-08-17,1317.0,1321.0,1293.0,1294.0
2020-08-18,1295.0,1322.0,1289.0,1317.0
2020-08-19,1320.0,1336.0,1318.0,1329.0
2020-08-20,1323.0,1328.0,1315.0,1323.0
2020-08-21,1333.0,1333.0,1313.0,1316.0
2020-08-24,1316.0,1333.0,1313.0,1331.0
2020-08-25,1361.0,1366.0,1334.0,1334.0
2020-08-26,1323.0,1328.0,1304.0,1306.0
2020-08-27,1311.0,1314.0,1293.0,1298.0
2020-08-28,1292.0,1317.0,1283.0,1293.0
2020-08-31,1304.0,1322.0,1292.0,1298.0
2020-09-01,1282.0,1286.0,1265.0,1273.0
2020-09-02,1290.0,1293.0,1276.0,1293.0
2020-09-03,1295.0,1295.0,1269.0,1276.0
2020-09-04,1230.0,1258.0,1221.0,1248.0
2020-09-07,1248.0,1251.0,1223.0,1231.0
2020-09-08,1221.0,1222.0,1191.0,1209.0
2020-09-09,1203.0,1221.0,1199.0,1214.0
2020-09-10,1231.0,1253.0,1225.0,1248.0
2020-09-11,1259.0,1259.0,1231.0,1238.0
2020-09-14,1250.0,1256.0,1245.0,1248.0
2020-09-15,1242.0,1257.0,1225.0,1257.0
2020-09-16,1281.0,1296.0,1273.0,1288.0
2020-09-17,1299.0,1326.0,1293.0,1326.0
2020-09-18,1347.0,1360.0,1336.0,1347.0
2020-09-23,1385.0,1580.0,1382.0,1525.0
2020-09-24,1508.0,1522.0,1434.0,1449.0
2020-09-25,1439.0,1470.0,1431.0,1462.0
2020-09-28,1487.0,1506.0,1485.0,1499.0
2020-09-29,1506.0,1519.0,1494.0,1519.0
2020-09-30,1462.0,1490.0,1420.0,1448.0
2020-10-02,1427.0,1448.0,1399.0,1409.0
2020-10-05,1480.0,1524.0,1433.0,1510.0
2020-10-06,1539.0,1542.0,1483.0,1489.0
2020-10-07,1482.0,1490.0,1463.0,1472.0
2020-10-08,1470.0,1473.0,1440.0,1473.0
2020-10-09,1470.0,1470.0,1427.0,1442.0
2020-10-12,1443.0,1446.0,1418.0,1429.0
2020-10-13,1430.0,1438.0,1409.0,1428.0
2020-10-14,1466.0,1491.0,1457.0,1490.0
2020-10-15,1480.0,1488.0,1456.0,1469.0
2020-10-16,1460.0,1469.0,1448.0,1464.0
2020-10-19,1462.0,1472.0,1455.0,1460.0
2020-10-20,1469.0,1487.0,1463.0,1469.0
2020-10-21,1349.0,1389.0,1324.0,1369.0
2020-10-22,1353.0,1370.0,1316.0,1318.0
2020-10-23,1314.0,1321.0,1277.0,1299.0
2020-10-26,1315.0,1323.0,1285.0,1293.0
2020-10-27,1270.0,1279.0,1256.0,1271.0
2020-10-28,1272.0,1306.0,1265.0,1294.0
2020-10-29,1294.0,1311.0,1288.0,1308.0
2020-10-30,1310.0,1314.0,1272.0,1294.0
2020-11-02,1284.0,1290.0,1260.0,1272.0
2020-11-04,1272.0,1295.0,1265.0,1292.0
2020-11-05,1296.0,1314.0,1280.0,1314.0
2020-11-06,1322.0,1324.0,1291.0,1291.0
2020-11-09,1291.0,1301.0,1270.0,1296.0
2020-11-10,1283.0,1292.0,1254.0,1255.0
2020-11-11,1274.0,1274.0,1251.0,1253.0
2020-11-12,1253.0,1253.0,1211.0,1214.0
2020-11-13,1216.0,1246.0,1212.0,1241.0
2020-11-16,1262.0,1262.0,1233.0,1240.0
2020-11-17,1237.0,1237.0,1190.0,1198.0
2020-11-18,1190.0,1197.0,1175.0,1183.0
2020-11-19,1183.0,1191.0,1158.0,1183.0
2020-11-20,1203.0,1219.0,1194.0,1216.0
2020-11-24,1246.0,1246.0,1223.0,1234.0
2020-11-25,1229.0,1233.0,1203.0,1228.0
2020-11-26,1225.0,1247.0,1217.0,1242.0
2020-11-27,1246.0,1246.0,1216.0,1222.0
2020-11-30,1240.0,1240.0,1180.0,1186.0
2020-12-01,1186.0,1194.0,1168.0,1176.0
2020-12-02,1163.0,1166.0,1149.0,1156.0
2020-12-03,1160.0,1168.0,1147.0,1152.0
2020-12-04,1146.0,1150.0,1130.0,1133.0
2020-12-07,1134.0,1135.0,1113.0,1126.0
2020-12-08,1126.0,1147.0,1124.0,1143.0
2020-12-09,1147.0,1150.0,1141.0,1148.0
2020-12-10,1153.0,1157.0,1142.0,1153.0
2020-12-11,1165.0,1188.0,1154.0,1188.0
2020-12-14,1191.0,1205.0,1172.0,1185.0
2020-12-15,1185.0,1203.0,1182.0,1185.0
2020-12-16,1192.0,1194.0,1170.0,1171.0
2020-12-17,1182.0,1187.0,1158.0,1175.0
2020-12-18,1178.0,1183.0,1161.0,1175.0
2020-12-21,1170.0,1180.0,1165.0,1169.0
2020-12-22,1157.0,1169.0,1147.0,1150.0
2020-12-23,1150.0,1157.0,1147.0,1157.0
2020-12-24,1173.0,1182.0,1167.0,1175.0
2020-12-25,1179.0,1182.0,1170.0,1177.0
2020-12-28,1199.0,1203.0,1178.0,1189.0
2020-12-29,1159.0,1164.0,1110.0,1161.0
2020-12-30,1170.0,1189.0,1152.0,1179.0
2021-01-04,1191.0,1192.0,1166.0,1174.0
2021-01-05,1180.0,1183.0,1144.0,1146.0
2021-01-06,1147.0,1158.0,1143.0,1144.0
2021-01-07,1150.0,1154.0,1134.0,1136.0
2021-01-08,1130.0,1132.0,1120.0,1129.0
2021-01-12,1120.0,1127.0,1102.0,1119.0
2021-01-13,1113.0,1117.0,1095.0,1095.0
2021-01-14,1095.0,1099.0,1080.0,1089.0
2021-01-15,1089.0,1090.0,1080.0,1082.0
2021-01-18,1080.0,1096.0,1080.0,1094.0
2021-01-19,1103.0,1104.0,1084.0,1084.0
2021-01-20,1085.0,1091.0,1078.0,1088.0
2021-01-21,1095.0,1103.0,1076.0,1078.0
2021-01-22,1070.0,1072.0,1056.0,1066.0
2021-01-25,1070.0,1084.0,1066.0,1082.0
2021-01-26,1083.0,1094.0,1079.0,1094.0
2021-01-27,1096.0,1100.0,1080.0,1083.0
2021-01-28,1075.0,1076.0,1064.0,1066.0
2021-01-29,1067.0,1074.0,1053.0,1059.0
2021-02-01,1055.0,1064.0,1053.0,1057.0
2021-02-02,1057.0,1059.0,1045.0,1050.0
2021-02-03,1057.0,1068.0,1053.0,1067.0
2021-02-04,1069.0,1077.0,1065.0,1075.0
2021-02-05,1078.0,1079.0,1070.0,1073.0
2021-02-08,1076.0,1086.0,1075.0,1086.0
2021-02-09,1085.0,1092.0,1079.0,1090.0
2021-02-10,1150.0,1156.0,1128.0,1129.0
2021-02-12,1132.0,1138.0,1117.0,1124.0
2021-02-15,1130.0,1131.0,1121.0,1128.0
2021-02-16,1133.0,1143.0,1121.0,1126.0
2021-02-17,1122.0,1125.0,1108.0,1108.0
2021-02-18,1118.0,1120.0,1112.0,1117.0
2021-02-19,1115.0,1120.0,1105.0,1109.0
2021-02-22,1112.0,1115.0,1099.0,1101.0
2021-02-24,1108.0,1116.0,1086.0,1087.0
2021-02-25,1079.0,1080.0,1061.0,1065.0
2021-02-26,1058.0,1075.0,1052.0,1053.0
2021-03-01,1062.0,1090.0,1058.0,1088.0
2021-03-02,1090.0,1094.0,1074.0,1091.0
2021-03-03,1095.0,1099.0,1078.0,1080.0
2021-03-04,1080.0,1084.0,1066.0,1082.0
2021-03-05,1088.0,1107.0,1085.0,1104.0
2021-03-08,1110.0,1111.0,1084.0,1087.0
2021-03-09,1095.0,1112.0,1090.0,1109.0
2021-03-10,1107.0,1116.0,1103.0,1105.0
2021-03-11,1103.0,1107.0,1090.0,1091.0
2021-03-12,1087.0,1106.0,1079.0,1104.0
2021-03-15,1104.0,1118.0,1100.0,1114.0
2021-03-16,1117.0,1140.0,1111.0,1140.0
2021-03-17,1139.0,1139.0,1126.0,1135.0
2021-03-18,1136.0,1139.0,1127.0,1136.0
2021-03-19,1134.0,1147.0,1132.0,1147.0
2021-03-22,1150.0,1154.0,1143.0,1147.0
2021-03-23,1147.0,1166.0,1146.0,1154.0
2021-03-24,1156.0,1162.0,1124.0,1135.0
2021-03-25,1142.0,1161.0,1139.0,1159.0
2021-03-26,1165.0,1179.0,1160.0,1178.0
2021-03-29,1191.0,1197.0,1179.0,1195.0
2021-03-30,1194.0,1195.0,1167.0,1173.0
2021-03-31,1167.0,1178.0,1157.0,1158.0
2021-04-01,1150.0,1154.0,1129.0,1130.0
2021-04-02,1136.0,1145.0,1132.0,1144.0
2021-04-05,1148.0,1157.0,1139.0,1152.0
2021-04-06,1158.0,1160.0,1132.0,1138.0
2021-04-07,1138.0,1156.0,1137.0,1154.0
2021-04-08,1146.0,1146.0,1117.0,1120.0
2021-04-09,1130.0,1150.0,1125.0,1140.0
2021-04-12,1150.0,1162.0,1126.0,1158.0
2021-04-13,1164.0,1179.0,1154.0,1155.0
2021-04-14,1141.0,1151.0,1130.0,1144.0
2021-04-15,1145.0,1167.0,1143.0,1160.0
2021-04-16,1167.0,1179.0,1161.0,1173.0
2021-04-19,1185.0,1185.0,1171.0,1177.0
2021-04-20,1176.0,1179.0,1160.0,1162.0
2021-04-21,1160.0,1168.0,1144.0,1163.0
2021-04-22,1169.0,1174.0,1151.0,1153.0
2021-04-23,1151.0,1154.0,1132.0,1134.0
2021-04-26,1132.0,1132.0,1111.0,1112.0
2021-04-27,1122.0,1147.0,1118.0,1136.0
2021-04-28,1145.0,1145.0,1110.0,1112.0
2021-04-30,1126.0,1126.0,1089.0,1090.0
2021-05-06,1088.0,1094.0,1082.0,1082.0
2021-05-07,1085.0,1109.0,1083.0,1105.0
2021-05-10,1099.0,1099.0,1091.0,1091.0
2021-05-11,1084.0,1086.0,1070.0,1070.0
2021-05-12,1061.0,1073.0,1044.0,1052.0
2021-05-13,1036.0,1041.0,1022.0,1023.0
2021-05-14,1033.0,1049.0,1032.0,1046.0
2021-05-17,1043.0,1051.0,1038.0,1043.0
2021-05-18,1043.0,1051.0,1041.0,1047.0
2021-05-19,1043.0,1048.0,1041.0,1045.0
2021-05-20,1047.0,1052.0,1044.0,1050.0
2021-05-21,1050.0,1053.0,1040.0,1043.0
2021-05-24,1044.0,1048.0,1033.0,1033.0
2021-05-25,1035.0,1039.0,1023.0,1024.0
2021-05-26,1016.0,1016.0,1003.0,1015.0
2021-05-27,1019.0,1029.0,994.0,994.0
2021-05-28,1008.0,1018.0,1008.0,1018.0
2021-05-31,1030.0,1031.0,1015.0,1020.0
2021-06-01,1017.0,1025.0,1012.0,1019.0
2021-06-02,1006.0,1017.0,1002.0,1009.0
2021-06-03,1009.0,1012.0,1002.0,1007.0
2021-06-04,1008.0,1017.0,1004.0,1007.0
2021-06-07,1027.0,1029.0,1010.0,1017.0
2021-06-08,1022.0,1034.0,1017.0,1031.0
2021-06-09,1038.0,1044.0,1035.0,1038.0
2021-06-10,1042.0,1058.0,1035.0,1054.0
2021-06-11,1054.0,1063.0,1048.0,1050.0
2021-06-14,1060.0,1063.0,1042.0,1051.0
2021-06-15,1055.0,1058.0,1045.0,1050.0
2021-06-16,1050.0,1062.0,1050.0,1052.0
2021-06-17,1051.0,1056.0,1037.0,1039.0
2021-06-18,1048.0,1050.0,1037.0,1041.0
2021-06-21,1032.0,1040.0,1022.0,1027.0
2021-06-22,1044.0,1051.0,1041.0,1049.0
2021-06-23,1050.0,1054.0,1043.0,1049.0
2021-06-24,1050.0,1067.0,1049.0,1065.0
2021-06-25,1069.0,1076.0,1067.0,1074.0
2021-06-28,1090.0,1094.0,1077.0,1092.0
2021-06-29,1091.0,1096.0,1078.0,1086.0
2021-06-30,1080.0,1084.0,1050.0,1058.0
2021-07-01,1057.0,1069.0,1056.0,1063.0
2021-07-02,1069.0,1074.0,1056.0,1059.0
2021-07-05,1065.0,1069.0,1054.0,1054.0
2021-07-06,1064.0,1066.0,1051.0,1055.0
2021-07-07,1051.0,1062.0,1049.0,1052.0
2021-07-08,1069.0,1072.0,1055.0,1055.0
2021-07-09,1047.0,1064.0,1037.0,1060.0
2021-07-12,1082.0,1094.0,1078.0,1084.0
2021-07-13,1090.0,1102.0,1080.0,1093.0
2021-07-14,1091.0,1110.0,1090.0,1094.0
2021-07-15,1103.0,1113.0,1093.0,1094.0
2021-07-16,1084.0,1087.0,1075.0,1079.0
2021-07-19,1074.0,1082.0,1069.0,1078.0
2021-07-20,1072.0,1082.0,1065.0,1078.0
2021-07-21,1083.0,1096.0,1083.0,1090.0
2021-07-26,1108.0,1112.0,1099.0,1107.0
2021-07-27,1107.0,1124.0,1104.0,1124.0
2021-07-28,1120.0,1120.0,1103.0,1107.0
2021-07-29,1101.0,1104.0,1094.0,1098.0
2021-07-30,1096.0,1096.0,1077.0,1078.0
2021-08-02,1090.0,1103.0,1085.0,1102.0
2021-08-03,1104.0,1105.0,1083.0,1090.0
2021-08-04,1081.0,1089.0,1079.0,1089.0
2021-08-05,1073.0,1085.0,1069.0,1082.0
2021-08-06,1082.0,1082.0,1072.0,1075.0
2021-08-10,1081.0,1089.0,1070.0,1070.0
2021-08-11,1085.0,1096.0,1075.0,1093.0
2021-08-12,1091.0,1092.0,1085.0,1087.0
2021-08-13,1089.0,1092.0,1081.0,1087.0
2021-08-16,1081.0,1085.0,1072.0,1082.0
2021-08-17,1082.0,1093.0,1078.0,1090.0
2021-08-18,1085.0,1090.0,1081.0,1084.0
2021-08-19,1080.0,1083.0,1077.0,1079.0
2021-08-20,1080.0,1087.0,1072.0,1081.0
2021-08-23,1084.0,1095.0,1080.0,1085.0
2021-08-24,1077.0,1090.0,1076.0,1087.0
2021-08-25,1083.0,1089.0,1077.0,1078.0
2021-08-26,1061.0,1081.0,1059.0,1075.0
2021-08-27,1071.0,1078.0,1058.0,1062.0
2021-08-30,1044.0,1061.0,1035.0,1060.0
2021-08-31,1055.0,1068.0,1049.0,1062.0
2021-09-01,1062.0,1082.0,1061.0,1079.0
2021-09-02,1077.0,1085.0,1074.0,1079.0
2021-09-03,1084.0,1092.0,1077.0,1086.0
2021-09-06,1090.0,1090.0,1080.0,1083.0
2021-09-07,1090.0,1098.0,1085.0,1098.0
2021-09-08,1087.0,1099.0,1085.0,1099.0
2021-09-09,1097.0,1108.0,1092.0,1106.0
2021-09-10,1103.0,1119.0,1100.0,1115.0
2021-09-13,1115.0,1130.0,1113.0,1130.0
2021-09-14,1133.0,1134.0,1125.0,1131.0
2021-09-15,1117.0,1128.0,1112.0,1119.0
2021-09-16,1125.0,1133.0,1119.0,1133.0
2021-09-17,1135.0,1149.0,1132.0,1147.0
2021-09-21,1127.0,1136.0,1121.0,1133.0
2021-09-22,1132.0,1139.0,1122.0,1122.0
2021-09-24,1120.0,1138.0,1119.0,1135.0
2021-09-27,1130.0,1148.0,1124.0,1124.0
2021-09-28,1131.0,1131.0,1097.0,1110.0
2021-09-29,1099.0,1121.0,1092.0,1113.0
2021-09-30,1128.0,1134.0,1080.0,1083.0
2021-10-01,1078.0,1078.0,1045.0,1050.0
2021-10-04,1066.0,1066.0,1040.0,1041.0
2021-10-05,1040.0,1072.0,1040.0,1063.0
2021-10-06,1075.0,1101.0,1075.0,1095.0
2021-10-07,1096.0,1109.0,1089.0,1089.0
2021-10-08,1088.0,1105.0,1087.0,1093.0
2021-10-11,1100.0,1123.0,1095.0,1119.0
2021-10-12,1113.0,1115.0,1102.0,1103.0
2021-10-13,1105.0,1110.0,1099.0,1099.0
2021-10-14,1096.0,1097.0,1086.0,1090.0
2021-10-15,1104.0,1115.0,1098.0,1112.0
2021-10-18,1116.0,1121.0,1106.0,1118.0
2021-10-19,1133.0,1146.0,1130.0,1142.0
2021-10-20,1147.0,1158.0,1140.0,1152.0
2021-10-21,1147.0,1148.0,1128.0,1132.0
2021-10-22,1130.0,1147.0,1118.0,1135.0
2021-10-25,1125.0,1140.0,1125.0,1130.0
2021-10-26,1139.0,1149.0,1133.0,1141.0
2021-10-27,1141.0,1142.0,1126.0,1126.0
2021-10-28,1112.0,1118.0,1106.0,1113.0
2021-10-29,1110.0,1111.0,1099.0,1109.0
2021-11-01,1125.0,1132.0,1120.0,1132.0
2021-11-02,1119.0,1126.0,1106.0,1107.0
2021-11-04,1117.0,1131.0,1110.0,1130.0
2021-11-05,1118.0,1135.0,1117.0,1135.0
2021-11-08,1138.0,1138.0,1121.0,1121.0
2021-11-09,1121.0,1126.0,1111.0,1112.0
2021-11-10,1110.0,1122.0,1109.0,1119.0
2021-11-11,1115.0,1123.0,1112.0,1113.0
2021-11-12,1100.0,1126.0,1099.0,1122.0
2021-11-15,1130.0,1131.0,1124.0,1128.0
2021-11-16,1130.0,1136.0,1126.0,1128.0
2021-11-17,1124.0,1124.0,1104.0,1105.0
2021-11-18,1098.0,1099.0,1072.0,1083.0
2021-11-19,1083.0,1095.0,1077.0,1093.0
2021-11-22,1083.0,1095.0,1079.0,1092.0
2021-11-24,1098.0,1103.0,1082.0,1082.0
2021-11-25,1070.0,1081.0,1066.0,1068.0
2021-11-26,1071.0,1071.0,1055.0,1062.0
2021-11-29,1041.0,1065.0,1039.0,1054.0
2021-11-30,1050.0,1083.0,1049.0,1051.0
2021-12-01,1044.0,1071.0,1042.0,1065.0
2021-12-02,1057.0,1080.0,1052.0,1069.0
2021-12-03,1079.0,1085.0,1073.0,1082.0
2021-12-06,1076.0,1101.0,1076.0,1091.0
2021-12-07,1096.0,1106.0,1089.0,1106.0
2021-12-08,1109.0,1113.0,1102.0,1102.0
2021-12-09,1102.0,1103.0,1083.0,1089.0
2021-12-10,1104.0,1104.0,1078.0,1085.0
2021-12-13,1095.0,1096.0,1083.0,1083.0
2021-12-14,1085.0,1092.0,1077.0,1079.0
2021-12-15,1083.0,1098.0,1081.0,1094.0
2021-12-16,1096.0,1101.0,1092.0,1101.0
2021-12-17,1101.0,1106.0,1094.0,1099.0
2021-12-20,1090.0,1096.0,1069.0,1074.0
2021-12-21,1086.0,1091.0,1080.0,1088.0
2021-12-22,1086.0,1090.0,1080.0,1080.0
2021-12-23,1090.0,1094.0,1080.0,1083.0
2021-12-24,1082.0,1087.0,1080.0,1084.0
2021-12-27,1084.0,1091.0,1079.0,1079.0
2021-12-28,1084.0,1093.0,1081.0,1083.0
2021-12-29,1068.0,1076.0,1057.0,1064.0
2021-12-30,1056.0,1068.0,1056.0,1065.0
2022-01-04,1074.0,1081.0,1064.0,1074.0
2022-01-05,1078.0,1081.0,1068.0,1069.0
2022-01-06,1071.0,1089.0,1070.0,1076.0
2022-01-07,1080.0,1099.0,1080.0,1095.0
2022-01-11,1100.0,1104.0,1078.0,1090.0
2022-01-12,1104.0,1114.0,1093.0,1106.0
2022-01-13,1107.0,1110.0,1084.0,1085.0
2022-01-14,1092.0,1095.0,1068.0,1083.0
2022-01-17,1083.0,1090.0,1080.0,1087.0
2022-01-18,1090.0,1093.0,1077.0,1079.0
2022-01-19,1070.0,1079.0,1064.0,1064.0
2022-01-20,1055.0,1074.0,1053.0,1059.0
2022-01-21,1055.0,1071.0,1045.0,1070.0
2022-01-24,1060.0,1086.0,1060.0,1086.0
2022-01-25,1077.0,1083.0,1067.0,1081.0
2022-01-26,1085.0,1094.0,1080.0,1082.0
2022-01-27,1077.0,1078.0,1049.0,1059.0
2022-01-28,1067.0,1087.0,1066.0,1081.0
2022-01-31,1086.0,1093.0,1079.0,1087.0
2022-02-01,1089.0,1096.0,1084.0,1090.0
2022-02-02,1090.0,1111.0,1088.0,1110.0
2022-02-03,1110.0,1121.0,1109.0,1115.0
2022-02-04,1113.0,1116.0,1104.0,1105.0
2022-02-07,1099.0,1107.0,1093.0,1104.0
2022-02-08,1110.0,1113.0,1098.0,1100.0
2022-02-09,1098.0,1112.0,1097.0,1110.0
2022-02-10,1110.0,1111.0,1097.0,1102.0
2022-02-14,1097.0,1112.0,1094.0,1110.0
2022-02-15,1110.0,1115.0,1104.0,1111.0
2022-02-16,1116.0,1119.0,1109.0,1112.0
2022-02-17,1115.0,1115.0,1095.0,1100.0
2022-02-18,1093.0,1105.0,1093.0,1100.0
2022-02-21,1098.0,1110.0,1094.0,1107.0
2022-02-22,1102.0,1109.0,1097.0,1104.0
2022-02-24,1097.0,1105.0,1088.0,1101.0
2022-02-25,1082.0,1085.0,1073.0,1084.0
2022-02-28,1091.0,1117.0,1089.0,1115.0
2022-03-01,1115.0,1125.0,1109.0,1118.0
2022-03-02,1105.0,1111.0,1096.0,1096.0
2022-03-03,1098.0,1098.0,1081.0,1084.0
2022-03-04,1086.0,1090.0,1066.0,1067.0
2022-03-07,1051.0,1079.0,1049.0,1077.0
2022-03-08,1074.0,1082.0,1057.0,1060.0
2022-03-09,1063.0,1065.0,1052.0,1056.0
2022-03-10,1064.0,1092.0,1063.0,1089.0
2022-03-11,1087.0,1098.0,1078.0,1096.0
2022-03-14,1100.0,1100.0,1090.0,1091.0
2022-03-15,1106.0,1127.0,1102.0,1125.0
2022-03-16,1120.0,1129.0,1116.0,1121.0
2022-03-17,1128.0,1130.0,1102.0,1114.0
2022-03-18,1088.0,1106.0,1085.0,1091.0
2022-03-22,1101.0,1104.0,1072.0,1075.0
2022-03-23,1075.0,1084.0,1069.0,1079.0
2022-03-24,1068.0,1075.0,1061.0,1070.0
2022-03-25,1077.0,1078.0,1068.0,1073.0
2022-03-28,1072.0,1083.0,1068.0,1075.0
2022-03-29,1071.0,1082.0,1068.0,1080.0
2022-03-30,1086.0,1089.0,1064.0,1076.0
2022-03-31,1066.0,1071.0,1052.0,1054.0
2022-04-01,1049.0,1071.0,1044.0,1069.0
2022-04-04,1064.0,1072.0,1059.0,1060.0
2022-04-05,1073.0,1075.0,1067.0,1071.0
2022-04-06,1063.0,1072.0,1059.0,1061.0
2022-04-07,1061.0,1064.0,1043.0,1046.0
2022-04-08,1056.0,1063.0,1047.0,1060.0
2022-04-11,1054.0,1064.0,1053.0,1058.0
2022-04-12,1053.0,1078.0,1053.0,1075.0
2022-04-13,1059.0,1066.0,1017.0,1027.0
2022-04-14,1018.0,1025.0,1005.0,1016.0
2022-04-15,1014.0,1018.0,1001.0,1002.0
2022-04-18,1001.0,1008.0,996.0,1006.0
2022-04-19,1008.0,1019.0,1007.0,1011.0
2022-04-20,1020.0,1028.0,1016.0,1022.0
2022-04-21,1027.0,1043.0,1027.0,1042.0
2022-04-22,1031.0,1050.0,1030.0,1041.0
2022-04-25,1029.0,1040.0,1026.0,1036.0
2022-04-26,1040.0,1050.0,1040.0,1041.0
2022-04-27,1040.0,1054.0,1035.0,1047.0
2022-04-28,1043.0,1069.0,1042.0,1068.0
2022-05-02,1068.0,1075.0,1060.0,1064.0
2022-05-06,1075.0,1079.0,1066.0,1072.0
2022-05-09,1077.0,1092.0,1073.0,1079.0
2022-05-10,1089.0,1109.0,1075.0,1097.0
2022-05-11,1081.0,1091.0,1075.0,1076.0
2022-05-12,1080.0,1086.0,1057.0,1058.0
2022-05-13,1046.0,1074.0,1046.0,1074.0
2022-05-16,1073.0,1074.0,1050.0,1052.0
2022-05-17,1052.0,1054.0,1046.0,1047.0
2022-05-18,1047.0,1056.0,1046.0,1053.0
2022-05-19,1045.0,1056.0,1036.0,1051.0
2022-05-20,1049.0,1069.0,1047.0,1064.0
2022-05-23,1070.0,1085.0,1068.0,1080.0
2022-05-24,1076.0,1079.0,1057.0,1059.0
2022-05-25,1063.0,1071.0,1055.0,1065.0
2022-05-26,1065.0,1075.0,1063.0,1066.0
2022-05-27,1070.0,1071.0,1057.0,1063.0
2022-05-30,1072.0,1076.0,1062.0,1074.0
2022-05-31,1068.0,1076.0,1056.0,1060.0
2022-06-01,1065.0,1078.0,1057.0,1076.0
2022-06-02,1076.0,1082.0,1071.0,1075.0
2022-06-03,1093.0,1093.0,1075.0,1077.0
2022-06-06,1073.0,1083.0,1071.0,1080.0
2022-06-07,1083.0,1095.0,1078.0,1085.0
2022-06-08,1072.0,1078.0,1059.0,1062.0
2022-06-09,1054.0,1057.0,1045.0,1045.0
2022-06-10,1037.0,1045.0,1030.0,1030.0
2022-06-13,1025.0,1040.0,1021.0,1038.0
2022-06-14,1029.0,1048.0,1029.0,1032.0
2022-06-15,1023.0,1031.0,1014.0,1014.0
2022-06-16,1013.0,1024.0,1012.0,1013.0
2022-06-17,1008.0,1019.0,1005.0,1014.0
2022-06-20,1014.0,1016.0,1005.0,1006.0
2022-06-21,1007.0,1018.0,1007.0,1009.0
2022-06-22,1010.0,1019.0,1010.0,1013.0
2022-06-23,1014.0,1024.0,1014.0,1022.0
2022-06-24,1033.0,1035.0,1029.0,1031.0
2022-06-27,1041.0,1041.0,1026.0,1031.0
2022-06-28,1025.0,1044.0,1022.0,1042.0
2022-06-29,1037.0,1044.0,1035.0,1039.0
2022-06-30,1039.0,1050.0,1035.0,1038.0
2022-07-01,1040.0,1046.0,1006.0,1009.0
2022-07-04,1015.0,1025.0,1010.0,1014.0
2022-07-05,1014.0,1017.0,1010.0,1015.0
2022-07-06,1009.0,1017.0,1009.0,1016.0
2022-07-07,1018.0,1019.0,1004.0,1015.0
2022-07-08,1015.0,1019.0,1009.0,1009.0
2022-07-11,1017.0,1020.0,1014.0,1019.0
2022-07-12,1017.0,1018.0,1008.0,1010.0
2022-07-13,1020.0,1029.0,1014.0,1027.0
2022-07-14,1029.0,1034.0,1027.0,1032.0
2022-07-15,1036.0,1037.0,1022.0,1027.0
2022-07-19,1036.0,1036.0,1025.0,1033.0
2022-07-20,1040.0,1058.0,1035.0,1058.0
2022-07-21,1053.0,1063.0,1051.0,1062.0
2022-07-22,1060.0,1074.0,1058.0,1073.0
2022-07-25,1075.0,1079.0,1072.0,1073.0
2022-07-26,1071.0,1074.0,1061.0,1063.0
2022-07-27,1060.0,1062.0,1044.0,1045.0
2022-07-28,1045.0,1048.0,1037.0,1042.0
2022-07-29,1042.0,1046.0,1035.0,1041.0
2022-08-01,1041.0,1059.0,1040.0,1057.0
2022-08-02,1060.0,1060.0,1042.0,1047.0
2022-08-03,1044.0,1048.0,1032.0,1034.0
2022-08-04,1040.0,1041.0,1026.0,1031.0
2022-08-05,1029.0,1041.0,1029.0,1039.0
2022-08-08,1044.0,1044.0,1034.0,1039.0
2022-08-09,1042.0,1045.0,1032.0,1032.0
2022-08-10,1033.0,1035.0,1024.0,1033.0
2022-08-12,1033.0,1047.0,1031.0,1045.0
2022-08-15,1043.0,1043.0,1032.0,1035.0
2022-08-16,1031.0,1038.0,1029.0,1037.0
2022-08-17,1042.0,1057.0,1038.0,1057.0
2022-08-18,1051.0,1060.0,1045.0,1046.0
2022-08-19,1056.0,1058.0,1045.0,1046.0
2022-08-22,1045.0,1056.0,1041.0,1052.0
2022-08-23,1045.0,1047.0,1036.0,1040.0
2022-08-24,1053.0,1053.0,1043.0,1052.0
2022-08-25,1050.0,1055.0,1048.0,1050.0
2022-08-26,1052.0,1055.0,1043.0,1044.0
2022-08-29,1034.0,1037.0,1031.0,1037.0
2022-08-30,1026.0,1035.0,1022.0,1030.0
2022-08-31,1020.0,1036.0,1016.0,1033.0
2022-09-01,1029.0,1034.0,1023.0,1030.0
2022-09-02,1037.0,1037.0,1022.0,1022.0
2022-09-05,1022.0,1031.0,1020.0,1022.0
2022-09-06,1023.0,1026.0,1012.0,1014.0
2022-09-07,1015.0,1021.0,1010.0,1020.0
2022-09-08,1027.0,1038.0,1026.0,1037.0
2022-09-09,1037.0,1043.0,1036.0,1039.0
2022-09-12,1042.0,1042.0,1035.0,1037.0
2022-09-13,1039.0,1042.0,1035.0,1036.0
2022-09-14,1028.0,1028.0,1018.0,1018.0
2022-09-15,1018.0,1029.0,1018.0,1028.0
2022-09-16,1027.0,1036.0,1023.0,1033.0
2022-09-20,1039.0,1050.0,1036.0,1049.0
2022-09-21,1042.0,1050.0,1040.0,1041.0
2022-09-22,1039.0,1045.0,1033.0,1043.0
2022-09-26,1039.0,1049.0,1036.0,1039.0
2022-09-27,1025.0,1051.0,1025.0,1048.0
2022-09-28,1037.0,1048.0,1034.0,1046.0
2022-09-29,1050.0,1070.0,1047.0,1067.0
2022-09-30,1127.0,1185.0,1123.0,1177.0
2022-10-03,1175.0,1178.0,1129.0,1150.0
2022-10-04,1150.0,1185.0,1150.0,1177.0
2022-10-05,1186.0,1186.0,1168.0,1182.0
2022-10-06,1186.0,1198.0,1179.0,1189.0
2022-10-07,1184.0,1202.0,1176.0,1180.0
2022-10-11,1180.0,1191.0,1170.0,1176.0
2022-10-12,1176.0,1177.0,1157.0,1161.0
2022-10-13,1161.0,1171.0,1152.0,1164.0
2022-10-14,1176.0,1177.0,1164.0,1164.0
2022-10-17,1167.0,1172.0,1156.0,1156.0
2022-10-18,1160.0,1164.0,1150.0,1154.0
2022-10-19,1162.0,1162.0,1151.0,1159.0
2022-10-20,1152.0,1157.0,1142.0,1147.0
2022-10-21,1147.0,1154.0,1143.0,1147.0
2022-10-24,1145.0,1145.0,1121.0,1126.0
2022-10-25,1143.0,1150.0,1135.0,1144.0
2022-10-26,1151.0,1157.0,1144.0,1150.0
2022-10-27,1150.0,1157.0,1143.0,1143.0
2022-10-28,1143.0,1163.0,1137.0,1158.0
2022-10-31,1160.0,1170.0,1155.0,1159.0
2022-11-01,1160.0,1174.0,1158.0,1171.0
2022-11-02,1171.0,1173.0,1163.0,1166.0
2022-11-04,1166.0,1168.0,1155.0,1159.0
2022-11-07,1160.0,1170.0,1153.0,1169.0
2022-11-08,1170.0,1177.0,1167.0,1174.0
2022-11-09,1175.0,1181.0,1170.0,1181.0
2022-11-10,1175.0,1175.0,1164.0,1172.0
2022-11-11,1175.0,1179.0,1168.0,1176.0
2022-11-14,1174.0,1174.0,1165.0,1165.0
2022-11-15,1166.0,1169.0,1163.0,1163.0
2022-11-16,1167.0,1182.0,1164.0,1182.0
2022-11-17,1186.0,1206.0,1184.0,1206.0
2022-11-18,1207.0,1220.0,1204.0,1220.0
2022-11-21,1224.0,1230.0,1194.0,1201.0
2022-11-22,1210.0,1217.0,1203.0,1212.0
2022-11-24,1216.0,1221.0,1210.0,1217.0
2022-11-25,1214.0,1215.0,1197.0,1200.0
2022-11-28,1201.0,1201.0,1175.0,1178.0
2022-11-29,1172.0,1174.0,1155.0,1157.0
2022-11-30,1160.0,1164.0,1146.0,1148.0
2022-12-01,1148.0,1160.0,1148.0,1159.0
2022-12-02,1157.0,1157.0,1141.0,1153.0
2022-12-05,1151.0,1154.0,1145.0,1149.0
2022-12-06,1149.0,1159.0,1145.0,1158.0
2022-12-07,1157.0,1162.0,1149.0,1149.0
2022-12-08,1152.0,1166.0,1148.0,1162.0
2022-12-09,1162.0,1166.0,1157.0,1162.0
2022-12-12,1160.0,1163.0,1151.0,1155.0
2022-12-13,1163.0,1169.0,1162.0,1162.0
2022-12-14,1163.0,1171.0,1161.0,1169.0
2022-12-15,1169.0,1173.0,1163.0,1165.0
2022-12-16,1165.0,1171.0,1160.0,1161.0
2022-12-19,1160.0,1169.0,1159.0,1166.0
2022-12-20,1167.0,1170.0,1155.0,1166.0
2022-12-21,1163.0,1178.0,1157.0,1168.0
2022-12-22,1171.0,1186.0,1166.0,1186.0
2022-12-23,1186.0,1200.0,1183.0,1198.0
2022-12-26,1202.0,1209.0,1184.0,1193.0
2022-12-27,1200.0,1214.0,1200.0,1211.0
2022-12-28,1213.0,1219.0,1210.0,1218.0
2022-12-29,1212.0,1218.0,1175.0,1200.0
2022-12-30,1200.0,1216.0,1197.0,1202.0
2023-01-04,1207.0,1207.0,1190.0,1205.0
2023-01-05,1200.0,1206.0,1196.0,1201.0
2023-01-06,1202.0,1206.0,1191.0,1191.0
2023-01-10,1186.0,1187.0,1168.0,1173.0
2023-01-11,1172.0,1184.0,1171.0,1171.0
2023-01-12,1168.0,1174.0,1158.0,1171.0
2023-01-13,1171.0,1186.0,1170.0,1183.0
2023-01-16,1180.0,1180.0,1158.0,1159.0
2023-01-17,1158.0,1172.0,1158.0,1165.0
2023-01-18,1170.0,1186.0,1165.0,1172.0
2023-01-19,1172.0,1179.0,1169.0,1176.0
2023-01-20,1176.0,1178.0,1168.0,1172.0
2023-01-23,1177.0,1181.0,1170.0,1174.0
2023-01-24,1181.0,1191.0,1178.0,1187.0
2023-01-25,1187.0,1187.0,1177.0,1184.0
2023-01-26,1184.0,1187.0,1175.0,1179.0
2023-01-27,1182.0,1182.0,1169.0,1172.0
2023-01-30,1170.0,1175.0,1166.0,1175.0
2023-01-31,1179.0,1188.0,1177.0,1183.0
2023-02-01,1188.0,1193.0,1174.0,1174.0
2023-02-02,1180.0,1180.0,1166.0,1167.0
2023-02-03,1164.0,1166.0,1152.0,1157.0
2023-02-06,1164.0,1175.0,1163.0,1175.0
2023-02-07,1175.0,1180.0,1166.0,1171.0
2023-02-08,1171.0,1178.0,1165.0,1168.0
2023-02-09,1166.0,1174.0,1165.0,1170.0
2023-02-10,1168.0,1180.0,1167.0,1176.0
2023-02-13,1178.0,1183.0,1168.0,1168.0
2023-02-14,1170.0,1180.0,1170.0,1178.0
2023-02-15,1178.0,1185.0,1178.0,1180.0
2023-02-16,1181.0,1185.0,1173.0,1174.0
2023-02-17,1174.0,1182.0,1173.0,1180.0
2023-02-20,1183.0,1194.0,1182.0,1193.0
2023-02-21,1189.0,1189.0,1180.0,1181.0
2023-02-22,1178.0,1179.0,1164.0,1166.0
2023-02-24,1165.0,1174.0,1161.0,1174.0
2023-02-27,1151.0,1159.0,1149.0,1155.0
2023-02-28,1152.0,1152.0,1143.0,1147.0
2023-03-01,1144.0,1152.0,1144.0,1151.0
2023-03-02,1153.0,1158.0,1130.0,1133.0
2023-03-03,1138.0,1142.0,1128.0,1137.0
2023-03-06,1139.0,1150.0,1136.0,1148.0
2023-03-07,1152.0,1157.0,1148.0,1157.0
2023-03-08,1158.0,1163.0,1149.0,1151.0
2023-03-09,1152.0,1169.0,1152.0,1169.0
2023-03-10,1167.0,1168.0,1153.0,1156.0
2023-03-13,1149.0,1149.0,1135.0,1140.0
2023-03-14,1124.0,1125.0,1108.0,1114.0
2023-03-15,1123.0,1137.0,1123.0,1129.0
2023-03-16,1115.0,1130.0,1111.0,1129.0
2023-03-17,1131.0,1135.0,1125.0,1129.0
2023-03-20,1129.0,1135.0,1121.0,1127.0
2023-03-22,1132.0,1138.0,1126.0,1128.0
2023-03-23,1125.0,1132.0,1119.0,1127.0
2023-03-24,1122.0,1145.0,1121.0,1143.0
2023-03-27,1148.0,1151.0,1141.0,1141.0
2023-03-28,1143.0,1148.0,1139.0,1143.0
2023-03-29,1152.0,1163.0,1148.0,1162.0
2023-03-30,1157.0,1157.0,1145.0,1150.0
2023-03-31,1157.0,1160.0,1150.0,1155.0
2023-04-03,1165.0,1165.0,1155.0,1159.0
2023-04-04,1154.0,1164.0,1150.0,1161.0
2023-04-05,1155.0,1155.0,1133.0,1135.0
2023-04-06,1130.0,1130.0,1119.0,1124.0
2023-04-07,1129.0,1129.0,1124.0,1125.0
2023-04-10,1127.0,1135.0,1127.0,1135.0
2023-04-11,1148.0,1165.0,1146.0,1157.0
2023-04-12,1207.0,1260.0,1207.0,1250.0
2023-04-13,1251.0,1271.0,1245.0,1269.0
2023-04-14,1270.0,1300.0,1268.0,1294.0
2023-04-17,1294.0,1296.0,1273.0,1286.0
2023-04-18,1298.0,1392.0,1287.0,1386.0
2023-04-19,1390.0,1400.0,1364.0,1368.0
2023-04-20,1379.0,1445.0,1375.0,1423.0
2023-04-21,1424.0,1477.0,1424.0,1453.0
2023-04-24,1450.0,1472.0,1427.0,1427.0
2023-04-25,1426.0,1436.0,1417.0,1421.0
2023-04-26,1421.0,1445.0,1412.0,1416.0
2023-04-27,1420.0,1429.0,1397.0,1400.0
2023-04-28,1418.0,1430.0,1414.0,1424.0
2023-05-01,1430.0,1437.0,1417.0,1429.0
2023-05-02,1422.0,1422.0,1375.0,1377.0
2023-05-08,1383.0,1411.0,1360.0,1365.0
2023-05-09,1360.0,1375.0,1347.0,1348.0
2023-05-10,1355.0,1365.0,1339.0,1342.0
2023-05-11,1337.0,1345.0,1325.0,1331.0
2023-05-12,1332.0,1369.0,1330.0,1363.0
2023-05-15,1364.0,1373.0,1351.0,1355.0
2023-05-16,1365.0,1367.0,1351.0,1367.0
2023-05-17,1369.0,1382.0,1351.0,1351.0
2023-05-18,1356.0,1359.0,1332.0,1343.0
2023-05-19,1340.0,1351.0,1334.0,1341.0
2023-05-22,1330.0,1337.0,1318.0,1329.0
2023-05-23,1323.0,1328.0,1304.0,1315.0
2023-05-24,1311.0,1316.0,1306.0,1306.0
2023-05-25,1297.0,1303.0,1290.0,1290.0
2023-05-26,1288.0,1290.0,1275.0,1277.0
2023-05-29,1281.0,1281.0,1267.0,1267.0
2023-05-30,1258.0,1263.0,1243.0,1251.0
2023-05-31,1247.0,1258.0,1245.0,1253.0
2023-06-01,1244.0,1258.0,1241.0,1241.0
2023-06-02,1249.0,1265.0,1248.0,1263.0
2023-06-05,1281.0,1284.0,1267.0,1279.0
2023-06-06,1271.0,1271.0,1256.0,1262.0
2023-06-07,1266.0,1269.0,1255.0,1258.0
2023-06-08,1258.0,1260.0,1244.0,1247.0
2023-06-09,1255.0,1267.0,1252.0,1259.0
2023-06-12,1261.0,1261.0,1245.0,1245.0
2023-06-13,1244.0,1244.0,1235.0,1244.0
2023-06-14,1248.0,1248.0,1234.0,1241.0
2023-06-15,1240.0,1245.0,1235.0,1236.0
2023-06-16,1233.0,1235.0,1223.0,1229.0
2023-06-19,1236.0,1244.0,1222.0,1228.0
2023-06-20,1218.0,1219.0,1206.0,1212.0
2023-06-21,1216.0,1230.0,1214.0,1227.0
2023-06-22,1232.0,1235.0,1221.0,1223.0
2023-06-23,1230.0,1230.0,1210.0,1214.0
2023-06-26,1220.0,1223.0,1208.0,1219.0
2023-06-27,1215.0,1222.0,1211.0,1218.0
2023-06-28,1220.0,1230.0,1214.0,1227.0
2023-06-29,1227.0,1230.0,1222.0,1223.0
2023-06-30,1231.0,1231.0,1217.0,1220.0
2023-07-03,1216.0,1228.0,1211.0,1216.0
2023-07-04,1214.0,1215.0,1199.0,1206.0
2023-07-05,1207.0,1215.0,1202.0,1207.0
2023-07-06,1208.0,1208.0,1186.0,1187.0
2023-07-07,1177.0,1190.0,1175.0,1185.0
2023-07-10,1189.0,1203.0,1183.0,1200.0
2023-07-11,1200.0,1209.0,1196.0,1207.0
2023-07-12,1210.0,1219.0,1208.0,1209.0
2023-07-13,1212.0,1212.0,1198.0,1202.0
2023-07-14,1209.0,1209.0,1193.0,1198.0
2023-07-18,1199.0,1201.0,1194.0,1196.0
2023-07-19,1198.0,1203.0,1196.0,1201.0
2023-07-20,1201.0,1204.0,1197.0,1197.0
2023-07-21,1197.0,1200.0,1192.0,1198.0
2023-07-24,1200.0,1209.0,1200.0,1206.0
2023-07-25,1206.0,1209.0,1199.0,1205.0
2023-07-26,1200.0,1203.0,1193.0,1202.0
2023-07-27,1202.0,1202.0,1189.0,1196.0
2023-07-28,1186.0,1198.0,1183.0,1198.0
2023-07-31,1207.0,1207.0,1195.0,1204.0
2023-08-01,1206.0,1206.0,1195.0,1205.0
2023-08-02,1200.0,1202.0,1192.0,1199.0
2023-08-03,1197.0,1199.0,1182.0,1184.0
2023-08-04,1187.0,1189.0,1178.0,1185.0
2023-08-07,1187.0,1202.0,1181.0,1202.0
2023-08-08,1206.0,1211.0,1199.0,1210.0
2023-08-09,1212.0,1212.0,1201.0,1209.0
2023-08-10,1213.0,1224.0,1208.0,1223.0
2023-08-14,1235.0,1235.0,1220.0,1227.0
2023-08-15,1228.0,1237.0,1223.0,1234.0
2023-08-16,1228.0,1233.0,1219.0,1232.0
2023-08-17,1237.0,1237.0,1220.0,1225.0
2023-08-18,1215.0,1217.0,1206.0,1210.0
2023-08-21,1215.0,1236.0,1215.0,1234.0
2023-08-22,1235.0,1237.0,1225.0,1237.0
2023-08-23,1235.0,1240.0,1225.0,1237.0
2023-08-24,1237.0,1241.0,1232.0,1235.0
2023-08-25,1230.0,1235.0,1226.0,1231.0
2023-08-28,1235.0,1236.0,1224.0,1230.0
2023-08-29,1229.0,1239.0,1229.0,1239.0
2023-08-30,1213.0,1219.0,1206.0,1209.0
2023-08-31,1210.0,1221.0,1210.0,1217.0
2023-09-01,1220.0,1233.0,1218.0,1233.0
2023-09-04,1235.0,1248.0,1230.0,1246.0
2023-09-05,1249.0,1254.0,1242.0,1250.0
2023-09-06,1251.0,1264.0,1241.0,1263.0
2023-09-07,1264.0,1281.0,1255.0,1278.0
2023-09-08,1272.0,1275.0,1253.0,1255.0
2023-09-11,1269.0,1269.0,1247.0,1263.0
2023-09-12,1263.0,1272.0,1253.0,1264.0
2023-09-13,1266.0,1267.0,1239.0,1245.0
2023-09-14,1253.0,1260.0,1250.0,1254.0
2023-09-15,1245.0,1255.0,1236.0,1248.0
2023-09-19,1247.0,1252.0,1239.0,1248.0
2023-09-20,1245.0,1246.0,1225.0,1227.0
2023-09-21,1225.0,1243.0,1223.0,1232.0
2023-09-22,1228.0,1232.0,1224.0,1227.0
2023-09-25,1230.0,1247.0,1225.0,1243.0
2023-09-26,1246.0,1269.0,1243.0,1259.0
2023-09-27,1259.0,1265.0,1244.0,1261.0
2023-09-28,1255.0,1260.0,1240.0,1242.0
2023-09-29,1241.0,1250.0,1214.0,1214.0
2023-10-02,1213.0,1223.0,1190.0,1190.0
2023-10-03,1197.0,1211.0,1186.0,1197.0
2023-10-04,1195.0,1221.0,1191.0,1214.0
2023-10-05,1215.0,1237.0,1215.0,1231.0
2023-10-06,1234.0,1237.0,1223.0,1230.0
2023-10-10,1239.0,1266.0,1237.0,1265.0
2023-10-11,1267.0,1278.0,1261.0,1268.0
2023-10-12,1269.0,1288.0,1254.0,1284.0
2023-10-13,1273.0,1273.0,1243.0,1249.0
2023-10-16,1245.0,1245.0,1200.0,1205.0
2023-10-17,1206.0,1209.0,1190.0,1195.0
2023-10-18,1201.0,1207.0,1192.0,1206.0
2023-10-19,1197.0,1207.0,1188.0,1195.0
2023-10-20,1198.0,1203.0,1194.0,1199.0
2023-10-23,1198.0,1198.0,1174.0,1176.0
2023-10-24,1172.0,1175.0,1154.0,1172.0
2023-10-25,1176.0,1181.0,1162.0,1166.0
2023-10-26,1169.0,1173.0,1148.0,1155.0
2023-10-27,1160.0,1170.0,1153.0,1170.0
2023-10-30,1159.0,1161.0,1146.0,1153.0
2023-10-31,1156.0,1180.0,1150.0,1178.0
2023-11-01,1189.0,1195.0,1180.0,1191.0
2023-11-02,1196.0,1196.0,1170.0,1175.0
2023-11-06,1184.0,1186.0,1175.0,1180.0
2023-11-07,1180.0,1184.0,1166.0,1166.0
2023-11-08,1168.0,1173.0,1153.0,1160.0
2023-11-09,1158.0,1173.0,1149.0,1169.0
2023-11-10,1161.0,1170.0,1156.0,1169.0
2023-11-13,1173.0,1173.0,1153.0,1154.0
2023-11-14,1161.0,1167.0,1157.0,1158.0
2023-11-15,1171.0,1176.0,1165.0,1172.0
2023-11-16,1220.0,1224.0,1201.0,1207.0
2023-11-17,1207.0,1218.0,1200.0,1218.0
2023-11-20,1225.0,1229.0,1199.0,1200.0
2023-11-21,1198.0,1223.0,1195.0,1221.0
2023-11-22,1221.0,1232.0,1211.0,1230.0
2023-11-24,1234.0,1239.0,1227.0,1236.0
2023-11-27,1245.0,1255.0,1243.0,1253.0
2023-11-28,1259.0,1285.0,1258.0,1281.0
2023-11-29,1293.0,1310.0,1276.0,1277.0
2023-11-30,1272.0,1281.0,1256.0,1279.0
2023-12-01,1275.0,1279.0,1255.0,1256.0
2023-12-04,1250.0,1263.0,1250.0,1254.0
2023-12-05,1254.0,1257.0,1241.0,1245.0
2023-12-06,1246.0,1285.0,1246.0,1282.0
2023-12-07,1285.0,1293.0,1279.0,1283.0
2023-12-08,1297.0,1300.0,1269.0,1275.0
2023-12-11,1283.0,1297.0,1272.0,1296.0
2023-12-12,1300.0,1308.0,1296.0,1304.0
2023-12-13,1307.0,1307.0,1290.0,1291.0
2023-12-14,1303.0,1308.0,1292.0,1301.0
2023-12-15,1301.0,1315.0,1300.0,1310.0
2023-12-18,1310.0,1313.0,1293.0,1312.0
2023-12-19,1315.0,1329.0,1312.0,1327.0
2023-12-20,1327.0,1335.0,1321.0,1330.0
2023-12-21,1319.0,1329.0,1308.0,1309.0
2023-12-22,1308.0,1322.0,1301.0,1320.0
2023-12-25,1328.0,1328.0,1312.0,1325.0
2023-12-26,1330.0,1336.0,1324.0,1334.0
2023-12-27,1338.0,1360.0,1335.0,1360.0
2023-12-28,1294.0,1336.0,1286.0,1335.0
2023-12-29,1345.0,1346.0,1287.0,1293.0
2024-01-04,1319.0,1319.0,1297.0,1311.0
2024-01-05,1319.0,1320.0,1311.0,1317.0
2024-01-09,1317.0,1337.0,1317.0,1336.0
2024-01-10,1344.0,1367.0,1339.0,1360.0
2024-01-11,1369.0,1375.0,1342.0,1342.0
2024-01-12,1345.0,1365.0,1335.0,1336.0
2024-01-15,1337.0,1344.0,1336.0,1344.0
2024-01-16,1337.0,1361.0,1331.0,1332.0
2024-01-17,1334.0,1350.0,1328.0,1329.0
2024-01-18,1334.0,1348.0,1332.0,1342.0
2024-01-19,1350.0,1354.0,1328.0,1332.0
2024-01-22,1340.0,1357.0,1336.0,1356.0
2024-01-23,1361.0,1378.0,1356.0,1373.0
2024-01-24,1371.0,1383.0,1352.0,1354.0
2024-01-25,1350.0,1358.0,1346.0,1355.0
2024-01-26,1361.0,1365.0,1346.0,1350.0
2024-01-29,1358.0,1364.0,1352.0,1362.0
2024-01-30,1365.0,1365.0,1350.0,1353.0
2024-01-31,1351.0,1375.0,1346.0,1375.0
2024-02-01,1370.0,1385.0,1359.0,1381.0
2024-02-02,1381.0,1383.0,1363.0,1371.0
2024-02-05,1378.0,1393.0,1373.0,1386.0
2024-02-06,1386.0,1393.0,1375.0,1379.0
2024-02-07,1379.0,1383.0,1371.0,1373.0
2024-02-08,1372.0,1384.0,1360.0,1378.0
2024-02-09,1380.0,1400.0,1371.0,1395.0
2024-02-13,1405.0,1406.0,1393.0,1402.0
2024-02-14,1403.0,1405.0,1391.0,1399.0
2024-02-15,1400.0,1400.0,1361.0,1364.0
2024-02-16,1374.0,1397.0,1371.0,1378.0
2024-02-19,1378.0,1400.0,1378.0,1396.0
2024-02-20,1398.0,1407.0,1395.0,1399.0
2024-02-21,1405.0,1405.0,1391.0,1401.0
2024-02-22,1403.0,1414.0,1402.0,1412.0
2024-02-26,1415.0,1444.0,1407.0,1439.0
2024-02-27,1434.0,1446.0,1429.0,1436.0
2024-02-28,1400.0,1414.0,1383.0,1410.0
2024-02-29,1422.0,1451.0,1419.0,1442.0
2024-03-01,1441.0,1442.0,1426.0,1433.0
2024-03-04,1420.0,1420.0,1385.0,1396.0
2024-03-05,1395.0,1397.0,1367.0,1389.0
2024-03-06,1390.0,1431.0,1390.0,1422.0
2024-03-07,1427.0,1452.0,1427.0,1451.0
2024-03-08,1439.0,1461.0,1433.0,1461.0
2024-03-11,1463.0,1473.0,1435.0,1451.0
2024-03-12,1450.0,1469.0,1437.0,1469.0
2024-03-13,1475.0,1481.0,1459.0,1465.0
2024-03-14,1458.0,1478.0,1444.0,1478.0
2024-03-15,1478.0,1491.0,1474.0,1490.0
2024-03-18,1497.0,1503.0,1481.0,1500.0
2024-03-19,1504.0,1521.0,1499.0,1514.0
2024-03-21,1520.0,1523.0,1492.0,1498.0
2024-03-22,1502.0,1515.0,1487.0,1515.0
2024-03-25,1501.0,1506.0,1475.0,1475.0
2024-03-26,1473.0,1478.0,1455.0,1471.0
2024-03-27,1490.0,1501.0,1476.0,1496.0
2024-03-28,1490.0,1491.0,1457.0,1462.0
2024-03-29,1457.0,1483.0,1455.0,1479.0
2024-04-01,1485.0,1508.0,1485.0,1499.0
2024-04-02,1486.0,1494.0,1457.0,1468.0
2024-04-03,1468.0,1484.0,1458.0,1474.0
2024-04-04,1500.0,1500.0,1471.0,1478.0
2024-04-05,1473.0,1485.0,1460.0,1478.0
2024-04-08,1488.0,1507.0,1484.0,1496.0
2024-04-09,1496.0,1509.0,1486.0,1509.0
2024-04-10,1499.0,1508.0,1494.0,1496.0
2024-04-11,1487.0,1520.0,1479.0,1507.0
2024-04-12,1507.0,1520.0,1499.0,1520.0
2024-04-15,1515.0,1573.0,1476.0,1484.0
2024-04-16,1457.0,1459.0,1411.0,1426.0
2024-04-17,1419.0,1421.0,1391.0,1399.0
2024-04-18,1412.0,1427.0,1406.0,1419.0
2024-04-19,1410.0,1410.0,1376.0,1392.0
2024-04-22,1410.0,1418.0,1397.0,1407.0
2024-04-23,1419.0,1425.0,1403.0,1403.0
2024-04-24,1421.0,1461.0,1413.0,1454.0
2024-04-25,1449.0,1459.0,1424.0,1431.0
2024-04-26,1434.0,1450.0,1421.0,1450.0
2024-04-30,1448.0,1465.0,1430.0,1461.0
2024-05-01,1461.0,1461.0,1439.0,1441.0
2024-05-02,1444.0,1457.0,1439.0,1454.0
2024-05-07,1472.0,1507.0,1469.0,1504.0
2024-05-08,1499.0,1503.0,1476.0,1486.0
2024-05-09,1499.0,1505.0,1481.0,1485.0
2024-05-10,1483.0,1499.0,1475.0,1492.0
2024-05-13,1490.0,1498.0,1482.0,1490.0
2024-05-14,1487.0,1488.0,1467.0,1478.0
2024-05-15,1493.0,1493.0,1446.0,1452.0
2024-05-16,1451.0,1455.0,1424.0,1430.0
2024-05-17,1418.0,1440.0,1411.0,1432.0
2024-05-20,1438.0,1451.0,1433.0,1447.0
2024-05-21,1453.0,1459.0,1441.0,1444.0
2024-05-22,1436.0,1443.0,1425.0,1441.0
2024-05-23,1430.0,1451.0,1418.0,1448.0
2024-05-24,1422.0,1489.0,1422.0,1477.0
2024-05-27,1483.0,1518.0,1483.0,1518.0
2024-05-28,1524.0,1533.0,1498.0,1510.0
2024-05-29,1510.0,1516.0,1489.0,1495.0
2024-05-30,1485.0,1522.0,1485.0,1515.0
2024-05-31,1520.0,1531.0,1504.0,1528.0
2024-06-03,1540.0,1555.0,1532.0,1543.0
2024-06-04,1544.0,1544.0,1523.0,1529.0
2024-06-05,1530.0,1540.0,1515.0,1534.0
2024-06-06,1541.0,1557.0,1509.0,1527.0
2024-06-07,1545.0,1559.0,1541.0,1554.0
2024-06-10,1554.0,1561.0,1547.0,1561.0
2024-06-11,1568.0,1570.0,1547.0,1547.0
2024-06-12,1552.0,1552.0,1510.0,1511.0
2024-06-13,1519.0,1523.0,1485.0,1490.0
2024-06-14,1485.0,1500.0,1478.0,1500.0
2024-06-17,1490.0,1493.0,1456.0,1468.0
2024-06-18,1473.0,1476.0,1453.0,1463.0
2024-06-19,1457.0,1475.0,1455.0,1469.0
2024-06-20,1461.0,1467.0,1449.0,1461.0
2024-06-21,1465.0,1475.0,1441.0,1441.0
2024-06-24,1457.0,1462.0,1446.0,1453.0
2024-06-25,1454.0,1468.0,1450.0,1466.0
2024-06-26,1463.0,1469.0,1458.0,1464.0
2024-06-27,1466.0,1474.0,1461.0,1466.0
2024-06-28,1463.0,1473.0,1453.0,1460.0
2024-07-01,1430.0,1453.0,1401.0,1401.0
2024-07-02,1415.0,1427.0,1403.0,1408.0
2024-07-03,1405.0,1408.0,1381.0,1390.0
2024-07-04,1390.0,1403.0,1387.0,1394.0
2024-07-05,1394.0,1396.0,1378.0,1393.0
2024-07-08,1390.0,1392.0,1376.0,1379.0
2024-07-09,1390.0,1407.0,1389.0,1400.0
2024-07-10,1396.0,1396.0,1382.0,1390.0
2024-07-11,1398.0,1411.0,1393.0,1409.0
2024-07-12,1400.0,1416.0,1392.0,1412.0
2024-07-16,1415.0,1417.0,1400.0,1401.0
2024-07-17,1408.0,1423.0,1404.0,1412.0
2024-07-18,1409.0,1426.0,1401.0,1416.0
2024-07-19,1410.0,1410.0,1389.0,1390.0
2024-07-22,1392.0,1407.0,1389.0,1403.0
2024-07-23,1399.0,1414.0,1394.0,1405.0
2024-07-24,1405.0,1407.0,1386.0,1399.0
2024-07-25,1395.0,1425.0,1388.0,1419.0
2024-07-26,1420.0,1420.0,1398.0,1400.0
2024-07-29,1422.0,1429.0,1412.0,1426.0
2024-07-30,1426.0,1426.0,1408.0,1418.0
2024-07-31,1415.0,1450.0,1411.0,1449.0
2024-08-01,1434.0,1440.0,1413.0,1430.0
2024-08-02,1410.0,1413.0,1380.0,1392.0
2024-08-05,1350.0,1358.0,1296.0,1303.0
2024-08-06,1373.0,1418.0,1368.0,1405.0
2024-08-07,1390.0,1417.0,1381.0,1393.0
2024-08-08,1379.0,1392.0,1358.0,1361.0
2024-08-09,1391.0,1392.0,1361.0,1380.0
2024-08-13,1375.0,1378.0,1356.0,1361.0
2024-08-14,1366.0,1378.0,1362.0,1372.0
2024-08-15,1376.0,1385.0,1370.0,1380.0
2024-08-16,1397.0,1410.0,1387.0,1410.0
2024-08-19,1403.0,1407.0,1383.0,1389.0
2024-08-20,1383.0,1417.0,1381.0,1417.0
2024-08-21,1410.0,1423.0,1409.0,1421.0
2024-08-22,1427.0,1441.0,1421.0,1441.0
2024-08-23,1441.0,1441.0,1427.0,1435.0
2024-08-26,1443.0,1468.0,1441.0,1467.0
2024-08-27,1472.0,1488.0,1467.0,1478.0
2024-08-28,1478.0,1491.0,1464.0,1486.0
2024-08-29,1459.0,1461.0,1432.0,1442.0
2024-08-30,1437.0,1447.0,1419.0,1447.0
2024-09-02,1447.0,1447.0,1420.0,1420.0
2024-09-03,1430.0,1439.0,1427.0,1431.0
2024-09-04,1421.0,1444.0,1421.0,1440.0
2024-09-05,1445.0,1445.0,1430.0,1438.0
2024-09-06,1445.0,1473.0,1439.0,1460.0
2024-09-09,1446.0,1462.0,1428.0,1458.0
2024-09-10,1458.0,1482.0,1455.0,1475.0
2024-09-11,1477.0,1477.0,1443.0,1460.0
2024-09-12,1475.0,1486.0,1461.0,1473.0
2024-09-13,1469.0,1475.0,1442.0,1447.0
2024-09-17,1477.0,1490.0,1459.0,1478.0
2024-09-18,1488.0,1515.0,1488.0,1515.0
2024-09-19,1520.0,1524.0,1494.0,1494.0
2024-09-20,1505.0,1508.0,1486.0,1497.0
2024-09-24,1503.0,1505.0,1486.0,1490.0
2024-09-25,1480.0,1480.0,1447.0,1460.0
2024-09-26,1470.0,1495.0,1466.0,1495.0
2024-09-27,1495.0,1524.0,1478.0,1511.0
2024-09-30,1502.0,1607.0,1480.0,1579.0
2024-10-01,1575.0,1592.0,1561.0,1578.0
2024-10-02,1595.0,1600.0,1554.0,1555.0
2024-10-03,1573.0,1585.0,1543.0,1549.0
2024-10-04,1554.0,1564.0,1537.0,1542.0
2024-10-07,1548.0,1554.0,1536.0,1541.0
2024-10-08,1521.0,1521.0,1499.0,1505.0
2024-10-09,1518.0,1537.0,1511.0,1522.0
2024-10-10,1522.0,1527.0,1497.0,1505.0
2024-10-11,1502.0,1511.0,1499.0,1499.0
2024-10-15,1504.0,1516.0,1500.0,1512.0
2024-10-16,1513.0,1521.0,1493.0,1493.0
2024-10-17,1491.0,1496.0,1484.0,1494.0
2024-10-18,1497.0,1507.0,1485.0,1492.0
2024-10-21,1495.0,1496.0,1475.0,1481.0
2024-10-22,1472.0,1472.0,1454.0,1470.0
2024-10-23,1455.0,1461.0,1428.0,1431.0
2024-10-24,1429.0,1435.0,1422.0,1433.0
2024-10-25,1433.0,1433.0,1408.0,1412.0
2024-10-28,1414.0,1431.0,1411.0,1426.0
2024-10-29,1426.0,1435.0,1421.0,1433.0
2024-10-30,1433.0,1437.0,1418.0,1429.0
2024-10-31,1440.0,1440.0,1423.0,1433.0
2024-11-01,1426.0,1439.0,1420.0,1431.0
2024-11-05,1431.0,1441.0,1420.0,1425.0
2024-11-06,1422.0,1437.0,1409.0,1419.0
2024-11-07,1424.0,1428.0,1410.0,1420.0
2024-11-08,1420.0,1426.0,1397.0,1401.0
2024-11-11,1397.0,1401.0,1387.0,1398.0
2024-11-12,1398.0,1412.0,1396.0,1396.0
2024-11-13,1408.0,1420.0,1403.0,1411.0
2024-11-14,1410.0,1412.0,1403.0,1405.0
2024-11-15,1413.0,1417.0,1404.0,1407.0
2024-11-18,1415.0,1433.0,1412.0,1421.0
2024-11-19,1440.0,1444.0,1425.0,1435.0
2024-11-20,1420.0,1428.0,1408.0,1413.0
2024-11-21,1416.0,1422.0,1401.0,1403.0
2024-11-22,1400.0,1415.0,1393.0,1410.0
2024-11-25,1420.0,1420.0,1400.0,1400.0
2024-11-26,1402.0,1412.0,1394.0,1402.0
2024-11-27,1400.0,1404.0,1378.0,1393.0
2024-11-28,1415.0,1415.0,1402.0,1410.0
2024-11-29,1410.0,1416.0,1405.0,1405.0
2024-12-02,1405.0,1413.0,1400.0,1410.0
2024-12-03,1414.0,1432.0,1411.0,1421.0
2024-12-04,1416.0,1427.0,1415.0,1421.0
2024-12-05,1420.0,1426.0,1409.0,1413.0
2024-12-06,1423.0,1423.0,1411.0,1418.0
2024-12-09,1420.0,1424.0,1415.0,1418.0
2024-12-10,1425.0,1428.0,1419.0,1420.0
2024-12-11,1420.0,1427.0,1420.0,1423.0
2024-12-12,1430.0,1447.0,1430.0,1442.0
2024-12-13,1426.0,1443.0,1426.0,1437.0
2024-12-16,1437.0,1440.0,1427.0,1433.0
2024-12-17,1440.0,1440.0,1430.0,1435.0
2024-12-18,1435.0,1435.0,1413.0,1413.0
2024-12-19,1407.0,1419.0,1407.0,1415.0
2024-12-20,1424.0,1425.0,1408.0,1409.0
2024-12-23,1415.0,1423.0,1411.0,1417.0
2024-12-24,1411.0,1422.0,1407.0,1420.0
2024-12-25,1420.0,1427.0,1417.0,1427.0
2024-12-26,1430.0,1437.0,1426.0,1437.0
2024-12-27,1441.0,1464.0,1441.0,1462.0
2024-12-30,1490.0,1490.0,1415.0,1432.0
2025-01-06,1432.0,1455.0,1432.0,1443.0
2025-01-07,1448.0,1448.0,1421.0,1424.0
2025-01-08,1425.0,1428.0,1411.0,1415.0
2025-01-09,1416.0,1423.0,1397.0,1410.0
2025-01-10,1403.0,1409.0,1393.0,1405.0
2025-01-14,1405.0,1407.0,1391.0,1400.0
2025-01-15,1401.0,1412.0,1396.0,1410.0
2025-01-16,1419.0,1421.0,1398.0,1406.0
2025-01-17,1409.0,1411.0,1401.0,1407.0
2025-01-20,1417.0,1420.0,1411.0,1420.0
2025-01-21,1420.0,1420.0,1410.0,1413.0
2025-01-22,1415.0,1417.0,1408.0,1409.0
2025-01-23,1408.0,1412.0,1405.0,1409.0
2025-01-24,1417.0,1423.0,1408.0,1408.0
2025-01-27,1420.0,1428.0,1413.0,1428.0
2025-01-28,1433.0,1447.0,1429.0,1440.0
2025-01-29,1440.0,1442.0,1429.0,1432.0
2025-01-30,1435.0,1435.0,1417.0,1426.0
2025-01-31,1428.0,1428.0,1417.0,1419.0
2025-02-03,1417.0,1417.0,1400.0,1409.0
2025-02-04,1420.0,1429.0,1407.0,1408.0
2025-02-05,1415.0,1416.0,1395.0,1395.0
2025-02-06,1405.0,1407.0,1397.0,1398.0
2025-02-07,1404.0,1404.0,1394.0,1394.0
2025-02-10,1396.0,1398.0,1382.0,1382.0
2025-02-12,1397.0,1397.0,1378.0,1385.0
2025-02-13,1394.0,1396.0,1384.0,1394.0
2025-02-14,1400.0,1403.0,1395.0,1396.0
2025-02-17,1403.0,1411.0,1396.0,1396.0
2025-02-18,1396.0,1398.0,1391.0,1393.0
2025-02-19,1387.0,1390.0,1374.0,1375.0
2025-02-20,1373.0,1373.0,1360.0,1360.0
2025-02-21,1360.0,1370.0,1357.0,1367.0
2025-02-25,1370.0,1371.0,1354.0,1359.0
2025-02-26,1364.0,1377.0,1359.0,1376.0
2025-02-27,1349.0,1371.0,1343.0,1366.0
2025-02-28,1378.0,1385.0,1368.0,1368.0
2025-03-03,1367.0,1387.0,1364.0,1381.0
2025-03-04,1388.0,1389.0,1374.0,1385.0
2025-03-05,1387.0,1394.0,1378.0,1388.0
2025-03-06,1397.0,1408.0,1392.0,1408.0
2025-03-07,1409.0,1430.0,1407.0,1424.0
2025-03-10,1422.0,1422.0,1404.0,1416.0
2025-03-11,1404.0,1406.0,1382.0,1399.0
2025-03-12,1400.0,1412.0,1398.0,1405.0
2025-03-13,1400.0,1410.0,1389.0,1409.0
2025-03-14,1412.0,1412.0,1399.0,1408.0
2025-03-17,1400.0,1407.0,1397.0,1402.0
2025-03-18,1408.0,1415.0,1400.0,1400.0
2025-03-19,1403.0,1414.0,1401.0,1401.0
2025-03-21,1399.0,1412.0,1396.0,1404.0
2025-03-24,1402.0,1406.0,1389.0,1403.0
2025-03-25,1400.0,1422.0,1400.0,1421.0
2025-03-26,1421.0,1425.0,1408.0,1421.0
2025-03-27,1419.0,1435.0,1411.0,1427.0
2025-03-28,1426.0,1427.0,1412.0,1421.0
2025-03-31,1413.0,1416.0,1391.0,1391.0
2025-04-01,1405.0,1409.0,1387.0,1387.0
2025-04-02,1397.0,1397.0,1371.0,1374.0
2025-04-03,1350.0,1356.0,1334.0,1353.0
2025-04-04,1340.0,1346.0,1326.0,1337.0
2025-04-07,1280.0,1308.0,1259.0,1291.0
2025-04-08,1315.0,1326.0,1298.0,1323.0
2025-04-09,1304.0,1307.0,1286.0,1297.0
2025-04-10,1348.0,1355.0,1323.0,1351.0
2025-04-11,1330.0,1360.0,1314.0,1355.0
2025-04-14,1341.0,1359.0,1312.0,1312.0
2025-04-15,1321.0,1324.0,1281.0,1281.0
2025-04-16,1293.0,1298.0,1275.0,1282.0
2025-04-17,1276.0,1287.0,1271.0,1273.0
2025-04-18,1284.0,1308.0,1278.0,1308.0
2025-04-21,1308.0,1314.0,1301.0,1313.0
2025-04-22,1311.0,1327.0,1308.0,1327.0
2025-04-23,1335.0,1360.0,1333.0,1347.0
2025-04-24,1347.0,1355.0,1335.0,1343.0
2025-04-25,1343.0,1355.0,1336.0,1336.0
2025-04-28,1332.0,1358.0,1332.0,1358.0
2025-04-30,1360.0,1362.0,1349.0,1358.0
2025-05-01,1357.0,1360.0,1348.0,1352.0
2025-05-02,1351.0,1353.0,1328.0,1342.0
2025-05-07,1342.0,1346.0,1331.0,1344.0
2025-05-08,1345.0,1352.0,1336.0,1352.0
2025-05-09,1352.0,1355.0,1336.0,1344.0
2025-05-12,1344.0,1351.0,1333.0,1345.0
2025-05-13,1350.0,1350.0,1329.0,1331.0
2025-05-14,1330.0,1333.0,1307.0,1318.0
2025-05-15,1318.0,1326.0,1312.0,1321.0
2025-05-16,1327.0,1329.0,1316.0,1320.0
2025-05-19,1311.0,1327.0,1305.0,1327.0
2025-05-20,1328.0,1328.0,1309.0,1311.0
2025-05-21,1317.0,1321.0,1311.0,1311.0
2025-05-22,1308.0,1317.0,1305.0,1312.0
2025-05-23,1317.0,1319.0,1310.0,1316.0
2025-05-26,1315.0,1318.0,1310.0,1312.0
2025-05-27,1315.0,1315.0,1307.0,1310.0
2025-05-28,1315.0,1317.0,1309.0,1312.0
2025-05-29,1315.0,1318.0,1309.0,1311.0
2025-05-30,1310.0,1317.0,1306.0,1314.0
2025-06-02,1311.0,1314.0,1306.0,1308.0
2025-06-03,1310.0,1322.0,1308.0,1311.0
2025-06-04,1314.0,1322.0,1310.0,1319.0
2025-06-05,1320.0,1328.0,1319.0,1325.0
2025-06-06,1328.0,1347.0,1327.0,1332.0
2025-06-09,1332.0,1339.0,1322.0,1322.0
2025-06-10,1320.0,1329.0,1317.0,1324.0
2025-06-11,1326.0,1337.0,1324.0,1335.0
2025-06-12,1335.0,1338.0,1325.0,1328.0
2025-06-13,1325.0,1335.0,1322.0,1330.0
2025-06-16,1332.0,1334.0,1321.0,1329.0
2025-06-17,1328.0,1340.0,1327.0,1331.0
2025-06-18,1325.0,1333.0,1323.0,1332.0
2025-06-19,1331.0,1338.0,1326.0,1335.0
2025-06-20,1332.0,1344.0,1331.0,1340.0
2025-06-23,1346.0,1362.0,1342.0,1354.0
2025-06-24,1361.0,1363.0,1347.0,1354.0
2025-06-25,1350.0,1351.0,1338.0,1342.0
2025-06-26,1342.0,1356.0,1341.0,1350.0
2025-06-27,1350.0,1364.0,1348.0,1360.0
2025-06-30,1390.0,1391.0,1333.0,1333.0
2025-07-01,1328.0,1335.0,1322.0,1330.0
2025-07-02,1332.0,1341.0,1328.0,1335.0
2025-07-03,1333.0,1342.0,1333.0,1335.0
2025-07-04,1337.0,1347.0,1337.0,1339.0
2025-07-07,1341.0,1345.0,1339.0,1342.0
2025-07-08,1345.0,1352.0,1343.0,1351.0
2025-07-09,1354.0,1370.0,1354.0,1364.0
2025-07-10,1364.0,1367.0,1353.0,1358.0
2025-07-11,1366.0,1373.0,1360.0,1365.0
2025-07-14,1372.0,1380.0,1361.0,1377.0
2025-07-15,1371.0,1392.0,1368.0,1384.0
2025-07-16,1387.0,1399.0,1375.0,1388.0
2025-07-17,1387.0,1419.0,1385.0,1414.0
2025-07-18,1420.0,1423.0,1397.0,1402.0
2025-07-22,1400.0,1412.0,1397.0,1403.0
2025-07-23,1410.0,1416.0,1404.0,1410.0
2025-07-24,1409.0,1417.0,1405.0,1411.0
2025-07-25,1408.0,1418.0,1406.0,1409.0
2025-07-28,1408.0,1425.0,1405.0,1421.0
2025-07-29,1417.0,1439.0,1415.0,1436.0
2025-07-30,1430.0,1450.0,1429.0,1448.0
2025-07-31,1450.0,1452.0,1425.0,1436.0
2025-08-01,1436.0,1464.0,1433.0,1462.0
2025-08-04,1460.0,1467.0,1447.0,1450.0
2025-08-05,1454.0,1464.0,1447.0,1461.0
2025-08-06,1460.0,1470.0,1456.0,1470.0
2025-08-07,1470.0,1482.0,1457.0,1463.0
2025-08-08,1469.0,1478.0,1463.0,1477.0
2025-08-12,1470.0,1483.0,1466.0,1483.0
2025-08-13,1487.0,1489.0,1477.0,1487.0
2025-08-14,1478.0,1485.0,1472.0,1479.0
2025-08-15,1476.0,1479.0,1463.0,1467.0
2025-08-18,1465.0,1475.0,1463.0,1471.0
2025-08-19,1466.0,1481.0,1466.0,1478.0
2025-08-20,1480.0,1499.0,1478.0,1494.0
2025-08-21,1497.0,1505.0,1491.0,1503.0
2025-08-22,1507.0,1508.0,1493.0,1508.0
2025-08-25,1506.0,1506.0,1489.0,1492.0
2025-08-26,1494.0,1501.0,1491.0,1491.0
2025-08-27,1477.0,1504.0,1477.0,1504.0
2025-08-28,1486.0,1497.0,1479.0,1493.0
2025-08-29,1484.0,1488.0,1461.0,1477.0
2025-09-01,1476.0,1491.0,1468.0,1485.0
2025-09-02,1480.0,1497.0,1479.0,1495.0
2025-09-03,1495.0,1503.0,1486.0,1496.0
2025-09-04,1500.0,1508.0,1490.0,1508.0
2025-09-05,1509.0,1531.0,1501.0,1524.0
2025-09-08,1527.0,1535.0,1525.0,1525.0
2025-09-09,1530.0,1543.0,1515.0,1516.0
2025-09-10,1518.0,1521.0,1512.0,1518.0
2025-09-11,1519.0,1528.0,1511.0,1526.0
2025-09-12,1535.0,1538.0,1522.0,1534.0
2025-09-16,1531.0,1538.0,1525.0,1534.0
2025-09-17,1530.0,1540.0,1522.0,1538.0
2025-09-18,1538.0,1543.0,1531.0,1536.0
2025-09-19,1540.0,1553.0,1536.0,1548.0
2025-09-22,1548.0,1553.0,1539.0,1547.0
2025-09-24,1555.0,1564.0,1547.0,1564.0
2025-09-25,1556.0,1559.0,1543.0,1545.0
2025-09-26,1550.0,1563.0,1546.0,1563.0
2025-09-29,1565.0,1578.0,1541.0,1548.0
2025-09-30,1559.0,1617.0,1559.0,1603.0
2025-10-01,1589.0,1589.0,1512.0,1524.0
2025-10-02,1521.0,1528.0,1490.0,1492.0
2025-10-03,1490.0,1500.0,1485.0,1494.0
2025-10-06,1523.0,1529.0,1494.0,1506.0
2025-10-07,1504.0,1506.0,1491.0,1503.0
2025-10-08,1505.0,1514.0,1472.0,1475.0
2025-10-09,1463.0,1470.0,1458.0,1468.0
2025-10-10,1455.0,1458.0,1435.0,1439.0
2025-10-14,1430.0,1445.0,1422.0,1441.0
2025-10-15,1457.0,1462.0,1445.0,1445.0
2025-10-16,1445.0,1458.0,1443.0,1450.0
2025-10-17,1450.0,1457.0,1442.0,1448.0
2025-10-20,1460.0,1463.0,1454.0,1462.0
2025-10-21,1460.0,1465.0,1448.0,1451.0
2025-10-22,1448.0,1468.0,1448.0,1464.0
2025-10-23,1469.0,1492.0,1465.0,1489.0
2025-10-24,1495.0,1497.0,1481.0,1485.0
2025-10-27,1485.0,1499.0,1481.0,1494.0
2025-10-28,1492.0,1494.0,1455.0,1455.0
2025-10-29,1451.0,1456.0,1430.0,1443.0
2025-10-30,1440.0,1447.0,1428.0,1435.0
2025-10-31,1430.0,1434.0,1421.0,1430.0
2025-11-04,1416.0,1445.0,1411.0,1434.0
2025-11-05,1445.0,1450.0,1427.0,1438.0
2025-11-06,1439.0,1446.0,1429.0,1446.0
2025-11-07,1453.0,1461.0,1449.0,1455.0
2025-11-10,1473.0,1488.0,1463.0,1488.0
2025-11-11,1483.0,1485.0,1468.0,1472.0
2025-11-12,1481.0,1494.0,1479.0,1482.0
2025-11-13,1485.0,1495.0,1481.0,1488.0
2025-11-14,1488.0,1496.0,1480.0,1487.0
2025-11-17,1480.0,1489.0,1473.0,1488.0
2025-11-18,1489.0,1498.0,1480.0,1484.0
2025-11-19,1487.0,1499.0,1487.0,1489.0
2025-11-20,1488.0,1504.0,1484.0,1497.0
2025-11-21,1509.0,1534.0,1509.0,1533.0
2025-11-25,1533.0,1544.0,1526.0,1534.0
2025-11-26,1550.0,1575.0,1550.0,1564.0
2025-11-27,1569.0,1574.0,1562.0,1562.0
2025-11-28,1568.0,1579.0,1561.0,1567.0
2025-12-01,1557.0,1566.0,1538.0,1548.0
2025-12-02,1547.0,1564.0,1545.0,1560.0
2025-12-03,1534.0,1548.0,1534.0,1541.0
2025-12-04,1537.0,1558.0,1534.0,1553.0
2025-12-05,1543.0,1549.0,1521.0,1521.0
2025-12-08,1521.0,1540.0,1511.0,1540.0
2025-12-09,1550.0,1612.0,1548.0,1597.0
2025-12-10,1597.0,1609.0,1578.0,1587.0
2025-12-11,1588.0,1590.0,1564.0,1572.0
2025-12-12,1588.0,1588.0,1577.0,1584.0
2025-12-15,1588.0,1614.0,1586.0,1607.0
2025-12-16,1608.0,1618.0,1602.0,1602.0
2025-12-17,1609.0,1616.0,1602.0,1614.0
2025-12-18,1618.0,1635.0,1609.0,1627.0
2025-12-19,1620.0,1644.0,1620.0,1624.0
2025-12-22,1626.0,1630.0,1613.0,1620.0
2025-12-23,1621.0,1638.0,1619.0,1626.0
2025-12-24,1626.0,1634.0,1624.0,1625.0
2025-12-25,1631.0,1631.0,1621.0,1624.0
2025-12-26,1625.0,1630.0,1611.0,1612.0
2025-12-29,1717.0,1717.0,1617.0,1635.0
2025-12-30,1643.0,1660.0,1625.0,1625.0
2026-01-05,1625.0,1652.0,1618.0,1627.0
2026-01-06,1627.0,1639.0,1606.0,1619.0
2026-01-07,1612.0,1633.0,1606.0,1622.0
2026-01-08,1620.0,1638.0,1619.0,1623.0
2026-01-09,1635.0,1647.0,1623.0,1635.0
2026-01-13,1650.0,1650.0,1619.0,1629.0
2026-01-14,1635.0,1641.0,1625.0,1635.0
2026-01-15,1634.0,1638.0,1620.0,1630.0
2026-01-16,1621.0,1640.0,1619.0,1637.0
2026-01-19,1646.0,1668.0,1645.0,1653.0
2026-01-20,1654.0,1671.0,1649.0,1671.0
2026-01-21,1661.0,1665.0,1642.0,1655.0
2026-01-22,1649.0,1671.0,1644.0,1645.0
2026-01-23,1657.0,1669.0,1653.0,1656.0
2026-01-26,1656.0,1685.0,1655.0,1667.0
2026-01-27,1665.0,1665.0,1643.0,1652.0
2026-01-28,1646.0,1646.0,1611.0,1616.0
2026-01-29,1610.0,1615.0,1585.0,1606.0
2026-01-30,1618.0,1636.0,1611.0,1631.0
2026-02-02,1645.0,1648.0,1620.0,1620.0
2026-02-03,1620.0,1642.0,1618.0,1637.0
2026-02-04,1647.0,1656.0,1639.0,1649.0
2026-02-05,1680.0,1682.0,1660.0,1673.0
2026-02-06,1681.0,1683.0,1673.0,1683.0
2026-02-09,1684.0,1690.0,1677.0,1687.0
2026-02-10,1688.0,1706.0,1688.0,1691.0
2026-02-12,1699.0,1719.0,1695.0,1711.0
2026-02-13,1723.0,1725.0,1704.0,1709.0
2026-02-16,1716.0,1716.0,1680.0,1692.0
2026-02-17,1694.0,1703.0,1689.0,1692.0
2026-02-18,1704.0,1715.0,1692.0,1710.0
2026-02-19,1704.0,1716.0,1698.0,1704.0
2026-02-20,1705.0,1708.0,1688.0,1701.0
2026-02-24,1713.0,1746.0,1704.0,1728.0
2026-02-25,1736.0,1739.0,1722.0,1732.0
2026-02-26,1718.0,1718.0,1694.0,1696.0
2026-02-27,1696.0,1707.0,1681.0,1704.0
2026-03-02,1686.0,1715.0,1670.0,1702.0
2026-03-03,1680.0,1684.0,1664.0,1664.0
2026-03-04,1634.0,1638.0,1598.0,1621.0
2026-03-05,1644.0,1661.0,1627.0,1629.0
2026-03-06,1625.0,1631.0,1611.0,1623.0
2026-03-09,1593.0,1624.0,1574.0,1613.0
2026-03-10,1631.0,1647.0,1620.0,1623.0
2026-03-11,1650.0,1650.0,1620.0,1620.0
2026-03-12,1610.0,1611.0,1584.0,1592.0
2026-03-13,1583.0,1609.0,1581.0,1585.0
2026-03-16,1585.0,1602.0,1572.0,1598.0
2026-03-17,1603.0,1617.0,1597.0,1606.0
2026-03-18,1606.0,1633.0,1606.0,1629.0
2026-03-19,1615.0,1615.0,1593.0,1593.0
2026-03-23,1580.0,1580.0,1565.0,1569.0
2026-03-24,1599.0,1606.0,1591.0,1598.0
2026-03-25,1608.0,1624.0,1608.0,1624.0
2026-03-26,1620.0,1620.0,1590.0,1605.0
2026-03-27,1605.0,1613.0,1600.0,1606.0
2026-03-30,1566.0,1597.0,1548.0,1595.0
2026-03-31,1595.0,1609.0,1591.0,1600.0
2026-04-01,1627.0,1634.0,1616.0,1627.0
2026-04-02,1635.0,1659.0,1625.0,1633.0
2026-04-03,1642.0,1648.0,1634.0,1641.0
2026-04-06,1641.0,1651.0,1635.0,1644.0
2026-04-07,1650.0,1668.0,1641.0,1645.0
2026-04-08,1667.0,1667.0,1644.0,1644.0
2026-04-09,1658.0,1672.0,1651.0,1651.0
2026-04-10,1655.0,1671.0,1655.0,1664.0
2026-04-13,1642.0,1649.0,1587.0,1587.0
2026-04-14,1598.0,1600.0,1562.0,1571.0
2026-04-15,1540.0,1546.0,1488.0,1501.0
2026-04-16,1516.0,1540.0,1515.0,1539.0
2026-04-17,1539.0,1549.0,1534.0,1542.0
2026-04-20,1554.0,1558.0,1531.0,1540.0
2026-04-21,1550.0,1565.0,1538.0,1547.0
2026-04-22,1546.0,1548.0,1520.0,1521.0
2026-04-23,1517.0,1521.0,1497.0,1497.0
2026-04-24,1498.0,1508.0,1490.0,1499.0
2026-04-27,1488.0,1497.0,1473.0,1475.0
2026-04-28,1477.0,1490.0,1475.0,1490.0
2026-04-30,1470.0,1483.0,1451.0,1461.0
2026-05-01,1466.0,1473.0,1452.0,1454.0
2026-05-07,1456.0,1495.0,1455.0,1486.0
2026-05-08,1487.0,1500.0,1471.0,1484.0
2026-05-11,1503.0,1511.0,1494.0,1496.0
2026-05-12,1491.0,1508.0,1490.0,1493.0
2026-05-13,1493.0,1530.0,1493.0,1507.0
2026-05-14,1507.0,1521.0,1506.0,1519.0
2026-05-15,1519.0,1541.0,1519.0,1541.0
2026-05-18,1541.0,1547.0,1521.0,1526.0
2026-05-19,1544.0,1554.0,1536.0,1545.0
2026-05-20,1545.0,1545.0,1519.0,1532.0
2026-05-21,1538.0,1547.0,1519.0,1525.0
2026-05-22,1515.0,1532.0,1512.0,1530.0
2026-05-25,1521.0,1523.0,1468.0,1477.0
2026-05-26,1468.0,1468.0,1444.0,1452.0
2026-05-27,1446.0,1463.0,1436.0,1463.0
2026-05-28,1471.0,1486.0,1466.0,1484.0
2026-05-29,1472.0,1486.0,1460.0,1460.0
2026-06-01,1455.0,1455.0,1404.0,1429.0
2026-06-02,1415.0,1433.0,1405.0,1415.0
2026-06-03,1415.0,1432.0,1407.0,1431.0
2026-06-04,1428.0,1443.0,1422.0,1433.0
2026-06-05,1433.0,1453.0,1433.0,1445.0
2026-06-08,1441.0,1458.0,1438.0,1458.0
2026-06-09,1470.0,1471.0,1448.0,1461.0
2026-06-10,1468.0,1499.0,1461.0,1493.0
2026-06-11,1493.0,1499.0,1477.0,1493.0
2026-06-12,1493.0,1505.0,1481.0,1497.0
2026-06-15,1499.0,1509.0,1481.0,1492.0
2026-06-16,1485.0,1491.0,1467.0,1489.0
2026-06-17,1498.0,1508.0,1480.0,1480.0
2026-06-18,1471.0,1493.0,1460.0,1484.0
2026-06-19,1475.0,1502.0,1471.0,1493.0
2026-06-22,1489.0,1492.0,1464.0,1476.0
2026-06-23,1468.0,1492.0,1467.0,1483.0
2026-06-24,1491.0,1501.0,1478.0,1478.0
2026-06-25,1495.0,1498.0,1483.0,1483.0
2026-06-26,1496.0,1512.0,1485.0,1508.0
2026-06-29,1548.0,1594.0,1510.0,1575.0
2026-06-30,1561.0,1582.0,1523.0,1525.0
2026-07-01,1515.0,1523.0,1483.0,1484.0
2026-07-02,1500.0,1503.0,1482.0,1482.0
2026-07-03,1480.0,1509.0,1479.0,1487.0
2026-07-06,1493.0,1502.0,1485.0,1502.0
2026-07-07,1504.0,1530.0,1495.0,1521.0
2026-07-08,1522.0,1533.0,1510.0,1528.0
2026-07-09,1519.0,1522.0,1494.0,1502.0
2026-07-10,1505.0,1505.0,1474.0,1479.0
2026-07-13,1491.0,1491.0,1477.0,1480.0
2026-07-14,1492.0,1504.0,1481.0,1482.0
2026-07-15,1493.0,1494.0,1482.0,1483.0
2026-07-16,1494.0,1507.0,1483.0,1483.0
2026-07-17,1503.0,1527.0,1498.0,1508.0
2026-07-21,1510.0,1530.0,1503.0,1507.0
2026-07-22,1506.0,1506.0,1485.0,1501.0
2026-07-23,1496.0,1500.0,1485.0,1494.0
2026-07-24,1485.0,1511.0,1480.0,1510.0
2026-07-27,1510.0,1538.0,1510.0,1538.0
2026-07-28,1543.0,1558.0,1535.0,1553.0
2026-07-29,1570.0,1624.0,1562.0,1606.0
2026-07-30,1596.0,1612.0,1578.0,1603.0
2026-07-31,1573.0,1587.0,1536.0,1536.0
2026-08-03,1542.0,1554.0,1522.0,1541.0
2026-08-04,1540.0,1546.0,1506.0,1510.0
2026-08-05,1504.0,1517.0,1495.0,1498.0
2026-08-06,1510.0,1529.0,1506.0,1529.0
2026-08-07,1533.0,1551.0,1523.0,1548.0
2026-08-10,1552.0,1563.0,1540.0,1559.0
2026-08-12,1564.0,1575.0,1556.0,1563.0
2026-08-13,1563.0,1572.0,1550.0,1560.0
2026-08-14,1550.0,1575.0,1548.0,1571.0
2026-08-17,1576.0,1582.0,1562.0,1562.0
2026-08-18,1564.0,1587.0,1564.0,1582.0
2026-08-19,1589.0,1590.0,1563.0,1579.0
2026-08-20,1598.0,1610.0,1585.0,1607.0
2026-08-21,1600.0,1619.0,1600.0,1613.0
2026-08-24,1615.0,1621.0,1600.0,1607.0
2026-08-25,1632.0,1636.0,1615.0,1615.0
2026-08-26,1615.0,1629.0,1615.0,1622.0
2026-08-27,1628.0,1633.0,1614.0,1625.0
2026-08-28,1586.0,1594.0,1579.0,1589.0
2026-08-31,1589.0,1600.0,1570.0,1593.0
2026-09-01,1590.0,1610.0,1586.0,1591.0
2026-09-02,1588.0,1594.0,1580.0,1583.0
2026-09-03,1587.0,1602.0,1575.0,1601.0
2026-09-04,1585.0,1609.0,1585.0,1601.0
2026-09-07,1605.0,1605.0,1579.0,1579.0
2026-09-08,1580.0,1594.0,1576.0,1592.0
2026-09-09,1580.0,1588.0,1569.0,1574.0
