Date,Open,High,Low,Close
2013-09-20,525.0,571.0,522.5,561.25
2013-09-24,600.25,646.0,586.75,643.75
2013-09-25,618.75,624.5,580.5,582.5
2013-09-26,600.0,618.75,570.0,605.0
2013-09-27,598.75,613.75,581.5,600.0
2013-09-30,599.5,599.5,576.25,585.75
2013-10-01,591.25,601.0,565.75,570.0
2013-10-02,580.0,599.0,570.25,588.75
2013-10-03,585.0,589.5,572.5,576.0
2013-10-04,565.0,569.75,550.0,567.25
2013-10-07,570.25,575.75,551.25,570.0
2013-10-08,561.5,594.75,560.25,589.0
2013-10-09,587.75,599.5,578.5,596.0
2013-10-10,597.75,610.0,585.0,592.25
2013-10-11,597.25,597.75,578.5,586.75
2013-10-15,591.0,591.0,580.25,581.25
2013-10-16,579.25,579.25,564.5,569.5
2013-10-17,570.0,573.75,560.75,563.5
2013-10-18,562.5,588.5,562.5,587.25
2013-10-21,595.25,624.75,595.0,622.25
2013-10-22,621.0,641.0,612.25,632.0
2013-10-23,639.25,643.75,612.0,614.75
2013-10-24,617.0,671.0,604.5,662.0
2013-10-25,650.5,677.25,640.5,660.0
2013-10-28,675.0,680.0,642.5,655.0
2013-10-29,652.0,656.0,633.75,650.0
2013-10-30,650.0,662.5,640.75,642.25
2013-10-31,648.75,659.5,644.25,649.25
2013-11-01,649.25,656.25,618.0,639.0
2013-11-05,639.0,644.5,620.0,631.5
2013-11-06,625.5,630.25,620.0,624.75
2013-11-07,622.5,630.0,606.25,623.75
2013-11-08,615.0,639.5,615.0,631.5
2013-11-11,625.25,653.75,621.75,625.25
2013-11-12,625.25,647.5,622.25,647.25
2013-11-13,640.0,647.0,625.75,646.5
2013-11-14,646.5,656.75,632.5,656.25
2013-11-15,687.5,692.5,656.25,656.25
2013-11-18,650.0,650.0,593.5,600.0
2013-11-19,601.25,627.75,598.75,622.25
2013-11-20,634.75,634.75,595.0,613.75
2013-11-21,613.75,621.5,606.25,613.25
2013-11-22,608.25,625.0,573.0,579.25
2013-11-25,589.25,601.75,580.75,597.0
2013-11-26,601.75,607.25,597.0,607.0
2013-11-27,606.0,611.75,597.5,605.5
2013-11-28,601.5,614.5,601.25,613.75
2013-11-29,612.5,623.5,608.5,616.0
2013-12-02,610.0,623.0,608.25,618.5
2013-12-03,622.0,627.5,615.0,625.75
2013-12-04,617.5,627.75,602.5,625.0
2013-12-05,621.75,627.5,597.25,613.5
2013-12-06,601.25,618.25,595.0,615.5
2013-12-09,616.25,623.75,609.5,621.5
2013-12-10,625.0,629.5,613.25,623.0
2013-12-11,623.5,623.5,597.5,605.0
2013-12-12,600.0,620.0,598.75,607.0
2013-12-13,615.25,622.5,603.5,617.0
2013-12-16,612.75,616.75,598.25,600.0
2013-12-17,597.25,615.0,596.75,598.25
2013-12-18,594.5,607.0,594.5,597.75
2013-12-19,605.25,605.25,587.75,594.5
2013-12-20,594.5,599.75,588.75,592.25
2013-12-24,607.25,618.25,573.25,579.0
2013-12-25,585.0,588.75,575.25,577.75
2013-12-26,583.75,599.5,582.5,593.25
2013-12-27,598.75,606.25,593.5,604.25
2013-12-30,610.25,616.25,604.75,607.0
2014-01-06,607.5,612.5,596.25,607.25
2014-01-07,608.75,608.75,594.5,595.0
2014-01-08,598.75,602.25,590.5,594.5
2014-01-09,589.5,589.5,578.5,580.0
2014-01-10,578.75,593.75,578.75,593.5
2014-01-14,583.75,588.0,577.75,581.75
2014-01-15,584.5,585.75,577.0,577.75
2014-01-16,582.5,582.5,557.25,559.75
2014-01-17,560.0,562.75,548.5,549.5
2014-01-20,553.0,555.0,536.5,538.0
2014-01-21,539.5,545.75,533.25,540.75
2014-01-22,545.25,545.75,533.25,540.25
2014-01-23,540.0,540.5,525.75,525.75
2014-01-24,515.75,520.25,508.25,510.5
2014-01-27,505.0,505.0,480.0,483.5
2014-01-28,477.5,488.75,471.75,471.75
2014-01-29,477.75,488.25,473.0,485.75
2014-01-30,472.75,475.0,466.25,472.0
2014-01-31,475.0,484.25,445.5,459.25
2014-02-03,449.25,460.5,426.0,431.0
2014-02-04,381.0,401.5,372.5,378.0
2014-02-05,418.0,420.0,387.0,400.25
2014-02-06,392.5,416.75,392.5,410.0
2014-02-07,425.0,442.75,416.25,428.75
2014-02-10,450.0,457.25,441.25,450.0
2014-02-12,455.5,464.0,451.75,453.5
2014-02-13,451.25,456.0,441.75,446.75
2014-02-14,448.75,462.0,434.0,450.25
2014-02-17,425.0,429.75,402.0,426.25
2014-02-18,432.5,451.0,431.25,445.0
2014-02-19,439.5,472.5,430.75,467.25
2014-02-20,457.25,479.25,454.0,476.25
2014-02-21,482.25,506.75,482.0,500.5
2014-02-24,500.75,530.0,497.75,511.0
2014-02-25,517.25,518.75,504.25,512.5
2014-02-26,507.5,511.25,495.5,498.25
2014-02-27,505.0,507.25,494.0,496.0
2014-02-28,507.25,524.0,491.75,503.75
2014-03-03,495.0,495.0,475.25,484.0
2014-03-04,478.0,483.25,472.75,474.0
2014-03-05,484.0,484.0,471.0,472.75
2014-03-06,481.25,481.25,471.25,474.25
2014-03-07,477.75,480.5,473.25,479.25
2014-03-10,481.0,490.0,467.25,471.5
2014-03-11,466.25,480.0,466.25,477.25
2014-03-12,468.75,474.25,456.5,458.5
2014-03-13,457.25,459.75,443.25,449.0
2014-03-14,437.5,440.5,432.0,432.75
2014-03-17,433.5,440.75,414.0,420.75
2014-03-18,430.5,443.0,430.5,438.0
2014-03-19,445.5,454.25,439.5,452.25
2014-03-20,455.75,455.75,423.0,437.5
2014-03-24,430.0,447.0,425.25,428.25
2014-03-25,432.5,435.5,417.5,420.0
2014-03-26,427.75,434.5,418.75,422.75
2014-03-27,413.5,422.25,410.75,420.75
2014-03-28,425.0,435.75,421.0,435.75
2014-03-31,445.75,448.0,419.75,439.25
2014-04-01,447.0,461.0,438.5,450.0
2014-04-02,450.75,465.0,445.0,460.75
2014-04-03,462.25,466.75,456.75,461.25
2014-04-04,460.0,468.75,458.75,464.25
2014-04-07,461.75,469.25,459.25,464.75
2014-04-08,454.75,455.75,438.5,440.0
2014-04-09,430.25,441.0,423.0,425.0
2014-04-10,437.0,445.0,430.75,433.25
2014-04-11,420.25,439.25,414.5,428.75
2014-04-14,418.75,427.25,409.5,410.0
2014-04-15,417.75,420.75,410.25,416.75
2014-04-16,416.25,430.0,414.75,428.75
2014-04-17,429.5,447.0,429.25,430.25
2014-04-18,430.5,438.75,430.5,437.75
2014-04-21,446.0,446.0,420.25,423.5
2014-04-22,421.25,427.5,415.75,424.0
2014-04-23,421.25,426.25,413.75,415.5
2014-04-24,418.5,426.5,418.5,420.75
2014-04-25,425.25,427.5,414.75,419.0
2014-04-28,418.75,424.0,405.5,414.25
2014-04-30,419.25,432.25,408.75,417.75
2014-05-01,425.0,467.25,425.0,464.75
2014-05-02,454.75,503.75,454.75,495.75
2014-05-07,486.5,496.75,481.75,489.0
2014-05-08,507.5,512.5,491.5,497.75
2014-05-09,487.75,497.75,470.75,490.5
2014-05-12,484.75,492.5,460.0,464.0
2014-05-13,470.0,483.0,462.5,467.0
2014-05-14,475.0,523.5,467.5,502.75
2014-05-15,502.75,524.5,492.25,519.0
2014-05-16,502.0,529.75,500.0,503.0
2014-05-19,515.0,515.0,494.5,498.25
2014-05-20,504.0,523.75,504.0,516.0
2014-05-21,503.5,509.0,495.5,502.5
2014-05-22,507.25,517.0,498.75,511.5
2014-05-23,515.0,541.0,513.5,533.75
2014-05-26,542.0,560.0,535.75,552.75
2014-05-27,555.0,559.0,544.25,554.25
2014-05-28,554.25,564.25,547.5,557.0
2014-05-29,563.25,580.0,554.25,574.5
2014-05-30,573.75,579.5,558.0,574.25
2014-06-02,574.25,574.25,574.25,574.25
2014-06-03,598.75,599.5,583.75,595.0
2014-06-04,595.75,604.75,590.75,593.0
2014-06-05,595.75,608.75,592.5,594.5
2014-06-06,598.5,602.5,583.5,589.0
2014-06-09,585.0,598.5,575.75,596.5
2014-06-10,597.5,598.25,585.0,591.5
2014-06-11,587.75,594.75,584.5,589.75
2014-06-12,586.0,595.25,585.25,586.5
2014-06-13,593.0,608.5,590.0,605.0
2014-06-16,602.75,604.5,586.5,591.0
2014-06-17,594.5,594.5,571.0,573.75
2014-06-18,574.75,590.25,569.5,587.25
2014-06-19,588.0,591.25,581.25,587.25
2014-06-20,578.75,585.0,570.25,580.75
2014-06-23,590.25,590.25,570.5,580.75
2014-06-24,580.75,598.75,572.5,591.75
2014-06-25,590.75,590.75,578.75,583.5
2014-06-26,591.75,591.75,579.0,589.25
2014-06-27,585.0,585.25,565.0,573.0
2014-06-30,567.5,599.5,567.5,599.25
2014-07-01,599.5,603.5,594.25,597.25
2014-07-02,597.5,600.0,585.75,588.5
2014-07-03,580.0,589.5,580.0,582.5
2014-07-04,584.25,587.0,573.0,575.0
2014-07-07,575.0,577.75,570.75,574.75
2014-07-08,571.0,587.0,571.0,575.75
2014-07-09,570.0,575.0,563.0,567.5
2014-07-10,566.75,569.75,544.0,547.25
2014-07-11,538.75,546.25,538.5,542.25
2014-07-14,537.75,546.25,526.75,544.5
2014-07-15,542.0,574.25,541.75,571.5
2014-07-16,567.5,571.0,563.75,567.5
2014-07-17,561.0,564.75,553.0,561.5
2014-07-18,553.75,560.75,542.75,549.75
2014-07-22,550.5,558.25,546.25,556.25
2014-07-23,555.25,559.5,551.25,552.5
2014-07-24,550.0,550.0,535.0,537.25
2014-07-25,541.25,542.0,530.0,534.75
2014-07-28,537.5,537.5,524.25,529.25
2014-07-29,526.25,532.5,521.0,526.75
2014-07-30,526.75,529.5,521.25,523.0
2014-07-31,528.75,537.5,525.25,528.25
2014-08-01,520.25,527.75,517.75,520.25
2014-08-04,515.25,515.25,491.5,492.25
2014-08-05,502.25,534.5,501.75,530.5
2014-08-06,518.0,527.5,502.75,508.5
2014-08-07,506.75,521.75,506.75,520.0
2014-08-08,520.0,537.5,509.75,514.5
2014-08-11,527.0,527.5,516.75,522.75
2014-08-12,525.0,531.5,518.25,520.25
2014-08-13,535.0,536.25,501.0,510.5
2014-08-14,510.75,527.5,505.0,520.75
2014-08-15,525.0,527.5,491.25,500.5
2014-08-18,503.75,516.25,502.5,510.5
2014-08-19,514.75,517.5,508.0,511.25
2014-08-20,511.0,514.75,499.5,501.0
2014-08-21,508.25,513.25,502.5,512.25
2014-08-22,513.75,517.5,507.75,511.0
2014-08-25,513.75,514.5,504.0,506.25
2014-08-26,508.5,513.75,500.75,510.5
2014-08-27,510.5,513.25,501.5,505.5
2014-08-28,502.5,506.5,497.75,501.0
2014-08-29,500.0,500.5,493.0,497.0
2014-09-01,499.5,514.0,499.5,513.0
2014-09-02,513.75,545.5,513.75,539.25
2014-09-03,546.25,571.75,541.5,570.0
2014-09-04,561.75,565.25,538.25,539.75
2014-09-05,540.25,550.0,533.25,544.75
2014-09-08,546.25,555.0,542.5,544.5
2014-09-09,545.5,550.5,534.5,541.25
2014-09-10,532.25,537.0,526.75,534.5
2014-09-11,535.75,542.75,523.5,525.25
2014-09-12,520.75,531.0,520.0,526.25
2014-09-16,526.25,533.5,524.0,531.5
2014-09-17,527.75,527.75,517.5,518.5
2014-09-18,520.25,534.5,519.0,529.5
2014-09-19,534.75,537.5,524.75,532.25
2014-09-22,532.5,533.0,525.25,532.0
2014-09-24,532.25,533.75,525.25,527.5
2014-09-25,531.0,532.25,522.0,527.75
2014-09-26,517.25,521.25,512.0,519.0
2014-09-29,518.0,520.25,510.25,511.5
2014-09-30,512.5,513.5,505.0,511.0
2014-10-01,517.0,517.5,504.25,504.25
2014-10-02,497.5,498.75,480.0,489.5
2014-10-03,489.0,490.25,483.75,488.25
2014-10-06,499.75,505.0,493.75,500.75
2014-10-07,500.75,500.75,480.25,481.0
2014-10-08,475.5,478.5,471.75,475.25
2014-10-09,477.0,480.5,465.25,466.0
2014-10-10,461.5,464.5,450.0,460.0
2014-10-14,445.5,459.75,443.5,456.0
2014-10-15,460.0,466.0,457.5,460.75
2014-10-16,449.0,451.5,426.0,439.5
2014-10-17,436.25,455.0,436.25,446.5
2014-10-20,452.5,465.25,452.5,465.0
2014-10-21,473.75,481.75,460.25,461.5
2014-10-22,463.75,467.5,462.5,466.75
2014-10-23,466.5,466.5,455.5,455.75
2014-10-24,462.25,464.5,460.5,462.25
2014-10-27,464.5,465.0,448.5,449.75
2014-10-28,450.0,453.0,442.0,446.25
2014-10-29,447.5,451.75,444.75,448.25
2014-10-30,451.0,451.0,442.0,445.5
2014-10-31,450.5,493.25,442.0,489.25
2014-11-04,584.25,584.25,518.75,567.0
2014-11-05,558.25,566.75,545.5,550.0
2014-11-06,553.5,572.5,537.5,542.25
2014-11-07,541.25,546.75,532.5,539.75
2014-11-10,540.0,545.25,533.75,543.0
2014-11-11,543.0,554.25,533.75,542.25
2014-11-12,549.0,557.0,543.5,544.0
2014-11-13,544.25,557.5,544.25,555.0
2014-11-14,555.0,599.25,537.75,598.0
2014-11-17,602.5,602.5,552.0,557.5
2014-11-18,557.0,558.5,540.75,544.5
2014-11-19,546.0,566.25,545.25,561.75
2014-11-20,561.75,562.5,546.5,547.5
2014-11-21,542.75,550.0,542.75,545.0
2014-11-25,553.25,559.75,548.0,556.25
2014-11-26,557.5,559.75,549.75,552.5
2014-11-27,558.5,573.5,554.75,560.5
2014-11-28,569.25,577.25,550.0,557.75
2014-12-01,566.25,588.75,565.0,580.75
2014-12-02,577.25,577.25,562.75,571.25
2014-12-03,581.5,587.25,567.5,569.5
2014-12-04,570.0,580.0,567.75,572.75
2014-12-05,570.5,573.75,551.25,560.0
2014-12-08,563.5,568.0,551.25,553.75
2014-12-09,550.0,550.0,539.0,547.0
2014-12-10,537.5,550.0,527.5,536.25
2014-12-11,523.75,536.5,521.75,534.0
2014-12-12,525.0,533.75,517.75,519.0
2014-12-15,516.25,518.75,499.0,499.5
2014-12-16,499.5,510.0,496.75,506.75
2014-12-17,506.5,542.75,506.5,533.0
2014-12-18,532.5,537.5,525.0,530.75
2014-12-19,530.75,555.0,530.75,553.0
2014-12-22,553.0,572.25,548.25,569.5
2014-12-24,569.5,572.0,560.5,570.25
2014-12-25,567.25,573.75,558.25,563.25
2014-12-26,557.0,583.5,557.0,579.25
2014-12-29,580.0,584.75,572.0,581.25
2014-12-30,587.25,597.75,579.5,593.25
2015-01-05,589.75,589.75,568.5,571.0
2015-01-06,561.25,564.5,543.75,546.5
2015-01-07,543.75,569.75,542.5,566.5
2015-01-08,556.75,568.25,553.0,564.0
2015-01-09,558.25,563.0,543.0,550.0
2015-01-13,546.25,557.0,538.25,555.5
2015-01-14,550.0,570.0,547.75,559.0
2015-01-15,560.0,562.5,546.5,552.75
2015-01-16,546.25,556.25,539.0,552.25
2015-01-19,559.0,559.0,540.25,544.25
2015-01-20,544.25,550.5,538.0,541.25
2015-01-21,543.75,545.75,530.0,534.5
2015-01-22,536.25,537.5,527.0,533.75
2015-01-23,539.25,542.5,527.25,530.5
2015-01-26,543.0,543.0,530.5,535.0
2015-01-27,535.0,543.25,535.0,540.5
2015-01-28,535.25,540.5,529.75,530.5
2015-01-29,525.0,525.5,500.0,503.75
2015-01-30,505.0,512.25,503.75,507.5
2015-02-02,506.25,514.75,501.25,512.75
2015-02-03,512.75,512.75,483.0,486.0
2015-02-04,490.0,503.5,490.0,500.0
2015-02-05,497.5,508.75,494.25,499.5
2015-02-06,507.0,509.5,500.0,500.5
2015-02-09,508.25,509.5,489.0,492.5
2015-02-10,492.5,499.75,490.0,495.25
2015-02-12,501.25,511.25,496.75,497.75
2015-02-13,507.5,516.0,498.0,513.25
2015-02-16,625.75,638.25,600.0,605.0
2015-02-17,610.5,660.0,607.0,649.25
2015-02-18,649.75,675.0,631.75,649.25
2015-02-19,648.5,691.0,639.75,658.5
2015-02-20,650.25,705.0,648.25,700.0
2015-02-23,699.0,703.0,673.5,683.25
2015-02-24,684.75,686.75,667.5,670.75
2015-02-25,670.75,691.75,663.75,683.5
2015-02-26,675.25,691.25,675.25,686.25
2015-02-27,692.5,703.25,677.75,689.25
2015-03-02,691.5,695.75,680.5,685.5
2015-03-03,691.5,692.25,665.0,670.0
2015-03-04,665.0,698.75,665.0,686.25
2015-03-05,675.75,685.0,669.0,677.75
2015-03-06,675.25,690.0,670.75,682.0
2015-03-09,675.25,675.75,667.25,672.75
2015-03-10,672.75,712.5,672.5,712.0
2015-03-11,710.75,757.5,708.75,748.0
2015-03-12,735.75,762.5,728.75,748.75
2015-03-13,756.25,772.5,749.75,765.0
2015-03-16,737.5,758.75,729.5,731.5
2015-03-17,736.75,746.0,726.0,738.0
2015-03-18,738.75,738.75,710.0,730.5
2015-03-19,730.75,742.0,720.75,736.5
2015-03-20,729.25,735.75,720.25,735.75
2015-03-23,736.25,736.75,719.25,724.25
2015-03-24,715.5,735.75,715.5,733.25
2015-03-25,735.0,737.0,725.25,726.0
2015-03-26,725.0,726.0,702.75,707.75
2015-03-27,700.0,717.75,687.5,700.75
2015-03-30,692.5,714.5,692.5,704.25
2015-03-31,708.75,723.5,702.25,704.5
2015-04-01,703.25,731.25,700.0,724.5
2015-04-02,725.0,766.25,719.25,751.25
2015-04-03,758.75,775.0,747.75,773.75
2015-04-06,795.0,823.75,762.5,772.5
2015-04-07,791.25,812.5,785.0,801.25
2015-04-08,806.25,822.5,772.5,813.75
2015-04-09,812.5,836.25,811.25,818.75
2015-04-10,813.75,818.75,787.5,798.75
2015-04-13,797.5,800.0,778.75,790.0
2015-04-14,790.0,807.5,790.0,806.25
2015-04-15,800.0,801.25,781.25,786.25
2015-04-16,785.0,787.5,772.5,787.5
2015-04-17,780.0,792.5,777.5,781.25
2015-04-20,751.25,777.5,747.75,767.5
2015-04-21,762.5,773.75,756.25,765.0
2015-04-22,768.75,806.25,766.25,802.5
2015-04-23,803.75,803.75,787.5,796.25
2015-04-24,783.75,790.0,762.5,775.0
2015-04-27,775.0,781.25,768.75,772.5
2015-04-28,773.75,795.0,766.25,783.75
2015-04-30,773.75,778.75,755.0,768.75
2015-05-01,763.75,783.75,753.75,781.25
2015-05-07,773.75,775.0,752.5,755.0
2015-05-08,752.5,756.25,748.25,750.0
2015-05-11,761.25,770.0,757.5,760.0
2015-05-12,768.75,768.75,750.0,766.25
2015-05-13,766.25,775.0,750.0,768.75
2015-05-14,793.75,808.75,785.0,787.5
2015-05-15,796.25,805.0,790.0,798.75
2015-05-18,830.0,966.25,830.0,920.0
2015-05-19,908.75,922.5,871.25,878.75
2015-05-20,891.25,906.25,872.5,898.75
2015-05-21,905.0,977.5,905.0,956.25
2015-05-22,951.25,966.25,930.0,940.0
2015-05-25,970.0,986.25,943.75,945.0
2015-05-26,931.25,956.25,923.75,931.25
2015-05-27,932.5,971.25,928.75,957.5
2015-05-28,960.0,965.0,916.25,921.25
2015-05-29,923.75,948.75,906.25,936.25
2015-06-01,918.75,945.0,913.75,940.0
2015-06-02,931.25,935.0,920.0,928.75
2015-06-03,918.75,925.0,895.0,902.5
2015-06-04,901.25,911.25,895.0,901.25
2015-06-05,892.5,905.0,892.5,896.25
2015-06-08,896.25,902.5,883.75,898.75
2015-06-09,891.25,926.25,890.0,916.25
2015-06-10,915.0,941.25,905.0,911.25
2015-06-11,918.75,945.0,918.75,928.75
2015-06-12,937.5,938.75,920.0,922.5
2015-06-15,916.25,927.5,900.0,916.25
2015-06-16,921.25,935.0,915.0,915.0
2015-06-17,931.25,936.25,912.5,920.0
2015-06-18,923.75,930.0,912.5,922.5
2015-06-19,975.0,981.25,948.75,980.0
2015-06-22,995.0,1030.0,995.0,1018.75
2015-06-23,1018.75,1027.5,986.25,1027.5
2015-06-24,1016.25,1058.75,1002.5,1055.0
2015-06-25,1037.5,1060.0,1035.0,1043.75
2015-06-26,1047.5,1071.5,1032.5,1067.0
2015-06-29,992.0,1036.0,984.5,1026.0
2015-06-30,1012.5,1040.5,994.0,1035.5
2015-07-01,1035.5,1044.0,1004.5,1024.0
2015-07-02,1041.5,1059.5,1030.5,1047.0
2015-07-03,1054.0,1054.0,1013.0,1035.0
2015-07-06,1010.0,1034.5,975.5,982.5
2015-07-07,998.5,1033.0,991.5,1030.0
2015-07-08,1032.5,1077.5,997.0,999.0
2015-07-09,959.0,1012.0,959.0,1006.5
2015-07-10,1020.0,1020.0,976.0,978.0
2015-07-13,978.0,986.0,952.0,968.0
2015-07-14,991.5,1034.5,991.5,1031.0
2015-07-15,1035.0,1057.5,1023.0,1036.5
2015-07-16,1048.5,1077.5,1048.5,1075.0
2015-07-17,1076.5,1087.5,1043.0,1082.0
2015-07-21,1098.5,1109.5,1080.5,1089.0
2015-07-22,1070.0,1088.0,1060.5,1065.0
2015-07-23,1055.0,1068.5,1040.0,1063.5
2015-07-24,1065.0,1106.5,1056.0,1072.0
2015-07-27,1072.0,1075.0,1043.0,1050.0
2015-07-28,1022.5,1040.0,996.0,1025.5
2015-07-29,1027.0,1032.0,1006.0,1024.5
2015-07-30,1030.5,1035.5,1005.0,1019.0
2015-07-31,1019.0,1028.5,1009.0,1028.5
2015-08-03,1025.0,1032.5,1005.5,1014.5
2015-08-04,1012.5,1015.0,1000.5,1011.0
2015-08-05,1002.5,1027.5,995.0,1022.5
2015-08-06,1026.0,1064.5,1022.5,1035.0
2015-08-07,1029.5,1029.5,1000.5,1014.0
2015-08-10,1007.0,1022.0,966.5,1020.5
2015-08-11,1003.5,1015.5,990.0,1004.5
2015-08-12,1009.0,1038.5,996.5,1005.5
2015-08-13,1000.0,1000.5,955.0,976.0
2015-08-14,988.5,1011.0,965.5,1007.5
2015-08-17,1057.5,1124.0,1033.0,1124.0
2015-08-18,1135.5,1202.5,1135.5,1199.0
2015-08-19,1180.5,1223.5,1160.5,1192.0
2015-08-20,1192.5,1219.0,1178.5,1200.5
2015-08-21,1155.5,1174.5,1119.0,1123.0
2015-08-24,1067.0,1089.5,1010.0,1018.5
2015-08-25,970.0,1042.5,928.5,984.5
2015-08-26,1000.0,1012.5,954.0,981.5
2015-08-27,1026.5,1046.5,996.5,1026.5
2015-08-28,1072.5,1088.0,1060.0,1073.5
2015-08-31,1085.0,1120.5,1066.0,1118.5
2015-09-01,1098.5,1103.5,1029.5,1032.0
2015-09-02,1000.0,1054.5,990.5,1026.5
2015-09-03,1054.5,1088.5,1052.0,1056.5
2015-09-04,1056.5,1056.5,965.5,992.0
2015-09-07,979.0,980.5,921.0,930.0
2015-09-08,937.5,940.5,880.5,885.5
2015-09-09,939.0,945.0,915.0,945.0
2015-09-10,913.5,950.5,911.5,943.5
2015-09-11,923.5,989.5,923.5,971.0
2015-09-14,951.0,972.0,943.0,946.5
2015-09-15,966.5,966.5,920.0,923.5
2015-09-16,936.0,936.5,899.5,906.0
2015-09-17,905.0,931.5,887.0,928.5
2015-09-18,922.5,947.5,914.0,924.5
2015-09-24,943.0,977.5,920.0,920.5
2015-09-25,909.5,928.0,889.5,926.5
2015-09-28,918.5,955.0,918.0,946.5
2015-09-29,929.0,934.5,885.0,896.5
2015-09-30,910.0,930.0,903.0,921.0
2015-10-01,940.0,984.0,926.0,974.5
2015-10-02,976.5,992.5,959.5,985.0
2015-10-05,999.0,1010.0,973.5,982.5
2015-10-06,1007.0,1043.5,999.5,1004.0
2015-10-07,997.5,997.5,960.0,994.5
2015-10-08,1000.5,1031.0,988.0,1000.0
2015-10-09,990.0,1001.5,966.0,992.0
2015-10-13,1009.0,1045.5,1004.0,1042.5
2015-10-14,1036.5,1054.5,995.5,996.5
2015-10-15,990.0,1039.0,985.5,1036.5
2015-10-16,1043.5,1056.0,1036.0,1036.5
2015-10-19,1050.0,1137.5,1040.5,1131.5
2015-10-20,1123.5,1131.0,1085.0,1094.0
2015-10-21,1095.0,1113.5,1073.0,1087.5
2015-10-22,1090.5,1118.5,1075.5,1082.5
2015-10-23,1102.0,1107.0,1080.0,1081.5
2015-10-26,1106.5,1109.5,1089.5,1098.0
2015-10-27,1090.0,1124.0,1086.0,1090.0
2015-10-28,1090.0,1109.5,1081.5,1100.0
2015-10-29,1115.0,1134.0,1092.5,1108.5
2015-10-30,1115.5,1125.0,1092.0,1111.5
2015-11-02,1097.5,1099.0,1050.5,1053.0
2015-11-04,1070.0,1070.5,1012.5,1014.5
2015-11-05,1015.0,1015.0,953.0,958.5
2015-11-06,961.0,990.5,961.0,989.0
2015-11-09,989.0,1025.0,987.0,1000.5
2015-11-10,1017.5,1021.0,1000.5,1010.5
2015-11-11,1010.5,1066.0,1005.0,1047.0
2015-11-12,1064.5,1077.5,1037.5,1043.0
2015-11-13,1012.5,1015.5,976.5,1010.0
2015-11-16,1104.5,1152.5,1062.5,1143.0
2015-11-17,1168.0,1224.5,1152.5,1219.0
2015-11-18,1219.0,1265.0,1201.0,1243.0
2015-11-19,1241.5,1248.5,1181.5,1189.5
2015-11-20,1166.5,1201.0,1146.5,1200.5
2015-11-24,1196.0,1208.0,1165.5,1203.0
2015-11-25,1202.5,1213.5,1177.5,1186.5
2015-11-26,1188.5,1218.0,1185.0,1197.5
2015-11-27,1197.5,1213.0,1173.5,1183.0
2015-11-30,1172.5,1298.5,1165.0,1295.0
2015-12-01,1294.5,1312.5,1252.0,1283.5
2015-12-02,1295.0,1365.0,1286.0,1334.0
2015-12-03,1350.5,1357.5,1290.5,1306.5
2015-12-04,1281.5,1292.0,1263.5,1270.0
2015-12-07,1302.0,1328.5,1277.5,1312.5
2015-12-08,1300.0,1300.0,1216.5,1235.0
2015-12-09,1223.5,1260.0,1218.0,1234.0
2015-12-10,1218.0,1232.5,1194.5,1197.0
2015-12-11,1186.0,1217.5,1186.0,1206.0
2015-12-14,1173.0,1194.0,1160.0,1189.5
2015-12-15,1176.0,1190.5,1139.0,1151.5
2015-12-16,1186.5,1205.0,1136.0,1145.5
2015-12-17,1175.5,1208.0,1172.0,1198.5
2015-12-18,1188.0,1216.5,1155.5,1168.0
2015-12-21,1152.0,1160.0,1131.5,1155.5
2015-12-22,1157.5,1168.0,1143.5,1163.5
2015-12-24,1163.0,1170.5,1090.0,1095.0
2015-12-25,1095.0,1095.0,1095.0,1095.0
2015-12-28,1114.0,1117.0,1077.5,1109.0
2015-12-29,1121.0,1134.5,1105.0,1133.0
2015-12-30,1136.0,1179.0,1135.0,1173.0
2016-01-04,1162.0,1167.5,1080.0,1084.0
2016-01-05,1086.0,1110.5,1080.0,1092.5
2016-01-06,1091.0,1112.5,1074.0,1082.5
2016-01-07,1077.5,1101.5,1073.0,1078.5
2016-01-08,1070.0,1089.5,1030.0,1054.0
2016-01-12,1031.5,1048.5,1000.0,1000.0
2016-01-13,1036.5,1077.0,1032.5,1057.0
2016-01-14,1015.0,1020.0,982.5,1003.5
2016-01-15,1020.0,1025.0,961.0,964.0
2016-01-18,925.0,955.0,917.0,949.0
2016-01-19,945.0,990.0,941.0,989.0
2016-01-20,987.5,988.0,914.5,919.5
2016-01-21,913.5,962.0,913.0,915.5
2016-01-22,972.5,996.5,948.0,993.0
2016-01-25,1005.0,1019.5,980.0,1015.5
2016-01-26,982.5,1003.0,974.5,977.5
2016-01-27,1000.0,1015.0,991.0,1011.0
2016-01-28,996.0,1013.5,970.0,1007.5
2016-01-29,1009.5,1117.0,990.5,1116.0
2016-02-01,1147.5,1210.0,1147.0,1195.5
2016-02-02,1187.5,1204.5,1108.5,1113.0
2016-02-03,1062.0,1075.5,1029.0,1055.5
2016-02-04,1029.0,1044.5,990.0,991.5
2016-02-05,969.5,980.5,932.0,968.0
2016-02-08,947.5,980.0,931.0,965.5
2016-02-09,915.0,917.0,887.0,900.0
2016-02-10,900.0,910.0,815.5,839.5
2016-02-12,831.0,865.5,797.5,844.0
2016-02-15,920.0,923.0,858.0,912.5
2016-02-16,963.0,1040.0,946.5,983.0
2016-02-17,983.0,999.0,948.5,961.5
2016-02-18,990.0,1015.5,984.0,1003.5
2016-02-19,992.5,1037.5,975.5,1023.0
2016-02-22,1018.0,1056.5,1015.5,1053.0
2016-02-23,1054.5,1054.5,999.5,1010.0
2016-02-24,994.0,1001.0,955.0,999.5
2016-02-25,1014.5,1044.5,1014.0,1034.5
2016-02-26,1049.5,1058.5,1007.0,1015.0
2016-02-29,1040.0,1047.0,1018.0,1020.0
2016-03-01,1010.0,1033.5,1007.0,1028.0
2016-03-02,1062.0,1065.5,1044.5,1058.0
2016-03-03,1062.0,1085.0,1047.5,1075.0
2016-03-04,1070.5,1090.0,1062.5,1077.0
2016-03-07,1073.0,1077.0,1045.0,1051.0
2016-03-08,1043.5,1054.5,1019.5,1047.0
2016-03-09,1033.0,1057.5,1017.0,1053.0
2016-03-10,1067.5,1073.0,1047.5,1061.0
2016-03-11,1056.0,1065.0,1033.5,1058.0
2016-03-14,1074.0,1105.0,1063.0,1085.5
2016-03-15,1087.5,1094.0,1072.5,1081.5
2016-03-16,1075.5,1078.5,1058.5,1062.5
2016-03-17,1072.5,1081.0,1047.0,1056.5
2016-03-18,1048.0,1065.0,1036.5,1053.5
2016-03-22,1070.0,1080.5,1040.5,1059.0
2016-03-23,1071.0,1075.0,1060.0,1065.5
2016-03-24,1061.0,1067.5,1047.5,1059.0
2016-03-25,1062.0,1062.0,1030.5,1039.0
2016-03-28,1050.0,1066.5,1043.0,1066.5
2016-03-29,1054.5,1096.5,1050.5,1096.5
2016-03-30,1101.0,1114.5,1097.0,1103.0
2016-03-31,1108.0,1129.5,1101.5,1119.0
2016-04-01,1125.0,1127.0,1072.5,1076.0
2016-04-04,1068.0,1090.5,1053.5,1064.0
2016-04-05,1055.0,1059.0,1018.0,1042.5
2016-04-06,1042.0,1054.5,1019.0,1043.5
2016-04-07,1031.5,1067.0,1031.5,1060.0
2016-04-08,1035.0,1046.0,1011.0,1034.5
2016-04-11,1033.0,1046.0,1016.0,1043.0
2016-04-12,1050.0,1074.5,1043.0,1071.5
2016-04-13,1085.0,1109.0,1080.0,1108.5
2016-04-14,1145.5,1177.5,1142.0,1177.5
2016-04-15,1150.5,1162.0,1138.0,1155.0
2016-04-18,1111.5,1131.0,1110.5,1121.0
2016-04-19,1140.5,1159.5,1140.5,1156.5
2016-04-20,1174.0,1212.0,1167.0,1190.0
2016-04-21,1225.0,1232.5,1210.0,1214.0
2016-04-22,1196.0,1230.0,1196.0,1229.0
2016-04-25,1232.0,1237.0,1212.0,1232.5
2016-04-26,1232.5,1260.0,1225.0,1244.5
2016-04-27,1246.5,1267.5,1235.0,1260.5
2016-04-28,1258.0,1259.0,1170.5,1200.0
2016-05-02,1177.5,1187.5,1159.0,1181.0
2016-05-06,1197.5,1207.5,1177.0,1190.0
2016-05-09,1209.5,1233.0,1206.5,1217.0
2016-05-10,1264.0,1326.0,1261.5,1324.0
2016-05-11,1349.0,1375.0,1326.0,1337.0
2016-05-12,1327.5,1327.5,1290.5,1306.0
2016-05-13,1300.0,1319.5,1265.5,1311.5
2016-05-16,1310.0,1319.0,1244.5,1250.0
2016-05-17,1275.0,1397.0,1274.0,1344.0
2016-05-18,1345.5,1350.0,1310.5,1323.0
2016-05-19,1331.0,1334.5,1286.0,1305.5
2016-05-20,1298.5,1346.5,1298.5,1335.0
2016-05-23,1340.5,1344.0,1304.5,1314.5
2016-05-24,1312.0,1312.0,1265.0,1286.0
2016-05-25,1306.5,1307.5,1267.5,1275.5
2016-05-26,1282.5,1284.0,1252.0,1269.0
2016-05-27,1313.0,1404.0,1284.5,1399.0
2016-05-30,1430.0,1469.0,1407.5,1460.0
2016-05-31,1473.5,1482.0,1433.5,1482.0
2016-06-01,1482.0,1505.0,1465.0,1487.5
2016-06-02,1475.5,1500.0,1431.0,1451.5
2016-06-03,1436.0,1474.0,1433.5,1469.0
2016-06-06,1447.0,1472.5,1433.0,1471.5
2016-06-07,1473.0,1488.0,1446.5,1472.0
2016-06-08,1486.0,1527.5,1457.5,1485.5
2016-06-09,1487.5,1496.0,1474.5,1486.0
2016-06-10,1480.5,1481.0,1455.5,1468.0
2016-06-13,1435.0,1442.0,1409.0,1410.0
2016-06-14,1400.0,1406.5,1360.0,1387.5
2016-06-15,1357.5,1420.5,1357.5,1402.5
2016-06-16,1378.5,1392.0,1335.0,1338.5
2016-06-17,1372.5,1385.0,1352.5,1358.5
2016-06-20,1380.0,1435.0,1374.5,1425.5
2016-06-21,1400.0,1434.0,1399.0,1427.5
2016-06-22,1422.5,1426.5,1391.5,1400.5
2016-06-23,1390.0,1399.0,1373.0,1392.5
2016-06-24,1421.0,1423.0,1267.5,1309.5
2016-06-27,1319.0,1380.0,1318.0,1358.0
2016-06-28,1325.0,1367.5,1320.0,1360.0
2016-06-29,1397.5,1403.5,1355.5,1361.5
2016-06-30,1390.0,1398.0,1377.0,1386.0
2016-07-01,1390.5,1393.0,1355.5,1377.5
2016-07-04,1362.5,1392.5,1345.0,1379.0
2016-07-05,1363.0,1369.5,1342.5,1362.0
2016-07-06,1342.5,1349.5,1312.5,1339.5
2016-07-07,1347.5,1355.5,1314.0,1321.5
2016-07-08,1315.0,1326.0,1268.5,1270.0
2016-07-11,1270.0,1270.0,1270.0,1270.0
2016-07-12,1347.5,1372.0,1343.5,1352.0
2016-07-13,1390.0,1390.0,1355.0,1359.5
2016-07-14,1367.0,1372.0,1340.5,1346.5
2016-07-15,1349.0,1353.5,1324.5,1335.0
2016-07-19,1357.5,1359.5,1318.0,1327.5
2016-07-20,1316.0,1362.5,1303.5,1355.5
2016-07-21,1372.5,1374.0,1322.5,1330.5
2016-07-22,1322.5,1347.5,1319.0,1338.0
2016-07-25,1347.0,1437.0,1342.5,1410.0
2016-07-26,1422.5,1502.5,1422.5,1495.5
2016-07-27,1490.0,1530.0,1466.0,1522.5
2016-07-28,1496.0,1502.5,1469.5,1473.5
2016-07-29,1467.5,1486.0,1430.0,1474.5
2016-08-01,1450.0,1454.5,1410.5,1421.0
2016-08-02,1400.0,1420.0,1396.5,1402.0
2016-08-03,1383.0,1393.0,1342.5,1345.0
2016-08-04,1347.5,1352.5,1295.0,1313.5
2016-08-05,1317.5,1328.5,1291.0,1307.0
2016-08-08,1328.5,1341.5,1299.5,1305.5
2016-08-09,1304.0,1305.5,1275.5,1296.0
2016-08-10,1300.0,1333.5,1294.5,1321.5
2016-08-12,1361.5,1398.5,1340.5,1351.0
2016-08-15,1370.0,1373.5,1270.5,1325.0
2016-08-16,1330.0,1330.0,1244.0,1245.0
2016-08-17,1227.5,1230.0,1139.5,1177.0
2016-08-18,1190.0,1207.0,1158.0,1172.5
2016-08-19,1171.5,1184.0,1155.0,1166.5
2016-08-22,1150.5,1155.0,1128.5,1149.0
2016-08-23,1182.5,1214.0,1175.0,1204.0
2016-08-24,1177.5,1181.0,1151.5,1162.0
2016-08-25,1166.5,1172.5,1143.0,1150.5
2016-08-26,1151.5,1152.5,1129.0,1136.5
2016-08-29,1142.5,1151.5,1138.5,1144.5
2016-08-30,1144.5,1158.0,1135.0,1140.5
2016-08-31,1135.5,1139.0,1096.0,1117.5
2016-09-01,1120.0,1161.0,1119.5,1146.5
2016-09-02,1143.5,1145.0,1110.0,1118.0
2016-09-05,1133.0,1133.0,1108.0,1126.5
2016-09-06,1120.0,1152.5,1114.0,1151.5
2016-09-07,1172.5,1202.0,1155.5,1193.5
2016-09-08,1200.0,1201.0,1177.5,1186.0
2016-09-09,1179.5,1181.0,1160.5,1160.5
2016-09-12,1139.5,1143.5,1121.0,1142.5
2016-09-13,1144.5,1165.5,1144.5,1153.5
2016-09-14,1149.5,1158.5,1140.0,1143.5
2016-09-15,1131.5,1133.5,1103.0,1114.5
2016-09-16,1132.0,1132.5,1113.5,1121.5
2016-09-20,1096.5,1141.0,1096.0,1135.0
2016-09-21,1135.0,1165.0,1128.0,1160.0
2016-09-23,1142.5,1158.0,1121.5,1132.5
2016-09-26,1134.0,1142.5,1127.5,1131.5
2016-09-27,1113.5,1131.5,1089.0,1131.0
2016-09-28,1102.0,1118.5,1095.5,1112.0
2016-09-29,1118.5,1133.5,1100.5,1101.5
2016-09-30,1092.0,1092.0,1072.0,1074.5
2016-10-03,1079.5,1080.0,1063.0,1069.0
2016-10-04,1070.0,1070.0,1020.0,1025.0
2016-10-05,1040.0,1044.5,1028.0,1033.0
2016-10-06,1031.5,1039.0,1021.0,1030.0
2016-10-07,1021.0,1028.0,1001.5,1007.5
2016-10-11,1011.5,1014.0,970.5,974.0
2016-10-12,985.0,1032.5,981.5,1015.0
2016-10-13,1035.5,1061.0,1025.5,1043.5
2016-10-14,1043.5,1049.0,1034.0,1041.0
2016-10-17,1047.5,1053.0,1040.0,1045.5
2016-10-18,1051.0,1057.5,1045.5,1054.0
2016-10-19,1064.5,1082.5,1060.0,1067.0
2016-10-20,1067.0,1108.5,1065.0,1099.5
2016-10-21,1110.5,1123.0,1095.5,1100.0
2016-10-24,1120.0,1120.5,1102.5,1109.0
2016-10-25,1111.0,1117.5,1093.5,1099.0
2016-10-26,1091.0,1107.5,1090.0,1104.5
2016-10-27,1099.5,1109.0,1094.5,1099.0
2016-10-28,1106.0,1109.0,1088.5,1097.0
2016-10-31,1104.5,1119.0,1097.5,1111.5
2016-11-01,1116.5,1129.5,1106.0,1123.5
2016-11-02,1116.0,1116.5,1090.0,1105.0
2016-11-04,1101.5,1103.0,1082.0,1094.5
2016-11-07,1110.0,1114.0,1103.5,1111.5
2016-11-08,1117.5,1119.0,1098.0,1105.0
2016-11-09,1102.5,1115.5,1023.5,1069.5
2016-11-10,1120.5,1133.5,1100.5,1119.0
2016-11-11,1121.5,1130.0,1116.0,1123.5
2016-11-14,1134.5,1180.0,1126.0,1172.0
2016-11-15,1270.0,1309.0,1233.5,1252.5
2016-11-16,1269.5,1313.5,1262.0,1312.5
2016-11-17,1302.0,1315.5,1275.5,1302.0
2016-11-18,1302.0,1321.0,1295.5,1304.5
2016-11-21,1323.5,1325.0,1299.0,1309.0
2016-11-22,1306.5,1330.5,1305.0,1330.0
2016-11-24,1335.5,1346.0,1329.5,1336.0
2016-11-25,1345.0,1363.0,1337.0,1352.5
2016-11-28,1393.0,1466.0,1379.0,1465.0
2016-11-29,1487.0,1505.0,1435.5,1441.5
2016-11-30,1431.0,1431.0,1408.0,1414.0
2016-12-01,1416.5,1441.0,1380.0,1403.0
2016-12-02,1397.5,1409.5,1376.0,1408.5
2016-12-05,1405.0,1405.0,1376.5,1389.5
2016-12-06,1380.0,1387.5,1368.5,1386.0
2016-12-07,1393.5,1412.0,1393.5,1405.5
2016-12-08,1408.5,1422.0,1389.0,1406.5
2016-12-09,1406.0,1417.0,1394.5,1408.0
2016-12-12,1401.0,1401.5,1359.5,1372.5
2016-12-13,1392.5,1437.0,1392.5,1429.0
2016-12-14,1417.5,1428.5,1404.0,1409.0
2016-12-15,1400.0,1417.5,1380.0,1383.5
2016-12-16,1405.0,1412.5,1396.5,1410.0
2016-12-19,1409.5,1415.0,1399.5,1406.5
2016-12-20,1415.5,1447.5,1415.5,1442.5
2016-12-21,1472.5,1490.0,1458.5,1464.5
2016-12-22,1470.0,1470.0,1435.0,1448.0
2016-12-26,1441.0,1441.0,1421.5,1424.5
2016-12-27,1425.0,1438.0,1417.5,1419.0
2016-12-28,1419.0,1432.5,1413.0,1424.5
2016-12-29,1425.0,1425.0,1375.0,1384.0
2016-12-30,1377.0,1398.0,1370.0,1390.0
2017-01-04,1391.0,1415.5,1391.0,1411.0
2017-01-05,1404.0,1408.0,1387.0,1396.0
2017-01-06,1377.5,1406.5,1375.0,1401.5
2017-01-10,1403.5,1440.5,1401.5,1422.0
2017-01-11,1416.5,1435.5,1409.5,1410.5
2017-01-12,1407.5,1407.5,1378.0,1383.0
2017-01-13,1385.0,1398.5,1379.5,1398.5
2017-01-16,1398.5,1399.0,1370.0,1382.5
2017-01-17,1384.0,1384.0,1301.5,1310.0
2017-01-18,1325.5,1361.0,1317.5,1359.0
2017-01-19,1366.5,1371.5,1334.5,1340.5
2017-01-20,1334.0,1339.5,1318.5,1330.0
2017-01-23,1310.0,1310.0,1285.0,1292.5
2017-01-24,1285.0,1289.0,1269.5,1285.5
2017-01-25,1310.5,1320.0,1289.0,1302.0
2017-01-26,1315.0,1324.0,1304.0,1321.5
2017-01-27,1339.0,1355.5,1335.0,1347.5
2017-01-30,1346.0,1347.5,1328.5,1341.5
2017-01-31,1321.5,1339.5,1314.0,1321.0
2017-02-01,1316.0,1333.0,1306.5,1330.5
2017-02-02,1318.5,1330.0,1315.5,1319.5
2017-02-03,1324.5,1336.5,1321.0,1328.0
2017-02-06,1337.5,1342.5,1326.5,1335.5
2017-02-07,1327.5,1335.5,1320.5,1329.5
2017-02-08,1329.0,1359.0,1324.0,1356.5
2017-02-09,1358.5,1380.0,1355.0,1366.5
2017-02-10,1376.0,1384.5,1360.5,1373.0
2017-02-13,1397.0,1405.0,1381.5,1390.5
2017-02-14,1415.0,1415.0,1355.5,1360.0
2017-02-15,1312.5,1342.5,1258.5,1274.5
2017-02-16,1295.0,1313.5,1284.5,1290.5
2017-02-17,1309.0,1382.0,1305.0,1370.0
2017-02-20,1357.0,1372.5,1350.0,1358.0
2017-02-21,1352.0,1367.5,1347.5,1359.0
2017-02-22,1346.0,1347.5,1310.5,1331.0
2017-02-23,1344.0,1355.0,1336.5,1346.5
2017-02-24,1333.0,1368.5,1331.0,1358.0
2017-02-27,1351.0,1352.0,1328.5,1333.0
2017-02-28,1335.0,1353.5,1330.5,1333.5
2017-03-01,1339.0,1356.5,1336.5,1354.0
2017-03-02,1361.5,1381.0,1355.0,1357.0
2017-03-03,1354.5,1354.5,1343.0,1350.0
2017-03-06,1350.0,1355.0,1340.0,1352.5
2017-03-07,1353.0,1358.0,1340.0,1347.5
2017-03-08,1344.5,1351.5,1336.5,1346.0
2017-03-09,1351.0,1356.5,1341.5,1355.5
2017-03-10,1366.5,1381.0,1361.5,1364.5
2017-03-13,1376.5,1392.5,1372.0,1385.5
2017-03-14,1387.5,1416.0,1384.0,1415.0
2017-03-15,1399.5,1399.5,1371.0,1374.5
2017-03-16,1374.0,1395.5,1362.5,1393.5
2017-03-17,1383.5,1396.0,1376.5,1384.5
2017-03-21,1390.5,1402.5,1382.0,1393.0
2017-03-22,1365.0,1384.0,1353.5,1369.0
2017-03-23,1363.5,1376.0,1360.5,1372.0
2017-03-24,1380.0,1401.5,1374.0,1393.5
2017-03-27,1387.5,1392.0,1364.5,1369.0
2017-03-28,1382.5,1400.0,1377.5,1400.0
2017-03-29,1385.0,1386.5,1370.5,1379.0
2017-03-30,1369.5,1379.5,1351.0,1355.0
2017-03-31,1352.5,1359.0,1332.0,1332.0
2017-04-03,1332.0,1346.0,1322.0,1332.0
2017-04-04,1331.0,1340.0,1295.5,1298.5
2017-04-05,1288.5,1309.5,1281.0,1293.0
2017-04-06,1290.5,1298.0,1264.5,1272.5
2017-04-07,1292.5,1304.0,1279.5,1290.5
2017-04-10,1309.5,1343.0,1308.0,1326.5
2017-04-11,1327.5,1353.5,1321.0,1329.5
2017-04-12,1301.0,1324.5,1287.5,1319.5
2017-04-13,1299.0,1320.5,1298.5,1318.0
2017-04-14,1310.0,1319.5,1304.5,1305.0
2017-04-17,1306.0,1333.0,1304.0,1330.5
2017-04-18,1347.5,1347.5,1330.5,1334.5
2017-04-19,1314.0,1340.5,1309.0,1328.5
2017-04-20,1332.0,1343.0,1324.0,1324.5
2017-04-21,1325.5,1356.5,1325.5,1347.5
2017-04-24,1360.0,1377.5,1357.5,1363.5
2017-04-25,1361.5,1361.5,1350.0,1354.5
2017-04-26,1360.0,1363.0,1339.0,1362.0
2017-04-27,1357.5,1368.5,1354.0,1356.5
2017-04-28,1365.0,1367.0,1351.0,1367.0
2017-05-01,1352.5,1370.0,1351.5,1362.5
2017-05-02,1367.5,1368.5,1362.5,1365.0
2017-05-08,1395.0,1457.5,1393.5,1443.5
2017-05-09,1443.5,1483.0,1442.0,1471.0
2017-05-10,1478.5,1482.0,1459.0,1474.0
2017-05-11,1494.0,1517.5,1493.0,1502.5
2017-05-12,1500.0,1502.5,1477.0,1481.0
2017-05-15,1472.5,1497.5,1469.0,1488.5
2017-05-16,1500.0,1552.5,1472.5,1545.0
2017-05-17,1590.0,1677.5,1585.0,1670.0
2017-05-18,1635.0,1672.5,1635.0,1657.5
2017-05-19,1692.5,1722.5,1662.5,1712.5
2017-05-22,1737.5,1767.5,1712.5,1725.0
2017-05-23,1725.0,1755.0,1720.0,1740.0
2017-05-24,1750.0,1770.0,1740.0,1765.0
2017-05-25,1785.0,1815.0,1777.5,1802.5
2017-05-26,1800.0,1810.0,1760.0,1765.0
2017-05-29,1765.0,1792.5,1752.5,1757.5
2017-05-30,1747.5,1750.0,1722.5,1747.5
2017-05-31,1725.0,1730.0,1695.0,1717.5
2017-06-01,1722.5,1772.5,1722.5,1762.5
2017-06-02,1750.0,1777.5,1740.0,1757.5
2017-06-05,1757.5,1777.5,1752.5,1770.0
2017-06-06,1780.0,1785.0,1735.0,1737.5
2017-06-07,1722.5,1742.5,1715.0,1725.0
2017-06-08,1725.0,1730.0,1690.0,1690.0
2017-06-09,1685.0,1707.5,1667.5,1667.5
2017-06-12,1690.0,1707.5,1680.0,1700.0
2017-06-13,1672.5,1685.0,1657.5,1677.5
2017-06-14,1667.5,1667.5,1640.0,1650.0
2017-06-15,1632.5,1687.5,1625.0,1680.0
2017-06-16,1700.0,1705.0,1667.5,1675.0
2017-06-19,1682.5,1695.0,1672.5,1680.0
2017-06-20,1680.0,1685.0,1665.0,1667.5
2017-06-21,1662.5,1672.5,1647.5,1655.0
2017-06-22,1650.0,1670.0,1650.0,1660.0
2017-06-23,1667.5,1667.5,1625.0,1632.5
2017-06-26,1640.0,1660.0,1627.5,1640.0
2017-06-27,1645.0,1655.0,1635.0,1645.0
2017-06-28,1645.0,1647.5,1630.0,1640.0
2017-06-29,1650.0,1707.5,1635.0,1702.5
2017-06-30,1700.0,1752.5,1675.0,1730.0
2017-07-03,1800.0,1800.0,1735.0,1755.0
2017-07-04,1765.0,1770.0,1725.0,1735.0
2017-07-05,1725.0,1745.0,1707.5,1742.5
2017-07-06,1747.5,1770.0,1742.5,1757.5
2017-07-07,1750.0,1752.5,1717.5,1727.5
2017-07-10,1737.5,1752.5,1725.0,1732.5
2017-07-11,1725.0,1755.0,1717.5,1752.5
2017-07-12,1737.5,1740.0,1705.0,1712.5
2017-07-13,1725.0,1752.5,1725.0,1735.0
2017-07-14,1732.5,1745.0,1725.0,1740.0
2017-07-17,1740.0,1740.0,1740.0,1740.0
2017-07-18,1740.0,1767.5,1737.5,1752.5
2017-07-19,1770.0,1797.5,1762.5,1792.5
2017-07-20,1795.0,1797.5,1780.0,1790.0
2017-07-21,1790.0,1825.0,1785.0,1820.0
2017-07-24,1820.0,1860.0,1820.0,1860.0
2017-07-25,1870.0,1870.0,1827.5,1842.5
2017-07-26,1840.0,1845.0,1815.0,1825.0
2017-07-27,1830.0,1855.0,1820.0,1825.0
2017-07-28,1815.0,1830.0,1807.5,1827.5
2017-07-31,1827.5,1832.5,1807.5,1825.0
2017-08-01,1827.5,1835.0,1780.0,1797.5
2017-08-02,1797.5,1797.5,1765.0,1770.0
2017-08-03,1775.0,1812.5,1755.0,1807.5
2017-08-04,1807.5,1807.5,1767.5,1780.0
2017-08-07,1792.5,1800.0,1762.5,1772.5
2017-08-08,1780.0,1812.5,1772.5,1810.0
2017-08-09,1805.0,1810.0,1777.5,1795.0
2017-08-10,1797.5,1802.5,1757.5,1765.0
2017-08-11,1765.0,1765.0,1765.0,1765.0
2017-08-14,1692.5,1740.0,1692.5,1702.5
2017-08-15,1672.5,1722.5,1660.0,1690.0
2017-08-16,1717.5,1720.0,1682.5,1685.0
2017-08-17,1690.0,1690.0,1660.0,1662.5
2017-08-18,1647.5,1650.0,1625.0,1647.5
2017-08-21,1675.0,1712.5,1667.5,1710.0
2017-08-22,1745.0,1752.5,1717.5,1722.5
2017-08-23,1732.5,1732.5,1705.0,1715.0
2017-08-24,1712.5,1737.5,1710.0,1732.5
2017-08-25,1740.0,1747.5,1682.5,1685.0
2017-08-28,1687.5,1720.0,1682.5,1720.0
2017-08-29,1702.5,1710.0,1687.5,1697.5
2017-08-30,1707.5,1710.0,1687.5,1700.0
2017-08-31,1687.5,1722.5,1687.5,1700.0
2017-09-01,1712.5,1722.5,1705.0,1710.0
2017-09-04,1710.0,1717.5,1662.5,1682.5
2017-09-05,1680.0,1680.0,1630.0,1640.0
2017-09-06,1625.0,1667.5,1600.0,1667.5
2017-09-07,1670.0,1670.0,1627.5,1632.5
2017-09-08,1622.5,1652.5,1620.0,1645.0
2017-09-11,1670.0,1682.5,1660.0,1665.0
2017-09-12,1672.5,1677.5,1657.5,1675.0
2017-09-13,1665.0,1705.0,1665.0,1705.0
2017-09-14,1707.5,1720.0,1657.5,1662.5
2017-09-15,1665.0,1695.0,1662.5,1695.0
2017-09-18,1695.0,1695.0,1695.0,1695.0
2017-09-19,1775.0,1795.0,1735.0,1767.5
2017-09-20,1775.0,1837.5,1775.0,1815.0
2017-09-21,1840.0,1895.0,1835.0,1870.0
2017-09-22,1862.5,1890.0,1852.5,1867.5
2017-09-25,1865.0,1902.5,1857.5,1897.5
2017-09-26,1917.5,1917.5,1890.0,1915.0
2017-09-27,1887.5,1902.5,1865.0,1867.5
2017-09-28,1887.5,1952.5,1885.0,1947.5
2017-09-29,1965.0,1982.5,1945.0,1965.0
2017-10-02,1975.0,1997.5,1965.0,1995.0
2017-10-03,1982.5,1997.5,1967.5,1985.0
2017-10-04,1975.0,1985.0,1967.5,1985.0
2017-10-05,1977.5,1997.5,1960.0,1975.0
2017-10-06,1967.5,1987.5,1960.0,1982.5
2017-10-09,1982.5,1982.5,1982.5,1982.5
2017-10-10,1997.5,2047.5,1997.5,2035.0
2017-10-11,2057.5,2077.5,2045.0,2047.5
2017-10-12,2050.0,2090.0,2045.0,2052.5
2017-10-13,2055.0,2087.5,2050.0,2077.5
2017-10-16,2062.5,2072.5,2040.0,2047.5
2017-10-17,2037.5,2042.5,2012.5,2042.5
2017-10-18,2035.0,2045.0,1992.5,2007.5
2017-10-19,2022.5,2040.0,2010.0,2027.5
2017-10-20,1997.5,2035.0,1997.5,2022.5
2017-10-23,2037.5,2042.5,2020.0,2027.5
2017-10-24,2025.0,2037.5,2005.0,2025.0
2017-10-25,2010.0,2015.0,1990.0,1995.0
2017-10-26,2002.5,2012.5,1980.0,1982.5
2017-10-27,2000.0,2052.5,1987.5,2047.5
2017-10-30,2072.5,2110.0,2052.5,2110.0
2017-10-31,2130.0,2187.5,2110.0,2180.0
2017-11-01,2215.0,2217.5,2142.5,2172.5
2017-11-02,2167.5,2190.0,2162.5,2187.5
2017-11-03,2187.5,2187.5,2187.5,2187.5
2017-11-06,2207.5,2217.5,2180.0,2197.5
2017-11-07,2180.0,2195.0,2157.5,2195.0
2017-11-08,2182.5,2210.0,2167.5,2210.0
2017-11-09,2200.0,2245.0,2190.0,2225.0
2017-11-10,2182.5,2240.0,2177.5,2222.5
2017-11-13,2362.5,2380.0,2227.5,2242.5
2017-11-14,2225.0,2247.5,2197.5,2210.0
2017-11-15,2510.0,2560.0,2500.0,2560.0
2017-11-16,2580.0,2650.0,2505.0,2570.0
2017-11-17,2560.0,2610.0,2515.0,2605.0
2017-11-20,2625.0,2630.0,2545.0,2560.0
2017-11-21,2575.0,2595.0,2560.0,2585.0
2017-11-22,2600.0,2680.0,2595.0,2655.0
2017-11-23,2655.0,2655.0,2655.0,2655.0
2017-11-24,2680.0,2695.0,2655.0,2665.0
2017-11-27,2665.0,2665.0,2595.0,2605.0
2017-11-28,2680.0,2720.0,2650.0,2710.0
2017-11-29,2725.0,2745.0,2685.0,2730.0
2017-11-30,2740.0,2770.0,2680.0,2770.0
2017-12-01,2675.0,2705.0,2620.0,2665.0
2017-12-04,2695.0,2715.0,2655.0,2665.0
2017-12-05,2665.0,2725.0,2635.0,2710.0
2017-12-06,2710.0,2770.0,2690.0,2720.0
2017-12-07,2760.0,2780.0,2715.0,2750.0
2017-12-08,2770.0,2820.0,2745.0,2795.0
2017-12-11,2825.0,2825.0,2755.0,2770.0
2017-12-12,2815.0,2925.0,2800.0,2910.0
2017-12-13,2905.0,2905.0,2850.0,2895.0
2017-12-14,2935.0,2990.0,2900.0,2985.0
2017-12-15,2955.0,2965.0,2855.0,2910.0
2017-12-18,2890.0,2950.0,2865.0,2930.0
2017-12-19,2930.0,2945.0,2900.0,2915.0
2017-12-20,2930.0,2945.0,2905.0,2945.0
2017-12-21,2945.0,2980.0,2920.0,2940.0
2017-12-22,2935.0,2975.0,2920.0,2970.0
2017-12-25,2990.0,3060.0,2980.0,3040.0
2017-12-26,3080.0,3095.0,3030.0,3045.0
2017-12-27,3055.0,3085.0,3040.0,3060.0
2017-12-28,3075.0,3075.0,2985.0,3010.0
2017-12-29,3055.0,3065.0,3010.0,3030.0
2018-01-01,3030.0,3030.0,3030.0,3030.0
2018-01-02,3030.0,3030.0,3030.0,3030.0
2018-01-03,3030.0,3030.0,3030.0,3030.0
2018-01-04,3045.0,3075.0,3005.0,3050.0
2018-01-05,3085.0,3120.0,3045.0,3085.0
2018-01-08,3085.0,3085.0,3085.0,3085.0
2018-01-09,3125.0,3210.0,3105.0,3130.0
2018-01-10,3145.0,3170.0,3090.0,3120.0
2018-01-11,3130.0,3145.0,3085.0,3130.0
2018-01-12,3135.0,3170.0,3120.0,3160.0
2018-01-15,3195.0,3240.0,3150.0,3230.0
2018-01-16,3250.0,3270.0,3205.0,3250.0
2018-01-17,3240.0,3290.0,3205.0,3280.0
2018-01-18,3300.0,3305.0,3195.0,3225.0
2018-01-19,3225.0,3280.0,3210.0,3270.0
2018-01-22,3275.0,3330.0,3260.0,3330.0
2018-01-23,3380.0,3410.0,3370.0,3395.0
2018-01-24,3420.0,3425.0,3355.0,3380.0
2018-01-25,3375.0,3405.0,3365.0,3385.0
2018-01-26,3410.0,3435.0,3380.0,3410.0
2018-01-29,3425.0,3485.0,3385.0,3455.0
2018-01-30,3475.0,3475.0,3375.0,3415.0
2018-01-31,3370.0,3370.0,3200.0,3205.0
2018-02-01,3165.0,3250.0,3130.0,3210.0
2018-02-02,3205.0,3255.0,3200.0,3235.0
2018-02-05,3175.0,3220.0,3115.0,3150.0
2018-02-06,2850.0,2990.0,2815.0,2890.0
2018-02-07,3110.0,3135.0,2925.0,2935.0
2018-02-08,3035.0,3065.0,2935.0,3040.0
2018-02-09,2935.0,3015.0,2930.0,3015.0
2018-02-12,3015.0,3015.0,3015.0,3015.0
2018-02-13,3065.0,3075.0,2950.0,2960.0
2018-02-14,2950.0,3015.0,2945.0,2990.0
2018-02-15,2990.0,3125.0,2990.0,3085.0
2018-02-16,3135.0,3195.0,3130.0,3155.0
2018-02-19,3155.0,3350.0,3140.0,3345.0
2018-02-20,3325.0,3370.0,3300.0,3350.0
2018-02-21,3335.0,3345.0,3310.0,3335.0
2018-02-22,3370.0,3390.0,3320.0,3355.0
2018-02-23,3375.0,3390.0,3315.0,3340.0
2018-02-26,3390.0,3395.0,3340.0,3345.0
2018-02-27,3375.0,3380.0,3305.0,3315.0
2018-02-28,3285.0,3300.0,3225.0,3225.0
2018-03-01,3200.0,3210.0,3145.0,3160.0
2018-03-02,3100.0,3175.0,3085.0,3150.0
2018-03-05,3105.0,3125.0,3070.0,3080.0
2018-03-06,3130.0,3210.0,3120.0,3180.0
2018-03-07,3145.0,3160.0,3085.0,3120.0
2018-03-08,3170.0,3220.0,3160.0,3200.0
2018-03-09,3220.0,3220.0,3155.0,3175.0
2018-03-12,3210.0,3285.0,3170.0,3225.0
2018-03-13,3190.0,3300.0,3185.0,3290.0
2018-03-14,3375.0,3430.0,3285.0,3360.0
2018-03-15,3340.0,3405.0,3330.0,3375.0
2018-03-16,3385.0,3385.0,3260.0,3275.0
2018-03-19,3240.0,3355.0,3230.0,3315.0
2018-03-20,3290.0,3305.0,3185.0,3265.0
2018-03-21,3265.0,3265.0,3265.0,3265.0
2018-03-22,3265.0,3320.0,3255.0,3315.0
2018-03-23,3210.0,3225.0,3165.0,3195.0
2018-03-26,3160.0,3210.0,3100.0,3205.0
2018-03-27,3250.0,3305.0,3245.0,3290.0
2018-03-28,3265.0,3285.0,3170.0,3205.0
2018-03-29,3245.0,3275.0,3185.0,3235.0
2018-03-30,3285.0,3320.0,3260.0,3300.0
2018-04-02,3300.0,3325.0,3270.0,3300.0
2018-04-03,3235.0,3245.0,3185.0,3225.0
2018-04-04,3250.0,3260.0,3150.0,3175.0
2018-04-05,3225.0,3235.0,3155.0,3185.0
2018-04-06,3170.0,3200.0,3140.0,3165.0
2018-04-09,3165.0,3185.0,3110.0,3160.0
2018-04-10,3170.0,3235.0,3150.0,3200.0
2018-04-11,3165.0,3180.0,3095.0,3115.0
2018-04-12,3150.0,3170.0,3125.0,3145.0
2018-04-13,3155.0,3185.0,3145.0,3155.0
2018-04-16,3155.0,3180.0,3115.0,3135.0
2018-04-17,3170.0,3185.0,3095.0,3120.0
2018-04-18,3120.0,3165.0,3095.0,3155.0
2018-04-19,3170.0,3170.0,2960.0,2975.0
2018-04-20,2930.0,2995.0,2845.0,2990.0
2018-04-23,2990.0,3015.0,2965.0,2995.0
2018-04-24,3035.0,3060.0,3015.0,3025.0
2018-04-25,3025.0,3055.0,3005.0,3045.0
2018-04-26,3050.0,3055.0,2990.0,3015.0
2018-04-27,3050.0,3065.0,3025.0,3060.0
2018-04-30,3060.0,3060.0,3060.0,3060.0
2018-05-01,3050.0,3050.0,2965.0,3010.0
2018-05-02,3000.0,3020.0,2935.0,3000.0
2018-05-03,3000.0,3000.0,3000.0,3000.0
2018-05-04,3000.0,3000.0,3000.0,3000.0
2018-05-07,3000.0,3095.0,2995.0,3075.0
2018-05-08,3020.0,3045.0,2960.0,3035.0
2018-05-09,3025.0,3035.0,2965.0,2995.0
2018-05-10,2995.0,3030.0,2995.0,3015.0
2018-05-11,3015.0,3100.0,3015.0,3100.0
2018-05-14,3135.0,3285.0,3135.0,3240.0
2018-05-15,3315.0,3315.0,3225.0,3255.0
2018-05-16,3375.0,3440.0,3260.0,3295.0
2018-05-17,3345.0,3390.0,3275.0,3310.0
2018-05-18,3295.0,3395.0,3285.0,3360.0
2018-05-21,3355.0,3360.0,3315.0,3330.0
2018-05-22,3310.0,3340.0,3295.0,3315.0
2018-05-23,3300.0,3320.0,3265.0,3300.0
2018-05-24,3330.0,3360.0,3260.0,3280.0
2018-05-25,3270.0,3350.0,3245.0,3285.0
2018-05-28,3285.0,3310.0,3265.0,3280.0
2018-05-29,3280.0,3300.0,3260.0,3275.0
2018-05-30,3245.0,3290.0,3190.0,3205.0
2018-05-31,3255.0,3460.0,3230.0,3430.0
2018-06-01,3380.0,3390.0,3300.0,3325.0
2018-06-04,3360.0,3410.0,3320.0,3335.0
2018-06-05,3305.0,3330.0,3170.0,3225.0
2018-06-06,3200.0,3205.0,3100.0,3105.0
2018-06-07,3145.0,3265.0,3145.0,3255.0
2018-06-08,3255.0,3315.0,3235.0,3265.0
2018-06-11,3260.0,3290.0,3240.0,3275.0
2018-06-12,3275.0,3285.0,3245.0,3260.0
2018-06-13,3265.0,3375.0,3255.0,3370.0
2018-06-14,3380.0,3380.0,3340.0,3355.0
2018-06-15,3420.0,3475.0,3400.0,3415.0
2018-06-18,3385.0,3395.0,3310.0,3330.0
2018-06-19,3305.0,3315.0,3220.0,3255.0
2018-06-20,3260.0,3300.0,3225.0,3290.0
2018-06-21,3290.0,3400.0,3275.0,3380.0
2018-06-22,3320.0,3320.0,3260.0,3260.0
2018-06-25,3320.0,3320.0,3175.0,3185.0
2018-06-26,3175.0,3210.0,3115.0,3205.0
2018-06-27,3220.0,3265.0,3165.0,3240.0
2018-06-28,3280.0,3295.0,3205.0,3280.0
2018-06-29,3305.0,3310.0,3255.0,3280.0
2018-07-02,3260.0,3260.0,3130.0,3140.0
2018-07-03,3110.0,3125.0,3015.0,3050.0
2018-07-04,3025.0,3040.0,2980.0,3025.0
2018-07-05,3015.0,3055.0,2955.0,2980.0
2018-07-06,2980.0,3005.0,2940.0,2990.0
2018-07-09,2990.0,3075.0,2970.0,3060.0
2018-07-10,3080.0,3100.0,2945.0,2950.0
2018-07-11,2900.0,2975.0,2890.0,2940.0
2018-07-12,2955.0,2975.0,2940.0,2950.0
2018-07-13,3000.0,3100.0,3000.0,3080.0
2018-07-16,3080.0,3080.0,3080.0,3080.0
2018-07-17,3090.0,3210.0,3080.0,3190.0
2018-07-18,3190.0,3200.0,3120.0,3135.0
2018-07-19,3160.0,3160.0,3110.0,3120.0
2018-07-20,3125.0,3140.0,3080.0,3090.0
2018-07-23,3080.0,3130.0,3075.0,3105.0
2018-07-24,3120.0,3140.0,3090.0,3120.0
2018-07-25,3115.0,3135.0,3090.0,3115.0
2018-07-26,3135.0,3170.0,3120.0,3165.0
2018-07-27,3205.0,3250.0,3180.0,3220.0
2018-07-30,3195.0,3205.0,3115.0,3115.0
2018-07-31,3085.0,3090.0,3015.0,3055.0
2018-08-01,3055.0,3120.0,3055.0,3070.0
2018-08-02,3045.0,3110.0,3045.0,3085.0
2018-08-03,3095.0,3155.0,3095.0,3145.0
2018-08-06,3100.0,3100.0,3045.0,3050.0
2018-08-07,3000.0,3005.0,2930.0,2955.0
2018-08-08,2965.0,3035.0,2940.0,2940.0
2018-08-09,2930.0,2965.0,2905.0,2955.0
2018-08-10,2975.0,2975.0,2930.0,2945.0
2018-08-13,2900.0,2910.0,2840.0,2850.0
2018-08-14,2845.0,2865.0,2800.0,2840.0
2018-08-15,2980.0,3060.0,2840.0,2855.0
2018-08-16,2775.0,2780.0,2570.0,2685.0
2018-08-17,2705.0,2740.0,2650.0,2705.0
2018-08-20,2805.0,2915.0,2800.0,2860.0
2018-08-21,2860.0,2975.0,2860.0,2965.0
2018-08-22,2955.0,2975.0,2895.0,2915.0
2018-08-23,2900.0,2950.0,2865.0,2940.0
2018-08-24,2960.0,2970.0,2930.0,2960.0
2018-08-27,3010.0,3085.0,2990.0,3060.0
2018-08-28,3080.0,3120.0,3070.0,3080.0
2018-08-29,3110.0,3155.0,3100.0,3140.0
2018-08-30,3175.0,3225.0,3160.0,3185.0
2018-08-31,3185.0,3295.0,3170.0,3245.0
2018-09-03,3195.0,3205.0,3045.0,3080.0
2018-09-04,3030.0,3080.0,2995.0,3055.0
2018-09-05,3005.0,3030.0,2865.0,2870.0
2018-09-06,2770.0,2770.0,2605.0,2640.0
2018-09-07,2595.0,2600.0,2490.0,2500.0
2018-09-10,2495.0,2595.0,2492.5,2570.0
2018-09-11,2625.0,2725.0,2610.0,2655.0
2018-09-12,2660.0,2730.0,2585.0,2600.0
2018-09-13,2580.0,2650.0,2560.0,2620.0
2018-09-14,2635.0,2760.0,2620.0,2745.0
2018-09-17,2745.0,2745.0,2745.0,2745.0
2018-09-18,2735.0,2825.0,2690.0,2790.0
2018-09-19,2800.0,2820.0,2750.0,2790.0
2018-09-20,2790.0,2835.0,2775.0,2810.0
2018-09-21,2835.0,2875.0,2805.0,2830.0
2018-09-24,2830.0,2830.0,2830.0,2830.0
2018-09-25,2780.0,2905.0,2765.0,2840.0
2018-09-26,2825.0,2885.0,2810.0,2845.0
2018-09-27,2795.0,2820.0,2750.0,2750.0
2018-09-28,2790.0,2835.0,2780.0,2800.0
2018-10-01,2790.0,2805.0,2755.0,2775.0
2018-10-02,2775.0,2790.0,2720.0,2745.0
2018-10-03,2770.0,2805.0,2695.0,2700.0
2018-10-04,2750.0,2800.0,2720.0,2770.0
2018-10-05,2805.0,2810.0,2755.0,2770.0
2018-10-08,2770.0,2770.0,2770.0,2770.0
2018-10-09,2700.0,2705.0,2615.0,2620.0
2018-10-10,2625.0,2640.0,2585.0,2615.0
2018-10-11,2465.0,2492.5,2452.5,2477.5
2018-10-12,2460.0,2480.0,2435.0,2475.0
2018-10-15,2440.0,2465.0,2417.5,2425.0
2018-10-16,2425.0,2465.0,2417.5,2440.0
2018-10-17,2487.5,2535.0,2472.5,2520.0
2018-10-18,2615.0,2655.0,2510.0,2545.0
2018-10-19,2465.0,2515.0,2460.0,2510.0
2018-10-22,2505.0,2540.0,2485.0,2515.0
2018-10-23,2480.0,2510.0,2380.0,2407.5
2018-10-24,2442.5,2490.0,2422.5,2472.5
2018-10-25,2405.0,2420.0,2357.5,2360.0
2018-10-26,2325.0,2352.5,2130.0,2150.0
2018-10-29,2132.5,2140.0,2057.5,2062.5
2018-10-30,2027.5,2092.5,2015.0,2070.0
2018-10-31,2105.0,2225.0,2080.0,2217.5
2018-11-01,2170.0,2215.0,2130.0,2197.5
2018-11-02,2185.0,2252.5,2162.5,2245.0
2018-11-05,2267.5,2292.5,2240.0,2270.0
2018-11-06,2250.0,2292.5,2235.0,2282.5
2018-11-07,2312.5,2337.5,2255.0,2280.0
2018-11-08,2345.0,2435.0,2325.0,2412.5
2018-11-09,2397.5,2410.0,2302.5,2355.0
2018-11-12,2355.0,2357.5,2285.0,2310.0
2018-11-13,2240.0,2240.0,2090.0,2142.5
2018-11-14,2175.0,2227.5,2155.0,2205.0
2018-11-15,1960.0,2020.0,1855.0,1867.5
2018-11-16,1810.0,1872.5,1802.5,1857.5
2018-11-19,1827.5,1880.0,1827.5,1862.5
2018-11-20,1827.5,1842.5,1780.0,1840.0
2018-11-21,1855.0,1857.5,1800.0,1835.0
2018-11-22,1840.0,1912.5,1830.0,1910.0
2018-11-23,1910.0,1910.0,1910.0,1910.0
2018-11-26,1897.5,1937.5,1887.5,1915.0
2018-11-27,1927.5,1967.5,1917.5,1960.0
2018-11-28,1965.0,1997.5,1930.0,1957.5
2018-11-29,2000.0,2040.0,1995.0,2030.0
2018-11-30,2005.0,2030.0,1977.5,2020.0
2018-12-03,2110.0,2130.0,2082.5,2112.5
2018-12-04,2092.5,2105.0,2012.5,2020.0
2018-12-05,1975.0,2062.5,1962.5,2030.0
2018-12-06,2047.5,2060.0,1982.5,2002.5
2018-12-07,2010.0,2060.0,2005.0,2050.0
2018-12-10,2015.0,2057.5,2012.5,2015.0
2018-12-11,2000.0,2015.0,1947.5,2000.0
2018-12-12,2017.5,2075.0,2015.0,2057.5
2018-12-13,2057.5,2095.0,2055.0,2077.5
2018-12-14,2075.0,2075.0,2000.0,2002.5
2018-12-17,1987.5,2037.5,1977.5,2005.0
2018-12-18,1947.5,1947.5,1885.0,1890.0
2018-12-19,1920.0,1975.0,1897.5,1972.5
2018-12-20,1925.0,1960.0,1865.0,1877.5
2018-12-21,1840.0,1850.0,1742.5,1777.5
2018-12-24,1777.5,1777.5,1777.5,1777.5
2018-12-25,1710.0,1740.0,1655.0,1670.0
2018-12-26,1702.5,1747.5,1667.5,1710.0
2018-12-27,1850.0,1895.0,1792.5,1870.0
2018-12-28,1850.0,1875.0,1830.0,1855.0
2018-12-31,1855.0,1855.0,1855.0,1855.0
2019-01-04,1775.0,1782.5,1742.5,1775.0
2019-01-07,1945.0,1997.5,1917.5,1960.0
2019-01-08,1957.5,1980.0,1930.0,1960.0
2019-01-09,2015.0,2022.5,1990.0,2017.5
2019-01-10,1987.5,1990.0,1937.5,1945.0
2019-01-11,1965.0,2012.5,1937.5,1972.5
2019-01-15,1990.0,2095.0,1975.0,2080.0
2019-01-16,2105.0,2142.5,2072.5,2102.5
2019-01-17,2085.0,2155.0,2085.0,2132.5
2019-01-18,2140.0,2172.5,2135.0,2167.5
2019-01-21,2167.5,2192.5,2150.0,2162.5
2019-01-22,2197.5,2212.5,2160.0,2172.5
2019-01-23,2105.0,2165.0,2100.0,2135.0
2019-01-24,2120.0,2182.5,2100.0,2180.0
2019-01-25,2215.0,2250.0,2202.5,2220.0
2019-01-28,2205.0,2242.5,2190.0,2222.5
2019-01-29,2212.5,2232.5,2182.5,2230.0
2019-01-30,2240.0,2245.0,2190.0,2210.0
2019-01-31,2262.5,2285.0,2242.5,2265.0
2019-02-01,2275.0,2275.0,2217.5,2227.5
2019-02-04,2262.5,2305.0,2250.0,2300.0
2019-02-05,2325.0,2325.0,2262.5,2285.0
2019-02-06,2302.5,2335.0,2285.0,2310.0
2019-02-07,2295.0,2302.5,2250.0,2270.0
2019-02-08,2235.0,2240.0,2152.5,2170.0
2019-02-12,2187.5,2242.5,2170.0,2230.0
2019-02-13,2265.0,2265.0,2217.5,2225.0
2019-02-14,2130.0,2260.0,2120.0,2222.5
2019-02-15,1990.0,1992.5,1872.5,1942.5
2019-02-18,1977.5,2005.0,1950.0,2000.0
2019-02-19,1977.5,1987.5,1925.0,1932.5
2019-02-20,1942.5,1957.5,1900.0,1952.5
2019-02-21,1980.0,1992.5,1950.0,1972.5
2019-02-22,1960.0,2000.0,1940.0,1990.0
2019-02-25,2002.5,2015.0,1967.5,2002.5
2019-02-26,2005.0,2020.0,1982.5,1997.5
2019-02-27,2015.0,2027.5,1977.5,1995.0
2019-02-28,1985.0,1985.0,1947.5,1965.0
2019-03-01,1955.0,2012.5,1955.0,1990.0
2019-03-04,2010.0,2022.5,1980.0,1992.5
2019-03-05,1990.0,2002.5,1937.5,1942.5
2019-03-06,1972.5,1975.0,1927.5,1947.5
2019-03-07,1955.0,1960.0,1927.5,1947.5
2019-03-08,1940.0,1962.5,1882.5,1890.0
2019-03-11,1922.5,1975.0,1912.5,1972.5
2019-03-12,1980.0,2037.5,1980.0,2030.0
2019-03-13,2025.0,2045.0,1987.5,1997.5
2019-03-14,2015.0,2037.5,1997.5,2000.0
2019-03-15,1990.0,2045.0,1987.5,2007.5
2019-03-18,2010.0,2037.5,2007.5,2017.5
2019-03-19,2015.0,2015.0,1990.0,2000.0
2019-03-20,1995.0,2017.5,1995.0,2015.0
2019-03-22,2010.0,2010.0,1987.5,2010.0
2019-03-25,1947.5,1952.5,1875.0,1907.5
2019-03-26,1922.5,1967.5,1915.0,1945.0
2019-03-27,1942.5,1967.5,1930.0,1940.0
2019-03-28,1920.0,1920.0,1875.0,1892.5
2019-03-29,1902.5,1927.5,1892.5,1897.5
2019-04-01,1960.0,1977.5,1947.5,1967.5
2019-04-02,2002.5,2015.0,1970.0,1975.0
2019-04-03,1950.0,1985.0,1935.0,1985.0
2019-04-04,1970.0,1990.0,1957.5,1962.5
2019-04-05,1972.5,1995.0,1965.0,1982.5
2019-04-08,2017.5,2050.0,2012.5,2012.5
2019-04-09,2000.0,2012.5,1977.5,2010.0
2019-04-10,2005.0,2030.0,2000.0,2007.5
2019-04-11,1990.0,1990.0,1952.5,1972.5
2019-04-12,1975.0,1990.0,1962.5,1975.0
2019-04-15,2010.0,2042.5,2005.0,2040.0
2019-04-16,2037.5,2072.5,2025.0,2072.5
2019-04-17,2085.0,2092.5,2045.0,2055.0
2019-04-18,2050.0,2050.0,1957.5,1965.0
2019-04-19,1987.5,1995.0,1972.5,1987.5
2019-04-22,1995.0,2030.0,1982.5,1982.5
2019-04-23,1982.5,1997.5,1970.0,1990.0
2019-04-24,2007.5,2022.5,1977.5,1990.0
2019-04-25,2005.0,2020.0,1977.5,2007.5
2019-04-26,1992.5,2035.0,1960.0,2032.5
2019-05-07,2065.0,2080.0,2020.0,2027.5
2019-05-08,2000.0,2000.0,1952.5,1955.0
2019-05-09,1930.0,1932.5,1880.0,1885.0
2019-05-10,1852.5,1870.0,1832.5,1842.5
2019-05-13,1812.5,1830.0,1805.0,1805.0
2019-05-14,1752.5,1820.0,1747.5,1805.0
2019-05-15,1797.5,1827.5,1790.0,1815.0
2019-05-16,1990.0,2092.5,1977.5,2045.0
2019-05-17,2030.0,2127.5,2030.0,2115.0
2019-05-20,2130.0,2197.5,2122.5,2142.5
2019-05-21,2100.0,2132.5,2087.5,2117.5
2019-05-22,2117.5,2167.5,2115.0,2157.5
2019-05-23,2177.5,2257.5,2162.5,2202.5
2019-05-24,2200.0,2365.0,2197.5,2350.0
2019-05-27,2342.5,2385.0,2310.0,2342.5
2019-05-28,2355.0,2360.0,2315.0,2360.0
2019-05-29,2330.0,2347.5,2277.5,2307.5
2019-05-30,2332.5,2332.5,2262.5,2292.5
2019-05-31,2257.5,2292.5,2237.5,2242.5
2019-06-03,2207.5,2220.0,2192.5,2215.0
2019-06-04,2215.0,2232.5,2187.5,2207.5
2019-06-05,2257.5,2277.5,2232.5,2267.5
2019-06-06,2287.5,2320.0,2272.5,2272.5
2019-06-07,2277.5,2330.0,2270.0,2325.0
2019-06-10,2385.0,2402.5,2350.0,2380.0
2019-06-11,2360.0,2400.0,2360.0,2377.5
2019-06-12,2365.0,2372.5,2352.5,2355.0
2019-06-13,2327.5,2345.0,2315.0,2337.5
2019-06-14,2350.0,2372.5,2335.0,2352.5
2019-06-17,2355.0,2375.0,2327.5,2365.0
2019-06-18,2362.5,2372.5,2332.5,2337.5
2019-06-19,2387.5,2445.0,2385.0,2442.5
2019-06-20,2422.5,2432.5,2372.5,2397.5
2019-06-21,2382.5,2382.5,2267.5,2280.0
2019-06-24,2255.0,2272.5,2237.5,2255.0
2019-06-25,2267.5,2310.0,2252.5,2262.5
2019-06-26,2250.0,2305.0,2240.0,2245.0
2019-06-27,2227.5,2260.0,2222.5,2232.5
2019-06-28,2242.5,2270.0,2195.0,2205.0
2019-07-01,2242.5,2292.5,2240.0,2282.5
2019-07-02,2285.0,2330.0,2280.0,2330.0
2019-07-03,2320.0,2320.0,2272.5,2310.0
2019-07-04,2307.5,2320.0,2270.0,2282.5
2019-07-05,2310.0,2310.0,2272.5,2290.0
2019-07-08,2285.0,2297.5,2242.5,2245.0
2019-07-09,2252.5,2265.0,2227.5,2240.0
2019-07-10,2240.0,2247.5,2207.5,2237.5
2019-07-11,2235.0,2262.5,2230.0,2252.5
2019-07-12,2265.0,2282.5,2252.5,2275.0
2019-07-16,2262.5,2340.0,2255.0,2325.0
2019-07-17,2332.5,2340.0,2305.0,2332.5
2019-07-18,2322.5,2330.0,2292.5,2305.0
2019-07-19,2292.5,2347.5,2292.5,2335.0
2019-07-22,2322.5,2327.5,2265.0,2265.0
2019-07-23,2300.0,2342.5,2297.5,2327.5
2019-07-24,2345.0,2345.0,2327.5,2340.0
2019-07-25,2360.0,2395.0,2360.0,2385.0
2019-07-26,2375.0,2402.5,2367.5,2397.5
2019-07-29,2415.0,2455.0,2395.0,2397.5
2019-07-30,2415.0,2425.0,2380.0,2385.0
2019-07-31,2392.5,2420.0,2387.5,2397.5
2019-08-01,2382.5,2412.5,2370.0,2405.0
2019-08-02,2367.5,2387.5,2340.0,2367.5
2019-08-05,2332.5,2355.0,2322.5,2355.0
2019-08-06,2270.0,2320.0,2267.5,2312.5
2019-08-07,2300.0,2355.0,2292.5,2325.0
2019-08-08,2330.0,2340.0,2302.5,2322.5
2019-08-09,2335.0,2362.5,2330.0,2335.0
2019-08-13,2310.0,2345.0,2297.5,2330.0
2019-08-14,2355.0,2370.0,2325.0,2342.5
2019-08-15,2280.0,2280.0,2192.5,2245.0
2019-08-16,2245.0,2320.0,2215.0,2310.0
2019-08-19,2375.0,2472.5,2370.0,2470.0
2019-08-20,2500.0,2625.0,2500.0,2590.0
2019-08-21,2545.0,2575.0,2530.0,2545.0
2019-08-22,2560.0,2560.0,2465.0,2467.5
2019-08-23,2500.0,2515.0,2452.5,2467.5
2019-08-26,2432.5,2437.5,2395.0,2430.0
2019-08-27,2445.0,2515.0,2435.0,2500.0
2019-08-28,2545.0,2545.0,2425.0,2437.5
2019-08-29,2472.5,2475.0,2402.5,2442.5
2019-08-30,2455.0,2455.0,2412.5,2412.5
2019-09-02,2402.5,2472.5,2402.5,2457.5
2019-09-03,2472.5,2482.5,2435.0,2440.0
2019-09-04,2470.0,2505.0,2452.5,2505.0
2019-09-05,2535.0,2630.0,2535.0,2610.0
2019-09-06,2615.0,2620.0,2565.0,2585.0
2019-09-09,2565.0,2660.0,2560.0,2650.0
2019-09-10,2640.0,2655.0,2605.0,2615.0
2019-09-11,2590.0,2605.0,2565.0,2585.0
2019-09-12,2570.0,2595.0,2555.0,2560.0
2019-09-13,2545.0,2580.0,2530.0,2555.0
2019-09-17,2555.0,2620.0,2535.0,2605.0
2019-09-18,2615.0,2655.0,2605.0,2635.0
2019-09-19,2665.0,2735.0,2650.0,2675.0
2019-09-20,2720.0,2725.0,2675.0,2705.0
2019-09-24,2655.0,2695.0,2650.0,2670.0
2019-09-25,2655.0,2710.0,2650.0,2690.0
2019-09-26,2725.0,2765.0,2695.0,2745.0
2019-09-27,2762.0,2762.0,2651.0,2694.0
2019-09-30,2494.0,2592.0,2487.0,2574.0
2019-10-01,2614.0,2687.0,2583.0,2670.0
2019-10-02,2685.0,2720.0,2651.0,2661.0
2019-10-03,2596.0,2638.0,2584.0,2620.0
2019-10-04,2597.0,2650.0,2567.0,2649.0
2019-10-07,2674.0,2700.0,2651.0,2692.0
2019-10-08,2687.0,2715.0,2682.0,2710.0
2019-10-09,2720.0,2770.0,2717.0,2757.0
2019-10-10,2744.0,2749.0,2694.0,2711.0
2019-10-11,2734.0,2747.0,2697.0,2741.0
2019-10-15,2786.0,2824.0,2749.0,2812.0
2019-10-16,2848.0,2899.0,2828.0,2844.0
2019-10-17,2821.0,2852.0,2805.0,2809.0
2019-10-18,2802.0,2818.0,2751.0,2757.0
2019-10-21,2827.0,2886.0,2810.0,2880.0
2019-10-23,2880.0,2923.0,2856.0,2897.0
2019-10-24,2860.0,2866.0,2801.0,2831.0
2019-10-25,2840.0,2851.0,2803.0,2831.0
2019-10-28,2828.0,2828.0,2788.0,2817.0
2019-10-29,2803.0,2831.0,2780.0,2780.0
2019-10-30,2753.0,2780.0,2730.0,2777.0
2019-10-31,2808.0,2826.0,2772.0,2781.0
2019-11-01,2766.0,2788.0,2762.0,2776.0
2019-11-05,2836.0,2869.0,2818.0,2849.0
2019-11-06,2865.0,2869.0,2803.0,2807.0
2019-11-07,2794.0,2839.0,2785.0,2828.0
2019-11-08,2845.0,2867.0,2829.0,2849.0
2019-11-11,2870.0,2913.0,2852.0,2853.0
2019-11-12,2862.0,2885.0,2858.0,2868.0
2019-11-13,2869.0,2893.0,2851.0,2873.0
2019-11-14,2900.0,2939.0,2836.0,2849.0
2019-11-15,2970.0,3255.0,2948.0,3235.0
2019-11-18,3280.0,3520.0,3280.0,3490.0
2019-11-19,3435.0,3530.0,3425.0,3510.0
2019-11-20,3470.0,3475.0,3290.0,3340.0
2019-11-21,3350.0,3490.0,3350.0,3485.0
2019-11-22,3495.0,3535.0,3440.0,3515.0
2019-11-25,3535.0,3560.0,3480.0,3510.0
2019-11-26,3510.0,3515.0,3390.0,3410.0
2019-11-27,3000.0,3045.0,2889.0,2976.0
2019-11-28,2950.0,2952.0,2848.0,2864.0
2019-11-29,2890.0,2947.0,2873.0,2929.0
2019-12-02,2960.0,2967.0,2857.0,2920.0
2019-12-03,2907.0,2999.0,2888.0,2999.0
2019-12-04,2991.0,3025.0,2955.0,2999.0
2019-12-05,3010.0,3030.0,2988.0,3020.0
2019-12-06,3030.0,3040.0,2990.0,3000.0
2019-12-09,3040.0,3065.0,3015.0,3055.0
2019-12-10,3025.0,3100.0,3020.0,3080.0
2019-12-11,3145.0,3210.0,3090.0,3125.0
2019-12-12,3095.0,3110.0,3030.0,3070.0
2019-12-13,3100.0,3115.0,2991.0,3010.0
2019-12-16,3040.0,3115.0,3035.0,3080.0
2019-12-17,3110.0,3155.0,3095.0,3155.0
2019-12-18,3145.0,3180.0,3135.0,3165.0
2019-12-19,3175.0,3215.0,3140.0,3185.0
2019-12-20,3160.0,3175.0,3140.0,3165.0
2019-12-23,3155.0,3165.0,3100.0,3135.0
2019-12-24,3140.0,3160.0,3125.0,3150.0
2019-12-25,3180.0,3180.0,3100.0,3115.0
2019-12-26,3140.0,3170.0,3115.0,3145.0
2019-12-27,3105.0,3155.0,3105.0,3150.0
2019-12-30,3130.0,3160.0,3110.0,3130.0
2020-01-06,3090.0,3175.0,3085.0,3140.0
2020-01-07,3165.0,3205.0,3135.0,3200.0
2020-01-08,3185.0,3195.0,3070.0,3160.0
2020-01-09,3200.0,3205.0,3160.0,3195.0
2020-01-10,3180.0,3190.0,3145.0,3175.0
2020-01-14,3160.0,3170.0,3010.0,3030.0
2020-01-15,3015.0,3055.0,3010.0,3030.0
2020-01-16,3045.0,3070.0,3040.0,3055.0
2020-01-17,3050.0,3070.0,3005.0,3005.0
2020-01-20,3025.0,3035.0,2980.0,3000.0
2020-01-21,2987.0,3005.0,2968.0,2973.0
2020-01-22,2982.0,3095.0,2982.0,3040.0
2020-01-23,3050.0,3060.0,3005.0,3030.0
2020-01-24,3050.0,3050.0,2965.0,3030.0
2020-01-27,2982.0,3000.0,2918.0,2919.0
2020-01-28,2896.0,2992.0,2871.0,2976.0
2020-01-29,3015.0,3025.0,2943.0,2946.0
2020-01-30,2930.0,2931.0,2873.0,2903.0
2020-01-31,2900.0,2970.0,2900.0,2937.0
2020-02-03,2897.0,2953.0,2895.0,2932.0
2020-02-04,2946.0,3005.0,2943.0,2987.0
2020-02-05,2999.0,3060.0,2983.0,3040.0
2020-02-06,3110.0,3160.0,3080.0,3140.0
2020-02-07,3135.0,3145.0,3030.0,3035.0
2020-02-10,3070.0,3110.0,3040.0,3045.0
2020-02-12,3055.0,3085.0,2999.0,2999.0
2020-02-13,2998.0,3000.0,2951.0,2959.0
2020-02-14,2913.0,2953.0,2906.0,2911.0
2020-02-17,3145.0,3220.0,3055.0,3170.0
2020-02-18,3235.0,3330.0,3175.0,3190.0
2020-02-19,3190.0,3200.0,3110.0,3115.0
2020-02-20,3090.0,3160.0,3080.0,3100.0
2020-02-21,3205.0,3290.0,3200.0,3275.0
2020-02-25,3220.0,3275.0,3090.0,3105.0
2020-02-26,3060.0,3100.0,3000.0,3065.0
2020-02-27,3035.0,3050.0,2928.0,2935.0
2020-02-28,2805.0,2831.0,2689.0,2722.0
2020-03-02,2672.0,2877.0,2672.0,2854.0
2020-03-03,2882.0,2917.0,2767.0,2780.0
2020-03-04,2778.0,2910.0,2768.0,2863.0
2020-03-05,2910.0,3020.0,2910.0,2941.0
2020-03-06,2917.0,2953.0,2881.0,2882.0
2020-03-09,2738.0,2761.0,2577.0,2593.0
2020-03-10,2543.0,2683.0,2447.0,2665.0
2020-03-11,2630.0,2648.0,2468.0,2468.0
2020-03-12,2389.0,2444.0,2318.0,2370.0
2020-03-13,2134.0,2219.0,1954.0,2115.0
2020-03-16,2116.0,2166.0,1966.0,1969.0
2020-03-17,1871.0,1930.0,1818.0,1891.0
2020-03-18,1885.0,1962.0,1844.0,1892.0
2020-03-19,1888.0,1923.0,1731.0,1822.0
2020-03-23,1800.0,1892.0,1756.0,1867.0
2020-03-24,1907.0,2034.0,1881.0,2023.0
2020-03-25,2296.0,2397.0,2186.0,2254.0
2020-03-26,2200.0,2200.0,2028.0,2055.0
2020-03-27,2144.0,2213.0,2062.0,2134.0
2020-03-30,2065.0,2178.0,2005.0,2171.0
2020-03-31,2188.0,2246.0,2135.0,2225.0
2020-04-01,2175.0,2176.0,2024.0,2056.0
2020-04-02,2027.0,2063.0,1938.0,1973.0
2020-04-03,2171.0,2176.0,1869.0,1875.0
2020-04-06,1853.0,1951.0,1827.0,1938.0
2020-04-07,2218.0,2325.0,2109.0,2203.0
2020-04-08,2205.0,2320.0,2154.0,2279.0
2020-04-09,2269.0,2309.0,2219.0,2243.0
2020-04-10,2308.0,2314.0,2192.0,2255.0
2020-04-13,2190.0,2218.0,2124.0,2128.0
2020-04-14,2124.0,2201.0,2114.0,2194.0
2020-04-15,2193.0,2262.0,2156.0,2178.0
2020-04-16,2140.0,2215.0,2137.0,2200.0
2020-04-17,2300.0,2305.0,2235.0,2284.0
2020-04-20,2242.0,2272.0,2212.0,2260.0
2020-04-21,2271.0,2275.0,2177.0,2177.0
2020-04-22,2151.0,2184.0,2112.0,2155.0
2020-04-23,2120.0,2192.0,2120.0,2192.0
2020-04-24,2149.0,2198.0,2126.0,2182.0
2020-04-27,2189.0,2222.0,2152.0,2217.0
2020-04-28,2248.0,2267.0,2202.0,2246.0
2020-04-30,2308.0,2379.0,2281.0,2375.0
2020-05-01,2309.0,2315.0,2252.0,2278.0
2020-05-07,2378.0,2411.0,2270.0,2310.0
2020-05-08,2360.0,2414.0,2329.0,2398.0
2020-05-11,2448.0,2452.0,2387.0,2440.0
2020-05-12,2490.0,2498.0,2426.0,2451.0
2020-05-13,2390.0,2481.0,2370.0,2463.0
2020-05-14,2398.0,2408.0,2304.0,2324.0
2020-05-15,2397.0,2400.0,2307.0,2389.0
2020-05-18,2513.0,2635.0,2473.0,2613.0
2020-05-19,2763.0,2821.0,2645.0,2678.0
2020-05-20,2668.0,2724.0,2648.0,2713.0
2020-05-21,2730.0,2745.0,2690.0,2704.0
2020-05-22,2685.0,2718.0,2648.0,2685.0
2020-05-25,2733.0,2834.0,2711.0,2819.0
2020-05-26,2878.0,2953.0,2870.0,2896.0
2020-05-27,2944.0,2953.0,2860.0,2878.0
2020-05-28,2918.0,2975.0,2886.0,2943.0
2020-05-29,2928.0,3030.0,2900.0,2978.0
2020-06-01,3000.0,3045.0,2972.0,3030.0
2020-06-02,3090.0,3125.0,3045.0,3090.0
2020-06-03,3130.0,3170.0,3115.0,3150.0
2020-06-04,3145.0,3160.0,3010.0,3070.0
2020-06-05,3065.0,3075.0,2999.0,3060.0
2020-06-08,3130.0,3165.0,3115.0,3145.0
2020-06-09,3300.0,3435.0,3270.0,3415.0
2020-06-10,3425.0,3615.0,3400.0,3535.0
2020-06-11,3550.0,3675.0,3475.0,3500.0
2020-06-12,3340.0,3520.0,3330.0,3480.0
2020-06-15,3480.0,3510.0,3345.0,3365.0
2020-06-16,3495.0,3625.0,3495.0,3520.0
2020-06-17,3635.0,3635.0,3505.0,3555.0
2020-06-18,3550.0,3600.0,3510.0,3580.0
2020-06-19,3550.0,3575.0,3485.0,3550.0
2020-06-22,3510.0,3585.0,3490.0,3555.0
2020-06-23,3575.0,3620.0,3530.0,3565.0
2020-06-24,3540.0,3715.0,3535.0,3640.0
2020-06-25,3600.0,3655.0,3560.0,3645.0
2020-06-26,3690.0,3760.0,3650.0,3690.0
2020-06-29,3725.0,3740.0,3630.0,3685.0
2020-06-30,3800.0,3810.0,3680.0,3690.0
2020-07-01,3655.0,3665.0,3550.0,3580.0
2020-07-02,3620.0,3655.0,3550.0,3560.0
2020-07-03,3540.0,3640.0,3525.0,3625.0
2020-07-06,3630.0,3740.0,3620.0,3730.0
2020-07-07,3780.0,3820.0,3735.0,3770.0
2020-07-08,3780.0,3790.0,3665.0,3735.0
2020-07-09,3710.0,3755.0,3625.0,3720.0
2020-07-10,3700.0,3725.0,3645.0,3645.0
2020-07-13,3450.0,3455.0,3315.0,3425.0
2020-07-14,3400.0,3460.0,3260.0,3310.0
2020-07-15,3335.0,3360.0,3285.0,3325.0
2020-07-16,3300.0,3325.0,3210.0,3230.0
2020-07-17,3220.0,3255.0,3170.0,3215.0
2020-07-20,3160.0,3200.0,3085.0,3200.0
2020-07-21,3215.0,3240.0,3125.0,3125.0
2020-07-22,3125.0,3220.0,3125.0,3200.0
2020-07-27,3155.0,3170.0,3090.0,3120.0
2020-07-28,3125.0,3170.0,3115.0,3130.0
2020-07-29,3130.0,3200.0,3060.0,3070.0
2020-07-30,3045.0,3110.0,3025.0,3075.0
2020-07-31,3055.0,3095.0,2989.0,2994.0
2020-08-03,3085.0,3175.0,3080.0,3120.0
2020-08-04,3125.0,3250.0,3110.0,3220.0
2020-08-05,3260.0,3270.0,3190.0,3230.0
2020-08-06,3160.0,3180.0,3120.0,3180.0
2020-08-07,3180.0,3215.0,3135.0,3180.0
2020-08-11,3220.0,3350.0,3200.0,3350.0
2020-08-12,3390.0,3540.0,3385.0,3510.0
2020-08-13,3495.0,3495.0,3370.0,3430.0
2020-08-14,3475.0,3535.0,3425.0,3450.0
2020-08-17,3590.0,3680.0,3420.0,3450.0
2020-08-18,3450.0,3475.0,3415.0,3445.0
2020-08-19,3450.0,3530.0,3420.0,3530.0
2020-08-20,3500.0,3545.0,3490.0,3515.0
2020-08-21,3570.0,3650.0,3560.0,3620.0
2020-08-24,3645.0,3690.0,3600.0,3635.0
2020-08-25,3665.0,3685.0,3590.0,3605.0
2020-08-26,3580.0,3630.0,3535.0,3605.0
2020-08-27,3630.0,3645.0,3550.0,3565.0
2020-08-28,3635.0,3755.0,3530.0,3595.0
2020-08-31,3770.0,3855.0,3725.0,3765.0
2020-09-01,3740.0,3800.0,3705.0,3785.0
2020-09-02,3785.0,3785.0,3655.0,3730.0
2020-09-03,3710.0,3715.0,3655.0,3675.0
2020-09-04,3605.0,3630.0,3575.0,3575.0
2020-09-07,3625.0,3635.0,3510.0,3515.0
2020-09-08,3585.0,3585.0,3520.0,3570.0
2020-09-09,3510.0,3555.0,3475.0,3555.0
2020-09-10,3625.0,3640.0,3570.0,3615.0
2020-09-11,3645.0,3670.0,3605.0,3640.0
2020-09-14,3660.0,3720.0,3630.0,3710.0
2020-09-15,3730.0,3765.0,3675.0,3760.0
2020-09-16,3755.0,3820.0,3705.0,3810.0
2020-09-17,3825.0,3865.0,3795.0,3835.0
2020-09-18,3835.0,3895.0,3725.0,3740.0
2020-09-23,3685.0,3755.0,3680.0,3690.0
2020-09-24,3645.0,3700.0,3610.0,3625.0
2020-09-25,3685.0,3755.0,3670.0,3690.0
2020-09-28,3765.0,3810.0,3750.0,3810.0
2020-09-29,3735.0,3830.0,3720.0,3815.0
2020-09-30,3800.0,3910.0,3780.0,3800.0
2020-10-02,3815.0,3815.0,3680.0,3715.0
2020-10-05,3780.0,3915.0,3775.0,3900.0
2020-10-06,3920.0,3935.0,3745.0,3785.0
2020-10-07,3760.0,3820.0,3735.0,3790.0
2020-10-08,3860.0,3885.0,3795.0,3840.0
2020-10-09,3860.0,3895.0,3805.0,3830.0
2020-10-12,3835.0,3855.0,3790.0,3845.0
2020-10-13,3860.0,3875.0,3770.0,3780.0
2020-10-14,3730.0,3740.0,3655.0,3710.0
2020-10-15,3715.0,3775.0,3695.0,3745.0
2020-10-16,3720.0,3760.0,3705.0,3755.0
2020-10-19,3750.0,3840.0,3740.0,3835.0
2020-10-20,3800.0,3885.0,3785.0,3810.0
2020-10-21,3760.0,3850.0,3760.0,3815.0
2020-10-22,3770.0,3800.0,3645.0,3760.0
2020-10-23,3750.0,3760.0,3665.0,3745.0
2020-10-26,3800.0,3805.0,3585.0,3585.0
2020-10-27,3550.0,3620.0,3515.0,3610.0
2020-10-28,3585.0,3600.0,3540.0,3575.0
2020-10-29,3510.0,3635.0,3510.0,3630.0
2020-10-30,3655.0,3660.0,3550.0,3555.0
2020-11-02,3555.0,3615.0,3440.0,3565.0
2020-11-04,3555.0,3690.0,3530.0,3690.0
2020-11-05,3740.0,3925.0,3740.0,3905.0
2020-11-06,3915.0,3965.0,3865.0,3940.0
2020-11-09,4010.0,4075.0,3970.0,4070.0
2020-11-10,4180.0,4190.0,3990.0,4015.0
2020-11-11,3985.0,4075.0,3960.0,4055.0
2020-11-12,4080.0,4080.0,4025.0,4040.0
2020-11-13,4010.0,4050.0,3960.0,4020.0
2020-11-16,3995.0,4055.0,3795.0,4025.0
2020-11-17,3960.0,4055.0,3940.0,4025.0
2020-11-18,4015.0,4105.0,3975.0,4080.0
2020-11-19,4085.0,4105.0,3990.0,4020.0
2020-11-20,4025.0,4095.0,4020.0,4045.0
2020-11-24,4095.0,4120.0,3975.0,3985.0
2020-11-25,4045.0,4090.0,3870.0,3875.0
2020-11-26,3925.0,4060.0,3865.0,4010.0
2020-11-27,4070.0,4095.0,4000.0,4085.0
2020-11-30,4135.0,4210.0,4115.0,4135.0
2020-12-01,4135.0,4265.0,4135.0,4265.0
2020-12-02,4335.0,4340.0,4085.0,4110.0
2020-12-03,4070.0,4125.0,4015.0,4035.0
2020-12-04,4075.0,4090.0,3965.0,4020.0
2020-12-07,4005.0,4015.0,3850.0,3885.0
2020-12-08,3885.0,3930.0,3880.0,3905.0
2020-12-09,4035.0,4035.0,3925.0,3955.0
2020-12-10,3935.0,3965.0,3895.0,3915.0
2020-12-11,3910.0,3930.0,3820.0,3850.0
2020-12-14,3910.0,3930.0,3840.0,3870.0
2020-12-15,3900.0,3935.0,3765.0,3795.0
2020-12-16,3865.0,3965.0,3860.0,3925.0
2020-12-17,3855.0,3870.0,3825.0,3855.0
2020-12-18,3820.0,3860.0,3745.0,3775.0
2020-12-21,3790.0,3835.0,3760.0,3780.0
2020-12-22,3745.0,3765.0,3695.0,3720.0
2020-12-23,3810.0,3830.0,3710.0,3765.0
2020-12-24,3820.0,3855.0,3785.0,3830.0
2020-12-25,3900.0,3900.0,3830.0,3850.0
2020-12-28,3850.0,3860.0,3805.0,3840.0
2020-12-29,3795.0,3815.0,3760.0,3810.0
2020-12-30,3775.0,3825.0,3755.0,3790.0
2021-01-04,3800.0,3815.0,3725.0,3735.0
2021-01-05,3750.0,3775.0,3725.0,3765.0
2021-01-06,3800.0,3875.0,3800.0,3835.0
2021-01-07,3865.0,3920.0,3855.0,3870.0
2021-01-08,3855.0,3930.0,3855.0,3930.0
2021-01-12,4000.0,4085.0,3930.0,4085.0
2021-01-13,4070.0,4180.0,4065.0,4170.0
2021-01-14,4165.0,4260.0,4140.0,4170.0
2021-01-15,4125.0,4255.0,4120.0,4240.0
2021-01-18,4200.0,4305.0,4185.0,4300.0
2021-01-19,4285.0,4345.0,4255.0,4340.0
2021-01-20,4305.0,4315.0,4130.0,4140.0
2021-01-21,4080.0,4190.0,4075.0,4100.0
2021-01-22,4095.0,4240.0,4085.0,4205.0
2021-01-25,4200.0,4215.0,4160.0,4205.0
2021-01-26,4135.0,4170.0,4080.0,4105.0
2021-01-27,4175.0,4280.0,4175.0,4270.0
2021-01-28,4225.0,4340.0,4165.0,4300.0
2021-01-29,4295.0,4400.0,4215.0,4220.0
2021-02-01,4210.0,4350.0,4210.0,4305.0
2021-02-02,4315.0,4400.0,4315.0,4400.0
2021-02-03,4395.0,4400.0,4315.0,4400.0
2021-02-04,4410.0,4420.0,4360.0,4390.0
2021-02-05,4415.0,4440.0,4375.0,4385.0
2021-02-08,4455.0,4495.0,4395.0,4470.0
2021-02-09,4475.0,4520.0,4425.0,4445.0
2021-02-10,4485.0,4520.0,4405.0,4505.0
2021-02-12,4515.0,4530.0,4450.0,4460.0
2021-02-15,4510.0,4520.0,4170.0,4250.0
2021-02-16,4295.0,4385.0,4260.0,4275.0
2021-02-17,4225.0,4285.0,4090.0,4095.0
2021-02-18,4130.0,4150.0,4010.0,4045.0
2021-02-19,4000.0,4090.0,3970.0,4080.0
2021-02-22,4135.0,4155.0,4090.0,4100.0
2021-02-24,4100.0,4210.0,4070.0,4080.0
2021-02-25,4200.0,4215.0,4155.0,4185.0
2021-02-26,4125.0,4180.0,4080.0,4080.0
2021-03-01,4180.0,4210.0,4145.0,4205.0
2021-03-02,4200.0,4200.0,4075.0,4135.0
2021-03-03,4130.0,4210.0,4085.0,4195.0
2021-03-04,4140.0,4260.0,4140.0,4240.0
2021-03-05,4285.0,4310.0,4200.0,4310.0
2021-03-08,4380.0,4400.0,4245.0,4280.0
2021-03-09,4310.0,4505.0,4300.0,4505.0
2021-03-10,4500.0,4545.0,4450.0,4510.0
2021-03-11,4505.0,4575.0,4495.0,4575.0
2021-03-12,4590.0,4615.0,4505.0,4610.0
2021-03-15,4645.0,4665.0,4505.0,4550.0
2021-03-16,4580.0,4655.0,4570.0,4655.0
2021-03-17,4655.0,4735.0,4630.0,4735.0
2021-03-18,4775.0,4820.0,4715.0,4815.0
2021-03-19,4745.0,4865.0,4700.0,4865.0
2021-03-22,4855.0,4870.0,4790.0,4845.0
2021-03-23,4870.0,4925.0,4760.0,4785.0
2021-03-24,4790.0,4845.0,4640.0,4670.0
2021-03-25,4610.0,4680.0,4600.0,4665.0
2021-03-26,4705.0,4715.0,4640.0,4675.0
2021-03-29,4680.0,4715.0,4500.0,4560.0
2021-03-30,4565.0,4665.0,4510.0,4655.0
2021-03-31,4685.0,4755.0,4655.0,4720.0
2021-04-01,4790.0,4915.0,4765.0,4910.0
2021-04-02,4930.0,5010.0,4810.0,4815.0
2021-04-05,4925.0,5000.0,4920.0,4995.0
2021-04-06,5060.0,5110.0,4995.0,5040.0
2021-04-07,5080.0,5140.0,5060.0,5110.0
2021-04-08,5120.0,5120.0,4930.0,5000.0
2021-04-09,5050.0,5110.0,4890.0,4895.0
2021-04-12,4885.0,4995.0,4875.0,4920.0
2021-04-13,4945.0,5040.0,4920.0,5020.0
2021-04-14,5050.0,5070.0,4995.0,5010.0
2021-04-15,4940.0,4965.0,4885.0,4925.0
2021-04-16,4980.0,5060.0,4965.0,5050.0
2021-04-19,5050.0,5060.0,4945.0,4975.0
2021-04-20,4930.0,4945.0,4835.0,4870.0
2021-04-21,4765.0,4805.0,4715.0,4750.0
2021-04-22,4755.0,4795.0,4695.0,4715.0
2021-04-23,4730.0,4760.0,4650.0,4650.0
2021-04-26,4680.0,4680.0,4605.0,4615.0
2021-04-27,4635.0,4645.0,4550.0,4550.0
2021-04-28,4535.0,4590.0,4525.0,4565.0
2021-04-30,4515.0,4585.0,4500.0,4545.0
2021-05-06,4515.0,4670.0,4495.0,4640.0
2021-05-07,4640.0,4735.0,4600.0,4705.0
2021-05-10,4700.0,4705.0,4465.0,4540.0
2021-05-11,4515.0,4520.0,4405.0,4430.0
2021-05-12,4405.0,4455.0,4290.0,4330.0
2021-05-13,4260.0,4280.0,4155.0,4190.0
2021-05-14,4240.0,4360.0,4210.0,4330.0
2021-05-17,4640.0,4675.0,4485.0,4585.0
2021-05-18,4670.0,4765.0,4635.0,4660.0
2021-05-19,4675.0,4695.0,4595.0,4690.0
2021-05-20,4710.0,4925.0,4705.0,4865.0
2021-05-21,4925.0,4940.0,4855.0,4920.0
2021-05-24,4900.0,4920.0,4830.0,4905.0
2021-05-25,5010.0,5080.0,4950.0,5020.0
2021-05-26,4975.0,5030.0,4915.0,4995.0
2021-05-27,5030.0,5120.0,5000.0,5110.0
2021-05-28,5150.0,5150.0,4985.0,5100.0
2021-05-31,5050.0,5160.0,5040.0,5090.0
2021-06-01,5100.0,5130.0,5040.0,5110.0
2021-06-02,5240.0,5290.0,5140.0,5190.0
2021-06-03,5200.0,5260.0,5170.0,5250.0
2021-06-04,5190.0,5220.0,5180.0,5190.0
2021-06-07,5200.0,5200.0,5140.0,5190.0
2021-06-08,5170.0,5220.0,5160.0,5190.0
2021-06-09,5240.0,5260.0,5200.0,5210.0
2021-06-10,5220.0,5350.0,5210.0,5330.0
2021-06-11,5290.0,5350.0,5250.0,5330.0
2021-06-14,5290.0,5320.0,5180.0,5220.0
2021-06-15,5190.0,5230.0,5160.0,5200.0
2021-06-16,5150.0,5250.0,5140.0,5220.0
2021-06-17,5200.0,5240.0,5190.0,5240.0
2021-06-18,5240.0,5300.0,5220.0,5260.0
2021-06-21,5120.0,5170.0,5080.0,5110.0
2021-06-22,5130.0,5220.0,5130.0,5160.0
2021-06-23,5260.0,5290.0,5190.0,5260.0
2021-06-24,5240.0,5300.0,5230.0,5250.0
2021-06-25,5270.0,5320.0,5230.0,5240.0
2021-06-28,5250.0,5270.0,5180.0,5240.0
2021-06-29,5190.0,5250.0,5150.0,5240.0
2021-06-30,5210.0,5270.0,5180.0,5220.0
2021-07-01,5190.0,5200.0,5150.0,5150.0
2021-07-02,5180.0,5230.0,5150.0,5230.0
2021-07-05,5230.0,5290.0,5200.0,5250.0
2021-07-06,5330.0,5390.0,5270.0,5280.0
2021-07-07,5200.0,5290.0,5200.0,5260.0
2021-07-08,5260.0,5290.0,5210.0,5210.0
2021-07-09,5140.0,5190.0,5060.0,5180.0
2021-07-12,5260.0,5350.0,5240.0,5320.0
2021-07-13,5320.0,5470.0,5270.0,5450.0
2021-07-14,5400.0,5420.0,5280.0,5280.0
2021-07-15,5340.0,5380.0,5210.0,5260.0
2021-07-16,5250.0,5320.0,5220.0,5300.0
2021-07-19,5310.0,5390.0,5300.0,5370.0
2021-07-20,5350.0,5360.0,5210.0,5250.0
2021-07-21,5270.0,5340.0,5240.0,5280.0
2021-07-26,5480.0,5600.0,5440.0,5590.0
2021-07-27,5550.0,5580.0,5530.0,5570.0
2021-07-28,5520.0,5570.0,5460.0,5500.0
2021-07-29,5530.0,5600.0,5490.0,5560.0
2021-07-30,5520.0,5550.0,5480.0,5520.0
2021-08-02,5640.0,5720.0,5630.0,5700.0
2021-08-03,5600.0,5640.0,5510.0,5540.0
2021-08-04,5520.0,5540.0,5470.0,5520.0
2021-08-05,5540.0,5580.0,5510.0,5510.0
2021-08-06,5520.0,5580.0,5510.0,5550.0
2021-08-10,5550.0,5610.0,5470.0,5490.0
2021-08-11,5490.0,5580.0,5470.0,5540.0
2021-08-12,5570.0,5600.0,5420.0,5450.0
2021-08-13,5520.0,5610.0,5450.0,5610.0
2021-08-16,5150.0,5510.0,5010.0,5440.0
2021-08-17,5450.0,5490.0,5060.0,5120.0
2021-08-18,4920.0,4955.0,4815.0,4815.0
2021-08-19,4745.0,4880.0,4685.0,4750.0
2021-08-20,4750.0,4890.0,4750.0,4790.0
2021-08-23,4905.0,5010.0,4905.0,4995.0
2021-08-24,4995.0,5110.0,4960.0,5110.0
2021-08-25,5210.0,5340.0,5200.0,5320.0
2021-08-26,5420.0,5460.0,5360.0,5420.0
2021-08-27,5450.0,5470.0,5230.0,5290.0
2021-08-30,5350.0,5420.0,5240.0,5300.0
2021-08-31,5360.0,5400.0,5280.0,5360.0
2021-09-01,5350.0,5540.0,5330.0,5530.0
2021-09-02,5440.0,5580.0,5440.0,5500.0
2021-09-03,5430.0,5560.0,5410.0,5500.0
2021-09-06,5540.0,5560.0,5360.0,5410.0
2021-09-07,5500.0,5610.0,5460.0,5610.0
2021-09-08,5510.0,5640.0,5470.0,5630.0
2021-09-09,5600.0,5670.0,5560.0,5630.0
2021-09-10,5620.0,5840.0,5600.0,5840.0
2021-09-13,5900.0,5980.0,5840.0,5960.0
2021-09-14,6000.0,6210.0,5940.0,6210.0
2021-09-15,6140.0,6240.0,6110.0,6220.0
2021-09-16,6230.0,6330.0,6200.0,6300.0
2021-09-17,6300.0,6550.0,6230.0,6530.0
2021-09-21,6380.0,6630.0,6360.0,6560.0
2021-09-22,6470.0,6640.0,6390.0,6610.0
2021-09-24,6720.0,6930.0,6660.0,6920.0
2021-09-27,6950.0,6990.0,6820.0,6950.0
2021-09-28,6850.0,6860.0,6530.0,6800.0
2021-09-29,6490.0,6680.0,6430.0,6670.0
2021-09-30,6520.0,6670.0,6310.0,6620.0
2021-10-01,6560.0,6700.0,6500.0,6600.0
2021-10-04,6540.0,6540.0,6360.0,6440.0
2021-10-05,6340.0,6560.0,6270.0,6510.0
2021-10-06,6560.0,6640.0,6490.0,6540.0
2021-10-07,6250.0,6410.0,6240.0,6270.0
2021-10-08,6280.0,6540.0,6240.0,6480.0
2021-10-11,6530.0,6830.0,6520.0,6830.0
2021-10-12,6810.0,7110.0,6710.0,6960.0
2021-10-13,6960.0,7140.0,6910.0,7100.0
2021-10-14,7100.0,7150.0,6980.0,7120.0
2021-10-15,7150.0,7180.0,6980.0,7160.0
2021-10-18,7130.0,7150.0,7010.0,7120.0
2021-10-19,7030.0,7230.0,7030.0,7130.0
2021-10-20,7130.0,7190.0,7070.0,7090.0
2021-10-21,7050.0,7100.0,6840.0,6920.0
2021-10-22,6820.0,6970.0,6800.0,6900.0
2021-10-25,6900.0,7080.0,6900.0,7000.0
2021-10-26,7050.0,7280.0,7050.0,7230.0
2021-10-27,7260.0,7290.0,7140.0,7230.0
2021-10-28,7090.0,7220.0,7010.0,7180.0
2021-10-29,7250.0,7340.0,7160.0,7220.0
2021-11-01,7390.0,7440.0,7270.0,7330.0
2021-11-02,7340.0,7410.0,7180.0,7260.0
2021-11-04,7110.0,7270.0,7110.0,7130.0
2021-11-05,7200.0,7260.0,7010.0,7090.0
2021-11-08,7050.0,7230.0,6990.0,7100.0
2021-11-09,7100.0,7120.0,6900.0,6940.0
2021-11-10,6940.0,7020.0,6830.0,6900.0
2021-11-11,6900.0,6990.0,6880.0,6950.0
2021-11-12,7050.0,7140.0,6970.0,7080.0
2021-11-15,7130.0,7180.0,6860.0,6950.0
2021-11-16,6970.0,7230.0,6860.0,7150.0
2021-11-17,7090.0,7120.0,6910.0,7000.0
2021-11-18,7000.0,7050.0,6900.0,7000.0
2021-11-19,7040.0,7080.0,6970.0,7020.0
2021-11-22,6980.0,7080.0,6930.0,7030.0
2021-11-24,6970.0,7010.0,6800.0,6860.0
2021-11-25,6950.0,6990.0,6880.0,6910.0
2021-11-26,6940.0,6950.0,6670.0,6750.0
2021-11-29,6720.0,6830.0,6650.0,6670.0
2021-11-30,6820.0,6820.0,6440.0,6440.0
2021-12-01,6540.0,6650.0,6300.0,6330.0
2021-12-02,6430.0,6470.0,6330.0,6330.0
2021-12-03,6360.0,6570.0,6240.0,6570.0
2021-12-06,6470.0,6470.0,6270.0,6360.0
2021-12-07,6380.0,6670.0,6370.0,6670.0
2021-12-08,6670.0,6700.0,6550.0,6650.0
2021-12-09,6640.0,6680.0,6540.0,6550.0
2021-12-10,6510.0,6530.0,6350.0,6370.0
2021-12-13,6440.0,6520.0,6160.0,6200.0
2021-12-14,6290.0,6310.0,6140.0,6220.0
2021-12-15,6140.0,6270.0,6120.0,6240.0
2021-12-16,6400.0,6410.0,6190.0,6200.0
2021-12-17,6100.0,6220.0,6070.0,6090.0
2021-12-20,5990.0,6010.0,5860.0,5870.0
2021-12-21,5980.0,6050.0,5900.0,6000.0
2021-12-22,6030.0,6070.0,5950.0,6050.0
2021-12-23,6000.0,6090.0,5980.0,6080.0
2021-12-24,6070.0,6110.0,6010.0,6030.0
2021-12-27,6110.0,6110.0,5980.0,6000.0
2021-12-28,6070.0,6150.0,6050.0,6080.0
2021-12-29,6060.0,6090.0,5980.0,6000.0
2021-12-30,5970.0,6090.0,5900.0,6020.0
2022-01-04,6090.0,6120.0,6010.0,6100.0
2022-01-05,6200.0,6210.0,6090.0,6170.0
2022-01-06,6090.0,6280.0,6070.0,6080.0
2022-01-07,6090.0,6160.0,5990.0,6020.0
2022-01-11,5980.0,5980.0,5830.0,5930.0
2022-01-12,6020.0,6220.0,6020.0,6220.0
2022-01-13,6290.0,6310.0,6170.0,6190.0
2022-01-14,6020.0,6110.0,5940.0,5990.0
2022-01-17,5990.0,6100.0,5970.0,6060.0
2022-01-18,6160.0,6170.0,6020.0,6060.0
2022-01-19,5960.0,6010.0,5840.0,5860.0
2022-01-20,5810.0,5930.0,5670.0,5830.0
2022-01-21,5650.0,5820.0,5600.0,5790.0
2022-01-24,5720.0,5870.0,5630.0,5850.0
2022-01-25,5850.0,5850.0,5680.0,5780.0
2022-01-26,5800.0,5960.0,5770.0,5890.0
2022-01-27,5890.0,5930.0,5600.0,5640.0
2022-01-28,5650.0,5780.0,5630.0,5760.0
2022-01-31,5890.0,5920.0,5790.0,5890.0
2022-02-01,5870.0,5930.0,5700.0,5730.0
2022-02-02,5750.0,5890.0,5730.0,5880.0
2022-02-03,5810.0,5870.0,5790.0,5820.0
2022-02-04,5900.0,5900.0,5720.0,5840.0
2022-02-07,5780.0,5820.0,5650.0,5680.0
2022-02-08,5720.0,5750.0,5590.0,5610.0
2022-02-09,5580.0,5750.0,5580.0,5710.0
2022-02-10,5800.0,5840.0,5690.0,5790.0
2022-02-14,5990.0,5990.0,5730.0,5800.0
2022-02-15,5960.0,5960.0,5630.0,5750.0
2022-02-16,5810.0,5810.0,5220.0,5230.0
2022-02-17,5150.0,5180.0,5030.0,5120.0
2022-02-18,5120.0,5180.0,5000.0,5050.0
2022-02-21,4970.0,5060.0,4950.0,5000.0
2022-02-22,5010.0,5070.0,4940.0,4985.0
2022-02-24,4995.0,5050.0,4920.0,4975.0
2022-02-25,5050.0,5240.0,4985.0,5220.0
2022-02-28,5170.0,5200.0,5100.0,5200.0
2022-03-01,5270.0,5280.0,5200.0,5220.0
2022-03-02,5130.0,5150.0,5060.0,5080.0
2022-03-03,5150.0,5160.0,5070.0,5100.0
2022-03-04,5160.0,5170.0,5020.0,5060.0
2022-03-07,4960.0,4970.0,4840.0,4905.0
2022-03-08,4880.0,4960.0,4810.0,4835.0
2022-03-09,4880.0,5050.0,4870.0,4940.0
2022-03-10,5090.0,5150.0,5060.0,5140.0
2022-03-11,5070.0,5150.0,4990.0,5020.0
2022-03-14,5120.0,5160.0,5040.0,5070.0
2022-03-15,5070.0,5190.0,5050.0,5170.0
2022-03-16,5130.0,5200.0,5100.0,5170.0
2022-03-17,5300.0,5310.0,5170.0,5290.0
2022-03-18,5340.0,5400.0,5330.0,5400.0
2022-03-22,5400.0,5440.0,5340.0,5390.0
2022-03-23,5500.0,5600.0,5440.0,5590.0
2022-03-24,5520.0,5640.0,5480.0,5620.0
2022-03-25,5620.0,5730.0,5620.0,5660.0
2022-03-28,5690.0,5700.0,5580.0,5630.0
2022-03-29,5650.0,5670.0,5550.0,5650.0
2022-03-30,5560.0,5630.0,5530.0,5580.0
2022-03-31,5530.0,5540.0,5420.0,5420.0
2022-04-01,5360.0,5360.0,5240.0,5280.0
2022-04-04,5370.0,5460.0,5360.0,5390.0
2022-04-05,5470.0,5510.0,5370.0,5490.0
2022-04-06,5450.0,5480.0,5370.0,5440.0
2022-04-07,5350.0,5380.0,5310.0,5360.0
2022-04-08,5340.0,5380.0,5200.0,5260.0
2022-04-11,5260.0,5400.0,5250.0,5390.0
2022-04-12,5230.0,5310.0,5230.0,5230.0
2022-04-13,5270.0,5400.0,5270.0,5390.0
2022-04-14,5420.0,5440.0,5370.0,5400.0
2022-04-15,5310.0,5340.0,5270.0,5300.0
2022-04-18,5300.0,5320.0,5190.0,5260.0
2022-04-19,5360.0,5390.0,5320.0,5390.0
2022-04-20,5410.0,5440.0,5330.0,5350.0
2022-04-21,5310.0,5410.0,5310.0,5400.0
2022-04-22,5270.0,5360.0,5270.0,5290.0
2022-04-25,5160.0,5190.0,5050.0,5060.0
2022-04-26,5030.0,5090.0,4995.0,4995.0
2022-04-27,4935.0,5080.0,4910.0,5050.0
2022-04-28,4965.0,5040.0,4935.0,5040.0
2022-05-02,4970.0,5030.0,4950.0,5000.0
2022-05-06,4830.0,4915.0,4805.0,4910.0
2022-05-09,4915.0,4975.0,4860.0,4870.0
2022-05-10,4760.0,4790.0,4655.0,4745.0
2022-05-11,4780.0,4915.0,4745.0,4870.0
2022-05-12,4800.0,4835.0,4745.0,4760.0
2022-05-13,4785.0,4980.0,4770.0,4935.0
2022-05-16,5100.0,5110.0,4940.0,4980.0
2022-05-17,4990.0,5000.0,4820.0,4845.0
2022-05-18,4845.0,4955.0,4820.0,4935.0
2022-05-19,4905.0,5100.0,4905.0,5060.0
2022-05-20,5060.0,5450.0,5040.0,5410.0
2022-05-23,5310.0,5540.0,5270.0,5380.0
2022-05-24,5340.0,5410.0,5250.0,5260.0
2022-05-25,5250.0,5340.0,5140.0,5260.0
2022-05-26,5250.0,5310.0,5130.0,5130.0
2022-05-27,5230.0,5330.0,5210.0,5310.0
2022-05-30,5350.0,5530.0,5350.0,5500.0
2022-05-31,5420.0,5470.0,5350.0,5370.0
2022-06-01,5370.0,5410.0,5280.0,5290.0
2022-06-02,5220.0,5250.0,5140.0,5230.0
2022-06-03,5250.0,5370.0,5210.0,5340.0
2022-06-06,5320.0,5370.0,5290.0,5340.0
2022-06-07,5340.0,5480.0,5310.0,5440.0
2022-06-08,5420.0,5560.0,5420.0,5540.0
2022-06-09,5520.0,5570.0,5490.0,5490.0
2022-06-10,5460.0,5460.0,5390.0,5410.0
2022-06-13,5330.0,5340.0,5180.0,5190.0
2022-06-14,5100.0,5130.0,5030.0,5090.0
2022-06-15,5040.0,5130.0,5040.0,5100.0
2022-06-16,5180.0,5250.0,5170.0,5200.0
2022-06-17,5130.0,5220.0,5100.0,5190.0
2022-06-20,5210.0,5230.0,5030.0,5040.0
2022-06-21,5140.0,5340.0,5130.0,5330.0
2022-06-22,5340.0,5430.0,5320.0,5320.0
2022-06-23,5420.0,5590.0,5410.0,5530.0
2022-06-24,5580.0,5610.0,5450.0,5500.0
2022-06-27,5590.0,5590.0,5480.0,5530.0
2022-06-28,5520.0,5610.0,5510.0,5610.0
2022-06-29,5570.0,5570.0,5500.0,5520.0
2022-06-30,5520.0,5550.0,5390.0,5400.0
2022-07-01,5400.0,5490.0,5340.0,5390.0
2022-07-04,5430.0,5500.0,5390.0,5450.0
2022-07-05,5510.0,5620.0,5480.0,5590.0
2022-07-06,5510.0,5590.0,5450.0,5510.0
2022-07-07,5520.0,5550.0,5340.0,5450.0
2022-07-08,5510.0,5670.0,5500.0,5550.0
2022-07-11,5640.0,5730.0,5640.0,5710.0
2022-07-12,5610.0,5640.0,5450.0,5450.0
2022-07-13,5500.0,5520.0,5380.0,5380.0
2022-07-14,5350.0,5420.0,5310.0,5370.0
2022-07-15,5370.0,5440.0,5350.0,5360.0
2022-07-19,5390.0,5500.0,5350.0,5460.0
2022-07-20,5600.0,5780.0,5580.0,5740.0
2022-07-21,5710.0,5830.0,5700.0,5810.0
2022-07-22,5770.0,5880.0,5740.0,5850.0
2022-07-25,5800.0,5820.0,5760.0,5780.0
2022-07-26,5780.0,5880.0,5770.0,5830.0
2022-07-27,5830.0,5870.0,5760.0,5780.0
2022-07-28,5830.0,5850.0,5740.0,5780.0
2022-07-29,5810.0,5840.0,5770.0,5790.0
2022-08-01,5850.0,5860.0,5790.0,5850.0
2022-08-02,5750.0,5800.0,5670.0,5670.0
2022-08-03,5790.0,5840.0,5740.0,5770.0
2022-08-04,5780.0,5850.0,5760.0,5850.0
2022-08-05,5890.0,5950.0,5870.0,5950.0
2022-08-08,5920.0,5930.0,5860.0,5910.0
2022-08-09,5990.0,6020.0,5950.0,5990.0
2022-08-10,5920.0,5930.0,5820.0,5840.0
2022-08-12,5970.0,6110.0,5940.0,6040.0
2022-08-15,5720.0,5770.0,5570.0,5590.0
2022-08-16,5620.0,5620.0,5430.0,5500.0
2022-08-17,5570.0,5710.0,5530.0,5710.0
2022-08-18,5580.0,5590.0,5530.0,5560.0
2022-08-19,5520.0,5560.0,5460.0,5560.0
2022-08-22,5480.0,5630.0,5470.0,5610.0
2022-08-23,5570.0,5590.0,5470.0,5470.0
2022-08-24,5410.0,5420.0,5340.0,5340.0
2022-08-25,5400.0,5430.0,5360.0,5430.0
2022-08-26,5400.0,5450.0,5390.0,5400.0
2022-08-29,5200.0,5350.0,5200.0,5310.0
2022-08-30,5350.0,5400.0,5310.0,5390.0
2022-08-31,5340.0,5500.0,5330.0,5470.0
2022-09-01,5410.0,5430.0,5360.0,5380.0
2022-09-02,5320.0,5340.0,5230.0,5250.0
2022-09-05,5210.0,5270.0,5180.0,5260.0
2022-09-06,5180.0,5250.0,5170.0,5210.0
2022-09-07,5140.0,5320.0,5140.0,5290.0
2022-09-08,5350.0,5400.0,5320.0,5370.0
2022-09-09,5350.0,5440.0,5340.0,5410.0
2022-09-12,5460.0,5460.0,5380.0,5410.0
2022-09-13,5410.0,5460.0,5370.0,5450.0
2022-09-14,5330.0,5370.0,5280.0,5320.0
2022-09-15,5340.0,5360.0,5300.0,5330.0
2022-09-16,5360.0,5410.0,5330.0,5350.0
2022-09-20,5350.0,5350.0,5240.0,5270.0
2022-09-21,5230.0,5300.0,5210.0,5270.0
2022-09-22,5210.0,5230.0,5140.0,5140.0
2022-09-26,4985.0,5030.0,4935.0,4965.0
2022-09-27,4965.0,5040.0,4920.0,4940.0
2022-09-28,4895.0,4930.0,4750.0,4815.0
2022-09-29,4845.0,4920.0,4795.0,4910.0
2022-09-30,4880.0,4970.0,4880.0,4895.0
2022-10-03,4855.0,4965.0,4770.0,4945.0
2022-10-04,5070.0,5130.0,5030.0,5120.0
2022-10-05,5200.0,5220.0,5120.0,5160.0
2022-10-06,5130.0,5250.0,5120.0,5190.0
2022-10-07,5100.0,5180.0,5100.0,5150.0
2022-10-11,5070.0,5150.0,5060.0,5060.0
2022-10-12,5020.0,5070.0,4975.0,5060.0
2022-10-13,5030.0,5060.0,5010.0,5020.0
2022-10-14,5160.0,5170.0,5110.0,5130.0
2022-10-17,5060.0,5090.0,5020.0,5070.0
2022-10-18,5170.0,5170.0,5070.0,5130.0
2022-10-19,5120.0,5190.0,5120.0,5170.0
2022-10-20,5130.0,5160.0,5090.0,5130.0
2022-10-21,5120.0,5170.0,5100.0,5120.0
2022-10-24,5190.0,5240.0,5140.0,5150.0
2022-10-25,5230.0,5250.0,5170.0,5220.0
2022-10-26,5300.0,5360.0,5300.0,5300.0
2022-10-27,5250.0,5270.0,5200.0,5250.0
2022-10-28,5180.0,5290.0,5180.0,5220.0
2022-10-31,5250.0,5330.0,5250.0,5300.0
2022-11-01,5340.0,5350.0,5270.0,5320.0
2022-11-02,5340.0,5410.0,5300.0,5350.0
2022-11-04,5300.0,5310.0,5230.0,5230.0
2022-11-07,5260.0,5370.0,5260.0,5360.0
2022-11-08,5380.0,5420.0,5350.0,5420.0
2022-11-09,5400.0,5410.0,5340.0,5410.0
2022-11-10,5390.0,5410.0,5350.0,5380.0
2022-11-11,5500.0,5610.0,5480.0,5610.0
2022-11-14,5540.0,5710.0,5540.0,5670.0
2022-11-15,6170.0,6380.0,6060.0,6360.0
2022-11-16,6350.0,6380.0,6030.0,6050.0
2022-11-17,6030.0,6040.0,5850.0,6040.0
2022-11-18,6040.0,6040.0,5860.0,5880.0
2022-11-21,5910.0,5960.0,5820.0,5870.0
2022-11-22,5800.0,5880.0,5750.0,5860.0
2022-11-24,5940.0,6000.0,5850.0,5990.0
2022-11-25,5970.0,5990.0,5860.0,5900.0
2022-11-28,5860.0,5860.0,5760.0,5780.0
2022-11-29,5720.0,5720.0,5660.0,5720.0
2022-11-30,5740.0,5790.0,5690.0,5780.0
2022-12-01,5780.0,5840.0,5750.0,5770.0
2022-12-02,5670.0,5680.0,5580.0,5670.0
2022-12-05,5600.0,5620.0,5550.0,5580.0
2022-12-06,5550.0,5580.0,5520.0,5560.0
2022-12-07,5460.0,5540.0,5450.0,5520.0
2022-12-08,5510.0,5510.0,5410.0,5480.0
2022-12-09,5490.0,5610.0,5490.0,5590.0
2022-12-12,5660.0,5720.0,5610.0,5610.0
2022-12-13,5610.0,5640.0,5510.0,5570.0
2022-12-14,5650.0,5650.0,5560.0,5580.0
2022-12-15,5530.0,5600.0,5530.0,5580.0
2022-12-16,5530.0,5540.0,5470.0,5480.0
2022-12-19,5430.0,5490.0,5420.0,5440.0
2022-12-20,5500.0,5500.0,5130.0,5170.0
2022-12-21,5080.0,5100.0,4945.0,4985.0
2022-12-22,4995.0,5020.0,4905.0,5000.0
2022-12-23,4980.0,4995.0,4880.0,4925.0
2022-12-26,4945.0,4945.0,4850.0,4860.0
2022-12-27,4930.0,4940.0,4790.0,4795.0
2022-12-28,4750.0,4795.0,4690.0,4790.0
2022-12-29,4720.0,4785.0,4665.0,4785.0
2022-12-30,4855.0,4885.0,4810.0,4820.0
2023-01-04,4885.0,4950.0,4840.0,4895.0
2023-01-05,4920.0,4960.0,4890.0,4945.0
2023-01-06,4925.0,4965.0,4895.0,4905.0
2023-01-10,4975.0,5020.0,4890.0,4910.0
2023-01-11,4980.0,5060.0,4955.0,5050.0
2023-01-12,5060.0,5120.0,4965.0,5030.0
2023-01-13,4960.0,5020.0,4885.0,4890.0
2023-01-16,4785.0,4810.0,4725.0,4725.0
2023-01-17,4770.0,4890.0,4750.0,4835.0
2023-01-18,4850.0,5010.0,4800.0,4950.0
2023-01-19,4930.0,4950.0,4865.0,4880.0
2023-01-20,4815.0,4905.0,4800.0,4855.0
2023-01-23,4925.0,4960.0,4850.0,4885.0
2023-01-24,4955.0,5010.0,4900.0,5000.0
2023-01-25,4935.0,4990.0,4930.0,4965.0
2023-01-26,4990.0,5040.0,4980.0,5030.0
2023-01-27,5020.0,5020.0,4940.0,4975.0
2023-01-30,4940.0,4950.0,4915.0,4930.0
2023-01-31,4950.0,4985.0,4875.0,4900.0
2023-02-01,4970.0,4975.0,4830.0,4840.0
2023-02-02,4900.0,4905.0,4805.0,4830.0
2023-02-03,4840.0,4850.0,4810.0,4850.0
2023-02-06,4890.0,4915.0,4835.0,4855.0
2023-02-07,4855.0,4900.0,4820.0,4820.0
2023-02-08,4820.0,4855.0,4790.0,4845.0
2023-02-09,4810.0,4890.0,4805.0,4880.0
2023-02-10,4810.0,4825.0,4725.0,4725.0
2023-02-13,4775.0,4795.0,4695.0,4735.0
2023-02-14,4775.0,4815.0,4760.0,4795.0
2023-02-15,4970.0,5030.0,4795.0,4835.0
2023-02-16,4945.0,5040.0,4895.0,4965.0
2023-02-17,4895.0,4905.0,4830.0,4860.0
2023-02-20,4800.0,4840.0,4780.0,4840.0
2023-02-21,4840.0,4880.0,4805.0,4855.0
2023-02-22,4815.0,4850.0,4765.0,4765.0
2023-02-24,4810.0,4850.0,4765.0,4850.0
2023-02-27,4845.0,4950.0,4825.0,4940.0
2023-02-28,4960.0,4985.0,4885.0,4900.0
2023-03-01,4890.0,4945.0,4865.0,4940.0
2023-03-02,4930.0,4950.0,4885.0,4925.0
2023-03-03,4945.0,4970.0,4910.0,4960.0
2023-03-06,5000.0,5010.0,4960.0,5010.0
2023-03-07,4995.0,5040.0,4970.0,5000.0
2023-03-08,4980.0,5020.0,4930.0,4945.0
2023-03-09,5020.0,5130.0,5010.0,5130.0
2023-03-10,5030.0,5100.0,4975.0,4995.0
2023-03-13,4945.0,5030.0,4940.0,5030.0
2023-03-14,4945.0,4970.0,4855.0,4915.0
2023-03-15,4960.0,5040.0,4945.0,5040.0
2023-03-16,4940.0,5060.0,4930.0,5010.0
2023-03-17,5000.0,5020.0,4940.0,4995.0
2023-03-20,4970.0,5020.0,4825.0,4825.0
2023-03-22,4920.0,4935.0,4865.0,4890.0
2023-03-23,4850.0,4925.0,4825.0,4900.0
2023-03-24,4860.0,4900.0,4845.0,4895.0
2023-03-27,4945.0,4945.0,4880.0,4880.0
2023-03-28,4890.0,4895.0,4830.0,4855.0
2023-03-29,4895.0,5040.0,4865.0,5040.0
2023-03-30,4955.0,4975.0,4920.0,4960.0
2023-03-31,5020.0,5020.0,4920.0,4950.0
2023-04-03,5020.0,5030.0,4955.0,5030.0
2023-04-04,5050.0,5090.0,5000.0,5070.0
2023-04-05,5000.0,5010.0,4920.0,4920.0
2023-04-06,4855.0,4870.0,4815.0,4850.0
2023-04-07,4830.0,4865.0,4800.0,4820.0
2023-04-10,4860.0,4910.0,4845.0,4890.0
2023-04-11,4960.0,5000.0,4950.0,4975.0
2023-04-12,4980.0,5020.0,4965.0,4985.0
2023-04-13,4920.0,5040.0,4915.0,5020.0
2023-04-14,5100.0,5120.0,5050.0,5100.0
2023-04-17,5160.0,5210.0,5160.0,5180.0
2023-04-18,5180.0,5240.0,5120.0,5210.0
2023-04-19,5190.0,5210.0,5090.0,5090.0
2023-04-20,5040.0,5170.0,5040.0,5160.0
2023-04-21,5160.0,5160.0,5100.0,5120.0
2023-04-24,5160.0,5170.0,5120.0,5140.0
2023-04-25,5190.0,5210.0,5130.0,5150.0
2023-04-26,5100.0,5170.0,5100.0,5150.0
2023-04-27,5160.0,5240.0,5140.0,5230.0
2023-04-28,5310.0,5410.0,5240.0,5410.0
2023-05-01,5450.0,5490.0,5420.0,5490.0
2023-05-02,5490.0,5500.0,5430.0,5480.0
2023-05-08,5520.0,5660.0,5480.0,5650.0
2023-05-09,5740.0,5800.0,5700.0,5760.0
2023-05-10,5760.0,5760.0,5610.0,5700.0
2023-05-11,5680.0,5720.0,5640.0,5720.0
2023-05-12,5660.0,5710.0,5630.0,5700.0
2023-05-15,5690.0,5720.0,5640.0,5720.0
2023-05-16,5590.0,5650.0,5490.0,5510.0
2023-05-17,5590.0,5600.0,5500.0,5570.0
2023-05-18,5620.0,5680.0,5590.0,5660.0
2023-05-19,5630.0,5640.0,5560.0,5620.0
2023-05-22,5540.0,5550.0,5480.0,5550.0
2023-05-23,5590.0,5600.0,5420.0,5430.0
2023-05-24,5390.0,5410.0,5270.0,5270.0
2023-05-25,5280.0,5290.0,5210.0,5240.0
2023-05-26,5240.0,5270.0,5220.0,5240.0
2023-05-29,5330.0,5350.0,5270.0,5310.0
2023-05-30,5300.0,5340.0,5280.0,5320.0
2023-05-31,5340.0,5410.0,5320.0,5360.0
2023-06-01,5350.0,5460.0,5340.0,5390.0
2023-06-02,5410.0,5520.0,5410.0,5510.0
2023-06-05,5594.0,5617.0,5543.0,5573.0
2023-06-06,5500.0,5624.0,5465.0,5611.0
2023-06-07,5690.0,5715.0,5576.0,5589.0
2023-06-08,5561.0,5595.0,5451.0,5513.0
2023-06-09,5576.0,5576.0,5491.0,5523.0
2023-06-12,5543.0,5543.0,5400.0,5425.0
2023-06-13,5450.0,5493.0,5418.0,5437.0
2023-06-14,5470.0,5498.0,5431.0,5459.0
2023-06-15,5486.0,5526.0,5436.0,5451.0
2023-06-16,5427.0,5429.0,5327.0,5394.0
2023-06-19,5360.0,5430.0,5332.0,5368.0
2023-06-20,5338.0,5360.0,5283.0,5355.0
2023-06-21,5311.0,5467.0,5311.0,5462.0
2023-06-22,5511.0,5564.0,5478.0,5501.0
2023-06-23,5491.0,5554.0,5391.0,5433.0
2023-06-26,5432.0,5469.0,5370.0,5414.0
2023-06-27,5416.0,5436.0,5315.0,5390.0
2023-06-28,5447.0,5559.0,5447.0,5551.0
2023-06-29,5617.0,5746.0,4972.0,5150.0
2023-06-30,5151.0,5211.0,5014.0,5167.0
2023-07-03,5235.0,5362.0,5235.0,5257.0
2023-07-04,5273.0,5277.0,5154.0,5188.0
2023-07-05,5134.0,5135.0,5070.0,5075.0
2023-07-06,5041.0,5041.0,4988.0,5014.0
2023-07-07,4933.0,5046.0,4929.0,4984.0
2023-07-10,4999.0,4999.0,4928.0,4967.0
2023-07-11,5037.0,5078.0,5008.0,5064.0
2023-07-12,5103.0,5107.0,5033.0,5036.0
2023-07-13,5086.0,5094.0,5002.0,5068.0
2023-07-14,5068.0,5128.0,5032.0,5079.0
2023-07-18,5060.0,5095.0,5033.0,5086.0
2023-07-19,5139.0,5149.0,5098.0,5145.0
2023-07-20,5237.0,5320.0,5203.0,5243.0
2023-07-21,5227.0,5266.0,5204.0,5231.0
2023-07-24,5291.0,5314.0,5222.0,5252.0
2023-07-25,5313.0,5380.0,5296.0,5373.0
2023-07-26,5354.0,5449.0,5313.0,5445.0
2023-07-27,5438.0,5438.0,5352.0,5407.0
2023-07-28,5280.0,5370.0,5228.0,5353.0
2023-07-31,5382.0,5424.0,5350.0,5404.0
2023-08-01,5436.0,5466.0,5374.0,5464.0
2023-08-02,5420.0,5462.0,5410.0,5421.0
2023-08-03,5372.0,5383.0,5308.0,5316.0
2023-08-04,5245.0,5318.0,5211.0,5231.0
2023-08-07,5221.0,5376.0,5205.0,5361.0
2023-08-08,5345.0,5378.0,5300.0,5340.0
2023-08-09,5333.0,5408.0,5289.0,5407.0
2023-08-10,5415.0,5483.0,5372.0,5483.0
2023-08-14,5465.0,5580.0,5408.0,5420.0
2023-08-15,5220.0,5222.0,4905.0,4905.0
2023-08-16,4843.0,4879.0,4704.0,4704.0
2023-08-17,4872.0,4945.0,4820.0,4868.0
2023-08-18,4880.0,4889.0,4726.0,4769.0
2023-08-21,4769.0,4805.0,4720.0,4775.0
2023-08-22,4797.0,4805.0,4701.0,4746.0
2023-08-23,4729.0,4776.0,4700.0,4776.0
2023-08-24,4749.0,4766.0,4708.0,4745.0
2023-08-25,4724.0,4814.0,4710.0,4767.0
2023-08-28,4800.0,4837.0,4760.0,4831.0
2023-08-29,4869.0,4925.0,4852.0,4910.0
2023-08-30,4948.0,4987.0,4917.0,4943.0
2023-08-31,4921.0,4947.0,4891.0,4926.0
2023-09-01,4906.0,5050.0,4906.0,5026.0
2023-09-04,5027.0,5150.0,5019.0,5149.0
2023-09-05,5185.0,5234.0,5157.0,5234.0
2023-09-06,5264.0,5320.0,5224.0,5262.0
2023-09-07,5262.0,5307.0,5245.0,5258.0
2023-09-08,5170.0,5233.0,5115.0,5121.0
2023-09-11,5100.0,5140.0,5005.0,5066.0
2023-09-12,5082.0,5163.0,5040.0,5153.0
2023-09-13,5144.0,5180.0,5114.0,5157.0
2023-09-14,5161.0,5274.0,5161.0,5264.0
2023-09-15,5338.0,5349.0,5266.0,5292.0
2023-09-19,5260.0,5264.0,5200.0,5231.0
2023-09-20,5210.0,5215.0,5155.0,5162.0
2023-09-21,5110.0,5154.0,5066.0,5098.0
2023-09-22,5021.0,5129.0,5005.0,5100.0
2023-09-25,5143.0,5220.0,5125.0,5212.0
2023-09-26,5184.0,5185.0,5119.0,5140.0
2023-09-27,5080.0,5188.0,5066.0,5178.0
2023-09-28,5086.0,5144.0,5077.0,5113.0
2023-09-29,5098.0,5109.0,5065.0,5074.0
2023-10-02,5074.0,5140.0,5074.0,5081.0
2023-10-03,5069.0,5076.0,4958.0,4966.0
2023-10-04,4826.0,4890.0,4743.0,4804.0
2023-10-05,4824.0,4948.0,4823.0,4948.0
2023-10-06,4905.0,4966.0,4882.0,4924.0
2023-10-10,5004.0,5036.0,4980.0,5022.0
2023-10-11,4997.0,5032.0,4989.0,5000.0
2023-10-12,5050.0,5107.0,5023.0,5104.0
2023-10-13,5013.0,5036.0,4908.0,4927.0
2023-10-16,4867.0,4894.0,4755.0,4770.0
2023-10-17,4850.0,4875.0,4764.0,4789.0
2023-10-18,4813.0,4823.0,4690.0,4709.0
2023-10-19,4639.0,4784.0,4609.0,4750.0
2023-10-20,4710.0,4796.0,4631.0,4754.0
2023-10-23,4725.0,4757.0,4701.0,4729.0
2023-10-24,4755.0,4921.0,4743.0,4899.0
2023-10-25,4929.0,4950.0,4840.0,4842.0
2023-10-26,4792.0,4832.0,4734.0,4763.0
2023-10-27,4782.0,4888.0,4766.0,4882.0
2023-10-30,4851.0,4854.0,4783.0,4833.0
2023-10-31,4855.0,4951.0,4806.0,4928.0
2023-11-01,4998.0,5008.0,4927.0,4996.0
2023-11-02,4997.0,5021.0,4974.0,4994.0
2023-11-06,5064.0,5094.0,5023.0,5036.0
2023-11-07,5011.0,5069.0,5003.0,5048.0
2023-11-08,5038.0,5048.0,4957.0,5017.0
2023-11-09,5033.0,5089.0,4984.0,5052.0
2023-11-10,5002.0,5016.0,4928.0,4986.0
2023-11-13,5005.0,5052.0,4995.0,5022.0
2023-11-14,4967.0,5038.0,4965.0,4990.0
2023-11-15,4640.0,4725.0,4419.0,4585.0
2023-11-16,4552.0,4569.0,4305.0,4325.0
2023-11-17,4310.0,4324.0,4184.0,4305.0
2023-11-20,4285.0,4305.0,4121.0,4135.0
2023-11-21,4135.0,4183.0,4061.0,4091.0
2023-11-22,4050.0,4145.0,4027.0,4135.0
2023-11-24,4190.0,4223.0,4110.0,4218.0
2023-11-27,4230.0,4250.0,4141.0,4143.0
2023-11-28,4155.0,4199.0,4137.0,4157.0
2023-11-29,4180.0,4255.0,4180.0,4195.0
2023-11-30,4258.0,4270.0,4105.0,4128.0
2023-12-01,4198.0,4264.0,4173.0,4204.0
2023-12-04,4226.0,4339.0,4220.0,4238.0
2023-12-05,4230.0,4284.0,4185.0,4193.0
2023-12-06,4192.0,4247.0,4190.0,4240.0
2023-12-07,4190.0,4191.0,4083.0,4090.0
2023-12-08,4095.0,4119.0,4025.0,4028.0
2023-12-11,4051.0,4124.0,4051.0,4071.0
2023-12-12,4140.0,4168.0,4001.0,4029.0
2023-12-13,4056.0,4092.0,4031.0,4075.0
2023-12-14,4075.0,4081.0,3966.0,3982.0
2023-12-15,4052.0,4120.0,4036.0,4120.0
2023-12-18,4054.0,4109.0,4050.0,4099.0
2023-12-19,4060.0,4149.0,4041.0,4149.0
2023-12-20,4168.0,4256.0,4153.0,4178.0
2023-12-21,4140.0,4157.0,4118.0,4132.0
2023-12-22,4147.0,4148.0,4111.0,4133.0
2023-12-25,4203.0,4208.0,4115.0,4136.0
2023-12-26,4133.0,4161.0,4110.0,4138.0
2023-12-27,4129.0,4151.0,4102.0,4144.0
2023-12-28,4150.0,4175.0,4122.0,4173.0
2023-12-29,4173.0,4194.0,4153.0,4183.0
2024-01-04,4183.0,4285.0,4142.0,4262.0
2024-01-05,4285.0,4298.0,4247.0,4287.0
2024-01-09,4287.0,4353.0,4281.0,4350.0
2024-01-10,4367.0,4445.0,4357.0,4435.0
2024-01-11,4469.0,4553.0,4465.0,4538.0
2024-01-12,4539.0,4557.0,4394.0,4472.0
2024-01-15,4465.0,4477.0,4445.0,4445.0
2024-01-16,4465.0,4552.0,4445.0,4447.0
2024-01-17,4450.0,4487.0,4424.0,4443.0
2024-01-18,4479.0,4505.0,4452.0,4486.0
2024-01-19,4499.0,4517.0,4412.0,4422.0
2024-01-22,4535.0,4598.0,4495.0,4567.0
2024-01-23,4569.0,4626.0,4548.0,4580.0
2024-01-24,4568.0,4612.0,4502.0,4527.0
2024-01-25,4512.0,4565.0,4466.0,4535.0
2024-01-26,4535.0,4535.0,4478.0,4490.0
2024-01-29,4512.0,4584.0,4512.0,4579.0
2024-01-30,4579.0,4610.0,4543.0,4560.0
2024-01-31,4576.0,4659.0,4551.0,4646.0
2024-02-01,4620.0,4666.0,4555.0,4641.0
2024-02-02,4657.0,4732.0,4640.0,4692.0
2024-02-05,4742.0,4875.0,4711.0,4850.0
2024-02-06,4784.0,4784.0,4660.0,4660.0
2024-02-07,4660.0,4695.0,4633.0,4681.0
2024-02-08,4699.0,4746.0,4647.0,4711.0
2024-02-09,4680.0,4745.0,4668.0,4706.0
2024-02-13,4727.0,4735.0,4649.0,4698.0
2024-02-14,4672.0,4679.0,4400.0,4492.0
2024-02-15,4702.0,4841.0,4697.0,4802.0
2024-02-16,4841.0,4935.0,4803.0,4925.0
2024-02-19,4925.0,4925.0,4840.0,4886.0
2024-02-20,4893.0,4930.0,4808.0,4907.0
2024-02-21,4930.0,4954.0,4833.0,4923.0
2024-02-22,4918.0,4918.0,4823.0,4887.0
2024-02-26,4886.0,4912.0,4742.0,4750.0
2024-02-27,4735.0,4810.0,4727.0,4774.0
2024-02-28,4809.0,4845.0,4746.0,4815.0
2024-02-29,4795.0,4798.0,4624.0,4722.0
2024-03-01,4652.0,4727.0,4573.0,4573.0
2024-03-04,4588.0,4714.0,4581.0,4608.0
2024-03-05,4538.0,4595.0,4455.0,4549.0
2024-03-06,4619.0,4700.0,4588.0,4652.0
2024-03-07,4582.0,4640.0,4466.0,4473.0
2024-03-08,4380.0,4447.0,4331.0,4404.0
2024-03-11,4370.0,4436.0,4325.0,4384.0
2024-03-12,4370.0,4466.0,4348.0,4457.0
2024-03-13,4500.0,4588.0,4500.0,4550.0
2024-03-14,4535.0,4586.0,4511.0,4579.0
2024-03-15,4635.0,4700.0,4616.0,4700.0
2024-03-18,4676.0,4733.0,4671.0,4699.0
2024-03-19,4699.0,4721.0,4601.0,4697.0
2024-03-21,4780.0,4857.0,4746.0,4811.0
2024-03-22,4813.0,4831.0,4743.0,4760.0
2024-03-25,4742.0,4832.0,4736.0,4756.0
2024-03-26,4761.0,4913.0,4761.0,4848.0
2024-03-27,4852.0,4977.0,4852.0,4952.0
2024-03-28,4898.0,4923.0,4864.0,4883.0
2024-03-29,4891.0,4964.0,4860.0,4933.0
2024-04-01,4966.0,4980.0,4870.0,4949.0
2024-04-02,4980.0,5032.0,4956.0,4977.0
2024-04-03,4949.0,4964.0,4896.0,4932.0
2024-04-04,4977.0,5007.0,4882.0,4923.0
2024-04-05,4853.0,4941.0,4852.0,4927.0
2024-04-08,4970.0,5038.0,4930.0,5020.0
2024-04-09,5030.0,5042.0,4977.0,5004.0
2024-04-10,5002.0,5054.0,4967.0,4980.0
2024-04-11,4867.0,4937.0,4837.0,4883.0
2024-04-12,4813.0,4957.0,4767.0,4919.0
2024-04-15,4793.0,4848.0,4757.0,4827.0
2024-04-16,4757.0,4789.0,4704.0,4709.0
2024-04-17,4709.0,4743.0,4550.0,4550.0
2024-04-18,4566.0,4631.0,4561.0,4580.0
2024-04-19,4581.0,4594.0,4436.0,4474.0
2024-04-22,4525.0,4611.0,4509.0,4592.0
2024-04-23,4613.0,4661.0,4591.0,4602.0
2024-04-24,4610.0,4656.0,4601.0,4635.0
2024-04-25,4635.0,4677.0,4626.0,4652.0
2024-04-26,4637.0,4737.0,4610.0,4725.0
2024-04-30,4846.0,4862.0,4781.0,4818.0
2024-05-01,4750.0,4801.0,4732.0,4772.0
2024-05-02,4820.0,4835.0,4782.0,4826.0
2024-05-07,4864.0,4876.0,4837.0,4873.0
2024-05-08,4841.0,4886.0,4813.0,4848.0
2024-05-09,4888.0,4920.0,4845.0,4859.0
2024-05-10,4870.0,4956.0,4865.0,4889.0
2024-05-13,4879.0,4908.0,4830.0,4897.0
2024-05-14,4881.0,4931.0,4860.0,4898.0
2024-05-15,4898.0,4898.0,4710.0,4719.0
2024-05-16,4499.0,4636.0,4490.0,4599.0
2024-05-17,4650.0,4712.0,4557.0,4621.0
2024-05-20,4621.0,4667.0,4610.0,4621.0
2024-05-21,4604.0,4667.0,4574.0,4574.0
2024-05-22,4558.0,4575.0,4500.0,4518.0
2024-05-23,4531.0,4580.0,4493.0,4502.0
2024-05-24,4462.0,4490.0,4428.0,4490.0
2024-05-27,4480.0,4523.0,4464.0,4500.0
2024-05-28,4512.0,4542.0,4478.0,4503.0
2024-05-29,4512.0,4534.0,4350.0,4352.0
2024-05-30,4325.0,4396.0,4267.0,4395.0
2024-05-31,4447.0,4536.0,4447.0,4530.0
2024-06-03,4507.0,4624.0,4493.0,4520.0
2024-06-04,4486.0,4581.0,4463.0,4579.0
2024-06-05,4568.0,4619.0,4562.0,4580.0
2024-06-06,4596.0,4613.0,4548.0,4574.0
2024-06-07,4600.0,4657.0,4554.0,4620.0
2024-06-10,4620.0,4686.0,4586.0,4678.0
2024-06-11,4698.0,4736.0,4632.0,4654.0
2024-06-12,4671.0,4692.0,4632.0,4658.0
2024-06-13,4702.0,4749.0,4647.0,4715.0
2024-06-14,4721.0,4872.0,4709.0,4844.0
2024-06-17,4776.0,4793.0,4699.0,4717.0
2024-06-18,4775.0,4795.0,4716.0,4733.0
2024-06-19,4723.0,4752.0,4706.0,4744.0
2024-06-20,4744.0,4794.0,4724.0,4789.0
2024-06-21,4793.0,4833.0,4755.0,4769.0
2024-06-24,4792.0,4800.0,4732.0,4792.0
2024-06-25,4926.0,4943.0,4860.0,4937.0
2024-06-26,4913.0,4968.0,4878.0,4956.0
2024-06-27,4932.0,4935.0,4875.0,4903.0
2024-06-28,4913.0,4935.0,4874.0,4928.0
2024-07-01,4968.0,4969.0,4930.0,4962.0
2024-07-02,4921.0,5003.0,4906.0,4996.0
2024-07-03,5013.0,5032.0,4999.0,5018.0
2024-07-04,5019.0,5179.0,5019.0,5179.0
2024-07-05,5167.0,5250.0,5159.0,5175.0
2024-07-08,5193.0,5200.0,5112.0,5153.0
2024-07-09,5162.0,5218.0,5160.0,5165.0
2024-07-10,5149.0,5187.0,5131.0,5173.0
2024-07-11,5260.0,5331.0,5232.0,5331.0
2024-07-12,5369.0,5451.0,5321.0,5398.0
2024-07-16,5398.0,5409.0,5339.0,5377.0
2024-07-17,5448.0,5533.0,5424.0,5527.0
2024-07-18,5451.0,5533.0,5415.0,5450.0
2024-07-19,5450.0,5482.0,5366.0,5376.0
2024-07-22,5380.0,5414.0,5325.0,5368.0
2024-07-23,5449.0,5512.0,5449.0,5490.0
2024-07-24,5488.0,5490.0,5276.0,5284.0
2024-07-25,5248.0,5283.0,5187.0,5235.0
2024-07-26,5231.0,5299.0,5189.0,5224.0
2024-07-29,5260.0,5355.0,5249.0,5317.0
2024-07-30,5317.0,5321.0,5220.0,5286.0
2024-07-31,5186.0,5383.0,5163.0,5360.0
2024-08-01,5245.0,5248.0,5052.0,5117.0
2024-08-02,5020.0,5076.0,4920.0,4933.0
2024-08-05,4807.0,4830.0,4416.0,4502.0
2024-08-06,4852.0,5019.0,4794.0,4988.0
2024-08-07,4918.0,5148.0,4889.0,5018.0
2024-08-08,4952.0,5109.0,4939.0,5015.0
2024-08-09,5125.0,5147.0,4989.0,5100.0
2024-08-13,5152.0,5225.0,5077.0,5202.0
2024-08-14,5398.0,5555.0,5358.0,5548.0
2024-08-15,5410.0,5547.0,5392.0,5458.0
2024-08-16,5491.0,5549.0,5379.0,5478.0
2024-08-19,5379.0,5509.0,5370.0,5476.0
2024-08-20,5500.0,5564.0,5483.0,5511.0
2024-08-21,5509.0,5590.0,5465.0,5532.0
2024-08-22,5600.0,5674.0,5575.0,5668.0
2024-08-23,5670.0,5740.0,5655.0,5719.0
2024-08-26,5725.0,5800.0,5672.0,5750.0
2024-08-27,5786.0,5823.0,5729.0,5820.0
2024-08-28,5790.0,5858.0,5754.0,5819.0
2024-08-29,5849.0,5870.0,5756.0,5798.0
2024-08-30,5716.0,5783.0,5644.0,5744.0
2024-09-02,5658.0,5706.0,5570.0,5652.0
2024-09-03,5675.0,5741.0,5661.0,5685.0
2024-09-04,5585.0,5743.0,5580.0,5671.0
2024-09-05,5669.0,5749.0,5654.0,5680.0
2024-09-06,5693.0,5841.0,5693.0,5728.0
2024-09-09,5610.0,5713.0,5570.0,5679.0
2024-09-10,5687.0,5717.0,5658.0,5673.0
2024-09-11,5673.0,5680.0,5465.0,5498.0
2024-09-12,5577.0,5606.0,5502.0,5525.0
2024-09-13,5496.0,5500.0,5410.0,5454.0
2024-09-17,5493.0,5524.0,5396.0,5482.0
2024-09-18,5511.0,5573.0,5440.0,5499.0
2024-09-19,5599.0,5604.0,5519.0,5525.0
2024-09-20,5590.0,5675.0,5581.0,5612.0
2024-09-24,5612.0,5643.0,5578.0,5621.0
2024-09-25,5639.0,5639.0,5545.0,5627.0
2024-09-26,5627.0,5760.0,5592.0,5760.0
2024-09-27,5694.0,5697.0,5577.0,5694.0
2024-09-30,5451.0,5510.0,5392.0,5405.0
2024-10-01,5405.0,5480.0,5352.0,5472.0
2024-10-02,5495.0,5578.0,5451.0,5558.0
2024-10-03,5720.0,5734.0,5614.0,5619.0
2024-10-04,5625.0,5702.0,5605.0,5678.0
2024-10-07,5700.0,5721.0,5582.0,5663.0
2024-10-08,5611.0,5719.0,5595.0,5646.0
2024-10-09,5682.0,5730.0,5588.0,5625.0
2024-10-10,5626.0,5660.0,5588.0,5634.0
2024-10-11,5643.0,5743.0,5636.0,5715.0
2024-10-15,5748.0,5748.0,5690.0,5718.0
2024-10-16,5692.0,5833.0,5646.0,5743.0
2024-10-17,5814.0,5838.0,5744.0,5768.0
2024-10-18,5789.0,5815.0,5684.0,5703.0
2024-10-21,5738.0,5800.0,5692.0,5778.0
2024-10-22,5735.0,5737.0,5575.0,5630.0
2024-10-23,5625.0,5687.0,5543.0,5568.0
2024-10-24,5545.0,5569.0,5494.0,5549.0
2024-10-25,5570.0,5600.0,5513.0,5573.0
2024-10-28,5599.0,5634.0,5545.0,5566.0
2024-10-29,5587.0,5627.0,5525.0,5619.0
2024-10-30,5609.0,5660.0,5556.0,5615.0
2024-10-31,5659.0,5688.0,5596.0,5663.0
2024-11-01,5661.0,5661.0,5553.0,5555.0
2024-11-05,5589.0,5650.0,5548.0,5628.0
2024-11-06,5692.0,5715.0,5562.0,5563.0
2024-11-07,5661.0,5743.0,5617.0,5670.0
2024-11-08,5740.0,5781.0,5692.0,5730.0
2024-11-11,5706.0,5766.0,5694.0,5751.0
2024-11-12,5836.0,5891.0,5819.0,5844.0
2024-11-13,5829.0,5848.0,5790.0,5796.0
2024-11-14,5696.0,5866.0,5696.0,5801.0
2024-11-15,5407.0,5655.0,5400.0,5470.0
2024-11-18,5469.0,5481.0,5311.0,5349.0
2024-11-19,5500.0,5630.0,5446.0,5621.0
2024-11-20,5644.0,5742.0,5594.0,5742.0
2024-11-21,5698.0,5745.0,5629.0,5676.0
2024-11-22,5685.0,5776.0,5646.0,5710.0
2024-11-25,5733.0,5766.0,5701.0,5735.0
2024-11-26,5722.0,5810.0,5718.0,5757.0
2024-11-27,5703.0,5763.0,5533.0,5572.0
2024-11-28,5570.0,5631.0,5540.0,5606.0
2024-11-29,5570.0,5577.0,5532.0,5536.0
2024-12-02,5473.0,5586.0,5437.0,5550.0
2024-12-03,5595.0,5824.0,5594.0,5728.0
2024-12-04,5718.0,5766.0,5605.0,5648.0
2024-12-05,5677.0,5710.0,5567.0,5624.0
2024-12-06,5640.0,5697.0,5640.0,5654.0
2024-12-09,5677.0,5793.0,5645.0,5745.0
2024-12-10,5800.0,5845.0,5768.0,5796.0
2024-12-11,5800.0,5827.0,5727.0,5776.0
2024-12-12,5724.0,5764.0,5650.0,5696.0
2024-12-13,5590.0,5656.0,5475.0,5555.0
2024-12-16,5521.0,5560.0,5483.0,5531.0
2024-12-17,5500.0,5510.0,5364.0,5373.0
2024-12-18,5357.0,5436.0,5357.0,5370.0
2024-12-19,5256.0,5360.0,5255.0,5323.0
2024-12-20,5323.0,5424.0,5307.0,5387.0
2024-12-23,5362.0,5398.0,5330.0,5380.0
2024-12-24,5340.0,5398.0,5325.0,5386.0
2024-12-25,5381.0,5400.0,5311.0,5364.0
2024-12-26,5379.0,5381.0,5332.0,5366.0
2024-12-27,5398.0,5398.0,5356.0,5392.0
2024-12-30,5400.0,5417.0,5307.0,5329.0
2025-01-06,5302.0,5363.0,5226.0,5263.0
2025-01-07,5230.0,5251.0,5182.0,5241.0
2025-01-08,5241.0,5277.0,5170.0,5214.0
2025-01-09,5200.0,5241.0,5159.0,5195.0
2025-01-10,5176.0,5215.0,5149.0,5165.0
2025-01-14,5216.0,5289.0,5138.0,5138.0
2025-01-15,5138.0,5175.0,5053.0,5087.0
2025-01-16,5170.0,5205.0,5146.0,5148.0
2025-01-17,5100.0,5155.0,5100.0,5115.0
2025-01-20,5116.0,5166.0,5108.0,5159.0
2025-01-21,5133.0,5161.0,5112.0,5148.0
2025-01-22,5120.0,5154.0,5031.0,5050.0
2025-01-23,5000.0,5105.0,4990.0,5100.0
2025-01-24,5189.0,5200.0,5048.0,5061.0
2025-01-27,5045.0,5120.0,5007.0,5114.0
2025-01-28,5137.0,5158.0,5104.0,5121.0
2025-01-29,5110.0,5167.0,5101.0,5148.0
2025-01-30,5097.0,5174.0,5082.0,5158.0
2025-01-31,5150.0,5164.0,5058.0,5095.0
2025-02-03,5038.0,5045.0,4980.0,5000.0
2025-02-04,5026.0,5079.0,5011.0,5053.0
2025-02-05,5053.0,5072.0,5012.0,5027.0
2025-02-06,5039.0,5089.0,5037.0,5067.0
2025-02-07,5037.0,5099.0,5035.0,5037.0
2025-02-10,5037.0,5043.0,5000.0,5007.0
2025-02-12,5044.0,5085.0,5032.0,5070.0
2025-02-13,5129.0,5187.0,5081.0,5089.0
2025-02-14,5351.0,5456.0,5265.0,5406.0
2025-02-17,5406.0,5505.0,5374.0,5406.0
2025-02-18,5406.0,5470.0,5342.0,5342.0
2025-02-19,5316.0,5392.0,5281.0,5329.0
2025-02-20,5260.0,5291.0,5206.0,5269.0
2025-02-21,5291.0,5341.0,5271.0,5295.0
2025-02-25,5291.0,5319.0,5260.0,5280.0
2025-02-26,5298.0,5452.0,5296.0,5430.0
2025-02-27,5427.0,5481.0,5410.0,5472.0
2025-02-28,5499.0,5543.0,5436.0,5490.0
2025-03-03,5590.0,5730.0,5584.0,5703.0
2025-03-04,5703.0,5744.0,5687.0,5695.0
2025-03-05,5727.0,5749.0,5681.0,5705.0
2025-03-06,5731.0,5757.0,5670.0,5681.0
2025-03-07,5638.0,5770.0,5607.0,5752.0
2025-03-10,5752.0,5762.0,5660.0,5739.0
2025-03-11,5754.0,5755.0,5536.0,5610.0
2025-03-12,5580.0,5665.0,5562.0,5625.0
2025-03-13,5607.0,5676.0,5580.0,5586.0
2025-03-14,5626.0,5686.0,5601.0,5650.0
2025-03-17,5700.0,5784.0,5699.0,5745.0
2025-03-18,5750.0,5795.0,5692.0,5692.0
2025-03-19,5692.0,5736.0,5672.0,5716.0
2025-03-21,5771.0,5905.0,5764.0,5853.0
2025-03-24,5820.0,5824.0,5722.0,5728.0
2025-03-25,5742.0,5813.0,5705.0,5813.0
2025-03-26,5821.0,5867.0,5796.0,5818.0
2025-03-27,5770.0,5822.0,5749.0,5808.0
2025-03-28,5789.0,5803.0,5725.0,5778.0
2025-03-31,5603.0,5629.0,5525.0,5571.0
2025-04-01,5971.0,6312.0,5962.0,6197.0
2025-04-02,6180.0,6184.0,6054.0,6061.0
2025-04-03,5900.0,6128.0,5808.0,6114.0
2025-04-04,6107.0,6156.0,5996.0,6074.0
2025-04-07,5855.0,5996.0,5702.0,5847.0
2025-04-08,5947.0,6068.0,5863.0,6048.0
2025-04-09,5880.0,5940.0,5827.0,5891.0
2025-04-10,6179.0,6205.0,6035.0,6163.0
2025-04-11,6080.0,6102.0,5923.0,5989.0
2025-04-14,5978.0,6124.0,5960.0,6064.0
2025-04-15,6085.0,6098.0,5977.0,6006.0
2025-04-16,6031.0,6068.0,5996.0,6068.0
2025-04-17,6089.0,6119.0,6040.0,6093.0
2025-04-18,6093.0,6176.0,6078.0,6176.0
2025-04-21,6161.0,6161.0,6060.0,6119.0
2025-04-22,6096.0,6275.0,6090.0,6222.0
2025-04-23,6253.0,6267.0,6188.0,6226.0
2025-04-24,6240.0,6295.0,6178.0,6193.0
2025-04-25,6228.0,6248.0,6144.0,6160.0
2025-04-28,6144.0,6275.0,6138.0,6252.0
2025-04-30,6281.0,6344.0,6267.0,6318.0
2025-05-01,6301.0,6301.0,6131.0,6177.0
2025-05-02,6229.0,6263.0,6162.0,6182.0
2025-05-07,6282.0,6286.0,6173.0,6244.0
2025-05-08,6268.0,6294.0,6234.0,6289.0
2025-05-09,6276.0,6333.0,6234.0,6295.0
2025-05-12,6311.0,6361.0,6271.0,6289.0
2025-05-13,6240.0,6272.0,6201.0,6248.0
2025-05-14,6175.0,6289.0,6080.0,6169.0
2025-05-15,6110.0,6242.0,6007.0,6104.0
2025-05-16,6104.0,6112.0,6016.0,6080.0
2025-05-19,6004.0,6229.0,6003.0,6208.0
2025-05-20,6180.0,6210.0,6115.0,6132.0
2025-05-21,6162.0,6204.0,6047.0,6050.0
2025-05-22,6010.0,6087.0,5959.0,5971.0
2025-05-23,5996.0,6108.0,5977.0,6104.0
2025-05-26,6130.0,6226.0,6121.0,6152.0
2025-05-27,6105.0,6130.0,6069.0,6089.0
2025-05-28,6143.0,6156.0,6094.0,6103.0
2025-05-29,6067.0,6169.0,6067.0,6165.0
2025-05-30,6165.0,6245.0,6157.0,6245.0
2025-06-02,6229.0,6373.0,6220.0,6370.0
2025-06-03,6376.0,6399.0,6280.0,6286.0
2025-06-04,6202.0,6236.0,6153.0,6198.0
2025-06-05,6189.0,6244.0,6161.0,6217.0
2025-06-06,6276.0,6305.0,6229.0,6260.0
2025-06-09,6232.0,6270.0,6213.0,6222.0
2025-06-10,6220.0,6251.0,6202.0,6213.0
2025-06-11,6313.0,6342.0,6239.0,6291.0
2025-06-12,6345.0,6418.0,6292.0,6314.0
2025-06-13,6360.0,6391.0,6289.0,6295.0
2025-06-16,6288.0,6315.0,6216.0,6267.0
2025-06-17,6223.0,6310.0,6221.0,6268.0
2025-06-18,6263.0,6396.0,6263.0,6374.0
2025-06-19,6374.0,6416.0,6364.0,6401.0
2025-06-20,6364.0,6379.0,6306.0,6332.0
2025-06-23,6332.0,6336.0,6277.0,6306.0
2025-06-24,6380.0,6474.0,6368.0,6435.0
2025-06-25,6428.0,6463.0,6373.0,6434.0
2025-06-26,6418.0,6438.0,6363.0,6428.0
2025-06-27,6439.0,6485.0,6422.0,6484.0
2025-06-30,6497.0,6554.0,6463.0,6517.0
2025-07-01,6551.0,6589.0,6487.0,6520.0
2025-07-02,6520.0,6656.0,6519.0,6631.0
2025-07-03,6626.0,6669.0,6563.0,6640.0
2025-07-04,6583.0,6646.0,6568.0,6576.0
2025-07-07,6576.0,6624.0,6570.0,6585.0
2025-07-08,6611.0,6743.0,6580.0,6715.0
2025-07-09,6715.0,6787.0,6669.0,6760.0
2025-07-10,6800.0,6800.0,6724.0,6760.0
2025-07-11,6760.0,6777.0,6676.0,6697.0
2025-07-14,6666.0,6760.0,6664.0,6738.0
2025-07-15,6740.0,6795.0,6662.0,6691.0
2025-07-16,6691.0,6724.0,6572.0,6572.0
2025-07-17,6590.0,6632.0,6551.0,6608.0
2025-07-18,6577.0,6595.0,6509.0,6548.0
2025-07-22,6553.0,6631.0,6520.0,6600.0
2025-07-23,6606.0,6737.0,6586.0,6659.0
2025-07-24,6662.0,6718.0,6643.0,6668.0
2025-07-25,6650.0,6700.0,6636.0,6662.0
2025-07-28,6718.0,6733.0,6617.0,6617.0
2025-07-29,6616.0,6648.0,6580.0,6610.0
2025-07-30,6610.0,6723.0,6610.0,6721.0
2025-07-31,6721.0,6770.0,6689.0,6729.0
2025-08-01,6762.0,6853.0,6638.0,6835.0
2025-08-04,6779.0,6926.0,6753.0,6889.0
2025-08-05,6890.0,6955.0,6870.0,6915.0
2025-08-06,6949.0,7077.0,6937.0,7038.0
2025-08-07,7040.0,7163.0,7040.0,7060.0
2025-08-08,7130.0,7270.0,7130.0,7230.0
2025-08-12,7302.0,7310.0,7212.0,7251.0
2025-08-13,7251.0,7340.0,7227.0,7340.0
2025-08-14,7119.0,7126.0,6890.0,7046.0
2025-08-15,7027.0,7073.0,6946.0,7051.0
2025-08-18,7030.0,7222.0,7019.0,7153.0
2025-08-19,7200.0,7524.0,7200.0,7442.0
2025-08-20,7500.0,7677.0,7492.0,7564.0
2025-08-21,7564.0,7593.0,7416.0,7443.0
2025-08-22,7440.0,7456.0,7365.0,7450.0
2025-08-25,7547.0,7585.0,7488.0,7505.0
2025-08-26,7488.0,7543.0,7471.0,7485.0
2025-08-27,7520.0,7575.0,7488.0,7557.0
2025-08-28,7530.0,7580.0,7499.0,7560.0
2025-08-29,7545.0,7575.0,7472.0,7561.0
2025-09-01,7570.0,7672.0,7566.0,7623.0
2025-09-02,7623.0,7710.0,7620.0,7670.0
2025-09-03,7670.0,7777.0,7654.0,7715.0
2025-09-04,7754.0,7787.0,7682.0,7756.0
2025-09-05,7801.0,7903.0,7725.0,7886.0
2025-09-08,7831.0,7985.0,7807.0,7969.0
2025-09-09,8008.0,8076.0,7964.0,8014.0
2025-09-10,8000.0,8040.0,7920.0,7935.0
2025-09-11,7909.0,7940.0,7777.0,7803.0
2025-09-12,7801.0,7960.0,7801.0,7910.0
2025-09-16,7855.0,7897.0,7777.0,7813.0
2025-09-17,7850.0,7891.0,7760.0,7841.0
2025-09-18,7889.0,7955.0,7841.0,7888.0
2025-09-19,7837.0,7939.0,7711.0,7725.0
2025-09-22,7725.0,7762.0,7671.0,7671.0
2025-09-24,7650.0,7674.0,7581.0,7662.0
2025-09-25,7729.0,7729.0,7657.0,7700.0
2025-09-26,7700.0,7850.0,7657.0,7769.0
2025-09-29,7624.0,7687.0,7591.0,7648.0
2025-09-30,7626.0,7690.0,7561.0,7655.0
2025-10-01,7566.0,7604.0,7315.0,7348.0
2025-10-02,7321.0,7332.0,7187.0,7242.0
2025-10-03,7192.0,7284.0,7190.0,7211.0
2025-10-06,7415.0,7502.0,7320.0,7440.0
2025-10-07,7440.0,7573.0,7415.0,7550.0
2025-10-08,7566.0,7644.0,7484.0,7484.0
2025-10-09,7459.0,7553.0,7425.0,7553.0
2025-10-10,7442.0,7468.0,7386.0,7397.0
2025-10-14,7254.0,7320.0,7229.0,7318.0
2025-10-15,7405.0,7431.0,7373.0,7412.0
2025-10-16,7418.0,7477.0,7325.0,7376.0
2025-10-17,7362.0,7388.0,7316.0,7335.0
2025-10-20,7430.0,7430.0,7355.0,7420.0
2025-10-21,7429.0,7499.0,7400.0,7439.0
2025-10-22,7490.0,7597.0,7485.0,7555.0
2025-10-23,7555.0,7700.0,7549.0,7700.0
2025-10-24,7665.0,7703.0,7631.0,7703.0
2025-10-27,7750.0,7797.0,7680.0,7692.0
2025-10-28,7701.0,7702.0,7496.0,7532.0
2025-10-29,7544.0,7575.0,7314.0,7372.0
2025-10-30,7424.0,7425.0,7307.0,7378.0
2025-10-31,7418.0,7431.0,7368.0,7419.0
2025-11-04,7419.0,7512.0,7343.0,7465.0
2025-11-05,7513.0,7564.0,7390.0,7513.0
2025-11-06,7501.0,7568.0,7467.0,7502.0
2025-11-07,7552.0,7622.0,7521.0,7617.0
2025-11-10,7684.0,7780.0,7639.0,7765.0
2025-11-11,7743.0,7811.0,7685.0,7810.0
2025-11-12,7848.0,7971.0,7814.0,7955.0
2025-11-13,8000.0,8077.0,7974.0,8050.0
2025-11-14,8027.0,8028.0,7930.0,7987.0
2025-11-17,8436.0,9117.0,8353.0,8969.0
2025-11-18,8908.0,9022.0,8679.0,8685.0
2025-11-19,8738.0,8841.0,8600.0,8669.0
2025-11-20,8655.0,8751.0,8624.0,8624.0
2025-11-21,8648.0,8805.0,8648.0,8788.0
2025-11-25,8750.0,8972.0,8739.0,8929.0
2025-11-26,8946.0,9198.0,8930.0,9136.0
2025-11-27,9130.0,9161.0,9022.0,9148.0
2025-11-28,9077.0,9225.0,9062.0,9174.0
2025-12-01,9176.0,9289.0,9142.0,9166.0
2025-12-02,9126.0,9163.0,8970.0,8985.0
2025-12-03,8960.0,9062.0,8917.0,8995.0
2025-12-04,9041.0,9123.0,9016.0,9112.0
2025-12-05,8980.0,9021.0,8762.0,8762.0
2025-12-08,8856.0,9022.0,8770.0,8988.0
2025-12-09,8988.0,9040.0,8786.0,8908.0
2025-12-10,8908.0,8936.0,8813.0,8848.0
2025-12-11,8897.0,8905.0,8811.0,8826.0
2025-12-12,8905.0,9025.0,8873.0,8996.0
2025-12-15,9035.0,9197.0,9001.0,9154.0
2025-12-16,9100.0,9145.0,9015.0,9015.0
2025-12-17,9015.0,9153.0,9010.0,9073.0
2025-12-18,9148.0,9148.0,9035.0,9062.0
2025-12-19,9070.0,9170.0,9023.0,9156.0
2025-12-22,9202.0,9227.0,9077.0,9117.0
2025-12-23,9061.0,9209.0,9061.0,9188.0
2025-12-24,9198.0,9218.0,9102.0,9171.0
2025-12-25,9321.0,9321.0,9137.0,9234.0
2025-12-26,9227.0,9308.0,9217.0,9258.0
2025-12-29,9298.0,9308.0,9200.0,9275.0
2025-12-30,9279.0,9315.0,9202.0,9202.0
2026-01-05,9178.0,9235.0,9053.0,9064.0
2026-01-06,9191.0,9391.0,9132.0,9371.0
2026-01-07,9285.0,9513.0,9277.0,9483.0
2026-01-08,9410.0,9465.0,9267.0,9380.0
2026-01-09,9419.0,9455.0,9354.0,9443.0
2026-01-13,9626.0,9626.0,9479.0,9517.0
2026-01-14,9608.0,9652.0,9401.0,9492.0
2026-01-15,9440.0,9498.0,9296.0,9329.0
2026-01-16,9300.0,9414.0,9261.0,9356.0
2026-01-19,9352.0,9399.0,9281.0,9357.0
2026-01-20,9380.0,9478.0,9306.0,9421.0
2026-01-21,9271.0,9389.0,9212.0,9281.0
2026-01-22,9324.0,9465.0,9300.0,9378.0
2026-01-23,9370.0,9460.0,9287.0,9307.0
2026-01-26,9200.0,9270.0,9100.0,9174.0
2026-01-27,9134.0,9200.0,9063.0,9139.0
2026-01-28,9032.0,9121.0,9023.0,9071.0
2026-01-29,9015.0,9079.0,8947.0,9048.0
2026-01-30,9168.0,9200.0,9036.0,9094.0
2026-02-02,9173.0,9173.0,8913.0,8913.0
2026-02-03,8948.0,9035.0,8913.0,9016.0
2026-02-04,9139.0,9255.0,9072.0,9182.0
2026-02-05,9406.0,9416.0,9208.0,9305.0
2026-02-06,9290.0,9300.0,9191.0,9234.0
2026-02-09,9384.0,9476.0,9291.0,9333.0
2026-02-10,9450.0,9559.0,9353.0,9545.0
2026-02-12,9986.0,11045.0,9924.0,11045.0
2026-02-13,11030.0,11765.0,10605.0,11190.0
2026-02-16,11240.0,11365.0,11145.0,11215.0
2026-02-17,11400.0,11595.0,11345.0,11450.0
2026-02-18,11590.0,11685.0,11480.0,11550.0
2026-02-19,11480.0,11745.0,11305.0,11745.0
2026-02-20,11600.0,11790.0,11550.0,11640.0
2026-02-24,11590.0,11635.0,11110.0,11170.0
2026-02-25,11170.0,11425.0,10995.0,11330.0
2026-02-26,11275.0,11585.0,11275.0,11405.0
2026-02-27,11410.0,11585.0,11370.0,11570.0
2026-03-02,11270.0,11520.0,11215.0,11470.0
2026-03-03,11170.0,11420.0,10675.0,10675.0
2026-03-04,10975.0,10975.0,10605.0,10680.0
2026-03-05,10890.0,11010.0,10650.0,10685.0
2026-03-06,10585.0,10695.0,10475.0,10650.0
2026-03-09,10190.0,10410.0,10100.0,10335.0
2026-03-10,10495.0,10500.0,10320.0,10320.0
2026-03-11,10420.0,10515.0,10345.0,10400.0
2026-03-12,10240.0,10290.0,10005.0,10050.0
2026-03-13,9969.0,10315.0,9969.0,10085.0
2026-03-16,10185.0,10270.0,10140.0,10200.0
2026-03-17,10170.0,10310.0,10170.0,10250.0
2026-03-18,10290.0,10435.0,10280.0,10390.0
2026-03-19,10165.0,10205.0,10030.0,10030.0
2026-03-23,9850.0,9916.0,9630.0,9658.0
2026-03-24,9808.0,9953.0,9782.0,9937.0
2026-03-25,10070.0,10215.0,10055.0,10215.0
2026-03-26,10240.0,10390.0,10220.0,10350.0
2026-03-27,10180.0,10380.0,10010.0,10300.0
2026-03-30,9909.0,10175.0,9813.0,10090.0
2026-03-31,10090.0,10145.0,9951.0,10005.0
2026-04-01,10305.0,10305.0,10090.0,10215.0
2026-04-02,10300.0,10505.0,10220.0,10235.0
2026-04-03,10185.0,10330.0,10185.0,10275.0
2026-04-06,10280.0,10315.0,10150.0,10155.0
2026-04-07,10245.0,10345.0,10160.0,10195.0
2026-04-08,10505.0,10510.0,10355.0,10435.0
2026-04-09,10420.0,10555.0,10275.0,10300.0
2026-04-10,10285.0,10390.0,10270.0,10315.0
2026-04-13,10145.0,10260.0,9724.0,9842.0
2026-04-14,9925.0,10005.0,9452.0,9745.0
2026-04-15,9848.0,9965.0,9707.0,9709.0
2026-04-16,9692.0,9719.0,9510.0,9601.0
2026-04-17,9639.0,9696.0,9570.0,9602.0
2026-04-20,9728.0,9728.0,9597.0,9641.0
2026-04-21,9737.0,9737.0,9565.0,9611.0
2026-04-22,9534.0,9565.0,9426.0,9445.0
2026-04-23,9350.0,9366.0,9129.0,9291.0
2026-04-24,9441.0,9470.0,9225.0,9300.0
2026-04-27,9150.0,9348.0,8922.0,9267.0
2026-04-28,9251.0,9412.0,9183.0,9339.0
2026-04-30,9120.0,9219.0,9089.0,9162.0
2026-05-01,9158.0,9158.0,8964.0,9022.0
2026-05-07,9099.0,9370.0,9094.0,9306.0
2026-05-08,9190.0,9235.0,9007.0,9078.0
2026-05-11,9083.0,9425.0,9083.0,9372.0
2026-05-12,9372.0,9416.0,8951.0,8970.0
2026-05-13,9270.0,9500.0,9167.0,9208.0
2026-05-14,9223.0,9302.0,8956.0,9070.0
2026-05-15,9052.0,9163.0,8920.0,8953.0
2026-05-18,8953.0,8953.0,8555.0,8597.0
2026-05-19,8640.0,8836.0,8640.0,8800.0
2026-05-20,8842.0,8948.0,8577.0,8609.0
2026-05-21,8704.0,8872.0,8697.0,8713.0
2026-05-22,8713.0,8798.0,8531.0,8677.0
2026-05-25,8732.0,8783.0,8524.0,8607.0
2026-05-26,8564.0,8959.0,8530.0,8862.0
2026-05-27,8843.0,8888.0,8641.0,8679.0
2026-05-28,8703.0,8804.0,8618.0,8716.0
2026-05-29,8701.0,8864.0,8616.0,8646.0
2026-06-01,8468.0,8468.0,8301.0,8324.0
2026-06-02,8174.0,8295.0,8036.0,8196.0
2026-06-03,8102.0,8242.0,8038.0,8182.0
2026-06-04,8146.0,8245.0,8053.0,8174.0
2026-06-05,8324.0,8467.0,8293.0,8364.0
2026-06-08,8300.0,8500.0,8248.0,8445.0
2026-06-09,8454.0,8590.0,8354.0,8397.0
2026-06-10,8847.0,9073.0,8802.0,8844.0
2026-06-11,8820.0,8895.0,8519.0,8519.0
2026-06-12,8658.0,8690.0,8474.0,8498.0
2026-06-15,8601.0,8747.0,8583.0,8686.0
2026-06-16,8590.0,8595.0,8435.0,8438.0
2026-06-17,8588.0,8649.0,8431.0,8463.0
2026-06-18,8391.0,8503.0,8287.0,8337.0
2026-06-19,8328.0,8442.0,8288.0,8399.0
2026-06-22,8321.0,8363.0,8225.0,8329.0
2026-06-23,8300.0,8383.0,8240.0,8302.0
2026-06-24,8333.0,8395.0,8281.0,8292.0
2026-06-25,8546.0,8546.0,8353.0,8399.0
2026-06-26,8418.0,8581.0,8373.0,8581.0
2026-06-29,8581.0,8682.0,8473.0,8606.0
2026-06-30,8600.0,8650.0,8455.0,8477.0
2026-07-01,8400.0,8440.0,8230.0,8262.0
2026-07-02,8231.0,8384.0,8213.0,8315.0
2026-07-03,8433.0,8610.0,8324.0,8549.0
2026-07-06,8559.0,8662.0,8532.0,8618.0
2026-07-07,8612.0,8917.0,8553.0,8816.0
2026-07-08,8888.0,8975.0,8717.0,8720.0
2026-07-09,8600.0,8688.0,8496.0,8672.0
2026-07-10,8662.0,8695.0,8516.0,8550.0
2026-07-13,8635.0,8647.0,8509.0,8531.0
2026-07-14,8616.0,8652.0,8516.0,8626.0
2026-07-15,8706.0,8765.0,8553.0,8584.0
2026-07-16,8626.0,8719.0,8549.0,8549.0
2026-07-17,8634.0,8680.0,8474.0,8518.0
2026-07-21,8552.0,8670.0,8539.0,8556.0
2026-07-22,8495.0,8598.0,8380.0,8503.0
2026-07-23,8482.0,8482.0,8390.0,8408.0
2026-07-24,8349.0,8446.0,8295.0,8380.0
2026-07-27,8530.0,8662.0,8471.0,8662.0
2026-07-28,8663.0,8720.0,8610.0,8670.0
2026-07-29,8714.0,8850.0,8627.0,8812.0
2026-07-30,8740.0,8768.0,8561.0,8676.0
2026-07-31,8526.0,8621.0,8464.0,8509.0
2026-08-03,8509.0,8531.0,8301.0,8390.0
2026-08-04,8392.0,8449.0,8247.0,8247.0
2026-08-05,8296.0,8393.0,8285.0,8336.0
2026-08-06,8399.0,8479.0,8378.0,8430.0
2026-08-07,8449.0,8587.0,8430.0,8506.0
2026-08-10,8408.0,8413.0,7960.0,8061.0
2026-08-12,8137.0,8278.0,8108.0,8278.0
2026-08-13,8206.0,8266.0,8140.0,8228.0
2026-08-14,8247.0,8293.0,8147.0,8247.0
2026-08-17,8229.0,8268.0,8165.0,8191.0
2026-08-18,8153.0,8156.0,7933.0,7974.0
2026-08-19,7824.0,7966.0,7800.0,7950.0
2026-08-20,8022.0,8119.0,7999.0,8113.0
2026-08-21,8113.0,8200.0,8072.0,8136.0
2026-08-24,8124.0,8260.0,8023.0,8071.0
2026-08-25,8099.0,8118.0,8003.0,8003.0
2026-08-26,8002.0,8110.0,7990.0,7999.0
2026-08-27,7979.0,8016.0,7890.0,7957.0
2026-08-28,7877.0,8030.0,7877.0,7955.0
2026-08-31,7955.0,7987.0,7898.0,7951.0
2026-09-01,7951.0,8018.0,7915.0,8016.0
2026-09-02,7899.0,7938.0,7729.0,7741.0
2026-09-03,7807.0,7819.0,7711.0,7736.0
2026-09-04,7691.0,7691.0,7521.0,7655.0
2026-09-07,7655.0,7664.0,7575.0,7625.0
2026-09-08,7600.0,7685.0,7570.0,7596.0
2026-09-09,7529.0,7588.0,7488.0,7568.0
