Date,Open,High,Low,Close
2015-03-25,265.0,266.0,215.0,215.0
2015-03-26,204.5,214.0,197.5,201.25
2015-03-27,201.25,201.25,191.5,195.5
2015-03-30,198.0,202.0,193.25,199.75
2015-03-31,202.0,202.0,195.5,197.75
2015-04-01,199.75,212.5,195.75,205.0
2015-04-02,207.0,213.0,200.25,202.0
2015-04-03,200.25,208.5,200.25,207.0
2015-04-06,212.0,220.0,205.0,205.0
2015-04-07,205.5,210.0,205.5,210.0
2015-04-08,211.25,217.25,206.5,208.0
2015-04-09,210.75,218.25,208.25,214.0
2015-04-10,218.5,237.5,216.0,234.75
2015-04-13,230.0,236.0,222.75,231.25
2015-04-14,232.0,242.0,232.0,239.25
2015-04-15,241.75,241.75,223.75,223.75
2015-04-16,225.5,240.0,221.25,237.5
2015-04-17,235.0,242.5,230.75,241.0
2015-04-20,240.0,244.75,227.5,229.0
2015-04-21,230.5,230.5,213.0,221.5
2015-04-22,218.0,222.5,218.0,222.25
2015-04-23,224.0,231.0,224.0,228.75
2015-04-24,225.25,232.75,225.25,231.25
2015-04-27,238.25,240.5,233.75,240.0
2015-04-28,243.5,243.5,228.75,228.75
2015-04-30,225.5,230.0,220.25,221.75
2015-05-01,221.5,225.5,218.0,222.25
2015-05-07,257.5,257.5,247.75,257.5
2015-05-08,260.0,262.0,238.5,240.25
2015-05-11,243.75,249.25,240.5,245.0
2015-05-12,250.0,250.0,240.5,250.0
2015-05-13,250.0,261.0,246.0,251.5
2015-05-14,251.0,252.0,247.5,252.0
2015-05-15,257.0,257.0,250.0,252.0
2015-05-18,260.0,275.5,255.0,275.0
2015-05-19,325.0,325.0,313.0,325.0
2015-05-20,310.5,327.0,305.0,306.5
2015-05-21,311.5,356.5,311.5,349.5
2015-05-22,339.5,357.5,327.5,338.5
2015-05-25,356.5,388.5,354.5,388.5
2015-05-26,388.5,459.0,376.5,434.0
2015-05-27,457.0,509.0,457.0,509.0
2015-05-28,584.0,647.5,566.5,647.5
2015-05-29,722.5,732.5,570.0,602.5
2015-06-01,615.0,615.0,522.0,549.0
2015-06-02,534.0,545.5,510.0,520.0
2015-06-03,500.0,532.5,495.0,512.5
2015-06-04,505.0,526.5,469.0,474.5
2015-06-05,474.5,477.5,451.5,468.5
2015-06-08,472.5,520.0,451.5,503.5
2015-06-09,502.5,520.0,482.0,502.0
2015-06-10,493.0,500.0,485.0,497.0
2015-06-11,491.0,491.0,473.0,485.5
2015-06-12,478.0,509.5,477.5,500.0
2015-06-15,495.0,515.5,490.5,513.5
2015-06-16,519.5,594.0,517.5,549.5
2015-06-17,534.5,549.5,505.0,520.0
2015-06-18,525.5,539.5,515.0,539.0
2015-06-19,565.0,574.0,537.5,539.5
2015-06-22,545.0,560.0,539.5,554.5
2015-06-23,563.0,563.5,545.0,557.0
2015-06-24,556.5,556.5,510.0,519.0
2015-06-25,520.0,520.0,490.5,494.0
2015-06-26,475.0,481.25,430.75,438.75
2015-06-29,416.75,416.75,387.75,405.0
2015-06-30,417.25,421.0,405.5,408.25
2015-07-01,408.25,410.0,397.75,405.5
2015-07-02,398.25,421.25,398.25,413.75
2015-07-03,415.0,482.75,413.75,451.25
2015-07-06,441.25,462.5,431.25,434.5
2015-07-07,447.25,449.0,415.0,427.5
2015-07-08,427.75,427.75,400.0,406.75
2015-07-09,397.5,398.75,340.25,398.75
2015-07-10,410.0,410.75,377.25,396.0
2015-07-13,405.0,405.0,375.0,377.25
2015-07-14,380.25,396.0,370.5,386.0
2015-07-15,381.25,386.25,375.0,375.0
2015-07-16,399.75,418.5,389.0,415.25
2015-07-17,408.75,414.5,402.5,405.25
2015-07-21,407.75,419.25,407.75,417.5
2015-07-22,417.5,422.5,412.0,416.0
2015-07-23,412.25,420.0,395.75,405.0
2015-07-24,397.5,404.5,384.5,387.5
2015-07-27,392.5,392.5,378.75,381.75
2015-07-28,367.25,384.75,365.0,374.25
2015-07-29,371.0,379.0,362.5,367.0
2015-07-30,374.5,374.5,367.5,367.5
2015-07-31,365.0,368.5,362.5,364.5
2015-08-03,439.5,439.5,413.25,417.5
2015-08-04,431.0,431.0,386.25,402.5
2015-08-05,393.0,400.0,385.5,388.5
2015-08-06,400.0,400.0,390.25,390.5
2015-08-07,397.0,397.0,375.0,381.75
2015-08-10,392.0,415.75,386.25,405.0
2015-08-11,425.0,460.75,424.0,440.5
2015-08-12,436.25,447.5,424.5,447.5
2015-08-13,440.0,454.5,440.0,454.0
2015-08-14,454.75,487.25,454.75,487.25
2015-08-17,565.25,586.75,500.5,512.5
2015-08-18,525.0,525.0,489.0,501.25
2015-08-19,500.0,502.5,467.5,470.0
2015-08-20,463.75,463.75,437.75,441.5
2015-08-21,426.0,431.5,420.0,422.5
2015-08-24,412.5,436.0,377.5,390.0
2015-08-25,355.0,403.5,325.5,360.5
2015-08-26,362.5,398.75,362.5,398.75
2015-08-27,425.0,438.75,417.5,427.0
2015-08-28,428.75,472.25,428.75,452.5
2015-08-31,450.0,452.5,435.0,447.5
2015-09-01,440.0,474.75,440.0,461.75
2015-09-02,450.0,460.0,432.5,458.0
2015-09-03,472.5,472.5,452.75,463.25
2015-09-04,460.0,460.0,423.75,444.75
2015-09-07,425.0,460.0,405.0,452.5
2015-09-08,468.75,468.75,437.75,454.0
2015-09-09,471.25,483.75,470.0,483.5
2015-09-10,470.75,475.0,451.5,468.25
2015-09-11,475.25,483.5,474.75,482.25
2015-09-14,485.5,491.25,469.75,486.25
2015-09-15,477.25,490.0,477.25,484.75
2015-09-16,485.0,490.5,474.25,475.5
2015-09-17,467.5,475.0,463.0,472.0
2015-09-18,467.5,480.25,462.75,468.25
2015-09-24,471.75,471.75,440.0,450.0
2015-09-25,435.5,443.5,435.0,441.5
2015-09-28,441.5,465.0,437.5,465.0
2015-09-29,462.75,462.75,425.0,432.0
2015-09-30,442.25,443.25,436.25,436.25
2015-10-01,434.75,445.0,434.75,441.5
2015-10-02,437.5,446.25,437.5,445.0
2015-10-05,448.0,458.5,448.0,457.75
2015-10-06,457.75,467.75,457.75,466.25
2015-10-07,462.5,467.5,462.25,466.0
2015-10-08,467.75,467.75,461.5,464.0
2015-10-09,467.25,467.25,462.25,464.0
2015-10-13,465.0,467.0,462.75,465.0
2015-10-14,462.5,462.5,442.0,457.25
2015-10-15,438.0,453.75,437.75,453.75
2015-10-16,462.5,462.5,454.0,455.75
2015-10-19,457.5,462.0,446.75,455.25
2015-10-20,457.5,457.5,450.25,455.75
2015-10-21,460.0,466.25,451.25,466.25
2015-10-22,459.0,494.25,457.75,493.25
2015-10-23,493.75,518.75,489.5,511.75
2015-10-26,517.5,547.5,516.25,532.5
2015-10-27,552.25,563.25,500.0,500.0
2015-10-28,520.75,520.75,482.5,488.25
2015-10-29,495.0,520.0,492.5,506.25
2015-10-30,493.75,506.25,493.75,503.75
2015-11-02,512.5,537.5,510.75,537.5
2015-11-04,540.0,544.75,515.5,526.25
2015-11-05,530.0,530.0,500.0,523.75
2015-11-06,536.25,536.25,512.5,518.25
2015-11-09,526.0,526.0,513.0,513.75
2015-11-10,513.75,518.0,496.25,502.75
2015-11-11,495.0,510.25,495.0,497.75
2015-11-12,500.0,500.0,475.0,475.0
2015-11-13,463.75,468.75,457.5,466.25
2015-11-16,457.75,462.25,447.5,460.25
2015-11-17,480.25,480.25,462.5,464.25
2015-11-18,470.0,473.5,464.5,464.75
2015-11-19,478.75,478.75,466.25,475.25
2015-11-20,480.5,498.25,479.5,498.25
2015-11-24,499.25,519.75,499.25,518.75
2015-11-25,521.5,521.5,500.5,502.25
2015-11-26,500.0,500.0,491.25,491.75
2015-11-27,477.5,497.75,473.0,496.25
2015-11-30,497.5,505.0,497.0,502.5
2015-12-01,498.0,503.25,496.25,502.0
2015-12-02,500.25,502.0,490.25,501.75
2015-12-03,500.0,502.0,492.5,500.0
2015-12-04,499.75,499.75,492.5,497.0
2015-12-07,499.75,506.0,497.5,499.25
2015-12-08,505.5,505.5,498.25,503.75
2015-12-09,499.0,500.25,491.25,499.75
2015-12-10,495.0,498.75,487.5,487.75
2015-12-11,497.75,497.75,487.25,487.25
2015-12-14,477.25,491.5,477.25,486.75
2015-12-15,487.5,493.5,480.0,487.25
2015-12-16,483.0,491.0,480.75,485.0
2015-12-17,486.25,492.75,480.0,481.5
2015-12-18,488.5,488.5,480.0,483.5
2015-12-21,480.0,486.5,475.25,482.5
2015-12-22,492.5,503.75,486.5,503.75
2015-12-24,515.0,520.0,503.25,504.5
2015-12-25,504.5,504.5,504.5,504.5
2015-12-28,522.5,523.0,507.75,518.75
2015-12-29,531.25,532.5,521.5,528.75
2015-12-30,534.75,548.5,528.75,547.5
2016-01-04,551.25,612.75,551.25,558.0
2016-01-05,546.25,582.25,530.0,530.0
2016-01-06,530.0,532.0,513.5,514.0
2016-01-07,512.5,523.75,512.5,515.0
2016-01-08,512.5,523.5,509.0,523.0
2016-01-12,502.75,522.0,488.75,490.0
2016-01-13,491.5,518.75,491.5,512.5
2016-01-14,512.25,512.25,492.5,505.0
2016-01-15,505.25,519.5,497.75,514.25
2016-01-18,526.75,526.75,498.25,514.25
2016-01-19,532.0,550.0,531.25,542.25
2016-01-20,542.25,550.0,512.5,518.25
2016-01-21,506.25,517.5,490.0,490.25
2016-01-22,502.5,522.25,502.5,520.0
2016-01-25,532.5,546.0,524.5,546.0
2016-01-26,569.5,612.5,551.75,570.0
2016-01-27,586.25,587.5,565.0,570.0
2016-01-28,575.0,583.75,570.5,580.0
2016-01-29,583.75,613.75,575.0,612.0
2016-02-01,637.5,687.25,625.5,670.0
2016-02-02,660.0,717.5,655.5,699.25
2016-02-03,682.75,690.0,659.75,668.25
2016-02-04,662.5,662.5,613.75,631.25
2016-02-05,656.25,667.5,625.0,656.75
2016-02-08,627.5,657.0,617.5,652.0
2016-02-09,614.5,624.25,558.5,582.5
2016-02-10,583.75,592.25,552.5,574.75
2016-02-12,513.25,570.75,513.25,547.5
2016-02-15,562.75,595.0,555.5,583.75
2016-02-16,582.5,585.0,560.0,564.75
2016-02-17,560.0,564.0,530.75,533.75
2016-02-18,545.0,561.75,538.75,546.25
2016-02-19,535.0,558.5,534.0,544.0
2016-02-22,530.75,575.0,528.75,567.25
2016-02-23,567.5,591.5,567.5,591.25
2016-02-24,592.25,635.25,592.25,632.25
2016-02-25,650.0,650.0,607.75,620.25
2016-02-26,625.0,628.5,593.25,593.75
2016-02-29,591.5,625.5,590.75,613.75
2016-03-01,618.0,624.25,599.0,624.25
2016-03-02,624.75,649.25,619.25,645.0
2016-03-03,649.75,678.75,647.5,677.5
2016-03-04,674.5,683.75,662.75,672.5
2016-03-07,687.0,751.25,685.25,696.0
2016-03-08,720.0,770.0,712.5,755.0
2016-03-09,750.0,845.0,725.0,826.25
2016-03-10,825.0,970.0,802.5,882.5
2016-03-11,847.5,888.75,840.0,858.75
2016-03-14,825.0,878.75,807.5,863.75
2016-03-15,885.0,1015.0,882.5,995.0
2016-03-16,961.25,1060.0,943.75,971.25
2016-03-17,997.5,997.5,900.0,946.25
2016-03-18,928.75,953.75,907.5,925.0
2016-03-22,902.5,918.75,850.0,905.0
2016-03-23,912.5,977.5,910.0,956.25
2016-03-24,968.75,1036.25,916.25,980.0
2016-03-25,990.0,1022.5,937.5,952.5
2016-03-28,970.0,1010.0,946.25,968.75
2016-03-29,960.0,1038.0,943.0,1004.5
2016-03-30,1010.0,1132.5,1008.0,1122.0
2016-03-31,1147.0,1245.0,1147.0,1234.5
2016-04-01,1205.0,1220.0,1116.0,1150.0
2016-04-04,1130.0,1146.5,1051.0,1125.0
2016-04-05,1142.5,1167.0,1025.5,1042.5
2016-04-06,992.5,1098.5,953.5,1078.0
2016-04-07,1045.5,1135.0,1042.5,1067.5
2016-04-08,1067.5,1119.5,1043.0,1119.5
2016-04-11,1144.5,1144.5,1104.0,1116.0
2016-04-12,1110.5,1117.5,1040.0,1064.0
2016-04-13,1085.0,1094.0,1064.0,1065.0
2016-04-14,1075.5,1084.5,1040.0,1061.5
2016-04-15,1043.0,1080.0,1037.0,1063.5
2016-04-18,1072.5,1116.5,1055.0,1094.0
2016-04-19,1120.5,1180.0,1107.5,1172.0
2016-04-20,1210.0,1287.5,1180.0,1217.5
2016-04-21,1260.0,1310.0,1251.0,1295.0
2016-04-22,1275.0,1287.5,1211.0,1272.5
2016-04-25,1304.5,1343.5,1284.0,1311.0
2016-04-26,1300.0,1317.5,1116.0,1222.5
2016-04-27,1211.0,1252.5,1174.0,1249.5
2016-04-28,1318.0,1339.5,1205.5,1282.5
2016-05-02,1232.5,1285.0,1218.0,1220.0
2016-05-06,1244.5,1307.5,1202.5,1305.0
2016-05-09,1350.0,1355.0,1286.5,1307.5
2016-05-10,1325.0,1337.5,1265.0,1296.5
2016-05-11,1300.0,1300.0,1220.0,1227.0
2016-05-12,1205.0,1246.5,1180.0,1215.5
2016-05-13,1206.0,1265.5,1144.5,1228.5
2016-05-16,1224.5,1230.5,1151.5,1153.5
2016-05-17,1122.5,1192.5,1109.0,1153.0
2016-05-18,1145.5,1150.5,1044.5,1072.5
2016-05-19,1072.5,1125.5,1072.5,1088.0
2016-05-20,1095.0,1143.5,1079.0,1121.0
2016-05-23,1146.0,1146.0,1112.5,1135.5
2016-05-24,1133.0,1135.5,1090.5,1094.0
2016-05-25,1096.5,1105.0,1057.5,1060.5
2016-05-26,1062.5,1075.0,1008.0,1065.0
2016-05-27,1082.5,1099.5,1052.5,1055.5
2016-05-30,1080.5,1118.5,1070.0,1114.0
2016-05-31,1147.0,1148.0,1113.0,1117.5
2016-06-01,1124.0,1124.0,1075.5,1089.5
2016-06-02,1082.5,1108.0,1055.0,1080.0
2016-06-03,1070.5,1081.5,1063.0,1075.0
2016-06-06,1067.5,1096.0,1027.5,1028.0
2016-06-07,1018.5,1028.0,1010.0,1016.0
2016-06-08,1027.5,1063.0,1016.0,1051.5
2016-06-09,1070.0,1086.5,1057.0,1060.0
2016-06-10,1079.5,1079.5,1041.0,1048.0
2016-06-13,1025.0,1025.0,999.0,1000.5
2016-06-14,975.5,987.0,890.0,914.0
2016-06-15,894.0,918.0,876.5,907.0
2016-06-16,910.0,915.0,845.5,849.0
2016-06-17,880.0,895.0,860.5,872.5
2016-06-20,880.5,930.0,880.5,916.0
2016-06-21,937.5,975.5,925.0,964.5
2016-06-22,964.5,1011.0,964.5,989.0
2016-06-23,975.0,977.0,928.5,950.0
2016-06-24,1010.0,1014.5,791.0,890.0
2016-06-27,884.5,937.5,884.5,920.5
2016-06-28,876.0,920.0,875.0,910.5
2016-06-29,912.5,948.0,910.5,935.5
2016-06-30,950.0,965.0,925.0,932.5
2016-07-01,950.5,955.5,937.5,939.5
2016-07-04,939.5,950.5,932.5,941.0
2016-07-05,941.0,948.5,923.5,936.5
2016-07-06,911.5,916.0,887.0,911.0
2016-07-07,904.0,912.5,875.5,875.5
2016-07-08,879.5,890.5,815.5,838.5
2016-07-11,838.5,838.5,838.5,838.5
2016-07-12,877.5,879.5,865.0,874.5
2016-07-13,883.0,885.0,865.5,878.0
2016-07-14,868.5,868.5,858.5,860.5
2016-07-15,860.5,860.5,804.0,821.0
2016-07-19,800.5,801.5,765.0,775.5
2016-07-20,774.5,830.0,766.0,830.0
2016-07-21,850.0,865.0,800.5,849.5
2016-07-22,827.5,834.5,820.0,821.0
2016-07-25,808.0,841.0,808.0,821.5
2016-07-26,820.0,826.0,799.0,807.0
2016-07-27,817.5,890.0,809.0,862.0
2016-07-28,860.0,910.0,832.0,901.5
2016-07-29,910.0,910.0,846.5,880.0
2016-08-01,872.0,917.5,872.0,907.0
2016-08-02,921.5,927.5,895.0,918.0
2016-08-03,901.0,901.0,858.5,875.0
2016-08-04,875.0,875.0,823.0,848.0
2016-08-05,852.0,880.0,839.5,850.0
2016-08-08,865.0,891.5,860.5,885.0
2016-08-09,890.0,900.0,881.0,900.0
2016-08-10,894.5,894.5,871.5,892.0
2016-08-12,886.5,938.5,886.0,938.5
2016-08-15,758.5,775.0,747.5,767.0
2016-08-16,753.0,758.5,687.0,688.5
2016-08-17,681.5,681.5,623.0,632.0
2016-08-18,643.5,670.0,620.5,670.0
2016-08-19,677.5,689.0,645.0,684.0
2016-08-22,684.5,697.5,660.5,696.5
2016-08-23,681.5,686.5,650.0,655.5
2016-08-24,661.0,661.0,612.5,639.5
2016-08-25,630.0,631.5,604.5,614.0
2016-08-26,610.0,610.5,547.5,555.5
2016-08-29,580.0,580.0,555.5,564.5
2016-08-30,579.5,579.5,555.0,575.0
2016-08-31,578.5,578.5,556.0,566.0
2016-09-01,560.0,566.5,525.0,527.5
2016-09-02,525.5,541.0,525.5,530.0
2016-09-05,545.0,560.0,537.5,550.0
2016-09-06,563.0,653.0,557.5,627.0
2016-09-07,619.0,642.5,600.5,636.5
2016-09-08,638.5,650.5,632.5,632.5
2016-09-09,632.5,669.0,620.0,657.0
2016-09-12,633.5,643.5,598.5,602.5
2016-09-13,609.5,610.0,581.0,600.0
2016-09-14,596.0,602.5,588.0,594.5
2016-09-15,597.0,598.5,575.0,594.0
2016-09-16,609.0,636.5,594.0,632.5
2016-09-20,635.5,647.0,615.0,632.5
2016-09-21,632.5,632.5,605.5,619.0
2016-09-23,619.0,636.5,615.0,632.5
2016-09-26,626.0,630.0,615.5,619.0
2016-09-27,631.5,631.5,605.0,624.0
2016-09-28,623.5,623.5,600.0,619.5
2016-09-29,629.5,630.0,611.0,615.5
2016-09-30,614.0,634.0,607.5,630.5
2016-10-03,630.5,685.5,629.5,681.5
2016-10-04,682.5,714.5,670.0,711.0
2016-10-05,705.0,729.0,686.5,726.0
2016-10-06,717.5,734.0,692.5,732.5
2016-10-07,731.5,731.5,690.0,691.5
2016-10-11,679.5,689.5,661.0,662.0
2016-10-12,662.0,664.5,648.0,649.5
2016-10-13,648.5,660.5,648.5,652.0
2016-10-14,650.5,667.0,649.5,665.0
2016-10-17,682.5,682.5,666.0,678.0
2016-10-18,678.0,687.5,664.5,674.0
2016-10-19,668.5,674.5,648.0,657.5
2016-10-20,657.5,675.0,655.0,669.5
2016-10-21,677.5,701.0,667.0,686.0
2016-10-24,710.0,719.0,680.0,683.0
2016-10-25,688.0,688.0,663.0,667.0
2016-10-26,667.5,674.0,662.5,664.5
2016-10-27,662.5,665.0,650.0,664.0
2016-10-28,673.0,676.0,665.0,665.5
2016-10-31,665.0,670.0,656.5,661.0
2016-11-01,668.0,668.0,650.0,657.0
2016-11-02,651.0,665.0,650.5,652.5
2016-11-04,640.5,642.5,611.5,625.0
2016-11-07,550.0,636.5,540.5,636.5
2016-11-08,634.0,665.0,609.5,625.0
2016-11-09,619.0,619.0,572.5,586.5
2016-11-10,629.5,629.5,600.0,603.5
2016-11-11,603.5,619.0,602.0,608.0
2016-11-14,601.5,632.5,593.5,613.0
2016-11-15,615.0,627.0,608.0,614.0
2016-11-16,618.0,671.5,617.0,662.5
2016-11-17,650.0,660.5,645.5,654.5
2016-11-18,705.0,722.5,687.5,720.5
2016-11-21,720.0,787.5,715.0,787.0
2016-11-22,780.5,780.5,742.5,754.5
2016-11-24,751.5,753.5,725.0,728.5
2016-11-25,730.0,749.5,694.0,696.5
2016-11-28,696.5,721.5,679.0,715.0
2016-11-29,708.0,728.0,708.0,717.5
2016-11-30,721.0,740.5,718.0,738.0
2016-12-01,746.0,746.0,708.5,714.5
2016-12-02,708.5,708.5,692.5,693.5
2016-12-05,688.5,703.0,678.5,684.5
2016-12-06,668.0,677.5,660.0,660.0
2016-12-07,658.0,667.0,642.5,663.5
2016-12-08,667.0,671.0,655.5,662.0
2016-12-09,655.5,661.5,650.0,650.5
2016-12-12,651.0,657.5,650.5,650.5
2016-12-13,650.0,652.0,643.0,650.5
2016-12-14,652.0,653.0,645.5,645.5
2016-12-15,650.0,651.0,643.5,644.0
2016-12-16,649.0,649.0,640.0,640.0
2016-12-19,635.5,637.0,620.5,629.0
2016-12-20,627.0,657.5,627.0,657.0
2016-12-21,655.0,655.0,634.0,634.5
2016-12-22,636.5,640.0,614.0,624.5
2016-12-26,615.0,625.5,615.0,619.5
2016-12-27,619.0,628.0,613.0,619.0
2016-12-28,625.0,659.5,623.0,655.0
2016-12-29,656.0,656.5,635.5,651.0
2016-12-30,657.0,657.0,647.5,648.5
2017-01-04,659.5,659.5,642.5,647.0
2017-01-05,650.5,669.5,647.0,665.5
2017-01-06,665.5,679.0,665.5,675.0
2017-01-10,680.0,692.5,678.0,689.5
2017-01-11,693.0,696.0,665.5,669.0
2017-01-12,675.0,681.0,660.5,675.0
2017-01-13,670.0,675.0,664.5,667.5
2017-01-16,681.5,697.5,676.5,687.5
2017-01-17,696.5,699.5,669.0,670.0
2017-01-18,669.0,685.5,657.5,680.0
2017-01-19,684.5,684.5,656.5,678.0
2017-01-20,678.0,678.0,666.0,667.5
2017-01-23,675.5,677.0,661.5,661.5
2017-01-24,662.5,669.0,656.0,661.5
2017-01-25,665.5,677.5,665.0,670.0
2017-01-26,673.0,680.0,669.0,671.5
2017-01-27,672.5,689.0,672.0,681.0
2017-01-30,680.0,683.5,660.0,682.0
2017-01-31,700.0,728.0,690.0,719.0
2017-02-01,722.0,748.0,711.5,734.0
2017-02-02,747.0,750.0,720.0,721.0
2017-02-03,716.0,732.0,700.5,710.5
2017-02-06,715.5,737.5,712.5,736.0
2017-02-07,722.5,729.5,697.5,698.0
2017-02-08,700.0,706.0,693.5,695.5
2017-02-09,700.5,704.0,697.0,697.0
2017-02-10,703.5,719.5,700.5,713.5
2017-02-13,715.0,728.5,715.0,715.5
2017-02-14,723.0,737.0,716.0,717.0
2017-02-15,721.5,725.0,715.5,723.0
2017-02-16,734.0,735.0,725.0,727.5
2017-02-17,727.5,747.5,725.5,733.5
2017-02-20,740.0,744.5,708.5,714.0
2017-02-21,720.0,727.5,710.5,726.5
2017-02-22,725.0,727.5,714.0,722.5
2017-02-23,726.5,733.5,725.5,730.0
2017-02-24,739.0,741.0,727.5,737.5
2017-02-27,740.0,747.5,710.0,724.0
2017-02-28,728.0,741.0,722.0,724.0
2017-03-01,726.0,770.0,726.0,765.5
2017-03-02,770.5,799.0,770.0,793.0
2017-03-03,795.0,833.0,794.5,809.0
2017-03-06,810.0,840.0,804.0,840.0
2017-03-07,845.0,863.5,831.0,852.0
2017-03-08,858.5,898.0,857.0,886.0
2017-03-09,895.0,931.5,881.0,928.0
2017-03-10,913.0,950.0,851.0,864.5
2017-03-13,864.5,910.0,854.0,856.0
2017-03-14,850.5,861.0,828.0,834.0
2017-03-15,840.0,863.0,828.5,832.5
2017-03-16,852.5,878.5,843.5,871.5
2017-03-17,875.0,876.0,851.0,860.5
2017-03-21,860.5,865.5,853.5,857.0
2017-03-22,844.0,868.0,837.5,849.5
2017-03-23,845.5,867.0,845.5,861.0
2017-03-24,850.0,855.5,838.0,848.0
2017-03-27,846.0,846.0,807.5,808.0
2017-03-28,819.0,837.5,811.5,822.5
2017-03-29,835.5,847.5,822.5,845.0
2017-03-30,850.0,868.5,850.0,867.0
2017-03-31,877.5,915.0,871.5,879.0
2017-04-03,899.0,899.0,861.5,866.5
2017-04-04,858.0,861.0,825.5,844.0
2017-04-05,849.0,850.0,810.0,825.0
2017-04-06,812.0,824.0,793.5,797.0
2017-04-07,794.0,815.5,780.0,792.5
2017-04-10,800.5,813.5,793.0,794.5
2017-04-11,800.0,810.0,797.5,800.5
2017-04-12,800.0,803.0,766.0,780.0
2017-04-13,772.5,799.0,765.5,785.0
2017-04-14,780.0,808.5,780.0,790.0
2017-04-17,792.0,835.0,787.5,817.5
2017-04-18,834.5,860.0,833.5,852.5
2017-04-19,854.5,860.0,843.5,843.5
2017-04-20,842.0,886.5,841.5,884.5
2017-04-21,895.0,899.5,887.0,891.0
2017-04-24,900.0,900.0,863.5,877.5
2017-04-25,884.5,907.5,883.0,905.0
2017-04-26,910.0,919.0,905.5,911.5
2017-04-27,920.0,939.5,909.0,919.5
2017-04-28,916.0,931.0,892.0,908.0
2017-05-01,910.0,911.0,895.5,904.5
2017-05-02,895.5,932.0,895.5,925.0
2017-05-08,935.0,940.0,928.0,936.0
2017-05-09,930.0,930.0,872.5,877.5
2017-05-10,867.0,867.0,836.0,840.5
2017-05-11,841.0,862.5,819.5,830.5
2017-05-12,837.5,852.5,829.5,852.5
2017-05-15,852.5,860.0,850.5,860.0
2017-05-16,859.5,864.0,850.5,854.0
2017-05-17,855.5,859.0,850.5,852.0
2017-05-18,850.0,850.0,837.5,845.0
2017-05-19,859.0,866.5,852.5,853.5
2017-05-22,853.5,866.5,853.5,865.0
2017-05-23,869.5,884.0,867.5,869.5
2017-05-24,879.5,879.5,863.0,868.0
2017-05-25,874.0,874.0,856.0,856.0
2017-05-26,864.5,864.5,843.0,849.0
2017-05-29,850.0,870.0,850.0,859.5
2017-05-30,864.5,872.0,854.0,872.0
2017-05-31,874.5,876.0,852.5,857.5
2017-06-01,859.0,877.5,859.0,876.5
2017-06-02,886.0,888.5,880.5,887.0
2017-06-05,892.5,892.5,858.0,868.0
2017-06-06,870.0,870.0,852.0,858.5
2017-06-07,858.5,866.0,858.5,860.0
2017-06-08,859.0,870.0,857.5,858.5
2017-06-09,859.0,866.5,858.0,860.0
2017-06-12,863.0,884.0,857.5,880.0
2017-06-13,887.5,887.5,865.5,867.0
2017-06-14,870.5,879.5,870.0,871.5
2017-06-15,880.5,910.0,875.5,910.0
2017-06-16,919.5,919.5,894.0,901.5
2017-06-19,895.0,911.0,894.0,903.5
2017-06-20,903.5,914.5,896.5,907.5
2017-06-21,908.0,914.5,904.5,910.0
2017-06-22,914.0,914.0,902.5,904.0
2017-06-23,904.0,904.0,877.5,884.0
2017-06-26,885.0,903.0,885.0,900.5
2017-06-27,901.5,901.5,885.5,899.0
2017-06-28,869.0,877.0,867.0,867.0
2017-06-29,867.0,880.5,867.0,876.0
2017-06-30,872.0,872.0,847.5,854.0
2017-07-03,854.0,854.0,830.5,845.5
2017-07-04,852.0,852.0,821.0,824.5
2017-07-05,815.5,837.0,806.0,837.0
2017-07-06,837.5,843.5,831.0,832.0
2017-07-07,829.0,829.0,809.5,825.5
2017-07-10,827.0,840.0,819.5,837.5
2017-07-11,838.5,850.0,837.0,848.0
2017-07-12,849.5,849.5,827.5,830.0
2017-07-13,835.5,841.5,830.5,837.5
2017-07-14,838.0,843.0,835.5,839.5
2017-07-17,839.5,839.5,839.5,839.5
2017-07-18,844.5,845.5,834.5,835.5
2017-07-19,838.0,849.5,838.0,840.5
2017-07-20,845.0,848.5,842.0,844.0
2017-07-21,844.0,844.0,840.0,841.5
2017-07-24,842.5,849.5,839.5,848.0
2017-07-25,849.5,852.5,845.5,851.5
2017-07-26,851.5,852.5,840.5,850.0
2017-07-27,855.0,864.0,849.5,854.0
2017-07-28,861.0,865.0,855.5,865.0
2017-07-31,867.5,879.0,864.5,877.5
2017-08-01,879.5,880.0,859.0,869.0
2017-08-02,869.0,869.0,854.5,857.5
2017-08-03,855.0,860.5,852.5,855.0
2017-08-04,858.0,866.0,854.0,862.5
2017-08-07,865.0,867.5,860.5,863.5
2017-08-08,865.0,871.0,865.0,870.0
2017-08-09,877.5,884.5,871.5,883.5
2017-08-10,885.0,889.5,871.5,885.0
2017-08-11,885.0,885.0,885.0,885.0
2017-08-14,882.5,882.5,861.0,861.5
2017-08-15,890.0,890.5,813.5,818.0
2017-08-16,830.0,842.5,825.0,834.0
2017-08-17,830.5,834.0,800.0,808.0
2017-08-18,795.0,795.0,772.5,776.0
2017-08-21,773.5,790.0,770.5,773.5
2017-08-22,780.0,819.5,777.5,811.5
2017-08-23,826.0,839.5,816.5,837.5
2017-08-24,840.0,856.5,830.0,844.5
2017-08-25,847.5,855.0,840.5,850.0
2017-08-28,850.0,850.5,826.0,829.5
2017-08-29,822.5,827.5,800.0,812.0
2017-08-30,807.0,807.0,787.0,794.0
2017-08-31,787.5,803.5,786.5,792.5
2017-09-01,792.0,797.5,774.0,777.5
2017-09-04,780.5,780.5,758.0,761.0
2017-09-05,755.0,756.0,731.0,735.0
2017-09-06,725.5,728.5,705.0,716.5
2017-09-07,720.0,722.5,710.0,716.0
2017-09-08,717.5,722.0,708.0,717.5
2017-09-11,722.5,752.5,718.5,723.0
2017-09-12,730.0,756.0,722.5,755.0
2017-09-13,749.5,758.5,745.0,755.5
2017-09-14,758.5,765.0,752.5,760.5
2017-09-15,764.0,780.5,761.5,773.5
2017-09-18,773.5,773.5,773.5,773.5
2017-09-19,788.5,796.5,778.5,795.5
2017-09-20,795.0,811.5,793.5,796.0
2017-09-21,793.5,801.0,793.5,795.0
2017-09-22,795.0,800.5,774.0,784.0
2017-09-25,780.0,795.5,775.5,786.5
2017-09-26,786.0,794.5,785.0,794.5
2017-09-27,795.0,813.5,795.0,808.0
2017-09-28,819.5,819.5,799.0,802.0
2017-09-29,802.0,816.5,802.0,810.5
2017-10-02,820.0,850.0,817.5,850.0
2017-10-03,869.0,894.0,861.5,875.0
2017-10-04,875.0,883.5,863.5,882.0
2017-10-05,887.5,887.5,860.5,867.5
2017-10-06,857.5,880.0,857.5,873.0
2017-10-09,873.0,873.0,873.0,873.0
2017-10-10,870.0,915.5,870.0,912.5
2017-10-11,903.0,907.0,900.5,904.5
2017-10-12,906.0,935.0,905.0,909.5
2017-10-13,913.0,925.0,906.0,921.0
2017-10-16,934.5,940.0,927.5,934.5
2017-10-17,930.5,935.0,918.5,929.5
2017-10-18,916.0,924.0,916.0,916.0
2017-10-19,910.5,912.5,880.5,893.5
2017-10-20,883.5,917.0,878.0,910.5
2017-10-23,923.5,927.0,915.0,925.0
2017-10-24,919.5,919.5,901.0,912.5
2017-10-25,912.5,920.0,902.5,906.5
2017-10-26,900.5,923.5,900.5,919.5
2017-10-27,919.5,946.5,919.5,946.0
2017-10-30,946.0,947.5,935.5,940.0
2017-10-31,946.5,977.0,945.5,974.0
2017-11-01,975.0,981.0,950.5,953.5
2017-11-02,953.5,977.0,940.0,975.5
2017-11-03,975.5,975.5,975.5,975.5
2017-11-06,961.5,964.5,931.0,936.0
2017-11-07,994.0,1089.0,992.5,1079.5
2017-11-08,1094.5,1118.5,1058.5,1078.0
2017-11-09,1078.0,1091.5,1055.0,1087.5
2017-11-10,1090.0,1176.0,1087.0,1152.5
2017-11-13,1142.0,1146.5,1098.5,1100.5
2017-11-14,1100.5,1107.0,1058.0,1064.5
2017-11-15,1051.5,1052.0,981.0,1004.0
2017-11-16,1022.0,1059.5,1022.0,1031.5
2017-11-17,1046.5,1053.0,1022.5,1027.0
2017-11-20,1022.5,1069.5,1022.5,1069.5
2017-11-21,1063.0,1079.5,1038.0,1075.5
2017-11-22,1075.5,1075.5,1037.0,1041.0
2017-11-23,1041.0,1041.0,1041.0,1041.0
2017-11-24,1057.5,1063.5,1040.0,1063.5
2017-11-27,1078.5,1085.0,1047.5,1079.5
2017-11-28,1076.5,1077.0,1057.5,1069.0
2017-11-29,1085.0,1085.0,1066.5,1078.5
2017-11-30,1068.5,1093.0,1049.0,1093.0
2017-12-01,1092.0,1129.0,1086.5,1126.5
2017-12-04,1126.5,1134.0,1090.0,1094.0
2017-12-05,1084.5,1091.0,1047.0,1078.5
2017-12-06,1084.5,1087.5,1054.5,1065.0
2017-12-07,1067.0,1111.5,1062.0,1102.0
2017-12-08,1103.0,1123.0,1093.5,1108.0
2017-12-11,1122.5,1127.5,1112.5,1123.5
2017-12-12,1126.5,1126.5,1107.0,1124.0
2017-12-13,1139.5,1214.5,1136.0,1197.5
2017-12-14,1222.0,1279.5,1212.0,1243.5
2017-12-15,1245.0,1255.5,1183.0,1219.0
2017-12-18,1250.0,1267.0,1203.5,1266.5
2017-12-19,1275.0,1306.0,1248.0,1251.0
2017-12-20,1259.0,1259.0,1211.5,1234.5
2017-12-21,1229.0,1282.0,1227.0,1251.5
2017-12-22,1258.0,1264.5,1228.5,1240.0
2017-12-25,1241.0,1245.5,1210.5,1213.5
2017-12-26,1214.0,1249.0,1206.5,1248.0
2017-12-27,1248.0,1333.5,1244.5,1325.0
2017-12-28,1318.0,1369.0,1298.5,1343.0
2017-12-29,1337.0,1410.0,1308.5,1397.0
2018-01-01,1397.0,1397.0,1397.0,1397.0
2018-01-02,1397.0,1397.0,1397.0,1397.0
2018-01-03,1397.0,1397.0,1397.0,1397.0
2018-01-04,1445.0,1446.5,1390.5,1423.0
2018-01-05,1417.0,1462.5,1396.0,1453.0
2018-01-08,1453.0,1453.0,1453.0,1453.0
2018-01-09,1465.0,1484.5,1425.5,1480.0
2018-01-10,1471.0,1471.0,1433.0,1453.0
2018-01-11,1428.0,1449.5,1418.5,1434.0
2018-01-12,1431.5,1468.5,1430.0,1456.0
2018-01-15,1456.0,1462.5,1433.5,1459.0
2018-01-16,1467.5,1467.5,1432.0,1439.5
2018-01-17,1428.5,1433.0,1378.0,1387.0
2018-01-18,1396.0,1412.0,1376.5,1383.5
2018-01-19,1382.5,1459.5,1376.0,1449.5
2018-01-22,1464.5,1464.5,1410.0,1437.0
2018-01-23,1462.0,1462.0,1404.5,1416.0
2018-01-24,1429.5,1457.5,1413.0,1426.5
2018-01-25,1435.0,1435.0,1391.0,1401.5
2018-01-26,1404.5,1407.0,1388.0,1388.0
2018-01-29,1385.5,1425.0,1365.0,1405.0
2018-01-30,1420.0,1439.5,1395.5,1437.0
2018-01-31,1421.0,1455.0,1407.5,1424.0
2018-02-01,1480.0,1580.0,1471.5,1512.5
2018-02-02,1502.5,1527.5,1453.0,1467.0
2018-02-05,1442.0,1442.0,1337.5,1365.0
2018-02-06,1255.0,1266.0,1131.5,1189.0
2018-02-07,1289.0,1290.5,1164.0,1196.0
2018-02-08,1221.0,1273.5,1205.0,1269.5
2018-02-09,1196.5,1310.0,1158.5,1304.5
2018-02-12,1304.5,1304.5,1304.5,1304.5
2018-02-13,1321.5,1321.5,1243.0,1251.5
2018-02-14,1250.0,1286.0,1182.0,1219.5
2018-02-15,1225.0,1279.0,1195.5,1271.5
2018-02-16,1279.0,1320.5,1246.0,1315.0
2018-02-19,1340.0,1409.5,1338.5,1395.5
2018-02-20,1395.0,1409.0,1361.5,1387.5
2018-02-21,1407.5,1477.0,1396.5,1447.5
2018-02-22,1436.5,1535.0,1405.5,1525.0
2018-02-23,1550.0,1560.0,1471.5,1495.5
2018-02-26,1522.5,1522.5,1445.5,1458.5
2018-02-27,1461.0,1494.5,1442.0,1483.5
2018-02-28,1476.0,1550.0,1464.5,1532.5
2018-03-01,1517.5,1525.0,1446.0,1476.0
2018-03-02,1428.0,1515.0,1405.5,1489.0
2018-03-05,1492.0,1502.5,1403.0,1408.5
2018-03-06,1413.0,1468.0,1391.0,1446.0
2018-03-07,1434.0,1485.0,1410.0,1475.0
2018-03-08,1470.5,1537.5,1463.0,1520.0
2018-03-09,1505.0,1570.0,1465.5,1507.5
2018-03-12,1527.5,1595.0,1500.0,1557.5
2018-03-13,1590.0,1687.5,1585.0,1632.5
2018-03-14,1622.5,1660.0,1565.0,1642.5
2018-03-15,1635.0,1732.5,1635.0,1722.5
2018-03-16,1750.0,1750.0,1665.0,1692.5
2018-03-19,1685.0,1725.0,1595.0,1677.5
2018-03-20,1642.5,1655.0,1577.5,1580.0
2018-03-21,1580.0,1580.0,1580.0,1580.0
2018-03-22,1582.5,1647.5,1580.0,1630.0
2018-03-23,1550.0,1605.0,1532.5,1562.5
2018-03-26,1532.5,1562.5,1473.0,1535.0
2018-03-27,1575.0,1615.0,1570.0,1615.0
2018-03-28,1580.0,1657.5,1575.0,1652.5
2018-03-29,1685.0,1732.5,1655.0,1712.5
2018-03-30,1732.5,1775.0,1715.0,1755.0
2018-04-02,1772.5,1877.5,1772.5,1870.0
2018-04-03,1835.0,1985.0,1822.5,1955.0
2018-04-04,1965.0,2035.0,1875.0,2025.0
2018-04-05,2015.0,2030.0,1952.5,1970.0
2018-04-06,1962.5,2075.0,1952.5,2050.0
2018-04-09,2022.5,2132.5,2022.5,2102.5
2018-04-10,2152.5,2157.5,2067.5,2117.5
2018-04-11,2115.0,2115.0,1940.0,2025.0
2018-04-12,2005.0,2087.5,1992.5,2007.5
2018-04-13,2037.5,2087.5,1995.0,2047.5
2018-04-16,2057.5,2132.5,2020.0,2115.0
2018-04-17,2080.0,2095.0,1985.0,2005.0
2018-04-18,2020.0,2072.5,2002.5,2055.0
2018-04-19,2070.0,2140.0,1965.0,1965.0
2018-04-20,1962.5,2040.0,1932.5,2002.5
2018-04-23,1967.5,1982.5,1882.5,1940.0
2018-04-24,1982.5,2095.0,1980.0,2085.0
2018-04-25,2090.0,2197.5,2060.0,2147.5
2018-04-26,2160.0,2180.0,2002.5,2080.0
2018-04-27,2062.5,2077.5,2002.5,2005.0
2018-04-30,2005.0,2005.0,2005.0,2005.0
2018-05-01,2012.5,2062.5,1967.5,1995.0
2018-05-02,1995.0,2117.5,1987.5,2080.0
2018-05-03,2080.0,2080.0,2080.0,2080.0
2018-05-04,2080.0,2080.0,2080.0,2080.0
2018-05-07,2430.0,2430.0,2390.0,2430.0
2018-05-08,2440.0,2510.0,2362.5,2415.0
2018-05-09,2475.0,2765.0,2467.5,2755.0
2018-05-10,2750.0,2935.0,2740.0,2810.0
2018-05-11,2825.0,3090.0,2825.0,3010.0
2018-05-14,2940.0,2945.0,2705.0,2780.0
2018-05-15,2830.0,2960.0,2730.0,2770.0
2018-05-16,2750.0,2945.0,2735.0,2890.0
2018-05-17,2950.0,3125.0,2900.0,3110.0
2018-05-18,3175.0,3175.0,2930.0,3000.0
2018-05-21,2940.0,3000.0,2905.0,2960.0
2018-05-22,2960.0,2960.0,2845.0,2890.0
2018-05-23,2885.0,2995.0,2850.0,2885.0
2018-05-24,2860.0,2915.0,2820.0,2870.0
2018-05-25,2840.0,2885.0,2805.0,2820.0
2018-05-28,2835.0,2860.0,2770.0,2780.0
2018-05-29,2775.0,2775.0,2655.0,2740.0
2018-05-30,2685.0,2800.0,2670.0,2755.0
2018-05-31,2730.0,2795.0,2640.0,2640.0
2018-06-01,2650.0,2725.0,2585.0,2600.0
2018-06-04,2635.0,2640.0,2505.0,2580.0
2018-06-05,2510.0,2700.0,2510.0,2595.0
2018-06-06,2615.0,2615.0,2397.5,2410.0
2018-06-07,2392.5,2490.0,2385.0,2467.5
2018-06-08,2462.5,2795.0,2455.0,2700.0
2018-06-11,2720.0,2810.0,2590.0,2620.0
2018-06-12,2620.0,2790.0,2560.0,2775.0
2018-06-13,2825.0,2860.0,2690.0,2715.0
2018-06-14,2695.0,2755.0,2620.0,2630.0
2018-06-15,2605.0,2645.0,2565.0,2615.0
2018-06-18,2600.0,2625.0,2565.0,2600.0
2018-06-19,2575.0,2595.0,2490.0,2510.0
2018-06-20,2460.0,2590.0,2440.0,2555.0
2018-06-21,2525.0,2625.0,2510.0,2585.0
2018-06-22,2575.0,2715.0,2550.0,2635.0
2018-06-25,2670.0,2670.0,2530.0,2540.0
2018-06-26,2465.0,2510.0,2427.5,2485.0
2018-06-27,2366.0,2599.0,2364.0,2585.0
2018-06-28,2582.0,2599.0,2457.0,2588.0
2018-06-29,2570.0,2642.0,2544.0,2576.0
2018-07-02,2554.0,2575.0,2378.0,2381.0
2018-07-03,2381.0,2445.0,2287.0,2365.0
2018-07-04,2315.0,2355.0,2265.0,2278.0
2018-07-05,2256.0,2384.0,2250.0,2302.0
2018-07-06,2301.0,2464.0,2253.0,2460.0
2018-07-09,2445.0,2480.0,2387.0,2452.0
2018-07-10,2482.0,2482.0,2350.0,2355.0
2018-07-11,2321.0,2345.0,2270.0,2283.0
2018-07-12,2301.0,2370.0,2276.0,2325.0
2018-07-13,2303.0,2331.0,2287.0,2292.0
2018-07-16,2292.0,2292.0,2292.0,2292.0
2018-07-17,2356.0,2500.0,2356.0,2403.0
2018-07-18,2411.0,2499.0,2385.0,2417.0
2018-07-19,2417.0,2440.0,2366.0,2377.0
2018-07-20,2370.0,2387.0,2340.0,2361.0
2018-07-23,2357.0,2391.0,2325.0,2345.0
2018-07-24,2353.0,2464.0,2345.0,2452.0
2018-07-25,2480.0,2554.0,2436.0,2465.0
2018-07-26,2465.0,2474.0,2401.0,2455.0
2018-07-27,2463.0,2475.0,2407.0,2457.0
2018-07-30,2426.0,2525.0,2426.0,2508.0
2018-07-31,2485.0,2519.0,2443.0,2503.0
2018-08-01,2539.0,2598.0,2492.0,2530.0
2018-08-02,2531.0,2531.0,2342.0,2383.0
2018-08-03,2407.0,2410.0,2362.0,2381.0
2018-08-06,2381.0,2416.0,2303.0,2316.0
2018-08-07,2297.0,2348.0,2281.0,2305.0
2018-08-08,2285.0,2399.0,2285.0,2390.0
2018-08-09,2400.0,2428.0,2355.0,2426.0
2018-08-10,2405.0,2420.0,2379.0,2400.0
2018-08-13,2381.0,2410.0,2281.0,2350.0
2018-08-14,2450.0,2460.0,2126.0,2156.0
2018-08-15,2193.0,2256.0,2133.0,2185.0
2018-08-16,2165.0,2165.0,1987.0,2060.0
2018-08-17,2086.0,2144.0,2060.0,2091.0
2018-08-20,2084.0,2177.0,2084.0,2099.0
2018-08-21,2099.0,2150.0,2066.0,2090.0
2018-08-22,2094.0,2239.0,2094.0,2232.0
2018-08-23,2240.0,2445.0,2216.0,2403.0
2018-08-24,2453.0,2620.0,2437.0,2614.0
2018-08-27,2610.0,2695.0,2562.0,2626.0
2018-08-28,2626.0,2659.0,2501.0,2568.0
2018-08-29,2570.0,2649.0,2555.0,2648.0
2018-08-30,2648.0,2695.0,2610.0,2651.0
2018-08-31,2619.0,2662.0,2619.0,2658.0
2018-09-03,2650.0,2674.0,2567.0,2578.0
2018-09-04,2570.0,2610.0,2517.0,2535.0
2018-09-05,2531.0,2549.0,2331.0,2337.0
2018-09-06,2332.0,2378.0,2219.0,2231.0
2018-09-07,2205.0,2219.0,2144.0,2180.0
2018-09-10,2200.0,2282.0,2180.0,2256.0
2018-09-11,2256.0,2289.0,2187.0,2250.0
2018-09-12,2238.0,2238.0,2146.0,2160.0
2018-09-13,2142.0,2194.0,2112.0,2133.0
2018-09-14,2155.0,2227.0,2129.0,2181.0
2018-09-17,2181.0,2181.0,2181.0,2181.0
2018-09-18,2178.0,2280.0,2167.0,2275.0
2018-09-19,2334.0,2343.0,2225.0,2263.0
2018-09-20,2275.0,2275.0,2175.0,2210.0
2018-09-21,2222.0,2272.0,2212.0,2250.0
2018-09-24,2250.0,2250.0,2250.0,2250.0
2018-09-25,2290.0,2327.0,2251.0,2305.0
2018-09-26,2336.0,2459.0,2331.0,2435.0
2018-09-27,2448.0,2486.0,2345.0,2359.0
2018-09-28,2409.0,2468.0,2404.0,2446.0
2018-10-01,2455.0,2507.0,2406.0,2493.0
2018-10-02,2506.0,2506.0,2382.0,2386.0
2018-10-03,2336.0,2359.0,2186.0,2196.0
2018-10-04,2180.0,2240.0,2158.0,2189.0
2018-10-05,2188.0,2223.0,2142.0,2168.0
2018-10-08,2168.0,2168.0,2168.0,2168.0
2018-10-09,2152.0,2167.0,2086.0,2121.0
2018-10-10,2121.0,2163.0,2099.0,2127.0
2018-10-11,1977.0,2038.0,1951.0,1996.0
2018-10-12,1981.0,2079.0,1962.0,2064.0
2018-10-15,2064.0,2064.0,1981.0,1984.0
2018-10-16,1998.0,2025.0,1933.0,1954.0
2018-10-17,1994.0,2047.0,1983.0,2017.0
2018-10-18,2014.0,2028.0,1961.0,1986.0
2018-10-19,1946.0,1958.0,1899.0,1929.0
2018-10-22,1914.0,1972.0,1892.0,1895.0
2018-10-23,1870.0,1917.0,1823.0,1842.0
2018-10-24,1848.0,1882.0,1767.0,1773.0
2018-10-25,1680.0,1720.0,1644.0,1670.0
2018-10-26,1701.0,1728.0,1591.0,1648.0
2018-10-29,1640.0,1689.0,1520.0,1524.0
2018-10-30,1501.0,1635.0,1465.0,1632.0
2018-10-31,1672.0,1700.0,1602.0,1654.0
2018-11-01,1623.0,1639.0,1585.0,1604.0
2018-11-02,1584.0,1631.0,1570.0,1621.0
2018-11-05,1630.0,1674.0,1621.0,1632.0
2018-11-06,1472.0,1479.0,1382.0,1416.0
2018-11-07,1417.0,1419.0,1358.0,1380.0
2018-11-08,1410.0,1410.0,1364.0,1383.0
2018-11-09,1366.0,1380.0,1314.0,1320.0
2018-11-12,1305.0,1330.0,1247.0,1265.0
2018-11-13,1214.0,1238.0,1193.0,1210.0
2018-11-14,1210.0,1212.0,1161.0,1167.0
2018-11-15,1160.0,1219.0,1143.0,1192.0
2018-11-16,1192.0,1193.0,1134.0,1140.0
2018-11-19,1134.0,1174.0,1117.0,1151.0
2018-11-20,1121.0,1136.0,1110.0,1125.0
2018-11-21,1095.0,1150.0,1093.0,1133.0
2018-11-22,1114.0,1137.0,1095.0,1120.0
2018-11-23,1120.0,1120.0,1120.0,1120.0
2018-11-26,1119.0,1179.0,1115.0,1158.0
2018-11-27,1153.0,1202.0,1140.0,1185.0
2018-11-28,1203.0,1308.0,1203.0,1300.0
2018-11-29,1319.0,1335.0,1219.0,1259.0
2018-11-30,1260.0,1266.0,1229.0,1248.0
2018-12-03,1265.0,1333.0,1265.0,1325.0
2018-12-04,1325.0,1359.0,1288.0,1342.0
2018-12-05,1304.0,1349.0,1290.0,1307.0
2018-12-06,1313.0,1319.0,1234.0,1266.0
2018-12-07,1266.0,1300.0,1258.0,1287.0
2018-12-10,1249.0,1258.0,1178.0,1194.0
2018-12-11,1194.0,1217.0,1120.0,1128.0
2018-12-12,1141.0,1213.0,1141.0,1195.0
2018-12-13,1206.0,1235.0,1180.0,1225.0
2018-12-14,1216.0,1219.0,1164.0,1178.0
2018-12-17,1178.0,1184.0,1135.0,1151.0
2018-12-18,1110.0,1121.0,1063.0,1068.0
2018-12-19,1079.0,1138.0,1062.0,1107.0
2018-12-20,1081.0,1105.0,1006.0,1030.0
2018-12-21,1018.0,1039.0,959.0,984.0
2018-12-24,984.0,984.0,984.0,984.0
2018-12-25,924.0,956.0,882.0,927.0
2018-12-26,951.0,1013.0,951.0,994.0
2018-12-27,1073.0,1079.0,1029.0,1060.0
2018-12-28,1030.0,1056.0,992.0,1017.0
2018-12-31,1017.0,1017.0,1017.0,1017.0
2019-01-04,978.0,1012.0,961.0,1006.0
2019-01-07,1053.0,1086.0,1044.0,1079.0
2019-01-08,1069.0,1121.0,1069.0,1110.0
2019-01-09,1110.0,1129.0,1060.0,1060.0
2019-01-10,1061.0,1095.0,1057.0,1079.0
2019-01-11,1095.0,1179.0,1082.0,1132.0
2019-01-15,1148.0,1238.0,1127.0,1215.0
2019-01-16,1244.0,1259.0,1187.0,1203.0
2019-01-17,1205.0,1235.0,1187.0,1228.0
2019-01-18,1233.0,1279.0,1229.0,1269.0
2019-01-21,1280.0,1304.0,1253.0,1257.0
2019-01-22,1243.0,1269.0,1204.0,1255.0
2019-01-23,1249.0,1308.0,1234.0,1292.0
2019-01-24,1281.0,1332.0,1281.0,1328.0
2019-01-25,1340.0,1346.0,1313.0,1319.0
2019-01-28,1319.0,1327.0,1271.0,1310.0
2019-01-29,1292.0,1296.0,1196.0,1264.0
2019-01-30,1263.0,1275.0,1182.0,1194.0
2019-01-31,1217.0,1251.0,1191.0,1219.0
2019-02-01,1228.0,1228.0,1171.0,1211.0
2019-02-04,1205.0,1295.0,1186.0,1246.0
2019-02-05,1366.0,1546.0,1330.0,1533.0
2019-02-06,1539.0,1547.0,1408.0,1468.0
2019-02-07,1568.0,1683.0,1528.0,1678.0
2019-02-08,1638.0,1654.0,1570.0,1586.0
2019-02-12,1608.0,1609.0,1507.0,1512.0
2019-02-13,1544.0,1554.0,1481.0,1551.0
2019-02-14,1562.0,1573.0,1484.0,1499.0
2019-02-15,1505.0,1505.0,1431.0,1453.0
2019-02-18,1483.0,1495.0,1437.0,1454.0
2019-02-19,1511.0,1596.0,1488.0,1575.0
2019-02-20,1607.0,1627.0,1535.0,1563.0
2019-02-21,1551.0,1583.0,1508.0,1530.0
2019-02-22,1525.0,1526.0,1482.0,1505.0
2019-02-25,1538.0,1543.0,1494.0,1509.0
2019-02-26,1510.0,1533.0,1482.0,1504.0
2019-02-27,1500.0,1528.0,1477.0,1524.0
2019-02-28,1510.0,1518.0,1459.0,1479.0
2019-03-01,1539.0,1604.0,1510.0,1578.0
2019-03-04,1618.0,1624.0,1563.0,1581.0
2019-03-05,1568.0,1601.0,1541.0,1573.0
2019-03-06,1556.0,1580.0,1520.0,1555.0
2019-03-07,1530.0,1557.0,1480.0,1494.0
2019-03-08,1445.0,1458.0,1354.0,1382.0
2019-03-11,1382.0,1419.0,1342.0,1401.0
2019-03-12,1431.0,1496.0,1400.0,1413.0
2019-03-13,1407.0,1448.0,1393.0,1410.0
2019-03-14,1433.0,1440.0,1387.0,1392.0
2019-03-15,1390.0,1422.0,1385.0,1401.0
2019-03-18,1414.0,1441.0,1398.0,1430.0
2019-03-19,1410.0,1436.0,1406.0,1425.0
2019-03-20,1412.0,1428.0,1400.0,1405.0
2019-03-22,1403.0,1461.0,1403.0,1425.0
2019-03-25,1370.0,1395.0,1350.0,1383.0
2019-03-26,1397.0,1422.0,1381.0,1387.0
2019-03-27,1396.0,1421.0,1385.0,1395.0
2019-03-28,1400.0,1406.0,1378.0,1382.0
2019-03-29,1389.0,1418.0,1384.0,1402.0
2019-04-01,1420.0,1491.0,1412.0,1488.0
2019-04-02,1521.0,1535.0,1448.0,1451.0
2019-04-03,1435.0,1452.0,1422.0,1433.0
2019-04-04,1433.0,1439.0,1398.0,1400.0
2019-04-05,1390.0,1448.0,1385.0,1422.0
2019-04-08,1424.0,1424.0,1392.0,1399.0
2019-04-09,1395.0,1402.0,1367.0,1393.0
2019-04-10,1383.0,1433.0,1373.0,1427.0
2019-04-11,1403.0,1459.0,1403.0,1452.0
2019-04-12,1470.0,1487.0,1422.0,1435.0
2019-04-15,1464.0,1490.0,1447.0,1485.0
2019-04-16,1515.0,1532.0,1479.0,1483.0
2019-04-17,1488.0,1496.0,1446.0,1450.0
2019-04-18,1440.0,1443.0,1392.0,1396.0
2019-04-19,1406.0,1430.0,1400.0,1428.0
2019-04-22,1430.0,1445.0,1404.0,1406.0
2019-04-23,1390.0,1420.0,1364.0,1368.0
2019-04-24,1367.0,1389.0,1358.0,1369.0
2019-04-25,1361.0,1384.0,1356.0,1375.0
2019-04-26,1375.0,1396.0,1337.0,1386.0
2019-05-07,1400.0,1425.0,1367.0,1390.0
2019-05-08,1356.0,1364.0,1329.0,1344.0
2019-05-09,1336.0,1338.0,1248.0,1250.0
2019-05-10,1254.0,1298.0,1237.0,1269.0
2019-05-13,1284.0,1313.0,1270.0,1288.0
2019-05-14,1230.0,1418.0,1162.0,1377.0
2019-05-15,1428.0,1428.0,1267.0,1285.0
2019-05-16,1268.0,1270.0,1219.0,1243.0
2019-05-17,1266.0,1299.0,1256.0,1288.0
2019-05-20,1300.0,1320.0,1265.0,1274.0
2019-05-21,1261.0,1284.0,1241.0,1271.0
2019-05-22,1277.0,1304.0,1273.0,1275.0
2019-05-23,1265.0,1292.0,1249.0,1260.0
2019-05-24,1233.0,1314.0,1233.0,1306.0
2019-05-27,1332.0,1416.0,1332.0,1371.0
2019-05-28,1401.0,1426.0,1370.0,1406.0
2019-05-29,1390.0,1411.0,1358.0,1399.0
2019-05-30,1387.0,1399.0,1362.0,1372.0
2019-05-31,1365.0,1377.0,1336.0,1340.0
2019-06-03,1302.0,1318.0,1249.0,1251.0
2019-06-04,1245.0,1266.0,1212.0,1247.0
2019-06-05,1277.0,1297.0,1259.0,1280.0
2019-06-06,1292.0,1424.0,1276.0,1369.0
2019-06-07,1369.0,1406.0,1350.0,1389.0
2019-06-10,1418.0,1425.0,1385.0,1400.0
2019-06-11,1385.0,1450.0,1367.0,1450.0
2019-06-12,1452.0,1499.0,1445.0,1459.0
2019-06-13,1459.0,1512.0,1455.0,1499.0
2019-06-14,1529.0,1596.0,1511.0,1578.0
2019-06-17,1590.0,1615.0,1573.0,1579.0
2019-06-18,1576.0,1592.0,1525.0,1530.0
2019-06-19,1562.0,1575.0,1516.0,1534.0
2019-06-20,1534.0,1582.0,1534.0,1573.0
2019-06-21,1598.0,1610.0,1575.0,1587.0
2019-06-24,1591.0,1615.0,1577.0,1590.0
2019-06-25,1598.0,1604.0,1544.0,1548.0
2019-06-26,1525.0,1555.0,1500.0,1523.0
2019-06-27,1517.0,1517.0,1442.0,1444.0
2019-06-28,1444.0,1444.0,1378.0,1389.0
2019-07-01,1416.0,1480.0,1409.0,1460.0
2019-07-02,1442.0,1555.0,1435.0,1547.0
2019-07-03,1547.0,1556.0,1505.0,1515.0
2019-07-04,1528.0,1528.0,1478.0,1487.0
2019-07-05,1498.0,1502.0,1469.0,1498.0
2019-07-08,1550.0,1617.0,1528.0,1537.0
2019-07-09,1540.0,1577.0,1489.0,1561.0
2019-07-10,1559.0,1559.0,1523.0,1533.0
2019-07-11,1531.0,1556.0,1513.0,1554.0
2019-07-12,1554.0,1559.0,1516.0,1518.0
2019-07-16,1546.0,1558.0,1520.0,1548.0
2019-07-17,1535.0,1540.0,1512.0,1532.0
2019-07-18,1536.0,1536.0,1476.0,1482.0
2019-07-19,1494.0,1558.0,1489.0,1551.0
2019-07-22,1545.0,1550.0,1514.0,1516.0
2019-07-23,1555.0,1641.0,1534.0,1600.0
2019-07-24,1616.0,1638.0,1604.0,1618.0
2019-07-25,1613.0,1637.0,1602.0,1628.0
2019-07-26,1620.0,1650.0,1609.0,1643.0
2019-07-29,1661.0,1669.0,1615.0,1633.0
2019-07-30,1625.0,1664.0,1619.0,1660.0
2019-07-31,1650.0,1680.0,1639.0,1670.0
2019-08-01,1646.0,1672.0,1604.0,1666.0
2019-08-02,1634.0,1646.0,1602.0,1634.0
2019-08-05,1620.0,1620.0,1549.0,1582.0
2019-08-06,1514.0,1577.0,1502.0,1557.0
2019-08-07,1568.0,1585.0,1553.0,1562.0
2019-08-08,1575.0,1618.0,1563.0,1598.0
2019-08-09,1633.0,1640.0,1605.0,1620.0
2019-08-13,1604.0,1687.0,1592.0,1673.0
2019-08-14,1551.0,1582.0,1441.0,1467.0
2019-08-15,1408.0,1465.0,1365.0,1434.0
2019-08-16,1450.0,1526.0,1443.0,1504.0
2019-08-19,1515.0,1542.0,1500.0,1523.0
2019-08-20,1542.0,1609.0,1504.0,1605.0
2019-08-21,1617.0,1654.0,1610.0,1628.0
2019-08-22,1640.0,1654.0,1585.0,1610.0
2019-08-23,1597.0,1615.0,1568.0,1615.0
2019-08-26,1580.0,1642.0,1559.0,1563.0
2019-08-27,1588.0,1602.0,1545.0,1550.0
2019-08-28,1551.0,1565.0,1504.0,1504.0
2019-08-29,1504.0,1527.0,1471.0,1512.0
2019-08-30,1520.0,1561.0,1512.0,1516.0
2019-09-02,1548.0,1572.0,1512.0,1515.0
2019-09-03,1516.0,1553.0,1510.0,1542.0
2019-09-04,1531.0,1550.0,1516.0,1535.0
2019-09-05,1558.0,1582.0,1547.0,1576.0
2019-09-06,1579.0,1592.0,1563.0,1577.0
2019-09-09,1577.0,1600.0,1556.0,1591.0
2019-09-10,1591.0,1616.0,1577.0,1585.0
2019-09-11,1588.0,1605.0,1570.0,1600.0
2019-09-12,1613.0,1686.0,1594.0,1594.0
2019-09-13,1605.0,1607.0,1567.0,1597.0
2019-09-17,1615.0,1619.0,1557.0,1608.0
2019-09-18,1615.0,1632.0,1557.0,1568.0
2019-09-19,1566.0,1578.0,1510.0,1541.0
2019-09-20,1570.0,1618.0,1559.0,1602.0
2019-09-24,1601.0,1633.0,1585.0,1628.0
2019-09-25,1613.0,1643.0,1599.0,1643.0
2019-09-26,1652.0,1812.0,1652.0,1772.0
2019-09-27,1812.0,1820.0,1768.0,1796.0
2019-09-30,1780.0,1780.0,1741.0,1752.0
2019-10-01,1736.0,1815.0,1722.0,1803.0
2019-10-02,1784.0,1876.0,1773.0,1863.0
2019-10-03,1830.0,1892.0,1826.0,1886.0
2019-10-04,1914.0,1975.0,1891.0,1969.0
2019-10-07,1969.0,1979.0,1909.0,1935.0
2019-10-08,1924.0,1946.0,1881.0,1940.0
2019-10-09,1912.0,1938.0,1891.0,1933.0
2019-10-10,1923.0,1923.0,1859.0,1871.0
2019-10-11,1866.0,1866.0,1826.0,1831.0
2019-10-15,1828.0,1893.0,1828.0,1867.0
2019-10-16,1867.0,1883.0,1781.0,1796.0
2019-10-17,1790.0,1826.0,1765.0,1787.0
2019-10-18,1778.0,1803.0,1770.0,1778.0
2019-10-21,1792.0,1862.0,1782.0,1840.0
2019-10-23,1843.0,1898.0,1820.0,1896.0
2019-10-24,1888.0,1895.0,1844.0,1860.0
2019-10-25,1866.0,1889.0,1853.0,1859.0
2019-10-28,1852.0,1872.0,1836.0,1847.0
2019-10-29,1835.0,1841.0,1795.0,1798.0
2019-10-30,1792.0,1888.0,1768.0,1886.0
2019-10-31,1871.0,1882.0,1830.0,1839.0
2019-11-01,1836.0,1836.0,1787.0,1799.0
2019-11-05,1787.0,1813.0,1756.0,1803.0
2019-11-06,1603.0,1685.0,1586.0,1650.0
2019-11-07,1652.0,1740.0,1652.0,1691.0
2019-11-08,1703.0,1713.0,1522.0,1528.0
2019-11-11,1512.0,1576.0,1505.0,1571.0
2019-11-12,1590.0,1612.0,1566.0,1602.0
2019-11-13,1605.0,1628.0,1587.0,1612.0
2019-11-14,1603.0,1631.0,1576.0,1588.0
2019-11-15,1603.0,1673.0,1603.0,1638.0
2019-11-18,1648.0,1671.0,1632.0,1664.0
2019-11-19,1652.0,1680.0,1641.0,1673.0
2019-11-20,1650.0,1669.0,1604.0,1612.0
2019-11-21,1601.0,1616.0,1574.0,1609.0
2019-11-22,1599.0,1600.0,1574.0,1575.0
2019-11-25,1573.0,1585.0,1558.0,1564.0
2019-11-26,1576.0,1613.0,1572.0,1606.0
2019-11-27,1628.0,1655.0,1618.0,1649.0
2019-11-28,1645.0,1652.0,1602.0,1612.0
2019-11-29,1634.0,1653.0,1614.0,1633.0
2019-12-02,1638.0,1648.0,1608.0,1619.0
2019-12-03,1588.0,1588.0,1568.0,1570.0
2019-12-04,1558.0,1563.0,1534.0,1554.0
2019-12-05,1575.0,1576.0,1539.0,1542.0
2019-12-06,1542.0,1557.0,1516.0,1545.0
2019-12-09,1554.0,1566.0,1512.0,1521.0
2019-12-10,1557.0,1588.0,1546.0,1562.0
2019-12-11,1580.0,1588.0,1547.0,1552.0
2019-12-12,1572.0,1572.0,1521.0,1530.0
2019-12-13,1565.0,1565.0,1503.0,1503.0
2019-12-16,1500.0,1536.0,1487.0,1526.0
2019-12-17,1528.0,1530.0,1502.0,1524.0
2019-12-18,1524.0,1524.0,1476.0,1495.0
2019-12-19,1480.0,1507.0,1480.0,1492.0
2019-12-20,1492.0,1518.0,1485.0,1494.0
2019-12-23,1494.0,1515.0,1481.0,1483.0
2019-12-24,1500.0,1518.0,1484.0,1506.0
2019-12-25,1508.0,1527.0,1499.0,1505.0
2019-12-26,1518.0,1534.0,1504.0,1507.0
2019-12-27,1511.0,1535.0,1506.0,1526.0
2019-12-30,1520.0,1522.0,1486.0,1496.0
2020-01-06,1485.0,1486.0,1451.0,1455.0
2020-01-07,1465.0,1474.0,1457.0,1463.0
2020-01-08,1452.0,1452.0,1389.0,1416.0
2020-01-09,1425.0,1458.0,1425.0,1450.0
2020-01-10,1450.0,1458.0,1441.0,1448.0
2020-01-14,1446.0,1448.0,1413.0,1443.0
2020-01-15,1432.0,1437.0,1420.0,1429.0
2020-01-16,1428.0,1437.0,1414.0,1424.0
2020-01-17,1420.0,1431.0,1408.0,1422.0
2020-01-20,1419.0,1445.0,1419.0,1431.0
2020-01-21,1424.0,1434.0,1410.0,1415.0
2020-01-22,1415.0,1447.0,1414.0,1430.0
2020-01-23,1429.0,1434.0,1402.0,1406.0
2020-01-24,1410.0,1413.0,1384.0,1395.0
2020-01-27,1361.0,1369.0,1348.0,1349.0
2020-01-28,1323.0,1363.0,1321.0,1355.0
2020-01-29,1358.0,1366.0,1332.0,1332.0
2020-01-30,1320.0,1343.0,1287.0,1316.0
2020-01-31,1316.0,1347.0,1313.0,1330.0
2020-02-03,1293.0,1322.0,1291.0,1311.0
2020-02-04,1300.0,1317.0,1291.0,1316.0
2020-02-05,1330.0,1349.0,1326.0,1327.0
2020-02-06,1355.0,1363.0,1343.0,1344.0
2020-02-07,1345.0,1350.0,1306.0,1311.0
2020-02-10,1301.0,1327.0,1297.0,1320.0
2020-02-12,1344.0,1369.0,1324.0,1332.0
2020-02-13,1302.0,1305.0,1191.0,1217.0
2020-02-14,1223.0,1231.0,1197.0,1223.0
2020-02-17,1210.0,1211.0,1170.0,1189.0
2020-02-18,1181.0,1190.0,1159.0,1177.0
2020-02-19,1172.0,1198.0,1162.0,1191.0
2020-02-20,1208.0,1218.0,1177.0,1190.0
2020-02-21,1179.0,1195.0,1158.0,1158.0
2020-02-25,1068.0,1125.0,1068.0,1112.0
2020-02-26,1082.0,1104.0,1078.0,1091.0
2020-02-27,1083.0,1085.0,1021.0,1026.0
2020-02-28,990.0,1019.0,964.0,969.0
2020-03-02,974.0,1058.0,974.0,1022.0
2020-03-03,1059.0,1074.0,1011.0,1011.0
2020-03-04,994.0,1045.0,980.0,1033.0
2020-03-05,1043.0,1051.0,1011.0,1019.0
2020-03-06,991.0,1000.0,946.0,963.0
2020-03-09,924.0,933.0,856.0,890.0
2020-03-10,875.0,924.0,830.0,909.0
2020-03-11,909.0,929.0,831.0,834.0
2020-03-12,814.0,836.0,761.0,763.0
2020-03-13,703.0,720.0,615.0,655.0
2020-03-16,669.0,701.0,640.0,644.0
2020-03-17,631.0,671.0,604.0,637.0
2020-03-18,629.0,664.0,614.0,616.0
2020-03-19,616.0,638.0,550.0,576.0
2020-03-23,566.0,642.0,566.0,633.0
2020-03-24,673.0,733.0,667.0,712.0
2020-03-25,783.0,783.0,677.0,703.0
2020-03-26,700.0,726.0,667.0,681.0
2020-03-27,701.0,721.0,698.0,719.0
2020-03-30,692.0,714.0,685.0,713.0
2020-03-31,732.0,745.0,697.0,705.0
2020-04-01,695.0,731.0,693.0,707.0
2020-04-02,695.0,724.0,695.0,713.0
2020-04-03,728.0,731.0,657.0,665.0
2020-04-06,647.0,682.0,625.0,671.0
2020-04-07,697.0,727.0,688.0,718.0
2020-04-08,720.0,732.0,676.0,721.0
2020-04-09,741.0,758.0,728.0,743.0
2020-04-10,758.0,758.0,718.0,746.0
2020-04-13,748.0,760.0,730.0,733.0
2020-04-14,732.0,766.0,721.0,764.0
2020-04-15,766.0,766.0,744.0,748.0
2020-04-16,742.0,745.0,712.0,729.0
2020-04-17,726.0,745.0,725.0,737.0
2020-04-20,747.0,756.0,723.0,754.0
2020-04-21,739.0,743.0,704.0,716.0
2020-04-22,704.0,708.0,685.0,703.0
2020-04-23,700.0,734.0,697.0,734.0
2020-04-24,727.0,727.0,710.0,726.0
2020-04-27,725.0,748.0,716.0,748.0
2020-04-28,744.0,762.0,735.0,760.0
2020-04-30,778.0,817.0,778.0,810.0
2020-05-01,800.0,800.0,762.0,769.0
2020-05-07,765.0,813.0,764.0,795.0
2020-05-08,809.0,836.0,805.0,831.0
2020-05-11,855.0,895.0,855.0,895.0
2020-05-12,884.0,890.0,859.0,878.0
2020-05-13,843.0,887.0,826.0,881.0
2020-05-14,882.0,884.0,845.0,854.0
2020-05-15,867.0,871.0,821.0,846.0
2020-05-18,857.0,890.0,847.0,887.0
2020-05-19,911.0,926.0,896.0,911.0
2020-05-20,916.0,942.0,911.0,938.0
2020-05-21,953.0,979.0,932.0,947.0
2020-05-22,970.0,973.0,950.0,962.0
2020-05-25,977.0,1007.0,972.0,1003.0
2020-05-26,1031.0,1056.0,1020.0,1036.0
2020-05-27,1040.0,1047.0,1001.0,1031.0
2020-05-28,1030.0,1035.0,996.0,1025.0
2020-05-29,1010.0,1036.0,1005.0,1027.0
2020-06-01,1035.0,1051.0,1025.0,1045.0
2020-06-02,1050.0,1079.0,1039.0,1062.0
2020-06-03,1074.0,1087.0,1043.0,1062.0
2020-06-04,1070.0,1075.0,1035.0,1057.0
2020-06-05,1057.0,1059.0,1037.0,1057.0
2020-06-08,1077.0,1164.0,1073.0,1147.0
2020-06-09,1147.0,1153.0,1107.0,1145.0
2020-06-10,1127.0,1138.0,1112.0,1133.0
2020-06-11,1115.0,1117.0,1051.0,1055.0
2020-06-12,1000.0,1033.0,975.0,1030.0
2020-06-15,1040.0,1048.0,990.0,992.0
2020-06-16,1028.0,1040.0,1020.0,1040.0
2020-06-17,1043.0,1050.0,1016.0,1032.0
2020-06-18,1026.0,1039.0,1008.0,1035.0
2020-06-19,1035.0,1036.0,1020.0,1030.0
2020-06-22,1030.0,1042.0,1027.0,1032.0
2020-06-23,1035.0,1066.0,1034.0,1060.0
2020-06-24,1061.0,1089.0,1053.0,1084.0
2020-06-25,1061.0,1066.0,1018.0,1029.0
2020-06-26,1024.0,1034.0,1001.0,1009.0
2020-06-29,942.0,954.0,909.0,916.0
2020-06-30,917.0,944.0,907.0,913.0
2020-07-01,914.0,919.0,877.0,880.0
2020-07-02,877.0,894.0,835.0,846.0
2020-07-03,849.0,856.0,821.0,850.0
2020-07-06,850.0,887.0,846.0,887.0
2020-07-07,876.0,887.0,856.0,887.0
2020-07-08,877.0,889.0,863.0,883.0
2020-07-09,893.0,893.0,860.0,860.0
2020-07-10,855.0,857.0,834.0,834.0
2020-07-13,849.0,869.0,846.0,868.0
2020-07-14,857.0,857.0,836.0,849.0
2020-07-15,857.0,876.0,857.0,872.0
2020-07-16,885.0,886.0,861.0,868.0
2020-07-17,870.0,878.0,856.0,864.0
2020-07-20,870.0,870.0,835.0,850.0
2020-07-21,850.0,852.0,836.0,852.0
2020-07-22,846.0,854.0,842.0,842.0
2020-07-27,836.0,839.0,828.0,835.0
2020-07-28,840.0,850.0,823.0,825.0
2020-07-29,825.0,825.0,795.0,798.0
2020-07-30,784.0,812.0,782.0,796.0
2020-07-31,788.0,792.0,754.0,767.0
2020-08-03,764.0,784.0,760.0,784.0
2020-08-04,790.0,801.0,783.0,801.0
2020-08-05,787.0,809.0,774.0,805.0
2020-08-06,793.0,806.0,780.0,788.0
2020-08-07,779.0,794.0,771.0,791.0
2020-08-11,793.0,827.0,793.0,827.0
2020-08-12,828.0,840.0,811.0,836.0
2020-08-13,881.0,929.0,880.0,916.0
2020-08-14,912.0,927.0,878.0,922.0
2020-08-17,927.0,927.0,891.0,903.0
2020-08-18,895.0,899.0,873.0,899.0
2020-08-19,890.0,904.0,882.0,901.0
2020-08-20,889.0,903.0,883.0,903.0
2020-08-21,905.0,995.0,901.0,995.0
2020-08-24,995.0,1015.0,972.0,1014.0
2020-08-25,1015.0,1018.0,996.0,1000.0
2020-08-26,992.0,997.0,963.0,970.0
2020-08-27,970.0,984.0,956.0,966.0
2020-08-28,970.0,996.0,959.0,968.0
2020-08-31,995.0,1007.0,980.0,990.0
2020-09-01,987.0,1011.0,975.0,998.0
2020-09-02,1010.0,1010.0,970.0,975.0
2020-09-03,990.0,1031.0,983.0,1025.0
2020-09-04,1002.0,1015.0,977.0,1003.0
2020-09-07,1003.0,1016.0,990.0,1011.0
2020-09-08,1016.0,1044.0,1010.0,1044.0
2020-09-09,1044.0,1055.0,1027.0,1054.0
2020-09-10,1059.0,1102.0,1043.0,1102.0
2020-09-11,1107.0,1107.0,1063.0,1064.0
2020-09-14,1084.0,1090.0,1064.0,1088.0
2020-09-15,1088.0,1127.0,1060.0,1127.0
2020-09-16,1122.0,1128.0,1104.0,1123.0
2020-09-17,1121.0,1122.0,1107.0,1110.0
2020-09-18,1104.0,1134.0,1089.0,1129.0
2020-09-23,1129.0,1155.0,1110.0,1114.0
2020-09-24,1107.0,1107.0,1051.0,1059.0
2020-09-25,1069.0,1135.0,1069.0,1121.0
2020-09-28,1134.0,1140.0,1108.0,1126.0
2020-09-29,1136.0,1191.0,1136.0,1177.0
2020-09-30,1155.0,1163.0,1135.0,1140.0
2020-10-02,1168.0,1196.0,1153.0,1179.0
2020-10-05,1192.0,1260.0,1192.0,1259.0
2020-10-06,1300.0,1352.0,1295.0,1302.0
2020-10-07,1285.0,1336.0,1274.0,1312.0
2020-10-08,1315.0,1352.0,1315.0,1335.0
2020-10-09,1352.0,1352.0,1305.0,1331.0
2020-10-12,1359.0,1359.0,1329.0,1340.0
2020-10-13,1344.0,1353.0,1305.0,1310.0
2020-10-14,1315.0,1333.0,1294.0,1312.0
2020-10-15,1300.0,1306.0,1262.0,1276.0
2020-10-16,1287.0,1299.0,1266.0,1276.0
2020-10-19,1295.0,1419.0,1291.0,1414.0
2020-10-20,1400.0,1436.0,1388.0,1409.0
2020-10-21,1400.0,1428.0,1394.0,1418.0
2020-10-22,1402.0,1410.0,1353.0,1366.0
2020-10-23,1366.0,1371.0,1315.0,1359.0
2020-10-26,1368.0,1389.0,1332.0,1332.0
2020-10-27,1293.0,1337.0,1281.0,1337.0
2020-10-28,1360.0,1374.0,1288.0,1309.0
2020-10-29,1279.0,1294.0,1256.0,1281.0
2020-10-30,1281.0,1284.0,1219.0,1230.0
2020-11-02,1237.0,1272.0,1235.0,1265.0
2020-11-04,1290.0,1317.0,1249.0,1315.0
2020-11-05,1305.0,1340.0,1287.0,1316.0
2020-11-06,1329.0,1349.0,1311.0,1325.0
2020-11-09,1325.0,1337.0,1281.0,1312.0
2020-11-10,1293.0,1320.0,1223.0,1313.0
2020-11-11,1193.0,1372.0,1193.0,1337.0
2020-11-12,1342.0,1357.0,1278.0,1278.0
2020-11-13,1269.0,1273.0,1217.0,1243.0
2020-11-16,1257.0,1281.0,1238.0,1271.0
2020-11-17,1271.0,1288.0,1256.0,1265.0
2020-11-18,1253.0,1264.0,1239.0,1250.0
2020-11-19,1250.0,1250.0,1198.0,1203.0
2020-11-20,1190.0,1214.0,1165.0,1205.0
2020-11-24,1230.0,1263.0,1210.0,1248.0
2020-11-25,1250.0,1257.0,1197.0,1197.0
2020-11-26,1197.0,1247.0,1193.0,1226.0
2020-11-27,1216.0,1259.0,1216.0,1219.0
2020-11-30,1229.0,1233.0,1180.0,1183.0
2020-12-01,1183.0,1220.0,1183.0,1204.0
2020-12-02,1206.0,1221.0,1198.0,1212.0
2020-12-03,1210.0,1234.0,1192.0,1229.0
2020-12-04,1229.0,1239.0,1210.0,1235.0
2020-12-07,1239.0,1239.0,1201.0,1201.0
2020-12-08,1188.0,1230.0,1188.0,1217.0
2020-12-09,1217.0,1223.0,1204.0,1214.0
2020-12-10,1210.0,1221.0,1195.0,1201.0
2020-12-11,1202.0,1248.0,1202.0,1246.0
2020-12-14,1240.0,1252.0,1234.0,1239.0
2020-12-15,1222.0,1228.0,1194.0,1209.0
2020-12-16,1234.0,1280.0,1229.0,1262.0
2020-12-17,1265.0,1265.0,1224.0,1232.0
2020-12-18,1235.0,1236.0,1214.0,1225.0
2020-12-21,1216.0,1227.0,1199.0,1208.0
2020-12-22,1200.0,1200.0,1156.0,1157.0
2020-12-23,1152.0,1167.0,1139.0,1162.0
2020-12-24,1158.0,1198.0,1157.0,1187.0
2020-12-25,1187.0,1203.0,1181.0,1190.0
2020-12-28,1190.0,1190.0,1127.0,1142.0
2020-12-29,1140.0,1182.0,1139.0,1169.0
2020-12-30,1169.0,1185.0,1140.0,1166.0
2021-01-04,1159.0,1165.0,1124.0,1131.0
2021-01-05,1139.0,1154.0,1122.0,1143.0
2021-01-06,1153.0,1182.0,1150.0,1182.0
2021-01-07,1186.0,1213.0,1183.0,1198.0
2021-01-08,1219.0,1219.0,1194.0,1211.0
2021-01-12,1218.0,1231.0,1206.0,1210.0
2021-01-13,1218.0,1236.0,1215.0,1231.0
2021-01-14,1230.0,1262.0,1217.0,1231.0
2021-01-15,1233.0,1259.0,1225.0,1246.0
2021-01-18,1249.0,1250.0,1223.0,1246.0
2021-01-19,1246.0,1272.0,1246.0,1261.0
2021-01-20,1265.0,1274.0,1243.0,1253.0
2021-01-21,1250.0,1266.0,1241.0,1260.0
2021-01-22,1253.0,1256.0,1230.0,1249.0
2021-01-25,1248.0,1248.0,1217.0,1218.0
2021-01-26,1214.0,1214.0,1180.0,1201.0
2021-01-27,1196.0,1199.0,1173.0,1177.0
2021-01-28,1156.0,1188.0,1151.0,1180.0
2021-01-29,1180.0,1190.0,1169.0,1184.0
2021-02-01,1185.0,1196.0,1168.0,1185.0
2021-02-02,1185.0,1218.0,1177.0,1216.0
2021-02-03,1213.0,1224.0,1200.0,1214.0
2021-02-04,1207.0,1243.0,1207.0,1225.0
2021-02-05,1218.0,1243.0,1217.0,1243.0
2021-02-08,1236.0,1256.0,1227.0,1241.0
2021-02-09,1215.0,1217.0,1193.0,1214.0
2021-02-10,1205.0,1230.0,1198.0,1222.0
2021-02-12,1210.0,1212.0,1162.0,1162.0
2021-02-15,1180.0,1190.0,1151.0,1163.0
2021-02-16,1180.0,1204.0,1163.0,1163.0
2021-02-17,1163.0,1189.0,1160.0,1163.0
2021-02-18,1179.0,1179.0,1132.0,1137.0
2021-02-19,1123.0,1142.0,1116.0,1136.0
2021-02-22,1136.0,1173.0,1136.0,1170.0
2021-02-24,1164.0,1164.0,1118.0,1120.0
2021-02-25,1138.0,1152.0,1127.0,1127.0
2021-02-26,1115.0,1116.0,1090.0,1091.0
2021-03-01,1104.0,1136.0,1096.0,1135.0
2021-03-02,1135.0,1138.0,1105.0,1112.0
2021-03-03,1110.0,1128.0,1104.0,1109.0
2021-03-04,1106.0,1108.0,1077.0,1097.0
2021-03-05,1097.0,1103.0,1060.0,1101.0
2021-03-08,1120.0,1146.0,1102.0,1112.0
2021-03-09,1139.0,1178.0,1134.0,1174.0
2021-03-10,1174.0,1188.0,1150.0,1182.0
2021-03-11,1180.0,1192.0,1176.0,1190.0
2021-03-12,1179.0,1192.0,1173.0,1188.0
2021-03-15,1182.0,1209.0,1181.0,1193.0
2021-03-16,1194.0,1228.0,1191.0,1226.0
2021-03-17,1225.0,1237.0,1211.0,1224.0
2021-03-18,1224.0,1224.0,1210.0,1218.0
2021-03-19,1200.0,1222.0,1189.0,1222.0
2021-03-22,1210.0,1216.0,1192.0,1203.0
2021-03-23,1197.0,1201.0,1150.0,1152.0
2021-03-24,1126.0,1141.0,1121.0,1133.0
2021-03-25,1121.0,1148.0,1121.0,1142.0
2021-03-26,1155.0,1160.0,1146.0,1154.0
2021-03-29,1164.0,1164.0,1124.0,1135.0
2021-03-30,1136.0,1169.0,1136.0,1159.0
2021-03-31,1141.0,1165.0,1141.0,1159.0
2021-04-01,1165.0,1169.0,1150.0,1153.0
2021-04-02,1155.0,1164.0,1146.0,1149.0
2021-04-05,1150.0,1171.0,1147.0,1163.0
2021-04-06,1169.0,1169.0,1132.0,1145.0
2021-04-07,1152.0,1155.0,1128.0,1135.0
2021-04-08,1134.0,1134.0,1107.0,1110.0
2021-04-09,1110.0,1124.0,1107.0,1116.0
2021-04-12,1124.0,1137.0,1116.0,1132.0
2021-04-13,1130.0,1154.0,1130.0,1136.0
2021-04-14,1131.0,1135.0,1119.0,1122.0
2021-04-15,1126.0,1139.0,1116.0,1139.0
2021-04-16,1140.0,1141.0,1120.0,1123.0
2021-04-19,1117.0,1119.0,1110.0,1112.0
2021-04-20,1111.0,1111.0,1095.0,1095.0
2021-04-21,1080.0,1080.0,1057.0,1058.0
2021-04-22,1060.0,1089.0,1060.0,1070.0
2021-04-23,1052.0,1078.0,1052.0,1053.0
2021-04-26,1079.0,1079.0,1058.0,1061.0
2021-04-27,1065.0,1067.0,1053.0,1053.0
2021-04-28,1051.0,1053.0,1025.0,1039.0
2021-04-30,1031.0,1048.0,1031.0,1037.0
2021-05-06,1040.0,1063.0,1037.0,1044.0
2021-05-07,1044.0,1062.0,1044.0,1062.0
2021-05-10,1065.0,1081.0,1065.0,1068.0
2021-05-11,1080.0,1080.0,1000.0,1045.0
2021-05-12,999.0,1031.0,959.0,970.0
2021-05-13,967.0,994.0,935.0,976.0
2021-05-14,987.0,1014.0,966.0,1000.0
2021-05-17,1015.0,1028.0,997.0,997.0
2021-05-18,994.0,1018.0,988.0,1015.0
2021-05-19,1002.0,1028.0,997.0,1024.0
2021-05-20,1022.0,1054.0,1022.0,1052.0
2021-05-21,1057.0,1057.0,1040.0,1052.0
2021-05-24,1055.0,1080.0,1052.0,1076.0
2021-05-25,1078.0,1120.0,1071.0,1109.0
2021-05-26,1103.0,1103.0,1065.0,1071.0
2021-05-27,1071.0,1071.0,1032.0,1032.0
2021-05-28,1040.0,1063.0,1040.0,1060.0
2021-05-31,1058.0,1058.0,1040.0,1045.0
2021-06-01,1049.0,1051.0,1034.0,1044.0
2021-06-02,1045.0,1060.0,1043.0,1059.0
2021-06-03,1056.0,1063.0,1045.0,1048.0
2021-06-04,1048.0,1051.0,1040.0,1043.0
2021-06-07,1040.0,1045.0,1034.0,1037.0
2021-06-08,1033.0,1041.0,1030.0,1031.0
2021-06-09,1030.0,1056.0,1030.0,1050.0
2021-06-10,1042.0,1055.0,1036.0,1055.0
2021-06-11,1058.0,1058.0,1040.0,1041.0
2021-06-14,1041.0,1046.0,1026.0,1034.0
2021-06-15,1036.0,1058.0,1027.0,1053.0
2021-06-16,1045.0,1062.0,1043.0,1052.0
2021-06-17,1050.0,1055.0,1037.0,1053.0
2021-06-18,1050.0,1050.0,1035.0,1041.0
2021-06-21,1026.0,1028.0,1012.0,1015.0
2021-06-22,1031.0,1031.0,1016.0,1025.0
2021-06-23,1019.0,1042.0,1019.0,1038.0
2021-06-24,1031.0,1038.0,1018.0,1018.0
2021-06-25,1021.0,1031.0,1017.0,1027.0
2021-06-28,997.0,1026.0,991.0,1008.0
2021-06-29,1009.0,1014.0,982.0,982.0
2021-06-30,995.0,1011.0,989.0,1011.0
2021-07-01,1001.0,1009.0,992.0,1009.0
2021-07-02,1007.0,1027.0,1004.0,1019.0
2021-07-05,1025.0,1032.0,1013.0,1013.0
2021-07-06,1013.0,1028.0,1001.0,1023.0
2021-07-07,1015.0,1024.0,1002.0,1003.0
2021-07-08,1007.0,1008.0,993.0,997.0
2021-07-09,984.0,1014.0,979.0,1010.0
2021-07-12,1014.0,1025.0,1005.0,1007.0
2021-07-13,1014.0,1024.0,1014.0,1018.0
2021-07-14,1010.0,1015.0,1004.0,1012.0
2021-07-15,1010.0,1011.0,996.0,1010.0
2021-07-16,1005.0,1008.0,1000.0,1005.0
2021-07-19,996.0,999.0,986.0,999.0
2021-07-20,997.0,998.0,985.0,990.0
2021-07-21,999.0,1014.0,988.0,992.0
2021-07-26,1013.0,1013.0,986.0,990.0
2021-07-27,1005.0,1006.0,989.0,1002.0
2021-07-28,991.0,1008.0,990.0,995.0
2021-07-29,1002.0,1002.0,987.0,995.0
2021-07-30,989.0,992.0,977.0,989.0
2021-08-02,999.0,999.0,988.0,990.0
2021-08-03,990.0,993.0,985.0,991.0
2021-08-04,984.0,992.0,982.0,992.0
2021-08-05,992.0,992.0,974.0,983.0
2021-08-06,979.0,988.0,969.0,970.0
2021-08-10,975.0,987.0,970.0,973.0
2021-08-11,975.0,990.0,975.0,990.0
2021-08-12,990.0,990.0,980.0,983.0
2021-08-13,988.0,989.0,980.0,989.0
2021-08-16,989.0,989.0,964.0,964.0
2021-08-17,994.0,997.0,950.0,966.0
2021-08-18,965.0,1009.0,965.0,989.0
2021-08-19,977.0,1005.0,977.0,992.0
2021-08-20,1000.0,1022.0,995.0,1005.0
2021-08-23,1015.0,1038.0,1015.0,1018.0
2021-08-24,1018.0,1036.0,1018.0,1021.0
2021-08-25,1017.0,1049.0,1017.0,1046.0
2021-08-26,1046.0,1055.0,1031.0,1043.0
2021-08-27,1041.0,1049.0,1031.0,1042.0
2021-08-30,1053.0,1053.0,1041.0,1047.0
2021-08-31,1047.0,1053.0,1033.0,1049.0
2021-09-01,1045.0,1052.0,1038.0,1038.0
2021-09-02,1032.0,1037.0,1021.0,1037.0
2021-09-03,1034.0,1051.0,1032.0,1035.0
2021-09-06,1040.0,1048.0,1038.0,1040.0
2021-09-07,1040.0,1042.0,1025.0,1031.0
2021-09-08,1031.0,1032.0,1017.0,1020.0
2021-09-09,1020.0,1035.0,1016.0,1035.0
2021-09-10,1034.0,1044.0,1034.0,1040.0
2021-09-13,1034.0,1040.0,1026.0,1040.0
2021-09-14,1040.0,1042.0,1034.0,1040.0
2021-09-15,1035.0,1035.0,1018.0,1029.0
2021-09-16,1034.0,1034.0,1001.0,1024.0
2021-09-17,1026.0,1040.0,1025.0,1028.0
2021-09-21,1000.0,1009.0,995.0,996.0
2021-09-22,995.0,995.0,981.0,981.0
2021-09-24,989.0,1020.0,989.0,1009.0
2021-09-27,1016.0,1032.0,1013.0,1021.0
2021-09-28,1021.0,1034.0,1014.0,1034.0
2021-09-29,1028.0,1033.0,1013.0,1025.0
2021-09-30,1033.0,1033.0,1007.0,1028.0
2021-10-01,1012.0,1019.0,1002.0,1008.0
2021-10-04,1012.0,1018.0,1000.0,1005.0
2021-10-05,1000.0,1012.0,990.0,996.0
2021-10-06,1000.0,1014.0,988.0,994.0
2021-10-07,990.0,1017.0,990.0,1003.0
2021-10-08,1001.0,1019.0,1001.0,1007.0
2021-10-11,1009.0,1017.0,1001.0,1005.0
2021-10-12,1006.0,1011.0,1000.0,1002.0
2021-10-13,996.0,1006.0,988.0,994.0
2021-10-14,994.0,997.0,983.0,987.0
2021-10-15,989.0,1005.0,989.0,994.0
2021-10-18,999.0,1002.0,990.0,998.0
2021-10-19,996.0,1003.0,988.0,988.0
2021-10-20,990.0,994.0,980.0,981.0
2021-10-21,985.0,987.0,971.0,971.0
2021-10-22,970.0,970.0,955.0,955.0
2021-10-25,949.0,955.0,944.0,946.0
2021-10-26,955.0,957.0,951.0,957.0
2021-10-27,955.0,960.0,947.0,953.0
2021-10-28,951.0,956.0,940.0,945.0
2021-10-29,942.0,946.0,938.0,944.0
2021-11-01,945.0,981.0,945.0,981.0
2021-11-02,979.0,989.0,972.0,978.0
2021-11-04,978.0,997.0,961.0,997.0
2021-11-05,982.0,982.0,964.0,968.0
2021-11-08,968.0,979.0,964.0,965.0
2021-11-09,966.0,971.0,960.0,967.0
2021-11-10,962.0,964.0,948.0,959.0
2021-11-11,954.0,966.0,948.0,948.0
2021-11-12,1017.0,1086.0,1015.0,1050.0
2021-11-15,1050.0,1088.0,1040.0,1078.0
2021-11-16,1076.0,1138.0,1072.0,1132.0
2021-11-17,1132.0,1132.0,1071.0,1085.0
2021-11-18,1066.0,1069.0,1033.0,1049.0
2021-11-19,1049.0,1049.0,1011.0,1023.0
2021-11-22,1006.0,1014.0,981.0,1002.0
2021-11-24,1002.0,1027.0,992.0,1002.0
2021-11-25,1000.0,1004.0,976.0,980.0
2021-11-26,980.0,981.0,958.0,975.0
2021-11-29,945.0,955.0,919.0,923.0
2021-11-30,944.0,944.0,904.0,905.0
2021-12-01,906.0,929.0,893.0,927.0
2021-12-02,924.0,943.0,912.0,925.0
2021-12-03,932.0,948.0,923.0,944.0
2021-12-06,943.0,948.0,924.0,945.0
2021-12-07,950.0,980.0,950.0,975.0
2021-12-08,976.0,994.0,969.0,985.0
2021-12-09,985.0,994.0,972.0,975.0
2021-12-10,974.0,974.0,954.0,960.0
2021-12-13,963.0,963.0,942.0,951.0
2021-12-14,946.0,946.0,922.0,925.0
2021-12-15,926.0,942.0,923.0,927.0
2021-12-16,946.0,946.0,927.0,933.0
2021-12-17,932.0,932.0,919.0,923.0
2021-12-20,915.0,915.0,892.0,892.0
2021-12-21,898.0,911.0,887.0,907.0
2021-12-22,905.0,921.0,905.0,910.0
2021-12-23,910.0,918.0,903.0,905.0
2021-12-24,915.0,920.0,902.0,905.0
2021-12-27,907.0,907.0,882.0,888.0
2021-12-28,899.0,914.0,888.0,912.0
2021-12-29,913.0,930.0,912.0,929.0
2021-12-30,925.0,926.0,913.0,922.0
2022-01-04,923.0,927.0,918.0,923.0
2022-01-05,914.0,916.0,900.0,905.0
2022-01-06,891.0,895.0,875.0,880.0
2022-01-07,889.0,889.0,847.0,867.0
2022-01-11,856.0,870.0,852.0,870.0
2022-01-12,870.0,889.0,870.0,887.0
2022-01-13,873.0,879.0,857.0,857.0
2022-01-14,850.0,850.0,832.0,840.0
2022-01-17,870.0,870.0,848.0,853.0
2022-01-18,857.0,861.0,842.0,847.0
2022-01-19,840.0,840.0,814.0,818.0
2022-01-20,812.0,828.0,810.0,822.0
2022-01-21,820.0,830.0,811.0,829.0
2022-01-24,828.0,848.0,825.0,845.0
2022-01-25,848.0,848.0,816.0,820.0
2022-01-26,820.0,837.0,819.0,828.0
2022-01-27,832.0,834.0,805.0,813.0
2022-01-28,820.0,829.0,815.0,826.0
2022-01-31,830.0,839.0,830.0,838.0
2022-02-01,841.0,847.0,822.0,829.0
2022-02-02,826.0,866.0,826.0,866.0
2022-02-03,860.0,876.0,855.0,874.0
2022-02-04,874.0,874.0,852.0,864.0
2022-02-07,865.0,865.0,848.0,854.0
2022-02-08,859.0,865.0,853.0,857.0
2022-02-09,866.0,878.0,860.0,871.0
2022-02-10,886.0,896.0,884.0,896.0
2022-02-14,866.0,884.0,862.0,875.0
2022-02-15,884.0,896.0,874.0,875.0
2022-02-16,889.0,891.0,881.0,891.0
2022-02-17,892.0,892.0,878.0,881.0
2022-02-18,881.0,892.0,873.0,890.0
2022-02-21,880.0,910.0,872.0,910.0
2022-02-22,892.0,902.0,876.0,878.0
2022-02-24,871.0,876.0,853.0,866.0
2022-02-25,866.0,906.0,866.0,904.0
2022-02-28,917.0,923.0,906.0,921.0
2022-03-01,920.0,924.0,907.0,907.0
2022-03-02,903.0,907.0,892.0,895.0
2022-03-03,918.0,918.0,901.0,907.0
2022-03-04,902.0,904.0,884.0,901.0
2022-03-07,882.0,888.0,865.0,867.0
2022-03-08,854.0,868.0,836.0,841.0
2022-03-09,838.0,840.0,823.0,826.0
2022-03-10,845.0,871.0,845.0,871.0
2022-03-11,856.0,871.0,848.0,870.0
2022-03-14,870.0,888.0,868.0,879.0
2022-03-15,877.0,896.0,872.0,894.0
2022-03-16,904.0,909.0,890.0,909.0
2022-03-17,915.0,925.0,896.0,911.0
2022-03-18,901.0,911.0,899.0,909.0
2022-03-22,910.0,942.0,910.0,938.0
2022-03-23,938.0,949.0,932.0,940.0
2022-03-24,933.0,940.0,914.0,940.0
2022-03-25,940.0,944.0,923.0,942.0
2022-03-28,939.0,951.0,931.0,941.0
2022-03-29,944.0,946.0,932.0,944.0
2022-03-30,950.0,965.0,941.0,965.0
2022-03-31,958.0,972.0,958.0,961.0
2022-04-01,954.0,955.0,941.0,943.0
2022-04-04,958.0,966.0,952.0,965.0
2022-04-05,973.0,998.0,973.0,995.0
2022-04-06,985.0,985.0,961.0,963.0
2022-04-07,951.0,954.0,932.0,937.0
2022-04-08,940.0,945.0,930.0,945.0
2022-04-11,952.0,957.0,934.0,942.0
2022-04-12,930.0,933.0,911.0,915.0
2022-04-13,915.0,941.0,915.0,941.0
2022-04-14,942.0,953.0,939.0,941.0
2022-04-15,932.0,944.0,929.0,934.0
2022-04-18,930.0,937.0,920.0,928.0
2022-04-19,929.0,932.0,924.0,929.0
2022-04-20,928.0,932.0,910.0,911.0
2022-04-21,919.0,929.0,912.0,929.0
2022-04-22,916.0,916.0,904.0,911.0
2022-04-25,896.0,900.0,893.0,893.0
2022-04-26,903.0,905.0,894.0,897.0
2022-04-27,889.0,895.0,880.0,895.0
2022-04-28,892.0,904.0,888.0,904.0
2022-05-02,903.0,920.0,902.0,916.0
2022-05-06,925.0,938.0,921.0,933.0
2022-05-09,934.0,934.0,908.0,908.0
2022-05-10,906.0,909.0,888.0,909.0
2022-05-11,899.0,908.0,889.0,893.0
2022-05-12,890.0,890.0,877.0,883.0
2022-05-13,879.0,898.0,879.0,891.0
2022-05-16,905.0,905.0,868.0,873.0
2022-05-17,874.0,874.0,858.0,859.0
2022-05-18,865.0,865.0,846.0,853.0
2022-05-19,838.0,847.0,831.0,844.0
2022-05-20,845.0,866.0,836.0,866.0
2022-05-23,868.0,884.0,863.0,881.0
2022-05-24,882.0,885.0,865.0,868.0
2022-05-25,866.0,867.0,854.0,863.0
2022-05-26,868.0,873.0,863.0,863.0
2022-05-27,876.0,876.0,860.0,863.0
2022-05-30,878.0,904.0,877.0,904.0
2022-05-31,903.0,904.0,894.0,895.0
2022-06-01,891.0,906.0,891.0,901.0
2022-06-02,904.0,906.0,892.0,893.0
2022-06-03,895.0,901.0,892.0,901.0
2022-06-06,916.0,926.0,904.0,925.0
2022-06-07,926.0,929.0,920.0,922.0
2022-06-08,927.0,928.0,916.0,918.0
2022-06-09,918.0,922.0,912.0,912.0
2022-06-10,905.0,906.0,895.0,904.0
2022-06-13,890.0,899.0,879.0,891.0
2022-06-14,888.0,888.0,876.0,888.0
2022-06-15,886.0,892.0,876.0,876.0
2022-06-16,891.0,893.0,877.0,880.0
2022-06-17,865.0,873.0,859.0,864.0
2022-06-20,871.0,877.0,850.0,851.0
2022-06-21,865.0,881.0,863.0,877.0
2022-06-22,882.0,888.0,868.0,870.0
2022-06-23,868.0,879.0,868.0,876.0
2022-06-24,877.0,885.0,873.0,877.0
2022-06-27,887.0,887.0,871.0,876.0
2022-06-28,870.0,892.0,870.0,890.0
2022-06-29,832.0,860.0,832.0,855.0
2022-06-30,851.0,851.0,820.0,821.0
2022-07-01,819.0,820.0,794.0,799.0
2022-07-04,809.0,815.0,793.0,801.0
2022-07-05,801.0,818.0,801.0,818.0
2022-07-06,810.0,817.0,800.0,801.0
2022-07-07,802.0,809.0,797.0,807.0
2022-07-08,805.0,832.0,805.0,820.0
2022-07-11,826.0,841.0,826.0,827.0
2022-07-12,819.0,819.0,805.0,811.0
2022-07-13,803.0,813.0,803.0,811.0
2022-07-14,809.0,820.0,809.0,819.0
2022-07-15,821.0,821.0,811.0,815.0
2022-07-19,821.0,828.0,815.0,826.0
2022-07-20,835.0,836.0,830.0,833.0
2022-07-21,830.0,836.0,827.0,835.0
2022-07-22,831.0,839.0,828.0,834.0
2022-07-25,830.0,833.0,823.0,830.0
2022-07-26,826.0,835.0,825.0,835.0
2022-07-27,835.0,840.0,833.0,838.0
2022-07-28,838.0,845.0,836.0,845.0
2022-07-29,846.0,848.0,838.0,841.0
2022-08-01,840.0,843.0,833.0,841.0
2022-08-02,837.0,837.0,826.0,826.0
2022-08-03,828.0,839.0,824.0,837.0
2022-08-04,835.0,852.0,833.0,843.0
2022-08-05,842.0,850.0,842.0,849.0
2022-08-08,847.0,852.0,842.0,852.0
2022-08-09,854.0,862.0,850.0,858.0
2022-08-10,856.0,862.0,841.0,846.0
2022-08-12,860.0,866.0,856.0,866.0
2022-08-15,866.0,909.0,866.0,905.0
2022-08-16,875.0,875.0,840.0,862.0
2022-08-17,865.0,880.0,856.0,860.0
2022-08-18,863.0,896.0,863.0,886.0
2022-08-19,891.0,893.0,877.0,885.0
2022-08-22,878.0,888.0,878.0,881.0
2022-08-23,869.0,869.0,858.0,858.0
2022-08-24,859.0,869.0,859.0,866.0
2022-08-25,869.0,885.0,868.0,880.0
2022-08-26,882.0,891.0,879.0,881.0
2022-08-29,870.0,873.0,860.0,865.0
2022-08-30,865.0,873.0,864.0,873.0
2022-08-31,873.0,879.0,866.0,877.0
2022-09-01,871.0,873.0,866.0,869.0
2022-09-02,869.0,869.0,850.0,859.0
2022-09-05,851.0,856.0,843.0,856.0
2022-09-06,856.0,860.0,846.0,849.0
2022-09-07,849.0,855.0,839.0,851.0
2022-09-08,857.0,869.0,856.0,869.0
2022-09-09,870.0,873.0,851.0,866.0
2022-09-12,864.0,872.0,864.0,866.0
2022-09-13,868.0,877.0,866.0,873.0
2022-09-14,858.0,866.0,853.0,857.0
2022-09-15,858.0,863.0,855.0,860.0
2022-09-16,868.0,881.0,868.0,880.0
2022-09-20,887.0,891.0,881.0,885.0
2022-09-21,888.0,888.0,865.0,865.0
2022-09-22,856.0,870.0,855.0,868.0
2022-09-26,860.0,863.0,855.0,858.0
2022-09-27,858.0,865.0,858.0,858.0
2022-09-28,855.0,858.0,839.0,855.0
2022-09-29,868.0,880.0,868.0,878.0
2022-09-30,871.0,871.0,853.0,860.0
2022-10-03,855.0,855.0,830.0,845.0
2022-10-04,860.0,878.0,860.0,874.0
2022-10-05,881.0,881.0,860.0,861.0
2022-10-06,861.0,879.0,856.0,874.0
2022-10-07,867.0,876.0,862.0,874.0
2022-10-11,873.0,878.0,853.0,858.0
2022-10-12,858.0,863.0,853.0,855.0
2022-10-13,870.0,870.0,845.0,846.0
2022-10-14,856.0,872.0,851.0,867.0
2022-10-17,876.0,878.0,866.0,877.0
2022-10-18,884.0,884.0,873.0,876.0
2022-10-19,872.0,877.0,868.0,871.0
2022-10-20,862.0,869.0,862.0,867.0
2022-10-21,863.0,864.0,859.0,859.0
2022-10-24,859.0,859.0,845.0,851.0
2022-10-25,854.0,867.0,852.0,857.0
2022-10-26,857.0,872.0,856.0,872.0
2022-10-27,870.0,870.0,857.0,858.0
2022-10-28,855.0,880.0,855.0,880.0
2022-10-31,880.0,886.0,875.0,878.0
2022-11-01,878.0,880.0,864.0,877.0
2022-11-02,875.0,879.0,857.0,857.0
2022-11-04,848.0,854.0,847.0,847.0
2022-11-07,859.0,859.0,848.0,859.0
2022-11-08,856.0,863.0,854.0,859.0
2022-11-09,862.0,870.0,855.0,866.0
2022-11-10,869.0,869.0,852.0,859.0
2022-11-11,865.0,868.0,837.0,840.0
2022-11-14,830.0,840.0,815.0,823.0
2022-11-15,823.0,827.0,820.0,821.0
2022-11-16,823.0,835.0,820.0,831.0
2022-11-17,831.0,848.0,831.0,841.0
2022-11-18,841.0,849.0,840.0,840.0
2022-11-21,846.0,857.0,843.0,852.0
2022-11-22,855.0,860.0,855.0,857.0
2022-11-24,858.0,870.0,857.0,870.0
2022-11-25,877.0,877.0,869.0,874.0
2022-11-28,874.0,874.0,861.0,863.0
2022-11-29,858.0,860.0,853.0,856.0
2022-11-30,850.0,855.0,843.0,853.0
2022-12-01,858.0,858.0,846.0,852.0
2022-12-02,846.0,858.0,840.0,857.0
2022-12-05,857.0,857.0,837.0,842.0
2022-12-06,836.0,840.0,832.0,839.0
2022-12-07,833.0,849.0,832.0,842.0
2022-12-08,842.0,842.0,833.0,837.0
2022-12-09,835.0,841.0,834.0,835.0
2022-12-12,831.0,842.0,831.0,841.0
2022-12-13,843.0,846.0,840.0,841.0
2022-12-14,837.0,842.0,837.0,842.0
2022-12-15,839.0,845.0,839.0,845.0
2022-12-16,842.0,843.0,837.0,837.0
2022-12-19,835.0,857.0,835.0,853.0
2022-12-20,846.0,849.0,818.0,825.0
2022-12-21,820.0,820.0,789.0,794.0
2022-12-22,801.0,804.0,798.0,798.0
2022-12-23,800.0,800.0,788.0,791.0
2022-12-26,787.0,790.0,773.0,773.0
2022-12-27,777.0,778.0,760.0,768.0
2022-12-28,768.0,775.0,761.0,774.0
2022-12-29,774.0,781.0,770.0,776.0
2022-12-30,776.0,791.0,776.0,782.0
2023-01-04,783.0,787.0,776.0,776.0
2023-01-05,775.0,775.0,769.0,769.0
2023-01-06,773.0,773.0,765.0,770.0
2023-01-10,771.0,783.0,770.0,780.0
2023-01-11,785.0,800.0,782.0,800.0
2023-01-12,801.0,804.0,795.0,798.0
2023-01-13,796.0,806.0,796.0,806.0
2023-01-16,806.0,810.0,795.0,800.0
2023-01-17,802.0,807.0,799.0,802.0
2023-01-18,799.0,812.0,799.0,808.0
2023-01-19,811.0,815.0,805.0,805.0
2023-01-20,805.0,812.0,805.0,808.0
2023-01-23,815.0,820.0,811.0,820.0
2023-01-24,822.0,829.0,820.0,828.0
2023-01-25,825.0,834.0,823.0,829.0
2023-01-26,830.0,830.0,823.0,830.0
2023-01-27,834.0,835.0,829.0,830.0
2023-01-30,835.0,840.0,831.0,836.0
2023-01-31,834.0,839.0,831.0,835.0
2023-02-01,839.0,847.0,836.0,839.0
2023-02-02,846.0,851.0,838.0,848.0
2023-02-03,850.0,850.0,834.0,835.0
2023-02-06,840.0,844.0,836.0,837.0
2023-02-07,840.0,846.0,838.0,845.0
2023-02-08,850.0,851.0,842.0,851.0
2023-02-09,843.0,844.0,836.0,836.0
2023-02-10,861.0,882.0,861.0,871.0
2023-02-13,871.0,871.0,849.0,849.0
2023-02-14,858.0,866.0,844.0,862.0
2023-02-15,861.0,867.0,853.0,867.0
2023-02-16,876.0,885.0,871.0,882.0
2023-02-17,881.0,884.0,872.0,880.0
2023-02-20,888.0,891.0,880.0,889.0
2023-02-21,893.0,903.0,885.0,896.0
2023-02-22,894.0,894.0,878.0,882.0
2023-02-24,880.0,887.0,873.0,878.0
2023-02-27,879.0,893.0,879.0,888.0
2023-02-28,888.0,897.0,886.0,886.0
2023-03-01,885.0,887.0,872.0,876.0
2023-03-02,880.0,880.0,873.0,876.0
2023-03-03,881.0,887.0,878.0,882.0
2023-03-06,885.0,885.0,875.0,881.0
2023-03-07,881.0,890.0,874.0,885.0
2023-03-08,882.0,899.0,880.0,895.0
2023-03-09,900.0,910.0,900.0,904.0
2023-03-10,901.0,905.0,894.0,901.0
2023-03-13,883.0,889.0,869.0,882.0
2023-03-14,872.0,872.0,846.0,854.0
2023-03-15,864.0,872.0,861.0,867.0
2023-03-16,854.0,862.0,850.0,858.0
2023-03-17,858.0,868.0,858.0,865.0
2023-03-20,868.0,868.0,848.0,848.0
2023-03-22,859.0,862.0,853.0,862.0
2023-03-23,851.0,864.0,848.0,858.0
2023-03-24,863.0,874.0,857.0,874.0
2023-03-27,876.0,893.0,875.0,891.0
2023-03-28,895.0,895.0,863.0,872.0
2023-03-29,865.0,891.0,865.0,886.0
2023-03-30,893.0,899.0,886.0,899.0
2023-03-31,907.0,916.0,903.0,915.0
2023-04-03,925.0,945.0,925.0,933.0
2023-04-04,936.0,954.0,930.0,939.0
2023-04-05,932.0,934.0,909.0,912.0
2023-04-06,909.0,917.0,903.0,905.0
2023-04-07,910.0,920.0,908.0,920.0
2023-04-10,927.0,931.0,918.0,928.0
2023-04-11,930.0,932.0,920.0,931.0
2023-04-12,935.0,950.0,931.0,944.0
2023-04-13,945.0,946.0,936.0,944.0
2023-04-14,947.0,948.0,938.0,944.0
2023-04-17,950.0,952.0,937.0,952.0
2023-04-18,952.0,954.0,940.0,943.0
2023-04-19,943.0,943.0,935.0,940.0
2023-04-20,943.0,943.0,931.0,936.0
2023-04-21,936.0,937.0,921.0,931.0
2023-04-24,935.0,939.0,931.0,935.0
2023-04-25,939.0,943.0,929.0,932.0
2023-04-26,925.0,938.0,921.0,938.0
2023-04-27,936.0,939.0,932.0,938.0
2023-04-28,953.0,973.0,950.0,956.0
2023-05-01,964.0,966.0,948.0,957.0
2023-05-02,957.0,961.0,951.0,955.0
2023-05-08,955.0,980.0,952.0,976.0
2023-05-09,1040.0,1048.0,1030.0,1048.0
2023-05-10,1050.0,1061.0,1041.0,1051.0
2023-05-11,1051.0,1054.0,1029.0,1035.0
2023-05-12,1040.0,1053.0,1039.0,1047.0
2023-05-15,1072.0,1080.0,1052.0,1065.0
2023-05-16,1077.0,1090.0,1053.0,1090.0
2023-05-17,1098.0,1137.0,1089.0,1135.0
2023-05-18,1150.0,1150.0,1107.0,1122.0
2023-05-19,1130.0,1146.0,1118.0,1120.0
2023-05-22,1139.0,1192.0,1138.0,1185.0
2023-05-23,1185.0,1192.0,1145.0,1157.0
2023-05-24,1155.0,1180.0,1149.0,1164.0
2023-05-25,1150.0,1154.0,1126.0,1150.0
2023-05-26,1150.0,1162.0,1138.0,1143.0
2023-05-29,1160.0,1163.0,1143.0,1151.0
2023-05-30,1155.0,1176.0,1155.0,1174.0
2023-05-31,1161.0,1162.0,1135.0,1137.0
2023-06-01,1134.0,1147.0,1128.0,1128.0
2023-06-02,1130.0,1139.0,1121.0,1136.0
2023-06-05,1158.0,1168.0,1152.0,1159.0
2023-06-06,1150.0,1175.0,1145.0,1173.0
2023-06-07,1178.0,1185.0,1146.0,1153.0
2023-06-08,1156.0,1166.0,1141.0,1146.0
2023-06-09,1156.0,1158.0,1133.0,1136.0
2023-06-12,1147.0,1173.0,1147.0,1172.0
2023-06-13,1172.0,1179.0,1158.0,1162.0
2023-06-14,1165.0,1166.0,1136.0,1136.0
2023-06-15,1142.0,1166.0,1142.0,1155.0
2023-06-16,1160.0,1191.0,1157.0,1189.0
2023-06-19,1198.0,1204.0,1185.0,1199.0
2023-06-20,1218.0,1285.0,1213.0,1285.0
2023-06-21,1268.0,1271.0,1237.0,1257.0
2023-06-22,1258.0,1278.0,1251.0,1271.0
2023-06-23,1283.0,1292.0,1243.0,1272.0
2023-06-26,1265.0,1265.0,1221.0,1253.0
2023-06-27,1264.0,1264.0,1238.0,1253.0
2023-06-28,1269.0,1292.0,1268.0,1278.0
2023-06-29,1228.0,1228.0,1192.0,1205.0
2023-06-30,1175.0,1191.0,1142.0,1177.0
2023-07-03,1170.0,1180.0,1128.0,1132.0
2023-07-04,1102.0,1119.0,1079.0,1080.0
2023-07-05,1072.0,1100.0,1069.0,1099.0
2023-07-06,1091.0,1119.0,1091.0,1113.0
2023-07-07,1094.0,1102.0,1083.0,1083.0
2023-07-10,1083.0,1100.0,1076.0,1093.0
2023-07-11,1099.0,1103.0,1084.0,1085.0
2023-07-12,1083.0,1084.0,1053.0,1053.0
2023-07-13,1052.0,1078.0,1041.0,1071.0
2023-07-14,1080.0,1080.0,1056.0,1079.0
2023-07-18,1079.0,1082.0,1067.0,1074.0
2023-07-19,1079.0,1084.0,1072.0,1082.0
2023-07-20,1082.0,1082.0,1068.0,1069.0
2023-07-21,1066.0,1083.0,1061.0,1079.0
2023-07-24,1084.0,1099.0,1081.0,1082.0
2023-07-25,1081.0,1082.0,1068.0,1070.0
2023-07-26,1069.0,1093.0,1062.0,1088.0
2023-07-27,1088.0,1096.0,1082.0,1094.0
2023-07-28,1090.0,1103.0,1077.0,1090.0
2023-07-31,1103.0,1116.0,1099.0,1102.0
2023-08-01,1110.0,1113.0,1099.0,1100.0
2023-08-02,1100.0,1103.0,1082.0,1082.0
2023-08-03,1074.0,1074.0,1054.0,1056.0
2023-08-04,1050.0,1062.0,1049.0,1055.0
2023-08-07,1049.0,1057.0,1041.0,1055.0
2023-08-08,1056.0,1057.0,1038.0,1038.0
2023-08-09,1039.0,1050.0,1028.0,1043.0
2023-08-10,1046.0,1051.0,1034.0,1050.0
2023-08-14,1053.0,1053.0,1028.0,1032.0
2023-08-15,1016.0,1053.0,1010.0,1022.0
2023-08-16,1022.0,1025.0,995.0,996.0
2023-08-17,996.0,1002.0,983.0,992.0
2023-08-18,992.0,1018.0,984.0,1012.0
2023-08-21,1012.0,1027.0,1006.0,1026.0
2023-08-22,1030.0,1030.0,1002.0,1005.0
2023-08-23,1002.0,1010.0,997.0,1001.0
2023-08-24,1003.0,1024.0,1003.0,1017.0
2023-08-25,1007.0,1022.0,1003.0,1016.0
2023-08-28,1023.0,1031.0,1018.0,1020.0
2023-08-29,1030.0,1043.0,1027.0,1040.0
2023-08-30,1042.0,1043.0,1027.0,1032.0
2023-08-31,1031.0,1043.0,1031.0,1035.0
2023-09-01,1032.0,1047.0,1029.0,1044.0
2023-09-04,1045.0,1053.0,1043.0,1049.0
2023-09-05,1043.0,1049.0,1038.0,1044.0
2023-09-06,1043.0,1043.0,1027.0,1029.0
2023-09-07,1026.0,1035.0,1025.0,1026.0
2023-09-08,1016.0,1020.0,1010.0,1011.0
2023-09-11,1013.0,1023.0,1003.0,1009.0
2023-09-12,1009.0,1015.0,1003.0,1007.0
2023-09-13,1005.0,1028.0,1005.0,1023.0
2023-09-14,1023.0,1030.0,1019.0,1028.0
2023-09-15,1035.0,1045.0,1033.0,1045.0
2023-09-19,1036.0,1043.0,1023.0,1032.0
2023-09-20,1029.0,1033.0,1019.0,1019.0
2023-09-21,1017.0,1024.0,1012.0,1018.0
2023-09-22,1016.0,1046.0,1011.0,1040.0
2023-09-25,1040.0,1053.0,1037.0,1053.0
2023-09-26,1052.0,1052.0,1019.0,1024.0
2023-09-27,1020.0,1032.0,1017.0,1032.0
2023-09-28,1026.0,1026.0,1014.0,1022.0
2023-09-29,1022.0,1025.0,1013.0,1018.0
2023-10-02,1020.0,1049.0,1019.0,1020.0
2023-10-03,1016.0,1026.0,1013.0,1017.0
2023-10-04,1011.0,1013.0,981.0,990.0
2023-10-05,992.0,1021.0,992.0,1010.0
2023-10-06,1011.0,1022.0,1008.0,1008.0
2023-10-10,1015.0,1031.0,1015.0,1027.0
2023-10-11,1025.0,1025.0,1000.0,1000.0
2023-10-12,1004.0,1014.0,996.0,1013.0
2023-10-13,1010.0,1012.0,993.0,993.0
2023-10-16,995.0,998.0,977.0,977.0
2023-10-17,990.0,1001.0,986.0,994.0
2023-10-18,994.0,1008.0,994.0,1008.0
2023-10-19,1000.0,1000.0,984.0,984.0
2023-10-20,984.0,987.0,970.0,979.0
2023-10-23,967.0,973.0,956.0,960.0
2023-10-24,952.0,957.0,935.0,951.0
2023-10-25,954.0,966.0,954.0,954.0
2023-10-26,948.0,960.0,944.0,956.0
2023-10-27,958.0,977.0,958.0,975.0
2023-10-30,975.0,977.0,966.0,969.0
2023-10-31,967.0,987.0,957.0,983.0
2023-11-01,998.0,1000.0,986.0,986.0
2023-11-02,997.0,997.0,982.0,991.0
2023-11-06,1002.0,1011.0,999.0,1010.0
2023-11-07,1004.0,1009.0,996.0,997.0
2023-11-08,1000.0,1002.0,981.0,989.0
2023-11-09,984.0,1003.0,984.0,1001.0
2023-11-10,993.0,1009.0,990.0,1009.0
2023-11-13,1003.0,1016.0,1000.0,1009.0
2023-11-14,1047.0,1075.0,1040.0,1067.0
2023-11-15,1061.0,1061.0,1041.0,1052.0
2023-11-16,1058.0,1065.0,1030.0,1030.0
2023-11-17,1030.0,1030.0,1016.0,1030.0
2023-11-20,1039.0,1058.0,1033.0,1053.0
2023-11-21,1048.0,1048.0,1031.0,1031.0
2023-11-22,1035.0,1043.0,1031.0,1038.0
2023-11-24,1045.0,1045.0,1031.0,1037.0
2023-11-27,1037.0,1042.0,1030.0,1037.0
2023-11-28,1042.0,1045.0,1032.0,1041.0
2023-11-29,1036.0,1045.0,1031.0,1031.0
2023-11-30,1031.0,1045.0,1029.0,1045.0
2023-12-01,1045.0,1045.0,1032.0,1032.0
2023-12-04,1032.0,1039.0,1031.0,1034.0
2023-12-05,1032.0,1049.0,1032.0,1033.0
2023-12-06,1036.0,1050.0,1036.0,1049.0
2023-12-07,1048.0,1048.0,1039.0,1040.0
2023-12-08,1030.0,1033.0,1020.0,1026.0
2023-12-11,1026.0,1037.0,1026.0,1030.0
2023-12-12,1040.0,1048.0,1032.0,1035.0
2023-12-13,1039.0,1041.0,1032.0,1035.0
2023-12-14,1037.0,1040.0,1021.0,1023.0
2023-12-15,1016.0,1030.0,1016.0,1025.0
2023-12-18,1021.0,1021.0,1005.0,1011.0
2023-12-19,1011.0,1019.0,1006.0,1012.0
2023-12-20,1020.0,1024.0,1013.0,1013.0
2023-12-21,1007.0,1011.0,1004.0,1006.0
2023-12-22,1008.0,1016.0,1000.0,1005.0
2023-12-25,1009.0,1013.0,996.0,1001.0
2023-12-26,1002.0,1015.0,1002.0,1015.0
2023-12-27,1029.0,1029.0,1029.0,1029.0
2023-12-28,1023.0,1033.0,1022.0,1033.0
2023-12-29,1024.0,1036.0,1024.0,1035.0
2024-01-04,1030.0,1059.0,1027.0,1059.0
2024-01-05,1066.0,1069.0,1055.0,1058.0
2024-01-09,1059.0,1070.0,1054.0,1060.0
2024-01-10,1064.0,1075.0,1061.0,1070.0
2024-01-11,1073.0,1077.0,1065.0,1070.0
2024-01-12,1070.0,1071.0,1059.0,1067.0
2024-01-15,1077.0,1077.0,1068.0,1071.0
2024-01-16,1082.0,1085.0,1067.0,1070.0
2024-01-17,1070.0,1077.0,1058.0,1059.0
2024-01-18,1056.0,1066.0,1053.0,1053.0
2024-01-19,1069.0,1073.0,1061.0,1069.0
2024-01-22,1074.0,1083.0,1073.0,1083.0
2024-01-23,1089.0,1103.0,1088.0,1101.0
2024-01-24,1101.0,1101.0,1090.0,1095.0
2024-01-25,1090.0,1110.0,1090.0,1110.0
2024-01-26,1116.0,1120.0,1102.0,1103.0
2024-01-29,1105.0,1132.0,1105.0,1132.0
2024-01-30,1133.0,1157.0,1130.0,1137.0
2024-01-31,1130.0,1150.0,1130.0,1150.0
2024-02-01,1144.0,1144.0,1123.0,1128.0
2024-02-02,1129.0,1141.0,1127.0,1140.0
2024-02-05,1143.0,1153.0,1136.0,1152.0
2024-02-06,1147.0,1147.0,1120.0,1120.0
2024-02-07,1120.0,1126.0,1111.0,1118.0
2024-02-08,1132.0,1140.0,1103.0,1120.0
2024-02-09,1118.0,1134.0,1115.0,1115.0
2024-02-13,1124.0,1128.0,1098.0,1105.0
2024-02-14,1109.0,1137.0,1109.0,1122.0
2024-02-15,1136.0,1144.0,1121.0,1131.0
2024-02-16,1142.0,1142.0,1118.0,1123.0
2024-02-19,1117.0,1117.0,1102.0,1112.0
2024-02-20,1112.0,1119.0,1101.0,1101.0
2024-02-21,1106.0,1120.0,1106.0,1113.0
2024-02-22,1118.0,1128.0,1110.0,1124.0
2024-02-26,1124.0,1134.0,1119.0,1122.0
2024-02-27,1125.0,1140.0,1125.0,1140.0
2024-02-28,1143.0,1162.0,1141.0,1153.0
2024-02-29,1151.0,1151.0,1128.0,1139.0
2024-03-01,1140.0,1146.0,1133.0,1143.0
2024-03-04,1147.0,1153.0,1121.0,1121.0
2024-03-05,1129.0,1138.0,1119.0,1138.0
2024-03-06,1130.0,1151.0,1130.0,1148.0
2024-03-07,1148.0,1159.0,1127.0,1127.0
2024-03-08,1128.0,1151.0,1128.0,1143.0
2024-03-11,1135.0,1135.0,1105.0,1116.0
2024-03-12,1114.0,1128.0,1095.0,1128.0
2024-03-13,1127.0,1136.0,1114.0,1114.0
2024-03-14,1117.0,1138.0,1114.0,1135.0
2024-03-15,1130.0,1150.0,1130.0,1144.0
2024-03-18,1159.0,1172.0,1149.0,1164.0
2024-03-19,1169.0,1194.0,1166.0,1194.0
2024-03-21,1224.0,1230.0,1209.0,1225.0
2024-03-22,1225.0,1225.0,1208.0,1215.0
2024-03-25,1217.0,1237.0,1212.0,1221.0
2024-03-26,1220.0,1249.0,1219.0,1246.0
2024-03-27,1255.0,1264.0,1249.0,1260.0
2024-03-28,1254.0,1263.0,1244.0,1252.0
2024-03-29,1264.0,1298.0,1264.0,1292.0
2024-04-01,1289.0,1290.0,1251.0,1251.0
2024-04-02,1264.0,1268.0,1229.0,1234.0
2024-04-03,1222.0,1249.0,1210.0,1234.0
2024-04-04,1250.0,1250.0,1231.0,1233.0
2024-04-05,1226.0,1236.0,1214.0,1234.0
2024-04-08,1247.0,1248.0,1235.0,1241.0
2024-04-09,1247.0,1281.0,1247.0,1278.0
2024-04-10,1281.0,1291.0,1262.0,1262.0
2024-04-11,1260.0,1268.0,1247.0,1257.0
2024-04-12,1260.0,1275.0,1256.0,1274.0
2024-04-15,1265.0,1319.0,1254.0,1312.0
2024-04-16,1307.0,1307.0,1244.0,1245.0
2024-04-17,1255.0,1265.0,1230.0,1230.0
2024-04-18,1230.0,1253.0,1216.0,1253.0
2024-04-19,1237.0,1239.0,1188.0,1220.0
2024-04-22,1234.0,1253.0,1234.0,1242.0
2024-04-23,1253.0,1259.0,1243.0,1254.0
2024-04-24,1254.0,1256.0,1247.0,1254.0
2024-04-25,1250.0,1254.0,1235.0,1236.0
2024-04-26,1234.0,1245.0,1222.0,1243.0
2024-04-30,1250.0,1266.0,1244.0,1266.0
2024-05-01,1260.0,1276.0,1255.0,1276.0
2024-05-02,1266.0,1280.0,1261.0,1270.0
2024-05-07,1288.0,1288.0,1277.0,1284.0
2024-05-08,1283.0,1285.0,1265.0,1269.0
2024-05-09,1269.0,1271.0,1259.0,1259.0
2024-05-10,1265.0,1278.0,1265.0,1272.0
2024-05-13,1268.0,1277.0,1251.0,1267.0
2024-05-14,1212.0,1212.0,1166.0,1195.0
2024-05-15,1192.0,1201.0,1182.0,1187.0
2024-05-16,1197.0,1203.0,1182.0,1194.0
2024-05-17,1189.0,1209.0,1186.0,1207.0
2024-05-20,1212.0,1218.0,1195.0,1195.0
2024-05-21,1197.0,1203.0,1180.0,1180.0
2024-05-22,1182.0,1191.0,1179.0,1179.0
2024-05-23,1180.0,1186.0,1165.0,1174.0
2024-05-24,1164.0,1176.0,1158.0,1170.0
2024-05-27,1170.0,1176.0,1150.0,1153.0
2024-05-28,1153.0,1165.0,1153.0,1154.0
2024-05-29,1154.0,1159.0,1138.0,1140.0
2024-05-30,1134.0,1148.0,1125.0,1142.0
2024-05-31,1141.0,1185.0,1141.0,1181.0
2024-06-03,1188.0,1191.0,1167.0,1176.0
2024-06-04,1176.0,1183.0,1171.0,1177.0
2024-06-05,1177.0,1191.0,1168.0,1168.0
2024-06-06,1175.0,1175.0,1149.0,1153.0
2024-06-07,1154.0,1172.0,1154.0,1169.0
2024-06-10,1176.0,1181.0,1168.0,1170.0
2024-06-11,1172.0,1173.0,1146.0,1155.0
2024-06-12,1155.0,1159.0,1138.0,1140.0
2024-06-13,1141.0,1145.0,1127.0,1133.0
2024-06-14,1129.0,1156.0,1129.0,1155.0
2024-06-17,1150.0,1150.0,1133.0,1144.0
2024-06-18,1143.0,1151.0,1136.0,1137.0
2024-06-19,1140.0,1150.0,1131.0,1142.0
2024-06-20,1140.0,1141.0,1132.0,1136.0
2024-06-21,1133.0,1137.0,1113.0,1115.0
2024-06-24,1115.0,1125.0,1106.0,1106.0
2024-06-25,1120.0,1127.0,1115.0,1119.0
2024-06-26,1134.0,1134.0,1118.0,1130.0
2024-06-27,1057.0,1085.0,1050.0,1069.0
2024-06-28,1061.0,1082.0,1056.0,1062.0
2024-07-01,1058.0,1087.0,1058.0,1071.0
2024-07-02,1078.0,1094.0,1076.0,1080.0
2024-07-03,1095.0,1101.0,1084.0,1100.0
2024-07-04,1102.0,1110.0,1092.0,1098.0
2024-07-05,1098.0,1108.0,1085.0,1087.0
2024-07-08,1088.0,1088.0,1080.0,1080.0
2024-07-09,1081.0,1092.0,1080.0,1085.0
2024-07-10,1088.0,1088.0,1070.0,1073.0
2024-07-11,1080.0,1088.0,1077.0,1087.0
2024-07-12,1086.0,1104.0,1085.0,1104.0
2024-07-16,1106.0,1106.0,1090.0,1093.0
2024-07-17,1095.0,1106.0,1095.0,1102.0
2024-07-18,1087.0,1101.0,1087.0,1089.0
2024-07-19,1102.0,1102.0,1079.0,1085.0
2024-07-22,1083.0,1083.0,1066.0,1068.0
2024-07-23,1068.0,1079.0,1068.0,1074.0
2024-07-24,1074.0,1074.0,1050.0,1051.0
2024-07-25,1040.0,1046.0,1034.0,1037.0
2024-07-26,1046.0,1053.0,1036.0,1048.0
2024-07-29,1065.0,1078.0,1056.0,1077.0
2024-07-30,1066.0,1070.0,1058.0,1058.0
2024-07-31,1048.0,1076.0,1044.0,1076.0
2024-08-01,1063.0,1063.0,1016.0,1021.0
2024-08-02,993.0,995.0,972.0,972.0
2024-08-05,916.0,929.0,825.0,848.0
2024-08-06,908.0,948.0,906.0,932.0
2024-08-07,925.0,956.0,915.0,939.0
2024-08-08,931.0,968.0,930.0,956.0
2024-08-09,980.0,998.0,965.0,981.0
2024-08-13,996.0,1017.0,985.0,1015.0
2024-08-14,1035.0,1035.0,999.0,1010.0
2024-08-15,1040.0,1078.0,1021.0,1065.0
2024-08-16,1081.0,1081.0,1065.0,1074.0
2024-08-19,1070.0,1084.0,1063.0,1067.0
2024-08-20,1078.0,1079.0,1069.0,1075.0
2024-08-21,1068.0,1069.0,1050.0,1065.0
2024-08-22,1068.0,1072.0,1057.0,1072.0
2024-08-23,1064.0,1074.0,1064.0,1071.0
2024-08-26,1071.0,1075.0,1066.0,1066.0
2024-08-27,1070.0,1088.0,1066.0,1083.0
2024-08-28,1070.0,1078.0,1069.0,1073.0
2024-08-29,1071.0,1079.0,1064.0,1070.0
2024-08-30,1067.0,1069.0,1060.0,1064.0
2024-09-02,1068.0,1072.0,1050.0,1059.0
2024-09-03,1060.0,1071.0,1055.0,1062.0
2024-09-04,1033.0,1042.0,1020.0,1020.0
2024-09-05,1013.0,1043.0,1013.0,1025.0
2024-09-06,1036.0,1037.0,1015.0,1022.0
2024-09-09,1006.0,1026.0,1004.0,1019.0
2024-09-10,1029.0,1042.0,1027.0,1027.0
2024-09-11,1026.0,1026.0,1000.0,1003.0
2024-09-12,1019.0,1036.0,1019.0,1031.0
2024-09-13,1024.0,1030.0,1021.0,1027.0
2024-09-17,1042.0,1042.0,1018.0,1038.0
2024-09-18,1041.0,1044.0,1030.0,1040.0
2024-09-19,1044.0,1064.0,1043.0,1055.0
2024-09-20,1064.0,1081.0,1064.0,1078.0
2024-09-24,1086.0,1086.0,1072.0,1076.0
2024-09-25,1077.0,1082.0,1070.0,1077.0
2024-09-26,1080.0,1085.0,1068.0,1085.0
2024-09-27,1088.0,1088.0,1073.0,1079.0
2024-09-30,1046.0,1058.0,1044.0,1044.0
2024-10-01,1058.0,1063.0,1055.0,1058.0
2024-10-02,1055.0,1065.0,1050.0,1054.0
2024-10-03,1070.0,1075.0,1065.0,1066.0
2024-10-04,1075.0,1080.0,1071.0,1079.0
2024-10-07,1081.0,1082.0,1065.0,1066.0
2024-10-08,1058.0,1065.0,1050.0,1052.0
2024-10-09,1057.0,1080.0,1055.0,1055.0
2024-10-10,1059.0,1059.0,1049.0,1049.0
2024-10-11,1050.0,1065.0,1050.0,1055.0
2024-10-15,1059.0,1060.0,1051.0,1056.0
2024-10-16,1053.0,1066.0,1051.0,1055.0
2024-10-17,1057.0,1058.0,1049.0,1050.0
2024-10-18,1053.0,1053.0,1041.0,1045.0
2024-10-21,1051.0,1053.0,1045.0,1050.0
2024-10-22,1050.0,1050.0,1030.0,1035.0
2024-10-23,1043.0,1049.0,1040.0,1043.0
2024-10-24,1043.0,1054.0,1031.0,1035.0
2024-10-25,1034.0,1036.0,1006.0,1006.0
2024-10-28,1008.0,1048.0,1004.0,1034.0
2024-10-29,1034.0,1045.0,1034.0,1039.0
2024-10-30,1049.0,1049.0,1035.0,1043.0
2024-10-31,1044.0,1057.0,1040.0,1051.0
2024-11-01,1033.0,1046.0,1033.0,1041.0
2024-11-05,1057.0,1060.0,1046.0,1059.0
2024-11-06,1056.0,1069.0,1053.0,1056.0
2024-11-07,1066.0,1075.0,1060.0,1068.0
2024-11-08,1071.0,1072.0,1057.0,1057.0
2024-11-11,1057.0,1060.0,1043.0,1046.0
2024-11-12,1051.0,1057.0,1045.0,1048.0
2024-11-13,1053.0,1070.0,1053.0,1058.0
2024-11-14,1028.0,1028.0,995.0,995.0
2024-11-15,996.0,1010.0,988.0,1007.0
2024-11-18,1012.0,1015.0,1000.0,1000.0
2024-11-19,1005.0,1006.0,998.0,1002.0
2024-11-20,1004.0,1007.0,1000.0,1001.0
2024-11-21,1002.0,1006.0,999.0,1000.0
2024-11-22,1001.0,1004.0,997.0,1000.0
2024-11-25,1001.0,1006.0,990.0,990.0
2024-11-26,992.0,998.0,990.0,991.0
2024-11-27,995.0,995.0,986.0,988.0
2024-11-28,985.0,1004.0,985.0,998.0
2024-11-29,996.0,999.0,988.0,990.0
2024-12-02,990.0,993.0,985.0,988.0
2024-12-03,990.0,1002.0,990.0,1000.0
2024-12-04,1001.0,1001.0,994.0,1000.0
2024-12-05,1001.0,1001.0,992.0,996.0
2024-12-06,994.0,996.0,989.0,989.0
2024-12-09,994.0,994.0,986.0,990.0
2024-12-10,990.0,992.0,982.0,983.0
2024-12-11,984.0,984.0,974.0,981.0
2024-12-12,983.0,984.0,977.0,977.0
2024-12-13,975.0,980.0,973.0,980.0
2024-12-16,977.0,979.0,975.0,978.0
2024-12-17,976.0,978.0,962.0,962.0
2024-12-18,962.0,968.0,957.0,966.0
2024-12-19,1116.0,1116.0,1116.0,1116.0
2024-12-20,1125.0,1164.0,1093.0,1146.0
2024-12-23,1157.0,1185.0,1156.0,1171.0
2024-12-24,1170.0,1196.0,1167.0,1169.0
2024-12-25,1172.0,1187.0,1152.0,1187.0
2024-12-26,1200.0,1218.0,1189.0,1198.0
2024-12-27,1186.0,1193.0,1163.0,1192.0
2024-12-30,1192.0,1220.0,1192.0,1213.0
2025-01-06,1230.0,1230.0,1201.0,1213.0
2025-01-07,1224.0,1228.0,1208.0,1213.0
2025-01-08,1209.0,1216.0,1186.0,1187.0
2025-01-09,1183.0,1198.0,1183.0,1192.0
2025-01-10,1185.0,1195.0,1182.0,1191.0
2025-01-14,1182.0,1188.0,1170.0,1178.0
2025-01-15,1178.0,1186.0,1171.0,1174.0
2025-01-16,1174.0,1177.0,1161.0,1165.0
2025-01-17,1167.0,1174.0,1160.0,1174.0
2025-01-20,1180.0,1206.0,1180.0,1206.0
2025-01-21,1208.0,1213.0,1199.0,1208.0
2025-01-22,1208.0,1217.0,1206.0,1213.0
2025-01-23,1210.0,1213.0,1201.0,1205.0
2025-01-24,1203.0,1208.0,1189.0,1195.0
2025-01-27,1195.0,1212.0,1195.0,1208.0
2025-01-28,1209.0,1223.0,1208.0,1223.0
2025-01-29,1221.0,1223.0,1208.0,1210.0
2025-01-30,1209.0,1219.0,1204.0,1210.0
2025-01-31,1210.0,1210.0,1199.0,1208.0
2025-02-03,1208.0,1214.0,1195.0,1207.0
2025-02-04,1207.0,1213.0,1200.0,1200.0
2025-02-05,1200.0,1212.0,1200.0,1210.0
2025-02-06,1210.0,1224.0,1210.0,1224.0
2025-02-07,1213.0,1223.0,1213.0,1217.0
2025-02-10,1208.0,1217.0,1205.0,1208.0
2025-02-12,1208.0,1217.0,1205.0,1211.0
2025-02-13,1211.0,1215.0,1204.0,1214.0
2025-02-14,1200.0,1213.0,1183.0,1213.0
2025-02-17,1225.0,1234.0,1203.0,1203.0
2025-02-18,1203.0,1211.0,1191.0,1205.0
2025-02-19,1210.0,1216.0,1198.0,1198.0
2025-02-20,1198.0,1200.0,1192.0,1194.0
2025-02-21,1191.0,1191.0,1171.0,1171.0
2025-02-25,1166.0,1178.0,1161.0,1161.0
2025-02-26,1161.0,1165.0,1144.0,1162.0
2025-02-27,1160.0,1177.0,1160.0,1170.0
2025-02-28,1170.0,1174.0,1152.0,1174.0
2025-03-03,1181.0,1238.0,1181.0,1230.0
2025-03-04,1224.0,1224.0,1196.0,1223.0
2025-03-05,1211.0,1232.0,1211.0,1219.0
2025-03-06,1233.0,1238.0,1225.0,1231.0
2025-03-07,1231.0,1231.0,1201.0,1225.0
2025-03-10,1225.0,1227.0,1215.0,1226.0
2025-03-11,1211.0,1212.0,1197.0,1212.0
2025-03-12,1212.0,1224.0,1210.0,1219.0
2025-03-13,1221.0,1221.0,1204.0,1213.0
2025-03-14,1213.0,1228.0,1212.0,1228.0
2025-03-17,1235.0,1246.0,1228.0,1235.0
2025-03-18,1236.0,1262.0,1236.0,1243.0
2025-03-19,1259.0,1272.0,1253.0,1270.0
2025-03-21,1270.0,1270.0,1255.0,1255.0
2025-03-24,1261.0,1277.0,1252.0,1277.0
2025-03-25,1285.0,1287.0,1255.0,1270.0
2025-03-26,1279.0,1279.0,1257.0,1273.0
2025-03-27,1277.0,1288.0,1270.0,1287.0
2025-03-28,1288.0,1305.0,1266.0,1301.0
2025-03-31,1296.0,1296.0,1254.0,1266.0
2025-04-01,1276.0,1303.0,1273.0,1303.0
2025-04-02,1303.0,1317.0,1269.0,1296.0
2025-04-03,1290.0,1291.0,1256.0,1260.0
2025-04-04,1246.0,1246.0,1203.0,1224.0
2025-04-07,1164.0,1181.0,1112.0,1127.0
2025-04-08,1175.0,1231.0,1175.0,1199.0
2025-04-09,1190.0,1190.0,1157.0,1186.0
2025-04-10,1216.0,1244.0,1216.0,1235.0
2025-04-11,1216.0,1248.0,1192.0,1242.0
2025-04-14,1242.0,1272.0,1228.0,1261.0
2025-04-15,1265.0,1273.0,1262.0,1269.0
2025-04-16,1269.0,1275.0,1252.0,1255.0
2025-04-17,1255.0,1275.0,1255.0,1275.0
2025-04-18,1280.0,1330.0,1280.0,1330.0
2025-04-21,1330.0,1343.0,1327.0,1332.0
2025-04-22,1332.0,1381.0,1332.0,1374.0
2025-04-23,1390.0,1395.0,1375.0,1391.0
2025-04-24,1391.0,1391.0,1369.0,1376.0
2025-04-25,1377.0,1389.0,1369.0,1371.0
2025-04-28,1370.0,1372.0,1358.0,1359.0
2025-04-30,1359.0,1379.0,1359.0,1366.0
2025-05-01,1366.0,1367.0,1349.0,1349.0
2025-05-02,1338.0,1347.0,1334.0,1334.0
2025-05-07,1334.0,1348.0,1333.0,1342.0
2025-05-08,1342.0,1342.0,1311.0,1319.0
2025-05-09,1323.0,1335.0,1322.0,1330.0
2025-05-12,1333.0,1345.0,1330.0,1333.0
2025-05-13,1333.0,1345.0,1333.0,1343.0
2025-05-14,1300.0,1314.0,1270.0,1310.0
2025-05-15,1302.0,1316.0,1299.0,1302.0
2025-05-16,1314.0,1314.0,1271.0,1280.0
2025-05-19,1285.0,1292.0,1281.0,1284.0
2025-05-20,1273.0,1285.0,1259.0,1259.0
2025-05-21,1260.0,1273.0,1253.0,1254.0
2025-05-22,1247.0,1247.0,1228.0,1228.0
2025-05-23,1240.0,1240.0,1220.0,1220.0
2025-05-26,1235.0,1235.0,1218.0,1219.0
2025-05-27,1219.0,1233.0,1217.0,1233.0
2025-05-28,1245.0,1247.0,1230.0,1232.0
2025-05-29,1242.0,1251.0,1234.0,1242.0
2025-05-30,1237.0,1269.0,1234.0,1265.0
2025-06-02,1253.0,1272.0,1243.0,1250.0
2025-06-03,1251.0,1251.0,1230.0,1234.0
2025-06-04,1240.0,1246.0,1235.0,1242.0
2025-06-05,1235.0,1248.0,1222.0,1222.0
2025-06-06,1226.0,1234.0,1224.0,1232.0
2025-06-09,1232.0,1238.0,1214.0,1215.0
2025-06-10,1215.0,1219.0,1210.0,1214.0
2025-06-11,1214.0,1222.0,1213.0,1219.0
2025-06-12,1217.0,1218.0,1201.0,1201.0
2025-06-13,1200.0,1205.0,1188.0,1190.0
2025-06-16,1209.0,1209.0,1180.0,1181.0
2025-06-17,1187.0,1192.0,1179.0,1185.0
2025-06-18,1184.0,1190.0,1180.0,1188.0
2025-06-19,1189.0,1198.0,1189.0,1191.0
2025-06-20,1191.0,1202.0,1191.0,1196.0
2025-06-23,1196.0,1214.0,1193.0,1208.0
2025-06-24,1217.0,1222.0,1208.0,1208.0
2025-06-25,1215.0,1215.0,1208.0,1212.0
2025-06-26,1211.0,1215.0,1209.0,1211.0
2025-06-27,1134.0,1138.0,1114.0,1116.0
2025-06-30,1127.0,1129.0,1103.0,1103.0
2025-07-01,1101.0,1101.0,1087.0,1089.0
2025-07-02,1093.0,1108.0,1090.0,1097.0
2025-07-03,1097.0,1103.0,1090.0,1093.0
2025-07-04,1100.0,1101.0,1087.0,1093.0
2025-07-07,1087.0,1087.0,1072.0,1080.0
2025-07-08,1082.0,1088.0,1080.0,1081.0
2025-07-09,1085.0,1090.0,1078.0,1082.0
2025-07-10,1084.0,1084.0,1070.0,1072.0
2025-07-11,1076.0,1089.0,1076.0,1082.0
2025-07-14,1079.0,1092.0,1075.0,1089.0
2025-07-15,1096.0,1096.0,1077.0,1082.0
2025-07-16,1077.0,1078.0,1064.0,1070.0
2025-07-17,1070.0,1079.0,1070.0,1079.0
2025-07-18,1082.0,1089.0,1073.0,1077.0
2025-07-22,1077.0,1080.0,1063.0,1065.0
2025-07-23,1066.0,1081.0,1066.0,1073.0
2025-07-24,1079.0,1080.0,1072.0,1074.0
2025-07-25,1078.0,1078.0,1065.0,1074.0
2025-07-28,1074.0,1082.0,1072.0,1080.0
2025-07-29,1080.0,1085.0,1075.0,1085.0
2025-07-30,1085.0,1091.0,1080.0,1091.0
2025-07-31,1091.0,1093.0,1083.0,1089.0
2025-08-01,1090.0,1106.0,1090.0,1105.0
2025-08-04,1085.0,1100.0,1085.0,1096.0
2025-08-05,1094.0,1099.0,1093.0,1093.0
2025-08-06,1095.0,1102.0,1095.0,1099.0
2025-08-07,1101.0,1103.0,1095.0,1099.0
2025-08-08,1100.0,1115.0,1100.0,1114.0
2025-08-12,1118.0,1120.0,1111.0,1116.0
2025-08-13,1086.0,1089.0,1061.0,1072.0
2025-08-14,1080.0,1080.0,1069.0,1071.0
2025-08-15,1080.0,1084.0,1067.0,1067.0
2025-08-18,1077.0,1092.0,1073.0,1083.0
2025-08-19,1091.0,1092.0,1083.0,1089.0
2025-08-20,1089.0,1093.0,1085.0,1086.0
2025-08-21,1089.0,1089.0,1079.0,1079.0
2025-08-22,1086.0,1091.0,1080.0,1088.0
2025-08-25,1094.0,1099.0,1089.0,1094.0
2025-08-26,1092.0,1094.0,1085.0,1085.0
2025-08-27,1083.0,1083.0,1077.0,1078.0
2025-08-28,1079.0,1085.0,1075.0,1085.0
2025-08-29,1085.0,1085.0,1076.0,1078.0
2025-09-01,1083.0,1090.0,1078.0,1085.0
2025-09-02,1090.0,1100.0,1090.0,1099.0
2025-09-03,1110.0,1116.0,1098.0,1110.0
2025-09-04,1112.0,1112.0,1101.0,1110.0
2025-09-05,1111.0,1114.0,1104.0,1112.0
2025-09-08,1114.0,1120.0,1113.0,1118.0
2025-09-09,1120.0,1122.0,1114.0,1117.0
2025-09-10,1117.0,1121.0,1111.0,1112.0
2025-09-11,1110.0,1112.0,1104.0,1108.0
2025-09-12,1111.0,1116.0,1107.0,1112.0
2025-09-16,1110.0,1117.0,1105.0,1115.0
2025-09-17,1112.0,1113.0,1102.0,1103.0
2025-09-18,1107.0,1113.0,1102.0,1113.0
2025-09-19,1118.0,1125.0,1112.0,1116.0
2025-09-22,1122.0,1133.0,1122.0,1126.0
2025-09-24,1125.0,1128.0,1119.0,1125.0
2025-09-25,1127.0,1130.0,1117.0,1127.0
2025-09-26,1125.0,1138.0,1121.0,1134.0
2025-09-29,1134.0,1134.0,1122.0,1123.0
2025-09-30,1130.0,1130.0,1111.0,1111.0
2025-10-01,1112.0,1112.0,1071.0,1071.0
2025-10-02,1073.0,1081.0,1057.0,1064.0
2025-10-03,1061.0,1080.0,1061.0,1068.0
2025-10-06,1080.0,1088.0,1071.0,1077.0
2025-10-07,1078.0,1080.0,1071.0,1075.0
2025-10-08,1075.0,1086.0,1069.0,1069.0
2025-10-09,1068.0,1072.0,1061.0,1062.0
2025-10-10,1060.0,1061.0,1052.0,1055.0
2025-10-14,1047.0,1054.0,1040.0,1049.0
2025-10-15,1057.0,1063.0,1049.0,1060.0
2025-10-16,1074.0,1074.0,1055.0,1055.0
2025-10-17,1055.0,1055.0,1043.0,1045.0
2025-10-20,1051.0,1061.0,1049.0,1055.0
2025-10-21,1056.0,1059.0,1049.0,1050.0
2025-10-22,1050.0,1072.0,1050.0,1070.0
2025-10-23,1070.0,1074.0,1062.0,1071.0
2025-10-24,1071.0,1074.0,1065.0,1073.0
2025-10-27,1082.0,1088.0,1079.0,1085.0
2025-10-28,1078.0,1084.0,1070.0,1077.0
2025-10-29,1077.0,1080.0,1063.0,1065.0
2025-10-30,1062.0,1080.0,1057.0,1074.0
2025-10-31,1066.0,1079.0,1066.0,1079.0
2025-11-04,1079.0,1089.0,1068.0,1073.0
2025-11-05,1073.0,1078.0,1057.0,1059.0
2025-11-06,1060.0,1063.0,1054.0,1055.0
2025-11-07,1057.0,1062.0,1051.0,1053.0
2025-11-10,1062.0,1065.0,1056.0,1065.0
2025-11-11,1065.0,1070.0,1057.0,1061.0
2025-11-12,1068.0,1082.0,1063.0,1076.0
2025-11-13,1072.0,1079.0,1063.0,1069.0
2025-11-14,1052.0,1064.0,1036.0,1037.0
2025-11-17,1037.0,1043.0,1027.0,1042.0
2025-11-18,1039.0,1040.0,1027.0,1029.0
2025-11-19,1027.0,1031.0,1021.0,1024.0
2025-11-20,1027.0,1033.0,1020.0,1020.0
2025-11-21,1020.0,1038.0,1020.0,1037.0
2025-11-25,1039.0,1042.0,1031.0,1039.0
2025-11-26,1036.0,1041.0,1035.0,1040.0
2025-11-27,1041.0,1044.0,1035.0,1037.0
2025-11-28,1037.0,1043.0,1037.0,1042.0
2025-12-01,1041.0,1041.0,1021.0,1021.0
2025-12-02,1021.0,1021.0,1011.0,1013.0
2025-12-03,1011.0,1015.0,1004.0,1004.0
2025-12-04,1009.0,1015.0,1008.0,1011.0
2025-12-05,1007.0,1011.0,1005.0,1005.0
2025-12-08,1009.0,1011.0,1002.0,1007.0
2025-12-09,1004.0,1008.0,999.0,1001.0
2025-12-10,999.0,1005.0,996.0,999.0
2025-12-11,1004.0,1006.0,997.0,1003.0
2025-12-12,1010.0,1033.0,1009.0,1033.0
2025-12-15,1034.0,1045.0,1034.0,1042.0
2025-12-16,1045.0,1045.0,1023.0,1023.0
2025-12-17,1021.0,1023.0,1015.0,1021.0
2025-12-18,1022.0,1028.0,1020.0,1028.0
2025-12-19,1030.0,1037.0,1028.0,1035.0
2025-12-22,1040.0,1042.0,1031.0,1037.0
2025-12-23,1035.0,1050.0,1035.0,1043.0
2025-12-24,1045.0,1049.0,1041.0,1045.0
2025-12-25,1042.0,1053.0,1041.0,1047.0
2025-12-26,1050.0,1052.0,1044.0,1050.0
2025-12-29,1059.0,1060.0,1049.0,1056.0
2025-12-30,1062.0,1065.0,1048.0,1058.0
2026-01-05,1058.0,1064.0,1033.0,1036.0
2026-01-06,1038.0,1059.0,1036.0,1059.0
2026-01-07,1057.0,1067.0,1054.0,1061.0
2026-01-08,1060.0,1067.0,1060.0,1065.0
2026-01-09,1074.0,1077.0,1061.0,1068.0
2026-01-13,1084.0,1086.0,1068.0,1075.0
2026-01-14,1077.0,1093.0,1076.0,1093.0
2026-01-15,1080.0,1097.0,1078.0,1097.0
2026-01-16,1098.0,1116.0,1095.0,1116.0
2026-01-19,1115.0,1115.0,1095.0,1103.0
2026-01-20,1105.0,1107.0,1092.0,1101.0
2026-01-21,1093.0,1105.0,1087.0,1094.0
2026-01-22,1106.0,1115.0,1105.0,1114.0
2026-01-23,1108.0,1116.0,1101.0,1101.0
2026-01-26,1096.0,1105.0,1087.0,1099.0
2026-01-27,1096.0,1101.0,1086.0,1090.0
2026-01-28,1093.0,1093.0,1080.0,1080.0
2026-01-29,1080.0,1086.0,1069.0,1086.0
2026-01-30,1086.0,1090.0,1080.0,1089.0
2026-02-02,1100.0,1107.0,1081.0,1084.0
2026-02-03,1089.0,1097.0,1085.0,1097.0
2026-02-04,1102.0,1107.0,1097.0,1107.0
2026-02-05,1114.0,1127.0,1109.0,1123.0
2026-02-06,1123.0,1123.0,1110.0,1120.0
2026-02-09,1130.0,1130.0,1115.0,1116.0
2026-02-10,1086.0,1110.0,1071.0,1096.0
2026-02-12,1095.0,1112.0,1093.0,1102.0
2026-02-13,1102.0,1110.0,1083.0,1083.0
2026-02-16,1083.0,1101.0,1060.0,1068.0
2026-02-17,1065.0,1078.0,1060.0,1064.0
2026-02-18,1073.0,1091.0,1066.0,1089.0
2026-02-19,1085.0,1100.0,1076.0,1096.0
2026-02-20,1086.0,1089.0,1074.0,1079.0
2026-02-24,1077.0,1116.0,1077.0,1113.0
2026-02-25,1116.0,1127.0,1109.0,1116.0
2026-02-26,1116.0,1122.0,1107.0,1113.0
2026-02-27,1123.0,1138.0,1120.0,1132.0
2026-03-02,1110.0,1126.0,1109.0,1123.0
2026-03-03,1122.0,1122.0,1096.0,1096.0
2026-03-04,1080.0,1081.0,1043.0,1069.0
2026-03-05,1095.0,1110.0,1084.0,1104.0
2026-03-06,1085.0,1106.0,1084.0,1103.0
2026-03-09,1064.0,1084.0,1058.0,1082.0
2026-03-10,1097.0,1110.0,1082.0,1098.0
2026-03-11,1097.0,1106.0,1091.0,1091.0
2026-03-12,1083.0,1083.0,1067.0,1071.0
2026-03-13,1063.0,1078.0,1057.0,1069.0
2026-03-16,1070.0,1076.0,1062.0,1076.0
2026-03-17,1080.0,1095.0,1076.0,1078.0
2026-03-18,1083.0,1094.0,1083.0,1094.0
2026-03-19,1086.0,1095.0,1073.0,1073.0
2026-03-23,1059.0,1065.0,1042.0,1045.0
2026-03-24,1068.0,1078.0,1063.0,1077.0
2026-03-25,1088.0,1098.0,1087.0,1096.0
2026-03-26,1098.0,1100.0,1085.0,1096.0
2026-03-27,1097.0,1111.0,1087.0,1105.0
2026-03-30,1083.0,1098.0,1075.0,1089.0
2026-03-31,1089.0,1100.0,1084.0,1090.0
2026-04-01,1117.0,1118.0,1100.0,1110.0
2026-04-02,1116.0,1130.0,1104.0,1111.0
2026-04-03,1105.0,1118.0,1104.0,1111.0
2026-04-06,1107.0,1115.0,1103.0,1108.0
2026-04-07,1108.0,1123.0,1108.0,1122.0
2026-04-08,1130.0,1142.0,1124.0,1129.0
2026-04-09,1131.0,1139.0,1115.0,1121.0
2026-04-10,1131.0,1135.0,1113.0,1116.0
2026-04-13,1111.0,1123.0,1104.0,1108.0
2026-04-14,1121.0,1124.0,1111.0,1118.0
2026-04-15,1124.0,1130.0,1118.0,1119.0
2026-04-16,1125.0,1129.0,1119.0,1119.0
2026-04-17,1118.0,1124.0,1112.0,1112.0
2026-04-20,1114.0,1122.0,1110.0,1120.0
2026-04-21,1120.0,1126.0,1115.0,1115.0
2026-04-22,1120.0,1120.0,1102.0,1102.0
2026-04-23,1100.0,1104.0,1086.0,1090.0
2026-04-24,1086.0,1091.0,1079.0,1079.0
2026-04-27,1080.0,1088.0,1075.0,1076.0
2026-04-28,1078.0,1088.0,1076.0,1084.0
2026-04-30,1081.0,1084.0,1068.0,1068.0
2026-05-01,1071.0,1071.0,1060.0,1061.0
2026-05-07,1070.0,1073.0,1050.0,1052.0
2026-05-08,1055.0,1055.0,1040.0,1042.0
2026-05-11,1044.0,1061.0,1043.0,1044.0
2026-05-12,1049.0,1049.0,1036.0,1037.0
2026-05-13,1040.0,1042.0,1030.0,1036.0
2026-05-14,1096.0,1105.0,1073.0,1074.0
2026-05-15,1077.0,1099.0,1075.0,1083.0
2026-05-18,1082.0,1084.0,1049.0,1057.0
2026-05-19,1059.0,1074.0,1057.0,1062.0
2026-05-20,1059.0,1059.0,1039.0,1042.0
2026-05-21,1050.0,1065.0,1049.0,1052.0
2026-05-22,1055.0,1061.0,1051.0,1055.0
2026-05-25,1063.0,1063.0,1018.0,1021.0
2026-05-26,1021.0,1026.0,1006.0,1013.0
2026-05-27,1017.0,1034.0,1013.0,1028.0
2026-05-28,1028.0,1036.0,1018.0,1027.0
2026-05-29,1024.0,1025.0,1005.0,1007.0
2026-06-01,1008.0,1008.0,981.0,993.0
2026-06-02,986.0,989.0,969.0,982.0
2026-06-03,982.0,1002.0,972.0,998.0
2026-06-04,998.0,1002.0,989.0,994.0
2026-06-05,1002.0,1034.0,1002.0,1034.0
2026-06-08,1033.0,1050.0,1025.0,1030.0
2026-06-09,1040.0,1049.0,1026.0,1034.0
2026-06-10,1035.0,1044.0,1030.0,1040.0
2026-06-11,1041.0,1043.0,1034.0,1038.0
2026-06-12,1041.0,1045.0,1031.0,1032.0
2026-06-15,1037.0,1043.0,1032.0,1032.0
2026-06-16,1040.0,1040.0,1021.0,1021.0
2026-06-17,1022.0,1030.0,1021.0,1023.0
2026-06-18,1030.0,1034.0,1023.0,1029.0
2026-06-19,1028.0,1035.0,1026.0,1029.0
2026-06-22,1031.0,1040.0,1031.0,1035.0
2026-06-23,1033.0,1041.0,1030.0,1034.0
2026-06-24,1036.0,1043.0,1029.0,1038.0
2026-06-25,1037.0,1044.0,1036.0,1039.0
2026-06-26,1039.0,1042.0,1028.0,1028.0
2026-06-29,935.0,964.0,931.0,948.0
2026-06-30,963.0,967.0,944.0,945.0
2026-07-01,946.0,952.0,924.0,930.0
2026-07-02,942.0,946.0,937.0,941.0
2026-07-03,948.0,956.0,942.0,948.0
2026-07-06,954.0,958.0,949.0,958.0
2026-07-07,967.0,971.0,960.0,969.0
2026-07-08,970.0,971.0,959.0,970.0
2026-07-09,970.0,971.0,964.0,968.0
2026-07-10,972.0,981.0,968.0,968.0
2026-07-13,975.0,984.0,972.0,982.0
2026-07-14,953.0,953.0,923.0,931.0
2026-07-15,932.0,935.0,927.0,927.0
2026-07-16,927.0,937.0,924.0,930.0
2026-07-17,933.0,945.0,931.0,932.0
2026-07-21,943.0,951.0,933.0,936.0
2026-07-22,945.0,945.0,935.0,939.0
2026-07-23,944.0,945.0,933.0,935.0
2026-07-24,935.0,935.0,926.0,928.0
2026-07-27,928.0,939.0,928.0,938.0
2026-07-28,933.0,945.0,933.0,936.0
2026-07-29,940.0,966.0,938.0,961.0
2026-07-30,960.0,960.0,947.0,950.0
2026-07-31,949.0,950.0,936.0,936.0
2026-08-03,936.0,936.0,926.0,926.0
2026-08-04,929.0,931.0,919.0,920.0
2026-08-05,920.0,925.0,916.0,922.0
2026-08-06,924.0,928.0,918.0,925.0
2026-08-07,925.0,931.0,925.0,925.0
2026-08-10,925.0,932.0,923.0,925.0
2026-08-12,927.0,937.0,927.0,937.0
2026-08-13,939.0,952.0,935.0,950.0
2026-08-14,942.0,946.0,933.0,936.0
2026-08-17,924.0,929.0,911.0,922.0
2026-08-18,926.0,927.0,917.0,924.0
2026-08-19,921.0,922.0,913.0,919.0
2026-08-20,922.0,927.0,916.0,921.0
2026-08-21,924.0,930.0,924.0,929.0
2026-08-24,933.0,938.0,927.0,931.0
2026-08-25,930.0,937.0,924.0,928.0
2026-08-26,929.0,934.0,927.0,934.0
2026-08-27,934.0,939.0,932.0,937.0
2026-08-28,939.0,943.0,934.0,939.0
2026-08-31,940.0,940.0,932.0,934.0
2026-09-01,935.0,941.0,932.0,941.0
2026-09-02,936.0,943.0,931.0,932.0
2026-09-03,936.0,938.0,933.0,934.0
2026-09-04,933.0,937.0,932.0,937.0
2026-09-07,934.0,938.0,930.0,935.0
2026-09-08,930.0,931.0,925.0,925.0
2026-09-09,924.0,924.0,918.0,918.0
