Date,Open,High,Low,Close
2011-06-01,580.0,595.0,572.0,578.0
2011-06-02,587.0,598.0,575.0,595.0
2011-06-03,595.0,595.0,550.0,550.0
2011-06-06,534.0,555.0,532.0,551.0
2011-06-07,542.0,546.0,515.0,534.0
2011-06-08,545.0,545.0,526.0,528.0
2011-06-09,524.0,533.0,517.0,526.0
2011-06-10,525.0,530.0,509.0,513.0
2011-06-13,495.0,501.0,481.0,487.0
2011-06-14,465.0,483.0,456.0,475.0
2011-06-15,467.0,480.0,465.0,474.0
2011-06-16,469.0,478.0,469.0,475.0
2011-06-17,478.0,478.0,453.0,453.0
2011-06-20,452.0,477.0,452.0,473.0
2011-06-21,485.0,489.0,470.0,481.0
2011-06-22,476.0,528.0,476.0,528.0
2011-06-23,518.0,565.0,510.0,552.0
2011-06-24,557.0,590.0,550.0,575.0
2011-06-27,585.0,585.0,537.0,556.0
2011-06-28,546.0,580.0,546.0,568.0
2011-06-29,568.0,573.0,559.0,572.0
2011-06-30,572.0,572.0,555.0,572.0
2011-07-01,567.0,571.0,552.0,552.0
2011-07-04,568.0,571.0,561.0,566.0
2011-07-05,566.0,570.0,558.0,562.0
2011-07-06,557.0,568.0,553.0,568.0
2011-07-07,562.0,566.0,557.0,566.0
2011-07-08,563.0,564.0,552.0,552.0
2011-07-11,550.0,559.0,547.0,556.0
2011-07-12,544.0,548.0,540.0,544.0
2011-07-13,543.0,554.0,540.0,541.0
2011-07-14,533.0,548.0,530.0,530.0
2011-07-15,530.0,541.0,530.0,534.0
2011-07-19,536.0,551.0,531.0,543.0
2011-07-20,556.0,559.0,551.0,554.0
2011-07-21,558.0,590.0,550.0,585.0
2011-07-22,589.0,590.0,570.0,580.0
2011-07-25,582.0,582.0,574.0,575.0
2011-07-26,579.0,584.0,574.0,578.0
2011-07-27,573.0,575.0,554.0,565.0
2011-07-28,568.0,568.0,545.0,559.0
2011-07-29,550.0,550.0,530.0,530.0
2011-08-01,520.0,539.0,520.0,529.0
2011-08-02,532.0,534.0,522.0,527.0
2011-08-03,527.0,527.0,516.0,516.0
2011-08-04,511.0,517.0,502.0,505.0
2011-08-05,486.0,494.0,481.0,493.0
2011-08-08,485.0,492.0,477.0,477.0
2011-08-09,463.0,484.0,454.0,480.0
2011-08-10,488.0,491.0,474.0,482.0
2011-08-11,474.0,495.0,470.0,495.0
2011-08-12,503.0,504.0,481.0,504.0
2011-08-15,494.0,512.0,491.0,493.0
2011-08-16,501.0,507.0,480.0,507.0
2011-08-17,502.0,505.0,497.0,503.0
2011-08-18,501.0,501.0,475.0,484.0
2011-08-19,470.0,494.0,469.0,472.0
2011-08-22,464.0,484.0,464.0,473.0
2011-08-23,470.0,498.0,470.0,495.0
2011-08-24,495.0,495.0,482.0,491.0
2011-08-25,484.0,491.0,475.0,475.0
2011-08-26,483.0,486.0,475.0,484.0
2011-08-29,480.0,493.0,480.0,485.0
2011-08-30,500.0,500.0,491.0,498.0
2011-08-31,492.0,499.0,476.0,486.0
2011-09-01,491.0,491.0,473.0,484.0
2011-09-02,471.0,490.0,465.0,490.0
2011-09-05,485.0,485.0,470.0,476.0
2011-09-06,463.0,470.0,462.0,470.0
2011-09-07,464.0,470.0,460.0,464.8898010253906
2011-09-08,464.0,467.0,460.0,464.0
2011-09-09,459.0,466.0,452.0,465.0
2011-09-12,445.0,449.0,440.0,449.0
2011-09-13,443.0,450.0,440.0,445.0
2011-09-14,448.0,450.0,440.0,442.0
2011-09-15,445.0,452.0,440.0,445.0
2011-09-16,445.0,455.0,444.0,454.0
2011-09-20,441.0,445.0,436.0,444.0
2011-09-21,450.0,450.0,438.0,439.0
2011-09-22,440.0,450.0,430.0,446.0
2011-09-26,446.0,457.0,441.0,448.0
2011-09-27,448.0,454.0,435.0,454.0
2011-09-28,454.0,490.0,445.0,490.0
2011-09-29,482.0,483.0,451.0,464.0
2011-09-30,468.0,468.0,441.0,448.0
2011-10-03,430.0,430.0,419.0,420.0
2011-10-04,412.0,415.0,403.0,410.0
2011-10-05,409.0,411.0,401.0,402.0
2011-10-06,400.0,412.0,400.0,407.0
2011-10-07,407.0,412.0,406.0,407.0
2011-10-11,408.0,414.0,407.0,413.0
2011-10-12,407.0,419.0,407.0,416.0
2011-10-13,419.0,420.0,411.0,414.0
2011-10-14,409.0,418.0,409.0,413.0
2011-10-17,400.0,410.0,393.0,396.0
2011-10-18,390.0,394.0,388.0,391.0
2011-10-19,396.0,399.0,391.0,395.0
2011-10-20,391.0,400.0,388.0,400.0
2011-10-21,396.0,399.0,389.0,396.0
2011-10-24,392.0,400.0,390.0,395.0
2011-10-25,400.0,403.0,388.0,388.0
2011-10-26,393.0,395.0,385.0,391.0
2011-10-27,389.0,401.0,389.0,401.0
2011-10-28,409.0,421.0,406.0,419.0
2011-10-31,416.0,422.0,405.0,405.0
2011-11-01,392.0,397.0,372.0,392.0
2011-11-02,380.0,391.0,380.0,389.0
2011-11-04,396.0,402.0,386.0,391.0
2011-11-07,388.0,398.0,384.0,398.0
2011-11-08,392.0,397.0,383.0,383.0
2011-11-09,391.0,417.0,387.0,415.0
2011-11-10,395.0,405.0,388.0,399.0
2011-11-11,407.0,411.0,400.0,405.0
2011-11-14,402.0,404.0,398.0,404.0
2011-11-15,396.0,402.0,391.0,393.0
2011-11-16,393.0,398.0,388.0,395.0
2011-11-17,395.0,398.0,387.0,393.0
2011-11-18,394.0,409.0,393.0,404.0
2011-11-21,400.0,416.0,400.0,414.0
2011-11-22,406.0,441.0,406.0,420.0
2011-11-24,404.0,422.0,397.0,398.0
2011-11-25,399.0,415.0,392.0,406.0
2011-11-28,426.0,428.0,412.0,412.0
2011-11-29,412.0,430.0,408.0,430.0
2011-11-30,422.0,427.0,414.0,419.0
2011-12-01,421.0,427.0,401.0,413.0
2011-12-02,413.0,417.0,403.0,406.0
2011-12-05,415.0,415.0,401.0,404.0
2011-12-06,401.0,406.0,394.0,394.0
2011-12-07,394.0,397.0,385.0,392.0
2011-12-08,390.0,390.0,385.0,388.0
2011-12-09,372.0,381.0,370.0,381.0
2011-12-12,382.0,392.0,380.0,382.0
2011-12-13,376.0,381.0,373.0,379.0
2011-12-14,373.0,378.0,373.0,375.0
2011-12-15,372.0,375.0,370.0,370.0
2011-12-16,370.0,373.0,367.0,368.0
2011-12-19,369.0,369.0,356.0,359.0
2011-12-20,352.0,356.0,352.0,353.0
2011-12-21,354.0,358.0,343.0,354.0
2011-12-22,355.0,356.0,347.0,350.0
2011-12-26,358.0,369.0,351.0,369.0
2011-12-27,366.0,374.0,366.0,369.0
2011-12-28,362.0,370.0,359.0,361.0
2011-12-29,363.0,367.0,357.0,360.0
2011-12-30,364.0,387.0,364.0,380.0
2012-01-04,396.0,405.0,389.0,397.0
2012-01-05,390.0,396.0,386.0,390.0
2012-01-06,385.0,394.0,385.0,387.0
2012-01-10,393.0,398.0,384.0,387.0
2012-01-11,393.0,396.0,383.0,391.0
2012-01-12,385.0,389.0,381.0,381.0
2012-01-13,387.0,396.0,386.0,392.0
2012-01-16,384.0,384.0,361.0,361.0
2012-01-17,360.0,366.0,351.0,359.0
2012-01-18,358.0,375.0,358.0,369.0
2012-01-19,372.0,378.0,365.0,374.0
2012-01-20,379.0,381.0,377.0,381.0
2012-01-23,374.0,390.0,374.0,379.0
2012-01-24,379.0,386.0,376.0,383.0
2012-01-25,388.0,390.0,381.0,389.0
2012-01-26,392.0,392.0,382.0,388.0
2012-01-27,382.0,386.0,376.0,381.0
2012-01-30,385.0,391.0,378.0,387.0
2012-01-31,387.0,388.0,381.0,384.0
2012-02-01,385.0,391.0,381.0,387.0
2012-02-02,383.0,395.0,383.0,395.0
2012-02-03,405.0,408.0,398.0,405.0
2012-02-06,407.0,416.0,407.0,414.0
2012-02-07,414.0,422.0,414.0,419.0
2012-02-08,424.0,436.0,422.0,436.0
2012-02-09,433.0,451.0,426.0,450.0
2012-02-10,451.0,476.0,451.0,467.0
2012-02-13,467.0,467.0,453.0,453.0
2012-02-14,446.0,446.0,416.0,426.0
2012-02-15,429.0,464.0,428.0,462.0
2012-02-16,461.0,466.0,453.0,464.0
2012-02-17,462.0,462.0,446.0,448.0
2012-02-20,445.0,446.0,436.0,437.0
2012-02-21,429.0,432.0,423.0,429.0
2012-02-22,428.0,440.0,427.0,439.0
2012-02-23,431.0,433.0,423.0,430.0
2012-02-24,406.0,442.0,406.0,438.0
2012-02-27,429.0,451.0,423.0,449.0
2012-02-28,450.0,480.0,449.0,478.0
2012-02-29,481.0,493.0,477.0,492.0
2012-03-01,491.0,498.0,477.0,484.0
2012-03-02,499.0,511.0,493.0,511.0
2012-03-05,520.0,520.0,515.0,517.0
2012-03-06,498.0,513.0,492.0,504.0
2012-03-07,494.0,500.0,489.0,494.0
2012-03-08,499.0,532.0,498.0,529.0
2012-03-09,539.0,549.0,523.0,526.0
2012-03-12,525.0,536.0,518.0,530.0
2012-03-13,520.0,532.0,513.0,514.0
2012-03-14,531.0,535.0,508.0,509.0
2012-03-15,503.0,509.0,494.0,495.0
2012-03-16,504.0,504.0,494.0,496.0
2012-03-19,495.0,505.0,487.0,496.0
2012-03-21,472.0,484.0,472.0,477.0
2012-03-22,478.0,478.0,459.0,463.0
2012-03-23,464.0,507.0,462.0,503.0
2012-03-26,499.0,499.0,476.0,480.0
2012-03-27,486.0,493.0,480.0,490.0
2012-03-28,480.0,522.0,462.0,520.0
2012-03-29,520.0,538.0,516.0,520.0
2012-03-30,514.0,530.0,507.0,522.0
2012-04-02,525.0,525.0,512.0,513.0
2012-04-03,514.0,516.0,500.0,509.0
2012-04-04,514.0,514.0,491.0,499.0
2012-04-05,495.0,502.0,482.0,488.0
2012-04-06,487.0,492.0,475.0,481.0
2012-04-09,476.0,487.0,471.0,483.0
2012-04-10,489.0,499.0,471.0,477.0
2012-04-11,469.0,470.0,458.0,465.0
2012-04-12,467.0,498.0,457.0,490.0
2012-04-13,498.0,505.0,491.0,497.0
2012-04-16,460.0,465.0,438.0,445.0
2012-04-17,439.0,440.0,423.0,429.0
2012-04-18,434.0,450.0,434.0,449.0
2012-04-19,443.0,449.0,438.0,442.0
2012-04-20,445.0,446.0,413.0,425.0
2012-04-23,425.0,433.0,407.0,408.0
2012-04-24,406.0,416.0,404.0,407.0
2012-04-25,412.0,418.0,409.0,415.0
2012-04-26,416.0,419.0,402.0,410.0
2012-04-27,405.0,411.0,397.0,410.0
2012-05-01,406.0,410.0,398.0,400.0
2012-05-02,407.0,414.0,402.0,412.0
2012-05-07,398.0,399.0,380.0,397.0
2012-05-08,400.0,401.0,389.0,391.0
2012-05-09,375.0,382.0,373.0,379.0
2012-05-10,378.0,384.0,375.0,380.0
2012-05-11,380.0,383.0,351.0,361.0
2012-05-14,361.0,367.0,355.0,358.0
2012-05-15,356.0,358.0,351.0,356.0
2012-05-16,353.0,358.0,351.0,357.0
2012-05-17,354.0,368.0,351.0,364.0
2012-05-18,356.0,357.0,350.0,355.0
2012-05-21,354.0,370.0,354.0,368.0
2012-05-22,370.0,379.0,366.0,369.0
2012-05-23,362.0,364.0,355.0,362.0
2012-05-24,360.0,362.0,356.0,359.0
2012-05-25,378.0,381.0,369.0,371.0
2012-05-28,375.0,375.0,365.0,371.0
2012-05-29,372.0,380.0,369.0,379.0
2012-05-30,378.0,399.0,366.0,395.0
2012-05-31,385.0,425.0,385.0,425.0
2012-06-01,415.0,425.0,415.0,416.0
2012-06-04,414.0,434.0,411.0,416.0
2012-06-05,415.0,452.0,410.0,448.0
2012-06-06,440.0,450.0,425.0,434.0
2012-06-07,438.0,438.0,399.0,404.0
2012-06-08,401.0,406.0,393.0,400.0
2012-06-11,400.0,402.0,386.0,391.0
2012-06-12,385.0,390.0,377.0,386.0
2012-06-13,388.0,395.0,384.0,385.0
2012-06-14,385.0,401.0,380.0,392.0
2012-06-15,392.0,399.0,375.0,383.0
2012-06-18,391.0,395.0,386.0,390.0
2012-06-19,390.0,396.0,380.0,382.0
2012-06-20,386.0,389.0,375.0,386.0
2012-06-21,387.0,392.0,373.0,378.0
2012-06-22,376.0,385.0,376.0,379.0
2012-06-25,384.0,385.0,375.0,379.0
2012-06-26,379.0,382.0,366.0,371.0
2012-06-27,376.0,381.0,369.0,379.0
2012-06-28,380.0,381.0,372.0,377.0
2012-06-29,378.0,400.0,374.0,392.0
2012-07-02,396.0,396.0,379.0,383.0
2012-07-03,385.0,400.0,383.0,399.0
2012-07-04,399.0,400.0,394.0,399.0
2012-07-05,399.0,402.0,394.0,400.0
2012-07-06,401.0,403.0,377.0,380.0
2012-07-09,377.0,386.0,374.0,381.0
2012-07-10,386.0,387.0,380.0,383.0
2012-07-11,383.0,388.0,380.0,385.0
2012-07-12,383.0,387.0,375.0,383.0
2012-07-13,389.0,390.0,385.0,385.0
2012-07-17,394.0,403.0,389.0,397.0
2012-07-18,395.0,405.0,388.0,402.0
2012-07-19,424.0,455.0,424.0,451.0
2012-07-20,450.0,467.0,448.0,457.0
2012-07-23,466.0,481.0,459.0,472.0
2012-07-24,465.0,473.0,464.0,471.0
2012-07-25,472.0,478.0,468.0,473.0
2012-07-26,475.0,485.0,473.0,478.0
2012-07-27,487.0,497.0,487.0,489.0
2012-07-30,494.0,497.0,475.0,495.0
2012-07-31,494.0,496.0,486.0,490.0
2012-08-01,495.0,503.0,491.0,499.0
2012-08-02,501.0,522.0,500.0,509.0
2012-08-03,505.0,505.0,493.0,499.0
2012-08-06,502.0,509.0,493.0,496.0
2012-08-07,501.0,506.0,493.0,497.0
2012-08-08,510.0,513.0,503.0,510.0
2012-08-09,509.0,510.0,495.0,499.0
2012-08-10,499.0,502.0,481.0,490.66668701171875
2012-08-13,498.0,498.0,491.0,494.9411926269531
2012-08-14,496.0,513.0,495.0,506.0
2012-08-15,515.0,515.0,498.0,500.9285888671875
2012-08-16,496.0,510.0,496.0,505.0
2012-08-17,503.0,505.0,498.0,503.0
2012-08-20,503.0,510.0,502.0,507.0
2012-08-21,501.0,509.0,495.0,504.0
2012-08-22,502.0,504.0,483.0,488.0
2012-08-23,485.0,499.0,481.0,486.0
2012-08-24,495.0,502.0,493.0,497.0
2012-08-27,506.0,506.0,490.0,493.0
2012-08-28,493.0,495.0,483.0,486.0
2012-08-29,485.0,503.0,484.0,499.0
2012-08-30,500.0,500.0,486.0,488.0
2012-08-31,485.0,504.0,485.0,499.0
2012-09-03,503.0,506.0,497.0,499.0
2012-09-04,501.0,502.0,493.0,501.0
2012-09-05,497.0,497.0,486.0,486.0
2012-09-06,487.0,493.0,472.0,475.0
2012-09-07,476.0,483.0,470.0,478.0
2012-09-10,478.0,478.0,460.0,465.0
2012-09-11,464.0,472.0,461.0,471.0
2012-09-12,472.0,480.0,467.0,475.0
2012-09-13,476.0,486.0,473.0,481.0
2012-09-14,481.0,487.0,474.0,486.0
2012-09-18,486.0,487.0,472.0,474.0
2012-09-19,478.0,492.0,475.0,489.0
2012-09-20,488.0,503.0,486.0,500.0
2012-09-21,500.0,509.0,500.0,507.0
2012-09-24,508.0,510.0,505.0,510.0
2012-09-25,509.0,515.0,505.0,515.0
2012-09-26,515.0,524.0,512.0,517.0
2012-09-27,516.0,521.0,511.0,515.0
2012-09-28,518.0,520.0,512.0,515.0
2012-10-01,514.0,517.0,507.0,514.0
2012-10-02,510.0,519.0,510.0,513.0
2012-10-03,517.0,517.0,499.0,499.0
2012-10-04,499.0,507.0,495.0,503.0
2012-10-05,505.0,519.0,505.0,518.0
2012-10-09,516.0,520.0,506.0,509.0
2012-10-10,505.0,509.0,493.0,495.0
2012-10-11,490.0,490.0,480.0,482.0
2012-10-12,479.0,497.0,479.0,493.0
2012-10-15,491.0,508.0,488.0,499.0
2012-10-16,501.0,507.0,500.0,502.0
2012-10-17,507.0,507.0,496.0,499.0
2012-10-18,504.0,515.0,504.0,513.0
2012-10-19,513.0,517.0,508.0,512.0
2012-10-22,505.0,505.0,496.0,496.0
2012-10-23,499.0,501.0,491.0,500.0
2012-10-24,497.0,503.0,495.0,497.0
2012-10-25,496.0,501.0,494.0,500.0
2012-10-26,505.0,507.0,490.0,494.0
2012-10-29,490.0,498.0,480.0,482.0
2012-10-30,483.0,486.0,450.0,452.0
2012-10-31,461.0,492.0,461.0,487.0
2012-11-01,487.0,490.0,480.0,483.0
2012-11-02,488.0,499.0,487.0,497.0
2012-11-05,497.0,497.0,492.0,496.0
2012-11-06,490.0,491.0,484.0,488.0
2012-11-07,496.0,498.0,479.0,480.0
2012-11-08,478.0,479.0,467.0,468.0
2012-11-09,463.0,466.0,460.0,460.0
2012-11-12,460.0,484.0,457.0,468.0
2012-11-13,465.0,469.0,456.0,460.0
2012-11-14,459.0,461.0,444.0,444.0
2012-11-15,443.0,443.0,429.0,433.0
2012-11-16,444.0,490.0,444.0,476.0
2012-11-19,484.0,488.0,480.0,485.0
2012-11-20,485.0,486.0,476.0,479.0
2012-11-21,485.0,485.0,479.0,483.0
2012-11-22,488.0,488.0,477.0,484.0
2012-11-26,489.0,496.0,484.0,486.0
2012-11-27,480.0,493.0,478.0,490.0
2012-11-28,487.0,487.0,475.0,480.0
2012-11-29,484.0,496.0,484.0,492.0
2012-11-30,485.0,492.0,479.0,482.0
2012-12-03,486.0,486.0,460.0,463.0
2012-12-04,461.0,464.0,450.0,464.0
2012-12-05,464.0,473.0,457.0,459.0
2012-12-06,462.0,467.0,460.0,465.0
2012-12-07,465.0,480.0,465.0,476.0
2012-12-10,481.0,481.0,461.0,462.0
2012-12-11,461.0,465.0,460.0,463.0
2012-12-12,464.0,469.0,458.0,459.0
2012-12-13,466.0,467.0,456.0,456.0
2012-12-14,455.0,472.0,455.0,463.0
2012-12-17,471.0,474.0,457.0,459.0
2012-12-18,465.0,487.0,465.0,471.0
2012-12-19,483.0,488.0,471.0,483.0
2012-12-20,476.0,493.0,476.0,486.0
2012-12-21,490.0,503.0,488.0,498.0
2012-12-25,499.0,501.0,482.0,482.0
2012-12-26,494.0,512.0,492.0,509.0
2012-12-27,510.0,510.0,501.0,506.0
2012-12-28,505.0,506.0,495.0,498.0
2013-01-04,516.0,528.0,516.0,522.0
2013-01-07,527.0,529.0,517.0,519.0
2013-01-08,517.0,524.0,512.0,517.0
2013-01-09,518.0,534.0,517.0,531.0
2013-01-10,532.0,543.0,525.0,540.0
2013-01-11,545.0,545.0,533.0,535.0
2013-01-15,541.0,542.0,508.0,510.0
2013-01-16,502.0,504.0,463.0,470.0
2013-01-17,470.0,472.0,458.0,466.0
2013-01-18,472.0,474.0,463.0,472.0
2013-01-21,474.0,478.0,462.0,472.0
2013-01-22,475.0,476.0,464.0,470.0
2013-01-23,470.0,479.0,466.0,467.0
2013-01-24,462.0,465.0,450.0,455.0
2013-01-25,458.0,463.0,455.0,461.0
2013-01-28,469.0,470.0,455.0,459.0
2013-01-29,460.0,474.0,460.0,467.0
2013-01-30,468.0,470.0,461.0,465.0
2013-01-31,465.0,489.0,465.0,487.0
2013-02-01,486.0,493.0,481.0,481.0
2013-02-04,480.0,482.0,467.0,469.0
2013-02-05,467.0,471.0,464.0,467.0
2013-02-06,467.0,471.0,464.0,470.0
2013-02-07,468.0,473.0,461.0,462.0
2013-02-08,464.0,466.0,457.0,458.0
2013-02-12,463.0,465.0,455.0,455.0
2013-02-13,459.0,461.0,447.0,450.0
2013-02-14,450.0,456.0,447.0,452.0
2013-02-15,452.0,463.0,451.0,462.0
2013-02-18,468.0,484.0,467.0,481.0
2013-02-19,481.0,486.0,475.0,479.0
2013-02-20,480.0,488.0,475.0,487.0
2013-02-21,489.0,493.0,486.0,491.0
2013-02-22,495.0,495.0,479.0,492.0
2013-02-25,492.0,498.0,475.0,488.0
2013-02-26,463.0,483.0,462.0,480.0
2013-02-27,474.0,478.0,465.0,475.0
2013-02-28,475.0,485.0,464.0,473.0
2013-03-01,466.0,477.0,462.0,472.0
2013-03-04,470.0,472.0,455.0,468.0
2013-03-05,469.0,474.0,462.0,463.0
2013-03-06,471.0,475.0,463.0,472.0
2013-03-07,475.0,487.0,472.0,479.0
2013-03-08,489.0,491.0,480.0,488.0
2013-03-11,490.0,493.0,484.0,490.0
2013-03-12,480.0,491.0,475.0,475.0
2013-03-13,477.0,496.0,477.0,479.0
2013-03-14,487.0,513.0,487.0,495.0
2013-03-15,497.0,548.0,496.0,546.0
2013-03-18,543.0,585.0,539.0,568.0
2013-03-19,578.0,582.0,570.0,580.0
2013-03-21,584.0,588.0,579.0,584.0
2013-03-22,580.0,580.0,557.0,558.0
2013-03-25,548.0,563.0,548.0,558.0
2013-03-26,554.0,554.0,544.0,549.0
2013-03-27,509.0,552.0,509.0,545.0
2013-03-28,543.0,546.0,536.0,544.0
2013-03-29,549.0,549.0,542.0,543.0
2013-04-01,540.0,540.0,521.0,523.0
2013-04-02,526.0,528.0,511.0,516.0
2013-04-03,511.0,536.0,511.0,533.0
2013-04-04,527.0,562.0,519.0,561.0
2013-04-05,599.0,625.0,575.0,623.0
2013-04-08,633.0,693.0,628.0,646.0
2013-04-09,652.0,710.0,647.0,695.0
2013-04-10,689.0,705.0,680.0,699.0
2013-04-11,698.0,698.0,680.0,687.0
2013-04-12,681.0,694.0,640.0,682.0
2013-04-15,710.0,730.0,682.0,690.0
2013-04-16,680.0,721.0,671.0,715.0
2013-04-17,714.0,714.0,690.0,704.0
2013-04-18,705.0,710.0,663.0,663.0
2013-04-19,664.0,695.0,659.0,689.0
2013-04-22,699.0,730.0,697.0,709.0
2013-04-23,704.0,705.0,681.0,687.0
2013-04-24,697.0,727.0,697.0,711.0
2013-04-25,705.0,719.0,701.0,705.0
2013-04-26,710.0,729.0,702.0,718.0
2013-04-30,721.0,737.0,712.0,719.0
2013-05-01,719.0,720.0,694.0,709.0
2013-05-02,708.0,729.0,704.0,720.0
2013-05-07,722.0,748.0,722.0,741.0
2013-05-08,750.0,785.0,747.0,779.0
2013-05-09,790.0,811.0,782.0,795.0
2013-05-10,810.0,836.0,809.0,822.0
2013-05-13,822.0,849.0,802.0,807.0
2013-05-14,811.0,821.0,765.0,767.0
2013-05-15,767.0,778.0,691.0,698.0
2013-05-16,701.0,732.0,700.0,719.0
2013-05-17,719.0,735.0,713.0,725.0
2013-05-20,728.0,745.0,727.0,736.0
2013-05-21,727.0,730.0,702.0,709.0
2013-05-22,704.0,717.0,704.0,710.0
2013-05-23,713.0,714.0,667.0,667.0
2013-05-24,670.0,685.0,648.0,663.0
2013-05-27,647.0,653.0,622.0,639.0
2013-05-28,621.0,630.0,605.0,618.0
2013-05-29,643.0,685.0,641.0,672.0
2013-05-30,623.0,634.0,606.0,611.0
2013-05-31,629.0,658.0,625.0,658.0
2013-06-03,658.0,665.0,639.0,647.0
2013-06-04,640.0,688.0,638.0,675.0
2013-06-05,661.0,663.0,626.0,628.0
2013-06-06,626.0,636.0,603.0,612.0
2013-06-07,604.0,623.0,585.0,609.0
2013-06-10,614.0,630.0,610.0,627.0
2013-06-11,626.0,626.0,611.0,617.0
2013-06-12,598.0,600.0,569.0,592.0
2013-06-13,573.0,574.0,549.0,555.0
2013-06-14,578.0,622.0,578.0,606.0
2013-06-17,590.0,620.0,581.0,615.0
2013-06-18,611.0,611.0,577.0,578.0
2013-06-19,580.0,593.0,566.0,575.0
2013-06-20,567.0,571.0,553.0,554.0
2013-06-21,533.0,572.0,528.0,564.0
2013-06-24,565.0,569.0,546.0,554.0
2013-06-25,551.0,560.0,541.0,558.0
2013-06-26,567.0,567.0,543.0,545.0
2013-06-27,552.0,570.0,552.0,567.0
2013-06-28,570.0,595.0,567.0,586.0
2013-07-01,598.0,610.0,592.0,607.0
2013-07-02,610.0,612.0,587.0,593.0
2013-07-03,594.0,600.0,571.0,587.0
2013-07-04,583.0,614.0,583.0,605.0
2013-07-05,621.0,639.0,621.0,632.0
2013-07-08,640.0,643.0,619.0,619.0
2013-07-09,636.0,650.0,635.0,646.0
2013-07-10,647.0,667.0,641.0,650.0
2013-07-11,656.0,656.0,643.0,652.0
2013-07-12,666.0,670.0,656.0,664.0
2013-07-16,730.0,764.0,730.0,764.0
2013-07-17,758.0,760.0,722.0,738.0
2013-07-18,733.0,760.0,724.0,755.0
2013-07-19,755.0,776.0,732.0,751.0
2013-07-22,752.0,754.0,733.0,746.0
2013-07-23,746.0,752.0,728.0,748.0
2013-07-24,761.0,782.0,756.0,762.0
2013-07-25,756.0,758.0,742.0,744.0
2013-07-26,744.0,745.0,722.0,724.0
2013-07-29,717.0,719.0,697.0,700.0
2013-07-30,700.0,726.0,700.0,721.0
2013-07-31,715.0,717.0,704.0,705.0
2013-08-01,705.0,713.0,700.0,712.0
2013-08-02,727.0,743.0,717.0,736.0
2013-08-05,735.0,747.0,732.0,734.0
2013-08-06,730.0,737.0,720.0,734.0
2013-08-07,721.0,723.0,695.0,695.0
2013-08-08,687.0,699.0,681.0,683.0
2013-08-09,681.0,699.0,678.0,686.0
2013-08-12,678.0,700.0,666.0,688.0
2013-08-13,712.0,719.0,703.0,710.0
2013-08-14,717.0,723.0,712.0,720.0
2013-08-15,711.0,718.0,707.0,714.0
2013-08-16,708.0,709.0,701.0,705.0
2013-08-19,705.0,706.0,683.0,696.0
2013-08-20,690.0,698.0,681.0,683.0
2013-08-21,680.0,681.0,663.0,672.0
2013-08-22,673.0,679.0,664.0,676.0
2013-08-23,685.0,711.0,681.0,709.0
2013-08-26,709.0,709.0,665.0,671.0
2013-08-27,659.0,663.0,640.0,642.0
2013-08-28,616.0,633.0,611.0,628.0
2013-08-29,630.0,637.0,625.0,634.0
2013-08-30,633.0,650.0,631.0,644.0
2013-09-02,647.0,678.0,647.0,669.0
2013-09-03,670.0,683.0,670.0,679.0
2013-09-04,673.0,690.0,665.0,688.0
2013-09-05,690.0,691.0,669.0,675.0
2013-09-06,681.0,685.0,665.0,677.0
2013-09-09,681.0,688.0,675.0,684.0
2013-09-10,684.0,688.0,678.0,684.0
2013-09-11,689.0,701.0,688.0,695.0
2013-09-12,692.0,694.0,670.0,674.0
2013-09-13,674.0,691.0,671.0,675.0
2013-09-17,674.0,691.0,672.0,684.0
2013-09-18,687.0,688.0,658.0,661.0
2013-09-19,666.0,675.0,660.0,675.0
2013-09-20,676.0,679.0,665.0,672.0
2013-09-24,659.0,659.0,642.0,652.0
2013-09-25,650.0,660.0,649.0,655.0
2013-09-26,656.0,664.0,650.0,664.0
2013-09-27,669.0,677.0,666.0,672.0
2013-09-30,662.0,671.0,656.0,663.0
2013-10-01,662.0,662.0,638.0,655.0
2013-10-02,656.0,656.0,635.0,640.0
2013-10-03,641.0,657.0,641.0,646.0
2013-10-04,644.0,653.0,637.0,650.0
2013-10-07,646.0,647.0,635.0,642.0
2013-10-08,633.0,633.0,620.0,627.0
2013-10-09,622.0,652.0,618.0,652.0
2013-10-10,652.0,715.0,643.0,712.0
2013-10-11,712.0,716.0,699.0,705.0
2013-10-15,690.0,700.0,673.0,689.0
2013-10-16,699.0,760.0,694.0,727.0
2013-10-17,723.0,749.0,700.0,715.0
2013-10-18,718.0,732.0,693.0,704.0
2013-10-21,704.0,724.0,700.0,714.0
2013-10-22,715.0,731.0,712.0,718.0
2013-10-23,717.0,725.0,698.0,704.0
2013-10-24,700.0,709.0,684.0,707.0
2013-10-25,703.0,704.0,682.0,691.0
2013-10-28,704.0,723.0,699.0,714.0
2013-10-29,695.0,700.0,682.0,691.0
2013-10-30,699.0,716.0,687.0,714.0
2013-10-31,710.0,710.0,689.0,693.0
2013-11-01,693.0,694.0,666.0,672.0
2013-11-05,676.0,689.0,661.0,666.0
2013-11-06,662.0,678.0,661.0,669.0
2013-11-07,674.0,677.0,665.0,667.0
2013-11-08,665.0,671.0,655.0,656.0
2013-11-11,670.0,673.0,654.0,659.0
2013-11-12,656.0,682.0,656.0,681.0
2013-11-13,676.0,686.0,662.0,669.0
2013-11-14,672.0,693.0,668.0,687.0
2013-11-15,697.0,720.0,685.0,719.0
2013-11-18,720.0,720.0,691.0,697.0
2013-11-19,691.0,691.0,677.0,684.0
2013-11-20,690.0,697.0,682.0,689.0
2013-11-21,692.0,694.0,680.0,689.0
2013-11-22,694.0,694.0,668.0,677.0
2013-11-25,682.0,683.0,671.0,679.0
2013-11-26,681.0,685.0,670.0,675.0
2013-11-27,671.0,674.0,658.0,662.0
2013-11-28,666.0,667.0,653.0,656.0
2013-11-29,653.0,657.0,641.0,649.0
2013-12-02,649.0,655.0,638.0,642.0
2013-12-03,643.0,657.0,643.0,647.0
2013-12-04,640.0,653.0,632.0,637.0
2013-12-05,632.0,645.0,632.0,633.0
2013-12-06,633.0,651.0,630.0,642.0
2013-12-09,650.0,654.0,643.0,647.0
2013-12-10,648.0,650.0,627.0,632.0
2013-12-11,631.0,661.0,630.0,658.0
2013-12-12,654.0,658.0,647.0,649.0
2013-12-13,646.0,653.0,630.0,632.0
2013-12-16,632.0,633.0,608.0,609.0
2013-12-17,612.0,639.0,612.0,628.0
2013-12-18,628.0,644.0,627.0,634.0
2013-12-19,638.0,650.0,636.0,641.0
2013-12-20,641.0,644.0,634.0,638.0
2013-12-24,639.0,646.0,636.0,639.0
2013-12-25,639.0,649.0,634.0,646.0
2013-12-26,656.0,683.0,652.0,680.0
2013-12-27,680.0,689.0,667.0,686.0
2013-12-30,700.0,706.0,693.0,704.0
2014-01-06,705.0,705.0,686.0,689.0
2014-01-07,689.0,700.0,689.0,695.0
2014-01-08,699.0,699.0,675.0,682.0
2014-01-09,679.0,679.0,652.0,660.0
2014-01-10,661.0,699.0,659.0,698.0
2014-01-14,693.0,693.0,674.0,675.0
2014-01-15,665.0,675.0,649.0,667.0
2014-01-16,666.0,675.0,651.0,662.0
2014-01-17,666.0,688.0,664.0,684.0
2014-01-20,681.0,681.0,654.0,660.0
2014-01-21,665.0,673.0,661.0,670.0
2014-01-22,666.0,681.0,660.0,676.0
2014-01-23,678.0,678.0,660.0,660.0
2014-01-24,646.0,651.0,634.0,636.0
2014-01-27,620.0,628.0,613.0,619.0
2014-01-28,618.0,625.0,610.0,617.0
2014-01-29,624.0,648.0,620.0,645.0
2014-01-30,621.0,622.0,607.0,613.0
2014-01-31,617.0,621.0,609.0,614.0
2014-02-03,610.0,623.0,601.0,606.0
2014-02-04,605.0,606.0,574.0,574.0
2014-02-05,570.0,579.0,560.0,568.0
2014-02-06,577.0,586.0,564.0,576.0
2014-02-07,594.0,607.0,591.0,600.0
2014-02-10,610.0,610.0,595.0,600.0
2014-02-12,600.0,625.0,599.0,617.0
2014-02-13,620.0,638.0,610.0,613.0
2014-02-14,615.0,643.0,613.0,626.0
2014-02-17,625.0,630.0,605.0,625.0
2014-02-18,629.0,642.0,622.0,638.0
2014-02-19,635.0,642.0,630.0,631.0
2014-02-20,629.0,631.0,615.0,617.0
2014-02-21,622.0,626.0,612.0,623.0
2014-02-24,622.0,639.0,615.0,623.0
2014-02-25,633.0,634.0,614.0,628.0
2014-02-26,631.0,646.0,621.0,627.0
2014-02-27,620.0,621.0,609.0,613.0
2014-02-28,610.0,613.0,589.0,599.0
2014-03-03,599.0,614.0,590.0,602.0
2014-03-04,599.0,608.0,596.0,606.0
2014-03-05,612.0,622.0,612.0,614.0
2014-03-06,611.0,621.0,606.0,620.0
2014-03-07,623.0,628.0,613.0,618.0
2014-03-10,617.0,626.0,608.0,613.0
2014-03-11,614.0,632.0,614.0,628.0
2014-03-12,618.0,620.0,605.0,607.0
2014-03-13,602.0,615.0,602.0,608.0
2014-03-14,598.0,602.0,585.0,587.0
2014-03-17,585.0,588.0,580.0,581.0
2014-03-18,599.0,603.0,595.0,596.0
2014-03-19,596.0,605.0,591.0,594.0
2014-03-20,599.0,602.0,588.0,590.0
2014-03-24,592.0,638.0,592.0,625.0
2014-03-25,635.0,661.0,623.0,642.0
2014-03-26,661.0,673.0,648.0,654.0
2014-03-27,656.0,674.0,647.0,671.0
2014-03-28,675.0,683.0,666.0,677.0
2014-03-31,684.0,685.0,656.0,683.0
2014-04-01,686.0,688.0,660.0,673.0
2014-04-02,674.0,684.0,664.0,668.0
2014-04-03,668.0,680.0,664.0,674.0
2014-04-04,674.0,689.0,672.0,676.0
2014-04-07,666.0,674.0,662.0,667.0
2014-04-08,655.0,656.0,637.0,641.0
2014-04-09,632.0,632.0,616.0,626.0
2014-04-10,632.0,645.0,625.0,634.0
2014-04-11,624.0,627.0,611.0,620.0
2014-04-14,619.0,637.0,609.0,625.0
2014-04-15,660.0,698.0,660.0,691.0
2014-04-16,682.0,684.0,660.0,676.0
2014-04-17,675.0,679.0,660.0,675.0
2014-04-18,679.0,679.0,661.0,674.0
2014-04-21,676.0,688.0,670.0,679.0
2014-04-22,686.0,689.0,672.0,675.0
2014-04-23,680.0,688.0,677.0,688.0
2014-04-24,690.0,699.0,687.0,696.0
2014-04-25,699.0,707.0,688.0,693.0
2014-04-28,687.0,693.0,668.0,687.0
2014-04-30,688.0,700.0,683.0,689.0
2014-05-01,690.0,709.0,683.0,699.0
2014-05-02,690.0,698.0,680.0,694.0
2014-05-07,678.0,680.0,654.0,659.0
2014-05-08,656.0,667.0,654.0,661.0
2014-05-09,655.0,668.0,655.0,666.0
2014-05-12,663.0,665.0,654.0,659.0
2014-05-13,668.0,678.0,657.0,663.0
2014-05-14,658.0,664.0,651.0,662.0
2014-05-15,652.0,675.0,648.0,673.0
2014-05-16,653.0,667.0,653.0,660.0
2014-05-19,654.0,657.0,647.0,650.0
2014-05-20,655.0,655.0,636.0,640.0
2014-05-21,634.0,636.0,621.0,626.0
2014-05-22,628.0,644.0,625.0,642.0
2014-05-23,644.0,653.0,641.0,649.0
2014-05-26,663.0,663.0,643.0,652.0
2014-05-27,662.0,664.0,655.0,657.0
2014-05-28,659.0,662.0,650.0,658.0
2014-05-29,655.0,663.0,654.0,661.0
2014-05-30,658.0,674.0,654.0,660.0
2014-06-02,662.0,689.0,660.0,683.0
2014-06-03,691.0,696.0,680.0,692.0
2014-06-04,685.0,685.0,670.0,676.0
2014-06-05,678.0,693.0,676.0,686.0
2014-06-06,690.0,690.0,680.0,688.0
2014-06-09,700.0,718.0,696.0,706.0
2014-06-10,691.0,700.0,680.0,685.0
2014-06-11,685.0,692.0,672.0,682.0
2014-06-12,685.0,688.0,655.0,663.0
2014-06-13,670.0,678.0,658.0,672.0
2014-06-16,670.0,675.0,655.0,659.0
2014-06-17,668.0,683.0,661.0,682.0
2014-06-18,678.0,690.0,676.0,689.0
2014-06-19,688.0,703.0,685.0,699.0
2014-06-20,690.0,702.0,690.0,701.0
2014-06-23,699.0,699.0,683.0,686.0
2014-06-24,690.0,699.0,682.0,695.0
2014-06-25,695.0,704.0,686.0,693.0
2014-06-26,702.0,702.0,686.0,693.0
2014-06-27,694.0,702.0,669.0,673.0
2014-06-30,693.0,701.0,689.0,700.0
2014-07-01,700.0,703.0,692.0,701.0
2014-07-02,703.0,705.0,697.0,699.0
2014-07-03,702.0,702.0,688.0,692.0
2014-07-04,700.0,702.0,682.0,686.0
2014-07-07,687.0,692.0,683.0,687.0
2014-07-08,687.0,695.0,680.0,686.0
2014-07-09,683.0,696.0,678.0,695.0
2014-07-10,700.0,712.0,700.0,705.0
2014-07-11,694.0,716.0,690.0,711.0
2014-07-14,714.0,720.0,706.0,709.0
2014-07-15,710.0,725.0,706.0,721.0
2014-07-16,787.0,787.0,700.0,714.0
2014-07-17,710.0,725.0,706.0,715.0
2014-07-18,701.0,707.0,692.0,696.0
2014-07-22,706.0,718.0,705.0,707.0
2014-07-23,707.0,720.0,697.0,711.0
2014-07-24,708.0,746.0,708.0,739.0
2014-07-25,744.0,748.0,725.0,734.0
2014-07-28,736.0,756.0,734.0,746.0
2014-07-29,740.0,757.0,740.0,743.0
2014-07-30,749.0,764.0,746.0,751.0
2014-07-31,759.0,766.0,752.0,762.0
2014-08-01,758.0,780.0,756.0,769.0
2014-08-04,767.0,772.0,755.0,765.0
2014-08-05,767.0,772.0,742.0,745.0
2014-08-06,741.0,742.0,735.0,738.0
2014-08-07,744.0,763.0,739.0,763.0
2014-08-08,752.0,764.0,745.0,748.0
2014-08-11,763.0,763.0,754.0,760.0
2014-08-12,763.0,763.0,753.0,762.0
2014-08-13,788.0,796.0,755.0,767.0
2014-08-14,773.0,781.0,766.0,767.0
2014-08-15,771.0,774.0,762.0,769.0
2014-08-18,770.0,775.0,759.0,768.0
2014-08-19,772.0,783.0,764.0,770.0
2014-08-20,771.0,776.0,766.0,769.0
2014-08-21,766.0,766.0,743.0,750.0
2014-08-22,754.0,758.0,718.0,724.0
2014-08-25,724.0,728.0,717.0,724.0
2014-08-26,727.0,737.0,726.0,730.0
2014-08-27,738.0,743.0,729.0,734.0
2014-08-28,724.0,728.0,706.0,715.0
2014-08-29,715.0,721.0,709.0,717.0
2014-09-01,723.0,729.0,716.0,718.0
2014-09-02,718.0,728.0,716.0,717.0
2014-09-03,726.0,735.0,722.0,725.0
2014-09-04,725.0,732.0,723.0,723.0
2014-09-05,729.0,730.0,723.0,724.0
2014-09-08,727.0,734.0,719.0,732.0
2014-09-09,741.0,753.0,732.0,735.0
2014-09-10,733.0,749.0,733.0,745.0
2014-09-11,758.0,774.0,746.0,755.0
2014-09-12,770.0,770.0,746.0,754.0
2014-09-16,755.0,759.0,749.0,751.0
2014-09-17,747.0,747.0,729.0,731.0
2014-09-18,733.0,746.0,730.0,743.0
2014-09-19,744.0,767.0,739.0,767.0
2014-09-22,765.0,768.0,752.0,754.0
2014-09-24,746.0,763.0,744.0,761.0
2014-09-25,769.0,773.0,757.0,773.0
2014-09-26,771.0,773.0,764.0,766.0
2014-09-29,772.0,777.0,764.0,775.0
2014-09-30,777.0,777.0,757.0,769.0
2014-10-01,773.0,783.0,765.0,769.0
2014-10-02,755.0,756.0,740.0,740.0
2014-10-03,739.0,748.0,733.0,739.0
2014-10-06,749.0,755.0,740.0,751.0
2014-10-07,748.0,750.0,734.0,734.0
2014-10-08,725.0,733.0,716.0,725.0
2014-10-09,730.0,738.0,712.0,719.0
2014-10-10,701.0,713.0,695.0,706.0
2014-10-14,688.0,698.0,685.0,687.0
2014-10-15,650.0,652.0,615.0,632.0
2014-10-16,625.0,628.0,606.0,618.0
2014-10-17,609.0,616.0,604.0,607.0
2014-10-20,628.0,629.0,619.0,625.0
2014-10-21,625.0,626.0,605.0,610.0
2014-10-22,610.0,629.0,605.0,620.0
2014-10-23,625.0,635.0,618.0,624.0
2014-10-24,631.0,637.0,625.0,630.0
2014-10-27,640.0,648.0,638.0,643.0
2014-10-28,643.0,657.0,637.0,652.0
2014-10-29,654.0,666.0,647.0,654.0
2014-10-30,654.0,679.0,650.0,670.0
2014-10-31,676.0,700.0,676.0,697.0
2014-11-04,702.0,717.0,696.0,706.0
2014-11-05,710.0,721.0,691.0,696.0
2014-11-06,702.0,711.0,685.0,692.0
2014-11-07,695.0,695.0,679.0,686.0
2014-11-10,677.0,687.0,673.0,680.0
2014-11-11,689.0,695.0,682.0,694.0
2014-11-12,702.0,713.0,686.0,688.0
2014-11-13,688.0,698.0,684.0,698.0
2014-11-14,711.0,714.0,695.0,700.0
2014-11-17,693.0,700.0,678.0,680.0
2014-11-18,683.0,699.0,683.0,697.0
2014-11-19,694.0,694.0,683.0,684.0
2014-11-20,694.0,694.0,679.0,684.0
2014-11-21,677.0,689.0,671.0,685.0
2014-11-25,689.0,689.0,670.0,674.0
2014-11-26,679.0,687.0,675.0,682.0
2014-11-27,686.0,691.0,676.0,679.0
2014-11-28,689.0,690.0,679.0,684.0
2014-12-01,682.0,705.0,682.0,696.0
2014-12-02,689.0,708.0,688.0,704.0
2014-12-03,704.0,713.0,693.0,702.0
2014-12-04,702.0,714.0,702.0,714.0
2014-12-05,717.0,717.0,697.0,704.0
2014-12-08,709.0,720.0,709.0,719.0
2014-12-09,713.0,725.0,707.0,718.0
2014-12-10,706.0,716.0,704.0,713.0
2014-12-11,706.0,719.0,706.0,712.0
2014-12-12,709.0,724.0,707.0,713.0
2014-12-15,703.0,714.0,697.0,702.0
2014-12-16,687.0,688.0,670.0,675.0
2014-12-17,674.0,686.0,674.0,674.0
2014-12-18,694.0,694.0,676.0,681.0
2014-12-19,694.0,699.0,680.0,685.0
2014-12-22,684.0,699.0,684.0,689.0
2014-12-24,696.0,708.0,696.0,706.0
2014-12-25,707.0,708.0,695.0,697.0
2014-12-26,703.0,726.0,702.0,723.0
2014-12-29,725.0,727.0,712.0,722.0
2014-12-30,724.0,724.0,710.0,711.0
2015-01-05,704.0,711.0,700.0,701.0
2015-01-06,692.0,701.0,686.0,688.0
2015-01-07,679.0,696.0,679.0,689.0
2015-01-08,693.0,694.0,680.0,686.0
2015-01-09,691.0,712.0,691.0,706.0
2015-01-13,697.0,709.0,684.0,701.0
2015-01-14,700.0,712.0,681.0,694.0
2015-01-15,604.0,624.0,603.0,616.0
2015-01-16,617.0,642.0,614.0,628.0
2015-01-19,633.0,644.0,629.0,638.0
2015-01-20,652.0,662.0,643.0,654.0
2015-01-21,653.0,666.0,640.0,660.0
2015-01-22,664.0,664.0,647.0,663.0
2015-01-23,667.0,681.0,660.0,681.0
2015-01-26,676.0,681.0,661.0,668.0
2015-01-27,678.0,685.0,670.0,679.0
2015-01-28,677.0,692.0,676.0,682.0
2015-01-29,680.0,684.0,663.0,664.0
2015-01-30,665.0,679.0,665.0,674.0
2015-02-02,666.0,685.0,666.0,681.0
2015-02-03,686.0,690.0,679.0,688.0
2015-02-04,700.0,720.0,695.0,719.0
2015-02-05,720.0,724.0,703.0,709.0
2015-02-06,710.0,719.0,701.0,715.0
2015-02-09,720.0,737.0,719.0,737.0
2015-02-10,738.0,743.0,727.0,736.0
2015-02-12,742.0,742.0,723.0,724.0
2015-02-13,723.0,730.0,708.0,711.0
2015-02-16,718.0,731.0,713.0,728.0
2015-02-17,725.0,735.0,721.0,725.0
2015-02-18,735.0,750.0,724.0,734.0
2015-02-19,735.0,754.0,728.0,751.0
2015-02-20,742.0,745.0,716.0,720.0
2015-02-23,733.0,752.0,725.0,745.0
2015-02-24,753.0,753.0,738.0,743.0
2015-02-25,730.0,733.0,707.0,720.0
2015-02-26,720.0,735.0,720.0,733.0
2015-02-27,735.0,770.0,735.0,767.0
2015-03-02,767.0,777.0,731.0,736.0
2015-03-03,732.0,738.0,710.0,728.0
2015-03-04,722.0,741.0,719.0,738.0
2015-03-05,746.0,748.0,726.0,728.0
2015-03-06,721.0,745.0,721.0,734.0
2015-03-09,729.0,741.0,724.0,733.0
2015-03-10,742.0,772.0,741.0,755.0
2015-03-11,775.0,798.0,765.0,782.0
2015-03-12,793.0,793.0,765.0,768.0
2015-03-13,777.0,792.0,773.0,784.0
2015-03-16,774.0,784.0,767.0,769.0
2015-03-17,779.0,795.0,769.0,789.0
2015-03-18,799.0,811.0,796.0,810.0
2015-03-19,814.0,819.0,795.0,800.0
2015-03-20,800.0,811.0,785.0,803.0
2015-03-23,802.0,819.0,788.0,793.0
2015-03-24,787.0,825.0,784.0,820.0
2015-03-25,824.0,842.0,823.0,836.0
2015-03-26,840.0,845.0,801.0,812.0
2015-03-27,811.0,823.0,798.0,805.0
2015-03-30,803.0,815.0,788.0,810.0
2015-03-31,832.0,843.0,805.0,810.0
2015-04-01,804.0,815.0,791.0,806.0
2015-04-02,810.0,822.0,804.0,820.0
2015-04-03,824.0,854.0,822.0,853.0
2015-04-06,857.0,857.0,832.0,838.0
2015-04-07,832.0,854.0,829.0,849.0
2015-04-08,854.0,863.0,841.0,845.0
2015-04-09,840.0,846.0,830.0,834.0
2015-04-10,837.0,840.0,821.0,826.0
2015-04-13,826.0,849.0,824.0,828.0
2015-04-14,817.0,868.0,800.0,866.0
2015-04-15,871.0,891.0,836.0,844.0
2015-04-16,852.0,852.0,816.0,821.0
2015-04-17,820.0,832.0,812.0,812.0
2015-04-20,809.0,824.0,807.0,808.0
2015-04-21,812.0,816.0,792.0,802.0
2015-04-22,809.0,810.0,793.0,807.0
2015-04-23,820.0,837.0,813.0,820.0
2015-04-24,825.0,834.0,818.0,828.0
2015-04-27,813.0,846.0,813.0,845.0
2015-04-28,845.0,849.0,828.0,835.0
2015-04-30,830.0,839.0,814.0,820.0
2015-05-01,817.0,837.0,817.0,835.0
2015-05-07,820.0,847.0,820.0,836.0
2015-05-08,829.0,846.0,812.0,841.0
2015-05-11,849.0,864.0,848.0,859.0
2015-05-12,854.0,857.0,840.0,854.0
2015-05-13,853.0,856.0,845.0,851.0
2015-05-14,842.0,849.0,834.0,843.0
2015-05-15,855.0,859.0,841.0,848.0
2015-05-18,859.0,879.0,854.0,878.0
2015-05-19,891.0,927.0,891.0,915.0
2015-05-20,920.0,920.0,892.0,897.0
2015-05-21,905.0,915.0,902.0,905.0
2015-05-22,897.0,905.0,892.0,902.0
2015-05-25,907.0,911.0,891.0,896.0
2015-05-26,900.0,905.0,890.0,894.0
2015-05-27,898.0,907.0,892.0,901.0
2015-05-28,907.0,908.0,890.0,891.0
2015-05-29,891.0,901.0,886.0,898.0
2015-06-01,899.0,915.0,895.0,895.0
2015-06-02,905.0,912.0,895.0,899.0
2015-06-03,898.0,914.0,898.0,905.0
2015-06-04,903.0,920.0,903.0,913.0
2015-06-05,907.0,920.0,904.0,907.0
2015-06-08,900.0,913.0,899.0,903.0
2015-06-09,895.0,905.0,891.0,891.0
2015-06-10,885.0,896.0,870.0,870.0
2015-06-11,873.0,876.0,858.0,862.0
2015-06-12,892.0,896.0,866.0,872.0
2015-06-15,864.0,889.0,863.0,882.0
2015-06-16,875.0,892.0,874.0,881.0
2015-06-17,880.0,894.0,870.0,876.0
2015-06-18,874.0,890.0,860.0,861.0
2015-06-19,871.0,881.0,859.0,859.0
2015-06-22,863.0,867.0,857.0,864.0
2015-06-23,867.0,880.0,867.0,879.0
2015-06-24,888.0,893.0,877.0,877.0
2015-06-25,875.0,877.0,860.0,860.0
2015-06-26,860.0,862.0,840.0,848.0
2015-06-29,833.0,836.0,822.0,831.0
2015-06-30,835.0,848.0,834.0,847.0
2015-07-01,849.0,858.0,840.0,852.0
2015-07-02,856.0,856.0,843.0,855.0
2015-07-03,853.0,854.0,846.0,854.0
2015-07-06,836.0,848.0,832.0,840.0
2015-07-07,885.0,885.0,844.0,851.0
2015-07-08,840.0,848.0,827.0,835.0
2015-07-09,820.0,839.0,792.0,837.0
2015-07-10,836.0,848.0,814.0,818.0
2015-07-13,818.0,829.0,813.0,822.0
2015-07-14,837.0,850.0,832.0,846.0
2015-07-15,855.0,873.0,825.0,841.0
2015-07-16,838.0,860.0,826.0,855.0
2015-07-17,870.0,898.0,851.0,860.0
2015-07-21,862.0,878.0,840.0,875.0
2015-07-22,876.0,892.0,869.0,875.0
2015-07-23,875.0,875.0,858.0,864.0
2015-07-24,857.0,864.0,847.0,852.0
2015-07-27,848.0,850.0,832.0,835.0
2015-07-28,823.0,830.0,811.0,825.0
2015-07-29,826.0,839.0,819.0,838.0
2015-07-30,835.0,858.0,834.0,856.0
2015-07-31,859.0,879.0,854.0,878.0
2015-08-03,880.0,888.0,869.0,887.0
2015-08-04,882.0,899.0,864.0,899.0
2015-08-05,900.0,906.0,887.0,894.0
2015-08-06,899.0,907.0,883.0,902.0
2015-08-07,900.0,931.0,894.0,927.0
2015-08-10,930.0,944.0,925.0,943.0
2015-08-11,950.0,963.0,939.0,950.0
2015-08-12,948.0,992.0,948.0,981.0
2015-08-13,966.0,988.0,947.0,964.0
2015-08-14,964.0,977.0,956.0,974.0
2015-08-17,980.0,995.0,975.0,980.0
2015-08-18,985.0,999.0,973.0,981.0
2015-08-19,974.0,1002.0,954.0,999.0
2015-08-20,991.0,1016.0,982.0,985.0
2015-08-21,955.0,982.0,948.0,955.0
2015-08-24,935.0,953.0,928.0,929.0
2015-08-25,899.0,973.0,887.0,929.0
2015-08-26,929.0,955.0,908.0,948.0
2015-08-27,945.0,963.0,915.0,920.0
2015-08-28,938.0,939.0,919.0,938.0
2015-08-31,938.0,946.0,920.0,938.0
2015-09-01,933.0,937.0,890.0,890.0
2015-09-02,880.0,923.0,864.0,899.0
2015-09-03,899.0,915.0,866.0,869.0
2015-09-04,880.0,880.0,854.0,864.0
2015-09-07,864.0,880.0,854.0,866.0
2015-09-08,867.0,873.0,850.0,851.0
2015-09-09,871.0,873.0,853.0,871.0
2015-09-10,851.0,867.0,850.0,864.0
2015-09-11,853.0,891.0,853.0,876.0
2015-09-14,880.0,910.0,879.0,881.0
2015-09-15,885.0,912.0,881.0,892.0
2015-09-16,901.0,907.0,871.0,882.0
2015-09-17,894.0,909.0,885.0,905.0
2015-09-18,893.0,903.0,877.0,886.0
2015-09-24,871.0,888.0,868.0,868.0
2015-09-25,868.0,887.0,866.0,887.0
2015-09-28,887.0,890.0,867.0,883.0
2015-09-29,870.0,884.0,845.0,848.0
2015-09-30,853.0,875.0,853.0,863.0
2015-10-01,870.0,879.0,859.0,864.0
2015-10-02,861.0,871.0,854.0,864.0
2015-10-05,868.0,882.0,863.0,871.0
2015-10-06,881.0,892.0,858.0,858.0
2015-10-07,867.0,883.0,864.0,871.0
2015-10-08,864.0,872.0,856.0,864.0
2015-10-09,872.0,878.0,858.0,871.0
2015-10-13,865.0,888.0,865.0,877.0
2015-10-14,862.0,864.0,835.0,840.0
2015-10-15,820.0,859.0,819.0,832.0
2015-10-16,826.0,829.0,810.0,814.0
2015-10-19,814.0,817.0,805.0,816.0
2015-10-20,821.0,825.0,807.0,812.0
2015-10-21,815.0,836.0,808.0,836.0
2015-10-22,821.0,842.0,821.0,831.0
2015-10-23,850.0,852.0,836.0,844.0
2015-10-26,858.0,872.0,851.0,858.0
2015-10-27,857.0,874.0,851.0,852.0
2015-10-28,855.0,856.0,839.0,844.0
2015-10-29,846.0,848.0,837.0,843.0
2015-10-30,839.0,861.0,839.0,852.0
2015-11-02,842.0,867.0,842.0,853.0
2015-11-04,870.0,870.0,854.0,856.0
2015-11-05,854.0,870.0,847.0,863.0
2015-11-06,868.0,890.0,861.0,886.0
2015-11-09,890.0,897.0,878.0,886.0
2015-11-10,871.0,882.0,868.0,880.0
2015-11-11,904.0,913.0,893.0,904.0
2015-11-12,900.0,909.0,892.0,901.0
2015-11-13,904.0,906.0,895.0,904.0
2015-11-16,896.0,901.0,890.0,899.0
2015-11-17,903.0,914.0,897.0,909.0
2015-11-18,909.0,909.0,897.0,898.0
2015-11-19,906.0,908.0,886.0,890.0
2015-11-20,898.0,904.0,894.0,899.0
2015-11-24,900.0,903.0,894.0,900.0
2015-11-25,896.0,896.0,882.0,888.0
2015-11-26,886.0,893.0,885.0,888.0
2015-11-27,888.0,891.0,875.0,881.0
2015-11-30,878.0,881.0,864.0,871.0
2015-12-01,869.0,886.0,866.0,880.0
2015-12-02,883.0,892.0,877.0,882.0
2015-12-03,883.0,886.0,878.0,885.0
2015-12-04,877.0,894.0,876.0,892.0
2015-12-07,897.0,913.0,893.0,912.0
2015-12-08,914.0,915.0,900.0,901.0
2015-12-09,899.0,908.0,893.0,897.0
2015-12-10,888.0,889.0,837.0,844.0
2015-12-11,831.0,841.0,830.0,837.0
2015-12-14,823.0,827.0,815.0,827.0
2015-12-15,825.0,833.0,820.0,820.0
2015-12-16,825.0,826.0,816.0,823.0
2015-12-17,837.0,848.0,830.0,837.0
2015-12-18,831.0,844.0,826.0,829.0
2015-12-21,828.0,829.0,806.0,816.0
2015-12-22,814.0,817.0,807.0,809.0
2015-12-24,815.0,823.0,810.0,811.0
2015-12-25,811.0,811.0,811.0,811.0
2015-12-28,802.0,811.0,802.0,811.0
2015-12-29,811.0,821.0,804.0,819.0
2015-12-30,823.0,832.0,821.0,829.0
2016-01-04,823.0,832.0,813.0,814.0
2016-01-05,829.0,854.0,822.0,823.0
2016-01-06,823.0,828.0,817.0,821.0
2016-01-07,821.0,829.0,810.0,812.0
2016-01-08,812.0,821.0,804.0,813.0
2016-01-12,798.0,800.0,777.0,784.0
2016-01-13,770.0,798.0,764.0,798.0
2016-01-14,777.0,801.0,777.0,790.0
2016-01-15,798.0,814.0,798.0,807.0
2016-01-18,803.0,813.0,790.0,800.0
2016-01-19,797.0,816.0,796.0,813.0
2016-01-20,807.0,824.0,800.0,804.0
2016-01-21,789.0,804.0,765.0,766.0
2016-01-22,787.0,806.0,782.0,804.0
2016-01-25,807.0,823.0,804.0,822.0
2016-01-26,814.0,819.0,798.0,809.0
2016-01-27,824.0,829.0,818.0,826.0
2016-01-28,822.0,847.0,819.0,843.0
2016-01-29,843.0,863.0,831.0,858.0
2016-02-01,870.0,881.0,859.0,878.0
2016-02-02,867.0,871.0,851.0,855.0
2016-02-03,840.0,848.0,825.0,831.0
2016-02-04,817.0,820.0,801.0,806.0
2016-02-05,794.0,804.0,788.0,794.0
2016-02-08,780.0,812.0,780.0,802.0
2016-02-09,780.0,786.0,758.0,765.0
2016-02-10,764.0,768.0,720.0,733.0
2016-02-12,718.0,728.0,694.0,696.0
2016-02-15,719.0,758.0,711.0,748.0
2016-02-16,740.0,755.0,737.0,737.0
2016-02-17,738.0,746.0,722.0,725.0
2016-02-18,740.0,745.0,723.0,725.0
2016-02-19,726.0,734.0,715.0,719.0
2016-02-22,719.0,732.0,715.0,729.0
2016-02-23,732.0,737.0,717.0,721.0
2016-02-24,714.0,723.0,704.0,717.0
2016-02-25,710.0,720.0,702.0,714.0
2016-02-26,720.0,728.0,718.0,720.0
2016-02-29,726.0,745.0,725.0,725.0
2016-03-01,723.0,724.0,709.0,716.0
2016-03-02,726.0,740.0,719.0,727.0
2016-03-03,725.0,741.0,720.0,736.0
2016-03-04,739.0,748.0,731.0,747.0
2016-03-07,748.0,749.0,739.0,742.0
2016-03-08,742.0,746.0,726.0,739.0
2016-03-09,731.0,735.0,719.0,726.0
2016-03-10,735.0,748.0,730.0,745.0
2016-03-11,730.0,745.0,730.0,740.0
2016-03-14,746.0,764.0,744.0,756.0
2016-03-15,755.0,763.0,743.0,748.0
2016-03-16,746.0,754.0,743.0,747.0
2016-03-17,755.0,759.0,747.0,752.0
2016-03-18,742.0,755.0,739.0,744.0
2016-03-22,749.0,755.0,742.0,751.0
2016-03-23,749.0,754.0,744.0,747.0
2016-03-24,747.0,762.0,744.0,756.0
2016-03-25,754.0,767.0,751.0,764.0
2016-03-28,774.0,778.0,762.0,771.0
2016-03-29,768.0,782.0,768.0,781.0
2016-03-30,780.0,787.0,765.0,768.0
2016-03-31,769.0,779.0,750.0,750.0
2016-04-01,744.0,754.0,718.0,722.0
2016-04-04,722.0,727.0,711.0,717.0
2016-04-05,710.0,713.0,694.0,695.0
2016-04-06,690.0,699.0,687.0,692.0
2016-04-07,685.0,691.0,680.0,687.0
2016-04-08,677.0,686.0,660.0,676.0
2016-04-11,675.0,680.0,665.0,669.0
2016-04-12,671.0,684.0,668.0,678.0
2016-04-13,688.0,699.0,680.0,689.0
2016-04-14,721.0,737.0,714.0,734.0
2016-04-15,731.0,741.0,723.0,737.0
2016-04-18,714.0,725.0,703.0,707.0
2016-04-19,722.0,726.0,717.0,725.0
2016-04-20,732.0,735.0,719.0,721.0
2016-04-21,731.0,731.0,718.0,721.0
2016-04-22,713.0,722.0,707.0,721.0
2016-04-25,723.0,723.0,712.0,719.0
2016-04-26,713.0,725.0,705.0,717.0
2016-04-27,721.0,724.0,712.0,716.0
2016-04-28,721.0,733.0,701.0,704.0
2016-05-02,674.0,682.0,671.0,674.0
2016-05-06,676.0,684.0,674.0,680.0
2016-05-09,680.0,685.0,674.0,676.0
2016-05-10,679.0,695.0,677.0,694.0
2016-05-11,701.0,703.0,693.0,701.0
2016-05-12,692.0,696.0,683.0,694.0
2016-05-13,694.0,699.0,690.0,695.0
2016-05-16,695.0,699.0,682.0,687.0
2016-05-17,690.0,690.0,661.0,677.0
2016-05-18,671.0,677.0,664.0,668.0
2016-05-19,666.0,667.0,637.0,654.0
2016-05-20,654.0,671.0,650.0,670.0
2016-05-23,666.0,678.0,657.0,675.0
2016-05-24,671.0,671.0,658.0,663.0
2016-05-25,678.0,678.0,666.0,666.0
2016-05-26,676.0,684.0,668.0,679.0
2016-05-27,677.0,677.0,652.0,663.0
2016-05-30,653.0,653.0,630.0,632.0
2016-05-31,625.0,643.0,625.0,643.0
2016-06-01,634.0,641.0,631.0,634.0
2016-06-02,628.0,630.0,616.0,625.0
2016-06-03,623.0,640.0,621.0,640.0
2016-06-06,627.0,631.0,616.0,624.0
2016-06-07,623.0,625.0,610.0,622.0
2016-06-08,620.0,624.0,612.0,623.0
2016-06-09,615.0,615.0,605.0,612.0
2016-06-10,604.0,606.0,598.0,605.0
2016-06-13,597.0,600.0,580.0,580.0
2016-06-14,580.0,586.0,570.0,576.0
2016-06-15,566.0,588.0,565.0,581.0
2016-06-16,579.0,583.0,568.0,574.0
2016-06-17,573.0,585.0,567.0,578.0
2016-06-20,584.0,594.0,581.0,588.0
2016-06-21,584.0,594.0,578.0,591.0
2016-06-22,585.0,590.0,574.0,584.0
2016-06-23,579.0,586.0,574.0,584.0
2016-06-24,585.0,591.0,534.0,541.0
2016-06-27,545.0,555.0,541.0,550.0
2016-06-28,535.0,558.0,531.0,548.0
2016-06-29,555.0,566.0,551.0,561.0
2016-06-30,570.0,572.0,556.0,556.0
2016-07-01,554.0,559.0,550.0,554.0
2016-07-04,550.0,564.0,547.0,560.0
2016-07-05,555.0,559.0,548.0,553.0
2016-07-06,541.0,545.0,534.0,541.0
2016-07-07,537.0,550.0,536.0,540.0
2016-07-08,548.0,548.0,526.0,529.0
2016-07-11,529.0,529.0,529.0,529.0
2016-07-12,560.0,571.0,553.0,558.0
2016-07-13,576.0,580.0,562.0,575.0
2016-07-14,615.0,664.0,615.0,647.0
2016-07-15,648.0,654.0,625.0,629.0
2016-07-19,639.0,653.0,635.0,645.0
2016-07-20,642.0,642.0,628.0,640.0
2016-07-21,647.0,653.0,637.0,642.0
2016-07-22,636.0,647.0,629.0,632.0
2016-07-25,633.0,639.0,628.0,636.0
2016-07-26,626.0,627.0,612.0,616.0
2016-07-27,624.0,629.0,616.0,628.0
2016-07-28,623.0,631.0,615.0,623.0
2016-07-29,598.0,607.0,580.0,596.0
2016-08-01,581.0,586.0,574.0,583.0
2016-08-02,573.0,579.0,569.0,572.0
2016-08-03,560.0,566.0,558.0,558.0
2016-08-04,559.0,565.0,557.0,565.0
2016-08-05,559.0,561.0,553.0,553.0
2016-08-08,559.0,573.0,558.0,571.0
2016-08-09,569.0,597.0,569.0,587.0
2016-08-10,582.0,585.0,571.0,584.0
2016-08-12,593.0,601.0,589.0,596.0
2016-08-15,592.0,596.0,587.0,587.0
2016-08-16,586.0,592.0,576.0,576.0
2016-08-17,568.0,580.0,562.0,579.0
2016-08-18,574.0,592.0,573.0,580.0
2016-08-19,582.0,587.0,575.0,584.0
2016-08-22,584.0,584.0,571.0,574.0
2016-08-23,574.0,575.0,562.0,563.0
2016-08-24,569.0,576.0,564.0,574.0
2016-08-25,574.0,585.0,570.0,578.0
2016-08-26,576.0,580.0,571.0,572.0
2016-08-29,574.0,581.0,571.0,579.0
2016-08-30,579.0,580.0,566.0,571.0
2016-08-31,573.0,573.0,563.0,571.0
2016-09-01,579.0,585.0,573.0,582.0
2016-09-02,582.0,592.0,582.0,589.0
2016-09-05,597.0,600.0,587.0,587.0
2016-09-06,588.0,591.0,583.0,590.0
2016-09-07,582.0,593.0,580.0,591.0
2016-09-08,592.0,595.0,585.0,592.0
2016-09-09,591.0,604.0,584.0,602.0
2016-09-12,593.0,597.0,580.0,583.0
2016-09-13,586.0,586.0,577.0,582.0
2016-09-14,576.0,578.0,569.0,574.0
2016-09-15,569.0,569.0,556.0,559.0
2016-09-16,555.0,567.0,551.0,563.0
2016-09-20,559.0,567.0,558.0,563.0
2016-09-21,557.0,585.0,554.0,583.0
2016-09-23,586.0,587.0,577.0,585.0
2016-09-26,587.0,596.0,585.0,590.0
2016-09-27,583.0,589.0,569.0,588.0
2016-09-28,592.0,593.0,577.0,583.0
2016-09-29,588.0,591.0,579.0,588.0
2016-09-30,578.0,591.0,573.0,585.0
2016-10-03,594.0,599.0,588.0,597.0
2016-10-04,597.0,606.0,597.0,604.0
2016-10-05,607.0,609.0,601.0,603.0
2016-10-06,601.0,608.0,598.0,602.0
2016-10-07,597.0,598.0,587.0,594.0
2016-10-11,592.0,593.0,583.0,591.0
2016-10-12,578.0,586.0,574.0,579.0
2016-10-13,584.0,587.0,575.0,581.0
2016-10-14,571.0,575.0,563.0,571.0
2016-10-17,619.0,626.0,601.0,611.0
2016-10-18,615.0,616.0,589.0,601.0
2016-10-19,595.0,603.0,593.0,602.0
2016-10-20,599.0,607.0,599.0,606.0
2016-10-21,602.0,610.0,601.0,607.0
2016-10-24,598.0,601.0,590.0,595.0
2016-10-25,597.0,601.0,593.0,598.0
2016-10-26,596.0,598.0,591.0,598.0
2016-10-27,600.0,608.0,595.0,598.0
2016-10-28,596.0,598.0,589.0,597.0
2016-10-31,592.0,595.0,587.0,591.0
2016-11-01,586.0,594.0,577.0,590.0
2016-11-02,585.0,585.0,577.0,584.0
2016-11-04,573.0,577.0,568.0,574.0
2016-11-07,580.0,586.0,576.0,577.0
2016-11-08,580.0,583.0,574.0,575.0
2016-11-09,579.0,593.0,550.0,560.0
2016-11-10,599.0,605.0,587.0,602.0
2016-11-11,612.0,617.0,600.0,605.0
2016-11-14,615.0,616.0,607.0,614.0
2016-11-15,607.0,618.0,604.0,616.0
2016-11-16,620.0,625.0,618.0,624.0
2016-11-17,624.0,633.0,623.0,628.0
2016-11-18,638.0,638.0,631.0,634.0
2016-11-21,636.0,641.0,632.0,634.0
2016-11-22,636.0,646.0,636.0,643.0
2016-11-24,653.0,658.0,646.0,651.0
2016-11-25,657.0,659.0,651.0,657.0
2016-11-28,657.0,661.0,653.0,657.0
2016-11-29,655.0,655.0,647.0,649.0
2016-11-30,652.0,659.0,651.0,657.0
2016-12-01,666.0,677.0,665.0,670.0
2016-12-02,667.0,669.0,663.0,668.0
2016-12-05,669.0,670.0,652.0,655.0
2016-12-06,664.0,669.0,657.0,662.0
2016-12-07,667.0,671.0,664.0,671.0
2016-12-08,688.0,707.0,686.0,705.0
2016-12-09,705.0,725.0,705.0,721.0
2016-12-12,730.0,732.0,707.0,716.0
2016-12-13,726.0,729.0,713.0,724.0
2016-12-14,726.0,727.0,715.0,721.0
2016-12-15,726.0,729.0,717.0,721.0
2016-12-16,726.0,734.0,708.0,708.0
2016-12-19,708.0,714.0,702.0,712.0
2016-12-20,714.0,722.0,713.0,721.0
2016-12-21,726.0,726.0,710.0,712.0
2016-12-22,712.0,716.0,708.0,713.0
2016-12-26,716.0,719.0,709.0,709.0
2016-12-27,710.0,714.0,705.0,707.0
2016-12-28,711.0,711.0,705.0,709.0
2016-12-29,709.0,711.0,697.0,701.0
2016-12-30,698.0,703.0,695.0,701.0
2017-01-04,705.0,722.0,704.0,722.0
2017-01-05,722.0,723.0,718.0,719.0
2017-01-06,719.0,725.0,715.0,720.0
2017-01-10,721.0,734.0,716.0,730.0
2017-01-11,733.0,733.0,719.0,727.0
2017-01-12,731.0,732.0,711.0,720.0
2017-01-13,720.0,746.0,715.0,746.0
2017-01-16,806.0,825.0,786.0,800.0
2017-01-17,800.0,814.0,795.0,795.0
2017-01-18,800.0,809.0,793.0,809.0
2017-01-19,812.0,823.0,811.0,822.0
2017-01-20,810.0,816.0,805.0,812.0
2017-01-23,818.0,818.0,801.0,802.0
2017-01-24,804.0,815.0,801.0,801.0
2017-01-25,816.0,822.0,805.0,809.0
2017-01-26,819.0,823.0,813.0,823.0
2017-01-27,828.0,830.0,823.0,825.0
2017-01-30,822.0,822.0,814.0,816.0
2017-01-31,810.0,821.0,807.0,808.0
2017-02-01,808.0,827.0,802.0,822.0
2017-02-02,822.0,828.0,806.0,817.0
2017-02-03,819.0,866.0,817.0,826.0
2017-02-06,830.0,839.0,830.0,837.0
2017-02-07,828.0,830.0,814.0,816.0
2017-02-08,809.0,824.0,803.0,813.0
2017-02-09,805.0,809.0,800.0,806.0
2017-02-10,815.0,840.0,814.0,834.0
2017-02-13,834.0,843.0,830.0,838.0
2017-02-14,844.0,851.0,826.0,829.0
2017-02-15,842.0,853.0,839.0,848.0
2017-02-16,846.0,848.0,830.0,836.0
2017-02-17,830.0,834.0,823.0,825.0
2017-02-20,826.0,833.0,819.0,826.0
2017-02-21,826.0,834.0,823.0,833.0
2017-02-22,830.0,830.0,816.0,819.0
2017-02-23,822.0,822.0,809.0,816.0
2017-02-24,795.0,800.0,777.0,784.0
2017-02-27,783.0,783.0,767.0,775.0
2017-02-28,782.0,790.0,776.0,781.0
2017-03-01,782.0,795.0,780.0,794.0
2017-03-02,797.0,803.0,791.0,794.0
2017-03-03,791.0,797.0,787.0,792.0
2017-03-06,787.0,793.0,785.0,788.0
2017-03-07,788.0,797.0,784.0,793.0
2017-03-08,793.0,794.0,787.0,792.0
2017-03-09,798.0,803.0,797.0,800.0
2017-03-10,812.0,816.0,806.0,809.0
2017-03-13,807.0,808.0,799.0,800.0
2017-03-14,805.0,807.0,795.0,797.0
2017-03-15,791.0,793.0,783.0,791.0
2017-03-16,780.0,802.0,776.0,800.0
2017-03-17,796.0,803.0,790.0,803.0
2017-03-21,802.0,804.0,797.0,797.0
2017-03-22,782.0,788.0,773.0,774.0
2017-03-23,773.0,779.0,766.0,775.0
2017-03-24,772.0,780.0,768.0,778.0
2017-03-27,767.0,772.0,763.0,766.0
2017-03-28,776.0,793.0,774.0,793.0
2017-03-29,805.0,806.0,794.0,804.0
2017-03-30,802.0,802.0,786.0,790.0
2017-03-31,798.0,816.0,797.0,801.0
2017-04-03,808.0,812.0,796.0,808.0
2017-04-04,803.0,806.0,794.0,802.0
2017-04-05,795.0,802.0,791.0,800.0
2017-04-06,796.0,800.0,778.0,782.0
2017-04-07,786.0,794.0,784.0,787.0
2017-04-10,795.0,802.0,791.0,793.0
2017-04-11,789.0,792.0,786.0,787.0
2017-04-12,776.0,780.0,771.0,780.0
2017-04-13,773.0,792.0,765.0,790.0
2017-04-14,730.0,734.0,707.0,715.0
2017-04-17,701.0,701.0,692.0,696.0
2017-04-18,701.0,705.0,697.0,703.0
2017-04-19,700.0,708.0,698.0,706.0
2017-04-20,706.0,710.0,703.0,704.0
2017-04-21,704.0,709.0,702.0,705.0
2017-04-24,720.0,731.0,720.0,726.0
2017-04-25,728.0,736.0,726.0,734.0
2017-04-26,741.0,747.0,738.0,745.0
2017-04-27,749.0,757.0,746.0,751.0
2017-04-28,752.0,753.0,743.0,744.0
2017-05-01,744.0,744.0,735.0,742.0
2017-05-02,746.0,756.0,745.0,753.0
2017-05-08,760.0,773.0,759.0,773.0
2017-05-09,767.0,772.0,763.0,767.0
2017-05-10,771.0,781.0,770.0,780.0
2017-05-11,782.0,783.0,772.0,775.0
2017-05-12,773.0,780.0,771.0,778.0
2017-05-15,772.0,777.0,771.0,776.0
2017-05-16,778.0,784.0,774.0,777.0
2017-05-17,770.0,777.0,769.0,773.0
2017-05-18,762.0,769.0,760.0,766.0
2017-05-19,771.0,778.0,765.0,776.0
2017-05-22,777.0,781.0,771.0,778.0
2017-05-23,777.0,781.0,774.0,775.0
2017-05-24,783.0,791.0,778.0,779.0
2017-05-25,751.0,758.0,729.0,730.0
2017-05-26,732.0,734.0,721.0,721.0
2017-05-29,717.0,720.0,712.0,716.0
2017-05-30,718.0,740.0,718.0,737.0
2017-05-31,734.0,735.0,728.0,730.0
2017-06-01,737.0,747.0,735.0,746.0
2017-06-02,750.0,764.0,747.0,763.0
2017-06-05,761.0,769.0,753.0,765.0
2017-06-06,766.0,771.0,763.0,764.0
2017-06-07,763.0,765.0,755.0,764.0
2017-06-08,765.0,768.0,759.0,763.0
2017-06-09,766.0,774.0,764.0,766.0
2017-06-12,767.0,781.0,767.0,779.0
2017-06-13,779.0,785.0,775.0,775.0
2017-06-14,778.0,784.0,775.0,779.0
2017-06-15,777.0,780.0,770.0,776.0
2017-06-16,776.0,785.0,775.0,780.0
2017-06-19,781.0,785.0,774.0,783.0
2017-06-20,788.0,817.0,787.0,812.0
2017-06-21,801.0,818.0,801.0,809.0
2017-06-22,807.0,813.0,805.0,806.0
2017-06-23,810.0,822.0,810.0,818.0
2017-06-26,818.0,827.0,816.0,820.0
2017-06-27,822.0,827.0,822.0,825.0
2017-06-28,821.0,826.0,817.0,818.0
2017-06-29,825.0,825.0,816.0,819.0
2017-06-30,819.0,819.0,804.0,808.0
2017-07-03,809.0,820.0,807.0,818.0
2017-07-04,810.0,812.0,797.0,797.0
2017-07-05,795.0,800.0,793.0,799.0
2017-07-06,792.0,801.0,792.0,799.0
2017-07-07,797.0,800.0,787.0,787.0
2017-07-10,798.0,798.0,791.0,795.0
2017-07-11,810.0,817.0,797.0,816.0
2017-07-12,818.0,830.0,815.0,815.0
2017-07-13,815.0,815.0,768.0,772.0
2017-07-14,772.0,779.0,772.0,772.0
2017-07-17,772.0,772.0,772.0,772.0
2017-07-18,770.0,771.0,761.0,769.0
2017-07-19,765.0,779.0,763.0,778.0
2017-07-20,778.0,785.0,775.0,782.0
2017-07-21,780.0,784.0,776.0,782.0
2017-07-24,778.0,795.0,777.0,795.0
2017-07-25,790.0,791.0,779.0,781.0
2017-07-26,786.0,791.0,785.0,787.0
2017-07-27,787.0,792.0,784.0,785.0
2017-07-28,780.0,790.0,780.0,790.0
2017-07-31,790.0,810.0,787.0,797.0
2017-08-01,797.0,806.0,794.0,801.0
2017-08-02,801.0,810.0,796.0,808.0
2017-08-03,806.0,814.0,804.0,813.0
2017-08-04,812.0,828.0,808.0,827.0
2017-08-07,832.0,838.0,828.0,830.0
2017-08-08,829.0,830.0,820.0,824.0
2017-08-09,815.0,819.0,794.0,799.0
2017-08-10,800.0,820.0,800.0,815.0
2017-08-11,815.0,815.0,815.0,815.0
2017-08-14,807.0,807.0,794.0,794.0
2017-08-15,794.0,805.0,788.0,797.0
2017-08-16,797.0,799.0,792.0,793.0
2017-08-17,793.0,798.0,792.0,796.0
2017-08-18,785.0,794.0,781.0,786.0
2017-08-21,784.0,786.0,779.0,785.0
2017-08-22,783.0,796.0,778.0,787.0
2017-08-23,794.0,800.0,793.0,799.0
2017-08-24,799.0,810.0,796.0,796.0
2017-08-25,797.0,800.0,786.0,787.0
2017-08-28,790.0,790.0,778.0,786.0
2017-08-29,775.0,795.0,775.0,792.0
2017-08-30,794.0,802.0,787.0,801.0
2017-08-31,799.0,802.0,793.0,798.0
2017-09-01,806.0,820.0,804.0,819.0
2017-09-04,817.0,824.0,798.0,799.0
2017-09-05,799.0,801.0,790.0,793.0
2017-09-06,784.0,801.0,783.0,799.0
2017-09-07,801.0,819.0,799.0,818.0
2017-09-08,818.0,832.0,812.0,813.0
2017-09-11,823.0,836.0,823.0,835.0
2017-09-12,840.0,848.0,831.0,844.0
2017-09-13,844.0,844.0,834.0,839.0
2017-09-14,833.0,833.0,819.0,825.0
2017-09-15,818.0,820.0,813.0,815.0
2017-09-18,815.0,815.0,815.0,815.0
2017-09-19,825.0,828.0,815.0,826.0
2017-09-20,826.0,832.0,822.0,824.0
2017-09-21,825.0,840.0,825.0,834.0
2017-09-22,836.0,844.0,832.0,833.0
2017-09-25,840.0,844.0,835.0,839.0
2017-09-26,839.0,878.0,838.0,870.0
2017-09-27,864.0,871.0,856.0,866.0
2017-09-28,873.0,894.0,870.0,891.0
2017-09-29,899.0,909.0,882.0,894.0
2017-10-02,898.0,904.0,892.0,896.0
2017-10-03,898.0,903.0,893.0,900.0
2017-10-04,900.0,903.0,891.0,895.0
2017-10-05,895.0,896.0,880.0,880.0
2017-10-06,891.0,892.0,862.0,865.0
2017-10-09,865.0,865.0,865.0,865.0
2017-10-10,862.0,896.0,861.0,888.0
2017-10-11,889.0,930.0,876.0,915.0
2017-10-12,925.0,961.0,902.0,956.0
2017-10-13,956.0,982.0,952.0,956.0
2017-10-16,956.0,986.0,955.0,960.0
2017-10-17,960.0,966.0,956.0,965.0
2017-10-18,970.0,994.0,969.0,973.0
2017-10-19,980.0,990.0,972.0,989.0
2017-10-20,990.0,1001.0,976.0,978.0
2017-10-23,987.0,1008.0,985.0,989.0
2017-10-24,983.0,995.0,978.0,984.0
2017-10-25,980.0,980.0,951.0,953.0
2017-10-26,950.0,963.0,943.0,952.0
2017-10-27,956.0,959.0,945.0,953.0
2017-10-30,949.0,956.0,939.0,947.0
2017-10-31,939.0,953.0,936.0,946.0
2017-11-01,946.0,951.0,925.0,934.0
2017-11-02,931.0,939.0,928.0,934.0
2017-11-03,934.0,934.0,934.0,934.0
2017-11-06,925.0,937.0,921.0,927.0
2017-11-07,917.0,943.0,915.0,930.0
2017-11-08,925.0,933.0,916.0,928.0
2017-11-09,927.0,936.0,915.0,925.0
2017-11-10,917.0,931.0,917.0,921.0
2017-11-13,917.0,917.0,905.0,907.0
2017-11-14,892.0,910.0,888.0,895.0
2017-11-15,892.0,896.0,863.0,863.0
2017-11-16,852.0,876.0,850.0,863.0
2017-11-17,873.0,880.0,863.0,865.0
2017-11-20,856.0,864.0,856.0,859.0
2017-11-21,859.0,865.0,854.0,862.0
2017-11-22,862.0,864.0,856.0,858.0
2017-11-23,858.0,858.0,858.0,858.0
2017-11-24,854.0,860.0,846.0,859.0
2017-11-27,864.0,864.0,843.0,845.0
2017-11-28,856.0,861.0,847.0,851.0
2017-11-29,856.0,860.0,853.0,856.0
2017-11-30,852.0,856.0,845.0,852.0
2017-12-01,850.0,858.0,846.0,854.0
2017-12-04,854.0,861.0,849.0,849.0
2017-12-05,840.0,853.0,838.0,851.0
2017-12-06,848.0,853.0,844.0,846.0
2017-12-07,846.0,862.0,845.0,859.0
2017-12-08,844.0,859.0,844.0,851.0
2017-12-11,850.0,856.0,847.0,853.0
2017-12-12,860.0,863.0,852.0,853.0
2017-12-13,855.0,855.0,838.0,840.0
2017-12-14,825.0,841.0,825.0,833.0
2017-12-15,835.0,841.0,831.0,836.0
2017-12-18,840.0,843.0,835.0,841.0
2017-12-19,845.0,845.0,827.0,829.0
2017-12-20,826.0,840.0,822.0,834.0
2017-12-21,830.0,836.0,826.0,832.0
2017-12-22,830.0,830.0,825.0,825.0
2017-12-25,825.0,831.0,825.0,829.0
2017-12-26,828.0,834.0,822.0,823.0
2017-12-27,825.0,829.0,824.0,827.0
2017-12-28,829.0,834.0,826.0,826.0
2017-12-29,829.0,837.0,827.0,830.0
2018-01-01,830.0,830.0,830.0,830.0
2018-01-02,830.0,830.0,830.0,830.0
2018-01-03,830.0,830.0,830.0,830.0
2018-01-04,842.0,845.0,836.0,843.0
2018-01-05,840.0,843.0,836.0,840.0
2018-01-08,840.0,840.0,840.0,840.0
2018-01-09,851.0,853.0,839.0,842.0
2018-01-10,843.0,849.0,826.0,828.0
2018-01-11,825.0,835.0,807.0,833.0
2018-01-12,825.0,837.0,813.0,815.0
2018-01-15,800.0,806.0,795.0,800.0
2018-01-16,798.0,798.0,785.0,792.0
2018-01-17,793.0,795.0,785.0,789.0
2018-01-18,789.0,795.0,773.0,774.0
2018-01-19,777.0,778.0,766.0,766.0
2018-01-22,766.0,767.0,746.0,749.0
2018-01-23,759.0,766.0,751.0,764.0
2018-01-24,771.0,778.0,769.0,777.0
2018-01-25,775.0,777.0,771.0,776.0
2018-01-26,781.0,788.0,778.0,780.0
2018-01-29,789.0,790.0,776.0,787.0
2018-01-30,786.0,789.0,775.0,777.0
2018-01-31,777.0,784.0,771.0,772.0
2018-02-01,781.0,798.0,778.0,798.0
2018-02-02,798.0,804.0,792.0,802.0
2018-02-05,788.0,794.0,782.0,790.0
2018-02-06,775.0,778.0,742.0,753.0
2018-02-07,770.0,779.0,750.0,750.0
2018-02-08,754.0,766.0,752.0,761.0
2018-02-09,740.0,743.0,732.0,743.0
2018-02-12,743.0,743.0,743.0,743.0
2018-02-13,756.0,756.0,738.0,740.0
2018-02-14,741.0,745.0,723.0,726.0
2018-02-15,725.0,732.0,722.0,723.0
2018-02-16,723.0,741.0,723.0,734.0
2018-02-19,739.0,750.0,737.0,748.0
2018-02-20,755.0,762.0,751.0,758.0
2018-02-21,758.0,758.0,747.0,752.0
2018-02-22,747.0,760.0,747.0,756.0
2018-02-23,764.0,771.0,755.0,766.0
2018-02-26,753.0,774.0,749.0,768.0
2018-02-27,753.0,769.0,745.0,766.0
2018-02-28,758.0,784.0,758.0,772.0
2018-03-01,786.0,796.0,779.0,793.0
2018-03-02,781.0,783.0,758.0,761.0
2018-03-05,762.0,784.0,762.0,780.0
2018-03-06,789.0,793.0,768.0,770.0
2018-03-07,772.0,788.0,770.0,778.0
2018-03-08,785.0,788.0,766.0,769.0
2018-03-09,776.0,777.0,755.0,757.0
2018-03-12,761.0,764.0,756.0,763.0
2018-03-13,761.0,769.0,758.0,768.0
2018-03-14,764.0,769.0,760.0,764.0
2018-03-15,761.0,770.0,757.0,766.0
2018-03-16,767.0,768.0,761.0,763.0
2018-03-19,757.0,757.0,745.0,753.0
2018-03-20,741.0,756.0,740.0,756.0
2018-03-21,756.0,756.0,756.0,756.0
2018-03-22,754.0,755.0,745.0,752.0
2018-03-23,737.0,742.0,728.0,730.0
2018-03-26,724.0,735.0,720.0,735.0
2018-03-27,733.0,765.0,731.0,764.0
2018-03-28,758.0,772.0,755.0,766.0
2018-03-29,774.0,775.0,761.0,770.0
2018-03-30,773.0,773.0,763.0,769.0
2018-04-02,772.0,775.0,760.0,761.0
2018-04-03,756.0,769.0,754.0,764.0
2018-04-04,768.0,796.0,764.0,794.0
2018-04-05,800.0,809.0,791.0,802.0
2018-04-06,800.0,816.0,798.0,811.0
2018-04-09,811.0,811.0,796.0,802.0
2018-04-10,802.0,818.0,802.0,808.0
2018-04-11,806.0,807.0,787.0,788.0
2018-04-12,786.0,794.0,782.0,784.0
2018-04-13,792.0,809.0,780.0,799.0
2018-04-16,821.0,879.0,820.0,874.0
2018-04-17,871.0,884.0,852.0,868.0
2018-04-18,875.0,907.0,874.0,894.0
2018-04-19,900.0,913.0,880.0,886.0
2018-04-20,877.0,877.0,864.0,869.0
2018-04-23,869.0,883.0,868.0,869.0
2018-04-24,875.0,878.0,862.0,865.0
2018-04-25,865.0,875.0,860.0,870.0
2018-04-26,876.0,882.0,868.0,877.0
2018-04-27,879.0,885.0,869.0,875.0
2018-04-30,875.0,875.0,875.0,875.0
2018-05-01,867.0,869.0,854.0,860.0
2018-05-02,857.0,857.0,833.0,846.0
2018-05-03,846.0,846.0,846.0,846.0
2018-05-04,846.0,846.0,846.0,846.0
2018-05-07,847.0,855.0,842.0,851.0
2018-05-08,835.0,859.0,832.0,851.0
2018-05-09,853.0,856.0,837.0,839.0
2018-05-10,841.0,853.0,841.0,851.0
2018-05-11,848.0,853.0,843.0,851.0
2018-05-14,852.0,856.0,846.0,849.0
2018-05-15,848.0,855.0,846.0,853.0
2018-05-16,853.0,859.0,843.0,845.0
2018-05-17,849.0,849.0,839.0,847.0
2018-05-18,847.0,847.0,833.0,837.0
2018-05-21,837.0,840.0,832.0,835.0
2018-05-22,835.0,836.0,822.0,824.0
2018-05-23,826.0,833.0,822.0,831.0
2018-05-24,835.0,840.0,825.0,829.0
2018-05-25,823.0,824.0,802.0,805.0
2018-05-28,810.0,810.0,787.0,789.0
2018-05-29,788.0,795.0,780.0,782.0
2018-05-30,770.0,772.0,755.0,757.0
2018-05-31,766.0,768.0,753.0,762.0
2018-06-01,762.0,797.0,762.0,793.0
2018-06-04,799.0,801.0,790.0,794.0
2018-06-05,795.0,804.0,789.0,800.0
2018-06-06,797.0,804.0,793.0,799.0
2018-06-07,799.0,807.0,796.0,805.0
2018-06-08,807.0,816.0,807.0,811.0
2018-06-11,805.0,821.0,805.0,816.0
2018-06-12,830.0,835.0,824.0,829.0
2018-06-13,822.0,826.0,817.0,819.0
2018-06-14,813.0,820.0,808.0,813.0
2018-06-15,827.0,831.0,817.0,818.0
2018-06-18,818.0,820.0,799.0,799.0
2018-06-19,800.0,805.0,785.0,785.0
2018-06-20,786.0,799.0,773.0,784.0
2018-06-21,794.0,821.0,789.0,794.0
2018-06-22,788.0,791.0,767.0,774.0
2018-06-25,770.0,788.0,765.0,784.0
2018-06-26,785.0,792.0,779.0,792.0
2018-06-27,792.0,795.0,774.0,783.0
2018-06-28,779.0,787.0,767.0,776.0
2018-06-29,777.0,786.0,769.0,783.0
2018-07-02,783.0,795.0,762.0,765.0
2018-07-03,765.0,769.0,741.0,748.0
2018-07-04,750.0,801.0,750.0,796.0
2018-07-05,796.0,796.0,749.0,755.0
2018-07-06,764.0,764.0,729.0,736.0
2018-07-09,777.0,806.0,763.0,784.0
2018-07-10,794.0,838.0,793.0,800.0
2018-07-11,800.0,803.0,778.0,799.0
2018-07-12,796.0,796.0,765.0,780.0
2018-07-13,783.0,796.0,782.0,791.0
2018-07-16,791.0,791.0,791.0,791.0
2018-07-17,786.0,810.0,786.0,803.0
2018-07-18,809.0,811.0,799.0,806.0
2018-07-19,806.0,808.0,799.0,802.0
2018-07-20,798.0,806.0,795.0,801.0
2018-07-23,796.0,806.0,782.0,786.0
2018-07-24,788.0,790.0,763.0,763.0
2018-07-25,772.0,782.0,767.0,768.0
2018-07-26,778.0,790.0,775.0,778.0
2018-07-27,781.0,801.0,777.0,794.0
2018-07-30,790.0,800.0,783.0,787.0
2018-07-31,785.0,804.0,773.0,797.0
2018-08-01,802.0,804.0,776.0,782.0
2018-08-02,782.0,790.0,769.0,773.0
2018-08-03,773.0,775.0,764.0,767.0
2018-08-06,765.0,770.0,755.0,757.0
2018-08-07,751.0,755.0,746.0,754.0
2018-08-08,755.0,767.0,755.0,760.0
2018-08-09,757.0,764.0,754.0,757.0
2018-08-10,754.0,758.0,747.0,753.0
2018-08-13,746.0,751.0,734.0,738.0
2018-08-14,738.0,756.0,731.0,755.0
2018-08-15,753.0,758.0,741.0,742.0
2018-08-16,732.0,737.0,725.0,732.0
2018-08-17,733.0,748.0,731.0,746.0
2018-08-20,743.0,751.0,743.0,748.0
2018-08-21,742.0,748.0,740.0,745.0
2018-08-22,743.0,748.0,739.0,745.0
2018-08-23,743.0,745.0,737.0,740.0
2018-08-24,740.0,752.0,740.0,750.0
2018-08-27,749.0,758.0,745.0,754.0
2018-08-28,757.0,765.0,750.0,752.0
2018-08-29,739.0,744.0,730.0,731.0
2018-08-30,740.0,746.0,739.0,744.0
2018-08-31,737.0,745.0,736.0,737.0
2018-09-03,736.0,738.0,730.0,734.0
2018-09-04,735.0,744.0,730.0,742.0
2018-09-05,738.0,745.0,733.0,741.0
2018-09-06,732.0,742.0,727.0,733.0
2018-09-07,726.0,729.0,715.0,719.0
2018-09-10,719.0,725.0,716.0,718.0
2018-09-11,718.0,718.0,708.0,712.0
2018-09-12,710.0,715.0,694.0,713.0
2018-09-13,719.0,740.0,717.0,735.0
2018-09-14,740.0,755.0,734.0,739.0
2018-09-17,739.0,739.0,739.0,739.0
2018-09-18,739.0,772.0,737.0,768.0
2018-09-19,776.0,781.0,768.0,774.0
2018-09-20,779.0,780.0,765.0,774.0
2018-09-21,776.0,796.0,773.0,792.0
2018-09-24,792.0,792.0,792.0,792.0
2018-09-25,800.0,800.0,789.0,800.0
2018-09-26,800.0,828.0,800.0,827.0
2018-09-27,828.0,834.0,812.0,813.0
2018-09-28,814.0,839.0,814.0,828.0
2018-10-01,820.0,833.0,812.0,817.0
2018-10-02,818.0,835.0,814.0,814.0
2018-10-03,814.0,825.0,807.0,808.0
2018-10-04,819.0,828.0,807.0,813.0
2018-10-05,818.0,838.0,809.0,817.0
2018-10-08,817.0,817.0,817.0,817.0
2018-10-09,877.0,879.0,781.0,795.0
2018-10-10,791.0,794.0,763.0,766.0
2018-10-11,751.0,763.0,745.0,754.0
2018-10-12,748.0,753.0,740.0,743.0
2018-10-15,740.0,745.0,722.0,725.0
2018-10-16,725.0,741.0,723.0,739.0
2018-10-17,754.0,761.0,743.0,757.0
2018-10-18,757.0,766.0,752.0,759.0
2018-10-19,764.0,768.0,755.0,757.0
2018-10-22,747.0,766.0,739.0,762.0
2018-10-23,765.0,767.0,751.0,755.0
2018-10-24,759.0,767.0,752.0,761.0
2018-10-25,746.0,755.0,728.0,730.0
2018-10-26,730.0,742.0,728.0,736.0
2018-10-29,748.0,768.0,748.0,749.0
2018-10-30,740.0,755.0,739.0,748.0
2018-10-31,748.0,772.0,748.0,769.0
2018-11-01,764.0,780.0,758.0,769.0
2018-11-02,771.0,777.0,763.0,773.0
2018-11-05,772.0,791.0,762.0,786.0
2018-11-06,789.0,804.0,781.0,782.0
2018-11-07,794.0,801.0,786.0,788.0
2018-11-08,811.0,821.0,805.0,808.0
2018-11-09,813.0,821.0,805.0,817.0
2018-11-12,815.0,817.0,795.0,813.0
2018-11-13,790.0,801.0,782.0,797.0
2018-11-14,795.0,796.0,784.0,787.0
2018-11-15,783.0,795.0,778.0,795.0
2018-11-16,790.0,794.0,783.0,787.0
2018-11-19,786.0,789.0,774.0,781.0
2018-11-20,773.0,784.0,769.0,783.0
2018-11-21,768.0,778.0,767.0,776.0
2018-11-22,769.0,779.0,758.0,761.0
2018-11-23,761.0,761.0,761.0,761.0
2018-11-26,761.0,773.0,761.0,766.0
2018-11-27,773.0,773.0,749.0,751.0
2018-11-28,761.0,784.0,758.0,771.0
2018-11-29,784.0,786.0,759.0,765.0
2018-11-30,756.0,759.0,747.0,753.0
2018-12-03,760.0,769.0,756.0,768.0
2018-12-04,761.0,762.0,746.0,750.0
2018-12-05,740.0,747.0,732.0,736.0
2018-12-06,731.0,731.0,712.0,717.0
2018-12-07,714.0,720.0,702.0,708.0
2018-12-10,701.0,705.0,686.0,687.0
2018-12-11,686.0,691.0,666.0,670.0
2018-12-12,681.0,697.0,680.0,691.0
2018-12-13,701.0,716.0,695.0,716.0
2018-12-14,726.0,726.0,711.0,714.0
2018-12-17,723.0,723.0,704.0,707.0
2018-12-18,700.0,705.0,687.0,694.0
2018-12-19,710.0,718.0,704.0,715.0
2018-12-20,709.0,721.0,707.0,713.0
2018-12-21,714.0,720.0,707.0,711.0
2018-12-24,711.0,711.0,711.0,711.0
2018-12-25,696.0,696.0,641.0,644.0
2018-12-26,643.0,673.0,640.0,665.0
2018-12-27,684.0,712.0,679.0,706.0
2018-12-28,711.0,720.0,704.0,712.0
2018-12-31,712.0,712.0,712.0,712.0
2019-01-04,697.0,704.0,685.0,698.0
2019-01-07,708.0,716.0,702.0,712.0
2019-01-08,716.0,719.0,700.0,710.0
2019-01-09,716.0,740.0,705.0,711.0
2019-01-10,700.0,711.0,685.0,707.0
2019-01-11,720.0,722.0,701.0,705.0
2019-01-15,640.0,738.0,640.0,720.0
2019-01-16,709.0,746.0,701.0,713.0
2019-01-17,728.0,747.0,720.0,731.0
2019-01-18,746.0,767.0,744.0,758.0
2019-01-21,751.0,760.0,732.0,736.0
2019-01-22,751.0,759.0,732.0,747.0
2019-01-23,753.0,759.0,726.0,740.0
2019-01-24,729.0,732.0,702.0,704.0
2019-01-25,707.0,717.0,705.0,706.0
2019-01-28,706.0,718.0,705.0,705.0
2019-01-29,705.0,713.0,692.0,711.0
2019-01-30,714.0,735.0,695.0,715.0
2019-01-31,723.0,765.0,718.0,733.0
2019-02-01,732.0,737.0,714.0,718.0
2019-02-04,715.0,731.0,710.0,728.0
2019-02-05,728.0,731.0,718.0,726.0
2019-02-06,720.0,721.0,705.0,707.0
2019-02-07,705.0,730.0,686.0,694.0
2019-02-08,684.0,690.0,672.0,673.0
2019-02-12,673.0,691.0,670.0,689.0
2019-02-13,692.0,692.0,675.0,679.0
2019-02-14,679.0,689.0,675.0,682.0
2019-02-15,676.0,687.0,671.0,687.0
2019-02-18,697.0,704.0,689.0,699.0
2019-02-19,701.0,701.0,685.0,690.0
2019-02-20,695.0,704.0,691.0,697.0
2019-02-21,702.0,717.0,701.0,716.0
2019-02-22,711.0,714.0,695.0,699.0
2019-02-25,698.0,707.0,695.0,705.0
2019-02-26,703.0,703.0,685.0,689.0
2019-02-27,688.0,696.0,686.0,694.0
2019-02-28,698.0,698.0,688.0,691.0
2019-03-01,688.0,693.0,676.0,682.0
2019-03-04,691.0,695.0,676.0,680.0
2019-03-05,675.0,677.0,670.0,677.0
2019-03-06,672.0,675.0,659.0,666.0
2019-03-07,665.0,669.0,656.0,666.0
2019-03-08,656.0,660.0,637.0,640.0
2019-03-11,644.0,644.0,631.0,634.0
2019-03-12,644.0,664.0,639.0,663.0
2019-03-13,656.0,659.0,642.0,642.0
2019-03-14,653.0,653.0,638.0,646.0
2019-03-15,649.0,664.0,647.0,656.0
2019-03-18,663.0,663.0,650.0,656.0
2019-03-19,657.0,662.0,648.0,661.0
2019-03-20,655.0,664.0,653.0,659.0
2019-03-22,655.0,658.0,646.0,654.0
2019-03-25,645.0,647.0,635.0,638.0
2019-03-26,650.0,672.0,648.0,669.0
2019-03-27,673.0,681.0,670.0,676.0
2019-03-28,664.0,664.0,639.0,646.0
2019-03-29,646.0,647.0,629.0,634.0
2019-04-01,636.0,649.0,634.0,647.0
2019-04-02,655.0,656.0,639.0,645.0
2019-04-03,649.0,649.0,638.0,646.0
2019-04-04,644.0,649.0,637.0,642.0
2019-04-05,652.0,652.0,641.0,647.0
2019-04-08,650.0,659.0,647.0,654.0
2019-04-09,657.0,657.0,637.0,646.0
2019-04-10,640.0,650.0,637.0,640.0
2019-04-11,683.0,743.0,683.0,743.0
2019-04-12,725.0,746.0,710.0,714.0
2019-04-15,719.0,738.0,719.0,726.0
2019-04-16,721.0,725.0,708.0,715.0
2019-04-17,715.0,727.0,715.0,719.0
2019-04-18,719.0,722.0,708.0,713.0
2019-04-19,722.0,727.0,715.0,722.0
2019-04-22,727.0,730.0,718.0,718.0
2019-04-23,718.0,720.0,705.0,706.0
2019-04-24,701.0,712.0,698.0,700.0
2019-04-25,700.0,717.0,692.0,714.0
2019-04-26,703.0,704.0,685.0,692.0
2019-05-07,693.0,699.0,685.0,695.0
2019-05-08,683.0,689.0,658.0,662.0
2019-05-09,652.0,653.0,638.0,645.0
2019-05-10,645.0,653.0,639.0,647.0
2019-05-13,641.0,652.0,636.0,642.0
2019-05-14,628.0,636.0,621.0,627.0
2019-05-15,630.0,633.0,618.0,628.0
2019-05-16,625.0,626.0,617.0,622.0
2019-05-17,630.0,640.0,627.0,638.0
2019-05-20,636.0,643.0,633.0,640.0
2019-05-21,630.0,640.0,628.0,636.0
2019-05-22,637.0,644.0,633.0,640.0
2019-05-23,635.0,654.0,635.0,647.0
2019-05-24,642.0,658.0,642.0,653.0
2019-05-27,657.0,659.0,651.0,653.0
2019-05-28,652.0,661.0,643.0,658.0
2019-05-29,648.0,650.0,638.0,644.0
2019-05-30,636.0,639.0,631.0,636.0
2019-05-31,632.0,632.0,616.0,621.0
2019-06-03,611.0,634.0,607.0,631.0
2019-06-04,631.0,633.0,621.0,632.0
2019-06-05,650.0,657.0,641.0,653.0
2019-06-06,650.0,655.0,647.0,650.0
2019-06-07,651.0,655.0,642.0,649.0
2019-06-10,654.0,664.0,649.0,662.0
2019-06-11,655.0,671.0,653.0,670.0
2019-06-12,666.0,669.0,662.0,662.0
2019-06-13,660.0,661.0,642.0,650.0
2019-06-14,646.0,651.0,638.0,646.0
2019-06-17,644.0,657.0,644.0,654.0
2019-06-18,654.0,664.0,648.0,653.0
2019-06-19,658.0,668.0,658.0,666.0
2019-06-20,667.0,669.0,661.0,662.0
2019-06-21,662.0,664.0,651.0,654.0
2019-06-24,654.0,663.0,654.0,657.0
2019-06-25,650.0,653.0,636.0,640.0
2019-06-26,640.0,643.0,634.0,634.0
2019-06-27,636.0,639.0,627.0,633.0
2019-06-28,633.0,649.0,631.0,644.0
2019-07-01,658.0,659.0,648.0,659.0
2019-07-02,657.0,663.0,652.0,656.0
2019-07-03,666.0,683.0,665.0,670.0
2019-07-04,728.0,731.0,683.0,686.0
2019-07-05,656.0,668.0,643.0,661.0
2019-07-08,659.0,659.0,641.0,647.0
2019-07-09,645.0,650.0,638.0,639.0
2019-07-10,632.0,639.0,627.0,635.0
2019-07-11,638.0,639.0,632.0,639.0
2019-07-12,639.0,644.0,635.0,635.0
2019-07-16,632.0,637.0,628.0,634.0
2019-07-17,627.0,635.0,624.0,627.0
2019-07-18,623.0,623.0,602.0,606.0
2019-07-19,606.0,620.0,604.0,619.0
2019-07-22,617.0,620.0,607.0,609.0
2019-07-23,609.0,615.0,607.0,611.0
2019-07-24,612.0,620.0,611.0,618.0
2019-07-25,618.0,627.0,616.0,621.0
2019-07-26,623.0,623.0,612.0,618.0
2019-07-29,616.0,616.0,599.0,604.0
2019-07-30,607.0,609.0,593.0,597.0
2019-07-31,594.0,597.0,583.0,590.0
2019-08-01,591.0,601.0,589.0,598.0
2019-08-02,588.0,595.0,575.0,579.0
2019-08-05,576.0,580.0,557.0,566.0
2019-08-06,546.0,577.0,546.0,575.0
2019-08-07,573.0,578.0,566.0,572.0
2019-08-08,572.0,581.0,572.0,577.0
2019-08-09,582.0,582.0,575.0,578.0
2019-08-13,571.0,574.0,561.0,568.0
2019-08-14,575.0,577.0,565.0,570.0
2019-08-15,560.0,568.0,559.0,561.0
2019-08-16,560.0,564.0,556.0,556.0
2019-08-19,560.0,560.0,553.0,555.0
2019-08-20,556.0,558.0,545.0,549.0
2019-08-21,542.0,545.0,537.0,543.0
2019-08-22,543.0,543.0,533.0,533.0
2019-08-23,534.0,543.0,531.0,532.0
2019-08-26,519.0,522.0,511.0,515.0
2019-08-27,518.0,528.0,515.0,521.0
2019-08-28,514.0,523.0,512.0,519.0
2019-08-29,516.0,522.0,512.0,519.0
2019-08-30,524.0,534.0,522.0,531.0
2019-09-02,528.0,535.0,524.0,531.0
2019-09-03,532.0,538.0,531.0,531.0
2019-09-04,529.0,533.0,526.0,527.0
2019-09-05,530.0,548.0,528.0,545.0
2019-09-06,550.0,554.0,541.0,541.0
2019-09-09,546.0,548.0,539.0,547.0
2019-09-10,552.0,566.0,549.0,558.0
2019-09-11,563.0,578.0,562.0,575.0
2019-09-12,580.0,580.0,568.0,569.0
2019-09-13,573.0,583.0,569.0,579.0
2019-09-17,583.0,587.0,573.0,584.0
2019-09-18,582.0,584.0,566.0,571.0
2019-09-19,576.0,581.0,572.0,580.0
2019-09-20,588.0,592.0,583.0,589.0
2019-09-24,590.0,602.0,590.0,599.0
2019-09-25,595.0,607.0,595.0,605.0
2019-09-26,610.0,615.0,603.0,606.0
2019-09-27,614.0,614.0,595.0,602.0
2019-09-30,592.0,600.0,589.0,599.0
2019-10-01,600.0,606.0,596.0,602.0
2019-10-02,594.0,608.0,592.0,605.0
2019-10-03,555.0,586.0,543.0,585.0
2019-10-04,594.0,617.0,587.0,605.0
2019-10-07,605.0,608.0,579.0,582.0
2019-10-08,598.0,605.0,593.0,603.0
2019-10-09,596.0,596.0,587.0,593.0
2019-10-10,590.0,590.0,575.0,589.0
2019-10-11,590.0,590.0,571.0,573.0
2019-10-15,583.0,597.0,581.0,594.0
2019-10-16,599.0,602.0,588.0,592.0
2019-10-17,587.0,587.0,575.0,575.0
2019-10-18,573.0,578.0,563.0,564.0
2019-10-21,565.0,574.0,565.0,569.0
2019-10-23,570.0,570.0,554.0,557.0
2019-10-24,563.0,563.0,554.0,558.0
2019-10-25,557.0,565.0,553.0,563.0
2019-10-28,564.0,567.0,559.0,559.0
2019-10-29,563.0,565.0,559.0,563.0
2019-10-30,563.0,573.0,560.0,570.0
2019-10-31,573.0,573.0,558.0,568.0
2019-11-01,564.0,567.0,561.0,564.0
2019-11-05,568.0,584.0,568.0,584.0
2019-11-06,585.0,587.0,577.0,579.0
2019-11-07,587.0,593.0,584.0,590.0
2019-11-08,598.0,604.0,593.0,594.0
2019-11-11,600.0,607.0,594.0,596.0
2019-11-12,593.0,593.0,584.0,587.0
2019-11-13,588.0,591.0,581.0,583.0
2019-11-14,585.0,588.0,571.0,575.0
2019-11-15,578.0,582.0,577.0,579.0
2019-11-18,579.0,579.0,570.0,574.0
2019-11-19,570.0,576.0,569.0,574.0
2019-11-20,571.0,574.0,564.0,566.0
2019-11-21,566.0,566.0,551.0,560.0
2019-11-22,561.0,568.0,558.0,558.0
2019-11-25,564.0,571.0,564.0,569.0
2019-11-26,573.0,577.0,566.0,571.0
2019-11-27,565.0,572.0,565.0,567.0
2019-11-28,567.0,569.0,559.0,563.0
2019-11-29,560.0,562.0,553.0,553.0
2019-12-02,553.0,558.0,550.0,553.0
2019-12-03,546.0,552.0,538.0,550.0
2019-12-04,546.0,553.0,543.0,553.0
2019-12-05,556.0,559.0,551.0,554.0
2019-12-06,551.0,554.0,548.0,552.0
2019-12-09,556.0,562.0,549.0,558.0
2019-12-10,558.0,564.0,558.0,562.0
2019-12-11,558.0,561.0,552.0,554.0
2019-12-12,557.0,558.0,540.0,540.0
2019-12-13,540.0,558.0,540.0,552.0
2019-12-16,554.0,561.0,553.0,554.0
2019-12-17,560.0,560.0,552.0,555.0
2019-12-18,555.0,555.0,550.0,553.0
2019-12-19,556.0,559.0,553.0,555.0
2019-12-20,555.0,569.0,555.0,564.0
2019-12-23,565.0,566.0,558.0,559.0
2019-12-24,560.0,562.0,558.0,560.0
2019-12-25,558.0,559.0,549.0,549.0
2019-12-26,553.0,556.0,549.0,556.0
2019-12-27,557.0,564.0,556.0,563.0
2019-12-30,559.0,559.0,553.0,555.0
2020-01-06,555.0,555.0,546.0,551.0
2020-01-07,555.0,565.0,554.0,562.0
2020-01-08,557.0,557.0,543.0,547.0
2020-01-09,555.0,557.0,552.0,557.0
2020-01-10,554.0,561.0,547.0,551.0
2020-01-14,548.0,548.0,529.0,538.0
2020-01-15,539.0,553.0,539.0,552.0
2020-01-16,550.0,554.0,545.0,545.0
2020-01-17,550.0,557.0,549.0,553.0
2020-01-20,553.0,556.0,549.0,551.0
2020-01-21,553.0,555.0,550.0,551.0
2020-01-22,552.0,554.0,549.0,550.0
2020-01-23,548.0,553.0,537.0,543.0
2020-01-24,544.0,548.0,541.0,545.0
2020-01-27,547.0,548.0,540.0,545.0
2020-01-28,540.0,540.0,532.0,537.0
2020-01-29,531.0,534.0,521.0,521.0
2020-01-30,520.0,521.0,507.0,512.0
2020-01-31,513.0,522.0,513.0,518.0
2020-02-03,502.0,511.0,500.0,504.0
2020-02-04,501.0,514.0,500.0,514.0
2020-02-05,523.0,531.0,521.0,528.0
2020-02-06,538.0,556.0,535.0,551.0
2020-02-07,550.0,550.0,537.0,537.0
2020-02-10,535.0,537.0,531.0,533.0
2020-02-12,535.0,539.0,529.0,531.0
2020-02-13,535.0,535.0,526.0,527.0
2020-02-14,522.0,525.0,515.0,521.0
2020-02-17,517.0,517.0,508.0,512.0
2020-02-18,512.0,512.0,503.0,507.0
2020-02-19,514.0,517.0,502.0,502.0
2020-02-20,502.0,508.0,495.0,495.0
2020-02-21,493.0,498.0,492.0,494.0
2020-02-25,471.0,478.0,460.0,462.0
2020-02-26,455.0,462.0,448.0,460.0
2020-02-27,435.0,437.0,421.0,421.0
2020-02-28,411.0,424.0,409.0,418.0
2020-03-02,409.0,425.0,409.0,418.0
2020-03-03,420.0,438.0,406.0,406.0
2020-03-04,400.0,412.0,399.0,406.0
2020-03-05,414.0,415.0,400.0,403.0
2020-03-06,398.0,399.0,387.0,388.0
2020-03-09,379.0,382.0,358.0,361.0
2020-03-10,353.0,365.0,339.0,364.0
2020-03-11,359.0,372.0,352.0,352.0
2020-03-12,360.0,365.0,343.0,351.0
2020-03-13,343.0,347.0,322.0,341.0
2020-03-16,351.0,368.0,349.0,354.0
2020-03-17,343.0,383.0,332.0,377.0
2020-03-18,377.0,403.0,377.0,385.0
2020-03-19,393.0,413.0,388.0,396.0
2020-03-23,395.0,401.0,373.0,390.0
2020-03-24,397.0,409.0,393.0,402.0
2020-03-25,403.0,413.0,391.0,402.0
2020-03-26,410.0,412.0,389.0,401.0
2020-03-27,409.0,427.0,403.0,427.0
2020-03-30,419.0,422.0,394.0,422.0
2020-03-31,412.0,415.0,392.0,396.0
2020-04-01,396.0,402.0,380.0,383.0
2020-04-02,381.0,382.0,366.0,371.0
2020-04-03,393.0,402.0,354.0,359.0
2020-04-06,358.0,369.0,353.0,365.0
2020-04-07,366.0,383.0,362.0,382.0
2020-04-08,382.0,385.0,373.0,381.0
2020-04-09,380.0,389.0,373.0,385.0
2020-04-10,383.0,400.0,379.0,398.0
2020-04-13,400.0,402.0,387.0,388.0
2020-04-14,379.0,381.0,370.0,373.0
2020-04-15,371.0,373.0,359.0,362.0
2020-04-16,362.0,370.0,361.0,367.0
2020-04-17,371.0,381.0,367.0,377.0
2020-04-20,375.0,383.0,374.0,375.0
2020-04-21,371.0,375.0,369.0,373.0
2020-04-22,371.0,374.0,367.0,370.0
2020-04-23,378.0,390.0,376.0,388.0
2020-04-24,392.0,392.0,374.0,375.0
2020-04-27,407.0,429.0,402.0,412.0
2020-04-28,412.0,412.0,398.0,399.0
2020-04-30,407.0,422.0,407.0,418.0
2020-05-01,415.0,421.0,400.0,400.0
2020-05-07,402.0,414.0,401.0,404.0
2020-05-08,407.0,435.0,406.0,420.0
2020-05-11,425.0,443.0,425.0,438.0
2020-05-12,438.0,447.0,432.0,440.0
2020-05-13,435.0,449.0,432.0,444.0
2020-05-14,440.0,443.0,430.0,430.0
2020-05-15,431.0,438.0,428.0,433.0
2020-05-18,432.0,435.0,426.0,432.0
2020-05-19,445.0,455.0,440.0,444.0
2020-05-20,443.0,450.0,437.0,446.0
2020-05-21,446.0,449.0,441.0,444.0
2020-05-22,444.0,451.0,439.0,440.0
2020-05-25,439.0,450.0,439.0,448.0
2020-05-26,460.0,462.0,453.0,459.0
2020-05-27,460.0,471.0,456.0,467.0
2020-05-28,470.0,487.0,468.0,486.0
2020-05-29,487.0,489.0,459.0,462.0
2020-06-01,460.0,466.0,455.0,465.0
2020-06-02,465.0,482.0,462.0,481.0
2020-06-03,489.0,493.0,482.0,487.0
2020-06-04,495.0,496.0,484.0,490.0
2020-06-05,490.0,492.0,482.0,490.0
2020-06-08,497.0,505.0,494.0,501.0
2020-06-09,506.0,511.0,500.0,510.0
2020-06-10,510.0,510.0,503.0,505.0
2020-06-11,503.0,506.0,488.0,488.0
2020-06-12,470.0,479.0,466.0,473.0
2020-06-15,469.0,476.0,458.0,458.0
2020-06-16,466.0,490.0,465.0,486.0
2020-06-17,482.0,483.0,473.0,477.0
2020-06-18,477.0,486.0,471.0,481.0
2020-06-19,484.0,487.0,476.0,476.0
2020-06-22,476.0,482.0,474.0,476.0
2020-06-23,484.0,506.0,483.0,490.0
2020-06-24,486.0,486.0,473.0,473.0
2020-06-25,465.0,467.0,459.0,462.0
2020-06-26,466.0,477.0,465.0,471.0
2020-06-29,465.0,465.0,453.0,456.0
2020-06-30,462.0,473.0,462.0,462.0
2020-07-01,461.0,463.0,450.0,451.0
2020-07-02,443.0,451.0,436.0,436.0
2020-07-03,398.0,408.0,385.0,388.0
2020-07-06,382.0,385.0,375.0,385.0
2020-07-07,381.0,381.0,365.0,371.0
2020-07-08,382.0,383.0,356.0,356.0
2020-07-09,359.0,365.0,353.0,353.0
2020-07-10,353.0,353.0,334.0,336.0
2020-07-13,344.0,355.0,344.0,354.0
2020-07-14,351.0,354.0,345.0,347.0
2020-07-15,350.0,355.0,347.0,352.0
2020-07-16,356.0,366.0,356.0,362.0
2020-07-17,365.0,365.0,351.0,352.0
2020-07-20,350.0,350.0,340.0,346.0
2020-07-21,342.0,345.0,337.0,344.0
2020-07-22,344.0,346.0,331.0,331.0
2020-07-27,325.0,326.0,316.0,322.0
2020-07-28,323.0,325.0,314.0,315.0
2020-07-29,312.0,318.0,305.0,305.0
2020-07-30,306.0,310.0,295.0,302.0
2020-07-31,300.0,303.0,296.0,296.0
2020-08-03,298.0,303.0,293.0,298.0
2020-08-04,302.0,318.0,302.0,317.0
2020-08-05,315.0,315.0,302.0,309.0
2020-08-06,303.0,313.0,302.0,304.0
2020-08-07,303.0,313.0,300.0,304.0
2020-08-11,311.0,336.0,311.0,334.0
2020-08-12,336.0,341.0,331.0,338.0
2020-08-13,339.0,346.0,332.0,335.0
2020-08-14,334.0,346.0,332.0,342.0
2020-08-17,343.0,348.0,338.0,338.0
2020-08-18,337.0,341.0,329.0,329.0
2020-08-19,328.0,333.0,323.0,329.0
2020-08-20,325.0,328.0,321.0,325.0
2020-08-21,324.0,332.0,324.0,326.0
2020-08-24,325.0,327.0,317.0,319.0
2020-08-25,324.0,328.0,321.0,328.0
2020-08-26,325.0,332.0,325.0,327.0
2020-08-27,327.0,327.0,317.0,321.0
2020-08-28,320.0,336.0,318.0,328.0
2020-08-31,329.0,333.0,322.0,322.0
2020-09-01,321.0,327.0,316.0,324.0
2020-09-02,324.0,324.0,313.0,321.0
2020-09-03,329.0,329.0,310.0,310.0
2020-09-04,310.0,313.0,304.0,310.0
2020-09-07,309.0,313.0,307.0,310.0
2020-09-08,318.0,318.0,306.0,312.0
2020-09-09,308.0,316.0,306.0,315.0
2020-09-10,318.0,323.0,315.0,321.0
2020-09-11,313.0,327.0,311.0,326.0
2020-09-14,329.0,334.0,326.0,329.0
2020-09-15,329.0,329.0,318.0,328.0
2020-09-16,329.0,329.0,323.0,327.0
2020-09-17,327.0,335.0,325.0,326.0
2020-09-18,324.0,333.0,322.0,332.0
2020-09-23,325.0,327.0,318.0,324.0
2020-09-24,327.0,330.0,317.0,318.0
2020-09-25,322.0,330.0,322.0,323.0
2020-09-28,323.0,334.0,323.0,333.0
2020-09-29,330.0,336.0,328.0,334.0
2020-09-30,334.0,336.0,324.0,324.0
2020-10-02,317.0,324.0,305.0,310.0
2020-10-05,287.0,295.0,271.0,291.0
2020-10-06,297.0,301.0,290.0,293.0
2020-10-07,291.0,291.0,283.0,289.0
2020-10-08,292.0,292.0,285.0,287.0
2020-10-09,287.0,287.0,276.0,282.0
2020-10-12,279.0,282.0,277.0,278.0
2020-10-13,281.0,281.0,275.0,280.0
2020-10-14,278.0,279.0,270.0,273.0
2020-10-15,273.0,278.0,272.0,273.0
2020-10-16,274.0,282.0,271.0,276.0
2020-10-19,276.0,281.0,276.0,279.0
2020-10-20,274.0,278.0,271.0,272.0
2020-10-21,272.0,278.0,272.0,277.0
2020-10-22,275.0,279.0,273.0,275.0
2020-10-23,272.0,277.0,271.0,273.0
2020-10-26,273.0,277.0,271.0,272.0
2020-10-27,270.0,274.0,264.0,273.0
2020-10-28,269.0,270.0,261.0,261.0
2020-10-29,255.0,258.0,250.0,255.0
2020-10-30,253.0,254.0,243.0,245.0
2020-11-02,246.0,253.0,241.0,244.0
2020-11-04,244.0,247.0,236.0,241.0
2020-11-05,240.0,241.0,233.0,238.0
2020-11-06,235.0,237.0,233.0,237.0
2020-11-09,239.0,241.0,228.0,230.0
2020-11-10,241.0,251.0,240.0,248.0
2020-11-11,247.0,250.0,238.0,241.0
2020-11-12,243.0,247.0,236.0,240.0
2020-11-13,236.0,237.0,229.0,230.0
2020-11-16,237.0,237.0,227.0,230.0
2020-11-17,229.0,234.0,224.0,230.0
2020-11-18,230.0,230.0,223.0,223.0
2020-11-19,221.0,224.0,213.0,218.0
2020-11-20,215.0,225.0,211.0,223.0
2020-11-24,223.0,231.0,215.0,225.0
2020-11-25,225.0,231.0,220.0,220.0
2020-11-26,220.0,222.0,216.0,218.0
2020-11-27,218.0,219.0,215.0,217.0
2020-11-30,214.0,214.0,197.0,201.0
2020-12-01,201.0,207.0,199.0,204.0
2020-12-02,208.0,216.0,206.0,214.0
2020-12-03,212.0,217.0,210.0,214.0
2020-12-04,215.0,218.0,208.0,211.0
2020-12-07,211.0,211.0,205.0,206.0
2020-12-08,204.0,208.0,202.0,207.0
2020-12-09,207.0,213.0,207.0,209.0
2020-12-10,211.0,220.0,211.0,216.0
2020-12-11,215.0,216.0,211.0,212.0
2020-12-14,212.0,222.0,211.0,220.0
2020-12-15,217.0,220.0,216.0,219.0
2020-12-16,219.0,225.0,218.0,222.0
2020-12-17,222.0,223.0,213.0,213.0
2020-12-18,213.0,217.0,208.0,212.0
2020-12-21,215.0,218.0,211.0,213.0
2020-12-22,212.0,213.0,206.0,208.0
2020-12-23,206.0,207.0,202.0,205.0
2020-12-24,205.0,211.0,205.0,206.0
2020-12-25,206.0,210.0,206.0,207.0
2020-12-28,206.0,208.0,199.0,203.0
2020-12-29,200.0,208.0,200.0,208.0
2020-12-30,207.0,210.0,202.0,206.0
2021-01-04,207.0,207.0,201.0,205.0
2021-01-05,205.0,206.0,202.0,203.0
2021-01-06,203.0,211.0,202.0,209.0
2021-01-07,211.0,215.0,211.0,213.0
2021-01-08,213.0,217.0,212.0,217.0
2021-01-12,218.0,225.0,217.0,222.0
2021-01-13,221.0,233.0,220.0,231.0
2021-01-14,241.0,255.0,232.0,247.0
2021-01-15,247.0,257.0,246.0,250.0
2021-01-18,246.0,248.0,242.0,242.0
2021-01-19,242.0,251.0,237.0,249.0
2021-01-20,250.0,261.0,250.0,258.0
2021-01-21,263.0,270.0,257.0,261.0
2021-01-22,256.0,256.0,245.0,245.0
2021-01-25,245.0,253.0,240.0,252.0
2021-01-26,255.0,259.0,252.0,258.0
2021-01-27,257.0,261.0,256.0,258.0
2021-01-28,252.0,261.0,249.0,256.0
2021-01-29,258.0,259.0,250.0,251.0
2021-02-01,255.0,258.0,252.0,255.0
2021-02-02,255.0,260.0,253.0,257.0
2021-02-03,257.0,268.0,257.0,263.0
2021-02-04,262.0,275.0,261.0,270.0
2021-02-05,273.0,289.0,271.0,288.0
2021-02-08,291.0,296.0,284.0,289.0
2021-02-09,288.0,291.0,277.0,281.0
2021-02-10,282.0,287.0,273.0,278.0
2021-02-12,278.0,283.0,273.0,276.0
2021-02-15,278.0,280.0,267.0,271.0
2021-02-16,275.0,276.0,267.0,272.0
2021-02-17,272.0,285.0,272.0,279.0
2021-02-18,282.0,289.0,277.0,277.0
2021-02-19,279.0,282.0,271.0,275.0
2021-02-22,281.0,285.0,274.0,278.0
2021-02-24,279.0,284.0,274.0,276.0
2021-02-25,277.0,277.0,271.0,272.0
2021-02-26,274.0,274.0,261.0,262.0
2021-03-01,263.0,273.0,261.0,271.0
2021-03-02,270.0,270.0,261.0,266.0
2021-03-03,267.0,275.0,264.0,271.0
2021-03-04,268.0,276.0,265.0,276.0
2021-03-05,276.0,282.0,267.0,282.0
2021-03-08,288.0,295.0,285.0,290.0
2021-03-09,296.0,315.0,288.0,314.0
2021-03-10,310.0,310.0,297.0,303.0
2021-03-11,310.0,312.0,305.0,309.0
2021-03-12,305.0,307.0,298.0,303.0
2021-03-15,308.0,319.0,307.0,317.0
2021-03-16,318.0,327.0,313.0,326.0
2021-03-17,330.0,333.0,325.0,329.0
2021-03-18,329.0,335.0,327.0,330.0
2021-03-19,332.0,332.0,321.0,331.0
2021-03-22,334.0,336.0,327.0,335.0
2021-03-23,332.0,333.0,318.0,320.0
2021-03-24,318.0,318.0,301.0,308.0
2021-03-25,314.0,327.0,314.0,320.0
2021-03-26,321.0,330.0,321.0,322.0
2021-03-29,330.0,330.0,313.0,321.0
2021-03-30,322.0,329.0,318.0,328.0
2021-03-31,323.0,326.0,320.0,321.0
2021-04-01,321.0,325.0,312.0,317.0
2021-04-02,319.0,322.0,316.0,318.0
2021-04-05,323.0,326.0,316.0,324.0
2021-04-06,324.0,326.0,317.0,324.0
2021-04-07,323.0,327.0,320.0,327.0
2021-04-08,333.0,333.0,318.0,321.0
2021-04-09,322.0,324.0,317.0,322.0
2021-04-12,325.0,333.0,322.0,324.0
2021-04-13,324.0,362.0,324.0,360.0
2021-04-14,355.0,356.0,344.0,349.0
2021-04-15,355.0,376.0,354.0,369.0
2021-04-16,367.0,375.0,359.0,371.0
2021-04-19,367.0,371.0,358.0,358.0
2021-04-20,351.0,355.0,342.0,342.0
2021-04-21,337.0,338.0,306.0,310.0
2021-04-22,326.0,328.0,313.0,315.0
2021-04-23,309.0,315.0,303.0,312.0
2021-04-26,319.0,323.0,313.0,323.0
2021-04-27,317.0,329.0,317.0,327.0
2021-04-28,323.0,326.0,315.0,315.0
2021-04-30,315.0,327.0,315.0,324.0
2021-05-06,324.0,337.0,324.0,335.0
2021-05-07,335.0,338.0,329.0,336.0
2021-05-10,338.0,345.0,336.0,337.0
2021-05-11,335.0,337.0,323.0,323.0
2021-05-12,321.0,322.0,309.0,311.0
2021-05-13,309.0,314.0,302.0,304.0
2021-05-14,310.0,313.0,302.0,304.0
2021-05-17,312.0,318.0,308.0,311.0
2021-05-18,315.0,320.0,313.0,315.0
2021-05-19,310.0,318.0,310.0,313.0
2021-05-20,310.0,312.0,306.0,307.0
2021-05-21,311.0,312.0,307.0,310.0
2021-05-24,312.0,317.0,303.0,303.0
2021-05-25,306.0,307.0,300.0,303.0
2021-05-26,301.0,305.0,298.0,303.0
2021-05-27,298.0,298.0,289.0,289.0
2021-05-28,295.0,305.0,295.0,305.0
2021-05-31,300.0,305.0,297.0,302.0
2021-06-01,302.0,305.0,297.0,304.0
2021-06-02,304.0,315.0,304.0,313.0
2021-06-03,315.0,328.0,315.0,324.0
2021-06-04,321.0,338.0,320.0,334.0
2021-06-07,336.0,337.0,322.0,331.0
2021-06-08,329.0,342.0,327.0,342.0
2021-06-09,342.0,362.0,342.0,355.0
2021-06-10,355.0,357.0,345.0,354.0
2021-06-11,355.0,358.0,343.0,344.0
2021-06-14,352.0,354.0,344.0,345.0
2021-06-15,343.0,346.0,337.0,338.0
2021-06-16,339.0,342.0,335.0,335.0
2021-06-17,339.0,339.0,329.0,333.0
2021-06-18,334.0,334.0,322.0,323.0
2021-06-21,313.0,323.0,312.0,316.0
2021-06-22,328.0,330.0,324.0,328.0
2021-06-23,330.0,334.0,321.0,322.0
2021-06-24,321.0,326.0,320.0,322.0
2021-06-25,329.0,329.0,324.0,325.0
2021-06-28,330.0,342.0,330.0,340.0
2021-06-29,335.0,336.0,327.0,330.0
2021-06-30,335.0,338.0,326.0,331.0
2021-07-01,335.0,337.0,325.0,326.0
2021-07-02,330.0,335.0,329.0,334.0
2021-07-05,390.0,403.0,356.0,368.0
2021-07-06,395.0,396.0,363.0,369.0
2021-07-07,361.0,389.0,360.0,385.0
2021-07-08,378.0,388.0,368.0,368.0
2021-07-09,363.0,373.0,351.0,370.0
2021-07-12,378.0,382.0,374.0,379.0
2021-07-13,382.0,389.0,372.0,378.0
2021-07-14,379.0,380.0,367.0,367.0
2021-07-15,368.0,371.0,360.0,362.0
2021-07-16,355.0,362.0,351.0,354.0
2021-07-19,350.0,351.0,337.0,345.0
2021-07-20,341.0,353.0,336.0,343.0
2021-07-21,351.0,358.0,346.0,347.0
2021-07-26,360.0,366.0,356.0,358.0
2021-07-27,364.0,364.0,354.0,356.0
2021-07-28,353.0,355.0,344.0,350.0
2021-07-29,351.0,352.0,340.0,340.0
2021-07-30,341.0,342.0,330.0,337.0
2021-08-02,339.0,349.0,332.0,349.0
2021-08-03,346.0,351.0,343.0,348.0
2021-08-04,343.0,348.0,341.0,343.0
2021-08-05,339.0,341.0,332.0,332.0
2021-08-06,333.0,340.0,328.0,335.0
2021-08-10,336.0,344.0,331.0,343.0
2021-08-11,342.0,352.0,342.0,348.0
2021-08-12,350.0,354.0,346.0,347.0
2021-08-13,345.0,348.0,340.0,340.0
2021-08-16,339.0,344.0,336.0,338.0
2021-08-17,339.0,339.0,322.0,322.0
2021-08-18,321.0,322.0,311.0,320.0
2021-08-19,312.0,314.0,304.0,305.0
2021-08-20,301.0,304.0,290.0,291.0
2021-08-23,296.0,303.0,294.0,299.0
2021-08-24,300.0,309.0,300.0,308.0
2021-08-25,307.0,313.0,307.0,310.0
2021-08-26,306.0,307.0,302.0,306.0
2021-08-27,302.0,306.0,299.0,304.0
2021-08-30,307.0,314.0,307.0,313.0
2021-08-31,313.0,313.0,307.0,310.0
2021-09-01,310.0,318.0,310.0,318.0
2021-09-02,320.0,323.0,317.0,323.0
2021-09-03,325.0,331.0,325.0,327.0
2021-09-06,331.0,332.0,328.0,331.0
2021-09-07,332.0,338.0,331.0,336.0
2021-09-08,329.0,336.0,329.0,334.0
2021-09-09,328.0,329.0,322.0,329.0
2021-09-10,325.0,338.0,325.0,338.0
2021-09-13,340.0,341.0,336.0,340.0
2021-09-14,342.0,349.0,341.0,349.0
2021-09-15,344.0,344.0,338.0,341.0
2021-09-16,346.0,347.0,335.0,339.0
2021-09-17,335.0,342.0,335.0,341.0
2021-09-21,335.0,338.0,328.0,337.0
2021-09-22,333.0,340.0,331.0,333.0
2021-09-24,341.0,351.0,339.0,351.0
2021-09-27,355.0,366.0,355.0,363.0
2021-09-28,366.0,368.0,358.0,363.0
2021-09-29,359.0,367.0,355.0,367.0
2021-09-30,366.0,367.0,355.0,356.0
2021-10-01,352.0,354.0,343.0,348.0
2021-10-04,354.0,361.0,349.0,352.0
2021-10-05,347.0,350.0,338.0,343.0
2021-10-06,371.0,386.0,357.0,366.0
2021-10-07,370.0,372.0,348.0,350.0
2021-10-08,357.0,373.0,354.0,354.0
2021-10-11,361.0,367.0,354.0,358.0
2021-10-12,360.0,364.0,357.0,359.0
2021-10-13,356.0,356.0,346.0,348.0
2021-10-14,345.0,354.0,338.0,351.0
2021-10-15,359.0,370.0,359.0,370.0
2021-10-18,368.0,376.0,368.0,371.0
2021-10-19,370.0,372.0,354.0,357.0
2021-10-20,356.0,359.0,351.0,352.0
2021-10-21,356.0,358.0,349.0,350.0
2021-10-22,349.0,352.0,342.0,342.0
2021-10-25,340.0,346.0,339.0,342.0
2021-10-26,345.0,358.0,343.0,355.0
2021-10-27,354.0,356.0,344.0,345.0
2021-10-28,339.0,344.0,335.0,339.0
2021-10-29,345.0,345.0,338.0,344.0
2021-11-01,352.0,355.0,347.0,355.0
2021-11-02,358.0,366.0,358.0,360.0
2021-11-04,365.0,373.0,361.0,372.0
2021-11-05,367.0,371.0,361.0,370.0
2021-11-08,373.0,382.0,372.0,379.0
2021-11-09,377.0,385.0,375.0,380.0
2021-11-10,379.0,383.0,372.0,374.0
2021-11-11,372.0,377.0,370.0,370.0
2021-11-12,368.0,376.0,367.0,368.0
2021-11-15,374.0,377.0,367.0,376.0
2021-11-16,377.0,386.0,377.0,386.0
2021-11-17,383.0,384.0,375.0,376.0
2021-11-18,376.0,377.0,362.0,369.0
2021-11-19,366.0,368.0,358.0,358.0
2021-11-22,357.0,366.0,350.0,362.0
2021-11-24,368.0,372.0,357.0,359.0
2021-11-25,362.0,369.0,361.0,367.0
2021-11-26,367.0,367.0,355.0,357.0
2021-11-29,346.0,357.0,342.0,345.0
2021-11-30,350.0,358.0,342.0,345.0
2021-12-01,343.0,349.0,336.0,340.0
2021-12-02,335.0,336.0,324.0,324.0
2021-12-03,326.0,337.0,322.0,337.0
2021-12-06,333.0,339.0,332.0,339.0
2021-12-07,347.0,360.0,344.0,357.0
2021-12-08,360.0,366.0,358.0,362.0
2021-12-09,361.0,361.0,354.0,355.0
2021-12-10,355.0,358.0,351.0,354.0
2021-12-13,354.0,354.0,344.0,345.0
2021-12-14,344.0,347.0,339.0,343.0
2021-12-15,341.0,344.0,338.0,340.0
2021-12-16,347.0,352.0,342.0,352.0
2021-12-17,346.0,348.0,338.0,341.0
2021-12-20,338.0,338.0,325.0,325.0
2021-12-21,325.0,328.0,318.0,324.0
2021-12-22,325.0,330.0,325.0,329.0
2021-12-23,330.0,333.0,326.0,329.0
2021-12-24,334.0,337.0,332.0,335.0
2021-12-27,332.0,332.0,327.0,332.0
2021-12-28,335.0,338.0,329.0,333.0
2021-12-29,331.0,339.0,331.0,339.0
2021-12-30,338.0,342.0,331.0,339.0
2022-01-04,347.0,348.0,336.0,346.0
2022-01-05,351.0,352.0,347.0,351.0
2022-01-06,343.0,349.0,340.0,341.0
2022-01-07,341.0,345.0,332.0,334.0
2022-01-11,333.0,333.0,323.0,329.0
2022-01-12,331.0,336.0,329.0,335.0
2022-01-13,338.0,339.0,330.0,330.0
2022-01-14,330.0,330.0,320.0,327.0
2022-01-17,349.0,360.0,342.0,345.0
2022-01-18,348.0,351.0,336.0,340.0
2022-01-19,333.0,344.0,327.0,330.0
2022-01-20,326.0,340.0,326.0,335.0
2022-01-21,331.0,332.0,323.0,328.0
2022-01-24,326.0,334.0,324.0,334.0
2022-01-25,330.0,331.0,321.0,323.0
2022-01-26,323.0,324.0,315.0,315.0
2022-01-27,315.0,317.0,298.0,299.0
2022-01-28,305.0,308.0,304.0,308.0
2022-01-31,305.0,314.0,304.0,312.0
2022-02-01,311.0,318.0,309.0,312.0
2022-02-02,314.0,328.0,314.0,326.0
2022-02-03,323.0,328.0,321.0,325.0
2022-02-04,322.0,331.0,321.0,329.0
2022-02-07,325.0,333.0,325.0,330.0
2022-02-08,330.0,335.0,330.0,333.0
2022-02-09,335.0,336.0,331.0,333.0
2022-02-10,336.0,337.0,331.0,334.0
2022-02-14,329.0,332.0,323.0,327.0
2022-02-15,327.0,331.0,324.0,327.0
2022-02-16,333.0,334.0,328.0,333.0
2022-02-17,333.0,335.0,329.0,330.0
2022-02-18,330.0,331.0,326.0,329.0
2022-02-21,325.0,325.0,320.0,320.0
2022-02-22,318.0,321.0,314.0,316.0
2022-02-24,318.0,318.0,306.0,310.0
2022-02-25,308.0,320.0,307.0,319.0
2022-02-28,323.0,336.0,322.0,334.0
2022-03-01,338.0,345.0,335.0,341.0
2022-03-02,336.0,343.0,336.0,338.0
2022-03-03,342.0,343.0,334.0,336.0
2022-03-04,332.0,334.0,324.0,328.0
2022-03-07,323.0,323.0,308.0,312.0
2022-03-08,305.0,309.0,293.0,296.0
2022-03-09,303.0,304.0,296.0,299.0
2022-03-10,307.0,318.0,307.0,318.0
2022-03-11,314.0,317.0,307.0,310.0
2022-03-14,318.0,327.0,317.0,324.0
2022-03-15,320.0,322.0,316.0,321.0
2022-03-16,321.0,321.0,313.0,320.0
2022-03-17,326.0,330.0,323.0,329.0
2022-03-18,325.0,330.0,324.0,330.0
2022-03-22,332.0,333.0,325.0,328.0
2022-03-23,333.0,347.0,329.0,346.0
2022-03-24,339.0,341.0,333.0,340.0
2022-03-25,340.0,341.0,330.0,336.0
2022-03-28,337.0,341.0,333.0,338.0
2022-03-29,336.0,337.0,330.0,333.0
2022-03-30,339.0,339.0,330.0,338.0
2022-03-31,333.0,338.0,332.0,336.0
2022-04-01,334.0,336.0,327.0,333.0
2022-04-04,335.0,341.0,329.0,340.0
2022-04-05,341.0,354.0,341.0,349.0
2022-04-06,348.0,349.0,343.0,343.0
2022-04-07,340.0,340.0,330.0,332.0
2022-04-08,335.0,335.0,324.0,328.0
2022-04-11,325.0,338.0,325.0,330.0
2022-04-12,330.0,335.0,326.0,334.0
2022-04-13,335.0,336.0,325.0,328.0
2022-04-14,304.0,313.0,289.0,293.0
2022-04-15,292.0,294.0,286.0,290.0
2022-04-18,284.0,284.0,267.0,278.0
2022-04-19,298.0,306.0,292.0,300.0
2022-04-20,307.0,315.0,302.0,312.0
2022-04-21,311.0,318.0,311.0,312.0
2022-04-22,307.0,310.0,303.0,309.0
2022-04-25,303.0,306.0,300.0,300.0
2022-04-26,301.0,302.0,294.0,295.0
2022-04-27,289.0,291.0,287.0,290.0
2022-04-28,291.0,305.0,290.0,305.0
2022-05-02,303.0,310.0,302.0,308.0
2022-05-06,309.0,313.0,307.0,310.0
2022-05-09,311.0,318.0,308.0,314.0
2022-05-10,313.0,313.0,304.0,310.0
2022-05-11,307.0,311.0,302.0,309.0
2022-05-12,311.0,317.0,309.0,311.0
2022-05-13,313.0,325.0,312.0,323.0
2022-05-16,323.0,326.0,318.0,322.0
2022-05-17,317.0,318.0,313.0,315.0
2022-05-18,314.0,316.0,310.0,316.0
2022-05-19,312.0,317.0,309.0,315.0
2022-05-20,314.0,317.0,310.0,317.0
2022-05-23,314.0,324.0,314.0,322.0
2022-05-24,325.0,327.0,320.0,322.0
2022-05-25,320.0,321.0,315.0,315.0
2022-05-26,322.0,327.0,321.0,325.0
2022-05-27,327.0,333.0,326.0,333.0
2022-05-30,335.0,338.0,330.0,330.0
2022-05-31,330.0,335.0,327.0,328.0
2022-06-01,334.0,356.0,334.0,356.0
2022-06-02,350.0,363.0,350.0,361.0
2022-06-03,365.0,383.0,363.0,378.0
2022-06-06,376.0,381.0,374.0,376.0
2022-06-07,378.0,392.0,376.0,389.0
2022-06-08,390.0,397.0,386.0,386.0
2022-06-09,392.0,394.0,387.0,387.0
2022-06-10,381.0,381.0,372.0,373.0
2022-06-13,361.0,367.0,359.0,366.0
2022-06-14,360.0,363.0,357.0,362.0
2022-06-15,359.0,367.0,350.0,350.0
2022-06-16,354.0,362.0,354.0,356.0
2022-06-17,346.0,351.0,344.0,345.0
2022-06-20,348.0,348.0,338.0,340.0
2022-06-21,346.0,349.0,343.0,346.0
2022-06-22,347.0,348.0,341.0,342.0
2022-06-23,341.0,350.0,340.0,347.0
2022-06-24,347.0,347.0,339.0,341.0
2022-06-27,345.0,349.0,337.0,340.0
2022-06-28,345.0,356.0,344.0,354.0
2022-06-29,350.0,350.0,343.0,343.0
2022-06-30,345.0,349.0,343.0,347.0
2022-07-01,343.0,346.0,335.0,337.0
2022-07-04,339.0,344.0,333.0,337.0
2022-07-05,338.0,338.0,332.0,334.0
2022-07-06,331.0,339.0,327.0,337.0
2022-07-07,338.0,343.0,336.0,341.0
2022-07-08,341.0,342.0,336.0,336.0
2022-07-11,340.0,348.0,340.0,344.0
2022-07-12,342.0,342.0,336.0,339.0
2022-07-13,339.0,345.0,337.0,342.0
2022-07-14,319.0,325.0,307.0,315.0
2022-07-15,314.0,315.0,303.0,303.0
2022-07-19,306.0,319.0,306.0,318.0
2022-07-20,326.0,333.0,323.0,331.0
2022-07-21,331.0,335.0,331.0,333.0
2022-07-22,333.0,333.0,327.0,327.0
2022-07-25,323.0,328.0,322.0,325.0
2022-07-26,329.0,333.0,327.0,333.0
2022-07-27,332.0,333.0,323.0,323.0
2022-07-28,328.0,331.0,324.0,330.0
2022-07-29,333.0,335.0,330.0,332.0
2022-08-01,335.0,342.0,334.0,339.0
2022-08-02,337.0,342.0,337.0,338.0
2022-08-03,340.0,350.0,338.0,347.0
2022-08-04,350.0,358.0,350.0,356.0
2022-08-05,356.0,368.0,356.0,363.0
2022-08-08,360.0,361.0,352.0,358.0
2022-08-09,360.0,365.0,360.0,364.0
2022-08-10,363.0,364.0,354.0,354.0
2022-08-12,360.0,374.0,357.0,371.0
2022-08-15,372.0,380.0,372.0,379.0
2022-08-16,379.0,381.0,372.0,373.0
2022-08-17,379.0,382.0,378.0,381.0
2022-08-18,377.0,380.0,375.0,375.0
2022-08-19,380.0,385.0,378.0,383.0
2022-08-22,376.0,383.0,374.0,380.0
2022-08-23,379.0,379.0,374.0,377.0
2022-08-24,377.0,384.0,377.0,382.0
2022-08-25,381.0,382.0,377.0,378.0
2022-08-26,380.0,384.0,379.0,380.0
2022-08-29,372.0,381.0,371.0,379.0
2022-08-30,380.0,392.0,377.0,391.0
2022-08-31,386.0,391.0,382.0,389.0
2022-09-01,384.0,392.0,383.0,390.0
2022-09-02,390.0,391.0,381.0,386.0
2022-09-05,380.0,384.0,379.0,381.0
2022-09-06,382.0,397.0,379.0,395.0
2022-09-07,393.0,393.0,382.0,387.0
2022-09-08,392.0,408.0,391.0,407.0
2022-09-09,403.0,407.0,401.0,405.0
2022-09-12,407.0,418.0,407.0,417.0
2022-09-13,416.0,423.0,415.0,420.0
2022-09-14,412.0,422.0,406.0,420.0
2022-09-15,420.0,430.0,418.0,429.0
2022-09-16,429.0,438.0,415.0,416.0
2022-09-20,416.0,420.0,411.0,420.0
2022-09-21,449.0,454.0,423.0,425.0
2022-09-22,417.0,422.0,411.0,414.0
2022-09-26,406.0,407.0,395.0,397.0
2022-09-27,401.0,408.0,397.0,408.0
2022-09-28,400.0,405.0,389.0,400.0
2022-09-29,407.0,416.0,404.0,414.0
2022-09-30,410.0,410.0,390.0,395.0
2022-10-03,390.0,402.0,382.0,402.0
2022-10-04,405.0,411.0,402.0,410.0
2022-10-05,418.0,418.0,410.0,411.0
2022-10-06,416.0,428.0,413.0,421.0
2022-10-07,423.0,427.0,417.0,424.0
2022-10-11,423.0,428.0,411.0,417.0
2022-10-12,410.0,422.0,410.0,416.0
2022-10-13,416.0,458.0,413.0,451.0
2022-10-14,456.0,463.0,434.0,435.0
2022-10-17,430.0,436.0,428.0,429.0
2022-10-18,437.0,450.0,429.0,442.0
2022-10-19,441.0,443.0,431.0,433.0
2022-10-20,426.0,434.0,426.0,431.0
2022-10-21,425.0,430.0,423.0,430.0
2022-10-24,430.0,431.0,423.0,423.0
2022-10-25,431.0,462.0,429.0,455.0
2022-10-26,456.0,458.0,449.0,455.0
2022-10-27,452.0,459.0,450.0,455.0
2022-10-28,451.0,465.0,448.0,454.0
2022-10-31,458.0,461.0,447.0,450.0
2022-11-01,449.0,453.0,443.0,449.0
2022-11-02,449.0,457.0,444.0,452.0
2022-11-04,444.0,460.0,444.0,455.0
2022-11-07,460.0,463.0,453.0,458.0
2022-11-08,459.0,467.0,458.0,463.0
2022-11-09,460.0,462.0,452.0,455.0
2022-11-10,459.0,468.0,454.0,465.0
2022-11-11,472.0,477.0,445.0,453.0
2022-11-14,461.0,461.0,446.0,448.0
2022-11-15,445.0,452.0,440.0,449.0
2022-11-16,449.0,457.0,443.0,456.0
2022-11-17,451.0,459.0,451.0,452.0
2022-11-18,458.0,472.0,457.0,467.0
2022-11-21,474.0,479.0,468.0,471.0
2022-11-22,477.0,484.0,473.0,475.0
2022-11-24,479.0,482.0,474.0,478.0
2022-11-25,475.0,481.0,474.0,476.0
2022-11-28,477.0,478.0,471.0,477.0
2022-11-29,475.0,486.0,464.0,483.0
2022-11-30,482.0,489.0,479.0,481.0
2022-12-01,481.0,485.0,477.0,478.0
2022-12-02,476.0,476.0,467.0,471.0
2022-12-05,471.0,472.0,464.0,467.0
2022-12-06,466.0,469.0,462.0,469.0
2022-12-07,464.0,468.0,458.0,459.0
2022-12-08,457.0,459.0,447.0,459.0
2022-12-09,456.0,471.0,456.0,468.0
2022-12-12,463.0,463.0,455.0,456.0
2022-12-13,462.0,464.0,457.0,457.0
2022-12-14,460.0,460.0,448.0,449.0
2022-12-15,449.0,454.0,443.0,448.0
2022-12-16,447.0,452.0,442.0,442.0
2022-12-19,440.0,443.0,434.0,439.0
2022-12-20,441.0,444.0,429.0,434.0
2022-12-21,431.0,437.0,428.0,432.0
2022-12-22,436.0,440.0,430.0,439.0
2022-12-23,437.0,438.0,430.0,431.0
2022-12-26,434.0,442.0,431.0,434.0
2022-12-27,438.0,442.0,438.0,440.0
2022-12-28,440.0,442.0,435.0,438.0
2022-12-29,434.0,440.0,428.0,439.0
2022-12-30,440.0,453.0,440.0,444.0
2023-01-04,445.0,446.0,430.0,430.0
2023-01-05,431.0,437.0,426.0,433.0
2023-01-06,431.0,438.0,431.0,431.0
2023-01-10,431.0,435.0,430.0,433.0
2023-01-11,435.0,435.0,428.0,430.0
2023-01-12,431.0,431.0,418.0,419.0
2023-01-13,416.0,417.0,403.0,404.0
2023-01-16,454.0,478.0,452.0,460.0
2023-01-17,464.0,465.0,449.0,453.0
2023-01-18,451.0,469.0,451.0,465.0
2023-01-19,459.0,461.0,452.0,459.0
2023-01-20,456.0,476.0,456.0,474.0
2023-01-23,478.0,480.0,472.0,477.0
2023-01-24,481.0,486.0,473.0,483.0
2023-01-25,486.0,493.0,483.0,492.0
2023-01-26,497.0,518.0,495.0,512.0
2023-01-27,517.0,521.0,506.0,516.0
2023-01-30,513.0,527.0,513.0,519.0
2023-01-31,516.0,522.0,513.0,522.0
2023-02-01,524.0,538.0,524.0,535.0
2023-02-02,530.0,532.0,510.0,515.0
2023-02-03,513.0,519.0,511.0,518.0
2023-02-06,524.0,535.0,524.0,535.0
2023-02-07,539.0,564.0,536.0,560.0
2023-02-08,564.0,572.0,560.0,565.0
2023-02-09,563.0,577.0,563.0,573.0
2023-02-10,570.0,582.0,570.0,578.0
2023-02-13,575.0,575.0,562.0,565.0
2023-02-14,575.0,578.0,564.0,565.0
2023-02-15,575.0,578.0,560.0,565.0
2023-02-16,567.0,569.0,553.0,556.0
2023-02-17,552.0,561.0,551.0,559.0
2023-02-20,560.0,570.0,559.0,568.0
2023-02-21,570.0,580.0,570.0,580.0
2023-02-22,579.0,595.0,577.0,584.0
2023-02-24,594.0,597.0,580.0,590.0
2023-02-27,584.0,607.0,582.0,607.0
2023-02-28,606.0,619.0,603.0,618.0
2023-03-01,614.0,625.0,609.0,613.0
2023-03-02,622.0,633.0,620.0,630.0
2023-03-03,630.0,643.0,630.0,642.0
2023-03-06,647.0,667.0,643.0,666.0
2023-03-07,665.0,687.0,665.0,670.0
2023-03-08,675.0,685.0,673.0,677.0
2023-03-09,677.0,684.0,660.0,663.0
2023-03-10,663.0,665.0,656.0,660.0
2023-03-13,654.0,658.0,635.0,642.0
2023-03-14,632.0,632.0,609.0,614.0
2023-03-15,620.0,621.0,608.0,617.0
2023-03-16,597.0,599.0,588.0,595.0
2023-03-17,605.0,605.0,595.0,596.0
2023-03-20,592.0,597.0,583.0,585.0
2023-03-22,595.0,599.0,588.0,589.0
2023-03-23,583.0,601.0,582.0,601.0
2023-03-24,593.0,596.0,583.0,590.0
2023-03-27,595.0,600.0,590.0,594.0
2023-03-28,599.0,602.0,588.0,594.0
2023-03-29,596.0,612.0,596.0,609.0
2023-03-30,619.0,627.0,616.0,625.0
2023-03-31,632.0,649.0,631.0,634.0
2023-04-03,639.0,649.0,635.0,648.0
2023-04-04,650.0,650.0,635.0,641.0
2023-04-05,631.0,633.0,616.0,621.0
2023-04-06,611.0,614.0,601.0,601.0
2023-04-07,601.0,612.0,601.0,603.0
2023-04-10,610.0,614.0,606.0,610.0
2023-04-11,613.0,618.0,608.0,612.0
2023-04-12,614.0,620.0,610.0,614.0
2023-04-13,654.0,662.0,639.0,649.0
2023-04-14,647.0,647.0,630.0,635.0
2023-04-17,631.0,631.0,611.0,618.0
2023-04-18,618.0,630.0,618.0,627.0
2023-04-19,620.0,625.0,613.0,625.0
2023-04-20,619.0,629.0,617.0,626.0
2023-04-21,619.0,627.0,618.0,623.0
2023-04-24,624.0,635.0,623.0,633.0
2023-04-25,636.0,648.0,635.0,643.0
2023-04-26,639.0,645.0,635.0,639.0
2023-04-27,635.0,638.0,632.0,636.0
2023-04-28,641.0,647.0,639.0,645.0
2023-05-01,650.0,654.0,646.0,649.0
2023-05-02,649.0,654.0,646.0,648.0
2023-05-08,648.0,665.0,644.0,661.0
2023-05-09,665.0,670.0,647.0,660.0
2023-05-10,661.0,674.0,660.0,669.0
2023-05-11,667.0,707.0,666.0,703.0
2023-05-12,703.0,713.0,681.0,696.0
2023-05-15,700.0,716.0,698.0,715.0
2023-05-16,715.0,718.0,710.0,715.0
2023-05-17,715.0,716.0,707.0,710.0
2023-05-18,714.0,716.0,702.0,711.0
2023-05-19,712.0,716.0,695.0,699.0
2023-05-22,695.0,700.0,686.0,693.0
2023-05-23,698.0,712.0,685.0,689.0
2023-05-24,685.0,687.0,670.0,677.0
2023-05-25,676.0,676.0,661.0,665.0
2023-05-26,668.0,682.0,663.0,672.0
2023-05-29,682.0,684.0,673.0,674.0
2023-05-30,672.0,681.0,672.0,680.0
2023-05-31,676.0,680.0,642.0,648.0
2023-06-01,640.0,640.0,623.0,629.0
2023-06-02,634.0,642.0,631.0,641.0
2023-06-05,658.0,677.0,656.0,669.0
2023-06-06,660.0,668.0,647.0,662.0
2023-06-07,665.0,679.0,665.0,670.0
2023-06-08,680.0,692.0,679.0,680.0
2023-06-09,685.0,709.0,683.0,701.0
2023-06-12,702.0,708.0,693.0,698.0
2023-06-13,701.0,718.0,700.0,710.0
2023-06-14,705.0,712.0,690.0,700.0
2023-06-15,694.0,697.0,682.0,685.0
2023-06-16,685.0,690.0,679.0,689.0
2023-06-19,708.0,732.0,706.0,720.0
2023-06-20,723.0,735.0,719.0,735.0
2023-06-21,733.0,754.0,731.0,748.0
2023-06-22,754.0,758.0,748.0,750.0
2023-06-23,759.0,776.0,748.0,752.0
2023-06-26,752.0,760.0,744.0,744.0
2023-06-27,752.0,758.0,739.0,746.0
2023-06-28,758.0,761.0,751.0,760.0
2023-06-29,768.0,773.0,759.0,772.0
2023-06-30,769.0,792.0,766.0,787.0
2023-07-03,800.0,821.0,799.0,815.0
2023-07-04,815.0,817.0,802.0,807.0
2023-07-05,805.0,820.0,805.0,807.0
2023-07-06,799.0,799.0,775.0,775.0
2023-07-07,820.0,820.0,803.0,805.0
2023-07-10,810.0,810.0,788.0,803.0
2023-07-11,813.0,830.0,805.0,829.0
2023-07-12,844.0,881.0,840.0,863.0
2023-07-13,767.0,773.0,713.0,713.0
2023-07-14,750.0,773.0,734.0,751.0
2023-07-18,755.0,790.0,751.0,753.0
2023-07-19,768.0,789.0,765.0,789.0
2023-07-20,781.0,785.0,764.0,764.0
2023-07-21,760.0,760.0,732.0,732.0
2023-07-24,732.0,740.0,722.0,723.0
2023-07-25,723.0,738.0,717.0,726.0
2023-07-26,717.0,721.0,703.0,703.0
2023-07-27,714.0,731.0,708.0,710.0
2023-07-28,705.0,707.0,678.0,687.0
2023-07-31,697.0,732.0,697.0,721.0
2023-08-01,719.0,720.0,707.0,714.0
2023-08-02,700.0,701.0,673.0,676.0
2023-08-03,682.0,702.0,682.0,685.0
2023-08-04,676.0,698.0,676.0,693.0
2023-08-07,684.0,685.0,666.0,668.0
2023-08-08,683.0,696.0,682.0,691.0
2023-08-09,694.0,694.0,674.0,674.0
2023-08-10,671.0,687.0,671.0,685.0
2023-08-14,683.0,696.0,681.0,687.0
2023-08-15,690.0,701.0,688.0,696.0
2023-08-16,686.0,688.0,667.0,679.0
2023-08-17,689.0,703.0,687.0,700.0
2023-08-18,693.0,702.0,686.0,700.0
2023-08-21,700.0,703.0,696.0,699.0
2023-08-22,707.0,707.0,696.0,700.0
2023-08-23,700.0,716.0,699.0,712.0
2023-08-24,718.0,719.0,702.0,702.0
2023-08-25,700.0,702.0,696.0,701.0
2023-08-28,712.0,713.0,699.0,713.0
2023-08-29,717.0,721.0,710.0,710.0
2023-08-30,721.0,729.0,715.0,721.0
2023-08-31,723.0,737.0,721.0,725.0
2023-09-01,725.0,734.0,717.0,732.0
2023-09-04,735.0,750.0,732.0,749.0
2023-09-05,749.0,749.0,737.0,747.0
2023-09-06,745.0,762.0,745.0,752.0
2023-09-07,748.0,762.0,748.0,752.0
2023-09-08,752.0,755.0,747.0,751.0
2023-09-11,757.0,768.0,754.0,760.0
2023-09-12,758.0,777.0,758.0,777.0
2023-09-13,777.0,786.0,767.0,769.0
2023-09-14,772.0,783.0,765.0,783.0
2023-09-15,790.0,817.0,790.0,813.0
2023-09-19,806.0,825.0,801.0,825.0
2023-09-20,829.0,832.0,805.0,805.0
2023-09-21,797.0,807.0,767.0,788.0
2023-09-22,783.0,815.0,781.0,809.0
2023-09-25,803.0,831.0,791.0,828.0
2023-09-26,828.0,841.0,821.0,829.0
2023-09-27,820.0,835.0,812.0,835.0
2023-09-28,830.0,840.0,804.0,807.0
2023-09-29,816.0,834.0,806.0,810.0
2023-10-02,815.0,828.0,805.0,805.0
2023-10-03,796.0,798.0,769.0,771.0
2023-10-04,753.0,761.0,724.0,731.0
2023-10-05,729.0,761.0,729.0,753.0
2023-10-06,761.0,769.0,748.0,757.0
2023-10-10,765.0,790.0,765.0,788.0
2023-10-11,796.0,804.0,788.0,788.0
2023-10-12,799.0,799.0,769.0,775.0
2023-10-13,783.0,783.0,738.0,739.0
2023-10-16,754.0,764.0,718.0,726.0
2023-10-17,726.0,768.0,726.0,764.0
2023-10-18,768.0,781.0,758.0,777.0
2023-10-19,762.0,780.0,761.0,774.0
2023-10-20,768.0,780.0,765.0,767.0
2023-10-23,761.0,774.0,758.0,765.0
2023-10-24,765.0,780.0,745.0,777.0
2023-10-25,784.0,811.0,781.0,807.0
2023-10-26,801.0,806.0,795.0,798.0
2023-10-27,795.0,805.0,790.0,805.0
2023-10-30,790.0,802.0,789.0,799.0
2023-10-31,802.0,807.0,786.0,800.0
2023-11-01,824.0,833.0,810.0,831.0
2023-11-02,835.0,853.0,802.0,820.0
2023-11-06,815.0,844.0,815.0,831.0
2023-11-07,820.0,830.0,811.0,824.0
2023-11-08,830.0,841.0,808.0,818.0
2023-11-09,812.0,818.0,793.0,814.0
2023-11-10,813.0,822.0,807.0,821.0
2023-11-13,826.0,836.0,815.0,815.0
2023-11-14,820.0,848.0,820.0,841.0
2023-11-15,850.0,863.0,833.0,833.0
2023-11-16,836.0,854.0,833.0,849.0
2023-11-17,846.0,859.0,838.0,840.0
2023-11-20,840.0,850.0,838.0,842.0
2023-11-21,842.0,845.0,831.0,838.0
2023-11-22,830.0,843.0,827.0,842.0
2023-11-24,845.0,847.0,817.0,834.0
2023-11-27,828.0,835.0,783.0,785.0
2023-11-28,776.0,810.0,766.0,803.0
2023-11-29,795.0,795.0,773.0,791.0
2023-11-30,782.0,784.0,769.0,774.0
2023-12-01,777.0,785.0,769.0,779.0
2023-12-04,771.0,803.0,770.0,802.0
2023-12-05,800.0,808.0,771.0,778.0
2023-12-06,780.0,803.0,779.0,800.0
2023-12-07,790.0,790.0,773.0,784.0
2023-12-08,778.0,781.0,759.0,760.0
2023-12-11,761.0,782.0,756.0,780.0
2023-12-12,777.0,783.0,768.0,772.0
2023-12-13,772.0,786.0,772.0,780.0
2023-12-14,780.0,782.0,760.0,761.0
2023-12-15,763.0,769.0,757.0,764.0
2023-12-18,757.0,765.0,743.0,761.0
2023-12-19,760.0,763.0,747.0,754.0
2023-12-20,753.0,756.0,745.0,752.0
2023-12-21,745.0,747.0,721.0,721.0
2023-12-22,728.0,734.0,716.0,718.0
2023-12-25,718.0,722.0,708.0,713.0
2023-12-26,715.0,723.0,713.0,718.0
2023-12-27,717.0,736.0,711.0,732.0
2023-12-28,725.0,731.0,716.0,727.0
2023-12-29,731.0,743.0,729.0,735.0
2024-01-04,731.0,747.0,728.0,746.0
2024-01-05,746.0,765.0,746.0,755.0
2024-01-09,756.0,767.0,752.0,764.0
2024-01-10,764.0,778.0,760.0,772.0
2024-01-11,774.0,775.0,757.0,760.0
2024-01-12,755.0,756.0,722.0,727.0
2024-01-15,700.0,732.0,697.0,718.0
2024-01-16,700.0,754.0,697.0,739.0
2024-01-17,733.0,735.0,681.0,681.0
2024-01-18,699.0,707.0,698.0,699.0
2024-01-19,703.0,711.0,700.0,700.0
2024-01-22,705.0,714.0,705.0,711.0
2024-01-23,712.0,717.0,697.0,699.0
2024-01-24,699.0,703.0,697.0,700.0
2024-01-25,698.0,700.0,674.0,687.0
2024-01-26,687.0,689.0,679.0,680.0
2024-01-29,683.0,705.0,683.0,702.0
2024-01-30,700.0,700.0,686.0,686.0
2024-01-31,685.0,693.0,681.0,690.0
2024-02-01,684.0,689.0,679.0,685.0
2024-02-02,684.0,684.0,669.0,676.0
2024-02-05,686.0,692.0,682.0,682.0
2024-02-06,680.0,685.0,678.0,682.0
2024-02-07,679.0,682.0,673.0,680.0
2024-02-08,685.0,685.0,668.0,672.0
2024-02-09,680.0,701.0,672.0,691.0
2024-02-13,713.0,713.0,697.0,701.0
2024-02-14,699.0,703.0,692.0,703.0
2024-02-15,701.0,701.0,673.0,687.0
2024-02-16,697.0,704.0,690.0,700.0
2024-02-19,698.0,702.0,694.0,702.0
2024-02-20,702.0,706.0,692.0,697.0
2024-02-21,693.0,707.0,693.0,705.0
2024-02-22,714.0,718.0,707.0,711.0
2024-02-26,709.0,710.0,699.0,705.0
2024-02-27,690.0,705.0,690.0,698.0
2024-02-28,693.0,695.0,665.0,668.0
2024-02-29,665.0,673.0,651.0,655.0
2024-03-01,655.0,676.0,654.0,670.0
2024-03-04,666.0,666.0,639.0,649.0
2024-03-05,653.0,653.0,653.0,653.0
2024-03-06,643.0,667.0,642.0,660.0
2024-03-07,658.0,663.0,636.0,647.0
2024-03-08,637.0,657.0,637.0,651.0
2024-03-11,645.0,674.0,645.0,659.0
2024-03-12,669.0,706.0,664.0,706.0
2024-03-13,698.0,704.0,687.0,690.0
2024-03-14,693.0,710.0,681.0,709.0
2024-03-15,697.0,726.0,697.0,725.0
2024-03-18,732.0,738.0,724.0,734.0
2024-03-19,737.0,752.0,728.0,743.0
2024-03-21,750.0,763.0,744.0,757.0
2024-03-22,759.0,766.0,752.0,761.0
2024-03-25,758.0,769.0,754.0,761.0
2024-03-26,757.0,763.0,739.0,755.0
2024-03-27,768.0,787.0,759.0,784.0
2024-03-28,784.0,790.0,775.0,784.0
2024-03-29,770.0,810.0,770.0,801.0
2024-04-01,804.0,804.0,780.0,790.0
2024-04-02,783.0,783.0,753.0,769.0
2024-04-03,765.0,783.0,758.0,767.0
2024-04-04,767.0,776.0,762.0,766.0
2024-04-05,770.0,797.0,769.0,797.0
2024-04-08,793.0,801.0,774.0,776.0
2024-04-09,789.0,815.0,780.0,815.0
2024-04-10,813.0,828.0,806.0,808.0
2024-04-11,804.0,815.0,798.0,812.0
2024-04-12,815.0,838.0,813.0,825.0
2024-04-15,880.0,926.0,858.0,923.0
2024-04-16,899.0,900.0,820.0,824.0
2024-04-17,847.0,861.0,832.0,841.0
2024-04-18,842.0,879.0,836.0,873.0
2024-04-19,865.0,870.0,839.0,843.0
2024-04-22,862.0,874.0,855.0,868.0
2024-04-23,877.0,886.0,868.0,881.0
2024-04-24,881.0,886.0,872.0,886.0
2024-04-25,876.0,908.0,874.0,881.0
2024-04-26,880.0,880.0,857.0,871.0
2024-04-30,869.0,882.0,853.0,880.0
2024-05-01,870.0,886.0,867.0,876.0
2024-05-02,878.0,898.0,878.0,898.0
2024-05-07,900.0,920.0,900.0,916.0
2024-05-08,920.0,935.0,901.0,903.0
2024-05-09,905.0,920.0,893.0,906.0
2024-05-10,915.0,927.0,912.0,915.0
2024-05-13,905.0,922.0,884.0,886.0
2024-05-14,883.0,891.0,869.0,879.0
2024-05-15,879.0,894.0,864.0,864.0
2024-05-16,865.0,868.0,846.0,846.0
2024-05-17,835.0,868.0,830.0,858.0
2024-05-20,859.0,876.0,859.0,865.0
2024-05-21,861.0,889.0,861.0,880.0
2024-05-22,880.0,888.0,866.0,872.0
2024-05-23,871.0,877.0,857.0,867.0
2024-05-24,865.0,888.0,859.0,883.0
2024-05-27,881.0,894.0,878.0,894.0
2024-05-28,896.0,903.0,870.0,871.0
2024-05-29,874.0,874.0,852.0,853.0
2024-05-30,850.0,853.0,834.0,850.0
2024-05-31,868.0,897.0,865.0,891.0
2024-06-03,921.0,950.0,913.0,926.0
2024-06-04,921.0,956.0,921.0,944.0
2024-06-05,931.0,962.0,925.0,951.0
2024-06-06,959.0,972.0,942.0,943.0
2024-06-07,941.0,950.0,922.0,930.0
2024-06-10,939.0,959.0,937.0,957.0
2024-06-11,950.0,967.0,942.0,943.0
2024-06-12,942.0,949.0,919.0,923.0
2024-06-13,931.0,941.0,921.0,924.0
2024-06-14,909.0,948.0,907.0,934.0
2024-06-17,919.0,933.0,907.0,920.0
2024-06-18,934.0,943.0,918.0,920.0
2024-06-19,919.0,945.0,919.0,934.0
2024-06-20,936.0,951.0,932.0,942.0
2024-06-21,942.0,975.0,922.0,930.0
2024-06-24,925.0,936.0,911.0,924.0
2024-06-25,930.0,952.0,926.0,946.0
2024-06-26,954.0,980.0,954.0,979.0
2024-06-27,972.0,987.0,968.0,976.0
2024-06-28,970.0,976.0,963.0,966.0
2024-07-01,962.0,966.0,951.0,955.0
2024-07-02,955.0,968.0,953.0,961.0
2024-07-03,962.0,967.0,946.0,952.0
2024-07-04,952.0,958.0,939.0,941.0
2024-07-05,941.0,945.0,929.0,931.0
2024-07-08,935.0,937.0,922.0,922.0
2024-07-09,922.0,941.0,922.0,927.0
2024-07-10,937.0,946.0,921.0,930.0
2024-07-11,935.0,938.0,921.0,925.0
2024-07-12,922.0,957.0,922.0,935.0
2024-07-16,931.0,933.0,860.0,860.0
2024-07-17,851.0,858.0,832.0,848.0
2024-07-18,848.0,872.0,845.0,851.0
2024-07-19,852.0,871.0,846.0,851.0
2024-07-22,852.0,857.0,838.0,849.0
2024-07-23,854.0,862.0,847.0,861.0
2024-07-24,857.0,859.0,841.0,845.0
2024-07-25,846.0,861.0,845.0,860.0
2024-07-26,862.0,872.0,856.0,860.0
2024-07-29,870.0,898.0,866.0,897.0
2024-07-30,882.0,891.0,860.0,866.0
2024-07-31,859.0,907.0,859.0,907.0
2024-08-01,896.0,900.0,867.0,883.0
2024-08-02,868.0,868.0,825.0,825.0
2024-08-05,785.0,809.0,744.0,755.0
2024-08-06,768.0,833.0,768.0,806.0
2024-08-07,800.0,825.0,795.0,800.0
2024-08-08,793.0,819.0,790.0,800.0
2024-08-09,815.0,832.0,800.0,809.0
2024-08-13,809.0,828.0,801.0,824.0
2024-08-14,824.0,831.0,808.0,831.0
2024-08-15,839.0,870.0,833.0,863.0
2024-08-16,872.0,877.0,863.0,868.0
2024-08-19,862.0,878.0,855.0,867.0
2024-08-20,873.0,887.0,873.0,882.0
2024-08-21,870.0,882.0,869.0,879.0
2024-08-22,885.0,892.0,880.0,886.0
2024-08-23,886.0,893.0,878.0,885.0
2024-08-26,883.0,886.0,864.0,873.0
2024-08-27,872.0,878.0,862.0,873.0
2024-08-28,866.0,882.0,862.0,874.0
2024-08-29,870.0,896.0,864.0,891.0
2024-08-30,894.0,924.0,894.0,920.0
2024-09-02,920.0,937.0,920.0,930.0
2024-09-03,926.0,942.0,925.0,935.0
2024-09-04,932.0,948.0,927.0,930.0
2024-09-05,933.0,961.0,928.0,953.0
2024-09-06,950.0,957.0,941.0,947.0
2024-09-09,923.0,935.0,910.0,914.0
2024-09-10,913.0,915.0,890.0,896.0
2024-09-11,885.0,888.0,875.0,881.0
2024-09-12,900.0,915.0,900.0,901.0
2024-09-13,895.0,896.0,879.0,884.0
2024-09-17,893.0,897.0,882.0,897.0
2024-09-18,906.0,925.0,894.0,903.0
2024-09-19,913.0,917.0,903.0,904.0
2024-09-20,907.0,914.0,899.0,901.0
2024-09-24,912.0,912.0,897.0,902.0
2024-09-25,901.0,901.0,879.0,887.0
2024-09-26,892.0,925.0,890.0,917.0
2024-09-27,910.0,920.0,886.0,889.0
2024-09-30,860.0,877.0,851.0,877.0
2024-10-01,877.0,883.0,874.0,878.0
2024-10-02,871.0,881.0,851.0,856.0
2024-10-03,879.0,879.0,860.0,874.0
2024-10-04,880.0,890.0,875.0,882.0
2024-10-07,893.0,895.0,887.0,892.0
2024-10-08,898.0,953.0,896.0,941.0
2024-10-09,947.0,963.0,942.0,944.0
2024-10-10,944.0,949.0,940.0,943.0
2024-10-11,938.0,950.0,935.0,936.0
2024-10-15,1045.0,1086.0,1037.0,1086.0
2024-10-16,1058.0,1060.0,977.0,1007.0
2024-10-17,986.0,1005.0,978.0,996.0
2024-10-18,1000.0,1013.0,977.0,980.0
2024-10-21,980.0,992.0,976.0,976.0
2024-10-22,964.0,973.0,952.0,958.0
2024-10-23,958.0,962.0,937.0,938.0
2024-10-24,932.0,935.0,904.0,904.0
2024-10-25,894.0,910.0,887.0,896.0
2024-10-28,895.0,910.0,889.0,894.0
2024-10-29,903.0,920.0,897.0,913.0
2024-10-30,915.0,921.0,908.0,908.0
2024-10-31,912.0,918.0,892.0,898.0
2024-11-01,898.0,906.0,888.0,894.0
2024-11-05,895.0,917.0,891.0,905.0
2024-11-06,896.0,903.0,879.0,882.0
2024-11-07,882.0,902.0,875.0,900.0
2024-11-08,903.0,906.0,889.0,889.0
2024-11-11,889.0,895.0,873.0,880.0
2024-11-12,885.0,885.0,856.0,856.0
2024-11-13,850.0,858.0,826.0,834.0
2024-11-14,845.0,845.0,829.0,831.0
2024-11-15,843.0,851.0,832.0,845.0
2024-11-18,845.0,853.0,837.0,845.0
2024-11-19,846.0,850.0,836.0,848.0
2024-11-20,863.0,866.0,848.0,862.0
2024-11-21,861.0,863.0,853.0,856.0
2024-11-22,860.0,877.0,857.0,873.0
2024-11-25,888.0,888.0,868.0,873.0
2024-11-26,862.0,874.0,859.0,872.0
2024-11-27,874.0,874.0,841.0,856.0
2024-11-28,860.0,861.0,848.0,861.0
2024-11-29,863.0,901.0,860.0,893.0
2024-12-02,893.0,897.0,879.0,890.0
2024-12-03,900.0,954.0,899.0,942.0
2024-12-04,930.0,946.0,927.0,935.0
2024-12-05,935.0,953.0,932.0,946.0
2024-12-06,959.0,974.0,956.0,972.0
2024-12-09,972.0,992.0,962.0,981.0
2024-12-10,981.0,990.0,973.0,976.0
2024-12-11,970.0,979.0,956.0,973.0
2024-12-12,988.0,1030.0,985.0,1012.0
2024-12-13,1001.0,1030.0,1001.0,1027.0
2024-12-16,1029.0,1040.0,1027.0,1034.0
2024-12-17,1040.0,1040.0,1020.0,1020.0
2024-12-18,1023.0,1048.0,1023.0,1034.0
2024-12-19,1030.0,1063.0,1029.0,1060.0
2024-12-20,1078.0,1096.0,1062.0,1062.0
2024-12-23,1051.0,1059.0,1037.0,1049.0
2024-12-24,1054.0,1054.0,1031.0,1036.0
2024-12-25,1036.0,1036.0,1018.0,1031.0
2024-12-26,1020.0,1029.0,1014.0,1029.0
2024-12-27,1035.0,1064.0,1032.0,1062.0
2024-12-30,1058.0,1069.0,1055.0,1056.0
2025-01-06,1060.0,1060.0,1019.0,1023.0
2025-01-07,1017.0,1031.0,1015.0,1015.0
2025-01-08,1015.0,1015.0,998.0,1001.0
2025-01-09,1005.0,1016.0,997.0,1001.0
2025-01-10,1001.0,1014.0,994.0,1004.0
2025-01-14,1012.0,1019.0,993.0,1006.0
2025-01-15,1306.0,1306.0,1306.0,1306.0
2025-01-16,1290.0,1305.0,1256.0,1283.0
2025-01-17,1270.0,1294.0,1234.0,1282.0
2025-01-20,1282.0,1293.0,1268.0,1288.0
2025-01-21,1284.0,1287.0,1207.0,1236.0
2025-01-22,1227.0,1240.0,1218.0,1237.0
2025-01-23,1193.0,1235.0,1180.0,1217.0
2025-01-24,1216.0,1233.0,1210.0,1226.0
2025-01-27,1220.0,1237.0,1203.0,1210.0
2025-01-28,1200.0,1216.0,1194.0,1199.0
2025-01-29,1196.0,1235.0,1192.0,1231.0
2025-01-30,1231.0,1254.0,1228.0,1242.0
2025-01-31,1239.0,1244.0,1226.0,1240.0
2025-02-03,1292.0,1305.0,1264.0,1281.0
2025-02-04,1341.0,1343.0,1275.0,1279.0
2025-02-05,1270.0,1324.0,1253.0,1321.0
2025-02-06,1342.0,1352.0,1301.0,1304.0
2025-02-07,1290.0,1311.0,1288.0,1293.0
2025-02-10,1275.0,1282.0,1259.0,1266.0
2025-02-12,1258.0,1276.0,1253.0,1258.0
2025-02-13,1273.0,1290.0,1263.0,1288.0
2025-02-14,1277.0,1295.0,1276.0,1280.0
2025-02-17,1299.0,1322.0,1287.0,1288.0
2025-02-18,1288.0,1288.0,1253.0,1265.0
2025-02-19,1265.0,1277.0,1253.0,1262.0
2025-02-20,1250.0,1258.0,1227.0,1235.0
2025-02-21,1220.0,1239.0,1220.0,1228.0
2025-02-25,1221.0,1229.0,1208.0,1224.0
2025-02-26,1215.0,1258.0,1204.0,1245.0
2025-02-27,1181.0,1215.0,1165.0,1197.0
2025-02-28,1207.0,1217.0,1194.0,1199.0
2025-03-03,1211.0,1226.0,1200.0,1217.0
2025-03-04,1225.0,1234.0,1202.0,1224.0
2025-03-05,1224.0,1231.0,1209.0,1222.0
2025-03-06,1221.0,1221.0,1155.0,1157.0
2025-03-07,1158.0,1172.0,1143.0,1167.0
2025-03-10,1162.0,1162.0,1131.0,1139.0
2025-03-11,1127.0,1149.0,1105.0,1146.0
2025-03-12,1133.0,1162.0,1128.0,1154.0
2025-03-13,1162.0,1162.0,1138.0,1152.0
2025-03-14,1152.0,1164.0,1147.0,1164.0
2025-03-17,1150.0,1152.0,1103.0,1121.0
2025-03-18,1138.0,1154.0,1128.0,1142.0
2025-03-19,1155.0,1164.0,1150.0,1152.0
2025-03-21,1152.0,1168.0,1148.0,1148.0
2025-03-24,1170.0,1178.0,1156.0,1157.0
2025-03-25,1162.0,1175.0,1152.0,1155.0
2025-03-26,1160.0,1169.0,1151.0,1157.0
2025-03-27,1150.0,1159.0,1138.0,1146.0
2025-03-28,1150.0,1157.0,1127.0,1136.0
2025-03-31,1118.0,1124.0,1102.0,1110.0
2025-04-01,1121.0,1127.0,1098.0,1102.0
2025-04-02,1113.0,1113.0,1080.0,1101.0
2025-04-03,1059.0,1085.0,1058.0,1080.0
2025-04-04,1055.0,1076.0,1035.0,1053.0
2025-04-07,980.0,1039.0,970.0,1014.0
2025-04-08,1043.0,1078.0,1043.0,1066.0
2025-04-09,1045.0,1050.0,1022.0,1039.0
2025-04-10,1110.0,1123.0,1087.0,1107.0
2025-04-11,1100.0,1104.0,1072.0,1097.0
2025-04-14,947.0,1023.0,947.0,983.0
2025-04-15,982.0,989.0,966.0,972.0
2025-04-16,966.0,977.0,952.0,961.0
2025-04-17,970.0,1008.0,968.0,1008.0
2025-04-18,1011.0,1058.0,1011.0,1053.0
2025-04-21,1050.0,1054.0,1018.0,1022.0
2025-04-22,1024.0,1041.0,1021.0,1034.0
2025-04-23,1041.0,1051.0,1035.0,1048.0
2025-04-24,1075.0,1097.0,1059.0,1065.0
2025-04-25,1068.0,1140.0,1068.0,1104.0
2025-04-28,1093.0,1096.0,1053.0,1062.0
2025-04-30,1075.0,1078.0,1059.0,1071.0
2025-05-01,1065.0,1096.0,1065.0,1073.0
2025-05-02,1073.0,1093.0,1067.0,1089.0
2025-05-07,1091.0,1098.0,1072.0,1094.0
2025-05-08,1100.0,1106.0,1078.0,1090.0
2025-05-09,1104.0,1112.0,1076.0,1111.0
2025-05-12,1107.0,1111.0,1063.0,1070.0
2025-05-13,1070.0,1079.0,1046.0,1055.0
2025-05-14,1049.0,1056.0,1036.0,1052.0
2025-05-15,1034.0,1038.0,1019.0,1037.0
2025-05-16,1040.0,1040.0,1014.0,1035.0
2025-05-19,1022.0,1076.0,1016.0,1076.0
2025-05-20,1072.0,1078.0,1047.0,1051.0
2025-05-21,1066.0,1067.0,1039.0,1043.0
2025-05-22,1035.0,1070.0,1035.0,1054.0
2025-05-23,1062.0,1080.0,1050.0,1071.0
2025-05-26,1062.0,1064.0,1038.0,1044.0
2025-05-27,1046.0,1053.0,1040.0,1041.0
2025-05-28,1096.0,1151.0,1082.0,1142.0
2025-05-29,1160.0,1172.0,1118.0,1123.0
2025-05-30,1117.0,1128.0,1094.0,1096.0
2025-06-02,1096.0,1102.0,1064.0,1076.0
2025-06-03,1083.0,1092.0,1040.0,1063.0
2025-06-04,1061.0,1078.0,1057.0,1060.0
2025-06-05,1055.0,1056.0,1026.0,1031.0
2025-06-06,1046.0,1058.0,1044.0,1050.0
2025-06-09,1062.0,1066.0,1047.0,1065.0
2025-06-10,1065.0,1098.0,1065.0,1080.0
2025-06-11,1086.0,1099.0,1081.0,1096.0
2025-06-12,1111.0,1118.0,1088.0,1097.0
2025-06-13,1097.0,1098.0,1081.0,1087.0
2025-06-16,1092.0,1098.0,1082.0,1094.0
2025-06-17,1099.0,1105.0,1089.0,1105.0
2025-06-18,1119.0,1125.0,1106.0,1110.0
2025-06-19,1110.0,1112.0,1083.0,1103.0
2025-06-20,1110.0,1143.0,1106.0,1113.0
2025-06-23,1100.0,1117.0,1085.0,1115.0
2025-06-24,1115.0,1116.0,1095.0,1114.0
2025-06-25,1118.0,1133.0,1113.0,1121.0
2025-06-26,1139.0,1149.0,1126.0,1134.0
2025-06-27,1137.0,1140.0,1125.0,1136.0
2025-06-30,1144.0,1152.0,1137.0,1138.0
2025-07-01,1140.0,1145.0,1120.0,1124.0
2025-07-02,1121.0,1142.0,1113.0,1133.0
2025-07-03,1117.0,1134.0,1101.0,1134.0
2025-07-04,1128.0,1143.0,1126.0,1134.0
2025-07-07,1133.0,1140.0,1127.0,1127.0
2025-07-08,1124.0,1141.0,1117.0,1141.0
2025-07-09,1145.0,1147.0,1138.0,1145.0
2025-07-10,1146.0,1146.0,1131.0,1132.0
2025-07-11,1140.0,1142.0,1128.0,1134.0
2025-07-14,1119.0,1136.0,1113.0,1115.0
2025-07-15,1246.0,1270.0,1205.0,1212.0
2025-07-16,1200.0,1200.0,1149.0,1159.0
2025-07-17,1150.0,1176.0,1142.0,1149.0
2025-07-18,1155.0,1165.0,1135.0,1135.0
2025-07-22,1137.0,1139.0,1107.0,1109.0
2025-07-23,1124.0,1137.0,1114.0,1125.0
2025-07-24,1155.0,1188.0,1094.0,1094.0
2025-07-25,1071.0,1078.0,1038.0,1048.0
2025-07-28,1051.0,1070.0,1036.0,1059.0
2025-07-29,1056.0,1056.0,1019.0,1045.0
2025-07-30,1041.0,1053.0,1032.0,1050.0
2025-07-31,1049.0,1059.0,1043.0,1059.0
2025-08-01,1055.0,1082.0,1051.0,1066.0
2025-08-04,1050.0,1058.0,1032.0,1047.0
2025-08-05,1047.0,1051.0,1035.0,1042.0
2025-08-06,1045.0,1064.0,1043.0,1064.0
2025-08-07,1058.0,1070.0,1054.0,1066.0
2025-08-08,1069.0,1093.0,1067.0,1077.0
2025-08-12,1093.0,1115.0,1085.0,1108.0
2025-08-13,1110.0,1136.0,1108.0,1134.0
2025-08-14,1132.0,1144.0,1127.0,1143.0
2025-08-15,1138.0,1141.0,1086.0,1087.0
2025-08-18,1077.0,1088.0,1063.0,1085.0
2025-08-19,1093.0,1113.0,1090.0,1107.0
2025-08-20,1111.0,1130.0,1102.0,1122.0
2025-08-21,1114.0,1131.0,1106.0,1119.0
2025-08-22,1119.0,1123.0,1102.0,1103.0
2025-08-25,1103.0,1103.0,1072.0,1074.0
2025-08-26,1065.0,1082.0,1060.0,1072.0
2025-08-27,1068.0,1083.0,1060.0,1075.0
2025-08-28,1077.0,1092.0,1072.0,1092.0
2025-08-29,1086.0,1091.0,1078.0,1080.0
2025-09-01,1079.0,1087.0,1068.0,1087.0
2025-09-02,1085.0,1095.0,1079.0,1086.0
2025-09-03,1081.0,1099.0,1080.0,1099.0
2025-09-04,1100.0,1109.0,1092.0,1104.0
2025-09-05,1111.0,1118.0,1104.0,1118.0
2025-09-08,1120.0,1145.0,1113.0,1144.0
2025-09-09,1149.0,1150.0,1116.0,1123.0
2025-09-10,1123.0,1129.0,1116.0,1128.0
2025-09-11,1121.0,1126.0,1111.0,1123.0
2025-09-12,1135.0,1145.0,1127.0,1129.0
2025-09-16,1120.0,1129.0,1108.0,1125.0
2025-09-17,1125.0,1125.0,1092.0,1092.0
2025-09-18,1098.0,1102.0,1087.0,1087.0
2025-09-19,1088.0,1092.0,1067.0,1076.0
2025-09-22,1075.0,1084.0,1074.0,1083.0
2025-09-24,1080.0,1086.0,1074.0,1086.0
2025-09-25,1086.0,1092.0,1082.0,1088.0
2025-09-26,1080.0,1095.0,1075.0,1090.0
2025-09-29,1090.0,1090.0,1070.0,1072.0
2025-09-30,1071.0,1071.0,1057.0,1057.0
2025-10-01,1056.0,1056.0,1015.0,1023.0
2025-10-02,1024.0,1025.0,1000.0,1002.0
2025-10-03,1013.0,1017.0,1004.0,1009.0
2025-10-06,1033.0,1036.0,1019.0,1023.0
2025-10-07,1024.0,1042.0,1020.0,1031.0
2025-10-08,1031.0,1044.0,1026.0,1026.0
2025-10-09,1030.0,1033.0,1021.0,1025.0
2025-10-10,1020.0,1032.0,1014.0,1025.0
2025-10-14,1005.0,1018.0,989.0,994.0
2025-10-15,985.0,995.0,955.0,982.0
2025-10-16,979.0,982.0,955.0,955.0
2025-10-17,955.0,975.0,951.0,972.0
2025-10-20,983.0,983.0,968.0,976.0
2025-10-21,984.0,998.0,979.0,991.0
2025-10-22,998.0,1032.0,998.0,1026.0
2025-10-23,1026.0,1029.0,1017.0,1021.0
2025-10-24,1022.0,1022.0,997.0,1002.0
2025-10-27,1002.0,1014.0,1000.0,1007.0
2025-10-28,1004.0,1004.0,973.0,976.0
2025-10-29,974.0,974.0,952.0,955.0
2025-10-30,960.0,964.0,952.0,957.0
2025-10-31,955.0,962.0,943.0,957.0
2025-11-04,950.0,962.0,943.0,954.0
2025-11-05,952.0,958.0,939.0,948.0
2025-11-06,953.0,961.0,950.0,952.0
2025-11-07,950.0,959.0,946.0,959.0
2025-11-10,963.0,969.0,956.0,964.0
2025-11-11,971.0,971.0,954.0,966.0
2025-11-12,971.0,987.0,967.0,983.0
2025-11-13,987.0,988.0,963.0,968.0
2025-11-14,963.0,975.0,959.0,964.0
2025-11-17,963.0,987.0,958.0,984.0
2025-11-18,975.0,978.0,962.0,962.0
2025-11-19,963.0,968.0,957.0,957.0
2025-11-20,963.0,972.0,959.0,965.0
2025-11-21,967.0,987.0,967.0,980.0
2025-11-25,980.0,981.0,967.0,980.0
2025-11-26,980.0,992.0,978.0,990.0
2025-11-27,992.0,995.0,986.0,993.0
2025-11-28,994.0,1000.0,986.0,989.0
2025-12-01,989.0,994.0,977.0,983.0
2025-12-02,980.0,993.0,979.0,990.0
2025-12-03,986.0,992.0,975.0,976.0
2025-12-04,976.0,990.0,976.0,990.0
2025-12-05,980.0,997.0,976.0,984.0
2025-12-08,995.0,1005.0,989.0,1002.0
2025-12-09,1002.0,1002.0,982.0,986.0
2025-12-10,986.0,1003.0,985.0,999.0
2025-12-11,1007.0,1010.0,997.0,999.0
2025-12-12,1028.0,1030.0,1014.0,1026.0
2025-12-15,1024.0,1045.0,1024.0,1043.0
2025-12-16,1040.0,1041.0,1017.0,1019.0
2025-12-17,1031.0,1055.0,1030.0,1053.0
2025-12-18,1055.0,1062.0,1048.0,1057.0
2025-12-19,1066.0,1090.0,1059.0,1081.0
2025-12-22,1079.0,1080.0,1046.0,1055.0
2025-12-23,1051.0,1064.0,1048.0,1062.0
2025-12-24,1065.0,1065.0,1043.0,1046.0
2025-12-25,1050.0,1050.0,1042.0,1050.0
2025-12-26,1050.0,1060.0,1049.0,1055.0
2025-12-29,1058.0,1059.0,1051.0,1056.0
2025-12-30,1056.0,1058.0,1044.0,1044.0
2026-01-05,1047.0,1070.0,1044.0,1067.0
2026-01-06,1074.0,1088.0,1072.0,1082.0
2026-01-07,1075.0,1102.0,1074.0,1088.0
2026-01-08,1081.0,1090.0,1071.0,1080.0
2026-01-09,1090.0,1101.0,1083.0,1099.0
2026-01-13,1103.0,1107.0,1082.0,1082.0
2026-01-14,1095.0,1100.0,1081.0,1082.0
2026-01-15,1120.0,1124.0,1066.0,1100.0
2026-01-16,1111.0,1119.0,1098.0,1102.0
2026-01-19,1106.0,1112.0,1096.0,1103.0
2026-01-20,1102.0,1102.0,1080.0,1080.0
2026-01-21,1072.0,1079.0,1059.0,1067.0
2026-01-22,1075.0,1092.0,1072.0,1084.0
2026-01-23,1097.0,1097.0,1082.0,1083.0
2026-01-26,1069.0,1073.0,1054.0,1059.0
2026-01-27,1051.0,1060.0,1047.0,1052.0
2026-01-28,1044.0,1048.0,1034.0,1040.0
2026-01-29,1036.0,1045.0,1022.0,1039.0
2026-01-30,1045.0,1058.0,1041.0,1053.0
2026-02-02,1068.0,1072.0,1060.0,1062.0
2026-02-03,1082.0,1082.0,1068.0,1069.0
2026-02-04,1069.0,1083.0,1067.0,1075.0
2026-02-05,1085.0,1097.0,1079.0,1090.0
2026-02-06,1098.0,1100.0,1084.0,1098.0
2026-02-09,1113.0,1115.0,1096.0,1101.0
2026-02-10,1101.0,1121.0,1100.0,1118.0
2026-02-12,1123.0,1135.0,1121.0,1129.0
2026-02-13,1132.0,1138.0,1111.0,1123.0
2026-02-16,1123.0,1135.0,1119.0,1126.0
2026-02-17,1132.0,1133.0,1124.0,1125.0
2026-02-18,1136.0,1137.0,1122.0,1132.0
2026-02-19,1138.0,1138.0,1123.0,1131.0
2026-02-20,1131.0,1132.0,1114.0,1123.0
2026-02-24,1121.0,1147.0,1121.0,1145.0
2026-02-25,1142.0,1164.0,1134.0,1156.0
2026-02-26,1115.0,1137.0,1112.0,1121.0
2026-02-27,1122.0,1151.0,1118.0,1151.0
2026-03-02,1123.0,1130.0,1107.0,1115.0
2026-03-03,1127.0,1127.0,1095.0,1095.0
2026-03-04,1069.0,1077.0,1052.0,1060.0
2026-03-05,1090.0,1113.0,1083.0,1097.0
2026-03-06,1085.0,1103.0,1080.0,1099.0
2026-03-09,1064.0,1086.0,1053.0,1080.0
2026-03-10,1091.0,1107.0,1084.0,1096.0
2026-03-11,1101.0,1114.0,1098.0,1098.0
2026-03-12,1094.0,1094.0,1074.0,1075.0
2026-03-13,1066.0,1081.0,1066.0,1073.0
2026-03-16,1073.0,1073.0,1056.0,1061.0
2026-03-17,1066.0,1074.0,1060.0,1067.0
2026-03-18,1072.0,1086.0,1069.0,1082.0
2026-03-19,1070.0,1074.0,1046.0,1046.0
2026-03-23,1045.0,1045.0,1021.0,1023.0
2026-03-24,1053.0,1066.0,1048.0,1060.0
2026-03-25,1077.0,1085.0,1073.0,1079.0
2026-03-26,1072.0,1077.0,1058.0,1070.0
2026-03-27,1070.0,1082.0,1067.0,1078.0
2026-03-30,1030.0,1064.0,1024.0,1060.0
2026-03-31,1061.0,1078.0,1055.0,1063.0
2026-04-01,1079.0,1093.0,1075.0,1092.0
2026-04-02,1078.0,1106.0,1078.0,1088.0
2026-04-03,1088.0,1107.0,1088.0,1098.0
2026-04-06,1076.0,1096.0,1075.0,1089.0
2026-04-07,1091.0,1108.0,1087.0,1097.0
2026-04-08,1110.0,1122.0,1108.0,1122.0
2026-04-09,1117.0,1125.0,1108.0,1113.0
2026-04-10,1124.0,1142.0,1110.0,1126.0
2026-04-13,1364.0,1367.0,1292.0,1360.0
2026-04-14,1358.0,1400.0,1310.0,1386.0
2026-04-15,1399.0,1451.0,1394.0,1441.0
2026-04-16,1441.0,1504.0,1437.0,1474.0
2026-04-17,1480.0,1495.0,1424.0,1434.0
2026-04-20,1451.0,1485.0,1440.0,1479.0
2026-04-21,1484.0,1539.0,1475.0,1505.0
2026-04-22,1491.0,1507.0,1428.0,1438.0
2026-04-23,1410.0,1433.0,1401.0,1406.0
2026-04-24,1406.0,1415.0,1368.0,1400.0
2026-04-27,1388.0,1395.0,1361.0,1373.0
2026-04-28,1365.0,1372.0,1351.0,1363.0
2026-04-30,1337.0,1339.0,1308.0,1315.0
2026-05-01,1300.0,1308.0,1268.0,1278.0
2026-05-07,1291.0,1299.0,1238.0,1238.0
2026-05-08,1231.0,1247.0,1207.0,1225.0
2026-05-11,1229.0,1240.0,1218.0,1218.0
2026-05-12,1210.0,1221.0,1182.0,1195.0
2026-05-13,1204.0,1222.0,1183.0,1184.0
2026-05-14,1179.0,1183.0,1164.0,1180.0
2026-05-15,1175.0,1204.0,1172.0,1189.0
2026-05-18,1192.0,1197.0,1152.0,1164.0
2026-05-19,1179.0,1191.0,1163.0,1184.0
2026-05-20,1183.0,1183.0,1146.0,1162.0
2026-05-21,1169.0,1185.0,1167.0,1175.0
2026-05-22,1184.0,1187.0,1163.0,1182.0
2026-05-25,1187.0,1192.0,1165.0,1177.0
2026-05-26,1165.0,1177.0,1157.0,1173.0
2026-05-27,1166.0,1182.0,1163.0,1182.0
2026-05-28,1182.0,1195.0,1177.0,1182.0
2026-05-29,1182.0,1191.0,1177.0,1177.0
2026-06-01,1170.0,1172.0,1136.0,1161.0
2026-06-02,1160.0,1161.0,1117.0,1118.0
2026-06-03,1115.0,1141.0,1111.0,1140.0
2026-06-04,1121.0,1126.0,1101.0,1108.0
2026-06-05,1125.0,1147.0,1121.0,1139.0
2026-06-08,1130.0,1153.0,1130.0,1148.0
2026-06-09,1160.0,1175.0,1156.0,1161.0
2026-06-10,1170.0,1197.0,1170.0,1180.0
2026-06-11,1170.0,1175.0,1147.0,1158.0
2026-06-12,1158.0,1172.0,1150.0,1159.0
2026-06-15,1180.0,1180.0,1160.0,1165.0
2026-06-16,1159.0,1159.0,1137.0,1144.0
2026-06-17,1152.0,1160.0,1141.0,1141.0
2026-06-18,1141.0,1186.0,1141.0,1176.0
2026-06-19,1178.0,1182.0,1160.0,1177.0
2026-06-22,1163.0,1177.0,1150.0,1150.0
2026-06-23,1150.0,1152.0,1134.0,1143.0
2026-06-24,1150.0,1150.0,1131.0,1131.0
2026-06-25,1147.0,1154.0,1137.0,1149.0
2026-06-26,1140.0,1159.0,1137.0,1155.0
2026-06-29,1163.0,1175.0,1156.0,1174.0
2026-06-30,1172.0,1172.0,1152.0,1155.0
2026-07-01,1148.0,1155.0,1144.0,1150.0
2026-07-02,1164.0,1170.0,1157.0,1160.0
2026-07-03,1173.0,1185.0,1170.0,1178.0
2026-07-06,1181.0,1241.0,1180.0,1231.0
2026-07-07,1232.0,1247.0,1228.0,1233.0
2026-07-08,1240.0,1243.0,1220.0,1227.0
2026-07-09,1219.0,1219.0,1203.0,1209.0
2026-07-10,1216.0,1216.0,1200.0,1204.0
2026-07-13,1220.0,1221.0,1201.0,1201.0
2026-07-14,1210.0,1216.0,1203.0,1211.0
2026-07-15,1248.0,1265.0,1219.0,1232.0
2026-07-16,1230.0,1248.0,1222.0,1227.0
2026-07-17,1227.0,1231.0,1206.0,1214.0
2026-07-21,1220.0,1241.0,1220.0,1231.0
2026-07-22,1241.0,1253.0,1233.0,1234.0
2026-07-23,1237.0,1241.0,1224.0,1228.0
2026-07-24,1225.0,1233.0,1209.0,1231.0
2026-07-27,1244.0,1269.0,1244.0,1269.0
2026-07-28,1272.0,1274.0,1252.0,1263.0
2026-07-29,1273.0,1288.0,1264.0,1278.0
2026-07-30,1268.0,1269.0,1249.0,1265.0
2026-07-31,1254.0,1258.0,1229.0,1230.0
2026-08-03,1230.0,1230.0,1198.0,1214.0
2026-08-04,1220.0,1220.0,1200.0,1200.0
2026-08-05,1198.0,1213.0,1197.0,1205.0
2026-08-06,1202.0,1218.0,1198.0,1204.0
2026-08-07,1212.0,1223.0,1206.0,1217.0
2026-08-10,1224.0,1225.0,1213.0,1215.0
2026-08-12,1213.0,1235.0,1213.0,1230.0
2026-08-13,1237.0,1238.0,1221.0,1231.0
2026-08-14,1240.0,1272.0,1235.0,1267.0
2026-08-17,1280.0,1282.0,1254.0,1257.0
2026-08-18,1260.0,1262.0,1250.0,1255.0
2026-08-19,1263.0,1263.0,1242.0,1249.0
2026-08-20,1257.0,1262.0,1246.0,1256.0
2026-08-21,1248.0,1272.0,1247.0,1270.0
2026-08-24,1277.0,1281.0,1265.0,1269.0
2026-08-25,1269.0,1283.0,1268.0,1280.0
2026-08-26,1280.0,1289.0,1274.0,1277.0
2026-08-27,1267.0,1287.0,1262.0,1270.0
2026-08-28,1263.0,1267.0,1244.0,1263.0
2026-08-31,1264.0,1273.0,1255.0,1267.0
2026-09-01,1260.0,1282.0,1254.0,1275.0
2026-09-02,1286.0,1293.0,1250.0,1250.0
2026-09-03,1262.0,1262.0,1243.0,1249.0
2026-09-04,1239.0,1247.0,1229.0,1246.0
2026-09-07,1252.0,1256.0,1233.0,1241.0
2026-09-08,1243.0,1257.0,1235.0,1238.0
2026-09-09,1229.0,1237.0,1215.0,1227.0
