Date,Open,High,Low,Close
2004-07-29,2000.0,2250.0,1875.0,2035.0
2004-07-30,2000.0,2062.5,1837.5,1862.5
2004-08-02,1865.0,1937.5,1805.0,1855.0
2004-08-03,1865.0,1880.0,1605.0,1620.0
2004-08-04,1470.0,1702.5,1375.0,1675.0
2004-08-05,1600.0,1712.5,1500.0,1550.0
2004-08-06,1475.0,1575.0,1465.0,1540.0
2004-08-09,1477.5,1547.5,1462.5,1520.0
2004-08-10,1557.5,1770.0,1557.5,1747.5
2004-08-11,1797.5,1850.0,1630.0,1657.5
2004-08-12,1675.0,1780.0,1667.5,1772.5
2004-08-13,1722.5,1787.5,1690.0,1700.0
2004-08-16,1675.0,1697.5,1612.5,1645.0
2004-08-17,1667.5,1687.5,1545.0,1575.0
2004-08-18,1525.0,1550.0,1475.0,1480.0
2004-08-19,1517.5,1537.5,1477.5,1480.0
2004-08-20,1482.5,1515.0,1480.0,1482.5
2004-08-23,1492.5,1540.0,1492.5,1502.5
2004-08-24,1512.5,1512.5,1455.0,1477.5
2004-08-25,1462.5,1482.5,1455.0,1470.0
2004-08-26,1515.0,1607.5,1495.0,1500.0
2004-08-27,1525.0,1525.0,1472.5,1472.5
2004-08-30,1452.5,1472.5,1427.5,1430.0
2004-08-31,1427.5,1475.0,1420.0,1440.0
2004-09-01,1415.0,1447.5,1405.0,1415.0
2004-09-02,1412.5,1432.5,1402.5,1402.5
2004-09-03,1410.0,1412.5,1360.0,1367.5
2004-09-06,1327.5,1342.5,1287.5,1292.5
2004-09-07,1270.0,1287.5,1242.5,1275.0
2004-09-08,1277.5,1295.0,1225.0,1230.0
2004-09-09,1237.5,1337.5,1180.0,1262.5
2004-09-10,1275.0,1380.0,1250.0,1300.0
2004-09-13,1325.0,1330.0,1265.0,1297.5
2004-09-14,1280.0,1280.0,1205.0,1215.0
2004-09-15,1212.5,1225.0,1172.5,1180.0
2004-09-16,1160.0,1175.0,1132.5,1132.5
2004-09-17,1125.0,1127.5,1060.0,1077.5
2004-09-20,1077.5,1077.5,1077.5,1077.5
2004-09-21,1072.5,1072.5,1000.0,1002.5
2004-09-22,1007.5,1127.5,1007.5,1127.5
2004-09-23,1127.5,1127.5,1127.5,1127.5
2004-09-24,1102.5,1162.5,1067.5,1140.0
2004-09-27,1140.0,1140.0,1087.5,1100.0
2004-09-28,1077.5,1077.5,1002.5,1002.5
2004-09-29,1037.5,1037.5,1000.0,1007.5
2004-09-30,1025.0,1095.0,1025.0,1040.0
2004-10-01,1050.0,1052.5,1025.0,1027.5
2004-10-04,1050.0,1152.5,1045.0,1105.0
2004-10-05,1095.0,1137.5,1052.5,1137.5
2004-10-06,1092.5,1185.0,1092.5,1170.0
2004-10-07,1182.5,1182.5,1125.0,1147.5
2004-10-08,1127.5,1265.0,1127.5,1260.0
2004-10-11,1260.0,1260.0,1260.0,1260.0
2004-10-12,1235.0,1262.5,1165.0,1205.0
2004-10-13,1242.5,1247.5,1157.5,1167.5
2004-10-14,1162.5,1162.5,1107.5,1115.0
2004-10-15,1090.0,1167.5,1080.0,1147.5
2004-10-18,1167.5,1175.0,1125.0,1130.0
2004-10-19,1140.0,1160.0,1075.0,1075.0
2004-10-20,1062.5,1117.5,1050.0,1090.0
2004-10-21,1077.5,1090.0,1042.5,1042.5
2004-10-22,1050.0,1062.5,1025.0,1050.0
2004-10-25,1055.0,1147.5,1025.0,1132.5
2004-10-26,1137.5,1147.5,1090.0,1100.0
2004-10-27,1112.5,1112.5,1067.5,1070.0
2004-10-28,1057.5,1085.0,1055.0,1075.0
2004-10-29,1087.5,1095.0,1055.0,1062.5
2004-11-01,1040.0,1045.0,1030.0,1040.0
2004-11-02,1052.5,1062.5,1037.5,1050.0
2004-11-03,1050.0,1050.0,1050.0,1050.0
2004-11-04,1072.5,1072.5,1045.0,1052.5
2004-11-05,1050.0,1057.5,1040.0,1055.0
2004-11-08,1055.0,1055.0,1042.5,1047.5
2004-11-09,1045.0,1065.0,1037.5,1045.0
2004-11-10,1045.0,1060.0,1037.5,1050.0
2004-11-11,1047.5,1085.0,1037.5,1052.5
2004-11-12,1050.0,1065.0,1040.0,1050.0
2004-11-15,1055.0,1077.5,1055.0,1072.5
2004-11-16,1097.5,1197.5,1090.0,1197.5
2004-11-17,1220.0,1270.0,1200.0,1225.0
2004-11-18,1210.0,1225.0,1162.5,1220.0
2004-11-19,1220.0,1220.0,1170.0,1170.0
2004-11-22,1142.5,1142.5,1087.5,1095.0
2004-11-23,1095.0,1095.0,1095.0,1095.0
2004-11-24,1112.5,1137.5,1090.0,1092.5
2004-11-25,1102.5,1150.0,1102.5,1145.0
2004-11-26,1132.5,1145.0,1127.5,1142.5
2004-11-29,1130.0,1132.5,1115.0,1130.0
2004-11-30,1127.5,1137.5,1115.0,1125.0
2004-12-01,1132.5,1132.5,1107.5,1125.0
2004-12-02,1112.5,1125.0,1107.5,1120.0
2004-12-03,1117.5,1117.5,1107.5,1107.5
2004-12-06,1102.5,1102.5,1077.5,1085.0
2004-12-07,1080.0,1085.0,1052.5,1055.0
2004-12-08,1052.5,1092.5,1052.5,1065.0
2004-12-09,1065.0,1065.0,1032.5,1040.0
2004-12-10,1050.0,1057.5,1040.0,1050.0
2004-12-13,1045.0,1070.0,1045.0,1050.0
2004-12-14,1050.0,1112.5,1047.5,1080.0
2004-12-15,1100.0,1102.5,1062.5,1070.0
2004-12-16,1082.5,1082.5,1055.0,1055.0
2004-12-17,1062.5,1167.5,1062.5,1167.5
2004-12-20,1177.5,1290.0,1145.0,1290.0
2004-12-21,1275.0,1325.0,1237.5,1320.0
2004-12-22,1315.0,1315.0,1270.0,1270.0
2004-12-23,1270.0,1270.0,1270.0,1270.0
2004-12-24,1250.0,1250.0,1202.5,1245.0
2004-12-27,1250.0,1270.0,1227.5,1247.5
2004-12-28,1350.0,1372.5,1330.0,1372.5
2004-12-29,1397.5,1485.0,1390.0,1402.5
2004-12-30,1450.0,1450.0,1407.5,1437.5
2004-12-31,1437.5,1437.5,1437.5,1437.5
2005-01-03,1437.5,1437.5,1437.5,1437.5
2005-01-04,1462.5,1475.0,1450.0,1475.0
2005-01-05,1470.0,1470.0,1430.0,1452.5
2005-01-06,1447.5,1477.5,1407.5,1465.0
2005-01-07,1475.0,1575.0,1450.0,1547.5
2005-01-10,1547.5,1547.5,1547.5,1547.5
2005-01-11,1597.5,1637.5,1562.5,1627.5
2005-01-12,1625.0,1627.5,1580.0,1585.0
2005-01-13,1610.0,1610.0,1532.5,1532.5
2005-01-14,1512.5,1600.0,1480.0,1572.5
2005-01-17,1595.0,1597.5,1550.0,1565.0
2005-01-18,1555.0,1562.5,1520.0,1542.5
2005-01-19,1522.5,1650.0,1522.5,1590.0
2005-01-20,1550.0,1635.0,1550.0,1607.5
2005-01-21,1612.5,1620.0,1565.0,1577.5
2005-01-24,1575.0,1655.0,1570.0,1625.0
2005-01-25,1675.0,1865.0,1655.0,1810.0
2005-01-26,1812.5,1832.5,1687.5,1762.5
2005-01-27,1745.0,1757.5,1672.5,1690.0
2005-01-28,1715.0,1812.5,1707.5,1725.0
2005-01-31,1627.5,1702.5,1582.5,1610.0
2005-02-01,1562.5,1617.5,1550.0,1572.5
2005-02-02,1562.5,1567.5,1500.0,1525.0
2005-02-03,1522.5,1550.0,1522.5,1532.5
2005-02-04,1542.5,1552.5,1452.5,1500.0
2005-02-07,1462.5,1547.5,1375.0,1545.0
2005-02-08,1502.5,1550.0,1487.5,1527.5
2005-02-09,1527.5,1542.5,1517.5,1525.0
2005-02-10,1525.0,1525.0,1470.0,1470.0
2005-02-11,1470.0,1470.0,1470.0,1470.0
2005-02-14,1495.0,1512.5,1442.5,1455.0
2005-02-15,1480.0,1480.0,1432.5,1435.0
2005-02-16,1425.0,1452.5,1392.5,1422.5
2005-02-17,1420.0,1420.0,1382.5,1382.5
2005-02-18,1382.5,1467.5,1382.5,1452.5
2005-02-21,1472.5,1495.0,1462.5,1467.5
2005-02-22,1485.0,1545.0,1467.5,1537.5
2005-02-23,1522.5,1562.5,1492.5,1557.5
2005-02-24,1562.5,1605.0,1527.5,1562.5
2005-02-25,1550.0,1562.5,1527.5,1560.0
2005-02-28,1562.5,1580.0,1525.0,1525.0
2005-03-01,1550.0,1597.5,1527.5,1555.0
2005-03-02,1600.0,1632.5,1577.5,1625.0
2005-03-03,1625.0,1625.0,1572.5,1575.0
2005-03-04,1625.0,1680.0,1607.5,1635.0
2005-03-07,1610.0,1625.0,1560.0,1575.0
2005-03-08,1565.0,1590.0,1552.5,1560.0
2005-03-09,1537.5,1550.0,1527.5,1527.5
2005-03-10,1525.0,1527.5,1502.5,1505.0
2005-03-11,1500.0,1537.5,1497.5,1520.0
2005-03-14,1512.5,1535.0,1505.0,1522.5
2005-03-15,1505.0,1527.5,1480.0,1500.0
2005-03-16,1480.0,1500.0,1462.5,1475.0
2005-03-17,1450.0,1460.0,1432.5,1450.0
2005-03-18,1435.0,1450.0,1420.0,1420.0
2005-03-21,1420.0,1420.0,1420.0,1420.0
2005-03-22,1422.5,1485.0,1422.5,1467.5
2005-03-23,1475.0,1485.0,1440.0,1447.5
2005-03-24,1430.0,1437.5,1395.0,1402.5
2005-03-25,1392.5,1400.0,1382.5,1382.5
2005-03-28,1382.5,1392.5,1337.5,1367.5
2005-03-29,1367.5,1367.5,1322.5,1325.0
2005-03-30,1275.0,1292.5,1262.5,1275.0
2005-03-31,1325.0,1395.0,1315.0,1387.5
2005-04-01,1325.0,1350.0,1300.0,1330.0
2005-04-04,1325.0,1365.0,1312.5,1355.0
2005-04-05,1357.5,1382.5,1342.5,1350.0
2005-04-06,1412.5,1412.5,1327.5,1327.5
2005-04-07,1327.5,1337.5,1317.5,1322.5
2005-04-08,1302.5,1320.0,1297.5,1305.0
2005-04-11,1300.0,1345.0,1280.0,1342.5
2005-04-12,1317.5,1337.5,1302.5,1315.0
2005-04-13,1300.0,1325.0,1292.5,1292.5
2005-04-14,1275.0,1302.5,1275.0,1302.5
2005-04-15,1297.5,1317.5,1282.5,1302.5
2005-04-18,1272.5,1275.0,1250.0,1252.5
2005-04-19,1250.0,1277.5,1247.5,1272.5
2005-04-20,1272.5,1285.0,1260.0,1265.0
2005-04-21,1242.5,1250.0,1212.5,1247.5
2005-04-22,1275.0,1275.0,1247.5,1252.5
2005-04-25,1250.0,1262.5,1247.5,1260.0
2005-04-26,1260.0,1267.5,1247.5,1250.0
2005-04-27,1247.5,1252.5,1200.0,1232.5
2005-04-28,1220.0,1357.5,1212.5,1357.5
2005-04-29,1357.5,1357.5,1357.5,1357.5
2005-05-02,1407.5,1450.0,1370.0,1372.5
2005-05-03,1372.5,1372.5,1372.5,1372.5
2005-05-04,1372.5,1372.5,1372.5,1372.5
2005-05-05,1372.5,1372.5,1372.5,1372.5
2005-05-06,1370.0,1377.5,1335.0,1355.0
2005-05-09,1372.5,1415.0,1345.0,1380.0
2005-05-10,1380.0,1385.0,1345.0,1347.5
2005-05-11,1345.0,1357.5,1337.5,1345.0
2005-05-12,1360.0,1367.5,1340.0,1345.0
2005-05-13,1342.5,1350.0,1312.5,1320.0
2005-05-16,1325.0,1335.0,1280.0,1287.5
2005-05-17,1280.0,1280.0,1220.0,1237.5
2005-05-18,1217.5,1230.0,1202.5,1210.0
2005-05-19,1235.0,1237.5,1217.5,1222.5
2005-05-20,1230.0,1247.5,1222.5,1235.0
2005-05-23,1245.0,1262.5,1235.0,1240.0
2005-05-24,1235.0,1262.5,1222.5,1222.5
2005-05-25,1235.0,1235.0,1162.5,1162.5
2005-05-26,1150.0,1180.0,1140.0,1160.0
2005-05-27,1162.5,1180.0,1127.5,1172.5
2005-05-30,1187.5,1192.5,1172.5,1175.0
2005-05-31,1180.0,1240.0,1167.5,1235.0
2005-06-01,1212.5,1225.0,1200.0,1210.0
2005-06-02,1200.0,1212.5,1192.5,1195.0
2005-06-03,1207.5,1222.5,1185.0,1222.5
2005-06-06,1237.5,1237.5,1212.5,1220.0
2005-06-07,1217.5,1217.5,1195.0,1195.0
2005-06-08,1202.5,1230.0,1200.0,1225.0
2005-06-09,1222.5,1227.5,1205.0,1212.5
2005-06-10,1215.0,1227.5,1205.0,1207.5
2005-06-13,1207.5,1207.5,1200.0,1200.0
2005-06-14,1197.5,1200.0,1187.5,1192.5
2005-06-15,1185.0,1192.5,1177.5,1180.0
2005-06-16,1185.0,1197.5,1182.5,1182.5
2005-06-17,1187.5,1197.5,1177.5,1180.0
2005-06-20,1182.5,1195.0,1182.5,1185.0
2005-06-21,1212.5,1305.0,1212.5,1285.0
2005-06-22,1235.0,1245.0,1215.0,1230.0
2005-06-23,1230.0,1230.0,1207.5,1225.0
2005-06-24,1232.5,1267.5,1217.5,1267.5
2005-06-27,1250.0,1267.5,1225.0,1240.0
2005-06-28,1237.5,1290.0,1237.5,1282.5
2005-06-29,1297.5,1347.5,1285.0,1330.0
2005-06-30,1325.0,1325.0,1282.5,1320.0
2005-07-01,1325.0,1325.0,1297.5,1310.0
2005-07-04,1330.0,1345.0,1320.0,1327.5
2005-07-05,1332.5,1337.5,1295.0,1302.5
2005-07-06,1292.5,1297.5,1287.5,1287.5
2005-07-07,1280.0,1287.5,1262.5,1265.0
2005-07-08,1272.5,1272.5,1252.5,1255.0
2005-07-11,1272.5,1320.0,1267.5,1310.0
2005-07-12,1327.5,1330.0,1300.0,1302.5
2005-07-13,1295.0,1322.5,1295.0,1320.0
2005-07-14,1325.0,1325.0,1305.0,1307.5
2005-07-15,1297.5,1312.5,1287.5,1292.5
2005-07-18,1292.5,1292.5,1292.5,1292.5
2005-07-19,1297.5,1315.0,1287.5,1312.5
2005-07-20,1245.0,1275.0,1245.0,1265.0
2005-07-21,1275.0,1280.0,1267.5,1275.0
2005-07-22,1285.0,1352.5,1277.5,1345.0
2005-07-25,1350.0,1420.0,1337.5,1405.0
2005-07-26,1405.0,1437.5,1392.5,1415.0
2005-07-27,1415.0,1452.5,1392.5,1450.0
2005-07-28,1457.5,1480.0,1445.0,1445.0
2005-07-29,1445.0,1457.5,1395.0,1402.5
2005-08-01,1402.5,1420.0,1375.0,1400.0
2005-08-02,1415.0,1437.5,1382.5,1407.5
2005-08-03,1410.0,1410.0,1327.5,1330.0
2005-08-04,1327.5,1370.0,1327.5,1332.5
2005-08-05,1332.5,1345.0,1280.0,1287.5
2005-08-08,1237.5,1255.0,1220.0,1242.5
2005-08-09,1255.0,1287.5,1255.0,1282.5
2005-08-10,1322.5,1322.5,1275.0,1277.5
2005-08-11,1282.5,1300.0,1270.0,1277.5
2005-08-12,1287.5,1315.0,1282.5,1312.5
2005-08-15,1312.5,1320.0,1302.5,1305.0
2005-08-16,1317.5,1317.5,1305.0,1307.5
2005-08-17,1307.5,1320.0,1305.0,1320.0
2005-08-18,1315.0,1407.5,1315.0,1387.5
2005-08-19,1395.0,1410.0,1360.0,1360.0
2005-08-22,1350.0,1355.0,1315.0,1327.5
2005-08-23,1327.5,1337.5,1305.0,1307.5
2005-08-24,1312.5,1345.0,1312.5,1335.0
2005-08-25,1340.0,1362.5,1330.0,1352.5
2005-08-26,1387.5,1435.0,1380.0,1430.0
2005-08-29,1405.0,1405.0,1387.5,1400.0
2005-08-30,1390.0,1405.0,1365.0,1377.5
2005-08-31,1385.0,1402.5,1377.5,1400.0
2005-09-01,1402.5,1420.0,1387.5,1412.5
2005-09-02,1425.0,1662.5,1422.5,1660.0
2005-09-05,1562.5,1735.0,1522.5,1660.0
2005-09-06,1657.5,1675.0,1510.0,1517.5
2005-09-07,1540.0,1615.0,1527.5,1535.0
2005-09-08,1550.0,1582.5,1535.0,1542.5
2005-09-09,1535.0,1560.0,1512.5,1557.5
2005-09-12,1545.0,1572.5,1525.0,1535.0
2005-09-13,1520.0,1530.0,1477.5,1497.5
2005-09-14,1475.0,1497.5,1457.5,1497.5
2005-09-15,1500.0,1530.0,1495.0,1522.5
2005-09-16,1540.0,1552.5,1505.0,1515.0
2005-09-19,1515.0,1515.0,1515.0,1515.0
2005-09-20,1540.0,1545.0,1520.0,1522.5
2005-09-21,1525.0,1560.0,1522.5,1557.5
2005-09-22,1557.5,1657.5,1527.5,1630.0
2005-09-23,1630.0,1630.0,1630.0,1630.0
2005-09-26,1650.0,1655.0,1580.0,1597.5
2005-09-27,1585.0,1585.0,1517.5,1520.0
2005-09-28,1535.0,1560.0,1472.5,1472.5
2005-09-29,1462.5,1462.5,1390.0,1442.5
2005-09-30,1402.5,1412.5,1382.5,1405.0
2005-10-03,1450.0,1482.5,1422.5,1480.0
2005-10-04,1525.0,1530.0,1500.0,1512.5
2005-10-05,1537.5,1537.5,1482.5,1487.5
2005-10-06,1470.0,1472.5,1425.0,1432.5
2005-10-07,1442.5,1472.5,1437.5,1437.5
2005-10-10,1437.5,1437.5,1437.5,1437.5
2005-10-11,1440.0,1477.5,1437.5,1450.0
2005-10-12,1455.0,1462.5,1442.5,1452.5
2005-10-13,1460.0,1475.0,1442.5,1472.5
2005-10-14,1472.5,1475.0,1440.0,1440.0
2005-10-17,1450.0,1455.0,1435.0,1437.5
2005-10-18,1440.0,1457.5,1435.0,1447.5
2005-10-19,1457.5,1490.0,1450.0,1462.5
2005-10-20,1487.5,1527.5,1472.5,1515.0
2005-10-21,1510.0,1510.0,1477.5,1480.0
2005-10-24,1500.0,1547.5,1492.5,1495.0
2005-10-25,1505.0,1562.5,1505.0,1550.0
2005-10-26,1550.0,1555.0,1527.5,1547.5
2005-10-27,1550.0,1550.0,1490.0,1500.0
2005-10-28,1502.5,1507.5,1475.0,1477.5
2005-10-31,1475.0,1485.0,1405.0,1425.0
2005-11-01,1437.5,1442.5,1415.0,1437.5
2005-11-02,1445.0,1455.0,1440.0,1450.0
2005-11-03,1450.0,1450.0,1450.0,1450.0
2005-11-04,1450.0,1452.5,1425.0,1437.5
2005-11-07,1422.5,1430.0,1407.5,1412.5
2005-11-08,1417.5,1435.0,1417.5,1417.5
2005-11-09,1417.5,1432.5,1417.5,1425.0
2005-11-10,1417.5,1417.5,1400.0,1410.0
2005-11-11,1407.5,1407.5,1382.5,1400.0
2005-11-14,1392.5,1392.5,1360.0,1362.5
2005-11-15,1365.0,1382.5,1360.0,1362.5
2005-11-16,1355.0,1370.0,1330.0,1345.0
2005-11-17,1327.5,1327.5,1295.0,1300.0
2005-11-18,1277.5,1287.5,1262.5,1272.5
2005-11-21,1287.5,1337.5,1272.5,1325.0
2005-11-22,1330.0,1337.5,1287.5,1325.0
2005-11-23,1325.0,1325.0,1325.0,1325.0
2005-11-24,1337.5,1337.5,1292.5,1305.0
2005-11-25,1295.0,1315.0,1292.5,1315.0
2005-11-28,1325.0,1325.0,1305.0,1307.5
2005-11-29,1297.5,1310.0,1290.0,1295.0
2005-11-30,1300.0,1315.0,1292.5,1315.0
2005-12-01,1302.5,1315.0,1297.5,1300.0
2005-12-02,1292.5,1295.0,1282.5,1287.5
2005-12-05,1285.0,1310.0,1280.0,1295.0
2005-12-06,1292.5,1312.5,1287.5,1300.0
2005-12-07,1300.0,1310.0,1300.0,1307.5
2005-12-08,1312.5,1330.0,1302.5,1302.5
2005-12-09,1305.0,1310.0,1280.0,1292.5
2005-12-12,1292.5,1292.5,1272.5,1282.5
2005-12-13,1280.0,1287.5,1272.5,1277.5
2005-12-14,1270.0,1280.0,1267.5,1272.5
2005-12-15,1267.5,1325.0,1267.5,1317.5
2005-12-16,1192.5,1220.0,1142.5,1155.0
2005-12-19,1125.0,1145.0,1067.5,1145.0
2005-12-20,1145.0,1147.5,1117.5,1120.0
2005-12-21,1132.5,1147.5,1130.0,1142.5
2005-12-22,1145.0,1147.5,1120.0,1122.5
2005-12-23,1122.5,1122.5,1122.5,1122.5
2005-12-26,1125.0,1125.0,1067.5,1072.5
2005-12-27,1072.5,1082.5,1055.0,1077.5
2005-12-28,1087.5,1087.5,1050.0,1072.5
2005-12-29,1082.5,1110.0,1072.5,1075.0
2005-12-30,1085.0,1085.0,1075.0,1085.0
2006-01-02,1085.0,1085.0,1085.0,1085.0
2006-01-03,1085.0,1085.0,1085.0,1085.0
2006-01-04,1095.0,1095.0,1080.0,1090.0
2006-01-05,1092.5,1095.0,1077.5,1080.0
2006-01-06,1080.0,1080.0,1065.0,1067.5
2006-01-09,1067.5,1067.5,1067.5,1067.5
2006-01-10,1067.5,1067.5,1050.0,1055.0
2006-01-11,1050.0,1060.0,1032.5,1040.0
2006-01-12,1040.0,1055.0,1032.5,1047.5
2006-01-13,1047.5,1050.0,1015.0,1022.5
2006-01-16,1017.5,1017.5,965.0,1007.5
2006-01-17,995.0,1022.5,982.5,997.5
2006-01-18,985.0,992.5,875.0,975.0
2006-01-19,927.5,990.0,927.5,975.0
2006-01-20,980.0,990.0,970.0,975.0
2006-01-23,887.5,917.5,880.0,882.5
2006-01-24,920.0,962.5,912.5,957.5
2006-01-25,952.5,960.0,942.5,947.5
2006-01-26,947.5,950.0,932.5,940.0
2006-01-27,937.5,940.0,900.0,915.0
2006-01-30,905.0,942.5,900.0,915.0
2006-01-31,900.0,917.5,900.0,910.0
2006-02-01,910.0,960.0,907.5,930.0
2006-02-02,942.5,952.5,930.0,935.0
2006-02-03,935.0,935.0,920.0,927.5
2006-02-06,907.5,915.0,887.5,907.5
2006-02-07,905.0,925.0,900.0,925.0
2006-02-08,932.5,942.5,922.5,925.0
2006-02-09,932.5,932.5,912.5,912.5
2006-02-10,915.0,922.5,887.5,905.0
2006-02-13,900.0,905.0,855.0,857.5
2006-02-14,822.5,882.5,762.5,875.0
2006-02-15,850.0,867.5,837.5,840.0
2006-02-16,817.5,825.0,792.5,805.0
2006-02-17,777.5,805.0,762.5,797.5
2006-02-20,752.5,787.5,752.5,767.5
2006-02-21,762.5,820.0,757.5,820.0
2006-02-22,820.0,827.5,792.5,817.5
2006-02-23,795.0,862.5,785.0,862.5
2006-02-24,875.0,930.0,827.5,900.0
2006-02-27,882.5,882.5,860.0,860.0
2006-02-28,857.5,865.0,827.5,837.5
2006-03-01,840.0,840.0,812.5,812.5
2006-03-02,815.0,830.0,790.0,790.0
2006-03-03,782.5,797.5,775.0,787.5
2006-03-06,787.5,790.0,775.0,782.5
2006-03-07,780.0,782.5,765.0,775.0
2006-03-08,767.5,777.5,762.5,762.5
2006-03-09,775.0,807.5,772.5,807.5
2006-03-10,800.0,807.5,785.0,792.5
2006-03-13,802.5,837.5,802.5,810.0
2006-03-14,810.0,810.0,775.0,780.0
2006-03-15,782.5,792.5,742.5,745.0
2006-03-16,752.5,757.5,745.0,745.0
2006-03-17,747.5,757.5,745.0,752.5
2006-03-20,752.5,757.5,740.0,755.0
2006-03-21,755.0,755.0,755.0,755.0
2006-03-22,755.0,755.0,747.5,755.0
2006-03-23,755.0,867.5,750.0,835.0
2006-03-24,797.5,812.5,777.5,800.0
2006-03-27,812.5,812.5,787.5,792.5
2006-03-28,780.0,795.0,767.5,795.0
2006-03-29,795.0,837.5,790.0,825.0
2006-03-30,847.5,847.5,830.0,845.0
2006-03-31,845.0,912.5,842.5,900.0
2006-04-03,887.5,925.0,875.0,905.0
2006-04-04,900.0,920.0,900.0,920.0
2006-04-05,925.0,932.5,917.5,925.0
2006-04-06,930.0,947.5,927.5,940.0
2006-04-07,940.0,945.0,920.0,930.0
2006-04-10,927.5,930.0,902.5,922.5
2006-04-11,917.5,917.5,900.0,912.5
2006-04-12,907.5,967.5,907.5,967.5
2006-04-13,962.5,1045.0,962.5,1027.5
2006-04-14,1037.5,1045.0,1007.5,1022.5
2006-04-17,1012.5,1022.5,965.0,975.0
2006-04-18,937.5,952.5,927.5,950.0
2006-04-19,937.5,952.5,927.5,935.0
2006-04-20,910.0,945.0,902.5,915.0
2006-04-21,915.0,937.5,905.0,907.5
2006-04-24,900.0,902.5,885.0,892.5
2006-04-25,887.5,932.5,887.5,915.0
2006-04-26,952.5,995.0,940.0,992.5
2006-04-27,997.5,1007.5,975.0,997.5
2006-04-28,995.0,995.0,950.0,975.0
2006-05-01,1025.0,1025.0,992.5,995.0
2006-05-02,982.5,1005.0,982.5,982.5
2006-05-03,982.5,982.5,982.5,982.5
2006-05-04,982.5,982.5,982.5,982.5
2006-05-05,982.5,982.5,982.5,982.5
2006-05-08,995.0,995.0,955.0,987.5
2006-05-09,1000.0,1000.0,985.0,995.0
2006-05-10,1000.0,1002.5,975.0,1000.0
2006-05-11,995.0,995.0,980.0,995.0
2006-05-12,972.5,982.5,962.5,975.0
2006-05-15,950.0,950.0,927.5,937.5
2006-05-16,812.5,812.5,812.5,812.5
2006-05-17,687.5,687.5,687.5,687.5
2006-05-18,587.5,587.5,587.5,587.5
2006-05-19,567.5,635.0,565.0,575.0
2006-05-22,585.0,597.5,540.0,552.5
2006-05-23,552.5,552.5,525.0,532.5
2006-05-24,522.5,535.0,510.0,535.0
2006-05-25,540.0,557.5,512.5,527.5
2006-05-26,535.0,540.0,517.5,517.5
2006-05-29,502.5,505.0,430.0,430.0
2006-05-30,415.0,422.5,392.5,400.0
2006-05-31,395.0,475.0,380.0,412.5
2006-06-01,435.0,440.0,382.5,390.0
2006-06-02,397.5,407.5,350.0,392.5
2006-06-05,395.0,427.5,385.0,420.0
2006-06-06,415.0,435.0,407.5,412.5
2006-06-07,415.0,425.0,397.5,400.0
2006-06-08,400.0,400.0,367.5,375.0
2006-06-09,382.5,412.5,382.5,407.5
2006-06-12,410.0,440.0,397.5,430.0
2006-06-13,425.0,487.5,422.5,450.0
2006-06-14,457.5,475.0,437.5,447.5
2006-06-15,455.0,475.0,435.0,450.0
2006-06-16,452.5,467.5,420.0,420.0
2006-06-19,405.0,415.0,387.5,392.5
2006-06-20,395.0,420.0,395.0,402.5
2006-06-21,405.0,415.0,392.5,395.0
2006-06-22,402.5,430.0,397.5,407.5
2006-06-23,415.0,437.5,410.0,422.5
2006-06-26,430.0,437.5,420.0,430.0
2006-06-27,437.5,440.0,422.5,425.0
2006-06-28,432.5,500.0,432.5,500.0
2006-06-29,600.0,600.0,600.0,600.0
2006-06-30,700.0,700.0,700.0,700.0
2006-07-03,720.0,765.0,657.5,702.5
2006-07-04,682.5,752.5,667.5,705.0
2006-07-05,685.0,782.5,682.5,720.0
2006-07-06,725.0,757.5,705.0,712.5
2006-07-07,737.5,745.0,687.5,695.0
2006-07-10,690.0,695.0,640.0,647.5
2006-07-11,642.5,647.5,565.0,585.0
2006-07-12,590.0,680.0,585.0,635.0
2006-07-13,605.0,637.5,590.0,590.0
2006-07-14,587.5,660.0,582.5,612.5
2006-07-17,612.5,612.5,612.5,612.5
2006-07-18,620.0,637.5,560.0,560.0
2006-07-19,562.5,575.0,512.5,517.5
2006-07-20,557.5,572.5,532.5,572.5
2006-07-21,552.5,565.0,540.0,540.0
2006-07-24,532.5,537.5,522.5,537.5
2006-07-25,550.0,557.5,530.0,540.0
2006-07-26,550.0,640.0,540.0,602.5
2006-07-27,582.5,600.0,550.0,552.5
2006-07-28,552.5,582.5,542.5,550.0
2006-07-31,557.5,580.0,550.0,550.0
2006-08-01,552.5,565.0,550.0,555.0
2006-08-02,555.0,555.0,545.0,555.0
2006-08-03,560.0,597.5,557.5,562.5
2006-08-04,567.5,577.5,550.0,555.0
2006-08-07,562.5,565.0,527.5,542.5
2006-08-08,535.0,557.5,530.0,542.5
2006-08-09,542.5,585.0,537.5,550.0
2006-08-10,547.5,550.0,532.5,542.5
2006-08-11,545.0,547.5,532.5,537.5
2006-08-14,527.5,545.0,527.5,545.0
2006-08-15,555.0,555.0,532.5,542.5
2006-08-16,552.5,590.0,540.0,567.5
2006-08-17,575.0,667.5,567.5,667.5
2006-08-18,687.5,690.0,627.5,627.5
2006-08-21,615.0,652.5,605.0,642.5
2006-08-22,632.5,640.0,620.0,620.0
2006-08-23,620.0,622.5,582.5,585.0
2006-08-24,590.0,600.0,565.0,570.0
2006-08-25,577.5,577.5,557.5,560.0
2006-08-28,590.0,602.5,560.0,562.5
2006-08-29,567.5,587.5,562.5,577.5
2006-08-30,577.5,577.5,555.0,560.0
2006-08-31,557.5,562.5,545.0,547.5
2006-09-01,550.0,575.0,547.5,557.5
2006-09-04,560.0,565.0,547.5,552.5
2006-09-05,557.5,582.5,555.0,557.5
2006-09-06,577.5,630.0,572.5,600.0
2006-09-07,630.0,652.5,602.5,607.5
2006-09-08,602.5,607.5,582.5,590.0
2006-09-11,600.0,622.5,582.5,582.5
2006-09-12,582.5,590.0,565.0,587.5
2006-09-13,585.0,587.5,562.5,562.5
2006-09-14,557.5,567.5,542.5,547.5
2006-09-15,550.0,550.0,530.0,542.5
2006-09-18,542.5,542.5,542.5,542.5
2006-09-19,532.5,545.0,520.0,545.0
2006-09-20,535.0,540.0,517.5,517.5
2006-09-21,525.0,532.5,507.5,510.0
2006-09-22,505.0,510.0,480.0,482.5
2006-09-25,487.5,487.5,462.5,470.0
2006-09-26,472.5,485.0,467.5,480.0
2006-09-27,485.0,505.0,475.0,490.0
2006-09-28,505.0,520.0,495.0,512.5
2006-09-29,530.0,537.5,525.0,532.5
2006-10-02,535.0,535.0,527.5,527.5
2006-10-03,532.5,532.5,507.5,515.0
2006-10-04,505.0,510.0,492.5,495.0
2006-10-05,497.5,500.0,485.0,487.5
2006-10-06,492.5,492.5,477.5,480.0
2006-10-09,480.0,480.0,480.0,480.0
2006-10-10,467.5,475.0,462.5,462.5
2006-10-11,457.5,462.5,412.5,417.5
2006-10-12,412.5,430.0,395.0,430.0
2006-10-13,422.5,462.5,420.0,462.5
2006-10-16,455.0,467.5,455.0,462.5
2006-10-17,470.0,472.5,452.5,452.5
2006-10-18,527.5,527.5,527.5,527.5
2006-10-19,555.0,590.0,510.0,515.0
2006-10-20,505.0,510.0,490.0,490.0
2006-10-23,482.5,522.5,482.5,500.0
2006-10-24,507.5,507.5,490.0,490.0
2006-10-25,487.5,490.0,482.5,482.5
2006-10-26,505.0,512.5,487.5,495.0
2006-10-27,492.5,500.0,480.0,482.5
2006-10-30,490.0,500.0,482.5,487.5
2006-10-31,490.0,497.5,487.5,495.0
2006-11-01,500.0,520.0,492.5,507.5
2006-11-02,502.5,517.5,497.5,502.5
2006-11-03,502.5,502.5,502.5,502.5
2006-11-06,522.5,535.0,507.5,517.5
2006-11-07,520.0,530.0,515.0,530.0
2006-11-08,525.0,595.0,522.5,587.5
2006-11-09,585.0,680.0,560.0,580.0
2006-11-10,550.0,562.5,537.5,540.0
2006-11-13,545.0,550.0,500.0,520.0
2006-11-14,525.0,530.0,520.0,525.0
2006-11-15,530.0,542.5,525.0,525.0
2006-11-16,530.0,575.0,525.0,545.0
2006-11-17,540.0,567.5,525.0,540.0
2006-11-20,540.0,540.0,502.5,517.5
2006-11-21,512.5,537.5,505.0,507.5
2006-11-22,452.5,495.0,452.5,492.5
2006-11-23,492.5,492.5,492.5,492.5
2006-11-24,480.0,505.0,475.0,502.5
2006-11-27,500.0,530.0,500.0,530.0
2006-11-28,530.0,562.5,530.0,562.5
2006-11-29,565.0,592.5,532.5,575.0
2006-11-30,635.0,667.5,617.5,630.0
2006-12-01,637.5,650.0,615.0,615.0
2006-12-04,595.0,617.5,592.5,607.5
2006-12-05,612.5,620.0,602.5,602.5
2006-12-06,600.0,605.0,592.5,595.0
2006-12-07,622.5,637.5,615.0,620.0
2006-12-08,630.0,630.0,582.5,590.0
2006-12-11,580.0,590.0,562.5,565.0
2006-12-12,570.0,582.5,567.5,582.5
2006-12-13,575.0,582.5,562.5,577.5
2006-12-14,577.5,597.5,570.0,590.0
2006-12-15,585.0,620.0,577.5,620.0
2006-12-18,610.0,635.0,610.0,627.5
2006-12-19,620.0,625.0,577.5,590.0
2006-12-20,620.0,622.5,607.5,615.0
2006-12-21,615.0,622.5,597.5,602.5
2006-12-22,605.0,610.0,572.5,587.5
2006-12-25,577.5,595.0,570.0,582.5
2006-12-26,575.0,600.0,572.5,600.0
2006-12-27,590.0,600.0,562.5,582.5
2006-12-28,582.5,582.5,562.5,562.5
2006-12-29,562.5,575.0,562.5,575.0
2007-01-04,567.5,577.5,542.5,542.5
2007-01-05,537.5,540.0,457.5,470.0
2007-01-09,470.0,500.0,462.5,475.0
2007-01-10,472.5,485.0,465.0,465.0
2007-01-11,475.0,485.0,470.0,480.0
2007-01-12,482.5,492.5,475.0,477.5
2007-01-15,477.5,497.5,475.0,495.0
2007-01-16,507.5,512.5,497.5,500.0
2007-01-17,507.5,512.5,500.0,510.0
2007-01-18,510.0,520.0,505.0,520.0
2007-01-19,527.5,575.0,525.0,575.0
2007-01-22,605.0,605.0,555.0,560.0
2007-01-23,565.0,582.5,540.0,550.0
2007-01-24,562.5,562.5,520.0,522.5
2007-01-25,525.0,535.0,490.0,492.5
2007-01-26,492.5,507.5,485.0,487.5
2007-01-29,492.5,510.0,492.5,505.0
2007-01-30,515.0,520.0,485.0,492.5
2007-01-31,492.5,500.0,487.5,492.5
2007-02-01,497.5,502.5,492.5,497.5
2007-02-02,500.0,505.0,495.0,505.0
2007-02-05,505.0,505.0,487.5,495.0
2007-02-06,487.5,495.0,487.5,495.0
2007-02-07,495.0,497.5,490.0,492.5
2007-02-08,492.5,512.5,487.5,502.5
2007-02-09,492.5,497.5,480.0,492.5
2007-02-13,492.5,492.5,477.5,490.0
2007-02-14,482.5,487.5,475.0,482.5
2007-02-15,477.5,480.0,467.5,472.5
2007-02-16,477.5,480.0,462.5,470.0
2007-02-19,472.5,480.0,467.5,477.5
2007-02-20,480.0,490.0,477.5,487.5
2007-02-21,500.0,512.5,497.5,507.5
2007-02-22,512.5,542.5,512.5,542.5
2007-02-23,540.0,550.0,525.0,537.5
2007-02-26,537.5,537.5,517.5,527.5
2007-02-27,525.0,525.0,502.5,510.0
2007-02-28,475.0,532.5,470.0,525.0
2007-03-01,512.5,515.0,487.5,500.0
2007-03-02,497.5,497.5,482.5,482.5
2007-03-05,477.5,482.5,467.5,470.0
2007-03-06,477.5,512.5,477.5,512.5
2007-03-07,512.5,515.0,492.5,502.5
2007-03-08,495.0,505.0,485.0,502.5
2007-03-09,512.5,537.5,507.5,530.0
2007-03-12,535.0,550.0,522.5,527.5
2007-03-13,527.5,540.0,522.5,525.0
2007-03-14,507.5,525.0,502.5,515.0
2007-03-15,532.5,532.5,517.5,522.5
2007-03-16,520.0,532.5,517.5,530.0
2007-03-19,527.5,527.5,520.0,522.5
2007-03-20,520.0,520.0,497.5,500.0
2007-03-22,505.0,512.5,495.0,502.5
2007-03-23,497.5,502.5,495.0,497.5
2007-03-26,497.5,500.0,492.5,497.5
2007-03-27,500.0,502.5,495.0,502.5
2007-03-28,505.0,505.0,490.0,495.0
2007-03-29,492.5,497.5,485.0,490.0
2007-03-30,497.5,502.5,490.0,500.0
2007-04-02,500.0,502.5,490.0,500.0
2007-04-03,492.5,500.0,492.5,495.0
2007-04-04,495.0,502.5,492.5,497.5
2007-04-05,500.0,512.5,495.0,495.0
2007-04-06,500.0,500.0,492.5,495.0
2007-04-09,500.0,500.0,495.0,497.5
2007-04-10,495.0,500.0,495.0,500.0
2007-04-11,500.0,500.0,492.5,492.5
2007-04-12,492.5,500.0,490.0,497.5
2007-04-13,500.0,500.0,490.0,495.0
2007-04-16,490.0,492.5,485.0,487.5
2007-04-17,480.0,485.0,477.5,482.5
2007-04-18,475.0,480.0,467.5,480.0
2007-04-19,472.5,475.0,457.5,465.0
2007-04-20,465.0,470.0,457.5,465.0
2007-04-23,465.0,470.0,457.5,467.5
2007-04-24,465.0,482.5,457.5,467.5
2007-04-25,472.5,472.5,457.5,457.5
2007-04-26,460.0,467.5,457.5,462.5
2007-04-27,455.0,460.0,452.5,455.0
2007-05-01,457.5,462.5,450.0,462.5
2007-05-02,462.5,462.5,452.5,457.5
2007-05-07,462.5,462.5,460.0,462.5
2007-05-08,457.5,460.0,457.5,457.5
2007-05-09,460.0,460.0,455.0,457.5
2007-05-10,455.0,457.5,452.5,455.0
2007-05-11,437.5,442.5,437.5,440.0
2007-05-14,417.5,420.0,400.0,402.5
2007-05-15,360.0,442.5,360.0,392.5
2007-05-16,377.5,382.5,375.0,377.5
2007-05-17,407.5,417.5,395.0,412.5
2007-05-18,407.5,410.0,387.5,400.0
2007-05-21,387.5,425.0,387.5,420.0
2007-05-22,422.5,445.0,420.0,440.0
2007-05-23,470.0,515.0,470.0,500.0
2007-05-24,475.0,480.0,470.0,475.0
2007-05-25,470.0,482.5,470.0,482.5
2007-05-28,500.0,500.0,487.5,497.5
2007-05-29,482.5,492.5,480.0,487.5
2007-05-30,497.5,500.0,495.0,495.0
2007-05-31,500.0,505.0,497.5,502.5
2007-06-01,490.0,500.0,487.5,492.5
2007-06-04,490.0,495.0,487.5,495.0
2007-06-05,490.0,492.5,487.5,490.0
2007-06-06,480.0,487.5,470.0,475.0
2007-06-07,472.5,480.0,472.5,477.5
2007-06-08,475.0,480.0,475.0,477.5
2007-06-11,477.5,477.5,470.0,477.5
2007-06-12,470.0,470.0,460.0,470.0
2007-06-13,450.0,462.5,450.0,455.0
2007-06-14,457.5,462.5,450.0,457.5
2007-06-15,475.0,482.5,460.0,472.5
2007-06-18,482.5,492.5,482.5,492.5
2007-06-19,482.5,487.5,480.0,482.5
2007-06-20,485.0,490.0,482.5,490.0
2007-06-21,485.0,490.0,482.5,490.0
2007-06-22,490.0,517.5,490.0,512.5
2007-06-25,502.5,507.5,500.0,500.0
2007-06-26,497.5,502.5,492.5,502.5
2007-06-27,507.5,517.5,507.5,510.0
2007-06-28,535.0,552.5,530.0,552.5
2007-06-29,550.0,552.5,537.5,542.5
2007-07-02,537.5,547.5,530.0,547.5
2007-07-03,547.5,570.0,512.5,565.0
2007-07-04,572.5,587.5,565.0,585.0
2007-07-05,575.0,575.0,562.5,570.0
2007-07-06,555.0,562.5,545.0,562.5
2007-07-09,552.5,557.5,545.0,557.5
2007-07-10,545.0,552.5,540.0,545.0
2007-07-11,537.5,540.0,510.0,517.5
2007-07-12,520.0,535.0,520.0,535.0
2007-07-13,525.0,535.0,525.0,530.0
2007-07-17,522.5,532.5,522.5,530.0
2007-07-18,532.5,537.5,527.5,530.0
2007-07-19,537.5,557.5,537.5,542.5
2007-07-20,527.5,535.0,527.5,535.0
2007-07-23,527.5,532.5,525.0,525.0
2007-07-24,532.5,535.0,527.5,532.5
2007-07-25,530.0,532.5,525.0,530.0
2007-07-26,535.0,552.5,535.0,540.0
2007-07-27,530.0,537.5,522.5,530.0
2007-07-30,527.5,535.0,520.0,530.0
2007-07-31,535.0,562.5,532.5,560.0
2007-08-01,557.5,557.5,520.0,520.0
2007-08-02,525.0,532.5,520.0,530.0
2007-08-03,530.0,532.5,530.0,532.5
2007-08-06,527.5,530.0,517.5,530.0
2007-08-07,530.0,532.5,522.5,532.5
2007-08-08,532.5,562.5,527.5,542.5
2007-08-09,557.5,562.5,545.0,560.0
2007-08-10,540.0,542.5,535.0,537.5
2007-08-13,540.0,542.5,532.5,535.0
2007-08-14,545.0,547.5,530.0,532.5
2007-08-15,540.0,540.0,525.0,525.0
2007-08-16,520.0,522.5,500.0,520.0
2007-08-17,520.0,520.0,475.0,500.0
2007-08-20,502.5,525.0,502.5,507.5
2007-08-21,510.0,515.0,497.5,500.0
2007-08-22,500.0,500.0,490.0,490.0
2007-08-23,485.0,490.0,482.5,485.0
2007-08-24,482.5,485.0,475.0,475.0
2007-08-27,475.0,475.0,472.5,475.0
2007-08-28,475.0,482.5,470.0,470.0
2007-08-29,462.5,465.0,460.0,462.5
2007-08-30,470.0,477.5,470.0,477.5
2007-08-31,477.5,480.0,470.0,480.0
2007-09-03,475.0,477.5,470.0,472.5
2007-09-04,470.0,472.5,462.5,467.5
2007-09-05,475.0,487.5,472.5,480.0
2007-09-06,477.5,480.0,467.5,480.0
2007-09-07,480.0,495.0,475.0,485.0
2007-09-10,475.0,495.0,472.5,475.0
2007-09-11,475.0,477.5,450.0,462.5
2007-09-12,472.5,480.0,455.0,457.5
2007-09-13,495.0,502.5,487.5,490.0
2007-09-14,485.0,495.0,477.5,487.5
2007-09-18,480.0,485.0,472.5,485.0
2007-09-19,487.5,490.0,477.5,480.0
2007-09-20,470.0,477.5,465.0,475.0
2007-09-21,467.5,475.0,467.5,475.0
2007-09-25,470.0,470.0,465.0,465.0
2007-09-26,462.5,485.0,462.5,485.0
2007-09-27,480.0,532.5,480.0,532.5
2007-09-28,512.5,532.5,502.5,522.5
2007-10-01,520.0,525.0,502.5,510.0
2007-10-02,510.0,522.5,505.0,517.5
2007-10-03,525.0,535.0,512.5,520.0
2007-10-04,522.5,540.0,520.0,537.5
2007-10-05,527.5,545.0,527.5,545.0
2007-10-09,540.0,547.5,520.0,525.0
2007-10-10,525.0,525.0,500.0,515.0
2007-10-11,505.0,522.5,505.0,522.5
2007-10-12,522.5,525.0,512.5,512.5
2007-10-15,512.5,542.5,500.0,502.5
2007-10-16,507.5,515.0,505.0,507.5
2007-10-17,502.5,525.0,502.5,512.5
2007-10-18,525.0,580.0,520.0,575.0
2007-10-19,570.0,592.5,552.5,552.5
2007-10-22,522.5,600.0,522.5,587.5
2007-10-23,622.5,630.0,590.0,602.5
2007-10-24,607.5,657.5,602.5,622.5
2007-10-25,620.0,630.0,552.5,595.0
2007-10-26,602.5,612.5,550.0,565.0
2007-10-29,567.5,575.0,542.5,550.0
2007-10-30,542.5,560.0,540.0,542.5
2007-10-31,545.0,567.5,542.5,555.0
2007-11-01,552.5,560.0,525.0,527.5
2007-11-02,507.5,532.5,505.0,520.0
2007-11-05,510.0,517.5,480.0,485.0
2007-11-06,477.5,495.0,410.0,440.0
2007-11-07,460.0,460.0,435.0,437.5
2007-11-08,435.0,440.0,430.0,430.0
2007-11-09,422.5,425.0,400.0,407.5
2007-11-12,405.0,417.5,400.0,407.5
2007-11-13,432.5,445.0,425.0,442.5
2007-11-14,437.5,447.5,437.5,437.5
2007-11-15,440.0,440.0,427.5,437.5
2007-11-16,460.0,485.0,452.5,470.0
2007-11-19,462.5,462.5,427.5,462.5
2007-11-20,442.5,457.5,437.5,452.5
2007-11-21,455.0,455.0,430.0,430.0
2007-11-22,427.5,445.0,427.5,440.0
2007-11-26,447.5,452.5,440.0,445.0
2007-11-27,435.0,455.0,435.0,455.0
2007-11-28,452.5,460.0,450.0,450.0
2007-11-29,477.5,482.5,462.5,467.5
2007-11-30,502.5,512.5,492.5,512.5
2007-12-03,507.5,510.0,495.0,500.0
2007-12-04,505.0,510.0,497.5,500.0
2007-12-05,477.5,477.5,465.0,470.0
2007-12-06,482.5,487.5,475.0,482.5
2007-12-07,470.0,472.5,460.0,460.0
2007-12-10,445.0,455.0,430.0,440.0
2007-12-11,440.0,452.5,440.0,452.5
2007-12-12,450.0,452.5,447.5,452.5
2007-12-13,447.5,450.0,440.0,442.5
2007-12-14,435.0,435.0,427.5,427.5
2007-12-17,415.0,420.0,410.0,420.0
2007-12-18,420.0,425.0,410.0,425.0
2007-12-19,427.5,427.5,412.5,425.0
2007-12-20,412.5,412.5,405.0,405.0
2007-12-21,395.0,405.0,392.5,400.0
2007-12-25,402.5,407.5,392.5,392.5
2007-12-26,402.5,415.0,400.0,415.0
2007-12-27,397.5,405.0,397.5,400.0
2007-12-28,392.5,400.0,385.0,387.5
2008-01-04,372.5,392.5,372.5,382.5
2008-01-07,387.5,395.0,385.0,390.0
2008-01-08,385.0,392.5,382.5,382.5
2008-01-09,382.5,387.5,380.0,387.5
2008-01-10,420.0,422.5,390.0,395.0
2008-01-11,387.5,390.0,377.5,377.5
2008-01-15,362.5,362.5,325.0,337.5
2008-01-16,302.5,332.5,287.5,292.5
2008-01-17,305.0,340.0,302.5,330.0
2008-01-18,317.5,342.5,317.5,335.0
2008-01-21,330.0,337.5,322.5,327.5
2008-01-22,300.0,305.0,292.5,292.5
2008-01-23,293.0249938964844,300.0,293.0249938964844,300.0
2008-01-24,305.0,305.0,302.5,302.5
2008-01-25,315.0,325.0,312.5,322.5
2008-01-28,317.5,317.5,310.0,312.5
2008-01-29,315.0,315.0,310.0,312.5
2008-01-30,305.0,305.0,300.0,302.5
2008-01-31,297.5,302.5,297.5,300.0
2008-02-01,302.5,307.5,297.5,307.5
2008-02-04,302.5,302.5,297.5,297.5
2008-02-05,305.0,305.0,300.0,302.5
2008-02-06,297.5,300.0,295.0,300.0
2008-02-07,300.0,300.0,295.0,295.0
2008-02-08,292.5,295.0,290.0,295.0
2008-02-12,275.0,280.0,272.5,275.0
2008-02-13,246.0,252.5,242.75,252.5
2008-02-14,246.0,252.5,243.25,249.5
2008-02-15,255.0,267.5,252.5,267.5
2008-02-18,270.0,280.0,267.5,270.0
2008-02-19,272.5,277.5,267.5,267.5
2008-02-20,317.5,317.5,317.5,317.5
2008-02-21,337.5,350.0,310.0,310.0
2008-02-22,297.5,320.0,297.5,300.0
2008-02-25,292.5,297.5,287.5,292.5
2008-02-26,302.5,302.5,292.5,292.5
2008-02-27,295.0,300.0,292.5,292.5
2008-02-28,295.0,297.5,292.5,297.5
2008-02-29,292.5,292.5,290.0,290.0
2008-03-03,275.0,280.0,272.5,275.0
2008-03-04,270.0,270.0,262.5,265.0
2008-03-05,260.0,260.0,252.5,255.0
2008-03-06,257.5,265.0,257.5,260.0
2008-03-07,255.0,257.5,250.0,250.0
2008-03-10,250.0,250.0,245.0,247.5
2008-03-11,245.25,250.0,242.75,249.0
2008-03-12,250.0,250.0,247.5,247.5
2008-03-13,247.75,247.75,237.5,239.75
2008-03-14,237.5,238.5,230.25,230.25
2008-03-17,217.25,220.0,216.25,217.5
2008-03-18,218.75,227.5,215.25,227.0
2008-03-19,230.75,231.25,225.0,228.0
2008-03-21,231.5,246.0,231.5,243.0
2008-03-24,241.25,249.75,240.25,248.75
2008-03-25,240.25,247.5,240.0,240.0
2008-03-26,237.25,238.75,234.5,237.5
2008-03-27,216.0,218.75,214.75,218.75
2008-03-28,216.25,219.75,216.25,217.25
2008-03-31,215.25,216.75,210.75,216.75
2008-04-01,211.0,212.75,210.0,211.5
2008-04-02,213.25,213.25,210.0,211.25
2008-04-03,212.25,215.5,211.25,214.0
2008-04-04,208.25,211.0,207.75,207.75
2008-04-07,207.5,211.25,207.5,211.25
2008-04-08,207.75,208.75,205.75,205.75
2008-04-09,205.0,207.5,204.25,205.5
2008-04-10,202.75,205.0,202.75,204.0
2008-04-11,205.0,206.75,203.5,206.75
2008-04-14,207.0,207.0,203.25,203.25
2008-04-15,208.75,208.75,202.5,206.25
2008-04-16,207.5,211.5,205.75,211.5
2008-04-17,209.75,209.75,205.0,209.0
2008-04-18,205.0,205.75,202.75,204.5
2008-04-21,202.5,204.5,200.75,200.75
2008-04-22,199.25,199.25,198.0,198.5
2008-04-23,199.75,201.0,197.5,199.75
2008-04-24,196.75,196.75,194.25,194.25
2008-04-25,195.5,196.75,193.25,196.75
2008-04-28,195.25,196.25,193.75,194.75
2008-04-30,194.25,199.0,194.25,194.5
2008-05-01,192.5,195.25,192.5,195.25
2008-05-02,193.75,194.5,191.25,192.25
2008-05-07,194.75,195.5,193.0,195.5
2008-05-08,204.25,206.25,200.75,203.5
2008-05-09,206.25,210.0,198.75,198.75
2008-05-12,195.75,199.75,195.75,198.5
2008-05-13,198.25,201.25,194.25,199.75
2008-05-14,199.75,200.5,197.5,198.75
2008-05-15,173.75,173.75,173.75,173.75
2008-05-16,161.25,161.25,161.25,161.25
2008-05-19,148.75,148.75,148.75,148.75
2008-05-20,159.5,161.25,159.5,161.25
2008-05-21,151.5,153.0,148.75,151.75
2008-05-22,150.75,155.0,150.25,151.75
2008-05-23,152.0,153.75,148.5,153.75
2008-05-26,153.75,153.75,150.0,151.5
2008-05-27,149.75,151.0,148.75,148.75
2008-05-28,146.25,148.25,145.5,145.75
2008-05-29,147.5,148.5,144.75,147.5
2008-05-30,148.25,149.0,147.5,148.25
2008-06-02,150.0,154.0,146.0,149.75
2008-06-03,149.0,150.0,146.0,146.25
2008-06-04,146.25,148.75,146.25,148.0
2008-06-05,148.0,150.0,146.0,146.75
2008-06-06,145.5,145.5,144.5,144.5
2008-06-09,145.75,146.0,143.25,146.0
2008-06-10,142.75,142.75,138.0,139.25
2008-06-11,137.25,138.0,135.75,137.0
2008-06-12,134.5,134.5,127.5,127.75
2008-06-13,124.125,125.0,122.5,125.0
2008-06-16,118.125,122.75,118.0,118.125
2008-06-17,115.75,120.0,110.25,120.0
2008-06-18,121.125,123.75,118.125,121.75
2008-06-19,115.625,116.375,112.0,115.625
2008-06-20,106.5,110.625,105.75,110.125
2008-06-23,111.375,114.5,110.5,112.5
2008-06-24,110.75,112.5,110.75,111.5
2008-06-25,108.5,109.5,106.75,106.75
2008-06-26,111.125,111.25,105.75,108.25
2008-06-27,100.75,103.75,100.75,102.5
2008-06-30,99.5,100.0,95.0,95.375
2008-07-01,93.0,94.375,92.625,94.375
2008-07-02,93.375,97.5,92.75,97.5
2008-07-03,93.875,95.75,93.875,95.0
2008-07-04,93.875,94.625,90.25,93.25
2008-07-07,94.625,94.75,92.5,92.5
2008-07-08,93.625,93.625,92.0,92.0
2008-07-09,91.0,91.25,89.0,89.125
2008-07-10,85.25,85.75,82.0,82.875
2008-07-11,92.875,92.875,85.25,87.625
2008-07-14,80.25,83.125,79.25,80.125
2008-07-15,73.875,74.69999694824219,72.75,73.75
2008-07-16,66.25,66.25,66.25,66.25
2008-07-17,64.25,64.25,60.025001525878906,61.625
2008-07-18,63.5,64.75,62.0,62.25
2008-07-22,63.0,63.0,56.0,56.75
2008-07-23,58.07500076293945,59.625,57.5,59.0
2008-07-24,63.125,66.5,63.125,66.5
2008-07-25,64.75,69.25,63.75,69.25
2008-07-28,72.9749984741211,77.5,72.5250015258789,76.25
2008-07-29,81.0,85.25,81.0,85.0
2008-07-30,88.875,90.25,86.75,89.75
2008-07-31,80.5,87.0,80.375,82.625
2008-08-01,76.0,78.75,72.625,75.0
2008-08-04,71.0,71.5,65.0,65.0
2008-08-05,63.75,64.625,60.400001525878906,64.25
2008-08-06,62.25,62.5,61.0,62.375
2008-08-07,61.0,63.0,60.25,62.5
2008-08-08,62.5,64.25,60.75,60.79999923706055
2008-08-11,63.25,64.5,60.025001525878906,60.025001525878906
2008-08-12,58.525001525878906,59.75,58.275001525878906,58.275001525878906
2008-08-13,57.775001525878906,58.875,57.75,58.849998474121094
2008-08-14,58.0,58.0,56.25,57.5
2008-08-15,50.29999923706055,50.5,50.0,50.04999923706055
2008-08-18,52.32500076293945,52.32500076293945,50.5,51.20000076293945
2008-08-19,46.5,46.525001525878906,45.025001525878906,45.400001525878906
2008-08-20,44.25,45.0,43.650001525878906,43.974998474121094
2008-08-21,44.5,46.0,44.5,45.0
2008-08-22,44.974998474121094,45.0,43.75,44.5
2008-08-25,47.5,47.75,47.224998474121094,47.75
2008-08-26,47.75,49.5,47.0,48.75
2008-08-27,47.025001525878906,48.75,47.025001525878906,47.07500076293945
2008-08-28,50.25,50.25,46.79999923706055,46.82500076293945
2008-08-29,46.29999923706055,48.474998474121094,46.25,47.0
2008-09-01,46.0,46.375,44.5,44.54999923706055
2008-09-02,48.54999923706055,49.25,47.0,48.82500076293945
2008-09-03,46.025001525878906,47.0,44.0,46.025001525878906
2008-09-04,43.875,46.25,43.875,44.974998474121094
2008-09-05,41.75,43.0,40.625,43.0
2008-09-08,45.875,46.75,43.625,45.625
2008-09-09,45.025001525878906,45.025001525878906,43.375,44.525001525878906
2008-09-10,44.25,44.75,43.025001525878906,44.75
2008-09-11,44.974998474121094,45.0,43.125,45.0
2008-09-12,44.525001525878906,46.54999923706055,42.775001525878906,43.20000076293945
2008-09-16,44.125,44.125,41.67499923706055,41.75
2008-09-17,40.70000076293945,40.75,39.525001525878906,40.5
2008-09-18,43.275001525878906,43.45000076293945,42.07500076293945,43.0
2008-09-19,41.275001525878906,43.650001525878906,40.775001525878906,43.474998474121094
2008-09-22,42.775001525878906,42.775001525878906,39.400001525878906,40.75
2008-09-24,38.25,38.25,35.75,35.75
2008-09-25,36.0,37.29999923706055,35.25,37.29999923706055
2008-09-26,36.025001525878906,36.25,34.5,36.0
2008-09-29,32.5,32.875,31.350000381469727,31.399999618530273
2008-09-30,27.649999618530273,29.75,27.0,28.75
2008-10-01,29.924999237060547,29.924999237060547,25.024999618530273,27.975000381469727
2008-10-02,25.75,28.25,25.049999237060547,28.25
2008-10-03,24.5,26.225000381469727,24.299999237060547,25.0
2008-10-06,24.75,26.375,24.75,26.375
2008-10-07,24.575000762939453,26.450000762939453,24.524999618530273,26.375
2008-10-08,27.5,27.5,24.75,27.5
2008-10-09,27.5,28.75,26.5,27.5
2008-10-10,25.0,26.100000381469727,24.524999618530273,26.100000381469727
2008-10-14,28.225000381469727,28.225000381469727,26.25,26.299999237060547
2008-10-15,24.850000381469727,25.924999237060547,24.850000381469727,24.899999618530273
2008-10-16,25.125,26.049999237060547,24.450000762939453,24.850000381469727
2008-10-17,25.0,25.375,24.875,24.899999618530273
2008-10-20,24.375,25.075000762939453,23.700000762939453,24.450000762939453
2008-10-21,25.700000762939453,26.450000762939453,25.549999237060547,26.424999237060547
2008-10-22,31.424999237060547,31.424999237060547,31.424999237060547,31.424999237060547
2008-10-23,36.42499923706055,36.42499923706055,32.625,34.25
2008-10-24,31.225000381469727,31.625,31.225000381469727,31.5
2008-10-27,27.825000762939453,28.625,26.5,26.5
2008-10-28,23.200000762939453,24.350000381469727,23.024999618530273,24.299999237060547
2008-10-29,26.299999237060547,26.799999237060547,26.274999618530273,26.424999237060547
2008-10-30,31.424999237060547,31.424999237060547,31.0,31.424999237060547
2008-10-31,36.42499923706055,36.42499923706055,35.92499923706055,36.42499923706055
2008-11-04,40.92499923706055,41.42499923706055,37.92499923706055,41.42499923706055
2008-11-05,46.42499923706055,46.42499923706055,46.42499923706055,46.42499923706055
2008-11-06,51.42499923706055,51.42499923706055,51.42499923706055,51.42499923706055
2008-11-07,58.92499923706055,58.92499923706055,58.92499923706055,58.92499923706055
2008-11-10,66.42500305175781,66.42500305175781,66.42500305175781,66.42500305175781
2008-11-11,73.92500305175781,73.92500305175781,73.92500305175781,73.92500305175781
2008-11-12,81.5,81.5,81.5,81.5
2008-11-13,91.5,91.5,91.5,91.5
2008-11-14,97.25,101.5,97.25,101.5
2008-11-17,111.5,111.5,111.5,111.5
2008-11-18,107.0,107.0,101.5,101.5
2008-11-19,91.5,91.5,91.5,91.5
2008-11-20,81.5,81.5,81.5,81.5
2008-11-21,71.5,71.5,71.5,71.5
2008-11-25,73.0,76.5,64.30000305175781,70.42500305175781
2008-11-26,66.0,69.875,62.92499923706055,62.92499923706055
2008-11-27,70.42500305175781,70.42500305175781,70.42500305175781,70.42500305175781
2008-11-28,77.98750305175781,78.0,77.98750305175781,78.0
2008-12-01,78.125,79.125,75.375,78.75
2008-12-02,74.0,74.9749984741211,72.5,72.5999984741211
2008-12-03,68.7750015258789,69.75,66.25,67.4749984741211
2008-12-04,62.125,62.45000076293945,59.974998474121094,62.45000076293945
2008-12-05,64.75,66.2249984741211,62.0,65.25
2008-12-08,66.5,72.75,64.125,72.75
2008-12-09,80.25,80.25,80.25,80.25
2008-12-10,87.25,90.25,81.5,90.25
2008-12-11,91.375,92.75,88.5,90.25
2008-12-12,81.375,84.125,80.25,80.75
2008-12-15,83.0,90.75,81.25,90.75
2008-12-16,95.25,99.75,92.75,92.875
2008-12-17,90.0,91.125,82.875,83.0
2008-12-18,83.0,89.75,83.0,89.75
2008-12-19,86.5,86.5,83.375,84.625
2008-12-22,82.625,83.125,80.5,80.5
2008-12-24,82.25,85.5,78.0,79.5
2008-12-25,73.875,83.5,71.75,80.0
2008-12-26,77.875,79.375,76.5,77.5
2008-12-29,78.75,79.5,77.625,78.0
2008-12-30,76.75,79.375,74.5,76.875
2009-01-05,75.875,80.0,75.875,79.875
2009-01-06,80.625,81.75,78.5,80.75
2009-01-07,78.0,79.0,77.5,78.0
2009-01-08,79.25,79.25,75.875,76.375
2009-01-09,75.25,77.375,74.75,77.0
2009-01-13,73.25,75.0,73.0,73.125
2009-01-14,71.75,73.2750015258789,71.5999984741211,72.92500305175781
2009-01-15,72.0,72.0,70.625,71.7249984741211
2009-01-16,70.57499694824219,76.0,70.5,76.0
2009-01-19,78.125,78.125,75.0,75.75
2009-01-20,72.5,73.75,72.0250015258789,73.2249984741211
2009-01-21,71.75,76.0,70.5,70.5
2009-01-22,67.0250015258789,69.0,66.75,67.4749984741211
2009-01-23,66.6500015258789,66.875,64.375,65.0
2009-01-26,61.25,61.25,57.5,57.5
2009-01-27,57.20000076293945,59.5,56.775001525878906,59.5
2009-01-28,64.96959686279297,67.0,64.96959686279297,67.0
2009-01-29,69.5,71.75,68.25,68.25
2009-01-30,75.5,75.75,74.0,75.75
2009-02-02,80.125,81.25,74.75,78.25
2009-02-03,74.0250015258789,74.875,68.75,72.5
2009-02-04,71.75,71.75,66.25,66.75
2009-02-05,70.7249984741211,71.0,66.55000305175781,70.25
2009-02-06,67.9000015258789,68.375,67.0250015258789,67.25
2009-02-09,67.5,69.4000015258789,66.0,69.25
2009-02-10,75.75,78.25,75.75,77.25
2009-02-12,70.0999984741211,70.5,67.5,68.25
2009-02-13,64.0999984741211,65.0,63.0,64.9749984741211
2009-02-16,62.224998474121094,63.5,61.5,63.224998474121094
2009-02-17,60.775001525878906,62.974998474121094,60.04999923706055,62.974998474121094
2009-02-18,61.75,63.25,61.25,63.224998474121094
2009-02-19,62.525001525878906,63.0,61.70000076293945,63.0
2009-02-20,69.69999694824219,69.75,64.25,65.0
2009-02-23,62.45000076293945,62.474998474121094,60.775001525878906,60.775001525878906
2009-02-24,57.125,58.25,56.525001525878906,58.224998474121094
2009-02-25,60.25,65.5,58.75,64.75
2009-02-26,61.525001525878906,63.25,61.25,62.0
2009-02-27,61.25,62.400001525878906,60.5,61.0
2009-03-02,61.75,62.0,60.0,61.875
2009-03-03,59.275001525878906,60.70000076293945,59.275001525878906,60.70000076293945
2009-03-04,58.29999923706055,59.0,57.75,58.375
2009-03-05,59.5,59.5,58.0,58.32500076293945
2009-03-06,58.04999923706055,62.0,57.75,60.5
2009-03-09,64.125,68.0,64.125,68.0
2009-03-10,69.5,75.0,67.75,74.5
2009-03-11,72.9749984741211,73.5,72.5,73.5
2009-03-12,71.9749984741211,72.44999694824219,68.5,68.5
2009-03-13,72.5,75.875,72.17500305175781,75.875
2009-03-16,77.75,79.5,76.625,79.5
2009-03-17,89.5,89.5,86.625,89.5
2009-03-18,82.25,83.375,80.0,80.0
2009-03-19,76.5,79.125,76.25,78.25
2009-03-23,77.125,78.0,76.25,78.0
2009-03-24,73.9749984741211,75.5,72.5,73.75
2009-03-25,71.75,73.5,71.25,72.5
2009-03-26,71.125,74.2249984741211,71.0999984741211,74.2249984741211
2009-03-27,75.0,76.125,73.2750015258789,73.92500305175781
2009-03-30,72.19999694824219,73.25,71.5999984741211,71.5999984741211
2009-03-31,71.44999694824219,72.5,70.875,71.75
2009-04-01,71.3499984741211,73.0,71.2750015258789,73.0
2009-04-02,74.75,77.0,74.25,77.0
2009-04-03,78.125,78.5,76.375,77.75
2009-04-06,79.625,79.875,78.875,79.75
2009-04-07,79.0,79.0,75.0,75.125
2009-04-08,76.5,77.5,76.25,77.0
2009-04-09,75.0,77.5,75.0,75.5
2009-04-10,76.875,77.0,75.0,75.5
2009-04-13,73.57499694824219,73.75,73.25,73.2750015258789
2009-04-14,71.25,73.75,71.25,73.75
2009-04-15,76.0,76.375,74.5,76.375
2009-04-16,74.94999694824219,74.94999694824219,73.0,73.0
2009-04-17,73.0,74.5,72.875,73.0
2009-04-20,78.625,78.625,77.0,78.625
2009-04-21,75.625,77.0,75.5,77.0
2009-04-22,75.25,76.0,74.7750015258789,74.7750015258789
2009-04-23,74.32499694824219,75.25,74.0,74.5250015258789
2009-04-24,76.25,76.75,75.0,76.75
2009-04-27,75.125,76.75,75.0,75.25
2009-04-28,74.75,75.25,73.9000015258789,75.25
2009-04-30,76.75,77.125,75.875,76.5
2009-05-01,85.0,86.5,84.625,86.5
2009-05-07,91.75,96.5,90.5,96.5
2009-05-08,98.625,102.0,97.25,102.0
2009-05-11,112.0,112.0,108.5,110.25
2009-05-12,100.25,100.25,100.25,100.25
2009-05-13,91.5,105.25,90.25,105.25
2009-05-14,98.25,99.5,95.25,95.25
2009-05-15,105.25,105.25,105.25,105.25
2009-05-18,115.25,115.25,115.25,115.25
2009-05-19,120.5,124.75,120.0,121.25
2009-05-20,127.0,131.25,125.0,126.5
2009-05-21,139.0,139.0,139.0,139.0
2009-05-22,151.5,151.5,151.5,151.5
2009-05-25,164.0,164.0,164.0,164.0
2009-05-26,176.5,176.5,176.5,176.5
2009-05-27,175.0,175.0,154.0,163.25
2009-05-28,161.25,175.75,160.75,175.75
2009-05-29,184.25,185.25,176.0,177.75
2009-06-01,170.0,173.5,169.25,170.25
2009-06-02,160.0,160.0,157.75,157.75
2009-06-03,145.25,149.0,145.25,145.25
2009-06-04,150.0,151.25,145.75,149.5
2009-06-05,148.0,157.25,148.0,155.75
2009-06-08,165.75,168.25,163.25,168.25
2009-06-09,179.0,180.75,175.75,180.75
2009-06-10,205.0,205.75,198.25,205.5
2009-06-11,227.5,230.5,222.0,230.5
2009-06-12,255.5,255.5,255.5,255.5
2009-06-15,305.5,305.5,305.5,305.5
2009-06-16,327.5,332.0,292.5,293.25
2009-06-17,270.0,281.25,268.0,275.5
2009-06-18,307.5,325.5,303.75,320.75
2009-06-19,338.25,340.75,307.75,328.0
2009-06-22,310.75,322.25,302.75,303.75
2009-06-23,265.0,266.5,253.75,253.75
2009-06-24,258.75,277.5,217.25,272.5
2009-06-25,268.75,289.0,257.5,276.5
2009-06-26,271.5,285.0,265.75,268.25
2009-06-29,318.25,318.25,318.25,318.25
2009-06-30,325.5,341.25,287.5,300.0
2009-07-01,280.0,291.0,275.25,280.0
2009-07-02,287.5,290.0,262.5,270.0
2009-07-03,270.0,283.75,262.5,282.5
2009-07-06,285.25,317.5,275.0,312.0
2009-07-07,307.0,314.5,285.5,287.25
2009-07-08,278.0,280.0,271.5,274.25
2009-07-09,275.0,305.0,265.0,287.5
2009-07-10,287.5,298.5,286.0,289.75
2009-07-13,280.25,285.0,239.75,242.5
2009-07-14,260.5,265.0,248.75,255.75
2009-07-15,261.0,271.5,256.75,267.75
2009-07-16,276.75,292.0,274.75,274.75
2009-07-17,279.75,284.25,257.5,270.0
2009-07-21,282.25,287.25,280.25,282.5
2009-07-22,286.5,286.5,280.25,282.25
2009-07-23,277.25,282.0,277.25,277.75
2009-07-24,280.0,327.75,280.0,327.75
2009-07-27,328.0,352.5,328.0,341.0
2009-07-28,336.0,337.25,325.25,328.25
2009-07-29,320.0,373.5,319.75,363.75
2009-07-30,365.0,387.5,363.75,387.25
2009-07-31,379.75,385.5,372.5,374.5
2009-08-03,382.0,382.25,370.0,372.75
2009-08-04,368.5,373.25,345.75,351.0
2009-08-05,351.25,377.5,350.0,357.5
2009-08-06,374.75,385.0,370.0,380.5
2009-08-07,392.5,396.0,377.5,380.0
2009-08-10,382.5,385.0,350.75,363.5
2009-08-11,357.5,364.0,351.5,358.25
2009-08-12,353.25,364.25,351.75,353.25
2009-08-13,373.75,378.75,365.0,365.0
2009-08-14,360.0,364.5,355.0,356.75
2009-08-17,354.5,364.5,352.5,360.5
2009-08-18,355.75,360.75,353.5,356.75
2009-08-19,358.75,363.5,338.75,346.25
2009-08-20,361.25,364.25,355.25,358.5
2009-08-21,363.5,370.25,354.5,355.5
2009-08-24,355.0,364.5,354.25,360.75
2009-08-25,360.25,410.75,360.0,409.25
2009-08-26,402.75,405.0,382.5,384.25
2009-08-27,380.0,382.0,370.0,375.25
2009-08-28,375.25,389.25,368.0,376.25
2009-08-31,382.5,401.25,377.5,386.0
2009-09-02,383.75,412.25,383.25,410.0
2009-09-03,412.5,434.0,405.25,410.25
2009-09-04,410.25,419.75,382.75,386.0
2009-09-07,387.5,414.0,386.0,408.25
2009-09-08,408.0,417.0,400.5,406.5
2009-09-09,410.0,432.25,401.25,427.0
2009-09-10,432.5,475.0,428.75,474.0
2009-09-11,459.0,479.5,453.75,474.5
2009-09-14,482.0,500.0,476.25,490.0
2009-09-15,492.5,498.5,470.25,497.0
2009-09-16,507.5,520.0,487.5,490.0
2009-09-17,493.5,504.25,462.25,465.0
2009-09-18,457.5,462.5,428.0,460.0
2009-09-21,460.0,460.0,460.0,460.0
2009-09-24,465.0,485.0,460.75,464.0
2009-09-25,472.25,474.5,447.5,453.75
2009-09-28,438.75,450.0,420.0,422.5
2009-09-29,428.0,458.0,428.0,458.0
2009-09-30,459.75,470.0,453.0,467.25
2009-10-01,462.5,466.25,436.25,436.25
2009-10-02,402.75,434.25,400.0,425.25
2009-10-05,417.25,440.0,413.25,417.5
2009-10-06,425.0,433.0,412.0,417.75
2009-10-07,424.25,432.5,412.5,432.5
2009-10-08,432.75,432.75,422.5,423.75
2009-10-09,428.75,430.5,423.25,425.5
2009-10-13,426.25,429.25,420.75,421.5
2009-10-14,419.0,419.5,405.0,405.0
2009-10-15,412.5,414.0,387.5,393.75
2009-10-16,378.75,400.0,370.75,398.0
2009-10-19,390.5,397.25,382.25,390.5
2009-10-20,378.75,383.0,370.25,370.75
2009-10-21,355.75,367.5,340.5,356.0
2009-10-22,356.5,390.25,330.25,371.25
2009-10-23,341.25,357.5,321.25,321.25
2009-10-26,301.25,321.75,285.25,303.75
2009-10-27,318.75,324.75,303.25,307.0
2009-10-28,302.0,308.5,272.5,276.25
2009-10-29,274.75,294.25,250.25,283.75
2009-10-30,291.5,298.75,285.25,293.0
2009-11-02,283.0,288.25,273.75,277.5
2009-11-04,277.5,319.0,277.5,315.5
2009-11-05,317.75,330.5,299.5,301.25
2009-11-06,315.0,315.5,276.25,280.25
2009-11-09,280.5,298.5,280.5,284.75
2009-11-10,287.0,290.0,281.0,282.25
2009-11-11,277.5,280.5,251.25,262.25
2009-11-12,254.0,265.0,249.5,251.25
2009-11-13,255.0,255.0,221.75,228.5
2009-11-16,220.0,221.0,203.5,203.5
2009-11-17,211.0,225.5,181.5,194.25
2009-11-18,209.25,217.0,194.75,215.0
2009-11-19,213.75,222.5,195.75,207.5
2009-11-20,202.5,225.75,200.75,219.0
2009-11-24,222.5,232.0,214.75,219.0
2009-11-25,214.0,216.5,203.0,211.5
2009-11-26,206.5,217.5,200.0,210.5
2009-11-27,203.25,209.25,201.5,201.75
2009-11-30,211.75,226.75,210.25,226.75
2009-12-01,236.25,245.0,230.25,241.25
2009-12-02,239.5,249.75,233.25,241.25
2009-12-03,240.5,266.25,240.25,266.25
2009-12-04,281.25,299.75,271.25,296.25
2009-12-07,310.0,315.5,282.25,283.75
2009-12-08,272.5,282.5,267.0,269.0
2009-12-09,261.0,267.5,255.0,255.0
2009-12-10,260.0,292.0,257.25,274.25
2009-12-11,270.25,288.5,270.25,278.5
2009-12-14,273.5,275.0,263.25,268.75
2009-12-15,265.0,271.0,261.25,264.5
2009-12-16,262.5,263.25,255.5,258.25
2009-12-17,256.75,263.75,250.0,258.5
2009-12-18,258.5,259.75,247.0,255.75
2009-12-21,248.25,252.5,247.0,248.75
2009-12-22,247.75,257.0,247.5,252.75
2009-12-24,251.5,268.25,251.5,265.75
2009-12-25,270.0,274.5,253.75,255.0
2009-12-28,257.5,267.5,257.5,260.75
2009-12-29,258.75,260.75,257.0,259.0
2009-12-30,255.25,263.75,252.0,261.5
2010-01-04,255.0,264.25,254.75,257.0
2010-01-05,257.0,257.0,249.75,250.5
2010-01-06,247.75,248.0,238.25,243.5
2010-01-07,235.75,236.0,230.0,233.25
2010-01-08,229.5,231.25,222.75,228.25
2010-01-12,224.75,227.75,222.5,224.0
2010-01-13,225.5,233.25,223.75,230.75
2010-01-14,228.75,229.25,223.75,227.25
2010-01-15,228.75,230.75,223.25,226.25
2010-01-18,228.75,247.0,223.25,247.0
2010-01-19,246.75,258.25,244.0,252.5
2010-01-20,253.75,256.0,240.75,242.5
2010-01-21,238.75,248.0,236.25,243.5
2010-01-22,239.75,253.5,238.25,252.0
2010-01-25,249.75,252.0,245.75,246.25
2010-01-26,245.75,249.0,232.75,232.75
2010-01-27,234.75,243.75,231.75,234.5
2010-01-28,234.0,234.0,228.75,231.0
2010-01-29,227.5,242.0,226.5,232.75
2010-02-01,240.25,259.75,240.0,256.75
2010-02-02,259.5,259.5,250.0,255.0
2010-02-03,249.75,256.5,246.75,252.5
2010-02-04,251.25,272.0,250.75,264.0
2010-02-05,260.0,264.0,251.75,257.0
2010-02-08,252.0,256.75,249.5,250.75
2010-02-09,246.5,250.0,245.25,246.5
2010-02-10,254.0,261.25,251.25,261.25
2010-02-12,262.5,281.25,257.75,279.0
2010-02-15,271.25,290.0,270.75,289.5
2010-02-16,294.75,329.5,292.5,317.25
2010-02-17,311.0,315.0,302.75,308.5
2010-02-18,305.0,307.5,293.75,295.25
2010-02-19,297.5,309.0,295.25,295.25
2010-02-22,300.0,306.25,290.5,290.5
2010-02-23,292.5,300.0,278.25,296.25
2010-02-24,300.0,305.0,296.5,300.25
2010-02-25,298.75,306.5,290.25,292.25
2010-02-26,294.0,299.25,289.5,292.5
2010-03-01,289.25,294.75,285.0,288.25
2010-03-02,288.75,289.0,280.25,281.25
2010-03-03,281.25,289.75,276.0,287.5
2010-03-04,285.25,288.0,282.5,284.5
2010-03-05,280.5,284.25,279.5,280.75
2010-03-08,280.75,284.0,277.75,279.5
2010-03-09,279.0,279.25,263.25,269.5
2010-03-10,267.5,271.25,257.0,261.0
2010-03-11,259.75,270.25,259.0,267.25
2010-03-12,264.0,270.5,264.0,267.5
2010-03-15,262.75,266.0,258.75,259.75
2010-03-16,257.0,257.0,252.5,253.25
2010-03-17,253.5,263.75,251.75,262.75
2010-03-18,265.0,268.75,260.5,262.5
2010-03-19,260.75,264.0,253.25,259.75
2010-03-23,256.5,263.75,254.5,263.75
2010-03-24,267.0,267.0,260.25,260.5
2010-03-25,259.25,259.5,254.0,254.0
2010-03-26,254.0,257.0,252.5,252.5
2010-03-29,251.5,261.75,249.5,260.75
2010-03-30,260.25,270.75,257.5,267.25
2010-03-31,264.75,267.0,259.5,262.25
2010-04-01,261.25,261.25,255.25,257.5
2010-04-02,257.5,260.0,255.0,259.5
2010-04-05,260.25,279.75,257.5,279.75
2010-04-06,287.25,290.0,272.5,279.75
2010-04-07,287.25,290.0,272.5,272.75
2010-04-08,268.75,278.0,267.5,277.75
2010-04-09,279.75,294.25,276.25,294.25
2010-04-12,297.25,306.25,293.75,302.75
2010-04-13,302.75,309.75,297.75,307.25
2010-04-14,308.75,330.0,302.0,330.0
2010-04-15,334.25,337.25,312.5,317.0
2010-04-16,312.5,330.0,304.0,317.5
2010-04-19,306.5,309.75,302.5,304.25
2010-04-20,299.5,305.5,295.0,304.5
2010-04-21,312.5,328.75,312.5,328.75
2010-04-22,332.25,332.25,315.75,325.0
2010-04-23,327.75,340.0,327.5,333.75
2010-04-26,332.5,342.75,332.5,342.0
2010-04-27,340.0,340.0,330.0,335.0
2010-04-28,327.5,328.5,319.0,321.0
2010-04-30,323.75,328.75,320.0,325.25
2010-05-06,322.5,324.5,311.0,312.5
2010-05-07,290.0,297.5,277.5,285.75
2010-05-10,285.25,317.5,284.25,311.25
2010-05-11,386.25,386.25,337.5,344.0
2010-05-12,336.5,345.0,319.5,323.25
2010-05-13,328.0,336.25,323.75,327.25
2010-05-14,319.75,326.25,297.5,300.0
2010-05-17,297.0,297.25,262.75,263.75
2010-05-18,267.5,273.75,227.5,237.25
2010-05-19,232.25,245.75,223.75,242.75
2010-05-20,236.25,241.75,230.0,231.25
2010-05-21,216.25,238.25,213.75,238.25
2010-05-24,231.0,238.5,227.0,228.5
2010-05-25,231.25,232.5,214.5,214.5
2010-05-26,218.25,237.5,218.25,228.0
2010-05-27,226.5,239.0,225.5,236.5
2010-05-28,249.5,254.5,233.75,240.5
2010-05-31,243.75,250.0,231.75,250.0
2010-06-01,257.0,262.5,241.75,245.0
2010-06-02,242.5,256.0,239.0,244.75
2010-06-03,250.5,253.75,247.25,249.75
2010-06-04,250.0,252.5,238.0,240.5
2010-06-07,229.25,233.25,225.25,226.5
2010-06-08,226.0,235.0,222.75,225.0
2010-06-09,228.75,229.75,217.5,218.25
2010-06-10,220.0,222.5,205.75,209.5
2010-06-11,220.75,247.0,217.0,247.0
2010-06-14,247.0,257.75,237.5,242.75
2010-06-15,239.0,244.25,235.5,238.75
2010-06-16,241.0,242.25,237.0,238.5
2010-06-17,234.75,236.0,227.5,227.75
2010-06-18,226.5,229.5,225.0,225.0
2010-06-21,225.25,235.75,225.25,231.75
2010-06-22,234.0,249.5,234.0,240.75
2010-06-23,237.0,237.0,228.75,229.5
2010-06-24,229.5,232.75,228.75,231.25
2010-06-25,229.75,229.75,225.0,225.0
2010-06-28,226.25,228.5,214.25,215.0
2010-06-29,215.0,220.0,212.5,213.75
2010-06-30,206.75,210.0,202.75,209.25
2010-07-01,206.5,207.5,202.5,203.75
2010-07-02,201.5,210.0,201.5,207.0
2010-07-05,211.25,219.5,209.25,217.5
2010-07-06,217.75,217.75,209.75,215.75
2010-07-07,215.25,217.5,211.5,211.5
2010-07-08,217.75,220.5,213.25,214.25
2010-07-09,215.0,222.0,212.75,220.75
2010-07-12,222.5,237.0,221.25,229.0
2010-07-13,229.0,230.5,224.0,229.75
2010-07-14,234.25,234.25,227.75,231.25
2010-07-15,228.5,228.5,222.0,222.5
2010-07-16,221.0,223.75,215.0,217.5
2010-07-21,217.0,219.25,211.0,212.5
2010-07-22,208.25,210.5,205.0,206.25
2010-07-23,210.0,214.5,207.75,214.0
2010-07-26,215.0,221.0,212.5,217.5
2010-07-27,220.0,220.0,213.5,215.0
2010-07-28,216.75,217.5,214.0,217.5
2010-07-29,220.0,220.0,215.0,217.5
2010-07-30,217.5,217.5,212.5,214.5
2010-08-02,212.5,215.0,209.25,212.25
2010-08-03,211.75,212.0,208.75,211.25
2010-08-04,211.25,212.5,208.0,208.75
2010-08-05,212.5,215.5,208.75,210.0
2010-08-06,209.75,210.75,206.5,208.75
2010-08-09,206.25,211.25,205.25,211.25
2010-08-10,212.0,213.5,209.25,213.5
2010-08-11,209.75,219.5,209.75,219.5
2010-08-12,212.5,219.25,207.5,212.0
2010-08-13,208.25,209.75,204.0,206.5
2010-08-16,205.0,207.5,201.75,205.75
2010-08-17,203.0,206.25,199.25,199.75
2010-08-18,203.25,204.5,200.75,204.25
2010-08-19,204.25,206.0,201.25,204.5
2010-08-20,201.75,208.75,201.0,207.0
2010-08-23,205.0,207.5,203.0,205.0
2010-08-24,205.0,207.5,199.25,199.75
2010-08-25,192.25,197.25,190.0,190.75
2010-08-26,190.25,194.75,179.0,182.0
2010-08-27,178.25,186.25,176.5,184.0
2010-08-30,184.5,190.0,184.5,185.0
2010-08-31,182.0,185.5,179.75,180.5
2010-09-01,180.25,184.5,178.25,180.25
2010-09-02,185.5,187.5,179.0,182.25
2010-09-03,180.75,183.5,178.75,179.0
2010-09-06,180.5,185.0,180.5,184.75
2010-09-07,184.5,211.25,182.75,201.5
2010-09-08,195.0,212.0,194.0,200.0
2010-09-09,206.0,209.25,200.0,204.5
2010-09-10,202.75,206.5,201.75,206.5
2010-09-13,206.0,211.25,205.0,207.75
2010-09-14,208.5,211.0,204.25,204.75
2010-09-16,200.25,202.75,193.75,194.0
2010-09-17,194.0,195.5,189.25,192.0
2010-09-21,192.75,194.5,190.0,192.25
2010-09-22,192.75,204.0,190.0,199.5
2010-09-24,199.25,199.25,194.75,194.75
2010-09-27,194.5,194.75,184.0,184.25
2010-09-28,183.0,189.0,181.25,184.25
2010-09-29,184.0,189.5,184.0,189.25
2010-09-30,189.5,190.5,184.75,188.75
2010-10-01,186.25,188.0,183.5,186.25
2010-10-04,190.5,200.75,188.0,191.5
2010-10-05,185.25,188.75,184.25,188.5
2010-10-06,187.75,191.0,185.25,190.5
2010-10-07,191.75,192.5,187.5,191.5
2010-10-08,191.75,191.75,186.0,190.25
2010-10-12,190.25,192.5,183.75,183.75
2010-10-13,183.0,184.5,178.0,178.25
2010-10-14,178.0,183.0,176.5,179.5
2010-10-15,177.25,182.25,162.5,177.0
2010-10-18,171.25,176.5,170.25,173.0
2010-10-19,171.5,175.5,170.0,175.0
2010-10-20,171.25,175.25,169.5,175.0
2010-10-21,172.75,175.0,171.5,173.5
2010-10-22,198.5,198.5,195.0,198.5
2010-10-25,236.0,236.0,236.0,236.0
2010-10-26,273.5,273.5,246.0,250.75
2010-10-27,243.25,247.75,230.75,238.25
2010-10-28,234.5,248.25,225.75,229.0
2010-10-29,234.5,248.25,225.75,232.5
2010-11-01,232.5,248.0,227.5,232.5
2010-11-02,229.5,236.5,227.0,227.25
2010-11-04,230.0,243.0,229.5,242.75
2010-11-05,249.75,255.0,238.75,238.75
2010-11-08,242.5,246.5,233.75,237.0
2010-11-09,237.5,237.5,232.0,235.75
2010-11-10,235.75,242.5,233.5,241.0
2010-11-11,259.75,275.0,254.0,261.0
2010-11-12,253.5,255.25,244.0,248.5
2010-11-15,252.25,254.5,244.0,245.0
2010-11-16,247.0,247.0,238.0,240.0
2010-11-17,236.75,239.25,231.5,235.0
2010-11-18,235.25,247.75,234.5,242.0
2010-11-19,243.75,243.75,236.25,242.5
2010-11-22,242.25,246.5,237.75,243.75
2010-11-24,240.0,245.0,238.25,242.25
2010-11-25,242.5,244.75,239.5,241.25
2010-11-26,242.5,244.25,239.5,242.5
2010-11-29,280.0,280.0,280.0,280.0
2010-11-30,295.0,302.5,268.75,272.0
2010-12-01,272.75,293.75,270.0,282.25
2010-12-02,287.5,292.25,284.0,288.0
2010-12-03,293.0,306.5,288.0,304.75
2010-12-06,312.25,352.5,311.25,350.0
2010-12-07,343.75,353.75,334.75,348.5
2010-12-08,362.5,373.5,341.25,346.5
2010-12-09,331.5,358.5,330.5,339.25
2010-12-10,340.0,359.5,337.25,359.0
2010-12-13,351.5,364.5,347.5,355.5
2010-12-14,351.5,358.75,348.25,351.75
2010-12-15,349.75,352.25,332.5,337.5
2010-12-16,338.75,348.5,324.0,342.5
2010-12-17,350.0,351.0,339.5,345.75
2010-12-20,353.25,378.25,348.75,369.25
2010-12-21,371.25,371.75,358.75,362.75
2010-12-22,371.25,378.25,363.5,365.0
2010-12-24,368.0,385.5,360.25,369.75
2010-12-27,392.5,437.0,372.5,375.5
2010-12-28,363.0,369.25,349.5,360.0
2010-12-29,365.0,369.25,350.5,351.75
2010-12-30,344.25,347.5,325.0,337.5
2011-01-04,342.25,355.0,329.5,350.0
2011-01-05,342.5,348.5,338.25,342.5
2011-01-06,347.5,358.5,341.25,355.75
2011-01-07,355.75,361.25,347.5,348.0
2011-01-11,346.25,352.25,339.5,342.5
2011-01-12,347.25,351.25,340.75,349.0
2011-01-13,352.0,376.0,352.0,373.0
2011-01-14,371.0,378.25,364.5,366.0
2011-01-17,365.0,376.75,363.25,372.5
2011-01-18,376.75,383.25,368.0,372.5
2011-01-19,377.25,377.25,366.5,371.75
2011-01-20,371.25,372.5,358.25,358.75
2011-01-21,360.5,363.0,336.25,343.25
2011-01-24,346.25,359.75,346.25,350.5
2011-01-25,354.0,369.0,349.5,368.75
2011-01-26,365.0,368.5,361.5,367.5
2011-01-27,372.5,380.0,370.0,376.5
2011-01-28,381.0,382.5,370.75,373.75
2011-01-31,369.0,373.75,359.25,363.0
2011-02-01,360.0,366.75,357.0,363.0
2011-02-02,363.0,366.25,358.25,361.5
2011-02-03,362.0,363.0,358.0,362.25
2011-02-04,357.5,365.0,357.0,362.5
2011-02-07,358.75,363.75,358.75,361.5
2011-02-08,362.5,367.5,360.25,365.5
2011-02-09,368.75,380.0,365.0,370.75
2011-02-10,374.75,374.75,360.25,366.25
2011-02-14,367.5,367.5,352.25,356.5
2011-02-15,357.25,365.25,353.75,359.25
2011-02-16,356.5,359.5,354.5,357.5
2011-02-17,357.5,358.75,355.25,358.75
2011-02-18,358.0,378.5,358.0,378.5
2011-02-21,372.5,381.0,370.75,376.75
2011-02-22,370.25,373.5,360.0,361.5
2011-02-23,356.25,369.25,354.5,356.75
2011-02-24,377.5,391.25,340.0,340.75
2011-02-25,335.25,350.0,327.75,347.5
2011-02-28,350.0,366.25,348.0,361.75
2011-03-01,366.75,366.75,357.0,361.75
2011-03-02,359.0,372.5,355.75,360.0
2011-03-03,360.0,370.0,359.5,369.0
2011-03-04,368.5,371.25,364.0,367.5
2011-03-07,337.5,347.75,292.75,298.75
2011-03-08,304.75,323.0,301.75,308.5
2011-03-09,301.0,319.75,268.75,294.0
2011-03-10,300.0,303.25,275.75,284.0
2011-03-11,273.5,297.75,260.0,285.75
2011-03-14,212.5,227.5,210.75,210.75
2011-03-15,203.25,206.25,173.25,185.25
2011-03-16,215.25,222.75,194.25,219.25
2011-03-17,200.5,225.0,200.5,212.75
2011-03-18,220.25,236.5,217.75,236.25
2011-03-22,258.75,265.0,253.75,256.25
2011-03-23,251.5,257.0,245.0,247.25
2011-03-24,246.25,249.75,237.5,239.5
2011-03-25,241.25,246.25,232.25,232.75
2011-03-28,234.0,234.0,215.75,224.75
2011-03-29,221.0,247.0,217.0,243.75
2011-03-30,240.0,245.0,238.75,242.5
2011-03-31,244.75,251.25,238.75,250.0
2011-04-01,250.0,250.0,240.75,245.25
2011-04-04,243.0,250.5,242.25,249.5
2011-04-05,248.5,260.5,245.0,250.0
2011-04-06,248.5,259.0,248.25,253.0
2011-04-07,254.0,258.25,249.75,251.75
2011-04-08,249.5,256.25,248.25,253.5
2011-04-11,256.25,274.75,256.25,271.0
2011-04-12,269.0,273.5,257.75,265.5
2011-04-13,259.25,268.0,258.75,265.0
2011-04-14,261.75,282.25,259.0,279.0
2011-04-15,282.5,300.0,282.0,297.0
2011-04-18,292.5,299.25,288.75,294.5
2011-04-19,290.75,298.75,289.25,295.25
2011-04-20,340.25,344.25,327.75,337.5
2011-04-21,332.5,336.25,330.0,332.5
2011-04-22,334.25,358.25,332.0,351.25
2011-04-25,358.75,377.5,355.0,377.5
2011-04-26,375.0,377.5,359.0,365.0
2011-04-27,365.0,384.75,361.25,367.5
2011-04-28,367.5,374.5,365.0,370.75
2011-05-02,371.25,377.5,371.25,374.75
2011-05-06,373.5,374.0,360.25,372.5
2011-05-09,372.5,378.75,372.5,378.0
2011-05-10,380.0,400.0,378.0,396.5
2011-05-11,395.5,402.5,392.75,401.5
2011-05-12,405.0,409.75,354.5,362.5
2011-05-13,377.5,386.25,367.5,379.75
2011-05-16,372.5,378.5,356.25,363.0
2011-05-17,355.5,361.5,350.0,357.0
2011-05-18,352.0,372.5,352.0,367.5
2011-05-19,365.75,370.0,362.5,362.5
2011-05-20,357.75,369.25,357.75,367.5
2011-05-23,371.75,380.5,363.0,368.75
2011-05-24,364.0,364.75,357.5,359.5
2011-05-25,350.0,352.25,335.0,348.75
2011-05-26,335.5,349.5,327.5,338.0
2011-05-27,360.5,407.5,357.5,380.25
2011-05-30,390.25,397.0,372.5,375.0
2011-05-31,372.5,386.25,362.5,377.5
2011-06-01,377.5,382.25,371.75,376.75
2011-06-02,371.0,376.75,370.5,372.75
2011-06-03,371.5,378.25,370.5,375.5
2011-06-06,381.25,381.25,373.75,376.5
2011-06-07,371.0,374.75,369.75,374.0
2011-06-08,371.25,377.75,369.75,377.75
2011-06-09,371.5,377.25,371.5,375.0
2011-06-10,373.5,380.75,372.0,372.0
2011-06-13,368.75,369.25,361.25,365.0
2011-06-14,361.25,362.5,350.0,355.0
2011-06-15,352.5,358.75,349.25,357.5
2011-06-16,358.25,364.75,355.0,360.0
2011-06-17,362.5,362.5,350.5,351.5
2011-06-20,350.5,354.0,350.0,354.0
2011-06-21,356.5,363.25,353.5,362.75
2011-06-22,364.25,365.75,360.25,363.25
2011-06-23,362.5,381.75,359.75,370.5
2011-06-24,375.0,375.0,362.0,365.0
2011-06-27,360.5,362.5,357.0,357.75
2011-06-28,356.5,358.75,352.75,355.0
2011-06-29,357.0,357.75,355.25,357.5
2011-06-30,360.0,420.0,354.5,382.5
2011-07-01,372.5,378.25,362.0,367.5
2011-07-04,374.25,381.25,370.5,379.25
2011-07-05,379.25,380.0,372.0,377.5
2011-07-06,375.25,376.5,372.5,374.25
2011-07-07,371.25,375.0,368.25,372.25
2011-07-08,370.25,377.5,369.5,376.5
2011-07-11,375.0,383.75,374.25,378.25
2011-07-12,377.25,377.25,370.5,375.0
2011-07-13,371.25,377.5,371.25,375.0
2011-07-14,371.25,374.25,370.25,370.75
2011-07-15,370.5,372.0,365.5,372.0
2011-07-19,368.0,375.0,367.25,374.0
2011-07-20,372.5,375.25,370.0,371.5
2011-07-21,372.0,374.5,369.5,373.0
2011-07-22,371.0,371.25,365.25,367.25
2011-07-25,363.75,365.75,360.5,362.5
2011-07-26,362.75,365.25,359.25,363.25
2011-07-27,359.5,362.0,355.0,357.5
2011-07-28,351.0,352.5,337.75,339.0
2011-07-29,343.75,379.25,337.5,362.5
2011-08-01,356.25,367.5,354.5,364.0
2011-08-02,363.75,364.0,358.25,362.5
2011-08-03,357.5,361.75,354.75,359.75
2011-08-04,359.75,365.25,359.75,363.5
2011-08-05,345.0,351.75,342.5,347.75
2011-08-08,349.25,350.5,326.5,332.0
2011-08-09,302.0,324.5,297.0,322.5
2011-08-10,330.0,336.75,328.25,332.25
2011-08-11,324.75,334.5,306.75,334.5
2011-08-12,336.25,351.25,335.0,347.5
2011-08-15,355.0,365.0,355.0,360.25
2011-08-16,363.75,364.0,356.5,359.5
2011-08-17,360.5,361.25,354.5,361.25
2011-08-18,361.0,362.5,356.25,359.25
2011-08-19,348.5,360.0,346.25,349.75
2011-08-22,350.0,351.25,337.5,338.25
2011-08-23,338.75,349.75,338.75,343.25
2011-08-24,349.0,349.0,334.0,337.25
2011-08-25,341.75,345.0,339.5,342.75
2011-08-26,340.0,347.25,340.0,346.5
2011-08-29,347.25,353.75,347.25,350.25
2011-08-30,350.5,357.75,350.5,354.0
2011-08-31,355.0,355.0,350.75,352.5
2011-09-01,349.25,352.75,345.75,349.5
2011-09-02,349.5,349.5,345.25,349.5
2011-09-05,347.75,349.75,346.0,348.75
2011-09-06,346.0,346.0,337.75,337.75
2011-09-07,341.75,346.25,339.75,344.25
2011-09-08,350.0,354.25,346.0,353.5
2011-09-09,358.25,367.5,355.25,359.0
2011-09-12,352.5,362.5,350.25,358.75
2011-09-13,362.75,377.5,358.75,372.75
2011-09-14,370.0,370.0,357.75,357.75
2011-09-15,362.5,365.75,357.75,360.75
2011-09-16,362.5,370.25,360.0,367.1424865722656
2011-09-20,370.75,397.25,368.25,390.75
2011-09-21,380.75,387.5,376.25,377.5
2011-09-22,369.0,376.75,360.75,362.5
2011-09-26,355.0,363.25,341.25,360.0
2011-09-27,369.5,389.75,360.5,381.25
2011-09-28,387.5,394.25,375.25,393.25
2011-09-29,390.5,411.75,390.5,403.0
2011-09-30,402.5,407.25,387.5,398.25
2011-10-03,398.25,418.75,397.25,404.5
2011-10-04,395.0,395.0,380.25,390.25
2011-10-05,390.75,396.25,371.25,375.0
2011-10-06,377.0,383.75,372.5,382.0
2011-10-07,382.5,386.0,369.5,376.25
2011-10-11,377.75,380.0,369.75,370.5
2011-10-12,370.75,372.25,364.5,370.0
2011-10-13,374.25,375.5,370.0,373.5
2011-10-14,372.75,373.5,365.25,366.25
2011-10-17,366.5,366.5,360.75,364.0
2011-10-18,360.0,362.5,356.5,357.5
2011-10-19,359.5,359.75,352.5,356.0
2011-10-20,356.0,356.75,352.5,354.75
2011-10-21,375.0,387.25,365.5,369.25
2011-10-24,375.0,381.25,370.25,375.0
2011-10-25,374.75,374.75,368.75,373.0
2011-10-26,328.0,334.25,307.5,324.75
2011-10-27,319.25,324.0,306.25,311.75
2011-10-28,318.75,318.75,309.75,312.75
2011-10-31,306.25,317.5,305.0,311.5
2011-11-01,309.0,311.5,300.0,300.25
2011-11-02,292.5,299.0,282.5,292.5
2011-11-04,288.0,307.75,288.0,306.5
2011-11-07,301.5,307.5,295.25,298.25
2011-11-08,294.5,297.25,280.5,283.0
2011-11-09,282.25,289.5,265.0,270.25
2011-11-10,247.75,261.75,247.5,261.25
2011-11-11,256.25,272.25,255.25,268.25
2011-11-14,268.75,287.25,268.75,286.0
2011-11-15,293.5,293.5,279.25,281.25
2011-11-16,287.25,287.25,280.0,283.5
2011-11-17,277.5,279.75,270.25,272.75
2011-11-18,266.25,274.75,260.75,271.25
2011-11-21,278.75,285.75,271.25,271.25
2011-11-22,263.75,274.75,263.25,266.0
2011-11-24,265.0,269.0,260.5,267.75
2011-11-25,266.5,278.5,265.0,277.25
2011-11-28,297.5,311.25,288.5,304.5
2011-11-29,301.25,313.75,300.5,306.75
2011-11-30,307.5,324.5,305.25,324.5
2011-12-01,325.0,328.75,320.0,322.25
2011-12-02,322.25,323.0,318.5,322.25
2011-12-05,318.75,320.0,313.25,319.25
2011-12-06,315.75,317.5,306.25,308.5
2011-12-07,306.25,314.25,305.0,309.75
2011-12-08,310.0,316.25,307.75,316.25
2011-12-09,311.75,316.5,311.75,315.75
2011-12-12,313.75,320.75,313.75,316.0
2011-12-13,313.0,316.25,310.0,315.0
2011-12-14,311.75,316.25,309.25,316.25
2011-12-15,312.5,316.0,309.5,315.75
2011-12-16,312.5,314.75,309.75,311.0
2011-12-19,310.0,310.0,303.25,304.25
2011-12-20,300.25,311.25,300.0,311.25
2011-12-21,310.5,310.5,307.5,309.25
2011-12-22,307.5,309.25,304.0,307.5
2011-12-26,303.25,306.0,297.5,298.25
2011-12-27,297.75,297.75,289.0,293.75
2011-12-28,291.5,302.5,288.75,300.25
2011-12-29,300.0,319.75,296.25,319.75
2011-12-30,316.75,320.0,312.5,317.75
2012-01-04,323.25,323.5,318.0,323.0
2012-01-05,323.0,323.25,319.75,321.0
2012-01-06,320.0,322.5,316.25,319.75
2012-01-10,319.75,321.25,317.5,318.25
2012-01-11,317.25,317.5,313.75,314.75
2012-01-12,307.25,311.25,307.25,308.25
2012-01-13,307.25,313.0,307.0,309.0
2012-01-16,305.0,316.0,305.0,316.0
2012-01-17,316.25,321.0,316.0,316.25
2012-01-18,320.25,322.75,317.5,321.25
2012-01-19,319.0,321.75,316.75,317.0
2012-01-20,317.0,320.0,311.75,318.75
2012-01-23,311.5,314.0,309.5,309.5
2012-01-24,309.0,312.5,308.75,309.5
2012-01-25,308.5,309.75,307.5,309.5
2012-01-26,307.0,308.5,300.5,304.75
2012-01-27,301.5,304.75,301.25,302.5
2012-01-30,297.5,303.0,297.5,299.0
2012-01-31,297.75,299.0,297.5,298.25
2012-02-01,298.0,303.0,296.0,299.5
2012-02-02,302.25,303.25,297.75,297.75
2012-02-03,295.0,300.0,295.0,300.0
2012-02-06,301.5,309.5,297.75,303.0
2012-02-07,304.75,307.0,303.0,305.0
2012-02-08,305.75,308.75,305.0,307.75
2012-02-09,310.0,318.5,306.25,309.0
2012-02-10,310.25,313.5,303.5,304.75
2012-02-13,303.25,308.5,300.25,308.0
2012-02-14,310.0,311.25,303.75,305.5
2012-02-15,305.25,309.75,304.0,304.25
2012-02-16,302.5,304.25,300.0,302.5
2012-02-17,303.25,306.0,301.5,303.5
2012-02-20,302.5,303.75,300.25,300.25
2012-02-21,301.25,307.25,301.0,305.75
2012-02-22,307.5,327.25,307.5,320.0
2012-02-23,318.0,328.0,317.5,327.5
2012-02-24,325.25,328.5,320.0,321.25
2012-02-27,323.75,334.0,319.0,332.5
2012-02-28,331.5,331.5,319.25,327.75
2012-02-29,320.25,328.0,316.5,318.75
2012-03-01,318.75,321.75,313.5,315.0
2012-03-02,315.0,320.75,315.0,320.75
2012-03-05,321.5,321.5,317.5,318.25
2012-03-06,319.25,321.25,316.25,319.75
2012-03-07,316.5,317.5,314.0,314.75
2012-03-08,316.0,316.25,312.5,314.0
2012-03-09,319.5,321.25,309.0,318.0
2012-03-12,318.0,318.0,311.5,311.75
2012-03-13,311.5,312.5,302.75,307.25
2012-03-14,308.25,318.75,306.5,317.5
2012-03-15,319.75,319.75,313.25,315.25
2012-03-16,313.75,313.75,306.0,307.0
2012-03-19,307.25,307.5,300.5,301.5
2012-03-21,301.25,301.75,296.5,298.75
2012-03-22,296.25,300.0,296.25,297.25
2012-03-23,293.75,303.75,293.75,302.5
2012-03-26,295.75,301.25,295.0,295.5
2012-03-27,293.75,295.0,285.0,292.25
2012-03-28,292.5,296.5,291.5,296.5
2012-03-29,292.5,296.5,287.75,291.5
2012-03-30,289.5,297.25,289.5,294.5
2012-04-02,296.0,338.75,293.75,323.0
2012-04-03,326.75,335.75,318.75,318.75
2012-04-04,315.0,318.5,311.25,315.75
2012-04-05,312.5,312.75,305.0,306.25
2012-04-06,307.5,311.75,303.0,308.5
2012-04-09,302.5,306.25,302.5,304.25
2012-04-10,305.0,306.75,301.5,301.5
2012-04-11,299.75,299.75,296.25,297.25
2012-04-12,299.25,302.5,296.75,300.25
2012-04-13,300.25,304.75,295.5,299.5
2012-04-16,299.25,301.25,295.75,300.75
2012-04-17,300.0,302.5,298.25,302.25
2012-04-18,304.5,305.5,302.5,304.0
2012-04-19,299.75,307.0,299.75,306.25
2012-04-20,308.0,314.5,307.0,310.0
2012-04-23,310.75,311.5,303.25,303.5
2012-04-24,305.0,311.25,303.25,311.0
2012-04-25,306.25,320.0,306.25,313.5
2012-04-26,319.75,321.25,311.25,312.75
2012-04-27,313.75,316.25,311.5,316.25
2012-05-01,316.5,321.25,314.5,317.25
2012-05-02,319.5,323.25,318.75,319.5
2012-05-07,317.25,317.25,310.25,315.0
2012-05-08,315.0,318.25,311.75,312.75
2012-05-09,312.75,313.0,287.5,297.0
2012-05-10,297.5,308.75,290.0,307.25
2012-05-11,307.75,316.0,302.25,310.75
2012-05-14,312.25,312.5,298.25,302.5
2012-05-15,296.0,299.5,277.5,283.25
2012-05-16,286.25,290.75,274.5,274.5
2012-05-17,275.0,295.0,267.5,288.5
2012-05-18,284.0,285.5,279.0,282.25
2012-05-21,280.25,286.75,280.25,283.75
2012-05-22,289.5,289.5,286.0,287.25
2012-05-23,287.25,287.25,273.25,274.75
2012-05-24,274.75,279.5,270.0,272.0
2012-05-25,271.5,276.5,271.25,275.25
2012-05-28,275.0,281.0,265.0,270.0
2012-05-29,265.5,270.75,265.25,270.75
2012-05-30,273.5,273.75,268.25,268.25
2012-05-31,267.5,269.0,263.25,269.0
2012-06-01,268.75,273.5,264.5,267.25
2012-06-04,262.75,262.75,250.0,251.75
2012-06-05,249.25,256.25,249.25,250.0
2012-06-06,252.5,255.25,237.5,250.25
2012-06-07,253.75,259.5,252.75,259.25
2012-06-08,262.75,265.5,254.75,254.75
2012-06-11,258.75,262.5,256.0,260.75
2012-06-12,256.0,257.25,254.0,255.0
2012-06-13,255.75,259.5,254.0,254.0
2012-06-14,254.5,257.0,254.25,256.5
2012-06-15,256.5,258.25,255.0,255.25
2012-06-18,263.75,269.75,262.75,267.0
2012-06-19,266.5,271.75,260.0,270.5
2012-06-20,268.0,270.75,265.0,269.5
2012-06-21,276.25,280.75,271.25,279.75
2012-06-22,272.75,288.75,272.75,286.25
2012-06-25,361.25,361.25,361.25,361.25
2012-06-26,347.5,358.0,330.25,344.25
2012-06-27,346.25,391.75,345.0,345.5
2012-06-28,350.5,363.75,347.5,353.75
2012-06-29,354.0,362.5,354.0,361.25
2012-07-02,380.0,388.0,371.25,385.5
2012-07-03,380.0,383.0,371.75,374.5
2012-07-04,375.0,377.5,366.25,366.5
2012-07-05,361.5,365.0,359.25,359.25
2012-07-06,351.75,366.0,351.75,361.5
2012-07-09,361.5,376.25,359.75,376.25
2012-07-10,373.75,379.25,373.25,376.75
2012-07-11,377.0,378.75,370.0,378.5
2012-07-12,377.5,378.75,366.5,372.0
2012-07-13,367.5,379.0,367.5,378.5
2012-07-17,378.75,383.25,376.5,380.0
2012-07-18,377.5,381.5,372.5,377.5
2012-07-19,383.25,432.0,383.25,414.75
2012-07-20,415.0,436.25,406.25,427.5
2012-07-23,439.75,459.5,430.5,440.0
2012-07-24,432.5,437.5,417.5,424.25
2012-07-25,417.75,417.75,405.0,408.0
2012-07-26,417.5,445.75,416.75,444.0
2012-07-27,450.0,465.0,445.0,459.25
2012-07-30,468.25,470.75,447.5,462.5
2012-07-31,463.25,472.5,452.5,468.75
2012-08-01,467.5,477.5,465.0,477.25
2012-08-02,485.0,497.75,483.5,492.5
2012-08-03,485.0,486.75,447.75,450.0
2012-08-06,448.0,459.5,438.5,448.54254150390625
2012-08-07,457.5,457.5,447.25,449.0
2012-08-08,448.0,448.0,428.25,433.5
2012-08-09,424.5,455.0,420.75,450.25
2012-08-10,447.5,456.25,443.0,453.75
2012-08-13,447.5,451.0,443.5,448.0
2012-08-14,449.25,454.25,448.5,452.5
2012-08-15,456.0,456.0,447.5,453.5
2012-08-16,453.75,488.25,453.5,487.25
2012-08-17,487.75,499.25,476.75,498.5
2012-08-20,505.75,525.0,503.75,519.75
2012-08-21,522.25,525.0,495.0,520.75
2012-08-22,525.0,557.5,525.0,553.75
2012-08-23,555.0,566.25,540.5,543.25
2012-08-24,543.25,575.0,533.75,573.25
2012-08-27,582.5,597.75,577.5,592.5
2012-08-28,593.75,628.0,580.0,598.5
2012-08-29,598.5,612.5,528.75,565.0
2012-08-30,552.5,596.25,533.75,596.25
2012-08-31,588.75,648.75,587.5,642.5
2012-09-03,646.25,690.0,643.75,672.75
2012-09-04,677.5,678.75,647.75,648.75
2012-09-05,652.5,711.0,650.25,711.0
2012-09-06,713.5,728.75,681.25,702.0
2012-09-07,727.0,741.75,646.5,655.0
2012-09-10,620.0,632.25,580.25,603.5
2012-09-11,602.5,623.5,577.5,598.5
2012-09-12,590.25,632.5,590.25,621.75
2012-09-13,615.25,624.75,605.0,612.75
2012-09-14,612.75,630.0,605.25,614.25
2012-09-18,610.75,612.5,587.0,587.25
2012-09-19,589.5,611.0,588.25,600.0
2012-09-20,611.25,623.75,605.5,614.75
2012-09-21,621.0,626.25,600.0,604.5
2012-09-24,604.5,617.0,599.5,608.75
2012-09-25,610.0,610.0,595.75,602.5
2012-09-26,595.0,602.5,584.5,595.25
2012-09-27,586.25,599.25,557.25,580.0
2012-09-28,575.5,649.5,556.25,612.5
2012-10-01,587.5,600.0,559.5,570.25
2012-10-02,570.25,570.5,513.75,527.25
2012-10-03,505.0,572.5,502.5,567.5
2012-10-04,557.5,567.25,535.25,551.75
2012-10-05,555.0,587.25,552.75,578.25
2012-10-09,597.5,597.5,570.0,572.5
2012-10-10,563.5,568.5,547.5,554.75
2012-10-11,552.25,579.0,542.5,574.0
2012-10-12,580.0,583.5,557.5,558.5
2012-10-15,553.25,557.5,538.0,549.5
2012-10-16,543.0,565.25,542.5,558.0
2012-10-17,554.0,566.75,550.75,555.0
2012-10-18,552.0,557.5,546.75,549.0
2012-10-19,552.5,561.75,547.75,552.5
2012-10-22,549.5,552.5,542.0,544.25
2012-10-23,545.0,587.5,545.0,580.75
2012-10-24,585.0,586.25,561.25,565.5
2012-10-25,570.0,611.5,567.0,579.0
2012-10-26,571.75,577.25,559.75,559.75
2012-10-29,555.25,575.75,550.5,550.5
2012-10-30,550.0,557.5,540.0,542.5
2012-10-31,543.0,555.0,542.5,551.25
2012-11-01,548.0,555.25,542.5,551.0
2012-11-02,546.25,570.5,546.25,557.0
2012-11-05,559.5,559.5,547.5,554.25
2012-11-06,554.5,554.5,545.0,545.0
2012-11-07,545.25,548.25,525.5,529.5
2012-11-08,537.5,571.0,530.5,549.5
2012-11-09,562.0,562.0,537.5,550.0
2012-11-12,550.0,579.5,541.25,568.75
2012-11-13,577.0,599.0,552.0,560.75
2012-11-14,555.75,556.5,542.75,546.75
2012-11-15,547.5,559.5,544.5,551.5
2012-11-16,550.5,562.5,547.5,562.5
2012-11-19,569.75,586.75,566.75,586.75
2012-11-20,590.25,598.75,580.0,598.75
2012-11-21,600.0,617.75,594.25,600.25
2012-11-22,595.0,595.75,562.75,579.25
2012-11-26,587.5,592.5,563.75,575.0
2012-11-27,572.5,580.25,567.5,580.25
2012-11-28,582.5,603.75,573.0,603.5
2012-11-29,600.0,600.0,580.5,583.0
2012-11-30,579.0,580.75,563.75,571.25
2012-12-03,572.0,575.0,564.0,564.75
2012-12-04,561.25,562.0,551.0,552.75
2012-12-05,545.0,555.0,543.25,547.0
2012-12-06,550.0,582.5,545.5,567.75
2012-12-07,562.5,597.25,559.5,593.0
2012-12-10,590.25,593.0,570.25,579.75
2012-12-11,570.25,577.5,561.25,563.25
2012-12-12,567.0,570.25,555.0,569.5
2012-12-13,569.5,572.0,560.75,562.5
2012-12-14,562.75,572.0,555.5,569.25
2012-12-17,567.5,574.5,557.5,562.0
2012-12-18,558.75,562.0,547.75,549.5
2012-12-19,547.0,550.75,531.25,535.25
2012-12-20,537.5,539.0,520.25,522.75
2012-12-21,525.25,538.75,517.5,523.25
2012-12-25,523.75,531.25,510.5,525.25
2012-12-26,531.25,533.75,521.5,530.25
2012-12-27,530.0,530.0,519.5,521.25
2012-12-28,522.5,524.75,513.0,521.75
2013-01-04,525.0,532.5,512.5,515.25
2013-01-07,515.0,539.25,514.25,538.75
2013-01-08,535.0,547.0,520.75,528.75
2013-01-09,532.5,537.0,525.25,527.75
2013-01-10,532.25,561.75,525.75,561.75
2013-01-11,575.0,618.5,563.0,591.5
2013-01-15,615.0,704.0,597.5,697.0
2013-01-16,687.75,712.75,647.5,702.5
2013-01-17,720.5,827.5,720.5,780.0
2013-01-18,797.5,821.25,737.75,791.25
2013-01-21,782.5,885.0,780.0,857.5
2013-01-22,852.5,868.75,792.5,831.25
2013-01-23,813.75,875.0,787.5,807.5
2013-01-24,810.0,856.25,805.0,838.75
2013-01-25,845.0,865.0,825.0,847.5
2013-01-28,865.0,926.25,865.0,907.5
2013-01-29,892.5,900.0,732.75,775.0
2013-01-30,751.25,791.25,720.75,740.75
2013-01-31,733.25,751.25,693.25,735.0
2013-02-01,737.5,778.75,727.75,775.0
2013-02-04,762.5,763.75,727.5,729.0
2013-02-05,723.5,755.0,716.25,723.25
2013-02-06,735.75,758.75,727.0,745.5
2013-02-07,732.5,741.0,715.0,719.25
2013-02-08,727.5,730.0,700.0,702.75
2013-02-12,700.0,704.0,643.0,643.75
2013-02-13,650.0,693.5,649.0,671.25
2013-02-14,712.5,745.0,702.5,733.5
2013-02-15,738.75,749.5,677.5,712.5
2013-02-18,700.0,747.5,693.75,721.5
2013-02-19,714.5,741.25,714.5,725.5
2013-02-20,725.0,729.75,701.25,705.0
2013-02-21,702.5,736.0,702.5,733.0
2013-02-22,725.0,753.75,705.0,741.25
2013-02-25,757.5,792.5,755.0,777.5
2013-02-26,761.25,797.5,741.25,746.25
2013-02-27,762.5,780.0,745.0,756.25
2013-02-28,765.0,796.25,761.25,780.0
2013-03-01,793.75,831.25,775.0,825.0
2013-03-04,875.0,875.0,828.75,851.25
2013-03-05,852.5,855.0,798.75,805.0
2013-03-06,795.0,813.75,785.0,801.25
2013-03-07,817.5,840.0,801.25,815.0
2013-03-08,820.0,831.25,795.0,797.5
2013-03-11,798.75,803.75,755.0,772.5
2013-03-12,755.0,788.75,740.75,762.5
2013-03-13,797.5,811.25,777.5,792.5
2013-03-14,800.0,811.25,782.5,806.25
2013-03-15,837.5,877.5,825.0,850.0
2013-03-18,846.25,861.25,835.0,838.75
2013-03-19,842.5,847.5,816.25,827.5
2013-03-21,827.5,830.0,782.5,790.0
2013-03-22,780.0,800.0,777.5,785.0
2013-03-25,796.25,813.75,787.5,806.25
2013-03-26,806.25,860.0,806.25,837.5
2013-03-27,830.0,852.5,820.0,827.5
2013-03-28,835.0,836.25,795.0,801.25
2013-03-29,800.0,827.5,800.0,820.0
2013-04-01,802.5,811.25,750.0,775.0
2013-04-02,770.0,795.0,735.0,787.5
2013-04-03,787.5,791.25,775.0,777.5
2013-04-04,768.75,796.25,768.75,777.5
2013-04-05,786.25,796.25,762.5,796.25
2013-04-08,800.0,838.75,800.0,838.75
2013-04-09,847.5,907.5,805.0,898.75
2013-04-10,900.0,995.0,890.0,985.0
2013-04-11,998.75,1000.0,908.75,957.5
2013-04-12,943.75,970.0,937.5,961.25
2013-04-15,955.0,982.5,942.5,952.5
2013-04-16,932.5,971.25,927.5,948.75
2013-04-17,953.75,1050.0,952.5,1050.0
2013-04-18,1047.5,1087.5,987.5,1032.5
2013-04-19,1022.5,1070.0,1022.5,1062.5
2013-04-22,1095.0,1123.75,1062.5,1083.75
2013-04-23,1075.0,1095.0,1055.0,1060.0
2013-04-24,1112.5,1212.5,1096.25,1171.25
2013-04-25,1347.5,1347.5,1203.75,1347.5
2013-04-26,1322.5,1362.5,1230.0,1252.5
2013-04-30,1250.0,1430.0,1248.75,1430.0
2013-05-01,1425.0,1472.5,1285.0,1295.0
2013-05-02,1270.0,1350.0,1252.5,1337.5
2013-05-07,1487.5,1525.0,1437.5,1460.0
2013-05-08,1445.0,1497.5,1300.0,1340.0
2013-05-09,1355.0,1370.0,1250.0,1252.5
2013-05-10,1227.5,1287.5,1170.0,1255.0
2013-05-13,1260.0,1262.5,1187.5,1195.0
2013-05-14,1206.25,1322.5,1205.0,1317.5
2013-05-15,1392.5,1395.0,1137.5,1162.5
2013-05-16,1130.0,1191.25,988.75,1150.0
2013-05-17,1185.0,1310.0,1131.25,1290.0
2013-05-20,1312.5,1355.0,1262.5,1305.0
2013-05-21,1330.0,1335.0,1226.25,1252.5
2013-05-22,1232.5,1290.0,1177.5,1241.25
2013-05-23,1285.0,1347.5,1106.25,1125.0
2013-05-24,1192.5,1240.0,1095.0,1193.75
2013-05-27,1172.5,1183.75,1115.0,1131.25
2013-05-28,1110.0,1157.5,1092.5,1147.5
2013-05-29,1225.0,1270.0,1192.5,1245.0
2013-05-30,1177.5,1225.0,1150.0,1172.5
2013-05-31,1187.5,1205.0,1150.0,1195.0
2013-06-03,1160.0,1240.0,1160.0,1195.0
2013-06-04,1200.0,1211.25,1142.5,1192.5
2013-06-05,1227.5,1280.0,1187.5,1192.5
2013-06-06,1172.5,1178.75,1017.5,1017.5
2013-06-07,860.0,898.75,842.5,842.5
2013-06-10,877.5,928.75,806.25,900.0
2013-06-11,900.0,987.5,876.25,933.75
2013-06-12,901.25,971.25,877.5,963.75
2013-06-13,975.0,1015.0,928.75,961.25
2013-06-14,1011.25,1018.75,942.5,950.0
2013-06-17,955.0,968.75,925.0,962.5
2013-06-18,951.25,995.0,950.0,961.25
2013-06-19,990.0,1002.5,950.0,970.0
2013-06-20,952.5,996.25,936.25,950.0
2013-06-21,880.0,935.0,877.5,918.75
2013-06-24,930.0,971.25,927.5,927.5
2013-06-25,895.0,900.0,801.25,840.0
2013-06-26,875.0,877.5,676.0,733.75
2013-06-27,735.75,782.5,652.5,757.5
2013-06-28,761.25,842.5,761.25,837.5
2013-07-01,846.25,887.5,837.5,883.75
2013-07-02,901.25,918.75,862.5,883.75
2013-07-03,896.25,965.0,878.75,953.75
2013-07-04,937.5,967.5,911.25,957.5
2013-07-05,970.0,993.75,961.25,981.25
2013-07-08,1013.75,1025.0,977.5,981.25
2013-07-09,998.75,1012.5,950.0,1005.0
2013-07-10,1003.75,1005.0,945.0,965.0
2013-07-11,942.5,978.75,940.0,967.5
2013-07-12,950.0,981.25,937.5,977.5
2013-07-16,1012.5,1077.5,1003.75,1052.5
2013-07-17,1036.25,1071.25,1036.25,1050.0
2013-07-18,1060.0,1223.75,1053.75,1200.0
2013-07-19,1181.25,1245.0,1163.75,1221.25
2013-07-22,1247.5,1307.5,1243.75,1270.0
2013-07-23,1237.5,1292.5,1176.25,1277.5
2013-07-24,1252.5,1300.0,1238.75,1275.0
2013-07-25,1295.0,1340.0,1275.0,1340.0
2013-07-26,1330.0,1345.0,1257.5,1270.0
2013-07-29,1470.0,1520.0,1270.0,1355.0
2013-07-30,1340.0,1445.0,1275.0,1347.5
2013-07-31,1322.5,1335.0,1177.5,1186.25
2013-08-01,1136.25,1240.0,1062.5,1193.75
2013-08-02,1193.75,1227.5,1156.25,1211.25
2013-08-05,1182.5,1228.75,1162.5,1197.5
2013-08-06,1190.0,1195.0,1145.0,1157.5
2013-08-07,1126.25,1170.0,1108.75,1127.5
2013-08-08,1125.0,1162.5,1077.5,1096.25
2013-08-09,1088.75,1120.0,1055.0,1090.0
2013-08-12,1020.0,1027.5,915.0,915.0
2013-08-13,906.25,1090.0,838.75,1075.0
2013-08-14,1057.5,1116.25,1028.75,1062.5
2013-08-15,1050.0,1075.0,1041.25,1055.0
2013-08-16,1021.25,1063.75,1013.75,1055.0
2013-08-19,1055.0,1155.0,1055.0,1138.75
2013-08-20,1148.75,1150.0,1095.0,1098.75
2013-08-21,1126.25,1126.25,1055.0,1081.25
2013-08-22,1075.0,1117.5,1061.25,1076.25
2013-08-23,1110.0,1143.75,1090.0,1122.5
2013-08-26,1157.5,1160.0,1100.0,1120.0
2013-08-27,1125.0,1148.75,1025.0,1050.0
2013-08-28,995.0,1020.0,958.75,968.75
2013-08-29,997.5,1018.75,961.25,963.75
2013-08-30,966.25,1045.0,963.75,1012.5
2013-09-02,977.5,1000.0,967.5,972.5
2013-09-03,980.0,1037.5,980.0,1036.25
2013-09-04,1043.75,1080.0,1026.25,1067.5
2013-09-05,1092.5,1105.0,1050.0,1068.75
2013-09-06,1058.75,1082.5,1008.75,1021.25
2013-09-09,1055.0,1056.25,1015.0,1042.5
2013-09-10,1056.25,1065.0,985.0,990.0
2013-09-11,1000.0,1055.0,985.0,1037.5
2013-09-12,1022.5,1105.0,1022.5,1098.75
2013-09-13,1105.0,1145.0,1076.25,1116.25
2013-09-17,1107.5,1143.75,1107.5,1125.0
2013-09-18,1145.0,1195.0,1140.0,1160.0
2013-09-19,1175.0,1200.0,1133.75,1200.0
2013-09-20,1200.0,1290.0,1191.25,1277.5
2013-09-24,1252.5,1275.0,1220.0,1252.5
2013-09-25,1237.5,1248.75,1146.25,1185.0
2013-09-26,1165.0,1285.0,1165.0,1285.0
2013-09-27,1285.0,1312.5,1250.0,1285.0
2013-09-30,1250.0,1297.5,1242.5,1275.0
2013-10-01,1252.5,1287.5,1220.0,1233.75
2013-10-02,1243.75,1265.0,1167.5,1195.0
2013-10-03,1177.5,1197.5,1162.5,1185.0
2013-10-04,1155.0,1186.25,1135.0,1178.75
2013-10-07,1161.25,1171.25,1100.0,1102.5
2013-10-08,1067.5,1142.5,1058.75,1121.25
2013-10-09,1105.0,1143.75,1095.0,1141.25
2013-10-10,1155.0,1202.5,1155.0,1165.0
2013-10-11,1197.5,1218.75,1177.5,1210.0
2013-10-15,1217.5,1218.75,1187.5,1200.0
2013-10-16,1200.0,1213.75,1182.5,1187.5
2013-10-17,1220.0,1222.5,1197.5,1201.25
2013-10-18,1202.5,1213.75,1190.0,1202.5
2013-10-21,1217.5,1225.0,1208.75,1220.0
2013-10-22,1208.75,1210.0,1182.5,1188.75
2013-10-23,1190.0,1197.5,1160.0,1163.75
2013-10-24,1150.0,1175.0,1141.25,1173.75
2013-10-25,1173.75,1173.75,1141.25,1146.25
2013-10-28,1146.25,1162.5,1123.75,1162.5
2013-10-29,1152.5,1170.0,1136.25,1140.0
2013-10-30,1130.0,1141.25,1055.0,1065.0
2013-10-31,1072.5,1095.0,1035.0,1050.0
2013-11-01,1043.75,1063.75,1013.75,1042.5
2013-11-05,1075.0,1091.25,1055.0,1082.5
2013-11-06,1076.25,1077.5,1052.5,1056.25
2013-11-07,1050.0,1071.25,1047.5,1068.75
2013-11-08,1047.5,1060.0,1028.75,1038.75
2013-11-11,1050.0,1056.25,1011.25,1032.5
2013-11-12,1050.0,1105.0,1033.75,1088.75
2013-11-13,1118.75,1118.75,1088.75,1096.25
2013-11-14,1105.0,1111.25,1078.75,1083.75
2013-11-15,1077.5,1107.5,1076.25,1100.0
2013-11-18,1101.25,1158.75,1101.25,1157.5
2013-11-19,1148.75,1167.5,1138.75,1147.5
2013-11-20,1162.5,1180.0,1150.0,1176.25
2013-11-21,1193.75,1210.0,1182.5,1197.5
2013-11-22,1212.5,1212.5,1147.5,1176.25
2013-11-25,1168.75,1181.25,1122.5,1127.5
2013-11-26,1135.0,1155.0,1112.5,1136.25
2013-11-27,1118.75,1140.0,1113.75,1126.25
2013-11-28,1138.75,1140.0,1103.75,1110.0
2013-11-29,1110.0,1132.5,1107.5,1118.75
2013-12-02,1115.0,1148.75,1115.0,1142.5
2013-12-03,1142.5,1173.75,1138.75,1153.75
2013-12-04,1140.0,1147.5,1127.5,1131.25
2013-12-05,1122.5,1153.75,1120.0,1135.0
2013-12-06,1125.0,1132.5,1075.0,1081.25
2013-12-09,1088.75,1097.5,1066.25,1067.5
2013-12-10,1065.0,1097.5,1065.0,1095.0
2013-12-11,1086.25,1095.0,1068.75,1088.75
2013-12-12,1075.0,1080.0,1067.5,1072.5
2013-12-13,1063.75,1076.25,1052.5,1055.0
2013-12-16,1052.5,1063.75,1005.0,1007.5
2013-12-17,1025.0,1047.5,1013.75,1018.75
2013-12-18,1008.75,1025.0,1001.25,1025.0
2013-12-19,1023.75,1055.0,1018.75,1018.75
2013-12-20,1005.0,1030.0,1005.0,1011.25
2013-12-24,1006.25,1012.5,993.75,997.5
2013-12-25,987.5,1050.0,986.25,1035.0
2013-12-26,1065.0,1080.0,1056.25,1076.25
2013-12-27,1070.0,1076.25,1053.75,1061.25
2013-12-30,1060.0,1085.0,1050.0,1078.75
2014-01-06,1075.0,1103.75,1067.5,1103.75
2014-01-07,1095.0,1100.0,1071.25,1075.0
2014-01-08,1070.0,1082.5,1067.5,1072.5
2014-01-09,1072.5,1075.0,1038.75,1047.5
2014-01-10,1047.5,1073.75,1040.0,1067.5
2014-01-14,1037.5,1082.5,1036.25,1068.75
2014-01-15,1081.25,1097.5,1071.25,1083.75
2014-01-16,1095.0,1107.5,1088.75,1100.0
2014-01-17,1102.5,1107.5,1095.0,1101.25
2014-01-20,1096.25,1108.75,1090.0,1100.0
2014-01-21,1111.25,1111.25,1096.25,1100.0
2014-01-22,1096.25,1116.25,1095.0,1116.25
2014-01-23,1116.25,1121.25,1075.0,1077.5
2014-01-24,1061.25,1068.75,1051.25,1058.75
2014-01-27,1015.0,1042.5,1002.5,1023.75
2014-01-28,1025.0,1055.0,1012.5,1015.0
2014-01-29,1040.0,1076.25,1030.0,1055.0
2014-01-30,1100.0,1135.0,1022.5,1035.0
2014-01-31,1037.5,1042.5,986.25,1001.25
2014-02-03,972.5,983.75,903.75,917.5
2014-02-04,760.0,813.75,742.5,763.75
2014-02-05,868.75,868.75,765.0,785.0
2014-02-06,793.75,823.75,787.5,806.25
2014-02-07,828.75,832.5,793.75,811.25
2014-02-10,817.5,837.5,812.5,821.25
2014-02-12,842.5,870.0,838.75,868.75
2014-02-13,886.25,892.5,822.5,845.0
2014-02-14,850.0,860.0,783.75,790.0
2014-02-17,800.0,820.0,775.0,803.75
2014-02-18,822.5,843.75,800.0,842.5
2014-02-19,836.25,875.0,830.0,852.5
2014-02-20,852.5,907.5,842.5,887.5
2014-02-21,892.5,925.0,892.5,910.0
2014-02-24,927.5,1000.0,927.5,990.0
2014-02-25,867.5,882.5,815.0,815.0
2014-02-26,812.5,837.5,755.0,773.75
2014-02-27,750.0,770.0,717.75,720.25
2014-02-28,725.0,727.25,690.0,699.25
2014-03-03,706.5,757.5,682.75,753.75
2014-03-04,732.5,749.0,725.0,725.25
2014-03-05,738.0,742.0,712.75,730.0
2014-03-06,737.25,737.25,715.0,717.75
2014-03-07,717.75,723.25,703.75,707.5
2014-03-10,717.25,731.75,702.5,716.75
2014-03-11,712.5,722.75,695.0,700.0
2014-03-12,670.25,694.25,670.25,680.0
2014-03-13,680.25,684.5,664.25,671.0
2014-03-14,659.25,668.0,645.25,656.5
2014-03-17,656.5,667.5,645.25,651.75
2014-03-18,666.25,690.0,661.75,678.5
2014-03-19,683.0,686.0,652.75,658.75
2014-03-20,650.0,657.75,621.25,622.5
2014-03-24,625.25,650.0,618.75,647.5
2014-03-25,639.0,644.25,613.0,620.5
2014-03-26,608.0,619.5,588.25,595.5
2014-03-27,583.0,620.0,575.0,618.5
2014-03-28,612.0,660.5,609.0,637.5
2014-03-31,650.0,660.75,639.0,660.75
2014-04-01,660.0,663.25,639.0,654.0
2014-04-02,653.75,699.0,651.75,690.75
2014-04-03,687.5,696.25,662.5,686.25
2014-04-04,681.0,682.25,657.5,665.0
2014-04-07,641.75,666.0,640.25,648.5
2014-04-08,642.5,672.5,640.5,640.5
2014-04-09,625.0,656.25,620.25,629.0
2014-04-10,637.5,639.5,587.5,589.75
2014-04-11,562.5,568.75,539.5,543.75
2014-04-14,531.25,548.0,515.0,519.75
2014-04-15,527.25,534.5,519.5,528.5
2014-04-16,537.25,554.0,534.75,543.5
2014-04-17,548.75,558.25,525.25,538.75
2014-04-18,533.75,543.0,521.25,537.0
2014-04-21,555.0,556.5,500.0,502.75
2014-04-22,500.0,507.25,463.5,475.0
2014-04-23,488.5,491.0,470.75,484.25
2014-04-24,484.25,548.0,484.25,522.75
2014-04-25,510.25,525.25,503.75,514.5
2014-04-28,507.5,512.5,490.25,494.25
2014-04-30,490.25,492.75,473.75,482.5
2014-05-01,485.0,542.0,483.75,534.25
2014-05-02,525.0,544.0,522.5,535.0
2014-05-07,516.25,534.75,509.0,524.75
2014-05-08,537.75,572.0,537.75,567.75
2014-05-09,580.0,629.75,580.0,623.25
2014-05-12,640.0,659.5,572.5,575.0
2014-05-13,587.5,607.25,565.0,584.0
2014-05-14,646.5,675.0,591.25,607.5
2014-05-15,595.0,699.25,595.0,686.0
2014-05-16,673.5,688.0,650.0,668.0
2014-05-19,687.5,704.25,645.0,646.5
2014-05-20,646.25,681.75,639.0,659.25
2014-05-21,650.0,679.5,646.0,674.75
2014-05-22,700.0,706.5,692.0,697.5
2014-05-23,692.5,710.0,687.5,701.0
2014-05-26,702.0,713.75,695.25,705.0
2014-05-27,704.0,716.75,695.0,701.25
2014-05-28,702.5,706.25,693.75,700.0
2014-05-29,695.25,698.0,675.25,688.25
2014-05-30,683.5,698.0,677.75,693.5
2014-06-02,697.5,725.0,688.75,723.0
2014-06-03,730.0,733.0,698.75,700.25
2014-06-04,697.75,713.25,688.0,698.75
2014-06-05,699.5,700.0,675.5,678.75
2014-06-06,685.0,699.5,679.0,699.25
2014-06-09,706.25,708.75,699.75,702.5
2014-06-10,702.75,703.75,672.0,675.5
2014-06-11,672.75,695.0,665.0,688.5
2014-06-12,679.5,738.75,677.75,731.0
2014-06-13,737.5,797.5,725.0,796.25
2014-06-16,832.5,867.5,773.75,802.5
2014-06-17,867.5,902.5,837.5,890.0
2014-06-18,910.0,923.75,870.0,898.75
2014-06-19,881.25,912.5,865.0,905.0
2014-06-20,892.5,897.5,841.25,850.0
2014-06-23,862.5,961.25,843.75,951.25
2014-06-24,947.5,990.0,930.0,972.5
2014-06-25,951.25,980.0,925.0,933.75
2014-06-26,940.0,953.75,912.5,946.25
2014-06-27,930.0,943.75,850.0,878.75
2014-06-30,887.5,918.75,872.5,905.0
2014-07-01,917.5,941.25,902.5,940.0
2014-07-02,953.75,960.0,920.0,925.0
2014-07-03,925.0,928.75,901.25,910.0
2014-07-04,912.5,933.75,901.25,915.0
2014-07-07,902.5,937.5,901.25,908.75
2014-07-08,902.5,908.75,881.25,893.75
2014-07-09,876.25,883.75,855.0,858.75
2014-07-10,875.0,886.25,850.0,852.5
2014-07-11,835.0,861.25,830.0,856.25
2014-07-14,862.5,873.75,858.75,862.5
2014-07-15,863.75,903.75,863.75,891.25
2014-07-16,887.5,908.75,862.5,898.75
2014-07-17,900.0,900.0,870.0,877.5
2014-07-18,866.25,962.5,841.25,960.0
2014-07-22,992.5,1085.0,965.0,1062.5
2014-07-23,1066.25,1103.75,1035.0,1088.75
2014-07-24,1075.0,1117.5,1068.75,1105.0
2014-07-25,1087.5,1110.0,1040.0,1087.5
2014-07-28,1105.0,1207.5,1095.0,1176.25
2014-07-29,1158.75,1205.0,1143.75,1157.5
2014-07-30,1152.5,1168.75,1131.25,1141.25
2014-07-31,1131.25,1148.75,1090.0,1100.0
2014-08-01,1058.75,1130.0,1047.5,1100.0
2014-08-04,1122.5,1250.0,1112.5,1227.5
2014-08-05,1245.0,1282.5,1140.0,1156.25
2014-08-06,1173.75,1187.5,1077.5,1142.5
2014-08-07,1126.25,1158.75,1082.5,1116.25
2014-08-08,1098.75,1108.75,1033.75,1060.0
2014-08-11,1125.0,1167.5,1110.0,1132.5
2014-08-12,1147.5,1147.5,1081.25,1087.5
2014-08-13,1090.0,1128.75,1082.5,1121.25
2014-08-14,1153.75,1206.25,1121.25,1165.0
2014-08-15,1170.0,1180.0,1135.0,1165.0
2014-08-18,1182.5,1217.5,1166.25,1196.25
2014-08-19,1197.5,1250.0,1191.25,1248.75
2014-08-20,1272.5,1302.5,1162.5,1173.75
2014-08-21,1171.25,1198.75,1145.0,1187.5
2014-08-22,1188.75,1205.0,1148.75,1166.25
2014-08-25,1150.0,1185.0,1142.5,1175.0
2014-08-26,1190.0,1190.0,1150.0,1155.0
2014-08-27,1165.0,1173.75,1131.25,1158.75
2014-08-28,1145.0,1155.0,1110.0,1112.5
2014-08-29,1100.0,1130.0,1086.25,1130.0
2014-09-01,1118.75,1123.75,1096.25,1100.0
2014-09-02,1090.0,1102.5,1062.5,1067.5
2014-09-03,1065.0,1107.5,1063.75,1076.25
2014-09-04,1080.0,1110.0,1075.0,1080.0
2014-09-05,1200.0,1255.0,1155.0,1255.0
2014-09-08,1350.0,1500.0,1287.5,1447.5
2014-09-09,1372.5,1402.5,1265.0,1280.0
2014-09-10,1292.5,1395.0,1265.0,1347.5
2014-09-11,1370.0,1382.5,1275.0,1285.0
2014-09-12,1267.5,1270.0,1205.0,1231.25
2014-09-16,1232.5,1262.5,1185.0,1193.75
2014-09-17,1203.75,1217.5,1173.75,1192.5
2014-09-18,1187.5,1215.0,1165.0,1198.75
2014-09-19,1191.25,1212.5,1170.0,1186.25
2014-09-22,1186.25,1192.5,1148.75,1180.0
2014-09-24,1162.5,1197.5,1157.5,1192.5
2014-09-25,1192.5,1262.5,1190.0,1205.0
2014-09-26,1177.5,1220.0,1176.25,1200.0
2014-09-29,1207.5,1215.0,1181.25,1181.25
2014-09-30,1185.0,1185.0,1157.5,1161.25
2014-10-01,1160.0,1205.0,1137.5,1137.5
2014-10-02,1102.5,1150.0,1083.75,1110.0
2014-10-03,1101.25,1145.0,1073.75,1142.5
2014-10-06,1165.0,1180.0,1143.75,1161.25
2014-10-07,1156.25,1166.25,1103.75,1115.0
2014-10-08,1077.5,1120.0,1075.0,1102.5
2014-10-09,1120.0,1120.0,1023.75,1027.5
2014-10-10,992.5,1036.25,943.75,982.5
2014-10-14,940.0,980.0,931.25,945.0
2014-10-15,960.0,1000.0,960.0,992.5
2014-10-16,960.0,1040.0,953.75,1030.0
2014-10-17,1025.0,1045.0,970.0,990.0
2014-10-20,1025.0,1060.0,1011.25,1046.25
2014-10-21,1042.5,1066.25,1015.0,1025.0
2014-10-22,1041.25,1075.0,1032.5,1070.0
2014-10-23,1080.0,1137.5,1072.5,1107.5
2014-10-24,1135.0,1152.5,1117.5,1151.25
2014-10-27,1167.5,1196.25,1156.25,1187.5
2014-10-28,1173.75,1217.5,1171.25,1215.0
2014-10-29,1121.25,1188.75,1110.0,1128.75
2014-10-30,1120.0,1141.25,1055.0,1060.0
2014-10-31,1060.0,1073.75,1000.0,1043.75
2014-11-04,1093.75,1095.0,1033.75,1052.5
2014-11-05,1050.0,1083.75,1033.75,1078.75
2014-11-06,1096.25,1110.0,1043.75,1063.75
2014-11-07,1073.75,1102.5,1068.75,1092.5
2014-11-10,1097.5,1098.75,1067.5,1071.25
2014-11-11,1062.5,1070.0,1026.25,1040.0
2014-11-12,998.75,1066.25,995.0,1033.75
2014-11-13,1038.75,1045.0,1012.5,1035.0
2014-11-14,1037.5,1058.75,1026.25,1050.0
2014-11-17,1050.0,1051.25,987.5,988.75
2014-11-18,988.75,1020.0,977.5,1007.5
2014-11-19,1012.5,1042.5,1003.75,1038.75
2014-11-20,1043.75,1077.5,1040.0,1071.25
2014-11-21,1087.5,1158.75,1077.5,1153.75
2014-11-25,1175.0,1178.75,1106.25,1115.0
2014-11-26,1123.75,1142.5,1118.75,1126.25
2014-11-27,1125.0,1140.0,1101.25,1105.0
2014-11-28,1102.5,1122.5,1091.25,1105.0
2014-12-01,1100.0,1110.0,1073.75,1108.75
2014-12-02,1122.5,1185.0,1112.5,1176.25
2014-12-03,1162.5,1162.5,1118.75,1121.25
2014-12-04,1152.5,1157.5,1116.25,1126.25
2014-12-05,1126.25,1150.0,1117.5,1133.75
2014-12-08,1133.75,1137.5,1085.0,1085.0
2014-12-09,1080.0,1097.5,1047.5,1085.0
2014-12-10,1086.25,1117.5,1075.0,1106.25
2014-12-11,1097.5,1138.75,1082.5,1138.75
2014-12-12,1152.5,1187.5,1137.5,1163.75
2014-12-15,1140.0,1145.0,1093.75,1103.75
2014-12-16,1081.25,1163.75,1065.0,1143.75
2014-12-17,1126.25,1135.0,1097.5,1111.25
2014-12-18,1113.75,1130.0,1100.0,1113.75
2014-12-19,1113.75,1121.25,1057.5,1088.75
2014-12-22,1077.5,1081.25,1062.5,1075.0
2014-12-24,1065.0,1070.0,1037.5,1052.5
2014-12-25,1042.5,1082.5,1042.5,1052.5
2014-12-26,1047.5,1121.25,1047.5,1112.5
2014-12-29,1080.0,1106.25,1072.5,1082.5
2014-12-30,1093.75,1096.25,1072.5,1092.5
2015-01-05,1092.5,1101.25,1066.25,1070.0
2015-01-06,1052.5,1078.75,1047.5,1055.0
2015-01-07,1050.0,1067.5,1037.5,1037.5
2015-01-08,1046.25,1072.5,1046.25,1070.0
2015-01-09,1086.25,1137.5,1067.5,1073.75
2015-01-13,1045.0,1052.5,1003.75,1012.5
2015-01-14,1006.25,1032.5,997.5,1018.75
2015-01-15,1028.75,1051.25,1021.25,1033.75
2015-01-16,1020.0,1025.0,970.0,986.25
2015-01-19,992.5,996.25,967.5,995.0
2015-01-20,995.0,1020.0,988.75,1020.0
2015-01-21,1022.5,1023.75,991.25,996.25
2015-01-22,998.75,1006.25,982.5,992.5
2015-01-23,1005.0,1005.0,970.0,975.0
2015-01-26,967.5,998.75,963.75,992.5
2015-01-27,1003.75,1025.0,1001.25,1015.0
2015-01-28,1032.5,1082.5,1022.5,1028.75
2015-01-29,1008.75,1020.0,981.25,982.5
2015-01-30,985.0,1001.25,978.75,996.25
2015-02-02,982.5,1011.25,982.5,1006.25
2015-02-03,1015.0,1020.0,982.5,985.0
2015-02-04,988.75,996.25,976.25,977.5
2015-02-05,976.25,982.5,950.0,965.0
2015-02-06,956.25,990.0,956.25,967.5
2015-02-09,966.25,988.75,960.0,988.75
2015-02-10,980.0,987.5,973.75,976.25
2015-02-12,993.75,1016.25,987.5,1015.0
2015-02-13,975.0,980.0,960.0,961.25
2015-02-16,950.0,972.5,940.0,946.25
2015-02-17,940.0,948.75,917.5,921.25
2015-02-18,918.75,933.75,900.0,928.75
2015-02-19,930.0,941.25,918.75,940.0
2015-02-20,940.0,946.25,931.25,945.0
2015-02-23,1032.5,1045.0,951.25,953.75
2015-02-24,925.0,932.5,857.5,861.25
2015-02-25,800.0,822.5,780.0,806.25
2015-02-26,812.5,860.0,801.25,847.5
2015-02-27,857.5,872.5,830.0,836.25
2015-03-02,822.5,832.5,805.0,806.25
2015-03-03,800.0,812.5,777.5,787.5
2015-03-04,773.75,811.25,772.5,807.5
2015-03-05,807.5,811.25,782.5,785.0
2015-03-06,802.5,827.5,802.5,815.0
2015-03-09,811.25,812.5,777.5,778.75
2015-03-10,777.5,781.25,745.0,750.0
2015-03-11,732.5,763.75,729.5,752.5
2015-03-12,737.5,756.25,732.75,737.0
2015-03-13,736.5,756.25,735.5,743.75
2015-03-16,737.25,737.75,712.75,720.0
2015-03-17,714.75,749.75,714.75,743.0
2015-03-18,743.5,748.0,723.0,726.25
2015-03-19,726.5,739.0,720.0,735.25
2015-03-20,732.5,795.0,732.5,786.25
2015-03-23,802.5,811.25,760.0,761.25
2015-03-24,761.25,793.75,761.25,782.5
2015-03-25,785.0,787.5,762.5,766.25
2015-03-26,758.75,766.25,752.5,755.0
2015-03-27,750.0,781.25,741.25,758.75
2015-03-30,767.5,772.5,747.5,758.75
2015-03-31,762.5,768.75,752.5,756.25
2015-04-01,763.75,763.75,745.75,752.5
2015-04-02,752.5,755.0,743.75,744.25
2015-04-03,742.5,749.25,725.25,728.25
2015-04-06,721.25,755.0,720.5,753.75
2015-04-07,758.75,808.75,758.75,807.5
2015-04-08,820.0,855.0,807.5,850.0
2015-04-09,850.0,861.25,810.0,816.25
2015-04-10,815.0,830.0,810.0,822.5
2015-04-13,837.5,880.0,827.5,872.5
2015-04-14,880.0,882.5,855.0,868.75
2015-04-15,880.0,937.5,871.25,918.75
2015-04-16,931.25,935.0,901.25,920.0
2015-04-17,913.75,930.0,906.25,907.5
2015-04-20,895.0,900.0,861.25,863.75
2015-04-21,881.25,891.25,870.0,887.5
2015-04-22,887.5,906.25,880.0,902.5
2015-04-23,902.5,906.25,812.5,823.75
2015-04-24,851.25,880.0,851.25,861.25
2015-04-27,872.5,878.75,842.5,851.25
2015-04-28,860.0,860.0,828.75,832.5
2015-04-30,826.25,842.5,820.0,826.25
2015-05-01,820.0,827.5,808.75,825.0
2015-05-07,831.25,847.5,825.0,836.25
2015-05-08,838.75,841.25,825.0,826.25
2015-05-11,831.25,835.0,807.5,813.75
2015-05-12,812.5,823.75,810.0,816.25
2015-05-13,821.25,842.5,812.5,828.75
2015-05-14,1003.75,1003.75,1003.75,1003.75
2015-05-15,1102.5,1178.75,1096.25,1178.75
2015-05-18,1248.75,1335.0,1178.75,1215.0
2015-05-19,1225.0,1390.0,1193.75,1390.0
2015-05-20,1515.0,1565.0,1450.0,1532.5
2015-05-21,1500.0,1715.0,1495.0,1635.0
2015-05-22,1660.0,1697.5,1587.5,1645.0
2015-05-25,1745.0,1795.0,1630.0,1767.5
2015-05-26,1705.0,1720.0,1575.0,1632.5
2015-05-27,1607.5,1687.5,1575.0,1645.0
2015-05-28,1665.0,1667.5,1480.0,1500.0
2015-05-29,1512.5,1647.5,1465.0,1617.5
2015-06-01,1592.5,1720.0,1582.5,1655.0
2015-06-02,1652.5,1690.0,1605.0,1635.0
2015-06-03,1650.0,1657.5,1540.0,1567.5
2015-06-04,1572.5,1622.5,1545.0,1610.0
2015-06-05,1590.0,1635.0,1562.5,1575.0
2015-06-08,1562.5,1585.0,1512.5,1525.0
2015-06-09,1515.0,1610.0,1487.5,1575.0
2015-06-10,1667.5,1825.0,1652.5,1825.0
2015-06-11,1862.5,1872.5,1740.0,1797.5
2015-06-12,1820.0,1945.0,1770.0,1905.0
2015-06-15,1867.5,1885.0,1810.0,1852.5
2015-06-16,1870.0,1957.5,1787.5,1787.5
2015-06-17,1802.5,1857.5,1795.0,1840.0
2015-06-18,2027.5,2187.5,1965.0,2082.5
2015-06-19,2187.5,2195.0,1997.5,2010.0
2015-06-22,1977.5,2097.5,1965.0,2095.0
2015-06-23,2100.0,2135.0,1912.5,1962.5
2015-06-24,2000.0,2065.0,1962.5,1975.0
2015-06-25,1950.0,1962.5,1792.5,1830.0
2015-06-26,1860.0,1887.5,1790.0,1840.0
2015-06-29,1750.0,1832.5,1695.0,1700.0
2015-06-30,1780.0,1837.5,1697.5,1775.0
2015-07-01,1847.5,1870.0,1767.5,1830.0
2015-07-02,1837.5,1845.0,1782.5,1795.0
2015-07-03,1800.0,1800.0,1717.5,1755.0
2015-07-06,1702.5,1775.0,1670.0,1690.0
2015-07-07,1740.0,1770.0,1705.0,1712.5
2015-07-08,1700.0,1710.0,1557.5,1637.5
2015-07-09,1550.0,1657.5,1465.0,1632.5
2015-07-10,1620.0,1645.0,1520.0,1525.0
2015-07-13,1565.0,1640.0,1547.5,1612.5
2015-07-14,1650.0,1742.5,1650.0,1685.0
2015-07-15,1677.5,1775.0,1672.5,1707.5
2015-07-16,1712.5,1745.0,1685.0,1695.0
2015-07-17,1697.5,1767.5,1682.5,1767.5
2015-07-21,1777.5,1787.5,1725.0,1725.0
2015-07-22,1690.0,1745.0,1685.0,1725.0
2015-07-23,1712.5,1722.5,1655.0,1655.0
2015-07-24,1630.0,1685.0,1587.5,1680.0
2015-07-27,1630.0,1640.0,1537.5,1570.0
2015-07-28,1617.5,1672.5,1575.0,1600.0
2015-07-29,1600.0,1620.0,1557.5,1572.5
2015-07-30,1572.5,1587.5,1515.0,1537.5
2015-07-31,1532.5,1577.5,1532.5,1575.0
2015-08-03,1557.5,1565.0,1525.0,1530.0
2015-08-04,1517.5,1562.5,1510.0,1540.0
2015-08-05,1537.5,1662.5,1520.0,1620.0
2015-08-06,1625.0,1627.5,1530.0,1532.5
2015-08-07,1750.0,1782.5,1710.0,1782.5
2015-08-10,1782.5,1830.0,1687.5,1712.5
2015-08-11,1712.5,1855.0,1675.0,1750.0
2015-08-12,1712.5,1745.0,1687.5,1727.5
2015-08-13,1677.5,1680.0,1545.0,1570.0
2015-08-14,1575.0,1590.0,1500.0,1525.0
2015-08-17,1517.5,1562.5,1502.5,1520.0
2015-08-18,1505.0,1552.5,1502.5,1527.5
2015-08-19,1517.5,1532.5,1470.0,1490.0
2015-08-20,1465.0,1522.5,1455.0,1487.5
2015-08-21,1425.0,1460.0,1387.5,1390.0
2015-08-24,1275.0,1355.0,1150.0,1200.0
2015-08-25,1150.0,1322.5,1076.25,1151.25
2015-08-26,1225.0,1292.5,1208.75,1287.5
2015-08-27,1305.0,1332.5,1257.5,1257.5
2015-08-28,1310.0,1322.5,1277.5,1297.5
2015-08-31,1282.5,1312.5,1246.25,1282.5
2015-09-01,1257.5,1282.5,1202.5,1202.5
2015-09-02,1027.5,1027.5,1027.5,1027.5
2015-09-03,1062.5,1132.5,1037.5,1100.0
2015-09-04,1095.0,1101.25,960.0,985.0
2015-09-07,951.25,991.25,913.75,968.75
2015-09-08,986.25,1000.0,933.75,941.25
2015-09-09,987.5,993.75,950.0,970.0
2015-09-10,935.0,957.5,923.75,942.5
2015-09-11,940.0,1055.0,936.25,1001.25
2015-09-14,1000.0,1030.0,951.25,968.75
2015-09-15,975.0,991.25,940.0,948.75
2015-09-16,950.0,960.0,927.5,928.75
2015-09-17,962.5,967.5,925.0,952.5
2015-09-18,937.5,985.0,935.0,967.5
2015-09-24,950.0,953.75,887.5,898.75
2015-09-25,911.25,933.75,897.5,933.75
2015-09-28,957.5,1002.5,942.5,963.75
2015-09-29,981.25,1007.5,931.25,931.25
2015-09-30,962.5,963.75,911.25,928.75
2015-10-01,940.0,980.0,928.75,960.0
2015-10-02,951.25,972.5,950.0,958.75
2015-10-05,961.25,1000.0,960.0,976.25
2015-10-06,1003.75,1023.75,987.5,996.25
2015-10-07,1012.5,1013.75,952.5,966.25
2015-10-08,966.25,978.75,937.5,941.25
2015-10-09,938.75,962.5,933.75,958.75
2015-10-13,965.0,1000.0,965.0,993.75
2015-10-14,1000.0,1006.25,952.5,953.75
2015-10-15,943.75,970.0,941.25,965.0
2015-10-16,975.0,988.75,957.5,961.25
2015-10-19,960.0,966.25,945.0,953.75
2015-10-20,953.75,961.25,937.5,953.75
2015-10-21,945.0,955.0,938.75,953.75
2015-10-22,955.0,972.5,945.0,952.5
2015-10-23,962.5,962.5,951.25,958.75
2015-10-26,965.0,995.0,960.0,973.75
2015-10-27,975.0,983.75,960.0,962.5
2015-10-28,960.0,967.5,945.0,945.0
2015-10-29,951.25,971.25,947.5,971.25
2015-10-30,1002.5,1146.25,1000.0,1080.0
2015-11-02,1125.0,1208.75,1103.75,1195.0
2015-11-04,1160.0,1203.75,1141.25,1172.5
2015-11-05,1162.5,1162.5,1055.0,1062.5
2015-11-06,1071.25,1137.5,1071.25,1123.75
2015-11-09,1133.75,1136.25,1088.75,1101.25
2015-11-10,1096.25,1136.25,1081.25,1130.0
2015-11-11,1162.5,1192.5,1110.0,1132.5
2015-11-12,1115.0,1121.25,1090.0,1100.0
2015-11-13,1135.0,1257.5,1117.5,1250.0
2015-11-16,1225.0,1325.0,1212.5,1272.5
2015-11-17,1297.5,1307.5,1218.75,1230.0
2015-11-18,1310.0,1405.0,1302.5,1392.5
2015-11-19,1432.5,1442.5,1360.0,1397.5
2015-11-20,1375.0,1410.0,1352.5,1392.5
2015-11-24,1380.0,1412.5,1365.0,1382.5
2015-11-25,1367.5,1387.5,1325.0,1367.5
2015-11-26,1617.5,1617.5,1610.0,1617.5
2015-11-27,1612.5,1715.0,1575.0,1590.0
2015-11-30,1575.0,1605.0,1505.0,1515.0
2015-12-01,1765.0,1765.0,1765.0,1765.0
2015-12-02,2015.0,2112.5,1912.5,1950.0
2015-12-03,1940.0,2100.0,1935.0,2042.5
2015-12-04,2005.0,2055.0,1990.0,2017.5
2015-12-07,2085.0,2097.5,2032.5,2035.0
2015-12-08,2047.5,2060.0,1985.0,2027.5
2015-12-09,2002.5,2037.5,1965.0,1990.0
2015-12-10,2097.5,2365.0,2095.0,2365.0
2015-12-11,2482.5,2610.0,2430.0,2550.0
2015-12-14,2505.0,2645.0,2490.0,2592.5
2015-12-15,2635.0,2635.0,2257.5,2312.5
2015-12-16,2337.5,2432.5,2185.0,2397.5
2015-12-17,2375.0,2387.5,2237.5,2295.0
2015-12-18,2262.5,2420.0,2225.0,2305.0
2015-12-21,2275.0,2352.5,2237.5,2322.5
2015-12-22,2302.5,2470.0,2287.5,2425.0
2015-12-24,2472.5,2475.0,2290.0,2322.5
2015-12-25,2322.5,2322.5,2322.5,2322.5
2015-12-28,2437.5,2465.0,2377.5,2395.0
2015-12-29,2380.0,2562.5,2365.0,2525.0
2015-12-30,2525.0,2552.5,2455.0,2487.5
2016-01-04,2467.5,2707.5,2462.5,2575.0
2016-01-05,2565.0,2825.0,2537.5,2787.5
2016-01-06,2750.0,2810.0,2672.5,2697.5
2016-01-07,2682.5,2927.5,2680.0,2837.5
2016-01-08,2795.0,2862.5,2667.5,2792.5
2016-01-12,2717.5,2772.5,2360.0,2547.5
2016-01-13,2557.5,2667.5,2462.5,2617.5
2016-01-14,2445.0,2567.5,2415.0,2550.0
2016-01-15,2580.0,2642.5,2460.0,2482.5
2016-01-18,2332.5,2490.0,2270.0,2487.5
2016-01-19,2592.5,2687.5,2492.5,2570.0
2016-01-20,2550.0,2585.0,2372.5,2385.0
2016-01-21,2400.0,2545.0,2345.0,2377.5
2016-01-22,2475.0,2510.0,2410.0,2505.0
2016-01-25,2537.5,2592.5,2487.5,2557.5
2016-01-26,2505.0,2647.5,2487.5,2550.0
2016-01-27,2625.0,2695.0,2570.0,2652.5
2016-01-28,2662.5,3025.0,2627.5,2942.5
2016-01-29,2980.0,3025.0,2857.5,3000.0
2016-02-01,3000.0,3295.0,2982.5,3215.0
2016-02-02,3150.0,3275.0,3115.0,3140.0
2016-02-03,3150.0,3217.5,3055.0,3200.0
2016-02-04,3175.0,3187.5,2870.0,2877.5
2016-02-05,2812.5,2970.0,2647.5,2832.5
2016-02-08,2757.5,2925.0,2665.0,2897.5
2016-02-09,2720.0,2770.0,2587.5,2600.0
2016-02-10,2672.5,2710.0,2415.0,2525.0
2016-02-12,2785.0,2967.5,2715.0,2725.0
2016-02-15,2912.5,2920.0,2645.0,2797.5
2016-02-16,2770.0,2957.5,2750.0,2880.0
2016-02-17,2875.0,3120.0,2875.0,3085.0
2016-02-18,3210.0,3432.5,3160.0,3375.0
2016-02-19,3332.5,3525.0,3275.0,3512.5
2016-02-22,3500.0,3740.0,3495.0,3675.0
2016-02-23,3687.5,3707.5,3512.5,3547.5
2016-02-24,3475.0,3770.0,3412.5,3710.0
2016-02-25,3755.0,3802.5,3672.5,3720.0
2016-02-26,3755.0,3785.0,3590.0,3680.0
2016-02-29,3737.5,3980.0,3702.5,3920.0
2016-03-01,3937.5,4007.5,3897.5,3962.5
2016-03-02,4000.0,4062.5,3945.0,4015.0
2016-03-03,4017.5,4495.0,3992.5,4492.5
2016-03-04,4502.5,4725.0,4402.5,4482.5
2016-03-07,4420.0,4575.0,4375.0,4512.5
2016-03-08,4550.0,4605.0,4242.5,4365.0
2016-03-09,4182.5,4307.5,4132.5,4255.0
2016-03-10,4300.0,4307.5,4177.5,4207.5
2016-03-11,4165.0,4540.0,4130.0,4497.5
2016-03-14,4650.0,4660.0,4420.0,4455.0
2016-03-15,4437.5,4537.5,4327.5,4375.0
2016-03-16,4355.0,4417.5,4252.5,4280.0
2016-03-17,4325.0,4330.0,4010.0,4050.0
2016-03-18,3990.0,4155.0,3865.0,4147.5
2016-03-22,4127.5,4170.0,3992.5,4030.0
2016-03-23,4100.0,4360.0,3997.5,4037.5
2016-03-24,3952.5,4115.0,3805.0,4065.0
2016-03-25,4050.0,4120.0,3932.5,3967.5
2016-03-28,4127.5,4497.5,4030.0,4410.0
2016-03-29,4395.0,4480.0,4315.0,4372.5
2016-03-30,4342.5,4410.0,4127.5,4222.5
2016-03-31,4222.5,4272.5,4055.0,4057.5
2016-04-01,4025.0,4030.0,3755.0,3787.5
2016-04-04,3787.5,4030.0,3675.0,3830.0
2016-04-05,3782.5,3885.0,3482.5,3482.5
2016-04-06,3465.0,3640.0,3345.0,3545.0
2016-04-07,4295.0,4295.0,4075.0,4295.0
2016-04-08,4727.5,5215.0,4640.0,5002.5
2016-04-11,5250.0,5262.5,4942.5,5035.0
2016-04-12,4962.5,5117.5,4787.5,4837.5
2016-04-13,4777.5,5055.0,4727.5,4987.5
2016-04-14,5050.0,5072.5,4922.5,4967.5
2016-04-15,4875.0,5022.5,4870.0,4975.0
2016-04-18,5022.5,5320.0,5000.0,5290.0
2016-04-19,5492.5,6240.0,5435.0,6240.0
2016-04-20,6202.5,6292.5,5750.0,5877.5
2016-04-21,6127.5,6212.5,5962.5,6032.5
2016-04-22,6025.0,6245.0,5662.5,6245.0
2016-04-25,6120.0,6195.0,5800.0,5807.5
2016-04-26,5625.0,5947.5,5475.0,5645.0
2016-04-27,5690.0,5832.5,5555.0,5825.0
2016-04-28,5752.5,5815.0,5477.5,5617.5
2016-05-02,5475.0,5737.5,5430.0,5642.5
2016-05-06,5797.5,6150.0,5685.0,6120.0
2016-05-09,6107.5,6545.0,6015.0,6432.5
2016-05-10,6355.0,6425.0,6155.0,6252.5
2016-05-11,6150.0,6397.5,6077.5,6370.0
2016-05-12,6320.0,6410.0,5905.0,6015.0
2016-05-13,5890.0,6370.0,5885.0,6320.0
2016-05-16,6425.0,6517.5,5275.0,5382.5
2016-05-17,5302.5,5830.0,5150.0,5587.5
2016-05-18,5560.0,5655.0,4415.0,4497.5
2016-05-19,4765.0,4910.0,4612.5,4800.0
2016-05-20,4712.5,4850.0,4530.0,4750.0
2016-05-23,4850.0,5245.0,4790.0,5220.0
2016-05-24,5157.5,5340.0,5005.0,5035.0
2016-05-25,5097.5,5152.5,4892.5,4975.0
2016-05-26,4895.0,5087.5,4635.0,4990.0
2016-05-27,5082.5,5290.0,5002.5,5125.0
2016-05-30,5217.5,5470.0,5202.5,5410.0
2016-05-31,5447.5,5477.5,5160.0,5267.5
2016-06-01,5197.5,5317.5,5040.0,5112.5
2016-06-02,5162.5,5245.0,4855.0,5047.5
2016-06-03,5000.0,5285.0,4895.0,5265.0
2016-06-06,5140.0,5185.0,5017.5,5082.5
2016-06-07,5150.0,5195.0,5047.5,5105.0
2016-06-08,5120.0,5275.0,5095.0,5192.5
2016-06-09,5212.5,5425.0,5187.5,5232.5
2016-06-10,5407.5,5420.0,5237.5,5265.0
2016-06-13,5105.0,5137.5,4907.5,4925.0
2016-06-14,4815.0,4825.0,3950.0,4072.5
2016-06-15,4117.5,4342.5,3967.5,4300.0
2016-06-16,4215.0,4255.0,3702.5,3860.0
2016-06-17,4060.0,4075.0,3655.0,3750.0
2016-06-20,3850.0,3905.0,3677.5,3815.0
2016-06-21,3825.0,4120.0,3765.0,4032.5
2016-06-22,3970.0,4135.0,3867.5,3922.5
2016-06-23,3825.0,3965.0,3725.0,3925.0
2016-06-24,4200.0,4365.0,3240.0,3680.0
2016-06-27,3755.0,4000.0,3682.5,3880.0
2016-06-28,3802.5,4147.5,3780.0,4112.5
2016-06-29,4295.0,4412.5,4225.0,4330.0
2016-06-30,4587.5,4920.0,4532.5,4725.0
2016-07-01,4750.0,4800.0,4502.5,4677.5
2016-07-04,4695.0,4845.0,4640.0,4832.5
2016-07-05,4820.0,4822.5,4687.5,4735.0
2016-07-06,4462.5,4600.0,4370.0,4505.0
2016-07-07,4700.0,4777.5,4237.5,4257.5
2016-07-08,4247.5,4300.0,3985.0,4232.5
2016-07-11,4232.5,4232.5,4232.5,4232.5
2016-07-12,4380.0,4447.5,4315.0,4317.5
2016-07-13,4355.0,4370.0,4120.0,4207.5
2016-07-14,4300.0,4537.5,4252.5,4422.5
2016-07-15,4372.5,4375.0,4150.0,4167.5
2016-07-19,3977.5,4282.5,3810.0,4220.0
2016-07-20,4250.0,4435.0,4052.5,4095.0
2016-07-21,4125.0,4212.5,3987.5,4095.0
2016-07-22,4025.0,4185.0,3962.5,4090.0
2016-07-25,4090.0,4235.0,3992.5,4117.5
2016-07-26,4087.5,4195.0,4062.5,4090.0
2016-07-27,4137.5,4152.5,4000.0,4000.0
2016-07-28,4000.0,4085.0,3980.0,4030.0
2016-07-29,4025.0,4115.0,3827.5,4087.5
2016-08-01,4052.5,4415.0,4032.5,4320.0
2016-08-02,4342.5,4587.5,4325.0,4540.0
2016-08-03,4600.0,4672.5,4120.0,4127.5
2016-08-04,4187.5,4282.5,3942.5,4012.5
2016-08-05,4047.5,4160.0,4005.0,4132.5
2016-08-08,4050.0,4100.0,3895.0,3915.0
2016-08-09,3950.0,4022.5,3860.0,4007.5
2016-08-10,4015.0,4220.0,3972.5,4167.5
2016-08-12,4250.0,4400.0,4170.0,4372.5
2016-08-15,4325.0,4360.0,4235.0,4270.0
2016-08-16,4262.5,4442.5,4242.5,4442.5
2016-08-17,4427.5,4465.0,4252.5,4267.5
2016-08-18,4212.5,4322.5,4170.0,4227.5
2016-08-19,4240.0,4295.0,4187.5,4275.0
2016-08-22,4305.0,4310.0,4205.0,4225.0
2016-08-23,4242.5,4410.0,4215.0,4367.5
2016-08-24,4357.5,4420.0,4310.0,4405.0
2016-08-25,4375.0,4397.5,4262.5,4265.0
2016-08-26,4260.0,4292.5,4150.0,4155.0
2016-08-29,4200.0,4217.5,4145.0,4172.5
2016-08-30,4222.5,4332.5,4217.5,4252.5
2016-08-31,4242.5,4252.5,4142.5,4182.5
2016-09-01,4162.5,4175.0,4062.5,4147.5
2016-09-02,4110.0,4207.5,4097.5,4102.5
2016-09-05,4130.0,4225.0,4112.5,4205.0
2016-09-06,4205.0,4285.0,4180.0,4232.5
2016-09-07,4210.0,4480.0,4202.5,4460.0
2016-09-08,4450.0,4520.0,4365.0,4412.5
2016-09-09,4420.0,4705.0,4382.5,4687.5
2016-09-12,4625.0,4672.5,4327.5,4332.5
2016-09-13,4425.0,4462.5,4300.0,4315.0
2016-09-14,4287.5,4402.5,4240.0,4317.5
2016-09-15,4287.5,4350.0,4210.0,4240.0
2016-09-16,4265.0,4295.0,4185.0,4255.0
2016-09-20,4220.0,4280.0,4200.0,4207.5
2016-09-21,4232.5,4312.5,4200.0,4312.5
2016-09-23,4337.5,4445.0,4322.5,4440.0
2016-09-26,4462.5,4542.5,4382.5,4412.5
2016-09-27,4365.0,4487.5,4360.0,4480.0
2016-09-28,4550.0,4577.5,4462.5,4525.0
2016-09-29,4540.0,4545.0,4407.5,4442.5
2016-09-30,4395.0,4467.5,4392.5,4427.5
2016-10-03,4462.5,4512.5,4412.5,4470.0
2016-10-04,4500.0,4520.0,4415.0,4420.0
2016-10-05,4412.5,4437.5,4360.0,4372.5
2016-10-06,4387.5,4432.5,4307.5,4425.0
2016-10-07,4412.5,4422.5,4330.0,4347.5
2016-10-11,4355.0,4380.0,4290.0,4307.5
2016-10-12,4275.0,4285.0,4152.5,4212.5
2016-10-13,4187.5,4257.5,4155.0,4220.0
2016-10-14,4207.5,4255.0,4180.0,4192.5
2016-10-17,4170.0,4185.0,4095.0,4180.0
2016-10-18,4180.0,4227.5,4115.0,4155.0
2016-10-19,4162.5,4217.5,4155.0,4207.5
2016-10-20,4205.0,4207.5,4142.5,4147.5
2016-10-21,4245.0,4350.0,4185.0,4187.5
2016-10-24,4207.5,4230.0,4140.0,4142.5
2016-10-25,4152.5,4155.0,4042.5,4057.5
2016-10-26,4017.5,4132.5,4007.5,4072.5
2016-10-27,4082.5,4105.0,3982.5,4005.0
2016-10-28,3977.5,4020.0,3920.0,4002.5
2016-10-31,3962.5,4020.0,3942.5,3945.0
2016-11-01,3920.0,3942.5,3782.5,3790.0
2016-11-02,3747.5,3787.5,3550.0,3687.5
2016-11-04,3635.0,3660.0,3497.5,3502.5
2016-11-07,3577.5,3685.0,3377.5,3597.5
2016-11-08,3637.5,3700.0,3540.0,3577.5
2016-11-09,3562.5,3670.0,3127.5,3285.0
2016-11-10,3532.5,3667.5,3470.0,3630.0
2016-11-11,3690.0,3740.0,3517.5,3522.5
2016-11-14,3507.5,3620.0,3462.5,3575.0
2016-11-15,3670.0,3842.5,3522.5,3810.0
2016-11-16,3810.0,3887.5,3742.5,3752.5
2016-11-17,3735.0,3970.0,3727.5,3902.5
2016-11-18,3945.0,3957.5,3782.5,3805.0
2016-11-21,3840.0,3850.0,3775.0,3782.5
2016-11-22,3787.5,3882.5,3747.5,3762.5
2016-11-24,3782.5,3785.0,3617.5,3620.0
2016-11-25,3597.5,3670.0,3515.0,3565.0
2016-11-28,3565.0,3597.5,3457.5,3490.0
2016-11-29,3490.0,3582.5,3405.0,3530.0
2016-11-30,3542.5,3695.0,3527.5,3530.0
2016-12-01,3547.5,3725.0,3540.0,3655.0
2016-12-02,3662.5,3700.0,3495.0,3550.0
2016-12-05,3527.5,3597.5,3500.0,3502.5
2016-12-06,3527.5,3540.0,3455.0,3480.0
2016-12-07,3480.0,3495.0,3365.0,3365.0
2016-12-08,3287.5,3320.0,3117.5,3122.5
2016-12-09,3172.5,3357.5,3137.5,3312.5
2016-12-12,3375.0,3500.0,3292.5,3440.0
2016-12-13,3405.0,3530.0,3390.0,3465.0
2016-12-14,3507.5,3527.5,3365.0,3380.0
2016-12-15,3415.0,3430.0,3312.5,3357.5
2016-12-16,3335.0,3355.0,3237.5,3252.5
2016-12-19,3197.5,3252.5,3170.0,3212.5
2016-12-20,3232.5,3420.0,3232.5,3395.0
2016-12-21,3407.5,3415.0,3250.0,3260.0
2016-12-22,3335.0,3335.0,3155.0,3187.5
2016-12-26,3187.5,3277.5,3165.0,3247.5
2016-12-27,3265.0,3345.0,3262.5,3280.0
2016-12-28,3300.0,3337.5,3272.5,3322.5
2016-12-29,3280.0,3322.5,3225.0,3322.5
2016-12-30,3297.5,3420.0,3297.5,3362.5
2017-01-04,3392.5,3460.0,3350.0,3430.0
2017-01-05,3452.5,3615.0,3430.0,3607.5
2017-01-06,3577.5,3645.0,3505.0,3507.5
2017-01-10,3510.0,3580.0,3415.0,3435.0
2017-01-11,3445.0,3452.5,3347.5,3352.5
2017-01-12,3300.0,3382.5,3250.0,3315.0
2017-01-13,3300.0,3382.5,3297.5,3380.0
2017-01-16,3387.5,3405.0,3305.0,3327.5
2017-01-17,3310.0,3365.0,3267.5,3312.5
2017-01-18,3337.5,3395.0,3300.0,3360.0
2017-01-19,3362.5,3387.5,3307.5,3315.0
2017-01-20,3300.0,3345.0,3275.0,3297.5
2017-01-23,3322.5,3332.5,3257.5,3270.0
2017-01-24,3250.0,3315.0,3227.5,3297.5
2017-01-25,3312.5,3347.5,3287.5,3340.0
2017-01-26,3362.5,3385.0,3322.5,3335.0
2017-01-27,3332.5,3355.0,3295.0,3300.0
2017-01-30,3297.5,3352.5,3270.0,3332.5
2017-01-31,3312.5,3312.5,3270.0,3272.5
2017-02-01,3270.0,3307.5,3255.0,3285.0
2017-02-02,3287.5,3355.0,3285.0,3325.0
2017-02-03,3350.0,3440.0,3335.0,3437.5
2017-02-06,3437.5,3440.0,3307.5,3307.5
2017-02-07,3302.5,3385.0,3257.5,3342.5
2017-02-08,3325.0,3342.5,3295.0,3312.5
2017-02-09,3287.5,3327.5,3285.0,3290.0
2017-02-10,3310.0,3327.5,3275.0,3282.5
2017-02-13,3175.0,3232.5,3100.0,3177.5
2017-02-14,3225.0,3337.5,3175.0,3310.0
2017-02-15,3310.0,3430.0,3282.5,3362.5
2017-02-16,3382.5,3525.0,3362.5,3460.0
2017-02-17,3450.0,3542.5,3395.0,3495.0
2017-02-20,3470.0,3492.5,3375.0,3385.0
2017-02-21,3392.5,3452.5,3375.0,3410.0
2017-02-22,3410.0,3425.0,3342.5,3347.5
2017-02-23,3332.5,3400.0,3312.5,3390.0
2017-02-24,3362.5,3422.5,3342.5,3362.5
2017-02-27,3337.5,3352.5,3300.0,3317.5
2017-02-28,3362.5,3372.5,3270.0,3275.0
2017-03-01,3295.0,3312.5,3230.0,3300.0
2017-03-02,3310.0,3315.0,3257.5,3267.5
2017-03-03,3267.5,3300.0,3247.5,3262.5
2017-03-06,3252.5,3277.5,3230.0,3242.5
2017-03-07,3237.5,3245.0,3182.5,3182.5
2017-03-08,3175.0,3217.5,3145.0,3160.0
2017-03-09,3155.0,3175.0,3120.0,3120.0
2017-03-10,3150.0,3177.5,3127.5,3157.5
2017-03-13,3145.0,3160.0,3002.5,3002.5
2017-03-14,3047.5,3090.0,3017.5,3052.5
2017-03-15,3040.0,3045.0,2860.0,2875.0
2017-03-16,2835.0,2945.0,2817.5,2902.5
2017-03-17,2870.0,2887.5,2670.0,2687.5
2017-03-21,2612.5,2805.0,2595.0,2785.0
2017-03-22,2710.0,2787.5,2642.5,2647.5
2017-03-23,2702.5,2812.5,2670.0,2797.5
2017-03-24,2797.5,2835.0,2752.5,2777.5
2017-03-27,2740.0,2762.5,2665.0,2690.0
2017-03-28,2690.0,2732.5,2650.0,2700.0
2017-03-29,2747.5,2887.5,2730.0,2837.5
2017-03-30,2832.5,2890.0,2702.5,2725.0
2017-03-31,2760.0,2805.0,2715.0,2720.0
2017-04-03,2725.0,2737.5,2617.5,2640.0
2017-04-04,2687.5,2712.5,2570.0,2635.0
2017-04-05,2650.0,2677.5,2585.0,2665.0
2017-04-06,2765.0,2917.5,2730.0,2792.5
2017-04-07,2775.0,2940.0,2717.5,2802.5
2017-04-10,2860.0,2910.0,2785.0,2797.5
2017-04-11,2797.5,2832.5,2735.0,2752.5
2017-04-12,2680.0,2697.5,2582.5,2637.5
2017-04-13,2605.0,2765.0,2577.5,2762.5
2017-04-14,2732.5,2755.0,2625.0,2627.5
2017-04-17,2645.0,2710.0,2630.0,2702.5
2017-04-18,2735.0,2742.5,2662.5,2700.0
2017-04-19,2695.0,2780.0,2690.0,2750.0
2017-04-20,2767.5,2840.0,2757.5,2822.5
2017-04-21,2865.0,2927.5,2812.5,2845.0
2017-04-24,2880.0,2890.0,2785.0,2800.0
2017-04-25,2802.5,2880.0,2797.5,2862.5
2017-04-26,2895.0,2970.0,2847.5,2877.5
2017-04-27,2875.0,2910.0,2847.5,2865.0
2017-04-28,2890.0,2930.0,2850.0,2862.5
2017-05-01,2870.0,2870.0,2780.0,2785.0
2017-05-02,2780.0,2865.0,2767.5,2850.0
2017-05-08,2900.0,2900.0,2832.5,2870.0
2017-05-09,2882.5,3007.5,2865.0,2985.0
2017-05-10,3012.5,3162.5,3005.0,3120.0
2017-05-11,3162.5,3180.0,2992.5,3000.0
2017-05-12,2992.5,3022.5,2930.0,2985.0
2017-05-15,2910.0,2912.5,2777.5,2790.0
2017-05-16,2775.0,2885.0,2775.0,2877.5
2017-05-17,2867.5,2890.0,2802.5,2820.0
2017-05-18,2735.0,2785.0,2720.0,2760.0
2017-05-19,2840.0,2847.5,2777.5,2782.5
2017-05-22,2782.5,2795.0,2735.0,2750.0
2017-05-23,2747.5,2767.5,2702.5,2735.0
2017-05-24,2742.5,2782.5,2717.5,2727.5
2017-05-25,2740.0,2765.0,2717.5,2750.0
2017-05-26,2825.0,2837.5,2770.0,2802.5
2017-05-29,2805.0,2907.5,2800.0,2865.0
2017-05-30,2890.0,2895.0,2782.5,2807.5
2017-05-31,2820.0,2865.0,2790.0,2797.5
2017-06-01,2837.5,2877.5,2815.0,2850.0
2017-06-02,2877.5,2890.0,2810.0,2822.5
2017-06-05,2810.0,2852.5,2790.0,2820.0
2017-06-06,2815.0,2817.5,2760.0,2777.5
2017-06-07,2755.0,2810.0,2740.0,2800.0
2017-06-08,2815.0,2832.5,2780.0,2782.5
2017-06-09,2797.5,2810.0,2760.0,2792.5
2017-06-12,2775.0,2837.5,2772.5,2785.0
2017-06-13,2780.0,2807.5,2767.5,2775.0
2017-06-14,2782.5,2865.0,2775.0,2855.0
2017-06-15,2847.5,2850.0,2797.5,2820.0
2017-06-16,2820.0,2860.0,2787.5,2792.5
2017-06-19,2805.0,2835.0,2787.5,2825.0
2017-06-20,2835.0,2880.0,2807.5,2852.5
2017-06-21,2845.0,3037.5,2845.0,2995.0
2017-06-22,3112.5,3190.0,3025.0,3180.0
2017-06-23,3250.0,3270.0,3092.5,3117.5
2017-06-26,3145.0,3212.5,3120.0,3197.5
2017-06-27,3220.0,3225.0,3055.0,3080.0
2017-06-28,3005.0,3047.5,2977.5,2985.0
2017-06-29,3010.0,3062.5,2990.0,3045.0
2017-06-30,3100.0,3137.5,3037.5,3087.5
2017-07-03,3087.5,3087.5,2992.5,3017.5
2017-07-04,3022.5,3045.0,2937.5,2940.0
2017-07-05,2942.5,2990.0,2922.5,2937.5
2017-07-06,2940.0,2990.0,2935.0,2952.5
2017-07-07,2950.0,3007.5,2930.0,3002.5
2017-07-10,3015.0,3105.0,2990.0,3062.5
2017-07-11,3062.5,3087.5,3020.0,3027.5
2017-07-12,3025.0,3110.0,3020.0,3057.5
2017-07-13,3075.0,3082.5,3027.5,3037.5
2017-07-14,3037.5,3060.0,3010.0,3015.0
2017-07-17,3015.0,3015.0,3015.0,3015.0
2017-07-18,3012.5,3037.5,2977.5,2992.5
2017-07-19,2977.5,3012.5,2925.0,2995.0
2017-07-20,2995.0,3010.0,2967.5,3000.0
2017-07-21,3007.5,3040.0,2980.0,2980.0
2017-07-24,2980.0,2980.0,2917.5,2927.5
2017-07-25,2945.0,3010.0,2937.5,2970.0
2017-07-26,2970.0,2977.5,2935.0,2937.5
2017-07-27,2940.0,2950.0,2915.0,2920.0
2017-07-28,2920.0,2930.0,2887.5,2900.0
2017-07-31,2907.5,2915.0,2820.0,2867.5
2017-08-01,2860.0,2860.0,2750.0,2765.0
2017-08-02,2760.0,2822.5,2757.5,2812.5
2017-08-03,2800.0,2800.0,2757.5,2787.5
2017-08-04,2777.5,2802.5,2767.5,2795.0
2017-08-07,2795.0,2837.5,2780.0,2780.0
2017-08-08,2780.0,2792.5,2730.0,2740.0
2017-08-09,2725.0,2730.0,2650.0,2672.5
2017-08-10,2652.5,2682.5,2570.0,2602.5
2017-08-11,2602.5,2602.5,2602.5,2602.5
2017-08-14,2527.5,2572.5,2480.0,2520.0
2017-08-15,2550.0,2592.5,2515.0,2527.5
2017-08-16,2530.0,2540.0,2500.0,2530.0
2017-08-17,2512.5,2550.0,2497.5,2497.5
2017-08-18,2475.0,2480.0,2382.5,2395.0
2017-08-21,2395.0,2397.5,2285.0,2310.0
2017-08-22,2307.5,2350.0,2270.0,2300.0
2017-08-23,2337.5,2342.5,2260.0,2265.0
2017-08-24,2252.5,2320.0,2215.0,2267.5
2017-08-25,2277.5,2337.5,2252.5,2255.0
2017-08-28,2275.0,2292.5,2250.0,2280.0
2017-08-29,2257.5,2262.5,2215.0,2220.0
2017-08-30,2237.5,2295.0,2235.0,2287.5
2017-08-31,2302.5,2317.5,2257.5,2270.0
2017-09-01,2345.0,2522.5,2325.0,2427.5
2017-09-04,2410.0,2432.5,2277.5,2285.0
2017-09-05,2307.5,2322.5,2190.0,2217.5
2017-09-06,2152.5,2245.0,2147.5,2227.5
2017-09-07,2245.0,2255.0,2200.0,2207.5
2017-09-08,2207.5,2212.5,2152.5,2175.0
2017-09-11,2177.5,2220.0,2157.5,2185.0
2017-09-12,2205.0,2240.0,2195.0,2232.5
2017-09-13,2250.0,2257.5,2212.5,2222.5
2017-09-14,2222.5,2270.0,2192.5,2195.0
2017-09-15,2175.0,2215.0,2175.0,2212.5
2017-09-18,2212.5,2212.5,2212.5,2212.5
2017-09-19,2235.0,2242.5,2205.0,2227.5
2017-09-20,2242.5,2277.5,2205.0,2212.5
2017-09-21,2230.0,2330.0,2220.0,2320.0
2017-09-22,2302.5,2352.5,2265.0,2300.0
2017-09-25,2317.5,2330.0,2257.5,2272.5
2017-09-26,2257.5,2282.5,2240.0,2240.0
2017-09-27,2272.5,2287.5,2252.5,2275.0
2017-09-28,2287.5,2295.0,2260.0,2277.5
2017-09-29,2282.5,2375.0,2272.5,2375.0
2017-10-02,2387.5,2415.0,2340.0,2350.0
2017-10-03,2362.5,2370.0,2315.0,2327.5
2017-10-04,2337.5,2340.0,2272.5,2280.0
2017-10-05,2362.5,2412.5,2317.5,2325.0
2017-10-06,2337.5,2395.0,2330.0,2385.0
2017-10-09,2385.0,2385.0,2385.0,2385.0
2017-10-10,2400.0,2567.5,2392.5,2540.0
2017-10-11,2555.0,2697.5,2502.5,2522.5
2017-10-12,2550.0,2580.0,2520.0,2565.0
2017-10-13,2567.5,2567.5,2525.0,2550.0
2017-10-16,2542.5,2555.0,2487.5,2497.5
2017-10-17,2500.0,2522.5,2442.5,2457.5
2017-10-18,2467.5,2480.0,2445.0,2462.5
2017-10-19,2470.0,2500.0,2435.0,2497.5
2017-10-20,2522.5,2540.0,2440.0,2452.5
2017-10-23,2467.5,2535.0,2455.0,2527.5
2017-10-24,2505.0,2550.0,2490.0,2535.0
2017-10-25,2550.0,2592.5,2512.5,2525.0
2017-10-26,2512.5,2572.5,2485.0,2567.5
2017-10-27,2557.5,2597.5,2547.5,2557.5
2017-10-30,2572.5,2625.0,2560.0,2600.0
2017-10-31,2572.5,2605.0,2542.5,2595.0
2017-11-01,2612.5,2695.0,2595.0,2682.5
2017-11-02,2705.0,2795.0,2660.0,2772.5
2017-11-03,2772.5,2772.5,2772.5,2772.5
2017-11-06,2757.5,2762.5,2592.5,2607.5
2017-11-07,2607.5,2650.0,2602.5,2632.5
2017-11-08,2637.5,2660.0,2577.5,2595.0
2017-11-09,2732.5,2765.0,2620.0,2665.0
2017-11-10,2632.5,2882.5,2612.5,2807.5
2017-11-13,2750.0,2807.5,2650.0,2757.5
2017-11-14,2775.0,2957.5,2772.5,2822.5
2017-11-15,2947.5,2980.0,2817.5,2872.5
2017-11-16,2870.0,2965.0,2852.5,2957.5
2017-11-17,2987.5,3095.0,2960.0,3047.5
2017-11-20,2995.0,3032.5,2852.5,2872.5
2017-11-21,2822.5,2882.5,2797.5,2870.0
2017-11-22,2877.5,2880.0,2792.5,2842.5
2017-11-23,2842.5,2842.5,2842.5,2842.5
2017-11-24,2845.0,2932.5,2825.0,2865.0
2017-11-27,2877.5,2905.0,2830.0,2845.0
2017-11-28,2912.5,2912.5,2840.0,2880.0
2017-11-29,2880.0,2887.5,2755.0,2765.0
2017-11-30,2752.5,2777.5,2700.0,2750.0
2017-12-01,2760.0,2780.0,2710.0,2722.5
2017-12-04,2725.0,2735.0,2612.5,2617.5
2017-12-05,2625.0,2642.5,2522.5,2535.0
2017-12-06,2552.5,2617.5,2492.5,2492.5
2017-12-07,2525.0,2552.5,2502.5,2527.5
2017-12-08,2555.0,2585.0,2520.0,2525.0
2017-12-11,2520.0,2582.5,2517.5,2580.0
2017-12-12,2600.0,2655.0,2585.0,2645.0
2017-12-13,2670.0,2717.5,2647.5,2695.0
2017-12-14,2687.5,2770.0,2675.0,2770.0
2017-12-15,2750.0,2782.5,2705.0,2717.5
2017-12-18,2737.5,2737.5,2665.0,2690.0
2017-12-19,2662.5,2687.5,2635.0,2670.0
2017-12-20,2660.0,2690.0,2647.5,2672.5
2017-12-21,2655.0,2690.0,2637.5,2682.5
2017-12-22,2650.0,2675.0,2632.5,2637.5
2017-12-25,2625.0,2650.0,2595.0,2597.5
2017-12-26,2592.5,2627.5,2582.5,2585.0
2017-12-27,2587.5,2755.0,2587.5,2755.0
2017-12-28,2725.0,2762.5,2670.0,2685.0
2017-12-29,2685.0,2745.0,2682.5,2735.0
2018-01-01,2735.0,2735.0,2735.0,2735.0
2018-01-02,2735.0,2735.0,2735.0,2735.0
2018-01-03,2735.0,2735.0,2735.0,2735.0
2018-01-04,2765.0,2770.0,2690.0,2700.0
2018-01-05,2680.0,2700.0,2632.5,2682.5
2018-01-08,2682.5,2682.5,2682.5,2682.5
2018-01-09,2702.5,2917.5,2690.0,2887.5
2018-01-10,2962.5,3010.0,2927.5,2972.5
2018-01-11,2990.0,3060.0,2865.0,2885.0
2018-01-12,2885.0,2940.0,2867.5,2925.0
2018-01-15,2945.0,2970.0,2907.5,2937.5
2018-01-16,2942.5,2950.0,2845.0,2935.0
2018-01-17,2902.5,2945.0,2865.0,2875.0
2018-01-18,2902.5,2905.0,2850.0,2885.0
2018-01-19,2865.0,2900.0,2700.0,2717.5
2018-01-22,2742.5,2830.0,2740.0,2812.5
2018-01-23,2837.5,3025.0,2830.0,3012.5
2018-01-24,2977.5,3142.5,2967.5,3067.5
2018-01-25,3142.5,3195.0,3030.0,3077.5
2018-01-26,3110.0,3112.5,3030.0,3052.5
2018-01-29,3062.5,3070.0,2937.5,2940.0
2018-01-30,2920.0,2990.0,2900.0,2937.5
2018-01-31,2890.0,2965.0,2860.0,2945.0
2018-02-01,2927.5,3012.5,2927.5,2987.5
2018-02-02,2987.5,2987.5,2885.0,2912.5
2018-02-05,2790.0,2807.5,2712.5,2715.0
2018-02-06,2500.0,2575.0,2425.0,2492.5
2018-02-07,2635.0,2635.0,2475.0,2480.0
2018-02-08,2517.5,2622.5,2515.0,2617.5
2018-02-09,2467.5,2595.0,2467.5,2582.5
2018-02-12,2582.5,2582.5,2582.5,2582.5
2018-02-13,2600.0,2605.0,2495.0,2507.5
2018-02-14,2512.5,2537.5,2425.0,2470.0
2018-02-15,2502.5,2542.5,2460.0,2525.0
2018-02-16,2530.0,2537.5,2470.0,2480.0
2018-02-19,2510.0,2522.5,2475.0,2510.0
2018-02-20,2507.5,2512.5,2445.0,2470.0
2018-02-21,2450.0,2497.5,2442.5,2462.5
2018-02-22,2460.0,2462.5,2365.0,2377.5
2018-02-23,2390.0,2412.5,2372.5,2405.0
2018-02-26,2422.5,2435.0,2380.0,2432.5
2018-02-27,2452.5,2462.5,2422.5,2442.5
2018-02-28,2415.0,2457.5,2412.5,2417.5
2018-03-01,2390.0,2457.5,2385.0,2445.0
2018-03-02,2380.0,2392.5,2317.5,2345.0
2018-03-05,2320.0,2337.5,2195.0,2225.0
2018-03-06,2277.5,2315.0,2265.0,2282.5
2018-03-07,2267.5,2297.5,2250.0,2265.0
2018-03-08,2292.5,2355.0,2275.0,2350.0
2018-03-09,2405.0,2415.0,2350.0,2377.5
2018-03-12,2395.0,2400.0,2322.5,2347.5
2018-03-13,2347.5,2512.5,2345.0,2512.5
2018-03-14,2402.5,2410.0,2322.5,2357.5
2018-03-15,2360.0,2397.5,2350.0,2397.5
2018-03-16,2397.5,2397.5,2265.0,2267.5
2018-03-19,2250.0,2267.5,2202.5,2215.0
2018-03-20,2182.5,2230.0,2162.5,2212.5
2018-03-21,2212.5,2212.5,2212.5,2212.5
2018-03-22,2202.5,2222.5,2182.5,2220.0
2018-03-23,2160.0,2187.5,2145.0,2147.5
2018-03-26,2125.0,2160.0,2080.0,2152.5
2018-03-27,2180.0,2247.5,2167.5,2225.0
2018-03-28,2167.5,2187.5,2120.0,2145.0
2018-03-29,2172.5,2207.5,2130.0,2147.5
2018-03-30,2165.0,2205.0,2155.0,2205.0
2018-04-02,2210.0,2262.5,2192.5,2202.5
2018-04-03,2170.0,2190.0,2137.5,2187.5
2018-04-04,2205.0,2222.5,2175.0,2217.5
2018-04-05,2235.0,2270.0,2212.5,2237.5
2018-04-06,2242.5,2257.5,2202.5,2202.5
2018-04-09,2192.5,2202.5,2155.0,2202.5
2018-04-10,2165.0,2167.5,2050.0,2050.0
2018-04-11,2050.0,2090.0,2000.0,2007.5
2018-04-12,2000.0,2022.5,1950.0,1955.0
2018-04-13,1972.5,1977.5,1942.5,1960.0
2018-04-16,1960.0,1962.5,1862.5,1897.5
2018-04-17,1892.5,1932.5,1822.5,1877.5
2018-04-18,1880.0,1915.0,1850.0,1860.0
2018-04-19,1897.5,1912.5,1835.0,1850.0
2018-04-20,1835.0,1880.0,1815.0,1820.0
2018-04-23,1815.0,1862.5,1802.5,1857.5
2018-04-24,1860.0,1895.0,1837.5,1857.5
2018-04-25,1835.0,1857.5,1820.0,1822.5
2018-04-26,1827.5,1925.0,1827.5,1902.5
2018-04-27,1890.0,1900.0,1855.0,1895.0
2018-04-30,1895.0,1895.0,1895.0,1895.0
2018-05-01,1900.0,1905.0,1830.0,1837.5
2018-05-02,1837.5,1887.5,1832.5,1875.0
2018-05-03,1875.0,1875.0,1875.0,1875.0
2018-05-04,1875.0,1875.0,1875.0,1875.0
2018-05-07,1875.0,1905.0,1862.5,1895.0
2018-05-08,1897.5,1927.5,1887.5,1905.0
2018-05-09,1905.0,1935.0,1882.5,1902.5
2018-05-10,1912.5,1960.0,1872.5,1880.0
2018-05-11,1775.0,1822.5,1665.0,1760.0
2018-05-14,1770.0,1807.5,1745.0,1752.5
2018-05-15,1775.0,1857.5,1775.0,1837.5
2018-05-16,1840.0,1852.5,1802.5,1827.5
2018-05-17,1822.5,1960.0,1820.0,1920.0
2018-05-18,1937.5,1945.0,1885.0,1900.0
2018-05-21,1880.0,1917.5,1875.0,1880.0
2018-05-22,1882.5,1900.0,1857.5,1887.5
2018-05-23,1907.5,1917.5,1872.5,1875.0
2018-05-24,1892.5,1930.0,1880.0,1890.0
2018-05-25,1887.5,1892.5,1780.0,1792.5
2018-05-28,1792.5,1795.0,1727.5,1747.5
2018-05-29,1760.0,1770.0,1695.0,1765.0
2018-05-30,1737.5,1762.5,1717.5,1750.0
2018-05-31,1755.0,1827.5,1740.0,1822.5
2018-06-01,1807.5,1862.5,1807.5,1837.5
2018-06-04,1875.0,1895.0,1847.5,1887.5
2018-06-05,1875.0,1875.0,1695.0,1727.5
2018-06-06,1702.5,1705.0,1625.0,1627.5
2018-06-07,1627.5,1685.0,1617.5,1665.0
2018-06-08,1660.0,1705.0,1657.5,1700.0
2018-06-11,1712.5,1735.0,1702.5,1722.5
2018-06-12,1752.5,1775.0,1735.0,1737.5
2018-06-13,1747.5,1770.0,1710.0,1720.0
2018-06-14,1710.0,1740.0,1710.0,1720.0
2018-06-15,1730.0,1737.5,1712.5,1712.5
2018-06-18,1715.0,1725.0,1685.0,1697.5
2018-06-19,1682.5,1690.0,1610.0,1637.5
2018-06-20,1645.0,1682.5,1595.0,1677.5
2018-06-21,1657.5,1727.5,1657.5,1710.0
2018-06-22,1690.0,1722.5,1682.5,1692.5
2018-06-25,1710.0,1752.5,1692.5,1697.5
2018-06-26,1672.5,1745.0,1662.5,1735.0
2018-06-27,1763.0,1820.0,1754.0,1792.0
2018-06-28,1775.0,1779.0,1729.0,1733.0
2018-06-29,1745.0,1784.0,1734.0,1784.0
2018-07-02,1771.0,1774.0,1584.0,1584.0
2018-07-03,1581.0,1596.0,1414.0,1474.0
2018-07-04,1466.0,1504.0,1433.0,1448.0
2018-07-05,1427.0,1479.0,1304.0,1333.0
2018-07-06,1363.0,1413.0,1340.0,1387.0
2018-07-09,1425.0,1442.0,1403.0,1412.0
2018-07-10,1409.0,1455.0,1409.0,1414.0
2018-07-11,1414.0,1424.0,1342.0,1382.0
2018-07-12,1395.0,1456.0,1388.0,1414.0
2018-07-13,1420.0,1423.0,1395.0,1412.0
2018-07-16,1412.0,1412.0,1412.0,1412.0
2018-07-17,1392.0,1398.0,1366.0,1376.0
2018-07-18,1376.0,1397.0,1365.0,1384.0
2018-07-19,1403.0,1405.0,1338.0,1349.0
2018-07-20,1336.0,1369.0,1308.0,1329.0
2018-07-23,1336.0,1352.0,1325.0,1331.0
2018-07-24,1355.0,1475.0,1355.0,1435.0
2018-07-25,1429.0,1475.0,1406.0,1416.0
2018-07-26,1408.0,1432.0,1371.0,1390.0
2018-07-27,1393.0,1429.0,1375.0,1422.0
2018-07-30,1422.0,1437.0,1377.0,1381.0
2018-07-31,1371.0,1399.0,1367.0,1396.0
2018-08-01,1396.0,1411.0,1376.0,1376.0
2018-08-02,1378.0,1404.0,1366.0,1374.0
2018-08-03,1374.0,1406.0,1367.0,1369.0
2018-08-06,1374.0,1397.0,1368.0,1381.0
2018-08-07,1380.0,1421.0,1371.0,1406.0
2018-08-08,1401.0,1401.0,1366.0,1371.0
2018-08-09,1366.0,1385.0,1358.0,1369.0
2018-08-10,1440.0,1474.0,1363.0,1369.0
2018-08-13,1350.0,1355.0,1250.0,1255.0
2018-08-14,1273.0,1279.0,1213.0,1237.0
2018-08-15,1246.0,1264.0,1205.0,1225.0
2018-08-16,1201.0,1233.0,1185.0,1214.0
2018-08-17,1244.0,1274.0,1236.0,1265.0
2018-08-20,1295.0,1345.0,1291.0,1310.0
2018-08-21,1300.0,1403.0,1300.0,1395.0
2018-08-22,1388.0,1422.0,1367.0,1413.0
2018-08-23,1424.0,1527.0,1421.0,1464.0
2018-08-24,1471.0,1560.0,1436.0,1539.0
2018-08-27,1543.0,1730.0,1532.0,1724.0
2018-08-28,1725.0,1820.0,1611.0,1685.0
2018-08-29,1674.0,1710.0,1633.0,1692.0
2018-08-30,1700.0,1709.0,1622.0,1659.0
2018-08-31,1633.0,1720.0,1621.0,1702.0
2018-09-03,1702.0,1730.0,1626.0,1641.0
2018-09-04,1656.0,1818.0,1653.0,1757.0
2018-09-05,1780.0,1849.0,1736.0,1738.0
2018-09-06,1715.0,1725.0,1640.0,1693.0
2018-09-07,1663.0,1710.0,1627.0,1700.0
2018-09-10,1682.0,1734.0,1675.0,1681.0
2018-09-11,1688.0,1722.0,1657.0,1714.0
2018-09-12,1704.0,1740.0,1650.0,1657.0
2018-09-13,1673.0,1774.0,1672.0,1764.0
2018-09-14,1779.0,1810.0,1748.0,1802.0
2018-09-17,1802.0,1802.0,1802.0,1802.0
2018-09-18,1802.0,1855.0,1775.0,1824.0
2018-09-19,1424.0,1424.0,1424.0,1424.0
2018-09-20,1124.0,1124.0,1124.0,1124.0
2018-09-21,1034.0,1234.0,1030.0,1216.0
2018-09-24,1216.0,1216.0,1216.0,1216.0
2018-09-25,1217.0,1252.0,1161.0,1189.0
2018-09-26,1225.0,1430.0,1210.0,1346.0
2018-09-27,1420.0,1488.0,1383.0,1403.0
2018-09-28,1415.0,1440.0,1345.0,1371.0
2018-10-01,1360.0,1368.0,1284.0,1302.0
2018-10-02,1325.0,1332.0,1286.0,1312.0
2018-10-03,1309.0,1320.0,1278.0,1280.0
2018-10-04,1253.0,1268.0,1210.0,1218.0
2018-10-05,1212.0,1237.0,1184.0,1196.0
2018-10-08,1196.0,1196.0,1196.0,1196.0
2018-10-09,1169.0,1173.0,1092.0,1101.0
2018-10-10,1123.0,1136.0,1092.0,1122.0
2018-10-11,1032.0,1108.0,1030.0,1086.0
2018-10-12,1099.0,1145.0,1090.0,1137.0
2018-10-15,1125.0,1132.0,1085.0,1087.0
2018-10-16,1115.0,1136.0,1096.0,1122.0
2018-10-17,1142.0,1159.0,1112.0,1121.0
2018-10-18,1110.0,1120.0,1071.0,1075.0
2018-10-19,1054.0,1062.0,1021.0,1022.0
2018-10-22,1010.0,1044.0,1005.0,1039.0
2018-10-23,1035.0,1035.0,998.0,1007.0
2018-10-24,1021.0,1027.0,978.0,987.0
2018-10-25,946.0,949.0,905.0,910.0
2018-10-26,924.0,936.0,844.0,878.0
2018-10-29,873.0,901.0,841.0,842.0
2018-10-30,841.0,878.0,835.0,865.0
2018-10-31,880.0,895.0,857.0,877.0
2018-11-01,862.0,883.0,844.0,877.0
2018-11-02,911.0,954.0,911.0,935.0
2018-11-05,920.0,983.0,918.0,956.0
2018-11-06,958.0,983.0,942.0,979.0
2018-11-07,965.0,997.0,953.0,972.0
2018-11-08,1010.0,1018.0,978.0,985.0
2018-11-09,1023.0,1135.0,1023.0,1135.0
2018-11-12,1165.0,1185.0,1026.0,1033.0
2018-11-13,1003.0,1058.0,987.0,1049.0
2018-11-14,1047.0,1073.0,1019.0,1037.0
2018-11-15,1026.0,1077.0,1023.0,1054.0
2018-11-16,1081.0,1091.0,1036.0,1039.0
2018-11-19,1028.0,1123.0,1028.0,1098.0
2018-11-20,1080.0,1083.0,1036.0,1042.0
2018-11-21,1032.0,1083.0,1027.0,1047.0
2018-11-22,1050.0,1077.0,1041.0,1060.0
2018-11-23,1060.0,1060.0,1060.0,1060.0
2018-11-26,1060.0,1074.0,1046.0,1052.0
2018-11-27,1062.0,1103.0,1055.0,1065.0
2018-11-28,1070.0,1129.0,1066.0,1108.0
2018-11-29,1129.0,1137.0,1085.0,1090.0
2018-11-30,1101.0,1132.0,1089.0,1105.0
2018-12-03,1130.0,1163.0,1097.0,1100.0
2018-12-04,1088.0,1123.0,1048.0,1060.0
2018-12-05,1030.0,1044.0,1004.0,1009.0
2018-12-06,1000.0,1005.0,968.0,977.0
2018-12-07,987.0,1003.0,960.0,966.0
2018-12-10,951.0,953.0,915.0,928.0
2018-12-11,940.0,958.0,903.0,912.0
2018-12-12,923.0,968.0,910.0,948.0
2018-12-13,970.0,974.0,890.0,929.0
2018-12-14,965.0,1015.0,941.0,976.0
2018-12-17,970.0,972.0,905.0,911.0
2018-12-18,891.0,900.0,866.0,866.0
2018-12-19,877.0,897.0,851.0,866.0
2018-12-20,871.0,902.0,818.0,832.0
2018-12-21,818.0,847.0,798.0,810.0
2018-12-24,810.0,810.0,810.0,810.0
2018-12-25,763.0,798.0,748.0,752.0
2018-12-26,778.0,808.0,761.0,780.0
2018-12-27,811.0,833.0,790.0,815.0
2018-12-28,803.0,837.0,794.0,799.0
2018-12-31,799.0,799.0,799.0,799.0
2019-01-04,784.0,877.0,780.0,864.0
2019-01-07,907.0,935.0,898.0,928.0
2019-01-08,1078.0,1078.0,1063.0,1078.0
2019-01-09,1135.0,1216.0,1123.0,1172.0
2019-01-10,1157.0,1268.0,1127.0,1157.0
2019-01-11,1157.0,1187.0,1092.0,1110.0
2019-01-15,1102.0,1181.0,1093.0,1167.0
2019-01-16,1190.0,1227.0,1161.0,1174.0
2019-01-17,1171.0,1234.0,1163.0,1194.0
2019-01-18,1196.0,1310.0,1196.0,1310.0
2019-01-21,1340.0,1360.0,1164.0,1166.0
2019-01-22,1163.0,1192.0,1117.0,1136.0
2019-01-23,1124.0,1228.0,1113.0,1223.0
2019-01-24,1209.0,1222.0,1175.0,1179.0
2019-01-25,1180.0,1204.0,1140.0,1187.0
2019-01-28,1195.0,1202.0,1115.0,1127.0
2019-01-29,1121.0,1145.0,1099.0,1122.0
2019-01-30,1040.0,1052.0,985.0,998.0
2019-01-31,1034.0,1058.0,1005.0,1013.0
2019-02-01,1026.0,1047.0,1008.0,1021.0
2019-02-04,1021.0,1080.0,1021.0,1067.0
2019-02-05,1150.0,1155.0,1068.0,1078.0
2019-02-06,1086.0,1121.0,1072.0,1081.0
2019-02-07,1100.0,1124.0,1058.0,1074.0
2019-02-08,1050.0,1066.0,1034.0,1037.0
2019-02-12,1061.0,1140.0,1061.0,1082.0
2019-02-13,1140.0,1168.0,1077.0,1098.0
2019-02-14,1091.0,1149.0,1083.0,1142.0
2019-02-15,1126.0,1165.0,1110.0,1130.0
2019-02-18,1150.0,1177.0,1138.0,1163.0
2019-02-19,1161.0,1190.0,1126.0,1133.0
2019-02-20,1150.0,1174.0,1135.0,1154.0
2019-02-21,1200.0,1236.0,1186.0,1193.0
2019-02-22,1181.0,1215.0,1171.0,1188.0
2019-02-25,1195.0,1229.0,1175.0,1195.0
2019-02-26,1199.0,1288.0,1195.0,1225.0
2019-02-27,1215.0,1345.0,1212.0,1331.0
2019-02-28,1307.0,1313.0,1242.0,1243.0
2019-03-01,1270.0,1278.0,1247.0,1250.0
2019-03-04,1280.0,1286.0,1246.0,1254.0
2019-03-05,1234.0,1269.0,1220.0,1255.0
2019-03-06,1265.0,1267.0,1221.0,1251.0
2019-03-07,1231.0,1245.0,1136.0,1144.0
2019-03-08,1136.0,1165.0,1116.0,1135.0
2019-03-11,1140.0,1161.0,1105.0,1149.0
2019-03-12,1170.0,1206.0,1168.0,1193.0
2019-03-13,1207.0,1240.0,1168.0,1215.0
2019-03-14,1216.0,1229.0,1186.0,1191.0
2019-03-15,1181.0,1202.0,1163.0,1186.0
2019-03-18,1176.0,1214.0,1174.0,1210.0
2019-03-19,1211.0,1227.0,1199.0,1215.0
2019-03-20,1250.0,1526.0,1249.0,1421.0
2019-03-22,1407.0,1440.0,1325.0,1356.0
2019-03-25,1313.0,1425.0,1304.0,1403.0
2019-03-26,1412.0,1432.0,1374.0,1380.0
2019-03-27,1399.0,1536.0,1375.0,1442.0
2019-03-28,1436.0,1557.0,1420.0,1504.0
2019-03-29,1510.0,1520.0,1462.0,1505.0
2019-04-01,1538.0,1683.0,1518.0,1533.0
2019-04-02,1591.0,1635.0,1426.0,1480.0
2019-04-03,1490.0,1542.0,1445.0,1472.0
2019-04-04,1502.0,1590.0,1491.0,1526.0
2019-04-05,1501.0,1608.0,1501.0,1593.0
2019-04-08,1615.0,1654.0,1597.0,1636.0
2019-04-09,1670.0,1717.0,1604.0,1644.0
2019-04-10,1620.0,1654.0,1612.0,1625.0
2019-04-11,1631.0,1634.0,1400.0,1532.0
2019-04-12,1528.0,1537.0,1422.0,1429.0
2019-04-15,1429.0,1485.0,1415.0,1459.0
2019-04-16,1446.0,1500.0,1435.0,1440.0
2019-04-17,1424.0,1456.0,1395.0,1444.0
2019-04-18,1459.0,1469.0,1383.0,1385.0
2019-04-19,1389.0,1429.0,1383.0,1425.0
2019-04-22,1410.0,1420.0,1372.0,1389.0
2019-04-23,1380.0,1427.0,1373.0,1417.0
2019-04-24,1417.0,1455.0,1412.0,1437.0
2019-04-25,1422.0,1476.0,1421.0,1468.0
2019-04-26,1457.0,1489.0,1427.0,1458.0
2019-05-07,1456.0,1567.0,1445.0,1557.0
2019-05-08,1530.0,1560.0,1502.0,1531.0
2019-05-09,1558.0,1561.0,1447.0,1465.0
2019-05-10,1465.0,1513.0,1463.0,1486.0
2019-05-13,1486.0,1511.0,1429.0,1465.0
2019-05-14,1403.0,1497.0,1401.0,1494.0
2019-05-15,1643.0,1743.0,1491.0,1502.0
2019-05-16,1505.0,1624.0,1488.0,1560.0
2019-05-17,1594.0,1680.0,1587.0,1660.0
2019-05-20,1675.0,1724.0,1632.0,1662.0
2019-05-21,1661.0,1687.0,1591.0,1657.0
2019-05-22,1700.0,1834.0,1668.0,1787.0
2019-05-23,1850.0,2149.0,1845.0,2005.0
2019-05-24,2055.0,2070.0,1920.0,2017.0
2019-05-27,2030.0,2058.0,1977.0,2017.0
2019-05-28,2047.0,2296.0,2035.0,2295.0
2019-05-29,2245.0,2264.0,2165.0,2234.0
2019-05-30,2210.0,2238.0,2041.0,2083.0
2019-05-31,2015.0,2114.0,1984.0,2012.0
2019-06-03,1962.0,2054.0,1960.0,2008.0
2019-06-04,2028.0,2083.0,2009.0,2021.0
2019-06-05,2095.0,2134.0,2015.0,2043.0
2019-06-06,2054.0,2070.0,1909.0,1974.0
2019-06-07,1979.0,2015.0,1936.0,2014.0
2019-06-10,2047.0,2239.0,2024.0,2086.0
2019-06-11,2063.0,2078.0,1975.0,1978.0
2019-06-12,1988.0,2043.0,1969.0,1996.0
2019-06-13,2000.0,2034.0,1992.0,2020.0
2019-06-14,2030.0,2123.0,2023.0,2102.0
2019-06-17,2139.0,2148.0,2058.0,2079.0
2019-06-18,2086.0,2133.0,2063.0,2128.0
2019-06-19,2145.0,2147.0,2051.0,2070.0
2019-06-20,2079.0,2184.0,2030.0,2176.0
2019-06-21,2139.0,2238.0,2121.0,2175.0
2019-06-24,2185.0,2377.0,2184.0,2315.0
2019-06-25,2300.0,2360.0,2258.0,2321.0
2019-06-26,2389.0,2420.0,2304.0,2337.0
2019-06-27,2339.0,2364.0,2217.0,2285.0
2019-06-28,2270.0,2394.0,2253.0,2369.0
2019-07-01,2399.0,2429.0,2340.0,2365.0
2019-07-02,2380.0,2482.0,2377.0,2440.0
2019-07-03,2470.0,2475.0,2355.0,2375.0
2019-07-04,2397.0,2407.0,2286.0,2298.0
2019-07-05,2304.0,2344.0,2237.0,2338.0
2019-07-08,2313.0,2327.0,2237.0,2256.0
2019-07-09,2271.0,2323.0,2216.0,2242.0
2019-07-10,2253.0,2405.0,2251.0,2381.0
2019-07-11,2358.0,2430.0,2320.0,2388.0
2019-07-12,2352.0,2377.0,2251.0,2273.0
2019-07-16,2223.0,2773.0,2150.0,2613.0
2019-07-17,2650.0,2710.0,2557.0,2650.0
2019-07-18,2638.0,2675.0,2550.0,2580.0
2019-07-19,2614.0,2657.0,2593.0,2609.0
2019-07-22,2580.0,2587.0,2459.0,2472.0
2019-07-23,2464.0,2534.0,2430.0,2438.0
2019-07-24,2447.0,2499.0,2410.0,2470.0
2019-07-25,2495.0,2527.0,2426.0,2441.0
2019-07-26,2487.0,2539.0,2441.0,2448.0
2019-07-29,2490.0,2550.0,2466.0,2531.0
2019-07-30,2531.0,2574.0,2518.0,2564.0
2019-07-31,2541.0,2562.0,2503.0,2548.0
2019-08-01,2520.0,2599.0,2487.0,2570.0
2019-08-02,2525.0,2575.0,2520.0,2544.0
2019-08-05,2567.0,2794.0,2501.0,2697.0
2019-08-06,2597.0,2715.0,2560.0,2695.0
2019-08-07,2712.0,2731.0,2621.0,2631.0
2019-08-08,2645.0,2667.0,2521.0,2548.0
2019-08-09,2568.0,2690.0,2550.0,2653.0
2019-08-13,2647.0,2750.0,2640.0,2717.0
2019-08-14,2698.0,2777.0,2660.0,2688.0
2019-08-15,2633.0,2659.0,2539.0,2542.0
2019-08-16,2569.0,2628.0,2375.0,2413.0
2019-08-19,2450.0,2460.0,2326.0,2425.0
2019-08-20,2419.0,2519.0,2394.0,2511.0
2019-08-21,2510.0,2547.0,2471.0,2476.0
2019-08-22,2500.0,2547.0,2458.0,2475.0
2019-08-23,2475.0,2538.0,2448.0,2512.0
2019-08-26,2465.0,2488.0,2409.0,2414.0
2019-08-27,2450.0,2452.0,2333.0,2338.0
2019-08-28,2303.0,2345.0,2265.0,2274.0
2019-08-29,2282.0,2330.0,2192.0,2226.0
2019-08-30,2247.0,2308.0,2179.0,2282.0
2019-09-02,2270.0,2335.0,2242.0,2317.0
2019-09-03,2317.0,2349.0,2288.0,2305.0
2019-09-04,2307.0,2329.0,2263.0,2267.0
2019-09-05,2288.0,2315.0,2255.0,2307.0
2019-09-06,2326.0,2368.0,2307.0,2335.0
2019-09-09,2312.0,2328.0,2280.0,2286.0
2019-09-10,2286.0,2337.0,2281.0,2302.0
2019-09-11,2300.0,2359.0,2270.0,2341.0
2019-09-12,2363.0,2386.0,2252.0,2254.0
2019-09-13,2268.0,2282.0,2207.0,2226.0
2019-09-17,2219.0,2240.0,2088.0,2213.0
2019-09-18,2210.0,2253.0,2181.0,2220.0
2019-09-19,2233.0,2312.0,2220.0,2250.0
2019-09-20,2260.0,2390.0,2260.0,2335.0
2019-09-24,2341.0,2529.0,2341.0,2489.0
2019-09-25,2489.0,2523.0,2410.0,2474.0
2019-09-26,2499.0,2525.0,2451.0,2495.0
2019-09-27,2494.0,2535.0,2432.0,2459.0
2019-09-30,2484.0,2506.0,2347.0,2423.0
2019-10-01,2451.0,2591.0,2389.0,2431.0
2019-10-02,2427.0,2482.0,2408.0,2470.0
2019-10-03,2435.0,2455.0,2408.0,2416.0
2019-10-04,2440.0,2454.0,2390.0,2438.0
2019-10-07,2459.0,2461.0,2382.0,2383.0
2019-10-08,2375.0,2431.0,2332.0,2417.0
2019-10-09,2382.0,2424.0,2335.0,2353.0
2019-10-10,2343.0,2353.0,2223.0,2228.0
2019-10-11,2235.0,2249.0,2138.0,2150.0
2019-10-15,2165.0,2226.0,2139.0,2191.0
2019-10-16,2213.0,2222.0,2167.0,2196.0
2019-10-17,2195.0,2260.0,2191.0,2235.0
2019-10-18,2245.0,2322.0,2245.0,2307.0
2019-10-21,2301.0,2365.0,2276.0,2350.0
2019-10-23,2370.0,2431.0,2365.0,2400.0
2019-10-24,2409.0,2427.0,2361.0,2363.0
2019-10-25,2350.0,2403.0,2331.0,2403.0
2019-10-28,2427.0,2493.0,2415.0,2454.0
2019-10-29,2448.0,2481.0,2422.0,2472.0
2019-10-30,2489.0,2568.0,2469.0,2500.0
2019-10-31,2520.0,2556.0,2500.0,2545.0
2019-11-01,2545.0,2577.0,2527.0,2570.0
2019-11-05,2596.0,2600.0,2528.0,2531.0
2019-11-06,2530.0,2538.0,2480.0,2519.0
2019-11-07,2535.0,2578.0,2511.0,2513.0
2019-11-08,2538.0,2539.0,2468.0,2477.0
2019-11-11,2484.0,2544.0,2484.0,2513.0
2019-11-12,2520.0,2529.0,2472.0,2502.0
2019-11-13,2530.0,2535.0,2250.0,2267.0
2019-11-14,2282.0,2308.0,2201.0,2209.0
2019-11-15,2216.0,2253.0,2185.0,2240.0
2019-11-18,2250.0,2272.0,2224.0,2268.0
2019-11-19,2258.0,2283.0,2243.0,2283.0
2019-11-20,2314.0,2347.0,2295.0,2332.0
2019-11-21,2330.0,2345.0,2269.0,2345.0
2019-11-22,2343.0,2349.0,2312.0,2337.0
2019-11-25,2315.0,2321.0,2241.0,2244.0
2019-11-26,2248.0,2281.0,2242.0,2264.0
2019-11-27,2273.0,2273.0,2230.0,2248.0
2019-11-28,2253.0,2314.0,2247.0,2272.0
2019-11-29,2347.0,2399.0,2280.0,2289.0
2019-12-02,2313.0,2340.0,2263.0,2269.0
2019-12-03,2248.0,2308.0,2236.0,2308.0
2019-12-04,2283.0,2327.0,2278.0,2317.0
2019-12-05,2321.0,2334.0,2230.0,2234.0
2019-12-06,2230.0,2320.0,2218.0,2317.0
2019-12-09,2315.0,2342.0,2260.0,2273.0
2019-12-10,2284.0,2296.0,2248.0,2249.0
2019-12-11,2261.0,2295.0,2247.0,2267.0
2019-12-12,2260.0,2267.0,2228.0,2254.0
2019-12-13,2268.0,2268.0,2204.0,2205.0
2019-12-16,2168.0,2197.0,2137.0,2150.0
2019-12-17,2150.0,2209.0,2144.0,2209.0
2019-12-18,2210.0,2226.0,2173.0,2190.0
2019-12-19,2190.0,2214.0,2177.0,2202.0
2019-12-20,2212.0,2215.0,2158.0,2165.0
2019-12-23,2200.0,2206.0,2147.0,2181.0
2019-12-24,2193.0,2225.0,2146.0,2222.0
2019-12-25,2227.0,2248.0,2196.0,2228.0
2019-12-26,2206.0,2299.0,2206.0,2272.0
2019-12-27,2272.0,2295.0,2242.0,2269.0
2019-12-30,2260.0,2261.0,2162.0,2171.0
2020-01-06,2150.0,2176.0,2110.0,2117.0
2020-01-07,2127.0,2156.0,2115.0,2117.0
2020-01-08,2101.0,2110.0,1977.0,2012.0
2020-01-09,2052.0,2079.0,2030.0,2047.0
2020-01-10,2038.0,2116.0,2038.0,2115.0
2020-01-14,2129.0,2129.0,2092.0,2104.0
2020-01-15,2110.0,2152.0,2108.0,2139.0
2020-01-16,2118.0,2167.0,2115.0,2150.0
2020-01-17,2142.0,2159.0,2135.0,2148.0
2020-01-20,2142.0,2152.0,2123.0,2139.0
2020-01-21,2133.0,2153.0,2121.0,2134.0
2020-01-22,2135.0,2193.0,2131.0,2140.0
2020-01-23,2134.0,2167.0,2125.0,2129.0
2020-01-24,2125.0,2135.0,2061.0,2106.0
2020-01-27,2041.0,2109.0,2035.0,2096.0
2020-01-28,2087.0,2104.0,2059.0,2068.0
2020-01-29,2060.0,2069.0,1998.0,2013.0
2020-01-30,2004.0,2011.0,1825.0,1877.0
2020-01-31,1880.0,1965.0,1867.0,1932.0
2020-02-03,1857.0,1970.0,1853.0,1937.0
2020-02-04,1950.0,2014.0,1942.0,2008.0
2020-02-05,2022.0,2056.0,2015.0,2049.0
2020-02-06,2080.0,2090.0,2049.0,2065.0
2020-02-07,2066.0,2090.0,2040.0,2046.0
2020-02-10,2050.0,2059.0,2022.0,2055.0
2020-02-12,2070.0,2077.0,2039.0,2055.0
2020-02-13,2053.0,2065.0,2020.0,2023.0
2020-02-14,1983.0,2085.0,1972.0,2012.0
2020-02-17,2012.0,2217.0,2010.0,2159.0
2020-02-18,2165.0,2179.0,2088.0,2112.0
2020-02-19,2138.0,2167.0,2100.0,2121.0
2020-02-20,2132.0,2147.0,2044.0,2058.0
2020-02-21,2056.0,2069.0,2004.0,2030.0
2020-02-25,1900.0,1969.0,1888.0,1921.0
2020-02-26,1896.0,1915.0,1794.0,1804.0
2020-02-27,1792.0,1797.0,1615.0,1675.0
2020-02-28,1595.0,1800.0,1590.0,1645.0
2020-03-02,1660.0,1744.0,1645.0,1694.0
2020-03-03,1774.0,1774.0,1666.0,1681.0
2020-03-04,1648.0,1702.0,1636.0,1686.0
2020-03-05,1717.0,1724.0,1655.0,1693.0
2020-03-06,1653.0,1664.0,1526.0,1538.0
2020-03-09,1434.0,1453.0,1333.0,1363.0
2020-03-10,1349.0,1425.0,1265.0,1411.0
2020-03-11,1400.0,1423.0,1328.0,1334.0
2020-03-12,1281.0,1346.0,1232.0,1254.0
2020-03-13,1104.0,1214.0,1051.0,1165.0
2020-03-16,1196.0,1240.0,1118.0,1123.0
2020-03-17,1111.0,1291.0,1084.0,1275.0
2020-03-18,1281.0,1319.0,1215.0,1227.0
2020-03-19,1254.0,1257.0,1058.0,1062.0
2020-03-23,1064.0,1164.0,1063.0,1155.0
2020-03-24,1207.0,1275.0,1181.0,1226.0
2020-03-25,1300.0,1369.0,1271.0,1358.0
2020-03-26,1283.0,1319.0,1257.0,1258.0
2020-03-27,1301.0,1322.0,1266.0,1288.0
2020-03-30,1218.0,1316.0,1216.0,1261.0
2020-03-31,1298.0,1334.0,1283.0,1292.0
2020-04-01,1280.0,1318.0,1250.0,1266.0
2020-04-02,1258.0,1290.0,1241.0,1274.0
2020-04-03,1280.0,1283.0,1211.0,1225.0
2020-04-06,1220.0,1274.0,1212.0,1273.0
2020-04-07,1303.0,1359.0,1299.0,1332.0
2020-04-08,1331.0,1366.0,1308.0,1351.0
2020-04-09,1367.0,1380.0,1313.0,1337.0
2020-04-10,1349.0,1356.0,1294.0,1327.0
2020-04-13,1333.0,1359.0,1325.0,1344.0
2020-04-14,1370.0,1496.0,1353.0,1459.0
2020-04-15,1429.0,1457.0,1396.0,1426.0
2020-04-16,1418.0,1477.0,1417.0,1435.0
2020-04-17,1465.0,1469.0,1407.0,1419.0
2020-04-20,1417.0,1469.0,1417.0,1468.0
2020-04-21,1460.0,1491.0,1390.0,1390.0
2020-04-22,1380.0,1411.0,1345.0,1374.0
2020-04-23,1401.0,1452.0,1400.0,1421.0
2020-04-24,1424.0,1435.0,1388.0,1417.0
2020-04-27,1442.0,1509.0,1437.0,1486.0
2020-04-28,1525.0,1545.0,1496.0,1537.0
2020-04-30,1565.0,1573.0,1505.0,1510.0
2020-05-01,1529.0,1586.0,1473.0,1577.0
2020-05-07,1541.0,1554.0,1501.0,1540.0
2020-05-08,1568.0,1570.0,1500.0,1518.0
2020-05-11,1518.0,1549.0,1500.0,1530.0
2020-05-12,1540.0,1572.0,1530.0,1562.0
2020-05-13,1550.0,1586.0,1544.0,1569.0
2020-05-14,1550.0,1663.0,1521.0,1593.0
2020-05-15,1630.0,1714.0,1611.0,1687.0
2020-05-18,1732.0,1832.0,1722.0,1789.0
2020-05-19,1820.0,1828.0,1756.0,1800.0
2020-05-20,1800.0,1866.0,1788.0,1856.0
2020-05-21,1830.0,1857.0,1809.0,1825.0
2020-05-22,1814.0,1829.0,1781.0,1794.0
2020-05-25,1791.0,1841.0,1791.0,1802.0
2020-05-26,1812.0,1826.0,1782.0,1795.0
2020-05-27,1777.0,1804.0,1750.0,1792.0
2020-05-28,1795.0,1811.0,1726.0,1764.0
2020-05-29,1803.0,1860.0,1797.0,1818.0
2020-06-01,1793.0,1794.0,1761.0,1785.0
2020-06-02,1800.0,1810.0,1771.0,1791.0
2020-06-03,1798.0,1798.0,1764.0,1783.0
2020-06-04,1790.0,1804.0,1716.0,1737.0
2020-06-05,1732.0,1971.0,1719.0,1853.0
2020-06-08,1837.0,1860.0,1734.0,1800.0
2020-06-09,1790.0,1808.0,1756.0,1791.0
2020-06-10,1774.0,1810.0,1766.0,1808.0
2020-06-11,1801.0,1814.0,1718.0,1720.0
2020-06-12,1611.0,1672.0,1589.0,1633.0
2020-06-15,1650.0,1693.0,1575.0,1584.0
2020-06-16,1640.0,1695.0,1633.0,1689.0
2020-06-17,1700.0,1723.0,1675.0,1698.0
2020-06-18,1708.0,1733.0,1689.0,1712.0
2020-06-19,1727.0,1727.0,1683.0,1717.0
2020-06-22,1728.0,1745.0,1702.0,1726.0
2020-06-23,1730.0,1733.0,1671.0,1693.0
2020-06-24,1697.0,1700.0,1657.0,1670.0
2020-06-25,1665.0,1937.0,1653.0,1877.0
2020-06-26,1890.0,1956.0,1822.0,1849.0
2020-06-29,1825.0,1830.0,1700.0,1709.0
2020-06-30,1755.0,1762.0,1660.0,1734.0
2020-07-01,1597.0,1620.0,1556.0,1560.0
2020-07-02,1580.0,1601.0,1500.0,1527.0
2020-07-03,1527.0,1543.0,1493.0,1511.0
2020-07-06,1517.0,1571.0,1517.0,1537.0
2020-07-07,1531.0,1600.0,1506.0,1550.0
2020-07-08,1553.0,1588.0,1544.0,1562.0
2020-07-09,1579.0,1580.0,1544.0,1544.0
2020-07-10,1545.0,1585.0,1503.0,1522.0
2020-07-13,1544.0,1570.0,1514.0,1559.0
2020-07-14,1556.0,1575.0,1539.0,1539.0
2020-07-15,1553.0,1572.0,1552.0,1562.0
2020-07-16,1565.0,1600.0,1557.0,1557.0
2020-07-17,1561.0,1580.0,1515.0,1524.0
2020-07-20,1520.0,1543.0,1498.0,1529.0
2020-07-21,1550.0,1587.0,1541.0,1555.0
2020-07-22,1548.0,1553.0,1520.0,1525.0
2020-07-27,1506.0,1521.0,1476.0,1478.0
2020-07-28,1475.0,1478.0,1391.0,1396.0
2020-07-29,1404.0,1420.0,1345.0,1350.0
2020-07-30,1352.0,1390.0,1343.0,1376.0
2020-07-31,1371.0,1422.0,1361.0,1371.0
2020-08-03,1380.0,1406.0,1368.0,1391.0
2020-08-04,1400.0,1436.0,1400.0,1436.0
2020-08-05,1436.0,1440.0,1395.0,1407.0
2020-08-06,1402.0,1404.0,1376.0,1386.0
2020-08-07,1387.0,1392.0,1359.0,1377.0
2020-08-11,1396.0,1412.0,1380.0,1400.0
2020-08-12,1400.0,1423.0,1399.0,1414.0
2020-08-13,1425.0,1446.0,1419.0,1425.0
2020-08-14,1400.0,1417.0,1371.0,1383.0
2020-08-17,1379.0,1382.0,1352.0,1375.0
2020-08-18,1395.0,1434.0,1393.0,1425.0
2020-08-19,1429.0,1442.0,1419.0,1429.0
2020-08-20,1421.0,1421.0,1385.0,1394.0
2020-08-21,1408.0,1431.0,1382.0,1404.0
2020-08-24,1407.0,1407.0,1333.0,1365.0
2020-08-25,1370.0,1392.0,1360.0,1380.0
2020-08-26,1375.0,1404.0,1358.0,1379.0
2020-08-27,1380.0,1389.0,1323.0,1323.0
2020-08-28,1320.0,1331.0,1249.0,1264.0
2020-08-31,1275.0,1298.0,1268.0,1286.0
2020-09-01,1295.0,1302.0,1253.0,1302.0
2020-09-02,1315.0,1317.0,1281.0,1294.0
2020-09-03,1305.0,1373.0,1285.0,1367.0
2020-09-04,1341.0,1366.0,1308.0,1336.0
2020-09-07,1343.0,1363.0,1325.0,1341.0
2020-09-08,1347.0,1394.0,1335.0,1394.0
2020-09-09,1366.0,1411.0,1362.0,1394.0
2020-09-10,1412.0,1416.0,1367.0,1379.0
2020-09-11,1394.0,1394.0,1350.0,1389.0
2020-09-14,1388.0,1421.0,1382.0,1394.0
2020-09-15,1405.0,1408.0,1383.0,1402.0
2020-09-16,1399.0,1423.0,1393.0,1422.0
2020-09-17,1410.0,1410.0,1359.0,1364.0
2020-09-18,1370.0,1385.0,1365.0,1379.0
2020-09-23,1370.0,1380.0,1341.0,1376.0
2020-09-24,1366.0,1366.0,1337.0,1346.0
2020-09-25,1354.0,1367.0,1339.0,1366.0
2020-09-28,1376.0,1439.0,1352.0,1373.0
2020-09-29,1377.0,1407.0,1374.0,1381.0
2020-09-30,1386.0,1423.0,1373.0,1373.0
2020-10-02,1375.0,1385.0,1349.0,1352.0
2020-10-05,1364.0,1430.0,1364.0,1419.0
2020-10-06,1419.0,1428.0,1389.0,1418.0
2020-10-07,1394.0,1414.0,1390.0,1397.0
2020-10-08,1405.0,1405.0,1377.0,1382.0
2020-10-09,1387.0,1391.0,1368.0,1390.0
2020-10-12,1392.0,1422.0,1379.0,1402.0
2020-10-13,1408.0,1417.0,1375.0,1381.0
2020-10-14,1381.0,1388.0,1365.0,1366.0
2020-10-15,1365.0,1383.0,1350.0,1350.0
2020-10-16,1351.0,1358.0,1313.0,1325.0
2020-10-19,1313.0,1344.0,1304.0,1326.0
2020-10-20,1327.0,1328.0,1293.0,1301.0
2020-10-21,1302.0,1332.0,1287.0,1320.0
2020-10-22,1316.0,1317.0,1262.0,1263.0
2020-10-23,1271.0,1294.0,1253.0,1285.0
2020-10-26,1286.0,1303.0,1273.0,1279.0
2020-10-27,1253.0,1306.0,1250.0,1303.0
2020-10-28,1298.0,1300.0,1279.0,1286.0
2020-10-29,1276.0,1317.0,1270.0,1316.0
2020-10-30,1300.0,1308.0,1238.0,1247.0
2020-11-02,1260.0,1266.0,1238.0,1257.0
2020-11-04,1302.0,1352.0,1293.0,1347.0
2020-11-05,1348.0,1401.0,1341.0,1400.0
2020-11-06,1389.0,1433.0,1380.0,1407.0
2020-11-09,1424.0,1424.0,1380.0,1400.0
2020-11-10,1430.0,1470.0,1412.0,1428.0
2020-11-11,1439.0,1488.0,1437.0,1473.0
2020-11-12,1423.0,1436.0,1404.0,1425.0
2020-11-13,1411.0,1466.0,1409.0,1439.0
2020-11-16,1453.0,1496.0,1443.0,1480.0
2020-11-17,1470.0,1481.0,1423.0,1438.0
2020-11-18,1428.0,1447.0,1410.0,1440.0
2020-11-19,1440.0,1440.0,1389.0,1394.0
2020-11-20,1382.0,1636.0,1382.0,1513.0
2020-11-24,1525.0,1534.0,1446.0,1476.0
2020-11-25,1482.0,1527.0,1460.0,1523.0
2020-11-26,1519.0,1585.0,1506.0,1575.0
2020-11-27,1556.0,1595.0,1555.0,1567.0
2020-11-30,1589.0,1602.0,1544.0,1582.0
2020-12-01,1592.0,1656.0,1592.0,1645.0
2020-12-02,1712.0,1782.0,1670.0,1700.0
2020-12-03,1704.0,1710.0,1670.0,1677.0
2020-12-04,1669.0,1675.0,1636.0,1672.0
2020-12-07,1680.0,1680.0,1598.0,1625.0
2020-12-08,1615.0,1654.0,1610.0,1635.0
2020-12-09,1641.0,1690.0,1616.0,1680.0
2020-12-10,1671.0,1674.0,1613.0,1621.0
2020-12-11,1656.0,1656.0,1616.0,1630.0
2020-12-14,1617.0,1640.0,1609.0,1620.0
2020-12-15,1610.0,1617.0,1546.0,1593.0
2020-12-16,1589.0,1603.0,1544.0,1552.0
2020-12-17,1552.0,1566.0,1540.0,1544.0
2020-12-18,1538.0,1558.0,1528.0,1548.0
2020-12-21,1699.0,1699.0,1612.0,1645.0
2020-12-22,1645.0,1765.0,1644.0,1745.0
2020-12-23,1736.0,1793.0,1700.0,1725.0
2020-12-24,1765.0,1863.0,1764.0,1850.0
2020-12-25,1830.0,1900.0,1830.0,1849.0
2020-12-28,1809.0,1840.0,1754.0,1801.0
2020-12-29,1822.0,1852.0,1816.0,1820.0
2020-12-30,1807.0,1831.0,1791.0,1800.0
2021-01-04,1808.0,1821.0,1757.0,1770.0
2021-01-05,1768.0,1768.0,1697.0,1711.0
2021-01-06,1688.0,1777.0,1655.0,1764.0
2021-01-07,1830.0,1910.0,1828.0,1869.0
2021-01-08,1897.0,1986.0,1885.0,1960.0
2021-01-12,1936.0,2059.0,1921.0,1999.0
2021-01-13,1998.0,2040.0,1936.0,1945.0
2021-01-14,1929.0,1978.0,1920.0,1945.0
2021-01-15,1948.0,1976.0,1931.0,1948.0
2021-01-18,1930.0,2022.0,1929.0,1971.0
2021-01-19,1979.0,1987.0,1927.0,1931.0
2021-01-20,1960.0,1999.0,1946.0,1981.0
2021-01-21,1982.0,2086.0,1981.0,2069.0
2021-01-22,2047.0,2104.0,2045.0,2068.0
2021-01-25,2089.0,2098.0,2033.0,2077.0
2021-01-26,2075.0,2078.0,1991.0,2000.0
2021-01-27,2000.0,2047.0,1974.0,2020.0
2021-01-28,1970.0,2004.0,1966.0,1991.0
2021-01-29,1970.0,2048.0,1958.0,1970.0
2021-02-01,1961.0,2048.0,1960.0,2041.0
2021-02-02,2048.0,2059.0,1993.0,1994.0
2021-02-03,2004.0,2050.0,1995.0,2025.0
2021-02-04,2025.0,2032.0,1972.0,1993.0
2021-02-05,1990.0,2000.0,1966.0,1988.0
2021-02-08,1988.0,1994.0,1963.0,1966.0
2021-02-09,1955.0,1957.0,1888.0,1921.0
2021-02-10,1904.0,1933.0,1894.0,1906.0
2021-02-12,1894.0,1894.0,1845.0,1858.0
2021-02-15,1970.0,2040.0,1942.0,2000.0
2021-02-16,2025.0,2029.0,1936.0,1945.0
2021-02-17,1937.0,1945.0,1883.0,1895.0
2021-02-18,1890.0,1937.0,1869.0,1872.0
2021-02-19,1848.0,1871.0,1760.0,1812.0
2021-02-22,1828.0,1829.0,1789.0,1823.0
2021-02-24,1804.0,1845.0,1787.0,1819.0
2021-02-25,1870.0,1880.0,1823.0,1845.0
2021-02-26,1820.0,1883.0,1784.0,1843.0
2021-03-01,1850.0,1862.0,1827.0,1855.0
2021-03-02,1817.0,1878.0,1813.0,1865.0
2021-03-03,1870.0,1904.0,1832.0,1843.0
2021-03-04,1826.0,1846.0,1802.0,1820.0
2021-03-05,1813.0,1840.0,1782.0,1833.0
2021-03-08,1846.0,1850.0,1742.0,1748.0
2021-03-09,1732.0,1755.0,1685.0,1740.0
2021-03-10,1752.0,1775.0,1735.0,1749.0
2021-03-11,1749.0,1784.0,1724.0,1777.0
2021-03-12,1798.0,1832.0,1785.0,1810.0
2021-03-15,1850.0,1925.0,1820.0,1919.0
2021-03-16,1914.0,1972.0,1905.0,1967.0
2021-03-17,1947.0,2016.0,1931.0,2007.0
2021-03-18,2018.0,2050.0,2001.0,2034.0
2021-03-19,2000.0,2054.0,2000.0,2031.0
2021-03-22,2005.0,2027.0,1982.0,2007.0
2021-03-23,2012.0,2044.0,1970.0,1988.0
2021-03-24,1968.0,1973.0,1923.0,1933.0
2021-03-25,1937.0,1949.0,1887.0,1897.0
2021-03-26,1919.0,1920.0,1890.0,1903.0
2021-03-29,1932.0,1932.0,1861.0,1871.0
2021-03-30,1890.0,1934.0,1880.0,1912.0
2021-03-31,1908.0,1984.0,1905.0,1972.0
2021-04-01,1975.0,2012.0,1954.0,1992.0
2021-04-02,1996.0,2022.0,1976.0,1989.0
2021-04-05,1995.0,2006.0,1947.0,1948.0
2021-04-06,1957.0,1960.0,1917.0,1918.0
2021-04-07,1918.0,1918.0,1868.0,1877.0
2021-04-08,1865.0,1865.0,1811.0,1822.0
2021-04-09,1840.0,1865.0,1834.0,1847.0
2021-04-12,1868.0,1887.0,1851.0,1854.0
2021-04-13,1855.0,1858.0,1811.0,1815.0
2021-04-14,1817.0,1830.0,1801.0,1811.0
2021-04-15,1825.0,1880.0,1819.0,1869.0
2021-04-16,1886.0,1928.0,1882.0,1913.0
2021-04-19,1915.0,1933.0,1894.0,1896.0
2021-04-20,1892.0,1893.0,1866.0,1874.0
2021-04-21,1843.0,1858.0,1825.0,1826.0
2021-04-22,1849.0,1862.0,1832.0,1847.0
2021-04-23,1842.0,1846.0,1806.0,1806.0
2021-04-26,1810.0,1828.0,1788.0,1825.0
2021-04-27,1822.0,1825.0,1774.0,1774.0
2021-04-28,1770.0,1776.0,1733.0,1737.0
2021-04-30,1745.0,1745.0,1708.0,1714.0
2021-05-06,1730.0,1753.0,1719.0,1725.0
2021-05-07,1728.0,1743.0,1703.0,1708.0
2021-05-10,1729.0,1729.0,1700.0,1705.0
2021-05-11,1693.0,1708.0,1670.0,1679.0
2021-05-12,1680.0,1690.0,1612.0,1648.0
2021-05-13,1568.0,1589.0,1491.0,1507.0
2021-05-14,1515.0,1540.0,1496.0,1505.0
2021-05-17,1500.0,1540.0,1495.0,1499.0
2021-05-18,1516.0,1545.0,1510.0,1545.0
2021-05-19,1544.0,1606.0,1533.0,1592.0
2021-05-20,1625.0,1630.0,1570.0,1585.0
2021-05-21,1605.0,1610.0,1585.0,1599.0
2021-05-24,1559.0,1599.0,1539.0,1543.0
2021-05-25,1566.0,1575.0,1543.0,1549.0
2021-05-26,1560.0,1564.0,1549.0,1558.0
2021-05-27,1548.0,1552.0,1532.0,1537.0
2021-05-28,1554.0,1577.0,1554.0,1568.0
2021-05-31,1594.0,1595.0,1551.0,1563.0
2021-06-01,1575.0,1575.0,1550.0,1563.0
2021-06-02,1563.0,1570.0,1541.0,1548.0
2021-06-03,1549.0,1554.0,1529.0,1543.0
2021-06-04,1547.0,1569.0,1542.0,1562.0
2021-06-07,1571.0,1587.0,1554.0,1580.0
2021-06-08,1618.0,1655.0,1595.0,1602.0
2021-06-09,1607.0,1674.0,1606.0,1658.0
2021-06-10,1648.0,1654.0,1621.0,1634.0
2021-06-11,1643.0,1655.0,1628.0,1653.0
2021-06-14,1602.0,1657.0,1593.0,1633.0
2021-06-15,1648.0,1724.0,1647.0,1717.0
2021-06-16,1696.0,1720.0,1696.0,1710.0
2021-06-17,1695.0,1714.0,1677.0,1707.0
2021-06-18,1720.0,1748.0,1696.0,1704.0
2021-06-21,1670.0,1684.0,1639.0,1652.0
2021-06-22,1686.0,1739.0,1670.0,1731.0
2021-06-23,1735.0,1757.0,1731.0,1735.0
2021-06-24,1792.0,1814.0,1749.0,1753.0
2021-06-25,1750.0,1767.0,1743.0,1763.0
2021-06-28,1779.0,1780.0,1738.0,1755.0
2021-06-29,1726.0,1796.0,1726.0,1780.0
2021-06-30,1782.0,1831.0,1782.0,1829.0
2021-07-01,1820.0,1872.0,1797.0,1857.0
2021-07-02,1856.0,1863.0,1827.0,1857.0
2021-07-05,1870.0,1872.0,1818.0,1819.0
2021-07-06,1830.0,1847.0,1803.0,1818.0
2021-07-07,1810.0,1837.0,1796.0,1825.0
2021-07-08,1785.0,1785.0,1696.0,1716.0
2021-07-09,1690.0,1728.0,1671.0,1696.0
2021-07-12,1731.0,1770.0,1726.0,1751.0
2021-07-13,1736.0,1772.0,1736.0,1760.0
2021-07-14,1751.0,1790.0,1751.0,1776.0
2021-07-15,1792.0,1793.0,1729.0,1731.0
2021-07-16,1733.0,1757.0,1726.0,1737.0
2021-07-19,1738.0,1768.0,1727.0,1749.0
2021-07-20,1734.0,1744.0,1695.0,1712.0
2021-07-21,1747.0,1770.0,1732.0,1751.0
2021-07-26,1766.0,1775.0,1755.0,1757.0
2021-07-27,1770.0,1770.0,1714.0,1725.0
2021-07-28,1712.0,1729.0,1666.0,1671.0
2021-07-29,1700.0,1709.0,1674.0,1708.0
2021-07-30,1688.0,1692.0,1633.0,1650.0
2021-08-02,1653.0,1670.0,1631.0,1663.0
2021-08-03,1686.0,1686.0,1640.0,1649.0
2021-08-04,1636.0,1644.0,1587.0,1588.0
2021-08-05,1570.0,1615.0,1568.0,1593.0
2021-08-06,1590.0,1609.0,1564.0,1566.0
2021-08-10,1567.0,1599.0,1561.0,1589.0
2021-08-11,1580.0,1603.0,1572.0,1577.0
2021-08-12,1572.0,1579.0,1543.0,1549.0
2021-08-13,1610.0,1693.0,1605.0,1668.0
2021-08-16,1659.0,1722.0,1631.0,1698.0
2021-08-17,1698.0,1729.0,1673.0,1680.0
2021-08-18,1663.0,1705.0,1642.0,1697.0
2021-08-19,1685.0,1757.0,1683.0,1725.0
2021-08-20,1721.0,1745.0,1680.0,1686.0
2021-08-23,1722.0,1735.0,1704.0,1711.0
2021-08-24,1715.0,1726.0,1696.0,1725.0
2021-08-25,1720.0,1720.0,1674.0,1685.0
2021-08-26,1697.0,1753.0,1695.0,1741.0
2021-08-27,1743.0,1771.0,1734.0,1768.0
2021-08-30,1768.0,1801.0,1758.0,1780.0
2021-08-31,1773.0,1788.0,1758.0,1772.0
2021-09-01,1778.0,1796.0,1771.0,1794.0
2021-09-02,1794.0,1801.0,1773.0,1784.0
2021-09-03,1805.0,1860.0,1803.0,1859.0
2021-09-06,1870.0,1894.0,1834.0,1888.0
2021-09-07,1902.0,1968.0,1892.0,1964.0
2021-09-08,1929.0,1970.0,1918.0,1944.0
2021-09-09,1936.0,1951.0,1916.0,1921.0
2021-09-10,1955.0,1955.0,1917.0,1935.0
2021-09-13,1930.0,1965.0,1911.0,1950.0
2021-09-14,1930.0,1979.0,1924.0,1973.0
2021-09-15,1960.0,2082.0,1944.0,2049.0
2021-09-16,2021.0,2039.0,1937.0,1979.0
2021-09-17,1979.0,2025.0,1965.0,2022.0
2021-09-21,1960.0,2003.0,1946.0,1986.0
2021-09-22,1985.0,2000.0,1938.0,1953.0
2021-09-24,1993.0,2018.0,1984.0,1988.0
2021-09-27,1992.0,1997.0,1950.0,1958.0
2021-09-28,1942.0,1949.0,1876.0,1897.0
2021-09-29,1860.0,1892.0,1843.0,1882.0
2021-09-30,1892.0,1928.0,1878.0,1905.0
2021-10-01,1920.0,1947.0,1904.0,1936.0
2021-10-04,1965.0,1992.0,1897.0,1909.0
2021-10-05,1880.0,1909.0,1834.0,1882.0
2021-10-06,1905.0,1911.0,1839.0,1856.0
2021-10-07,1887.0,1955.0,1882.0,1943.0
2021-10-08,1955.0,2003.0,1952.0,1977.0
2021-10-11,1972.0,1995.0,1943.0,1989.0
2021-10-12,1996.0,2005.0,1942.0,1944.0
2021-10-13,1939.0,1955.0,1922.0,1926.0
2021-10-14,1941.0,1953.0,1923.0,1935.0
2021-10-15,1956.0,1956.0,1914.0,1944.0
2021-10-18,1949.0,1953.0,1889.0,1896.0
2021-10-19,1911.0,1921.0,1886.0,1910.0
2021-10-20,1930.0,1948.0,1906.0,1918.0
2021-10-21,1910.0,1914.0,1865.0,1874.0
2021-10-22,1876.0,1894.0,1865.0,1877.0
2021-10-25,1857.0,1872.0,1835.0,1858.0
2021-10-26,1885.0,1904.0,1870.0,1890.0
2021-10-27,1880.0,1881.0,1830.0,1843.0
2021-10-28,1835.0,1841.0,1808.0,1818.0
2021-10-29,1841.0,1848.0,1803.0,1817.0
2021-11-01,1830.0,1840.0,1804.0,1822.0
2021-11-02,1833.0,1833.0,1806.0,1810.0
2021-11-04,1830.0,1839.0,1787.0,1789.0
2021-11-05,1790.0,1790.0,1751.0,1767.0
2021-11-08,1760.0,1783.0,1745.0,1745.0
2021-11-09,1756.0,1785.0,1741.0,1759.0
2021-11-10,1754.0,1781.0,1752.0,1777.0
2021-11-11,1744.0,1750.0,1698.0,1698.0
2021-11-12,1800.0,1838.0,1746.0,1801.0
2021-11-15,1681.0,1742.0,1588.0,1740.0
2021-11-16,1741.0,1811.0,1741.0,1763.0
2021-11-17,1760.0,1762.0,1700.0,1702.0
2021-11-18,1721.0,1738.0,1700.0,1705.0
2021-11-19,1719.0,1733.0,1708.0,1725.0
2021-11-22,1707.0,1724.0,1680.0,1723.0
2021-11-24,2123.0,2123.0,2123.0,2123.0
2021-11-25,2300.0,2418.0,2158.0,2200.0
2021-11-26,2286.0,2317.0,2105.0,2232.0
2021-11-29,2200.0,2245.0,2065.0,2110.0
2021-11-30,2142.0,2212.0,2105.0,2113.0
2021-12-01,2148.0,2173.0,2020.0,2126.0
2021-12-02,2076.0,2093.0,1965.0,1990.0
2021-12-03,2004.0,2078.0,1963.0,2063.0
2021-12-06,2051.0,2054.0,1965.0,2000.0
2021-12-07,2021.0,2031.0,1978.0,2008.0
2021-12-08,2040.0,2115.0,2018.0,2030.0
2021-12-09,1998.0,2062.0,1985.0,2013.0
2021-12-10,2009.0,2018.0,1938.0,1955.0
2021-12-13,1970.0,1989.0,1897.0,1915.0
2021-12-14,1921.0,1955.0,1888.0,1908.0
2021-12-15,1888.0,1891.0,1838.0,1880.0
2021-12-16,1918.0,1919.0,1860.0,1867.0
2021-12-17,1885.0,1909.0,1838.0,1855.0
2021-12-20,1847.0,1941.0,1823.0,1881.0
2021-12-21,1916.0,1970.0,1872.0,1968.0
2021-12-22,1965.0,2037.0,1936.0,2030.0
2021-12-23,2013.0,2059.0,1977.0,2025.0
2021-12-24,2028.0,2061.0,1989.0,2013.0
2021-12-27,1991.0,1994.0,1904.0,1949.0
2021-12-28,1956.0,1959.0,1920.0,1928.0
2021-12-29,1928.0,1958.0,1918.0,1941.0
2021-12-30,1940.0,1954.0,1898.0,1904.0
2022-01-04,1921.0,1928.0,1899.0,1926.0
2022-01-05,1895.0,1900.0,1809.0,1830.0
2022-01-06,1805.0,1846.0,1730.0,1737.0
2022-01-07,1793.0,1800.0,1681.0,1724.0
2022-01-11,1727.0,1777.0,1709.0,1770.0
2022-01-12,1801.0,1804.0,1761.0,1790.0
2022-01-13,1754.0,1755.0,1712.0,1727.0
2022-01-14,1690.0,1720.0,1650.0,1712.0
2022-01-17,1700.0,1700.0,1653.0,1665.0
2022-01-18,1654.0,1680.0,1618.0,1632.0
2022-01-19,1608.0,1632.0,1579.0,1588.0
2022-01-20,1592.0,1630.0,1570.0,1622.0
2022-01-21,1580.0,1585.0,1507.0,1552.0
2022-01-24,1549.0,1579.0,1523.0,1564.0
2022-01-25,1563.0,1575.0,1495.0,1501.0
2022-01-26,1505.0,1539.0,1480.0,1518.0
2022-01-27,1517.0,1555.0,1464.0,1488.0
2022-01-28,1510.0,1529.0,1437.0,1470.0
2022-01-31,1493.0,1525.0,1464.0,1517.0
2022-02-01,1531.0,1556.0,1482.0,1501.0
2022-02-02,1528.0,1575.0,1528.0,1565.0
2022-02-03,1525.0,1548.0,1502.0,1523.0
2022-02-04,1515.0,1524.0,1478.0,1500.0
2022-02-07,1498.0,1520.0,1456.0,1462.0
2022-02-08,1470.0,1493.0,1449.0,1460.0
2022-02-09,1479.0,1500.0,1455.0,1492.0
2022-02-10,1515.0,1539.0,1505.0,1532.0
2022-02-14,1432.0,1480.0,1375.0,1480.0
2022-02-15,1470.0,1519.0,1464.0,1480.0
2022-02-16,1510.0,1512.0,1466.0,1477.0
2022-02-17,1488.0,1493.0,1424.0,1439.0
2022-02-18,1409.0,1461.0,1403.0,1455.0
2022-02-21,1420.0,1424.0,1377.0,1405.0
2022-02-22,1381.0,1451.0,1380.0,1410.0
2022-02-24,1407.0,1414.0,1311.0,1333.0
2022-02-25,1375.0,1421.0,1355.0,1414.0
2022-02-28,1399.0,1433.0,1380.0,1419.0
2022-03-01,1414.0,1439.0,1384.0,1431.0
2022-03-02,1427.0,1469.0,1416.0,1440.0
2022-03-03,1460.0,1473.0,1412.0,1433.0
2022-03-04,1430.0,1438.0,1342.0,1364.0
2022-03-07,1325.0,1355.0,1301.0,1320.0
2022-03-08,1311.0,1361.0,1300.0,1335.0
2022-03-09,1350.0,1360.0,1301.0,1342.0
2022-03-10,1387.0,1398.0,1369.0,1391.0
2022-03-11,1392.0,1396.0,1347.0,1372.0
2022-03-14,1365.0,1395.0,1340.0,1361.0
2022-03-15,1363.0,1388.0,1342.0,1372.0
2022-03-16,1402.0,1453.0,1401.0,1446.0
2022-03-17,1476.0,1477.0,1439.0,1471.0
2022-03-18,1476.0,1520.0,1470.0,1490.0
2022-03-22,1494.0,1494.0,1456.0,1464.0
2022-03-23,1483.0,1492.0,1447.0,1462.0
2022-03-24,1454.0,1472.0,1434.0,1469.0
2022-03-25,1483.0,1494.0,1449.0,1489.0
2022-03-28,1487.0,1487.0,1426.0,1440.0
2022-03-29,1453.0,1469.0,1437.0,1454.0
2022-03-30,1470.0,1472.0,1433.0,1448.0
2022-03-31,1446.0,1448.0,1404.0,1415.0
2022-04-01,1410.0,1410.0,1385.0,1403.0
2022-04-04,1420.0,1453.0,1407.0,1440.0
2022-04-05,1467.0,1469.0,1423.0,1463.0
2022-04-06,1427.0,1427.0,1384.0,1392.0
2022-04-07,1397.0,1440.0,1391.0,1427.0
2022-04-08,1437.0,1438.0,1413.0,1424.0
2022-04-11,1414.0,1419.0,1377.0,1390.0
2022-04-12,1391.0,1394.0,1363.0,1366.0
2022-04-13,1362.0,1391.0,1361.0,1388.0
2022-04-14,1382.0,1404.0,1374.0,1392.0
2022-04-15,1368.0,1370.0,1348.0,1360.0
2022-04-18,1344.0,1354.0,1322.0,1334.0
2022-04-19,1329.0,1348.0,1311.0,1313.0
2022-04-20,1321.0,1321.0,1282.0,1283.0
2022-04-21,1267.0,1287.0,1263.0,1279.0
2022-04-22,1265.0,1271.0,1247.0,1257.0
2022-04-25,1240.0,1268.0,1238.0,1253.0
2022-04-26,1261.0,1273.0,1251.0,1267.0
2022-04-27,1245.0,1263.0,1232.0,1261.0
2022-04-28,1264.0,1279.0,1264.0,1277.0
2022-05-02,1261.0,1267.0,1246.0,1254.0
2022-05-06,1245.0,1245.0,1210.0,1210.0
2022-05-09,1195.0,1204.0,1165.0,1169.0
2022-05-10,1157.0,1177.0,1146.0,1162.0
2022-05-11,1162.0,1201.0,1153.0,1184.0
2022-05-12,1156.0,1157.0,1102.0,1102.0
2022-05-13,1132.0,1151.0,1121.0,1140.0
2022-05-16,1185.0,1216.0,1138.0,1151.0
2022-05-17,1160.0,1160.0,1133.0,1151.0
2022-05-18,1155.0,1176.0,1145.0,1162.0
2022-05-19,1121.0,1139.0,1117.0,1128.0
2022-05-20,1149.0,1184.0,1146.0,1178.0
2022-05-23,1187.0,1238.0,1185.0,1238.0
2022-05-24,1208.0,1220.0,1177.0,1179.0
2022-05-25,1158.0,1173.0,1147.0,1149.0
2022-05-26,1147.0,1173.0,1146.0,1151.0
2022-05-27,1171.0,1174.0,1140.0,1143.0
2022-05-30,1162.0,1183.0,1154.0,1182.0
2022-05-31,1166.0,1175.0,1152.0,1153.0
2022-06-01,1155.0,1183.0,1155.0,1168.0
2022-06-02,1150.0,1150.0,1125.0,1132.0
2022-06-03,1152.0,1162.0,1146.0,1151.0
2022-06-06,1136.0,1159.0,1132.0,1154.0
2022-06-07,1144.0,1151.0,1133.0,1142.0
2022-06-08,1154.0,1189.0,1153.0,1183.0
2022-06-09,1196.0,1222.0,1190.0,1215.0
2022-06-10,1198.0,1217.0,1182.0,1211.0
2022-06-13,1181.0,1199.0,1165.0,1182.0
2022-06-14,1162.0,1162.0,1090.0,1105.0
2022-06-15,1102.0,1116.0,1079.0,1079.0
2022-06-16,1101.0,1106.0,1062.0,1063.0
2022-06-17,1033.0,1054.0,1016.0,1019.0
2022-06-20,1026.0,1035.0,991.0,1003.0
2022-06-21,1012.0,1039.0,1012.0,1033.0
2022-06-22,1040.0,1044.0,1018.0,1031.0
2022-06-23,1031.0,1090.0,1028.0,1075.0
2022-06-24,1100.0,1116.0,1087.0,1110.0
2022-06-27,1116.0,1133.0,1104.0,1126.0
2022-06-28,1121.0,1166.0,1121.0,1161.0
2022-06-29,1140.0,1150.0,1125.0,1137.0
2022-06-30,1140.0,1152.0,1122.0,1130.0
2022-07-01,1142.0,1162.0,1112.0,1120.0
2022-07-04,1138.0,1149.0,1122.0,1136.0
2022-07-05,1141.0,1166.0,1136.0,1165.0
2022-07-06,1183.0,1255.0,1183.0,1242.0
2022-07-07,1253.0,1255.0,1207.0,1223.0
2022-07-08,1235.0,1254.0,1213.0,1228.0
2022-07-11,1238.0,1239.0,1173.0,1180.0
2022-07-12,1170.0,1212.0,1170.0,1211.0
2022-07-13,1211.0,1230.0,1205.0,1218.0
2022-07-14,1238.0,1289.0,1223.0,1279.0
2022-07-15,1260.0,1266.0,1238.0,1244.0
2022-07-19,1233.0,1236.0,1205.0,1225.0
2022-07-20,1246.0,1261.0,1232.0,1258.0
2022-07-21,1260.0,1299.0,1254.0,1265.0
2022-07-22,1289.0,1306.0,1272.0,1305.0
2022-07-25,1331.0,1340.0,1304.0,1332.0
2022-07-26,1347.0,1360.0,1312.0,1328.0
2022-07-27,1327.0,1369.0,1327.0,1361.0
2022-07-28,1358.0,1359.0,1298.0,1324.0
2022-07-29,1370.0,1488.0,1362.0,1430.0
2022-08-01,1432.0,1455.0,1414.0,1430.0
2022-08-02,1560.0,1637.0,1485.0,1500.0
2022-08-03,1522.0,1608.0,1477.0,1570.0
2022-08-04,1568.0,1611.0,1543.0,1584.0
2022-08-05,1640.0,1703.0,1596.0,1613.0
2022-08-08,1593.0,1641.0,1588.0,1622.0
2022-08-09,1654.0,1672.0,1625.0,1659.0
2022-08-10,1621.0,1625.0,1572.0,1584.0
2022-08-12,1624.0,1654.0,1566.0,1620.0
2022-08-15,1606.0,1622.0,1581.0,1602.0
2022-08-16,1590.0,1638.0,1585.0,1637.0
2022-08-17,1624.0,1674.0,1619.0,1656.0
2022-08-18,1632.0,1665.0,1625.0,1660.0
2022-08-19,1667.0,1728.0,1662.0,1714.0
2022-08-22,1696.0,1754.0,1677.0,1741.0
2022-08-23,1718.0,1741.0,1702.0,1735.0
2022-08-24,1728.0,1736.0,1673.0,1673.0
2022-08-25,1726.0,1766.0,1721.0,1742.0
2022-08-26,1742.0,1795.0,1738.0,1761.0
2022-08-29,1693.0,1729.0,1678.0,1714.0
2022-08-30,1730.0,1740.0,1703.0,1740.0
2022-08-31,1740.0,1750.0,1731.0,1746.0
2022-09-01,1737.0,1757.0,1724.0,1740.0
2022-09-02,1750.0,1773.0,1711.0,1713.0
2022-09-05,1708.0,1745.0,1694.0,1738.0
2022-09-06,1738.0,1752.0,1711.0,1715.0
2022-09-07,1714.0,1726.0,1675.0,1685.0
2022-09-08,1714.0,1726.0,1685.0,1699.0
2022-09-09,1707.0,1816.0,1696.0,1807.0
2022-09-12,1818.0,1848.0,1803.0,1848.0
2022-09-13,1846.0,1920.0,1840.0,1892.0
2022-09-14,1843.0,1919.0,1841.0,1903.0
2022-09-15,1926.0,1954.0,1910.0,1922.0
2022-09-16,1952.0,1968.0,1896.0,1939.0
2022-09-20,1940.0,1950.0,1843.0,1906.0
2022-09-21,1888.0,1891.0,1846.0,1881.0
2022-09-22,1849.0,1879.0,1790.0,1809.0
2022-09-26,1777.0,1818.0,1762.0,1762.0
2022-09-27,1772.0,1798.0,1748.0,1784.0
2022-09-28,1795.0,1863.0,1782.0,1790.0
2022-09-29,1830.0,1886.0,1816.0,1846.0
2022-09-30,1865.0,1873.0,1815.0,1833.0
2022-10-03,1840.0,1900.0,1811.0,1898.0
2022-10-04,1912.0,1925.0,1880.0,1923.0
2022-10-05,1903.0,1927.0,1883.0,1915.0
2022-10-06,1911.0,1963.0,1908.0,1946.0
2022-10-07,1948.0,1966.0,1896.0,1904.0
2022-10-11,1895.0,1928.0,1890.0,1910.0
2022-10-12,1913.0,1927.0,1881.0,1897.0
2022-10-13,1897.0,1904.0,1862.0,1870.0
2022-10-14,1900.0,1984.0,1897.0,1975.0
2022-10-17,2030.0,2084.0,2016.0,2016.0
2022-10-18,2027.0,2034.0,1994.0,2030.0
2022-10-19,2036.0,2055.0,2008.0,2018.0
2022-10-20,2003.0,2008.0,1939.0,1972.0
2022-10-21,1961.0,1972.0,1924.0,1941.0
2022-10-24,1946.0,1967.0,1932.0,1941.0
2022-10-25,1948.0,1982.0,1944.0,1980.0
2022-10-26,1992.0,2100.0,1992.0,2094.0
2022-10-27,2073.0,2116.0,2068.0,2085.0
2022-10-28,2050.0,2081.0,2031.0,2064.0
2022-10-31,2078.0,2088.0,2023.0,2033.0
2022-11-01,2037.0,2052.0,2003.0,2030.0
2022-11-02,2017.0,2030.0,1972.0,2011.0
2022-11-04,2000.0,2012.0,1982.0,2004.0
2022-11-07,1984.0,1994.0,1954.0,1982.0
2022-11-08,1997.0,2021.0,1971.0,1973.0
2022-11-09,1982.0,1985.0,1901.0,1909.0
2022-11-10,1895.0,1934.0,1890.0,1926.0
2022-11-11,1950.0,1961.0,1907.0,1938.0
2022-11-14,1940.0,2009.0,1915.0,1921.0
2022-11-15,1950.0,2060.0,1946.0,2047.0
2022-11-16,2049.0,2070.0,1995.0,2024.0
2022-11-17,2000.0,2014.0,1975.0,1980.0
2022-11-18,1975.0,1982.0,1947.0,1960.0
2022-11-21,1980.0,1980.0,1923.0,1923.0
2022-11-22,1918.0,1937.0,1890.0,1907.0
2022-11-24,1918.0,1935.0,1879.0,1884.0
2022-11-25,1874.0,1880.0,1808.0,1833.0
2022-11-28,1904.0,1980.0,1899.0,1916.0
2022-11-29,1904.0,1976.0,1886.0,1964.0
2022-11-30,1944.0,1957.0,1890.0,1896.0
2022-12-01,1936.0,1948.0,1870.0,1881.0
2022-12-02,1888.0,1888.0,1844.0,1854.0
2022-12-05,1841.0,1888.0,1836.0,1877.0
2022-12-06,1871.0,1929.0,1867.0,1898.0
2022-12-07,1886.0,1947.0,1885.0,1932.0
2022-12-08,1945.0,1961.0,1928.0,1953.0
2022-12-09,1960.0,1989.0,1952.0,1983.0
2022-12-12,1959.0,1969.0,1939.0,1951.0
2022-12-13,1990.0,2048.0,1983.0,2024.0
2022-12-14,2033.0,2083.0,2024.0,2030.0
2022-12-15,2028.0,2087.0,2000.0,2050.0
2022-12-16,2161.0,2294.0,2157.0,2222.0
2022-12-19,2193.0,2214.0,2167.0,2178.0
2022-12-20,2141.0,2193.0,2079.0,2114.0
2022-12-21,2121.0,2160.0,2089.0,2108.0
2022-12-22,2091.0,2106.0,2056.0,2087.0
2022-12-23,2087.0,2129.0,2073.0,2109.0
2022-12-26,2089.0,2098.0,2053.0,2063.0
2022-12-27,2054.0,2119.0,2053.0,2066.0
2022-12-28,2070.0,2098.0,2034.0,2064.0
2022-12-29,2080.0,2104.0,2066.0,2095.0
2022-12-30,2108.0,2158.0,2104.0,2138.0
2023-01-04,2161.0,2176.0,2091.0,2101.0
2023-01-05,2148.0,2179.0,2113.0,2157.0
2023-01-06,2177.0,2226.0,2167.0,2217.0
2023-01-10,2209.0,2249.0,2195.0,2221.0
2023-01-11,2258.0,2310.0,2249.0,2283.0
2023-01-12,2290.0,2299.0,2246.0,2266.0
2023-01-13,2250.0,2288.0,2245.0,2264.0
2023-01-16,2251.0,2268.0,2176.0,2179.0
2023-01-17,2170.0,2179.0,2057.0,2063.0
2023-01-18,2122.0,2174.0,2084.0,2168.0
2023-01-19,2160.0,2264.0,2158.0,2240.0
2023-01-20,2262.0,2364.0,2253.0,2354.0
2023-01-23,2375.0,2515.0,2371.0,2475.0
2023-01-24,2443.0,2470.0,2401.0,2450.0
2023-01-25,2426.0,2459.0,2394.0,2445.0
2023-01-26,2445.0,2502.0,2431.0,2460.0
2023-01-27,2430.0,2457.0,2382.0,2439.0
2023-01-30,2405.0,2459.0,2398.0,2423.0
2023-01-31,2419.0,2459.0,2403.0,2452.0
2023-02-01,2475.0,2519.0,2439.0,2447.0
2023-02-02,2440.0,2449.0,2411.0,2426.0
2023-02-03,2421.0,2440.0,2392.0,2406.0
2023-02-06,2426.0,2429.0,2364.0,2369.0
2023-02-07,2371.0,2435.0,2369.0,2426.0
2023-02-08,2445.0,2447.0,2402.0,2437.0
2023-02-09,2422.0,2434.0,2387.0,2413.0
2023-02-10,2404.0,2423.0,2365.0,2369.0
2023-02-13,2326.0,2347.0,2291.0,2319.0
2023-02-14,2332.0,2349.0,2320.0,2349.0
2023-02-15,2340.0,2455.0,2305.0,2428.0
2023-02-16,2435.0,2609.0,2395.0,2597.0
2023-02-17,2570.0,2577.0,2471.0,2491.0
2023-02-20,2478.0,2478.0,2413.0,2434.0
2023-02-21,2445.0,2492.0,2411.0,2444.0
2023-02-22,2421.0,2421.0,2360.0,2371.0
2023-02-24,2368.0,2389.0,2337.0,2348.0
2023-02-27,2309.0,2309.0,2199.0,2211.0
2023-02-28,2261.0,2261.0,2184.0,2206.0
2023-03-01,2207.0,2223.0,2136.0,2148.0
2023-03-02,2180.0,2235.0,2158.0,2226.0
2023-03-03,2240.0,2375.0,2240.0,2328.0
2023-03-06,2360.0,2363.0,2315.0,2322.0
2023-03-07,2310.0,2345.0,2292.0,2303.0
2023-03-08,2288.0,2352.0,2270.0,2337.0
2023-03-09,2417.0,2469.0,2404.0,2463.0
2023-03-10,2499.0,2568.0,2427.0,2460.0
2023-03-13,2410.0,2441.0,2362.0,2416.0
2023-03-14,2380.0,2437.0,2374.0,2391.0
2023-03-15,2441.0,2453.0,2377.0,2434.0
2023-03-16,2420.0,2440.0,2356.0,2401.0
2023-03-17,2420.0,2445.0,2376.0,2412.0
2023-03-20,2395.0,2402.0,2236.0,2237.0
2023-03-22,2269.0,2272.0,2196.0,2223.0
2023-03-23,2183.0,2186.0,2137.0,2182.0
2023-03-24,2182.0,2185.0,2148.0,2167.0
2023-03-27,2150.0,2150.0,2105.0,2141.0
2023-03-28,2173.0,2230.0,2130.0,2216.0
2023-03-29,2213.0,2247.0,2202.0,2227.0
2023-03-30,2253.0,2292.0,2241.0,2250.0
2023-03-31,2259.0,2283.0,2242.0,2267.0
2023-04-03,2310.0,2441.0,2307.0,2355.0
2023-04-04,2405.0,2479.0,2400.0,2405.0
2023-04-05,2400.0,2401.0,2357.0,2361.0
2023-04-06,2350.0,2408.0,2350.0,2401.0
2023-04-07,2428.0,2465.0,2387.0,2422.0
2023-04-10,2451.0,2552.0,2449.0,2543.0
2023-04-11,2573.0,2579.0,2515.0,2532.0
2023-04-12,2532.0,2593.0,2523.0,2583.0
2023-04-13,2589.0,2679.0,2580.0,2649.0
2023-04-14,2624.0,2670.0,2616.0,2650.0
2023-04-17,2639.0,2659.0,2599.0,2606.0
2023-04-18,2599.0,2627.0,2576.0,2597.0
2023-04-19,2596.0,2627.0,2574.0,2617.0
2023-04-20,2620.0,2670.0,2609.0,2634.0
2023-04-21,2654.0,2674.0,2627.0,2659.0
2023-04-24,2676.0,2698.0,2666.0,2675.0
2023-04-25,2675.0,2715.0,2663.0,2711.0
2023-04-26,2725.0,2734.0,2658.0,2670.0
2023-04-27,2656.0,2673.0,2556.0,2603.0
2023-04-28,2625.0,2675.0,2598.0,2671.0
2023-05-01,2680.0,2760.0,2675.0,2740.0
2023-05-02,2757.0,2838.0,2748.0,2838.0
2023-05-08,2860.0,2897.0,2828.0,2858.0
2023-05-09,2851.0,2880.0,2819.0,2836.0
2023-05-10,2859.0,2874.0,2796.0,2813.0
2023-05-11,2796.0,2825.0,2779.0,2805.0
2023-05-12,2790.0,2846.0,2768.0,2827.0
2023-05-15,2877.0,2913.0,2791.0,2820.0
2023-05-16,2827.0,2830.0,2701.0,2735.0
2023-05-17,2695.0,2762.0,2669.0,2751.0
2023-05-18,2725.0,2900.0,2725.0,2875.0
2023-05-19,2863.0,2878.0,2787.0,2818.0
2023-05-22,2818.0,2894.0,2802.0,2889.0
2023-05-23,2903.0,2966.0,2861.0,2957.0
2023-05-24,2953.0,3070.0,2950.0,3035.0
2023-05-25,3060.0,3120.0,3040.0,3120.0
2023-05-26,3135.0,3175.0,3090.0,3115.0
2023-05-29,3100.0,3110.0,3020.0,3040.0
2023-05-30,3010.0,3165.0,2995.0,3145.0
2023-05-31,3145.0,3185.0,3115.0,3135.0
2023-06-01,3105.0,3160.0,3090.0,3115.0
2023-06-02,3090.0,3115.0,3005.0,3025.0
2023-06-05,3070.0,3080.0,3005.0,3060.0
2023-06-06,3085.0,3095.0,3035.0,3070.0
2023-06-07,3055.0,3075.0,2999.0,3015.0
2023-06-08,2954.0,3010.0,2931.0,2975.0
2023-06-09,2998.0,3030.0,2952.0,2960.0
2023-06-12,2947.0,3025.0,2929.0,3005.0
2023-06-13,3025.0,3070.0,2952.0,2968.0
2023-06-14,2970.0,3025.0,2946.0,2998.0
2023-06-15,2971.0,2983.0,2802.0,2840.0
2023-06-16,2818.0,2904.0,2816.0,2886.0
2023-06-19,2896.0,2911.0,2831.0,2888.0
2023-06-20,2839.0,2873.0,2775.0,2857.0
2023-06-21,2907.0,3040.0,2886.0,2958.0
2023-06-22,2950.0,3015.0,2931.0,3005.0
2023-06-23,3020.0,3030.0,2964.0,2972.0
2023-06-26,2957.0,3175.0,2948.0,3160.0
2023-06-27,2460.0,2460.0,2460.0,2460.0
2023-06-28,1960.0,1960.0,1960.0,1960.0
2023-06-29,1600.0,1610.0,1390.0,1441.0
2023-06-30,1453.0,1526.0,1424.0,1500.0
2023-07-03,1543.0,1546.0,1483.0,1511.0
2023-07-04,1524.0,1627.0,1515.0,1579.0
2023-07-05,1568.0,1607.0,1541.0,1581.0
2023-07-06,1568.0,1624.0,1554.0,1555.0
2023-07-07,1537.0,1566.0,1486.0,1506.0
2023-07-10,1491.0,1550.0,1491.0,1516.0
2023-07-11,1530.0,1565.0,1520.0,1526.0
2023-07-12,1525.0,1536.0,1400.0,1414.0
2023-07-13,1429.0,1447.0,1371.0,1447.0
2023-07-14,1436.0,1453.0,1404.0,1420.0
2023-07-18,1415.0,1430.0,1392.0,1430.0
2023-07-19,1444.0,1503.0,1444.0,1483.0
2023-07-20,1449.0,1456.0,1416.0,1416.0
2023-07-21,1508.0,1660.0,1491.0,1573.0
2023-07-24,1575.0,1798.0,1542.0,1770.0
2023-07-25,1771.0,1839.0,1707.0,1794.0
2023-07-26,1794.0,1896.0,1794.0,1894.0
2023-07-27,1862.0,1865.0,1753.0,1775.0
2023-07-28,1723.0,1838.0,1721.0,1828.0
2023-07-31,1859.0,1886.0,1814.0,1814.0
2023-08-01,1820.0,1877.0,1808.0,1846.0
2023-08-02,1845.0,1853.0,1790.0,1809.0
2023-08-03,1780.0,1834.0,1739.0,1761.0
2023-08-04,1758.0,1773.0,1741.0,1753.0
2023-08-07,1755.0,1783.0,1668.0,1780.0
2023-08-08,1780.0,1791.0,1712.0,1722.0
2023-08-09,1734.0,1745.0,1696.0,1731.0
2023-08-10,1730.0,1749.0,1697.0,1722.0
2023-08-14,1732.0,1741.0,1692.0,1733.0
2023-08-15,1741.0,1743.0,1692.0,1700.0
2023-08-16,1695.0,1708.0,1628.0,1669.0
2023-08-17,1629.0,1649.0,1605.0,1649.0
2023-08-18,1678.0,1705.0,1661.0,1684.0
2023-08-21,1655.0,1725.0,1653.0,1676.0
2023-08-22,1676.0,1729.0,1670.0,1707.0
2023-08-23,1691.0,1706.0,1675.0,1676.0
2023-08-24,1706.0,1712.0,1674.0,1679.0
2023-08-25,1661.0,1664.0,1628.0,1637.0
2023-08-28,1643.0,1678.0,1637.0,1647.0
2023-08-29,1682.0,1728.0,1678.0,1715.0
2023-08-30,1718.0,1727.0,1690.0,1699.0
2023-08-31,1694.0,1708.0,1658.0,1660.0
2023-09-01,1658.0,1663.0,1629.0,1658.0
2023-09-04,1657.0,1683.0,1651.0,1663.0
2023-09-05,1651.0,1683.0,1651.0,1680.0
2023-09-06,1693.0,1703.0,1657.0,1657.0
2023-09-07,1648.0,1664.0,1641.0,1652.0
2023-09-08,1648.0,1671.0,1633.0,1638.0
2023-09-11,1639.0,1647.0,1614.0,1625.0
2023-09-12,1646.0,1679.0,1626.0,1627.0
2023-09-13,1631.0,1637.0,1575.0,1605.0
2023-09-14,1594.0,1595.0,1551.0,1565.0
2023-09-15,1572.0,1616.0,1562.0,1588.0
2023-09-19,1600.0,1646.0,1596.0,1606.0
2023-09-20,1601.0,1633.0,1592.0,1623.0
2023-09-21,1608.0,1610.0,1560.0,1567.0
2023-09-22,1541.0,1577.0,1534.0,1547.0
2023-09-25,1538.0,1547.0,1517.0,1537.0
2023-09-26,1529.0,1538.0,1510.0,1515.0
2023-09-27,1515.0,1560.0,1512.0,1546.0
2023-09-28,1538.0,1544.0,1515.0,1523.0
2023-09-29,1521.0,1523.0,1483.0,1492.0
2023-10-02,1500.0,1507.0,1465.0,1468.0
2023-10-03,1449.0,1468.0,1432.0,1434.0
2023-10-04,1412.0,1434.0,1403.0,1410.0
2023-10-05,1427.0,1443.0,1391.0,1441.0
2023-10-06,1450.0,1456.0,1421.0,1429.0
2023-10-10,1435.0,1452.0,1429.0,1437.0
2023-10-11,1432.0,1444.0,1422.0,1442.0
2023-10-12,1445.0,1508.0,1439.0,1478.0
2023-10-13,1467.0,1470.0,1442.0,1447.0
2023-10-16,1436.0,1437.0,1380.0,1391.0
2023-10-17,1409.0,1421.0,1375.0,1402.0
2023-10-18,1405.0,1409.0,1385.0,1408.0
2023-10-19,1386.0,1400.0,1367.0,1367.0
2023-10-20,1350.0,1354.0,1313.0,1344.0
2023-10-23,1344.0,1358.0,1310.0,1324.0
2023-10-24,1325.0,1350.0,1296.0,1349.0
2023-10-25,1379.0,1383.0,1349.0,1352.0
2023-10-26,1336.0,1364.0,1332.0,1340.0
2023-10-27,1328.0,1376.0,1308.0,1376.0
2023-10-30,1360.0,1377.0,1332.0,1336.0
2023-10-31,1341.0,1395.0,1339.0,1390.0
2023-11-01,1410.0,1410.0,1371.0,1398.0
2023-11-02,1415.0,1441.0,1399.0,1431.0
2023-11-06,1482.0,1516.0,1463.0,1507.0
2023-11-07,1538.0,1675.0,1531.0,1596.0
2023-11-08,1596.0,1614.0,1573.0,1591.0
2023-11-09,1558.0,1574.0,1543.0,1574.0
2023-11-10,1542.0,1548.0,1495.0,1502.0
2023-11-13,1530.0,1532.0,1410.0,1429.0
2023-11-14,1443.0,1448.0,1370.0,1391.0
2023-11-15,1431.0,1443.0,1385.0,1386.0
2023-11-16,1384.0,1387.0,1350.0,1350.0
2023-11-17,1330.0,1366.0,1312.0,1363.0
2023-11-20,1364.0,1434.0,1364.0,1403.0
2023-11-21,1463.0,1514.0,1428.0,1485.0
2023-11-22,1500.0,1539.0,1473.0,1511.0
2023-11-24,1507.0,1519.0,1431.0,1452.0
2023-11-27,1430.0,1478.0,1420.0,1458.0
2023-11-28,1461.0,1534.0,1440.0,1534.0
2023-11-29,1434.0,1462.0,1394.0,1397.0
2023-11-30,1382.0,1409.0,1372.0,1389.0
2023-12-01,1419.0,1430.0,1399.0,1418.0
2023-12-04,1434.0,1462.0,1413.0,1440.0
2023-12-05,1450.0,1455.0,1422.0,1431.0
2023-12-06,1440.0,1493.0,1440.0,1493.0
2023-12-07,1499.0,1523.0,1461.0,1491.0
2023-12-08,1465.0,1487.0,1416.0,1426.0
2023-12-11,1432.0,1437.0,1402.0,1426.0
2023-12-12,1425.0,1429.0,1404.0,1416.0
2023-12-13,1411.0,1430.0,1388.0,1422.0
2023-12-14,1447.0,1461.0,1393.0,1412.0
2023-12-15,1423.0,1443.0,1412.0,1425.0
2023-12-18,1420.0,1439.0,1407.0,1417.0
2023-12-19,1420.0,1441.0,1389.0,1412.0
2023-12-20,1427.0,1463.0,1405.0,1423.0
2023-12-21,1408.0,1413.0,1394.0,1398.0
2023-12-22,1399.0,1415.0,1369.0,1375.0
2023-12-25,1375.0,1394.0,1366.0,1374.0
2023-12-26,1370.0,1383.0,1355.0,1366.0
2023-12-27,1364.0,1425.0,1348.0,1425.0
2023-12-28,1450.0,1460.0,1429.0,1453.0
2023-12-29,1436.0,1462.0,1419.0,1421.0
2024-01-04,1425.0,1467.0,1400.0,1461.0
2024-01-05,1466.0,1530.0,1458.0,1510.0
2024-01-09,1525.0,1539.0,1478.0,1519.0
2024-01-10,1523.0,1572.0,1516.0,1560.0
2024-01-11,1572.0,1608.0,1559.0,1590.0
2024-01-12,1599.0,1623.0,1548.0,1552.0
2024-01-15,1540.0,1549.0,1519.0,1522.0
2024-01-16,1530.0,1533.0,1506.0,1528.0
2024-01-17,1506.0,1518.0,1420.0,1422.0
2024-01-18,1433.0,1436.0,1408.0,1426.0
2024-01-19,1430.0,1457.0,1424.0,1440.0
2024-01-22,1443.0,1467.0,1423.0,1464.0
2024-01-23,1463.0,1467.0,1428.0,1433.0
2024-01-24,1430.0,1465.0,1426.0,1459.0
2024-01-25,1458.0,1513.0,1448.0,1513.0
2024-01-26,1506.0,1506.0,1420.0,1420.0
2024-01-29,1414.0,1465.0,1412.0,1442.0
2024-01-30,1445.0,1450.0,1414.0,1444.0
2024-01-31,1421.0,1442.0,1413.0,1441.0
2024-02-01,1428.0,1435.0,1395.0,1422.0
2024-02-02,1421.0,1435.0,1401.0,1405.0
2024-02-05,1406.0,1419.0,1388.0,1413.0
2024-02-06,1405.0,1431.0,1388.0,1426.0
2024-02-07,1422.0,1444.0,1404.0,1430.0
2024-02-08,1425.0,1439.0,1419.0,1433.0
2024-02-09,1418.0,1421.0,1382.0,1384.0
2024-02-13,1385.0,1410.0,1363.0,1375.0
2024-02-14,1347.0,1399.0,1296.0,1397.0
2024-02-15,1402.0,1415.0,1304.0,1317.0
2024-02-16,1332.0,1344.0,1313.0,1340.0
2024-02-19,1336.0,1397.0,1327.0,1382.0
2024-02-20,1399.0,1446.0,1393.0,1439.0
2024-02-21,1429.0,1449.0,1416.0,1419.0
2024-02-22,1410.0,1436.0,1386.0,1433.0
2024-02-26,1425.0,1448.0,1406.0,1430.0
2024-02-27,1424.0,1434.0,1388.0,1434.0
2024-02-28,1435.0,1480.0,1429.0,1451.0
2024-02-29,1454.0,1464.0,1423.0,1456.0
2024-03-01,1450.0,1561.0,1450.0,1550.0
2024-03-04,1535.0,1540.0,1484.0,1486.0
2024-03-05,1469.0,1546.0,1457.0,1515.0
2024-03-06,1500.0,1599.0,1497.0,1597.0
2024-03-07,1606.0,1662.0,1570.0,1662.0
2024-03-08,1671.0,1826.0,1664.0,1788.0
2024-03-11,1770.0,1780.0,1707.0,1735.0
2024-03-12,1615.0,1649.0,1560.0,1582.0
2024-03-13,1592.0,1592.0,1529.0,1557.0
2024-03-14,1550.0,1586.0,1530.0,1560.0
2024-03-15,1525.0,1537.0,1483.0,1509.0
2024-03-18,1518.0,1564.0,1515.0,1559.0
2024-03-19,1567.0,1570.0,1532.0,1541.0
2024-03-21,1579.0,1596.0,1565.0,1594.0
2024-03-22,1596.0,1604.0,1559.0,1590.0
2024-03-25,1589.0,1622.0,1577.0,1578.0
2024-03-26,1574.0,1637.0,1563.0,1614.0
2024-03-27,1618.0,1627.0,1578.0,1602.0
2024-03-28,1627.0,1652.0,1603.0,1621.0
2024-03-29,1626.0,1670.0,1626.0,1662.0
2024-04-01,1660.0,1667.0,1610.0,1638.0
2024-04-02,1614.0,1616.0,1547.0,1557.0
2024-04-03,1543.0,1558.0,1503.0,1544.0
2024-04-04,1550.0,1583.0,1538.0,1570.0
2024-04-05,1530.0,1541.0,1483.0,1534.0
2024-04-08,1544.0,1567.0,1531.0,1549.0
2024-04-09,1627.0,1642.0,1599.0,1622.0
2024-04-10,1608.0,1620.0,1571.0,1591.0
2024-04-11,1571.0,1595.0,1554.0,1560.0
2024-04-12,1530.0,1537.0,1463.0,1500.0
2024-04-15,1488.0,1529.0,1470.0,1513.0
2024-04-16,1485.0,1492.0,1451.0,1456.0
2024-04-17,1516.0,1552.0,1463.0,1463.0
2024-04-18,1480.0,1529.0,1474.0,1511.0
2024-04-19,1499.0,1505.0,1448.0,1450.0
2024-04-22,1466.0,1482.0,1457.0,1467.0
2024-04-23,1477.0,1489.0,1463.0,1480.0
2024-04-24,1488.0,1519.0,1481.0,1508.0
2024-04-25,1496.0,1534.0,1493.0,1495.0
2024-04-26,1503.0,1505.0,1453.0,1458.0
2024-04-30,1485.0,1487.0,1452.0,1468.0
2024-05-01,1466.0,1526.0,1458.0,1494.0
2024-05-02,1497.0,1528.0,1476.0,1519.0
2024-05-07,1516.0,1540.0,1496.0,1524.0
2024-05-08,1520.0,1567.0,1510.0,1546.0
2024-05-09,1540.0,1565.0,1528.0,1551.0
2024-05-10,1489.0,1579.0,1475.0,1496.0
2024-05-13,1490.0,1532.0,1485.0,1510.0
2024-05-14,1520.0,1570.0,1513.0,1562.0
2024-05-15,1567.0,1594.0,1501.0,1501.0
2024-05-16,1515.0,1537.0,1514.0,1520.0
2024-05-17,1514.0,1514.0,1468.0,1468.0
2024-05-20,1460.0,1514.0,1459.0,1470.0
2024-05-21,1440.0,1451.0,1398.0,1413.0
2024-05-22,1383.0,1428.0,1379.0,1411.0
2024-05-23,1431.0,1473.0,1422.0,1440.0
2024-05-24,1420.0,1449.0,1414.0,1414.0
2024-05-27,1408.0,1438.0,1404.0,1429.0
2024-05-28,1434.0,1455.0,1425.0,1434.0
2024-05-29,1428.0,1433.0,1393.0,1393.0
2024-05-30,1375.0,1412.0,1374.0,1396.0
2024-05-31,1403.0,1452.0,1403.0,1452.0
2024-06-03,1448.0,1456.0,1432.0,1440.0
2024-06-04,1450.0,1507.0,1445.0,1499.0
2024-06-05,1500.0,1501.0,1476.0,1496.0
2024-06-06,1510.0,1528.0,1497.0,1502.0
2024-06-07,1502.0,1521.0,1486.0,1514.0
2024-06-10,1522.0,1528.0,1496.0,1517.0
2024-06-11,1516.0,1559.0,1513.0,1545.0
2024-06-12,1533.0,1572.0,1515.0,1563.0
2024-06-13,1566.0,1566.0,1520.0,1535.0
2024-06-14,1527.0,1550.0,1521.0,1533.0
2024-06-17,1523.0,1534.0,1498.0,1532.0
2024-06-18,1535.0,1545.0,1519.0,1519.0
2024-06-19,1526.0,1533.0,1488.0,1495.0
2024-06-20,1495.0,1527.0,1494.0,1519.0
2024-06-21,1519.0,1540.0,1506.0,1507.0
2024-06-24,1518.0,1562.0,1511.0,1546.0
2024-06-25,1566.0,1601.0,1566.0,1588.0
2024-06-26,1580.0,1639.0,1578.0,1605.0
2024-06-27,1621.0,1671.0,1609.0,1612.0
2024-06-28,1609.0,1615.0,1600.0,1603.0
2024-07-01,1607.0,1609.0,1561.0,1568.0
2024-07-02,1565.0,1586.0,1562.0,1579.0
2024-07-03,1590.0,1641.0,1590.0,1641.0
2024-07-04,1642.0,1646.0,1605.0,1605.0
2024-07-05,1625.0,1638.0,1605.0,1608.0
2024-07-08,1622.0,1638.0,1613.0,1619.0
2024-07-09,1633.0,1681.0,1632.0,1680.0
2024-07-10,1692.0,1700.0,1653.0,1667.0
2024-07-11,1677.0,1677.0,1633.0,1655.0
2024-07-12,1638.0,1690.0,1634.0,1680.0
2024-07-16,1669.0,1684.0,1646.0,1649.0
2024-07-17,1665.0,1684.0,1663.0,1670.0
2024-07-18,1660.0,1696.0,1619.0,1634.0
2024-07-19,1640.0,1649.0,1620.0,1620.0
2024-07-22,1627.0,1641.0,1606.0,1637.0
2024-07-23,1630.0,1656.0,1625.0,1645.0
2024-07-24,1645.0,1754.0,1645.0,1704.0
2024-07-25,1703.0,1726.0,1683.0,1687.0
2024-07-26,1687.0,1703.0,1668.0,1690.0
2024-07-29,1695.0,1702.0,1683.0,1693.0
2024-07-30,1691.0,1709.0,1678.0,1702.0
2024-07-31,1696.0,1701.0,1642.0,1680.0
2024-08-01,1682.0,1690.0,1647.0,1663.0
2024-08-02,1643.0,1660.0,1550.0,1559.0
2024-08-05,1479.0,1528.0,1343.0,1379.0
2024-08-06,1421.0,1474.0,1413.0,1454.0
2024-08-07,1425.0,1507.0,1404.0,1478.0
2024-08-08,1474.0,1507.0,1466.0,1488.0
2024-08-09,1518.0,1523.0,1473.0,1491.0
2024-08-13,1502.0,1582.0,1495.0,1562.0
2024-08-14,1585.0,1586.0,1534.0,1550.0
2024-08-15,1565.0,1571.0,1545.0,1556.0
2024-08-16,1580.0,1654.0,1577.0,1648.0
2024-08-19,1644.0,1677.0,1629.0,1665.0
2024-08-20,1671.0,1703.0,1652.0,1702.0
2024-08-21,1693.0,1695.0,1644.0,1660.0
2024-08-22,1670.0,1733.0,1665.0,1726.0
2024-08-23,1725.0,1732.0,1699.0,1731.0
2024-08-26,1730.0,1730.0,1707.0,1714.0
2024-08-27,1720.0,1747.0,1676.0,1684.0
2024-08-28,1688.0,1717.0,1672.0,1717.0
2024-08-29,1480.0,1482.0,1394.0,1459.0
2024-08-30,1471.0,1500.0,1376.0,1400.0
2024-09-02,1458.0,1472.0,1407.0,1410.0
2024-09-03,1415.0,1445.0,1386.0,1406.0
2024-09-04,1369.0,1378.0,1328.0,1330.0
2024-09-05,1320.0,1353.0,1316.0,1339.0
2024-09-06,1347.0,1351.0,1281.0,1302.0
2024-09-09,1272.0,1301.0,1265.0,1282.0
2024-09-10,1285.0,1294.0,1270.0,1283.0
2024-09-11,1295.0,1310.0,1276.0,1291.0
2024-09-12,1321.0,1342.0,1305.0,1341.0
2024-09-13,1330.0,1335.0,1287.0,1298.0
2024-09-17,1305.0,1317.0,1237.0,1265.0
2024-09-18,1279.0,1299.0,1273.0,1299.0
2024-09-19,1308.0,1326.0,1304.0,1322.0
2024-09-20,1350.0,1357.0,1327.0,1331.0
2024-09-24,1331.0,1337.0,1304.0,1313.0
2024-09-25,1310.0,1314.0,1281.0,1281.0
2024-09-26,1289.0,1308.0,1285.0,1308.0
2024-09-27,1313.0,1320.0,1288.0,1297.0
2024-09-30,1255.0,1281.0,1224.0,1232.0
2024-10-01,1234.0,1240.0,1212.0,1226.0
2024-10-02,1230.0,1247.0,1211.0,1216.0
2024-10-03,1234.0,1276.0,1221.0,1267.0
2024-10-04,1265.0,1284.0,1264.0,1273.0
2024-10-07,1281.0,1281.0,1251.0,1251.0
2024-10-08,1230.0,1235.0,1183.0,1190.0
2024-10-09,1200.0,1212.0,1187.0,1197.0
2024-10-10,1194.0,1199.0,1176.0,1199.0
2024-10-11,1193.0,1193.0,1174.0,1176.0
2024-10-15,1184.0,1218.0,1182.0,1202.0
2024-10-16,1178.0,1183.0,1145.0,1159.0
2024-10-17,1158.0,1174.0,1148.0,1170.0
2024-10-18,1180.0,1211.0,1174.0,1205.0
2024-10-21,1198.0,1247.0,1197.0,1231.0
2024-10-22,1217.0,1218.0,1175.0,1178.0
2024-10-23,1180.0,1182.0,1157.0,1157.0
2024-10-24,1150.0,1190.0,1125.0,1189.0
2024-10-25,1179.0,1182.0,1141.0,1156.0
2024-10-28,1150.0,1188.0,1146.0,1186.0
2024-10-29,1185.0,1213.0,1180.0,1210.0
2024-10-30,1213.0,1214.0,1198.0,1207.0
2024-10-31,1205.0,1229.0,1201.0,1229.0
2024-11-01,1200.0,1221.0,1200.0,1213.0
2024-11-05,1230.0,1256.0,1169.0,1174.0
2024-11-06,1189.0,1222.0,1179.0,1200.0
2024-11-07,1195.0,1203.0,1174.0,1192.0
2024-11-08,1195.0,1209.0,1191.0,1197.0
2024-11-11,1192.0,1198.0,1176.0,1194.0
2024-11-12,1237.0,1254.0,1199.0,1202.0
2024-11-13,1200.0,1200.0,1174.0,1175.0
2024-11-14,1177.0,1184.0,1161.0,1163.0
2024-11-15,1167.0,1177.0,1155.0,1166.0
2024-11-18,1163.0,1167.0,1119.0,1119.0
2024-11-19,1115.0,1128.0,1100.0,1104.0
2024-11-20,1110.0,1122.0,1103.0,1120.0
2024-11-21,1131.0,1146.0,1124.0,1137.0
2024-11-22,1141.0,1145.0,1127.0,1132.0
2024-11-25,1139.0,1162.0,1124.0,1136.0
2024-11-26,1126.0,1134.0,1100.0,1110.0
2024-11-27,1120.0,1139.0,1111.0,1136.0
2024-11-28,1137.0,1153.0,1136.0,1140.0
2024-11-29,1127.0,1136.0,1113.0,1119.0
2024-12-02,1123.0,1132.0,1118.0,1128.0
2024-12-03,1140.0,1148.0,1112.0,1112.0
2024-12-04,1105.0,1108.0,1087.0,1089.0
2024-12-05,1100.0,1106.0,1084.0,1085.0
2024-12-06,1085.0,1097.0,1071.0,1081.0
2024-12-09,1090.0,1152.0,1090.0,1118.0
2024-12-10,1131.0,1136.0,1120.0,1120.0
2024-12-11,1110.0,1114.0,1078.0,1084.0
2024-12-12,1089.0,1103.0,1076.0,1079.0
2024-12-13,1054.0,1063.0,1043.0,1057.0
2024-12-16,1057.0,1057.0,1044.0,1054.0
2024-12-17,1050.0,1065.0,1047.0,1061.0
2024-12-18,1054.0,1059.0,1044.0,1044.0
2024-12-19,1033.0,1063.0,1030.0,1052.0
2024-12-20,1055.0,1056.0,1033.0,1034.0
2024-12-23,1032.0,1038.0,1008.0,1022.0
2024-12-24,1043.0,1046.0,1022.0,1033.0
2024-12-25,1027.0,1027.0,1008.0,1016.0
2024-12-26,1015.0,1027.0,1009.0,1022.0
2024-12-27,1043.0,1061.0,1040.0,1053.0
2024-12-30,1050.0,1076.0,1045.0,1048.0
2025-01-06,1052.0,1056.0,1015.0,1016.0
2025-01-07,1018.0,1024.0,1007.0,1015.0
2025-01-08,1023.0,1028.0,1005.0,1005.0
2025-01-09,1002.0,1006.0,996.0,1003.0
2025-01-10,996.0,997.0,984.0,986.0
2025-01-14,975.0,980.0,961.0,970.0
2025-01-15,968.0,969.0,927.0,931.0
2025-01-16,938.0,949.0,934.0,936.0
2025-01-17,966.0,1013.0,964.0,998.0
2025-01-20,998.0,1002.0,974.0,979.0
2025-01-21,979.0,1019.0,979.0,1012.0
2025-01-22,1008.0,1011.0,994.0,1001.0
2025-01-23,1000.0,1005.0,991.0,997.0
2025-01-24,997.0,1016.0,986.0,989.0
2025-01-27,1003.0,1023.0,999.0,1003.0
2025-01-28,1005.0,1007.0,989.0,1004.0
2025-01-29,1004.0,1016.0,995.0,996.0
2025-01-30,985.0,1004.0,983.0,1004.0
2025-01-31,997.0,997.0,969.0,969.0
2025-02-03,955.0,960.0,932.0,952.0
2025-02-04,952.0,955.0,944.0,950.0
2025-02-05,950.0,966.0,945.0,945.0
2025-02-06,947.0,972.0,947.0,962.0
2025-02-07,948.0,990.0,947.0,983.0
2025-02-10,977.0,988.0,975.0,981.0
2025-02-12,981.0,984.0,964.0,973.0
2025-02-13,976.0,1004.0,976.0,994.0
2025-02-14,1002.0,1004.0,986.0,991.0
2025-02-17,971.0,976.0,892.0,903.0
2025-02-18,900.0,918.0,883.0,887.0
2025-02-19,886.0,894.0,848.0,863.0
2025-02-20,851.0,871.0,842.0,845.0
2025-02-21,840.0,844.0,831.0,840.0
2025-02-25,846.0,899.0,845.0,885.0
2025-02-26,884.0,894.0,883.0,883.0
2025-02-27,906.0,928.0,873.0,873.0
2025-02-28,862.0,869.0,841.0,848.0
2025-03-03,863.0,934.0,858.0,910.0
2025-03-04,899.0,905.0,868.0,872.0
2025-03-05,877.0,879.0,854.0,863.0
2025-03-06,866.0,875.0,852.0,864.0
2025-03-07,849.0,858.0,834.0,837.0
2025-03-10,846.0,872.0,842.0,864.0
2025-03-11,849.0,858.0,824.0,842.0
2025-03-12,844.0,881.0,844.0,876.0
2025-03-13,901.0,924.0,894.0,900.0
2025-03-14,898.0,914.0,890.0,899.0
2025-03-17,900.0,923.0,887.0,921.0
2025-03-18,921.0,925.0,907.0,907.0
2025-03-19,916.0,924.0,892.0,893.0
2025-03-21,908.0,922.0,901.0,905.0
2025-03-24,920.0,949.0,918.0,921.0
2025-03-25,936.0,937.0,911.0,927.0
2025-03-26,929.0,950.0,926.0,940.0
2025-03-27,931.0,954.0,927.0,949.0
2025-03-28,946.0,950.0,925.0,933.0
2025-03-31,918.0,921.0,896.0,903.0
2025-04-01,918.0,944.0,899.0,901.0
2025-04-02,907.0,914.0,866.0,868.0
2025-04-03,824.0,862.0,811.0,841.0
2025-04-04,830.0,834.0,776.0,796.0
2025-04-07,712.0,729.0,680.0,696.0
2025-04-08,732.0,751.0,724.0,747.0
2025-04-09,719.0,720.0,668.0,687.0
2025-04-10,752.0,759.0,732.0,752.0
2025-04-11,710.0,730.0,689.0,725.0
2025-04-14,738.0,749.0,727.0,740.0
2025-04-15,768.0,828.0,764.0,813.0
2025-04-16,806.0,812.0,773.0,784.0
2025-04-17,790.0,823.0,783.0,822.0
2025-04-18,852.0,877.0,846.0,850.0
2025-04-21,850.0,863.0,843.0,848.0
2025-04-22,849.0,854.0,842.0,853.0
2025-04-23,878.0,892.0,865.0,885.0
2025-04-24,892.0,894.0,876.0,883.0
2025-04-25,892.0,915.0,884.0,889.0
2025-04-28,904.0,910.0,883.0,889.0
2025-04-30,894.0,895.0,880.0,890.0
2025-05-01,910.0,927.0,896.0,916.0
2025-05-02,914.0,947.0,906.0,934.0
2025-05-07,919.0,933.0,882.0,901.0
2025-05-08,886.0,890.0,866.0,878.0
2025-05-09,878.0,888.0,864.0,876.0
2025-05-12,870.0,872.0,847.0,852.0
2025-05-13,867.0,872.0,850.0,852.0
2025-05-14,844.0,846.0,823.0,834.0
2025-05-15,817.0,834.0,815.0,816.0
2025-05-16,814.0,828.0,809.0,822.0
2025-05-19,830.0,832.0,817.0,819.0
2025-05-20,822.0,826.0,805.0,809.0
2025-05-21,811.0,823.0,800.0,802.0
2025-05-22,787.0,809.0,784.0,804.0
2025-05-23,809.0,824.0,803.0,818.0
2025-05-26,810.0,827.0,808.0,820.0
2025-05-27,818.0,831.0,815.0,817.0
2025-05-28,828.0,829.0,806.0,806.0
2025-05-29,836.0,882.0,836.0,882.0
2025-05-30,872.0,928.0,871.0,908.0
2025-06-02,938.0,990.0,926.0,937.0
2025-06-03,946.0,956.0,921.0,943.0
2025-06-04,949.0,990.0,949.0,956.0
2025-06-05,955.0,968.0,942.0,950.0
2025-06-06,952.0,964.0,922.0,926.0
2025-06-09,956.0,971.0,941.0,947.0
2025-06-10,945.0,975.0,945.0,949.0
2025-06-11,960.0,968.0,925.0,942.0
2025-06-12,944.0,970.0,944.0,955.0
2025-06-13,963.0,968.0,915.0,919.0
2025-06-16,925.0,930.0,915.0,920.0
2025-06-17,922.0,932.0,899.0,900.0
2025-06-18,895.0,909.0,888.0,895.0
2025-06-19,902.0,916.0,885.0,888.0
2025-06-20,890.0,902.0,882.0,895.0
2025-06-23,880.0,887.0,865.0,884.0
2025-06-24,893.0,900.0,868.0,870.0
2025-06-25,878.0,926.0,866.0,906.0
2025-06-26,906.0,928.0,888.0,915.0
2025-06-27,915.0,918.0,898.0,903.0
2025-06-30,905.0,920.0,895.0,903.0
2025-07-01,900.0,903.0,882.0,884.0
2025-07-02,872.0,873.0,856.0,860.0
2025-07-03,856.0,864.0,844.0,857.0
2025-07-04,865.0,879.0,852.0,876.0
2025-07-07,869.0,872.0,852.0,855.0
2025-07-08,845.0,853.0,837.0,844.0
2025-07-09,855.0,859.0,848.0,853.0
2025-07-10,852.0,873.0,839.0,873.0
2025-07-11,884.0,898.0,875.0,882.0
2025-07-14,872.0,883.0,860.0,865.0
2025-07-15,865.0,890.0,865.0,871.0
2025-07-16,865.0,869.0,854.0,863.0
2025-07-17,856.0,869.0,850.0,868.0
2025-07-18,863.0,876.0,857.0,857.0
2025-07-22,852.0,857.0,839.0,840.0
2025-07-23,855.0,866.0,850.0,863.0
2025-07-24,866.0,895.0,863.0,881.0
2025-07-25,882.0,893.0,873.0,877.0
2025-07-28,880.0,883.0,867.0,876.0
2025-07-29,862.0,870.0,857.0,864.0
2025-07-30,863.0,908.0,859.0,907.0
2025-07-31,913.0,934.0,911.0,920.0
2025-08-01,920.0,932.0,916.0,923.0
2025-08-04,908.0,926.0,906.0,921.0
2025-08-05,945.0,949.0,930.0,942.0
2025-08-06,912.0,915.0,868.0,880.0
2025-08-07,867.0,893.0,863.0,890.0
2025-08-08,895.0,896.0,869.0,883.0
2025-08-12,896.0,909.0,861.0,894.0
2025-08-13,904.0,952.0,890.0,936.0
2025-08-14,951.0,961.0,931.0,939.0
2025-08-15,938.0,942.0,926.0,934.0
2025-08-18,928.0,947.0,925.0,940.0
2025-08-19,940.0,972.0,935.0,970.0
2025-08-20,971.0,976.0,919.0,925.0
2025-08-21,934.0,938.0,907.0,921.0
2025-08-22,929.0,954.0,922.0,950.0
2025-08-25,948.0,960.0,943.0,943.0
2025-08-26,947.0,954.0,927.0,933.0
2025-08-27,922.0,926.0,910.0,913.0
2025-08-28,913.0,925.0,903.0,904.0
2025-08-29,919.0,946.0,914.0,925.0
2025-09-01,915.0,1005.0,910.0,984.0
2025-09-02,985.0,1004.0,970.0,978.0
2025-09-03,979.0,979.0,960.0,964.0
2025-09-04,965.0,974.0,950.0,973.0
2025-09-05,976.0,996.0,966.0,990.0
2025-09-08,999.0,1036.0,995.0,1035.0
2025-09-09,1028.0,1037.0,994.0,998.0
2025-09-10,994.0,996.0,972.0,972.0
2025-09-11,964.0,969.0,940.0,940.0
2025-09-12,941.0,986.0,940.0,986.0
2025-09-16,986.0,997.0,971.0,988.0
2025-09-17,992.0,1005.0,976.0,994.0
2025-09-18,995.0,1011.0,991.0,1000.0
2025-09-19,1009.0,1048.0,1005.0,1023.0
2025-09-22,1020.0,1028.0,1003.0,1012.0
2025-09-24,1013.0,1015.0,997.0,1011.0
2025-09-25,1010.0,1014.0,996.0,1007.0
2025-09-26,1001.0,1002.0,978.0,986.0
2025-09-29,998.0,1000.0,971.0,972.0
2025-09-30,984.0,1008.0,973.0,990.0
2025-10-01,997.0,998.0,971.0,975.0
2025-10-02,990.0,1001.0,973.0,978.0
2025-10-03,978.0,991.0,972.0,976.0
2025-10-06,991.0,1011.0,975.0,998.0
2025-10-07,1003.0,1009.0,991.0,997.0
2025-10-08,996.0,1016.0,991.0,1007.0
2025-10-09,997.0,1011.0,989.0,1007.0
2025-10-10,998.0,1000.0,970.0,985.0
2025-10-14,977.0,990.0,949.0,960.0
2025-10-15,964.0,991.0,960.0,984.0
2025-10-16,993.0,1003.0,975.0,988.0
2025-10-17,982.0,986.0,962.0,969.0
2025-10-20,987.0,999.0,977.0,990.0
2025-10-21,988.0,993.0,966.0,966.0
2025-10-22,974.0,979.0,965.0,969.0
2025-10-23,962.0,977.0,960.0,976.0
2025-10-24,980.0,986.0,960.0,965.0
2025-10-27,967.0,977.0,957.0,974.0
2025-10-28,963.0,964.0,912.0,915.0
2025-10-29,915.0,925.0,894.0,910.0
2025-10-30,910.0,913.0,887.0,905.0
2025-10-31,900.0,904.0,886.0,896.0
2025-11-04,855.0,858.0,777.0,803.0
2025-11-05,805.0,812.0,772.0,784.0
2025-11-06,782.0,815.0,780.0,790.0
2025-11-07,776.0,792.0,767.0,781.0
2025-11-10,796.0,814.0,790.0,805.0
2025-11-11,835.0,840.0,802.0,806.0
2025-11-12,821.0,846.0,812.0,833.0
2025-11-13,834.0,874.0,834.0,849.0
2025-11-14,841.0,872.0,833.0,862.0
2025-11-17,870.0,871.0,850.0,859.0
2025-11-18,854.0,885.0,839.0,840.0
2025-11-19,845.0,848.0,802.0,815.0
2025-11-20,820.0,860.0,816.0,856.0
2025-11-21,843.0,869.0,837.0,862.0
2025-11-25,863.0,877.0,855.0,857.0
2025-11-26,872.0,891.0,866.0,887.0
2025-11-27,867.0,869.0,789.0,834.0
2025-11-28,864.0,888.0,848.0,887.0
2025-12-01,886.0,888.0,847.0,847.0
2025-12-02,840.0,846.0,819.0,825.0
2025-12-03,820.0,826.0,807.0,809.0
2025-12-04,807.0,827.0,802.0,819.0
2025-12-05,822.0,864.0,822.0,838.0
2025-12-08,844.0,856.0,840.0,847.0
2025-12-09,847.0,866.0,847.0,861.0
2025-12-10,859.0,885.0,855.0,876.0
2025-12-11,880.0,882.0,854.0,855.0
2025-12-12,863.0,875.0,851.0,864.0
2025-12-15,850.0,871.0,843.0,853.0
2025-12-16,841.0,868.0,832.0,860.0
2025-12-17,859.0,865.0,842.0,846.0
2025-12-18,858.0,868.0,849.0,860.0
2025-12-19,817.0,834.0,723.0,754.0
2025-12-22,756.0,781.0,748.0,762.0
2025-12-23,767.0,809.0,767.0,788.0
2025-12-24,817.0,828.0,804.0,810.0
2025-12-25,818.0,841.0,807.0,837.0
2025-12-26,844.0,846.0,831.0,837.0
2025-12-29,850.0,867.0,848.0,859.0
2025-12-30,855.0,865.0,827.0,827.0
2026-01-05,830.0,862.0,818.0,844.0
2026-01-06,850.0,882.0,850.0,869.0
2026-01-07,874.0,894.0,867.0,885.0
2026-01-08,894.0,907.0,886.0,894.0
2026-01-09,900.0,900.0,859.0,870.0
2026-01-13,871.0,880.0,850.0,854.0
2026-01-14,825.0,825.0,781.0,798.0
2026-01-15,791.0,814.0,784.0,797.0
2026-01-16,800.0,809.0,788.0,809.0
2026-01-19,824.0,828.0,802.0,812.0
2026-01-20,827.0,847.0,819.0,835.0
2026-01-21,820.0,827.0,801.0,808.0
2026-01-22,814.0,824.0,810.0,815.0
2026-01-23,824.0,843.0,813.0,842.0
2026-01-26,827.0,841.0,818.0,827.0
2026-01-27,822.0,822.0,799.0,819.0
2026-01-28,804.0,807.0,794.0,796.0
2026-01-29,785.0,796.0,777.0,791.0
2026-01-30,796.0,815.0,789.0,812.0
2026-02-02,809.0,825.0,800.0,808.0
2026-02-03,808.0,829.0,801.0,829.0
2026-02-04,824.0,853.0,823.0,850.0
2026-02-05,855.0,869.0,848.0,848.0
2026-02-06,833.0,840.0,815.0,827.0
2026-02-09,857.0,864.0,843.0,858.0
2026-02-10,865.0,895.0,865.0,888.0
2026-02-12,893.0,905.0,872.0,876.0
2026-02-13,905.0,910.0,856.0,868.0
2026-02-16,920.0,962.0,920.0,934.0
2026-02-17,932.0,934.0,902.0,912.0
2026-02-18,922.0,936.0,916.0,926.0
2026-02-19,916.0,920.0,889.0,917.0
2026-02-20,927.0,936.0,889.0,897.0
2026-02-24,899.0,914.0,886.0,909.0
2026-02-25,924.0,940.0,919.0,938.0
2026-02-26,949.0,950.0,933.0,937.0
2026-02-27,936.0,968.0,930.0,966.0
2026-03-02,936.0,941.0,922.0,937.0
2026-03-03,925.0,938.0,885.0,885.0
2026-03-04,870.0,874.0,828.0,829.0
2026-03-05,859.0,870.0,838.0,851.0
2026-03-06,849.0,905.0,846.0,905.0
2026-03-09,850.0,907.0,850.0,901.0
2026-03-10,916.0,944.0,895.0,938.0
2026-03-11,946.0,988.0,945.0,965.0
2026-03-12,956.0,956.0,923.0,936.0
2026-03-13,915.0,941.0,911.0,928.0
2026-03-16,925.0,925.0,893.0,908.0
2026-03-17,917.0,928.0,904.0,910.0
2026-03-18,914.0,921.0,898.0,916.0
2026-03-19,901.0,911.0,878.0,879.0
2026-03-23,854.0,864.0,821.0,821.0
2026-03-24,850.0,858.0,828.0,843.0
2026-03-25,872.0,889.0,864.0,879.0
2026-03-26,888.0,888.0,857.0,870.0
2026-03-27,885.0,917.0,881.0,905.0
2026-03-30,860.0,869.0,850.0,867.0
2026-03-31,863.0,888.0,855.0,872.0
2026-04-01,992.0,1022.0,960.0,1015.0
2026-04-02,1015.0,1043.0,985.0,1009.0
2026-04-03,1025.0,1033.0,997.0,1005.0
2026-04-06,1016.0,1025.0,1001.0,1015.0
2026-04-07,1007.0,1013.0,989.0,1003.0
2026-04-08,1033.0,1038.0,1010.0,1015.0
2026-04-09,1045.0,1074.0,1020.0,1024.0
2026-04-10,1028.0,1055.0,1008.0,1021.0
2026-04-13,1020.0,1026.0,998.0,1015.0
2026-04-14,1018.0,1026.0,1007.0,1011.0
2026-04-15,1020.0,1052.0,1013.0,1045.0
2026-04-16,1034.0,1085.0,1032.0,1045.0
2026-04-17,1040.0,1051.0,1003.0,1013.0
2026-04-20,1020.0,1026.0,1007.0,1021.0
2026-04-21,1040.0,1043.0,1013.0,1033.0
2026-04-22,1015.0,1029.0,1002.0,1008.0
2026-04-23,999.0,1008.0,945.0,955.0
2026-04-24,954.0,972.0,947.0,968.0
2026-04-27,953.0,970.0,937.0,951.0
2026-04-28,973.0,977.0,954.0,973.0
2026-04-30,963.0,988.0,954.0,971.0
2026-05-01,967.0,970.0,948.0,952.0
2026-05-07,1100.0,1102.0,1078.0,1102.0
2026-05-08,1192.0,1235.0,1160.0,1167.0
2026-05-11,1202.0,1247.0,1182.0,1242.0
2026-05-12,1238.0,1245.0,1202.0,1212.0
2026-05-13,1192.0,1204.0,1167.0,1177.0
2026-05-14,1177.0,1212.0,1176.0,1188.0
2026-05-15,1184.0,1193.0,1141.0,1172.0
2026-05-18,1160.0,1166.0,1093.0,1120.0
2026-05-19,1144.0,1159.0,1125.0,1141.0
2026-05-20,1150.0,1150.0,1105.0,1108.0
2026-05-21,1135.0,1135.0,1113.0,1122.0
2026-05-22,1129.0,1152.0,1120.0,1125.0
2026-05-25,1113.0,1127.0,1103.0,1114.0
2026-05-26,1100.0,1100.0,1046.0,1058.0
2026-05-27,1049.0,1073.0,1047.0,1066.0
2026-05-28,1082.0,1121.0,1067.0,1082.0
2026-05-29,1093.0,1098.0,1060.0,1067.0
2026-06-01,1056.0,1066.0,1001.0,1016.0
2026-06-02,1000.0,1011.0,967.0,1008.0
2026-06-03,990.0,997.0,951.0,953.0
2026-06-04,935.0,956.0,925.0,934.0
2026-06-05,977.0,1005.0,966.0,996.0
2026-06-08,966.0,1019.0,966.0,983.0
2026-06-09,981.0,1007.0,969.0,969.0
2026-06-10,984.0,991.0,969.0,980.0
2026-06-11,966.0,994.0,948.0,987.0
2026-06-12,987.0,996.0,973.0,983.0
2026-06-15,979.0,988.0,948.0,956.0
2026-06-16,956.0,980.0,953.0,970.0
2026-06-17,985.0,1006.0,980.0,980.0
2026-06-18,988.0,1020.0,984.0,1013.0
2026-06-19,1004.0,1013.0,954.0,959.0
2026-06-22,974.0,1002.0,968.0,986.0
2026-06-23,973.0,994.0,966.0,971.0
2026-06-24,976.0,993.0,965.0,968.0
2026-06-25,978.0,978.0,937.0,937.0
2026-06-26,942.0,973.0,941.0,954.0
2026-06-29,965.0,1007.0,960.0,1001.0
2026-06-30,1007.0,1007.0,990.0,990.0
2026-07-01,1000.0,1000.0,974.0,983.0
2026-07-02,983.0,988.0,958.0,960.0
2026-07-03,981.0,987.0,961.0,970.0
2026-07-06,977.0,985.0,965.0,972.0
2026-07-07,965.0,981.0,954.0,955.0
2026-07-08,956.0,966.0,896.0,896.0
2026-07-09,911.0,924.0,886.0,900.0
2026-07-10,904.0,926.0,891.0,919.0
2026-07-13,916.0,932.0,893.0,896.0
2026-07-14,893.0,919.0,893.0,908.0
2026-07-15,907.0,944.0,900.0,943.0
2026-07-16,933.0,972.0,932.0,937.0
2026-07-17,933.0,938.0,892.0,909.0
2026-07-21,909.0,926.0,903.0,912.0
2026-07-22,924.0,938.0,912.0,921.0
2026-07-23,916.0,922.0,897.0,905.0
2026-07-24,900.0,908.0,895.0,903.0
2026-07-27,903.0,911.0,890.0,901.0
2026-07-28,903.0,905.0,867.0,867.0
2026-07-29,882.0,886.0,852.0,870.0
2026-07-30,862.0,871.0,850.0,854.0
2026-07-31,869.0,888.0,852.0,876.0
2026-08-03,861.0,862.0,833.0,853.0
2026-08-04,845.0,873.0,838.0,859.0
2026-08-05,862.0,883.0,862.0,879.0
2026-08-06,886.0,893.0,865.0,869.0
2026-08-07,874.0,874.0,854.0,865.0
2026-08-10,853.0,933.0,849.0,926.0
2026-08-12,919.0,1012.0,906.0,1002.0
2026-08-13,1020.0,1095.0,1020.0,1087.0
2026-08-14,1088.0,1140.0,1088.0,1105.0
2026-08-17,1108.0,1157.0,1096.0,1104.0
2026-08-18,1097.0,1151.0,1092.0,1111.0
2026-08-19,1112.0,1178.0,1112.0,1167.0
2026-08-20,1182.0,1216.0,1129.0,1133.0
2026-08-21,1144.0,1153.0,1101.0,1103.0
2026-08-24,1110.0,1126.0,1095.0,1098.0
2026-08-25,1091.0,1111.0,1086.0,1108.0
2026-08-26,1120.0,1144.0,1102.0,1116.0
2026-08-27,1143.0,1150.0,1102.0,1110.0
2026-08-28,1119.0,1150.0,1112.0,1122.0
2026-08-31,1120.0,1149.0,1115.0,1136.0
2026-09-01,1152.0,1167.0,1118.0,1125.0
2026-09-02,1109.0,1163.0,1100.0,1150.0
2026-09-03,1151.0,1190.0,1129.0,1180.0
2026-09-04,1188.0,1191.0,1123.0,1140.0
2026-09-07,1170.0,1210.0,1159.0,1168.0
2026-09-08,1198.0,1256.0,1184.0,1234.0
2026-09-09,1220.0,1225.0,1190.0,1190.0
