Date,Open,High,Low,Close
2001-04-20,227.5,227.5,212.5,214.0
2001-04-23,210.0,215.0,200.0,207.5
2001-04-24,205.5,235.0,200.0,230.0
2001-04-25,232.5,250.0,230.0,241.5
2001-04-26,232.5,250.0,230.0,241.5
2001-04-27,280.0,320.0,277.5,306.5
2001-04-30,306.5,306.5,306.5,306.5
2001-05-01,307.5,332.5,305.0,317.5
2001-05-02,320.0,320.0,282.5,295.0
2001-05-03,295.0,295.0,295.0,295.0
2001-05-04,295.0,295.0,295.0,295.0
2001-05-07,295.0,340.0,295.0,340.0
2001-05-08,335.0,350.0,322.5,325.0
2001-05-09,322.5,347.5,302.5,342.5
2001-05-10,342.5,380.0,340.0,347.5
2001-05-11,340.0,380.0,340.0,365.0
2001-05-14,370.0,370.0,335.0,362.5
2001-05-15,362.5,362.5,345.0,350.0
2001-05-16,345.0,360.0,325.0,345.0
2001-05-17,350.0,350.0,335.0,337.5
2001-05-18,337.5,337.5,332.5,335.0
2001-05-21,332.5,332.5,315.0,320.0
2001-05-22,315.0,315.0,292.5,300.0
2001-05-23,300.0,300.0,277.5,287.5
2001-05-24,285.0,285.0,270.0,275.0
2001-05-25,275.0,320.0,270.0,315.0
2001-05-28,317.5,337.5,315.0,337.5
2001-05-29,340.0,352.5,315.0,315.0
2001-05-30,315.0,317.5,300.0,315.0
2001-05-31,315.0,320.0,310.0,310.0
2001-06-01,300.0,305.0,292.5,295.0
2001-06-04,295.0,295.0,280.0,280.0
2001-06-05,280.0,292.5,275.0,287.5
2001-06-06,287.5,287.5,277.5,277.5
2001-06-07,282.5,285.0,280.0,282.5
2001-06-08,285.0,287.5,282.5,287.5
2001-06-11,290.0,292.5,287.5,290.0
2001-06-12,290.0,290.0,275.0,275.0
2001-06-13,275.0,277.5,272.5,277.5
2001-06-14,280.0,280.0,275.0,277.5
2001-06-15,280.0,280.0,272.5,275.0
2001-06-18,275.0,275.0,275.0,275.0
2001-06-19,272.5,275.0,272.5,272.5
2001-06-20,272.5,272.5,270.0,270.0
2001-06-21,272.5,275.0,270.0,270.0
2001-06-22,270.0,272.5,270.0,272.5
2001-06-25,272.5,272.5,272.5,272.5
2001-06-26,272.5,295.0,272.5,295.0
2001-06-27,300.0,300.0,295.0,295.0
2001-06-28,295.0,297.5,292.5,295.0
2001-06-29,292.5,295.0,292.5,295.0
2001-07-02,290.0,292.5,290.0,292.5
2001-07-03,290.0,292.5,287.5,290.0
2001-07-04,285.0,285.0,265.0,267.5
2001-07-05,270.0,270.0,255.0,257.5
2001-07-06,260.0,270.0,257.5,267.5
2001-07-09,267.5,267.5,265.0,267.5
2001-07-10,270.0,270.0,267.5,270.0
2001-07-11,270.0,272.5,270.0,272.5
2001-07-12,277.5,282.5,277.5,280.0
2001-07-13,277.5,280.0,277.5,280.0
2001-07-16,280.0,281.5,280.0,280.0
2001-07-17,277.5,292.5,250.0,280.0
2001-07-18,275.0,282.5,275.0,280.0
2001-07-19,275.0,275.0,275.0,275.0
2001-07-20,275.0,275.0,275.0,275.0
2001-07-23,272.5,275.0,272.5,275.0
2001-07-24,272.5,279.5,272.5,272.5
2001-07-25,276.0,276.0,276.0,276.0
2001-07-26,280.0,280.0,277.5,280.0
2001-07-27,275.0,276.0,267.5,272.5
2001-07-30,267.5,280.0,267.5,275.0
2001-07-31,272.5,272.5,267.5,270.0
2001-08-01,267.5,267.5,255.0,255.0
2001-08-02,255.5,255.5,255.5,255.5
2001-08-03,250.0,257.5,250.0,256.5
2001-08-06,260.0,265.0,259.0,261.5
2001-08-07,265.0,265.0,262.5,262.5
2001-08-08,265.0,265.0,260.0,260.0
2001-08-09,260.0,262.5,260.0,260.0
2001-08-10,260.0,260.0,260.0,260.0
2001-08-13,260.0,260.0,257.5,257.5
2001-08-14,257.5,257.5,255.0,255.0
2001-08-15,252.5,254.0,250.0,250.0
2001-08-16,250.0,250.0,250.0,250.0
2001-08-17,250.0,250.0,250.0,250.0
2001-08-20,250.0,250.0,250.0,250.0
2001-08-21,250.0,250.0,247.5,247.5
2001-08-22,247.5,250.0,245.0,247.5
2001-08-23,245.5,250.0,245.5,245.5
2001-08-24,247.5,247.5,245.0,245.0
2001-08-27,245.0,245.0,245.0,245.0
2001-08-28,245.0,245.0,243.5,245.0
2001-08-29,245.0,247.5,245.0,247.5
2001-08-30,245.0,245.0,242.5,245.0
2001-08-31,242.5,242.5,242.5,242.5
2001-09-03,245.0,245.0,242.5,245.0
2001-09-04,242.5,245.0,240.0,245.0
2001-09-05,242.5,242.5,242.5,242.5
2001-09-06,242.5,245.0,242.5,242.5
2001-09-07,242.5,242.5,235.0,240.0
2001-09-10,240.0,240.0,240.0,240.0
2001-09-11,235.0,240.0,235.0,240.0
2001-09-12,232.5,237.5,225.0,232.5
2001-09-13,232.5,232.5,229.5,232.5
2001-09-14,232.5,232.5,230.0,230.0
2001-09-17,230.0,230.0,227.5,230.0
2001-09-18,227.5,230.0,225.0,230.0
2001-09-19,227.5,227.5,227.5,227.5
2001-09-20,230.0,230.0,227.5,230.0
2001-09-21,226.5,230.0,225.0,225.0
2001-09-24,225.0,225.0,225.0,225.0
2001-09-25,225.0,225.0,225.0,225.0
2001-09-26,225.0,225.0,225.0,225.0
2001-09-27,225.0,225.0,220.0,225.0
2001-09-28,225.0,225.0,225.0,225.0
2001-10-01,212.5,212.5,205.0,210.0
2001-10-02,205.0,212.5,205.0,205.0
2001-10-03,207.5,212.5,207.5,207.5
2001-10-04,205.0,212.5,205.0,205.0
2001-10-05,210.0,210.0,205.0,210.0
2001-10-08,210.0,210.0,210.0,210.0
2001-10-09,205.0,210.0,205.0,210.0
2001-10-10,210.0,212.5,207.5,210.0
2001-10-11,207.5,215.0,207.5,207.5
2001-10-12,207.5,210.0,205.0,210.0
2001-10-15,205.0,212.5,205.0,205.0
2001-10-16,210.0,210.0,206.0,210.0
2001-10-17,210.0,210.0,205.0,205.0
2001-10-18,207.5,210.0,207.5,210.0
2001-10-19,222.5,222.5,222.5,222.5
2001-10-22,205.0,250.0,205.0,250.0
2001-10-23,225.0,245.0,225.0,225.0
2001-10-24,225.0,225.0,225.0,225.0
2001-10-25,227.5,245.0,227.5,227.5
2001-10-26,236.0,250.0,236.0,236.0
2001-10-29,242.5,243.0,242.5,243.0
2001-10-30,242.5,243.0,242.5,243.0
2001-10-31,242.5,243.0,242.5,243.0
2001-11-01,242.5,243.0,242.5,243.0
2001-11-02,242.5,242.5,242.5,242.5
2001-11-05,242.5,242.5,242.5,242.5
2001-11-06,240.0,252.5,240.0,240.0
2001-11-07,240.0,240.0,235.0,235.0
2001-11-08,227.5,230.0,227.5,230.0
2001-11-09,230.0,230.0,230.0,230.0
2001-11-12,225.0,225.0,225.0,225.0
2001-11-13,210.0,225.0,210.0,210.0
2001-11-14,210.0,222.5,210.0,210.0
2001-11-15,210.0,222.5,210.0,210.0
2001-11-16,210.0,210.0,210.0,210.0
2001-11-19,215.0,215.0,200.0,205.0
2001-11-20,202.5,202.5,200.0,202.5
2001-11-21,202.5,202.5,202.5,202.5
2001-11-22,202.5,202.5,202.5,202.5
2001-11-23,202.5,202.5,202.5,202.5
2001-11-26,202.5,207.5,202.5,202.5
2001-11-27,204.0,204.0,204.0,204.0
2001-11-28,204.0,204.0,204.0,204.0
2001-11-29,204.0,204.0,204.0,204.0
2001-11-30,204.0,204.0,202.5,202.5
2001-12-03,200.0,205.0,200.0,200.0
2001-12-04,200.0,204.5,200.0,200.0
2001-12-05,200.0,202.5,200.0,202.5
2001-12-06,200.0,204.5,200.0,200.0
2001-12-07,202.5,205.0,202.5,202.5
2001-12-10,202.5,205.0,200.0,203.5
2001-12-11,203.5,203.5,203.5,203.5
2001-12-12,203.5,203.5,203.5,203.5
2001-12-13,203.5,220.0,203.5,220.0
2001-12-14,210.0,220.0,210.0,220.0
2001-12-17,220.0,220.0,210.0,210.0
2001-12-18,215.0,215.0,210.0,210.0
2001-12-19,202.5,212.5,202.5,202.5
2001-12-20,202.5,202.5,202.5,202.5
2001-12-21,200.0,205.0,200.0,202.5
2001-12-24,202.5,202.5,202.5,202.5
2001-12-25,200.0,205.0,197.5,202.5
2001-12-26,202.5,205.0,202.5,202.5
2001-12-27,203.5,203.5,203.5,203.5
2001-12-28,202.5,203.5,202.5,203.5
2001-12-31,203.5,203.5,203.5,203.5
2002-01-01,203.5,203.5,203.5,203.5
2002-01-02,203.5,203.5,203.5,203.5
2002-01-03,203.5,203.5,203.5,203.5
2002-01-04,203.5,205.0,203.5,203.5
2002-01-07,204.0,205.0,204.0,204.0
2002-01-08,205.0,205.0,205.0,205.0
2002-01-09,205.0,205.0,205.0,205.0
2002-01-10,202.5,207.5,202.5,202.5
2002-01-11,202.5,207.5,202.5,202.5
2002-01-14,202.5,202.5,202.5,202.5
2002-01-15,202.5,205.0,202.5,205.0
2002-01-16,200.0,200.0,200.0,200.0
2002-01-17,195.0,207.5,195.0,195.0
2002-01-18,205.0,205.0,205.0,205.0
2002-01-21,202.5,206.5,202.5,205.0
2002-01-22,202.5,202.5,202.5,202.5
2002-01-23,205.0,205.0,205.0,205.0
2002-01-24,200.0,200.0,200.0,200.0
2002-01-25,200.0,200.0,200.0,200.0
2002-01-28,200.0,200.0,200.0,200.0
2002-01-29,200.0,200.0,200.0,200.0
2002-01-30,200.0,205.0,200.0,200.0
2002-01-31,200.0,200.0,200.0,200.0
2002-02-01,202.5,202.5,202.5,202.5
2002-02-04,200.0,200.0,200.0,200.0
2002-02-05,200.0,200.0,192.5,195.0
2002-02-06,192.5,200.0,192.5,192.5
2002-02-07,192.5,192.5,192.5,192.5
2002-02-08,197.5,197.5,197.5,197.5
2002-02-11,197.5,197.5,197.5,197.5
2002-02-12,195.0,197.5,195.0,195.0
2002-02-13,192.5,195.0,192.5,192.5
2002-02-14,188.0,197.5,188.0,188.0
2002-02-15,195.0,195.0,195.0,195.0
2002-02-18,195.0,195.0,195.0,195.0
2002-02-19,185.0,195.0,185.0,185.0
2002-02-20,185.0,195.0,185.0,185.0
2002-02-21,190.0,190.0,187.5,190.0
2002-02-22,185.0,195.0,185.0,185.0
2002-02-25,190.0,195.0,190.0,190.0
2002-02-26,185.0,192.5,185.0,192.5
2002-02-27,192.5,192.5,192.5,192.5
2002-02-28,192.5,195.0,192.5,192.5
2002-03-01,192.5,192.5,192.5,192.5
2002-03-04,185.0,190.0,182.5,190.0
2002-03-05,182.5,195.0,182.5,182.5
2002-03-06,192.5,194.5,192.5,192.5
2002-03-07,200.0,200.0,200.0,200.0
2002-03-08,197.5,197.5,195.0,195.0
2002-03-11,190.0,197.5,190.0,197.5
2002-03-12,200.0,200.0,197.5,197.5
2002-03-13,192.5,192.5,192.5,192.5
2002-03-14,195.0,195.0,195.0,195.0
2002-03-15,185.0,195.0,185.0,185.0
2002-03-18,195.0,195.0,195.0,195.0
2002-03-19,195.0,195.0,195.0,195.0
2002-03-20,185.0,195.0,185.0,185.0
2002-03-21,185.0,185.0,185.0,185.0
2002-03-22,185.0,192.5,185.0,185.0
2002-03-25,195.0,198.0,188.0,195.0
2002-03-26,180.0,195.0,180.0,180.0
2002-03-27,190.0,190.0,190.0,190.0
2002-03-28,180.0,195.0,180.0,180.0
2002-03-29,180.0,195.0,180.0,180.0
2002-04-01,180.0,195.0,180.0,180.0
2002-04-02,180.0,195.0,180.0,180.0
2002-04-03,180.0,195.0,180.0,180.0
2002-04-04,180.0,195.0,180.0,180.0
2002-04-05,180.0,195.0,180.0,180.0
2002-04-08,180.0,190.0,180.0,190.0
2002-04-09,177.5,192.5,177.5,177.5
2002-04-10,175.0,192.5,175.0,175.0
2002-04-11,175.0,192.5,175.0,175.0
2002-04-12,192.5,192.5,192.5,192.5
2002-04-15,181.0,192.5,181.0,181.0
2002-04-16,181.0,192.5,181.0,181.0
2002-04-17,192.5,192.5,185.0,190.0
2002-04-18,185.0,202.5,185.0,185.0
2002-04-19,185.5,202.5,185.5,185.5
2002-04-22,185.0,185.5,170.0,175.0
2002-04-23,165.0,170.0,165.0,165.0
2002-04-24,165.0,165.0,165.0,165.0
2002-04-25,165.0,167.5,165.0,167.5
2002-04-26,167.5,167.5,167.0,167.5
2002-04-29,167.5,167.5,167.5,167.5
2002-04-30,170.0,177.5,167.5,177.5
2002-05-01,174.5,180.0,174.5,180.0
2002-05-02,184.0,185.0,180.0,184.0
2002-05-03,184.0,184.0,184.0,184.0
2002-05-06,184.0,184.0,184.0,184.0
2002-05-07,190.0,190.0,185.0,185.0
2002-05-08,182.5,192.5,182.5,182.5
2002-05-09,182.5,182.5,165.0,165.0
2002-05-10,160.0,175.0,160.0,160.0
2002-05-13,160.0,175.0,160.0,160.0
2002-05-14,159.5,165.0,159.5,165.0
2002-05-15,160.0,170.0,160.0,160.0
2002-05-16,170.0,180.0,165.0,170.0
2002-05-17,162.5,162.5,162.5,162.5
2002-05-20,163.0,180.0,163.0,163.0
2002-05-21,165.0,180.0,165.0,165.0
2002-05-22,165.0,170.0,165.0,170.0
2002-05-23,169.0,175.0,169.0,169.0
2002-05-24,170.0,172.0,170.0,172.0
2002-05-27,180.0,180.0,172.5,180.0
2002-05-28,182.5,185.5,182.5,185.5
2002-05-29,195.0,255.0,195.0,250.0
2002-05-30,250.0,260.0,237.5,238.0
2002-05-31,232.5,232.5,212.5,225.0
2002-06-03,205.0,210.0,195.0,210.0
2002-06-04,195.0,215.0,195.0,195.0
2002-06-05,195.0,215.0,195.0,195.0
2002-06-06,195.0,215.0,195.0,195.0
2002-06-07,195.0,195.0,195.0,195.0
2002-06-10,195.5,210.0,195.5,195.5
2002-06-11,200.0,202.5,200.0,202.5
2002-06-12,202.5,210.0,202.5,202.5
2002-06-13,205.0,212.5,205.0,212.5
2002-06-14,215.0,225.0,212.5,225.0
2002-06-17,225.0,225.0,217.5,217.5
2002-06-18,210.0,222.5,210.0,210.0
2002-06-19,210.0,222.5,210.0,210.0
2002-06-20,210.0,210.0,210.0,210.0
2002-06-21,210.0,210.0,210.0,210.0
2002-06-24,202.5,202.5,195.0,195.0
2002-06-25,210.0,217.5,205.5,212.5
2002-06-26,215.0,230.0,210.0,215.0
2002-06-27,215.0,215.0,190.0,195.0
2002-06-28,190.0,210.0,190.0,190.0
2002-07-01,180.5,210.0,180.5,180.5
2002-07-02,181.0,210.0,181.0,181.0
2002-07-03,192.5,210.0,192.5,192.5
2002-07-04,197.5,200.0,197.5,200.0
2002-07-05,210.0,220.0,210.0,215.0
2002-07-08,220.0,220.0,220.0,220.0
2002-07-09,210.0,225.0,210.0,210.0
2002-07-10,210.0,210.0,210.0,210.0
2002-07-11,205.0,205.0,195.0,195.0
2002-07-12,192.5,200.0,192.5,192.5
2002-07-15,190.0,200.0,190.0,190.0
2002-07-16,195.0,195.0,195.0,195.0
2002-07-17,185.0,187.5,175.0,185.0
2002-07-18,192.5,192.5,192.5,192.5
2002-07-19,187.5,187.5,187.5,187.5
2002-07-22,185.0,185.0,185.0,185.0
2002-07-23,190.0,190.0,190.0,190.0
2002-07-24,185.0,190.0,185.0,190.0
2002-07-25,190.0,195.0,190.0,195.0
2002-07-26,195.0,200.0,195.0,200.0
2002-07-29,200.0,207.5,200.0,205.0
2002-07-30,205.0,207.5,205.0,207.5
2002-07-31,207.5,207.5,205.0,207.5
2002-08-01,197.5,207.5,197.5,197.5
2002-08-02,197.5,207.5,197.5,197.5
2002-08-05,197.5,207.5,197.5,197.5
2002-08-06,197.5,197.5,197.5,197.5
2002-08-07,187.5,187.5,185.0,187.5
2002-08-08,185.0,192.5,185.0,185.0
2002-08-09,185.0,192.5,185.0,185.0
2002-08-12,185.0,192.5,185.0,185.0
2002-08-13,185.0,192.5,185.0,185.0
2002-08-14,185.0,185.0,185.0,185.0
2002-08-15,175.0,185.0,175.0,175.0
2002-08-16,185.0,185.0,180.0,180.0
2002-08-19,182.5,190.0,182.5,182.5
2002-08-20,185.0,187.5,185.0,185.0
2002-08-21,187.5,187.5,187.5,187.5
2002-08-22,187.5,187.5,187.5,187.5
2002-08-23,187.5,187.5,187.5,187.5
2002-08-26,192.5,197.5,190.0,197.5
2002-08-27,197.5,197.5,197.5,197.5
2002-08-28,195.0,200.0,195.0,195.0
2002-08-29,195.0,195.0,195.0,195.0
2002-08-30,190.0,197.5,190.0,190.0
2002-09-02,190.0,200.0,190.0,190.0
2002-09-03,195.0,195.0,195.0,195.0
2002-09-04,187.5,192.5,187.5,187.5
2002-09-05,187.5,187.5,187.5,187.5
2002-09-06,182.5,190.0,182.5,182.5
2002-09-09,185.0,190.0,185.0,185.0
2002-09-10,185.0,185.0,185.0,185.0
2002-09-11,187.5,190.0,187.5,187.5
2002-09-12,187.5,200.0,187.5,187.5
2002-09-13,190.0,190.0,190.0,190.0
2002-09-16,190.0,190.0,190.0,190.0
2002-09-17,187.5,190.0,187.5,190.0
2002-09-18,182.5,187.5,182.5,182.5
2002-09-19,187.5,187.5,187.5,187.5
2002-09-20,187.5,195.0,187.5,187.5
2002-09-23,187.5,187.5,187.5,187.5
2002-09-24,195.0,202.5,195.0,202.5
2002-09-25,203.0,215.0,203.0,203.0
2002-09-26,207.5,215.0,202.5,215.0
2002-09-27,215.0,215.0,215.0,215.0
2002-09-30,212.5,220.0,212.5,212.5
2002-10-01,216.0,216.0,210.0,210.0
2002-10-02,205.0,205.0,205.0,205.0
2002-10-03,200.0,205.0,200.0,200.0
2002-10-04,202.5,202.5,202.5,202.5
2002-10-07,202.5,202.5,200.0,200.0
2002-10-08,182.5,182.5,182.5,182.5
2002-10-09,182.5,185.0,182.5,182.5
2002-10-10,185.0,185.0,178.0,178.0
2002-10-11,200.0,215.0,190.0,195.0
2002-10-14,195.0,195.0,195.0,195.0
2002-10-15,200.0,200.0,200.0,200.0
2002-10-16,195.0,195.0,195.0,195.0
2002-10-17,192.5,192.5,190.0,190.0
2002-10-18,190.5,197.5,190.5,197.5
2002-10-21,195.0,200.0,195.0,195.0
2002-10-22,190.0,197.5,190.0,190.0
2002-10-23,200.0,200.0,200.0,200.0
2002-10-24,200.0,200.0,195.0,200.0
2002-10-25,195.0,197.5,195.0,197.5
2002-10-28,200.0,200.0,200.0,200.0
2002-10-29,195.0,195.0,195.0,195.0
2002-10-30,195.0,197.5,195.0,195.0
2002-10-31,195.0,195.0,195.0,195.0
2002-11-01,197.5,197.5,197.5,197.5
2002-11-04,197.5,197.5,197.5,197.5
2002-11-05,195.0,200.0,195.0,195.0
2002-11-06,195.0,195.0,195.0,195.0
2002-11-07,192.5,197.5,192.5,192.5
2002-11-08,192.5,197.5,192.5,192.5
2002-11-11,195.0,197.5,195.0,197.5
2002-11-12,192.5,197.5,192.5,197.5
2002-11-13,192.5,200.0,192.5,192.5
2002-11-14,192.5,197.5,192.5,197.5
2002-11-15,192.5,200.0,192.5,192.5
2002-11-18,192.5,200.0,192.5,192.5
2002-11-19,192.5,192.5,192.5,192.5
2002-11-20,192.5,192.5,190.0,192.5
2002-11-21,195.0,195.0,195.0,195.0
2002-11-22,197.5,200.0,197.5,200.0
2002-11-25,200.0,210.0,200.0,210.0
2002-11-26,210.0,215.0,210.0,215.0
2002-11-27,212.5,215.0,195.0,195.0
2002-11-28,187.5,200.0,187.5,187.5
2002-11-29,190.0,190.0,185.0,185.0
2002-12-02,185.0,185.0,185.0,185.0
2002-12-03,190.0,190.0,180.0,185.0
2002-12-04,190.0,190.0,190.0,190.0
2002-12-05,195.0,195.0,195.0,195.0
2002-12-06,182.5,195.0,182.5,182.5
2002-12-09,182.5,195.0,182.5,182.5
2002-12-10,187.5,188.5,182.5,187.5
2002-12-11,190.0,192.5,190.0,192.5
2002-12-12,192.5,200.0,192.5,200.0
2002-12-13,200.0,202.5,200.0,200.0
2002-12-16,200.0,200.0,200.0,200.0
2002-12-17,197.5,200.0,197.5,200.0
2002-12-18,197.5,197.5,197.5,197.5
2002-12-19,190.0,190.0,190.0,190.0
2002-12-20,190.0,190.0,187.5,187.5
2002-12-23,187.5,187.5,187.5,187.5
2002-12-24,190.0,205.0,190.0,205.0
2002-12-25,205.0,210.0,205.0,210.0
2002-12-26,210.0,212.5,210.0,212.5
2002-12-27,212.5,212.5,212.5,212.5
2002-12-30,197.5,210.0,197.5,197.5
2002-12-31,197.5,197.5,197.5,197.5
2003-01-01,197.5,197.5,197.5,197.5
2003-01-02,197.5,197.5,197.5,197.5
2003-01-03,197.5,197.5,197.5,197.5
2003-01-06,215.0,215.0,200.0,200.0
2003-01-07,200.0,215.0,200.0,200.0
2003-01-08,200.0,200.0,195.0,195.0
2003-01-09,192.5,195.0,192.5,195.0
2003-01-10,192.5,200.0,192.5,192.5
2003-01-13,192.5,192.5,192.5,192.5
2003-01-14,200.0,200.0,200.0,200.0
2003-01-15,200.0,205.0,200.0,200.0
2003-01-16,197.5,205.0,197.5,197.5
2003-01-17,205.0,205.0,205.0,205.0
2003-01-20,202.5,202.5,195.0,195.0
2003-01-21,197.5,202.5,197.5,197.5
2003-01-22,199.0,202.5,199.0,199.0
2003-01-23,202.5,205.0,202.5,205.0
2003-01-24,205.0,215.0,205.0,215.0
2003-01-27,215.0,217.5,214.5,217.5
2003-01-28,220.0,220.0,217.5,217.5
2003-01-29,215.5,220.0,215.5,215.5
2003-01-30,215.5,217.5,215.5,217.5
2003-01-31,215.0,217.5,215.0,217.5
2003-02-03,215.5,222.5,215.5,215.5
2003-02-04,220.0,220.0,220.0,220.0
2003-02-05,215.5,222.5,215.5,215.5
2003-02-06,222.5,222.5,222.5,222.5
2003-02-07,222.5,227.5,222.5,222.5
2003-02-10,222.5,222.5,222.5,222.5
2003-02-11,222.5,222.5,222.5,222.5
2003-02-12,227.5,227.5,222.5,222.5
2003-02-13,222.5,232.5,222.5,222.5
2003-02-14,222.5,222.5,221.5,221.5
2003-02-17,220.0,222.5,220.0,222.5
2003-02-18,220.0,220.0,220.0,220.0
2003-02-19,220.0,230.0,220.0,220.0
2003-02-20,222.5,227.5,222.5,227.5
2003-02-21,227.5,227.5,227.5,227.5
2003-02-24,225.0,232.5,225.0,225.0
2003-02-25,232.5,235.0,232.5,235.0
2003-02-26,235.0,240.0,232.5,237.5
2003-02-27,237.5,237.5,237.5,237.5
2003-02-28,240.0,240.0,240.0,240.0
2003-03-03,240.0,240.0,240.0,240.0
2003-03-04,240.0,245.0,240.0,240.0
2003-03-05,242.5,245.0,242.5,242.5
2003-03-06,237.5,240.0,235.0,240.0
2003-03-07,235.0,245.0,235.0,235.0
2003-03-10,235.0,235.0,235.0,235.0
2003-03-11,230.0,240.0,230.0,230.0
2003-03-12,230.0,230.0,230.0,230.0
2003-03-13,225.0,235.0,225.0,225.0
2003-03-14,225.0,235.0,225.0,225.0
2003-03-17,225.0,230.0,215.0,230.0
2003-03-18,224.5,235.0,224.5,224.5
2003-03-19,224.5,235.0,224.5,224.5
2003-03-20,230.0,230.0,230.0,230.0
2003-03-21,230.0,230.0,230.0,230.0
2003-03-24,230.0,230.0,230.0,230.0
2003-03-25,230.0,230.0,228.0,228.0
2003-03-26,210.0,230.0,210.0,210.0
2003-03-27,205.0,205.0,205.0,205.0
2003-03-28,200.0,210.0,200.0,200.0
2003-03-31,210.0,212.5,207.5,212.5
2003-04-01,207.5,215.0,207.5,207.5
2003-04-02,207.5,215.0,207.5,207.5
2003-04-03,215.0,215.0,210.0,210.0
2003-04-04,211.0,215.0,210.0,215.0
2003-04-07,215.0,230.0,215.0,225.0
2003-04-08,222.5,225.0,222.5,225.0
2003-04-09,220.0,230.0,220.0,220.0
2003-04-10,225.0,230.0,225.0,225.0
2003-04-11,220.0,227.5,220.0,220.0
2003-04-14,220.0,220.0,220.0,220.0
2003-04-15,225.0,237.5,222.5,230.0
2003-04-16,225.0,227.5,225.0,225.0
2003-04-17,225.0,225.0,223.0,225.0
2003-04-18,225.0,225.0,225.0,225.0
2003-04-21,227.5,227.5,225.0,225.0
2003-04-22,230.0,232.5,225.0,232.5
2003-04-23,230.0,245.0,230.0,230.0
2003-04-24,245.0,250.0,237.5,250.0
2003-04-25,250.0,257.5,250.0,257.5
2003-04-28,260.0,262.5,260.0,262.5
2003-04-29,262.5,262.5,262.5,262.5
2003-04-30,265.0,267.5,262.5,267.5
2003-05-01,267.5,275.0,267.5,275.0
2003-05-02,275.0,275.0,275.0,275.0
2003-05-05,275.0,275.0,275.0,275.0
2003-05-06,275.0,275.0,275.0,275.0
2003-05-07,275.0,275.0,275.0,275.0
2003-05-08,280.0,280.0,280.0,280.0
2003-05-09,275.0,280.0,275.0,275.0
2003-05-12,280.0,280.0,277.5,277.5
2003-05-13,280.0,280.0,280.0,280.0
2003-05-14,275.0,282.5,275.0,275.0
2003-05-15,280.0,280.5,277.5,277.5
2003-05-16,275.0,277.5,275.0,277.5
2003-05-19,275.0,282.5,275.0,275.0
2003-05-20,275.0,275.0,275.0,275.0
2003-05-21,276.5,285.0,275.0,275.0
2003-05-22,265.5,275.0,265.5,275.0
2003-05-23,272.5,275.0,272.5,275.0
2003-05-26,290.0,315.0,290.0,315.0
2003-05-27,317.5,326.0,315.0,325.0
2003-05-28,327.5,330.0,327.5,330.0
2003-05-29,335.0,357.5,335.0,352.5
2003-05-30,362.5,382.5,358.0,367.5
2003-06-02,375.0,417.5,375.0,417.5
2003-06-03,420.0,420.0,400.5,400.5
2003-06-04,400.5,410.0,400.0,410.0
2003-06-05,410.0,425.0,410.0,417.5
2003-06-06,410.0,410.0,400.0,400.0
2003-06-09,405.0,410.0,400.0,410.0
2003-06-10,410.0,415.0,410.0,415.0
2003-06-11,405.0,405.0,405.0,405.0
2003-06-12,400.0,410.0,400.0,410.0
2003-06-13,410.0,410.0,405.0,405.0
2003-06-16,404.5,404.5,400.5,400.5
2003-06-17,407.5,410.0,407.5,410.0
2003-06-18,410.5,411.0,410.0,410.5
2003-06-19,410.0,410.0,406.0,406.0
2003-06-20,406.0,415.0,406.0,415.0
2003-06-23,400.5,412.5,400.5,400.5
2003-06-24,390.5,406.5,390.5,390.5
2003-06-25,399.0,399.0,398.5,398.5
2003-06-26,397.5,398.5,397.5,397.5
2003-06-27,398.5,400.0,397.5,397.5
2003-06-30,397.0,400.0,397.0,397.0
2003-07-01,405.0,405.0,400.0,400.0
2003-07-02,400.0,404.5,400.0,400.0
2003-07-03,400.0,400.0,400.0,400.0
2003-07-04,400.0,400.0,400.0,400.0
2003-07-07,397.5,397.5,397.5,397.5
2003-07-08,394.5,394.5,390.0,390.0
2003-07-09,365.0,380.0,365.0,380.0
2003-07-10,376.5,376.5,375.0,375.0
2003-07-11,372.5,375.0,355.5,355.5
2003-07-14,360.5,380.0,360.5,360.5
2003-07-15,350.0,350.0,350.0,350.0
2003-07-16,350.0,350.0,350.0,350.0
2003-07-17,350.0,350.0,350.0,350.0
2003-07-18,350.0,352.5,350.0,350.0
2003-07-21,350.0,350.0,350.0,350.0
2003-07-22,350.0,350.0,350.0,350.0
2003-07-23,350.0,350.0,350.0,350.0
2003-07-24,354.5,354.5,350.5,350.5
2003-07-25,351.0,362.5,351.0,362.5
2003-07-28,368.0,395.0,368.0,380.5
2003-07-29,390.0,405.0,390.0,405.0
2003-07-30,405.0,415.0,405.0,415.0
2003-07-31,415.0,415.0,410.0,415.0
2003-08-01,410.0,410.0,410.0,410.0
2003-08-04,410.5,410.5,409.5,409.5
2003-08-05,402.5,402.5,402.5,402.5
2003-08-06,380.0,397.5,380.0,380.0
2003-08-07,400.5,400.5,400.0,400.0
2003-08-08,395.0,400.0,395.0,400.0
2003-08-11,390.0,390.0,390.0,390.0
2003-08-12,390.0,392.5,390.0,392.5
2003-08-13,390.0,395.0,387.5,395.0
2003-08-14,395.0,425.0,395.0,425.0
2003-08-15,455.0,460.0,455.0,455.0
2003-08-18,485.0,491.0,480.0,485.0
2003-08-19,485.0,535.0,485.0,535.0
2003-08-20,635.0,635.0,630.0,635.0
2003-08-21,645.0,675.0,625.0,655.0
2003-08-22,635.0,635.0,590.0,625.0
2003-08-25,635.0,680.0,625.0,675.0
2003-08-26,685.0,700.0,675.0,690.0
2003-08-27,690.0,695.0,690.0,695.0
2003-08-28,690.0,690.0,650.0,665.0
2003-08-29,660.0,675.0,650.0,675.0
2003-09-01,670.0,675.0,655.0,675.0
2003-09-02,650.0,650.0,620.0,640.0
2003-09-03,640.0,640.0,640.0,640.0
2003-09-04,590.0,610.0,575.0,600.0
2003-09-05,575.0,595.0,570.0,595.0
2003-09-08,600.0,670.0,590.0,650.0
2003-09-09,650.0,660.0,645.0,645.0
2003-09-10,610.0,625.0,610.0,625.0
2003-09-11,590.0,610.0,590.0,590.0
2003-09-12,600.0,610.0,600.0,600.0
2003-09-15,600.0,600.0,600.0,600.0
2003-09-16,605.0,605.0,605.0,605.0
2003-09-17,590.0,590.0,580.0,580.0
2003-09-18,580.0,580.0,575.0,575.0
2003-09-19,575.0,575.0,575.0,575.0
2003-09-22,525.0,525.0,525.0,525.0
2003-09-23,525.0,525.0,525.0,525.0
2003-09-24,505.0,510.0,505.0,510.0
2003-09-25,510.0,575.0,510.0,555.0
2003-09-26,560.0,650.0,560.0,650.0
2003-09-29,650.0,660.0,630.0,650.0
2003-09-30,650.0,650.0,630.0,640.0
2003-10-01,635.0,650.0,630.0,630.0
2003-10-02,625.0,650.0,625.0,650.0
2003-10-03,660.0,660.0,660.0,660.0
2003-10-06,670.0,670.0,670.0,670.0
2003-10-07,625.0,625.0,625.0,625.0
2003-10-08,605.0,620.0,605.0,605.0
2003-10-09,605.0,625.0,605.0,605.0
2003-10-10,625.0,655.0,625.0,625.0
2003-10-13,625.0,625.0,625.0,625.0
2003-10-14,625.0,625.0,625.0,625.0
2003-10-15,625.0,625.0,605.0,605.0
2003-10-16,595.0,625.0,590.0,625.0
2003-10-17,625.0,650.0,625.0,625.0
2003-10-20,625.0,625.0,625.0,625.0
2003-10-21,635.0,635.0,600.0,600.0
2003-10-22,580.0,635.0,580.0,580.0
2003-10-23,555.0,555.0,555.0,555.0
2003-10-24,560.0,560.0,560.0,560.0
2003-10-27,625.0,625.0,615.0,615.0
2003-10-28,650.0,650.0,645.0,650.0
2003-10-29,605.0,650.0,605.0,605.0
2003-10-30,645.0,645.0,645.0,645.0
2003-10-31,560.0,645.0,560.0,560.0
2003-11-03,560.0,560.0,560.0,560.0
2003-11-04,630.0,630.0,630.0,630.0
2003-11-05,640.0,650.0,630.0,640.0
2003-11-06,640.0,665.0,640.0,655.0
2003-11-07,655.0,685.0,655.0,680.0
2003-11-10,680.0,680.0,660.0,675.0
2003-11-11,660.0,660.0,650.0,650.0
2003-11-12,645.0,650.0,645.0,650.0
2003-11-13,660.0,660.0,660.0,660.0
2003-11-14,660.0,660.0,645.0,645.0
2003-11-17,545.0,650.0,545.0,545.0
2003-11-18,575.0,650.0,575.0,575.0
2003-11-19,625.0,625.0,625.0,625.0
2003-11-20,575.0,625.0,575.0,575.0
2003-11-21,565.0,625.0,565.0,565.0
2003-11-24,565.0,565.0,565.0,565.0
2003-11-25,595.0,595.0,575.0,575.0
2003-11-26,590.0,590.0,590.0,590.0
2003-11-27,620.0,620.0,575.0,575.0
2003-11-28,580.0,600.0,575.0,600.0
2003-12-01,600.0,620.0,600.0,620.0
2003-12-02,620.0,620.0,605.0,605.0
2003-12-03,605.0,625.0,605.0,625.0
2003-12-04,605.0,625.0,605.0,605.0
2003-12-05,625.0,640.0,615.0,640.0
2003-12-08,640.0,640.0,625.0,625.0
2003-12-09,575.0,625.0,575.0,575.0
2003-12-10,625.0,625.0,600.0,600.0
2003-12-11,500.0,600.0,500.0,500.0
2003-12-12,550.0,590.0,550.0,590.0
2003-12-15,610.0,610.0,600.0,600.0
2003-12-16,550.0,595.0,550.0,550.0
2003-12-17,600.0,600.0,570.0,570.0
2003-12-18,575.0,575.0,565.0,565.0
2003-12-19,565.0,565.0,565.0,565.0
2003-12-22,570.0,575.0,570.0,575.0
2003-12-23,575.0,575.0,575.0,575.0
2003-12-24,575.0,575.0,575.0,575.0
2003-12-25,575.0,580.0,575.0,575.0
2003-12-26,580.0,610.0,580.0,610.0
2003-12-29,610.0,625.0,610.0,625.0
2003-12-30,640.0,675.0,640.0,675.0
2003-12-31,675.0,675.0,675.0,675.0
2004-01-01,675.0,675.0,675.0,675.0
2004-01-02,675.0,675.0,675.0,675.0
2004-01-05,670.0,670.0,670.0,670.0
2004-01-06,665.0,715.0,665.0,710.0
2004-01-07,715.0,740.0,700.0,725.0
2004-01-08,745.0,800.0,745.0,765.0
2004-01-09,800.0,825.0,775.0,825.0
2004-01-12,825.0,825.0,825.0,825.0
2004-01-13,800.0,825.0,760.0,805.0
2004-01-14,810.0,825.0,780.0,810.0
2004-01-15,815.0,815.0,765.0,790.0
2004-01-16,790.0,800.0,750.0,800.0
2004-01-19,795.0,825.0,790.0,825.0
2004-01-20,825.0,825.0,815.0,815.0
2004-01-21,800.0,820.0,800.0,820.0
2004-01-22,820.0,860.0,820.0,850.0
2004-01-23,850.0,850.0,825.0,825.0
2004-01-26,820.0,825.0,780.0,800.0
2004-01-27,800.0,800.0,770.0,795.0
2004-01-28,840.0,935.0,825.0,890.0
2004-01-29,905.0,945.0,895.0,905.0
2004-01-30,900.0,965.0,890.0,955.0
2004-02-02,960.0,980.0,940.0,940.0
2004-02-03,940.0,940.0,910.0,910.0
2004-02-04,930.0,1010.0,920.0,955.0
2004-02-05,955.0,970.0,925.0,925.0
2004-02-06,850.0,850.0,775.0,785.0
2004-02-09,800.0,815.0,785.0,785.0
2004-02-10,785.0,810.0,785.0,800.0
2004-02-11,800.0,800.0,800.0,800.0
2004-02-12,800.0,810.0,785.0,800.0
2004-02-13,800.0,800.0,785.0,795.0
2004-02-16,775.0,795.0,710.0,735.0
2004-02-17,750.0,760.0,745.0,755.0
2004-02-18,755.0,755.0,735.0,740.0
2004-02-19,740.0,745.0,740.0,745.0
2004-02-20,745.0,745.0,720.0,720.0
2004-02-23,745.0,750.0,730.0,730.0
2004-02-24,730.0,730.0,725.0,725.0
2004-02-25,700.0,700.0,685.0,695.0
2004-02-26,700.0,710.0,680.0,685.0
2004-02-27,690.0,700.0,685.0,695.0
2004-03-01,700.0,705.0,680.0,685.0
2004-03-02,700.0,710.0,695.0,705.0
2004-03-03,710.0,725.0,710.0,720.0
2004-03-04,725.0,770.0,720.0,755.0
2004-03-05,770.0,825.0,755.0,800.0
2004-03-08,830.0,865.0,825.0,850.0
2004-03-09,840.0,850.0,820.0,850.0
2004-03-10,825.0,850.0,815.0,840.0
2004-03-11,845.0,860.0,840.0,845.0
2004-03-12,845.0,860.0,825.0,845.0
2004-03-15,860.0,860.0,810.0,835.0
2004-03-16,830.0,835.0,800.0,800.0
2004-03-17,825.0,845.0,810.0,825.0
2004-03-18,840.0,840.0,805.0,810.0
2004-03-19,810.0,825.0,810.0,810.0
2004-03-22,815.0,820.0,805.0,815.0
2004-03-23,815.0,825.0,800.0,800.0
2004-03-24,800.0,820.0,800.0,815.0
2004-03-25,815.0,820.0,775.0,775.0
2004-03-26,815.0,825.0,800.0,825.0
2004-03-29,840.0,845.0,825.0,845.0
2004-03-30,945.0,995.0,920.0,995.0
2004-03-31,995.0,1000.0,970.0,990.0
2004-04-01,975.0,990.0,940.0,985.0
2004-04-02,985.0,1085.0,950.0,1075.0
2004-04-05,1085.0,1130.0,1085.0,1120.0
2004-04-06,1110.0,1110.0,1085.0,1110.0
2004-04-07,1180.0,1200.0,1135.0,1185.0
2004-04-08,1185.0,1385.0,1180.0,1385.0
2004-04-09,1380.0,1380.0,1275.0,1325.0
2004-04-12,1320.0,1340.0,1300.0,1315.0
2004-04-13,1345.0,1515.0,1325.0,1475.0
2004-04-14,1470.0,1470.0,1400.0,1415.0
2004-04-15,1400.0,1400.0,1355.0,1375.0
2004-04-16,1385.0,1385.0,1370.0,1370.0
2004-04-19,1370.0,1375.0,1350.0,1370.0
2004-04-20,1365.0,1365.0,1300.0,1300.0
2004-04-21,1300.0,1325.0,1270.0,1320.0
2004-04-22,1335.0,1400.0,1335.0,1395.0
2004-04-23,1420.0,1450.0,1395.0,1445.0
2004-04-26,1445.0,1445.0,1410.0,1440.0
2004-04-27,1440.0,1440.0,1410.0,1420.0
2004-04-28,1420.0,1425.0,1400.0,1400.0
2004-04-29,1400.0,1400.0,1400.0,1400.0
2004-04-30,1400.0,1450.0,1375.0,1415.0
2004-05-03,1415.0,1415.0,1415.0,1415.0
2004-05-04,1415.0,1415.0,1415.0,1415.0
2004-05-05,1415.0,1415.0,1415.0,1415.0
2004-05-06,1400.0,1405.0,1385.0,1385.0
2004-05-07,1375.0,1375.0,1365.0,1370.0
2004-05-10,1365.0,1365.0,1275.0,1275.0
2004-05-11,1210.0,1210.0,1125.0,1155.0
2004-05-12,1175.0,1275.0,1175.0,1250.0
2004-05-13,1270.0,1270.0,1240.0,1250.0
2004-05-14,1235.0,1240.0,1175.0,1175.0
2004-05-17,1155.0,1155.0,975.0,990.0
2004-05-18,990.0,1075.0,975.0,1055.0
2004-05-19,1075.0,1190.0,1075.0,1190.0
2004-05-20,1240.0,1240.0,1205.0,1205.0
2004-05-21,1210.0,1210.0,1205.0,1210.0
2004-05-24,1260.0,1325.0,1260.0,1285.0
2004-05-25,1355.0,1365.0,1305.0,1305.0
2004-05-26,1305.0,1310.0,1285.0,1300.0
2004-05-27,1300.0,1320.0,1285.0,1285.0
2004-05-28,1275.0,1275.0,1120.0,1275.0
2004-05-31,1270.0,1275.0,1250.0,1255.0
2004-06-01,1270.0,1275.0,1205.0,1245.0
2004-06-02,1265.0,1265.0,1230.0,1245.0
2004-06-03,1245.0,1245.0,1155.0,1210.0
2004-06-04,1210.0,1210.0,1200.0,1210.0
2004-06-07,1200.0,1210.0,1200.0,1205.0
2004-06-08,1230.0,1230.0,1220.0,1220.0
2004-06-09,1240.0,1320.0,1235.0,1320.0
2004-06-10,1320.0,1325.0,1300.0,1315.0
2004-06-11,1320.0,1325.0,1315.0,1315.0
2004-06-14,1315.0,1315.0,1300.0,1300.0
2004-06-15,1300.0,1305.0,1300.0,1300.0
2004-06-16,1310.0,1325.0,1300.0,1300.0
2004-06-17,1300.0,1300.0,1250.0,1290.0
2004-06-18,1300.0,1300.0,1245.0,1275.0
2004-06-21,1255.0,1270.0,1250.0,1255.0
2004-06-22,1255.0,1255.0,1235.0,1240.0
2004-06-23,1250.0,1250.0,1240.0,1245.0
2004-06-24,1250.0,1275.0,1250.0,1260.0
2004-06-25,1265.0,1275.0,1265.0,1275.0
2004-06-28,1285.0,1300.0,1285.0,1295.0
2004-06-29,1355.0,1495.0,1355.0,1450.0
2004-06-30,1450.0,1450.0,1355.0,1390.0
2004-07-01,1400.0,1475.0,1400.0,1450.0
2004-07-02,1445.0,1540.0,1425.0,1530.0
2004-07-05,1600.0,1675.0,1560.0,1570.0
2004-07-06,1575.0,1595.0,1505.0,1505.0
2004-07-07,1490.0,1490.0,1385.0,1425.0
2004-07-08,1425.0,1450.0,1425.0,1450.0
2004-07-09,1445.0,1450.0,1435.0,1450.0
2004-07-12,1430.0,1445.0,1430.0,1435.0
2004-07-13,1450.0,1475.0,1445.0,1470.0
2004-07-14,1470.0,1480.0,1440.0,1440.0
2004-07-15,1440.0,1440.0,1410.0,1415.0
2004-07-16,1400.0,1400.0,1375.0,1390.0
2004-07-19,1390.0,1390.0,1390.0,1390.0
2004-07-20,1380.0,1415.0,1375.0,1410.0
2004-07-21,1405.0,1405.0,1400.0,1405.0
2004-07-22,1385.0,1400.0,1385.0,1400.0
2004-07-23,1405.0,1415.0,1405.0,1405.0
2004-07-26,1405.0,1405.0,1405.0,1405.0
2004-07-27,1415.0,1415.0,1405.0,1410.0
2004-07-28,1400.0,1400.0,1390.0,1390.0
2004-07-29,1360.0,1360.0,1250.0,1300.0
2004-07-30,1280.0,1300.0,1275.0,1285.0
2004-08-02,1275.0,1275.0,1230.0,1230.0
2004-08-03,1240.0,1240.0,1180.0,1180.0
2004-08-04,1150.0,1150.0,1030.0,1075.0
2004-08-05,1095.0,1150.0,1075.0,1150.0
2004-08-06,1120.0,1135.0,1100.0,1135.0
2004-08-09,1125.0,1130.0,1110.0,1110.0
2004-08-10,1125.0,1125.0,1125.0,1125.0
2004-08-11,1150.0,1195.0,1150.0,1195.0
2004-08-12,1195.0,1235.0,1195.0,1230.0
2004-08-13,1225.0,1225.0,1200.0,1205.0
2004-08-16,1225.0,1250.0,1190.0,1190.0
2004-08-17,1205.0,1205.0,1190.0,1190.0
2004-08-18,1175.0,1175.0,1105.0,1125.0
2004-08-19,1130.0,1135.0,1125.0,1125.0
2004-08-20,1125.0,1145.0,1120.0,1120.0
2004-08-23,1125.0,1145.0,1125.0,1145.0
2004-08-24,1135.0,1150.0,1100.0,1105.0
2004-08-25,1105.0,1110.0,1105.0,1105.0
2004-08-26,1105.0,1140.0,1105.0,1105.0
2004-08-27,1105.0,1105.0,1080.0,1080.0
2004-08-30,1085.0,1085.0,1065.0,1070.0
2004-08-31,1070.0,1070.0,1045.0,1045.0
2004-09-01,1040.0,1045.0,1025.0,1035.0
2004-09-02,1030.0,1035.0,1015.0,1030.0
2004-09-03,1035.0,1060.0,1015.0,1015.0
2004-09-06,1015.0,1025.0,985.0,995.0
2004-09-07,985.0,985.0,895.0,905.0
2004-09-08,930.0,960.0,930.0,950.0
2004-09-09,950.0,960.0,925.0,930.0
2004-09-10,930.0,930.0,905.0,915.0
2004-09-13,920.0,950.0,910.0,920.0
2004-09-14,925.0,930.0,915.0,925.0
2004-09-15,925.0,925.0,910.0,925.0
2004-09-16,900.0,915.0,900.0,915.0
2004-09-17,915.0,915.0,885.0,895.0
2004-09-20,895.0,895.0,895.0,895.0
2004-09-21,895.0,895.0,795.0,800.0
2004-09-22,795.0,795.0,735.0,755.0
2004-09-23,755.0,755.0,755.0,755.0
2004-09-24,765.0,810.0,760.0,810.0
2004-09-27,855.0,925.0,830.0,925.0
2004-09-28,930.0,950.0,930.0,940.0
2004-09-29,910.0,910.0,830.0,850.0
2004-09-30,840.0,860.0,830.0,860.0
2004-10-01,875.0,890.0,875.0,890.0
2004-10-04,900.0,930.0,900.0,910.0
2004-10-05,920.0,925.0,915.0,920.0
2004-10-06,920.0,920.0,910.0,910.0
2004-10-07,895.0,895.0,885.0,890.0
2004-10-08,890.0,890.0,865.0,865.0
2004-10-11,865.0,865.0,865.0,865.0
2004-10-12,855.0,860.0,835.0,835.0
2004-10-13,830.0,840.0,825.0,825.0
2004-10-14,825.0,825.0,805.0,805.0
2004-10-15,800.0,800.0,775.0,790.0
2004-10-18,805.0,805.0,780.0,785.0
2004-10-19,780.0,795.0,780.0,795.0
2004-10-20,785.0,785.0,750.0,770.0
2004-10-21,770.0,770.0,755.0,755.0
2004-10-22,755.0,765.0,750.0,760.0
2004-10-25,760.0,760.0,730.0,745.0
2004-10-26,750.0,780.0,750.0,780.0
2004-10-27,820.0,825.0,810.0,810.0
2004-10-28,830.0,860.0,825.0,850.0
2004-10-29,855.0,860.0,835.0,845.0
2004-11-01,845.0,850.0,840.0,850.0
2004-11-02,850.0,875.0,850.0,870.0
2004-11-03,870.0,870.0,870.0,870.0
2004-11-04,900.0,925.0,890.0,920.0
2004-11-05,930.0,930.0,925.0,930.0
2004-11-08,935.0,935.0,885.0,900.0
2004-11-09,900.0,905.0,900.0,900.0
2004-11-10,905.0,910.0,905.0,905.0
2004-11-11,910.0,910.0,900.0,910.0
2004-11-12,910.0,910.0,875.0,900.0
2004-11-15,895.0,895.0,880.0,890.0
2004-11-16,900.0,915.0,895.0,900.0
2004-11-17,900.0,910.0,890.0,890.0
2004-11-18,905.0,910.0,895.0,910.0
2004-11-19,905.0,910.0,905.0,905.0
2004-11-22,905.0,905.0,895.0,895.0
2004-11-23,895.0,895.0,895.0,895.0
2004-11-24,895.0,895.0,875.0,875.0
2004-11-25,880.0,885.0,880.0,885.0
2004-11-26,885.0,885.0,885.0,885.0
2004-11-29,890.0,900.0,885.0,890.0
2004-11-30,900.0,905.0,900.0,900.0
2004-12-01,900.0,925.0,900.0,925.0
2004-12-02,940.0,960.0,935.0,960.0
2004-12-03,960.0,960.0,945.0,945.0
2004-12-06,950.0,960.0,945.0,950.0
2004-12-07,940.0,940.0,935.0,935.0
2004-12-08,935.0,935.0,925.0,925.0
2004-12-09,930.0,930.0,875.0,900.0
2004-12-10,900.0,935.0,880.0,880.0
2004-12-13,925.0,990.0,925.0,937.5
2004-12-14,990.5,1035.0,975.0,1035.0
2004-12-15,1032.5,1070.0,1002.5,1070.0
2004-12-16,1070.0,1070.0,1025.0,1060.0
2004-12-17,1025.0,1060.0,1002.5,1050.0
2004-12-20,1050.0,1060.0,1025.0,1025.0
2004-12-21,1050.0,1055.0,1010.0,1025.0
2004-12-22,1025.0,1035.0,1015.0,1015.0
2004-12-23,1015.0,1015.0,1015.0,1015.0
2004-12-24,1050.0,1072.5,1030.0,1055.0
2004-12-27,1060.0,1070.0,1050.0,1060.0
2004-12-28,1075.0,1075.0,1050.0,1050.0
2004-12-29,1075.0,1090.0,1065.0,1085.0
2004-12-30,1075.0,1075.0,1070.0,1070.0
2004-12-31,1070.0,1070.0,1070.0,1070.0
2005-01-03,1070.0,1070.0,1070.0,1070.0
2005-01-04,1085.0,1085.0,1070.0,1070.0
2005-01-05,1065.0,1080.0,1055.0,1077.5
2005-01-06,1075.0,1075.0,1050.0,1075.0
2005-01-07,1065.0,1082.5,1032.5,1082.5
2005-01-10,1082.5,1082.5,1082.5,1082.5
2005-01-11,1085.0,1145.0,1085.0,1140.0
2005-01-12,1140.0,1140.0,1110.0,1120.0
2005-01-13,1140.0,1160.0,1140.0,1150.0
2005-01-14,1150.0,1185.0,1120.0,1175.0
2005-01-17,1170.0,1225.0,1170.0,1225.0
2005-01-18,1240.0,1240.0,1190.0,1195.0
2005-01-19,1200.0,1285.0,1190.0,1272.5
2005-01-20,1270.0,1270.0,1230.0,1260.0
2005-01-21,1250.0,1310.0,1230.0,1300.0
2005-01-24,1320.0,1335.0,1290.0,1330.0
2005-01-25,1330.0,1347.5,1325.0,1345.0
2005-01-26,1347.5,1347.5,1315.0,1315.0
2005-01-27,1322.5,1325.0,1310.0,1315.0
2005-01-28,1297.5,1297.5,1130.0,1267.5
2005-01-31,1262.5,1262.5,1250.0,1250.0
2005-02-01,1252.5,1330.0,1235.0,1330.0
2005-02-02,1347.5,1347.5,1310.0,1320.0
2005-02-03,1320.0,1320.0,1255.0,1312.5
2005-02-04,1315.0,1315.0,1282.5,1285.0
2005-02-07,1245.0,1265.0,1240.0,1240.0
2005-02-08,1240.0,1245.0,1195.0,1200.0
2005-02-09,1205.0,1275.0,1205.0,1275.0
2005-02-10,1250.0,1250.0,1225.0,1242.5
2005-02-11,1242.5,1242.5,1242.5,1242.5
2005-02-14,1260.0,1267.5,1245.0,1267.5
2005-02-15,1267.5,1270.0,1245.0,1270.0
2005-02-16,1275.0,1282.5,1230.0,1280.0
2005-02-17,1280.0,1282.5,1275.0,1280.0
2005-02-18,1280.0,1280.0,1255.0,1275.0
2005-02-21,1200.0,1250.0,1200.0,1240.0
2005-02-22,1247.5,1250.0,1247.5,1247.5
2005-02-23,1245.0,1250.0,1245.0,1250.0
2005-02-24,1250.0,1250.0,1220.0,1220.0
2005-02-25,1230.0,1247.5,1225.0,1225.0
2005-02-28,1232.5,1247.5,1225.0,1247.5
2005-03-01,1247.5,1250.0,1230.0,1247.5
2005-03-02,1247.5,1300.0,1247.5,1300.0
2005-03-03,1300.0,1302.5,1275.0,1285.0
2005-03-04,1275.0,1300.0,1270.0,1300.0
2005-03-07,1320.0,1320.0,1300.0,1320.0
2005-03-08,1300.0,1315.0,1280.0,1315.0
2005-03-09,1325.0,1325.0,1325.0,1325.0
2005-03-10,1300.0,1322.5,1280.0,1300.0
2005-03-11,1280.0,1290.0,1280.0,1290.0
2005-03-14,1310.0,1315.0,1310.0,1310.0
2005-03-15,1310.0,1325.0,1290.0,1312.5
2005-03-16,1275.0,1280.0,1265.0,1265.0
2005-03-17,1265.0,1265.0,1250.0,1255.0
2005-03-18,1255.0,1300.0,1255.0,1300.0
2005-03-21,1300.0,1300.0,1300.0,1300.0
2005-03-22,1290.0,1290.0,1275.0,1290.0
2005-03-23,1292.5,1300.0,1292.5,1300.0
2005-03-24,1300.0,1315.0,1280.0,1315.0
2005-03-25,1325.0,1325.0,1310.0,1320.0
2005-03-28,1300.0,1312.5,1280.0,1290.0
2005-03-29,1300.0,1300.0,1290.0,1290.0
2005-03-30,1310.0,1310.0,1280.0,1300.0
2005-03-31,1300.0,1300.0,1290.0,1300.0
2005-04-01,1315.0,1315.0,1275.0,1275.0
2005-04-04,1275.0,1280.0,1275.0,1275.0
2005-04-05,1300.0,1300.0,1295.0,1300.0
2005-04-06,1300.0,1300.0,1280.0,1300.0
2005-04-07,1290.0,1290.0,1225.0,1225.0
2005-04-08,1275.0,1275.0,1242.5,1242.5
2005-04-11,1240.0,1240.0,1200.0,1202.5
2005-04-12,1182.5,1202.5,1125.0,1150.0
2005-04-13,1090.0,1150.0,1090.0,1110.0
2005-04-14,1110.0,1120.0,1110.0,1110.0
2005-04-15,1107.5,1107.5,1080.0,1100.0
2005-04-18,1080.0,1085.0,1037.5,1037.5
2005-04-19,1017.5,1050.0,1017.5,1032.5
2005-04-20,1050.0,1075.0,1027.5,1050.0
2005-04-21,1050.0,1050.0,1005.0,1007.5
2005-04-22,1050.0,1085.0,1050.0,1080.0
2005-04-25,1087.5,1097.5,1080.0,1080.0
2005-04-26,1077.5,1077.5,1045.0,1045.0
2005-04-27,1050.0,1075.0,1045.0,1045.0
2005-04-28,1050.0,1050.0,1030.0,1050.0
2005-04-29,1050.0,1050.0,1050.0,1050.0
2005-05-02,1050.0,1050.0,1047.5,1050.0
2005-05-03,1050.0,1050.0,1050.0,1050.0
2005-05-04,1050.0,1050.0,1050.0,1050.0
2005-05-05,1050.0,1050.0,1050.0,1050.0
2005-05-06,1070.0,1075.0,1065.0,1067.5
2005-05-09,1075.0,1075.0,1065.0,1067.5
2005-05-10,1070.0,1075.0,1045.0,1050.0
2005-05-11,1047.5,1047.5,1025.0,1025.0
2005-05-12,1025.0,1025.0,1010.0,1020.0
2005-05-13,1015.0,1017.5,980.5,1000.0
2005-05-16,1180.0,1180.0,1075.0,1095.0
2005-05-17,1135.0,1140.0,1090.0,1100.0
2005-05-18,1097.5,1097.5,1072.5,1082.5
2005-05-19,1100.0,1100.0,1052.5,1052.5
2005-05-20,1075.0,1085.0,1065.0,1065.0
2005-05-23,1067.5,1067.5,1055.0,1060.0
2005-05-24,1065.0,1065.0,1060.0,1060.0
2005-05-25,1072.5,1110.0,1070.0,1100.0
2005-05-26,1100.0,1140.0,1100.0,1115.0
2005-05-27,1112.5,1115.0,1100.0,1105.0
2005-05-30,1105.0,1110.0,1090.0,1090.0
2005-05-31,1100.0,1102.5,1077.5,1102.5
2005-06-01,1100.0,1100.0,1085.0,1095.0
2005-06-02,1090.0,1095.0,1090.0,1095.0
2005-06-03,1100.0,1105.0,1095.0,1105.0
2005-06-06,1150.0,1165.0,1130.0,1145.0
2005-06-07,1150.0,1285.0,1150.0,1267.5
2005-06-08,1275.0,1370.0,1275.0,1370.0
2005-06-09,1310.0,1335.0,1285.0,1325.0
2005-06-10,1330.0,1395.0,1330.0,1395.0
2005-06-13,1415.0,1430.0,1370.0,1372.5
2005-06-14,1395.0,1410.0,1365.0,1367.5
2005-06-15,1367.5,1405.0,1367.5,1390.0
2005-06-16,1375.0,1400.0,1345.0,1390.0
2005-06-17,1387.5,1390.0,1355.0,1365.0
2005-06-20,1367.5,1425.0,1367.5,1415.0
2005-06-21,1430.0,1450.0,1420.0,1425.0
2005-06-22,1447.5,1447.5,1425.0,1447.5
2005-06-23,1447.5,1447.5,1390.0,1445.0
2005-06-24,1425.0,1432.5,1400.0,1432.5
2005-06-27,1432.5,1432.5,1417.5,1432.5
2005-06-28,1445.0,1445.0,1425.0,1445.0
2005-06-29,1445.0,1445.0,1425.0,1430.0
2005-06-30,1410.0,1430.0,1375.0,1400.0
2005-07-01,1400.0,1400.0,1365.0,1385.0
2005-07-04,1375.0,1375.0,1330.0,1350.0
2005-07-05,1350.0,1355.0,1295.0,1310.0
2005-07-06,1310.0,1310.0,1265.0,1302.5
2005-07-07,1330.0,1375.0,1317.5,1325.0
2005-07-08,1372.5,1380.0,1350.0,1370.0
2005-07-11,1370.0,1380.0,1365.0,1375.0
2005-07-12,1375.0,1392.5,1375.0,1390.0
2005-07-13,1390.0,1410.0,1390.0,1402.5
2005-07-14,1405.0,1417.5,1405.0,1417.5
2005-07-15,1405.0,1430.0,1405.0,1417.5
2005-07-18,1417.5,1417.5,1417.5,1417.5
2005-07-19,1415.0,1425.0,1410.0,1415.0
2005-07-20,1415.0,1415.0,1395.0,1400.0
2005-07-21,1400.0,1402.5,1395.0,1402.5
2005-07-22,1400.0,1400.0,1390.0,1392.5
2005-07-25,1392.5,1400.0,1392.5,1392.5
2005-07-26,1392.5,1392.5,1380.0,1380.0
2005-07-27,1382.5,1387.5,1382.5,1385.0
2005-07-28,1382.5,1385.0,1370.0,1375.0
2005-07-29,1370.0,1382.5,1350.0,1382.5
2005-08-01,1382.5,1430.0,1382.5,1400.0
2005-08-02,1425.0,1425.0,1410.0,1410.0
2005-08-03,1417.5,1430.0,1417.5,1430.0
2005-08-04,1430.0,1430.0,1405.0,1420.0
2005-08-05,1420.0,1420.0,1395.0,1400.0
2005-08-08,1350.0,1390.0,1305.0,1390.0
2005-08-09,1390.0,1390.0,1365.0,1372.5
2005-08-10,1380.0,1430.0,1380.0,1422.5
2005-08-11,1382.5,1430.0,1380.0,1415.0
2005-08-12,1435.0,1435.0,1405.0,1415.0
2005-08-15,1425.0,1427.5,1420.0,1425.0
2005-08-16,1430.0,1482.5,1430.0,1475.0
2005-08-17,1495.0,1500.0,1462.5,1475.0
2005-08-18,1472.5,1475.0,1420.0,1465.0
2005-08-19,1465.0,1475.0,1432.5,1460.0
2005-08-22,1480.0,1490.0,1460.0,1475.0
2005-08-23,1475.0,1495.0,1440.0,1467.5
2005-08-24,1450.0,1462.5,1450.0,1462.5
2005-08-25,1462.5,1465.0,1440.0,1450.0
2005-08-26,1450.0,1450.0,1427.5,1435.0
2005-08-29,1435.0,1440.0,1435.0,1435.0
2005-08-30,1435.0,1450.0,1435.0,1437.5
2005-08-31,1442.5,1450.0,1442.5,1450.0
2005-09-01,1455.0,1472.5,1455.0,1457.5
2005-09-02,1455.0,1455.0,1425.0,1450.0
2005-09-05,1445.0,1445.0,1427.5,1432.5
2005-09-06,1447.5,1447.5,1435.0,1435.0
2005-09-07,1437.5,1447.5,1425.0,1425.0
2005-09-08,1422.5,1422.5,1395.0,1400.0
2005-09-09,1410.0,1415.0,1405.0,1412.5
2005-09-12,1412.5,1415.0,1400.0,1402.5
2005-09-13,1382.5,1390.0,1360.0,1385.0
2005-09-14,1387.5,1400.0,1365.0,1372.5
2005-09-15,1375.0,1377.5,1365.0,1375.0
2005-09-16,1380.0,1400.0,1372.5,1375.0
2005-09-19,1375.0,1375.0,1375.0,1375.0
2005-09-20,1392.5,1392.5,1375.0,1380.0
2005-09-21,1385.0,1390.0,1365.0,1370.0
2005-09-22,1387.5,1475.0,1370.0,1450.0
2005-09-23,1450.0,1450.0,1450.0,1450.0
2005-09-26,1470.0,1490.0,1385.0,1455.0
2005-09-27,1450.0,1455.0,1420.0,1435.0
2005-09-28,1455.0,1595.0,1450.0,1480.0
2005-09-29,1525.0,1550.0,1500.0,1525.0
2005-09-30,1540.0,1540.0,1505.0,1535.0
2005-10-03,1540.0,1750.0,1535.0,1700.0
2005-10-04,1650.0,1700.0,1650.0,1695.0
2005-10-05,1645.0,1645.0,1545.0,1600.0
2005-10-06,1555.0,1700.0,1550.0,1700.0
2005-10-07,1685.0,1700.0,1670.0,1695.0
2005-10-10,1695.0,1695.0,1695.0,1695.0
2005-10-11,1620.0,1700.0,1615.0,1640.0
2005-10-12,1590.0,1630.0,1525.0,1600.0
2005-10-13,1600.0,1600.0,1595.0,1600.0
2005-10-14,1600.0,1600.0,1560.0,1600.0
2005-10-17,1610.0,1615.0,1585.0,1595.0
2005-10-18,1600.0,1600.0,1575.0,1575.0
2005-10-19,1600.0,1610.0,1600.0,1610.0
2005-10-20,1645.0,1650.0,1620.0,1650.0
2005-10-21,1650.0,1650.0,1605.0,1605.0
2005-10-24,1625.0,1635.0,1600.0,1635.0
2005-10-25,1645.0,1650.0,1630.0,1630.0
2005-10-26,1675.0,1725.0,1670.0,1700.0
2005-10-27,1650.0,1690.0,1600.0,1650.0
2005-10-28,1675.0,1680.0,1665.0,1670.0
2005-10-31,1670.0,1715.0,1635.0,1715.0
2005-11-01,1725.0,1725.0,1675.0,1680.0
2005-11-02,1680.0,1690.0,1660.0,1670.0
2005-11-03,1670.0,1670.0,1670.0,1670.0
2005-11-04,1670.0,1690.0,1665.0,1690.0
2005-11-07,1700.0,1725.0,1695.0,1695.0
2005-11-08,1720.0,1750.0,1700.0,1745.0
2005-11-09,1750.0,1750.0,1710.0,1740.0
2005-11-10,1715.0,1735.0,1715.0,1725.0
2005-11-11,1600.0,1705.0,1600.0,1705.0
2005-11-14,1715.0,1715.0,1660.0,1715.0
2005-11-15,1710.0,1740.0,1705.0,1710.0
2005-11-16,1705.0,1830.0,1705.0,1795.0
2005-11-17,1790.0,1825.0,1760.0,1825.0
2005-11-18,2075.0,2075.0,2075.0,2075.0
2005-11-21,2050.0,2125.0,2000.0,2030.0
2005-11-22,2055.0,2055.0,2040.0,2045.0
2005-11-23,2045.0,2045.0,2045.0,2045.0
2005-11-24,2020.0,2025.0,1925.0,1950.0
2005-11-25,1925.0,1930.0,1865.0,1910.0
2005-11-28,1895.0,1910.0,1885.0,1890.0
2005-11-29,1885.0,1940.0,1880.0,1910.0
2005-11-30,1925.0,1950.0,1915.0,1925.0
2005-12-01,1935.0,1990.0,1935.0,1980.0
2005-12-02,2020.0,2080.0,1980.0,2060.0
2005-12-05,2100.0,2100.0,2070.0,2075.0
2005-12-06,2075.0,2090.0,2070.0,2075.0
2005-12-07,2090.0,2100.0,2070.0,2090.0
2005-12-08,2075.0,2075.0,2025.0,2025.0
2005-12-09,2030.0,2055.0,2030.0,2050.0
2005-12-12,2035.0,2060.0,2005.0,2050.0
2005-12-13,2050.0,2050.0,1965.0,1995.0
2005-12-14,1970.0,1980.0,1925.0,1925.0
2005-12-15,1900.0,1905.0,1855.0,1860.0
2005-12-16,1835.0,1860.0,1825.0,1840.0
2005-12-19,1855.0,1915.0,1855.0,1870.0
2005-12-20,1945.0,1985.0,1925.0,1965.0
2005-12-21,1990.0,2075.0,1955.0,2075.0
2005-12-22,2050.0,2050.0,1970.0,2020.0
2005-12-23,2020.0,2020.0,2020.0,2020.0
2005-12-26,2050.0,2070.0,2020.0,2035.0
2005-12-27,2035.0,2050.0,2005.0,2015.0
2005-12-28,2015.0,2040.0,2015.0,2030.0
2005-12-29,2030.0,2040.0,1975.0,2000.0
2005-12-30,2025.0,2050.0,1990.0,2050.0
2006-01-02,2050.0,2050.0,2050.0,2050.0
2006-01-03,2050.0,2050.0,2050.0,2050.0
2006-01-04,2090.0,2095.0,2050.0,2060.0
2006-01-05,2095.0,2100.0,2070.0,2090.0
2006-01-06,2100.0,2105.0,2085.0,2085.0
2006-01-09,2085.0,2085.0,2085.0,2085.0
2006-01-10,2100.0,2105.0,2065.0,2095.0
2006-01-11,2090.0,2090.0,2045.0,2085.0
2006-01-12,2095.0,2095.0,2060.0,2075.0
2006-01-13,2100.0,2250.0,2095.0,2215.0
2006-01-16,2290.0,2330.0,2230.0,2245.0
2006-01-17,2150.0,2180.0,2105.0,2150.0
2006-01-18,2150.0,2150.0,1900.0,1900.0
2006-01-19,2000.0,2090.0,1925.0,2005.0
2006-01-20,2105.0,2110.0,1995.0,2000.0
2006-01-23,1900.0,1975.0,1900.0,1910.0
2006-01-24,1925.0,2055.0,1925.0,1985.0
2006-01-25,2035.0,2120.0,2035.0,2105.0
2006-01-26,2150.0,2150.0,2075.0,2075.0
2006-01-27,2145.0,2170.0,2120.0,2145.0
2006-01-30,2220.0,2240.0,2150.0,2170.0
2006-01-31,2175.0,2175.0,2100.0,2170.0
2006-02-01,2370.0,2420.0,2325.0,2420.0
2006-02-02,2495.0,2560.0,2440.0,2515.0
2006-02-03,2590.0,2750.0,2560.0,2635.0
2006-02-06,2735.0,2735.0,2650.0,2675.0
2006-02-07,2675.0,2695.0,2630.0,2650.0
2006-02-08,2665.0,2665.0,2515.0,2520.0
2006-02-09,2560.0,2645.0,2450.0,2460.0
2006-02-10,2455.0,2460.0,2305.0,2355.0
2006-02-13,2390.0,2395.0,2260.0,2395.0
2006-02-14,2295.0,2300.0,2145.0,2225.0
2006-02-15,2225.0,2300.0,2225.0,2250.0
2006-02-16,2175.0,2175.0,2060.0,2075.0
2006-02-17,2100.0,2135.0,2100.0,2115.0
2006-02-20,1990.0,1990.0,1865.0,1945.0
2006-02-21,1900.0,2000.0,1850.0,1905.0
2006-02-22,1925.0,2155.0,1900.0,2120.0
2006-02-23,2220.0,2325.0,2195.0,2255.0
2006-02-24,2255.0,2380.0,2255.0,2290.0
2006-02-27,2255.0,2345.0,2250.0,2285.0
2006-02-28,2275.0,2290.0,2170.0,2205.0
2006-03-01,2200.0,2200.0,2090.0,2105.0
2006-03-02,2000.0,2080.0,1960.0,2050.0
2006-03-03,2020.0,2045.0,2000.0,2025.0
2006-03-06,2030.0,2050.0,1955.0,1995.0
2006-03-07,1975.0,1995.0,1930.0,1950.0
2006-03-08,1925.0,1960.0,1920.0,1955.0
2006-03-09,1950.0,2045.0,1930.0,2010.0
2006-03-10,2010.0,2050.0,2005.0,2025.0
2006-03-13,2050.0,2070.0,2035.0,2050.0
2006-03-14,2025.0,2075.0,2025.0,2045.0
2006-03-15,2085.0,2180.0,2075.0,2180.0
2006-03-16,2130.0,2175.0,2115.0,2135.0
2006-03-17,2125.0,2165.0,2125.0,2150.0
2006-03-20,2150.0,2200.0,2150.0,2150.0
2006-03-21,2150.0,2150.0,2150.0,2150.0
2006-03-22,2185.0,2190.0,2150.0,2160.0
2006-03-23,2160.0,2180.0,2155.0,2170.0
2006-03-24,2165.0,2200.0,2150.0,2180.0
2006-03-27,2175.0,2215.0,2145.0,2160.0
2006-03-28,2130.0,2155.0,2105.0,2120.0
2006-03-29,2170.0,2170.0,2100.0,2135.0
2006-03-30,2160.0,2195.0,2160.0,2185.0
2006-03-31,2205.0,2320.0,2205.0,2300.0
2006-04-03,2325.0,2385.0,2325.0,2380.0
2006-04-04,2360.0,2505.0,2360.0,2405.0
2006-04-05,2375.0,2500.0,2375.0,2430.0
2006-04-06,2430.0,2485.0,2425.0,2455.0
2006-04-07,2430.0,2430.0,2380.0,2385.0
2006-04-10,2375.0,2545.0,2375.0,2475.0
2006-04-11,2495.0,2510.0,2450.0,2455.0
2006-04-12,2440.0,2450.0,2400.0,2405.0
2006-04-13,2400.0,2425.0,2390.0,2415.0
2006-04-14,2425.0,2460.0,2425.0,2450.0
2006-04-17,2460.0,2460.0,2395.0,2450.0
2006-04-18,2375.0,2425.0,2375.0,2415.0
2006-04-19,2420.0,2450.0,2375.0,2405.0
2006-04-20,2380.0,2395.0,2355.0,2370.0
2006-04-21,2320.0,2320.0,2250.0,2300.0
2006-04-24,2225.0,2270.0,2150.0,2205.0
2006-04-25,2205.0,2280.0,2205.0,2250.0
2006-04-26,2265.0,2315.0,2265.0,2315.0
2006-04-27,2320.0,2330.0,2240.0,2260.0
2006-04-28,2255.0,2300.0,2250.0,2300.0
2006-05-01,2320.0,2320.0,2245.0,2245.0
2006-05-02,2225.0,2225.0,2165.0,2210.0
2006-05-03,2210.0,2210.0,2210.0,2210.0
2006-05-04,2210.0,2210.0,2210.0,2210.0
2006-05-05,2210.0,2210.0,2210.0,2210.0
2006-05-08,2225.0,2275.0,2200.0,2210.0
2006-05-09,2215.0,2275.0,2215.0,2270.0
2006-05-10,2295.0,2295.0,2230.0,2230.0
2006-05-11,2250.0,2255.0,2165.0,2195.0
2006-05-12,2160.0,2250.0,2150.0,2175.0
2006-05-15,2175.0,2275.0,2155.0,2225.0
2006-05-16,2350.0,2360.0,2300.0,2315.0
2006-05-17,2365.0,2400.0,2330.0,2385.0
2006-05-18,2325.0,2325.0,2245.0,2325.0
2006-05-19,2250.0,2260.0,2165.0,2220.0
2006-05-22,2270.0,2275.0,2120.0,2160.0
2006-05-23,2085.0,2090.0,2010.0,2050.0
2006-05-24,2075.0,2125.0,2050.0,2080.0
2006-05-25,2100.0,2130.0,2075.0,2075.0
2006-05-26,2090.0,2100.0,2025.0,2060.0
2006-05-29,2110.0,2110.0,2065.0,2065.0
2006-05-30,2090.0,2100.0,2050.0,2070.0
2006-05-31,2020.0,2070.0,2020.0,2035.0
2006-06-01,2075.0,2080.0,2015.0,2015.0
2006-06-02,2040.0,2040.0,1905.0,1995.0
2006-06-05,1995.0,2020.0,1975.0,1985.0
2006-06-06,1950.0,1960.0,1925.0,1925.0
2006-06-07,1875.0,1925.0,1775.0,1775.0
2006-06-08,1750.0,1800.0,1745.0,1775.0
2006-06-09,1830.0,1885.0,1785.0,1860.0
2006-06-12,1835.0,1840.0,1800.0,1830.0
2006-06-13,1855.0,1855.0,1795.0,1805.0
2006-06-14,1765.0,1795.0,1755.0,1790.0
2006-06-15,1815.0,1895.0,1815.0,1890.0
2006-06-16,2035.0,2060.0,1990.0,2045.0
2006-06-19,2095.0,2140.0,2050.0,2140.0
2006-06-20,2075.0,2075.0,2025.0,2025.0
2006-06-21,2000.0,2000.0,1910.0,1960.0
2006-06-22,2000.0,2000.0,1965.0,1980.0
2006-06-23,1985.0,2040.0,1980.0,2040.0
2006-06-26,1990.0,1990.0,1935.0,1975.0
2006-06-27,2025.0,2025.0,1975.0,2000.0
2006-06-28,1990.0,2000.0,1940.0,2000.0
2006-06-29,2000.0,2000.0,1985.0,1995.0
2006-06-30,2045.0,2045.0,1975.0,1985.0
2006-07-03,1990.0,2005.0,1975.0,1985.0
2006-07-04,2010.0,2010.0,1935.0,1950.0
2006-07-05,1935.0,1960.0,1915.0,1925.0
2006-07-06,1950.0,1950.0,1910.0,1910.0
2006-07-07,1915.0,1925.0,1840.0,1840.0
2006-07-10,1840.0,1865.0,1810.0,1850.0
2006-07-11,1830.0,1835.0,1775.0,1810.0
2006-07-12,1775.0,1780.0,1750.0,1755.0
2006-07-13,1745.0,1850.0,1745.0,1770.0
2006-07-14,1720.0,1800.0,1720.0,1750.0
2006-07-17,1750.0,1750.0,1750.0,1750.0
2006-07-18,1725.0,1725.0,1615.0,1645.0
2006-07-19,1620.0,1620.0,1510.0,1585.0
2006-07-20,1635.0,1685.0,1615.0,1660.0
2006-07-21,1685.0,1780.0,1685.0,1730.0
2006-07-24,1730.0,1730.0,1555.0,1675.0
2006-07-25,1675.0,1675.0,1650.0,1650.0
2006-07-26,1630.0,1630.0,1590.0,1600.0
2006-07-27,1610.0,1645.0,1595.0,1635.0
2006-07-28,1635.0,1650.0,1600.0,1610.0
2006-07-31,1740.0,1745.0,1710.0,1735.0
2006-08-01,1745.0,1775.0,1740.0,1755.0
2006-08-02,1750.0,1775.0,1725.0,1750.0
2006-08-03,1750.0,1775.0,1750.0,1760.0
2006-08-04,1785.0,1870.0,1775.0,1825.0
2006-08-07,1850.0,1900.0,1765.0,1780.0
2006-08-08,1785.0,1845.0,1780.0,1845.0
2006-08-09,1825.0,1850.0,1775.0,1800.0
2006-08-10,1775.0,1820.0,1740.0,1815.0
2006-08-11,1815.0,1875.0,1750.0,1865.0
2006-08-14,1865.0,1865.0,1835.0,1845.0
2006-08-15,1825.0,1865.0,1825.0,1855.0
2006-08-16,1950.0,1950.0,1875.0,1895.0
2006-08-17,1905.0,1905.0,1800.0,1850.0
2006-08-18,1875.0,1900.0,1830.0,1875.0
2006-08-21,1875.0,1895.0,1875.0,1875.0
2006-08-22,1875.0,1925.0,1875.0,1925.0
2006-08-23,1950.0,2010.0,1905.0,1980.0
2006-08-24,1955.0,2000.0,1955.0,1975.0
2006-08-25,2000.0,2065.0,2000.0,2055.0
2006-08-28,2075.0,2080.0,2045.0,2070.0
2006-08-29,2075.0,2075.0,2050.0,2060.0
2006-08-30,2040.0,2050.0,1975.0,1980.0
2006-08-31,1980.0,2015.0,1900.0,1990.0
2006-09-01,1980.0,1980.0,1910.0,1910.0
2006-09-04,1910.0,1945.0,1900.0,1930.0
2006-09-05,1935.0,1935.0,1900.0,1930.0
2006-09-06,1910.0,1910.0,1880.0,1890.0
2006-09-07,1875.0,1875.0,1840.0,1845.0
2006-09-08,1840.0,1840.0,1785.0,1800.0
2006-09-11,1800.0,1820.0,1795.0,1795.0
2006-09-12,1785.0,1815.0,1785.0,1810.0
2006-09-13,1820.0,1845.0,1770.0,1770.0
2006-09-14,1760.0,1765.0,1735.0,1755.0
2006-09-15,1760.0,1790.0,1735.0,1750.0
2006-09-18,1750.0,1750.0,1750.0,1750.0
2006-09-19,1745.0,1755.0,1745.0,1745.0
2006-09-20,1740.0,1760.0,1705.0,1715.0
2006-09-21,1755.0,1795.0,1745.0,1785.0
2006-09-22,1800.0,1820.0,1795.0,1810.0
2006-09-25,1815.0,1900.0,1815.0,1900.0
2006-09-26,1925.0,1930.0,1885.0,1910.0
2006-09-27,1910.0,1915.0,1875.0,1900.0
2006-09-28,1875.0,1875.0,1825.0,1845.0
2006-09-29,1825.0,1845.0,1825.0,1845.0
2006-10-02,1840.0,1845.0,1820.0,1830.0
2006-10-03,1825.0,1830.0,1820.0,1825.0
2006-10-04,1825.0,1830.0,1805.0,1815.0
2006-10-05,1815.0,1815.0,1705.0,1725.0
2006-10-06,1650.0,1745.0,1650.0,1675.0
2006-10-09,1675.0,1675.0,1675.0,1675.0
2006-10-10,1650.0,1700.0,1625.0,1625.0
2006-10-11,1635.0,1650.0,1580.0,1580.0
2006-10-12,1535.0,1625.0,1500.0,1585.0
2006-10-13,1580.0,1600.0,1555.0,1560.0
2006-10-16,1580.0,1710.0,1580.0,1675.0
2006-10-17,1650.0,1670.0,1630.0,1640.0
2006-10-18,1640.0,1650.0,1620.0,1650.0
2006-10-19,1660.0,1695.0,1655.0,1680.0
2006-10-20,1705.0,1705.0,1655.0,1660.0
2006-10-23,1660.0,1670.0,1650.0,1660.0
2006-10-24,1675.0,1695.0,1660.0,1660.0
2006-10-25,1665.0,1675.0,1665.0,1665.0
2006-10-26,1615.0,1640.0,1555.0,1580.0
2006-10-27,1580.0,1580.0,1510.0,1570.0
2006-10-30,1590.0,1590.0,1545.0,1585.0
2006-10-31,1565.0,1595.0,1565.0,1595.0
2006-11-01,1590.0,1590.0,1560.0,1560.0
2006-11-02,1555.0,1555.0,1520.0,1540.0
2006-11-03,1540.0,1540.0,1540.0,1540.0
2006-11-06,1540.0,1545.0,1515.0,1515.0
2006-11-07,1515.0,1515.0,1450.0,1470.0
2006-11-08,1465.0,1470.0,1380.0,1400.0
2006-11-09,1340.0,1390.0,1262.5,1350.0
2006-11-10,1350.0,1350.0,1287.5,1305.0
2006-11-13,1410.0,1410.0,1377.5,1400.0
2006-11-14,1417.5,1465.0,1417.5,1425.0
2006-11-15,1485.0,1530.0,1475.0,1500.0
2006-11-16,1487.5,1492.5,1470.0,1470.0
2006-11-17,1460.0,1460.0,1437.5,1445.0
2006-11-20,1435.0,1470.0,1435.0,1445.0
2006-11-21,1445.0,1462.5,1440.0,1445.0
2006-11-22,1447.5,1495.0,1447.5,1475.0
2006-11-23,1475.0,1475.0,1475.0,1475.0
2006-11-24,1477.5,1477.5,1460.0,1460.0
2006-11-27,1452.5,1465.0,1450.0,1465.0
2006-11-28,1460.0,1462.5,1442.5,1460.0
2006-11-29,1450.0,1450.0,1442.5,1447.5
2006-11-30,1445.0,1452.5,1445.0,1452.5
2006-12-01,1447.5,1455.0,1445.0,1450.0
2006-12-04,1450.0,1455.0,1450.0,1450.0
2006-12-05,1450.0,1455.0,1450.0,1455.0
2006-12-06,1450.0,1470.0,1437.5,1470.0
2006-12-07,1485.0,1485.0,1460.0,1472.5
2006-12-08,1472.5,1475.0,1452.5,1457.5
2006-12-11,1457.5,1457.5,1442.5,1442.5
2006-12-12,1445.0,1450.0,1425.0,1437.5
2006-12-13,1427.5,1427.5,1402.5,1407.5
2006-12-14,1407.5,1407.5,1377.5,1390.0
2006-12-15,1385.0,1390.0,1375.0,1375.0
2006-12-18,1405.0,1450.0,1400.0,1440.0
2006-12-19,1450.0,1465.0,1440.0,1450.0
2006-12-20,1442.5,1485.0,1440.0,1480.0
2006-12-21,1490.0,1530.0,1475.0,1525.0
2006-12-22,1525.0,1595.0,1520.0,1575.0
2006-12-25,1600.0,1600.0,1550.0,1560.0
2006-12-26,1575.0,1595.0,1535.0,1580.0
2006-12-27,1585.0,1590.0,1570.0,1590.0
2006-12-28,1600.0,1605.0,1555.0,1585.0
2006-12-29,1595.0,1600.0,1575.0,1600.0
2007-01-04,1600.0,1625.0,1600.0,1615.0
2007-01-05,1590.0,1600.0,1535.0,1555.0
2007-01-09,1555.0,1565.0,1525.0,1530.0
2007-01-10,1550.0,1560.0,1530.0,1555.0
2007-01-11,1560.0,1570.0,1545.0,1570.0
2007-01-12,1575.0,1575.0,1540.0,1540.0
2007-01-15,1530.0,1565.0,1530.0,1560.0
2007-01-16,1570.0,1595.0,1560.0,1580.0
2007-01-17,1590.0,1600.0,1555.0,1600.0
2007-01-18,1600.0,1600.0,1565.0,1565.0
2007-01-19,1600.0,1630.0,1595.0,1600.0
2007-01-22,1620.0,1650.0,1600.0,1650.0
2007-01-23,1675.0,1745.0,1670.0,1730.0
2007-01-24,1770.0,1825.0,1765.0,1810.0
2007-01-25,1825.0,1855.0,1815.0,1840.0
2007-01-26,1830.0,1830.0,1710.0,1760.0
2007-01-29,1690.0,1725.0,1690.0,1690.0
2007-01-30,1700.0,1720.0,1650.0,1665.0
2007-01-31,1492.5,1500.0,1415.0,1455.0
2007-02-01,1480.0,1485.0,1422.5,1437.5
2007-02-02,1425.0,1460.0,1425.0,1445.0
2007-02-05,1465.0,1477.5,1460.0,1465.0
2007-02-06,1485.0,1490.0,1472.5,1475.0
2007-02-07,1467.5,1467.5,1400.0,1422.5
2007-02-08,1407.5,1410.0,1397.5,1400.0
2007-02-09,1350.0,1375.0,1327.5,1335.0
2007-02-13,1355.0,1380.0,1340.0,1367.5
2007-02-14,1350.0,1367.5,1350.0,1355.0
2007-02-15,1330.0,1342.5,1305.0,1312.5
2007-02-16,1312.5,1335.0,1312.5,1317.5
2007-02-19,1335.0,1397.5,1325.0,1390.0
2007-02-20,1400.0,1415.0,1355.0,1357.5
2007-02-21,1372.5,1372.5,1317.5,1317.5
2007-02-22,1347.5,1347.5,1320.0,1330.0
2007-02-23,1355.0,1380.0,1350.0,1375.0
2007-02-26,1375.0,1375.0,1315.0,1350.0
2007-02-27,1315.0,1327.5,1255.0,1275.0
2007-02-28,1235.0,1265.0,1180.0,1262.5
2007-03-01,1267.5,1330.0,1267.5,1277.5
2007-03-02,1290.0,1290.0,1275.0,1275.0
2007-03-05,1270.0,1275.0,1230.0,1235.0
2007-03-06,1242.5,1257.5,1242.5,1250.0
2007-03-07,1275.0,1280.0,1250.0,1250.0
2007-03-08,1250.0,1250.0,1205.0,1217.5
2007-03-09,1225.0,1230.0,1222.5,1230.0
2007-03-12,1260.0,1265.0,1257.5,1265.0
2007-03-13,1270.0,1280.0,1270.0,1277.5
2007-03-14,1250.0,1250.0,1242.5,1247.5
2007-03-15,1285.0,1295.0,1260.0,1295.0
2007-03-16,1295.0,1300.0,1270.0,1297.5
2007-03-19,1300.0,1300.0,1292.5,1295.0
2007-03-20,1295.0,1300.0,1295.0,1300.0
2007-03-22,1300.0,1342.5,1297.5,1340.0
2007-03-23,1340.0,1340.0,1325.0,1340.0
2007-03-26,1332.5,1342.5,1332.5,1335.0
2007-03-27,1335.0,1335.0,1320.0,1325.0
2007-03-28,1315.0,1320.0,1290.0,1300.0
2007-03-29,1310.0,1310.0,1272.5,1300.0
2007-03-30,1280.0,1290.0,1275.0,1275.0
2007-04-02,1300.0,1312.5,1277.5,1292.5
2007-04-03,1277.5,1277.5,1260.0,1260.0
2007-04-04,1275.0,1280.0,1250.0,1255.0
2007-04-05,1257.5,1265.0,1255.0,1265.0
2007-04-06,1267.5,1315.0,1265.0,1310.0
2007-04-09,1270.0,1290.0,1270.0,1282.5
2007-04-10,1262.5,1280.0,1262.5,1275.0
2007-04-11,1262.5,1275.0,1250.0,1260.0
2007-04-12,1272.5,1272.5,1257.5,1265.0
2007-04-13,1265.0,1265.0,1235.0,1255.0
2007-04-16,1252.5,1252.5,1217.5,1220.0
2007-04-17,1220.0,1220.0,1157.5,1177.5
2007-04-18,1180.0,1195.0,1180.0,1190.0
2007-04-19,1190.0,1197.5,1187.5,1190.0
2007-04-20,1195.0,1210.0,1195.0,1210.0
2007-04-23,1207.5,1250.0,1187.5,1250.0
2007-04-24,1245.0,1250.0,1240.0,1240.0
2007-04-25,1240.0,1242.5,1195.0,1195.0
2007-04-26,1195.0,1215.0,1195.0,1197.5
2007-04-27,1195.0,1195.0,1175.0,1175.0
2007-05-01,1177.5,1180.0,1165.0,1165.0
2007-05-02,1167.5,1170.0,1150.0,1150.0
2007-05-07,1140.0,1150.0,1140.0,1140.0
2007-05-08,1135.0,1135.0,1055.0,1075.0
2007-05-09,1100.0,1110.0,1075.0,1077.5
2007-05-10,1100.0,1105.0,1077.5,1077.5
2007-05-11,1075.0,1090.0,1075.0,1090.0
2007-05-14,1077.5,1087.5,1077.5,1087.5
2007-05-15,1080.0,1122.5,1080.0,1102.5
2007-05-16,1242.5,1302.5,1235.0,1302.5
2007-05-17,1290.0,1407.5,1250.0,1265.0
2007-05-18,1250.0,1275.0,1235.0,1237.5
2007-05-21,1262.5,1262.5,1235.0,1260.0
2007-05-22,1280.0,1305.0,1257.5,1305.0
2007-05-23,1312.5,1387.5,1312.5,1387.5
2007-05-24,1367.5,1367.5,1257.5,1295.0
2007-05-25,1295.0,1295.0,1255.0,1267.5
2007-05-28,1275.0,1300.0,1275.0,1290.0
2007-05-29,1295.0,1300.0,1270.0,1280.0
2007-05-30,1275.0,1277.5,1257.5,1275.0
2007-05-31,1315.0,1355.0,1300.0,1350.0
2007-06-01,1330.0,1355.0,1317.5,1335.0
2007-06-04,1335.0,1337.5,1300.0,1320.0
2007-06-05,1285.0,1315.0,1267.5,1290.0
2007-06-06,1300.0,1382.5,1300.0,1370.0
2007-06-07,1347.5,1485.0,1340.0,1465.0
2007-06-08,1462.5,1462.5,1422.5,1455.0
2007-06-11,1495.0,1615.0,1495.0,1555.0
2007-06-12,1530.0,1575.0,1525.0,1530.0
2007-06-13,1580.0,1610.0,1580.0,1595.0
2007-06-14,1645.0,1645.0,1510.0,1600.0
2007-06-15,1580.0,1600.0,1550.0,1575.0
2007-06-18,1575.0,1575.0,1520.0,1560.0
2007-06-19,1535.0,1540.0,1500.0,1500.0
2007-06-20,1490.0,1500.0,1467.5,1500.0
2007-06-21,1505.0,1565.0,1500.0,1555.0
2007-06-22,1550.0,1560.0,1540.0,1555.0
2007-06-25,1565.0,1575.0,1520.0,1555.0
2007-06-26,1530.0,1545.0,1467.5,1530.0
2007-06-27,1500.0,1500.0,1457.5,1475.0
2007-06-28,1475.0,1487.5,1442.5,1452.5
2007-06-29,1465.0,1510.0,1462.5,1505.0
2007-07-02,1500.0,1500.0,1480.0,1500.0
2007-07-03,1500.0,1535.0,1500.0,1515.0
2007-07-04,1530.0,1585.0,1530.0,1575.0
2007-07-05,1555.0,1580.0,1555.0,1560.0
2007-07-06,1560.0,1570.0,1550.0,1555.0
2007-07-09,1555.0,1570.0,1550.0,1560.0
2007-07-10,1580.0,1620.0,1575.0,1610.0
2007-07-11,1600.0,1690.0,1595.0,1670.0
2007-07-12,1695.0,1730.0,1690.0,1725.0
2007-07-13,1700.0,1740.0,1645.0,1735.0
2007-07-17,1710.0,1725.0,1700.0,1725.0
2007-07-18,1725.0,1725.0,1690.0,1700.0
2007-07-19,1675.0,1675.0,1535.0,1585.0
2007-07-20,1565.0,1595.0,1555.0,1570.0
2007-07-23,1550.0,1565.0,1550.0,1560.0
2007-07-24,1555.0,1555.0,1515.0,1525.0
2007-07-25,1525.0,1535.0,1525.0,1525.0
2007-07-26,1535.0,1545.0,1520.0,1530.0
2007-07-27,1515.0,1535.0,1500.0,1525.0
2007-07-30,1530.0,1565.0,1525.0,1545.0
2007-07-31,1555.0,1600.0,1555.0,1600.0
2007-08-01,1650.0,1650.0,1550.0,1555.0
2007-08-02,1570.0,1595.0,1540.0,1595.0
2007-08-03,1600.0,1600.0,1535.0,1545.0
2007-08-06,1535.0,1535.0,1525.0,1525.0
2007-08-07,1540.0,1550.0,1525.0,1530.0
2007-08-08,1530.0,1530.0,1440.0,1447.5
2007-08-09,1467.5,1467.5,1392.5,1392.5
2007-08-10,1350.0,1427.5,1340.0,1400.0
2007-08-13,1400.0,1400.0,1400.0,1400.0
2007-08-14,1482.5,1500.0,1475.0,1485.0
2007-08-15,1505.0,1535.0,1485.0,1500.0
2007-08-16,1492.5,1500.0,1397.5,1447.5
2007-08-17,1407.5,1445.0,1405.0,1445.0
2007-08-20,1482.5,1497.5,1480.0,1492.5
2007-08-21,1500.0,1500.0,1462.5,1500.0
2007-08-22,1500.0,1545.0,1492.5,1492.5
2007-08-23,1472.5,1500.0,1452.5,1470.0
2007-08-24,1470.0,1472.5,1420.0,1455.0
2007-08-27,1422.5,1455.0,1420.0,1442.5
2007-08-28,1422.5,1442.5,1422.5,1425.0
2007-08-29,1375.0,1410.0,1372.5,1380.0
2007-08-30,1367.5,1395.0,1355.0,1375.0
2007-08-31,1380.0,1412.5,1380.0,1395.0
2007-09-03,1415.0,1427.5,1375.0,1375.0
2007-09-04,1395.0,1405.0,1375.0,1395.0
2007-09-05,1405.0,1425.0,1390.0,1417.5
2007-09-06,1417.5,1417.5,1390.0,1400.0
2007-09-07,1380.0,1382.5,1357.5,1362.5
2007-09-10,1360.0,1362.5,1332.5,1340.0
2007-09-11,1327.5,1347.5,1300.0,1335.0
2007-09-12,1340.0,1355.0,1335.0,1352.5
2007-09-13,1347.5,1372.5,1347.5,1360.0
2007-09-14,1350.0,1372.5,1350.0,1350.0
2007-09-18,1340.0,1370.0,1340.0,1367.5
2007-09-19,1372.5,1415.0,1372.5,1397.5
2007-09-20,1402.5,1407.5,1397.5,1405.0
2007-09-21,1385.0,1385.0,1335.0,1350.0
2007-09-25,1352.5,1370.0,1340.0,1360.0
2007-09-26,1340.0,1370.0,1335.0,1367.5
2007-09-27,1375.0,1400.0,1375.0,1387.5
2007-09-28,1400.0,1440.0,1400.0,1420.0
2007-10-01,1420.0,1455.0,1420.0,1445.0
2007-10-02,1475.0,1475.0,1460.0,1467.5
2007-10-03,1465.0,1482.5,1460.0,1477.5
2007-10-04,1492.5,1535.0,1485.0,1530.0
2007-10-05,1510.0,1540.0,1505.0,1505.0
2007-10-09,1530.0,1590.0,1505.0,1550.0
2007-10-10,1600.0,1605.0,1530.0,1585.0
2007-10-11,1550.0,1595.0,1550.0,1595.0
2007-10-12,1590.0,1590.0,1545.0,1555.0
2007-10-15,1565.0,1585.0,1525.0,1525.0
2007-10-16,1525.0,1525.0,1500.0,1510.0
2007-10-17,1500.0,1505.0,1485.0,1485.0
2007-10-18,1550.0,1670.0,1495.0,1605.0
2007-10-19,1625.0,1655.0,1600.0,1645.0
2007-10-22,1520.0,1620.0,1520.0,1605.0
2007-10-23,1625.0,1655.0,1600.0,1640.0
2007-10-24,1640.0,1640.0,1595.0,1595.0
2007-10-25,1595.0,1595.0,1540.0,1555.0
2007-10-26,1575.0,1575.0,1530.0,1570.0
2007-10-29,1620.0,1635.0,1615.0,1625.0
2007-10-30,1625.0,1635.0,1590.0,1630.0
2007-10-31,1670.0,1685.0,1655.0,1670.0
2007-11-01,1685.0,1685.0,1625.0,1650.0
2007-11-02,1625.0,1625.0,1585.0,1600.0
2007-11-05,1580.0,1615.0,1570.0,1570.0
2007-11-06,1555.0,1590.0,1555.0,1555.0
2007-11-07,1530.0,1535.0,1477.5,1505.0
2007-11-08,1460.0,1550.0,1457.5,1482.5
2007-11-09,1475.0,1497.5,1425.0,1445.0
2007-11-12,1477.5,1515.0,1475.0,1477.5
2007-11-13,1477.5,1495.0,1450.0,1450.0
2007-11-14,1530.0,1530.0,1505.0,1520.0
2007-11-15,1520.0,1520.0,1505.0,1510.0
2007-11-16,1492.5,1500.0,1477.5,1477.5
2007-11-19,1500.0,1505.0,1495.0,1495.0
2007-11-20,1482.5,1482.5,1450.0,1462.5
2007-11-21,1462.5,1472.5,1460.0,1460.0
2007-11-22,1460.0,1480.0,1457.5,1465.0
2007-11-26,1485.0,1560.0,1485.0,1560.0
2007-11-27,1555.0,1555.0,1455.0,1530.0
2007-11-28,1540.0,1545.0,1515.0,1540.0
2007-11-29,1550.0,1560.0,1530.0,1555.0
2007-11-30,1550.0,1690.0,1550.0,1675.0
2007-12-03,1670.0,1675.0,1595.0,1635.0
2007-12-04,1650.0,1650.0,1635.0,1640.0
2007-12-05,1650.0,1700.0,1645.0,1645.0
2007-12-06,1640.0,1670.0,1605.0,1610.0
2007-12-07,1655.0,1655.0,1610.0,1635.0
2007-12-10,1640.0,1640.0,1635.0,1635.0
2007-12-11,1650.0,1665.0,1605.0,1645.0
2007-12-12,1605.0,1645.0,1580.0,1620.0
2007-12-13,1625.0,1625.0,1565.0,1565.0
2007-12-14,1605.0,1645.0,1605.0,1625.0
2007-12-17,1625.0,1625.0,1600.0,1610.0
2007-12-18,1565.0,1575.0,1535.0,1540.0
2007-12-19,1550.0,1560.0,1510.0,1510.0
2007-12-20,1525.0,1550.0,1460.0,1550.0
2007-12-21,1540.0,1540.0,1500.0,1505.0
2007-12-25,1520.0,1525.0,1450.0,1485.0
2007-12-26,1485.0,1525.0,1485.0,1515.0
2007-12-27,1525.0,1535.0,1490.0,1510.0
2007-12-28,1510.0,1525.0,1480.0,1500.0
2008-01-04,1475.0,1475.0,1430.0,1450.0
2008-01-07,1450.0,1477.5,1435.0,1460.0
2008-01-08,1480.0,1520.0,1475.0,1500.0
2008-01-09,1452.5,1545.0,1452.5,1505.0
2008-01-10,1480.0,1520.0,1480.0,1520.0
2008-01-11,1495.0,1515.0,1475.0,1495.0
2008-01-15,1475.0,1505.0,1475.0,1495.0
2008-01-16,1445.0,1485.0,1440.0,1440.0
2008-01-17,1410.0,1525.0,1410.0,1525.0
2008-01-18,1525.0,1625.0,1505.0,1625.0
2008-01-21,1625.0,1630.0,1575.0,1580.0
2008-01-22,1550.0,1550.0,1450.0,1450.0
2008-01-23,1477.5,1500.0,1475.0,1475.0
2008-01-24,1470.0,1490.0,1440.0,1472.5
2008-01-25,1472.5,1490.0,1455.0,1475.0
2008-01-28,1435.0,1450.0,1402.5,1402.5
2008-01-29,1407.5,1432.5,1407.5,1430.0
2008-01-30,1450.0,1450.0,1372.5,1372.5
2008-01-31,1410.0,1422.5,1385.0,1422.5
2008-02-01,1417.5,1417.5,1380.0,1392.5
2008-02-04,1370.0,1400.0,1370.0,1387.5
2008-02-05,1395.0,1415.0,1390.0,1390.0
2008-02-06,1350.0,1365.0,1327.5,1342.5
2008-02-07,1352.5,1375.0,1350.0,1375.0
2008-02-08,1395.0,1402.5,1347.5,1375.0
2008-02-12,1400.0,1400.0,1350.0,1365.0
2008-02-13,1375.0,1385.0,1325.0,1332.5
2008-02-14,1350.0,1380.0,1330.0,1362.5
2008-02-15,1362.5,1415.0,1350.0,1415.0
2008-02-18,1425.0,1440.0,1385.0,1395.0
2008-02-19,1400.0,1427.5,1400.0,1410.0
2008-02-20,1410.0,1410.0,1380.0,1410.0
2008-02-21,1417.5,1430.0,1400.0,1430.0
2008-02-22,1390.0,1410.0,1370.0,1392.5
2008-02-25,1412.5,1427.5,1392.5,1412.5
2008-02-26,1440.0,1477.5,1435.0,1465.0
2008-02-27,1505.0,1575.0,1495.0,1505.0
2008-02-28,1505.0,1510.0,1480.0,1482.5
2008-02-29,1465.0,1470.0,1455.0,1462.5
2008-03-03,1402.5,1415.0,1392.5,1397.5
2008-03-04,1410.0,1410.0,1345.0,1347.5
2008-03-05,1342.5,1400.0,1342.5,1350.0
2008-03-06,1337.5,1400.0,1337.5,1345.0
2008-03-07,1305.0,1312.5,1300.0,1300.0
2008-03-10,1265.0,1265.0,1185.0,1195.0
2008-03-11,1195.0,1200.0,1150.0,1182.5
2008-03-12,1250.0,1250.0,1177.5,1182.5
2008-03-13,1170.0,1170.0,1122.5,1130.0
2008-03-14,1142.5,1142.5,1007.5,1030.0
2008-03-17,1002.5,1017.5,982.5,1010.0
2008-03-18,1012.5,1030.0,990.0,1005.0
2008-03-19,1035.0,1042.5,1007.5,1032.5
2008-03-21,1052.5,1155.0,1052.5,1140.0
2008-03-24,1140.0,1175.0,1135.0,1160.0
2008-03-25,1195.0,1195.0,1160.0,1170.0
2008-03-26,1145.0,1170.0,1115.0,1152.5
2008-03-27,1132.5,1142.5,1105.0,1142.5
2008-03-28,1142.5,1165.0,1090.0,1132.5
2008-03-31,1127.5,1150.0,1115.0,1145.0
2008-04-01,1152.5,1195.0,1150.0,1195.0
2008-04-02,1222.5,1230.0,1195.0,1195.0
2008-04-03,1215.0,1215.0,1165.0,1165.0
2008-04-04,1165.0,1177.5,1147.5,1147.5
2008-04-07,1150.0,1150.0,1140.0,1150.0
2008-04-08,1150.0,1200.0,1142.5,1150.0
2008-04-09,1140.0,1140.0,1115.0,1117.5
2008-04-10,1110.0,1115.0,1085.0,1110.0
2008-04-11,1115.0,1130.0,1065.0,1065.0
2008-04-14,1067.5,1067.5,1025.0,1027.5
2008-04-15,1025.0,1027.5,975.5,991.5
2008-04-16,997.5,1000.0,983.0,990.0
2008-04-17,1022.5,1025.0,1010.0,1020.0
2008-04-18,1040.0,1070.0,1040.0,1062.5
2008-04-21,1110.0,1117.5,1080.0,1097.5
2008-04-22,1097.5,1097.5,1077.5,1085.0
2008-04-23,1105.0,1115.0,1090.0,1090.0
2008-04-24,1097.5,1120.0,1097.5,1107.5
2008-04-25,1145.0,1170.0,1132.5,1147.5
2008-04-28,1172.5,1180.0,1170.0,1177.5
2008-04-30,1212.5,1220.0,1207.5,1212.5
2008-05-01,1250.0,1250.0,1220.0,1225.0
2008-05-02,1250.0,1257.5,1225.0,1245.0
2008-05-07,1247.5,1250.0,1232.5,1242.5
2008-05-08,1245.0,1245.0,1235.0,1240.0
2008-05-09,1245.0,1247.5,1207.5,1215.0
2008-05-12,1212.5,1220.0,1177.5,1195.0
2008-05-13,1200.0,1225.0,1197.5,1225.0
2008-05-14,1275.0,1342.5,1262.5,1342.5
2008-05-15,1330.0,1360.0,1215.0,1315.0
2008-05-16,1200.0,1200.0,1130.0,1150.0
2008-05-19,1162.5,1167.5,1125.0,1127.5
2008-05-20,1120.0,1150.0,1120.0,1122.5
2008-05-21,1105.0,1105.0,1015.0,1027.5
2008-05-22,1000.0,1065.0,1000.0,1065.0
2008-05-23,1075.0,1085.0,1065.0,1065.0
2008-05-26,1082.5,1082.5,1027.5,1050.0
2008-05-27,1040.0,1040.0,1000.0,1005.0
2008-05-28,1010.0,1017.5,982.5,997.5
2008-05-29,1000.0,1000.0,983.0,992.5
2008-05-30,1000.0,1010.0,997.5,1010.0
2008-06-02,1025.0,1035.0,1012.5,1035.0
2008-06-03,1025.0,1030.0,1012.5,1015.0
2008-06-04,1020.0,1025.0,1010.0,1020.0
2008-06-05,1020.0,1027.5,1015.0,1027.5
2008-06-06,1040.0,1065.0,1035.0,1065.0
2008-06-09,1047.5,1055.0,1020.0,1045.0
2008-06-10,1052.5,1057.5,1047.5,1055.0
2008-06-11,1050.0,1052.5,1010.0,1017.5
2008-06-12,1000.0,1015.0,990.0,1015.0
2008-06-13,1017.5,1017.5,995.0,1015.0
2008-06-16,1017.5,1017.5,1012.5,1012.5
2008-06-17,1012.5,1015.0,990.0,992.0
2008-06-18,984.0,985.0,968.0,971.5
2008-06-19,956.5,960.0,946.0,955.0
2008-06-20,949.5,975.0,941.0,974.0
2008-06-23,953.0,959.5,952.5,959.5
2008-06-24,953.5,953.5,950.5,950.5
2008-06-25,966.5,970.0,954.0,955.0
2008-06-26,957.5,970.0,955.0,970.0
2008-06-27,945.0,945.0,940.0,942.5
2008-06-30,950.5,950.5,930.0,930.0
2008-07-01,949.0,950.0,930.0,943.5
2008-07-02,936.0,945.5,935.0,940.5
2008-07-03,925.0,930.0,918.5,925.0
2008-07-04,910.0,920.0,900.0,920.0
2008-07-07,919.5,919.5,880.5,888.5
2008-07-08,889.0,889.5,865.5,865.5
2008-07-09,870.0,870.0,835.0,845.0
2008-07-10,833.0,833.0,803.5,812.5
2008-07-11,807.5,807.5,783.0,795.5
2008-07-14,794.5,794.5,777.5,777.5
2008-07-15,766.0,795.0,765.0,778.5
2008-07-16,777.5,785.0,775.0,780.0
2008-07-17,795.0,800.0,785.0,800.0
2008-07-18,800.0,825.0,797.5,807.5
2008-07-22,807.5,807.5,791.0,793.0
2008-07-23,794.5,809.5,793.0,800.0
2008-07-24,800.0,804.5,795.0,797.5
2008-07-25,797.5,799.0,790.0,797.5
2008-07-28,796.0,796.0,780.0,793.0
2008-07-29,779.5,779.5,770.0,770.5
2008-07-30,778.0,778.0,744.5,757.5
2008-07-31,786.0,786.0,758.0,758.0
2008-08-01,760.0,765.5,750.5,750.5
2008-08-04,750.5,750.5,741.5,742.5
2008-08-05,742.0,742.0,725.0,725.0
2008-08-06,725.0,737.5,713.5,737.5
2008-08-07,736.5,751.5,730.0,730.5
2008-08-08,720.5,736.0,715.0,715.5
2008-08-11,625.5,625.5,615.5,615.5
2008-08-12,575.5,599.0,575.0,583.5
2008-08-13,590.0,645.0,587.5,624.5
2008-08-14,594.5,602.5,593.0,594.5
2008-08-15,595.5,595.5,581.0,581.0
2008-08-18,600.0,615.0,590.0,612.5
2008-08-19,612.5,620.0,590.5,605.0
2008-08-20,575.0,600.0,575.0,600.0
2008-08-21,605.0,615.0,580.0,580.0
2008-08-22,575.0,600.0,575.0,585.0
2008-08-25,586.5,610.0,586.5,600.0
2008-08-26,590.0,597.5,577.5,591.0
2008-08-27,570.5,581.5,562.5,562.5
2008-08-28,565.0,570.0,557.5,557.5
2008-08-29,558.0,568.0,552.0,555.0
2008-09-01,574.0,575.0,540.0,540.0
2008-09-02,540.0,540.0,510.0,510.0
2008-09-03,510.0,525.0,510.0,520.0
2008-09-04,520.0,520.0,495.0,500.0
2008-09-05,470.0,475.0,460.0,475.0
2008-09-08,484.5,520.0,484.5,500.0
2008-09-09,530.0,530.0,500.5,504.5
2008-09-10,500.0,520.0,485.0,490.0
2008-09-11,492.5,492.5,485.0,485.0
2008-09-12,484.0,489.5,483.5,487.0
2008-09-16,437.5,450.0,437.0,440.0
2008-09-17,445.0,459.5,423.0,423.0
2008-09-18,408.0,412.5,401.5,410.0
2008-09-19,420.5,425.0,410.0,420.0
2008-09-22,425.0,427.5,421.5,426.0
2008-09-24,419.5,419.5,406.5,412.0
2008-09-25,413.0,413.5,412.5,413.0
2008-09-26,412.5,424.5,412.5,415.0
2008-09-29,415.0,440.0,415.0,440.0
2008-09-30,401.0,417.0,401.0,415.0
2008-10-01,410.0,410.0,404.0,404.0
2008-10-02,407.0,407.0,401.0,404.0
2008-10-03,406.5,406.5,392.5,395.0
2008-10-06,365.0,370.0,345.0,345.0
2008-10-07,300.0,345.0,300.0,335.0
2008-10-08,302.5,315.0,285.5,285.5
2008-10-09,285.5,320.0,285.0,303.0
2008-10-10,283.0,312.5,283.0,312.5
2008-10-14,360.5,362.5,352.5,362.5
2008-10-15,367.5,367.5,352.5,362.5
2008-10-16,327.5,327.5,318.0,324.0
2008-10-17,325.0,333.0,321.0,329.5
2008-10-20,317.5,332.5,317.0,327.5
2008-10-21,331.0,331.0,314.5,315.0
2008-10-22,315.0,320.0,295.0,302.5
2008-10-23,290.5,292.5,287.5,288.5
2008-10-24,288.5,289.0,252.5,253.0
2008-10-27,250.0,252.5,239.5,243.5
2008-10-28,236.0,243.5,226.5,238.5
2008-10-29,255.0,255.0,242.5,245.5
2008-10-30,245.5,252.5,245.0,246.0
2008-10-31,250.0,260.0,245.5,246.0
2008-11-04,251.0,255.0,246.0,247.5
2008-11-05,255.5,265.0,251.5,262.0
2008-11-06,255.87510681152344,255.87510681152344,255.87510681152344,255.87510681152344
2008-11-07,250.5,260.0,243.0,250.0
2008-11-10,255.0,267.5,255.0,266.5
2008-11-11,259.0,259.0,250.0,256.5
2008-11-12,251.5,261.5,250.5,250.5
2008-11-13,255.5,255.5,242.0,255.0
2008-11-14,255.5,260.0,249.5,252.5
2008-11-17,257.5,262.5,247.5,254.5
2008-11-18,249.5,255.0,247.5,253.0
2008-11-19,254.0,257.0,248.0,249.0
2008-11-20,248.0,250.0,240.5,245.0
2008-11-21,241.5,247.5,237.5,246.5
2008-11-25,251.5,251.5,247.5,248.5
2008-11-26,249.0,254.5,248.5,254.0
2008-11-27,255.0,255.0,251.5,254.0
2008-11-28,253.0,254.5,252.5,253.5
2008-12-01,258.5,260.0,253.5,256.5
2008-12-02,253.5,255.0,250.5,253.0
2008-12-03,253.0,256.5,250.5,255.0
2008-12-04,255.0,257.0,249.5,249.5
2008-12-05,251.0,251.0,248.0,250.0
2008-12-08,250.0,252.5,248.0,248.5
2008-12-09,249.5,252.5,247.5,250.0
2008-12-10,252.0,254.5,250.0,253.5
2008-12-11,255.0,262.5,254.0,259.5
2008-12-12,267.5,275.0,265.0,267.5
2008-12-15,274.5,285.0,274.5,280.0
2008-12-16,285.0,286.5,281.0,285.0
2008-12-17,285.5,285.5,260.0,272.5
2008-12-18,262.5,275.0,262.5,272.5
2008-12-19,267.5,271.0,265.5,267.5
2008-12-22,265.0,275.0,265.0,270.0
2008-12-24,270.0,272.5,267.5,272.5
2008-12-25,275.0,282.5,275.0,280.5
2008-12-26,281.5,285.0,280.5,280.5
2008-12-29,278.5,278.5,270.5,271.5
2008-12-30,275.0,285.0,275.0,285.0
2009-01-05,284.5,284.5,275.5,275.5
2009-01-06,275.0,275.0,265.0,265.0
2009-01-07,266.0,270.0,265.0,267.5
2009-01-08,266.5,270.0,265.0,265.5
2009-01-09,265.0,265.0,260.5,264.5
2009-01-13,264.5,264.5,260.0,263.5
2009-01-14,264.5,264.5,255.5,255.5
2009-01-15,254.0,254.5,250.0,250.5
2009-01-16,252.0,252.0,249.0,250.0
2009-01-19,250.0,250.5,244.5,249.0
2009-01-20,248.5,250.0,245.5,250.0
2009-01-21,249.5,249.5,246.0,246.0
2009-01-22,247.0,249.0,246.5,248.5
2009-01-23,249.0,249.0,245.0,245.0
2009-01-26,245.0,245.5,240.0,240.0
2009-01-27,245.5,249.0,240.0,249.0
2009-01-28,247.5,250.0,245.0,247.5
2009-01-29,244.5,248.5,244.5,247.5
2009-01-30,247.0,247.0,241.5,246.5
2009-02-02,247.0,247.5,243.0,247.5
2009-02-03,247.5,247.5,243.0,247.5
2009-02-04,244.5,247.5,243.5,245.5
2009-02-05,245.5,247.5,244.5,245.0
2009-02-06,250.0,250.0,242.5,242.5
2009-02-09,245.0,246.0,245.0,245.0
2009-02-10,242.5,245.0,240.5,241.5
2009-02-12,241.0,241.0,238.0,238.5
2009-02-13,236.0,241.5,236.0,241.5
2009-02-16,236.5,240.0,232.5,240.0
2009-02-17,235.0,240.0,235.0,236.0
2009-02-18,237.5,237.5,237.5,237.5
2009-02-19,237.5,244.5,237.5,237.5
2009-02-20,237.5,239.0,232.5,233.5
2009-02-23,229.0,237.5,229.0,230.0
2009-02-24,230.0,230.0,227.0,230.0
2009-02-25,230.0,235.0,230.0,230.0
2009-02-26,230.0,231.0,225.0,225.0
2009-02-27,225.0,230.0,225.0,225.0
2009-03-02,219.5,223.0,219.5,223.0
2009-03-03,220.5,221.0,220.0,220.0
2009-03-04,217.5,220.0,217.5,220.0
2009-03-05,222.0,230.5,222.0,230.0
2009-03-06,220.5,225.0,220.0,220.5
2009-03-09,225.5,228.0,221.5,221.5
2009-03-10,224.0,227.5,220.0,220.0
2009-03-11,222.5,226.5,221.0,222.5
2009-03-12,225.0,226.0,223.5,223.5
2009-03-13,224.0,227.0,221.5,222.0
2009-03-16,225.0,225.5,220.5,224.0
2009-03-17,221.5,226.5,220.0,222.0
2009-03-18,227.0,235.0,226.0,230.0
2009-03-19,228.0,232.0,224.5,230.5
2009-03-23,228.0,247.5,228.0,247.5
2009-03-24,242.5,246.5,237.5,242.5
2009-03-25,245.0,248.0,245.0,245.5
2009-03-26,240.5,242.5,240.0,240.5
2009-03-27,245.5,249.5,240.0,240.0
2009-03-30,240.0,240.0,230.5,230.5
2009-03-31,230.0,230.0,219.0,220.5
2009-04-01,227.5,227.5,221.0,221.0
2009-04-02,225.5,235.0,225.0,235.0
2009-04-03,242.5,245.5,242.0,242.0
2009-04-06,242.0,245.0,240.0,240.0
2009-04-07,237.0,237.0,234.0,235.0
2009-04-08,232.5,235.0,230.0,235.0
2009-04-09,234.5,249.5,234.5,247.5
2009-04-10,247.5,252.5,246.0,249.5
2009-04-13,249.5,253.5,248.0,250.5
2009-04-14,253.5,259.0,249.5,249.5
2009-04-15,248.5,255.0,242.0,242.5
2009-04-16,250.5,257.0,242.5,242.5
2009-04-17,243.5,247.5,243.5,245.0
2009-04-20,245.5,246.0,243.5,245.5
2009-04-21,247.5,250.0,239.5,250.0
2009-04-22,255.5,263.5,250.5,257.0
2009-04-23,256.0,256.0,252.0,253.5
2009-04-24,255.0,265.5,255.0,255.5
2009-04-27,260.0,266.0,260.0,261.0
2009-04-28,265.0,270.0,260.0,260.0
2009-04-30,265.0,270.0,261.5,270.0
2009-05-01,270.0,270.0,262.0,269.0
2009-05-07,273.5,292.5,273.5,287.5
2009-05-08,287.0,300.0,287.0,300.0
2009-05-11,324.5,340.0,320.0,335.0
2009-05-12,335.0,359.5,335.0,359.5
2009-05-13,358.0,358.0,340.0,351.0
2009-05-14,338.0,344.0,338.0,338.0
2009-05-15,347.5,350.0,337.5,350.0
2009-05-18,340.0,344.0,335.5,335.5
2009-05-19,346.0,346.0,338.0,339.5
2009-05-20,350.0,350.0,336.5,340.0
2009-05-21,340.0,352.5,336.0,352.5
2009-05-22,350.5,351.0,348.0,351.0
2009-05-25,365.0,401.0,364.5,401.0
2009-05-26,416.0,422.0,410.0,415.0
2009-05-27,415.5,425.0,405.5,415.0
2009-05-28,415.0,421.0,411.5,421.0
2009-05-29,425.0,425.0,415.0,425.0
2009-06-01,425.0,433.0,423.5,433.0
2009-06-02,446.0,450.0,438.0,449.5
2009-06-03,450.5,495.0,450.5,485.0
2009-06-04,484.5,520.0,480.5,505.0
2009-06-05,520.0,525.0,500.0,500.0
2009-06-08,510.0,515.0,500.5,502.5
2009-06-09,505.0,510.0,476.0,505.0
2009-06-10,506.0,515.0,500.0,504.5
2009-06-11,505.0,540.0,504.5,525.0
2009-06-12,525.0,535.0,525.0,535.0
2009-06-15,535.0,540.0,520.5,534.0
2009-06-16,529.0,529.0,496.5,515.5
2009-06-17,502.0,525.0,486.0,525.0
2009-06-18,516.0,516.5,500.0,515.0
2009-06-19,516.5,516.5,500.0,510.0
2009-06-22,500.0,510.0,497.5,497.5
2009-06-23,487.5,500.0,487.5,500.0
2009-06-24,506.5,534.5,500.0,534.5
2009-06-25,544.0,557.5,544.0,550.0
2009-06-26,558.0,577.5,550.0,557.5
2009-06-29,565.0,586.5,565.0,577.0
2009-06-30,599.5,610.0,585.0,597.5
2009-07-01,617.0,637.0,602.0,605.5
2009-07-02,615.0,630.5,615.0,630.0
2009-07-03,631.0,639.5,620.0,639.5
2009-07-06,635.0,635.0,617.0,626.5
2009-07-07,620.0,625.0,595.0,600.5
2009-07-08,575.5,575.5,550.5,570.0
2009-07-09,554.0,560.0,552.5,555.0
2009-07-10,565.0,594.5,510.0,514.0
2009-07-13,494.0,510.0,478.5,478.5
2009-07-14,479.5,499.0,477.0,487.5
2009-07-15,500.0,502.5,484.0,502.5
2009-07-16,519.5,523.0,500.0,500.0
2009-07-17,502.5,519.5,502.5,509.5
2009-07-21,519.5,524.5,515.0,518.0
2009-07-22,522.5,522.5,495.0,519.0
2009-07-23,510.5,525.0,510.5,522.5
2009-07-24,525.5,530.0,525.5,528.5
2009-07-27,518.5,538.5,518.5,538.5
2009-07-28,547.5,554.5,525.5,554.5
2009-07-29,553.0,559.5,540.0,559.5
2009-07-30,564.0,575.0,556.0,575.0
2009-07-31,595.0,597.0,585.5,585.5
2009-08-03,592.0,607.0,592.0,605.0
2009-08-04,606.0,606.0,579.0,581.0
2009-08-05,580.0,602.0,580.0,600.0
2009-08-06,587.5,602.5,587.5,599.5
2009-08-07,599.5,602.5,589.0,602.5
2009-08-10,672.5,682.5,643.5,665.0
2009-08-11,668.5,710.0,667.5,710.0
2009-08-12,700.0,732.0,695.0,730.0
2009-08-13,727.5,746.5,725.0,733.5
2009-08-14,723.5,729.0,680.5,701.5
2009-08-17,694.0,706.0,675.0,677.5
2009-08-18,675.5,685.0,652.5,684.0
2009-08-19,674.0,685.0,670.0,684.5
2009-08-20,679.5,684.5,666.0,684.5
2009-08-21,694.5,694.5,670.0,678.5
2009-08-24,678.5,685.0,670.0,677.0
2009-08-25,677.0,677.0,661.5,664.0
2009-08-26,669.5,670.5,655.5,668.0
2009-08-27,660.0,668.0,655.5,665.0
2009-08-28,672.5,679.5,665.5,665.5
2009-08-31,660.0,667.5,652.5,666.0
2009-09-02,650.0,664.5,649.5,653.5
2009-09-03,654.0,655.0,649.0,654.0
2009-09-04,655.0,655.0,637.5,640.0
2009-09-07,640.0,642.5,618.5,635.0
2009-09-08,635.0,640.0,622.5,631.5
2009-09-09,636.0,660.0,630.5,659.5
2009-09-10,656.0,669.0,646.0,663.0
2009-09-11,665.0,672.5,655.0,672.0
2009-09-14,672.0,672.0,656.5,660.5
2009-09-15,650.5,661.5,638.0,650.0
2009-09-16,645.0,660.0,644.0,645.0
2009-09-17,643.0,650.0,640.5,650.0
2009-09-18,650.0,652.0,640.0,645.0
2009-09-21,645.0,645.0,645.0,645.0
2009-09-24,655.0,694.0,655.0,688.0
2009-09-25,695.0,707.5,680.0,707.5
2009-09-28,697.5,720.5,697.5,713.0
2009-09-29,713.5,725.0,675.5,725.0
2009-09-30,725.0,725.0,682.5,691.0
2009-10-01,703.0,703.0,672.5,672.5
2009-10-02,650.0,650.0,625.0,625.5
2009-10-05,606.0,635.0,606.0,624.5
2009-10-06,612.5,623.0,612.5,616.5
2009-10-07,626.5,635.0,610.0,635.0
2009-10-08,647.5,647.5,635.0,640.5
2009-10-09,649.0,655.0,648.0,655.0
2009-10-13,660.0,660.0,640.0,644.5
2009-10-14,642.5,650.0,626.0,635.0
2009-10-15,640.0,649.5,635.0,640.0
2009-10-16,644.0,644.0,619.5,625.0
2009-10-19,625.0,640.0,625.0,632.5
2009-10-20,635.5,639.5,617.5,632.5
2009-10-21,632.5,632.5,620.0,620.5
2009-10-22,621.0,627.0,617.5,626.0
2009-10-23,627.5,645.0,627.5,631.5
2009-10-26,638.5,639.5,627.5,639.5
2009-10-27,643.5,646.5,630.0,635.5
2009-10-28,635.5,639.0,625.0,626.5
2009-10-29,602.5,622.5,602.5,621.0
2009-10-30,621.0,636.5,621.0,636.5
2009-11-02,629.0,629.0,615.0,618.0
2009-11-04,615.0,618.0,615.0,617.0
2009-11-05,614.5,614.5,611.0,613.0
2009-11-06,617.5,617.5,612.5,612.5
2009-11-09,607.5,610.0,576.5,600.0
2009-11-10,610.0,612.0,594.5,600.0
2009-11-11,590.5,590.5,568.0,568.0
2009-11-12,560.0,560.0,520.0,520.0
2009-11-13,519.5,550.0,519.5,530.0
2009-11-16,530.5,530.5,505.0,517.5
2009-11-17,517.5,517.5,465.5,470.0
2009-11-18,471.5,487.0,462.5,465.0
2009-11-19,457.5,467.5,457.5,460.0
2009-11-20,465.0,488.5,461.5,482.0
2009-11-24,500.0,511.0,493.5,500.0
2009-11-25,514.0,530.0,509.5,527.5
2009-11-26,542.5,562.5,540.0,551.0
2009-11-27,550.0,550.0,507.5,511.0
2009-11-30,514.0,520.0,500.0,510.5
2009-12-01,519.0,545.0,512.0,530.0
2009-12-02,541.5,542.0,535.5,540.0
2009-12-03,532.5,563.5,532.5,560.0
2009-12-04,570.0,589.0,570.0,589.0
2009-12-07,600.0,630.0,599.5,630.0
2009-12-08,628.5,630.0,605.0,625.0
2009-12-09,615.0,615.0,592.5,592.5
2009-12-10,619.0,619.0,600.5,607.5
2009-12-11,609.0,612.5,600.0,610.0
2009-12-14,610.0,647.0,610.0,647.0
2009-12-15,641.0,660.0,625.0,655.0
2009-12-16,643.0,655.0,640.0,652.0
2009-12-17,652.0,652.0,630.0,647.5
2009-12-18,627.5,641.0,611.0,640.5
2009-12-21,642.5,650.0,630.0,643.5
2009-12-22,644.0,660.0,644.0,657.5
2009-12-24,657.5,666.5,650.5,664.0
2009-12-25,665.0,672.5,662.5,662.5
2009-12-28,671.5,671.5,658.0,660.0
2009-12-29,669.0,669.0,651.0,652.5
2009-12-30,662.5,662.5,647.5,660.0
2010-01-04,652.0,653.0,647.0,649.0
2010-01-05,650.0,656.5,649.5,649.5
2010-01-06,650.0,662.5,647.5,652.5
2010-01-07,655.0,662.5,646.5,648.5
2010-01-08,654.5,654.5,646.0,652.5
2010-01-12,630.5,652.5,630.5,652.5
2010-01-13,640.5,650.0,627.5,646.0
2010-01-14,648.5,649.0,645.0,649.0
2010-01-15,649.0,651.0,649.0,651.0
2010-01-18,646.5,650.0,646.5,650.0
2010-01-19,643.5,650.0,643.5,644.0
2010-01-20,645.0,659.5,645.0,655.5
2010-01-21,652.5,659.5,645.0,659.0
2010-01-22,657.5,657.5,646.0,656.0
2010-01-25,656.0,662.5,650.0,650.0
2010-01-26,655.0,660.0,645.0,647.0
2010-01-27,645.5,646.5,642.5,645.0
2010-01-28,642.5,652.5,641.0,652.5
2010-01-29,645.0,654.5,640.0,654.0
2010-02-01,662.5,662.5,633.0,633.0
2010-02-02,640.0,644.0,630.0,630.0
2010-02-03,637.5,639.0,631.5,635.0
2010-02-04,648.0,655.0,640.5,650.0
2010-02-05,637.5,645.0,615.0,615.0
2010-02-08,615.0,615.0,602.5,603.0
2010-02-09,585.0,594.5,575.5,575.5
2010-02-10,578.0,589.0,575.5,578.0
2010-02-12,575.5,595.0,575.5,585.0
2010-02-15,593.5,599.5,586.5,590.0
2010-02-16,590.0,599.0,580.5,584.0
2010-02-17,590.0,600.0,583.0,599.0
2010-02-18,600.0,600.0,592.5,597.0
2010-02-19,600.0,600.0,577.5,578.5
2010-02-22,580.0,599.0,580.0,595.5
2010-02-23,586.0,635.0,585.5,630.0
2010-02-24,660.0,669.5,654.0,659.5
2010-02-25,662.5,662.5,634.5,642.0
2010-02-26,635.5,645.0,635.0,635.0
2010-03-01,635.5,637.5,626.0,637.5
2010-03-02,637.5,637.5,615.0,619.5
2010-03-03,629.0,637.5,625.0,637.5
2010-03-04,637.5,637.5,622.5,622.5
2010-03-05,636.0,645.0,622.5,645.0
2010-03-08,650.5,651.5,640.0,647.0
2010-03-09,647.0,647.5,643.0,645.0
2010-03-10,645.0,649.0,642.5,643.0
2010-03-11,649.0,650.0,643.5,650.0
2010-03-12,654.5,667.0,650.0,667.0
2010-03-15,665.5,672.5,655.5,665.0
2010-03-16,663.5,665.0,656.0,665.0
2010-03-17,662.0,672.0,662.0,668.0
2010-03-18,673.5,694.0,671.0,680.0
2010-03-19,680.0,695.0,675.0,695.0
2010-03-23,693.5,701.5,688.5,695.0
2010-03-24,703.5,703.5,695.0,700.0
2010-03-25,700.0,702.0,690.0,698.0
2010-03-26,699.5,702.5,692.5,702.5
2010-03-29,699.0,700.0,686.0,686.5
2010-03-30,686.0,687.5,678.0,684.5
2010-03-31,684.0,684.0,673.0,674.5
2010-04-01,674.5,674.5,655.0,667.5
2010-04-02,669.5,670.0,662.5,670.0
2010-04-05,675.0,677.5,670.0,674.5
2010-04-06,677.5,678.0,670.0,670.0
2010-04-07,674.5,687.0,671.0,685.0
2010-04-08,688.0,688.0,685.0,685.0
2010-04-09,687.5,710.0,687.5,710.0
2010-04-12,721.5,732.5,717.5,723.0
2010-04-13,712.5,724.0,710.0,710.0
2010-04-14,712.5,714.5,700.0,705.0
2010-04-15,702.5,702.5,695.0,702.5
2010-04-16,702.5,722.5,702.5,710.0
2010-04-19,710.0,715.0,700.0,702.5
2010-04-20,709.0,714.0,705.0,705.0
2010-04-21,705.5,706.0,695.0,706.0
2010-04-22,710.0,710.0,697.5,702.5
2010-04-23,702.5,714.5,702.5,714.5
2010-04-26,714.5,737.5,712.5,737.5
2010-04-27,737.5,742.5,725.5,730.5
2010-04-28,724.5,725.0,712.5,724.5
2010-04-30,730.0,736.0,725.5,733.5
2010-05-06,710.5,717.0,700.0,710.0
2010-05-07,687.5,687.5,663.5,675.0
2010-05-10,674.5,690.0,674.5,685.0
2010-05-11,690.0,697.5,682.5,682.5
2010-05-12,680.0,685.0,667.5,680.0
2010-05-13,685.0,700.0,685.0,700.0
2010-05-14,710.0,712.5,701.5,712.5
2010-05-17,737.5,752.5,732.5,736.0
2010-05-18,739.5,747.0,735.0,742.0
2010-05-19,715.5,740.0,715.5,740.0
2010-05-20,727.5,739.0,717.5,724.0
2010-05-21,701.0,715.0,692.0,715.0
2010-05-24,730.0,730.0,709.0,717.5
2010-05-25,715.0,715.0,665.0,665.0
2010-05-26,665.5,684.5,662.5,675.5
2010-05-27,670.0,700.0,659.0,700.0
2010-05-28,710.0,712.5,694.0,705.0
2010-05-31,720.0,720.0,691.0,720.0
2010-06-01,707.5,712.5,698.0,710.0
2010-06-02,710.0,710.0,690.0,702.5
2010-06-03,705.0,710.0,697.0,697.5
2010-06-04,702.5,702.5,697.5,700.0
2010-06-07,677.5,689.5,675.0,685.0
2010-06-08,673.5,687.5,673.5,681.0
2010-06-09,682.5,686.5,675.0,675.0
2010-06-10,692.5,692.5,680.0,692.0
2010-06-11,698.5,711.0,698.5,707.5
2010-06-14,715.0,718.0,714.5,716.5
2010-06-15,717.5,717.5,704.5,716.0
2010-06-16,717.5,720.0,706.0,709.0
2010-06-17,715.0,716.0,711.5,715.5
2010-06-18,722.5,725.0,710.0,725.0
2010-06-21,725.0,732.5,715.5,725.0
2010-06-22,719.0,725.0,719.0,725.0
2010-06-23,722.5,725.0,714.5,717.0
2010-06-24,719.5,723.0,715.0,715.0
2010-06-25,715.0,715.0,693.0,710.0
2010-06-28,709.0,709.5,691.0,697.5
2010-06-29,695.0,704.5,687.5,697.5
2010-06-30,692.5,692.5,676.0,690.0
2010-07-01,670.0,685.0,670.0,670.0
2010-07-02,670.0,690.0,670.0,677.0
2010-07-05,670.5,678.0,670.5,677.5
2010-07-06,690.0,690.0,683.0,684.5
2010-07-07,690.0,690.0,682.5,689.0
2010-07-08,690.0,692.0,670.5,690.5
2010-07-09,690.5,692.0,674.0,690.5
2010-07-12,690.5,690.5,690.0,690.5
2010-07-13,690.5,695.0,684.0,690.0
2010-07-14,695.0,704.5,692.5,704.5
2010-07-15,705.0,705.0,697.5,703.5
2010-07-16,702.5,702.5,685.5,700.0
2010-07-21,682.5,689.0,675.0,685.0
2010-07-22,684.5,684.5,675.0,679.5
2010-07-23,685.0,694.5,679.5,680.0
2010-07-26,700.0,700.0,694.5,699.5
2010-07-27,699.5,699.5,684.0,698.0
2010-07-28,688.5,692.5,683.5,684.5
2010-07-29,686.0,694.5,683.5,687.5
2010-07-30,682.5,699.0,678.0,699.0
2010-08-02,690.5,695.5,682.5,682.5
2010-08-03,683.0,694.0,683.0,689.0
2010-08-04,689.0,693.5,687.5,693.5
2010-08-05,700.0,701.5,655.5,662.5
2010-08-06,660.0,662.5,645.0,655.0
2010-08-09,656.0,660.0,653.5,660.0
2010-08-10,660.0,665.5,655.0,655.0
2010-08-11,649.0,654.5,640.0,645.0
2010-08-12,625.5,627.5,607.5,614.5
2010-08-13,607.0,614.5,602.5,602.5
2010-08-16,605.0,614.0,591.0,591.0
2010-08-17,591.0,599.5,585.5,599.5
2010-08-18,600.0,605.0,592.5,604.0
2010-08-19,595.0,602.5,593.5,598.5
2010-08-20,590.5,598.0,577.0,577.0
2010-08-23,584.0,585.0,579.0,579.0
2010-08-24,570.5,570.5,545.0,545.0
2010-08-25,545.0,550.0,539.0,545.0
2010-08-26,546.0,546.0,539.0,542.5
2010-08-27,542.0,544.0,541.0,543.5
2010-08-30,564.0,565.0,539.0,540.5
2010-08-31,541.0,550.0,541.0,545.0
2010-09-01,537.5,558.5,537.5,547.5
2010-09-02,551.5,552.5,538.0,540.5
2010-09-03,543.0,545.5,541.0,543.5
2010-09-06,545.5,557.5,545.5,557.5
2010-09-07,559.0,560.0,541.5,542.0
2010-09-08,539.0,539.0,526.0,528.5
2010-09-09,530.0,535.0,530.0,530.0
2010-09-10,528.5,538.5,528.5,538.0
2010-09-13,541.0,547.5,537.5,546.5
2010-09-14,549.5,560.0,549.5,559.5
2010-09-16,566.0,577.0,566.0,569.5
2010-09-17,569.5,587.0,569.5,585.0
2010-09-21,602.5,602.5,590.5,597.0
2010-09-22,584.0,591.0,581.5,582.5
2010-09-24,582.5,582.5,572.0,573.0
2010-09-27,575.0,579.5,575.0,578.5
2010-09-28,578.0,607.5,570.0,585.0
2010-09-29,585.0,644.0,585.0,624.5
2010-09-30,624.5,624.5,572.5,577.5
2010-10-01,578.0,580.5,568.0,573.0
2010-10-04,572.0,573.0,561.5,573.0
2010-10-05,573.0,574.5,565.0,574.5
2010-10-06,575.0,580.0,567.5,580.0
2010-10-07,580.0,580.0,575.0,575.0
2010-10-08,575.5,575.5,560.0,562.5
2010-10-12,562.5,562.5,541.5,560.0
2010-10-13,540.0,560.0,540.0,559.0
2010-10-14,558.5,567.5,555.0,564.0
2010-10-15,560.0,560.0,555.5,555.5
2010-10-18,555.5,575.0,555.5,555.5
2010-10-19,556.5,559.5,553.0,553.0
2010-10-20,550.5,550.5,543.0,543.5
2010-10-21,548.5,548.5,536.5,542.5
2010-10-22,542.5,542.5,533.0,537.0
2010-10-25,540.0,544.0,538.0,541.0
2010-10-26,541.5,541.5,533.5,537.5
2010-10-27,535.0,541.0,524.0,527.5
2010-10-28,530.0,538.0,525.0,538.0
2010-10-29,525.0,527.0,524.0,524.0
2010-11-01,522.5,535.5,513.0,529.0
2010-11-02,528.5,528.5,510.0,510.0
2010-11-04,524.5,524.5,507.0,508.0
2010-11-05,510.5,537.5,510.5,531.5
2010-11-08,527.5,535.0,515.0,518.0
2010-11-09,518.5,519.0,508.5,508.5
2010-11-10,507.5,515.0,507.0,510.0
2010-11-11,511.5,515.0,508.5,509.5
2010-11-12,509.5,512.5,507.0,511.5
2010-11-15,510.0,511.5,506.5,510.0
2010-11-16,514.5,514.5,506.5,507.0
2010-11-17,505.0,510.0,504.0,510.0
2010-11-18,507.5,512.5,504.5,512.5
2010-11-19,516.0,525.0,514.0,522.5
2010-11-22,525.0,540.0,523.5,534.0
2010-11-24,523.5,545.0,521.0,545.0
2010-11-25,545.0,546.0,537.0,539.5
2010-11-26,539.5,546.5,527.5,530.0
2010-11-29,529.5,532.5,526.0,526.0
2010-11-30,525.0,525.0,511.0,514.5
2010-12-01,515.5,536.0,515.0,536.0
2010-12-02,537.5,540.0,529.5,536.0
2010-12-03,536.0,538.5,529.0,534.0
2010-12-06,530.0,537.5,528.0,530.0
2010-12-07,532.0,534.0,528.5,532.5
2010-12-08,532.5,547.0,532.5,546.5
2010-12-09,544.5,545.0,541.0,543.0
2010-12-10,544.0,549.5,542.5,544.5
2010-12-13,542.0,542.0,525.0,529.0
2010-12-14,532.0,547.5,532.0,544.0
2010-12-15,545.5,550.0,540.5,544.0
2010-12-16,545.0,545.0,536.5,544.5
2010-12-17,544.0,548.5,544.0,548.5
2010-12-20,550.5,561.5,550.5,556.0
2010-12-21,561.5,582.0,560.5,572.0
2010-12-22,573.0,575.0,562.5,565.0
2010-12-24,567.5,571.0,562.5,566.5
2010-12-27,565.0,577.5,565.0,573.0
2010-12-28,569.5,572.5,567.5,570.5
2010-12-29,570.5,572.5,567.5,570.0
2010-12-30,570.0,581.5,570.0,575.5
2011-01-04,575.5,589.5,575.0,584.0
2011-01-05,584.0,590.0,581.5,590.0
2011-01-06,591.5,596.5,590.0,590.5
2011-01-07,590.0,596.5,590.0,590.5
2011-01-11,591.0,610.0,591.0,602.5
2011-01-12,605.5,622.5,601.0,607.5
2011-01-13,610.0,617.5,610.0,617.5
2011-01-14,620.0,622.5,613.0,622.5
2011-01-17,625.0,629.0,620.5,622.5
2011-01-18,624.0,625.0,618.0,625.0
2011-01-19,625.0,625.0,615.5,620.5
2011-01-20,619.0,619.0,594.5,605.0
2011-01-21,600.5,600.5,581.5,593.0
2011-01-24,593.0,596.0,588.0,595.0
2011-01-25,604.5,612.5,604.5,607.5
2011-01-26,607.5,607.5,607.5,607.5
2011-01-27,617.0,619.0,612.5,618.0
2011-01-28,617.5,617.5,600.0,607.5
2011-01-31,595.5,600.5,588.0,600.5
2011-02-01,597.0,597.0,575.5,580.5
2011-02-02,581.5,595.5,581.5,584.5
2011-02-03,585.0,592.5,584.5,590.0
2011-02-04,591.0,620.0,588.0,618.5
2011-02-07,513.5,534.0,510.0,529.0
2011-02-08,534.0,534.5,529.0,529.5
2011-02-09,529.0,532.5,520.0,523.0
2011-02-10,521.0,523.0,519.0,521.5
2011-02-14,521.0,529.5,520.0,522.0
2011-02-15,521.5,523.5,519.5,521.5
2011-02-16,522.5,526.0,520.0,526.0
2011-02-17,529.5,532.5,525.5,531.5
2011-02-18,532.0,533.0,528.0,530.5
2011-02-21,530.5,532.5,526.5,529.5
2011-02-22,529.5,532.5,526.0,527.0
2011-02-23,523.0,528.0,522.0,528.0
2011-02-24,532.5,532.5,516.0,517.0
2011-02-25,517.0,523.0,517.0,522.0
2011-02-28,522.0,527.5,522.0,527.0
2011-03-01,527.5,532.0,525.0,532.0
2011-03-02,529.5,531.0,524.0,527.0
2011-03-03,526.0,529.5,524.0,527.5
2011-03-04,526.0,530.0,525.5,525.5
2011-03-07,524.5,525.0,517.0,520.0
2011-03-08,520.0,520.0,520.0,520.0
2011-03-09,523.5,523.5,517.5,518.5
2011-03-10,521.5,522.5,517.5,518.5
2011-03-11,516.5,516.5,510.0,511.0
2011-03-14,511.0,511.0,511.0,511.0
2011-03-15,405.5,405.5,345.5,362.5
2011-03-16,350.0,392.5,350.0,386.0
2011-03-17,375.0,427.5,360.0,422.5
2011-03-18,420.5,452.0,415.0,449.0
2011-03-22,475.0,475.0,453.0,473.5
2011-03-23,485.0,485.0,472.5,482.5
2011-03-24,477.5,482.5,470.0,479.0
2011-03-25,479.0,485.0,479.0,480.0
2011-03-28,480.0,484.5,480.0,484.5
2011-03-29,467.0,467.0,449.0,465.0
2011-03-30,470.0,470.0,461.5,461.5
2011-03-31,463.5,464.5,455.5,462.5
2011-04-01,460.0,464.5,460.0,463.5
2011-04-04,460.5,461.0,455.5,455.5
2011-04-05,456.5,457.5,437.5,438.5
2011-04-06,438.5,438.5,410.0,435.0
2011-04-07,435.0,440.0,428.0,432.5
2011-04-08,430.0,433.0,423.0,433.0
2011-04-11,433.0,440.0,433.0,440.0
2011-04-12,428.5,433.5,423.5,424.0
2011-04-13,420.0,424.0,414.0,414.5
2011-04-14,414.5,415.0,411.0,411.5
2011-04-15,415.0,419.0,413.5,418.0
2011-04-18,422.5,424.5,418.5,421.0
2011-04-19,421.0,421.0,414.0,414.5
2011-04-20,415.5,417.5,414.5,414.5
2011-04-21,414.5,417.5,414.5,416.0
2011-04-22,416.0,419.0,415.0,419.0
2011-04-25,424.0,443.0,420.5,429.0
2011-04-26,430.0,448.0,425.0,434.0
2011-04-27,440.0,440.0,430.0,431.5
2011-04-28,432.0,441.5,432.0,433.0
2011-05-02,433.0,433.0,433.0,433.0
2011-05-06,438.0,438.0,438.0,438.0
2011-05-09,438.0,438.0,438.0,438.0
2011-05-10,434.0,441.5,432.5,441.0
2011-05-11,440.0,445.5,440.0,444.5
2011-05-12,439.0,444.5,438.0,438.0
2011-05-13,438.5,445.0,420.0,431.5
2011-05-16,420.0,428.5,420.0,428.5
2011-05-17,427.5,428.5,422.5,428.5
2011-05-18,424.5,442.5,424.5,442.5
2011-05-19,442.5,443.0,438.0,443.0
2011-05-20,445.0,445.0,440.5,445.0
2011-05-23,445.0,445.0,430.5,435.5
2011-05-24,434.5,439.5,434.5,439.5
2011-05-25,439.5,439.5,439.0,439.0
2011-05-26,435.0,439.0,435.0,435.0
2011-05-27,434.0,434.0,432.0,432.0
2011-05-30,432.0,432.0,432.0,432.0
2011-05-31,432.0,432.0,432.0,432.0
2011-06-01,436.0,436.0,427.5,429.0
2011-06-02,426.5,432.5,425.5,432.5
2011-06-03,428.5,428.5,428.0,428.0
2011-06-06,428.0,434.5,425.0,434.5
2011-06-07,430.5,433.5,430.0,432.5
2011-06-08,431.0,433.5,426.0,426.5
2011-06-09,425.5,437.0,425.5,429.5
2011-06-10,434.0,437.5,431.0,437.5
2011-06-13,435.0,447.0,432.0,433.0
2011-06-14,435.0,435.0,433.0,433.0
2011-06-15,433.0,433.0,430.5,430.5
2011-06-16,430.0,438.0,425.5,435.0
2011-06-17,427.5,443.5,426.0,440.5
2011-06-20,440.5,440.5,427.5,430.5
2011-06-21,430.5,432.5,430.5,430.5
2011-06-22,430.5,436.5,430.0,434.0
2011-06-23,431.0,435.0,430.0,435.0
2011-06-24,435.0,441.0,435.0,437.5
2011-06-27,437.5,440.0,437.5,439.0
2011-06-28,441.0,442.0,440.5,440.5
2011-06-29,440.5,443.5,440.0,443.5
2011-06-30,444.5,446.5,444.5,445.0
2011-07-01,447.5,450.0,442.5,450.0
2011-07-04,457.0,462.5,451.5,451.5
2011-07-05,459.0,459.0,453.0,457.5
2011-07-06,460.0,460.5,455.5,456.0
2011-07-07,457.5,457.5,453.0,453.0
2011-07-08,453.5,457.5,453.0,456.5
2011-07-11,456.5,457.5,454.0,456.5
2011-07-12,452.5,452.5,448.5,451.5
2011-07-13,449.0,451.5,448.5,451.5
2011-07-14,449.0,450.0,442.0,448.5
2011-07-15,449.0,450.0,442.0,448.5
2011-07-19,440.5,442.0,436.0,436.5
2011-07-20,435.5,440.0,435.0,436.0
2011-07-21,436.0,436.0,432.0,432.0
2011-07-22,434.0,435.0,432.0,434.5
2011-07-25,435.5,436.0,432.5,435.0
2011-07-26,434.5,434.5,428.0,431.0
2011-07-27,431.0,431.0,427.0,427.0
2011-07-28,425.0,427.5,424.5,427.5
2011-07-29,424.0,425.5,413.0,414.5
2011-08-01,412.5,420.0,412.5,416.0
2011-08-02,414.5,415.0,411.0,412.0
2011-08-03,407.5,407.5,400.5,401.5
2011-08-04,401.5,402.5,400.5,401.0
2011-08-05,379.0,399.5,375.0,389.5
2011-08-08,389.5,389.5,382.5,383.5
2011-08-09,365.0,377.5,355.0,377.5
2011-08-10,378.0,378.0,371.0,371.0
2011-08-11,364.5,373.0,362.5,373.0
2011-08-12,373.0,374.0,370.0,372.0
2011-08-15,372.0,372.0,368.0,372.0
2011-08-16,374.5,377.0,373.0,374.5
2011-08-17,374.5,375.0,372.0,372.0
2011-08-18,372.0,372.5,367.5,367.5
2011-08-19,365.5,365.5,360.0,361.0
2011-08-22,358.0,361.0,355.5,360.0
2011-08-23,360.0,361.5,356.5,358.0
2011-08-24,358.0,358.5,350.5,350.5
2011-08-25,351.0,379.5,349.5,375.0
2011-08-26,360.0,374.0,360.0,370.0
2011-08-29,370.0,371.5,365.0,367.0
2011-08-30,367.0,375.0,367.0,372.5
2011-08-31,370.0,378.0,370.0,375.0
2011-09-01,378.0,379.5,375.0,378.5
2011-09-02,373.5,379.5,373.0,375.5
2011-09-05,375.5,375.5,363.5,364.5
2011-09-06,364.5,364.5,358.0,358.0
2011-09-07,365.0,365.5,364.0,365.5
2011-09-08,365.5,366.5,365.0,365.0
2011-09-09,361.0,362.5,360.0,360.0
2011-09-12,360.0,360.0,354.0,355.0
2011-09-13,357.5,360.0,355.0,359.0
2011-09-14,361.5,361.5,355.0,355.0
2011-09-15,361.0,361.0,354.5,357.5
2011-09-16,357.5,362.0,357.5,362.0
2011-09-20,358.0,358.0,357.0,357.0
2011-09-21,359.0,362.0,358.5,358.5
2011-09-22,359.0,360.0,357.0,358.0
2011-09-26,358.0,358.0,351.0,354.5
2011-09-27,351.5,355.0,351.5,355.0
2011-09-28,355.5,356.5,346.0,352.5
2011-09-29,345.5,357.5,344.0,356.0
2011-09-30,352.5,357.5,352.5,357.5
2011-10-03,357.5,357.5,350.0,352.5
2011-10-04,347.5,354.5,347.5,351.0
2011-10-05,349.5,358.0,348.5,348.5
2011-10-06,351.5,353.0,350.0,353.0
2011-10-07,356.0,364.5,352.5,360.0
2011-10-11,360.0,367.5,360.0,365.5
2011-10-12,364.0,367.0,364.0,367.0
2011-10-13,367.5,368.0,367.5,368.0
2011-10-14,365.0,370.0,365.0,370.0
2011-10-17,366.5,373.0,366.5,366.5
2011-10-18,365.0,366.5,365.0,366.5
2011-10-19,369.0,369.0,369.0,369.0
2011-10-20,366.5,366.5,361.0,361.5
2011-10-21,361.5,361.5,355.5,355.5
2011-10-24,357.0,374.0,357.0,374.0
2011-10-25,372.5,372.5,370.5,370.5
2011-10-26,360.0,362.5,357.5,362.5
2011-10-27,361.0,369.0,361.0,363.0
2011-10-28,365.0,372.0,365.0,365.0
2011-10-31,370.0,370.5,365.5,365.5
2011-11-01,365.5,371.0,364.0,364.0
2011-11-02,363.0,363.0,362.5,362.5
2011-11-04,363.5,371.5,362.5,371.5
2011-11-07,355.5,367.5,355.5,367.5
2011-11-08,362.5,363.0,360.0,360.0
2011-11-09,359.0,363.5,358.5,363.5
2011-11-10,356.0,356.0,350.5,351.0
2011-11-11,351.0,351.0,350.0,350.5
2011-11-14,350.5,352.5,348.0,352.0
2011-11-15,352.0,352.0,352.0,352.0
2011-11-16,357.5,360.0,351.5,351.5
2011-11-17,352.5,352.5,351.5,352.5
2011-11-18,357.5,357.5,350.0,350.0
2011-11-21,350.0,352.5,347.5,347.5
2011-11-22,347.5,347.5,347.5,347.5
2011-11-24,342.0,345.0,342.0,345.0
2011-11-25,345.0,351.0,345.0,351.0
2011-11-28,351.0,351.0,345.0,347.0
2011-11-29,349.5,349.5,347.5,348.0
2011-11-30,348.0,362.0,345.5,346.5
2011-12-01,350.0,355.0,347.5,348.5
2011-12-02,352.0,357.0,345.0,357.0
2011-12-05,357.0,358.5,357.0,357.5
2011-12-06,359.0,360.0,354.5,354.5
2011-12-07,355.0,363.0,355.0,362.5
2011-12-08,362.5,362.5,359.0,360.5
2011-12-09,360.5,360.5,356.0,360.0
2011-12-12,362.5,366.0,362.5,362.5
2011-12-13,360.0,360.0,358.5,358.5
2011-12-14,358.5,358.5,356.0,356.5
2011-12-15,356.5,360.0,356.5,356.5
2011-12-16,356.5,360.0,356.5,356.5
2011-12-19,350.5,352.5,349.0,349.0
2011-12-20,350.5,352.5,347.5,351.0
2011-12-21,352.5,353.5,351.0,353.5
2011-12-22,355.0,355.5,354.0,355.5
2011-12-26,355.5,355.5,355.5,355.5
2011-12-27,351.5,353.0,350.0,353.0
2011-12-28,352.5,352.5,348.5,351.0
2011-12-29,351.0,351.0,349.0,350.0
2011-12-30,352.5,352.5,345.5,349.0
2012-01-04,350.0,351.0,349.5,350.5
2012-01-05,350.5,351.0,350.0,351.0
2012-01-06,351.0,351.0,349.5,349.5
2012-01-10,350.0,352.5,350.0,352.0
2012-01-11,352.5,355.0,352.5,353.0
2012-01-12,353.0,354.0,351.0,351.0
2012-01-13,352.0,352.5,352.0,352.5
2012-01-16,355.0,355.0,349.0,349.0
2012-01-17,350.5,351.5,350.0,351.5
2012-01-18,351.5,353.5,351.5,352.5
2012-01-19,352.5,355.0,351.0,355.0
2012-01-20,356.0,357.0,355.0,355.5
2012-01-23,357.5,365.0,357.5,365.0
2012-01-24,364.5,367.0,363.0,363.5
2012-01-25,367.5,367.5,363.5,363.5
2012-01-26,365.0,368.5,364.0,367.5
2012-01-27,367.0,367.0,362.5,364.5
2012-01-30,363.5,363.5,360.0,363.0
2012-01-31,361.5,361.5,355.0,358.0
2012-02-01,357.5,360.0,355.5,356.0
2012-02-02,356.0,358.5,356.0,358.0
2012-02-03,357.0,359.0,355.5,357.0
2012-02-06,355.0,355.5,351.5,351.5
2012-02-07,352.5,355.0,352.0,352.5
2012-02-08,352.5,354.5,352.5,352.5
2012-02-09,351.0,357.0,351.0,357.0
2012-02-10,356.5,356.5,353.0,354.0
2012-02-13,354.5,356.5,354.5,356.5
2012-02-14,356.5,360.0,356.5,359.0
2012-02-15,359.5,361.5,358.5,359.5
2012-02-16,360.0,362.0,360.0,360.0
2012-02-17,360.5,364.0,360.5,362.5
2012-02-20,363.0,367.0,363.0,366.0
2012-02-21,369.0,369.0,365.0,369.0
2012-02-22,370.0,376.5,370.0,374.0
2012-02-23,377.5,377.5,374.0,377.5
2012-02-24,377.5,400.5,377.5,398.0
2012-02-27,399.0,399.0,390.5,397.5
2012-02-28,394.5,394.5,380.0,390.5
2012-02-29,385.0,390.0,384.5,388.0
2012-03-01,385.5,386.0,381.0,381.5
2012-03-02,381.5,384.0,380.0,384.0
2012-03-05,384.5,385.0,379.5,384.0
2012-03-06,384.0,384.0,384.0,384.0
2012-03-07,380.0,382.0,379.0,380.5
2012-03-08,380.5,380.5,380.5,380.5
2012-03-09,385.0,388.0,384.0,387.0
2012-03-12,387.0,387.0,387.0,387.0
2012-03-13,391.5,392.5,388.5,391.5
2012-03-14,393.0,393.5,390.0,391.5
2012-03-15,391.0,392.0,386.0,392.0
2012-03-16,392.0,393.0,388.0,392.5
2012-03-19,392.5,393.0,390.0,391.5
2012-03-21,389.0,391.0,388.5,390.5
2012-03-22,390.5,392.0,390.0,391.0
2012-03-23,391.0,391.0,387.5,387.5
2012-03-26,387.5,388.5,382.5,386.0
2012-03-27,385.0,387.5,384.0,387.0
2012-03-28,371.5,377.5,370.0,374.5
2012-03-29,374.0,375.0,369.0,373.5
2012-03-30,369.5,373.5,369.5,373.5
2012-04-02,369.0,371.0,365.0,366.5
2012-04-03,366.0,366.5,360.5,363.5
2012-04-04,360.0,362.0,357.0,359.0
2012-04-05,345.0,354.0,344.0,349.5
2012-04-06,353.5,354.5,350.5,352.0
2012-04-09,349.5,351.0,349.0,349.0
2012-04-10,349.5,352.0,349.5,349.5
2012-04-11,345.0,346.0,340.0,343.0
2012-04-12,343.0,347.5,343.0,343.5
2012-04-13,346.0,346.0,335.5,343.5
2012-04-16,342.5,345.5,341.5,345.5
2012-04-17,345.5,349.0,345.5,349.0
2012-04-18,349.5,352.0,348.0,350.0
2012-04-19,348.5,348.5,347.5,347.5
2012-04-20,348.5,349.0,341.5,344.0
2012-04-23,348.5,349.0,340.0,340.0
2012-04-24,342.5,343.0,337.5,343.0
2012-04-25,345.0,349.0,344.5,348.5
2012-04-26,348.5,348.5,345.5,347.5
2012-04-27,346.5,348.5,346.5,347.0
2012-05-01,346.5,346.5,337.5,337.5
2012-05-02,346.5,346.5,337.5,337.5
2012-05-07,341.0,345.0,332.5,335.0
2012-05-08,335.0,339.0,335.0,336.0
2012-05-09,335.0,337.5,333.0,337.5
2012-05-10,335.0,336.0,332.5,336.0
2012-05-11,336.0,336.0,329.0,331.5
2012-05-14,330.0,334.0,330.0,330.0
2012-05-15,325.5,326.0,316.5,318.0
2012-05-16,337.5,347.0,332.5,335.0
2012-05-17,335.0,350.0,335.0,347.5
2012-05-18,344.0,344.0,337.0,339.0
2012-05-21,340.5,340.5,335.0,337.0
2012-05-22,342.5,343.5,338.5,341.5
2012-05-23,343.5,343.5,338.0,338.0
2012-05-24,340.0,340.5,332.5,335.5
2012-05-25,337.5,341.5,337.5,341.5
2012-05-28,341.5,343.0,337.5,337.5
2012-05-29,339.0,340.5,339.0,340.5
2012-05-30,341.0,341.0,341.0,341.0
2012-05-31,340.0,341.5,337.5,341.5
2012-06-01,340.0,340.0,333.0,336.5
2012-06-04,332.0,332.0,326.0,330.5
2012-06-05,327.5,335.0,327.5,331.5
2012-06-06,332.0,335.0,332.0,335.0
2012-06-07,337.5,337.5,337.5,337.5
2012-06-08,340.0,342.5,338.0,341.0
2012-06-11,343.0,345.5,343.0,344.5
2012-06-12,344.5,346.5,343.5,346.5
2012-06-13,347.5,347.5,338.0,343.5
2012-06-14,340.0,343.0,340.0,343.0
2012-06-15,345.0,348.5,339.0,345.0
2012-06-18,350.0,354.0,350.0,350.0
2012-06-19,348.5,352.0,348.0,350.0
2012-06-20,352.0,359.0,352.0,359.0
2012-06-21,359.0,365.0,357.5,357.5
2012-06-22,354.5,357.5,350.0,357.5
2012-06-25,358.5,365.0,358.5,363.5
2012-06-26,362.5,362.5,350.0,352.0
2012-06-27,352.0,359.0,352.0,355.0
2012-06-28,355.5,360.0,352.5,360.0
2012-06-29,362.5,363.5,358.0,363.5
2012-07-02,367.0,368.5,365.5,366.5
2012-07-03,367.5,370.5,367.5,370.0
2012-07-04,369.0,371.0,367.5,370.0
2012-07-05,370.5,371.0,363.5,371.0
2012-07-06,371.0,371.0,371.0,371.0
2012-07-09,367.0,367.0,361.5,361.5
2012-07-10,361.5,366.5,360.0,366.5
2012-07-11,365.0,365.0,360.0,362.5
2012-07-12,366.0,366.0,359.0,364.0
2012-07-13,364.0,364.5,359.5,362.0
2012-07-17,355.5,362.0,355.5,361.5
2012-07-18,357.5,357.5,350.5,351.5
2012-07-19,350.0,354.0,350.0,354.0
2012-07-20,356.5,356.5,351.5,355.0
2012-07-23,353.0,353.0,347.5,347.5
2012-07-24,351.0,351.0,346.0,347.5
2012-07-25,348.0,356.0,347.5,352.5
2012-07-26,353.5,355.0,353.5,354.5
2012-07-27,355.5,358.5,355.5,358.0
2012-07-30,360.0,362.0,355.0,360.0
2012-07-31,359.5,359.5,352.5,354.0
2012-08-01,354.0,355.0,350.5,355.0
2012-08-02,355.0,356.0,355.0,356.0
2012-08-03,355.0,355.0,349.0,349.0
2012-08-06,348.5,348.5,345.5,345.5
2012-08-07,349.0,349.0,346.5,347.0
2012-08-08,346.5,354.0,346.5,354.0
2012-08-09,350.0,353.5,350.0,353.5
2012-08-10,350.0,353.0,350.0,351.0
2012-08-13,351.0,351.0,348.0,351.0
2012-08-14,351.0,351.0,351.0,351.0
2012-08-15,350.0,350.0,347.5,349.0
2012-08-16,350.5,351.0,347.0,347.5
2012-08-17,348.0,350.0,348.0,349.5
2012-08-20,350.0,354.0,350.0,354.0
2012-08-21,353.0,353.0,350.0,350.0
2012-08-22,350.0,352.0,350.0,352.0
2012-08-23,350.0,350.0,350.0,350.0
2012-08-24,352.0,352.0,350.0,351.0
2012-08-27,346.0,350.5,346.0,346.0
2012-08-28,346.5,353.0,343.0,345.0
2012-08-29,350.0,350.0,350.0,350.0
2012-08-30,345.5,349.0,345.5,349.0
2012-08-31,349.0,349.0,345.0,345.0
2012-09-03,345.0,345.0,345.0,345.0
2012-09-04,343.0,345.0,338.0,338.0
2012-09-05,341.0,341.0,337.5,337.5
2012-09-06,340.5,340.5,340.5,340.5
2012-09-07,338.5,338.5,335.0,337.0
2012-09-10,338.0,338.0,336.5,336.5
2012-09-11,336.5,337.5,336.0,337.5
2012-09-12,334.0,339.5,333.0,339.5
2012-09-13,340.0,342.5,334.0,342.5
2012-09-14,338.0,348.0,338.0,348.0
2012-09-18,354.5,354.5,352.5,354.0
2012-09-19,353.5,353.5,347.5,350.5
2012-09-20,346.5,346.5,345.0,345.0
2012-09-21,345.0,345.0,343.0,344.5
2012-09-24,345.0,350.0,345.0,345.5
2012-09-25,346.5,348.5,346.0,348.5
2012-09-26,348.5,348.5,348.0,348.5
2012-09-27,346.5,350.0,346.5,350.0
2012-09-28,349.0,350.0,345.0,350.0
2012-10-01,350.0,350.0,346.5,349.5
2012-10-02,346.5,349.0,346.5,349.0
2012-10-03,346.5,349.5,345.0,349.5
2012-10-04,345.0,349.0,340.5,348.0
2012-10-05,349.5,349.5,346.5,346.5
2012-10-09,350.5,350.5,343.5,348.0
2012-10-10,348.5,348.5,348.0,348.0
2012-10-11,348.0,350.0,342.0,342.0
2012-10-12,345.0,345.0,345.0,345.0
2012-10-15,342.0,345.0,341.5,345.0
2012-10-16,345.0,345.0,344.0,344.0
2012-10-17,345.0,346.5,339.5,345.0
2012-10-18,345.0,348.0,341.0,346.0
2012-10-19,346.0,348.5,346.0,348.0
2012-10-22,343.0,347.5,343.0,347.5
2012-10-23,349.0,349.5,349.0,349.5
2012-10-24,355.5,362.5,354.5,362.5
2012-10-25,363.0,367.5,363.0,366.5
2012-10-26,367.5,367.5,353.0,363.0
2012-10-29,355.5,357.5,355.0,357.0
2012-10-30,355.0,357.0,354.5,355.5
2012-10-31,355.5,357.5,355.0,357.5
2012-11-01,356.0,359.0,356.0,359.0
2012-11-02,359.0,370.0,359.0,368.5
2012-11-05,367.5,367.5,360.5,366.5
2012-11-06,365.5,368.5,365.0,368.0
2012-11-07,367.0,367.0,362.5,362.5
2012-11-08,362.5,362.5,362.5,362.5
2012-11-09,361.0,361.0,352.0,354.5
2012-11-12,352.5,356.5,352.5,352.5
2012-11-13,352.0,355.0,350.5,355.0
2012-11-14,354.0,354.0,354.0,354.0
2012-11-15,355.0,357.5,355.0,357.5
2012-11-16,359.5,361.5,359.5,361.5
2012-11-19,362.0,368.0,362.0,362.5
2012-11-20,366.0,369.0,366.0,368.5
2012-11-21,368.0,372.0,367.5,369.0
2012-11-22,372.0,373.0,369.0,372.0
2012-11-26,372.0,374.5,369.5,369.5
2012-11-27,370.0,371.0,364.0,367.5
2012-11-28,370.0,370.0,365.0,365.0
2012-11-29,369.0,374.0,366.5,374.0
2012-11-30,374.0,374.0,370.0,373.0
2012-12-03,371.0,380.0,371.0,379.0
2012-12-04,379.0,379.0,377.5,379.0
2012-12-05,383.5,384.0,382.0,382.5
2012-12-06,385.0,388.0,385.0,387.0
2012-12-07,390.0,394.0,390.0,393.0
2012-12-10,393.5,395.5,390.5,395.0
2012-12-11,392.5,396.0,392.5,395.0
2012-12-12,398.5,399.0,395.0,399.0
2012-12-13,397.5,398.5,392.5,398.5
2012-12-14,395.0,395.0,390.0,394.0
2012-12-17,393.0,393.0,385.5,389.0
2012-12-18,386.0,388.5,385.0,388.5
2012-12-19,388.5,395.0,386.5,387.5
2012-12-20,389.0,389.0,386.0,388.0
2012-12-21,386.5,390.0,385.0,388.5
2012-12-25,388.5,389.0,385.5,385.5
2012-12-26,388.5,392.0,387.5,392.0
2012-12-27,388.5,392.0,387.5,392.0
2012-12-28,396.0,400.0,395.0,400.0
2013-01-04,407.0,419.0,407.0,416.0
2013-01-07,418.0,422.0,417.5,419.0
2013-01-08,419.0,419.0,411.0,412.0
2013-01-09,411.0,412.5,411.0,411.5
2013-01-10,413.0,419.0,413.0,415.0
2013-01-11,422.5,422.5,415.5,420.0
2013-01-15,427.5,427.5,420.0,423.5
2013-01-16,427.5,427.5,422.5,424.5
2013-01-17,423.5,423.5,418.5,421.5
2013-01-18,427.5,432.0,420.5,431.5
2013-01-21,438.0,449.5,435.5,449.5
2013-01-22,452.5,452.5,445.5,447.5
2013-01-23,450.0,451.5,444.5,445.0
2013-01-24,445.0,447.5,436.5,438.0
2013-01-25,443.5,450.0,443.0,449.5
2013-01-28,451.5,452.5,445.0,447.5
2013-01-29,447.0,450.0,438.0,450.0
2013-01-30,450.0,455.0,450.0,454.5
2013-01-31,455.0,455.0,452.5,454.5
2013-02-01,456.0,459.5,456.0,459.5
2013-02-04,460.5,475.0,460.5,475.0
2013-02-05,475.0,477.5,467.5,476.5
2013-02-06,497.5,540.0,497.5,532.0
2013-02-07,515.0,542.0,507.5,537.0
2013-02-08,525.0,541.5,517.0,537.5
2013-02-12,547.0,562.5,535.0,557.5
2013-02-13,521.0,538.0,510.0,519.5
2013-02-14,500.5,518.0,495.5,515.0
2013-02-15,500.0,517.5,485.0,500.0
2013-02-18,500.0,525.0,500.0,525.0
2013-02-19,525.0,526.0,517.5,517.5
2013-02-20,523.0,524.5,522.5,524.5
2013-02-21,519.0,525.0,519.0,519.5
2013-02-22,518.0,525.0,515.0,524.0
2013-02-25,525.5,544.0,525.0,540.0
2013-02-26,532.5,535.0,502.5,535.0
2013-02-27,547.5,562.0,545.0,561.5
2013-02-28,570.0,587.5,570.0,585.0
2013-03-01,585.5,593.5,565.0,579.5
2013-03-04,593.0,618.5,581.5,581.5
2013-03-05,586.0,624.5,586.0,620.5
2013-03-06,621.5,625.0,610.0,625.0
2013-03-07,629.5,633.0,614.0,618.5
2013-03-08,612.0,639.0,612.0,634.5
2013-03-11,640.0,642.0,630.0,635.0
2013-03-12,638.0,638.0,625.0,626.0
2013-03-13,633.5,637.0,625.0,635.0
2013-03-14,635.0,654.5,628.0,650.0
2013-03-15,660.0,674.0,656.5,667.5
2013-03-18,672.5,672.5,647.5,670.0
2013-03-19,672.0,711.5,670.0,709.5
2013-03-21,701.5,713.0,695.0,712.5
2013-03-22,711.0,711.5,696.5,702.0
2013-03-25,702.0,704.0,696.5,702.0
2013-03-26,699.5,699.5,654.5,699.0
2013-03-27,666.5,684.0,666.5,678.5
2013-03-28,674.5,674.5,630.0,637.5
2013-03-29,640.0,648.5,583.0,590.5
2013-04-01,585.0,600.0,562.5,570.0
2013-04-02,561.0,579.5,543.0,570.5
2013-04-03,585.0,617.5,580.0,617.5
2013-04-04,587.5,614.0,576.5,611.5
2013-04-05,635.0,636.5,619.5,620.0
2013-04-08,631.0,634.0,595.0,600.0
2013-04-09,600.5,601.0,575.0,587.5
2013-04-10,587.5,599.0,578.0,598.5
2013-04-11,606.0,610.0,597.5,605.0
2013-04-12,605.5,615.0,595.5,615.0
2013-04-15,615.0,617.0,598.5,617.0
2013-04-16,592.5,600.5,592.5,596.0
2013-04-17,600.0,609.0,592.5,608.5
2013-04-18,607.5,615.0,600.5,607.5
2013-04-19,605.0,605.0,593.0,596.5
2013-04-22,605.0,605.0,600.0,600.0
2013-04-23,600.0,610.0,595.5,607.5
2013-04-24,608.0,616.5,605.5,612.5
2013-04-25,615.0,621.5,610.0,621.5
2013-04-26,616.5,625.0,614.0,614.0
2013-04-30,609.5,614.0,605.0,614.0
2013-05-01,610.0,617.5,608.5,615.0
2013-05-02,615.0,627.5,607.5,614.5
2013-05-07,617.5,621.0,614.0,618.5
2013-05-08,620.5,629.5,615.0,615.0
2013-05-09,620.0,624.5,616.0,623.5
2013-05-10,630.0,640.0,625.0,640.0
2013-05-13,655.0,672.0,655.0,659.0
2013-05-14,659.5,687.5,656.0,687.5
2013-05-15,690.5,710.0,675.0,681.0
2013-05-16,722.5,722.5,682.5,693.0
2013-05-17,695.0,796.5,695.0,792.0
2013-05-20,795.0,864.5,788.5,864.5
2013-05-21,862.5,862.5,837.5,840.0
2013-05-22,847.0,860.5,790.0,832.5
2013-05-23,802.5,814.0,775.0,785.0
2013-05-24,785.0,844.0,725.0,809.0
2013-05-27,798.0,798.0,750.5,795.5
2013-05-28,784.5,784.5,756.0,783.5
2013-05-29,783.0,807.5,780.0,807.5
2013-05-30,761.0,794.5,761.0,774.0
2013-05-31,774.5,777.0,735.5,740.0
2013-06-03,725.0,735.5,710.0,726.5
2013-06-04,717.0,722.5,705.0,722.5
2013-06-05,737.5,742.5,725.0,737.0
2013-06-06,716.0,720.0,677.0,698.0
2013-06-07,651.0,680.0,631.5,655.5
2013-06-10,694.5,697.0,665.5,692.5
2013-06-11,692.5,700.0,687.0,698.5
2013-06-12,694.5,695.0,680.0,692.5
2013-06-13,692.5,692.5,650.0,650.0
2013-06-14,677.5,677.5,653.0,665.0
2013-06-17,665.0,667.0,660.5,666.5
2013-06-18,675.0,680.0,667.5,677.5
2013-06-19,677.5,680.0,666.5,669.0
2013-06-20,669.0,729.0,669.0,685.0
2013-06-21,664.5,672.0,660.0,669.0
2013-06-24,674.0,674.0,656.0,656.0
2013-06-25,654.5,654.5,635.0,640.0
2013-06-26,646.0,648.5,601.5,605.0
2013-06-27,624.0,624.0,607.5,613.5
2013-06-28,613.5,635.5,613.5,627.0
2013-07-01,632.0,639.0,632.0,635.0
2013-07-02,647.5,666.0,642.5,657.5
2013-07-03,659.0,661.5,655.0,657.0
2013-07-04,662.0,662.0,648.5,659.0
2013-07-05,674.5,678.0,665.0,675.0
2013-07-08,700.0,700.0,672.5,680.0
2013-07-09,690.0,691.5,688.0,689.0
2013-07-10,689.5,700.0,689.0,689.5
2013-07-11,689.5,693.0,673.0,693.0
2013-07-12,700.0,700.0,681.0,700.0
2013-07-16,703.5,703.5,687.5,700.0
2013-07-17,700.0,702.5,685.0,700.0
2013-07-18,700.5,700.5,685.5,690.0
2013-07-19,690.5,691.5,665.5,666.5
2013-07-22,674.0,679.0,667.0,675.0
2013-07-23,679.5,680.0,675.5,680.0
2013-07-24,686.0,686.0,675.0,683.0
2013-07-25,683.0,685.0,675.0,680.0
2013-07-26,680.0,680.0,665.0,669.5
2013-07-29,662.5,662.5,650.0,657.5
2013-07-30,660.0,675.0,657.5,660.0
2013-07-31,660.0,690.0,660.0,682.5
2013-08-01,674.5,675.0,661.0,670.5
2013-08-02,677.0,677.0,650.0,661.0
2013-08-05,674.0,680.5,645.0,664.5
2013-08-06,671.0,671.0,609.0,650.5
2013-08-07,662.5,662.5,643.0,643.0
2013-08-08,643.0,646.5,625.0,625.5
2013-08-09,625.5,642.5,625.5,637.5
2013-08-12,624.0,639.0,624.0,632.5
2013-08-13,632.5,640.0,632.5,640.0
2013-08-14,643.0,651.5,637.5,639.0
2013-08-15,633.5,635.0,630.0,631.0
2013-08-16,640.0,673.0,640.0,673.0
2013-08-19,658.0,664.0,651.5,654.0
2013-08-20,650.0,650.0,641.5,641.5
2013-08-21,641.5,642.0,633.0,633.0
2013-08-22,630.0,633.5,630.0,633.5
2013-08-23,636.0,645.0,636.0,642.5
2013-08-26,642.5,643.0,642.5,642.5
2013-08-27,633.0,633.0,633.0,633.0
2013-08-28,630.5,635.0,626.5,627.5
2013-08-29,626.5,626.5,610.0,615.0
2013-08-30,618.5,618.5,612.5,615.0
2013-09-02,613.5,624.5,613.5,615.0
2013-09-03,611.5,622.5,611.5,622.5
2013-09-04,618.0,619.0,618.0,619.0
2013-09-05,623.5,623.5,612.5,613.5
2013-09-06,614.5,614.5,612.5,612.5
2013-09-09,617.0,622.5,616.0,616.0
2013-09-10,614.5,618.5,614.0,617.5
2013-09-11,620.5,620.5,615.0,618.0
2013-09-12,618.0,619.0,618.0,618.5
2013-09-13,620.0,625.0,617.5,624.0
2013-09-17,625.5,629.0,620.5,625.0
2013-09-18,634.0,635.0,626.0,631.0
2013-09-19,637.5,665.5,637.0,660.0
2013-09-20,665.0,675.0,661.0,661.0
2013-09-24,672.0,672.0,665.0,665.0
2013-09-25,665.0,665.0,647.5,654.5
2013-09-26,655.5,657.5,651.0,651.0
2013-09-27,651.0,655.0,649.0,649.0
2013-09-30,650.0,655.0,647.0,651.0
2013-10-01,647.0,647.0,640.0,647.0
2013-10-02,647.0,647.5,639.0,642.0
2013-10-03,634.0,640.0,622.0,623.0
2013-10-04,623.0,623.0,609.5,615.0
2013-10-07,615.0,615.0,610.0,610.5
2013-10-08,597.5,608.0,596.0,598.0
2013-10-09,598.0,607.5,598.0,607.5
2013-10-10,609.5,614.0,601.5,602.0
2013-10-11,605.5,615.5,605.5,607.5
2013-10-15,612.5,613.0,604.5,604.5
2013-10-16,603.0,607.5,600.5,607.5
2013-10-17,610.0,617.5,608.5,617.5
2013-10-18,615.0,617.5,609.0,611.5
2013-10-21,613.5,615.0,612.0,612.0
2013-10-22,615.0,615.0,605.0,605.0
2013-10-23,612.5,612.5,603.0,605.0
2013-10-24,605.0,608.5,603.0,605.0
2013-10-25,606.0,607.0,604.0,605.0
2013-10-28,606.0,607.5,605.0,607.0
2013-10-29,608.5,610.0,607.0,607.5
2013-10-30,608.5,609.0,598.5,600.0
2013-10-31,600.0,600.0,600.0,600.0
2013-11-01,604.5,604.5,580.0,585.0
2013-11-05,587.0,598.5,587.0,592.0
2013-11-06,532.0,543.5,526.0,540.5
2013-11-07,541.0,543.5,532.0,532.5
2013-11-08,531.0,531.0,510.0,510.5
2013-11-11,522.5,525.5,515.5,522.0
2013-11-12,520.0,527.5,517.5,525.0
2013-11-13,523.0,530.0,521.0,525.0
2013-11-14,529.0,532.5,525.5,529.5
2013-11-15,530.0,535.0,528.0,530.5
2013-11-18,534.0,547.5,534.0,539.5
2013-11-19,540.5,544.0,539.5,540.0
2013-11-20,540.0,542.5,535.0,540.0
2013-11-21,541.0,544.5,537.5,537.5
2013-11-22,540.0,542.0,536.0,536.0
2013-11-25,540.5,540.5,536.0,539.5
2013-11-26,540.0,540.5,537.5,540.5
2013-11-27,538.0,542.0,537.5,538.5
2013-11-28,536.0,539.5,535.0,535.0
2013-11-29,538.5,540.0,532.5,535.0
2013-12-02,535.5,535.5,531.5,531.5
2013-12-03,539.5,539.5,532.5,535.0
2013-12-04,535.0,535.5,531.5,532.0
2013-12-05,532.5,535.0,532.5,532.5
2013-12-06,532.5,537.5,532.5,534.5
2013-12-09,541.5,541.5,534.0,535.0
2013-12-10,540.0,542.5,538.0,539.5
2013-12-11,540.0,540.0,536.5,536.5
2013-12-12,537.5,537.5,535.0,535.5
2013-12-13,535.5,539.5,532.5,533.5
2013-12-16,532.5,538.0,530.0,532.0
2013-12-17,530.0,534.5,530.0,530.0
2013-12-18,522.0,527.5,522.0,527.5
2013-12-19,527.5,530.0,524.5,524.5
2013-12-20,523.5,525.5,523.5,525.0
2013-12-24,523.5,525.0,520.0,520.5
2013-12-25,523.5,523.5,519.5,521.5
2013-12-26,536.5,541.5,535.0,539.5
2013-12-27,540.0,545.0,535.5,540.0
2013-12-30,540.0,545.0,540.0,544.0
2014-01-06,545.0,560.0,545.0,559.5
2014-01-07,560.0,561.0,552.5,555.0
2014-01-08,551.5,560.0,551.5,556.0
2014-01-09,556.5,575.0,556.5,567.0
2014-01-10,577.5,582.5,571.0,579.5
2014-01-14,570.0,582.0,570.0,581.5
2014-01-15,580.0,592.5,575.0,587.0
2014-01-16,595.0,595.5,590.5,593.0
2014-01-17,593.0,600.0,577.5,590.0
2014-01-20,585.0,599.0,583.0,599.0
2014-01-21,599.5,599.5,585.0,590.0
2014-01-22,588.5,588.5,581.0,582.5
2014-01-23,582.5,590.0,582.5,583.0
2014-01-24,583.0,583.0,570.0,574.5
2014-01-27,559.5,565.0,557.0,560.0
2014-01-28,560.0,582.5,560.0,568.0
2014-01-29,576.5,590.0,576.5,586.5
2014-01-30,556.0,570.0,555.0,567.0
2014-01-31,562.0,569.0,562.0,565.5
2014-02-03,567.0,567.0,545.0,549.5
2014-02-04,511.0,525.0,508.5,518.5
2014-02-05,537.0,545.0,512.0,528.0
2014-02-06,506.0,510.0,500.5,510.0
2014-02-07,507.5,507.5,500.0,503.5
2014-02-10,510.0,514.0,508.0,509.0
2014-02-12,519.5,519.5,510.0,510.5
2014-02-13,517.0,517.0,509.0,509.0
2014-02-14,509.5,520.5,504.5,505.0
2014-02-17,517.0,517.5,505.0,505.0
2014-02-18,513.0,513.0,502.0,507.0
2014-02-19,505.0,507.5,501.0,501.5
2014-02-20,501.5,509.0,500.5,502.0
2014-02-21,505.0,507.5,501.5,504.0
2014-02-24,508.0,510.0,501.0,502.5
2014-02-25,502.5,512.5,502.5,505.0
2014-02-26,509.0,509.0,506.0,507.5
2014-02-27,511.0,514.5,510.0,514.5
2014-02-28,509.0,511.5,506.5,506.5
2014-03-03,507.0,508.5,504.5,508.5
2014-03-04,500.0,505.0,500.0,504.0
2014-03-05,505.0,509.5,504.5,509.5
2014-03-06,505.5,511.5,505.5,511.5
2014-03-07,511.5,520.0,511.5,520.0
2014-03-10,520.0,520.0,513.0,517.0
2014-03-11,515.5,524.0,515.5,520.0
2014-03-12,519.0,521.0,515.0,515.5
2014-03-13,515.5,515.5,511.0,512.5
2014-03-14,513.0,513.0,505.0,507.0
2014-03-17,508.5,508.5,504.0,504.0
2014-03-18,507.0,518.0,506.5,518.0
2014-03-19,517.5,517.5,510.0,512.0
2014-03-20,511.0,515.0,505.0,505.5
2014-03-24,503.5,512.0,503.5,512.0
2014-03-25,512.0,517.0,512.0,517.0
2014-03-26,517.5,517.5,507.5,507.5
2014-03-27,496.5,504.5,496.5,504.5
2014-03-28,500.0,504.0,499.5,501.5
2014-03-31,502.5,503.0,501.5,502.5
2014-04-01,503.0,509.0,503.0,509.0
2014-04-02,515.0,516.5,511.5,511.5
2014-04-03,515.0,515.5,510.0,510.0
2014-04-04,510.0,510.0,505.5,505.5
2014-04-07,510.0,510.0,503.0,504.5
2014-04-08,503.5,505.5,501.5,505.0
2014-04-09,503.0,504.0,503.0,503.0
2014-04-10,503.0,507.5,502.0,502.0
2014-04-11,502.5,502.5,490.5,490.5
2014-04-14,501.5,501.5,492.5,493.0
2014-04-15,495.0,497.0,495.0,496.5
2014-04-16,491.5,500.0,491.5,498.0
2014-04-17,502.5,502.5,495.0,499.0
2014-04-18,499.5,504.0,497.5,501.5
2014-04-21,501.0,501.0,499.5,501.0
2014-04-22,500.5,501.0,497.5,497.5
2014-04-23,498.5,501.0,495.5,501.0
2014-04-24,501.0,501.0,497.0,497.0
2014-04-25,498.0,502.0,498.0,500.0
2014-04-28,498.0,499.5,496.5,496.5
2014-04-30,495.5,498.5,493.5,493.5
2014-05-01,495.5,497.5,492.0,497.0
2014-05-02,495.5,500.5,494.5,495.5
2014-05-07,495.5,496.0,488.5,490.0
2014-05-08,491.5,492.5,490.0,490.0
2014-05-09,490.0,490.0,481.5,481.5
2014-05-12,480.0,484.0,475.0,475.5
2014-05-13,477.5,493.0,477.5,480.5
2014-05-14,480.0,484.5,480.0,483.0
2014-05-15,485.0,495.0,485.0,491.5
2014-05-16,496.5,510.0,496.0,508.5
2014-05-19,523.5,523.5,511.0,511.0
2014-05-20,510.0,510.0,503.0,505.5
2014-05-21,503.5,504.5,500.0,500.0
2014-05-22,502.5,503.0,498.5,498.5
2014-05-23,506.0,507.5,505.0,507.5
2014-05-26,507.5,508.5,505.0,505.0
2014-05-27,507.5,507.5,505.0,506.5
2014-05-28,505.0,508.5,505.0,507.5
2014-05-29,506.5,508.5,504.0,508.0
2014-05-30,507.5,507.5,502.0,503.0
2014-06-02,504.0,511.0,504.0,509.0
2014-06-03,516.5,516.5,512.0,515.0
2014-06-04,515.0,519.0,512.0,518.0
2014-06-05,516.0,517.5,514.0,514.0
2014-06-06,514.0,518.0,513.5,513.5
2014-06-09,517.5,530.5,515.5,530.0
2014-06-10,545.0,545.0,530.5,531.0
2014-06-11,533.0,549.0,531.0,540.0
2014-06-12,531.0,540.0,530.0,537.5
2014-06-13,537.5,537.5,531.5,532.5
2014-06-16,542.5,555.0,534.0,547.5
2014-06-17,545.0,557.0,542.5,543.0
2014-06-18,545.0,555.0,543.5,545.0
2014-06-19,545.5,550.0,545.0,545.0
2014-06-20,545.5,555.0,543.0,543.5
2014-06-23,547.0,555.0,546.5,546.5
2014-06-24,548.5,550.0,543.0,550.0
2014-06-25,553.0,553.0,545.5,548.0
2014-06-26,546.0,546.0,541.0,541.5
2014-06-27,541.5,550.0,533.5,536.5
2014-06-30,535.5,542.0,535.5,538.5
2014-07-01,538.0,549.0,538.0,542.5
2014-07-02,543.0,544.5,539.5,540.0
2014-07-03,543.0,549.0,542.0,542.0
2014-07-04,545.0,557.5,545.0,555.0
2014-07-07,560.0,581.0,560.0,571.0
2014-07-08,575.0,579.0,570.0,574.5
2014-07-09,572.0,586.0,572.0,586.0
2014-07-10,591.0,597.5,588.0,592.5
2014-07-11,580.0,592.5,577.5,585.0
2014-07-14,581.5,587.0,580.0,586.0
2014-07-15,587.0,595.0,587.0,588.5
2014-07-16,588.5,597.5,585.0,595.5
2014-07-17,597.5,597.5,587.5,593.0
2014-07-18,585.5,597.0,585.0,587.5
2014-07-22,587.5,588.0,580.0,583.0
2014-07-23,587.0,587.0,578.0,578.0
2014-07-24,578.0,583.0,578.0,581.5
2014-07-25,583.0,588.5,583.0,588.5
2014-07-28,588.5,592.5,580.5,592.0
2014-07-29,592.0,600.0,590.0,599.5
2014-07-30,599.5,602.5,593.0,600.0
2014-07-31,593.0,597.5,587.0,587.0
2014-08-01,584.0,586.0,575.0,585.5
2014-08-04,584.5,588.0,580.5,587.5
2014-08-05,578.5,589.0,577.5,577.5
2014-08-06,550.0,550.0,521.0,550.0
2014-08-07,535.0,550.0,535.0,539.5
2014-08-08,539.5,539.5,525.5,535.0
2014-08-11,537.5,543.5,535.0,543.5
2014-08-12,542.5,542.5,535.0,535.0
2014-08-13,535.0,543.0,533.5,536.0
2014-08-14,536.0,540.0,535.5,536.0
2014-08-15,541.0,542.5,538.0,539.5
2014-08-18,541.0,543.5,536.0,536.5
2014-08-19,540.0,543.0,537.5,542.5
2014-08-20,545.0,548.5,544.5,548.5
2014-08-21,550.0,553.0,548.5,553.0
2014-08-22,550.0,555.0,543.0,550.0
2014-08-25,550.0,554.5,545.0,545.0
2014-08-26,545.5,555.0,545.0,545.0
2014-08-27,550.0,550.0,544.5,545.0
2014-08-28,550.0,550.0,544.5,544.5
2014-08-29,545.0,559.0,538.0,550.0
2014-09-01,550.5,565.5,540.5,554.0
2014-09-02,554.0,558.0,551.0,554.0
2014-09-03,554.0,558.5,554.0,556.0
2014-09-04,556.0,556.0,546.5,555.5
2014-09-05,555.5,555.5,545.5,545.5
2014-09-08,545.5,553.0,545.0,550.0
2014-09-09,555.5,573.5,551.5,573.5
2014-09-10,570.0,576.5,560.5,572.5
2014-09-11,572.5,578.5,567.5,572.5
2014-09-12,573.5,577.5,567.5,570.0
2014-09-16,570.0,572.5,565.0,570.0
2014-09-17,570.0,574.5,570.0,570.0
2014-09-18,570.0,574.5,570.0,570.0
2014-09-19,577.5,580.0,572.5,577.0
2014-09-22,571.0,572.0,536.0,540.5
2014-09-24,555.5,556.0,546.5,555.5
2014-09-25,555.5,561.0,555.5,557.0
2014-09-26,550.0,552.5,549.0,550.0
2014-09-29,550.0,557.5,549.0,550.0
2014-09-30,550.0,550.0,546.5,550.0
2014-10-01,547.5,558.0,546.5,550.0
2014-10-02,550.0,550.0,537.5,540.0
2014-10-03,535.5,550.0,535.0,550.0
2014-10-06,550.0,550.0,544.5,550.0
2014-10-07,555.0,555.0,545.0,555.0
2014-10-08,543.0,548.0,540.5,548.0
2014-10-09,542.5,543.5,536.0,537.0
2014-10-10,535.5,539.0,529.0,529.5
2014-10-14,527.0,529.5,518.5,523.0
2014-10-15,524.0,527.5,523.5,523.5
2014-10-16,519.5,520.0,508.5,510.5
2014-10-17,515.5,520.5,512.5,515.5
2014-10-20,519.5,519.5,512.0,518.0
2014-10-21,518.0,518.0,515.0,515.0
2014-10-22,519.5,519.5,512.5,515.5
2014-10-23,523.0,523.0,515.5,515.5
2014-10-24,518.0,522.0,518.0,522.0
2014-10-27,521.0,523.5,519.0,519.0
2014-10-28,522.5,529.5,520.5,529.5
2014-10-29,530.0,534.5,524.0,534.5
2014-10-30,530.0,541.0,527.0,539.5
2014-10-31,539.5,539.5,530.5,537.0
2014-11-04,542.5,542.5,531.5,531.5
2014-11-05,531.5,539.0,524.0,524.0
2014-11-06,517.5,535.0,517.5,525.0
2014-11-07,527.5,530.0,523.5,530.0
2014-11-10,516.0,529.5,516.0,525.0
2014-11-11,526.5,545.5,526.5,541.0
2014-11-12,536.0,555.5,536.0,555.5
2014-11-13,555.0,555.0,545.0,545.0
2014-11-14,543.5,543.5,535.0,539.0
2014-11-17,541.5,547.5,541.5,545.0
2014-11-18,545.0,549.5,534.0,545.0
2014-11-19,545.0,545.5,536.0,545.5
2014-11-20,539.5,564.0,539.5,564.0
2014-11-21,560.0,714.0,551.5,714.0
2014-11-25,859.0,864.0,696.5,714.5
2014-11-26,705.5,708.5,632.5,656.5
2014-11-27,645.5,653.5,608.5,618.5
2014-11-28,620.0,633.0,602.5,623.0
2014-12-01,609.5,626.5,588.0,595.0
2014-12-02,596.5,606.5,590.0,602.5
2014-12-03,602.5,603.0,585.0,585.5
2014-12-04,593.0,593.0,577.0,582.5
2014-12-05,578.0,583.5,574.5,582.5
2014-12-08,583.5,593.5,576.0,581.5
2014-12-09,576.5,579.0,560.0,567.0
2014-12-10,560.5,566.0,554.0,565.0
2014-12-11,552.0,560.0,551.0,554.0
2014-12-12,557.5,566.5,555.0,561.0
2014-12-15,562.5,562.5,553.0,553.0
2014-12-16,551.0,553.0,543.5,545.5
2014-12-17,542.0,547.0,541.0,542.5
2014-12-18,550.0,557.5,542.5,550.0
2014-12-19,552.5,557.5,550.0,556.0
2014-12-22,556.0,563.0,555.0,558.0
2014-12-24,556.0,556.0,549.0,549.5
2014-12-25,549.5,554.5,538.0,552.0
2014-12-26,549.0,565.5,549.0,565.5
2014-12-29,572.5,581.5,570.0,578.5
2014-12-30,578.5,578.5,571.0,571.0
2015-01-05,579.5,581.5,573.5,579.5
2015-01-06,570.0,574.5,564.0,565.0
2015-01-07,564.5,567.5,564.5,566.5
2015-01-08,570.0,579.5,567.5,579.5
2015-01-09,585.0,585.0,571.0,573.0
2015-01-13,572.5,573.0,567.5,568.5
2015-01-14,568.5,570.5,555.5,557.0
2015-01-15,572.0,630.0,570.0,576.0
2015-01-16,561.0,572.0,561.0,567.5
2015-01-19,571.5,614.5,565.5,612.5
2015-01-20,602.5,608.0,593.0,596.0
2015-01-21,590.0,592.0,576.5,576.5
2015-01-22,578.0,582.0,570.0,575.5
2015-01-23,578.5,591.5,576.5,576.5
2015-01-26,576.5,577.5,574.5,576.0
2015-01-27,576.0,576.0,570.0,574.5
2015-01-28,568.5,573.0,565.0,570.0
2015-01-29,566.5,570.5,564.5,564.5
2015-01-30,570.0,570.0,566.0,568.0
2015-02-02,568.5,577.5,568.5,569.5
2015-02-03,575.0,576.0,567.0,567.5
2015-02-04,565.5,572.5,565.0,567.5
2015-02-05,565.5,571.5,562.5,565.5
2015-02-06,575.0,584.5,568.5,580.0
2015-02-09,577.5,594.0,577.0,594.0
2015-02-10,596.0,596.0,583.0,587.5
2015-02-12,590.0,594.0,587.5,589.5
2015-02-13,589.5,593.0,582.0,590.0
2015-02-16,590.5,595.5,590.5,591.5
2015-02-17,594.0,598.5,589.0,592.5
2015-02-18,589.5,594.5,588.5,592.0
2015-02-19,592.0,593.5,585.5,590.0
2015-02-20,592.5,597.5,592.0,595.0
2015-02-23,605.0,618.5,605.0,617.5
2015-02-24,619.5,620.5,611.5,612.5
2015-02-25,616.0,619.5,614.0,616.0
2015-02-26,616.0,618.0,612.5,615.0
2015-02-27,620.0,620.0,612.5,612.5
2015-03-02,615.0,617.5,612.5,616.0
2015-03-03,615.0,617.5,607.0,611.5
2015-03-04,607.5,610.0,594.0,606.5
2015-03-05,605.0,610.0,603.5,607.5
2015-03-06,610.0,614.5,607.5,614.0
2015-03-09,614.0,617.0,613.5,614.0
2015-03-10,616.5,618.5,614.5,614.5
2015-03-11,614.0,615.0,609.5,610.5
2015-03-12,612.5,613.5,608.5,613.5
2015-03-13,640.0,646.5,616.5,626.5
2015-03-16,625.0,634.5,625.0,629.0
2015-03-17,634.5,634.5,627.0,627.0
2015-03-18,625.5,625.5,621.5,623.0
2015-03-19,622.5,627.5,622.5,626.0
2015-03-20,626.5,632.5,626.0,630.0
2015-03-23,630.0,637.5,628.5,630.0
2015-03-24,635.0,638.5,632.5,635.0
2015-03-25,635.0,635.5,632.0,632.0
2015-03-26,629.5,630.0,616.5,625.0
2015-03-27,610.5,615.0,600.5,601.5
2015-03-30,599.0,600.0,590.0,595.5
2015-03-31,609.0,609.0,600.0,603.5
2015-04-01,600.5,600.5,589.0,590.5
2015-04-02,591.5,608.0,591.5,605.0
2015-04-03,606.5,610.5,604.5,604.5
2015-04-06,601.0,603.5,599.0,600.5
2015-04-07,605.5,608.0,602.5,608.0
2015-04-08,609.5,614.5,608.0,610.0
2015-04-09,614.5,617.5,610.0,617.5
2015-04-10,655.0,662.0,625.5,639.0
2015-04-13,654.0,661.5,639.0,643.5
2015-04-14,641.0,641.0,619.0,636.0
2015-04-15,636.0,640.0,631.0,637.5
2015-04-16,637.5,646.5,631.5,646.5
2015-04-17,646.0,646.0,632.5,637.5
2015-04-20,630.5,632.5,628.5,628.5
2015-04-21,629.0,629.5,626.0,627.0
2015-04-22,627.5,630.0,622.5,629.0
2015-04-23,624.0,630.0,616.5,625.0
2015-04-24,625.0,627.5,622.5,625.5
2015-04-27,625.5,629.0,625.5,627.0
2015-04-28,625.0,628.5,622.5,625.0
2015-04-30,621.5,631.5,621.5,631.5
2015-05-01,627.0,631.5,622.5,630.5
2015-05-07,629.5,629.5,628.0,628.5
2015-05-08,628.5,637.0,628.5,636.5
2015-05-11,642.5,655.0,640.5,649.0
2015-05-12,652.5,660.0,644.0,656.0
2015-05-13,656.0,660.0,654.5,657.0
2015-05-14,657.0,670.0,656.5,662.5
2015-05-15,662.5,662.5,638.0,645.0
2015-05-18,646.5,652.5,640.0,650.0
2015-05-19,651.0,660.0,651.0,659.5
2015-05-20,659.5,662.5,653.5,662.0
2015-05-21,662.0,662.0,657.0,660.0
2015-05-22,652.0,657.5,650.0,654.5
2015-05-25,654.5,660.0,654.5,660.0
2015-05-26,660.0,662.5,651.0,656.0
2015-05-27,660.0,665.0,656.0,665.0
2015-05-28,656.0,669.0,656.0,665.0
2015-05-29,665.0,679.5,665.0,675.0
2015-06-01,670.0,674.5,660.5,665.5
2015-06-02,675.0,688.0,674.5,686.0
2015-06-03,680.0,687.5,676.5,686.0
2015-06-04,686.0,686.5,680.5,680.5
2015-06-05,680.5,687.5,680.5,685.5
2015-06-08,685.5,693.0,685.0,687.0
2015-06-09,686.0,686.0,675.0,675.0
2015-06-10,675.0,676.0,673.5,675.0
2015-06-11,672.5,675.0,662.0,675.0
2015-06-12,678.5,678.5,670.5,670.5
2015-06-15,670.5,675.5,665.0,675.5
2015-06-16,675.0,677.5,666.0,675.0
2015-06-17,673.5,673.5,663.5,666.5
2015-06-18,665.0,668.0,665.0,665.0
2015-06-19,665.0,666.0,661.5,666.0
2015-06-22,660.5,661.5,657.5,657.5
2015-06-23,657.5,659.5,657.5,657.5
2015-06-24,662.5,667.0,659.5,667.0
2015-06-25,667.5,667.5,653.5,659.0
2015-06-26,657.5,662.5,657.5,657.5
2015-06-29,640.0,655.5,636.5,648.5
2015-06-30,640.5,649.0,635.0,642.5
2015-07-01,642.5,661.5,642.5,658.0
2015-07-02,660.0,664.0,659.0,663.5
2015-07-03,666.0,666.0,652.5,656.5
2015-07-06,656.5,656.5,650.0,652.5
2015-07-07,652.0,653.5,644.0,647.5
2015-07-08,643.5,645.0,630.0,630.0
2015-07-09,601.0,621.5,575.0,615.5
2015-07-10,624.5,624.5,613.0,617.0
2015-07-13,617.0,620.0,610.0,615.0
2015-07-14,617.0,624.5,617.0,624.5
2015-07-15,625.0,633.5,625.0,633.5
2015-07-16,638.5,638.5,625.0,627.5
2015-07-17,630.0,631.0,630.0,631.0
2015-07-21,631.5,643.5,630.0,638.5
2015-07-22,639.0,639.0,626.0,630.0
2015-07-23,630.5,630.5,617.5,617.5
2015-07-24,621.0,631.5,621.0,631.5
2015-07-27,631.5,631.5,621.5,621.5
2015-07-28,620.0,620.5,614.5,615.5
2015-07-29,617.0,619.5,613.5,613.5
2015-07-30,612.5,614.0,611.0,613.0
2015-07-31,613.0,618.0,611.0,618.0
2015-08-03,617.5,617.5,607.5,614.5
2015-08-04,614.5,618.0,607.0,607.0
2015-08-05,607.0,650.0,607.0,650.0
2015-08-06,617.0,637.0,612.5,636.0
2015-08-07,627.5,627.5,616.0,616.0
2015-08-10,616.0,616.0,606.5,607.0
2015-08-11,605.5,606.0,598.0,598.0
2015-08-12,595.5,616.5,592.5,593.5
2015-08-13,590.0,596.5,582.0,583.5
2015-08-14,586.0,587.0,585.0,587.0
2015-08-17,587.5,590.0,585.0,587.0
2015-08-18,587.5,590.0,585.5,585.5
2015-08-19,585.5,588.0,582.5,583.5
2015-08-20,579.0,582.5,578.0,579.5
2015-08-21,575.0,575.0,556.0,562.5
2015-08-24,551.0,560.0,541.0,541.0
2015-08-25,511.0,540.0,511.0,526.0
2015-08-26,526.0,534.0,523.5,530.5
2015-08-27,531.0,533.5,525.5,527.0
2015-08-28,530.5,541.5,520.5,537.5
2015-08-31,541.5,544.5,539.5,539.5
2015-09-01,540.0,540.0,528.0,528.0
2015-09-02,520.0,526.5,515.5,519.0
2015-09-03,529.5,529.5,513.0,513.0
2015-09-04,514.0,516.5,499.0,500.0
2015-09-07,499.5,502.0,495.0,497.5
2015-09-08,497.5,502.5,494.0,495.0
2015-09-09,509.0,517.5,509.0,515.5
2015-09-10,514.5,514.5,505.0,507.0
2015-09-11,518.5,521.0,505.0,508.0
2015-09-14,515.0,532.0,508.0,510.0
2015-09-15,510.0,515.0,506.0,511.0
2015-09-16,526.0,526.0,518.5,522.0
2015-09-17,522.0,524.0,509.5,524.0
2015-09-18,523.5,523.5,507.5,511.5
2015-09-24,504.0,513.5,502.5,513.5
2015-09-25,513.5,522.5,508.0,520.0
2015-09-28,522.5,526.0,520.0,526.0
2015-09-29,522.0,525.0,509.0,513.0
2015-09-30,517.5,517.5,500.0,503.0
2015-10-01,504.5,510.5,499.5,502.0
2015-10-02,507.0,510.5,499.0,510.0
2015-10-05,520.5,520.5,511.0,511.5
2015-10-06,513.0,519.0,512.0,519.0
2015-10-07,513.0,522.0,513.0,522.0
2015-10-08,522.0,522.0,509.0,511.5
2015-10-09,513.5,520.5,513.5,520.5
2015-10-13,515.0,516.0,511.0,511.0
2015-10-14,511.0,513.0,505.5,506.0
2015-10-15,510.0,517.0,506.0,511.0
2015-10-16,510.0,515.0,507.5,511.5
2015-10-19,511.5,511.5,499.5,501.0
2015-10-20,501.0,501.0,499.0,500.5
2015-10-21,501.0,508.0,499.0,502.5
2015-10-22,503.0,508.0,503.0,508.0
2015-10-23,511.0,514.5,503.5,505.5
2015-10-26,507.5,520.5,507.5,520.5
2015-10-27,522.5,524.0,513.5,518.0
2015-10-28,500.5,505.5,500.0,500.5
2015-10-29,501.0,504.0,498.0,500.5
2015-10-30,500.0,500.0,498.5,499.5
2015-11-02,499.5,504.0,499.5,501.5
2015-11-04,504.0,504.0,500.0,500.0
2015-11-05,500.0,502.5,500.0,501.0
2015-11-06,501.0,522.5,501.0,507.5
2015-11-09,510.0,514.0,508.0,509.0
2015-11-10,514.5,514.5,507.0,507.0
2015-11-11,507.0,515.0,507.0,508.0
2015-11-12,509.0,510.0,509.0,510.0
2015-11-13,506.0,506.5,502.5,502.5
2015-11-16,502.0,505.0,500.5,501.0
2015-11-17,502.0,505.0,502.0,502.5
2015-11-18,505.5,512.0,505.5,512.0
2015-11-19,510.5,510.5,507.5,508.0
2015-11-20,510.5,512.5,510.5,512.5
2015-11-24,510.5,514.0,510.0,512.0
2015-11-25,512.0,519.0,512.0,517.5
2015-11-26,517.5,534.0,517.5,532.5
2015-11-27,532.5,532.5,524.0,529.5
2015-11-30,529.5,529.5,522.5,524.0
2015-12-01,521.0,524.0,515.5,515.5
2015-12-02,516.5,516.5,510.0,515.5
2015-12-03,515.0,518.5,509.5,514.5
2015-12-04,508.5,514.5,508.0,508.0
2015-12-07,514.5,517.0,507.5,513.5
2015-12-08,514.5,514.5,509.0,514.5
2015-12-09,510.5,513.5,509.0,510.0
2015-12-10,510.0,514.5,509.0,514.5
2015-12-11,512.5,512.5,506.0,506.0
2015-12-14,504.5,505.0,501.0,501.0
2015-12-15,500.5,503.0,500.5,501.5
2015-12-16,502.5,506.0,502.0,502.0
2015-12-17,502.5,508.5,502.5,504.0
2015-12-18,507.5,509.0,505.0,505.0
2015-12-21,505.0,507.0,501.0,501.5
2015-12-22,501.5,505.0,500.0,500.0
2015-12-24,501.0,504.5,499.0,500.5
2015-12-25,500.5,500.5,500.5,500.5
2015-12-28,490.0,492.5,486.5,490.0
2015-12-29,490.0,495.0,490.0,494.0
2015-12-30,495.0,505.0,495.0,500.0
2016-01-04,500.0,501.5,499.5,500.5
2016-01-05,500.5,502.5,500.5,501.5
2016-01-06,502.5,504.0,500.5,500.5
2016-01-07,500.5,501.0,494.5,495.0
2016-01-08,495.5,508.0,495.5,500.5
2016-01-12,499.5,499.5,490.0,494.0
2016-01-13,494.0,503.5,493.0,503.5
2016-01-14,493.0,493.0,492.5,493.0
2016-01-15,493.0,503.5,492.5,493.0
2016-01-18,487.5,494.0,485.0,490.0
2016-01-19,489.5,514.0,489.5,499.0
2016-01-20,495.0,496.0,481.0,481.5
2016-01-21,475.5,480.5,475.0,475.0
2016-01-22,476.0,484.5,476.0,482.5
2016-01-25,483.5,492.5,483.5,487.0
2016-01-26,487.0,493.5,487.0,493.0
2016-01-27,492.5,494.0,487.5,487.5
2016-01-28,488.0,490.0,488.0,488.0
2016-01-29,484.0,493.0,484.0,493.0
2016-02-01,493.5,499.5,493.5,496.0
2016-02-02,495.5,497.0,488.0,489.0
2016-02-03,488.0,488.0,475.5,476.0
2016-02-04,475.5,475.5,467.5,474.5
2016-02-05,469.5,470.0,462.5,462.5
2016-02-08,460.0,463.5,459.0,463.0
2016-02-09,462.5,462.5,452.5,453.0
2016-02-10,452.0,463.5,440.0,450.5
2016-02-12,426.5,435.0,425.0,425.0
2016-02-15,430.0,436.0,430.0,435.0
2016-02-16,457.5,464.0,442.5,442.5
2016-02-17,453.0,453.0,433.5,437.5
2016-02-18,440.0,450.0,440.0,445.0
2016-02-19,440.0,440.0,438.0,439.0
2016-02-22,440.0,450.0,440.0,442.5
2016-02-23,446.0,448.0,438.5,448.0
2016-02-24,448.0,448.0,448.0,448.0
2016-02-25,448.0,448.0,444.0,444.0
2016-02-26,458.5,458.5,444.0,444.0
2016-02-29,457.5,457.5,457.5,457.5
2016-03-01,453.5,453.5,444.0,447.0
2016-03-02,454.5,458.5,454.5,458.5
2016-03-03,459.5,467.5,459.5,467.5
2016-03-04,467.5,472.5,467.5,472.5
2016-03-07,475.0,475.0,472.5,475.0
2016-03-08,475.0,475.0,472.5,472.5
2016-03-09,469.5,469.5,467.5,467.5
2016-03-10,465.0,467.5,464.5,466.0
2016-03-11,466.0,473.0,466.0,473.0
2016-03-14,473.5,473.5,469.5,473.0
2016-03-15,472.5,474.0,470.0,471.0
2016-03-16,475.0,476.5,475.0,475.0
2016-03-17,474.5,478.5,471.5,473.0
2016-03-18,473.0,473.0,469.5,469.5
2016-03-22,474.0,474.0,471.5,472.0
2016-03-23,474.5,474.5,471.5,473.0
2016-03-24,466.5,471.5,466.0,471.5
2016-03-25,471.5,475.0,469.5,473.5
2016-03-28,474.5,474.5,469.0,470.0
2016-03-29,460.0,460.0,452.0,455.0
2016-03-30,459.5,462.0,455.0,456.0
2016-03-31,462.5,463.5,455.5,462.0
2016-04-01,458.0,459.0,455.0,455.0
2016-04-04,453.5,453.5,441.5,442.0
2016-04-05,442.0,442.5,441.0,441.0
2016-04-06,439.0,444.5,439.0,444.5
2016-04-07,444.5,444.5,442.5,442.5
2016-04-08,442.0,442.5,442.0,442.5
2016-04-11,442.5,442.5,440.0,440.0
2016-04-12,440.5,442.5,440.5,442.5
2016-04-13,446.5,450.0,444.0,450.0
2016-04-14,452.5,458.0,450.0,454.0
2016-04-15,454.0,462.0,454.0,462.0
2016-04-18,457.5,462.0,457.0,462.0
2016-04-19,462.0,465.0,457.5,460.5
2016-04-20,460.0,460.0,458.0,458.0
2016-04-21,460.0,465.0,458.0,460.0
2016-04-22,454.5,460.0,451.5,456.0
2016-04-25,456.5,456.5,456.5,456.5
2016-04-26,465.5,465.5,459.0,465.0
2016-04-27,465.0,465.0,453.0,455.0
2016-04-28,460.0,460.0,445.5,445.5
2016-05-02,445.0,445.0,439.0,439.0
2016-05-06,439.0,446.0,439.0,446.0
2016-05-09,440.0,445.5,438.0,440.0
2016-05-10,440.0,440.0,433.0,439.0
2016-05-11,440.0,450.0,437.0,444.5
2016-05-12,440.0,455.0,440.0,448.5
2016-05-13,443.0,449.0,443.0,449.0
2016-05-16,462.5,462.5,453.5,453.5
2016-05-17,446.0,450.5,446.0,446.5
2016-05-18,446.0,449.5,446.0,446.0
2016-05-19,445.5,451.0,445.5,447.0
2016-05-20,446.5,447.0,443.5,445.0
2016-05-23,445.0,463.0,442.0,463.0
2016-05-24,448.0,452.0,446.0,450.0
2016-05-25,451.5,454.0,446.0,446.0
2016-05-26,447.5,453.5,447.5,448.0
2016-05-27,444.0,446.5,443.5,446.5
2016-05-30,444.0,450.5,444.0,446.0
2016-05-31,447.0,447.5,447.0,447.5
2016-06-01,445.5,448.5,442.5,443.0
2016-06-02,443.0,443.5,441.0,441.0
2016-06-03,441.0,450.0,441.0,441.0
2016-06-06,440.5,455.0,440.0,452.5
2016-06-07,445.0,448.0,445.0,448.0
2016-06-08,447.5,449.0,443.5,444.0
2016-06-09,444.0,446.5,440.5,444.0
2016-06-10,444.0,446.0,444.0,445.5
2016-06-13,445.5,446.0,442.5,444.0
2016-06-14,440.0,444.0,438.5,440.0
2016-06-15,439.5,440.0,438.0,439.0
2016-06-16,439.5,441.5,430.0,440.0
2016-06-17,435.0,449.0,435.0,444.5
2016-06-20,437.0,444.5,436.5,444.5
2016-06-21,440.0,444.0,438.5,444.0
2016-06-22,440.0,454.0,440.0,444.0
2016-06-23,442.0,446.0,441.0,442.5
2016-06-24,442.5,443.0,433.0,433.0
2016-06-27,432.5,438.0,430.0,430.0
2016-06-28,428.5,440.0,427.0,432.5
2016-06-29,440.0,440.0,440.0,440.0
2016-06-30,435.5,435.5,435.5,435.5
2016-07-01,441.5,441.5,433.5,434.5
2016-07-04,434.5,434.5,434.5,434.5
2016-07-05,432.5,436.0,432.5,433.5
2016-07-06,442.5,442.5,432.0,432.5
2016-07-07,432.5,433.0,432.5,433.0
2016-07-08,432.5,433.0,431.5,431.5
2016-07-11,431.5,431.5,431.5,431.5
2016-07-12,435.0,437.0,432.5,434.5
2016-07-13,437.5,443.0,436.5,440.5
2016-07-14,441.5,441.5,438.0,438.0
2016-07-15,438.0,445.0,438.0,441.0
2016-07-19,451.5,451.5,445.0,446.0
2016-07-20,452.0,452.0,449.0,449.0
2016-07-21,451.0,454.5,451.0,452.5
2016-07-22,447.0,449.0,447.0,449.0
2016-07-25,451.5,469.5,451.5,466.0
2016-07-26,467.0,474.5,467.0,473.0
2016-07-27,473.0,480.0,457.0,473.0
2016-07-28,469.0,469.0,469.0,469.0
2016-07-29,469.0,469.0,455.5,465.0
2016-08-01,455.0,460.0,455.0,460.0
2016-08-02,457.0,457.0,457.0,457.0
2016-08-03,460.0,463.5,456.0,461.0
2016-08-04,457.0,459.5,457.0,457.0
2016-08-05,457.0,457.5,457.0,457.5
2016-08-08,474.0,476.0,467.0,467.0
2016-08-09,474.5,474.5,467.0,469.0
2016-08-10,471.0,471.0,469.0,469.0
2016-08-12,468.0,469.0,468.0,469.0
2016-08-15,469.0,469.0,465.0,468.0
2016-08-16,465.0,470.5,465.0,470.0
2016-08-17,465.0,479.5,465.0,479.5
2016-08-18,480.0,481.5,480.0,480.0
2016-08-19,487.5,488.5,487.5,488.5
2016-08-22,478.0,488.5,478.0,487.5
2016-08-23,482.5,482.5,482.5,482.5
2016-08-24,475.0,482.5,475.0,482.5
2016-08-25,482.5,483.0,482.5,483.0
2016-08-26,483.0,483.0,483.0,483.0
2016-08-29,483.0,488.0,480.5,481.0
2016-08-30,481.0,482.5,481.0,482.5
2016-08-31,480.5,481.0,480.5,481.0
2016-09-01,487.0,487.5,481.0,482.5
2016-09-02,482.5,484.0,482.5,484.0
2016-09-05,487.5,487.5,484.0,487.5
2016-09-06,487.0,487.0,487.0,487.0
2016-09-07,487.0,487.0,480.0,481.5
2016-09-08,481.5,481.5,481.5,481.5
2016-09-09,485.0,485.0,480.5,480.5
2016-09-12,480.5,482.0,470.5,474.0
2016-09-13,474.0,474.0,460.5,460.5
2016-09-14,460.5,465.0,459.0,461.5
2016-09-15,460.0,460.0,458.0,458.0
2016-09-16,469.0,469.0,457.5,459.5
2016-09-20,461.0,462.0,459.5,460.0
2016-09-21,460.0,464.0,460.0,460.0
2016-09-23,462.0,467.0,462.0,466.0
2016-09-26,466.5,482.5,466.5,479.0
2016-09-27,472.5,477.5,472.0,475.0
2016-09-28,474.5,479.0,474.5,479.0
2016-09-29,480.0,480.0,472.5,480.0
2016-09-30,480.5,481.5,478.0,480.0
2016-10-03,476.5,480.0,475.0,475.0
2016-10-04,475.0,477.5,475.0,477.5
2016-10-05,476.0,476.0,475.5,476.0
2016-10-06,477.5,477.5,476.0,476.5
2016-10-07,476.0,476.5,476.0,476.0
2016-10-11,477.0,480.5,477.0,480.0
2016-10-12,480.0,480.5,475.0,480.0
2016-10-13,477.5,479.5,477.5,479.5
2016-10-14,479.5,480.0,478.5,480.0
2016-10-17,480.0,480.0,479.5,480.0
2016-10-18,480.5,481.5,480.0,481.5
2016-10-19,480.0,480.0,478.0,478.0
2016-10-20,480.0,480.0,479.0,480.0
2016-10-21,481.5,484.0,477.5,482.5
2016-10-24,483.0,501.0,483.0,501.0
2016-10-25,501.5,508.0,498.0,498.0
2016-10-26,561.0,573.0,555.5,573.0
2016-10-27,558.0,592.0,545.0,570.0
2016-10-28,574.5,575.0,558.0,559.5
2016-10-31,559.0,562.5,555.5,560.0
2016-11-01,556.5,612.5,550.0,602.0
2016-11-02,591.5,609.5,591.5,609.5
2016-11-04,604.5,620.0,584.5,599.5
2016-11-07,592.5,595.0,550.0,575.5
2016-11-08,567.5,593.0,565.5,593.0
2016-11-09,582.0,591.5,501.5,543.5
2016-11-10,563.5,565.0,555.0,560.0
2016-11-11,555.5,558.0,543.0,543.0
2016-11-14,543.0,550.0,540.0,543.0
2016-11-15,543.0,547.0,541.0,543.5
2016-11-16,546.5,555.0,545.5,545.5
2016-11-17,545.0,547.5,536.5,542.5
2016-11-18,552.0,576.0,548.0,575.5
2016-11-21,572.0,590.0,568.5,576.5
2016-11-22,570.5,583.0,564.5,583.0
2016-11-24,583.0,585.0,569.0,572.0
2016-11-25,579.5,579.5,552.5,556.0
2016-11-28,556.5,570.0,546.5,567.0
2016-11-29,558.5,576.5,558.5,576.5
2016-11-30,574.0,579.0,574.0,576.5
2016-12-01,577.5,584.0,571.5,574.5
2016-12-02,574.5,582.0,571.5,579.5
2016-12-05,579.0,582.5,569.5,576.0
2016-12-06,584.0,584.0,578.0,583.0
2016-12-07,581.5,584.0,570.0,577.5
2016-12-08,575.5,581.5,575.5,577.5
2016-12-09,582.0,590.5,577.5,590.5
2016-12-12,590.5,595.5,579.0,586.0
2016-12-13,586.0,591.0,585.0,587.0
2016-12-14,585.5,589.0,584.0,584.0
2016-12-15,586.5,589.0,585.0,585.5
2016-12-16,588.5,590.5,586.5,588.5
2016-12-19,590.0,595.0,587.0,590.5
2016-12-20,590.5,607.0,590.0,605.0
2016-12-21,600.5,605.0,589.5,590.0
2016-12-22,590.0,599.0,585.5,586.5
2016-12-26,587.0,592.5,587.0,587.0
2016-12-27,589.5,592.5,588.0,591.0
2016-12-28,591.0,597.5,591.0,594.5
2016-12-29,594.0,595.5,589.0,592.0
2016-12-30,591.0,592.0,588.5,592.0
2017-01-04,596.0,611.0,596.0,611.0
2017-01-05,620.0,624.5,616.0,623.0
2017-01-06,623.0,634.0,619.5,631.0
2017-01-10,631.5,639.5,625.0,635.0
2017-01-11,632.0,664.0,630.0,654.0
2017-01-12,645.5,646.5,637.0,643.0
2017-01-13,635.5,642.5,635.5,640.5
2017-01-16,649.5,657.5,642.0,646.5
2017-01-17,647.5,654.0,642.5,643.0
2017-01-18,641.0,641.0,626.0,634.0
2017-01-19,644.0,644.0,634.5,636.0
2017-01-20,636.0,646.0,636.0,638.5
2017-01-23,638.5,652.0,637.5,646.5
2017-01-24,649.5,653.5,646.0,651.0
2017-01-25,654.5,694.0,654.5,693.5
2017-01-26,694.5,697.5,685.0,693.5
2017-01-27,695.0,714.0,694.0,703.0
2017-01-30,843.0,853.0,803.5,805.0
2017-01-31,793.0,813.5,792.0,812.5
2017-02-01,818.5,818.5,795.5,799.0
2017-02-02,800.0,818.5,800.0,813.5
2017-02-03,812.5,832.5,800.0,800.0
2017-02-06,800.0,815.0,791.5,812.0
2017-02-07,790.5,795.0,762.0,770.0
2017-02-08,756.5,773.0,745.5,753.5
2017-02-09,756.0,760.5,744.0,751.5
2017-02-10,757.0,757.0,744.5,755.0
2017-02-13,762.5,768.0,755.5,760.0
2017-02-14,760.0,760.0,740.5,740.5
2017-02-15,745.0,752.5,738.0,738.0
2017-02-16,759.0,769.0,751.0,765.0
2017-02-17,765.0,765.5,756.5,758.0
2017-02-20,764.0,764.0,741.0,743.0
2017-02-21,742.0,750.0,741.5,750.0
2017-02-22,756.5,767.0,752.0,765.5
2017-02-23,768.0,797.5,766.5,797.5
2017-02-24,801.5,804.5,787.5,797.5
2017-02-27,794.5,795.5,770.0,777.5
2017-02-28,777.5,789.0,775.0,780.0
2017-03-01,793.5,804.0,767.0,795.5
2017-03-02,806.5,833.0,802.0,829.5
2017-03-03,825.0,838.5,822.5,827.0
2017-03-06,834.0,839.5,830.0,838.5
2017-03-07,840.0,840.0,818.5,824.0
2017-03-08,828.5,839.5,828.5,833.0
2017-03-09,837.5,846.0,821.5,831.0
2017-03-10,835.0,838.0,827.0,835.5
2017-03-13,835.5,844.0,832.5,839.5
2017-03-14,825.0,828.0,815.5,816.5
2017-03-15,816.5,816.5,806.0,812.5
2017-03-16,802.5,821.5,801.5,818.0
2017-03-17,820.0,833.0,810.5,816.5
2017-03-21,806.0,813.5,795.5,812.0
2017-03-22,796.0,806.5,788.0,792.5
2017-03-23,791.0,797.5,779.5,780.0
2017-03-24,780.0,813.5,779.5,813.0
2017-03-27,800.0,809.5,791.0,795.0
2017-03-28,795.0,809.0,792.0,802.0
2017-03-29,790.0,797.5,785.5,792.5
2017-03-30,785.0,797.5,780.5,793.0
2017-03-31,786.0,798.0,786.0,790.5
2017-04-03,797.0,797.5,757.5,761.5
2017-04-04,757.0,760.0,716.5,729.0
2017-04-05,718.5,738.5,718.5,738.5
2017-04-06,726.5,727.5,702.0,712.0
2017-04-07,714.5,725.0,709.5,714.5
2017-04-10,717.5,729.5,717.5,727.0
2017-04-11,724.0,724.0,715.0,716.0
2017-04-12,715.0,715.5,700.0,702.0
2017-04-13,697.5,716.5,696.0,714.0
2017-04-14,700.0,711.0,700.0,700.0
2017-04-17,695.0,704.0,690.5,704.0
2017-04-18,709.5,717.5,709.5,711.0
2017-04-19,703.5,714.5,703.5,713.5
2017-04-20,711.5,723.0,708.0,718.5
2017-04-21,722.5,727.0,719.5,721.5
2017-04-24,734.0,734.0,716.0,722.0
2017-04-25,731.0,731.0,724.0,724.5
2017-04-26,727.0,748.0,727.0,738.5
2017-04-27,748.5,748.5,730.0,737.5
2017-04-28,735.0,735.5,715.5,723.0
2017-05-01,724.0,744.5,724.0,732.5
2017-05-02,741.5,742.5,727.0,737.5
2017-05-08,744.0,753.0,744.0,750.5
2017-05-09,755.0,755.0,750.0,752.5
2017-05-10,751.0,755.0,748.0,752.0
2017-05-11,752.0,753.0,744.5,747.0
2017-05-12,749.5,752.0,742.5,745.0
2017-05-15,745.0,746.0,730.0,743.0
2017-05-16,713.0,729.0,710.0,721.5
2017-05-17,715.5,720.5,711.5,715.0
2017-05-18,705.0,714.5,703.0,709.5
2017-05-19,709.5,709.5,705.5,708.5
2017-05-22,709.5,714.5,707.5,711.0
2017-05-23,710.5,710.5,701.0,701.0
2017-05-24,707.5,708.0,701.5,707.5
2017-05-25,708.0,741.0,707.5,722.5
2017-05-26,722.5,725.5,716.5,719.5
2017-05-29,716.5,724.5,707.5,724.5
2017-05-30,716.0,716.0,706.5,711.5
2017-05-31,709.5,712.0,709.0,712.0
2017-06-01,712.0,719.5,709.0,710.0
2017-06-02,711.0,714.5,711.0,712.5
2017-06-05,715.0,720.5,715.0,716.0
2017-06-06,715.0,723.5,711.0,716.5
2017-06-07,719.0,719.0,711.5,711.5
2017-06-08,712.5,713.0,710.0,710.0
2017-06-09,711.0,711.0,699.0,699.0
2017-06-12,704.5,704.5,699.0,700.5
2017-06-13,697.5,701.0,697.5,701.0
2017-06-14,705.0,717.0,703.0,703.5
2017-06-15,703.5,708.5,698.0,702.5
2017-06-16,702.5,705.0,698.5,702.5
2017-06-19,701.5,701.5,698.0,699.5
2017-06-20,702.5,705.5,700.0,703.0
2017-06-21,715.5,735.0,710.5,726.0
2017-06-22,725.0,730.5,724.0,725.5
2017-06-23,727.5,743.5,727.5,743.5
2017-06-26,744.5,748.5,730.5,730.5
2017-06-27,737.0,740.5,728.0,738.5
2017-06-28,735.0,735.0,717.5,717.5
2017-06-29,726.5,742.5,719.5,729.0
2017-06-30,719.5,735.5,715.0,730.0
2017-07-03,728.0,736.5,728.0,736.5
2017-07-04,742.5,744.5,727.5,738.0
2017-07-05,743.5,743.5,734.5,741.0
2017-07-06,740.5,741.0,735.5,735.5
2017-07-07,731.0,739.0,731.0,735.0
2017-07-10,756.0,758.5,740.0,756.5
2017-07-11,749.0,768.5,749.0,768.5
2017-07-12,762.0,769.5,758.0,767.0
2017-07-13,768.0,771.0,762.0,770.0
2017-07-14,768.5,771.0,764.5,771.0
2017-07-17,771.0,771.0,771.0,771.0
2017-07-18,772.5,794.5,750.0,772.0
2017-07-19,776.0,787.5,774.5,782.5
2017-07-20,779.0,789.0,776.0,777.5
2017-07-21,785.0,788.5,777.5,786.5
2017-07-24,786.0,786.0,778.0,784.5
2017-07-25,784.5,805.0,784.5,802.5
2017-07-26,804.0,817.5,794.5,794.5
2017-07-27,800.0,800.0,789.0,789.0
2017-07-28,789.5,794.5,766.0,775.0
2017-07-31,770.5,780.0,770.5,774.5
2017-08-01,777.0,777.0,755.0,760.0
2017-08-02,760.0,769.0,760.0,769.0
2017-08-03,769.0,772.0,760.5,772.0
2017-08-04,790.0,790.0,781.5,789.0
2017-08-07,825.0,835.0,819.5,824.5
2017-08-08,824.5,824.5,807.5,820.5
2017-08-09,819.5,819.5,795.5,804.5
2017-08-10,797.0,829.5,789.0,829.5
2017-08-11,829.5,829.5,829.5,829.5
2017-08-14,813.5,821.0,803.5,809.0
2017-08-15,812.0,818.0,810.0,811.0
2017-08-16,823.0,823.0,804.0,814.5
2017-08-17,815.5,847.5,813.5,830.0
2017-08-18,814.0,832.5,809.5,828.0
2017-08-21,828.0,835.0,814.0,818.0
2017-08-22,823.5,823.5,812.5,814.5
2017-08-23,823.5,823.5,812.0,812.0
2017-08-24,815.0,826.5,813.5,822.0
2017-08-25,830.0,875.0,827.5,869.5
2017-08-28,881.5,882.5,858.5,867.0
2017-08-29,873.0,892.0,863.5,865.0
2017-08-30,869.5,879.5,856.5,868.0
2017-08-31,867.0,910.0,867.0,910.0
2017-09-01,908.0,945.0,881.5,944.5
2017-09-04,930.5,938.5,895.5,895.5
2017-09-05,940.0,965.0,865.5,883.5
2017-09-06,871.0,904.5,868.5,892.5
2017-09-07,897.0,914.5,881.5,886.5
2017-09-08,905.5,927.0,894.5,898.5
2017-09-11,898.5,917.5,896.0,909.0
2017-09-12,910.5,915.5,900.0,910.0
2017-09-13,917.5,932.0,880.0,899.0
2017-09-14,900.0,973.5,886.5,971.0
2017-09-15,979.5,1010.0,975.0,1010.0
2017-09-18,1010.0,1010.0,1010.0,1010.0
2017-09-19,1023.5,1041.5,975.0,1005.0
2017-09-20,1005.0,1023.0,987.0,1022.5
2017-09-21,1022.5,1069.5,1022.5,1064.5
2017-09-22,1039.5,1058.5,1004.0,1021.5
2017-09-25,1022.0,1045.0,1022.0,1045.0
2017-09-26,1045.0,1060.0,1036.5,1058.0
2017-09-27,1258.0,1307.0,1213.0,1238.5
2017-09-28,1249.5,1249.5,1180.0,1210.5
2017-09-29,1189.0,1196.0,1158.5,1180.0
2017-10-02,1198.0,1198.0,1166.5,1181.0
2017-10-03,1193.5,1199.0,1180.0,1190.5
2017-10-04,1182.5,1187.0,1142.5,1150.5
2017-10-05,1150.5,1172.0,1150.5,1162.5
2017-10-06,1187.5,1244.5,1175.0,1189.5
2017-10-09,1189.5,1189.5,1189.5,1189.5
2017-10-10,1173.0,1194.0,1153.5,1194.0
2017-10-11,1189.0,1189.0,1180.0,1184.0
2017-10-12,1189.5,1242.5,1185.0,1225.0
2017-10-13,1210.0,1220.0,1178.5,1178.5
2017-10-16,1175.5,1204.0,1162.5,1170.0
2017-10-17,1170.0,1177.5,1136.5,1175.0
2017-10-18,1175.0,1194.0,1157.5,1172.5
2017-10-19,1172.5,1185.0,1160.5,1165.0
2017-10-20,1165.0,1165.0,1147.5,1154.5
2017-10-23,1155.0,1189.0,1154.5,1180.0
2017-10-24,1180.0,1193.0,1169.0,1189.5
2017-10-25,1189.5,1196.0,1178.0,1186.5
2017-10-26,1186.5,1211.0,1181.5,1206.0
2017-10-27,1191.5,1200.0,1188.0,1198.5
2017-10-30,1197.5,1205.0,1190.0,1202.0
2017-10-31,1202.0,1234.5,1202.0,1233.0
2017-11-01,1232.5,1233.5,1210.5,1219.5
2017-11-02,1219.5,1225.0,1202.5,1211.0
2017-11-03,1211.0,1211.0,1211.0,1211.0
2017-11-06,1211.0,1227.5,1207.5,1227.5
2017-11-07,1224.5,1240.0,1132.5,1145.0
2017-11-08,1142.5,1154.0,1118.5,1130.0
2017-11-09,1137.5,1147.5,1116.0,1125.5
2017-11-10,1123.0,1144.0,1108.0,1118.5
2017-11-13,1110.5,1114.5,1105.0,1108.0
2017-11-14,1093.0,1099.5,1065.0,1078.5
2017-11-15,1067.0,1077.5,1027.5,1033.5
2017-11-16,1028.0,1050.0,1016.0,1044.5
2017-11-17,1047.5,1109.5,1047.5,1093.0
2017-11-20,1100.0,1149.0,1099.5,1139.5
2017-11-21,1149.5,1184.0,1141.5,1176.0
2017-11-22,1187.0,1195.0,1149.5,1153.5
2017-11-23,1153.5,1153.5,1153.5,1153.5
2017-11-24,1153.5,1180.5,1151.0,1154.0
2017-11-27,1179.0,1179.0,1135.5,1139.5
2017-11-28,1139.5,1141.0,1113.0,1126.0
2017-11-29,1127.5,1136.5,1120.0,1120.0
2017-11-30,1120.0,1136.0,1105.5,1113.0
2017-12-01,1113.0,1117.5,1092.5,1098.5
2017-12-04,1093.0,1115.5,1093.0,1104.5
2017-12-05,1100.0,1110.0,1074.0,1105.0
2017-12-06,1100.0,1128.5,1080.0,1088.5
2017-12-07,1090.0,1158.5,1090.0,1148.0
2017-12-08,1148.0,1157.5,1124.5,1143.5
2017-12-11,1145.0,1218.5,1134.5,1210.5
2017-12-12,1214.0,1258.0,1214.0,1258.0
2017-12-13,1255.0,1265.0,1202.0,1204.0
2017-12-14,1205.0,1258.0,1205.0,1223.0
2017-12-15,1227.0,1227.0,1167.0,1172.5
2017-12-18,1185.5,1203.0,1168.0,1174.5
2017-12-19,1188.0,1188.0,1140.0,1152.5
2017-12-20,1153.0,1175.0,1153.0,1162.0
2017-12-21,1157.5,1164.5,1155.5,1160.0
2017-12-22,1160.0,1195.5,1160.0,1187.5
2017-12-25,1187.5,1202.5,1157.5,1165.0
2017-12-26,1165.5,1169.5,1151.0,1151.0
2017-12-27,1176.0,1185.5,1158.5,1184.5
2017-12-28,1185.5,1189.0,1160.5,1162.0
2017-12-29,1172.5,1177.5,1168.0,1175.0
2018-01-01,1175.0,1175.0,1175.0,1175.0
2018-01-02,1175.0,1175.0,1175.0,1175.0
2018-01-03,1175.0,1175.0,1175.0,1175.0
2018-01-04,1191.5,1208.0,1179.5,1195.0
2018-01-05,1192.0,1199.5,1174.0,1187.0
2018-01-08,1187.0,1187.0,1187.0,1187.0
2018-01-09,1183.0,1201.0,1183.0,1184.5
2018-01-10,1190.0,1200.0,1187.5,1192.5
2018-01-11,1190.5,1201.0,1190.5,1201.0
2018-01-12,1200.5,1202.5,1196.5,1202.5
2018-01-15,1210.0,1223.5,1205.0,1206.5
2018-01-16,1200.0,1203.0,1168.5,1168.5
2018-01-17,1169.0,1173.0,1150.5,1157.5
2018-01-18,1160.0,1170.0,1151.5,1152.0
2018-01-19,1150.0,1167.0,1150.0,1157.0
2018-01-22,1169.5,1193.0,1158.5,1174.0
2018-01-23,1184.5,1207.5,1172.0,1197.5
2018-01-24,1192.0,1200.5,1181.5,1187.0
2018-01-25,1187.0,1209.5,1187.0,1194.0
2018-01-26,1199.0,1215.0,1196.5,1210.0
2018-01-29,1204.0,1251.5,1204.0,1233.5
2018-01-30,1223.0,1233.0,1170.5,1189.0
2018-01-31,1157.5,1200.5,1157.5,1194.5
2018-02-01,1202.5,1209.5,1188.0,1207.0
2018-02-02,1206.5,1214.5,1191.0,1213.0
2018-02-05,1200.0,1200.0,1164.5,1167.0
2018-02-06,1350.0,1394.5,1229.5,1324.5
2018-02-07,1424.5,1425.0,1355.0,1385.5
2018-02-08,1400.0,1597.5,1380.5,1575.0
2018-02-09,1470.0,1545.0,1457.5,1522.5
2018-02-12,1522.5,1522.5,1522.5,1522.5
2018-02-13,1522.5,1522.5,1420.0,1445.0
2018-02-14,1420.0,1441.0,1336.0,1350.5
2018-02-15,1359.5,1377.5,1325.0,1326.5
2018-02-16,1333.0,1357.0,1330.0,1348.5
2018-02-19,1373.5,1475.0,1370.5,1473.0
2018-02-20,1470.0,1482.5,1439.5,1469.0
2018-02-21,1479.5,1532.5,1462.5,1500.0
2018-02-22,1485.5,1525.0,1468.0,1490.0
2018-02-23,1500.0,1525.0,1483.0,1522.5
2018-02-26,1557.5,1635.0,1540.0,1595.0
2018-02-27,1625.0,1737.5,1580.0,1727.5
2018-02-28,1687.5,1715.0,1627.5,1660.0
2018-03-01,1635.0,1637.5,1535.0,1545.0
2018-03-02,1500.0,1525.0,1492.5,1500.0
2018-03-05,1491.5,1491.5,1382.5,1382.5
2018-03-06,1444.0,1515.0,1430.0,1497.5
2018-03-07,1462.0,1500.0,1444.0,1468.0
2018-03-08,1493.0,1560.0,1480.0,1530.0
2018-03-09,1560.0,1590.0,1490.0,1502.5
2018-03-12,1550.0,1560.0,1502.5,1517.5
2018-03-13,1512.5,1522.5,1488.5,1520.0
2018-03-14,1515.0,1665.0,1500.0,1652.5
2018-03-15,1607.5,1662.5,1605.0,1632.5
2018-03-16,1635.0,1635.0,1550.0,1590.0
2018-03-19,1540.0,1575.0,1460.0,1466.0
2018-03-20,1425.0,1445.0,1401.5,1424.0
2018-03-21,1424.0,1424.0,1424.0,1424.0
2018-03-22,1443.0,1467.5,1422.0,1443.0
2018-03-23,1375.0,1400.0,1374.5,1378.0
2018-03-26,1378.0,1380.0,1290.0,1343.5
2018-03-27,1390.0,1421.0,1346.5,1346.5
2018-03-28,1324.5,1356.0,1281.5,1295.0
2018-03-29,1340.5,1367.0,1296.5,1325.5
2018-03-30,1359.0,1359.0,1309.0,1313.0
2018-04-02,1350.0,1359.0,1329.0,1332.0
2018-04-03,1307.0,1318.5,1300.0,1305.5
2018-04-04,1325.0,1339.5,1296.0,1297.0
2018-04-05,1317.0,1317.0,1257.5,1260.0
2018-04-06,1254.0,1264.0,1230.0,1230.0
2018-04-09,1208.0,1233.5,1202.5,1206.0
2018-04-10,1196.0,1255.5,1190.5,1240.0
2018-04-11,1265.0,1265.0,1215.0,1253.0
2018-04-12,1228.0,1255.0,1226.0,1229.5
2018-04-13,1217.0,1249.0,1217.0,1223.5
2018-04-16,1216.5,1227.0,1169.5,1171.0
2018-04-17,1171.0,1197.5,1135.0,1190.5
2018-04-18,1182.0,1217.5,1181.5,1208.5
2018-04-19,1212.0,1214.0,1183.5,1209.5
2018-04-20,1201.5,1213.5,1190.0,1195.0
2018-04-23,1199.5,1205.5,1182.5,1204.5
2018-04-24,1200.5,1214.0,1189.0,1206.0
2018-04-25,1207.5,1233.0,1193.5,1221.0
2018-04-26,1231.0,1241.5,1195.0,1205.0
2018-04-27,1206.0,1206.5,1185.0,1195.5
2018-04-30,1195.5,1195.5,1195.5,1195.5
2018-05-01,1201.0,1204.5,1180.0,1180.5
2018-05-02,1188.0,1206.0,1178.5,1206.0
2018-05-03,1206.0,1206.0,1206.0,1206.0
2018-05-04,1206.0,1206.0,1206.0,1206.0
2018-05-07,1213.5,1235.0,1213.0,1225.5
2018-05-08,1226.5,1248.0,1226.5,1241.5
2018-05-09,1245.5,1257.5,1221.0,1231.5
2018-05-10,1231.5,1242.0,1202.5,1215.5
2018-05-11,1214.0,1224.0,1200.0,1208.0
2018-05-14,1200.5,1209.0,1174.5,1175.0
2018-05-15,1182.5,1237.5,1179.0,1201.5
2018-05-16,1110.0,1110.5,1024.5,1028.5
2018-05-17,1025.5,1057.5,1018.5,1054.5
2018-05-18,1070.0,1070.0,1037.5,1046.0
2018-05-21,1046.5,1056.0,1036.5,1041.0
2018-05-22,1043.5,1062.5,1043.0,1057.0
2018-05-23,1065.5,1065.5,1030.0,1040.0
2018-05-24,1040.5,1040.5,1020.5,1020.5
2018-05-25,1022.0,1034.5,1018.0,1019.0
2018-05-28,1012.0,1025.5,1011.5,1020.0
2018-05-29,1020.0,1020.0,986.0,991.0
2018-05-30,978.5,1014.0,975.0,1009.5
2018-05-31,1009.5,1017.0,977.0,980.0
2018-06-01,1000.0,1029.5,996.5,1018.5
2018-06-04,1033.5,1040.0,1009.5,1009.5
2018-06-05,1110.0,1154.5,1066.5,1122.0
2018-06-06,1124.0,1163.0,1124.0,1156.0
2018-06-07,1170.0,1195.0,1150.0,1180.0
2018-06-08,1178.0,1184.5,1155.5,1163.0
2018-06-11,1178.0,1178.0,1155.5,1156.0
2018-06-12,1162.0,1171.0,1151.5,1155.5
2018-06-13,1167.0,1167.0,1128.5,1136.0
2018-06-14,1136.0,1137.0,1111.0,1121.0
2018-06-15,1125.5,1127.0,1106.5,1111.5
2018-06-18,1107.5,1107.5,1075.0,1097.0
2018-06-19,1083.0,1086.5,1061.5,1063.0
2018-06-20,1062.5,1075.0,1031.5,1047.5
2018-06-21,1070.0,1070.0,1048.0,1058.0
2018-06-22,1050.0,1054.5,1031.5,1036.0
2018-06-25,1037.5,1038.5,1002.5,1008.5
2018-06-26,1003.0,1013.5,1000.5,1002.5
2018-06-27,1005.5,1009.0,999.5,1000.0
2018-06-28,1000.0,1000.0,975.5,976.5
2018-06-29,981.0,1015.0,981.0,1004.5
2018-07-02,1000.0,1009.5,992.0,995.0
2018-07-03,995.0,1005.0,988.0,992.0
2018-07-04,1005.5,1005.5,985.5,985.5
2018-07-05,986.0,997.5,980.0,982.0
2018-07-06,986.5,997.0,980.0,990.5
2018-07-09,990.5,999.5,986.0,989.5
2018-07-10,991.5,1000.0,987.0,988.5
2018-07-11,985.5,987.5,969.0,976.5
2018-07-12,980.0,989.5,975.0,983.0
2018-07-13,990.0,998.5,983.0,992.5
2018-07-16,992.5,992.5,992.5,992.5
2018-07-17,998.0,1004.0,992.5,992.5
2018-07-18,995.5,1009.0,995.5,1002.0
2018-07-19,1002.0,1002.5,1001.0,1001.0
2018-07-20,1001.0,1003.0,997.5,998.5
2018-07-23,998.5,1001.0,994.0,999.5
2018-07-24,1001.5,1001.5,992.5,995.5
2018-07-25,1000.0,1005.5,996.5,1003.0
2018-07-26,1003.0,1021.5,1003.0,1021.5
2018-07-27,1021.5,1035.0,1021.5,1028.5
2018-07-30,1044.5,1046.5,1034.5,1042.0
2018-07-31,1042.0,1042.0,1010.0,1018.5
2018-08-01,1020.5,1020.5,1000.5,1005.0
2018-08-02,1010.5,1025.0,1002.0,1008.0
2018-08-03,1019.0,1028.5,1010.5,1028.5
2018-08-06,1003.5,1020.0,961.0,1010.0
2018-08-07,1000.5,1002.5,977.5,991.5
2018-08-08,1002.5,1010.0,1000.0,1005.5
2018-08-09,1012.5,1025.0,1007.5,1012.5
2018-08-10,1012.0,1013.5,995.0,995.5
2018-08-13,992.5,994.0,965.5,967.0
2018-08-14,967.5,976.0,960.0,968.0
2018-08-15,969.5,969.5,953.0,954.0
2018-08-16,954.5,954.5,929.0,949.0
2018-08-17,951.5,954.5,935.5,936.5
2018-08-20,937.0,946.0,936.5,940.0
2018-08-21,948.0,948.0,933.5,937.5
2018-08-22,967.0,967.0,940.5,958.0
2018-08-23,950.5,962.0,950.0,953.5
2018-08-24,953.5,957.0,937.5,956.0
2018-08-27,946.0,969.5,946.0,963.0
2018-08-28,960.5,985.0,960.5,977.0
2018-08-29,972.0,1000.0,972.0,995.5
2018-08-30,998.0,1059.5,997.5,1041.5
2018-08-31,1059.0,1091.0,1045.0,1071.5
2018-09-03,1071.5,1078.0,1021.5,1021.5
2018-09-04,1022.0,1036.5,996.5,1013.5
2018-09-05,1001.5,1015.0,982.5,1015.0
2018-09-06,1004.5,1004.5,992.0,998.0
2018-09-07,997.5,997.5,970.0,980.0
2018-09-10,981.0,996.0,981.0,993.0
2018-09-11,995.5,1002.5,992.5,1002.0
2018-09-12,992.5,992.5,970.0,972.5
2018-09-13,992.5,998.5,969.5,969.5
2018-09-14,978.0,995.5,978.0,990.0
2018-09-17,990.0,990.0,990.0,990.0
2018-09-18,998.5,1000.5,985.0,996.5
2018-09-19,1016.5,1016.5,994.5,1000.0
2018-09-20,1000.0,1000.0,977.5,996.0
2018-09-21,990.0,996.0,985.0,985.0
2018-09-24,985.0,985.0,985.0,985.0
2018-09-25,985.0,1015.0,978.0,1003.5
2018-09-26,1003.0,1005.0,997.5,1005.0
2018-09-27,996.0,1009.5,987.5,994.0
2018-09-28,994.0,1000.0,987.5,992.5
2018-10-01,1000.5,1000.5,992.5,999.0
2018-10-02,1002.0,1002.0,989.0,990.5
2018-10-03,990.5,1001.0,985.5,995.0
2018-10-04,989.0,999.0,988.5,995.0
2018-10-05,995.0,996.5,987.0,995.5
2018-10-08,995.5,995.5,995.5,995.5
2018-10-09,995.5,995.5,987.5,992.0
2018-10-10,990.0,990.0,963.5,986.0
2018-10-11,930.5,957.0,929.5,952.0
2018-10-12,950.5,957.5,943.5,957.5
2018-10-15,965.0,980.0,945.5,950.0
2018-10-16,950.0,950.0,931.0,937.5
2018-10-17,947.0,952.0,940.0,940.0
2018-10-18,944.5,944.5,935.0,937.5
2018-10-19,932.0,932.0,889.0,912.0
2018-10-22,915.0,918.0,889.5,913.0
2018-10-23,905.0,906.5,887.5,889.0
2018-10-24,891.5,907.5,873.0,907.5
2018-10-25,867.5,878.5,864.0,868.0
2018-10-26,868.0,874.5,837.5,849.5
2018-10-29,852.5,879.5,852.5,853.5
2018-10-30,839.0,860.0,837.5,854.0
2018-10-31,861.0,891.5,861.0,880.5
2018-11-01,881.5,881.5,854.5,862.0
2018-11-02,862.5,880.5,860.5,873.5
2018-11-05,875.5,926.5,871.0,910.5
2018-11-06,878.5,883.5,853.0,854.0
2018-11-07,854.0,879.0,854.0,857.5
2018-11-08,862.5,864.0,858.0,858.0
2018-11-09,858.0,862.0,858.0,859.0
2018-11-12,861.5,865.5,860.0,860.5
2018-11-13,860.5,863.5,860.0,860.0
2018-11-14,859.5,869.5,859.5,860.5
2018-11-15,860.5,865.0,860.0,860.5
2018-11-16,860.0,863.0,860.0,860.0
2018-11-19,861.5,865.5,860.5,861.5
2018-11-20,860.5,869.5,858.5,865.0
2018-11-21,860.5,868.0,860.5,862.5
2018-11-22,870.0,870.0,860.0,861.5
2018-11-23,861.5,861.5,861.5,861.5
2018-11-26,867.5,870.0,856.0,860.5
2018-11-27,867.0,867.0,860.5,866.5
2018-11-28,866.5,870.0,862.5,863.5
2018-11-29,863.5,870.0,862.5,862.5
2018-11-30,860.0,862.5,856.0,862.5
2018-12-03,860.5,877.5,860.0,875.0
2018-12-04,879.5,879.5,838.0,861.0
2018-12-05,841.0,865.0,825.5,857.5
2018-12-06,865.0,866.5,844.0,852.5
2018-12-07,838.0,859.0,838.0,850.0
2018-12-10,849.0,849.5,837.0,842.0
2018-12-11,842.0,905.5,836.5,882.0
2018-12-12,882.0,949.0,876.5,926.0
2018-12-13,933.0,1025.0,931.0,1025.0
2018-12-14,1006.5,1006.5,939.0,991.0
2018-12-17,951.0,988.5,935.5,986.0
2018-12-18,966.0,985.0,956.5,958.0
2018-12-19,938.0,971.5,925.0,943.0
2018-12-20,926.5,940.0,850.5,868.5
2018-12-21,852.0,865.0,795.0,822.5
2018-12-24,822.5,822.5,822.5,822.5
2018-12-25,762.5,795.0,747.0,747.0
2018-12-26,747.5,810.0,747.5,782.5
2018-12-27,784.5,864.0,784.5,861.0
2018-12-28,853.0,858.5,831.0,836.5
2018-12-31,836.5,836.5,836.5,836.5
2019-01-04,833.5,833.5,794.5,825.5
2019-01-07,860.5,894.0,852.0,870.0
2019-01-08,857.0,868.5,832.5,868.5
2019-01-09,855.5,863.0,853.5,856.5
2019-01-10,874.5,897.5,864.0,864.0
2019-01-11,884.0,910.5,851.0,851.5
2019-01-15,889.0,900.5,850.0,878.5
2019-01-16,879.0,897.0,879.0,892.5
2019-01-17,911.0,920.5,899.0,912.5
2019-01-18,912.0,947.0,905.0,940.5
2019-01-21,928.0,968.0,928.0,955.0
2019-01-22,955.5,955.5,921.0,928.0
2019-01-23,930.5,947.5,930.5,932.5
2019-01-24,932.5,932.5,932.5,932.5
2019-01-25,932.5,953.0,932.5,948.0
2019-01-28,948.0,948.0,909.5,923.0
2019-01-29,925.5,925.5,907.5,916.5
2019-01-30,909.5,931.0,909.5,925.0
2019-01-31,922.5,947.5,916.5,935.0
2019-02-01,926.0,930.0,915.0,915.0
2019-02-04,917.0,917.0,895.0,897.0
2019-02-05,897.0,934.0,897.0,934.0
2019-02-06,880.5,904.5,880.5,886.0
2019-02-07,883.0,892.0,872.0,873.5
2019-02-08,870.0,870.0,854.5,862.5
2019-02-12,853.0,853.0,840.0,848.0
2019-02-13,844.0,865.5,844.0,859.0
2019-02-14,857.5,857.5,844.5,844.5
2019-02-15,843.0,857.5,843.0,849.5
2019-02-18,850.0,858.0,838.5,847.5
2019-02-19,836.5,847.0,836.5,838.5
2019-02-20,838.0,838.0,828.0,828.5
2019-02-21,831.0,840.0,815.5,815.5
2019-02-22,822.5,829.5,812.0,829.5
2019-02-25,833.5,851.5,830.0,848.0
2019-02-26,851.0,882.5,851.0,866.0
2019-02-27,851.5,870.0,850.0,855.0
2019-02-28,852.5,867.5,850.5,863.0
2019-03-01,868.5,877.5,863.5,868.5
2019-03-04,875.0,880.5,873.0,873.0
2019-03-05,858.0,863.0,858.0,860.0
2019-03-06,860.0,871.0,855.5,856.0
2019-03-07,855.5,858.5,855.0,855.5
2019-03-08,855.5,855.5,815.5,818.5
2019-03-11,825.5,839.0,825.5,839.0
2019-03-12,830.5,845.0,830.5,845.0
2019-03-13,837.0,863.5,837.0,837.0
2019-03-14,836.0,849.5,830.0,835.5
2019-03-15,838.0,839.5,824.5,830.0
2019-03-18,830.0,835.0,811.5,825.5
2019-03-19,823.5,823.5,806.0,811.0
2019-03-20,823.5,823.5,806.0,810.5
2019-03-22,805.5,814.5,800.5,800.5
2019-03-25,800.5,810.0,791.5,806.5
2019-03-26,798.0,815.0,796.0,797.0
2019-03-27,797.5,806.0,797.5,801.5
2019-03-28,807.5,814.0,805.5,805.5
2019-03-29,807.5,814.0,805.5,808.0
2019-04-01,808.0,808.0,808.0,808.0
2019-04-02,815.0,815.0,803.5,811.0
2019-04-03,808.5,810.0,802.0,809.0
2019-04-04,812.5,815.5,804.0,804.0
2019-04-05,820.0,822.5,817.0,817.5
2019-04-08,824.5,824.5,824.0,824.0
2019-04-09,824.5,824.5,824.0,824.0
2019-04-10,832.0,832.0,825.0,827.0
2019-04-11,822.0,825.0,822.0,822.5
2019-04-12,833.0,833.0,815.0,815.0
2019-04-15,824.5,824.5,795.0,805.0
2019-04-16,810.0,810.0,799.5,802.0
2019-04-17,802.0,826.5,800.0,812.0
2019-04-18,819.5,820.0,811.0,811.0
2019-04-19,806.5,806.5,802.0,803.5
2019-04-22,820.5,820.5,803.5,803.5
2019-04-23,803.5,803.5,795.5,797.5
2019-04-24,796.0,800.0,793.0,793.5
2019-04-25,793.5,793.5,777.0,783.0
2019-04-26,783.0,793.5,783.0,786.5
2019-05-07,791.5,791.5,784.5,784.5
2019-05-08,809.5,809.5,785.0,788.5
2019-05-09,806.0,806.0,786.5,795.0
2019-05-10,802.5,803.5,798.0,798.0
2019-05-13,790.0,803.0,781.0,800.0
2019-05-14,775.5,791.0,754.5,755.0
2019-05-15,758.0,775.0,755.5,755.5
2019-05-16,795.5,795.5,757.5,760.5
2019-05-17,765.0,777.0,765.0,770.0
2019-05-20,775.0,777.5,770.0,770.5
2019-05-21,770.5,787.5,764.5,776.0
2019-05-22,778.0,782.5,776.5,780.0
2019-05-23,786.5,789.5,777.5,782.5
2019-05-24,782.5,782.5,771.5,776.5
2019-05-27,780.0,783.0,772.5,772.5
2019-05-28,775.0,778.0,772.5,774.0
2019-05-29,774.0,780.0,737.5,740.0
2019-05-30,750.0,753.0,745.0,750.0
2019-05-31,750.0,753.5,744.5,752.5
2019-06-03,745.0,750.5,726.0,726.5
2019-06-04,730.0,734.5,730.0,730.0
2019-06-05,738.5,747.5,730.0,730.5
2019-06-06,745.5,745.5,733.0,733.0
2019-06-07,735.5,743.5,735.0,735.0
2019-06-10,759.5,759.5,737.5,747.0
2019-06-11,748.0,764.5,748.0,757.0
2019-06-12,757.5,761.0,757.5,757.5
2019-06-13,760.0,760.0,745.5,754.0
2019-06-14,748.0,753.0,743.0,745.5
2019-06-17,750.0,756.0,746.0,751.5
2019-06-18,748.0,754.5,745.0,745.0
2019-06-19,745.0,750.5,739.0,746.5
2019-06-20,754.5,756.0,752.0,753.0
2019-06-21,754.0,768.5,754.0,766.5
2019-06-24,767.0,788.0,767.0,784.0
2019-06-25,784.0,785.5,770.5,771.5
2019-06-26,784.5,784.5,781.5,781.5
2019-06-27,785.0,797.5,774.5,794.0
2019-06-28,799.5,799.5,792.5,792.5
2019-07-01,800.0,824.0,800.0,822.5
2019-07-02,824.5,824.5,817.5,819.0
2019-07-03,819.0,820.0,819.0,820.0
2019-07-04,820.5,833.0,819.5,833.0
2019-07-05,832.5,832.5,820.0,820.0
2019-07-08,820.5,820.5,820.0,820.0
2019-07-09,822.5,827.0,816.5,827.0
2019-07-10,828.0,830.0,826.0,830.0
2019-07-11,830.0,830.0,821.0,825.5
2019-07-12,824.5,824.5,819.5,819.5
2019-07-16,820.5,825.5,814.0,820.5
2019-07-17,816.0,819.5,810.5,810.5
2019-07-18,805.0,815.0,802.5,805.0
2019-07-19,806.0,816.0,806.0,809.5
2019-07-22,809.5,815.0,809.5,813.5
2019-07-23,812.0,818.5,810.0,810.0
2019-07-24,811.0,813.0,811.0,813.0
2019-07-25,819.0,821.0,809.0,810.0
2019-07-26,810.0,818.5,810.0,813.5
2019-07-29,816.0,817.0,811.5,815.0
2019-07-30,817.0,817.5,814.5,815.5
2019-07-31,815.5,815.5,810.0,814.5
2019-08-01,812.5,812.5,806.0,806.5
2019-08-02,791.0,804.5,750.0,761.0
2019-08-05,768.5,768.5,731.5,749.5
2019-08-06,675.5,720.0,675.5,717.5
2019-08-07,702.5,732.0,702.5,725.0
2019-08-08,710.5,716.0,710.5,715.5
2019-08-09,715.5,717.5,715.5,717.5
2019-08-13,715.5,717.5,681.0,694.5
2019-08-14,694.5,700.5,685.5,685.5
2019-08-15,681.5,684.0,675.0,682.0
2019-08-16,681.0,686.0,678.5,684.0
2019-08-19,696.0,696.0,688.5,695.0
2019-08-20,699.5,707.0,699.0,707.0
2019-08-21,700.0,702.5,692.5,695.0
2019-08-22,695.0,695.0,691.5,691.5
2019-08-23,691.5,695.5,675.0,675.0
2019-08-26,677.5,677.5,641.5,651.0
2019-08-27,653.0,659.0,640.0,640.5
2019-08-28,643.0,649.5,629.5,629.5
2019-08-29,624.0,634.0,620.0,620.5
2019-08-30,623.5,626.5,620.0,620.5
2019-09-02,620.5,628.5,617.5,618.0
2019-09-03,618.0,618.0,603.5,605.0
2019-09-04,618.0,634.0,609.0,611.0
2019-09-05,611.5,618.0,610.0,610.0
2019-09-06,609.5,615.5,606.5,606.5
2019-09-09,609.5,609.5,603.0,603.0
2019-09-10,605.5,608.0,603.5,604.0
2019-09-11,604.5,606.0,603.5,604.5
2019-09-12,606.0,610.0,604.5,606.0
2019-09-13,607.5,614.5,607.0,608.0
2019-09-17,609.0,625.0,606.0,617.0
2019-09-18,623.5,624.5,611.0,614.0
2019-09-19,615.0,620.5,609.5,613.5
2019-09-20,614.0,623.0,613.5,623.0
2019-09-24,629.5,640.5,628.5,635.0
2019-09-25,644.5,650.0,637.0,644.5
2019-09-26,646.0,650.0,630.0,634.5
2019-09-27,634.5,634.5,620.5,621.0
2019-09-30,621.5,622.0,602.5,604.0
2019-10-01,605.0,613.0,605.0,606.5
2019-10-02,605.5,608.5,604.0,605.0
2019-10-03,604.0,604.0,598.0,599.0
2019-10-04,599.0,600.5,598.0,598.0
2019-10-07,599.0,602.5,598.5,600.0
2019-10-08,599.0,602.5,598.0,601.0
2019-10-09,601.0,601.0,598.0,599.5
2019-10-10,599.0,600.0,596.5,597.5
2019-10-11,599.0,600.5,593.5,599.5
2019-10-15,600.5,609.5,596.5,608.5
2019-10-16,612.0,614.5,607.0,607.0
2019-10-17,612.0,616.0,611.5,615.5
2019-10-18,615.5,618.0,610.0,611.0
2019-10-21,612.5,612.5,601.5,605.5
2019-10-23,613.5,614.0,606.5,607.5
2019-10-24,607.5,610.0,606.5,610.0
2019-10-25,610.0,610.5,605.5,609.5
2019-10-28,611.5,625.5,611.5,624.5
2019-10-29,624.5,625.5,619.5,622.5
2019-10-30,619.0,621.0,612.5,614.0
2019-10-31,613.0,620.5,613.0,616.0
2019-11-01,614.0,617.0,612.5,614.0
2019-11-05,616.0,642.0,616.0,630.0
2019-11-06,644.5,645.0,632.5,645.0
2019-11-07,650.0,659.0,645.0,651.5
2019-11-08,658.0,670.0,657.0,667.5
2019-11-11,679.0,679.0,669.0,673.0
2019-11-12,672.5,672.5,656.5,657.5
2019-11-13,655.0,668.0,646.0,646.0
2019-11-14,647.0,648.5,632.0,632.0
2019-11-15,633.0,638.5,631.0,637.5
2019-11-18,650.0,655.0,645.5,653.5
2019-11-19,654.0,670.0,651.5,651.5
2019-11-20,656.5,656.5,646.5,646.5
2019-11-21,645.0,662.0,635.0,662.0
2019-11-22,662.0,662.0,654.0,659.5
2019-11-25,669.5,689.5,665.5,681.5
2019-11-26,681.5,690.0,671.5,671.5
2019-11-27,682.5,693.0,677.5,679.5
2019-11-28,686.5,698.5,682.0,697.5
2019-11-29,695.0,724.5,695.0,713.0
2019-12-02,725.0,725.0,712.0,724.5
2019-12-03,724.5,731.5,715.0,729.5
2019-12-04,715.0,735.0,715.0,734.0
2019-12-05,734.0,736.0,722.5,725.5
2019-12-06,725.5,731.0,706.0,706.5
2019-12-09,725.0,739.5,724.0,734.0
2019-12-10,734.5,743.0,734.5,739.5
2019-12-11,742.5,773.5,742.5,754.0
2019-12-12,750.0,751.0,734.0,741.0
2019-12-13,741.5,745.0,720.0,722.0
2019-12-16,730.5,730.5,710.0,722.0
2019-12-17,729.0,729.0,713.0,716.0
2019-12-18,716.0,723.0,711.0,711.0
2019-12-19,711.0,723.0,711.0,722.5
2019-12-20,725.0,729.0,711.5,711.5
2019-12-23,711.5,718.0,705.5,706.0
2019-12-24,703.5,705.5,687.5,690.0
2019-12-25,690.0,690.5,683.5,683.5
2019-12-26,685.0,699.5,685.0,693.5
2019-12-27,696.5,707.0,695.0,704.5
2019-12-30,706.5,712.0,700.5,711.0
2020-01-06,696.5,697.5,686.5,695.5
2020-01-07,690.5,715.5,690.5,706.0
2020-01-08,710.0,710.0,685.0,693.5
2020-01-09,697.5,703.0,691.0,694.0
2020-01-10,696.5,706.0,696.5,702.5
2020-01-14,702.5,707.0,692.0,702.0
2020-01-15,695.5,702.0,695.0,701.5
2020-01-16,704.0,704.0,695.0,695.5
2020-01-17,704.5,704.5,692.5,692.5
2020-01-20,700.5,700.5,686.0,691.0
2020-01-21,689.5,698.5,689.5,698.5
2020-01-22,696.5,697.5,688.0,697.0
2020-01-23,697.0,698.5,687.0,693.5
2020-01-24,693.5,693.5,677.5,685.0
2020-01-27,675.5,675.5,664.5,670.0
2020-01-28,660.0,662.5,653.0,657.5
2020-01-29,657.5,666.5,657.5,661.0
2020-01-30,664.0,664.0,626.0,631.0
2020-01-31,638.5,650.5,638.5,650.5
2020-02-03,635.5,642.0,625.5,635.5
2020-02-04,635.5,642.0,635.0,638.5
2020-02-05,635.0,648.5,635.0,641.5
2020-02-06,666.0,671.5,663.0,666.5
2020-02-07,666.5,666.5,655.5,663.5
2020-02-10,662.5,662.5,649.0,655.5
2020-02-12,662.0,663.5,651.5,654.5
2020-02-13,660.0,660.0,650.5,652.5
2020-02-14,653.0,655.0,650.0,655.0
2020-02-17,648.5,648.5,638.0,638.5
2020-02-18,639.0,640.5,630.0,630.5
2020-02-19,634.0,637.5,630.5,630.5
2020-02-20,642.0,642.5,630.5,630.5
2020-02-21,632.5,643.0,632.5,632.5
2020-02-25,625.0,629.0,616.5,625.0
2020-02-26,625.0,627.5,621.0,626.0
2020-02-27,626.0,626.5,610.0,611.5
2020-02-28,595.0,609.5,575.5,575.5
2020-03-02,575.5,621.5,575.5,609.5
2020-03-03,612.5,618.5,584.5,593.5
2020-03-04,585.0,597.5,585.0,596.0
2020-03-05,605.0,610.5,590.5,591.0
2020-03-06,590.5,592.0,583.0,590.5
2020-03-09,581.0,582.0,565.5,565.5
2020-03-10,541.0,574.0,531.0,538.0
2020-03-11,547.0,552.5,540.0,552.5
2020-03-12,525.0,542.5,524.0,528.5
2020-03-13,504.0,511.5,486.5,489.0
2020-03-16,491.0,510.5,491.0,500.0
2020-03-17,490.0,509.5,480.0,503.5
2020-03-18,504.0,514.0,497.5,505.0
2020-03-19,501.0,501.0,482.5,487.5
2020-03-23,483.0,487.5,479.5,481.0
2020-03-24,485.5,499.5,485.0,497.0
2020-03-25,530.5,530.5,506.0,522.5
2020-03-26,522.5,526.0,510.5,523.0
2020-03-27,523.5,541.0,523.5,538.5
2020-03-30,497.5,502.5,486.5,491.0
2020-03-31,500.0,503.5,490.0,497.0
2020-04-01,490.0,496.5,485.5,495.5
2020-04-02,488.5,494.5,485.0,485.0
2020-04-03,485.0,493.0,477.5,477.5
2020-04-06,476.5,488.0,476.5,487.5
2020-04-07,489.5,497.5,489.5,495.0
2020-04-08,495.0,501.0,495.0,501.0
2020-04-09,502.5,506.5,500.0,500.5
2020-04-10,497.5,504.0,494.0,502.0
2020-04-13,504.5,504.5,495.5,499.5
2020-04-14,502.0,503.0,498.5,503.0
2020-04-15,556.0,567.5,541.5,541.5
2020-04-16,538.5,538.5,521.0,532.0
2020-04-17,531.0,540.0,522.5,536.0
2020-04-20,550.0,550.0,530.0,536.0
2020-04-21,525.5,530.0,520.0,520.0
2020-04-22,512.0,512.0,500.0,502.0
2020-04-23,512.5,512.5,505.0,506.5
2020-04-24,512.0,521.0,507.5,514.0
2020-04-27,515.5,534.0,515.5,533.5
2020-04-28,533.5,550.0,533.5,545.5
2020-04-30,554.5,554.5,546.0,546.0
2020-05-01,541.5,550.0,540.0,540.0
2020-05-07,540.0,551.0,540.0,545.0
2020-05-08,554.0,555.5,548.5,552.0
2020-05-11,563.5,572.0,545.0,564.0
2020-05-12,564.0,572.5,560.5,572.5
2020-05-13,570.5,592.5,560.5,580.5
2020-05-14,575.5,577.0,556.5,563.0
2020-05-15,568.0,570.0,540.0,542.5
2020-05-18,544.0,558.5,544.0,558.5
2020-05-19,567.5,567.5,556.5,556.5
2020-05-20,564.0,580.0,561.5,579.5
2020-05-21,584.5,584.5,557.5,572.5
2020-05-22,582.0,582.0,551.5,552.0
2020-05-25,556.0,585.0,556.0,574.0
2020-05-26,586.5,586.5,570.0,579.0
2020-05-27,580.0,586.5,567.5,580.5
2020-05-28,595.5,601.5,579.5,580.0
2020-05-29,588.0,588.0,568.0,572.5
2020-06-01,585.0,585.0,573.5,573.5
2020-06-02,576.5,583.0,572.0,575.5
2020-06-03,584.5,584.5,575.0,580.5
2020-06-04,584.0,584.0,565.0,579.5
2020-06-05,580.0,584.5,580.0,581.5
2020-06-08,586.0,592.0,582.5,586.0
2020-06-09,586.0,591.0,580.0,583.0
2020-06-10,583.0,586.0,580.0,585.5
2020-06-11,583.0,583.0,566.5,566.5
2020-06-12,543.0,554.5,540.5,553.5
2020-06-15,554.5,560.0,545.0,545.0
2020-06-16,555.5,571.0,555.0,571.0
2020-06-17,612.0,619.5,606.0,606.5
2020-06-18,616.0,619.0,598.5,610.0
2020-06-19,613.0,622.0,610.0,621.0
2020-06-22,621.0,627.0,615.0,619.5
2020-06-23,626.5,628.0,615.5,619.5
2020-06-24,619.5,619.5,609.0,610.5
2020-06-25,610.5,613.0,598.0,599.5
2020-06-26,600.5,603.0,595.5,595.5
2020-06-29,595.0,612.0,587.5,604.0
2020-06-30,610.5,618.0,609.5,617.0
2020-07-01,617.0,617.0,603.5,603.5
2020-07-02,610.0,610.0,593.5,601.0
2020-07-03,600.0,619.0,599.5,619.0
2020-07-06,604.0,615.0,598.0,600.0
2020-07-07,600.5,605.0,600.5,604.5
2020-07-08,601.0,610.0,601.0,610.0
2020-07-09,609.0,611.5,609.0,609.5
2020-07-10,607.0,608.5,598.5,598.5
2020-07-13,596.0,612.5,596.0,605.0
2020-07-14,605.0,610.0,599.5,604.0
2020-07-15,609.5,611.0,600.5,605.0
2020-07-16,611.0,611.0,600.5,600.5
2020-07-17,600.5,600.5,590.5,590.5
2020-07-20,591.5,599.0,590.5,591.5
2020-07-21,592.0,603.5,592.0,603.5
2020-07-22,603.5,603.5,596.0,598.5
2020-07-27,598.5,598.5,588.0,591.5
2020-07-28,587.5,595.0,587.0,589.0
2020-07-29,589.0,600.5,582.5,594.5
2020-07-30,594.5,596.5,590.0,590.0
2020-07-31,590.0,591.0,577.5,577.5
2020-08-03,584.0,597.0,577.0,596.5
2020-08-04,596.0,601.5,590.5,600.0
2020-08-05,603.5,609.5,593.0,602.0
2020-08-06,647.0,647.0,628.5,639.0
2020-08-07,634.0,647.0,634.0,643.0
2020-08-11,657.0,660.5,650.0,660.5
2020-08-12,660.5,660.5,647.0,655.0
2020-08-13,662.0,662.5,651.5,662.5
2020-08-14,666.5,673.5,660.0,672.5
2020-08-17,672.5,672.5,657.0,660.0
2020-08-18,662.0,662.0,645.0,661.5
2020-08-19,662.0,672.0,660.0,660.5
2020-08-20,665.5,666.0,650.5,664.0
2020-08-21,669.5,670.5,656.5,670.0
2020-08-24,680.0,680.0,660.0,665.0
2020-08-25,665.0,675.0,665.0,666.5
2020-08-26,674.0,675.0,669.0,675.0
2020-08-27,675.0,678.5,669.5,673.5
2020-08-28,674.0,677.0,665.0,665.0
2020-08-31,664.5,675.0,664.5,669.0
2020-09-01,672.0,672.0,661.5,662.5
2020-09-02,662.5,671.5,662.5,663.5
2020-09-03,663.5,673.0,660.0,660.0
2020-09-04,651.5,666.5,650.5,660.0
2020-09-07,660.0,672.5,660.0,671.5
2020-09-08,674.0,684.5,671.5,675.0
2020-09-09,672.0,694.5,671.5,691.5
2020-09-10,706.5,713.5,701.5,710.0
2020-09-11,710.0,725.0,706.5,725.0
2020-09-14,732.5,739.0,714.0,731.5
2020-09-15,731.0,731.5,710.5,731.5
2020-09-16,725.0,733.0,713.0,722.0
2020-09-17,722.0,733.0,711.0,732.5
2020-09-18,735.0,745.0,733.0,740.0
2020-09-23,739.5,741.5,725.5,725.5
2020-09-24,722.0,740.5,705.5,725.0
2020-09-25,725.0,740.0,710.0,740.0
2020-09-28,745.0,745.0,732.5,736.5
2020-09-29,736.5,745.0,730.0,739.0
2020-09-30,732.5,764.5,732.5,749.5
2020-10-02,745.5,746.0,727.5,733.0
2020-10-05,748.0,759.5,745.5,758.0
2020-10-06,763.0,770.5,755.5,768.5
2020-10-07,770.0,793.0,767.5,793.0
2020-10-08,792.5,792.5,780.0,783.5
2020-10-09,776.5,782.5,763.0,768.0
2020-10-12,769.5,774.5,755.0,770.5
2020-10-13,764.0,780.0,760.0,774.0
2020-10-14,770.5,777.5,765.0,770.0
2020-10-15,766.0,775.0,763.0,763.0
2020-10-16,751.5,760.0,725.0,725.0
2020-10-19,713.0,740.5,709.0,725.0
2020-10-20,736.0,740.5,725.0,725.0
2020-10-21,730.0,743.5,727.5,728.0
2020-10-22,728.0,738.0,727.0,733.0
2020-10-23,734.0,737.0,729.0,736.5
2020-10-26,745.0,755.0,732.5,748.5
2020-10-27,742.5,745.0,725.0,738.5
2020-10-28,736.0,766.0,735.0,738.0
2020-10-29,723.0,738.5,721.5,738.5
2020-10-30,739.5,739.5,704.0,704.0
2020-11-02,705.5,711.0,694.0,700.0
2020-11-04,715.0,720.0,706.5,711.0
2020-11-05,711.0,738.0,711.0,735.0
2020-11-06,885.0,885.0,850.5,885.0
2020-11-09,900.0,910.0,868.5,890.0
2020-11-10,880.5,885.0,818.5,821.5
2020-11-11,809.0,843.0,800.5,838.5
2020-11-12,826.5,883.5,826.5,883.5
2020-11-13,868.0,875.0,839.0,860.5
2020-11-16,870.0,870.0,855.0,869.0
2020-11-17,869.0,869.0,846.0,851.0
2020-11-18,850.0,862.5,845.5,845.5
2020-11-19,844.0,851.5,837.0,851.5
2020-11-20,851.5,851.5,835.5,836.0
2020-11-24,865.0,878.0,859.0,870.0
2020-11-25,870.0,871.5,850.0,856.0
2020-11-26,857.0,910.0,857.0,910.0
2020-11-27,930.0,930.0,897.5,909.5
2020-11-30,910.0,911.5,875.5,880.5
2020-12-01,880.0,897.5,875.5,887.0
2020-12-02,880.5,894.0,880.5,886.0
2020-12-03,887.5,904.5,887.5,890.0
2020-12-04,892.5,895.0,882.5,882.5
2020-12-07,902.5,913.5,885.0,888.0
2020-12-08,888.0,959.5,885.5,959.5
2020-12-09,950.0,967.0,937.0,939.5
2020-12-10,940.0,952.0,925.0,925.0
2020-12-11,929.5,944.0,916.0,919.5
2020-12-14,902.0,933.0,902.0,907.5
2020-12-15,910.0,920.0,910.0,913.5
2020-12-16,926.5,927.5,905.5,917.5
2020-12-17,917.5,918.5,890.0,900.5
2020-12-18,900.5,909.5,880.5,885.0
2020-12-21,878.0,881.0,860.0,865.0
2020-12-22,860.0,862.0,840.0,847.5
2020-12-23,856.5,866.0,851.0,862.5
2020-12-24,865.5,890.0,865.5,888.0
2020-12-25,883.5,903.5,883.5,902.0
2020-12-28,902.0,920.5,899.0,909.0
2020-12-29,909.0,966.5,909.0,965.5
2020-12-30,955.5,980.5,936.5,977.5
2021-01-04,994.0,995.0,945.5,975.0
2021-01-05,965.5,994.5,957.0,970.0
2021-01-06,969.0,982.0,939.5,942.5
2021-01-07,950.0,1002.5,950.0,1002.0
2021-01-08,1005.0,1035.0,1000.0,1015.0
2021-01-12,1014.0,1014.0,981.0,1000.0
2021-01-13,1014.5,1072.0,1000.5,1060.0
2021-01-14,1059.0,1059.0,1010.5,1016.5
2021-01-15,1015.5,1026.5,997.5,1013.0
2021-01-18,1000.0,1024.0,990.0,1014.5
2021-01-19,1007.0,1014.0,991.0,991.0
2021-01-20,994.5,1046.5,994.5,1045.0
2021-01-21,1070.0,1087.5,1062.0,1085.0
2021-01-22,1075.0,1080.0,1059.0,1063.0
2021-01-25,1063.0,1072.5,1030.5,1033.0
2021-01-26,1032.5,1032.5,1013.0,1015.0
2021-01-27,1024.5,1024.5,1002.0,1008.5
2021-01-28,983.5,1005.5,980.0,995.0
2021-01-29,992.0,994.5,940.0,946.5
2021-02-01,926.5,959.5,926.0,943.5
2021-02-02,949.5,963.0,941.0,961.0
2021-02-03,966.0,1007.0,961.0,1007.0
2021-02-04,988.5,1007.5,984.5,1000.5
2021-02-05,1021.5,1023.0,1003.0,1022.5
2021-02-08,1200.5,1272.5,1177.5,1272.5
2021-02-09,1222.5,1245.0,1166.5,1184.5
2021-02-10,1181.5,1230.0,1170.0,1219.0
2021-02-12,1208.0,1223.0,1190.0,1205.0
2021-02-15,1221.0,1221.0,1190.0,1205.5
2021-02-16,1203.0,1203.0,1167.0,1170.5
2021-02-17,1166.0,1179.0,1158.0,1158.0
2021-02-18,1158.5,1165.0,1121.5,1137.5
2021-02-19,1115.0,1147.0,1115.0,1138.0
2021-02-22,1156.5,1162.0,1141.0,1145.0
2021-02-24,1149.5,1149.5,1110.5,1110.5
2021-02-25,1125.0,1132.5,1112.5,1116.0
2021-02-26,1100.0,1106.0,1075.0,1081.5
2021-03-01,1075.0,1116.0,1065.0,1116.0
2021-03-02,1125.0,1142.5,1099.5,1121.0
2021-03-03,1116.5,1134.5,1097.0,1134.5
2021-03-04,1127.5,1127.5,1080.5,1116.5
2021-03-05,1118.5,1130.0,1090.5,1123.5
2021-03-08,1148.5,1148.5,1105.5,1114.0
2021-03-09,1139.0,1140.5,1126.0,1129.5
2021-03-10,1133.0,1163.5,1133.0,1160.5
2021-03-11,1162.5,1179.5,1156.0,1166.5
2021-03-12,1184.0,1189.5,1168.0,1189.5
2021-03-15,1190.5,1191.0,1175.0,1185.5
2021-03-16,1181.5,1187.5,1167.5,1182.0
2021-03-17,1172.5,1188.5,1165.0,1188.5
2021-03-18,1190.0,1194.0,1175.0,1181.0
2021-03-19,1165.0,1165.0,1114.0,1136.0
2021-03-22,1125.0,1143.5,1113.0,1133.5
2021-03-23,1135.0,1142.0,1130.5,1135.0
2021-03-24,1125.0,1125.0,1092.5,1099.5
2021-03-25,1104.5,1119.5,1100.0,1111.0
2021-03-26,1121.0,1140.0,1111.0,1125.0
2021-03-29,1132.0,1138.0,1121.0,1126.0
2021-03-30,1102.5,1107.5,1090.0,1102.5
2021-03-31,1090.0,1107.5,1082.0,1092.5
2021-04-01,1093.5,1101.5,1087.5,1096.0
2021-04-02,1107.5,1110.0,1092.5,1098.0
2021-04-05,1100.0,1127.5,1098.0,1111.0
2021-04-06,1121.0,1121.0,1101.0,1116.0
2021-04-07,1107.0,1121.0,1106.5,1115.5
2021-04-08,1122.0,1122.0,1109.5,1113.0
2021-04-09,1105.5,1108.0,1091.5,1096.5
2021-04-12,1096.5,1096.5,1060.5,1072.5
2021-04-13,1053.0,1074.0,1047.5,1068.0
2021-04-14,1068.0,1068.0,1026.0,1040.0
2021-04-15,1035.0,1064.0,1035.0,1059.0
2021-04-16,1059.0,1062.0,1053.5,1056.0
2021-04-19,1059.0,1070.0,1055.0,1062.5
2021-04-20,1055.0,1059.5,1040.0,1055.0
2021-04-21,1033.5,1038.0,1015.0,1022.0
2021-04-22,1045.5,1049.0,1030.0,1037.5
2021-04-23,1037.0,1044.5,1032.5,1036.0
2021-04-26,1040.0,1049.0,1034.0,1048.5
2021-04-27,1046.5,1046.5,1035.0,1037.0
2021-04-28,1025.0,1040.0,1020.5,1031.5
2021-04-30,1035.0,1042.5,1026.5,1042.5
2021-05-06,1030.0,1048.5,1030.0,1033.0
2021-05-07,1035.0,1057.0,1033.5,1041.0
2021-05-10,1045.0,1047.5,1035.0,1040.5
2021-05-11,1035.0,1043.0,1032.5,1035.5
2021-05-12,1027.0,1030.5,985.5,1007.5
2021-05-13,1004.5,1022.5,985.0,992.0
2021-05-14,1001.5,1028.5,998.5,1024.5
2021-05-17,979.5,987.0,936.5,948.0
2021-05-18,965.0,1021.5,958.0,1017.5
2021-05-19,1010.0,1019.5,995.0,1002.0
2021-05-20,994.0,1000.5,970.5,973.0
2021-05-21,989.5,989.5,970.0,975.0
2021-05-24,975.0,981.5,974.5,976.0
2021-05-25,980.0,989.0,980.0,986.0
2021-05-26,988.0,988.0,971.5,974.5
2021-05-27,974.5,974.5,946.0,948.0
2021-05-28,950.0,963.0,947.5,959.0
2021-05-31,964.5,964.5,949.0,949.5
2021-06-01,945.5,962.5,945.5,955.0
2021-06-02,955.0,956.5,950.0,952.5
2021-06-03,960.0,964.0,948.5,953.0
2021-06-04,953.0,957.5,948.5,955.5
2021-06-07,958.0,971.5,950.0,955.0
2021-06-08,960.0,1003.0,960.0,995.0
2021-06-09,995.0,1009.5,994.0,1003.0
2021-06-10,1003.0,1011.0,981.5,1008.0
2021-06-11,1008.0,1008.0,991.5,995.0
2021-06-14,995.0,1005.5,976.5,997.5
2021-06-15,997.5,1002.0,987.5,997.5
2021-06-16,995.0,1021.0,990.0,1017.5
2021-06-17,1009.0,1020.0,1005.5,1013.5
2021-06-18,1011.5,1011.5,995.0,995.0
2021-06-21,978.5,986.0,962.0,965.5
2021-06-22,971.0,994.5,971.0,979.5
2021-06-23,973.0,978.0,956.5,974.0
2021-06-24,975.0,989.5,970.5,981.0
2021-06-25,981.0,1002.5,981.0,997.5
2021-06-28,998.0,1009.5,989.5,996.5
2021-06-29,991.0,994.5,979.0,990.5
2021-06-30,990.5,1008.5,982.0,994.0
2021-07-01,994.0,997.5,979.0,985.5
2021-07-02,990.0,995.5,981.0,995.5
2021-07-05,995.5,999.0,981.5,991.0
2021-07-06,990.5,1004.0,977.5,991.5
2021-07-07,991.5,995.5,986.0,992.0
2021-07-08,1000.0,1032.5,979.5,985.0
2021-07-09,975.0,975.0,958.0,967.5
2021-07-12,975.5,985.5,970.0,976.5
2021-07-13,988.0,988.0,972.0,980.0
2021-07-14,980.0,985.0,969.5,978.0
2021-07-15,975.0,975.0,960.5,965.5
2021-07-16,963.0,975.0,963.0,971.0
2021-07-19,969.5,975.5,948.0,955.5
2021-07-20,958.0,962.0,947.5,956.5
2021-07-21,956.5,976.5,956.5,973.5
2021-07-26,978.5,1006.5,978.5,1006.0
2021-07-27,1014.5,1023.0,1002.0,1002.5
2021-07-28,1002.5,1007.0,981.0,991.0
2021-07-29,991.0,1001.5,990.5,990.5
2021-07-30,995.0,995.0,979.5,982.5
2021-08-02,986.0,999.0,986.0,990.0
2021-08-03,990.0,1010.0,985.5,1010.0
2021-08-04,1015.0,1015.0,1001.5,1014.0
2021-08-05,1024.0,1089.0,1024.0,1075.0
2021-08-06,1050.0,1069.0,1034.5,1050.0
2021-08-10,1058.0,1058.0,1035.5,1035.5
2021-08-11,1036.5,1070.0,1036.5,1061.5
2021-08-12,1054.0,1066.0,1052.5,1063.0
2021-08-13,1057.0,1073.5,1056.5,1063.0
2021-08-16,1070.5,1070.5,1049.5,1058.0
2021-08-17,1051.0,1054.0,1040.0,1040.0
2021-08-18,1036.0,1036.0,1024.0,1030.0
2021-08-19,1030.0,1030.0,1017.0,1026.0
2021-08-20,1028.5,1028.5,1000.0,1004.0
2021-08-23,1009.5,1027.5,1007.5,1015.0
2021-08-24,1015.5,1027.0,1012.0,1019.0
2021-08-25,1019.0,1030.0,1015.5,1018.5
2021-08-26,1031.0,1040.0,1017.5,1039.5
2021-08-27,1031.0,1046.5,1024.0,1034.5
2021-08-30,1040.0,1056.0,1035.5,1035.5
2021-08-31,1048.5,1055.0,1042.5,1053.0
2021-09-01,1057.0,1069.5,1052.5,1061.0
2021-09-02,1054.5,1055.5,1040.0,1050.0
2021-09-03,1050.5,1056.0,1010.0,1046.0
2021-09-06,1057.5,1057.5,1049.0,1053.5
2021-09-07,1055.5,1055.5,1047.0,1053.0
2021-09-08,1055.0,1058.0,1050.0,1054.0
2021-09-09,1053.5,1059.0,1045.0,1059.0
2021-09-10,1056.5,1072.5,1052.0,1072.5
2021-09-13,1072.5,1081.0,1065.0,1076.0
2021-09-14,1081.0,1089.5,1070.0,1080.0
2021-09-15,1070.0,1079.0,1064.5,1070.0
2021-09-16,1084.5,1084.5,1065.5,1083.0
2021-09-17,1080.0,1081.5,1068.0,1073.5
2021-09-21,1040.0,1064.0,1037.5,1061.0
2021-09-22,1061.5,1073.0,1045.0,1065.0
2021-09-24,1065.0,1099.0,1065.0,1097.5
2021-09-27,1097.5,1101.5,1083.0,1093.0
2021-09-28,1093.5,1104.5,1063.5,1092.5
2021-09-29,1091.5,1112.5,1070.0,1111.0
2021-09-30,1111.0,1124.5,1092.5,1122.5
2021-10-01,1106.5,1121.0,1074.0,1090.5
2021-10-04,1105.0,1117.0,1050.0,1067.0
2021-10-05,1050.0,1085.0,1037.5,1078.0
2021-10-06,1103.0,1125.0,1063.5,1078.0
2021-10-07,1078.0,1088.0,1060.0,1071.5
2021-10-08,1066.5,1098.0,1066.5,1085.5
2021-10-11,1094.0,1113.0,1071.0,1094.5
2021-10-12,1086.0,1096.5,1074.5,1084.5
2021-10-13,1074.0,1074.0,1050.5,1057.5
2021-10-14,1080.0,1080.0,1057.5,1058.0
2021-10-15,1069.0,1069.0,1053.5,1057.0
2021-10-18,1057.5,1063.5,1054.0,1054.0
2021-10-19,1058.5,1062.0,1053.5,1062.0
2021-10-20,1063.5,1081.5,1055.5,1059.0
2021-10-21,1054.0,1057.0,1046.0,1047.0
2021-10-22,1058.5,1065.5,1052.0,1065.5
2021-10-25,1065.5,1078.0,1053.0,1068.5
2021-10-26,1068.5,1074.5,1061.5,1074.5
2021-10-27,1074.5,1074.5,1047.5,1047.5
2021-10-28,1041.5,1050.0,1039.0,1041.5
2021-10-29,811.5,895.0,809.0,885.0
2021-11-01,885.0,906.5,880.5,900.0
2021-11-02,904.5,906.5,897.5,903.0
2021-11-04,900.0,935.0,897.0,919.5
2021-11-05,919.5,931.5,899.5,915.0
2021-11-08,928.5,933.5,917.5,921.5
2021-11-09,922.0,930.0,900.0,904.5
2021-11-10,906.0,927.0,906.0,921.5
2021-11-11,921.5,921.5,880.0,884.5
2021-11-12,890.0,904.5,890.0,895.0
2021-11-15,915.0,915.0,892.5,903.5
2021-11-16,907.5,914.5,890.5,914.5
2021-11-17,914.5,914.5,865.5,873.5
2021-11-18,893.5,899.5,876.0,889.5
2021-11-19,876.5,890.0,874.5,875.5
2021-11-22,882.5,895.0,882.5,890.0
2021-11-24,890.0,890.0,882.5,890.0
2021-11-25,890.0,896.0,877.5,877.5
2021-11-26,878.0,878.0,851.0,863.5
2021-11-29,843.5,874.5,843.5,850.0
2021-11-30,870.0,872.5,813.0,813.0
2021-12-01,825.0,844.5,823.5,844.5
2021-12-02,842.5,845.0,826.5,843.0
2021-12-03,844.0,862.0,844.0,857.0
2021-12-06,850.0,868.0,848.0,867.5
2021-12-07,847.5,862.5,837.5,851.5
2021-12-08,852.5,859.5,841.0,849.5
2021-12-09,840.0,849.5,839.0,846.0
2021-12-10,846.0,855.0,836.5,849.5
2021-12-13,851.5,853.0,828.5,830.0
2021-12-14,838.5,840.0,825.5,825.5
2021-12-15,828.0,845.5,810.0,834.5
2021-12-16,839.5,840.0,825.0,840.0
2021-12-17,831.5,835.5,825.0,825.5
2021-12-20,822.5,825.5,805.0,811.5
2021-12-21,812.0,823.5,811.0,812.0
2021-12-22,812.0,820.0,810.0,819.5
2021-12-23,819.5,821.0,815.0,815.0
2021-12-24,815.0,850.0,812.5,850.0
2021-12-27,841.5,841.5,817.5,840.0
2021-12-28,836.0,849.0,825.5,842.5
2021-12-29,838.5,855.0,838.5,838.5
2021-12-30,838.5,852.0,823.0,841.0
2022-01-04,855.0,856.0,827.0,834.5
2022-01-05,837.5,840.5,830.0,834.0
2022-01-06,829.5,840.0,828.5,839.5
2022-01-07,839.5,843.5,826.5,833.0
2022-01-11,837.0,859.0,836.0,856.0
2022-01-12,875.0,875.0,841.5,850.0
2022-01-13,842.0,889.0,842.0,876.5
2022-01-14,864.0,877.5,850.0,858.0
2022-01-17,875.0,889.5,858.0,865.5
2022-01-18,860.0,865.5,850.0,853.5
2022-01-19,857.5,860.0,843.5,851.0
2022-01-20,850.0,856.5,839.0,840.5
2022-01-21,840.0,845.5,837.0,842.0
2022-01-24,842.0,845.0,835.0,843.5
2022-01-25,843.5,843.5,827.5,835.0
2022-01-26,828.5,837.0,826.0,826.5
2022-01-27,826.0,835.5,792.0,795.0
2022-01-28,801.0,815.0,801.0,815.0
2022-01-31,815.0,819.5,806.0,810.0
2022-02-01,810.0,827.0,806.5,811.5
2022-02-02,824.0,837.0,820.5,830.5
2022-02-03,820.5,849.0,820.5,835.0
2022-02-04,849.5,884.5,849.5,884.5
2022-02-07,883.5,883.5,837.0,842.5
2022-02-08,844.0,848.5,821.0,832.5
2022-02-09,826.0,858.5,826.0,839.0
2022-02-10,849.0,857.0,839.0,839.0
2022-02-14,836.0,846.0,827.5,846.0
2022-02-15,846.0,849.5,829.0,832.0
2022-02-16,847.5,848.0,838.0,838.0
2022-02-17,838.0,849.5,833.0,849.5
2022-02-18,835.5,842.5,830.0,834.5
2022-02-21,834.5,869.5,830.5,869.0
2022-02-22,850.0,850.0,830.5,830.5
2022-02-24,838.0,838.0,812.0,812.0
2022-02-25,812.0,840.0,812.0,823.0
2022-02-28,823.0,842.5,823.0,832.5
2022-03-01,844.0,844.0,832.5,832.5
2022-03-02,826.0,839.0,825.5,836.5
2022-03-03,839.0,848.5,829.5,848.0
2022-03-04,844.5,856.0,837.5,840.5
2022-03-07,842.0,847.0,825.0,828.0
2022-03-08,825.5,829.0,821.0,822.0
2022-03-09,826.0,839.0,820.5,820.5
2022-03-10,825.0,842.0,825.0,841.0
2022-03-11,839.5,845.5,836.5,845.5
2022-03-14,841.5,855.0,841.5,850.0
2022-03-15,853.0,857.0,852.5,857.0
2022-03-16,867.5,867.5,844.0,861.0
2022-03-17,851.5,869.5,851.5,865.5
2022-03-18,865.5,865.5,860.0,860.0
2022-03-22,865.0,870.0,862.0,865.0
2022-03-23,859.0,874.0,859.0,868.0
2022-03-24,867.0,868.0,863.5,866.5
2022-03-25,867.5,870.5,863.0,864.5
2022-03-28,865.0,870.0,860.0,870.0
2022-03-29,873.5,876.0,868.0,868.0
2022-03-30,845.0,845.5,815.0,834.5
2022-03-31,834.5,835.5,825.0,834.0
2022-04-01,827.0,832.0,820.5,826.5
2022-04-04,826.5,828.5,800.0,823.0
2022-04-05,823.0,827.5,804.5,815.0
2022-04-06,812.5,820.0,808.5,820.0
2022-04-07,807.5,815.0,799.0,810.5
2022-04-08,810.5,812.0,795.0,800.5
2022-04-11,800.5,818.0,800.0,800.0
2022-04-12,800.0,810.0,797.5,805.0
2022-04-13,797.5,809.0,797.5,798.5
2022-04-14,808.5,816.5,797.5,800.5
2022-04-15,802.5,815.0,795.5,815.0
2022-04-18,826.0,836.5,817.5,819.5
2022-04-19,821.0,822.5,802.5,817.5
2022-04-20,817.5,817.5,805.5,810.0
2022-04-21,814.0,816.0,807.0,810.0
2022-04-22,807.5,814.0,802.5,814.0
2022-04-25,814.0,823.5,814.0,823.5
2022-04-26,825.0,825.0,815.5,819.0
2022-04-27,819.0,825.5,818.5,825.0
2022-04-28,817.5,835.0,817.5,835.0
2022-05-02,834.5,840.0,825.0,839.5
2022-05-06,831.5,865.5,831.5,864.5
2022-05-09,865.0,884.0,861.0,875.0
2022-05-10,875.0,884.5,848.5,873.5
2022-05-11,873.5,883.5,873.5,879.5
2022-05-12,877.5,877.5,838.5,846.0
2022-05-13,849.0,859.5,830.5,830.5
2022-05-16,910.5,910.5,875.0,882.0
2022-05-17,882.0,892.0,879.5,887.5
2022-05-18,873.0,890.0,873.0,887.5
2022-05-19,877.0,886.5,877.0,886.5
2022-05-20,880.0,887.0,880.0,882.0
2022-05-23,882.5,889.5,863.5,868.0
2022-05-24,873.0,878.0,859.5,863.5
2022-05-25,864.5,870.0,864.0,864.0
2022-05-26,870.0,877.0,864.0,868.0
2022-05-27,872.5,889.0,866.5,886.5
2022-05-30,887.0,887.0,869.0,870.5
2022-05-31,872.0,882.5,872.0,879.0
2022-06-01,883.0,892.0,880.0,880.0
2022-06-02,880.0,934.5,880.0,934.5
2022-06-03,918.5,934.0,918.5,933.5
2022-06-06,933.5,936.5,915.0,918.0
2022-06-07,923.0,929.0,918.5,918.5
2022-06-08,916.0,931.5,916.0,926.5
2022-06-09,921.5,938.0,921.5,938.0
2022-06-10,938.0,955.0,938.0,952.5
2022-06-13,938.5,968.0,929.0,946.0
2022-06-14,943.0,954.0,925.0,947.5
2022-06-15,947.5,947.5,947.5,947.5
2022-06-16,947.5,970.0,942.0,961.5
2022-06-17,950.5,966.0,947.5,960.5
2022-06-20,974.0,974.5,954.0,961.5
2022-06-21,956.5,987.5,950.0,965.0
2022-06-22,975.0,990.0,975.0,980.0
2022-06-23,989.0,1012.5,989.0,1000.0
2022-06-24,1001.0,1001.0,949.0,968.0
2022-06-27,968.0,981.5,957.0,964.0
2022-06-28,976.5,976.5,943.5,960.0
2022-06-29,955.0,974.5,955.0,963.5
2022-06-30,961.5,980.5,960.0,980.5
2022-07-01,980.5,990.0,963.5,986.5
2022-07-04,989.5,989.5,972.0,978.5
2022-07-05,973.5,973.5,964.5,969.5
2022-07-06,970.0,984.0,964.0,967.0
2022-07-07,962.0,963.5,922.0,950.0
2022-07-08,941.0,967.0,941.0,943.0
2022-07-11,927.0,945.0,915.0,920.5
2022-07-12,912.5,916.5,897.5,907.5
2022-07-13,915.0,929.5,903.0,907.5
2022-07-14,907.5,915.0,907.5,910.0
2022-07-15,911.5,918.0,883.5,883.5
2022-07-19,891.0,905.0,890.0,904.0
2022-07-20,922.5,924.0,907.0,915.0
2022-07-21,915.0,930.0,915.0,930.0
2022-07-22,925.5,935.0,925.5,930.0
2022-07-25,930.0,940.0,930.0,938.5
2022-07-26,935.0,942.0,932.5,933.0
2022-07-27,933.0,938.0,930.5,936.0
2022-07-28,937.5,940.5,928.0,928.0
2022-07-29,932.0,942.5,932.0,942.5
2022-08-01,943.0,947.5,943.0,945.0
2022-08-02,945.0,949.0,932.5,947.5
2022-08-03,948.0,948.0,942.5,942.5
2022-08-04,940.0,945.0,919.5,926.0
2022-08-05,926.0,926.0,920.0,922.0
2022-08-08,949.5,954.5,934.5,953.0
2022-08-09,952.5,953.0,942.5,944.0
2022-08-10,951.0,952.0,928.5,933.0
2022-08-12,934.5,952.0,934.5,941.5
2022-08-15,960.0,966.5,950.0,958.0
2022-08-16,958.5,958.5,944.5,944.5
2022-08-17,951.5,958.5,951.5,958.0
2022-08-18,954.0,958.0,949.0,951.5
2022-08-19,962.0,963.0,952.5,955.0
2022-08-22,962.0,972.5,952.5,965.5
2022-08-23,959.5,971.5,958.5,971.0
2022-08-24,971.0,980.0,970.0,977.5
2022-08-25,978.5,990.0,978.5,990.0
2022-08-26,990.0,995.0,987.5,987.5
2022-08-29,969.0,982.5,968.5,970.0
2022-08-30,971.0,985.0,971.0,985.0
2022-08-31,980.0,980.0,967.5,968.0
2022-09-01,960.0,967.5,960.0,964.0
2022-09-02,960.0,960.0,947.5,950.0
2022-09-05,945.0,945.0,940.5,940.5
2022-09-06,939.0,941.5,935.0,936.0
2022-09-07,942.0,942.0,927.5,937.5
2022-09-08,937.5,946.5,929.0,943.5
2022-09-09,941.5,959.5,941.5,955.0
2022-09-12,955.0,968.0,955.0,965.0
2022-09-13,973.5,973.5,954.0,955.0
2022-09-14,945.0,955.0,930.5,943.0
2022-09-15,956.5,957.5,946.0,946.0
2022-09-16,952.5,957.0,947.0,952.0
2022-09-20,965.0,965.0,951.0,951.0
2022-09-21,964.5,965.0,952.5,955.0
2022-09-22,955.0,962.5,949.5,950.0
2022-09-26,945.0,945.0,930.5,936.0
2022-09-27,936.5,946.5,936.0,936.5
2022-09-28,936.5,939.5,927.5,928.0
2022-09-29,926.0,948.5,925.0,931.0
2022-09-30,931.0,945.5,907.5,926.0
2022-10-03,916.5,916.5,901.5,901.5
2022-10-04,914.5,939.5,914.5,920.0
2022-10-05,920.5,935.5,920.5,935.5
2022-10-06,935.5,942.0,932.5,933.0
2022-10-07,933.0,940.0,932.5,934.5
2022-10-11,935.0,944.5,935.0,940.0
2022-10-12,944.0,969.5,944.0,957.5
2022-10-13,958.5,960.0,953.0,958.0
2022-10-14,964.5,970.5,958.5,963.5
2022-10-17,963.0,964.0,960.5,960.5
2022-10-18,964.5,964.5,955.5,957.5
2022-10-19,957.5,957.5,951.0,951.0
2022-10-20,951.0,963.0,946.5,947.0
2022-10-21,945.5,961.0,945.0,956.5
2022-10-24,966.0,967.0,963.5,966.5
2022-10-25,967.0,967.5,961.0,966.0
2022-10-26,957.5,967.5,957.5,958.0
2022-10-27,957.5,959.5,957.5,958.5
2022-10-28,957.0,964.0,954.0,955.0
2022-10-31,955.5,958.0,949.0,951.5
2022-11-01,953.0,962.0,945.5,962.0
2022-11-02,960.5,962.0,956.0,961.0
2022-11-04,961.0,973.5,960.5,973.5
2022-11-07,876.0,911.0,876.0,895.5
2022-11-08,892.5,907.0,892.5,907.0
2022-11-09,900.5,912.0,895.5,912.0
2022-11-10,903.0,903.0,895.0,900.0
2022-11-11,913.5,913.5,892.5,896.0
2022-11-14,896.0,899.0,887.5,889.5
2022-11-15,885.5,896.0,885.5,888.0
2022-11-16,886.5,898.5,886.5,887.0
2022-11-17,887.0,909.5,887.0,909.5
2022-11-18,900.5,900.5,894.5,894.5
2022-11-21,885.0,885.0,875.0,884.5
2022-11-22,880.0,883.5,876.0,876.0
2022-11-24,880.5,888.0,880.5,888.0
2022-11-25,888.5,891.0,885.0,891.0
2022-11-28,885.0,887.5,881.0,882.5
2022-11-29,871.5,875.0,870.0,871.5
2022-11-30,871.5,880.0,871.0,877.0
2022-12-01,875.5,878.5,874.0,878.5
2022-12-02,878.0,880.0,874.5,877.5
2022-12-05,879.0,879.5,875.0,875.0
2022-12-06,873.0,879.5,872.5,875.5
2022-12-07,875.0,881.5,875.0,879.5
2022-12-08,877.5,885.0,875.0,881.5
2022-12-09,882.0,883.5,875.0,877.5
2022-12-12,877.0,881.0,875.5,877.5
2022-12-13,877.5,881.0,875.5,875.5
2022-12-14,878.0,878.0,875.0,876.0
2022-12-15,876.0,879.5,875.5,875.5
2022-12-16,875.0,877.0,875.0,875.0
2022-12-19,876.0,877.5,874.5,877.0
2022-12-20,875.5,876.5,863.0,864.0
2022-12-21,865.0,869.0,863.5,865.0
2022-12-22,868.5,869.5,860.0,860.0
2022-12-23,860.0,861.0,859.0,859.0
2022-12-26,859.5,860.5,849.5,849.5
2022-12-27,855.5,855.5,851.0,855.5
2022-12-28,852.5,862.0,851.0,860.0
2022-12-29,858.0,865.5,858.0,860.5
2022-12-30,863.5,863.5,851.0,862.0
2023-01-04,854.0,868.0,854.0,857.5
2023-01-05,860.0,862.0,859.5,859.5
2023-01-06,858.5,865.0,857.0,859.0
2023-01-10,859.0,870.0,859.0,868.5
2023-01-11,869.5,870.5,862.0,870.0
2023-01-12,870.0,871.0,865.0,865.0
2023-01-13,869.0,871.0,865.0,869.5
2023-01-16,859.5,870.0,859.5,863.0
2023-01-17,869.5,869.5,865.5,868.5
2023-01-18,869.5,874.5,866.5,870.0
2023-01-19,860.0,869.0,860.0,866.0
2023-01-20,868.5,870.0,862.0,870.0
2023-01-23,870.0,874.0,868.5,873.5
2023-01-24,873.5,874.0,858.5,862.5
2023-01-25,864.5,868.0,857.0,868.0
2023-01-26,865.5,869.5,863.0,869.5
2023-01-27,873.0,873.0,867.0,869.0
2023-01-30,873.0,874.5,869.0,870.5
2023-01-31,868.5,871.5,868.5,871.5
2023-02-01,872.0,872.0,868.5,871.0
2023-02-02,873.5,873.5,868.5,868.5
2023-02-03,869.0,870.0,866.0,869.5
2023-02-06,850.0,860.0,850.0,860.0
2023-02-07,857.0,861.5,857.0,859.0
2023-02-08,857.5,861.0,854.5,855.0
2023-02-09,859.0,859.0,856.5,858.5
2023-02-10,857.5,859.5,856.0,857.0
2023-02-13,857.0,859.0,855.0,855.5
2023-02-14,858.0,862.5,857.5,862.5
2023-02-15,864.0,872.0,862.5,872.0
2023-02-16,871.0,883.5,871.0,879.5
2023-02-17,881.5,886.0,880.0,880.0
2023-02-20,881.5,888.0,881.5,885.0
2023-02-21,885.0,890.5,884.0,887.0
2023-02-22,887.0,890.0,885.5,885.5
2023-02-24,889.5,898.0,886.5,898.0
2023-02-27,899.0,904.0,898.0,901.0
2023-02-28,901.0,910.0,895.0,895.0
2023-03-01,895.0,900.0,895.0,898.0
2023-03-02,895.5,900.0,895.5,897.0
2023-03-03,897.5,901.0,896.0,901.0
2023-03-06,895.5,910.0,895.5,898.5
2023-03-07,900.0,904.0,898.5,899.5
2023-03-08,900.0,901.0,895.5,896.5
2023-03-09,899.5,902.5,899.0,901.5
2023-03-10,901.5,902.5,899.0,899.0
2023-03-13,897.0,898.5,885.0,898.5
2023-03-14,895.0,895.0,876.5,877.5
2023-03-15,887.5,887.5,879.5,881.5
2023-03-16,880.0,882.5,873.5,881.0
2023-03-17,895.5,895.5,876.5,884.0
2023-03-20,884.0,884.0,878.0,883.0
2023-03-22,883.5,896.0,881.0,883.0
2023-03-23,883.0,894.5,878.0,889.5
2023-03-24,889.5,889.5,880.0,889.0
2023-03-27,889.0,894.5,884.0,884.0
2023-03-28,887.5,887.5,884.5,885.5
2023-03-29,900.0,900.0,881.0,891.0
2023-03-30,851.0,875.0,851.0,862.5
2023-03-31,863.0,865.0,860.5,860.5
2023-04-03,864.0,865.0,855.0,855.5
2023-04-04,857.0,859.5,853.5,855.0
2023-04-05,857.0,860.0,855.0,855.0
2023-04-06,863.0,865.0,852.0,857.5
2023-04-07,856.0,864.0,856.0,860.5
2023-04-10,865.0,865.0,857.5,857.5
2023-04-11,856.5,863.0,854.5,855.5
2023-04-12,859.0,863.5,858.0,863.0
2023-04-13,859.0,862.5,856.0,862.5
2023-04-14,862.5,862.5,859.5,861.0
2023-04-17,860.0,860.5,857.5,860.0
2023-04-18,860.0,860.0,859.0,860.0
2023-04-19,859.5,861.0,859.0,860.0
2023-04-20,860.0,862.5,859.0,862.5
2023-04-21,863.0,864.5,860.5,862.5
2023-04-24,862.5,865.0,861.0,861.0
2023-04-25,861.0,864.5,861.0,864.5
2023-04-26,860.5,864.5,860.5,860.5
2023-04-27,860.5,864.5,855.0,855.0
2023-04-28,857.5,860.0,857.5,857.5
2023-05-01,860.0,864.0,860.0,861.0
2023-05-02,861.5,864.5,861.0,861.0
2023-05-08,861.5,863.5,860.5,860.5
2023-05-09,862.0,865.5,861.0,861.0
2023-05-10,861.0,863.0,860.0,860.0
2023-05-11,863.0,865.0,859.5,864.5
2023-05-12,864.5,865.0,857.5,857.5
2023-05-15,857.5,864.0,857.0,857.5
2023-05-16,875.0,880.0,866.0,875.0
2023-05-17,877.5,882.5,870.5,871.0
2023-05-18,872.5,880.0,865.0,873.0
2023-05-19,870.5,876.5,865.0,872.5
2023-05-22,873.0,875.0,868.0,868.0
2023-05-23,869.0,876.5,869.0,870.0
2023-05-24,865.0,870.0,862.5,870.0
2023-05-25,900.0,900.0,887.0,891.0
2023-05-26,889.5,889.5,879.0,879.0
2023-05-29,890.5,894.5,886.5,891.5
2023-05-30,892.0,893.0,886.5,892.0
2023-05-31,885.5,895.5,878.0,881.0
2023-06-01,881.0,887.0,879.5,882.0
2023-06-02,882.5,897.5,882.5,891.5
2023-06-05,894.0,894.0,882.0,891.0
2023-06-06,893.0,907.0,892.5,905.5
2023-06-07,909.5,912.5,892.5,899.0
2023-06-08,903.5,903.5,895.5,895.5
2023-06-09,895.0,900.0,890.0,894.0
2023-06-12,907.5,908.0,901.5,907.5
2023-06-13,907.5,920.0,906.5,915.5
2023-06-14,915.5,918.5,902.0,908.5
2023-06-15,908.5,913.0,905.0,909.0
2023-06-16,915.0,919.5,907.5,917.0
2023-06-19,919.5,919.5,907.5,912.0
2023-06-20,913.0,915.0,905.0,910.5
2023-06-21,911.0,916.0,906.0,914.0
2023-06-22,907.5,912.0,907.5,909.0
2023-06-23,910.0,912.0,898.0,901.0
2023-06-26,898.0,914.5,897.5,908.0
2023-06-27,914.0,914.0,904.5,910.0
2023-06-28,910.0,917.5,910.0,915.0
2023-06-29,917.5,947.0,915.0,935.0
2023-06-30,944.5,956.0,937.0,955.5
2023-07-03,955.5,955.5,937.0,945.0
2023-07-04,944.5,945.0,931.0,942.0
2023-07-05,939.5,945.0,936.0,944.5
2023-07-06,944.0,964.5,937.0,956.0
2023-07-07,950.0,950.0,938.5,942.5
2023-07-10,947.5,968.5,938.5,962.5
2023-07-11,966.5,966.5,940.0,942.5
2023-07-12,943.5,947.0,938.5,941.0
2023-07-13,944.5,957.0,937.5,949.0
2023-07-14,954.5,954.5,941.5,945.5
2023-07-18,945.5,954.0,943.0,952.5
2023-07-19,952.5,972.5,950.5,968.0
2023-07-20,969.5,973.0,961.0,965.0
2023-07-21,965.0,970.0,956.0,963.5
2023-07-24,961.0,969.0,961.0,963.5
2023-07-25,963.5,965.5,960.5,964.0
2023-07-26,962.0,965.0,950.5,965.0
2023-07-27,959.5,969.5,954.5,961.5
2023-07-28,960.0,965.0,953.0,960.5
2023-07-31,960.0,969.5,956.5,959.5
2023-08-01,959.5,965.0,953.0,959.5
2023-08-02,959.5,959.5,942.5,950.0
2023-08-03,950.0,950.0,916.5,930.0
2023-08-04,930.0,930.0,913.0,920.0
2023-08-07,892.5,907.5,869.5,905.5
2023-08-08,906.0,914.0,897.5,897.5
2023-08-09,898.5,903.5,891.0,891.0
2023-08-10,891.0,903.0,887.0,902.5
2023-08-14,909.0,909.5,897.5,898.0
2023-08-15,898.0,908.5,887.5,895.5
2023-08-16,898.0,898.0,885.0,889.0
2023-08-17,891.0,891.0,857.5,873.5
2023-08-18,873.5,875.0,860.0,863.5
2023-08-21,864.0,872.0,858.0,869.0
2023-08-22,872.5,875.0,870.0,874.5
2023-08-23,874.5,895.0,874.5,890.5
2023-08-24,887.5,895.0,887.5,890.5
2023-08-25,890.5,895.5,886.0,892.0
2023-08-28,900.0,903.0,895.5,900.0
2023-08-29,900.0,908.5,898.0,898.0
2023-08-30,903.5,907.5,894.0,894.0
2023-08-31,903.0,903.5,895.0,903.5
2023-09-01,896.0,902.5,896.0,900.0
2023-09-04,908.0,911.0,900.0,901.0
2023-09-05,901.0,907.0,896.5,899.5
2023-09-06,902.0,904.0,898.5,903.0
2023-09-07,903.0,915.0,901.0,907.5
2023-09-08,907.5,912.5,898.0,904.5
2023-09-11,913.5,916.0,908.5,916.0
2023-09-12,923.0,937.5,918.5,937.5
2023-09-13,937.5,947.0,930.5,943.5
2023-09-14,944.5,951.5,935.5,942.5
2023-09-15,955.0,966.0,946.0,955.0
2023-09-19,960.0,971.0,955.5,971.0
2023-09-20,972.5,979.5,963.0,965.0
2023-09-21,957.5,960.0,942.5,942.5
2023-09-22,937.5,962.0,933.5,961.5
2023-09-25,971.5,971.5,960.5,965.5
2023-09-26,965.5,986.0,965.0,984.5
2023-09-27,985.0,985.5,970.0,979.0
2023-09-28,984.5,993.5,977.5,979.5
2023-09-29,980.0,991.5,972.5,972.5
2023-10-02,972.5,983.0,965.5,968.0
2023-10-03,968.0,975.0,950.0,950.0
2023-10-04,943.5,946.5,926.5,927.0
2023-10-05,931.5,946.0,931.5,939.5
2023-10-06,940.0,946.5,940.0,940.5
2023-10-10,946.0,955.0,946.0,954.5
2023-10-11,960.5,960.5,952.5,956.0
2023-10-12,956.0,956.5,948.0,952.5
2023-10-13,950.0,954.0,945.0,945.0
2023-10-16,940.0,947.0,929.0,930.5
2023-10-17,932.5,937.0,927.5,928.0
2023-10-18,928.0,936.5,928.0,933.0
2023-10-19,925.0,927.0,915.0,920.0
2023-10-20,916.0,917.5,902.5,912.0
2023-10-23,906.0,914.5,906.0,907.5
2023-10-24,907.5,923.5,901.5,921.0
2023-10-25,926.0,934.0,925.5,927.0
2023-10-26,924.0,928.5,921.5,921.5
2023-10-27,981.5,1085.5,971.5,1052.5
2023-10-30,1075.0,1130.5,1037.0,1077.5
2023-10-31,1077.5,1082.5,1052.5,1071.0
2023-11-01,1078.5,1138.5,1078.5,1136.5
2023-11-02,1118.0,1128.5,1101.5,1106.0
2023-11-06,1138.0,1160.5,1112.5,1148.5
2023-11-07,1173.5,1175.0,1134.0,1167.5
2023-11-08,1150.0,1150.0,1106.0,1116.5
2023-11-09,1113.0,1154.0,1113.0,1144.5
2023-11-10,1136.0,1152.0,1117.5,1134.0
2023-11-13,1159.0,1191.5,1159.0,1186.0
2023-11-14,1185.0,1193.0,1152.5,1152.5
2023-11-15,1159.5,1175.0,1138.5,1165.5
2023-11-16,1165.5,1165.5,1140.5,1141.5
2023-11-17,1135.0,1144.0,1122.5,1144.0
2023-11-20,1148.5,1172.0,1148.5,1163.0
2023-11-21,1160.0,1166.0,1144.0,1151.0
2023-11-22,1152.0,1180.0,1152.0,1161.5
2023-11-24,1166.0,1166.0,1154.5,1164.0
2023-11-27,1174.5,1208.0,1162.5,1184.0
2023-11-28,1186.0,1241.5,1186.0,1227.5
2023-11-29,1227.5,1237.5,1214.0,1220.0
2023-11-30,1220.5,1221.5,1193.5,1208.0
2023-12-01,1208.0,1255.0,1201.5,1230.0
2023-12-04,1221.0,1237.5,1209.0,1229.0
2023-12-05,1215.0,1222.5,1198.0,1198.0
2023-12-06,1198.0,1220.0,1198.0,1208.0
2023-12-07,1203.0,1213.0,1195.5,1197.5
2023-12-08,1172.5,1185.5,1161.0,1164.0
2023-12-11,1164.0,1182.5,1134.5,1175.5
2023-12-12,1188.0,1188.0,1171.5,1181.0
2023-12-13,1171.5,1220.0,1160.0,1213.5
2023-12-14,1204.5,1204.5,1181.0,1194.0
2023-12-15,1186.0,1213.0,1184.5,1198.5
2023-12-18,1187.5,1204.0,1180.0,1204.0
2023-12-19,1204.0,1210.0,1181.0,1201.0
2023-12-20,1202.0,1210.5,1189.5,1195.5
2023-12-21,1185.5,1209.0,1178.0,1194.5
2023-12-22,1195.0,1198.5,1188.0,1194.5
2023-12-25,1195.5,1200.0,1180.0,1197.5
2023-12-26,1197.5,1208.5,1184.5,1200.5
2023-12-27,1199.5,1208.0,1190.0,1202.0
2023-12-28,1196.5,1220.5,1196.5,1207.5
2023-12-29,1207.5,1220.0,1201.0,1208.0
2024-01-04,1208.0,1245.5,1200.0,1245.5
2024-01-05,1246.5,1268.0,1230.5,1256.0
2024-01-09,1260.0,1285.5,1260.0,1270.5
2024-01-10,1270.5,1320.0,1270.5,1315.0
2024-01-11,1310.0,1324.5,1280.0,1322.0
2024-01-12,1322.5,1335.0,1297.5,1306.5
2024-01-15,1296.0,1317.0,1296.0,1316.5
2024-01-16,1311.0,1312.0,1297.5,1302.5
2024-01-17,1302.5,1332.0,1299.5,1303.0
2024-01-18,1297.5,1321.5,1296.5,1305.5
2024-01-19,1316.5,1335.0,1314.5,1325.0
2024-01-22,1324.5,1334.0,1315.0,1326.5
2024-01-23,1334.0,1359.5,1323.0,1354.5
2024-01-24,1354.5,1357.0,1336.5,1344.0
2024-01-25,1344.0,1392.5,1344.0,1392.5
2024-01-26,1376.0,1389.5,1364.5,1380.0
2024-01-29,1377.5,1391.0,1361.5,1370.0
2024-01-30,1389.5,1418.0,1374.0,1374.0
2024-01-31,1383.5,1418.5,1380.5,1418.5
2024-02-01,1405.5,1422.0,1405.5,1415.0
2024-02-02,1415.5,1415.5,1340.5,1382.5
2024-02-05,1391.5,1410.0,1366.0,1406.0
2024-02-06,1492.5,1540.0,1484.0,1498.5
2024-02-07,1460.0,1461.0,1411.5,1441.5
2024-02-08,1441.5,1460.0,1425.5,1446.0
2024-02-09,1432.5,1469.5,1432.5,1437.0
2024-02-13,1437.5,1466.5,1427.0,1463.5
2024-02-14,1456.5,1489.5,1440.5,1480.5
2024-02-15,1491.0,1520.0,1473.0,1500.0
2024-02-16,1512.5,1512.5,1476.5,1476.5
2024-02-19,1467.5,1475.0,1452.0,1465.0
2024-02-20,1464.5,1485.5,1456.5,1485.0
2024-02-21,1487.0,1525.0,1479.0,1525.0
2024-02-22,1530.0,1530.0,1480.5,1505.0
2024-02-26,1499.5,1510.0,1493.0,1505.0
2024-02-27,1507.5,1512.5,1493.0,1502.5
2024-02-28,1515.0,1557.5,1515.0,1527.5
2024-02-29,1560.0,1670.0,1560.0,1657.5
2024-03-01,1650.0,1657.5,1617.5,1650.0
2024-03-04,1670.0,1685.0,1635.0,1637.5
2024-03-05,1625.0,1630.0,1592.5,1612.5
2024-03-06,1682.5,1717.5,1647.5,1680.0
2024-03-07,1680.0,1680.0,1572.5,1575.0
2024-03-08,1575.0,1607.5,1542.5,1547.5
2024-03-11,1500.0,1535.0,1478.0,1520.0
2024-03-12,1498.0,1587.5,1495.0,1587.5
2024-03-13,1587.5,1602.5,1557.5,1577.5
2024-03-14,1575.0,1602.5,1545.0,1555.0
2024-03-15,1555.0,1617.5,1555.0,1607.5
2024-03-18,1665.0,1667.5,1595.0,1667.5
2024-03-19,1652.5,1662.5,1625.0,1650.0
2024-03-21,1670.0,1670.0,1650.0,1660.0
2024-03-22,1655.0,1655.0,1620.0,1620.0
2024-03-25,1620.0,1637.5,1597.5,1612.5
2024-03-26,1615.0,1687.5,1615.0,1630.0
2024-03-27,1630.0,1630.0,1610.0,1610.0
2024-03-28,1575.0,1610.0,1507.5,1595.0
2024-03-29,1595.0,1670.0,1592.5,1620.0
2024-04-01,1647.5,1675.0,1590.0,1595.0
2024-04-02,1587.5,1597.5,1555.0,1555.0
2024-04-03,1535.0,1562.5,1470.0,1530.0
2024-04-04,1550.0,1595.0,1530.0,1580.0
2024-04-05,1545.0,1552.5,1507.5,1510.0
2024-04-08,1525.0,1537.5,1495.0,1500.0
2024-04-09,1522.5,1525.0,1500.0,1522.5
2024-04-10,1530.0,1535.0,1520.0,1527.5
2024-04-11,1515.0,1515.0,1492.5,1500.0
2024-04-12,1500.0,1505.0,1482.0,1505.0
2024-04-15,1500.0,1520.0,1474.0,1520.0
2024-04-16,1496.0,1522.5,1486.5,1505.0
2024-04-17,1498.5,1498.5,1424.5,1444.5
2024-04-18,1440.0,1481.0,1440.0,1481.0
2024-04-19,1464.0,1469.0,1407.5,1434.0
2024-04-22,1439.0,1477.5,1438.0,1453.5
2024-04-23,1474.0,1474.0,1444.0,1453.5
2024-04-24,1457.0,1502.5,1457.0,1500.0
2024-04-25,1490.0,1490.0,1470.0,1470.0
2024-04-26,1465.0,1468.5,1440.5,1446.5
2024-04-30,1455.5,1475.0,1455.5,1468.0
2024-05-01,1454.0,1483.0,1444.0,1470.0
2024-05-02,1468.0,1475.5,1448.0,1458.0
2024-05-07,1474.0,1491.0,1464.0,1485.0
2024-05-08,1494.5,1507.5,1482.0,1497.5
2024-05-09,1498.0,1512.5,1492.0,1500.0
2024-05-10,1500.0,1500.0,1479.0,1496.5
2024-05-13,1496.5,1517.5,1480.5,1517.5
2024-05-14,1517.5,1517.5,1459.0,1476.0
2024-05-15,1494.5,1499.0,1464.0,1473.5
2024-05-16,1275.5,1319.5,1231.0,1297.5
2024-05-17,1305.0,1366.0,1305.0,1329.0
2024-05-20,1334.5,1373.5,1334.5,1348.0
2024-05-21,1349.0,1362.0,1327.5,1342.5
2024-05-22,1335.0,1349.5,1327.5,1334.5
2024-05-23,1334.5,1337.5,1319.0,1329.5
2024-05-24,1329.5,1353.0,1322.0,1344.0
2024-05-27,1369.0,1383.5,1364.0,1368.0
2024-05-28,1389.5,1389.5,1371.0,1375.0
2024-05-29,1391.5,1391.5,1338.5,1345.0
2024-05-30,1320.0,1348.0,1315.0,1335.0
2024-05-31,1341.5,1355.5,1305.5,1346.0
2024-06-03,1369.0,1370.0,1352.0,1360.5
2024-06-04,1369.5,1369.5,1345.0,1350.0
2024-06-05,1356.5,1369.5,1342.5,1359.5
2024-06-06,1359.5,1359.5,1340.5,1356.0
2024-06-07,1356.0,1360.0,1340.0,1350.5
2024-06-10,1350.5,1372.0,1326.0,1352.5
2024-06-11,1359.5,1366.0,1347.0,1349.5
2024-06-12,1343.0,1350.0,1322.5,1325.0
2024-06-13,1325.0,1328.5,1305.0,1316.5
2024-06-14,1300.0,1321.5,1294.5,1307.5
2024-06-17,1305.0,1324.5,1297.5,1318.0
2024-06-18,1311.5,1331.5,1310.5,1326.5
2024-06-19,1326.5,1342.0,1315.5,1330.0
2024-06-20,1330.0,1331.0,1316.5,1317.5
2024-06-21,1320.0,1324.5,1311.0,1317.5
2024-06-24,1317.5,1334.5,1313.5,1320.0
2024-06-25,1334.5,1347.5,1321.0,1338.5
2024-06-26,1354.5,1354.5,1330.0,1335.0
2024-06-27,1348.5,1369.0,1345.5,1354.0
2024-06-28,1354.0,1363.5,1345.5,1359.5
2024-07-01,1360.0,1378.0,1353.0,1355.0
2024-07-02,1355.0,1361.5,1335.0,1352.5
2024-07-03,1357.5,1369.0,1350.5,1350.5
2024-07-04,1350.5,1356.0,1335.0,1342.0
2024-07-05,1354.5,1359.5,1342.0,1346.0
2024-07-08,1351.0,1355.5,1333.0,1347.0
2024-07-09,1335.5,1357.5,1335.5,1351.5
2024-07-10,1344.5,1354.5,1344.5,1349.5
2024-07-11,1350.0,1355.0,1332.5,1348.5
2024-07-12,1358.5,1358.5,1334.5,1334.5
2024-07-16,1337.5,1344.5,1334.5,1335.5
2024-07-17,1336.5,1342.0,1317.0,1325.5
2024-07-18,1324.0,1339.0,1323.5,1330.0
2024-07-19,1330.0,1335.5,1320.5,1321.0
2024-07-22,1321.0,1327.5,1305.0,1312.5
2024-07-23,1321.5,1331.0,1288.5,1289.0
2024-07-24,1297.5,1297.5,1286.5,1290.0
2024-07-25,1275.0,1281.0,1264.5,1269.5
2024-07-26,1283.0,1296.0,1275.0,1275.0
2024-07-29,1283.0,1316.0,1283.0,1295.0
2024-07-30,1300.0,1306.5,1280.5,1286.5
2024-07-31,1276.0,1325.0,1276.0,1325.0
2024-08-01,1328.5,1328.5,1273.0,1290.0
2024-08-02,1265.0,1277.0,1218.0,1232.5
2024-08-05,1157.5,1158.0,1050.0,1050.0
2024-08-06,1250.0,1300.0,1224.5,1300.0
2024-08-07,1315.5,1378.0,1287.5,1308.5
2024-08-08,1309.0,1405.5,1309.0,1386.5
2024-08-09,1385.5,1472.5,1365.0,1461.5
2024-08-13,1470.5,1495.5,1400.5,1426.0
2024-08-14,1447.5,1477.0,1440.5,1477.0
2024-08-15,1480.5,1625.0,1476.0,1585.0
2024-08-16,1597.5,1627.5,1572.5,1605.0
2024-08-19,1625.0,1630.0,1542.5,1547.5
2024-08-20,1537.5,1580.0,1527.5,1577.5
2024-08-21,1540.0,1610.0,1540.0,1607.5
2024-08-22,1597.5,1597.5,1525.0,1547.5
2024-08-23,1542.5,1577.5,1540.0,1565.0
2024-08-26,1600.0,1605.0,1532.5,1545.0
2024-08-27,1545.0,1555.0,1525.0,1545.0
2024-08-28,1535.0,1535.0,1522.5,1532.5
2024-08-29,1522.5,1590.0,1515.0,1582.5
2024-08-30,1567.5,1600.0,1562.5,1592.5
2024-09-02,1592.5,1610.0,1570.0,1575.0
2024-09-03,1565.0,1620.0,1542.5,1597.5
2024-09-04,1530.0,1570.0,1507.5,1530.0
2024-09-05,1500.0,1540.0,1481.5,1507.5
2024-09-06,1496.5,1527.5,1478.5,1482.5
2024-09-09,1432.5,1497.5,1432.5,1484.5
2024-09-10,1484.0,1517.5,1483.5,1496.0
2024-09-11,1494.0,1517.5,1463.0,1492.5
2024-09-12,1496.5,1547.5,1496.5,1537.5
2024-09-13,1515.0,1597.5,1515.0,1590.0
2024-09-17,1590.0,1622.5,1590.0,1615.0
2024-09-18,1615.0,1640.0,1602.5,1615.0
2024-09-19,1630.0,1690.0,1627.5,1690.0
2024-09-20,1707.5,1707.5,1650.0,1667.5
2024-09-24,1632.5,1685.0,1630.0,1662.5
2024-09-25,1662.5,1662.5,1572.5,1650.0
2024-09-26,1665.0,1697.5,1650.0,1695.0
2024-09-27,1700.0,1700.0,1662.5,1677.5
2024-09-30,1620.0,1640.0,1595.0,1615.0
2024-10-01,1635.0,1635.0,1580.0,1580.0
2024-10-02,1567.5,1602.5,1552.5,1602.5
2024-10-03,1625.0,1640.0,1617.5,1620.0
2024-10-04,1620.0,1657.5,1620.0,1645.0
2024-10-07,1667.5,1680.0,1662.5,1662.5
2024-10-08,1670.0,1735.0,1657.5,1732.5
2024-10-09,1740.0,1780.0,1740.0,1760.0
2024-10-10,1760.0,1820.0,1735.0,1800.0
2024-10-11,1815.0,1815.0,1760.0,1765.0
2024-10-15,1762.5,1762.5,1715.0,1720.0
2024-10-16,1702.5,1742.5,1702.5,1730.0
2024-10-17,1732.5,1770.0,1722.5,1730.0
2024-10-18,1722.5,1740.0,1690.0,1692.5
2024-10-21,1690.0,1707.5,1677.5,1687.5
2024-10-22,1682.5,1685.0,1652.5,1652.5
2024-10-23,1652.5,1657.5,1600.0,1630.0
2024-10-24,1615.0,1652.5,1585.0,1610.0
2024-10-25,1610.0,1615.0,1562.5,1580.0
2024-10-28,1562.5,1660.0,1562.5,1655.0
2024-10-29,1645.0,1650.0,1605.0,1625.0
2024-10-30,1630.0,1632.5,1597.5,1597.5
2024-10-31,1605.0,1617.5,1587.5,1602.5
2024-11-01,1592.5,1592.5,1540.0,1540.0
2024-11-05,1610.0,1637.5,1532.5,1570.0
2024-11-06,1675.0,1675.0,1535.0,1550.0
2024-11-07,1515.0,1572.5,1500.0,1565.0
2024-11-08,1547.5,1547.5,1515.0,1517.5
2024-11-11,1510.0,1532.5,1494.5,1532.5
2024-11-12,1522.5,1545.0,1520.0,1525.0
2024-11-13,1535.0,1535.0,1517.5,1535.0
2024-11-14,1540.0,1540.0,1505.0,1507.5
2024-11-15,1507.5,1507.5,1489.5,1499.5
2024-11-18,1490.0,1525.0,1490.0,1507.5
2024-11-19,1520.0,1527.5,1515.0,1522.5
2024-11-20,1517.5,1522.5,1510.0,1510.0
2024-11-21,1510.0,1540.0,1510.0,1540.0
2024-11-22,1540.0,1572.5,1540.0,1570.0
2024-11-25,1600.0,1622.5,1570.0,1570.0
2024-11-26,1570.0,1580.0,1537.5,1550.0
2024-11-27,1550.0,1550.0,1505.0,1522.5
2024-11-28,1522.5,1527.5,1507.5,1522.5
2024-11-29,1535.0,1535.0,1515.0,1522.5
2024-12-02,1517.5,1535.0,1517.5,1520.0
2024-12-03,1525.0,1550.0,1515.0,1540.0
2024-12-04,1540.0,1552.5,1527.5,1547.5
2024-12-05,1590.0,1607.5,1577.5,1577.5
2024-12-06,1595.0,1595.0,1562.5,1580.0
2024-12-09,1595.0,1615.0,1580.0,1615.0
2024-12-10,1625.0,1697.5,1625.0,1662.5
2024-12-11,1662.5,1725.0,1655.0,1717.5
2024-12-12,1730.0,1740.0,1672.5,1672.5
2024-12-13,1662.5,1695.0,1630.0,1667.5
2024-12-16,1672.5,1707.5,1652.5,1700.0
2024-12-17,1702.5,1730.0,1687.5,1687.5
2024-12-18,1697.5,1770.0,1697.5,1760.0
2024-12-19,1735.0,1762.5,1715.0,1762.5
2024-12-20,1762.5,1765.0,1745.0,1750.0
2024-12-23,1775.0,1790.0,1760.0,1762.5
2024-12-24,1770.0,1770.0,1720.0,1740.0
2024-12-25,1760.0,1762.5,1740.0,1747.5
2024-12-26,1747.5,1750.0,1712.5,1720.0
2024-12-27,1720.0,1737.5,1710.0,1720.0
2024-12-30,1725.0,1807.5,1725.0,1805.0
2025-01-06,1812.5,1900.0,1812.5,1875.0
2025-01-07,1897.5,1907.5,1832.5,1832.5
2025-01-08,1825.0,1832.5,1785.0,1785.0
2025-01-09,1787.5,1867.5,1787.5,1812.5
2025-01-10,1820.0,1825.0,1762.5,1770.0
2025-01-14,1750.0,1752.5,1715.0,1717.5
2025-01-15,1717.5,1722.5,1685.0,1690.0
2025-01-16,1720.0,1720.0,1685.0,1690.0
2025-01-17,1675.0,1720.0,1667.5,1720.0
2025-01-20,1737.5,1737.5,1675.0,1685.0
2025-01-21,1705.0,1705.0,1667.5,1675.0
2025-01-22,1675.0,1685.0,1660.0,1675.0
2025-01-23,1665.0,1667.5,1640.0,1660.0
2025-01-24,1662.5,1717.5,1662.5,1700.0
2025-01-27,1735.0,1735.0,1712.5,1712.5
2025-01-28,1715.0,1740.0,1710.0,1725.0
2025-01-29,1740.0,1740.0,1722.5,1740.0
2025-01-30,1740.0,1760.0,1725.0,1745.0
2025-01-31,1757.5,1757.5,1735.0,1745.0
2025-02-03,1740.0,1750.0,1712.5,1732.5
2025-02-04,1755.0,1755.0,1687.5,1695.0
2025-02-05,1720.0,1747.5,1690.0,1705.0
2025-02-06,1535.0,1592.5,1532.5,1590.0
2025-02-07,1590.0,1590.0,1530.0,1532.5
2025-02-10,1535.0,1580.0,1532.5,1542.5
2025-02-12,1562.5,1572.5,1537.5,1560.0
2025-02-13,1572.5,1585.0,1560.0,1582.5
2025-02-14,1582.5,1617.5,1575.0,1580.0
2025-02-17,1590.0,1620.0,1582.5,1620.0
2025-02-18,1630.0,1630.0,1597.5,1617.5
2025-02-19,1842.5,1852.5,1690.0,1765.0
2025-02-20,1765.0,1770.0,1712.5,1720.0
2025-02-21,1697.5,1730.0,1687.5,1690.0
2025-02-25,1640.0,1690.0,1640.0,1667.5
2025-02-26,1665.0,1675.0,1637.5,1650.0
2025-02-27,1655.0,1682.5,1655.0,1665.0
2025-02-28,1645.0,1660.0,1630.0,1645.0
2025-03-03,1650.0,1655.0,1637.5,1652.5
2025-03-04,1627.5,1637.5,1590.0,1612.5
2025-03-05,1600.0,1625.0,1595.0,1617.5
2025-03-06,1625.0,1625.0,1595.0,1610.0
2025-03-07,1595.0,1615.0,1577.5,1585.0
2025-03-10,1597.5,1607.5,1570.0,1570.0
2025-03-11,1557.5,1580.0,1515.0,1577.5
2025-03-12,1557.5,1570.0,1555.0,1555.0
2025-03-13,1570.0,1580.0,1560.0,1572.5
2025-03-14,1572.5,1605.0,1567.5,1587.5
2025-03-17,1600.0,1637.5,1600.0,1607.5
2025-03-18,1620.0,1635.0,1612.5,1627.5
2025-03-19,1617.5,1657.5,1617.5,1640.0
2025-03-21,1667.5,1677.5,1655.0,1662.5
2025-03-24,1685.0,1700.0,1652.5,1667.5
2025-03-25,1675.0,1695.0,1670.0,1685.0
2025-03-26,1697.5,1702.5,1667.5,1675.0
2025-03-27,1685.0,1685.0,1652.5,1672.5
2025-03-28,1594.0,1625.0,1594.0,1608.0
2025-03-31,1568.0,1581.0,1542.0,1547.0
2025-04-01,1547.0,1564.0,1511.0,1555.0
2025-04-02,1559.0,1560.0,1515.0,1518.0
2025-04-03,1439.0,1473.0,1430.0,1473.0
2025-04-04,1400.0,1416.0,1315.0,1367.0
2025-04-07,1217.0,1307.0,1207.0,1287.0
2025-04-08,1331.0,1380.0,1330.0,1368.0
2025-04-09,1338.0,1341.0,1245.0,1277.0
2025-04-10,1427.0,1427.0,1330.0,1389.0
2025-04-11,1341.0,1384.0,1331.0,1383.0
2025-04-14,1413.0,1423.0,1394.0,1407.0
2025-04-15,1421.0,1436.0,1411.0,1426.0
2025-04-16,1426.0,1430.0,1407.0,1414.0
2025-04-17,1426.0,1448.0,1424.0,1442.0
2025-04-18,1445.0,1458.0,1442.0,1448.0
2025-04-21,1455.0,1470.0,1433.0,1438.0
2025-04-22,1434.0,1458.0,1434.0,1458.0
2025-04-23,1467.0,1484.0,1454.0,1471.0
2025-04-24,1473.0,1481.0,1458.0,1460.0
2025-04-25,1463.0,1475.0,1461.0,1465.0
2025-04-28,1490.0,1510.0,1485.0,1509.0
2025-04-30,1511.0,1518.0,1494.0,1515.0
2025-05-01,1507.0,1508.0,1481.0,1499.0
2025-05-02,1491.0,1503.0,1478.0,1489.0
2025-05-07,1482.0,1512.0,1478.0,1502.0
2025-05-08,1496.0,1500.0,1477.0,1486.0
2025-05-09,1487.0,1506.0,1486.0,1487.0
2025-05-12,1502.0,1530.0,1494.0,1526.0
2025-05-13,1545.0,1554.0,1519.0,1535.0
2025-05-14,1535.0,1550.0,1518.0,1550.0
2025-05-15,1541.0,1542.0,1452.0,1512.0
2025-05-16,1460.0,1551.0,1432.0,1543.0
2025-05-19,1503.0,1510.0,1485.0,1489.0
2025-05-20,1495.0,1508.0,1492.0,1493.0
2025-05-21,1490.0,1512.0,1490.0,1510.0
2025-05-22,1510.0,1517.0,1490.0,1490.0
2025-05-23,1491.0,1540.0,1491.0,1525.0
2025-05-26,1538.0,1559.0,1535.0,1541.0
2025-05-27,1542.0,1571.0,1538.0,1571.0
2025-05-28,1572.0,1581.0,1548.0,1550.0
2025-05-29,1553.0,1577.0,1553.0,1566.0
2025-05-30,1558.0,1573.0,1553.0,1569.0
2025-06-02,1569.0,1576.0,1529.0,1529.0
2025-06-03,1528.0,1528.0,1492.0,1500.0
2025-06-04,1515.0,1515.0,1501.0,1509.0
2025-06-05,1515.0,1515.0,1491.0,1498.0
2025-06-06,1498.0,1508.0,1493.0,1493.0
2025-06-09,1501.0,1505.0,1483.0,1493.0
2025-06-10,1500.0,1508.0,1487.0,1487.0
2025-06-11,1487.0,1505.0,1467.0,1485.0
2025-06-12,1485.0,1501.0,1485.0,1501.0
2025-06-13,1490.0,1494.0,1465.0,1469.0
2025-06-16,1465.0,1485.0,1458.0,1461.0
2025-06-17,1460.0,1478.0,1458.0,1464.0
2025-06-18,1465.0,1479.0,1463.0,1477.0
2025-06-19,1477.0,1495.0,1472.0,1475.0
2025-06-20,1475.0,1499.0,1448.0,1474.0
2025-06-23,1470.0,1470.0,1443.0,1448.0
2025-06-24,1452.0,1468.0,1450.0,1452.0
2025-06-25,1456.0,1467.0,1456.0,1467.0
2025-06-26,1475.0,1482.0,1468.0,1482.0
2025-06-27,1488.0,1509.0,1485.0,1509.0
2025-06-30,1515.0,1530.0,1509.0,1520.0
2025-07-01,1520.0,1528.0,1510.0,1525.0
2025-07-02,1519.0,1525.0,1508.0,1512.0
2025-07-03,1515.0,1515.0,1465.0,1484.0
2025-07-04,1498.0,1507.0,1492.0,1501.0
2025-07-07,1502.0,1507.0,1495.0,1503.0
2025-07-08,1503.0,1532.0,1502.0,1527.0
2025-07-09,1538.0,1554.0,1538.0,1547.0
2025-07-10,1561.0,1566.0,1546.0,1566.0
2025-07-11,1569.0,1588.0,1548.0,1550.0
2025-07-14,1551.0,1566.0,1540.0,1540.0
2025-07-15,1555.0,1561.0,1545.0,1558.0
2025-07-16,1558.0,1560.0,1539.0,1540.0
2025-07-17,1553.0,1553.0,1538.0,1549.0
2025-07-18,1558.0,1558.0,1541.0,1544.0
2025-07-22,1624.0,1630.0,1589.0,1629.0
2025-07-23,1634.0,1657.0,1617.0,1657.0
2025-07-24,1672.0,1672.0,1642.0,1662.0
2025-07-25,1664.0,1675.0,1652.0,1658.0
2025-07-28,1677.0,1677.0,1651.0,1660.0
2025-07-29,1661.0,1685.0,1655.0,1685.0
2025-07-30,1688.0,1692.0,1674.0,1675.0
2025-07-31,1680.0,1693.0,1669.0,1670.0
2025-08-01,1670.0,1706.0,1666.0,1686.0
2025-08-04,1680.0,1709.0,1663.0,1700.0
2025-08-05,1717.0,1735.0,1702.0,1724.0
2025-08-06,1619.0,1670.0,1619.0,1652.0
2025-08-07,1661.0,1665.0,1627.0,1640.0
2025-08-08,1650.0,1661.0,1633.0,1636.0
2025-08-12,1660.0,1667.0,1652.0,1660.0
2025-08-13,1673.0,1683.0,1660.0,1673.0
2025-08-14,1679.0,1690.0,1661.0,1682.0
2025-08-15,1676.0,1683.0,1661.0,1676.0
2025-08-18,1677.0,1688.0,1671.0,1687.0
2025-08-19,1687.0,1687.0,1675.0,1675.0
2025-08-20,1675.0,1687.0,1662.0,1666.0
2025-08-21,1666.0,1692.0,1665.0,1692.0
2025-08-22,1690.0,1693.0,1665.0,1690.0
2025-08-25,1690.0,1697.0,1672.0,1675.0
2025-08-26,1680.0,1687.0,1654.0,1665.0
2025-08-27,1665.0,1666.0,1649.0,1664.0
2025-08-28,1664.0,1666.0,1644.0,1654.0
2025-08-29,1661.0,1689.0,1651.0,1689.0
2025-09-01,1700.0,1703.0,1685.0,1699.0
2025-09-02,1705.0,1734.0,1704.0,1726.0
2025-09-03,1737.0,1745.0,1734.0,1744.0
2025-09-04,1750.0,1768.0,1743.0,1759.0
2025-09-05,1761.0,1784.0,1761.0,1780.0
2025-09-08,1780.0,1805.0,1773.0,1796.0
2025-09-09,1800.0,1847.0,1795.0,1836.0
2025-09-10,1842.0,1898.0,1809.0,1888.0
2025-09-11,1890.0,1925.0,1859.0,1917.0
2025-09-12,1949.0,1960.0,1918.0,1955.0
2025-09-16,1955.0,1955.0,1901.0,1934.0
2025-09-17,1913.0,1985.0,1913.0,1928.0
2025-09-18,1930.0,1969.0,1925.0,1957.0
2025-09-19,1957.0,1960.0,1916.0,1928.0
2025-09-22,1928.0,1960.0,1928.0,1939.0
2025-09-24,1917.0,2011.0,1917.0,2000.0
2025-09-25,2000.0,2065.0,1992.0,2049.0
2025-09-26,2039.0,2063.0,2019.0,2063.0
2025-09-29,2076.0,2087.0,1995.0,2049.0
2025-09-30,2060.0,2060.0,2014.0,2059.0
2025-10-01,2028.0,2056.0,2004.0,2042.0
2025-10-02,2049.0,2055.0,1999.0,2035.0
2025-10-03,2002.0,2040.0,1986.0,2037.0
2025-10-06,2050.0,2087.0,2022.0,2080.0
2025-10-07,2095.0,2114.0,2082.0,2108.0
2025-10-08,2108.0,2115.0,2077.0,2096.0
2025-10-09,2096.0,2129.0,2065.0,2120.0
2025-10-10,2120.0,2120.0,2072.0,2080.0
2025-10-14,2060.0,2096.0,1989.0,2044.0
2025-10-15,2069.0,2110.0,2053.0,2106.0
2025-10-16,2106.0,2119.0,2089.0,2110.0
2025-10-17,2088.0,2128.0,2085.0,2120.0
2025-10-20,2120.0,2173.0,2112.0,2164.0
2025-10-21,2162.0,2192.0,2139.0,2158.0
2025-10-22,2152.0,2201.0,2126.0,2180.0
2025-10-23,2179.0,2271.0,2172.0,2263.0
2025-10-24,2262.0,2262.0,2211.0,2240.0
2025-10-27,2248.0,2273.0,2223.0,2256.0
2025-10-28,2250.0,2280.0,2208.0,2212.0
2025-10-29,2206.0,2271.0,2206.0,2270.0
2025-10-30,2270.0,2305.0,2252.0,2295.0
2025-10-31,2289.0,2400.0,2288.0,2390.0
2025-11-04,2392.0,2409.0,2326.0,2409.0
2025-11-05,2400.0,2403.0,2213.0,2361.0
2025-11-06,2211.0,2341.0,2120.0,2323.0
2025-11-07,2301.0,2440.0,2225.0,2422.0
2025-11-10,2430.0,2454.0,2390.0,2449.0
2025-11-11,2480.0,2480.0,2415.0,2442.0
2025-11-12,2425.0,2462.0,2405.0,2453.0
2025-11-13,2450.0,2457.0,2424.0,2433.0
2025-11-14,2439.0,2455.0,2418.0,2439.0
2025-11-17,2415.0,2475.0,2408.0,2441.0
2025-11-18,2426.0,2447.0,2399.0,2427.0
2025-11-19,2420.0,2441.0,2390.0,2420.0
2025-11-20,2454.0,2461.0,2403.0,2440.0
2025-11-21,2440.0,2504.0,2418.0,2502.0
2025-11-25,2525.0,2618.0,2525.0,2607.0
2025-11-26,2580.0,2633.0,2546.0,2558.0
2025-11-27,2594.0,2620.0,2583.0,2605.0
2025-11-28,2600.0,2648.0,2599.0,2625.0
2025-12-01,2631.0,2635.0,2573.0,2573.0
2025-12-02,2580.0,2630.0,2562.0,2588.0
2025-12-03,2588.0,2600.0,2564.0,2580.0
2025-12-04,2564.0,2614.0,2564.0,2578.0
2025-12-05,2562.0,2592.0,2555.0,2578.0
2025-12-08,2531.0,2620.0,2470.0,2602.0
2025-12-09,2602.0,2620.0,2585.0,2611.0
2025-12-10,2611.0,2643.0,2601.0,2617.0
2025-12-11,2607.0,2637.0,2605.0,2621.0
2025-12-12,2607.0,2688.0,2607.0,2685.0
2025-12-15,2650.0,2675.0,2592.0,2629.0
2025-12-16,2615.0,2635.0,2567.0,2603.0
2025-12-17,2597.0,2630.0,2590.0,2600.0
2025-12-18,2588.0,2618.0,2588.0,2602.0
2025-12-19,2611.0,2630.0,2597.0,2625.0
2025-12-22,2622.0,2644.0,2607.0,2633.0
2025-12-23,2618.0,2640.0,2600.0,2627.0
2025-12-24,2633.0,2649.0,2601.0,2604.0
2025-12-25,2605.0,2623.0,2605.0,2611.0
2025-12-26,2611.0,2641.0,2611.0,2625.0
2025-12-29,2625.0,2672.0,2625.0,2665.0
2025-12-30,2665.0,2682.0,2631.0,2639.0
2026-01-05,2639.0,2660.0,2602.0,2602.0
2026-01-06,2629.0,2650.0,2609.0,2625.0
2026-01-07,2613.0,2750.0,2609.0,2749.0
2026-01-08,2720.0,2740.0,2689.0,2725.0
2026-01-09,2725.0,2759.0,2702.0,2702.0
2026-01-13,2749.0,2750.0,2699.0,2718.0
2026-01-14,2712.0,2733.0,2690.0,2702.0
2026-01-15,2695.0,2727.0,2640.0,2652.0
2026-01-16,2632.0,2744.0,2630.0,2744.0
2026-01-19,2732.0,2761.0,2700.0,2755.0
2026-01-20,2761.0,2765.0,2678.0,2734.0
2026-01-21,2692.0,2760.0,2692.0,2753.0
2026-01-22,2753.0,2786.0,2720.0,2770.0
2026-01-23,2788.0,2826.0,2777.0,2780.0
2026-01-26,2798.0,2818.0,2750.0,2772.0
2026-01-27,2753.0,2811.0,2714.0,2798.0
2026-01-28,2786.0,2807.0,2735.0,2801.0
2026-01-29,2801.0,2801.0,2718.0,2779.0
2026-01-30,2796.0,2859.0,2760.0,2819.0
2026-02-02,2820.0,2860.0,2800.0,2839.0
2026-02-03,2839.0,2919.0,2835.0,2883.0
2026-02-04,2871.0,2944.0,2870.0,2944.0
2026-02-05,2965.0,2994.0,2959.0,2994.0
2026-02-06,2995.0,2996.0,2939.0,2959.0
2026-02-09,2989.0,2989.0,2938.0,2966.0
2026-02-10,2960.0,2986.0,2936.0,2977.0
2026-02-12,2961.0,2967.0,2888.0,2962.0
2026-02-13,2958.0,2960.0,2911.0,2959.0
2026-02-16,2982.0,3000.0,2939.0,3000.0
2026-02-17,3030.0,3065.0,2948.0,2983.0
2026-02-18,3005.0,3140.0,3005.0,3120.0
2026-02-19,3120.0,3210.0,3075.0,3180.0
2026-02-20,3180.0,3180.0,3075.0,3165.0
2026-02-24,3160.0,3255.0,3155.0,3255.0
2026-02-25,3300.0,3300.0,3240.0,3255.0
2026-02-26,3285.0,3355.0,3245.0,3320.0
2026-02-27,3285.0,3305.0,3270.0,3290.0
2026-03-02,3210.0,3270.0,3070.0,3240.0
2026-03-03,3230.0,3250.0,3125.0,3130.0
2026-03-04,3030.0,3215.0,2950.0,3160.0
2026-03-05,3200.0,3280.0,3200.0,3255.0
2026-03-06,3250.0,3330.0,3150.0,3275.0
2026-03-09,3155.0,3300.0,3075.0,3280.0
2026-03-10,3330.0,3470.0,3325.0,3450.0
2026-03-11,3480.0,3495.0,3420.0,3445.0
2026-03-12,3400.0,3440.0,3330.0,3340.0
2026-03-13,3295.0,3340.0,3240.0,3255.0
2026-03-16,3220.0,3315.0,3200.0,3265.0
2026-03-17,3265.0,3310.0,3230.0,3240.0
2026-03-18,3290.0,3315.0,3270.0,3315.0
2026-03-19,3265.0,3265.0,3215.0,3245.0
2026-03-23,3175.0,3265.0,3110.0,3215.0
2026-03-24,3260.0,3320.0,3240.0,3250.0
2026-03-25,3295.0,3360.0,3295.0,3320.0
2026-03-26,3330.0,3340.0,3265.0,3275.0
2026-03-27,3260.0,3310.0,3225.0,3290.0
2026-03-30,3180.0,3270.0,3095.0,3250.0
2026-03-31,3320.0,3335.0,3235.0,3305.0
2026-04-01,3370.0,3435.0,3365.0,3435.0
2026-04-02,3445.0,3465.0,3385.0,3400.0
2026-04-03,3400.0,3440.0,3350.0,3385.0
2026-04-06,3420.0,3460.0,3370.0,3375.0
2026-04-07,3420.0,3460.0,3390.0,3440.0
2026-04-08,3495.0,3535.0,3455.0,3520.0
2026-04-09,3520.0,3535.0,3480.0,3505.0
2026-04-10,3495.0,3580.0,3495.0,3515.0
2026-04-13,3515.0,3575.0,3475.0,3500.0
2026-04-14,3485.0,3485.0,3385.0,3385.0
2026-04-15,3390.0,3470.0,3350.0,3435.0
2026-04-16,3460.0,3460.0,3375.0,3380.0
2026-04-17,3400.0,3400.0,3300.0,3340.0
2026-04-20,3320.0,3340.0,3255.0,3275.0
2026-04-21,3300.0,3355.0,3250.0,3335.0
2026-04-22,3335.0,3350.0,3305.0,3345.0
2026-04-23,3275.0,3365.0,3265.0,3355.0
2026-04-24,3355.0,3400.0,3355.0,3395.0
2026-04-27,3395.0,3400.0,3300.0,3310.0
2026-04-28,3325.0,3365.0,3280.0,3350.0
2026-04-30,3365.0,3370.0,3310.0,3370.0
2026-05-01,3340.0,3365.0,3280.0,3280.0
2026-05-07,3310.0,3355.0,3260.0,3350.0
2026-05-08,3325.0,3360.0,3270.0,3330.0
2026-05-11,3340.0,3395.0,3320.0,3380.0
2026-05-12,3410.0,3410.0,3305.0,3305.0
2026-05-13,3335.0,3405.0,3270.0,3390.0
2026-05-14,3390.0,3390.0,3335.0,3350.0
2026-05-15,3350.0,3415.0,3300.0,3355.0
2026-05-18,3315.0,3445.0,3310.0,3415.0
2026-05-19,3425.0,3435.0,3350.0,3415.0
2026-05-20,3380.0,3465.0,3350.0,3415.0
2026-05-21,3420.0,3450.0,3385.0,3420.0
2026-05-22,3420.0,3465.0,3315.0,3405.0
2026-05-25,3455.0,3560.0,3440.0,3495.0
2026-05-26,3535.0,3560.0,3465.0,3545.0
2026-05-27,3575.0,3635.0,3435.0,3435.0
2026-05-28,3465.0,3470.0,3350.0,3450.0
2026-05-29,3465.0,3495.0,3435.0,3445.0
2026-06-01,3435.0,3470.0,3355.0,3450.0
2026-06-02,3450.0,3465.0,3380.0,3460.0
2026-06-03,3485.0,3500.0,3380.0,3395.0
2026-06-04,3395.0,3450.0,3245.0,3440.0
2026-06-05,3420.0,3535.0,3410.0,3505.0
2026-06-08,3475.0,3635.0,3425.0,3565.0
2026-06-09,3590.0,3645.0,3515.0,3550.0
2026-06-10,3550.0,3555.0,3475.0,3505.0
2026-06-11,3460.0,3530.0,3420.0,3490.0
2026-06-12,3545.0,3550.0,3475.0,3500.0
2026-06-15,3500.0,3575.0,3480.0,3515.0
2026-06-16,3475.0,3515.0,3390.0,3410.0
2026-06-17,3450.0,3465.0,3315.0,3390.0
2026-06-18,3390.0,3470.0,3325.0,3445.0
2026-06-19,3440.0,3490.0,3370.0,3370.0
2026-06-22,3420.0,3430.0,3310.0,3365.0
2026-06-23,3380.0,3380.0,3275.0,3285.0
2026-06-24,3295.0,3305.0,3200.0,3270.0
2026-06-25,3330.0,3365.0,3300.0,3305.0
2026-06-26,3295.0,3295.0,3160.0,3205.0
2026-06-29,3160.0,3195.0,2933.0,3110.0
2026-06-30,3110.0,3435.0,3075.0,3420.0
2026-07-01,3370.0,3480.0,3320.0,3465.0
2026-07-02,3475.0,3500.0,3395.0,3445.0
2026-07-03,3435.0,3545.0,3395.0,3545.0
2026-07-06,3475.0,3555.0,3460.0,3540.0
2026-07-07,3540.0,3605.0,3505.0,3585.0
2026-07-08,3575.0,3610.0,3425.0,3490.0
2026-07-09,3460.0,3575.0,3330.0,3500.0
2026-07-10,3500.0,3585.0,3490.0,3515.0
2026-07-13,3445.0,3550.0,3375.0,3530.0
2026-07-14,3505.0,3550.0,3490.0,3490.0
2026-07-15,3510.0,3600.0,3485.0,3600.0
2026-07-16,3545.0,3565.0,3455.0,3455.0
2026-07-17,3450.0,3450.0,3260.0,3330.0
2026-07-21,3335.0,3620.0,3300.0,3600.0
2026-07-22,3565.0,3795.0,3565.0,3780.0
2026-07-23,3780.0,3860.0,3665.0,3805.0
2026-07-24,3775.0,3825.0,3720.0,3795.0
2026-07-27,3515.0,3550.0,3095.0,3095.0
2026-07-28,3215.0,3215.0,2985.0,3040.0
2026-07-29,3080.0,3080.0,2906.0,2981.0
2026-07-30,2964.0,3115.0,2964.0,3010.0
2026-07-31,3080.0,3195.0,3020.0,3090.0
2026-08-03,3060.0,3225.0,3010.0,3160.0
2026-08-04,3125.0,3220.0,3080.0,3100.0
2026-08-05,3170.0,3335.0,3155.0,3325.0
2026-08-06,3200.0,3380.0,3100.0,3325.0
2026-08-07,3310.0,3360.0,3270.0,3345.0
2026-08-10,3340.0,3365.0,3290.0,3300.0
2026-08-12,3300.0,3325.0,3225.0,3325.0
2026-08-13,3305.0,3365.0,3305.0,3315.0
2026-08-14,3305.0,3375.0,3300.0,3345.0
2026-08-17,3345.0,3385.0,3330.0,3355.0
2026-08-18,3360.0,3500.0,3360.0,3475.0
2026-08-19,3475.0,3480.0,3355.0,3390.0
2026-08-20,3430.0,3440.0,3315.0,3340.0
2026-08-21,3335.0,3370.0,3300.0,3345.0
2026-08-24,3370.0,3420.0,3335.0,3370.0
2026-08-25,3390.0,3425.0,3380.0,3380.0
2026-08-26,3380.0,3400.0,3345.0,3355.0
2026-08-27,3380.0,3485.0,3380.0,3485.0
2026-08-28,3445.0,3675.0,3430.0,3660.0
2026-08-31,3610.0,3860.0,3585.0,3800.0
2026-09-01,3750.0,4235.0,3745.0,4175.0
2026-09-02,4165.0,4240.0,4065.0,4170.0
2026-09-03,4170.0,4170.0,3970.0,4025.0
2026-09-04,3985.0,4095.0,3950.0,4040.0
2026-09-07,4000.0,4080.0,3995.0,4075.0
2026-09-08,4035.0,4035.0,3640.0,3645.0
2026-09-09,3645.0,3875.0,3590.0,3805.0
