Date,Open,High,Low,Close
2001-01-01,14700.0,14700.0,14700.0,14700.0
2001-01-02,14700.0,14700.0,14700.0,14700.0
2001-01-03,14700.0,14700.0,14700.0,14700.0
2001-01-04,15200.0,15400.0,14820.0,15200.0
2001-01-05,14600.0,15000.0,14500.0,15000.0
2001-01-08,15000.0,15000.0,15000.0,15000.0
2001-01-09,14800.0,14800.0,14100.0,14200.0
2001-01-10,13500.0,13600.0,13210.0,13550.0
2001-01-11,13750.0,14100.0,12820.0,13990.0
2001-01-12,13810.0,14340.0,13610.0,14190.0
2001-01-15,14320.0,15110.0,14300.0,14900.0
2001-01-16,15000.0,15140.0,14900.0,15050.0
2001-01-17,14650.0,14670.0,14470.0,14600.0
2001-01-18,15200.0,15650.0,15100.0,15540.0
2001-01-19,15540.0,15550.0,14800.0,14800.0
2001-01-22,14700.0,15150.0,14700.0,14990.0
2001-01-23,14590.0,14700.0,14280.0,14500.0
2001-01-24,14550.0,15000.0,14550.0,14840.0
2001-01-25,14900.0,14900.0,14400.0,14680.0
2001-01-26,14880.0,15190.0,14760.0,14950.0
2001-01-29,14550.0,14790.0,14430.0,14530.0
2001-01-30,14730.0,14730.0,14490.0,14640.0
2001-01-31,14840.0,14950.0,14300.0,14950.0
2001-02-01,14500.0,14920.0,14410.0,14920.0
2001-02-02,14720.0,14990.0,14700.0,14710.0
2001-02-05,14560.0,14810.0,14560.0,14810.0
2001-02-06,14410.0,14420.0,14190.0,14330.0
2001-02-07,13990.0,14200.0,13510.0,14200.0
2001-02-08,13600.0,13700.0,12470.0,13640.0
2001-02-09,13040.0,13480.0,12900.0,13100.0
2001-02-12,13100.0,13100.0,13100.0,13100.0
2001-02-13,13700.0,13900.0,12660.0,12750.0
2001-02-14,11750.0,12200.0,11490.0,12200.0
2001-02-15,12400.0,13220.0,12400.0,12920.0
2001-02-16,13120.0,14480.0,12920.0,13630.0
2001-02-19,13630.0,13670.0,13380.0,13500.0
2001-02-20,13110.0,13500.0,13110.0,13500.0
2001-02-21,13200.0,13310.0,12950.0,13050.0
2001-02-22,12850.0,12990.0,12790.0,12900.0
2001-02-23,12780.0,12930.0,12780.0,12890.0
2001-02-26,12950.0,12950.0,12500.0,12500.0
2001-02-27,12850.0,13040.0,12770.0,13040.0
2001-02-28,12640.0,12980.0,12640.0,12980.0
2001-03-01,12580.0,12800.0,12000.0,12000.0
2001-03-02,12400.0,12600.0,12300.0,12300.0
2001-03-05,12400.0,12690.0,11900.0,12350.0
2001-03-06,12420.0,12800.0,12420.0,12800.0
2001-03-07,13000.0,13020.0,12700.0,13020.0
2001-03-08,12600.0,12910.0,12360.0,12900.0
2001-03-09,12220.0,12500.0,12170.0,12280.0
2001-03-12,11900.0,12290.0,11900.0,12000.0
2001-03-13,11800.0,12000.0,11300.0,11600.0
2001-03-14,11600.0,11600.0,11600.0,11600.0
2001-03-15,12000.0,12990.0,11800.0,12990.0
2001-03-16,13030.0,13250.0,12950.0,13110.0
2001-03-19,13250.0,13490.0,13250.0,13360.0
2001-03-20,13360.0,13360.0,13360.0,13360.0
2001-03-21,13490.0,14200.0,13440.0,14200.0
2001-03-22,14000.0,14470.0,13990.0,14350.0
2001-03-23,14150.0,14700.0,14070.0,14350.0
2001-03-26,14350.0,15590.0,14350.0,15500.0
2001-03-27,15510.0,15890.0,15400.0,15890.0
2001-03-28,15800.0,15980.0,15500.0,15840.0
2001-03-29,15790.0,15790.0,14610.0,14610.0
2001-03-30,14810.0,15180.0,14700.0,14700.0
2001-04-02,14400.0,14400.0,13800.0,14010.0
2001-04-03,14160.0,14640.0,14160.0,14460.0
2001-04-04,14300.0,14780.0,14250.0,14600.0
2001-04-05,14600.0,15050.0,14600.0,15000.0
2001-04-06,15000.0,15200.0,14330.0,14330.0
2001-04-09,14000.0,14110.0,13900.0,14000.0
2001-04-10,14000.0,14210.0,13200.0,13580.0
2001-04-11,13780.0,14000.0,13500.0,14000.0
2001-04-12,14600.0,14850.0,13720.0,13930.0
2001-04-13,13930.0,13990.0,13330.0,13700.0
2001-04-16,13500.0,13800.0,13450.0,13680.0
2001-04-17,13280.0,13470.0,13080.0,13200.0
2001-04-18,13300.0,14220.0,13300.0,13750.0
2001-04-19,15000.0,15000.0,14110.0,14270.0
2001-04-20,14470.0,14490.0,14140.0,14300.0
2001-04-23,14120.0,14320.0,13900.0,14090.0
2001-04-24,13990.0,14300.0,13850.0,14000.0
2001-04-25,14200.0,14590.0,14200.0,14440.0
2001-04-26,14200.0,14590.0,14200.0,14440.0
2001-04-27,14640.0,14650.0,14230.0,14650.0
2001-04-30,14650.0,14650.0,14650.0,14650.0
2001-05-01,14600.0,14800.0,14350.0,14600.0
2001-05-02,14930.0,15300.0,14750.0,15300.0
2001-05-03,15300.0,15300.0,15300.0,15300.0
2001-05-04,15300.0,15300.0,15300.0,15300.0
2001-05-07,15300.0,16010.0,15300.0,15700.0
2001-05-08,16020.0,16020.0,15600.0,15940.0
2001-05-09,15800.0,15800.0,15130.0,15750.0
2001-05-10,15150.0,15150.0,14610.0,15000.0
2001-05-11,15200.0,15590.0,14820.0,14990.0
2001-05-14,14900.0,15000.0,14480.0,14700.0
2001-05-15,14300.0,14730.0,14210.0,14730.0
2001-05-16,14240.0,14350.0,14030.0,14100.0
2001-05-17,14110.0,14380.0,13750.0,14300.0
2001-05-18,14290.0,14600.0,14100.0,14370.0
2001-05-21,14010.0,14590.0,14010.0,14580.0
2001-05-22,14810.0,14810.0,14300.0,14300.0
2001-05-23,14500.0,14800.0,14210.0,14210.0
2001-05-24,14100.0,14190.0,13950.0,14040.0
2001-05-25,14050.0,14140.0,13950.0,14000.0
2001-05-28,14200.0,14780.0,14200.0,14660.0
2001-05-29,15060.0,15680.0,15000.0,15300.0
2001-05-30,15300.0,15570.0,14710.0,15300.0
2001-05-31,14500.0,14700.0,14200.0,14350.0
2001-06-01,14750.0,15000.0,14720.0,14900.0
2001-06-04,14900.0,14990.0,14800.0,14930.0
2001-06-05,15040.0,15040.0,14800.0,14950.0
2001-06-06,15250.0,15400.0,15150.0,15200.0
2001-06-07,15290.0,15350.0,15090.0,15200.0
2001-06-08,15100.0,15300.0,15010.0,15080.0
2001-06-11,15100.0,15100.0,14570.0,14650.0
2001-06-12,14510.0,14650.0,14500.0,14500.0
2001-06-13,14530.0,14530.0,14180.0,14210.0
2001-06-14,14200.0,14480.0,14000.0,14300.0
2001-06-15,14000.0,14220.0,13850.0,14120.0
2001-06-18,14180.0,14180.0,13810.0,13970.0
2001-06-19,13800.0,14100.0,13650.0,13840.0
2001-06-20,14000.0,14000.0,13710.0,13990.0
2001-06-21,14590.0,14750.0,14020.0,14450.0
2001-06-22,14650.0,14930.0,14530.0,14910.0
2001-06-25,14950.0,14950.0,14220.0,14450.0
2001-06-26,14430.0,14460.0,13860.0,13890.0
2001-06-27,13690.0,13990.0,13540.0,13690.0
2001-06-28,13750.0,13800.0,13230.0,13350.0
2001-06-29,13750.0,13760.0,13310.0,13350.0
2001-07-02,13550.0,13550.0,13190.0,13370.0
2001-07-03,13360.0,13570.0,13030.0,13130.0
2001-07-04,13330.0,13330.0,12980.0,13080.0
2001-07-05,13100.0,13170.0,12980.0,13000.0
2001-07-06,12950.0,12950.0,12570.0,12630.0
2001-07-09,12830.0,13190.0,12410.0,12950.0
2001-07-10,12750.0,13110.0,12650.0,12970.0
2001-07-11,13170.0,13170.0,12520.0,12590.0
2001-07-12,12520.0,12720.0,12320.0,12630.0
2001-07-13,13030.0,13030.0,12720.0,12800.0
2001-07-16,12650.0,12900.0,12630.0,12720.0
2001-07-17,12720.0,12720.0,12350.0,12500.0
2001-07-18,12120.0,12280.0,11670.0,11860.0
2001-07-19,12270.0,12400.0,12010.0,12400.0
2001-07-20,12400.0,12400.0,12400.0,12400.0
2001-07-23,12000.0,12450.0,11400.0,12450.0
2001-07-24,12250.0,12350.0,12120.0,12260.0
2001-07-25,12460.0,12460.0,12310.0,12440.0
2001-07-26,12440.0,12440.0,12210.0,12220.0
2001-07-27,12100.0,12180.0,11800.0,12000.0
2001-07-30,12010.0,12010.0,11600.0,11700.0
2001-07-31,11500.0,11780.0,11410.0,11650.0
2001-08-01,11850.0,12180.0,11750.0,11970.0
2001-08-02,12370.0,12950.0,12170.0,12700.0
2001-08-03,12790.0,12900.0,12600.0,12700.0
2001-08-06,12900.0,12900.0,12330.0,12510.0
2001-08-07,12700.0,12700.0,12360.0,12460.0
2001-08-08,12660.0,12680.0,12500.0,12580.0
2001-08-09,12400.0,12400.0,11820.0,11820.0
2001-08-10,12220.0,12260.0,11850.0,11980.0
2001-08-13,11600.0,11750.0,11050.0,11060.0
2001-08-14,10900.0,11660.0,10720.0,11300.0
2001-08-15,11500.0,11670.0,11340.0,11350.0
2001-08-16,10350.0,10560.0,10110.0,10410.0
2001-08-17,10610.0,11190.0,10480.0,11070.0
2001-08-20,10890.0,10890.0,10440.0,10780.0
2001-08-21,10580.0,10970.0,10500.0,10710.0
2001-08-22,10900.0,11200.0,10650.0,10750.0
2001-08-23,10550.0,10850.0,10510.0,10780.0
2001-08-24,11000.0,11050.0,10750.0,10850.0
2001-08-27,11050.0,11700.0,11020.0,11450.0
2001-08-28,11460.0,11530.0,10800.0,11210.0
2001-08-29,11180.0,11300.0,10820.0,11150.0
2001-08-30,11190.0,11450.0,10920.0,10970.0
2001-08-31,11170.0,11370.0,10650.0,10840.0
2001-09-03,10800.0,10800.0,10150.0,10180.0
2001-09-04,9900.0,10290.0,9880.0,10250.0
2001-09-05,11050.0,11800.0,10800.0,11100.0
2001-09-06,10970.0,11080.0,10740.0,10950.0
2001-09-07,10250.0,10800.0,10250.0,10610.0
2001-09-10,10410.0,10580.0,10290.0,10400.0
2001-09-11,10290.0,10340.0,10140.0,10300.0
2001-09-12,9300.0,9810.0,9300.0,9590.0
2001-09-13,9790.0,9850.0,9300.0,9810.0
2001-09-14,10090.0,10300.0,9830.0,10210.0
2001-09-17,9950.0,9950.0,9330.0,9400.0
2001-09-18,9500.0,9750.0,9200.0,9290.0
2001-09-19,8790.0,9680.0,8790.0,9250.0
2001-09-20,8500.0,8890.0,8330.0,8400.0
2001-09-21,8500.0,8730.0,8490.0,8500.0
2001-09-24,8500.0,8500.0,8500.0,8500.0
2001-09-25,9180.0,9400.0,9070.0,9400.0
2001-09-26,9300.0,9300.0,8400.0,9000.0
2001-09-27,9100.0,9580.0,9020.0,9300.0
2001-09-28,9300.0,9300.0,9300.0,9300.0
2001-10-01,9330.0,9600.0,9150.0,9600.0
2001-10-02,9990.0,10600.0,9810.0,10600.0
2001-10-03,10490.0,11090.0,10030.0,10050.0
2001-10-04,10610.0,10610.0,10140.0,10290.0
2001-10-05,10810.0,10890.0,10600.0,10870.0
2001-10-08,10870.0,10870.0,10870.0,10870.0
2001-10-09,10850.0,11100.0,10610.0,10770.0
2001-10-10,10850.0,10850.0,10070.0,10080.0
2001-10-11,10590.0,10900.0,10470.0,10900.0
2001-10-12,10890.0,11080.0,10570.0,10720.0
2001-10-15,10520.0,10800.0,10400.0,10800.0
2001-10-16,10550.0,10760.0,10500.0,10690.0
2001-10-17,10930.0,11530.0,10810.0,11420.0
2001-10-18,11430.0,11780.0,11260.0,11540.0
2001-10-19,11630.0,11690.0,11400.0,11650.0
2001-10-22,11350.0,11390.0,11140.0,11240.0
2001-10-23,11640.0,11640.0,11270.0,11620.0
2001-10-24,11640.0,11820.0,11440.0,11600.0
2001-10-25,11400.0,11650.0,11290.0,11410.0
2001-10-26,11300.0,11790.0,11300.0,11700.0
2001-10-29,11700.0,11800.0,11310.0,11310.0
2001-10-30,11140.0,11150.0,10850.0,11050.0
2001-10-31,10520.0,10820.0,10450.0,10550.0
2001-11-01,11150.0,11170.0,10890.0,10900.0
2001-11-02,11390.0,11650.0,11200.0,11350.0
2001-11-05,11150.0,11350.0,11050.0,11200.0
2001-11-06,11500.0,11630.0,11400.0,11450.0
2001-11-07,11500.0,11680.0,11310.0,11320.0
2001-11-08,11320.0,11520.0,11070.0,11200.0
2001-11-09,11200.0,11200.0,11200.0,11200.0
2001-11-12,11050.0,11100.0,10900.0,11050.0
2001-11-13,10330.0,10670.0,10330.0,10670.0
2001-11-14,10870.0,11000.0,10740.0,10890.0
2001-11-15,11290.0,11800.0,11290.0,11800.0
2001-11-16,11760.0,12310.0,11650.0,11700.0
2001-11-19,12100.0,12650.0,12000.0,12490.0
2001-11-20,12830.0,12830.0,12410.0,12410.0
2001-11-21,12010.0,12300.0,11900.0,12200.0
2001-11-22,12000.0,12230.0,11900.0,12000.0
2001-11-23,12000.0,12000.0,12000.0,12000.0
2001-11-26,12870.0,13060.0,12720.0,12720.0
2001-11-27,12890.0,13330.0,12870.0,13300.0
2001-11-28,12500.0,12680.0,12210.0,12340.0
2001-11-29,12160.0,12330.0,12000.0,12050.0
2001-11-30,12220.0,12550.0,12180.0,12450.0
2001-12-03,12560.0,12560.0,12010.0,12060.0
2001-12-04,12000.0,12000.0,11480.0,11690.0
2001-12-05,11710.0,12600.0,11710.0,12590.0
2001-12-06,13590.0,14570.0,13550.0,14200.0
2001-12-07,13600.0,13700.0,13070.0,13380.0
2001-12-10,13000.0,13020.0,12620.0,12800.0
2001-12-11,12700.0,12780.0,12420.0,12700.0
2001-12-12,13300.0,13690.0,13110.0,13590.0
2001-12-13,13400.0,13760.0,13300.0,13460.0
2001-12-14,13450.0,13610.0,13170.0,13330.0
2001-12-17,13200.0,13360.0,13050.0,13080.0
2001-12-18,13280.0,13310.0,12810.0,12990.0
2001-12-19,12990.0,13200.0,12810.0,12810.0
2001-12-20,13280.0,13400.0,13070.0,13250.0
2001-12-21,12900.0,13050.0,12850.0,12970.0
2001-12-24,12970.0,12970.0,12970.0,12970.0
2001-12-25,12800.0,13100.0,12660.0,13040.0
2001-12-26,13000.0,13040.0,12820.0,12890.0
2001-12-27,12900.0,13100.0,12860.0,13100.0
2001-12-28,13200.0,13680.0,13130.0,13340.0
2001-12-31,13340.0,13340.0,13340.0,13340.0
2002-01-01,13340.0,13340.0,13340.0,13340.0
2002-01-02,13340.0,13340.0,13340.0,13340.0
2002-01-03,13340.0,13340.0,13340.0,13340.0
2002-01-04,13670.0,13670.0,13580.0,13630.0
2002-01-07,13510.0,13900.0,13510.0,13790.0
2002-01-08,13730.0,13890.0,13650.0,13700.0
2002-01-09,13750.0,13900.0,13610.0,13800.0
2002-01-10,13900.0,14180.0,13900.0,14090.0
2002-01-11,14290.0,14290.0,13800.0,13870.0
2002-01-14,13870.0,13870.0,13870.0,13870.0
2002-01-15,13670.0,13810.0,13510.0,13510.0
2002-01-16,13310.0,13310.0,12980.0,13090.0
2002-01-17,12890.0,13100.0,12860.0,13100.0
2002-01-18,12780.0,13150.0,12780.0,13100.0
2002-01-21,12910.0,13050.0,12820.0,12900.0
2002-01-22,12800.0,12820.0,12690.0,12800.0
2002-01-23,12680.0,12760.0,12610.0,12650.0
2002-01-24,12800.0,13000.0,12640.0,12800.0
2002-01-25,13200.0,13420.0,12980.0,13420.0
2002-01-28,13620.0,13750.0,13440.0,13750.0
2002-01-29,13910.0,13910.0,13500.0,13540.0
2002-01-30,13140.0,13220.0,12980.0,13110.0
2002-01-31,13110.0,13110.0,13110.0,13110.0
2002-02-01,13670.0,13670.0,13060.0,13260.0
2002-02-04,13460.0,13460.0,13160.0,13330.0
2002-02-05,13140.0,13620.0,12950.0,13330.0
2002-02-06,13450.0,13720.0,13150.0,13380.0
2002-02-07,13480.0,13950.0,13460.0,13920.0
2002-02-08,14000.0,14250.0,13820.0,14100.0
2002-02-11,14100.0,14100.0,14100.0,14100.0
2002-02-12,14250.0,14560.0,14250.0,14540.0
2002-02-13,14340.0,14840.0,14300.0,14390.0
2002-02-14,14590.0,15890.0,14520.0,15110.0
2002-02-15,14910.0,15380.0,14750.0,15290.0
2002-02-18,14690.0,14800.0,14510.0,14770.0
2002-02-19,14770.0,14940.0,14760.0,14870.0
2002-02-20,14580.0,14850.0,14580.0,14700.0
2002-02-21,14700.0,15760.0,14700.0,15740.0
2002-02-22,15140.0,15500.0,15050.0,15270.0
2002-02-25,15470.0,15470.0,14660.0,14990.0
2002-02-26,14790.0,15060.0,14610.0,14790.0
2002-02-27,14590.0,14940.0,14550.0,14750.0
2002-02-28,14950.0,14990.0,14680.0,14880.0
2002-03-01,14910.0,15620.0,14810.0,15450.0
2002-03-04,16000.0,16730.0,16000.0,16370.0
2002-03-05,16890.0,17300.0,16400.0,16620.0
2002-03-06,16420.0,16420.0,15890.0,16080.0
2002-03-07,16400.0,16610.0,16280.0,16510.0
2002-03-08,15910.0,16690.0,15910.0,16280.0
2002-03-11,16470.0,16900.0,16470.0,16890.0
2002-03-12,16500.0,16520.0,15730.0,16000.0
2002-03-13,15200.0,15690.0,15200.0,15410.0
2002-03-14,15490.0,15780.0,15470.0,15670.0
2002-03-15,15570.0,16000.0,15390.0,16000.0
2002-03-18,16090.0,16600.0,16090.0,16180.0
2002-03-19,15980.0,16190.0,15530.0,15880.0
2002-03-20,16190.0,16190.0,15610.0,15650.0
2002-03-21,15650.0,15650.0,15650.0,15650.0
2002-03-22,15650.0,15650.0,15040.0,15630.0
2002-03-25,15060.0,15220.0,15030.0,15120.0
2002-03-26,15000.0,15200.0,14900.0,15190.0
2002-03-27,15500.0,15830.0,15300.0,15650.0
2002-03-28,15850.0,15950.0,15570.0,15650.0
2002-03-29,15850.0,15930.0,15510.0,15610.0
2002-04-01,15500.0,15500.0,15130.0,15180.0
2002-04-02,15380.0,15700.0,15260.0,15700.0
2002-04-03,15210.0,15860.0,15210.0,15530.0
2002-04-04,15720.0,15870.0,15530.0,15770.0
2002-04-05,15760.0,15850.0,15550.0,15700.0
2002-04-08,15300.0,15400.0,14950.0,15090.0
2002-04-09,15090.0,15140.0,14430.0,14650.0
2002-04-10,14050.0,14360.0,14050.0,14170.0
2002-04-11,14570.0,14920.0,14450.0,14770.0
2002-04-12,14770.0,15120.0,14600.0,14860.0
2002-04-15,14680.0,14830.0,14410.0,14710.0
2002-04-16,15030.0,15310.0,14950.0,15200.0
2002-04-17,15900.0,16310.0,15780.0,15950.0
2002-04-18,15990.0,16120.0,15910.0,16090.0
2002-04-19,15570.0,15950.0,15310.0,15950.0
2002-04-22,15890.0,15930.0,15680.0,15680.0
2002-04-23,15850.0,15890.0,15600.0,15850.0
2002-04-24,15850.0,16000.0,15720.0,15900.0
2002-04-25,15900.0,16010.0,15640.0,15700.0
2002-04-26,15880.0,15880.0,15380.0,15500.0
2002-04-29,15500.0,15500.0,15500.0,15500.0
2002-04-30,15610.0,15610.0,15320.0,15380.0
2002-05-01,15180.0,15240.0,15050.0,15070.0
2002-05-02,15100.0,15400.0,15100.0,15250.0
2002-05-03,15250.0,15250.0,15250.0,15250.0
2002-05-06,15250.0,15250.0,15250.0,15250.0
2002-05-07,15070.0,15340.0,15030.0,15090.0
2002-05-08,15270.0,15350.0,14700.0,14920.0
2002-05-09,15160.0,15280.0,14900.0,14900.0
2002-05-10,15100.0,15400.0,15070.0,15400.0
2002-05-13,15290.0,15300.0,15100.0,15240.0
2002-05-14,15270.0,15400.0,15150.0,15350.0
2002-05-15,15500.0,16050.0,15500.0,15850.0
2002-05-16,15820.0,15970.0,15670.0,15970.0
2002-05-17,15960.0,15980.0,15520.0,15520.0
2002-05-20,15920.0,16280.0,15920.0,16120.0
2002-05-21,16100.0,16100.0,15970.0,15970.0
2002-05-22,15970.0,16110.0,15950.0,16110.0
2002-05-23,16110.0,16150.0,16030.0,16100.0
2002-05-24,15970.0,16000.0,15540.0,15850.0
2002-05-27,15520.0,15600.0,15250.0,15340.0
2002-05-28,15060.0,15100.0,14850.0,14920.0
2002-05-29,14720.0,15100.0,14720.0,14850.0
2002-05-30,14650.0,14740.0,14620.0,14690.0
2002-05-31,14800.0,14900.0,14500.0,14500.0
2002-06-03,14880.0,15060.0,14850.0,15020.0
2002-06-04,15030.0,15100.0,14910.0,15040.0
2002-06-05,15040.0,15300.0,14950.0,15300.0
2002-06-06,15290.0,15340.0,15100.0,15290.0
2002-06-07,15260.0,15260.0,14820.0,14870.0
2002-06-10,14820.0,14900.0,14520.0,14590.0
2002-06-11,14390.0,14470.0,14290.0,14380.0
2002-06-12,14290.0,14700.0,14130.0,14600.0
2002-06-13,14400.0,14470.0,14140.0,14170.0
2002-06-14,13970.0,14100.0,13630.0,13720.0
2002-06-17,13660.0,13870.0,13170.0,13770.0
2002-06-18,13970.0,14100.0,13900.0,14030.0
2002-06-19,14100.0,14130.0,13730.0,13730.0
2002-06-20,13760.0,14000.0,13760.0,13910.0
2002-06-21,13910.0,14000.0,13640.0,13660.0
2002-06-24,13680.0,13900.0,13400.0,13790.0
2002-06-25,13900.0,14100.0,13650.0,13790.0
2002-06-26,13500.0,13510.0,13200.0,13200.0
2002-06-27,13350.0,13530.0,13330.0,13440.0
2002-06-28,14040.0,14170.0,13850.0,14170.0
2002-07-01,14150.0,14290.0,14070.0,14110.0
2002-07-02,13910.0,14110.0,13630.0,14110.0
2002-07-03,13980.0,14500.0,13970.0,14360.0
2002-07-04,14550.0,14600.0,13940.0,13970.0
2002-07-05,14170.0,14530.0,14170.0,14300.0
2002-07-08,14700.0,14800.0,14510.0,14550.0
2002-07-09,14400.0,14940.0,14330.0,14890.0
2002-07-10,14730.0,14850.0,14500.0,14500.0
2002-07-11,14500.0,14500.0,14150.0,14190.0
2002-07-12,14590.0,14690.0,14450.0,14450.0
2002-07-15,14350.0,14540.0,14170.0,14190.0
2002-07-16,14250.0,14380.0,14100.0,14110.0
2002-07-17,14070.0,14110.0,13820.0,13970.0
2002-07-18,14260.0,14480.0,14220.0,14450.0
2002-07-19,14400.0,14400.0,14050.0,14100.0
2002-07-22,14000.0,14210.0,14000.0,14090.0
2002-07-23,13990.0,14000.0,13750.0,13950.0
2002-07-24,13700.0,13770.0,13450.0,13490.0
2002-07-25,13510.0,13880.0,13140.0,13140.0
2002-07-26,13000.0,13000.0,11900.0,12170.0
2002-07-29,12370.0,12890.0,12330.0,12840.0
2002-07-30,13010.0,13140.0,12710.0,12850.0
2002-07-31,12250.0,12450.0,12190.0,12260.0
2002-08-01,12230.0,12400.0,11620.0,11940.0
2002-08-02,11740.0,11740.0,11010.0,11290.0
2002-08-05,10490.0,11350.0,10450.0,10900.0
2002-08-06,10900.0,11170.0,10750.0,11170.0
2002-08-07,11770.0,12190.0,11600.0,12100.0
2002-08-08,12000.0,12040.0,11600.0,11830.0
2002-08-09,12000.0,12060.0,11860.0,12000.0
2002-08-12,11880.0,11940.0,11410.0,11540.0
2002-08-13,11650.0,11770.0,11500.0,11770.0
2002-08-14,11410.0,11940.0,11410.0,11600.0
2002-08-15,11500.0,11590.0,11370.0,11480.0
2002-08-16,11580.0,11650.0,11360.0,11500.0
2002-08-19,11300.0,11300.0,10930.0,11030.0
2002-08-20,11100.0,11130.0,10900.0,11130.0
2002-08-21,10850.0,11200.0,10850.0,11130.0
2002-08-22,11200.0,11750.0,11150.0,11630.0
2002-08-23,11630.0,11630.0,11630.0,11630.0
2002-08-26,12470.0,12710.0,12450.0,12710.0
2002-08-27,12410.0,12450.0,12100.0,12130.0
2002-08-28,12000.0,12110.0,11890.0,12030.0
2002-08-29,11730.0,11840.0,11700.0,11780.0
2002-08-30,11970.0,11990.0,11780.0,11860.0
2002-09-02,11800.0,11850.0,11700.0,11730.0
2002-09-03,11700.0,11740.0,11260.0,11300.0
2002-09-04,11100.0,11300.0,10820.0,11000.0
2002-09-05,11400.0,11500.0,11300.0,11340.0
2002-09-06,11190.0,11300.0,10930.0,11300.0
2002-09-09,11700.0,11760.0,11300.0,11300.0
2002-09-10,11700.0,11890.0,11500.0,11630.0
2002-09-11,11880.0,12000.0,11810.0,11900.0
2002-09-12,11970.0,11970.0,11750.0,11890.0
2002-09-13,11800.0,11800.0,11380.0,11700.0
2002-09-16,11700.0,11700.0,11700.0,11700.0
2002-09-17,11990.0,12080.0,11870.0,11980.0
2002-09-18,11980.0,11980.0,11500.0,11840.0
2002-09-19,11850.0,12040.0,11640.0,11660.0
2002-09-20,11650.0,11660.0,11280.0,11280.0
2002-09-23,11280.0,11280.0,11280.0,11280.0
2002-09-24,11100.0,11170.0,10800.0,10920.0
2002-09-25,10500.0,10900.0,10200.0,10260.0
2002-09-26,10850.0,10920.0,10550.0,10570.0
2002-09-27,10970.0,11600.0,10950.0,11300.0
2002-09-30,10700.0,11080.0,10690.0,10960.0
2002-10-01,10360.0,10560.0,9930.0,10070.0
2002-10-02,10200.0,10390.0,9790.0,9910.0
2002-10-03,9810.0,9960.0,9500.0,9510.0
2002-10-04,9010.0,9340.0,8970.0,9150.0
2002-10-07,9050.0,9050.0,8660.0,9020.0
2002-10-08,8920.0,9250.0,8520.0,8650.0
2002-10-09,8750.0,9100.0,8720.0,8820.0
2002-10-10,8720.0,8760.0,8330.0,8560.0
2002-10-11,8960.0,9500.0,8880.0,9260.0
2002-10-14,9260.0,9260.0,9260.0,9260.0
2002-10-15,9950.0,10070.0,9660.0,9870.0
2002-10-16,10250.0,10310.0,9850.0,9910.0
2002-10-17,9910.0,10180.0,9580.0,9740.0
2002-10-18,9910.0,10290.0,9910.0,10290.0
2002-10-21,10090.0,10280.0,9880.0,9990.0
2002-10-22,9920.0,9930.0,9440.0,9460.0
2002-10-23,9050.0,9460.0,8900.0,9460.0
2002-10-24,9430.0,9430.0,9060.0,9340.0
2002-10-25,9640.0,10120.0,9540.0,10030.0
2002-10-28,10030.0,10130.0,9770.0,10130.0
2002-10-29,10110.0,10110.0,9930.0,9950.0
2002-10-30,9750.0,10040.0,9740.0,9890.0
2002-10-31,9890.0,10020.0,9510.0,9700.0
2002-11-01,9600.0,9610.0,9290.0,9400.0
2002-11-04,9400.0,9400.0,9400.0,9400.0
2002-11-05,9850.0,10400.0,9830.0,10400.0
2002-11-06,10300.0,10700.0,10100.0,10250.0
2002-11-07,10400.0,10400.0,10100.0,10240.0
2002-11-08,9840.0,10000.0,9650.0,9650.0
2002-11-11,9660.0,9740.0,9360.0,9740.0
2002-11-12,9540.0,9820.0,9450.0,9720.0
2002-11-13,9710.0,9710.0,9520.0,9610.0
2002-11-14,9810.0,9980.0,9700.0,9910.0
2002-11-15,10210.0,10480.0,10110.0,10230.0
2002-11-18,10030.0,10200.0,9920.0,9980.0
2002-11-19,9950.0,10190.0,9950.0,10100.0
2002-11-20,10300.0,10800.0,10150.0,10290.0
2002-11-21,10890.0,11090.0,10710.0,11090.0
2002-11-22,11220.0,11730.0,11120.0,11600.0
2002-11-25,11400.0,11400.0,11100.0,11260.0
2002-11-26,11200.0,11320.0,10910.0,11070.0
2002-11-27,10800.0,11080.0,10690.0,10900.0
2002-11-28,11200.0,11590.0,11200.0,11380.0
2002-11-29,11390.0,11780.0,11230.0,11260.0
2002-12-02,11260.0,11260.0,11260.0,11260.0
2002-12-03,11590.0,11610.0,11250.0,11280.0
2002-12-04,11170.0,11170.0,10760.0,10970.0
2002-12-05,10860.0,11400.0,10820.0,11180.0
2002-12-06,11190.0,11200.0,10920.0,10960.0
2002-12-09,10970.0,11340.0,10910.0,10980.0
2002-12-10,10910.0,11270.0,10860.0,10960.0
2002-12-11,11300.0,11320.0,10970.0,11000.0
2002-12-12,11130.0,11230.0,11100.0,11190.0
2002-12-13,11110.0,11190.0,10600.0,10730.0
2002-12-16,10530.0,10900.0,10530.0,10850.0
2002-12-17,10870.0,11280.0,10870.0,11180.0
2002-12-18,11050.0,11170.0,10910.0,10960.0
2002-12-19,10960.0,11200.0,10830.0,11200.0
2002-12-20,11210.0,11210.0,10960.0,10990.0
2002-12-23,10990.0,10990.0,10990.0,10990.0
2002-12-24,11190.0,11190.0,11010.0,11150.0
2002-12-25,10970.0,11060.0,10930.0,10960.0
2002-12-26,11030.0,11180.0,10990.0,11150.0
2002-12-27,11110.0,11200.0,11070.0,11180.0
2002-12-30,11010.0,11140.0,10910.0,11140.0
2002-12-31,11140.0,11140.0,11140.0,11140.0
2003-01-01,11140.0,11140.0,11140.0,11140.0
2003-01-02,11140.0,11140.0,11140.0,11140.0
2003-01-03,11140.0,11140.0,11140.0,11140.0
2003-01-06,11150.0,11270.0,11150.0,11260.0
2003-01-07,11440.0,11440.0,10980.0,11120.0
2003-01-08,10920.0,11180.0,10920.0,11010.0
2003-01-09,10710.0,10720.0,10300.0,10500.0
2003-01-10,10700.0,10810.0,10590.0,10780.0
2003-01-13,10780.0,10780.0,10780.0,10780.0
2003-01-14,10790.0,11040.0,10790.0,10980.0
2003-01-15,10950.0,11150.0,10860.0,11150.0
2003-01-16,10980.0,11050.0,10700.0,11000.0
2003-01-17,10800.0,10950.0,10790.0,10860.0
2003-01-20,10610.0,10800.0,10390.0,10460.0
2003-01-21,10420.0,10640.0,10230.0,10630.0
2003-01-22,10640.0,10750.0,10510.0,10640.0
2003-01-23,10500.0,10710.0,10490.0,10570.0
2003-01-24,10500.0,10630.0,10350.0,10470.0
2003-01-27,10270.0,10380.0,10100.0,10250.0
2003-01-28,10050.0,10070.0,9810.0,9880.0
2003-01-29,9920.0,10060.0,9410.0,9670.0
2003-01-30,9630.0,9660.0,9450.0,9580.0
2003-01-31,9580.0,9580.0,9370.0,9450.0
2003-02-03,9250.0,9500.0,9150.0,9380.0
2003-02-04,9580.0,9800.0,9580.0,9730.0
2003-02-05,9730.0,9930.0,9660.0,9800.0
2003-02-06,9820.0,9900.0,9750.0,9780.0
2003-02-07,9680.0,9680.0,9390.0,9520.0
2003-02-10,9500.0,9520.0,9330.0,9390.0
2003-02-11,9390.0,9390.0,9390.0,9390.0
2003-02-12,9230.0,9630.0,9200.0,9500.0
2003-02-13,9450.0,9490.0,9260.0,9330.0
2003-02-14,9250.0,9320.0,9200.0,9290.0
2003-02-17,9390.0,9580.0,9350.0,9480.0
2003-02-18,9580.0,9650.0,9480.0,9500.0
2003-02-19,9500.0,9700.0,9460.0,9520.0
2003-02-20,9400.0,9400.0,9150.0,9240.0
2003-02-21,9150.0,9200.0,8980.0,9000.0
2003-02-24,9100.0,9290.0,9100.0,9260.0
2003-02-25,9060.0,9150.0,8960.0,9020.0
2003-02-26,8920.0,9200.0,8900.0,9130.0
2003-02-27,9050.0,9130.0,9050.0,9090.0
2003-02-28,9160.0,9160.0,9040.0,9050.0
2003-03-03,9120.0,9450.0,9120.0,9420.0
2003-03-04,9600.0,9680.0,9530.0,9650.0
2003-03-05,9700.0,9850.0,9650.0,9780.0
2003-03-06,9850.0,9860.0,9590.0,9610.0
2003-03-07,9500.0,9580.0,9360.0,9360.0
2003-03-10,9360.0,9470.0,9210.0,9410.0
2003-03-11,9310.0,9470.0,9180.0,9180.0
2003-03-12,9300.0,9550.0,9250.0,9490.0
2003-03-13,9400.0,9410.0,9310.0,9350.0
2003-03-14,9350.0,9490.0,9300.0,9350.0
2003-03-17,9300.0,9350.0,9200.0,9200.0
2003-03-18,9600.0,9770.0,9460.0,9700.0
2003-03-19,9710.0,9710.0,9320.0,9560.0
2003-03-20,9600.0,9730.0,9540.0,9650.0
2003-03-21,9650.0,9650.0,9650.0,9650.0
2003-03-24,9950.0,10250.0,9860.0,10250.0
2003-03-25,9890.0,9980.0,9550.0,9610.0
2003-03-26,9850.0,10200.0,9820.0,10040.0
2003-03-27,10050.0,10100.0,9800.0,9830.0
2003-03-28,9760.0,9920.0,9470.0,9650.0
2003-03-31,9750.0,9750.0,9280.0,9280.0
2003-04-01,9220.0,9400.0,9110.0,9160.0
2003-04-02,9260.0,9350.0,9080.0,9350.0
2003-04-03,9550.0,9560.0,9260.0,9410.0
2003-04-04,9310.0,9430.0,9160.0,9330.0
2003-04-07,9130.0,9590.0,9130.0,9550.0
2003-04-08,9500.0,9500.0,9230.0,9380.0
2003-04-09,9390.0,9530.0,9310.0,9450.0
2003-04-10,9170.0,9230.0,8840.0,8910.0
2003-04-11,8520.0,8760.0,8150.0,8300.0
2003-04-14,8500.0,8590.0,8200.0,8310.0
2003-04-15,8500.0,8670.0,8310.0,8360.0
2003-04-16,8760.0,9070.0,8630.0,8760.0
2003-04-17,8710.0,8780.0,8620.0,8700.0
2003-04-18,8720.0,8880.0,8690.0,8750.0
2003-04-21,8780.0,8890.0,8670.0,8880.0
2003-04-22,8780.0,8800.0,8620.0,8720.0
2003-04-23,8750.0,8840.0,8670.0,8700.0
2003-04-24,8900.0,9010.0,8690.0,8810.0
2003-04-25,8710.0,8840.0,8620.0,8670.0
2003-04-28,8420.0,8600.0,8300.0,8470.0
2003-04-29,8470.0,8470.0,8470.0,8470.0
2003-04-30,8650.0,8980.0,8580.0,8980.0
2003-05-01,8990.0,9050.0,8820.0,8870.0
2003-05-02,8880.0,8930.0,8720.0,8930.0
2003-05-05,8930.0,8930.0,8930.0,8930.0
2003-05-06,9220.0,9300.0,9170.0,9240.0
2003-05-07,9250.0,9300.0,9140.0,9240.0
2003-05-08,9010.0,9090.0,8990.0,9010.0
2003-05-09,8900.0,8980.0,8580.0,8720.0
2003-05-12,8620.0,8810.0,8570.0,8700.0
2003-05-13,8740.0,8970.0,8740.0,8820.0
2003-05-14,8750.0,8950.0,8650.0,8750.0
2003-05-15,8650.0,8670.0,8340.0,8370.0
2003-05-16,8170.0,8530.0,8170.0,8400.0
2003-05-19,8310.0,8400.0,8160.0,8270.0
2003-05-20,8170.0,8430.0,8160.0,8430.0
2003-05-21,8370.0,8430.0,8060.0,8180.0
2003-05-22,7980.0,8080.0,7810.0,7840.0
2003-05-23,7640.0,7970.0,7590.0,7900.0
2003-05-26,8370.0,8750.0,8350.0,8620.0
2003-05-27,8820.0,9050.0,8750.0,8750.0
2003-05-28,8850.0,8870.0,8700.0,8740.0
2003-05-29,8740.0,8900.0,8740.0,8860.0
2003-05-30,8920.0,9160.0,8890.0,9160.0
2003-06-02,9300.0,9610.0,9290.0,9500.0
2003-06-03,9680.0,9680.0,9410.0,9490.0
2003-06-04,9590.0,9630.0,9470.0,9560.0
2003-06-05,9570.0,9680.0,9550.0,9580.0
2003-06-06,9510.0,9630.0,9370.0,9520.0
2003-06-09,9530.0,9920.0,9410.0,9900.0
2003-06-10,9700.0,9850.0,9580.0,9810.0
2003-06-11,9810.0,10050.0,9810.0,9920.0
2003-06-12,9990.0,10000.0,9810.0,9840.0
2003-06-13,10040.0,10120.0,9950.0,10080.0
2003-06-16,9780.0,9890.0,9630.0,9710.0
2003-06-17,9900.0,10040.0,9850.0,9970.0
2003-06-18,10140.0,10450.0,10140.0,10200.0
2003-06-19,10390.0,10410.0,10190.0,10300.0
2003-06-20,10020.0,10250.0,10010.0,10010.0
2003-06-23,10210.0,10280.0,9900.0,10030.0
2003-06-24,10000.0,10160.0,9980.0,10000.0
2003-06-25,10040.0,10140.0,9990.0,10060.0
2003-06-26,10070.0,10070.0,9990.0,9990.0
2003-06-27,10120.0,10300.0,10100.0,10270.0
2003-06-30,10120.0,10290.0,10110.0,10110.0
2003-07-01,10030.0,10390.0,10030.0,10350.0
2003-07-02,10520.0,11600.0,10450.0,11410.0
2003-07-03,11670.0,11950.0,10870.0,11310.0
2003-07-04,11140.0,11470.0,11080.0,11460.0
2003-07-07,11260.0,11930.0,11260.0,11900.0
2003-07-08,12030.0,12650.0,11900.0,12090.0
2003-07-09,12100.0,12180.0,11750.0,11960.0
2003-07-10,12000.0,12500.0,11900.0,12100.0
2003-07-11,12110.0,12290.0,11610.0,11920.0
2003-07-14,11800.0,11830.0,11400.0,11400.0
2003-07-15,11750.0,11900.0,11690.0,11800.0
2003-07-16,11700.0,11750.0,11470.0,11570.0
2003-07-17,11570.0,11570.0,11260.0,11260.0
2003-07-18,10860.0,11030.0,10800.0,10950.0
2003-07-21,10950.0,10950.0,10950.0,10950.0
2003-07-22,11050.0,11360.0,10850.0,11080.0
2003-07-23,11280.0,11480.0,11280.0,11410.0
2003-07-24,11420.0,11730.0,11400.0,11520.0
2003-07-25,11690.0,11750.0,11350.0,11600.0
2003-07-28,12000.0,12030.0,11770.0,11810.0
2003-07-29,11920.0,11990.0,11770.0,11940.0
2003-07-30,11870.0,11870.0,11460.0,11460.0
2003-07-31,11400.0,11580.0,11170.0,11300.0
2003-08-01,11700.0,11700.0,11360.0,11410.0
2003-08-04,11410.0,11790.0,11350.0,11590.0
2003-08-05,11530.0,11690.0,11390.0,11690.0
2003-08-06,11290.0,11540.0,11290.0,11470.0
2003-08-07,11470.0,11470.0,10990.0,11000.0
2003-08-08,10900.0,11250.0,10900.0,11060.0
2003-08-11,11230.0,11460.0,11220.0,11320.0
2003-08-12,11320.0,11970.0,11320.0,11960.0
2003-08-13,12020.0,12380.0,12020.0,12080.0
2003-08-14,12020.0,12090.0,11890.0,12020.0
2003-08-15,12120.0,12120.0,12120.0,12120.0
2003-08-18,12130.0,12190.0,11930.0,12020.0
2003-08-19,12380.0,12730.0,12360.0,12660.0
2003-08-20,12980.0,13140.0,12830.0,13060.0
2003-08-21,13190.0,13430.0,13190.0,13240.0
2003-08-22,13490.0,13490.0,13230.0,13390.0
2003-08-25,13580.0,13850.0,13490.0,13500.0
2003-08-26,13350.0,13450.0,13080.0,13280.0
2003-08-27,13500.0,13650.0,13400.0,13400.0
2003-08-28,13500.0,13500.0,13160.0,13240.0
2003-08-29,13250.0,13270.0,12960.0,12980.0
2003-09-01,12980.0,13540.0,12960.0,13540.0
2003-09-02,13130.0,13310.0,13030.0,13160.0
2003-09-03,13160.0,13300.0,12760.0,12900.0
2003-09-04,13000.0,13030.0,12550.0,12550.0
2003-09-05,12630.0,12790.0,12540.0,12650.0
2003-09-08,12500.0,12600.0,12400.0,12430.0
2003-09-09,12630.0,13080.0,12630.0,13070.0
2003-09-10,13070.0,13080.0,12810.0,12950.0
2003-09-11,12880.0,12900.0,12660.0,12790.0
2003-09-12,12750.0,12750.0,12500.0,12610.0
2003-09-15,12610.0,12610.0,12610.0,12610.0
2003-09-16,12530.0,12620.0,12320.0,12350.0
2003-09-17,12400.0,12590.0,12230.0,12370.0
2003-09-18,12370.0,12620.0,12150.0,12400.0
2003-09-19,12400.0,12410.0,11980.0,11980.0
2003-09-22,12000.0,12000.0,11110.0,11320.0
2003-09-23,11320.0,11320.0,11320.0,11320.0
2003-09-24,11400.0,11840.0,10980.0,11270.0
2003-09-25,10650.0,10990.0,10570.0,10930.0
2003-09-26,11530.0,11790.0,11310.0,11560.0
2003-09-29,11930.0,11930.0,11500.0,11530.0
2003-09-30,12130.0,12150.0,11780.0,11780.0
2003-10-01,11220.0,11630.0,11050.0,11600.0
2003-10-02,11900.0,12210.0,11880.0,12160.0
2003-10-03,11960.0,12250.0,11960.0,12170.0
2003-10-06,12240.0,12370.0,12070.0,12070.0
2003-10-07,12240.0,12470.0,12200.0,12470.0
2003-10-08,12480.0,12520.0,12100.0,12100.0
2003-10-09,12100.0,12250.0,12010.0,12050.0
2003-10-10,12060.0,12420.0,11880.0,12270.0
2003-10-13,12270.0,12270.0,12270.0,12270.0
2003-10-14,12460.0,12660.0,12410.0,12410.0
2003-10-15,12650.0,12950.0,12610.0,12850.0
2003-10-16,13050.0,13330.0,12800.0,13300.0
2003-10-17,13500.0,13860.0,13450.0,13500.0
2003-10-20,13500.0,13570.0,13350.0,13370.0
2003-10-21,13500.0,13550.0,13060.0,13470.0
2003-10-22,13480.0,13540.0,13170.0,13330.0
2003-10-23,13020.0,13110.0,12460.0,12600.0
2003-10-24,12650.0,12770.0,12220.0,12370.0
2003-10-27,12450.0,13220.0,12450.0,13050.0
2003-10-28,13230.0,13360.0,12890.0,13160.0
2003-10-29,13410.0,13540.0,12990.0,13240.0
2003-10-30,13380.0,13470.0,13230.0,13380.0
2003-10-31,13390.0,13460.0,13230.0,13230.0
2003-11-03,13230.0,13230.0,13230.0,13230.0
2003-11-04,13720.0,13900.0,13600.0,13660.0
2003-11-05,13720.0,14060.0,13570.0,14060.0
2003-11-06,14060.0,14060.0,13620.0,13620.0
2003-11-07,13950.0,13980.0,13500.0,13510.0
2003-11-10,13910.0,14750.0,13650.0,13650.0
2003-11-11,13250.0,13340.0,12960.0,12990.0
2003-11-12,12990.0,13050.0,12320.0,12470.0
2003-11-13,12540.0,12930.0,12080.0,12880.0
2003-11-14,12580.0,12780.0,12350.0,12450.0
2003-11-17,12130.0,12210.0,11900.0,12040.0
2003-11-18,11640.0,11920.0,11460.0,11810.0
2003-11-19,11350.0,12050.0,11350.0,11630.0
2003-11-20,11990.0,12140.0,11830.0,12090.0
2003-11-21,12410.0,12410.0,12170.0,12170.0
2003-11-24,12170.0,12170.0,12170.0,12170.0
2003-11-25,12770.0,12820.0,12550.0,12780.0
2003-11-26,12850.0,13140.0,12610.0,13080.0
2003-11-27,13180.0,13180.0,13000.0,13090.0
2003-11-28,13020.0,13080.0,13000.0,13060.0
2003-12-01,13070.0,13830.0,12910.0,13650.0
2003-12-02,13470.0,13590.0,13050.0,13190.0
2003-12-03,13590.0,13840.0,13510.0,13800.0
2003-12-04,13790.0,13840.0,13550.0,13610.0
2003-12-05,13690.0,13750.0,13210.0,13400.0
2003-12-08,13130.0,13160.0,12780.0,12960.0
2003-12-09,12760.0,12820.0,12430.0,12750.0
2003-12-10,12370.0,12630.0,12240.0,12450.0
2003-12-11,12600.0,12600.0,12320.0,12450.0
2003-12-12,12650.0,12960.0,12540.0,12580.0
2003-12-15,12780.0,12990.0,12740.0,12860.0
2003-12-16,12660.0,12660.0,12390.0,12390.0
2003-12-17,12340.0,12390.0,11990.0,12010.0
2003-12-18,12050.0,12310.0,12050.0,12140.0
2003-12-19,12490.0,12520.0,12200.0,12320.0
2003-12-22,12460.0,12710.0,12440.0,12700.0
2003-12-23,12700.0,12700.0,12700.0,12700.0
2003-12-24,12560.0,12700.0,12390.0,12400.0
2003-12-25,12420.0,12590.0,12420.0,12590.0
2003-12-26,12700.0,12780.0,12500.0,12780.0
2003-12-29,12790.0,13110.0,12790.0,13020.0
2003-12-30,13350.0,13350.0,13200.0,13340.0
2003-12-31,13340.0,13340.0,13340.0,13340.0
2004-01-01,13340.0,13340.0,13340.0,13340.0
2004-01-02,13340.0,13340.0,13340.0,13340.0
2004-01-05,13430.0,13430.0,13170.0,13270.0
2004-01-06,13340.0,13430.0,13230.0,13320.0
2004-01-07,13330.0,13370.0,13140.0,13260.0
2004-01-08,13290.0,14370.0,13250.0,13520.0
2004-01-09,13520.0,13720.0,13480.0,13690.0
2004-01-12,13690.0,13690.0,13690.0,13690.0
2004-01-13,13840.0,13840.0,13400.0,13500.0
2004-01-14,13220.0,13360.0,13140.0,13250.0
2004-01-15,13250.0,13250.0,12680.0,12680.0
2004-01-16,12800.0,12990.0,12800.0,12950.0
2004-01-19,12950.0,13290.0,12920.0,13110.0
2004-01-20,13240.0,13550.0,13140.0,13340.0
2004-01-21,13280.0,13340.0,13190.0,13200.0
2004-01-22,13000.0,13050.0,12620.0,12820.0
2004-01-23,12830.0,12900.0,12650.0,12790.0
2004-01-26,12700.0,12710.0,12460.0,12490.0
2004-01-27,12690.0,12900.0,12490.0,12500.0
2004-01-28,12350.0,12400.0,12040.0,12150.0
2004-01-29,12040.0,12230.0,12000.0,12230.0
2004-01-30,12100.0,12150.0,11960.0,12000.0
2004-02-02,12180.0,12220.0,11820.0,11820.0
2004-02-03,11660.0,11730.0,11300.0,11620.0
2004-02-04,11600.0,11600.0,11310.0,11360.0
2004-02-05,11220.0,11560.0,11220.0,11430.0
2004-02-06,11600.0,11700.0,11400.0,11500.0
2004-02-09,11800.0,11890.0,11640.0,11740.0
2004-02-10,11540.0,11680.0,11250.0,11470.0
2004-02-11,11470.0,11470.0,11470.0,11470.0
2004-02-12,11590.0,11610.0,11320.0,11380.0
2004-02-13,11200.0,11330.0,10860.0,11050.0
2004-02-16,11250.0,11540.0,11250.0,11540.0
2004-02-17,11540.0,12000.0,11540.0,11830.0
2004-02-18,12230.0,12290.0,11930.0,11930.0
2004-02-19,12130.0,12230.0,11990.0,12210.0
2004-02-20,12300.0,12400.0,12190.0,12190.0
2004-02-23,12220.0,12430.0,12200.0,12370.0
2004-02-24,12340.0,12340.0,11930.0,12040.0
2004-02-25,12000.0,12000.0,11600.0,11800.0
2004-02-26,11900.0,12250.0,11890.0,12210.0
2004-02-27,12640.0,12900.0,12580.0,12810.0
2004-03-01,12930.0,13150.0,12790.0,12900.0
2004-03-02,12850.0,12880.0,12520.0,12600.0
2004-03-03,12690.0,12980.0,12610.0,12910.0
2004-03-04,12710.0,13000.0,12700.0,12960.0
2004-03-05,13000.0,13070.0,12800.0,12970.0
2004-03-08,13180.0,13450.0,13170.0,13300.0
2004-03-09,13100.0,13150.0,12700.0,13000.0
2004-03-10,12610.0,12640.0,12420.0,12560.0
2004-03-11,12160.0,12440.0,12100.0,12180.0
2004-03-12,12150.0,12380.0,12120.0,12190.0
2004-03-15,12420.0,12440.0,12100.0,12130.0
2004-03-16,12140.0,12160.0,12020.0,12020.0
2004-03-17,12000.0,12280.0,12000.0,12230.0
2004-03-18,12430.0,12430.0,12220.0,12220.0
2004-03-19,12120.0,12180.0,12030.0,12060.0
2004-03-22,12070.0,12180.0,11930.0,12170.0
2004-03-23,12000.0,12300.0,11810.0,12290.0
2004-03-24,12170.0,12190.0,12010.0,12190.0
2004-03-25,12050.0,12270.0,12050.0,12270.0
2004-03-26,12500.0,12730.0,12490.0,12600.0
2004-03-29,12700.0,12770.0,12610.0,12710.0
2004-03-30,12800.0,12830.0,12530.0,12580.0
2004-03-31,12640.0,12710.0,12400.0,12410.0
2004-04-01,12530.0,12600.0,12140.0,12180.0
2004-04-02,12270.0,12680.0,12200.0,12650.0
2004-04-05,12950.0,13260.0,12940.0,13250.0
2004-04-06,13650.0,13880.0,13420.0,13810.0
2004-04-07,13510.0,13610.0,13300.0,13330.0
2004-04-08,13290.0,13570.0,13270.0,13300.0
2004-04-09,13190.0,13270.0,13100.0,13220.0
2004-04-12,13150.0,13560.0,13150.0,13360.0
2004-04-13,13460.0,13490.0,13300.0,13340.0
2004-04-14,13090.0,13200.0,13020.0,13080.0
2004-04-15,13160.0,13200.0,12700.0,12920.0
2004-04-16,12830.0,13150.0,12650.0,13070.0
2004-04-19,13020.0,13060.0,12760.0,12770.0
2004-04-20,12970.0,13280.0,12860.0,13150.0
2004-04-21,13160.0,13240.0,12980.0,13060.0
2004-04-22,13260.0,13270.0,13000.0,13000.0
2004-04-23,13200.0,13520.0,13140.0,13490.0
2004-04-26,13450.0,13460.0,13300.0,13330.0
2004-04-27,13280.0,13280.0,13030.0,13050.0
2004-04-28,13250.0,13250.0,13030.0,13110.0
2004-04-29,13110.0,13110.0,13110.0,13110.0
2004-04-30,12530.0,12730.0,12530.0,12650.0
2004-05-03,12650.0,12650.0,12650.0,12650.0
2004-05-04,12650.0,12650.0,12650.0,12650.0
2004-05-05,12650.0,12650.0,12650.0,12650.0
2004-05-06,12650.0,12650.0,12250.0,12300.0
2004-05-07,12100.0,12340.0,12100.0,12150.0
2004-05-10,12100.0,12240.0,11700.0,11890.0
2004-05-11,12000.0,12360.0,11900.0,12090.0
2004-05-12,12490.0,12490.0,12050.0,12360.0
2004-05-13,12100.0,12140.0,11500.0,11500.0
2004-05-14,11750.0,11860.0,11530.0,11800.0
2004-05-17,11600.0,11660.0,11220.0,11290.0
2004-05-18,11200.0,11430.0,11160.0,11300.0
2004-05-19,11280.0,11570.0,11170.0,11480.0
2004-05-20,11430.0,11840.0,11240.0,11600.0
2004-05-21,11600.0,11800.0,11520.0,11680.0
2004-05-24,11850.0,11940.0,11760.0,11900.0
2004-05-25,11910.0,11910.0,11480.0,11540.0
2004-05-26,11730.0,11860.0,11660.0,11660.0
2004-05-27,11930.0,12060.0,11820.0,11930.0
2004-05-28,12030.0,12090.0,11800.0,11800.0
2004-05-31,11930.0,12120.0,11830.0,12080.0
2004-06-01,12140.0,12140.0,12030.0,12120.0
2004-06-02,12050.0,12150.0,11950.0,12070.0
2004-06-03,12050.0,12060.0,11800.0,11870.0
2004-06-04,11880.0,12000.0,11810.0,11930.0
2004-06-07,12000.0,12380.0,12000.0,12350.0
2004-06-08,12440.0,12540.0,12350.0,12430.0
2004-06-09,12500.0,12500.0,12190.0,12190.0
2004-06-10,11990.0,12450.0,11960.0,12380.0
2004-06-11,12580.0,12590.0,12400.0,12430.0
2004-06-14,12450.0,12500.0,12130.0,12250.0
2004-06-15,12000.0,12050.0,11830.0,11930.0
2004-06-16,12110.0,12220.0,12030.0,12110.0
2004-06-17,12200.0,12200.0,12000.0,12150.0
2004-06-18,11870.0,12070.0,11670.0,11810.0
2004-06-21,11930.0,12080.0,11860.0,11900.0
2004-06-22,11800.0,11850.0,11520.0,11620.0
2004-06-23,11650.0,11650.0,11460.0,11500.0
2004-06-24,11560.0,11660.0,11480.0,11640.0
2004-06-25,11550.0,11750.0,11430.0,11750.0
2004-06-28,11950.0,12110.0,11880.0,12110.0
2004-06-29,12100.0,12100.0,11820.0,11930.0
2004-06-30,12040.0,12040.0,11800.0,11800.0
2004-07-01,12120.0,12170.0,11930.0,12000.0
2004-07-02,11810.0,11850.0,11730.0,11790.0
2004-07-05,11660.0,11850.0,11660.0,11850.0
2004-07-06,11860.0,11970.0,11610.0,11640.0
2004-07-07,11600.0,11800.0,11500.0,11760.0
2004-07-08,11600.0,11670.0,11480.0,11590.0
2004-07-09,11570.0,11800.0,11540.0,11670.0
2004-07-12,11840.0,11880.0,11740.0,11760.0
2004-07-13,11770.0,11770.0,11620.0,11640.0
2004-07-14,11680.0,11720.0,11450.0,11480.0
2004-07-15,11620.0,11620.0,11320.0,11390.0
2004-07-16,11400.0,11560.0,11220.0,11430.0
2004-07-19,11430.0,11430.0,11430.0,11430.0
2004-07-20,11400.0,11450.0,11170.0,11270.0
2004-07-21,11330.0,11470.0,11330.0,11390.0
2004-07-22,11220.0,11280.0,11050.0,11140.0
2004-07-23,11070.0,11090.0,10740.0,10870.0
2004-07-26,10650.0,10790.0,10640.0,10750.0
2004-07-27,10740.0,10950.0,10660.0,10790.0
2004-07-28,10970.0,11130.0,10760.0,11070.0
2004-07-29,10960.0,10970.0,10650.0,10690.0
2004-07-30,10880.0,10950.0,10820.0,10900.0
2004-08-02,10910.0,11070.0,10900.0,11040.0
2004-08-03,11070.0,11070.0,10780.0,10800.0
2004-08-04,10800.0,10860.0,10530.0,10560.0
2004-08-05,10610.0,10680.0,10530.0,10570.0
2004-08-06,10570.0,10700.0,10520.0,10700.0
2004-08-09,10550.0,10620.0,10420.0,10560.0
2004-08-10,10450.0,10580.0,10420.0,10560.0
2004-08-11,10760.0,10820.0,10660.0,10760.0
2004-08-12,10600.0,10780.0,10580.0,10720.0
2004-08-13,10610.0,10630.0,10470.0,10540.0
2004-08-16,10330.0,10330.0,10070.0,10090.0
2004-08-17,10280.0,10470.0,10220.0,10310.0
2004-08-18,10510.0,10620.0,10400.0,10400.0
2004-08-19,10780.0,10780.0,10560.0,10660.0
2004-08-20,10500.0,10680.0,10500.0,10650.0
2004-08-23,10680.0,10800.0,10660.0,10750.0
2004-08-24,10730.0,10780.0,10620.0,10710.0
2004-08-25,10630.0,10780.0,10530.0,10750.0
2004-08-26,10900.0,10950.0,10670.0,10710.0
2004-08-27,10700.0,10730.0,10600.0,10720.0
2004-08-30,10640.0,10710.0,10510.0,10630.0
2004-08-31,10430.0,10550.0,10390.0,10510.0
2004-09-01,10430.0,10680.0,10430.0,10630.0
2004-09-02,10600.0,10670.0,10570.0,10640.0
2004-09-03,10540.0,10560.0,10250.0,10310.0
2004-09-06,10250.0,10320.0,10130.0,10320.0
2004-09-07,10250.0,10430.0,10210.0,10410.0
2004-09-08,10580.0,10850.0,10520.0,10640.0
2004-09-09,10420.0,10530.0,10270.0,10290.0
2004-09-10,10490.0,10570.0,10430.0,10460.0
2004-09-13,10660.0,10870.0,10640.0,10820.0
2004-09-14,10980.0,11120.0,10970.0,11060.0
2004-09-15,11100.0,11160.0,10790.0,10790.0
2004-09-16,10690.0,10950.0,10660.0,10710.0
2004-09-17,10900.0,10910.0,10800.0,10890.0
2004-09-20,10890.0,10890.0,10890.0,10890.0
2004-09-21,10850.0,11150.0,10800.0,10800.0
2004-09-22,10850.0,10950.0,10540.0,10590.0
2004-09-23,10590.0,10590.0,10590.0,10590.0
2004-09-24,10510.0,10560.0,10370.0,10460.0
2004-09-27,10630.0,10830.0,10510.0,10610.0
2004-09-28,10400.0,10480.0,10320.0,10410.0
2004-09-29,10490.0,10510.0,10110.0,10270.0
2004-09-30,10310.0,10560.0,10310.0,10550.0
2004-10-01,10480.0,10530.0,10370.0,10500.0
2004-10-04,10700.0,11150.0,10620.0,10910.0
2004-10-05,10990.0,11080.0,10870.0,10900.0
2004-10-06,11030.0,11260.0,10970.0,10980.0
2004-10-07,11180.0,11260.0,11000.0,11020.0
2004-10-08,11000.0,11230.0,10960.0,11040.0
2004-10-11,11040.0,11040.0,11040.0,11040.0
2004-10-12,10840.0,10960.0,10750.0,10800.0
2004-10-13,10740.0,10920.0,10740.0,10850.0
2004-10-14,10650.0,10780.0,10620.0,10650.0
2004-10-15,10630.0,10650.0,10430.0,10520.0
2004-10-18,10540.0,10540.0,10440.0,10490.0
2004-10-19,10600.0,10650.0,10550.0,10590.0
2004-10-20,10550.0,10680.0,10410.0,10500.0
2004-10-21,10630.0,10720.0,10570.0,10600.0
2004-10-22,10760.0,10910.0,10730.0,10860.0
2004-10-25,10810.0,11210.0,10710.0,11140.0
2004-10-26,11150.0,11390.0,11140.0,11320.0
2004-10-27,11720.0,11780.0,11240.0,11410.0
2004-10-28,11590.0,11620.0,11450.0,11590.0
2004-10-29,11190.0,11460.0,11190.0,11350.0
2004-11-01,11530.0,11560.0,11380.0,11540.0
2004-11-02,11660.0,11730.0,11550.0,11630.0
2004-11-03,11630.0,11630.0,11630.0,11630.0
2004-11-04,11870.0,12060.0,11820.0,11910.0
2004-11-05,11910.0,11970.0,11640.0,11900.0
2004-11-08,11790.0,11800.0,11640.0,11710.0
2004-11-09,11630.0,11780.0,11490.0,11600.0
2004-11-10,11640.0,11760.0,11460.0,11590.0
2004-11-11,11520.0,11650.0,11480.0,11550.0
2004-11-12,11450.0,11550.0,11390.0,11520.0
2004-11-15,11500.0,11820.0,11500.0,11820.0
2004-11-16,11730.0,11940.0,11620.0,11620.0
2004-11-17,11460.0,11600.0,11420.0,11420.0
2004-11-18,11440.0,11730.0,11410.0,11430.0
2004-11-19,11630.0,11730.0,11540.0,11580.0
2004-11-22,11360.0,11500.0,11230.0,11500.0
2004-11-23,11500.0,11500.0,11500.0,11500.0
2004-11-24,11490.0,11520.0,11400.0,11460.0
2004-11-25,11450.0,11550.0,11380.0,11450.0
2004-11-26,11360.0,11530.0,11320.0,11320.0
2004-11-29,11310.0,11540.0,11310.0,11430.0
2004-11-30,11520.0,11520.0,11300.0,11360.0
2004-12-01,11230.0,11300.0,11040.0,11130.0
2004-12-02,11250.0,11330.0,11100.0,11260.0
2004-12-03,11460.0,11600.0,11440.0,11490.0
2004-12-06,11480.0,11550.0,11470.0,11540.0
2004-12-07,11680.0,11730.0,11520.0,11540.0
2004-12-08,11350.0,11610.0,11350.0,11610.0
2004-12-09,11600.0,11600.0,11310.0,11470.0
2004-12-10,11310.0,11350.0,11080.0,11220.0
2004-12-13,11120.0,11180.0,10810.0,10860.0
2004-12-14,10850.0,11040.0,10650.0,11030.0
2004-12-15,11020.0,11150.0,10900.0,11000.0
2004-12-16,11100.0,11360.0,11070.0,11270.0
2004-12-17,11110.0,11280.0,11030.0,11190.0
2004-12-20,11240.0,11250.0,11180.0,11190.0
2004-12-21,11280.0,11430.0,11260.0,11380.0
2004-12-22,11410.0,11460.0,11330.0,11420.0
2004-12-23,11420.0,11420.0,11420.0,11420.0
2004-12-24,11480.0,11700.0,11480.0,11660.0
2004-12-27,11620.0,11660.0,11560.0,11630.0
2004-12-28,11600.0,11680.0,11490.0,11650.0
2004-12-29,11630.0,11700.0,11520.0,11520.0
2004-12-30,11610.0,11730.0,11600.0,11730.0
2004-12-31,11730.0,11730.0,11730.0,11730.0
2005-01-03,11730.0,11730.0,11730.0,11730.0
2005-01-04,11690.0,11690.0,11550.0,11550.0
2005-01-05,11590.0,11840.0,11570.0,11710.0
2005-01-06,11720.0,11720.0,11460.0,11550.0
2005-01-07,11550.0,11640.0,11310.0,11330.0
2005-01-10,11330.0,11330.0,11330.0,11330.0
2005-01-11,11530.0,11830.0,11510.0,11650.0
2005-01-12,11680.0,11760.0,11530.0,11580.0
2005-01-13,11780.0,12000.0,11740.0,11900.0
2005-01-14,12500.0,12700.0,12410.0,12640.0
2005-01-17,12550.0,12610.0,12460.0,12550.0
2005-01-18,12490.0,12490.0,12340.0,12440.0
2005-01-19,12350.0,12370.0,12050.0,12120.0
2005-01-20,12050.0,12060.0,11880.0,11900.0
2005-01-21,11700.0,12080.0,11680.0,12030.0
2005-01-24,12230.0,12470.0,12130.0,12460.0
2005-01-25,12270.0,12300.0,12140.0,12190.0
2005-01-26,12250.0,12390.0,12170.0,12250.0
2005-01-27,12390.0,12430.0,12320.0,12370.0
2005-01-28,12310.0,12330.0,12120.0,12170.0
2005-01-31,11970.0,12140.0,11770.0,12100.0
2005-02-01,12100.0,12100.0,11920.0,12010.0
2005-02-02,12170.0,12170.0,11840.0,11970.0
2005-02-03,11830.0,11950.0,11770.0,11850.0
2005-02-04,11860.0,11890.0,11740.0,11890.0
2005-02-07,12030.0,12100.0,11890.0,12100.0
2005-02-08,12100.0,12100.0,11960.0,12050.0
2005-02-09,12030.0,12110.0,11990.0,12080.0
2005-02-10,11960.0,12220.0,11900.0,12190.0
2005-02-11,12190.0,12190.0,12190.0,12190.0
2005-02-14,12300.0,12410.0,12210.0,12380.0
2005-02-15,12380.0,12430.0,12290.0,12370.0
2005-02-16,12500.0,12820.0,12440.0,12700.0
2005-02-17,12550.0,12650.0,12470.0,12550.0
2005-02-18,12360.0,12700.0,12360.0,12660.0
2005-02-21,12680.0,12680.0,12470.0,12490.0
2005-02-22,12350.0,12400.0,12150.0,12160.0
2005-02-23,12060.0,12100.0,11970.0,12070.0
2005-02-24,12200.0,12420.0,12150.0,12360.0
2005-02-25,12560.0,12670.0,12530.0,12530.0
2005-02-28,12530.0,12750.0,12470.0,12730.0
2005-03-01,12670.0,12800.0,12650.0,12740.0
2005-03-02,12740.0,13030.0,12740.0,12900.0
2005-03-03,12900.0,12900.0,12750.0,12850.0
2005-03-04,12700.0,12770.0,12570.0,12650.0
2005-03-07,12720.0,12940.0,12720.0,12860.0
2005-03-08,12860.0,12860.0,12640.0,12770.0
2005-03-09,12630.0,12870.0,12600.0,12650.0
2005-03-10,12520.0,12680.0,12320.0,12510.0
2005-03-11,12520.0,12660.0,12430.0,12530.0
2005-03-14,12450.0,12560.0,12350.0,12510.0
2005-03-15,12650.0,12650.0,12370.0,12420.0
2005-03-16,12340.0,12440.0,12320.0,12360.0
2005-03-17,12350.0,12350.0,12090.0,12090.0
2005-03-18,12180.0,12370.0,12170.0,12370.0
2005-03-21,12370.0,12370.0,12370.0,12370.0
2005-03-22,12220.0,12300.0,12090.0,12120.0
2005-03-23,12090.0,12120.0,12010.0,12110.0
2005-03-24,12100.0,12220.0,12040.0,12050.0
2005-03-25,12130.0,12340.0,12130.0,12320.0
2005-03-28,12370.0,12570.0,12370.0,12410.0
2005-03-29,12400.0,12400.0,12090.0,12110.0
2005-03-30,11910.0,12030.0,11850.0,12000.0
2005-03-31,12000.0,12290.0,12000.0,12130.0
2005-04-01,12010.0,12180.0,11940.0,12060.0
2005-04-04,12130.0,12340.0,12110.0,12240.0
2005-04-05,12350.0,12490.0,12300.0,12360.0
2005-04-06,12450.0,12530.0,12430.0,12490.0
2005-04-07,12500.0,12540.0,12320.0,12420.0
2005-04-08,12410.0,12720.0,12410.0,12670.0
2005-04-11,12610.0,12610.0,12430.0,12490.0
2005-04-12,12350.0,12360.0,12160.0,12200.0
2005-04-13,12280.0,12390.0,12270.0,12330.0
2005-04-14,12150.0,12230.0,12080.0,12160.0
2005-04-15,12010.0,12050.0,11760.0,11850.0
2005-04-18,11530.0,11560.0,11220.0,11250.0
2005-04-19,11650.0,11670.0,11470.0,11620.0
2005-04-20,11750.0,11750.0,11520.0,11540.0
2005-04-21,11360.0,11480.0,11280.0,11420.0
2005-04-22,11540.0,11550.0,11320.0,11360.0
2005-04-25,11200.0,11350.0,11120.0,11300.0
2005-04-26,11300.0,11310.0,11180.0,11240.0
2005-04-27,11050.0,11190.0,11010.0,11050.0
2005-04-28,11070.0,11080.0,10910.0,11050.0
2005-04-29,11050.0,11050.0,11050.0,11050.0
2005-05-02,10960.0,11080.0,10930.0,11020.0
2005-05-03,11020.0,11020.0,11020.0,11020.0
2005-05-04,11020.0,11020.0,11020.0,11020.0
2005-05-05,11020.0,11020.0,11020.0,11020.0
2005-05-06,11080.0,11170.0,11040.0,11170.0
2005-05-09,11170.0,11170.0,10960.0,11030.0
2005-05-10,11120.0,11310.0,11120.0,11270.0
2005-05-11,11210.0,11210.0,11070.0,11110.0
2005-05-12,11120.0,11160.0,11080.0,11120.0
2005-05-13,11000.0,11100.0,10950.0,11020.0
2005-05-16,11020.0,11050.0,10810.0,10880.0
2005-05-17,11030.0,11050.0,10880.0,10980.0
2005-05-18,10880.0,11100.0,10880.0,10980.0
2005-05-19,11290.0,11400.0,11160.0,11340.0
2005-05-20,11470.0,11500.0,11340.0,11470.0
2005-05-23,11070.0,11260.0,10970.0,11220.0
2005-05-24,11110.0,11240.0,11060.0,11170.0
2005-05-25,11130.0,11150.0,10900.0,10900.0
2005-05-26,11090.0,11090.0,10940.0,11010.0
2005-05-27,11120.0,11330.0,11090.0,11270.0
2005-05-30,11330.0,11570.0,11330.0,11500.0
2005-05-31,11500.0,11620.0,11500.0,11550.0
2005-06-01,11420.0,11600.0,11400.0,11580.0
2005-06-02,11670.0,11770.0,11610.0,11640.0
2005-06-03,11630.0,11640.0,11470.0,11500.0
2005-06-06,11410.0,11450.0,11310.0,11370.0
2005-06-07,11410.0,11500.0,11280.0,11300.0
2005-06-08,11300.0,11420.0,11290.0,11330.0
2005-06-09,11440.0,11440.0,11310.0,11370.0
2005-06-10,11480.0,11520.0,11460.0,11500.0
2005-06-13,11350.0,11530.0,11350.0,11450.0
2005-06-14,11500.0,11560.0,11440.0,11480.0
2005-06-15,11420.0,11520.0,11420.0,11500.0
2005-06-16,11510.0,11530.0,11430.0,11440.0
2005-06-17,11560.0,11840.0,11560.0,11760.0
2005-06-20,11870.0,11880.0,11800.0,11800.0
2005-06-21,11740.0,11820.0,11660.0,11660.0
2005-06-22,11640.0,11710.0,11580.0,11620.0
2005-06-23,11770.0,11770.0,11530.0,11560.0
2005-06-24,11540.0,11820.0,11520.0,11810.0
2005-06-27,11810.0,11810.0,11660.0,11730.0
2005-06-28,11650.0,11940.0,11640.0,11890.0
2005-06-29,11920.0,12140.0,11920.0,12040.0
2005-06-30,12050.0,12160.0,12050.0,12100.0
2005-07-01,12100.0,12230.0,12090.0,12210.0
2005-07-04,12220.0,12260.0,12130.0,12240.0
2005-07-05,12210.0,12320.0,12210.0,12310.0
2005-07-06,12300.0,12330.0,12230.0,12230.0
2005-07-07,12210.0,12210.0,12120.0,12200.0
2005-07-08,12200.0,12280.0,12070.0,12090.0
2005-07-11,12160.0,12280.0,12160.0,12190.0
2005-07-12,12130.0,12250.0,12110.0,12150.0
2005-07-13,12100.0,12160.0,12060.0,12130.0
2005-07-14,12050.0,12180.0,12050.0,12130.0
2005-07-15,12190.0,12230.0,12120.0,12190.0
2005-07-18,12190.0,12190.0,12190.0,12190.0
2005-07-19,12170.0,12200.0,12140.0,12150.0
2005-07-20,12110.0,12470.0,12110.0,12410.0
2005-07-21,12440.0,12480.0,12390.0,12450.0
2005-07-22,12350.0,12400.0,12340.0,12380.0
2005-07-25,12300.0,12390.0,12290.0,12360.0
2005-07-26,12350.0,12370.0,12300.0,12300.0
2005-07-27,12300.0,12390.0,12300.0,12300.0
2005-07-28,12500.0,12630.0,12440.0,12610.0
2005-07-29,12660.0,12840.0,12620.0,12770.0
2005-08-01,12830.0,12950.0,12780.0,12950.0
2005-08-02,12930.0,12930.0,12750.0,12830.0
2005-08-03,12840.0,12840.0,12640.0,12700.0
2005-08-04,12700.0,12710.0,12520.0,12560.0
2005-08-05,12370.0,12420.0,12310.0,12350.0
2005-08-08,12320.0,12470.0,12170.0,12450.0
2005-08-09,12460.0,12740.0,12380.0,12540.0
2005-08-10,12940.0,13320.0,12860.0,13310.0
2005-08-11,13140.0,13200.0,12920.0,13000.0
2005-08-12,13100.0,13160.0,12990.0,13000.0
2005-08-15,13090.0,13170.0,13000.0,13070.0
2005-08-16,13190.0,13500.0,13170.0,13350.0
2005-08-17,13490.0,13500.0,13210.0,13210.0
2005-08-18,13250.0,13430.0,13150.0,13200.0
2005-08-19,13090.0,13160.0,13020.0,13110.0
2005-08-22,13140.0,13310.0,13140.0,13240.0
2005-08-23,13390.0,13820.0,13360.0,13680.0
2005-08-24,13480.0,13700.0,13440.0,13490.0
2005-08-25,13330.0,13580.0,13330.0,13480.0
2005-08-26,13580.0,13800.0,13550.0,13630.0
2005-08-29,13550.0,13640.0,13420.0,13580.0
2005-08-30,13620.0,13730.0,13600.0,13650.0
2005-08-31,13650.0,13770.0,13560.0,13660.0
2005-09-01,13830.0,14220.0,13800.0,13950.0
2005-09-02,14050.0,14050.0,13740.0,13830.0
2005-09-05,13880.0,14390.0,13880.0,14310.0
2005-09-06,14430.0,14490.0,14170.0,14230.0
2005-09-07,14200.0,14300.0,14080.0,14130.0
2005-09-08,14100.0,14100.0,13680.0,13880.0
2005-09-09,13680.0,13790.0,13660.0,13700.0
2005-09-12,13970.0,14400.0,13850.0,13950.0
2005-09-13,13960.0,13990.0,13800.0,13880.0
2005-09-14,13890.0,14060.0,13800.0,13900.0
2005-09-15,13910.0,14060.0,13780.0,14030.0
2005-09-16,14250.0,14250.0,13850.0,13930.0
2005-09-19,13930.0,13930.0,13930.0,13930.0
2005-09-20,14000.0,14090.0,13850.0,14020.0
2005-09-21,14200.0,14340.0,14080.0,14260.0
2005-09-22,14060.0,14480.0,14020.0,14310.0
2005-09-23,14310.0,14310.0,14310.0,14310.0
2005-09-26,14550.0,14770.0,14520.0,14760.0
2005-09-27,15110.0,15360.0,14870.0,15170.0
2005-09-28,15090.0,15150.0,15000.0,15100.0
2005-09-29,15190.0,15320.0,15120.0,15300.0
2005-09-30,15410.0,15410.0,15110.0,15110.0
2005-10-03,15310.0,15310.0,14950.0,15160.0
2005-10-04,15160.0,15340.0,15090.0,15270.0
2005-10-05,15230.0,15280.0,15040.0,15100.0
2005-10-06,15020.0,15030.0,14830.0,14830.0
2005-10-07,15000.0,15090.0,14870.0,14960.0
2005-10-10,14960.0,14960.0,14960.0,14960.0
2005-10-11,15100.0,15390.0,14960.0,15370.0
2005-10-12,15570.0,16330.0,15490.0,16090.0
2005-10-13,15890.0,15950.0,15560.0,15700.0
2005-10-14,15620.0,15820.0,15570.0,15690.0
2005-10-17,15890.0,15980.0,15640.0,15790.0
2005-10-18,15790.0,15950.0,15730.0,15810.0
2005-10-19,15610.0,15700.0,15000.0,15210.0
2005-10-20,15060.0,15310.0,15020.0,15160.0
2005-10-21,15100.0,15220.0,14950.0,15140.0
2005-10-24,15020.0,15030.0,14880.0,14960.0
2005-10-25,14960.0,15290.0,14960.0,15080.0
2005-10-26,15050.0,15280.0,14960.0,15200.0
2005-10-27,15190.0,15290.0,15050.0,15290.0
2005-10-28,14910.0,15070.0,14660.0,15030.0
2005-10-31,15190.0,15680.0,15140.0,15410.0
2005-11-01,15810.0,15940.0,15630.0,15850.0
2005-11-02,15650.0,15670.0,15430.0,15470.0
2005-11-03,15470.0,15470.0,15470.0,15470.0
2005-11-04,15270.0,15790.0,15270.0,15450.0
2005-11-07,15650.0,15690.0,15580.0,15650.0
2005-11-08,15660.0,15750.0,15530.0,15570.0
2005-11-09,15580.0,15680.0,15490.0,15610.0
2005-11-10,15590.0,15650.0,15190.0,15350.0
2005-11-11,15300.0,15400.0,15040.0,15140.0
2005-11-14,15150.0,15200.0,14860.0,15000.0
2005-11-15,14800.0,14880.0,14540.0,14750.0
2005-11-16,14610.0,14900.0,14540.0,14840.0
2005-11-17,15030.0,15270.0,14970.0,15200.0
2005-11-18,15600.0,15600.0,15430.0,15510.0
2005-11-21,16110.0,16420.0,16000.0,16300.0
2005-11-22,16280.0,16420.0,16210.0,16330.0
2005-11-23,16330.0,16330.0,16330.0,16330.0
2005-11-24,16870.0,17220.0,16280.0,16350.0
2005-11-25,16250.0,16420.0,16020.0,16420.0
2005-11-28,16460.0,17210.0,16460.0,17090.0
2005-11-29,16690.0,16810.0,16600.0,16780.0
2005-11-30,16760.0,16860.0,16080.0,16080.0
2005-12-01,16350.0,16920.0,16340.0,16820.0
2005-12-02,17000.0,17050.0,16740.0,16880.0
2005-12-05,17000.0,17270.0,16900.0,17240.0
2005-12-06,16810.0,17130.0,16750.0,16940.0
2005-12-07,16800.0,17100.0,16800.0,16840.0
2005-12-08,17090.0,17110.0,16550.0,16720.0
2005-12-09,16770.0,17230.0,16560.0,17200.0
2005-12-12,17390.0,17690.0,17380.0,17520.0
2005-12-13,17690.0,17910.0,17560.0,17850.0
2005-12-14,17800.0,18020.0,17630.0,17640.0
2005-12-15,17240.0,17600.0,17120.0,17180.0
2005-12-16,17240.0,17630.0,17190.0,17280.0
2005-12-19,17160.0,17230.0,17050.0,17090.0
2005-12-20,17200.0,17200.0,16960.0,16980.0
2005-12-21,17390.0,17400.0,17040.0,17130.0
2005-12-22,17270.0,17400.0,17140.0,17220.0
2005-12-23,17220.0,17220.0,17220.0,17220.0
2005-12-26,17380.0,17380.0,16980.0,16980.0
2005-12-27,16960.0,16960.0,16760.0,16890.0
2005-12-28,16730.0,17370.0,16720.0,17340.0
2005-12-29,17350.0,17470.0,17220.0,17320.0
2005-12-30,17350.0,17350.0,16650.0,16850.0
2006-01-02,16850.0,16850.0,16850.0,16850.0
2006-01-03,16850.0,16850.0,16850.0,16850.0
2006-01-04,17430.0,17880.0,17250.0,17600.0
2006-01-05,17490.0,17780.0,17350.0,17550.0
2006-01-06,17700.0,17880.0,17570.0,17710.0
2006-01-09,17710.0,17710.0,17710.0,17710.0
2006-01-10,18310.0,18630.0,17980.0,18400.0
2006-01-11,18550.0,18580.0,17650.0,18000.0
2006-01-12,18190.0,18240.0,17880.0,18150.0
2006-01-13,18160.0,18160.0,17870.0,18010.0
2006-01-16,18150.0,18670.0,18110.0,18520.0
2006-01-17,18580.0,18700.0,18120.0,18280.0
2006-01-18,17280.0,17480.0,16300.0,16880.0
2006-01-19,16890.0,17560.0,16840.0,17260.0
2006-01-20,17610.0,17790.0,17200.0,17480.0
2006-01-23,16680.0,17120.0,16680.0,16750.0
2006-01-24,16850.0,16860.0,16700.0,16790.0
2006-01-25,16800.0,17300.0,16530.0,17060.0
2006-01-26,17240.0,17370.0,16930.0,17300.0
2006-01-27,17550.0,18100.0,17550.0,17940.0
2006-01-30,18140.0,18460.0,17800.0,17850.0
2006-01-31,17700.0,18200.0,17700.0,17970.0
2006-02-01,18170.0,18350.0,18120.0,18160.0
2006-02-02,18400.0,18530.0,18230.0,18280.0
2006-02-03,18290.0,18400.0,17890.0,18170.0
2006-02-06,18420.0,18420.0,17950.0,18050.0
2006-02-07,18140.0,18220.0,17820.0,17920.0
2006-02-08,18000.0,18010.0,17090.0,17300.0
2006-02-09,17790.0,17950.0,17360.0,17500.0
2006-02-10,17700.0,17880.0,17100.0,17440.0
2006-02-13,17450.0,17450.0,16670.0,16700.0
2006-02-14,16500.0,16590.0,15560.0,16100.0
2006-02-15,16300.0,16720.0,15700.0,15870.0
2006-02-16,15980.0,16340.0,15850.0,16240.0
2006-02-17,16070.0,16270.0,15900.0,16150.0
2006-02-20,15930.0,15970.0,15300.0,15410.0
2006-02-21,15270.0,15690.0,15210.0,15680.0
2006-02-22,15780.0,16440.0,15630.0,16170.0
2006-02-23,16500.0,16590.0,16100.0,16370.0
2006-02-24,16480.0,16550.0,16260.0,16480.0
2006-02-27,16680.0,16880.0,16400.0,16400.0
2006-02-28,16550.0,16660.0,16330.0,16550.0
2006-03-01,16400.0,16530.0,16280.0,16420.0
2006-03-02,16400.0,16700.0,16300.0,16300.0
2006-03-03,15920.0,16270.0,15730.0,15800.0
2006-03-06,15800.0,15800.0,15400.0,15720.0
2006-03-07,15800.0,15950.0,15540.0,15600.0
2006-03-08,15500.0,15650.0,15350.0,15460.0
2006-03-09,15500.0,15850.0,15490.0,15630.0
2006-03-10,15760.0,16130.0,15700.0,15850.0
2006-03-13,16000.0,16730.0,15960.0,16640.0
2006-03-14,16520.0,16640.0,16070.0,16170.0
2006-03-15,16180.0,16310.0,15860.0,15920.0
2006-03-16,15930.0,16250.0,15920.0,16060.0
2006-03-17,16260.0,16300.0,15950.0,16080.0
2006-03-20,15930.0,16390.0,15930.0,16250.0
2006-03-21,16250.0,16250.0,16250.0,16250.0
2006-03-22,16270.0,16370.0,16100.0,16370.0
2006-03-23,16430.0,16800.0,16420.0,16760.0
2006-03-24,16690.0,16790.0,16630.0,16720.0
2006-03-27,16520.0,16700.0,16430.0,16560.0
2006-03-28,16650.0,17040.0,16450.0,17000.0
2006-03-29,17540.0,18170.0,17400.0,17980.0
2006-03-30,18400.0,19460.0,18130.0,18400.0
2006-03-31,18360.0,18370.0,18030.0,18340.0
2006-04-03,18500.0,19340.0,18360.0,18760.0
2006-04-04,18960.0,19020.0,18310.0,18310.0
2006-04-05,18110.0,18420.0,17620.0,17900.0
2006-04-06,18110.0,19000.0,17890.0,18880.0
2006-04-07,18680.0,18680.0,18060.0,18380.0
2006-04-10,18010.0,18190.0,17980.0,18090.0
2006-04-11,18100.0,18130.0,17910.0,18000.0
2006-04-12,18010.0,18080.0,17820.0,17860.0
2006-04-13,17880.0,18090.0,17730.0,17940.0
2006-04-14,18040.0,18040.0,17790.0,17870.0
2006-04-17,17960.0,17960.0,17580.0,17620.0
2006-04-18,17690.0,18240.0,17610.0,18190.0
2006-04-19,18590.0,18920.0,18480.0,18660.0
2006-04-20,18510.0,18670.0,18160.0,18210.0
2006-04-21,18120.0,18420.0,18040.0,18240.0
2006-04-24,18240.0,18420.0,17640.0,18200.0
2006-04-25,17800.0,17810.0,17300.0,17450.0
2006-04-26,17650.0,17750.0,17470.0,17570.0
2006-04-27,17560.0,17610.0,17470.0,17510.0
2006-04-28,17480.0,17480.0,17170.0,17300.0
2006-05-01,17400.0,17580.0,17300.0,17350.0
2006-05-02,17400.0,17610.0,17230.0,17510.0
2006-05-03,17510.0,17510.0,17510.0,17510.0
2006-05-04,17510.0,17510.0,17510.0,17510.0
2006-05-05,17510.0,17510.0,17510.0,17510.0
2006-05-08,18000.0,18150.0,17450.0,17490.0
2006-05-09,17370.0,17640.0,17370.0,17520.0
2006-05-10,17530.0,17650.0,17080.0,17170.0
2006-05-11,17040.0,17300.0,16660.0,16720.0
2006-05-12,16600.0,17050.0,16170.0,16940.0
2006-05-15,16740.0,16840.0,16600.0,16690.0
2006-05-16,16650.0,16680.0,16400.0,16480.0
2006-05-17,16490.0,16880.0,16490.0,16810.0
2006-05-18,16730.0,17080.0,16550.0,16940.0
2006-05-19,16950.0,17260.0,16600.0,17180.0
2006-05-22,17180.0,17400.0,16830.0,16870.0
2006-05-23,16150.0,16270.0,15650.0,15970.0
2006-05-24,16200.0,16400.0,16040.0,16380.0
2006-05-25,16110.0,16290.0,16060.0,16090.0
2006-05-26,16060.0,16370.0,15950.0,16110.0
2006-05-29,16350.0,16500.0,16270.0,16310.0
2006-05-30,16470.0,16500.0,16100.0,16150.0
2006-05-31,15550.0,15790.0,15440.0,15590.0
2006-06-01,15950.0,16030.0,15600.0,15710.0
2006-06-02,15510.0,15780.0,15030.0,15780.0
2006-06-05,15580.0,15780.0,15510.0,15640.0
2006-06-06,15390.0,15460.0,14980.0,15100.0
2006-06-07,14820.0,15000.0,14540.0,14610.0
2006-06-08,14530.0,14540.0,14000.0,14230.0
2006-06-09,14830.0,15150.0,14110.0,15060.0
2006-06-12,15430.0,15680.0,15350.0,15500.0
2006-06-13,15100.0,15170.0,14900.0,14910.0
2006-06-14,14900.0,15110.0,14690.0,14920.0
2006-06-15,15110.0,15250.0,15110.0,15160.0
2006-06-16,15770.0,15980.0,15620.0,15820.0
2006-06-19,15650.0,15800.0,15550.0,15660.0
2006-06-20,15750.0,15750.0,15070.0,15180.0
2006-06-21,15040.0,15220.0,14800.0,14980.0
2006-06-22,15060.0,15620.0,15050.0,15600.0
2006-06-23,15160.0,15510.0,14940.0,15500.0
2006-06-26,15100.0,15520.0,15080.0,15440.0
2006-06-27,15370.0,15590.0,15300.0,15350.0
2006-06-28,15450.0,15510.0,15260.0,15360.0
2006-06-29,15500.0,15720.0,15490.0,15550.0
2006-06-30,16150.0,16240.0,15950.0,16190.0
2006-07-03,16510.0,16550.0,16300.0,16300.0
2006-07-04,16500.0,16500.0,16010.0,16140.0
2006-07-05,16050.0,16090.0,15800.0,15960.0
2006-07-06,15640.0,16230.0,15600.0,16230.0
2006-07-07,16240.0,16240.0,15680.0,15720.0
2006-07-10,15520.0,15990.0,15180.0,15990.0
2006-07-11,15830.0,15830.0,15290.0,15380.0
2006-07-12,15350.0,15430.0,15000.0,15190.0
2006-07-13,14940.0,15110.0,14760.0,14870.0
2006-07-14,14570.0,14690.0,14390.0,14400.0
2006-07-17,14400.0,14400.0,14400.0,14400.0
2006-07-18,14480.0,14590.0,14210.0,14210.0
2006-07-19,14180.0,14480.0,14060.0,14110.0
2006-07-20,14500.0,14750.0,14440.0,14750.0
2006-07-21,14750.0,14750.0,14300.0,14530.0
2006-07-24,14130.0,14420.0,14060.0,14340.0
2006-07-25,14540.0,14700.0,14490.0,14540.0
2006-07-26,14480.0,14550.0,14210.0,14210.0
2006-07-27,14040.0,14430.0,14040.0,14330.0
2006-07-28,14450.0,14690.0,14370.0,14560.0
2006-07-31,14640.0,14850.0,14640.0,14670.0
2006-08-01,14670.0,14820.0,14530.0,14600.0
2006-08-02,14250.0,14420.0,14110.0,14260.0
2006-08-03,14500.0,14620.0,14440.0,14510.0
2006-08-04,14310.0,14430.0,13950.0,14040.0
2006-08-07,14100.0,14190.0,13860.0,13870.0
2006-08-08,13860.0,13980.0,13740.0,13980.0
2006-08-09,13960.0,14050.0,13730.0,13990.0
2006-08-10,14160.0,14500.0,14090.0,14300.0
2006-08-11,14590.0,14640.0,14490.0,14560.0
2006-08-14,14960.0,15250.0,14760.0,14940.0
2006-08-15,15200.0,15380.0,15140.0,15300.0
2006-08-16,15390.0,15870.0,15390.0,15770.0
2006-08-17,15950.0,16050.0,15670.0,15670.0
2006-08-18,15610.0,15970.0,15600.0,15920.0
2006-08-21,15910.0,15910.0,15460.0,15500.0
2006-08-22,15450.0,15650.0,15370.0,15620.0
2006-08-23,15490.0,15580.0,15400.0,15450.0
2006-08-24,15540.0,15540.0,15360.0,15450.0
2006-08-25,15600.0,15910.0,15570.0,15610.0
2006-08-28,15530.0,15750.0,15350.0,15430.0
2006-08-29,15450.0,15590.0,15420.0,15460.0
2006-08-30,15450.0,15600.0,15330.0,15370.0
2006-08-31,15520.0,15850.0,15430.0,15690.0
2006-09-01,15670.0,15670.0,15450.0,15620.0
2006-09-04,16000.0,16220.0,15980.0,16110.0
2006-09-05,16150.0,16250.0,15990.0,16140.0
2006-09-06,16150.0,16150.0,15900.0,16060.0
2006-09-07,15950.0,15980.0,15570.0,15610.0
2006-09-08,15690.0,15740.0,15460.0,15670.0
2006-09-11,15820.0,15830.0,15410.0,15420.0
2006-09-12,15450.0,15510.0,15050.0,15050.0
2006-09-13,15210.0,15490.0,15010.0,15030.0
2006-09-14,15140.0,15530.0,15030.0,15480.0
2006-09-15,15300.0,15420.0,15120.0,15120.0
2006-09-18,15120.0,15120.0,15120.0,15120.0
2006-09-19,15200.0,15700.0,15040.0,15070.0
2006-09-20,15030.0,15080.0,14830.0,15060.0
2006-09-21,15130.0,15220.0,14910.0,15070.0
2006-09-22,14860.0,14910.0,14660.0,14720.0
2006-09-25,14530.0,14620.0,14050.0,14560.0
2006-09-26,14670.0,14880.0,14410.0,14480.0
2006-09-27,14940.0,15100.0,14870.0,15080.0
2006-09-28,15280.0,15430.0,15130.0,15420.0
2006-09-29,15580.0,15630.0,15520.0,15630.0
2006-10-02,15660.0,15860.0,15380.0,15820.0
2006-10-03,15870.0,15890.0,15690.0,15760.0
2006-10-04,15610.0,15820.0,15360.0,15480.0
2006-10-05,15880.0,16000.0,15840.0,15960.0
2006-10-06,16030.0,16240.0,15920.0,16230.0
2006-10-09,16230.0,16230.0,16230.0,16230.0
2006-10-10,16030.0,16140.0,15720.0,15850.0
2006-10-11,15710.0,15850.0,15490.0,15530.0
2006-10-12,15600.0,15630.0,15380.0,15490.0
2006-10-13,15530.0,15920.0,15530.0,15820.0
2006-10-16,16050.0,16210.0,16000.0,16100.0
2006-10-17,16150.0,16260.0,16080.0,16200.0
2006-10-18,16100.0,16100.0,15710.0,16060.0
2006-10-19,16160.0,16200.0,15800.0,15940.0
2006-10-20,16120.0,16310.0,16050.0,16210.0
2006-10-23,16300.0,16450.0,16190.0,16390.0
2006-10-24,16790.0,17000.0,16450.0,16600.0
2006-10-25,16840.0,16890.0,16430.0,16470.0
2006-10-26,16670.0,16730.0,16390.0,16700.0
2006-10-27,16900.0,16910.0,16600.0,16700.0
2006-10-30,16400.0,16400.0,15870.0,15980.0
2006-10-31,15780.0,16130.0,15750.0,15980.0
2006-11-01,16090.0,16140.0,15950.0,16060.0
2006-11-02,15980.0,15980.0,15730.0,15900.0
2006-11-03,15900.0,15900.0,15900.0,15900.0
2006-11-06,15500.0,15770.0,15500.0,15700.0
2006-11-07,15530.0,15800.0,15430.0,15780.0
2006-11-08,15630.0,15700.0,15360.0,15460.0
2006-11-09,15550.0,15660.0,15190.0,15420.0
2006-11-10,15430.0,15430.0,15050.0,15090.0
2006-11-13,14940.0,15060.0,14570.0,14600.0
2006-11-14,14810.0,15370.0,14800.0,15100.0
2006-11-15,15810.0,16070.0,15730.0,15750.0
2006-11-16,15800.0,16120.0,15760.0,16020.0
2006-11-17,15990.0,16080.0,15810.0,15890.0
2006-11-20,15800.0,15830.0,15010.0,15130.0
2006-11-21,15330.0,15570.0,15300.0,15410.0
2006-11-22,15190.0,15770.0,15170.0,15710.0
2006-11-23,15710.0,15710.0,15710.0,15710.0
2006-11-24,15700.0,15830.0,15530.0,15740.0
2006-11-27,15630.0,15740.0,15580.0,15720.0
2006-11-28,15160.0,15570.0,15160.0,15550.0
2006-11-29,15750.0,15920.0,15580.0,15860.0
2006-11-30,15780.0,15950.0,15770.0,15890.0
2006-12-01,16180.0,16380.0,15960.0,16280.0
2006-12-04,16470.0,16470.0,16220.0,16400.0
2006-12-05,16500.0,16500.0,16120.0,16130.0
2006-12-06,16000.0,16070.0,15460.0,15610.0
2006-12-07,15760.0,15780.0,15550.0,15670.0
2006-12-08,15470.0,15580.0,15360.0,15560.0
2006-12-11,15360.0,15690.0,15270.0,15670.0
2006-12-12,15920.0,16270.0,15890.0,16270.0
2006-12-13,16280.0,16350.0,16150.0,16300.0
2006-12-14,16200.0,16470.0,16170.0,16470.0
2006-12-15,16600.0,16810.0,16530.0,16650.0
2006-12-18,16660.0,16660.0,16200.0,16330.0
2006-12-19,16180.0,16460.0,16020.0,16090.0
2006-12-20,16490.0,16660.0,16200.0,16630.0
2006-12-21,16600.0,17100.0,16560.0,17000.0
2006-12-22,16720.0,16890.0,16630.0,16890.0
2006-12-25,16870.0,16870.0,16670.0,16820.0
2006-12-26,16790.0,16830.0,16720.0,16830.0
2006-12-27,16990.0,16990.0,16740.0,16790.0
2006-12-28,16810.0,16890.0,16600.0,16750.0
2006-12-29,16930.0,17020.0,16770.0,16880.0
2007-01-04,17030.0,17140.0,16860.0,16910.0
2007-01-05,16920.0,16980.0,16450.0,16510.0
2007-01-09,16520.0,17070.0,16430.0,17050.0
2007-01-10,17010.0,17010.0,16540.0,16710.0
2007-01-11,16860.0,16980.0,16780.0,16900.0
2007-01-12,17100.0,17470.0,17060.0,17340.0
2007-01-15,17600.0,17840.0,17550.0,17740.0
2007-01-16,17820.0,17930.0,17640.0,17680.0
2007-01-17,17520.0,18060.0,17520.0,17970.0
2007-01-18,17980.0,18210.0,17730.0,18030.0
2007-01-19,17630.0,17840.0,17410.0,17470.0
2007-01-22,17790.0,18170.0,17740.0,18000.0
2007-01-23,17970.0,18070.0,17850.0,18000.0
2007-01-24,18150.0,18270.0,18010.0,18110.0
2007-01-25,18020.0,18110.0,17840.0,17870.0
2007-01-26,17670.0,17700.0,17390.0,17540.0
2007-01-29,16770.0,17640.0,16710.0,17400.0
2007-01-30,17430.0,17530.0,17080.0,17220.0
2007-01-31,17410.0,17450.0,17150.0,17200.0
2007-02-01,17330.0,17440.0,17210.0,17260.0
2007-02-02,17500.0,17510.0,17190.0,17270.0
2007-02-05,17370.0,17370.0,16880.0,17010.0
2007-02-06,17110.0,17340.0,16850.0,16910.0
2007-02-07,16910.0,16980.0,16460.0,16530.0
2007-02-08,16590.0,16670.0,16380.0,16470.0
2007-02-09,16540.0,16900.0,16460.0,16810.0
2007-02-13,16210.0,16300.0,15920.0,15950.0
2007-02-14,15960.0,16290.0,15950.0,16080.0
2007-02-15,15980.0,15980.0,15600.0,15880.0
2007-02-16,15770.0,15820.0,15530.0,15660.0
2007-02-19,15740.0,16000.0,15710.0,15960.0
2007-02-20,16080.0,16120.0,15850.0,16090.0
2007-02-21,15990.0,16060.0,15850.0,15990.0
2007-02-22,16190.0,16270.0,16070.0,16220.0
2007-02-23,16270.0,16530.0,16150.0,16480.0
2007-02-26,16490.0,16490.0,16160.0,16280.0
2007-02-27,16300.0,16410.0,16110.0,16240.0
2007-02-28,15240.0,15810.0,15240.0,15800.0
2007-03-01,16000.0,16030.0,15700.0,15820.0
2007-03-02,15800.0,15800.0,15470.0,15610.0
2007-03-05,15210.0,15280.0,14970.0,15010.0
2007-03-06,14900.0,15500.0,14860.0,15420.0
2007-03-07,15460.0,15480.0,15000.0,15010.0
2007-03-08,15040.0,15400.0,15010.0,15400.0
2007-03-09,15500.0,15600.0,15320.0,15370.0
2007-03-12,15500.0,15900.0,15490.0,15700.0
2007-03-13,15900.0,15940.0,15770.0,15800.0
2007-03-14,15640.0,15640.0,15390.0,15430.0
2007-03-15,15440.0,15510.0,15270.0,15430.0
2007-03-16,15450.0,15570.0,15380.0,15400.0
2007-03-19,15480.0,15840.0,15450.0,15810.0
2007-03-20,15900.0,16180.0,15810.0,16180.0
2007-03-22,16300.0,16440.0,16250.0,16290.0
2007-03-23,16290.0,16370.0,15990.0,16020.0
2007-03-26,16050.0,16250.0,16040.0,16130.0
2007-03-27,16080.0,16220.0,15900.0,15950.0
2007-03-28,15750.0,15930.0,15540.0,15610.0
2007-03-29,15440.0,15830.0,15410.0,15730.0
2007-03-30,15970.0,16090.0,15700.0,15810.0
2007-04-02,15710.0,15810.0,15340.0,15340.0
2007-04-03,15540.0,15680.0,15460.0,15650.0
2007-04-04,16000.0,16020.0,15810.0,15940.0
2007-04-05,15820.0,15950.0,15760.0,15920.0
2007-04-06,15820.0,16000.0,15770.0,15840.0
2007-04-09,15830.0,16130.0,15830.0,16130.0
2007-04-10,16140.0,16140.0,16020.0,16070.0
2007-04-11,16060.0,16060.0,15880.0,15980.0
2007-04-12,15890.0,15900.0,15640.0,15770.0
2007-04-13,15750.0,15790.0,15490.0,15610.0
2007-04-16,15500.0,15840.0,15490.0,15770.0
2007-04-17,15790.0,15950.0,15460.0,15570.0
2007-04-18,15410.0,15600.0,15220.0,15380.0
2007-04-19,15240.0,15340.0,14980.0,15140.0
2007-04-20,15130.0,15240.0,15090.0,15240.0
2007-04-23,15490.0,15600.0,15250.0,15290.0
2007-04-24,15100.0,15260.0,15060.0,15160.0
2007-04-25,15190.0,15190.0,15000.0,15070.0
2007-04-26,15270.0,15560.0,15200.0,15460.0
2007-04-27,15260.0,15660.0,15260.0,15410.0
2007-05-01,15230.0,15320.0,14950.0,14980.0
2007-05-02,15000.0,15020.0,14780.0,14920.0
2007-05-07,14800.0,14840.0,14720.0,14830.0
2007-05-08,14580.0,14580.0,14510.0,14570.0
2007-05-09,14890.0,15060.0,14870.0,15060.0
2007-05-10,14960.0,14980.0,14870.0,14950.0
2007-05-11,14770.0,14850.0,14760.0,14820.0
2007-05-14,14930.0,14950.0,14510.0,14580.0
2007-05-15,14400.0,14450.0,14310.0,14340.0
2007-05-16,14370.0,14460.0,14250.0,14460.0
2007-05-17,14340.0,14340.0,14160.0,14280.0
2007-05-18,14130.0,14260.0,14060.0,14260.0
2007-05-21,14270.0,14430.0,14100.0,14390.0
2007-05-22,14700.0,14770.0,14550.0,14740.0
2007-05-23,15050.0,15130.0,14950.0,15000.0
2007-05-24,15230.0,15240.0,15150.0,15180.0
2007-05-25,15170.0,15230.0,15100.0,15170.0
2007-05-28,15180.0,15180.0,15120.0,15160.0
2007-05-29,15150.0,15200.0,15080.0,15180.0
2007-05-30,15260.0,15290.0,15230.0,15260.0
2007-05-31,15260.0,15330.0,15210.0,15320.0
2007-06-01,15290.0,15310.0,15230.0,15280.0
2007-06-04,15210.0,15290.0,15210.0,15270.0
2007-06-05,15450.0,15540.0,15430.0,15540.0
2007-06-06,15820.0,15880.0,15790.0,15800.0
2007-06-07,15640.0,16020.0,15640.0,15900.0
2007-06-08,15760.0,15800.0,15670.0,15720.0
2007-06-11,15800.0,16030.0,15770.0,16010.0
2007-06-12,15860.0,15920.0,15840.0,15890.0
2007-06-13,15780.0,15840.0,15550.0,15690.0
2007-06-14,16010.0,16120.0,15990.0,16090.0
2007-06-15,16170.0,16210.0,16080.0,16130.0
2007-06-18,16350.0,16380.0,16320.0,16350.0
2007-06-19,16310.0,16400.0,16310.0,16380.0
2007-06-20,16280.0,16370.0,16280.0,16360.0
2007-06-21,16350.0,16470.0,16350.0,16400.0
2007-06-22,16350.0,16410.0,16340.0,16390.0
2007-06-25,16360.0,16460.0,16350.0,16350.0
2007-06-26,16350.0,16420.0,16340.0,16400.0
2007-06-27,16250.0,16350.0,16010.0,16140.0
2007-06-28,16210.0,16230.0,16120.0,16200.0
2007-06-29,16350.0,16410.0,15970.0,16400.0
2007-07-02,16250.0,16640.0,16250.0,16540.0
2007-07-03,16390.0,16430.0,16250.0,16390.0
2007-07-04,16490.0,16540.0,16310.0,16360.0
2007-07-05,16200.0,16440.0,16120.0,16310.0
2007-07-06,16130.0,16260.0,15800.0,15800.0
2007-07-09,15720.0,15900.0,15520.0,15890.0
2007-07-10,15900.0,16150.0,15890.0,16050.0
2007-07-11,16040.0,16040.0,15880.0,15900.0
2007-07-12,15900.0,16050.0,15790.0,15820.0
2007-07-13,16150.0,16150.0,16000.0,16130.0
2007-07-17,16130.0,16170.0,16100.0,16160.0
2007-07-18,15850.0,15980.0,15830.0,15950.0
2007-07-19,16080.0,16080.0,15950.0,16020.0
2007-07-20,16090.0,16150.0,16060.0,16110.0
2007-07-23,16120.0,16120.0,15880.0,16000.0
2007-07-24,16270.0,16330.0,16180.0,16270.0
2007-07-25,15920.0,16050.0,15910.0,16010.0
2007-07-26,15710.0,15780.0,15600.0,15600.0
2007-07-27,15220.0,15290.0,15150.0,15200.0
2007-07-30,15100.0,15540.0,15050.0,15520.0
2007-07-31,15920.0,15970.0,15830.0,15860.0
2007-08-01,15850.0,15850.0,15280.0,15340.0
2007-08-02,15050.0,15260.0,15040.0,15210.0
2007-08-03,15220.0,15220.0,14750.0,14920.0
2007-08-06,15120.0,15130.0,14890.0,15000.0
2007-08-07,15340.0,15350.0,15100.0,15170.0
2007-08-08,15160.0,15920.0,15160.0,15620.0
2007-08-09,16100.0,16200.0,15680.0,15710.0
2007-08-10,15550.0,16090.0,15520.0,15880.0
2007-08-13,15340.0,15410.0,15220.0,15290.0
2007-08-14,15040.0,15170.0,15030.0,15130.0
2007-08-15,14600.0,14720.0,14530.0,14640.0
2007-08-16,14490.0,14880.0,14370.0,14760.0
2007-08-17,14370.0,14480.0,13360.0,13450.0
2007-08-20,13650.0,14340.0,13650.0,14150.0
2007-08-21,14880.0,15330.0,14860.0,15010.0
2007-08-22,14780.0,14940.0,14740.0,14870.0
2007-08-23,15490.0,15530.0,15360.0,15450.0
2007-08-24,15300.0,15460.0,15130.0,15380.0
2007-08-27,15080.0,15090.0,14940.0,15000.0
2007-08-28,14990.0,15260.0,14770.0,15210.0
2007-08-29,14810.0,14930.0,14760.0,14920.0
2007-08-30,14990.0,15010.0,14890.0,14930.0
2007-08-31,15060.0,15360.0,15000.0,15360.0
2007-09-03,15160.0,15340.0,15030.0,15210.0
2007-09-04,15010.0,15260.0,15010.0,15100.0
2007-09-05,15110.0,15140.0,14960.0,15000.0
2007-09-06,14980.0,15030.0,14610.0,15000.0
2007-09-07,15200.0,15270.0,15020.0,15130.0
2007-09-10,15000.0,15360.0,15000.0,15220.0
2007-09-11,15110.0,15200.0,14980.0,15050.0
2007-09-12,15250.0,15340.0,15000.0,15050.0
2007-09-13,15060.0,15100.0,15030.0,15040.0
2007-09-14,15190.0,15240.0,15120.0,15150.0
2007-09-18,14980.0,15170.0,14920.0,15120.0
2007-09-19,15470.0,15520.0,15380.0,15500.0
2007-09-20,15740.0,15770.0,15710.0,15720.0
2007-09-21,15120.0,15240.0,15030.0,15110.0
2007-09-25,15450.0,15570.0,15360.0,15500.0
2007-09-26,15550.0,15670.0,15390.0,15480.0
2007-09-27,15680.0,15820.0,15630.0,15820.0
2007-09-28,15830.0,15950.0,15660.0,15730.0
2007-10-01,15630.0,15700.0,15350.0,15450.0
2007-10-02,15730.0,15800.0,15630.0,15670.0
2007-10-03,15480.0,15600.0,15340.0,15470.0
2007-10-04,15270.0,15380.0,15050.0,15080.0
2007-10-05,14930.0,15130.0,14930.0,15000.0
2007-10-09,14700.0,14950.0,14660.0,14860.0
2007-10-10,14860.0,15120.0,14860.0,14940.0
2007-10-11,14960.0,15140.0,14920.0,15100.0
2007-10-12,15127.0,15127.0,14900.0,14900.0
2007-10-15,14890.0,14930.0,14700.0,14780.0
2007-10-16,14814.7333984375,14814.7333984375,14540.0,14540.0
2007-10-17,14575.623046875,14575.623046875,14530.0,14530.0
2007-10-18,14540.0,14750.0,14420.0,14700.0
2007-10-19,14760.0,14780.0,14760.0,14780.0
2007-10-22,14660.0,14920.0,14520.0,14870.0
2007-10-23,14988.0,15010.0,14988.0,15010.0
2007-10-24,14982.0,15010.0,14982.0,15010.0
2007-10-25,15013.0,15020.0,15013.0,15020.0
2007-10-26,14974.189453125,15120.0,14974.189453125,15120.0
2007-10-29,15020.0,15390.0,15010.0,15350.0
2007-10-30,15305.0,15305.0,15300.0,15300.0
2007-10-31,15180.0,15380.0,15130.0,15380.0
2007-11-01,15325.0,15690.0,15325.0,15690.0
2007-11-02,15630.0,15640.0,15630.0,15640.0
2007-11-05,15500.0,15630.0,15430.0,15530.0
2007-11-06,15471.0,15471.0,15280.0,15280.0
2007-11-07,15257.0,15257.0,15090.0,15090.0
2007-11-08,14910.0,14910.0,14910.0,14910.0
2007-11-09,14910.0,14910.0,14390.0,14390.0
2007-11-12,13893.0,13893.0,13820.0,13820.0
2007-11-13,13820.0,14170.0,13820.0,14170.0
2007-11-14,14170.0,14170.0,12860.0,12860.0
2007-11-15,13438.0,13440.0,13438.0,13440.0
2007-11-16,13450.0,13450.0,12730.0,12730.0
2007-11-19,12463.79296875,12463.79296875,12260.0,12260.0
2007-11-20,12211.0,12450.0,12211.0,12450.0
2007-11-21,12490.0,12490.0,12260.0,12260.0
2007-11-22,12240.0,12240.0,11800.0,11800.0
2007-11-26,12020.0,12820.0,12000.0,12760.0
2007-11-27,12727.0,12840.0,12727.0,12840.0
2007-11-28,12610.0,12610.0,12600.0,12600.0
2007-11-29,12620.0,12790.0,12620.0,12790.0
2007-11-30,12830.0,12830.0,12820.0,12820.0
2007-12-03,12821.0,13000.0,12821.0,13000.0
2007-12-04,13034.0,13034.0,12820.0,12820.0
2007-12-05,12807.0,12807.0,12760.0,12760.0
2007-12-06,13019.0,13230.0,13019.0,13230.0
2007-12-07,13562.0,13562.0,13430.0,13430.0
2007-12-10,13387.0,13450.0,13387.0,13450.0
2007-12-11,13534.3427734375,13534.3427734375,13370.0,13370.0
2007-12-12,13030.0,13180.0,13030.0,13180.0
2007-12-13,13180.0,13180.0,12670.0,12670.0
2007-12-14,12692.0,12860.0,12692.0,12860.0
2007-12-17,12824.0,12824.0,12480.0,12480.0
2007-12-18,12280.0,12280.0,12030.0,12190.0
2007-12-19,12190.0,12810.0,12190.0,12810.0
2007-12-20,12762.0,12940.0,12762.0,12940.0
2007-12-21,12942.0,13020.0,12942.0,13020.0
2007-12-25,13228.0,13290.0,13228.0,13290.0
2007-12-26,13570.0,13570.0,13490.0,13520.0
2007-12-27,13542.0,13620.0,13542.0,13620.0
2007-12-28,13250.0,13320.0,13150.0,13320.0
2008-01-04,13300.0,13400.0,12510.0,12520.0
2008-01-07,12381.0,12660.0,12381.0,12660.0
2008-01-08,12312.73046875,12320.0,12312.73046875,12320.0
2008-01-09,12320.0,12370.0,12320.0,12370.0
2008-01-10,12580.0,12580.0,12580.0,12580.0
2008-01-11,12538.0,12538.0,11860.0,11860.0
2008-01-15,11866.0,11866.0,11370.0,11370.0
2008-01-16,11050.0,11070.0,10610.0,10710.0
2008-01-17,10710.0,11350.0,10710.0,11350.0
2008-01-18,11166.0,11750.0,11166.0,11750.0
2008-01-21,11518.0,11518.0,11500.0,11500.0
2008-01-22,11443.0751953125,11443.0751953125,10900.0,10900.0
2008-01-23,11357.0,11360.0,11357.0,11360.0
2008-01-24,11332.0,11870.0,11332.0,11870.0
2008-01-25,12024.0,12510.0,12024.0,12510.0
2008-01-28,12383.0,12383.0,11740.0,11740.0
2008-01-29,11963.0,11963.0,11720.0,11720.0
2008-01-30,11726.0,11726.0,11710.0,11710.0
2008-01-31,11678.07421875,11920.0,11678.07421875,11920.0
2008-02-01,11920.0,12060.0,11920.0,12060.0
2008-02-04,11778.0,11778.0,11680.0,11680.0
2008-02-05,11719.0,11760.0,11719.0,11760.0
2008-02-06,11310.0,11310.0,11080.0,11080.0
2008-02-07,11080.0,11200.0,11080.0,11200.0
2008-02-08,10817.0,10817.0,10580.0,10580.0
2008-02-12,10586.0,10586.0,10500.0,10500.0
2008-02-13,10679.0,10679.0,10500.0,10500.0
2008-02-14,10537.0,10550.0,10537.0,10550.0
2008-02-15,10280.0,10490.0,10150.0,10480.0
2008-02-18,10538.0,10640.0,10538.0,10640.0
2008-02-19,10687.34765625,10920.0,10687.34765625,10920.0
2008-02-20,10967.0,10967.0,10950.0,10950.0
2008-02-21,11286.0,11300.0,11286.0,11300.0
2008-02-22,11063.0,11160.0,11063.0,11160.0
2008-02-25,11700.0,11720.0,11700.0,11720.0
2008-02-26,11952.0,11952.0,11850.0,11850.0
2008-02-27,11850.0,11850.0,11650.0,11650.0
2008-02-28,11719.70703125,11719.70703125,11510.0,11510.0
2008-02-29,11207.0,11210.0,11207.0,11210.0
2008-03-03,11210.0,11210.0,10710.0,10710.0
2008-03-04,10710.0,11000.0,10710.0,11000.0
2008-03-05,10974.0,10974.0,10880.0,10880.0
2008-03-06,11070.0,11070.0,11060.0,11060.0
2008-03-07,11063.0,11063.0,10880.0,10880.0
2008-03-10,10836.0,10836.0,10550.0,10550.0
2008-03-11,10502.0,10530.0,10502.0,10530.0
2008-03-12,10530.0,10540.0,10530.0,10540.0
2008-03-13,10300.0,10300.0,10200.0,10200.0
2008-03-14,10200.0,10200.0,9800.0,9800.0
2008-03-17,9490.0,9490.0,9490.0,9490.0
2008-03-18,9461.0,9820.0,9461.0,9820.0
2008-03-19,10020.0234375,10050.0,10020.0234375,10050.0
2008-03-21,10050.0,10120.0,10050.0,10120.0
2008-03-24,10158.0,10170.0,10158.0,10170.0
2008-03-25,10397.0,10450.0,10397.0,10450.0
2008-03-26,10474.2890625,10474.2890625,10470.0,10470.0
2008-03-27,10183.0,10200.0,10183.0,10200.0
2008-03-28,10238.0,10600.0,10238.0,10600.0
2008-03-31,10520.0,10520.0,10510.0,10510.0
2008-04-01,10444.0,10444.0,10390.0,10390.0
2008-04-02,10390.0,10540.0,10390.0,10540.0
2008-04-03,10563.0,10770.0,10563.0,10770.0
2008-04-04,10736.0,10736.0,10580.0,10580.0
2008-04-07,10556.0,10580.0,10556.0,10580.0
2008-04-08,10494.0810546875,10494.0810546875,10400.0,10400.0
2008-04-09,10403.0,10403.0,10020.0,10020.0
2008-04-10,9940.0,9940.0,9900.0,9900.0
2008-04-11,10170.0,10180.0,10170.0,10180.0
2008-04-14,10151.0,10151.0,10040.0,10040.0
2008-04-15,10125.0,10125.0,10070.0,10070.0
2008-04-16,10074.0,10110.0,10074.0,10110.0
2008-04-17,10623.181640625,10623.181640625,10620.0,10620.0
2008-04-18,10710.0,10870.0,10710.0,10870.0
2008-04-21,11107.0,11180.0,11107.0,11180.0
2008-04-22,10970.0,10970.0,10830.0,10830.0
2008-04-23,11075.0,11075.0,10880.0,10880.0
2008-04-24,10891.0,10891.0,10760.0,10760.0
2008-04-25,11420.0,11510.0,11420.0,11510.0
2008-04-28,11731.0,11731.0,11690.0,11690.0
2008-04-30,11690.0,12080.0,11690.0,12080.0
2008-05-01,12102.0,12102.0,12070.0,12070.0
2008-05-02,12361.224609375,12380.0,12361.224609375,12380.0
2008-05-07,12321.0,12321.0,12300.0,12300.0
2008-05-08,12300.0,12300.0,12080.0,12080.0
2008-05-09,12055.0,12055.0,11820.0,11820.0
2008-05-12,11910.0,11920.0,11910.0,11920.0
2008-05-13,12210.0,12220.0,12210.0,12220.0
2008-05-14,11969.0,11970.0,11969.0,11970.0
2008-05-15,12715.3798828125,12790.0,12715.3798828125,12790.0
2008-05-16,13160.0,13160.0,13120.0,13120.0
2008-05-19,13168.0,13168.0,12980.0,12980.0
2008-05-20,13280.0,13390.0,13280.0,13390.0
2008-05-21,12680.0,12870.0,12680.0,12870.0
2008-05-22,12677.884765625,12940.0,12677.884765625,12940.0
2008-05-23,13087.0,13087.0,12900.0,12900.0
2008-05-26,12786.0,12786.0,12390.0,12390.0
2008-05-27,12400.0,12550.0,12400.0,12550.0
2008-05-28,12367.0,12367.0,12220.0,12220.0
2008-05-29,12735.0,12760.0,12735.0,12760.0
2008-05-30,12754.0,13250.0,12754.0,13250.0
2008-06-02,13370.0,13650.0,13370.0,13650.0
2008-06-03,13374.0,13420.0,13374.0,13420.0
2008-06-04,13210.869140625,13410.0,13210.869140625,13410.0
2008-06-05,13389.0,13389.0,13350.0,13350.0
2008-06-06,13142.0,13142.0,13100.0,13100.0
2008-06-09,12520.0,12660.0,12520.0,12660.0
2008-06-10,12660.0,12660.0,12360.0,12360.0
2008-06-11,12360.0,12360.0,12280.0,12280.0
2008-06-12,12000.0,12160.0,12000.0,12160.0
2008-06-13,12199.0,12330.0,12199.0,12330.0
2008-06-16,12288.0,12730.0,12288.0,12730.0
2008-06-17,12725.0,12770.0,12725.0,12770.0
2008-06-18,12569.0,12810.0,12569.0,12810.0
2008-06-19,12810.0,12810.0,12300.0,12300.0
2008-06-20,12219.0,12219.0,11940.0,11940.0
2008-06-23,11887.0,11890.0,11887.0,11890.0
2008-06-24,11890.0,11890.0,11830.0,11830.0
2008-06-25,11787.0,11850.0,11787.0,11850.0
2008-06-26,11874.0,11960.0,11874.0,11960.0
2008-06-27,11310.0,11390.0,11310.0,11390.0
2008-06-30,11390.0,11630.0,11390.0,11630.0
2008-07-01,11633.0,11633.0,11540.0,11540.0
2008-07-02,11540.0,11540.0,11410.0,11410.0
2008-07-03,11412.0,11412.0,11310.0,11310.0
2008-07-04,11416.0,11480.0,11416.0,11480.0
2008-07-07,11184.0,11430.0,11184.0,11430.0
2008-07-08,11170.0,11170.0,11040.0,11040.0
2008-07-09,11110.0,11110.0,10940.0,10940.0
2008-07-10,10940.0,10960.0,10940.0,10960.0
2008-07-11,10968.0,10968.0,10820.0,10820.0
2008-07-14,11064.0,11064.0,10820.0,10820.0
2008-07-15,10350.0,10390.0,10350.0,10390.0
2008-07-16,10345.0,10460.0,10345.0,10460.0
2008-07-17,10552.0,10552.0,10360.0,10360.0
2008-07-18,10360.0,10370.0,10360.0,10370.0
2008-07-22,10570.0,10880.0,10450.0,10880.0
2008-07-23,10780.0,11030.0,10780.0,11030.0
2008-07-24,11320.0,11410.0,11320.0,11410.0
2008-07-25,11410.0,11410.0,10900.0,10900.0
2008-07-28,10691.0,10691.0,10630.0,10630.0
2008-07-29,10422.0,10422.0,10400.0,10400.0
2008-07-30,10615.0,10615.0,10600.0,10600.0
2008-07-31,10574.5615234375,10800.0,10574.5615234375,10800.0
2008-08-01,10811.0,10811.0,10310.0,10310.0
2008-08-04,10288.0,10288.0,10080.0,10080.0
2008-08-05,10420.0,10420.0,10260.0,10260.0
2008-08-06,10255.0,10580.0,10255.0,10580.0
2008-08-07,10687.0,10780.0,10687.0,10780.0
2008-08-08,10420.0,10730.0,10420.0,10730.0
2008-08-11,11100.0,11300.0,11100.0,11300.0
2008-08-12,11041.0,11041.0,10870.0,10870.0
2008-08-13,10862.0,10910.0,10862.0,10910.0
2008-08-14,10910.0,10910.0,10600.0,10600.0
2008-08-15,10994.0,11110.0,10994.0,11110.0
2008-08-18,11293.0,11293.0,11290.0,11290.0
2008-08-19,10901.0,10901.0,10820.0,10820.0
2008-08-20,10816.0,11140.0,10816.0,11140.0
2008-08-21,11153.0,11153.0,11130.0,11130.0
2008-08-22,11135.0,11135.0,10880.0,10880.0
2008-08-25,10887.0,11210.0,10887.0,11210.0
2008-08-26,11070.0,11140.0,11070.0,11140.0
2008-08-27,10974.0,11050.0,10974.0,11050.0
2008-08-28,10977.4033203125,10977.4033203125,10950.0,10950.0
2008-08-29,11163.0,11290.0,11163.0,11290.0
2008-09-01,11290.0,11290.0,11160.0,11160.0
2008-09-02,11160.0,11160.0,10470.0,10470.0
2008-09-03,10491.0,10790.0,10491.0,10790.0
2008-09-04,10786.0,10786.0,10710.0,10710.0
2008-09-05,10438.0,10670.0,10438.0,10670.0
2008-09-08,10670.0,10750.0,10670.0,10750.0
2008-09-09,10751.0,10770.0,10751.0,10770.0
2008-09-10,10470.0,10660.0,10370.0,10590.0
2008-09-11,10590.0,10590.0,10410.0,10410.0
2008-09-12,10404.0,10404.0,10310.0,10310.0
2008-09-16,10314.0,10314.0,10080.0,10080.0
2008-09-17,10100.0,10130.0,10100.0,10130.0
2008-09-18,10130.0,10440.0,10130.0,10440.0
2008-09-19,11347.0,11347.0,11310.0,11310.0
2008-09-22,11295.0,11500.0,11295.0,11500.0
2008-09-24,11500.0,11660.0,11500.0,11660.0
2008-09-25,11582.0,11582.0,11370.0,11370.0
2008-09-26,11200.0,11370.0,11200.0,11370.0
2008-09-29,11376.0,11376.0,11170.0,11170.0
2008-09-30,11176.0,11176.0,10850.0,10850.0
2008-10-01,10850.0,10850.0,10710.0,10710.0
2008-10-02,10721.0,10721.0,10460.0,10460.0
2008-10-03,10102.0,10102.0,10090.0,10090.0
2008-10-06,10040.0,10040.0,9990.0,9990.0
2008-10-07,9516.0146484375,9870.0,9516.0146484375,9870.0
2008-10-08,9874.0,9874.0,9100.0,9100.0
2008-10-09,9274.0,9274.0,9170.0,9170.0
2008-10-10,9171.0,9171.0,8640.0,8640.0
2008-10-14,9374.0,9640.0,9374.0,9640.0
2008-10-15,9776.0,10130.0,9776.0,10130.0
2008-10-16,10130.0,10130.0,8680.0,8680.0
2008-10-17,9113.0,9230.0,9113.0,9230.0
2008-10-20,9648.0,10020.0,9648.0,10020.0
2008-10-21,10166.0,10290.0,10166.0,10290.0
2008-10-22,10290.0,10290.0,9240.0,9240.0
2008-10-23,9060.0,9080.0,9060.0,9080.0
2008-10-24,9042.0,9042.0,8150.0,8150.0
2008-10-27,8155.0,8155.0,8120.0,8120.0
2008-10-28,8004.205078125,8660.0,8004.205078125,8660.0
2008-10-29,8667.0,9180.0,8667.0,9180.0
2008-10-30,9183.0,10120.0,9183.0,10120.0
2008-10-31,10140.0,10140.0,9100.0,9100.0
2008-11-04,9109.0,9870.0,9109.0,9870.0
2008-11-05,9865.0,10530.0,9865.0,10530.0
2008-11-06,10551.0,10551.0,9200.0,9200.0
2008-11-07,9200.0,9200.0,8620.0,8620.0
2008-11-10,9680.0,9680.0,9620.0,9620.0
2008-11-11,9630.0,9630.0,9350.0,9350.0
2008-11-12,9480.0,9480.0,9260.0,9260.0
2008-11-13,8731.0,8731.0,8660.0,8660.0
2008-11-14,8660.0,8770.0,8660.0,8770.0
2008-11-17,8770.0,9120.0,8770.0,9120.0
2008-11-18,9131.0,9131.0,8980.0,8980.0
2008-11-19,8777.0,8840.0,8777.0,8840.0
2008-11-20,8851.0,8851.0,8120.0,8120.0
2008-11-21,8127.0,8590.0,8127.0,8590.0
2008-11-25,8605.0,8605.0,8510.0,8510.0
2008-11-26,8517.0,8517.0,8470.0,8470.0
2008-11-27,8488.0,8488.0,8440.0,8440.0
2008-11-28,8440.0,8540.0,8440.0,8540.0
2008-12-01,8545.0,8545.0,8300.0,8300.0
2008-12-02,8302.0,8302.0,7920.0,7920.0
2008-12-03,7990.0,7990.0,7550.0,7550.0
2008-12-04,7550.0,7550.0,7280.0,7280.0
2008-12-05,7490.0,7520.0,7340.0,7360.0
2008-12-08,7366.0,7660.0,7366.0,7660.0
2008-12-09,7959.0,8000.0,7959.0,8000.0
2008-12-10,8006.0,8620.0,8006.0,8620.0
2008-12-11,8563.0,8970.0,8563.0,8970.0
2008-12-12,8978.0,8978.0,8360.0,8360.0
2008-12-15,8222.0,8820.0,8222.0,8820.0
2008-12-16,8310.0,8310.0,8310.0,8310.0
2008-12-17,8318.0,8530.0,8318.0,8530.0
2008-12-18,8530.0,8530.0,8390.0,8390.0
2008-12-19,8397.0,8480.0,8397.0,8480.0
2008-12-22,8480.0,8990.0,8480.0,8990.0
2008-12-24,8999.0,8999.0,8700.0,8700.0
2008-12-25,8815.2861328125,8815.2861328125,8810.0,8810.0
2008-12-26,8950.0,8980.0,8799.0,8930.0
2008-12-29,8920.0,9090.0,8907.0,9090.0
2008-12-30,9100.0,9180.0,9010.0,9100.0
2009-01-05,9500.0,9780.0,9450.0,9650.0
2009-01-06,9750.0,9750.0,9650.0,9650.0
2009-01-07,9650.0,10030.0,9650.0,10030.0
2009-01-08,10030.0,10030.0,9330.0,9330.0
2009-01-09,9340.0,9340.0,9150.0,9150.0
2009-01-13,9189.0,9189.0,8660.0,8660.0
2009-01-14,8651.0,8910.0,8651.0,8910.0
2009-01-15,8650.0,8650.0,8400.0,8400.0
2009-01-16,8423.0,8880.0,8423.0,8880.0
2009-01-19,8950.0,8960.0,8950.0,8960.0
2009-01-20,8844.0,8844.0,8830.0,8830.0
2009-01-21,8483.0,8483.0,8410.0,8410.0
2009-01-22,8410.0,8460.0,8410.0,8460.0
2009-01-23,8460.0,8460.0,8230.0,8230.0
2009-01-26,8235.0,8235.0,8020.0,8020.0
2009-01-27,7943.0,8250.0,7943.0,8250.0
2009-01-28,8250.0,8400.0,8250.0,8400.0
2009-01-29,8404.0,8590.0,8404.0,8590.0
2009-01-30,8590.0,8590.0,8160.0,8160.0
2009-02-02,8160.0,8160.0,8020.0,8020.0
2009-02-03,8020.0,8380.0,8020.0,8380.0
2009-02-04,8680.0,8780.0,8680.0,8780.0
2009-02-05,8720.0,8720.0,8610.0,8610.0
2009-02-06,8641.0,8770.0,8641.0,8770.0
2009-02-09,8776.0,9190.0,8776.0,9190.0
2009-02-10,8650.0,8710.0,8610.0,8710.0
2009-02-12,8910.0,8910.0,8550.0,8550.0
2009-02-13,8571.0,8690.0,8571.0,8690.0
2009-02-16,8889.0,8889.0,8860.0,8860.0
2009-02-17,8641.0,8641.0,8480.0,8480.0
2009-02-18,8401.0,8460.0,8401.0,8460.0
2009-02-19,8448.15625,8530.0,8448.15625,8530.0
2009-02-20,8577.0,8577.0,8250.0,8250.0
2009-02-23,8271.0,8380.0,8271.0,8380.0
2009-02-24,8382.0,8382.0,8340.0,8340.0
2009-02-25,8340.0,8870.0,8340.0,8870.0
2009-02-26,8870.0,8930.0,8870.0,8930.0
2009-02-27,8930.0,9030.0,8930.0,9030.0
2009-03-02,9030.0,9030.0,8880.0,8880.0
2009-03-03,8880.0,8880.0,8870.0,8870.0
2009-03-04,8990.0,9070.0,8990.0,9070.0
2009-03-05,9201.0,9240.0,9201.0,9240.0
2009-03-06,9130.0,9130.0,8960.0,8960.0
2009-03-09,8968.0,8968.0,8840.0,8840.0
2009-03-10,8634.0,8634.0,8540.0,8540.0
2009-03-11,8930.0,8930.0,8910.0,8910.0
2009-03-12,8910.0,8910.0,8720.0,8720.0
2009-03-13,8731.0,8970.0,8731.0,8970.0
2009-03-16,9350.0,9350.0,9280.0,9280.0
2009-03-17,9296.0,9440.0,9296.0,9440.0
2009-03-18,9445.0,9550.0,9445.0,9550.0
2009-03-19,9550.0,9550.0,9420.0,9420.0
2009-03-23,9578.0,9750.0,9578.0,9750.0
2009-03-24,9989.0,9989.0,9890.0,9890.0
2009-03-25,9520.0,9520.0,9500.0,9500.0
2009-03-26,9439.0,9640.0,9439.0,9640.0
2009-03-27,9621.0,9690.0,9621.0,9690.0
2009-03-30,9504.0,9540.0,9504.0,9540.0
2009-03-31,9540.0,9540.0,9450.0,9450.0
2009-04-01,9744.134765625,9870.0,9744.134765625,9870.0
2009-04-02,9878.0,10260.0,9878.0,10260.0
2009-04-03,10620.0,10660.0,10620.0,10660.0
2009-04-06,10740.0,10740.0,10410.0,10410.0
2009-04-07,10378.0,10378.0,10070.0,10070.0
2009-04-08,9840.0,9840.0,9530.0,9530.0
2009-04-09,9613.0,9640.0,9613.0,9640.0
2009-04-10,9790.0,9810.0,9790.0,9810.0
2009-04-13,9697.0,9700.0,9697.0,9700.0
2009-04-14,9458.0,9540.0,9458.0,9540.0
2009-04-15,9125.0,9160.0,9125.0,9160.0
2009-04-16,9163.0,9530.0,9163.0,9530.0
2009-04-17,9540.0,9750.0,9540.0,9750.0
2009-04-20,9729.0,9830.0,9729.0,9830.0
2009-04-21,9350.0,9480.0,9350.0,9480.0
2009-04-22,9536.8798828125,9660.0,9536.8798828125,9660.0
2009-04-23,9440.0,9550.0,9440.0,9550.0
2009-04-24,9576.740234375,9576.740234375,9490.0,9490.0
2009-04-27,9498.0,9770.0,9498.0,9770.0
2009-04-28,9535.0,9535.0,9220.0,9220.0
2009-04-30,9220.0,9600.0,9220.0,9600.0
2009-05-01,9523.0,9560.0,9523.0,9560.0
2009-05-07,10056.0,10280.0,10056.0,10280.0
2009-05-08,10329.0,10360.0,10329.0,10360.0
2009-05-11,10364.0,10364.0,10140.0,10140.0
2009-05-12,10141.0,10190.0,10141.0,10190.0
2009-05-13,10083.0,10083.0,10060.0,10060.0
2009-05-14,9880.0,9880.0,9880.0,9880.0
2009-05-15,10096.0,10150.0,10096.0,10150.0
2009-05-18,9814.0,9814.0,9800.0,9800.0
2009-05-19,10110.0,10180.0,10110.0,10180.0
2009-05-20,10188.0,10188.0,10120.0,10120.0
2009-05-21,9860.0,9920.0,9860.0,9920.0
2009-05-22,9747.0,9870.0,9747.0,9870.0
2009-05-25,9845.0,9970.0,9845.0,9970.0
2009-05-26,10029.0,10040.0,10029.0,10040.0
2009-05-27,10160.0,10170.0,10160.0,10170.0
2009-05-28,10177.0,10190.0,10177.0,10190.0
2009-05-29,10195.0,10195.0,10150.0,10150.0
2009-06-01,9966.0,10170.0,9966.0,10170.0
2009-06-02,10197.458984375,10197.458984375,9990.0,9990.0
2009-06-03,10030.0,10210.0,10030.0,10210.0
2009-06-04,10132.0,10132.0,9810.0,9810.0
2009-06-05,9840.0185546875,10270.0,9840.0185546875,10270.0
2009-06-08,10160.0,10200.0,10160.0,10200.0
2009-06-09,10044.0,10140.0,10044.0,10140.0
2009-06-10,10183.0,10240.0,10183.0,10240.0
2009-06-11,10220.0,10350.0,10210.0,10340.0
2009-06-12,10350.0,10470.0,10340.0,10400.0
2009-06-15,10410.0,10410.0,10280.0,10330.0
2009-06-16,10020.0,10100.0,9990.0,10100.0
2009-06-17,10000.0,10080.0,10000.0,10040.0
2009-06-18,9890.0,9960.0,9880.0,9910.0
2009-06-19,10000.0,10020.0,9900.0,9990.0
2009-06-22,9950.0,10060.0,9920.0,9930.0
2009-06-23,9800.0,9840.0,9760.0,9830.0
2009-06-24,9970.0,10080.0,9950.0,10030.0
2009-06-25,10100.0,10320.0,9980.0,10270.0
2009-06-26,10310.0,10340.0,10080.0,10310.0
2009-06-29,10320.0,10610.0,10300.0,10370.0
2009-06-30,10570.0,10600.0,10250.0,10390.0
2009-07-01,10360.0,10480.0,10250.0,10310.0
2009-07-02,10290.0,10380.0,10150.0,10220.0
2009-07-03,10000.0,10250.0,9980.0,10240.0
2009-07-06,10190.0,10220.0,10020.0,10070.0
2009-07-07,10100.0,10170.0,9990.0,10040.0
2009-07-08,9840.0,9930.0,9810.0,9850.0
2009-07-09,9700.0,9840.0,9570.0,9730.0
2009-07-10,9650.0,9720.0,9430.0,9450.0
2009-07-13,9800.0,9800.0,9310.0,9340.0
2009-07-14,9390.0,9520.0,9300.0,9500.0
2009-07-15,9480.0,9530.0,9250.0,9460.0
2009-07-16,9730.0,9930.0,9680.0,9830.0
2009-07-17,9930.0,9930.0,9750.0,9800.0
2009-07-21,10100.0,10110.0,9820.0,10110.0
2009-07-22,10040.0,10090.0,9960.0,10080.0
2009-07-23,10070.0,10230.0,10020.0,10090.0
2009-07-24,10260.0,10530.0,10110.0,10440.0
2009-07-27,10580.0,10580.0,10310.0,10370.0
2009-07-28,10440.0,10440.0,10240.0,10330.0
2009-07-29,10290.0,10490.0,10290.0,10420.0
2009-07-30,10520.0,10520.0,10270.0,10430.0
2009-07-31,10600.0,10740.0,10570.0,10680.0
2009-08-03,10870.0,10930.0,10720.0,10720.0
2009-08-04,11100.0,11150.0,10910.0,11000.0
2009-08-05,10980.0,11050.0,10770.0,10800.0
2009-08-06,10790.0,10880.0,10660.0,10700.0
2009-08-07,10900.0,10900.0,10600.0,10880.0
2009-08-10,10880.0,11070.0,10840.0,10940.0
2009-08-11,10740.0,10860.0,10690.0,10840.0
2009-08-12,10600.0,10600.0,10180.0,10270.0
2009-08-13,10350.0,10530.0,10300.0,10390.0
2009-08-14,10530.0,10650.0,10410.0,10600.0
2009-08-17,10600.0,10600.0,10230.0,10340.0
2009-08-18,10190.0,10350.0,10190.0,10350.0
2009-08-19,10350.0,10350.0,10070.0,10100.0
2009-08-20,10200.0,10340.0,9980.0,10260.0
2009-08-21,10250.0,10250.0,9900.0,10140.0
2009-08-24,10240.0,10490.0,10200.0,10490.0
2009-08-25,10520.0,10640.0,10460.0,10590.0
2009-08-26,10650.0,10790.0,10650.0,10760.0
2009-08-27,10800.0,10950.0,10660.0,10900.0
2009-08-28,10770.0,11120.0,10730.0,10970.0
2009-08-31,10910.0,11170.0,10710.0,10850.0
2009-09-02,10650.0,10660.0,10460.0,10620.0
2009-09-03,10560.0,10650.0,10480.0,10590.0
2009-09-04,10650.0,10650.0,10270.0,10310.0
2009-09-07,10500.0,10550.0,10410.0,10460.0
2009-09-08,10650.0,10800.0,10520.0,10770.0
2009-09-09,10760.0,10770.0,10520.0,10590.0
2009-09-10,10710.0,10850.0,10670.0,10780.0
2009-09-11,10820.0,10860.0,10640.0,10720.0
2009-09-14,10720.0,10730.0,10320.0,10550.0
2009-09-15,10590.0,10790.0,10580.0,10740.0
2009-09-16,10850.0,11110.0,10830.0,10940.0
2009-09-17,11020.0,11320.0,11000.0,11260.0
2009-09-18,11300.0,11350.0,11100.0,11350.0
2009-09-21,11350.0,11350.0,11350.0,11350.0
2009-09-24,11150.0,11760.0,11150.0,11540.0
2009-09-25,11470.0,11620.0,11250.0,11500.0
2009-09-28,11150.0,11150.0,10860.0,10940.0
2009-09-29,10950.0,11000.0,10780.0,10930.0
2009-09-30,10940.0,11080.0,10860.0,11040.0
2009-10-01,11120.0,11160.0,10820.0,10900.0
2009-10-02,10600.0,10650.0,10370.0,10580.0
2009-10-05,10470.0,10550.0,10300.0,10390.0
2009-10-06,10300.0,10400.0,10210.0,10270.0
2009-10-07,10400.0,10400.0,10160.0,10180.0
2009-10-08,10350.0,10440.0,10220.0,10390.0
2009-10-09,10370.0,10600.0,10270.0,10480.0
2009-10-13,10490.0,10570.0,10450.0,10500.0
2009-10-14,10500.0,10500.0,10200.0,10400.0
2009-10-15,10550.0,10690.0,10540.0,10690.0
2009-10-16,10800.0,10800.0,10670.0,10730.0
2009-10-19,10650.0,10710.0,10480.0,10670.0
2009-10-20,10730.0,10830.0,10630.0,10660.0
2009-10-21,10580.0,10850.0,10570.0,10760.0
2009-10-22,10770.0,10930.0,10640.0,10930.0
2009-10-23,11060.0,11160.0,10960.0,11100.0
2009-10-26,11180.0,11220.0,11070.0,11100.0
2009-10-27,11070.0,11080.0,10710.0,10750.0
2009-10-28,10700.0,10770.0,10530.0,10590.0
2009-10-29,10420.0,10560.0,10240.0,10380.0
2009-10-30,10640.0,10640.0,10460.0,10540.0
2009-11-02,10450.0,10450.0,10210.0,10330.0
2009-11-04,10170.0,10280.0,10070.0,10160.0
2009-11-05,10160.0,10190.0,9890.0,10030.0
2009-11-06,10130.0,10150.0,9910.0,9960.0
2009-11-09,9980.0,10200.0,9710.0,10150.0
2009-11-10,10350.0,10350.0,10150.0,10190.0
2009-11-11,10080.0,10140.0,10010.0,10060.0
2009-11-12,10180.0,10220.0,9980.0,10020.0
2009-11-13,9940.0,10020.0,9830.0,9960.0
2009-11-16,9980.0,10030.0,9870.0,9940.0
2009-11-17,9960.0,10000.0,9810.0,9920.0
2009-11-18,9820.0,9960.0,9790.0,9950.0
2009-11-19,9920.0,9960.0,9750.0,9880.0
2009-11-20,9730.0,9830.0,9650.0,9810.0
2009-11-24,9860.0,9870.0,9680.0,9740.0
2009-11-25,9540.0,9900.0,9520.0,9830.0
2009-11-26,9770.0,9820.0,9660.0,9700.0
2009-11-27,9580.0,9740.0,9450.0,9500.0
2009-11-30,9620.0,9720.0,9590.0,9720.0
2009-12-01,9620.0,9830.0,9540.0,9820.0
2009-12-02,9720.0,10040.0,9680.0,9970.0
2009-12-03,10160.0,10460.0,10060.0,10440.0
2009-12-04,10500.0,10510.0,10200.0,10360.0
2009-12-07,10610.0,10760.0,10580.0,10700.0
2009-12-08,10610.0,10840.0,10610.0,10720.0
2009-12-09,10520.0,10570.0,10380.0,10470.0
2009-12-10,10320.0,10520.0,10190.0,10280.0
2009-12-11,10350.0,10560.0,10280.0,10560.0
2009-12-14,10560.0,10590.0,10350.0,10590.0
2009-12-15,10590.0,10590.0,10400.0,10540.0
2009-12-16,10650.0,10870.0,10540.0,10710.0
2009-12-17,10820.0,10850.0,10610.0,10610.0
2009-12-18,10610.0,10640.0,10310.0,10420.0
2009-12-21,10570.0,10590.0,10320.0,10370.0
2009-12-22,10340.0,10580.0,10260.0,10530.0
2009-12-24,10650.0,10730.0,10480.0,10650.0
2009-12-25,10590.0,10620.0,10520.0,10550.0
2009-12-28,10600.0,10690.0,10570.0,10580.0
2009-12-29,10560.0,10610.0,10560.0,10610.0
2009-12-30,10530.0,10680.0,10520.0,10530.0
2010-01-04,10490.0,10670.0,10450.0,10640.0
2010-01-05,10860.0,10900.0,10650.0,10720.0
2010-01-06,10830.0,10870.0,10690.0,10860.0
2010-01-07,10900.0,11070.0,10860.0,11060.0
2010-01-08,11100.0,11220.0,11070.0,11200.0
2010-01-12,11110.0,11390.0,11110.0,11360.0
2010-01-13,11400.0,11630.0,11310.0,11350.0
2010-01-14,11370.0,11480.0,11280.0,11470.0
2010-01-15,11540.0,11550.0,11310.0,11490.0
2010-01-18,11350.0,11500.0,11350.0,11450.0
2010-01-19,11350.0,11450.0,11180.0,11220.0
2010-01-20,11360.0,11360.0,11140.0,11200.0
2010-01-21,10900.0,11390.0,10880.0,11340.0
2010-01-22,11120.0,11200.0,10970.0,11110.0
2010-01-25,10850.0,11040.0,10850.0,11040.0
2010-01-26,10980.0,11060.0,10780.0,10800.0
2010-01-27,10780.0,10850.0,10560.0,10570.0
2010-01-28,10870.0,10930.0,10720.0,10840.0
2010-01-29,11010.0,11150.0,10910.0,10930.0
2010-02-01,10940.0,11190.0,10830.0,11070.0
2010-02-02,10910.0,11290.0,10850.0,11280.0
2010-02-03,11500.0,11770.0,11450.0,11480.0
2010-02-04,11450.0,11520.0,11220.0,11330.0
2010-02-05,11200.0,11200.0,10950.0,11050.0
2010-02-08,11350.0,11450.0,11010.0,11080.0
2010-02-09,10910.0,11050.0,10850.0,10970.0
2010-02-10,11000.0,11070.0,10830.0,10830.0
2010-02-12,10960.0,10960.0,10780.0,10860.0
2010-02-15,10800.0,10940.0,10790.0,10830.0
2010-02-16,10920.0,11050.0,10850.0,10970.0
2010-02-17,11240.0,11290.0,11080.0,11240.0
2010-02-18,11200.0,11270.0,11070.0,11160.0
2010-02-19,11230.0,11240.0,10910.0,10910.0
2010-02-22,11140.0,11370.0,11000.0,11300.0
2010-02-23,11250.0,11550.0,11220.0,11470.0
2010-02-24,11290.0,11360.0,11160.0,11290.0
2010-02-25,11350.0,11400.0,11050.0,11100.0
2010-02-26,11090.0,11180.0,11030.0,11090.0
2010-03-01,11170.0,11310.0,11090.0,11220.0
2010-03-02,11270.0,11350.0,11210.0,11300.0
2010-03-03,11250.0,11420.0,11190.0,11400.0
2010-03-04,11410.0,11430.0,11290.0,11350.0
2010-03-05,11450.0,11620.0,11390.0,11550.0
2010-03-08,11800.0,12000.0,11720.0,12000.0
2010-03-09,11890.0,11940.0,11700.0,11830.0
2010-03-10,11730.0,11740.0,11550.0,11650.0
2010-03-11,11700.0,11820.0,11640.0,11800.0
2010-03-12,11740.0,11980.0,11740.0,11940.0
2010-03-15,12000.0,12000.0,11830.0,11870.0
2010-03-16,11800.0,11870.0,11750.0,11750.0
2010-03-17,11760.0,11800.0,11570.0,11750.0
2010-03-18,11720.0,11720.0,11510.0,11540.0
2010-03-19,11690.0,11920.0,11640.0,11890.0
2010-03-23,11890.0,11930.0,11760.0,11900.0
2010-03-24,11950.0,12030.0,11840.0,11960.0
2010-03-25,11970.0,12070.0,11950.0,12020.0
2010-03-26,12320.0,12540.0,12110.0,12500.0
2010-03-29,12590.0,12790.0,12580.0,12770.0
2010-03-30,12800.0,12980.0,12790.0,12950.0
2010-03-31,12860.0,12860.0,12600.0,12690.0
2010-04-01,12760.0,12830.0,12650.0,12740.0
2010-04-02,12740.0,12770.0,12580.0,12750.0
2010-04-05,12850.0,13020.0,12830.0,12990.0
2010-04-06,13160.0,13280.0,13030.0,13130.0
2010-04-07,13000.0,13000.0,12820.0,12830.0
2010-04-08,12880.0,12930.0,12640.0,12660.0
2010-04-09,12640.0,12730.0,12550.0,12680.0
2010-04-12,12850.0,12850.0,12680.0,12680.0
2010-04-13,12650.0,12650.0,12390.0,12590.0
2010-04-14,12590.0,12790.0,12590.0,12780.0
2010-04-15,13000.0,13170.0,12850.0,12960.0
2010-04-16,13000.0,13000.0,12740.0,12780.0
2010-04-19,12620.0,12620.0,12380.0,12420.0
2010-04-20,12520.0,12660.0,12420.0,12490.0
2010-04-21,12630.0,12670.0,12470.0,12520.0
2010-04-22,12530.0,12570.0,12260.0,12530.0
2010-04-23,12620.0,12700.0,12470.0,12590.0
2010-04-26,12710.0,12740.0,12630.0,12680.0
2010-04-27,12570.0,13260.0,12560.0,13220.0
2010-04-28,12920.0,13200.0,12740.0,12960.0
2010-04-30,13500.0,13760.0,13320.0,13530.0
2010-05-06,13280.0,13300.0,13080.0,13160.0
2010-05-07,12500.0,12830.0,12000.0,12630.0
2010-05-10,12800.0,13240.0,12710.0,12740.0
2010-05-11,12910.0,13050.0,12630.0,12740.0
2010-05-12,12750.0,12850.0,12510.0,12610.0
2010-05-13,12800.0,12980.0,12630.0,12910.0
2010-05-14,12750.0,13340.0,12680.0,13030.0
2010-05-17,12830.0,12830.0,12500.0,12580.0
2010-05-18,12570.0,12710.0,12430.0,12500.0
2010-05-19,12160.0,12330.0,12070.0,12300.0
2010-05-20,12130.0,12170.0,11860.0,11920.0
2010-05-21,11560.0,11740.0,11460.0,11700.0
2010-05-24,11560.0,11830.0,11450.0,11810.0
2010-05-25,11550.0,11640.0,11330.0,11470.0
2010-05-26,11540.0,11590.0,11230.0,11420.0
2010-05-27,11120.0,11590.0,11070.0,11550.0
2010-05-28,11700.0,11800.0,11520.0,11740.0
2010-05-31,11750.0,11950.0,11670.0,11810.0
2010-06-01,11720.0,11830.0,11620.0,11740.0
2010-06-02,11680.0,12050.0,11660.0,11740.0
2010-06-03,11870.0,12060.0,11770.0,12040.0
2010-06-04,12150.0,12270.0,12090.0,12250.0
2010-06-07,11880.0,11880.0,11510.0,11550.0
2010-06-08,11750.0,12150.0,11680.0,12040.0
2010-06-09,11920.0,12050.0,11800.0,11930.0
2010-06-10,12090.0,12810.0,12010.0,12780.0
2010-06-11,12720.0,12940.0,12680.0,12750.0
2010-06-14,12890.0,13150.0,12890.0,13140.0
2010-06-15,12890.0,13160.0,12890.0,13040.0
2010-06-16,13320.0,13440.0,13180.0,13400.0
2010-06-17,13200.0,13350.0,13100.0,13290.0
2010-06-18,13300.0,13310.0,13040.0,13140.0
2010-06-21,13030.0,13480.0,13030.0,13400.0
2010-06-22,13260.0,13330.0,13080.0,13120.0
2010-06-23,12840.0,12890.0,12720.0,12800.0
2010-06-24,12620.0,12990.0,12610.0,12820.0
2010-06-25,12530.0,12680.0,12510.0,12570.0
2010-06-28,12550.0,12570.0,12380.0,12470.0
2010-06-29,12430.0,12530.0,12150.0,12170.0
2010-06-30,11690.0,12030.0,11690.0,11970.0
2010-07-01,11780.0,11850.0,11660.0,11750.0
2010-07-02,11860.0,11960.0,11650.0,11710.0
2010-07-05,11580.0,11760.0,11550.0,11660.0
2010-07-06,11510.0,11860.0,11490.0,11840.0
2010-07-07,11750.0,11840.0,11620.0,11670.0
2010-07-08,11970.0,12060.0,11760.0,11830.0
2010-07-09,11770.0,12030.0,11680.0,11990.0
2010-07-12,12000.0,12110.0,11880.0,11920.0
2010-07-13,12020.0,12040.0,11730.0,11770.0
2010-07-14,11950.0,12210.0,11870.0,12170.0
2010-07-15,12060.0,12130.0,11950.0,12030.0
2010-07-16,11970.0,12030.0,11760.0,11840.0
2010-07-21,11710.0,11750.0,11530.0,11560.0
2010-07-22,11500.0,11550.0,11350.0,11430.0
2010-07-23,11640.0,11940.0,11570.0,11860.0
2010-07-26,11960.0,12050.0,11880.0,11890.0
2010-07-27,11830.0,11840.0,11720.0,11730.0
2010-07-28,11810.0,11850.0,11680.0,11810.0
2010-07-29,11720.0,11810.0,11660.0,11690.0
2010-07-30,11650.0,11690.0,11370.0,11440.0
2010-08-02,11550.0,11650.0,11290.0,11350.0
2010-08-03,11530.0,11530.0,11370.0,11440.0
2010-08-04,11260.0,11280.0,10910.0,10940.0
2010-08-05,11130.0,11310.0,11030.0,11230.0
2010-08-06,11110.0,11180.0,10970.0,11130.0
2010-08-09,11070.0,11210.0,11010.0,11180.0
2010-08-10,11270.0,11290.0,11110.0,11180.0
2010-08-11,11050.0,11220.0,10760.0,10790.0
2010-08-12,10450.0,10550.0,10380.0,10510.0
2010-08-13,10460.0,10560.0,10390.0,10490.0
2010-08-16,10170.0,10280.0,10050.0,10220.0
2010-08-17,10050.0,10200.0,10010.0,10170.0
2010-08-18,10220.0,10250.0,9860.0,9960.0
2010-08-19,10070.0,10270.0,10070.0,10270.0
2010-08-20,10110.0,10270.0,10060.0,10260.0
2010-08-23,10220.0,10250.0,10130.0,10200.0
2010-08-24,10080.0,10370.0,10080.0,10140.0
2010-08-25,10140.0,10350.0,10140.0,10190.0
2010-08-26,10380.0,10600.0,10330.0,10540.0
2010-08-27,10500.0,10840.0,10420.0,10810.0
2010-08-30,11000.0,11080.0,10690.0,10750.0
2010-08-31,10690.0,10690.0,10350.0,10360.0
2010-09-01,10290.0,10530.0,10170.0,10510.0
2010-09-02,10670.0,10870.0,10600.0,10810.0
2010-09-03,10950.0,11100.0,10850.0,11060.0
2010-09-06,11260.0,11530.0,11230.0,11530.0
2010-09-07,11310.0,11480.0,11190.0,11260.0
2010-09-08,11010.0,11020.0,10780.0,10950.0
2010-09-09,11050.0,11120.0,10930.0,11020.0
2010-09-10,10920.0,11110.0,10910.0,11020.0
2010-09-13,11080.0,11120.0,10900.0,10940.0
2010-09-14,10870.0,10870.0,10650.0,10690.0
2010-09-16,11220.0,11230.0,10920.0,11060.0
2010-09-17,11180.0,11400.0,11140.0,11360.0
2010-09-21,11430.0,11500.0,11190.0,11230.0
2010-09-22,11250.0,11270.0,11100.0,11160.0
2010-09-24,10940.0,11100.0,10840.0,10860.0
2010-09-27,10910.0,11130.0,10850.0,11130.0
2010-09-28,11130.0,11190.0,11050.0,11100.0
2010-09-29,11160.0,11360.0,11120.0,11280.0
2010-09-30,11310.0,11340.0,10990.0,11010.0
2010-10-01,11180.0,11240.0,11000.0,11100.0
2010-10-04,11130.0,11280.0,10960.0,11010.0
2010-10-05,11010.0,11320.0,11010.0,11230.0
2010-10-06,11420.0,11730.0,11340.0,11710.0
2010-10-07,11720.0,11850.0,11550.0,11800.0
2010-10-08,11760.0,11870.0,11680.0,11680.0
2010-10-12,11920.0,12240.0,11920.0,12110.0
2010-10-13,12270.0,12340.0,12020.0,12100.0
2010-10-14,12100.0,12450.0,12050.0,12420.0
2010-10-15,12420.0,12420.0,12120.0,12280.0
2010-10-18,12290.0,12440.0,12110.0,12210.0
2010-10-19,12050.0,12320.0,12050.0,12200.0
2010-10-20,11930.0,12010.0,11720.0,11990.0
2010-10-21,11990.0,12050.0,11860.0,12000.0
2010-10-22,11990.0,12320.0,11990.0,12310.0
2010-10-25,12170.0,12430.0,12100.0,12310.0
2010-10-26,12220.0,12360.0,12200.0,12250.0
2010-10-27,12400.0,12450.0,12210.0,12400.0
2010-10-28,12380.0,12380.0,12220.0,12270.0
2010-10-29,12380.0,12380.0,12220.0,12300.0
2010-11-01,12300.0,12300.0,12030.0,12110.0
2010-11-02,12120.0,12200.0,12050.0,12180.0
2010-11-04,12260.0,12680.0,12260.0,12540.0
2010-11-05,12790.0,13040.0,12770.0,12940.0
2010-11-08,13040.0,13140.0,12900.0,13140.0
2010-11-09,13100.0,13180.0,12880.0,12960.0
2010-11-10,13560.0,14050.0,13510.0,13960.0
2010-11-11,13950.0,14030.0,13590.0,13720.0
2010-11-12,13720.0,13780.0,13380.0,13420.0
2010-11-15,13380.0,13590.0,13350.0,13500.0
2010-11-16,13250.0,13390.0,13170.0,13230.0
2010-11-17,13030.0,13290.0,12930.0,13270.0
2010-11-18,13330.0,13580.0,13180.0,13580.0
2010-11-19,13730.0,13790.0,13380.0,13400.0
2010-11-22,13470.0,13650.0,13420.0,13590.0
2010-11-24,13160.0,13400.0,13130.0,13320.0
2010-11-25,13550.0,13730.0,13420.0,13640.0
2010-11-26,13680.0,13830.0,13550.0,13560.0
2010-11-29,13470.0,13740.0,13470.0,13590.0
2010-11-30,13600.0,13630.0,13260.0,13300.0
2010-12-01,13340.0,13510.0,13280.0,13500.0
2010-12-02,13340.0,14070.0,13280.0,14070.0
2010-12-03,13340.0,14190.0,13280.0,13890.0
2010-12-06,13790.0,13940.0,13750.0,13800.0
2010-12-07,13790.0,13960.0,13750.0,13850.0
2010-12-08,13950.0,14130.0,13900.0,14000.0
2010-12-09,13950.0,14130.0,13900.0,14030.0
2010-12-10,13900.0,14070.0,13740.0,13920.0
2010-12-13,14200.0,14250.0,14100.0,14250.0
2010-12-14,14290.0,14530.0,14180.0,14370.0
2010-12-15,14480.0,14510.0,14350.0,14470.0
2010-12-16,14480.0,14480.0,14240.0,14310.0
2010-12-17,14340.0,14400.0,14240.0,14370.0
2010-12-20,14260.0,14360.0,14100.0,14180.0
2010-12-21,14250.0,14410.0,14210.0,14350.0
2010-12-22,14230.0,14300.0,14100.0,14110.0
2010-12-24,14030.0,14090.0,13920.0,14000.0
2010-12-27,14010.0,14180.0,14010.0,14150.0
2010-12-28,14150.0,14160.0,14060.0,14060.0
2010-12-29,14050.0,14120.0,14020.0,14110.0
2010-12-30,14060.0,14180.0,13850.0,13910.0
2011-01-04,14210.0,14390.0,14120.0,14280.0
2011-01-05,14250.0,14300.0,14110.0,14280.0
2011-01-06,14480.0,14850.0,14450.0,14850.0
2011-01-07,14840.0,14910.0,14700.0,14900.0
2011-01-11,14730.0,14810.0,14650.0,14750.0
2011-01-12,14840.0,14850.0,14650.0,14660.0
2011-01-13,14800.0,14800.0,14490.0,14670.0
2011-01-14,14620.0,14660.0,14470.0,14500.0
2011-01-17,14640.0,14640.0,14350.0,14350.0
2011-01-18,14360.0,14450.0,14310.0,14390.0
2011-01-19,14430.0,14710.0,14360.0,14710.0
2011-01-20,14590.0,14620.0,14310.0,14390.0
2011-01-21,14370.0,14390.0,13530.0,13590.0
2011-01-24,13600.0,13660.0,13300.0,13510.0
2011-01-25,13430.0,13810.0,13300.0,13750.0
2011-01-26,13700.0,13870.0,13640.0,13830.0
2011-01-27,13790.0,14310.0,13790.0,14210.0
2011-01-28,14200.0,14350.0,14080.0,14200.0
2011-01-31,13850.0,14080.0,13680.0,13890.0
2011-02-01,13970.0,14130.0,13850.0,14040.0
2011-02-02,14350.0,14450.0,14330.0,14410.0
2011-02-03,14320.0,14400.0,14250.0,14370.0
2011-02-04,14400.0,14600.0,14320.0,14590.0
2011-02-07,14700.0,14750.0,14610.0,14720.0
2011-02-08,14850.0,14890.0,14590.0,14740.0
2011-02-09,14300.0,14420.0,14020.0,14180.0
2011-02-10,14180.0,14180.0,13970.0,14040.0
2011-02-14,14270.0,14330.0,14070.0,14310.0
2011-02-15,14540.0,14740.0,14500.0,14710.0
2011-02-16,14720.0,14780.0,14500.0,14510.0
2011-02-17,14540.0,14660.0,14400.0,14480.0
2011-02-18,14500.0,14620.0,14370.0,14500.0
2011-02-21,14560.0,14720.0,14430.0,14660.0
2011-02-22,14600.0,14600.0,14260.0,14270.0
2011-02-23,14020.0,14340.0,14020.0,14040.0
2011-02-24,13800.0,13870.0,13690.0,13740.0
2011-02-25,13650.0,13800.0,13440.0,13700.0
2011-02-28,13730.0,14030.0,13460.0,13950.0
2011-03-01,13870.0,14060.0,13810.0,14030.0
2011-03-02,13880.0,13980.0,13720.0,13940.0
2011-03-03,13940.0,14150.0,13930.0,14080.0
2011-03-04,14170.0,14350.0,14140.0,14350.0
2011-03-07,14120.0,14140.0,13830.0,13970.0
2011-03-08,13960.0,14170.0,13910.0,14040.0
2011-03-09,14280.0,14320.0,14090.0,14180.0
2011-03-10,13990.0,14070.0,13720.0,13840.0
2011-03-11,13800.0,13830.0,13610.0,13630.0
2011-03-14,12000.0,12890.0,11110.0,12240.0
2011-03-15,12540.0,12580.0,11710.0,11870.0
2011-03-16,12870.0,13960.0,12770.0,13160.0
2011-03-17,13250.0,13540.0,12840.0,13280.0
2011-03-18,13540.0,13760.0,13400.0,13560.0
2011-03-22,13860.0,13860.0,13400.0,13720.0
2011-03-23,13530.0,13640.0,13190.0,13340.0
2011-03-24,13290.0,13360.0,13110.0,13180.0
2011-03-25,13190.0,13340.0,12950.0,13070.0
2011-03-28,13120.0,13140.0,12850.0,13080.0
2011-03-29,12700.0,13370.0,12700.0,13340.0
2011-03-30,13330.0,13590.0,13260.0,13570.0
2011-03-31,13690.0,13690.0,13350.0,13690.0
2011-04-01,13760.0,13760.0,13260.0,13270.0
2011-04-04,13380.0,13550.0,13300.0,13310.0
2011-04-05,13490.0,13500.0,12970.0,13040.0
2011-04-06,13300.0,13300.0,12910.0,13150.0
2011-04-07,13150.0,13390.0,13100.0,13250.0
2011-04-08,13260.0,13880.0,13190.0,13620.0
2011-04-11,13530.0,13740.0,13500.0,13560.0
2011-04-12,13430.0,13550.0,13230.0,13300.0
2011-04-13,13300.0,13670.0,13280.0,13630.0
2011-04-14,13530.0,13740.0,13450.0,13680.0
2011-04-15,13580.0,13780.0,13480.0,13710.0
2011-04-18,13700.0,13780.0,13460.0,13760.0
2011-04-19,13560.0,13620.0,13500.0,13580.0
2011-04-20,13710.0,13890.0,13610.0,13790.0
2011-04-21,13860.0,14030.0,13820.0,14010.0
2011-04-22,13900.0,14290.0,13830.0,14190.0
2011-04-25,14200.0,14330.0,13910.0,14010.0
2011-04-26,13900.0,13960.0,13820.0,13850.0
2011-04-27,13970.0,14390.0,13960.0,14370.0
2011-04-28,14550.0,14900.0,14460.0,14750.0
2011-05-02,14800.0,14870.0,14620.0,14680.0
2011-05-06,14400.0,14400.0,14150.0,14210.0
2011-05-09,14220.0,14230.0,13860.0,13950.0
2011-05-10,13960.0,14060.0,13900.0,13920.0
2011-05-11,14160.0,14180.0,14000.0,14030.0
2011-05-12,13950.0,14030.0,13770.0,13860.0
2011-05-13,13780.0,14010.0,13470.0,13990.0
2011-05-16,13780.0,13880.0,13550.0,13640.0
2011-05-17,13670.0,13780.0,13510.0,13720.0
2011-05-18,13800.0,14060.0,13780.0,13830.0
2011-05-19,13840.0,13850.0,13480.0,13500.0
2011-05-20,13540.0,13690.0,13490.0,13590.0
2011-05-23,13290.0,13290.0,12820.0,12910.0
2011-05-24,12770.0,13040.0,12730.0,12800.0
2011-05-25,12850.0,12940.0,12730.0,12780.0
2011-05-26,12970.0,12980.0,12820.0,12890.0
2011-05-27,12870.0,12930.0,12750.0,12750.0
2011-05-30,12890.0,13020.0,12720.0,12870.0
2011-05-31,12820.0,13050.0,12820.0,13040.0
2011-06-01,13140.0,13160.0,12870.0,13130.0
2011-06-02,12800.0,12940.0,12710.0,12910.0
2011-06-03,12880.0,13050.0,12810.0,12930.0
2011-06-06,12840.0,12850.0,12710.0,12770.0
2011-06-07,12680.0,12920.0,12570.0,12870.0
2011-06-08,12990.0,13090.0,12910.0,13060.0
2011-06-09,13070.0,13090.0,12900.0,13070.0
2011-06-10,13230.0,13340.0,13230.0,13320.0
2011-06-13,13100.0,13200.0,12920.0,13200.0
2011-06-14,13120.0,13250.0,12960.0,13240.0
2011-06-15,13300.0,13490.0,13230.0,13460.0
2011-06-16,13430.0,13750.0,13420.0,13670.0
2011-06-17,13500.0,13510.0,13210.0,13280.0
2011-06-20,13300.0,13370.0,13140.0,13180.0
2011-06-21,13330.0,13750.0,13320.0,13740.0
2011-06-22,13720.0,13920.0,13660.0,13920.0
2011-06-23,13930.0,14120.0,13870.0,13920.0
2011-06-24,13890.0,14070.0,13740.0,14070.0
2011-06-27,14020.0,14030.0,13830.0,13830.0
2011-06-28,13960.0,14050.0,13900.0,13970.0
2011-06-29,14170.0,14220.0,14010.0,14200.0
2011-06-30,14320.0,14450.0,14240.0,14440.0
2011-07-01,14440.0,14700.0,14390.0,14470.0
2011-07-04,14760.0,15090.0,14720.0,14880.0
2011-07-05,14780.0,14810.0,14490.0,14550.0
2011-07-06,14600.0,14730.0,14520.0,14720.0
2011-07-07,14650.0,14740.0,14540.0,14620.0
2011-07-08,14750.0,14850.0,14680.0,14820.0
2011-07-11,14780.0,14800.0,14700.0,14730.0
2011-07-12,14570.0,14590.0,14280.0,14450.0
2011-07-13,14440.0,14640.0,14370.0,14510.0
2011-07-14,14470.0,14500.0,14290.0,14290.0
2011-07-15,14250.0,14470.0,14240.0,14460.0
2011-07-19,14310.0,14370.0,14010.0,14030.0
2011-07-20,14160.0,14420.0,14150.0,14400.0
2011-07-21,14430.0,14440.0,14310.0,14380.0
2011-07-22,14500.0,14710.0,14450.0,14680.0
2011-07-25,14630.0,14690.0,14510.0,14530.0
2011-07-26,14590.0,14610.0,14450.0,14540.0
2011-07-27,14410.0,14570.0,14210.0,14570.0
2011-07-28,14340.0,14360.0,14240.0,14360.0
2011-07-29,14340.0,14540.0,14190.0,14190.0
2011-08-01,14740.0,14870.0,14640.0,14710.0
2011-08-02,14390.0,14390.0,13890.0,14010.0
2011-08-03,13600.0,13600.0,13210.0,13250.0
2011-08-04,13360.0,13380.0,12930.0,12930.0
2011-08-05,12560.0,12650.0,12450.0,12550.0
2011-08-08,12460.0,12520.0,12240.0,12290.0
2011-08-09,12010.0,12510.0,11710.0,12440.0
2011-08-10,12740.0,13020.0,12010.0,12140.0
2011-08-11,11900.0,11980.0,11590.0,11680.0
2011-08-12,11920.0,12250.0,11870.0,11980.0
2011-08-15,11990.0,12110.0,11950.0,12080.0
2011-08-16,12140.0,12250.0,12120.0,12210.0
2011-08-17,12170.0,12200.0,11940.0,12050.0
2011-08-18,12050.0,12050.0,11550.0,11740.0
2011-08-19,11440.0,11440.0,11060.0,11160.0
2011-08-22,11170.0,11400.0,11030.0,11070.0
2011-08-23,11160.0,11320.0,11020.0,11270.0
2011-08-24,11540.0,11670.0,11040.0,11120.0
2011-08-25,11330.0,11980.0,11300.0,11740.0
2011-08-26,11770.0,12100.0,11770.0,12100.0
2011-08-29,12060.0,12220.0,11800.0,12000.0
2011-08-30,12250.0,12360.0,12190.0,12240.0
2011-08-31,12140.0,12220.0,11970.0,12060.0
2011-09-01,12340.0,12430.0,12200.0,12380.0
2011-09-02,12140.0,12150.0,11590.0,11640.0
2011-09-05,11500.0,11510.0,11070.0,11158.0
2011-09-06,11060.0,11080.0,10700.0,10811.0
2011-09-07,11000.0,11090.0,10880.0,11030.0
2011-09-08,11210.0,11290.0,10830.0,10962.0
2011-09-09,10830.0,10860.0,10370.0,10416.3642578125
2011-09-12,10150.0,10300.0,9990.0,10242.0
2011-09-13,10270.0,10560.0,10230.0,10548.0
2011-09-14,10700.0,10850.0,10370.0,10432.0
2011-09-15,10640.0,10730.0,10510.0,10570.0
2011-09-16,10810.0,11200.0,10780.0,11132.0
2011-09-20,11170.0,11170.0,10800.0,11110.0
2011-09-21,11110.0,11380.0,11090.0,11330.0
2011-09-22,11040.0,11170.0,10900.0,11090.0
2011-09-26,11200.0,11230.0,10840.0,10910.0
2011-09-27,11100.0,11380.0,11070.0,11380.0
2011-09-28,11490.0,11650.0,11230.0,11270.0
2011-09-29,11250.0,11560.0,11210.0,11560.0
2011-09-30,11590.0,11630.0,11260.0,11430.0
2011-10-03,11370.0,11370.0,10830.0,11060.0
2011-10-04,10850.0,10880.0,10650.0,10790.0
2011-10-05,10840.0,10900.0,10570.0,10640.0
2011-10-06,10800.0,11140.0,10720.0,11090.0
2011-10-07,11250.0,11740.0,11250.0,11590.0
2011-10-11,11690.0,11860.0,11590.0,11780.0
2011-10-12,11750.0,11930.0,11570.0,11870.0
2011-10-13,12100.0,12310.0,12020.0,12180.0
2011-10-14,12150.0,12310.0,12090.0,12150.0
2011-10-17,12370.0,12560.0,12010.0,12060.0
2011-10-18,11810.0,12100.0,11530.0,12040.0
2011-10-19,12130.0,12300.0,12040.0,12270.0
2011-10-20,12110.0,12130.0,11720.0,11880.0
2011-10-21,11890.0,12170.0,11880.0,12140.0
2011-10-24,12190.0,12440.0,12190.0,12400.0
2011-10-25,12380.0,12400.0,12140.0,12230.0
2011-10-26,12010.0,12590.0,11970.0,12420.0
2011-10-27,12370.0,12930.0,12300.0,12890.0
2011-10-28,13070.0,13150.0,12750.0,12820.0
2011-10-31,12680.0,12860.0,12390.0,12390.0
2011-11-01,12200.0,12390.0,12110.0,12250.0
2011-11-02,12000.0,12040.0,11810.0,11950.0
2011-11-04,12140.0,12470.0,12080.0,12430.0
2011-11-07,12420.0,12430.0,12210.0,12340.0
2011-11-08,12380.0,12430.0,12110.0,12180.0
2011-11-09,12150.0,12250.0,11930.0,12110.0
2011-11-10,11370.0,12070.0,11310.0,11860.0
2011-11-11,12010.0,12150.0,11840.0,12070.0
2011-11-14,12250.0,12300.0,12050.0,12150.0
2011-11-15,12040.0,12460.0,12040.0,12240.0
2011-11-16,12050.0,12400.0,12030.0,12130.0
2011-11-17,12100.0,12430.0,12060.0,12390.0
2011-11-18,12150.0,12310.0,12120.0,12260.0
2011-11-21,12200.0,12210.0,11960.0,12020.0
2011-11-22,11930.0,12320.0,11920.0,12220.0
2011-11-24,12040.0,12230.0,11960.0,12080.0
2011-11-25,12120.0,12210.0,12020.0,12120.0
2011-11-28,12270.0,12740.0,12240.0,12460.0
2011-11-29,12570.0,12600.0,12410.0,12560.0
2011-11-30,12450.0,12580.0,12340.0,12520.0
2011-12-01,12850.0,13190.0,12760.0,13100.0
2011-12-02,13070.0,13140.0,12910.0,13070.0
2011-12-05,13150.0,13180.0,12790.0,12880.0
2011-12-06,12880.0,12880.0,12640.0,12640.0
2011-12-07,12800.0,12880.0,12680.0,12860.0
2011-12-08,12870.0,13030.0,12750.0,12880.0
2011-12-09,12580.0,12790.0,12580.0,12680.0
2011-12-12,12980.0,12980.0,12850.0,12850.0
2011-12-13,12650.0,12880.0,12600.0,12780.0
2011-12-14,12780.0,12780.0,12430.0,12440.0
2011-12-15,12230.0,12310.0,12020.0,12060.0
2011-12-16,12150.0,12340.0,12120.0,12260.0
2011-12-19,12140.0,12150.0,11920.0,12080.0
2011-12-20,12010.0,12280.0,11960.0,12250.0
2011-12-21,12450.0,12540.0,12210.0,12300.0
2011-12-22,12210.0,12210.0,12000.0,12040.0
2011-12-26,12190.0,12260.0,12130.0,12230.0
2011-12-27,12140.0,12210.0,12090.0,12120.0
2011-12-28,12170.0,12400.0,12120.0,12270.0
2011-12-29,12260.0,12300.0,12060.0,12300.0
2011-12-30,12320.0,12420.0,12270.0,12420.0
2012-01-04,12800.0,12850.0,12670.0,12710.0
2012-01-05,12600.0,12620.0,12370.0,12410.0
2012-01-06,12330.0,12340.0,12150.0,12250.0
2012-01-10,12390.0,12460.0,12160.0,12200.0
2012-01-11,12230.0,12330.0,12170.0,12250.0
2012-01-12,12220.0,12220.0,11970.0,12070.0
2012-01-13,12200.0,12330.0,12120.0,12150.0
2012-01-16,12010.0,12020.0,11760.0,11860.0
2012-01-17,11860.0,11950.0,11810.0,11860.0
2012-01-18,11610.0,12250.0,11610.0,12190.0
2012-01-19,12490.0,12810.0,12330.0,12800.0
2012-01-20,13000.0,13020.0,12790.0,12940.0
2012-01-23,12980.0,12990.0,12830.0,12960.0
2012-01-24,13000.0,13050.0,12890.0,12940.0
2012-01-25,12940.0,13220.0,12930.0,13160.0
2012-01-26,13290.0,13380.0,13080.0,13150.0
2012-01-27,13140.0,13370.0,13130.0,13270.0
2012-01-30,13000.0,13280.0,13000.0,13210.0
2012-01-31,13220.0,13330.0,13170.0,13230.0
2012-02-01,13320.0,13500.0,13240.0,13310.0
2012-02-02,13430.0,13540.0,13340.0,13380.0
2012-02-03,13390.0,13550.0,13380.0,13470.0
2012-02-06,13810.0,14040.0,13800.0,13900.0
2012-02-07,13820.0,13830.0,13490.0,13570.0
2012-02-08,13580.0,13680.0,13500.0,13570.0
2012-02-09,13620.0,13630.0,13320.0,13400.0
2012-02-10,13460.0,13460.0,13110.0,13200.0
2012-02-13,13060.0,13300.0,13030.0,13200.0
2012-02-14,13270.0,13310.0,13050.0,13200.0
2012-02-15,13260.0,13790.0,13180.0,13570.0
2012-02-16,13490.0,13700.0,13400.0,13460.0
2012-02-17,13760.0,13840.0,13670.0,13750.0
2012-02-20,14100.0,14160.0,13800.0,13880.0
2012-02-21,13800.0,13920.0,13670.0,13780.0
2012-02-22,13830.0,13990.0,13750.0,13950.0
2012-02-23,13830.0,14040.0,13780.0,13980.0
2012-02-24,14100.0,14200.0,14020.0,14090.0
2012-02-27,14160.0,14180.0,13810.0,13840.0
2012-02-28,13700.0,13950.0,13680.0,13900.0
2012-02-29,14040.0,14050.0,13800.0,13860.0
2012-03-01,13650.0,13930.0,13510.0,13600.0
2012-03-02,13800.0,13870.0,13560.0,13680.0
2012-03-05,13610.0,13680.0,13480.0,13550.0
2012-03-06,13480.0,13480.0,13040.0,13210.0
2012-03-07,13040.0,13280.0,13020.0,13160.0
2012-03-08,13190.0,13360.0,13180.0,13330.0
2012-03-09,13520.0,13710.0,13450.0,13610.0
2012-03-12,13850.0,13890.0,13560.0,13580.0
2012-03-13,13610.0,13800.0,13510.0,13650.0
2012-03-14,13950.0,14080.0,13900.0,13970.0
2012-03-15,14050.0,14090.0,13770.0,13790.0
2012-03-16,13720.0,13720.0,13510.0,13700.0
2012-03-19,13710.0,13750.0,13430.0,13580.0
2012-03-21,13480.0,13490.0,13230.0,13320.0
2012-03-22,13220.0,13380.0,13120.0,13280.0
2012-03-23,13000.0,13130.0,12990.0,13030.0
2012-03-26,13030.0,13120.0,12890.0,13020.0
2012-03-27,13180.0,13470.0,13120.0,13470.0
2012-03-28,13420.0,13580.0,13300.0,13470.0
2012-03-29,13490.0,13640.0,13330.0,13380.0
2012-03-30,13270.0,13350.0,13090.0,13160.0
2012-04-02,13470.0,13540.0,13420.0,13470.0
2012-04-03,13360.0,13510.0,13300.0,13380.0
2012-04-04,13430.0,13510.0,13120.0,13340.0
2012-04-05,13220.0,13330.0,13050.0,13280.0
2012-04-06,13160.0,13280.0,13060.0,13090.0
2012-04-09,12950.0,13050.0,12910.0,12940.0
2012-04-10,12950.0,13030.0,12760.0,12790.0
2012-04-11,12790.0,13080.0,12760.0,13020.0
2012-04-12,13020.0,13360.0,12920.0,13330.0
2012-04-13,13430.0,13490.0,13250.0,13320.0
2012-04-16,13190.0,13280.0,13130.0,13160.0
2012-04-17,13160.0,13370.0,13110.0,13190.0
2012-04-18,13500.0,13830.0,13450.0,13790.0
2012-04-19,13740.0,13920.0,13650.0,13740.0
2012-04-20,13720.0,13720.0,13450.0,13590.0
2012-04-23,13600.0,13700.0,13510.0,13570.0
2012-04-24,13440.0,13550.0,13360.0,13470.0
2012-04-25,13770.0,13770.0,13500.0,13520.0
2012-04-26,13610.0,13660.0,13380.0,13440.0
2012-04-27,13440.0,13680.0,13320.0,13410.0
2012-05-01,13600.0,13600.0,13180.0,13250.0
2012-05-02,13260.0,13500.0,13260.0,13410.0
2012-05-07,13130.0,13320.0,13080.0,13250.0
2012-05-08,13400.0,13470.0,13210.0,13240.0
2012-05-09,13070.0,13070.0,12800.0,12930.0
2012-05-10,12960.0,13110.0,12840.0,13060.0
2012-05-11,13060.0,13160.0,12970.0,13110.0
2012-05-14,13120.0,13410.0,13010.0,13230.0
2012-05-15,13090.0,13210.0,12920.0,13190.0
2012-05-16,13640.0,13980.0,13360.0,13660.0
2012-05-17,13400.0,13700.0,13230.0,13600.0
2012-05-18,13370.0,13380.0,13040.0,13140.0
2012-05-21,13000.0,13140.0,12880.0,12920.0
2012-05-22,13380.0,13410.0,13220.0,13300.0
2012-05-23,13450.0,13450.0,12950.0,13050.0
2012-05-24,13120.0,13130.0,12720.0,12970.0
2012-05-25,13050.0,13050.0,12720.0,12830.0
2012-05-28,12830.0,12980.0,12760.0,12950.0
2012-05-29,12710.0,13070.0,12690.0,13060.0
2012-05-30,12930.0,13020.0,12740.0,12940.0
2012-05-31,12730.0,12970.0,12680.0,12880.0
2012-06-01,12690.0,12770.0,12220.0,12390.0
2012-06-04,12030.0,12260.0,11970.0,12150.0
2012-06-05,12300.0,12390.0,12200.0,12390.0
2012-06-06,12510.0,12850.0,12410.0,12750.0
2012-06-07,12880.0,12930.0,12760.0,12870.0
2012-06-08,12910.0,13070.0,12840.0,12900.0
2012-06-11,13200.0,13350.0,13120.0,13140.0
2012-06-12,12850.0,13110.0,12760.0,13010.0
2012-06-13,13080.0,13120.0,12960.0,13050.0
2012-06-14,12930.0,13060.0,12900.0,13050.0
2012-06-15,13160.0,13340.0,13120.0,13240.0
2012-06-18,13500.0,13630.0,13480.0,13580.0
2012-06-19,13560.0,13580.0,13320.0,13400.0
2012-06-20,13540.0,13540.0,13320.0,13380.0
2012-06-21,13470.0,13570.0,13360.0,13490.0
2012-06-22,13340.0,13450.0,13320.0,13400.0
2012-06-25,13480.0,13480.0,13190.0,13270.0
2012-06-26,13190.0,13450.0,13170.0,13320.0
2012-06-27,13330.0,13340.0,13170.0,13300.0
2012-06-28,13390.0,13490.0,13360.0,13490.0
2012-06-29,13480.0,13810.0,13350.0,13710.0
2012-07-02,13800.0,13820.0,13570.0,13600.0
2012-07-03,13710.0,13840.0,13690.0,13830.0
2012-07-04,13900.0,14030.0,13900.0,13950.0
2012-07-05,13940.0,14040.0,13880.0,14000.0
2012-07-06,14060.0,14100.0,13940.0,13980.0
2012-07-09,13850.0,13850.0,13510.0,13550.0
2012-07-10,13450.0,13530.0,13130.0,13260.0
2012-07-11,13120.0,13140.0,12880.0,12980.0
2012-07-12,12970.0,13060.0,12750.0,12800.0
2012-07-13,12780.0,13010.0,12780.0,12920.0
2012-07-17,12850.0,12850.0,12560.0,12690.0
2012-07-18,12720.0,12800.0,12620.0,12640.0
2012-07-19,12980.0,13050.0,12870.0,12960.0
2012-07-20,12840.0,12960.0,12680.0,12880.0
2012-07-23,12660.0,13050.0,12650.0,12840.0
2012-07-24,12840.0,13030.0,12840.0,12940.0
2012-07-25,12680.0,12760.0,12430.0,12530.0
2012-07-26,12560.0,12920.0,12550.0,12920.0
2012-07-27,13030.0,13190.0,13010.0,13140.0
2012-07-30,13240.0,13330.0,13130.0,13200.0
2012-07-31,13300.0,13420.0,13200.0,13250.0
2012-08-01,13080.0,13090.0,12630.0,12880.0
2012-08-02,12940.0,13120.0,12830.0,12870.0
2012-08-03,12630.0,12740.0,12410.0,12690.0
2012-08-06,12960.0,13120.0,12950.0,12950.0
2012-08-07,12950.0,13120.0,12850.0,13100.0
2012-08-08,13090.0,13180.0,12920.0,13020.0
2012-08-09,13430.0,13750.0,13050.0,13230.0
2012-08-10,13210.0,13570.0,13210.0,13430.0
2012-08-13,13300.0,13320.0,13050.0,13120.0
2012-08-14,13160.0,13330.0,12870.0,12970.0
2012-08-15,12910.0,13030.0,12760.0,12910.0
2012-08-16,12930.0,13150.0,12860.0,13150.0
2012-08-17,13200.0,13370.0,13100.0,13360.0
2012-08-20,13370.0,13420.0,13190.0,13220.0
2012-08-21,13170.0,13170.0,12990.0,13070.0
2012-08-22,13000.0,13130.0,12900.0,13120.0
2012-08-23,13040.0,13090.0,12880.0,13050.0
2012-08-24,12890.0,13030.0,12890.0,12970.0
2012-08-27,13020.0,13040.0,12780.0,12820.0
2012-08-28,12810.0,12840.0,12550.0,12620.0
2012-08-29,12580.0,12730.0,12560.0,12670.0
2012-08-30,12540.0,12560.0,12400.0,12440.0
2012-08-31,12260.0,12450.0,12220.0,12290.0
2012-09-03,12290.0,12290.0,12050.0,12060.0
2012-09-04,12050.0,12120.0,11860.0,12080.0
2012-09-05,12000.0,12050.0,11870.0,11870.0
2012-09-06,11830.0,11940.0,11730.0,11940.0
2012-09-07,12260.0,12290.0,12080.0,12290.0
2012-09-10,12310.0,12320.0,12120.0,12300.0
2012-09-11,12300.0,12330.0,12160.0,12190.0
2012-09-12,12200.0,12420.0,12120.0,12200.0
2012-09-13,12120.0,12220.0,12070.0,12130.0
2012-09-14,12280.0,12390.0,12200.0,12300.0
2012-09-18,12300.0,12590.0,12300.0,12520.0
2012-09-19,12770.0,12840.0,12530.0,12680.0
2012-09-20,12690.0,12710.0,12280.0,12360.0
2012-09-21,12430.0,12490.0,12310.0,12460.0
2012-09-24,12410.0,12480.0,12280.0,12360.0
2012-09-25,12290.0,12460.0,12240.0,12440.0
2012-09-26,12340.0,12480.0,12210.0,12290.0
2012-09-27,12320.0,12780.0,12310.0,12730.0
2012-09-28,12750.0,12780.0,12450.0,12580.0
2012-10-01,12540.0,12620.0,12410.0,12550.0
2012-10-02,12540.0,12640.0,12450.0,12470.0
2012-10-03,12420.0,12490.0,12310.0,12350.0
2012-10-04,12360.0,12440.0,12190.0,12320.0
2012-10-05,12330.0,12400.0,12180.0,12280.0
2012-10-09,12000.0,12170.0,11910.0,11980.0
2012-10-10,11870.0,11940.0,11790.0,11880.0
2012-10-11,11760.0,11960.0,11680.0,11870.0
2012-10-12,11900.0,11980.0,11790.0,11860.0
2012-10-15,11890.0,12060.0,11790.0,12040.0
2012-10-16,12170.0,12340.0,12100.0,12310.0
2012-10-17,12440.0,12460.0,12300.0,12340.0
2012-10-18,12440.0,12800.0,12370.0,12790.0
2012-10-19,12580.0,12780.0,12560.0,12760.0
2012-10-22,12460.0,12510.0,12240.0,12460.0
2012-10-23,12580.0,12740.0,12560.0,12570.0
2012-10-24,12290.0,12500.0,12270.0,12430.0
2012-10-25,12380.0,12510.0,12330.0,12510.0
2012-10-26,12420.0,12470.0,12270.0,12270.0
2012-10-29,12280.0,12390.0,12180.0,12320.0
2012-10-30,12340.0,12560.0,12340.0,12340.0
2012-10-31,12410.0,12630.0,12410.0,12580.0
2012-11-01,12620.0,12650.0,12460.0,12580.0
2012-11-02,12820.0,13110.0,12810.0,12950.0
2012-11-05,12860.0,12980.0,12790.0,12920.0
2012-11-06,12860.0,12880.0,12740.0,12760.0
2012-11-07,12950.0,12960.0,12690.0,12690.0
2012-11-08,12560.0,12660.0,12360.0,12360.0
2012-11-09,12220.0,12400.0,12200.0,12300.0
2012-11-12,12000.0,12430.0,11980.0,12370.0
2012-11-13,12400.0,12710.0,12200.0,12700.0
2012-11-14,12700.0,12730.0,12470.0,12690.0
2012-11-15,12770.0,13100.0,12710.0,13040.0
2012-11-16,13100.0,13250.0,13020.0,13090.0
2012-11-19,13450.0,13520.0,13250.0,13270.0
2012-11-20,13470.0,13470.0,13280.0,13410.0
2012-11-21,13410.0,13410.0,13210.0,13260.0
2012-11-22,13420.0,13640.0,13390.0,13640.0
2012-11-26,13880.0,13990.0,13680.0,13700.0
2012-11-27,13640.0,13750.0,13580.0,13690.0
2012-11-28,13570.0,13680.0,13540.0,13640.0
2012-11-29,13600.0,13780.0,13600.0,13770.0
2012-11-30,13850.0,14010.0,13700.0,13920.0
2012-12-03,14060.0,14130.0,13920.0,14070.0
2012-12-04,14060.0,14130.0,13910.0,14060.0
2012-12-05,13870.0,14240.0,13840.0,14170.0
2012-12-06,14290.0,14700.0,14290.0,14700.0
2012-12-07,14640.0,14900.0,14550.0,14840.0
2012-12-10,14800.0,14870.0,14680.0,14750.0
2012-12-11,14800.0,14800.0,14520.0,14560.0
2012-12-12,14650.0,14790.0,14640.0,14680.0
2012-12-13,14880.0,15060.0,14830.0,14970.0
2012-12-14,14800.0,14970.0,14770.0,14930.0
2012-12-17,15200.0,15270.0,14890.0,14950.0
2012-12-18,14820.0,15040.0,14770.0,14930.0
2012-12-19,15060.0,15230.0,15020.0,15220.0
2012-12-20,15170.0,15660.0,15140.0,15430.0
2012-12-21,15660.0,15680.0,15280.0,15350.0
2012-12-25,15530.0,15560.0,15060.0,15110.0
2012-12-26,15110.0,15290.0,15100.0,15260.0
2012-12-27,15350.0,15650.0,15330.0,15540.0
2012-12-28,15660.0,15730.0,15520.0,15560.0
2013-01-04,16030.0,16370.0,16010.0,16340.0
2013-01-07,16640.0,16640.0,15450.0,15530.0
2013-01-08,15500.0,15610.0,15230.0,15340.0
2013-01-09,15280.0,15720.0,15200.0,15650.0
2013-01-10,15600.0,15730.0,15480.0,15590.0
2013-01-11,15750.0,15760.0,15210.0,15300.0
2013-01-15,15700.0,15730.0,15350.0,15500.0
2013-01-16,15490.0,15490.0,14950.0,15060.0
2013-01-17,15380.0,15380.0,14890.0,15200.0
2013-01-18,15610.0,15870.0,15510.0,15640.0
2013-01-21,15600.0,15600.0,15160.0,15200.0
2013-01-22,15190.0,15230.0,14930.0,15140.0
2013-01-23,15090.0,15260.0,14970.0,15220.0
2013-01-24,15010.0,15280.0,15010.0,15140.0
2013-01-25,15540.0,15880.0,15460.0,15870.0
2013-01-28,15890.0,15890.0,15330.0,15420.0
2013-01-29,15430.0,15920.0,15420.0,15850.0
2013-01-30,15940.0,16010.0,15800.0,15950.0
2013-01-31,15850.0,15900.0,15730.0,15820.0
2013-02-01,16050.0,16210.0,15930.0,16020.0
2013-02-04,16350.0,16350.0,15720.0,15790.0
2013-02-05,15520.0,15670.0,15450.0,15480.0
2013-02-06,15760.0,15980.0,15730.0,15960.0
2013-02-07,15850.0,15980.0,15660.0,15680.0
2013-02-08,15580.0,15630.0,15300.0,15350.0
2013-02-12,15370.0,15550.0,15340.0,15360.0
2013-02-13,15030.0,15770.0,15010.0,15680.0
2013-02-14,15900.0,16250.0,15800.0,15860.0
2013-02-15,15860.0,15910.0,15670.0,15900.0
2013-02-18,15910.0,15950.0,15600.0,15670.0
2013-02-19,15680.0,15860.0,15430.0,15820.0
2013-02-20,15880.0,15950.0,15800.0,15870.0
2013-02-21,15820.0,15850.0,15480.0,15560.0
2013-02-22,15410.0,15500.0,15180.0,15470.0
2013-02-25,15840.0,16170.0,15730.0,15730.0
2013-02-26,15600.0,15940.0,15580.0,15850.0
2013-02-27,15910.0,15910.0,15630.0,15720.0
2013-02-28,15840.0,16120.0,15810.0,16080.0
2013-03-01,16130.0,16570.0,16080.0,16460.0
2013-03-04,16580.0,16640.0,16410.0,16510.0
2013-03-05,16570.0,16610.0,16280.0,16360.0
2013-03-06,16550.0,16750.0,16420.0,16740.0
2013-03-07,16850.0,16850.0,16600.0,16670.0
2013-03-08,16800.0,17490.0,16790.0,17410.0
2013-03-11,17710.0,17740.0,17480.0,17590.0
2013-03-12,17690.0,17980.0,17600.0,17730.0
2013-03-13,17710.0,17840.0,17430.0,17450.0
2013-03-14,17620.0,17750.0,17500.0,17720.0
2013-03-15,17900.0,18320.0,17850.0,18320.0
2013-03-18,17980.0,18200.0,17840.0,17840.0
2013-03-19,18170.0,18560.0,18100.0,18330.0
2013-03-21,18520.0,18720.0,18430.0,18460.0
2013-03-22,18360.0,18530.0,17600.0,17600.0
2013-03-25,18000.0,18190.0,17900.0,17990.0
2013-03-26,18070.0,18400.0,17940.0,18000.0
2013-03-27,18290.0,18380.0,17900.0,18120.0
2013-03-28,18080.0,18220.0,18010.0,18180.0
2013-03-29,18280.0,18320.0,18090.0,18180.0
2013-04-01,18360.0,18360.0,17740.0,17750.0
2013-04-02,17700.0,17740.0,17180.0,17280.0
2013-04-03,17010.0,17850.0,17010.0,17800.0
2013-04-04,17650.0,18050.0,17370.0,18040.0
2013-04-05,21040.0,21100.0,18640.0,18760.0
2013-04-08,18520.0,19420.0,18310.0,19380.0
2013-04-09,19400.0,19690.0,19150.0,19400.0
2013-04-10,19400.0,19860.0,19350.0,19560.0
2013-04-11,19670.0,20000.0,19490.0,20000.0
2013-04-12,19910.0,19970.0,19720.0,19970.0
2013-04-15,19910.0,19980.0,19770.0,19920.0
2013-04-16,19440.0,19700.0,19290.0,19550.0
2013-04-17,19920.0,19940.0,19600.0,19760.0
2013-04-18,19120.0,19400.0,19010.0,19010.0
2013-04-19,19170.0,19170.0,18670.0,18910.0
2013-04-22,19240.0,19320.0,19030.0,19260.0
2013-04-23,19150.0,19160.0,18910.0,18980.0
2013-04-24,19300.0,19420.0,19060.0,19390.0
2013-04-25,19490.0,19790.0,19350.0,19370.0
2013-04-26,19440.0,19500.0,19190.0,19190.0
2013-04-30,19010.0,19550.0,19000.0,19510.0
2013-05-01,19400.0,19410.0,19030.0,19140.0
2013-05-02,19090.0,19320.0,18990.0,19090.0
2013-05-07,19500.0,20000.0,19500.0,20000.0
2013-05-08,20000.0,20550.0,19850.0,20270.0
2013-05-09,20430.0,20470.0,19930.0,19950.0
2013-05-10,20310.0,21050.0,20290.0,20950.0
2013-05-13,21280.0,21990.0,21120.0,21890.0
2013-05-14,22000.0,22000.0,21710.0,21860.0
2013-05-15,22000.0,22520.0,21950.0,22340.0
2013-05-16,23000.0,23250.0,22460.0,22930.0
2013-05-17,22430.0,22560.0,22050.0,22330.0
2013-05-20,22400.0,22840.0,22360.0,22480.0
2013-05-21,22110.0,22600.0,22030.0,22080.0
2013-05-22,22430.0,23000.0,22340.0,22840.0
2013-05-23,22420.0,23080.0,21000.0,21040.0
2013-05-24,21240.0,21720.0,20220.0,20920.0
2013-05-27,20000.0,20790.0,19650.0,19660.0
2013-05-28,19540.0,20710.0,19420.0,20500.0
2013-05-29,21000.0,21190.0,20360.0,20840.0
2013-05-30,20010.0,20600.0,19800.0,19910.0
2013-05-31,20310.0,20370.0,19620.0,19690.0
2013-06-03,19690.0,19740.0,19300.0,19400.0
2013-06-04,19400.0,19930.0,19150.0,19850.0
2013-06-05,19870.0,20140.0,19520.0,19520.0
2013-06-06,19300.0,19640.0,18490.0,18530.0
2013-06-07,18530.0,19480.0,18420.0,19060.0
2013-06-10,19780.0,20060.0,19580.0,19940.0
2013-06-11,19940.0,20150.0,19540.0,19880.0
2013-06-12,19880.0,20220.0,19560.0,20080.0
2013-06-13,19970.0,19970.0,19150.0,19170.0
2013-06-14,19570.0,19790.0,19160.0,19190.0
2013-06-17,19200.0,19720.0,18990.0,19660.0
2013-06-18,19850.0,20000.0,19430.0,19650.0
2013-06-19,20000.0,20120.0,19570.0,19990.0
2013-06-20,19830.0,19920.0,19510.0,19860.0
2013-06-21,19460.0,20200.0,19350.0,20020.0
2013-06-24,20110.0,20230.0,19590.0,19610.0
2013-06-25,19600.0,19690.0,18810.0,19040.0
2013-06-26,19600.0,19700.0,18870.0,18990.0
2013-06-27,19150.0,19520.0,19070.0,19130.0
2013-06-28,19420.0,20040.0,19240.0,19920.0
2013-07-01,20320.0,20590.0,20220.0,20510.0
2013-07-02,20750.0,20840.0,20530.0,20810.0
2013-07-03,20990.0,21190.0,20820.0,20980.0
2013-07-04,20650.0,20880.0,20310.0,20400.0
2013-07-05,20560.0,20670.0,20340.0,20600.0
2013-07-08,20800.0,20930.0,20360.0,20400.0
2013-07-09,20740.0,21230.0,20740.0,21150.0
2013-07-10,21020.0,21270.0,20900.0,21180.0
2013-07-11,20890.0,21270.0,20840.0,21240.0
2013-07-12,21250.0,21740.0,21240.0,21540.0
2013-07-16,22220.0,22220.0,21750.0,21980.0
2013-07-17,21880.0,21890.0,21560.0,21690.0
2013-07-18,21830.0,22080.0,21830.0,22010.0
2013-07-19,22110.0,22150.0,21570.0,21670.0
2013-07-22,21820.0,21890.0,21310.0,21410.0
2013-07-23,21050.0,21490.0,21050.0,21440.0
2013-07-24,21480.0,21720.0,21430.0,21570.0
2013-07-25,21520.0,21570.0,21050.0,21210.0
2013-07-26,20790.0,20950.0,20600.0,20720.0
2013-07-29,20300.0,20800.0,20060.0,20530.0
2013-07-30,20540.0,21300.0,20530.0,21170.0
2013-07-31,20960.0,21210.0,20770.0,20770.0
2013-08-01,20890.0,21490.0,20790.0,21460.0
2013-08-02,21600.0,21650.0,21390.0,21650.0
2013-08-05,21370.0,21680.0,21350.0,21440.0
2013-08-06,21490.0,21650.0,21140.0,21570.0
2013-08-07,21100.0,21450.0,21070.0,21190.0
2013-08-08,20690.0,21030.0,20110.0,20200.0
2013-08-09,21200.0,21420.0,20860.0,21230.0
2013-08-12,20950.0,21070.0,20660.0,20840.0
2013-08-13,21100.0,21150.0,20720.0,21120.0
2013-08-14,21270.0,21900.0,21270.0,21900.0
2013-08-15,21400.0,21740.0,21020.0,21130.0
2013-08-16,20890.0,20970.0,20570.0,20600.0
2013-08-19,20550.0,20800.0,20470.0,20800.0
2013-08-20,20500.0,20920.0,20460.0,20460.0
2013-08-21,20570.0,20950.0,20480.0,20790.0
2013-08-22,20520.0,20740.0,20370.0,20570.0
2013-08-23,20850.0,21280.0,20770.0,21100.0
2013-08-26,21290.0,21320.0,20930.0,21060.0
2013-08-27,20630.0,20870.0,20600.0,20660.0
2013-08-28,20300.0,20620.0,20220.0,20470.0
2013-08-29,20440.0,20830.0,20360.0,20750.0
2013-08-30,20920.0,20950.0,20450.0,20620.0
2013-09-02,20740.0,20810.0,20500.0,20760.0
2013-09-03,21120.0,21280.0,20880.0,21190.0
2013-09-04,20810.0,21170.0,20780.0,20990.0
2013-09-05,21100.0,21250.0,20860.0,21170.0
2013-09-06,21380.0,21450.0,21020.0,21380.0
2013-09-09,22000.0,22040.0,21720.0,21930.0
2013-09-10,22000.0,22040.0,21820.0,22000.0
2013-09-11,22190.0,22500.0,22100.0,22230.0
2013-09-12,22000.0,22640.0,22000.0,22520.0
2013-09-13,22700.0,23070.0,22670.0,22970.0
2013-09-17,23760.0,23760.0,23150.0,23150.0
2013-09-18,23490.0,24020.0,23390.0,23440.0
2013-09-19,23850.0,24060.0,23600.0,23950.0
2013-09-20,23960.0,24140.0,23940.0,24050.0
2013-09-24,23500.0,23750.0,23450.0,23540.0
2013-09-25,23440.0,23910.0,23310.0,23810.0
2013-09-26,23810.0,24620.0,23520.0,24590.0
2013-09-27,24410.0,24410.0,23720.0,23850.0
2013-09-30,23190.0,23730.0,23100.0,23340.0
2013-10-01,23460.0,23700.0,23370.0,23430.0
2013-10-02,23430.0,23740.0,23000.0,23130.0
2013-10-03,23130.0,23470.0,22970.0,23200.0
2013-10-04,22940.0,23380.0,22640.0,22640.0
2013-10-07,22460.0,22470.0,21690.0,21730.0
2013-10-08,21260.0,21990.0,21100.0,21640.0
2013-10-09,21500.0,22150.0,21260.0,22150.0
2013-10-10,22200.0,22390.0,22090.0,22320.0
2013-10-11,22870.0,23010.0,22670.0,22960.0
2013-10-15,23350.0,23560.0,23070.0,23490.0
2013-10-16,23650.0,23750.0,23330.0,23450.0
2013-10-17,23800.0,23920.0,23520.0,23740.0
2013-10-18,23710.0,23770.0,23370.0,23420.0
2013-10-21,23680.0,23750.0,23430.0,23510.0
2013-10-22,23410.0,23410.0,23120.0,23160.0
2013-10-23,23440.0,23450.0,22540.0,22540.0
2013-10-24,22490.0,22930.0,22140.0,22820.0
2013-10-25,22690.0,22690.0,22010.0,22030.0
2013-10-28,22400.0,22550.0,22180.0,22530.0
2013-10-29,22600.0,22720.0,22260.0,22540.0
2013-10-30,22850.0,23060.0,22610.0,22990.0
2013-10-31,23080.0,23330.0,22740.0,22780.0
2013-11-01,22990.0,23190.0,22770.0,22870.0
2013-11-05,22980.0,23050.0,22270.0,22620.0
2013-11-06,22620.0,22950.0,22530.0,22700.0
2013-11-07,22690.0,22780.0,22420.0,22440.0
2013-11-08,22300.0,22850.0,22210.0,22730.0
2013-11-11,22320.0,22420.0,22100.0,22310.0
2013-11-12,22160.0,22580.0,22130.0,22350.0
2013-11-13,22310.0,22570.0,22200.0,22440.0
2013-11-14,22580.0,22960.0,22410.0,22820.0
2013-11-15,23000.0,23240.0,22870.0,23090.0
2013-11-18,23210.0,23290.0,22980.0,23110.0
2013-11-19,22890.0,23190.0,22790.0,23070.0
2013-11-20,23270.0,23350.0,23090.0,23130.0
2013-11-21,23300.0,23740.0,23260.0,23690.0
2013-11-22,24000.0,24200.0,23810.0,24010.0
2013-11-25,24300.0,24380.0,24200.0,24300.0
2013-11-26,24300.0,24490.0,24120.0,24230.0
2013-11-27,24090.0,24310.0,23970.0,24140.0
2013-11-28,24350.0,24700.0,24290.0,24700.0
2013-11-29,24700.0,24700.0,24170.0,24660.0
2013-12-02,24360.0,24620.0,24180.0,24320.0
2013-12-03,24500.0,24860.0,24410.0,24520.0
2013-12-04,24600.0,24770.0,24430.0,24440.0
2013-12-05,24570.0,24580.0,24020.0,24080.0
2013-12-06,24150.0,24280.0,23950.0,24200.0
2013-12-09,24630.0,25000.0,24620.0,25000.0
2013-12-10,25080.0,25180.0,24950.0,25030.0
2013-12-11,24930.0,25180.0,24820.0,24970.0
2013-12-12,24640.0,24910.0,24480.0,24680.0
2013-12-13,24640.0,24820.0,24290.0,24350.0
2013-12-16,24010.0,24200.0,23820.0,23920.0
2013-12-17,24300.0,24390.0,24120.0,24350.0
2013-12-18,24190.0,24850.0,24190.0,24850.0
2013-12-19,25000.0,25370.0,24900.0,25350.0
2013-12-20,25180.0,25680.0,25160.0,25630.0
2013-12-24,26310.0,26330.0,25500.0,25590.0
2013-12-25,25590.0,25590.0,25370.0,25570.0
2013-12-26,25850.0,26240.0,25620.0,26170.0
2013-12-27,26430.0,26510.0,26100.0,26510.0
2013-12-30,26800.0,26800.0,26390.0,26500.0
2014-01-06,27000.0,27300.0,26600.0,26910.0
2014-01-07,26410.0,26770.0,26300.0,26470.0
2014-01-08,26750.0,27480.0,26710.0,27480.0
2014-01-09,27790.0,27790.0,27300.0,27450.0
2014-01-10,27460.0,28060.0,27150.0,28000.0
2014-01-14,27205.0,27520.0,27050.0,27210.0
2014-01-15,27780.0,27830.0,27600.0,27810.0
2014-01-16,28135.0,28395.0,27705.0,27740.0
2014-01-17,27460.0,27875.0,27335.0,27675.0
2014-01-20,27665.0,28115.0,27580.0,27910.0
2014-01-21,27790.0,28195.0,27615.0,27920.0
2014-01-22,27860.0,28080.0,27535.0,27935.0
2014-01-23,28145.0,28150.0,27700.0,27785.0
2014-01-24,27315.0,27695.0,27020.0,27220.0
2014-01-27,26520.0,26720.0,26200.0,26440.0
2014-01-28,26415.0,26920.0,26275.0,26630.0
2014-01-29,27040.0,27190.0,26775.0,27180.0
2014-01-30,26650.0,26740.0,26150.0,26340.0
2014-01-31,26370.0,26605.0,25795.0,26025.0
2014-02-03,25885.0,26335.0,25610.0,25665.0
2014-02-04,24400.0,24635.0,23410.0,23500.0
2014-02-05,24000.0,24090.0,23460.0,23795.0
2014-02-06,23860.0,23860.0,23365.0,23605.0
2014-02-07,24000.0,24025.0,23495.0,23990.0
2014-02-10,24535.0,24625.0,24135.0,24530.0
2014-02-12,25000.0,25325.0,24495.0,25220.0
2014-02-13,25720.0,25900.0,24820.0,24970.0
2014-02-14,25200.0,25490.0,24420.0,24440.0
2014-02-17,24480.0,25315.0,24480.0,25085.0
2014-02-18,25160.0,25500.0,24910.0,25485.0
2014-02-19,25675.0,25980.0,25425.0,25575.0
2014-02-20,25565.0,25645.0,24515.0,24610.0
2014-02-21,25100.0,25615.0,25085.0,25555.0
2014-02-24,25800.0,26055.0,25360.0,25760.0
2014-02-25,26035.0,26095.0,25625.0,25965.0
2014-02-26,25765.0,26045.0,25690.0,25810.0
2014-02-27,25810.0,25960.0,25455.0,25700.0
2014-02-28,25855.0,26045.0,25540.0,25815.0
2014-03-03,25650.0,25870.0,24920.0,25145.0
2014-03-04,24820.0,25250.0,24765.0,24925.0
2014-03-05,25375.0,25675.0,24980.0,25155.0
2014-03-06,25285.0,25420.0,25000.0,25370.0
2014-03-07,25870.0,26045.0,25555.0,25990.0
2014-03-10,25990.0,26280.0,25800.0,26140.0
2014-03-11,26300.0,26465.0,25880.0,26065.0
2014-03-12,25640.0,25640.0,25250.0,25500.0
2014-03-13,25270.0,25620.0,25240.0,25290.0
2014-03-14,24445.0,24445.0,23770.0,23850.0
2014-03-17,23410.0,23800.0,23150.0,23310.0
2014-03-18,23510.0,23610.0,23310.0,23330.0
2014-03-19,23335.0,23405.0,22800.0,23005.0
2014-03-20,23155.0,23280.0,22815.0,23135.0
2014-03-24,23140.0,25200.0,23025.0,24735.0
2014-03-25,24735.0,25600.0,24335.0,25030.0
2014-03-26,25275.0,26145.0,25230.0,26100.0
2014-03-27,25800.0,26405.0,25705.0,26275.0
2014-03-28,26010.0,26395.0,25765.0,26380.0
2014-03-31,26860.0,27350.0,26685.0,27225.0
2014-04-01,27675.0,28000.0,27390.0,27870.0
2014-04-02,27875.0,27985.0,27205.0,27230.0
2014-04-03,27475.0,27520.0,27100.0,27370.0
2014-04-04,27330.0,27425.0,26780.0,26900.0
2014-04-07,26240.0,27000.0,26230.0,26695.0
2014-04-08,26490.0,26590.0,26000.0,26070.0
2014-04-09,25500.0,25715.0,25140.0,25380.0
2014-04-10,25390.0,25795.0,25175.0,25300.0
2014-04-11,24905.0,25440.0,24660.0,25290.0
2014-04-14,24890.0,25065.0,24585.0,24605.0
2014-04-15,25020.0,25065.0,24605.0,24635.0
2014-04-16,24995.0,25165.0,24675.0,25165.0
2014-04-17,25380.0,25430.0,24925.0,25025.0
2014-04-18,25075.0,25340.0,24925.0,25335.0
2014-04-21,25340.0,25480.0,25130.0,25390.0
2014-04-22,25165.0,25400.0,24800.0,24835.0
2014-04-23,25235.0,25235.0,24960.0,24995.0
2014-04-24,25170.0,25300.0,24750.0,24830.0
2014-04-25,24875.0,25155.0,24765.0,24965.0
2014-04-28,24800.0,24800.0,24350.0,24425.0
2014-04-30,24395.0,24700.0,24070.0,24275.0
2014-05-01,24905.0,25215.0,24540.0,25120.0
2014-05-02,24950.0,25005.0,24710.0,24790.0
2014-05-07,24750.0,24750.0,24105.0,24110.0
2014-05-08,24125.0,24305.0,24000.0,24020.0
2014-05-09,23925.0,24495.0,23925.0,24350.0
2014-05-12,24200.0,24390.0,23770.0,23780.0
2014-05-13,24585.0,24760.0,24055.0,24380.0
2014-05-14,24385.0,24640.0,24195.0,24510.0
2014-05-15,24010.0,24795.0,23910.0,24745.0
2014-05-16,24690.0,24750.0,24200.0,24495.0
2014-05-19,24360.0,24665.0,24210.0,24490.0
2014-05-20,24700.0,24700.0,24255.0,24345.0
2014-05-21,24425.0,24540.0,24150.0,24330.0
2014-05-22,24550.0,24850.0,24280.0,24775.0
2014-05-23,25000.0,25490.0,25000.0,25375.0
2014-05-26,25860.0,25945.0,25490.0,25900.0
2014-05-27,25815.0,26145.0,25615.0,25785.0
2014-05-28,26190.0,26375.0,26060.0,26115.0
2014-05-29,26145.0,26405.0,26020.0,26090.0
2014-05-30,26050.0,26660.0,26050.0,26600.0
2014-06-02,27050.0,27445.0,26865.0,27390.0
2014-06-03,27605.0,27940.0,27400.0,27820.0
2014-06-04,27835.0,27970.0,27350.0,27845.0
2014-06-05,27845.0,27955.0,27755.0,27935.0
2014-06-06,27940.0,27990.0,27775.0,27945.0
2014-06-09,27980.0,27980.0,27140.0,27185.0
2014-06-10,27185.0,27530.0,27165.0,27440.0
2014-06-11,27360.0,27890.0,27355.0,27890.0
2014-06-12,27690.0,28100.0,27645.0,27965.0
2014-06-13,27965.0,28040.0,27450.0,27805.0
2014-06-16,26805.0,27410.0,26505.0,27170.0
2014-06-17,27670.0,27830.0,27540.0,27810.0
2014-06-18,27725.0,28175.0,27645.0,28100.0
2014-06-19,27905.0,28500.0,27825.0,28485.0
2014-06-20,28160.0,28175.0,27785.0,27890.0
2014-06-23,27800.0,27835.0,27415.0,27500.0
2014-06-24,27525.0,27540.0,27120.0,27380.0
2014-06-25,27085.0,27110.0,26635.0,26730.0
2014-06-26,26995.0,27250.0,26830.0,26955.0
2014-06-27,27000.0,27075.0,26605.0,26815.0
2014-06-30,27110.0,27145.0,26825.0,27110.0
2014-07-01,27280.0,27690.0,27025.0,27490.0
2014-07-02,27280.0,28110.0,27025.0,27670.0
2014-07-03,27915.0,27995.0,27690.0,27975.0
2014-07-04,28070.0,28280.0,27960.0,28215.0
2014-07-07,28300.0,28300.0,28020.0,28090.0
2014-07-08,27780.0,28010.0,27340.0,27775.0
2014-07-09,27505.0,27950.0,27505.0,27705.0
2014-07-10,27650.0,27695.0,27225.0,27255.0
2014-07-11,26795.0,27130.0,26735.0,26900.0
2014-07-14,26905.0,27160.0,26750.0,27120.0
2014-07-15,27290.0,27460.0,27110.0,27235.0
2014-07-16,26915.0,27530.0,26915.0,27450.0
2014-07-17,27450.0,27565.0,27310.0,27395.0
2014-07-18,26900.0,27140.0,26840.0,27055.0
2014-07-22,27250.0,27355.0,27020.0,27175.0
2014-07-23,27180.0,27300.0,27085.0,27195.0
2014-07-24,27175.0,27345.0,26950.0,27220.0
2014-07-25,27450.0,27815.0,27300.0,27765.0
2014-07-28,27720.0,28050.0,27640.0,27975.0
2014-07-29,27970.0,28165.0,27840.0,28090.0
2014-07-30,28055.0,28250.0,27960.0,28160.0
2014-07-31,28395.0,29220.0,28375.0,28805.0
2014-08-01,28355.0,28485.0,28055.0,28430.0
2014-08-04,28185.0,28300.0,27965.0,28060.0
2014-08-05,28090.0,28160.0,27405.0,27430.0
2014-08-06,27425.0,27425.0,27090.0,27350.0
2014-08-07,27350.0,27460.0,26875.0,27410.0
2014-08-08,27275.0,27540.0,26450.0,26720.0
2014-08-11,27705.0,28200.0,27540.0,27960.0
2014-08-12,27965.0,27975.0,26905.0,27305.0
2014-08-13,27160.0,27295.0,26525.0,26915.0
2014-08-14,27200.0,27320.0,27070.0,27235.0
2014-08-15,27245.0,27350.0,27110.0,27165.0
2014-08-18,27055.0,27350.0,26950.0,27325.0
2014-08-19,27650.0,27845.0,27650.0,27760.0
2014-08-20,27900.0,27960.0,27685.0,27725.0
2014-08-21,27600.0,28075.0,27565.0,27975.0
2014-08-22,28015.0,28125.0,27570.0,27575.0
2014-08-25,27975.0,28120.0,27570.0,28035.0
2014-08-26,28030.0,28195.0,27835.0,27850.0
2014-08-27,28110.0,28170.0,27695.0,27835.0
2014-08-28,27400.0,27640.0,27170.0,27245.0
2014-08-29,27160.0,27675.0,27160.0,27195.0
2014-09-01,27160.0,27385.0,27160.0,27265.0
2014-09-02,27490.0,27970.0,27420.0,27855.0
2014-09-03,28100.0,28425.0,28090.0,28155.0
2014-09-04,28280.0,28295.0,28060.0,28135.0
2014-09-05,28275.0,28375.0,28155.0,28155.0
2014-09-08,28380.0,28440.0,28190.0,28280.0
2014-09-09,28320.0,28385.0,28080.0,28300.0
2014-09-10,28030.0,28425.0,28010.0,28425.0
2014-09-11,28550.0,28595.0,28320.0,28425.0
2014-09-12,28580.0,28620.0,28395.0,28565.0
2014-09-16,28345.0,28570.0,28290.0,28500.0
2014-09-17,28370.0,28565.0,28010.0,28040.0
2014-09-18,28300.0,28860.0,28300.0,28790.0
2014-09-19,29145.0,30200.0,28890.0,30155.0
2014-09-22,30225.0,30265.0,29565.0,29710.0
2014-09-24,29245.0,29830.0,29200.0,29805.0
2014-09-25,30070.0,31235.0,30030.0,31235.0
2014-09-26,30800.0,30940.0,30415.0,30545.0
2014-09-29,30980.0,31005.0,30640.0,30835.0
2014-09-30,30535.0,30750.0,30080.0,30250.0
2014-10-01,30405.0,30515.0,30000.0,30045.0
2014-10-02,29500.0,29615.0,28740.0,28840.0
2014-10-03,28600.0,29250.0,28600.0,29240.0
2014-10-06,29600.0,29900.0,29145.0,29625.0
2014-10-07,29800.0,30285.0,29705.0,29955.0
2014-10-08,29455.0,29565.0,29200.0,29430.0
2014-10-09,29465.0,29500.0,28555.0,28590.0
2014-10-10,27660.0,28015.0,27465.0,27680.0
2014-10-14,26705.0,27205.0,26705.0,26815.0
2014-10-15,27100.0,27335.0,26860.0,27265.0
2014-10-16,26765.0,27070.0,26505.0,26640.0
2014-10-17,26835.0,27220.0,26395.0,26425.0
2014-10-20,27430.0,27860.0,27320.0,27735.0
2014-10-21,27735.0,27800.0,26995.0,27075.0
2014-10-22,27550.0,27920.0,27455.0,27890.0
2014-10-23,27755.0,27975.0,27470.0,27910.0
2014-10-24,28410.0,28500.0,27950.0,28260.0
2014-10-27,28490.0,28565.0,28050.0,28405.0
2014-10-28,28110.0,28280.0,27760.0,27980.0
2014-10-29,28450.0,28875.0,28205.0,28705.0
2014-10-30,29070.0,29345.0,28800.0,29280.0
2014-10-31,29630.0,31125.0,29630.0,31070.0
2014-11-04,31800.0,31900.0,31010.0,31290.0
2014-11-05,31220.0,31370.0,30725.0,31155.0
2014-11-06,31375.0,31425.0,30585.0,30590.0
2014-11-07,30745.0,30950.0,30635.0,30845.0
2014-11-10,30220.0,31090.0,30160.0,30840.0
2014-11-11,30980.0,30980.0,30040.0,30450.0
2014-11-12,30980.0,31530.0,30865.0,31235.0
2014-11-13,31490.0,31540.0,31135.0,31500.0
2014-11-14,32000.0,32000.0,31195.0,31500.0
2014-11-17,31140.0,31245.0,30250.0,30295.0
2014-11-18,30990.0,31530.0,30965.0,31500.0
2014-11-19,31900.0,32065.0,31560.0,31765.0
2014-11-20,31800.0,31950.0,31640.0,31775.0
2014-11-21,31800.0,31925.0,31305.0,31850.0
2014-11-25,32500.0,32560.0,32030.0,32275.0
2014-11-26,32135.0,32475.0,31940.0,32305.0
2014-11-27,32260.0,33025.0,32200.0,32380.0
2014-11-28,32315.0,32820.0,32315.0,32610.0
2014-12-01,32665.0,33160.0,32560.0,32610.0
2014-12-02,32200.0,32805.0,32160.0,32725.0
2014-12-03,33250.0,33500.0,32765.0,32770.0
2014-12-04,33300.0,33415.0,33020.0,33115.0
2014-12-05,33265.0,33700.0,32980.0,33645.0
2014-12-08,33905.0,33975.0,33350.0,33640.0
2014-12-09,33430.0,33490.0,32955.0,33045.0
2014-12-10,32345.0,32855.0,31690.0,31950.0
2014-12-11,31245.0,31980.0,31040.0,31715.0
2014-12-12,31585.0,32130.0,31570.0,31645.0
2014-12-15,31090.0,31585.0,31065.0,31320.0
2014-12-16,30920.0,31100.0,30390.0,30820.0
2014-12-17,31015.0,31195.0,30655.0,30865.0
2014-12-18,31810.0,32160.0,31235.0,31325.0
2014-12-19,31880.0,32080.0,31515.0,31730.0
2014-12-22,32000.0,32025.0,31660.0,31875.0
2014-12-24,32400.0,32570.0,32090.0,32175.0
2014-12-25,32150.0,32340.0,32015.0,32075.0
2014-12-26,32050.0,32880.0,32025.0,32800.0
2014-12-29,33000.0,33000.0,32235.0,32605.0
2014-12-30,32755.0,32770.0,31950.0,31970.0
2015-01-05,31655.0,32310.0,31470.0,32025.0
2015-01-06,31620.0,31695.0,31175.0,31270.0
2015-01-07,31000.0,31110.0,30580.0,30630.0
2015-01-08,31040.0,31220.0,30770.0,31020.0
2015-01-09,31130.0,31205.0,30865.0,31060.0
2015-01-13,30415.0,30825.0,29835.0,30790.0
2015-01-14,30445.0,30655.0,30080.0,30095.0
2015-01-15,30320.0,30825.0,30215.0,30735.0
2015-01-16,30345.0,30610.0,30065.0,30605.0
2015-01-19,30935.0,31065.0,30295.0,30585.0
2015-01-20,30750.0,31425.0,30670.0,31285.0
2015-01-21,30935.0,30970.0,30625.0,30710.0
2015-01-22,30685.0,30765.0,30390.0,30765.0
2015-01-23,31235.0,31330.0,30930.0,31085.0
2015-01-26,30600.0,31500.0,30550.0,31490.0
2015-01-27,31935.0,32195.0,31810.0,32035.0
2015-01-28,31940.0,32100.0,31680.0,31925.0
2015-01-29,31880.0,32130.0,31450.0,31565.0
2015-01-30,32000.0,32115.0,31805.0,31870.0
2015-02-02,31465.0,31805.0,31355.0,31685.0
2015-02-03,32150.0,32310.0,31150.0,31205.0
2015-02-04,31895.0,32350.0,31545.0,31770.0
2015-02-05,31765.0,31895.0,31385.0,31470.0
2015-02-06,31900.0,31940.0,31550.0,31645.0
2015-02-09,32200.0,32200.0,31300.0,31500.0
2015-02-10,31725.0,31860.0,31235.0,31345.0
2015-02-12,31000.0,31695.0,31000.0,31515.0
2015-02-13,31425.0,31780.0,31310.0,31560.0
2015-02-16,31700.0,31995.0,31445.0,31500.0
2015-02-17,31255.0,31785.0,31020.0,31660.0
2015-02-18,32040.0,33155.0,32000.0,32920.0
2015-02-19,32815.0,33750.0,32580.0,33435.0
2015-02-20,33835.0,34040.0,33605.0,34000.0
2015-02-23,33885.0,33975.0,33205.0,33340.0
2015-02-24,33075.0,33180.0,32545.0,33050.0
2015-02-25,32900.0,33180.0,32740.0,32785.0
2015-02-26,33000.0,33135.0,32700.0,33045.0
2015-02-27,33190.0,33750.0,33100.0,33275.0
2015-03-02,33075.0,33395.0,32980.0,33015.0
2015-03-03,33510.0,33535.0,32815.0,33045.0
2015-03-04,33045.0,33680.0,32610.0,33480.0
2015-03-05,33635.0,33635.0,32990.0,33185.0
2015-03-06,33050.0,33550.0,33050.0,33430.0
2015-03-09,33065.0,33200.0,32735.0,32990.0
2015-03-10,32955.0,33315.0,32855.0,33180.0
2015-03-11,33275.0,33690.0,32940.0,33565.0
2015-03-12,33480.0,33930.0,33480.0,33665.0
2015-03-13,33700.0,36880.0,33700.0,36635.0
2015-03-16,36055.0,36825.0,36055.0,36460.0
2015-03-17,37095.0,37775.0,36860.0,37025.0
2015-03-18,37000.0,37680.0,36830.0,37325.0
2015-03-19,37025.0,37315.0,36315.0,36740.0
2015-03-20,36740.0,36905.0,36335.0,36470.0
2015-03-23,36840.0,37170.0,36630.0,36775.0
2015-03-24,36310.0,36730.0,36180.0,36345.0
2015-03-25,36340.0,36690.0,35995.0,36520.0
2015-03-26,36345.0,36345.0,35535.0,35785.0
2015-03-27,35695.0,36580.0,35365.0,35680.0
2015-03-30,36130.0,36195.0,35555.0,36055.0
2015-03-31,36785.0,36860.0,35845.0,35845.0
2015-04-01,35520.0,35700.0,34930.0,35225.0
2015-04-02,35925.0,36880.0,35730.0,36480.0
2015-04-03,36645.0,36705.0,36280.0,36705.0
2015-04-06,36295.0,36825.0,36295.0,36510.0
2015-04-07,36910.0,37450.0,36675.0,37265.0
2015-04-08,37550.0,37880.0,37465.0,37655.0
2015-04-09,37790.0,37840.0,37400.0,37840.0
2015-04-10,38075.0,38190.0,37345.0,37420.0
2015-04-13,37450.0,37665.0,37010.0,37125.0
2015-04-14,36790.0,37245.0,36790.0,37070.0
2015-04-15,36760.0,37465.0,36760.0,37235.0
2015-04-16,37010.0,37360.0,36500.0,36775.0
2015-04-17,36585.0,36825.0,36000.0,36000.0
2015-04-20,35505.0,36060.0,35325.0,35345.0
2015-04-21,35410.0,35895.0,35320.0,35770.0
2015-04-22,36020.0,36520.0,35955.0,36440.0
2015-04-23,36700.0,36745.0,36095.0,36375.0
2015-04-24,36070.0,36360.0,35810.0,35985.0
2015-04-27,36070.0,36110.0,35685.0,35960.0
2015-04-28,36985.0,37915.0,36800.0,37745.0
2015-04-30,36905.0,37130.0,36140.0,36180.0
2015-05-01,36090.0,36370.0,35515.0,35835.0
2015-05-07,35210.0,36220.0,35210.0,36000.0
2015-05-08,36400.0,36605.0,35285.0,35405.0
2015-05-11,35950.0,35950.0,35440.0,35705.0
2015-05-12,36485.0,36695.0,35980.0,36505.0
2015-05-13,36115.0,36720.0,35985.0,36690.0
2015-05-14,36430.0,36770.0,36165.0,36165.0
2015-05-15,36400.0,37155.0,36360.0,36975.0
2015-05-18,35500.0,36390.0,35500.0,36300.0
2015-05-19,36050.0,36230.0,35600.0,35695.0
2015-05-20,36000.0,36000.0,35505.0,35540.0
2015-05-21,35895.0,36485.0,35595.0,36110.0
2015-05-22,36615.0,36890.0,36425.0,36755.0
2015-05-25,36800.0,36860.0,36355.0,36505.0
2015-05-26,36250.0,36585.0,36120.0,36435.0
2015-05-27,36435.0,36970.0,36390.0,36875.0
2015-05-28,36995.0,37660.0,36730.0,37185.0
2015-05-29,37350.0,37695.0,37030.0,37650.0
2015-06-01,37500.0,37895.0,37335.0,37870.0
2015-06-02,38150.0,38800.0,38150.0,38700.0
2015-06-03,38700.0,39195.0,38630.0,39030.0
2015-06-04,39000.0,39230.0,38770.0,39115.0
2015-06-05,39060.0,39265.0,38735.0,39025.0
2015-06-08,39025.0,39060.0,38195.0,38490.0
2015-06-09,38020.0,38290.0,37735.0,37850.0
2015-06-10,37525.0,38155.0,37525.0,37550.0
2015-06-11,38450.0,38450.0,37620.0,37880.0
2015-06-12,37885.0,38230.0,37535.0,38155.0
2015-06-15,37635.0,38175.0,37605.0,38095.0
2015-06-16,37900.0,38065.0,37225.0,37235.0
2015-06-17,37425.0,37575.0,37105.0,37355.0
2015-06-18,37885.0,37890.0,37055.0,37120.0
2015-06-19,37985.0,37985.0,37140.0,37440.0
2015-06-22,37350.0,37550.0,37270.0,37465.0
2015-06-23,37600.0,38435.0,37355.0,38435.0
2015-06-24,38500.0,38760.0,38255.0,38535.0
2015-06-25,38500.0,38500.0,38150.0,38190.0
2015-06-26,38120.0,38290.0,37685.0,38245.0
2015-06-29,37205.0,37480.0,37000.0,37000.0
2015-06-30,36635.0,36975.0,36300.0,36865.0
2015-07-01,37000.0,37000.0,36510.0,36590.0
2015-07-02,37290.0,37495.0,36925.0,37185.0
2015-07-03,37185.0,37255.0,36610.0,36960.0
2015-07-06,36480.0,36870.0,36350.0,36355.0
2015-07-07,36900.0,37175.0,36165.0,36225.0
2015-07-08,36220.0,36330.0,34500.0,34500.0
2015-07-09,33960.0,34920.0,33100.0,34900.0
2015-07-10,35250.0,35345.0,34250.0,34380.0
2015-07-13,34785.0,35040.0,34645.0,34720.0
2015-07-14,35300.0,35545.0,34990.0,35225.0
2015-07-15,35285.0,35290.0,34465.0,34685.0
2015-07-16,35195.0,35195.0,34415.0,34755.0
2015-07-17,34805.0,34805.0,34390.0,34645.0
2015-07-21,35245.0,35275.0,34740.0,35060.0
2015-07-22,34675.0,34880.0,34495.0,34495.0
2015-07-23,34800.0,35000.0,34305.0,34450.0
2015-07-24,34005.0,34305.0,33510.0,33625.0
2015-07-27,31950.0,33055.0,31860.0,32705.0
2015-07-28,32005.0,32950.0,32005.0,32365.0
2015-07-29,31600.0,31700.0,30735.0,30735.0
2015-07-30,31400.0,31995.0,31060.0,31400.0
2015-07-31,31355.0,31710.0,31300.0,31460.0
2015-08-03,31425.0,31605.0,31135.0,31430.0
2015-08-04,31500.0,31565.0,31105.0,31400.0
2015-08-05,31015.0,31585.0,31015.0,31310.0
2015-08-06,32200.0,32725.0,31870.0,32185.0
2015-08-07,33470.0,33500.0,32540.0,33300.0
2015-08-10,33455.0,33500.0,32370.0,32725.0
2015-08-11,33500.0,33650.0,32525.0,32640.0
2015-08-12,32920.0,33115.0,32355.0,32475.0
2015-08-13,31775.0,32550.0,31680.0,32365.0
2015-08-14,32365.0,32500.0,31905.0,32010.0
2015-08-17,32310.0,32310.0,31925.0,32135.0
2015-08-18,32300.0,32415.0,31930.0,31940.0
2015-08-19,32030.0,32135.0,31260.0,31300.0
2015-08-20,30825.0,31250.0,30595.0,30890.0
2015-08-21,29955.0,30120.0,29550.0,29735.0
2015-08-24,28800.0,29175.0,27885.0,27885.0
2015-08-25,27245.0,29350.0,26755.0,27415.0
2015-08-26,27915.0,29085.0,27600.0,28865.0
2015-08-27,29445.0,29965.0,28830.0,29040.0
2015-08-28,29675.0,30315.0,29420.0,30070.0
2015-08-31,29600.0,29985.0,29105.0,29465.0
2015-09-01,27990.0,28555.0,27610.0,27610.0
2015-09-02,26780.0,27760.0,26780.0,27285.0
2015-09-03,27420.0,27820.0,27180.0,27190.0
2015-09-04,27425.0,27425.0,26135.0,26610.0
2015-09-07,26420.0,26925.0,26150.0,26650.0
2015-09-08,26680.0,26945.0,26125.0,26195.0
2015-09-09,27000.0,27250.0,26650.0,27230.0
2015-09-10,26500.0,26785.0,26205.0,26695.0
2015-09-11,26595.0,26725.0,26405.0,26530.0
2015-09-14,26695.0,26730.0,25910.0,26025.0
2015-09-15,26085.0,26400.0,25450.0,25450.0
2015-09-16,25955.0,26275.0,25905.0,26015.0
2015-09-17,27015.0,28050.0,27005.0,27525.0
2015-09-18,27030.0,27080.0,26285.0,26695.0
2015-09-24,25365.0,25480.0,24790.0,25170.0
2015-09-25,25170.0,25475.0,24665.0,25435.0
2015-09-28,26000.0,26435.0,25560.0,25880.0
2015-09-29,25235.0,25680.0,24835.0,25050.0
2015-09-30,25700.0,26220.0,25490.0,26055.0
2015-10-01,26410.0,27485.0,26105.0,27300.0
2015-10-02,26750.0,26870.0,26035.0,26565.0
2015-10-05,27340.0,28155.0,27340.0,28015.0
2015-10-06,28850.0,28975.0,28375.0,28480.0
2015-10-07,28865.0,29520.0,28535.0,29385.0
2015-10-08,29285.0,29735.0,28715.0,29000.0
2015-10-09,29750.0,29850.0,29135.0,29440.0
2015-10-13,29760.0,30180.0,29315.0,29450.0
2015-10-14,28930.0,28970.0,28060.0,28280.0
2015-10-15,28385.0,28995.0,28285.0,28720.0
2015-10-16,29110.0,29290.0,28785.0,29090.0
2015-10-19,28910.0,29165.0,28515.0,28765.0
2015-10-20,28810.0,29045.0,28440.0,28880.0
2015-10-21,28880.0,30390.0,28730.0,30250.0
2015-10-22,29540.0,30620.0,29540.0,29900.0
2015-10-23,31070.0,31350.0,30770.0,30930.0
2015-10-26,31880.0,31930.0,31110.0,31180.0
2015-10-27,31280.0,31390.0,30310.0,30550.0
2015-10-28,30130.0,30380.0,30000.0,30330.0
2015-10-29,31310.0,31400.0,30860.0,31250.0
2015-10-30,31130.0,31500.0,30600.0,31340.0
2015-11-02,30700.0,31170.0,30440.0,30550.0
2015-11-04,31540.0,31700.0,31160.0,31250.0
2015-11-05,30950.0,31350.0,30910.0,31070.0
2015-11-06,31400.0,31890.0,31320.0,31430.0
2015-11-09,31320.0,32020.0,31320.0,32020.0
2015-11-10,30620.0,32420.0,30620.0,32200.0
2015-11-11,32230.0,32790.0,32020.0,32720.0
2015-11-12,32740.0,33210.0,32690.0,33060.0
2015-11-13,32390.0,32710.0,32150.0,32450.0
2015-11-16,31850.0,32400.0,31850.0,32260.0
2015-11-17,32600.0,32970.0,32370.0,32370.0
2015-11-18,32690.0,32990.0,32050.0,32050.0
2015-11-19,32690.0,32770.0,32460.0,32640.0
2015-11-20,32620.0,32780.0,32370.0,32780.0
2015-11-24,32400.0,32600.0,32210.0,32450.0
2015-11-25,32150.0,32230.0,31760.0,32070.0
2015-11-26,32180.0,32500.0,32160.0,32410.0
2015-11-27,32430.0,32530.0,32010.0,32320.0
2015-11-30,32600.0,32920.0,32430.0,32620.0
2015-12-01,32620.0,33520.0,32560.0,33510.0
2015-12-02,33760.0,33910.0,33430.0,33490.0
2015-12-03,33290.0,33470.0,33110.0,33370.0
2015-12-04,32720.0,32970.0,32550.0,32830.0
2015-12-07,32950.0,33570.0,32920.0,33410.0
2015-12-08,33590.0,33600.0,32600.0,32650.0
2015-12-09,32790.0,33000.0,32390.0,32450.0
2015-12-10,31920.0,32110.0,31650.0,31800.0
2015-12-11,31500.0,32480.0,31500.0,32350.0
2015-12-14,31450.0,31970.0,31110.0,31920.0
2015-12-15,31650.0,31780.0,31090.0,31090.0
2015-12-16,31430.0,31670.0,31050.0,31360.0
2015-12-17,32300.0,32850.0,32300.0,32390.0
2015-12-18,32530.0,33040.0,31530.0,31530.0
2015-12-21,31520.0,31940.0,31010.0,31780.0
2015-12-22,31510.0,31890.0,31250.0,31700.0
2015-12-24,32380.0,32500.0,31230.0,31410.0
2015-12-25,31410.0,31410.0,31410.0,31410.0
2015-12-28,31130.0,31650.0,31110.0,31450.0
2015-12-29,31670.0,31790.0,31250.0,31690.0
2015-12-30,31620.0,32180.0,31620.0,31770.0
2016-01-04,31780.0,31830.0,30860.0,30970.0
2016-01-05,30790.0,31350.0,30630.0,30650.0
2016-01-06,30940.0,30970.0,29685.0,30060.0
2016-01-07,29700.0,29795.0,28380.0,28425.0
2016-01-08,28450.0,29140.0,28340.0,28740.0
2016-01-12,28165.0,28280.0,27525.0,27525.0
2016-01-13,28525.0,29250.0,28475.0,29095.0
2016-01-14,27870.0,28010.0,27545.0,27760.0
2016-01-15,28200.0,28470.0,27450.0,27565.0
2016-01-18,26650.0,27485.0,26585.0,27310.0
2016-01-19,27305.0,27580.0,26995.0,27415.0
2016-01-20,27095.0,27220.0,25895.0,25925.0
2016-01-21,26005.0,26305.0,25050.0,25075.0
2016-01-22,26140.0,27090.0,25990.0,27020.0
2016-01-25,27800.0,27875.0,27055.0,27415.0
2016-01-26,26915.0,26975.0,26465.0,26485.0
2016-01-27,27485.0,27930.0,27345.0,27650.0
2016-01-28,27300.0,27515.0,26970.0,27120.0
2016-01-29,24620.0,26955.0,24575.0,26720.0
2016-02-01,27445.0,27580.0,26955.0,27495.0
2016-02-02,27085.0,27520.0,27045.0,27265.0
2016-02-03,26950.0,27050.0,25180.0,25335.0
2016-02-04,24810.0,25580.0,24635.0,25250.0
2016-02-05,24750.0,25575.0,24730.0,25075.0
2016-02-08,24400.0,25310.0,24160.0,25085.0
2016-02-09,23895.0,24260.0,23010.0,23460.0
2016-02-10,27460.0,27515.0,24430.0,25155.0
2016-02-12,24730.0,25185.0,23840.0,24540.0
2016-02-15,25765.0,27390.0,25505.0,27120.0
2016-02-16,26620.0,27670.0,26360.0,27255.0
2016-02-17,27100.0,27605.0,26240.0,26555.0
2016-02-18,27780.0,29145.0,27610.0,28370.0
2016-02-19,28080.0,28200.0,27120.0,27505.0
2016-02-22,27100.0,27690.0,26970.0,27365.0
2016-02-23,27600.0,28040.0,27030.0,27135.0
2016-02-24,26835.0,26835.0,26175.0,26380.0
2016-02-25,26430.0,26775.0,25930.0,26300.0
2016-02-26,26610.0,27195.0,26610.0,26850.0
2016-02-29,27225.0,27280.0,26130.0,26130.0
2016-03-01,25975.0,26125.0,24905.0,25495.0
2016-03-02,25990.0,27215.0,25910.0,27090.0
2016-03-03,27090.0,27490.0,26800.0,27460.0
2016-03-04,27395.0,28155.0,27180.0,28125.0
2016-03-07,27625.0,27775.0,27285.0,27610.0
2016-03-08,27640.0,28430.0,26465.0,27430.0
2016-03-09,26600.0,27235.0,26205.0,27095.0
2016-03-10,27260.0,27645.0,27200.0,27525.0
2016-03-11,27025.0,27450.0,26570.0,27300.0
2016-03-14,27800.0,28140.0,27650.0,27840.0
2016-03-15,27635.0,27805.0,27285.0,27430.0
2016-03-16,27000.0,27340.0,26810.0,26950.0
2016-03-17,27175.0,27680.0,26825.0,27120.0
2016-03-18,26810.0,27005.0,26270.0,26595.0
2016-03-22,26600.0,27210.0,26520.0,27015.0
2016-03-23,26785.0,26950.0,26040.0,26125.0
2016-03-24,25890.0,25955.0,25360.0,25400.0
2016-03-25,25110.0,26240.0,24735.0,26095.0
2016-03-28,26395.0,26880.0,26255.0,26800.0
2016-03-29,26310.0,26680.0,26210.0,26600.0
2016-03-30,26680.0,26810.0,26415.0,26450.0
2016-03-31,26500.0,26810.0,26060.0,26140.0
2016-04-01,26140.0,26200.0,24755.0,24915.0
2016-04-04,25000.0,25400.0,25000.0,25285.0
2016-04-05,25100.0,25310.0,24205.0,24250.0
2016-04-06,24370.0,24685.0,24230.0,24420.0
2016-04-07,24025.0,24520.0,23910.0,24175.0
2016-04-08,24020.0,25280.0,23905.0,24920.0
2016-04-11,24610.0,24905.0,24290.0,24835.0
2016-04-12,24860.0,25835.0,24610.0,25770.0
2016-04-13,26265.0,26970.0,26185.0,26805.0
2016-04-14,27445.0,27620.0,27260.0,27605.0
2016-04-15,27100.0,27665.0,26950.0,27130.0
2016-04-18,25910.0,26450.0,25910.0,26185.0
2016-04-19,26935.0,27350.0,26925.0,27205.0
2016-04-20,27885.0,28050.0,27710.0,27760.0
2016-04-21,28390.0,28415.0,27550.0,28220.0
2016-04-22,28000.0,28790.0,27915.0,28740.0
2016-04-25,28750.0,28980.0,28320.0,28645.0
2016-04-26,28770.0,28860.0,28500.0,28760.0
2016-04-27,28755.0,28800.0,28345.0,28680.0
2016-04-28,28950.0,29195.0,27155.0,27345.0
2016-05-02,26000.0,26345.0,25770.0,25965.0
2016-05-06,26350.0,26575.0,25975.0,26240.0
2016-05-09,26350.0,26725.0,26240.0,26325.0
2016-05-10,26400.0,27165.0,26235.0,27045.0
2016-05-11,27500.0,27690.0,27195.0,27350.0
2016-05-12,26950.0,27425.0,26700.0,27295.0
2016-05-13,27360.0,27620.0,25610.0,26240.0
2016-05-16,26095.0,27315.0,25835.0,26940.0
2016-05-17,27380.0,27570.0,27070.0,27510.0
2016-05-18,27370.0,27570.0,26950.0,27090.0
2016-05-19,27370.0,27440.0,26615.0,26820.0
2016-05-20,26800.0,27195.0,26365.0,27090.0
2016-05-23,26840.0,27085.0,26500.0,27085.0
2016-05-24,26970.0,27000.0,26565.0,26610.0
2016-05-25,27300.0,27350.0,26855.0,27060.0
2016-05-26,27360.0,27500.0,26965.0,27045.0
2016-05-27,27210.0,27370.0,26950.0,27175.0
2016-05-30,27550.0,27775.0,27195.0,27715.0
2016-05-31,27725.0,28265.0,27610.0,28250.0
2016-06-01,27930.0,28565.0,27825.0,28240.0
2016-06-02,27850.0,28090.0,27420.0,27430.0
2016-06-03,27570.0,27800.0,27260.0,27385.0
2016-06-06,26710.0,26940.0,26605.0,26870.0
2016-06-07,26905.0,27280.0,26755.0,27055.0
2016-06-08,27120.0,27590.0,27080.0,27530.0
2016-06-09,27525.0,27600.0,26850.0,27015.0
2016-06-10,27000.0,27120.0,26580.0,26885.0
2016-06-13,26385.0,26580.0,26040.0,26040.0
2016-06-14,26000.0,26200.0,25900.0,25940.0
2016-06-15,26000.0,26475.0,25960.0,26180.0
2016-06-16,26025.0,26295.0,25460.0,25550.0
2016-06-17,25785.0,26010.0,25715.0,25850.0
2016-06-20,26350.0,26625.0,26225.0,26340.0
2016-06-21,25945.0,26670.0,25830.0,26575.0
2016-06-22,26500.0,26500.0,25945.0,26080.0
2016-06-23,26080.0,26775.0,25900.0,26735.0
2016-06-24,26905.0,27100.0,23800.0,24090.0
2016-06-27,24360.0,24500.0,24030.0,24450.0
2016-06-28,24080.0,24755.0,23975.0,24530.0
2016-06-29,24910.0,25215.0,24640.0,25140.0
2016-06-30,25075.0,25360.0,24905.0,24905.0
2016-07-01,25060.0,25250.0,24800.0,24855.0
2016-07-04,24550.0,24975.0,24500.0,24940.0
2016-07-05,24720.0,24855.0,23980.0,24105.0
2016-07-06,23700.0,23820.0,23475.0,23700.0
2016-07-07,23835.0,24120.0,23460.0,23470.0
2016-07-08,23550.0,23800.0,23185.0,23200.0
2016-07-11,23200.0,23200.0,23200.0,23200.0
2016-07-12,24645.0,25385.0,24630.0,25060.0
2016-07-13,26100.0,26390.0,25480.0,25550.0
2016-07-14,25600.0,25815.0,25385.0,25585.0
2016-07-15,25870.0,26020.0,25625.0,25875.0
2016-07-19,26875.0,26875.0,25695.0,26075.0
2016-07-20,25810.0,26090.0,25705.0,26010.0
2016-07-21,26510.0,26805.0,26215.0,26300.0
2016-07-22,25700.0,26080.0,25590.0,25765.0
2016-07-25,26255.0,26900.0,26215.0,26660.0
2016-07-26,26535.0,26660.0,26305.0,26450.0
2016-07-27,26750.0,27490.0,26545.0,27280.0
2016-07-28,27000.0,27520.0,27000.0,27430.0
2016-07-29,27520.0,27530.0,26370.0,27185.0
2016-08-01,26685.0,27300.0,26325.0,27015.0
2016-08-02,26360.0,26935.0,26315.0,26470.0
2016-08-03,25740.0,26220.0,25630.0,25660.0
2016-08-04,25660.0,25930.0,25405.0,25840.0
2016-08-05,25950.0,26400.0,25950.0,26090.0
2016-08-08,27920.0,28210.0,27425.0,28210.0
2016-08-09,28135.0,28490.0,27850.0,28415.0
2016-08-10,28450.0,28795.0,28090.0,28140.0
2016-08-12,28620.0,28855.0,28295.0,28770.0
2016-08-15,28650.0,28940.0,28600.0,28610.0
2016-08-16,28685.0,28880.0,28225.0,28240.0
2016-08-17,28150.0,28495.0,28055.0,28440.0
2016-08-18,28090.0,28215.0,27635.0,27635.0
2016-08-19,28050.0,28395.0,27960.0,28120.0
2016-08-22,28400.0,28485.0,28010.0,28345.0
2016-08-23,28090.0,28090.0,27500.0,27545.0
2016-08-24,27990.0,28000.0,27540.0,27750.0
2016-08-25,27605.0,27665.0,26935.0,27175.0
2016-08-26,27175.0,27175.0,26630.0,26695.0
2016-08-29,27500.0,28130.0,27365.0,28035.0
2016-08-30,28140.0,28445.0,28090.0,28345.0
2016-08-31,28780.0,29560.0,28715.0,29140.0
2016-09-01,28940.0,28980.0,28455.0,28650.0
2016-09-02,28650.0,28680.0,28300.0,28565.0
2016-09-05,29055.0,29205.0,28670.0,28695.0
2016-09-06,28780.0,28990.0,28550.0,28910.0
2016-09-07,28600.0,28790.0,28275.0,28725.0
2016-09-08,30230.0,30420.0,29215.0,29465.0
2016-09-09,29475.0,29950.0,29305.0,29750.0
2016-09-12,28915.0,29180.0,28680.0,28855.0
2016-09-13,28700.0,28875.0,28530.0,28710.0
2016-09-14,28440.0,28665.0,28250.0,28280.0
2016-09-15,28000.0,28400.0,27975.0,28140.0
2016-09-16,28045.0,28340.0,27950.0,28335.0
2016-09-20,28330.0,28940.0,28260.0,28590.0
2016-09-21,28605.0,29290.0,28125.0,29275.0
2016-09-23,28995.0,29105.0,28690.0,29040.0
2016-09-26,28865.0,28940.0,28645.0,28720.0
2016-09-27,28300.0,29195.0,28200.0,29160.0
2016-09-28,28860.0,29230.0,28810.0,28950.0
2016-09-29,29270.0,29560.0,29060.0,29360.0
2016-09-30,28885.0,29110.0,28530.0,28890.0
2016-10-03,29140.0,29140.0,28720.0,28805.0
2016-10-04,28690.0,29285.0,28675.0,29260.0
2016-10-05,29715.0,29950.0,29555.0,29670.0
2016-10-06,29900.0,30080.0,29710.0,29725.0
2016-10-07,29805.0,29805.0,29650.0,29760.0
2016-10-11,30160.0,30440.0,29770.0,29875.0
2016-10-12,29200.0,29700.0,29200.0,29360.0
2016-10-13,29795.0,29905.0,29410.0,29540.0
2016-10-14,29405.0,29685.0,29210.0,29595.0
2016-10-17,29800.0,29965.0,29620.0,29905.0
2016-10-18,29785.0,29995.0,29640.0,29985.0
2016-10-19,29895.0,30070.0,29765.0,29815.0
2016-10-20,29680.0,30260.0,29600.0,30120.0
2016-10-21,30250.0,30680.0,30070.0,30320.0
2016-10-24,30250.0,30420.0,30070.0,30250.0
2016-10-25,30250.0,30610.0,30250.0,30550.0
2016-10-26,30390.0,30790.0,30180.0,30660.0
2016-10-27,30600.0,30740.0,30400.0,30450.0
2016-10-28,30750.0,30870.0,30530.0,30740.0
2016-10-31,30520.0,30660.0,30400.0,30490.0
2016-11-01,30410.0,30660.0,30340.0,30580.0
2016-11-02,30200.0,30260.0,29850.0,29925.0
2016-11-04,29575.0,29790.0,29050.0,29710.0
2016-11-07,30490.0,30700.0,30300.0,30700.0
2016-11-08,30720.0,30720.0,30170.0,30480.0
2016-11-09,31180.0,32140.0,28910.0,29485.0
2016-11-10,31890.0,32020.0,31000.0,31590.0
2016-11-11,32080.0,32750.0,31970.0,32120.0
2016-11-14,32450.0,32800.0,32170.0,32470.0
2016-11-15,32700.0,32730.0,32240.0,32470.0
2016-11-16,32900.0,32910.0,31360.0,31860.0
2016-11-17,31730.0,31930.0,31510.0,31910.0
2016-11-18,32230.0,32300.0,31670.0,31750.0
2016-11-21,31910.0,31910.0,31480.0,31620.0
2016-11-22,31660.0,31730.0,31280.0,31480.0
2016-11-24,32130.0,32390.0,31810.0,32170.0
2016-11-25,32500.0,32840.0,32300.0,32490.0
2016-11-28,32340.0,32660.0,31990.0,32550.0
2016-11-29,32600.0,32990.0,32510.0,32800.0
2016-11-30,32800.0,32800.0,32330.0,32520.0
2016-12-01,32600.0,32880.0,32030.0,32240.0
2016-12-02,31650.0,31730.0,29910.0,29980.0
2016-12-05,29950.0,30300.0,29240.0,30030.0
2016-12-06,30640.0,31020.0,30240.0,30330.0
2016-12-07,30490.0,30560.0,29270.0,29325.0
2016-12-08,30390.0,31030.0,30200.0,31030.0
2016-12-09,30330.0,30860.0,30010.0,30790.0
2016-12-12,30800.0,30880.0,29425.0,29495.0
2016-12-13,26550.0,28570.0,26355.0,28460.0
2016-12-14,28000.0,28215.0,27150.0,27185.0
2016-12-15,27055.0,27865.0,26935.0,27420.0
2016-12-16,27765.0,28140.0,27675.0,27850.0
2016-12-19,28140.0,28385.0,27915.0,28375.0
2016-12-20,28875.0,29000.0,28380.0,28580.0
2016-12-21,28500.0,28900.0,28450.0,28530.0
2016-12-22,28100.0,28400.0,27900.0,28380.0
2016-12-26,28300.0,28550.0,28110.0,28145.0
2016-12-27,28370.0,28540.0,27155.0,28065.0
2016-12-28,28150.0,28465.0,28120.0,28455.0
2016-12-29,28250.0,28295.0,27960.0,28055.0
2016-12-30,27900.0,27990.0,27685.0,27905.0
2017-01-04,27900.0,28655.0,27655.0,28655.0
2017-01-05,28920.0,29185.0,28665.0,29115.0
2017-01-06,28500.0,29295.0,28450.0,29200.0
2017-01-10,29050.0,29310.0,28860.0,29045.0
2017-01-11,29500.0,29645.0,28960.0,29045.0
2017-01-12,28765.0,29155.0,28475.0,28740.0
2017-01-13,28760.0,28855.0,28405.0,28470.0
2017-01-16,28005.0,28050.0,27405.0,27595.0
2017-01-17,27000.0,27330.0,26615.0,26945.0
2017-01-18,26485.0,27280.0,26255.0,27155.0
2017-01-19,27655.0,27665.0,27070.0,27400.0
2017-01-20,27080.0,27605.0,27080.0,27460.0
2017-01-23,26960.0,27385.0,26845.0,27210.0
2017-01-24,27425.0,28075.0,27200.0,27840.0
2017-01-25,29230.0,29420.0,28440.0,29400.0
2017-01-26,29645.0,30580.0,29645.0,30260.0
2017-01-27,30920.0,31240.0,30650.0,31050.0
2017-01-30,30930.0,31020.0,30560.0,30760.0
2017-01-31,30700.0,31060.0,30560.0,30910.0
2017-02-01,30560.0,31430.0,30330.0,31410.0
2017-02-02,30900.0,31200.0,30440.0,30480.0
2017-02-03,30600.0,31000.0,30470.0,30630.0
2017-02-06,30980.0,31030.0,30470.0,30870.0
2017-02-07,30880.0,30950.0,30520.0,30880.0
2017-02-08,31000.0,31700.0,30960.0,31620.0
2017-02-09,32320.0,32470.0,30940.0,31060.0
2017-02-10,31600.0,31800.0,31320.0,31720.0
2017-02-13,31900.0,32300.0,31820.0,31930.0
2017-02-14,32200.0,32240.0,31530.0,31560.0
2017-02-15,32000.0,32000.0,31600.0,31670.0
2017-02-16,31670.0,31860.0,31380.0,31810.0
2017-02-17,31600.0,32040.0,31540.0,31840.0
2017-02-20,31700.0,31880.0,31490.0,31700.0
2017-02-21,31790.0,31980.0,31540.0,31700.0
2017-02-22,31700.0,31760.0,31240.0,31460.0
2017-02-23,32160.0,33230.0,31910.0,33200.0
2017-02-24,32780.0,32960.0,32410.0,32460.0
2017-02-27,32250.0,32450.0,31770.0,31970.0
2017-02-28,32180.0,32470.0,31820.0,31850.0
2017-03-01,31860.0,32570.0,31840.0,32470.0
2017-03-02,32580.0,32840.0,32190.0,32470.0
2017-03-03,32940.0,32950.0,32450.0,32820.0
2017-03-06,32800.0,33070.0,32640.0,32810.0
2017-03-07,32680.0,32790.0,32510.0,32520.0
2017-03-08,32410.0,32470.0,32030.0,32350.0
2017-03-09,32320.0,32490.0,32260.0,32430.0
2017-03-10,32700.0,33280.0,32500.0,33280.0
2017-03-13,33250.0,33320.0,33020.0,33140.0
2017-03-14,33100.0,33370.0,33060.0,33220.0
2017-03-15,32910.0,33120.0,32910.0,32990.0
2017-03-16,32810.0,33280.0,32740.0,33220.0
2017-03-17,33000.0,33270.0,33000.0,33100.0
2017-03-21,33170.0,33390.0,33050.0,33270.0
2017-03-22,32510.0,32980.0,32510.0,32800.0
2017-03-23,32780.0,32910.0,32540.0,32800.0
2017-03-24,32800.0,33200.0,32770.0,33040.0
2017-03-27,32880.0,32880.0,32500.0,32730.0
2017-03-28,32980.0,33760.0,32860.0,33730.0
2017-03-29,33840.0,33960.0,33460.0,33490.0
2017-03-30,33560.0,33840.0,33260.0,33270.0
2017-03-31,33440.0,33720.0,32920.0,32920.0
2017-04-03,32600.0,32800.0,32420.0,32570.0
2017-04-04,32220.0,32300.0,31560.0,31860.0
2017-04-05,32250.0,32580.0,32010.0,32310.0
2017-04-06,32280.0,32430.0,31270.0,31450.0
2017-04-07,31800.0,32050.0,31330.0,31520.0
2017-04-10,31680.0,32060.0,31670.0,31880.0
2017-04-11,31640.0,31760.0,31280.0,31390.0
2017-04-12,31340.0,31350.0,30910.0,31100.0
2017-04-13,30630.0,30920.0,30500.0,30840.0
2017-04-14,30640.0,30950.0,30450.0,30480.0
2017-04-17,30310.0,30640.0,30230.0,30410.0
2017-04-18,30730.0,30930.0,30280.0,30400.0
2017-04-19,30470.0,31290.0,30460.0,31110.0
2017-04-20,30790.0,31140.0,30790.0,30910.0
2017-04-21,31150.0,31300.0,30430.0,30950.0
2017-04-24,31650.0,31650.0,30970.0,31080.0
2017-04-25,31050.0,31390.0,30620.0,31170.0
2017-04-26,31360.0,31430.0,31050.0,31280.0
2017-04-27,31000.0,31400.0,30740.0,31260.0
2017-04-28,31480.0,31570.0,31300.0,31390.0
2017-05-01,31600.0,31730.0,31470.0,31680.0
2017-05-02,31290.0,31830.0,31260.0,31410.0
2017-05-08,31880.0,32450.0,31530.0,32350.0
2017-05-09,32260.0,32290.0,31810.0,31940.0
2017-05-10,32000.0,32110.0,31910.0,32010.0
2017-05-11,31890.0,32040.0,31720.0,31720.0
2017-05-12,31550.0,33450.0,31550.0,32870.0
2017-05-15,33500.0,33780.0,33010.0,33660.0
2017-05-16,33600.0,33730.0,32760.0,32880.0
2017-05-17,32750.0,33100.0,32470.0,33050.0
2017-05-18,32420.0,32700.0,32030.0,32170.0
2017-05-19,32610.0,33280.0,32400.0,33060.0
2017-05-22,33560.0,34530.0,33530.0,34520.0
2017-05-23,34520.0,35150.0,34400.0,34470.0
2017-05-24,35000.0,35000.0,34440.0,34770.0
2017-05-25,34940.0,35390.0,34800.0,35230.0
2017-05-26,34990.0,35170.0,34830.0,34830.0
2017-05-29,34830.0,35150.0,34660.0,35070.0
2017-05-30,34860.0,35300.0,34740.0,35180.0
2017-05-31,34940.0,35300.0,34930.0,35010.0
2017-06-01,35380.0,36140.0,35330.0,35870.0
2017-06-02,36090.0,36670.0,35890.0,36590.0
2017-06-05,36370.0,36850.0,36340.0,36580.0
2017-06-06,36400.0,36550.0,35770.0,35800.0
2017-06-07,36400.0,36400.0,35710.0,35760.0
2017-06-08,35820.0,35850.0,35250.0,35270.0
2017-06-09,34910.0,35510.0,34880.0,35170.0
2017-06-12,35000.0,35090.0,34560.0,34940.0
2017-06-13,34860.0,34970.0,34480.0,34790.0
2017-06-14,34960.0,35030.0,34250.0,34250.0
2017-06-15,34210.0,34370.0,33970.0,34200.0
2017-06-16,34400.0,34530.0,33930.0,33950.0
2017-06-19,33990.0,34110.0,33680.0,33830.0
2017-06-20,34180.0,34950.0,34080.0,34600.0
2017-06-21,34450.0,34960.0,34400.0,34710.0
2017-06-22,34800.0,35020.0,34580.0,34580.0
2017-06-23,34580.0,34780.0,34360.0,34710.0
2017-06-26,34650.0,35320.0,34620.0,35250.0
2017-06-27,35450.0,35530.0,35150.0,35180.0
2017-06-28,35120.0,35270.0,34500.0,34600.0
2017-06-29,34920.0,34950.0,34520.0,34760.0
2017-06-30,34190.0,34330.0,33970.0,34150.0
2017-07-03,34140.0,34760.0,34060.0,34680.0
2017-07-04,34600.0,34860.0,33910.0,33960.0
2017-07-05,33700.0,34440.0,33670.0,34440.0
2017-07-06,34410.0,34760.0,34210.0,34470.0
2017-07-07,34150.0,34750.0,34100.0,34690.0
2017-07-10,35150.0,35260.0,34760.0,35070.0
2017-07-11,35180.0,35420.0,35010.0,35350.0
2017-07-12,35190.0,35530.0,35190.0,35460.0
2017-07-13,35460.0,35590.0,35230.0,35370.0
2017-07-14,35190.0,35500.0,35110.0,35280.0
2017-07-17,35280.0,35280.0,35280.0,35280.0
2017-07-18,35100.0,35270.0,34940.0,35170.0
2017-07-19,34990.0,35170.0,34770.0,34910.0
2017-07-20,35060.0,35370.0,34910.0,35330.0
2017-07-21,36130.0,36900.0,36130.0,36500.0
2017-07-24,36210.0,36300.0,35780.0,35930.0
2017-07-25,35820.0,35920.0,35550.0,35570.0
2017-07-26,36040.0,36170.0,35180.0,35440.0
2017-07-27,35550.0,36060.0,35500.0,35710.0
2017-07-28,35890.0,36040.0,35360.0,35460.0
2017-07-31,35340.0,35490.0,35080.0,35110.0
2017-08-01,35140.0,35580.0,35110.0,35580.0
2017-08-02,35610.0,35860.0,35390.0,35760.0
2017-08-03,35850.0,35940.0,35630.0,35630.0
2017-08-04,35550.0,35890.0,35500.0,35740.0
2017-08-07,36060.0,36070.0,35890.0,36000.0
2017-08-08,36180.0,36690.0,35800.0,36000.0
2017-08-09,36500.0,36550.0,34870.0,35290.0
2017-08-10,35500.0,35620.0,34720.0,34810.0
2017-08-11,34810.0,34810.0,34810.0,34810.0
2017-08-14,34260.0,34790.0,34090.0,34190.0
2017-08-15,35090.0,35550.0,34760.0,35350.0
2017-08-16,35370.0,35550.0,35240.0,35320.0
2017-08-17,35270.0,36280.0,35270.0,36190.0
2017-08-18,35640.0,36370.0,35640.0,36250.0
2017-08-21,36370.0,36470.0,36060.0,36450.0
2017-08-22,36540.0,37100.0,36500.0,37060.0
2017-08-23,37510.0,38260.0,37430.0,37590.0
2017-08-24,37480.0,37770.0,37330.0,37450.0
2017-08-25,37520.0,37580.0,37020.0,37020.0
2017-08-28,37160.0,37490.0,37100.0,37230.0
2017-08-29,36870.0,37430.0,36830.0,37250.0
2017-08-30,37550.0,38080.0,37350.0,37750.0
2017-08-31,37510.0,37950.0,37440.0,37710.0
2017-09-01,37940.0,37940.0,37550.0,37670.0
2017-09-04,37410.0,37600.0,36920.0,37120.0
2017-09-05,37280.0,37540.0,36920.0,37110.0
2017-09-06,36910.0,37250.0,36550.0,37110.0
2017-09-07,37630.0,38180.0,37350.0,38050.0
2017-09-08,38250.0,38290.0,37720.0,38180.0
2017-09-11,38310.0,39020.0,38160.0,38350.0
2017-09-12,38900.0,39570.0,38890.0,39380.0
2017-09-13,39750.0,39970.0,39390.0,39420.0
2017-09-14,39510.0,39870.0,39310.0,39440.0
2017-09-15,39370.0,39670.0,39220.0,39480.0
2017-09-18,39480.0,39480.0,39480.0,39480.0
2017-09-19,40180.0,40460.0,39710.0,40100.0
2017-09-20,40670.0,40950.0,40070.0,40400.0
2017-09-21,40670.0,40750.0,39890.0,39970.0
2017-09-22,40150.0,40170.0,39750.0,39910.0
2017-09-25,40400.0,40430.0,39950.0,39960.0
2017-09-26,39960.0,40080.0,39780.0,39970.0
2017-09-27,39570.0,39910.0,39510.0,39600.0
2017-09-28,40000.0,40000.0,39610.0,39790.0
2017-09-29,39650.0,39720.0,39430.0,39690.0
2017-10-02,39800.0,39850.0,39490.0,39560.0
2017-10-03,40000.0,40000.0,39500.0,39710.0
2017-10-04,39680.0,40030.0,39590.0,39870.0
2017-10-05,39940.0,39990.0,39580.0,39770.0
2017-10-06,39800.0,39820.0,39360.0,39520.0
2017-10-09,39520.0,39520.0,39520.0,39520.0
2017-10-10,39410.0,39660.0,39360.0,39600.0
2017-10-11,40000.0,40250.0,39920.0,40200.0
2017-10-12,40770.0,40810.0,40470.0,40650.0
2017-10-13,40840.0,40880.0,40610.0,40800.0
2017-10-16,40830.0,40840.0,40470.0,40520.0
2017-10-17,41000.0,41490.0,40800.0,41300.0
2017-10-18,41330.0,41330.0,40800.0,40890.0
2017-10-19,41000.0,41040.0,40620.0,40800.0
2017-10-20,40800.0,40800.0,40540.0,40700.0
2017-10-23,41270.0,41390.0,40790.0,40920.0
2017-10-24,40850.0,41330.0,40590.0,41290.0
2017-10-25,41470.0,41550.0,41180.0,41280.0
2017-10-26,41250.0,41800.0,41020.0,41770.0
2017-10-27,42340.0,42550.0,41830.0,42540.0
2017-10-30,42830.0,43100.0,42470.0,42890.0
2017-10-31,42830.0,43440.0,42750.0,43240.0
2017-11-01,43490.0,43720.0,43210.0,43650.0
2017-11-02,44600.0,44600.0,44080.0,44200.0
2017-11-03,44200.0,44200.0,44200.0,44200.0
2017-11-06,44250.0,44920.0,44180.0,44780.0
2017-11-07,44940.0,45640.0,44860.0,45640.0
2017-11-08,45240.0,46430.0,45160.0,46390.0
2017-11-09,47900.0,48080.0,46220.0,46900.0
2017-11-10,46000.0,47130.0,45930.0,46880.0
2017-11-13,46640.0,46870.0,46140.0,46150.0
2017-11-14,46000.0,46440.0,45720.0,46080.0
2017-11-15,45880.0,45880.0,44840.0,44910.0
2017-11-16,45360.0,46540.0,45070.0,46420.0
2017-11-17,46880.0,47480.0,46600.0,46780.0
2017-11-20,46660.0,46950.0,46280.0,46640.0
2017-11-21,47130.0,47920.0,46900.0,47820.0
2017-11-22,48820.0,48950.0,48200.0,48790.0
2017-11-23,48790.0,48790.0,48790.0,48790.0
2017-11-24,48800.0,49510.0,48600.0,49500.0
2017-11-27,49760.0,49840.0,48790.0,49010.0
2017-11-28,48120.0,48480.0,47230.0,47280.0
2017-11-29,48000.0,48290.0,46910.0,47120.0
2017-11-30,46480.0,46500.0,44750.0,45470.0
2017-12-01,46600.0,47180.0,46050.0,47040.0
2017-12-04,46720.0,46860.0,46260.0,46500.0
2017-12-05,45930.0,46610.0,45880.0,46600.0
2017-12-06,46230.0,46300.0,45130.0,45140.0
2017-12-07,45140.0,45900.0,44810.0,45740.0
2017-12-08,46340.0,46590.0,46040.0,46540.0
2017-12-11,47240.0,47300.0,46300.0,47000.0
2017-12-12,46960.0,47110.0,46310.0,46560.0
2017-12-13,46260.0,46260.0,44580.0,44600.0
2017-12-14,44000.0,44910.0,43610.0,44420.0
2017-12-15,44290.0,45070.0,44200.0,44760.0
2017-12-18,44940.0,45940.0,44790.0,45710.0
2017-12-19,46350.0,46460.0,45680.0,45700.0
2017-12-20,45680.0,46130.0,45590.0,46030.0
2017-12-21,46460.0,46800.0,46090.0,46730.0
2017-12-22,46930.0,47100.0,46500.0,46840.0
2017-12-25,46700.0,47290.0,46690.0,47250.0
2017-12-26,47150.0,47330.0,47050.0,47150.0
2017-12-27,47100.0,47100.0,46570.0,46680.0
2017-12-28,46630.0,47020.0,46450.0,46520.0
2017-12-29,46790.0,47120.0,46320.0,46380.0
2018-01-01,46380.0,46380.0,46380.0,46380.0
2018-01-02,46380.0,46380.0,46380.0,46380.0
2018-01-03,46380.0,46380.0,46380.0,46380.0
2018-01-04,47200.0,47720.0,46980.0,47610.0
2018-01-05,47720.0,49570.0,47720.0,49570.0
2018-01-08,49570.0,49570.0,49570.0,49570.0
2018-01-09,49620.0,49820.0,49060.0,49790.0
2018-01-10,49420.0,49950.0,49100.0,49520.0
2018-01-11,49150.0,49910.0,49020.0,49870.0
2018-01-12,49980.0,51570.0,49950.0,51570.0
2018-01-15,52000.0,52400.0,51140.0,51450.0
2018-01-16,51600.0,53270.0,51450.0,53270.0
2018-01-17,52970.0,54810.0,52840.0,54800.0
2018-01-18,55480.0,55830.0,54330.0,54390.0
2018-01-19,54390.0,55350.0,54170.0,55200.0
2018-01-22,54510.0,55290.0,54240.0,55270.0
2018-01-23,54940.0,55410.0,54530.0,55010.0
2018-01-24,54500.0,54990.0,54330.0,54630.0
2018-01-25,53950.0,54780.0,53460.0,54550.0
2018-01-26,54420.0,54910.0,54330.0,54710.0
2018-01-29,54710.0,55540.0,54400.0,55460.0
2018-01-30,55320.0,55440.0,53700.0,53960.0
2018-01-31,53580.0,54750.0,53500.0,53520.0
2018-02-01,53750.0,54850.0,53600.0,54820.0
2018-02-02,54890.0,55320.0,54370.0,54990.0
2018-02-05,53530.0,53860.0,52680.0,52860.0
2018-02-06,48460.0,49970.0,48130.0,49460.0
2018-02-07,51070.0,52630.0,49650.0,49650.0
2018-02-08,47710.0,49980.0,46980.0,47550.0
2018-02-09,45950.0,46190.0,44870.0,45850.0
2018-02-12,45850.0,45850.0,45850.0,45850.0
2018-02-13,46550.0,46570.0,44590.0,44610.0
2018-02-14,44700.0,45040.0,43220.0,43570.0
2018-02-15,44270.0,45180.0,44080.0,44890.0
2018-02-16,45560.0,46030.0,44900.0,45540.0
2018-02-19,45910.0,47300.0,45410.0,47280.0
2018-02-20,46700.0,46910.0,45610.0,45780.0
2018-02-21,45900.0,47040.0,45460.0,46400.0
2018-02-22,46200.0,46210.0,45360.0,45600.0
2018-02-23,45250.0,46060.0,44880.0,45880.0
2018-02-26,46250.0,46260.0,45450.0,46110.0
2018-02-27,46120.0,46880.0,46000.0,46650.0
2018-02-28,45950.0,46350.0,45030.0,45030.0
2018-03-01,43830.0,44310.0,43560.0,43800.0
2018-03-02,42400.0,43800.0,42400.0,43440.0
2018-03-05,43120.0,43210.0,42410.0,42980.0
2018-03-06,43680.0,44620.0,43680.0,43830.0
2018-03-07,43130.0,43590.0,42330.0,42350.0
2018-03-08,43210.0,44040.0,43150.0,43510.0
2018-03-09,44600.0,44950.0,43860.0,44400.0
2018-03-12,45800.0,45830.0,45280.0,45630.0
2018-03-13,45640.0,46500.0,45450.0,46500.0
2018-03-14,45430.0,45590.0,44940.0,45300.0
2018-03-15,45010.0,45700.0,44830.0,45680.0
2018-03-16,45820.0,45840.0,45000.0,45130.0
2018-03-19,45000.0,45350.0,44620.0,44990.0
2018-03-20,44460.0,44660.0,43900.0,44320.0
2018-03-21,44320.0,44320.0,44320.0,44320.0
2018-03-22,43960.0,45330.0,43900.0,45260.0
2018-03-23,43860.0,44040.0,41360.0,41460.0
2018-03-26,40950.0,42580.0,40770.0,42560.0
2018-03-27,43150.0,43600.0,42500.0,43600.0
2018-03-28,42520.0,42730.0,42140.0,42630.0
2018-03-29,43000.0,43090.0,42140.0,42590.0
2018-03-30,43220.0,43270.0,42660.0,43070.0
2018-04-02,43500.0,43530.0,42850.0,42870.0
2018-04-03,42010.0,42450.0,41390.0,42070.0
2018-04-04,42770.0,42790.0,40970.0,41320.0
2018-04-05,41970.0,41980.0,40620.0,41250.0
2018-04-06,41620.0,41640.0,41020.0,41030.0
2018-04-09,40710.0,40710.0,39700.0,40110.0
2018-04-10,39430.0,42170.0,39250.0,41210.0
2018-04-11,42030.0,42610.0,41800.0,42030.0
2018-04-12,42030.0,42030.0,41210.0,41330.0
2018-04-13,42310.0,43230.0,42280.0,42830.0
2018-04-16,42750.0,42900.0,41990.0,42150.0
2018-04-17,42150.0,42420.0,41910.0,41930.0
2018-04-18,42070.0,43580.0,42060.0,43470.0
2018-04-19,43690.0,44080.0,43130.0,43250.0
2018-04-20,42680.0,42850.0,41900.0,42360.0
2018-04-23,42470.0,42670.0,41960.0,42600.0
2018-04-24,43300.0,44100.0,43230.0,44090.0
2018-04-25,43140.0,43300.0,41960.0,42210.0
2018-04-26,42850.0,43230.0,42470.0,42780.0
2018-04-27,41700.0,42060.0,40420.0,41720.0
2018-04-30,41720.0,41720.0,41720.0,41720.0
2018-05-01,41500.0,41700.0,40910.0,41180.0
2018-05-02,41180.0,41860.0,41160.0,41280.0
2018-05-03,41280.0,41280.0,41280.0,41280.0
2018-05-04,41280.0,41280.0,41280.0,41280.0
2018-05-07,41300.0,41700.0,40710.0,41700.0
2018-05-08,42200.0,42550.0,42180.0,42540.0
2018-05-09,42350.0,42730.0,41820.0,41910.0
2018-05-10,42000.0,42310.0,41460.0,41600.0
2018-05-11,42050.0,43070.0,41960.0,43040.0
2018-05-14,42950.0,43200.0,42250.0,42530.0
2018-05-15,43080.0,43160.0,42310.0,42340.0
2018-05-16,42980.0,43710.0,42110.0,42130.0
2018-05-17,42500.0,42900.0,41990.0,42210.0
2018-05-18,42700.0,44180.0,42590.0,43980.0
2018-05-21,44300.0,45490.0,44210.0,45350.0
2018-05-22,45000.0,45580.0,44560.0,45190.0
2018-05-23,44800.0,44810.0,44220.0,44330.0
2018-05-24,44300.0,44480.0,43000.0,43080.0
2018-05-25,43080.0,43970.0,43080.0,43100.0
2018-05-28,43430.0,43970.0,43340.0,43430.0
2018-05-29,43300.0,43300.0,42480.0,42890.0
2018-05-30,42000.0,42330.0,41690.0,41840.0
2018-05-31,42080.0,42220.0,40940.0,41430.0
2018-06-01,41280.0,41770.0,41150.0,41200.0
2018-06-04,42000.0,42570.0,41690.0,42470.0
2018-06-05,42620.0,43270.0,42000.0,42300.0
2018-06-06,42690.0,43030.0,42170.0,42180.0
2018-06-07,42500.0,42900.0,42080.0,42080.0
2018-06-08,41850.0,42430.0,41710.0,41830.0
2018-06-11,41770.0,41970.0,41440.0,41870.0
2018-06-12,41920.0,41930.0,40620.0,40860.0
2018-06-13,41220.0,41580.0,40570.0,40840.0
2018-06-14,40440.0,40660.0,40000.0,40010.0
2018-06-15,40310.0,40320.0,39060.0,39150.0
2018-06-18,38930.0,38960.0,37630.0,37970.0
2018-06-19,37700.0,38910.0,37600.0,38500.0
2018-06-20,38530.0,40550.0,38310.0,40500.0
2018-06-21,41000.0,41870.0,41000.0,41590.0
2018-06-22,41080.0,42610.0,40950.0,42500.0
2018-06-25,42810.0,42940.0,41890.0,41960.0
2018-06-26,41560.0,42720.0,41530.0,42610.0
2018-06-27,43670.0,43990.0,41700.0,41780.0
2018-06-28,41500.0,42280.0,41030.0,41420.0
2018-06-29,41080.0,41290.0,40220.0,40630.0
2018-07-02,40630.0,41200.0,40190.0,40260.0
2018-07-03,40360.0,40630.0,39690.0,40110.0
2018-07-04,39030.0,39250.0,36990.0,37730.0
2018-07-05,37160.0,37940.0,36430.0,36640.0
2018-07-06,36980.0,37480.0,36650.0,37370.0
2018-07-09,37880.0,37920.0,37240.0,37850.0
2018-07-10,38550.0,39170.0,38200.0,38710.0
2018-07-11,38390.0,38390.0,37130.0,37710.0
2018-07-12,37800.0,38170.0,36940.0,37980.0
2018-07-13,38620.0,39180.0,37150.0,37470.0
2018-07-16,37470.0,37470.0,37470.0,37470.0
2018-07-17,36320.0,36640.0,35690.0,35820.0
2018-07-18,36530.0,36530.0,35930.0,36000.0
2018-07-19,36100.0,36710.0,35960.0,36030.0
2018-07-20,36000.0,36110.0,35460.0,35670.0
2018-07-23,35520.0,36110.0,35420.0,35820.0
2018-07-24,36140.0,36610.0,36090.0,36510.0
2018-07-25,36850.0,37330.0,36740.0,37320.0
2018-07-26,37900.0,38040.0,36730.0,36970.0
2018-07-27,37400.0,38220.0,37150.0,38180.0
2018-07-30,37810.0,37880.0,37280.0,37340.0
2018-07-31,37300.0,37910.0,36790.0,37480.0
2018-08-01,38140.0,38310.0,37810.0,37890.0
2018-08-02,38260.0,38260.0,36820.0,37070.0
2018-08-03,37140.0,37400.0,36750.0,37060.0
2018-08-06,37060.0,37660.0,36720.0,36790.0
2018-08-07,36610.0,37180.0,36410.0,37160.0
2018-08-08,37110.0,38420.0,37010.0,38290.0
2018-08-09,38770.0,38840.0,38040.0,38640.0
2018-08-10,38390.0,38390.0,37570.0,37840.0
2018-08-13,37170.0,37440.0,35680.0,35740.0
2018-08-14,36000.0,36430.0,35930.0,36060.0
2018-08-15,36840.0,37200.0,36000.0,36480.0
2018-08-16,36000.0,37320.0,35560.0,36790.0
2018-08-17,37380.0,37860.0,37040.0,37760.0
2018-08-20,37200.0,37690.0,37180.0,37390.0
2018-08-21,37220.0,37610.0,37060.0,37280.0
2018-08-22,37700.0,38650.0,37550.0,38380.0
2018-08-23,37860.0,38160.0,37200.0,37200.0
2018-08-24,37470.0,37470.0,36540.0,36690.0
2018-08-27,36990.0,37730.0,36840.0,37560.0
2018-08-28,37990.0,38260.0,37800.0,37960.0
2018-08-29,37810.0,38020.0,37620.0,37700.0
2018-08-30,37750.0,38230.0,37000.0,37050.0
2018-08-31,36700.0,37280.0,36400.0,36970.0
2018-09-03,36350.0,36590.0,35820.0,36050.0
2018-09-04,36010.0,36520.0,35950.0,36080.0
2018-09-05,35850.0,36090.0,34940.0,35150.0
2018-09-06,35100.0,35140.0,34440.0,34570.0
2018-09-07,34000.0,34080.0,33080.0,33240.0
2018-09-10,33410.0,33700.0,32930.0,32970.0
2018-09-11,33030.0,33140.0,32650.0,33070.0
2018-09-12,33630.0,33720.0,32170.0,32510.0
2018-09-13,32860.0,33930.0,32840.0,33260.0
2018-09-14,33860.0,35010.0,33630.0,34600.0
2018-09-17,34600.0,34600.0,34600.0,34600.0
2018-09-18,34700.0,35340.0,33690.0,34910.0
2018-09-19,36020.0,36590.0,35700.0,36160.0
2018-09-20,36850.0,37310.0,35990.0,36230.0
2018-09-21,37000.0,37420.0,36670.0,37380.0
2018-09-24,37380.0,37380.0,37380.0,37380.0
2018-09-25,36810.0,37280.0,36360.0,36820.0
2018-09-26,37150.0,37830.0,36810.0,37830.0
2018-09-27,38020.0,38080.0,36510.0,36580.0
2018-09-28,37500.0,37850.0,36340.0,36360.0
2018-10-01,36750.0,37260.0,36160.0,37120.0
2018-10-02,37800.0,38020.0,37240.0,37380.0
2018-10-03,37520.0,37660.0,36700.0,36720.0
2018-10-04,37110.0,37330.0,36370.0,36840.0
2018-10-05,36560.0,36820.0,36150.0,36320.0
2018-10-08,36320.0,36320.0,36320.0,36320.0
2018-10-09,35340.0,35380.0,33830.0,34030.0
2018-10-10,34880.0,35260.0,33800.0,34190.0
2018-10-11,32090.0,32890.0,31690.0,31890.0
2018-10-12,32070.0,33560.0,31770.0,33500.0
2018-10-15,33470.0,34480.0,33180.0,33650.0
2018-10-16,33500.0,34020.0,33060.0,33920.0
2018-10-17,34460.0,35280.0,34360.0,35100.0
2018-10-18,34800.0,34980.0,33300.0,33340.0
2018-10-19,32100.0,33970.0,32100.0,33890.0
2018-10-22,33350.0,34190.0,32900.0,33990.0
2018-10-23,33450.0,33770.0,32830.0,32880.0
2018-10-24,33170.0,33410.0,32600.0,32920.0
2018-10-25,31680.0,32170.0,31610.0,31800.0
2018-10-26,32740.0,33010.0,31580.0,31950.0
2018-10-29,32650.0,33260.0,32190.0,32700.0
2018-10-30,32390.0,34190.0,32290.0,34060.0
2018-10-31,34890.0,36190.0,34800.0,36150.0
2018-11-01,36790.0,37150.0,35960.0,36250.0
2018-11-02,36790.0,39390.0,36540.0,38700.0
2018-11-05,38150.0,38350.0,37340.0,37360.0
2018-11-06,37610.0,38090.0,37090.0,37190.0
2018-11-07,37330.0,38250.0,36870.0,37170.0
2018-11-08,38190.0,38400.0,36200.0,36470.0
2018-11-09,36460.0,37020.0,35140.0,35320.0
2018-11-12,35130.0,37170.0,35060.0,36930.0
2018-11-13,35770.0,36880.0,34800.0,36820.0
2018-11-14,36860.0,37740.0,36510.0,37400.0
2018-11-15,37160.0,37760.0,36620.0,37210.0
2018-11-16,37610.0,38090.0,36210.0,36700.0
2018-11-19,36590.0,38240.0,36410.0,38060.0
2018-11-20,37300.0,37770.0,37100.0,37550.0
2018-11-21,36510.0,38010.0,36510.0,37900.0
2018-11-22,37530.0,38140.0,37160.0,37400.0
2018-11-23,37400.0,37400.0,37400.0,37400.0
2018-11-26,37400.0,37710.0,36730.0,37580.0
2018-11-27,37790.0,38300.0,37130.0,38130.0
2018-11-28,38200.0,39570.0,38090.0,39430.0
2018-11-29,39890.0,40410.0,38470.0,38500.0
2018-11-30,38270.0,38810.0,38010.0,38480.0
2018-12-03,39460.0,40200.0,39240.0,39910.0
2018-12-04,39650.0,39850.0,38490.0,38580.0
2018-12-05,37320.0,37980.0,37160.0,37380.0
2018-12-06,36600.0,36700.0,35470.0,35720.0
2018-12-07,35980.0,36240.0,35340.0,35950.0
2018-12-10,34750.0,35280.0,34630.0,34720.0
2018-12-11,34710.0,34750.0,33600.0,33810.0
2018-12-12,34490.0,35600.0,34040.0,35270.0
2018-12-13,35580.0,36130.0,35260.0,35750.0
2018-12-14,35740.0,35850.0,34680.0,34840.0
2018-12-17,34850.0,35570.0,34610.0,34620.0
2018-12-18,33680.0,35080.0,33620.0,34630.0
2018-12-19,35000.0,35330.0,34660.0,35060.0
2018-12-20,34420.0,35360.0,33550.0,33740.0
2018-12-21,33480.0,33850.0,32970.0,33560.0
2018-12-24,33560.0,33560.0,33560.0,33560.0
2018-12-25,32370.0,32780.0,31950.0,32030.0
2018-12-26,32250.0,32910.0,31170.0,31940.0
2018-12-27,33400.0,33550.0,32750.0,33300.0
2018-12-28,32820.0,33840.0,32770.0,33240.0
2018-12-31,33240.0,33240.0,33240.0,33240.0
2019-01-04,32250.0,32250.0,30820.0,31460.0
2019-01-07,32950.0,33760.0,32770.0,33000.0
2019-01-08,33870.0,34490.0,33610.0,34150.0
2019-01-09,34390.0,34630.0,33850.0,34450.0
2019-01-10,34000.0,34210.0,33440.0,33960.0
2019-01-11,34380.0,35180.0,34380.0,34750.0
2019-01-15,35050.0,36590.0,34730.0,36530.0
2019-01-16,36500.0,36910.0,36210.0,36320.0
2019-01-17,36330.0,36840.0,35810.0,35950.0
2019-01-18,35160.0,35990.0,34870.0,35580.0
2019-01-21,36210.0,36390.0,35730.0,35980.0
2019-01-22,35820.0,36140.0,34940.0,35190.0
2019-01-23,34630.0,35190.0,34240.0,34630.0
2019-01-24,34010.0,34970.0,33970.0,34680.0
2019-01-25,34650.0,36630.0,34510.0,36470.0
2019-01-28,36250.0,36910.0,36190.0,36700.0
2019-01-29,36190.0,36340.0,35190.0,35630.0
2019-01-30,35930.0,36070.0,35380.0,35490.0
2019-01-31,36190.0,36200.0,35130.0,35730.0
2019-02-01,36080.0,37550.0,36030.0,36320.0
2019-02-04,35650.0,36870.0,35560.0,36700.0
2019-02-05,37330.0,37820.0,37240.0,37760.0
2019-02-06,37860.0,38690.0,37730.0,38420.0
2019-02-07,38370.0,38800.0,38020.0,38620.0
2019-02-08,37920.0,37990.0,36020.0,36600.0
2019-02-12,38000.0,40210.0,37500.0,40000.0
2019-02-13,40000.0,40500.0,39680.0,40240.0
2019-02-14,40490.0,40930.0,39970.0,40490.0
2019-02-15,39580.0,40030.0,39120.0,39140.0
2019-02-18,40310.0,40350.0,39170.0,39250.0
2019-02-19,39150.0,40080.0,38740.0,40000.0
2019-02-20,40040.0,40100.0,39110.0,39410.0
2019-02-21,39420.0,39530.0,38640.0,38990.0
2019-02-22,39600.0,39820.0,39200.0,39790.0
2019-02-25,40200.0,41560.0,40200.0,41230.0
2019-02-26,41250.0,41630.0,39960.0,40560.0
2019-02-27,40370.0,40520.0,39540.0,39710.0
2019-02-28,39220.0,39340.0,38430.0,38750.0
2019-03-01,38600.0,39030.0,37980.0,38610.0
2019-03-04,39510.0,39700.0,38720.0,39360.0
2019-03-05,38750.0,39180.0,38520.0,39000.0
2019-03-06,38510.0,38980.0,38410.0,38840.0
2019-03-07,38290.0,38300.0,37500.0,37740.0
2019-03-08,37040.0,37450.0,36400.0,36590.0
2019-03-11,36230.0,36500.0,35680.0,36240.0
2019-03-12,37400.0,38130.0,37250.0,37750.0
2019-03-13,37370.0,37910.0,37080.0,37190.0
2019-03-14,37820.0,38080.0,37590.0,37720.0
2019-03-15,38010.0,39010.0,38000.0,38420.0
2019-03-18,38310.0,39280.0,38270.0,38960.0
2019-03-19,39020.0,39330.0,38710.0,39160.0
2019-03-20,38870.0,39500.0,38730.0,39490.0
2019-03-22,40040.0,41520.0,40040.0,40960.0
2019-03-25,39900.0,40130.0,39820.0,40030.0
2019-03-26,41170.0,41880.0,40760.0,41770.0
2019-03-27,42000.0,42410.0,41580.0,42350.0
2019-03-28,41800.0,42020.0,41350.0,41650.0
2019-03-29,41970.0,42050.0,41400.0,41530.0
2019-04-01,42230.0,42280.0,41780.0,41790.0
2019-04-02,42540.0,42860.0,42150.0,42430.0
2019-04-03,42590.0,43500.0,42560.0,43350.0
2019-04-04,43500.0,43910.0,43040.0,43450.0
2019-04-05,43250.0,43850.0,43150.0,43550.0
2019-04-08,43340.0,43660.0,43160.0,43360.0
2019-04-09,43170.0,43430.0,42650.0,42680.0
2019-04-10,42400.0,43360.0,42240.0,43170.0
2019-04-11,43270.0,44320.0,43150.0,44120.0
2019-04-12,43650.0,44160.0,43400.0,44020.0
2019-04-15,45420.0,45770.0,45280.0,45370.0
2019-04-16,44860.0,45620.0,44750.0,45570.0
2019-04-17,46000.0,46690.0,45670.0,45700.0
2019-04-18,45800.0,46100.0,45680.0,45800.0
2019-04-19,45710.0,45900.0,45290.0,45590.0
2019-04-22,45800.0,45940.0,45120.0,45530.0
2019-04-23,45300.0,45540.0,44510.0,45420.0
2019-04-24,45690.0,46240.0,45380.0,45710.0
2019-04-25,45400.0,45760.0,45070.0,45510.0
2019-04-26,45660.0,46060.0,45320.0,46060.0
2019-05-07,44660.0,44670.0,41820.0,41960.0
2019-05-08,41010.0,41950.0,40730.0,41570.0
2019-05-09,40870.0,41480.0,40770.0,40780.0
2019-05-10,40600.0,42040.0,40420.0,41270.0
2019-05-13,40620.0,40900.0,39590.0,39680.0
2019-05-14,38280.0,39310.0,38180.0,39130.0
2019-05-15,39500.0,40230.0,39140.0,40010.0
2019-05-16,41500.0,41500.0,39110.0,39470.0
2019-05-17,40080.0,40080.0,39280.0,39350.0
2019-05-20,38650.0,38780.0,37280.0,37390.0
2019-05-21,36630.0,37420.0,35770.0,36870.0
2019-05-22,37650.0,37760.0,36870.0,37010.0
2019-05-23,36700.0,36800.0,36050.0,36100.0
2019-05-24,35870.0,36960.0,35790.0,36790.0
2019-05-27,36690.0,36970.0,36390.0,36420.0
2019-05-28,36330.0,37030.0,36140.0,36930.0
2019-05-29,36200.0,36490.0,35870.0,36410.0
2019-05-30,36890.0,36890.0,36080.0,36700.0
2019-05-31,35900.0,36260.0,35720.0,35770.0
2019-06-03,35370.0,35610.0,35160.0,35270.0
2019-06-04,35000.0,35740.0,34880.0,35660.0
2019-06-05,37440.0,37520.0,36820.0,36990.0
2019-06-06,36790.0,36890.0,36180.0,36290.0
2019-06-07,36470.0,36790.0,36230.0,36700.0
2019-06-10,37680.0,37830.0,37100.0,37750.0
2019-06-11,37800.0,38110.0,37700.0,38000.0
2019-06-12,38120.0,38620.0,37930.0,38360.0
2019-06-13,37660.0,38110.0,37620.0,37790.0
2019-06-14,37980.0,38110.0,37760.0,37870.0
2019-06-17,37460.0,37670.0,37210.0,37500.0
2019-06-18,38000.0,38200.0,37660.0,37760.0
2019-06-19,38930.0,39700.0,38740.0,38970.0
2019-06-20,38900.0,39250.0,38610.0,39230.0
2019-06-21,39150.0,39360.0,38860.0,39000.0
2019-06-24,39000.0,39270.0,38850.0,39170.0
2019-06-25,38950.0,39270.0,38780.0,39000.0
2019-06-26,38790.0,39160.0,38750.0,38900.0
2019-06-27,39600.0,40150.0,39470.0,40030.0
2019-06-28,40040.0,40530.0,39790.0,40170.0
2019-07-01,41110.0,41850.0,40930.0,41850.0
2019-07-02,41790.0,41800.0,41310.0,41490.0
2019-07-03,41380.0,41380.0,40550.0,40890.0
2019-07-04,41200.0,41510.0,41070.0,41460.0
2019-07-05,41460.0,41690.0,41380.0,41690.0
2019-07-08,41430.0,41540.0,40920.0,41000.0
2019-07-09,40820.0,41000.0,40350.0,40400.0
2019-07-10,39770.0,39900.0,39610.0,39620.0
2019-07-11,39040.0,39230.0,38590.0,38770.0
2019-07-12,38600.0,38600.0,37840.0,37850.0
2019-07-16,38470.0,39030.0,38360.0,38890.0
2019-07-17,38850.0,39660.0,38820.0,39450.0
2019-07-18,39450.0,39570.0,38860.0,39000.0
2019-07-19,39080.0,40690.0,39010.0,40470.0
2019-07-22,40400.0,40690.0,40350.0,40470.0
2019-07-23,40660.0,41390.0,40550.0,41220.0
2019-07-24,41500.0,42100.0,41460.0,42070.0
2019-07-25,42150.0,42680.0,42070.0,42510.0
2019-07-26,41470.0,41660.0,40780.0,40860.0
2019-07-29,40860.0,41000.0,40250.0,40860.0
2019-07-30,40910.0,41280.0,40700.0,40910.0
2019-07-31,40120.0,40340.0,39590.0,39860.0
2019-08-01,39460.0,39970.0,39230.0,39740.0
2019-08-02,38550.0,38590.0,37650.0,37800.0
2019-08-05,37400.0,37490.0,36440.0,36800.0
2019-08-06,35400.0,37540.0,35380.0,37510.0
2019-08-07,37350.0,37440.0,36440.0,37130.0
2019-08-08,37200.0,37350.0,36800.0,37010.0
2019-08-09,37680.0,37710.0,37250.0,37520.0
2019-08-13,38220.0,39270.0,37660.0,39060.0
2019-08-14,40450.0,40450.0,39000.0,39420.0
2019-08-15,38160.0,39080.0,38010.0,39000.0
2019-08-16,38750.0,39370.0,38600.0,39060.0
2019-08-19,39450.0,39760.0,39280.0,39320.0
2019-08-20,39440.0,39510.0,39200.0,39470.0
2019-08-21,39000.0,39880.0,38950.0,39770.0
2019-08-22,39840.0,40270.0,39580.0,39970.0
2019-08-23,40110.0,40290.0,39890.0,40260.0
2019-08-26,38910.0,39190.0,38850.0,39030.0
2019-08-27,39810.0,40310.0,39570.0,40070.0
2019-08-28,39440.0,39540.0,38970.0,39020.0
2019-08-29,39130.0,39490.0,39100.0,39340.0
2019-08-30,40000.0,40330.0,39930.0,40140.0
2019-09-02,39810.0,40030.0,39430.0,39660.0
2019-09-03,39470.0,40100.0,39450.0,39970.0
2019-09-04,39700.0,39960.0,39630.0,39630.0
2019-09-05,40190.0,41950.0,40080.0,41860.0
2019-09-06,41990.0,42600.0,41870.0,42200.0
2019-09-09,42200.0,43760.0,42200.0,43610.0
2019-09-10,44400.0,44590.0,43720.0,44560.0
2019-09-11,45180.0,45760.0,44730.0,45750.0
2019-09-12,46390.0,47130.0,45880.0,46660.0
2019-09-13,47000.0,47440.0,46700.0,47200.0
2019-09-17,45500.0,46230.0,44670.0,44950.0
2019-09-18,45450.0,46690.0,45450.0,46350.0
2019-09-19,46170.0,46480.0,45280.0,45480.0
2019-09-20,44780.0,45080.0,44250.0,44630.0
2019-09-24,45550.0,45660.0,44920.0,45250.0
2019-09-25,44000.0,44610.0,43400.0,44210.0
2019-09-26,45060.0,45280.0,44400.0,44570.0
2019-09-27,45170.0,45940.0,44930.0,45920.0
2019-09-30,45860.0,46450.0,45620.0,46100.0
2019-10-01,47050.0,47290.0,46580.0,47040.0
2019-10-02,45640.0,46250.0,45380.0,45930.0
2019-10-03,45230.0,45970.0,44900.0,45880.0
2019-10-04,45980.0,46390.0,45690.0,46100.0
2019-10-07,46160.0,46680.0,45830.0,46070.0
2019-10-08,46400.0,47000.0,46370.0,46710.0
2019-10-09,46180.0,46780.0,46120.0,46300.0
2019-10-10,46180.0,46610.0,45660.0,46460.0
2019-10-11,46700.0,46700.0,45360.0,46150.0
2019-10-15,46550.0,46880.0,46000.0,46560.0
2019-10-16,47380.0,47810.0,46390.0,46730.0
2019-10-17,46440.0,46640.0,46060.0,46290.0
2019-10-18,46500.0,47020.0,46320.0,46550.0
2019-10-21,46290.0,46500.0,45820.0,45970.0
2019-10-23,45790.0,46720.0,45770.0,46580.0
2019-10-24,46910.0,47060.0,46550.0,46550.0
2019-10-25,47010.0,47370.0,46910.0,47210.0
2019-10-28,46950.0,47050.0,46140.0,46210.0
2019-10-29,46580.0,47220.0,46460.0,47160.0
2019-10-30,47500.0,47500.0,46430.0,47250.0
2019-10-31,47410.0,47720.0,46960.0,47190.0
2019-11-01,46700.0,48340.0,46690.0,48340.0
2019-11-05,50120.0,50950.0,49810.0,49940.0
2019-11-06,50500.0,50590.0,49390.0,49580.0
2019-11-07,49850.0,50920.0,49500.0,49950.0
2019-11-08,50650.0,50670.0,49380.0,49860.0
2019-11-11,49860.0,49970.0,49200.0,49390.0
2019-11-12,49460.0,49570.0,48910.0,49460.0
2019-11-13,49160.0,50570.0,49060.0,50450.0
2019-11-14,50170.0,50520.0,49430.0,49500.0
2019-11-15,49400.0,49790.0,49100.0,49560.0
2019-11-18,49550.0,50160.0,49470.0,49870.0
2019-11-19,49500.0,49580.0,48110.0,48440.0
2019-11-20,47840.0,48720.0,47830.0,48710.0
2019-11-21,48630.0,49170.0,48230.0,49170.0
2019-11-22,48780.0,48790.0,48290.0,48340.0
2019-11-25,48700.0,49150.0,48560.0,49100.0
2019-11-26,49300.0,49990.0,49250.0,49590.0
2019-11-27,49750.0,50640.0,49700.0,50570.0
2019-11-28,50250.0,50780.0,50120.0,50370.0
2019-11-29,50610.0,50670.0,49600.0,49610.0
2019-12-02,49320.0,50190.0,49320.0,49930.0
2019-12-03,49360.0,50560.0,49360.0,50530.0
2019-12-04,50100.0,50270.0,49720.0,49970.0
2019-12-05,50270.0,50310.0,49270.0,49540.0
2019-12-06,49590.0,50170.0,49540.0,50000.0
2019-12-09,50430.0,50580.0,49700.0,50000.0
2019-12-10,49710.0,50210.0,49670.0,50150.0
2019-12-11,50190.0,50390.0,49910.0,50050.0
2019-12-12,50310.0,51560.0,50110.0,50960.0
2019-12-13,51960.0,52570.0,51440.0,52460.0
2019-12-16,52100.0,52160.0,51510.0,51800.0
2019-12-17,52380.0,52380.0,51230.0,51430.0
2019-12-18,51570.0,51750.0,50520.0,50660.0
2019-12-19,50690.0,50900.0,50220.0,50750.0
2019-12-20,50930.0,51100.0,50630.0,50700.0
2019-12-23,51000.0,51000.0,50400.0,50550.0
2019-12-24,50850.0,51050.0,50580.0,50770.0
2019-12-25,50410.0,50930.0,50410.0,50880.0
2019-12-26,50920.0,51160.0,50770.0,51050.0
2019-12-27,51330.0,51350.0,50710.0,50890.0
2019-12-30,50860.0,50970.0,49880.0,50290.0
2020-01-06,49380.0,49770.0,49250.0,49580.0
2020-01-07,49580.0,50770.0,49440.0,50730.0
2020-01-08,50000.0,50020.0,49080.0,49780.0
2020-01-09,50840.0,52020.0,50780.0,51670.0
2020-01-10,52020.0,53450.0,52020.0,53120.0
2020-01-14,53660.0,54370.0,53660.0,53950.0
2020-01-15,53650.0,53760.0,53030.0,53300.0
2020-01-16,53000.0,53040.0,51720.0,52120.0
2020-01-17,52850.0,53270.0,51960.0,52320.0
2020-01-20,52320.0,53070.0,52290.0,52930.0
2020-01-21,52670.0,53060.0,51670.0,51790.0
2020-01-22,51810.0,52820.0,51730.0,52810.0
2020-01-23,52480.0,52630.0,52030.0,52200.0
2020-01-24,52720.0,52730.0,52240.0,52470.0
2020-01-27,50870.0,50890.0,49570.0,49590.0
2020-01-28,48980.0,49010.0,48650.0,48930.0
2020-01-29,49460.0,49700.0,49070.0,49480.0
2020-01-30,49310.0,49400.0,47900.0,48190.0
2020-01-31,48890.0,48890.0,48190.0,48230.0
2020-02-03,46690.0,48010.0,46570.0,47820.0
2020-02-04,48060.0,48630.0,47590.0,48430.0
2020-02-05,49770.0,49910.0,48990.0,48990.0
2020-02-06,50170.0,50340.0,49700.0,50300.0
2020-02-07,50620.0,50980.0,50120.0,50750.0
2020-02-10,50310.0,50580.0,49960.0,50430.0
2020-02-12,51010.0,51250.0,50320.0,51000.0
2020-02-13,51280.0,51280.0,49480.0,49690.0
2020-02-14,49400.0,50190.0,49400.0,50080.0
2020-02-17,49450.0,50020.0,49190.0,49940.0
2020-02-18,48940.0,49140.0,47650.0,47690.0
2020-02-19,48200.0,48670.0,47660.0,48530.0
2020-02-20,48970.0,49630.0,48830.0,49230.0
2020-02-21,49480.0,50040.0,48920.0,49020.0
2020-02-25,46870.0,47620.0,46670.0,47390.0
2020-02-26,46700.0,47280.0,46090.0,47140.0
2020-02-27,46460.0,46610.0,44720.0,45270.0
2020-02-28,44260.0,44260.0,42600.0,43070.0
2020-03-02,42530.0,44400.0,42110.0,43690.0
2020-03-03,44360.0,44440.0,42760.0,42780.0
2020-03-04,42370.0,43040.0,41710.0,42900.0
2020-03-05,43900.0,43900.0,42650.0,43000.0
2020-03-06,41880.0,42450.0,41680.0,42060.0
2020-03-09,40660.0,40700.0,38510.0,38820.0
2020-03-10,38120.0,40340.0,37060.0,39880.0
2020-03-11,39900.0,41740.0,39510.0,40090.0
2020-03-12,39160.0,39980.0,37840.0,38060.0
2020-03-13,37700.0,39880.0,35870.0,38440.0
2020-03-16,38500.0,40090.0,37460.0,37620.0
2020-03-17,37610.0,41220.0,37060.0,40630.0
2020-03-18,41440.0,43240.0,40720.0,42320.0
2020-03-19,43720.0,44380.0,40400.0,41010.0
2020-03-23,40310.0,41690.0,40000.0,40040.0
2020-03-24,40740.0,42720.0,40110.0,42640.0
2020-03-25,44400.0,46850.0,44280.0,45840.0
2020-03-26,45140.0,45500.0,43340.0,45160.0
2020-03-27,47000.0,47340.0,45770.0,47340.0
2020-03-30,45840.0,46190.0,44560.0,46000.0
2020-03-31,46980.0,47350.0,45360.0,45750.0
2020-04-01,45100.0,46350.0,44060.0,44510.0
2020-04-02,44090.0,45550.0,44020.0,44700.0
2020-04-03,44360.0,45650.0,44360.0,45270.0
2020-04-06,45340.0,46580.0,45270.0,46500.0
2020-04-07,47200.0,48210.0,46830.0,47310.0
2020-04-08,48000.0,48240.0,47020.0,47880.0
2020-04-09,48000.0,48200.0,46590.0,47400.0
2020-04-10,47890.0,48850.0,47620.0,48670.0
2020-04-13,48190.0,48850.0,48080.0,48320.0
2020-04-14,48640.0,49990.0,48600.0,49820.0
2020-04-15,50520.0,51070.0,50200.0,50720.0
2020-04-16,49410.0,49740.0,48870.0,49100.0
2020-04-17,49800.0,50150.0,49100.0,49340.0
2020-04-20,48730.0,49330.0,48430.0,48810.0
2020-04-21,48230.0,49050.0,48140.0,48230.0
2020-04-22,47530.0,48400.0,47150.0,48400.0
2020-04-23,48700.0,49010.0,47940.0,48000.0
2020-04-24,47990.0,48420.0,47480.0,48000.0
2020-04-27,48470.0,48900.0,48290.0,48900.0
2020-04-28,48910.0,49490.0,48850.0,49420.0
2020-04-30,50120.0,50120.0,48930.0,49000.0
2020-05-01,48580.0,49480.0,48220.0,49470.0
2020-05-07,48770.0,50260.0,48580.0,49560.0
2020-05-08,50000.0,50650.0,50000.0,50560.0
2020-05-11,50500.0,51320.0,50310.0,51120.0
2020-05-12,50920.0,51220.0,50420.0,50840.0
2020-05-13,51090.0,52120.0,50720.0,52030.0
2020-05-14,51880.0,51910.0,51180.0,51180.0
2020-05-15,51880.0,52350.0,51300.0,52300.0
2020-05-18,51000.0,51720.0,50760.0,51210.0
2020-05-19,52500.0,53390.0,51730.0,53000.0
2020-05-20,53200.0,54470.0,53020.0,54000.0
2020-05-21,53880.0,54200.0,53430.0,53560.0
2020-05-22,53500.0,53800.0,53080.0,53320.0
2020-05-25,54300.0,54380.0,53740.0,53990.0
2020-05-26,54500.0,55850.0,54400.0,55500.0
2020-05-27,55760.0,56300.0,55190.0,55700.0
2020-05-28,56200.0,56880.0,55510.0,56810.0
2020-05-29,56200.0,56560.0,54150.0,54370.0
2020-06-01,55180.0,56390.0,54990.0,56220.0
2020-06-02,56230.0,57470.0,55890.0,57120.0
2020-06-03,57800.0,57970.0,56650.0,57630.0
2020-06-04,57970.0,58270.0,56900.0,57950.0
2020-06-05,57590.0,57980.0,57030.0,57980.0
2020-06-08,58660.0,58670.0,56360.0,56690.0
2020-06-09,55410.0,56540.0,55200.0,56190.0
2020-06-10,56500.0,56650.0,55740.0,55890.0
2020-06-11,54530.0,55750.0,54310.0,55050.0
2020-06-12,54050.0,54490.0,53330.0,54020.0
2020-06-15,53780.0,54130.0,52430.0,52500.0
2020-06-16,54480.0,55780.0,54100.0,55550.0
2020-06-17,55590.0,56240.0,55320.0,55590.0
2020-06-18,55030.0,55700.0,54730.0,55490.0
2020-06-19,56190.0,56420.0,55350.0,55820.0
2020-06-22,55160.0,55860.0,54970.0,55630.0
2020-06-23,55500.0,55900.0,55090.0,55200.0
2020-06-24,55030.0,55460.0,54810.0,55240.0
2020-06-25,55240.0,56000.0,54780.0,55710.0
2020-06-26,56200.0,56420.0,55770.0,56080.0
2020-06-29,55730.0,56280.0,55420.0,55730.0
2020-06-30,56510.0,56620.0,55060.0,55180.0
2020-07-01,55430.0,55870.0,54480.0,54800.0
2020-07-02,54310.0,54800.0,53850.0,54260.0
2020-07-03,54730.0,55950.0,54700.0,55950.0
2020-07-06,55860.0,57150.0,55860.0,56950.0
2020-07-07,56950.0,57790.0,56800.0,57350.0
2020-07-08,58000.0,58260.0,56370.0,56530.0
2020-07-09,56130.0,56870.0,55930.0,56330.0
2020-07-10,56070.0,56340.0,55680.0,55700.0
2020-07-13,56800.0,56870.0,55940.0,56870.0
2020-07-14,56680.0,57070.0,56180.0,56390.0
2020-07-15,57580.0,60430.0,57050.0,60080.0
2020-07-16,59100.0,59270.0,57830.0,58360.0
2020-07-17,58820.0,58960.0,56950.0,57080.0
2020-07-20,57500.0,57670.0,56510.0,56900.0
2020-07-21,57560.0,58350.0,57340.0,58350.0
2020-07-22,57760.0,58020.0,57320.0,57350.0
2020-07-27,57020.0,58590.0,56930.0,58420.0
2020-07-28,58330.0,58500.0,57500.0,57740.0
2020-07-29,57190.0,57620.0,56750.0,57190.0
2020-07-30,57610.0,57780.0,56700.0,56700.0
2020-07-31,56330.0,56530.0,54950.0,55070.0
2020-08-03,54880.0,55100.0,54400.0,54700.0
2020-08-04,54850.0,55380.0,54430.0,54990.0
2020-08-05,54800.0,55520.0,54420.0,55350.0
2020-08-06,56110.0,56150.0,55330.0,55680.0
2020-08-07,55980.0,56060.0,55290.0,55450.0
2020-08-11,57000.0,58190.0,56740.0,57830.0
2020-08-12,58180.0,59600.0,58070.0,59600.0
2020-08-13,60190.0,60290.0,59890.0,59920.0
2020-08-14,59980.0,60030.0,59540.0,59800.0
2020-08-17,60230.0,60340.0,59520.0,59520.0
2020-08-18,59410.0,60150.0,59210.0,60150.0
2020-08-19,59610.0,59980.0,59190.0,59730.0
2020-08-20,60120.0,60500.0,59100.0,59190.0
2020-08-21,58900.0,59420.0,58550.0,58710.0
2020-08-24,58630.0,59360.0,58430.0,58990.0
2020-08-25,59620.0,59800.0,59190.0,59350.0
2020-08-26,58920.0,59400.0,58620.0,59130.0
2020-08-27,59070.0,59420.0,58770.0,59350.0
2020-08-28,59500.0,59980.0,58080.0,58720.0
2020-08-31,59630.0,59840.0,58250.0,58250.0
2020-09-01,58950.0,58950.0,57670.0,57980.0
2020-09-02,58380.0,59340.0,58120.0,59340.0
2020-09-03,60170.0,60700.0,59830.0,60370.0
2020-09-04,59070.0,59070.0,58110.0,58130.0
2020-09-07,56900.0,58230.0,56820.0,57710.0
2020-09-08,57530.0,57650.0,56000.0,56480.0
2020-09-09,56460.0,56920.0,55500.0,56750.0
2020-09-10,57110.0,57750.0,56940.0,57200.0
2020-09-11,56200.0,56740.0,56180.0,56570.0
2020-09-14,56440.0,57790.0,56440.0,57620.0
2020-09-15,57010.0,57540.0,56870.0,57100.0
2020-09-16,56880.0,57380.0,56660.0,57090.0
2020-09-17,57080.0,57220.0,56860.0,57200.0
2020-09-18,57390.0,58260.0,57390.0,58260.0
2020-09-23,58100.0,58690.0,57810.0,58120.0
2020-09-24,57630.0,57760.0,56410.0,56700.0
2020-09-25,57120.0,57470.0,56710.0,57080.0
2020-09-28,57800.0,58890.0,57510.0,58540.0
2020-09-29,58680.0,60100.0,58480.0,59610.0
2020-09-30,59610.0,60040.0,58440.0,58460.0
2020-10-02,58550.0,58780.0,56610.0,56980.0
2020-10-05,57440.0,57700.0,56670.0,56800.0
2020-10-06,57020.0,57590.0,56590.0,57540.0
2020-10-07,57790.0,58000.0,57330.0,57900.0
2020-10-08,58000.0,58320.0,57680.0,58310.0
2020-10-09,58590.0,58830.0,57610.0,58080.0
2020-10-12,57790.0,58240.0,57360.0,57600.0
2020-10-13,58370.0,59670.0,58170.0,59570.0
2020-10-14,59510.0,59820.0,59180.0,59270.0
2020-10-15,58770.0,58780.0,57660.0,57840.0
2020-10-16,57840.0,58090.0,57220.0,57520.0
2020-10-19,57780.0,58290.0,57410.0,57990.0
2020-10-20,57310.0,57870.0,57120.0,57870.0
2020-10-21,58480.0,58840.0,57350.0,57390.0
2020-10-22,56890.0,57270.0,56200.0,57260.0
2020-10-23,56870.0,57200.0,55890.0,56770.0
2020-10-26,56550.0,56840.0,56170.0,56350.0
2020-10-27,55690.0,56160.0,55140.0,56160.0
2020-10-28,55630.0,56750.0,55630.0,56590.0
2020-10-29,56000.0,56610.0,55730.0,56600.0
2020-10-30,57740.0,57800.0,55070.0,55300.0
2020-11-02,55400.0,56440.0,55240.0,56270.0
2020-11-04,57170.0,57650.0,56560.0,57370.0
2020-11-05,57840.0,58620.0,57510.0,58500.0
2020-11-06,58210.0,58840.0,58000.0,58770.0
2020-11-09,59680.0,60870.0,59460.0,60680.0
2020-11-10,61800.0,62150.0,59910.0,60300.0
2020-11-11,61300.0,61410.0,59970.0,61280.0
2020-11-12,61880.0,62520.0,61550.0,62370.0
2020-11-13,62430.0,62430.0,60060.0,60450.0
2020-11-16,58990.0,60290.0,58850.0,60000.0
2020-11-17,60070.0,60100.0,58150.0,58500.0
2020-11-18,58100.0,58800.0,57810.0,58160.0
2020-11-19,58700.0,60660.0,58430.0,60580.0
2020-11-20,60580.0,60780.0,60010.0,60250.0
2020-11-24,61500.0,63400.0,61410.0,63030.0
2020-11-25,63850.0,65440.0,63740.0,64780.0
2020-11-26,64420.0,66180.0,64120.0,65900.0
2020-11-27,66190.0,67040.0,65760.0,66660.0
2020-11-30,67650.0,67800.0,65810.0,66320.0
2020-12-01,66800.0,67460.0,66370.0,66590.0
2020-12-02,66450.0,67160.0,65720.0,65990.0
2020-12-03,65690.0,66220.0,65090.0,65490.0
2020-12-04,64840.0,65450.0,64250.0,64830.0
2020-12-07,65370.0,65600.0,64410.0,64510.0
2020-12-08,63980.0,64930.0,63710.0,64860.0
2020-12-09,65470.0,66650.0,65270.0,66330.0
2020-12-10,66330.0,66480.0,65200.0,65550.0
2020-12-11,65610.0,65900.0,64690.0,65090.0
2020-12-14,65880.0,66370.0,65120.0,65130.0
2020-12-15,65130.0,65180.0,64610.0,64770.0
2020-12-16,64870.0,65340.0,64050.0,64320.0
2020-12-17,64430.0,64430.0,63650.0,64050.0
2020-12-18,64100.0,64580.0,63410.0,63840.0
2020-12-21,64080.0,64350.0,62820.0,63540.0
2020-12-22,63010.0,63570.0,62380.0,62630.0
2020-12-23,62790.0,63560.0,62410.0,63360.0
2020-12-24,63540.0,63870.0,62820.0,63080.0
2020-12-25,63060.0,63080.0,62520.0,62730.0
2020-12-28,63000.0,63380.0,62870.0,63290.0
2020-12-29,63150.0,64240.0,63150.0,64170.0
2020-12-30,63670.0,63940.0,62490.0,62950.0
2021-01-04,62600.0,63190.0,61430.0,63180.0
2021-01-05,63450.0,64000.0,63030.0,64000.0
2021-01-06,64400.0,65880.0,64370.0,64700.0
2021-01-07,65870.0,67400.0,65400.0,67200.0
2021-01-08,67850.0,68200.0,66590.0,68200.0
2021-01-12,67700.0,68030.0,66950.0,67580.0
2021-01-13,67540.0,68680.0,67040.0,67260.0
2021-01-14,67310.0,69860.0,67200.0,69180.0
2021-01-15,69630.0,69640.0,67740.0,67960.0
2021-01-18,67270.0,67750.0,66770.0,67290.0
2021-01-19,67300.0,67470.0,66910.0,67370.0
2021-01-20,67460.0,67500.0,66610.0,66880.0
2021-01-21,66910.0,68010.0,66800.0,67800.0
2021-01-22,68300.0,68690.0,67860.0,68240.0
2021-01-25,68590.0,68640.0,67350.0,67740.0
2021-01-26,66750.0,67070.0,66070.0,66460.0
2021-01-27,66700.0,67050.0,65950.0,66960.0
2021-01-28,64960.0,67040.0,64940.0,66040.0
2021-01-29,66040.0,66450.0,63330.0,63360.0
2021-02-01,63330.0,64770.0,63000.0,64510.0
2021-02-02,65180.0,65480.0,64640.0,65390.0
2021-02-03,65960.0,66050.0,64710.0,64820.0
2021-02-04,64160.0,64180.0,62610.0,62830.0
2021-02-05,63350.0,64240.0,62930.0,63410.0
2021-02-08,63790.0,64990.0,63270.0,64860.0
2021-02-09,65170.0,66740.0,65130.0,66510.0
2021-02-10,66660.0,66800.0,65790.0,66030.0
2021-02-12,66710.0,67130.0,66210.0,66440.0
2021-02-15,68440.0,68780.0,66600.0,67480.0
2021-02-16,66480.0,66980.0,65600.0,66450.0
2021-02-17,66200.0,66430.0,65500.0,66140.0
2021-02-18,65820.0,66290.0,65560.0,65820.0
2021-02-19,64670.0,65670.0,64640.0,65250.0
2021-02-22,65600.0,66130.0,65400.0,65860.0
2021-02-24,64860.0,65770.0,64490.0,64490.0
2021-02-25,64770.0,66120.0,64520.0,65880.0
2021-02-26,64240.0,65150.0,62900.0,62900.0
2021-03-01,63930.0,64920.0,63770.0,64470.0
2021-03-02,65400.0,65900.0,64800.0,65460.0
2021-03-03,65010.0,65350.0,63510.0,64100.0
2021-03-04,63340.0,63840.0,62690.0,63200.0
2021-03-05,62300.0,63550.0,61850.0,63550.0
2021-03-08,63620.0,63910.0,61450.0,61700.0
2021-03-09,61000.0,61160.0,59240.0,60000.0
2021-03-10,61000.0,61040.0,59940.0,60130.0
2021-03-11,59890.0,60360.0,58760.0,60120.0
2021-03-12,61120.0,63150.0,60660.0,62790.0
2021-03-15,62820.0,63080.0,61660.0,62470.0
2021-03-16,62790.0,63200.0,62160.0,63000.0
2021-03-17,62810.0,64280.0,62760.0,63790.0
2021-03-18,64790.0,66490.0,64680.0,66490.0
2021-03-19,65380.0,65910.0,64370.0,64730.0
2021-03-22,63900.0,63900.0,62740.0,63030.0
2021-03-23,63920.0,64000.0,62260.0,62260.0
2021-03-24,62220.0,63030.0,61710.0,62580.0
2021-03-25,64420.0,65300.0,63630.0,64750.0
2021-03-26,64760.0,65270.0,64050.0,65010.0
2021-03-29,65900.0,65900.0,64550.0,65300.0
2021-03-30,65880.0,65960.0,64780.0,65960.0
2021-03-31,65300.0,65900.0,64280.0,64310.0
2021-04-01,65190.0,65690.0,64600.0,65430.0
2021-04-02,66610.0,66850.0,66360.0,66770.0
2021-04-05,66770.0,66970.0,66230.0,66680.0
2021-04-06,66960.0,67150.0,65690.0,65890.0
2021-04-07,66000.0,66050.0,64490.0,64730.0
2021-04-08,64890.0,66390.0,64800.0,66280.0
2021-04-09,66100.0,67790.0,66100.0,66740.0
2021-04-12,66750.0,67130.0,65900.0,66030.0
2021-04-13,66220.0,67180.0,65900.0,66320.0
2021-04-14,66000.0,66630.0,66000.0,66340.0
2021-04-15,66380.0,67100.0,66110.0,66630.0
2021-04-16,66660.0,66940.0,65600.0,65850.0
2021-04-19,65510.0,66170.0,65390.0,65930.0
2021-04-20,65920.0,66110.0,65510.0,65900.0
2021-04-21,65100.0,65500.0,63530.0,63610.0
2021-04-22,65160.0,66100.0,65160.0,65970.0
2021-04-23,64970.0,65570.0,64050.0,64650.0
2021-04-26,65230.0,65440.0,64550.0,65130.0
2021-04-27,65190.0,65450.0,64550.0,64550.0
2021-04-28,64380.0,65010.0,64020.0,64450.0
2021-04-30,64540.0,64750.0,63320.0,63450.0
2021-05-06,64450.0,64650.0,63320.0,63640.0
2021-05-07,63600.0,64700.0,63510.0,63900.0
2021-05-10,64150.0,65290.0,63950.0,65230.0
2021-05-11,65190.0,65580.0,63510.0,63630.0
2021-05-12,63480.0,64430.0,61750.0,62120.0
2021-05-13,61350.0,61770.0,60400.0,61000.0
2021-05-14,62500.0,63290.0,61810.0,62900.0
2021-05-17,62030.0,63390.0,60780.0,61290.0
2021-05-18,61000.0,63080.0,60940.0,62990.0
2021-05-19,62090.0,63190.0,61850.0,62990.0
2021-05-20,62980.0,63670.0,62830.0,63330.0
2021-05-21,62950.0,63450.0,62660.0,62810.0
2021-05-24,62160.0,62800.0,62090.0,62380.0
2021-05-25,62800.0,63350.0,62680.0,63270.0
2021-05-26,63270.0,63670.0,63210.0,63500.0
2021-05-27,63100.0,63830.0,62860.0,63830.0
2021-05-28,65290.0,66670.0,65290.0,66330.0
2021-05-31,66100.0,66780.0,65410.0,65520.0
2021-06-01,66140.0,66430.0,65670.0,66410.0
2021-06-02,66010.0,66340.0,65470.0,66270.0
2021-06-03,66500.0,66950.0,66020.0,66590.0
2021-06-04,66320.0,66940.0,65920.0,66910.0
2021-06-07,67160.0,67400.0,66210.0,66370.0
2021-06-08,66260.0,66640.0,65380.0,65380.0
2021-06-09,64560.0,64580.0,63350.0,63500.0
2021-06-10,63180.0,63570.0,62380.0,62840.0
2021-06-11,62870.0,63340.0,62800.0,63200.0
2021-06-14,63710.0,63810.0,62920.0,63630.0
2021-06-15,63690.0,65190.0,63540.0,64690.0
2021-06-16,64360.0,65390.0,64360.0,65280.0
2021-06-17,65230.0,65580.0,64820.0,65370.0
2021-06-18,65690.0,65700.0,64500.0,64530.0
2021-06-21,63640.0,64080.0,62930.0,63010.0
2021-06-22,64340.0,64630.0,63880.0,64480.0
2021-06-23,65050.0,65300.0,64720.0,65070.0
2021-06-24,65170.0,65170.0,64350.0,64940.0
2021-06-25,66200.0,66390.0,65620.0,65770.0
2021-06-28,66040.0,66400.0,65540.0,65710.0
2021-06-29,65980.0,66480.0,65510.0,66400.0
2021-06-30,66700.0,67000.0,65600.0,65650.0
2021-07-01,65750.0,66000.0,65150.0,65240.0
2021-07-02,65100.0,65590.0,64910.0,65280.0
2021-07-05,65150.0,65690.0,64910.0,65680.0
2021-07-06,65890.0,66220.0,65520.0,66120.0
2021-07-07,65370.0,66600.0,65220.0,66460.0
2021-07-08,66060.0,66920.0,66060.0,66450.0
2021-07-09,65800.0,66140.0,64200.0,65260.0
2021-07-12,67160.0,67870.0,66560.0,67860.0
2021-07-13,68220.0,68590.0,67840.0,68120.0
2021-07-14,68210.0,68590.0,68040.0,68190.0
2021-07-15,67960.0,67960.0,67070.0,67130.0
2021-07-16,66930.0,67330.0,66610.0,66780.0
2021-07-19,65930.0,65930.0,64480.0,64640.0
2021-07-20,63990.0,64540.0,63820.0,63830.0
2021-07-21,64830.0,65150.0,64180.0,64390.0
2021-07-26,66100.0,66590.0,65700.0,65790.0
2021-07-27,65780.0,66070.0,65350.0,65430.0
2021-07-28,65040.0,65290.0,64430.0,64920.0
2021-07-29,65260.0,65580.0,65040.0,65480.0
2021-07-30,65380.0,65900.0,64770.0,64800.0
2021-08-02,66100.0,66950.0,65660.0,66840.0
2021-08-03,66630.0,67150.0,66430.0,66800.0
2021-08-04,67800.0,67870.0,66410.0,66710.0
2021-08-05,66880.0,67480.0,66840.0,67480.0
2021-08-06,66930.0,67910.0,66870.0,67750.0
2021-08-10,68570.0,69540.0,68400.0,69400.0
2021-08-11,69860.0,70730.0,69580.0,70440.0
2021-08-12,73440.0,74240.0,72280.0,73070.0
2021-08-13,73070.0,73290.0,71160.0,71270.0
2021-08-16,71280.0,71440.0,69400.0,69520.0
2021-08-17,70200.0,70400.0,68700.0,68760.0
2021-08-18,67770.0,68150.0,67280.0,67940.0
2021-08-19,67300.0,67800.0,67000.0,67430.0
2021-08-20,66880.0,67890.0,66510.0,66770.0
2021-08-23,67690.0,68780.0,67600.0,68380.0
2021-08-24,69290.0,69600.0,68920.0,69400.0
2021-08-25,69480.0,70080.0,68690.0,68950.0
2021-08-26,69040.0,69510.0,68860.0,69430.0
2021-08-27,68840.0,69460.0,68660.0,68810.0
2021-08-30,69200.0,69980.0,69160.0,69980.0
2021-08-31,70060.0,70950.0,69720.0,70510.0
2021-09-01,70510.0,71980.0,70400.0,71290.0
2021-09-02,72280.0,72990.0,72040.0,72270.0
2021-09-03,73700.0,74320.0,73010.0,73680.0
2021-09-06,78180.0,78180.0,76050.0,76790.0
2021-09-07,77500.0,78110.0,76400.0,76640.0
2021-09-08,76440.0,77360.0,76110.0,77360.0
2021-09-09,76270.0,77500.0,75890.0,76130.0
2021-09-10,74630.0,76690.0,74630.0,76550.0
2021-09-13,76440.0,77190.0,76190.0,77180.0
2021-09-14,77650.0,78890.0,77510.0,78740.0
2021-09-15,78530.0,78940.0,78250.0,78800.0
2021-09-16,79150.0,79220.0,77850.0,78220.0
2021-09-17,78400.0,79510.0,78350.0,79340.0
2021-09-21,77750.0,77980.0,77140.0,77330.0
2021-09-22,77550.0,77620.0,76850.0,76860.0
2021-09-24,77900.0,78200.0,77230.0,77500.0
2021-09-27,76930.0,77250.0,75340.0,75500.0
2021-09-28,75030.0,75050.0,73210.0,73380.0
2021-09-29,71300.0,71710.0,70350.0,70630.0
2021-09-30,70520.0,70740.0,69780.0,70080.0
2021-10-01,68580.0,69600.0,67670.0,67970.0
2021-10-04,68970.0,69220.0,66090.0,66220.0
2021-10-05,65320.0,65330.0,63380.0,63760.0
2021-10-06,64760.0,65100.0,62220.0,62650.0
2021-10-07,63490.0,63750.0,62400.0,62610.0
2021-10-08,63780.0,63900.0,62800.0,62840.0
2021-10-11,62720.0,63850.0,61510.0,63400.0
2021-10-12,63900.0,64010.0,61790.0,62110.0
2021-10-13,61600.0,61930.0,61170.0,61560.0
2021-10-14,62440.0,62790.0,61910.0,62710.0
2021-10-15,64270.0,65700.0,63760.0,65530.0
2021-10-18,66130.0,66410.0,64810.0,65700.0
2021-10-19,66390.0,67420.0,66120.0,67400.0
2021-10-20,68240.0,68440.0,66160.0,66640.0
2021-10-21,66790.0,66860.0,65200.0,65990.0
2021-10-22,66200.0,68300.0,66170.0,67740.0
2021-10-25,66930.0,67880.0,66630.0,67880.0
2021-10-26,68880.0,69270.0,68390.0,68720.0
2021-10-27,68550.0,68670.0,67350.0,67900.0
2021-10-28,67700.0,68400.0,67600.0,68030.0
2021-10-29,67900.0,68260.0,67100.0,67940.0
2021-11-01,69700.0,70160.0,69060.0,70160.0
2021-11-02,70000.0,70400.0,69780.0,70100.0
2021-11-04,70980.0,72630.0,70760.0,72550.0
2021-11-05,73000.0,73190.0,72220.0,72730.0
2021-11-08,72500.0,72700.0,71350.0,71400.0
2021-11-09,72070.0,72280.0,71220.0,71250.0
2021-11-10,70290.0,72100.0,70160.0,70200.0
2021-11-11,70160.0,72090.0,70050.0,71560.0
2021-11-12,71890.0,72710.0,70460.0,70780.0
2021-11-15,72560.0,72960.0,71630.0,72030.0
2021-11-16,70590.0,71150.0,69050.0,70700.0
2021-11-17,72200.0,73430.0,71820.0,73360.0
2021-11-18,73290.0,75370.0,73290.0,74660.0
2021-11-19,77280.0,77840.0,76110.0,77120.0
2021-11-22,77060.0,77100.0,76120.0,76820.0
2021-11-24,76210.0,76770.0,75710.0,76110.0
2021-11-25,76490.0,77310.0,76130.0,76310.0
2021-11-26,76060.0,76380.0,74510.0,75090.0
2021-11-29,74910.0,75270.0,73500.0,73830.0
2021-11-30,74700.0,75570.0,72650.0,72650.0
2021-12-01,72530.0,73900.0,72150.0,73570.0
2021-12-02,73900.0,74810.0,73490.0,73840.0
2021-12-03,73390.0,74120.0,72550.0,74120.0
2021-12-06,74010.0,74480.0,73310.0,74000.0
2021-12-07,74770.0,76390.0,74450.0,76120.0
2021-12-08,77600.0,77600.0,76500.0,76960.0
2021-12-09,76300.0,76930.0,75980.0,76080.0
2021-12-10,75400.0,76770.0,75370.0,76120.0
2021-12-13,77150.0,77540.0,77040.0,77040.0
2021-12-14,76800.0,77030.0,76200.0,76210.0
2021-12-15,75550.0,76990.0,75550.0,76470.0
2021-12-16,77500.0,77700.0,76430.0,76870.0
2021-12-17,77370.0,77550.0,76350.0,76750.0
2021-12-20,75960.0,76660.0,75070.0,75120.0
2021-12-21,76450.0,77060.0,75740.0,76330.0
2021-12-22,76340.0,76670.0,75180.0,75500.0
2021-12-23,75640.0,76380.0,75470.0,76380.0
2021-12-24,76970.0,77470.0,76750.0,77170.0
2021-12-27,76860.0,77100.0,76390.0,76570.0
2021-12-28,77160.0,77730.0,77120.0,77660.0
2021-12-29,77490.0,77740.0,76850.0,77000.0
2021-12-30,77100.0,78340.0,76820.0,77590.0
2022-01-04,79030.0,79190.0,77780.0,79080.0
2022-01-05,78830.0,79250.0,78600.0,79010.0
2022-01-06,78000.0,78180.0,76670.0,76810.0
2022-01-07,76880.0,77090.0,74800.0,75580.0
2022-01-11,73330.0,73940.0,72370.0,72510.0
2022-01-12,73500.0,74920.0,73140.0,74870.0
2022-01-13,74570.0,74570.0,72200.0,72220.0
2022-01-14,70500.0,70500.0,68270.0,68330.0
2022-01-17,68680.0,68840.0,67100.0,67490.0
2022-01-18,67690.0,68650.0,66810.0,67480.0
2022-01-19,67570.0,68360.0,66200.0,66520.0
2022-01-20,66400.0,67760.0,65600.0,67600.0
2022-01-21,66400.0,66400.0,64400.0,65610.0
2022-01-24,65400.0,65720.0,64350.0,65480.0
2022-01-25,65630.0,66030.0,62760.0,63690.0
2022-01-26,63960.0,64150.0,62390.0,63370.0
2022-01-27,63730.0,63770.0,60400.0,61440.0
2022-01-28,63440.0,64210.0,61600.0,63720.0
2022-01-31,63030.0,64000.0,62010.0,63390.0
2022-02-01,65530.0,66170.0,63820.0,64100.0
2022-02-02,64800.0,66490.0,64350.0,66420.0
2022-02-03,65320.0,65460.0,63710.0,63910.0
2022-02-04,63580.0,64570.0,63060.0,64380.0
2022-02-07,64380.0,64420.0,63100.0,63910.0
2022-02-08,64910.0,65210.0,63260.0,63460.0
2022-02-09,63840.0,64820.0,63530.0,64210.0
2022-02-10,65650.0,65910.0,64990.0,65750.0
2022-02-14,63800.0,64670.0,62860.0,63190.0
2022-02-15,66340.0,67490.0,65060.0,65420.0
2022-02-16,67950.0,69700.0,67260.0,69290.0
2022-02-17,69140.0,69300.0,68130.0,68710.0
2022-02-18,68670.0,68750.0,66620.0,67630.0
2022-02-21,67510.0,67710.0,65560.0,67490.0
2022-02-22,65900.0,67180.0,65790.0,67010.0
2022-02-24,67080.0,67280.0,65450.0,65600.0
2022-02-25,66440.0,68450.0,66440.0,68120.0
2022-02-28,68050.0,68880.0,67200.0,68050.0
2022-03-01,69580.0,70300.0,69060.0,69530.0
2022-03-02,68060.0,68990.0,67960.0,68410.0
2022-03-03,69320.0,69700.0,68850.0,68980.0
2022-03-04,68730.0,68820.0,65850.0,66100.0
2022-03-07,63440.0,63610.0,60610.0,61670.0
2022-03-08,61030.0,63320.0,60940.0,62030.0
2022-03-09,62470.0,63090.0,61600.0,61830.0
2022-03-10,64500.0,65180.0,64010.0,64930.0
2022-03-11,63110.0,63740.0,61700.0,62660.0
2022-03-14,63250.0,64170.0,62720.0,62720.0
2022-03-15,62150.0,63280.0,61330.0,61490.0
2022-03-16,62290.0,63330.0,61820.0,62880.0
2022-03-17,65770.0,67850.0,65380.0,67230.0
2022-03-18,67160.0,67930.0,66620.0,67140.0
2022-03-22,68010.0,68610.0,66820.0,67390.0
2022-03-23,68600.0,70670.0,68520.0,70370.0
2022-03-24,69010.0,71100.0,68640.0,71010.0
2022-03-25,71860.0,71940.0,69610.0,69850.0
2022-03-28,69000.0,69700.0,68830.0,69340.0
2022-03-29,70530.0,70550.0,69750.0,70080.0
2022-03-30,70680.0,71120.0,69010.0,69210.0
2022-03-31,68690.0,69150.0,68210.0,68840.0
2022-04-01,68100.0,68640.0,67060.0,68490.0
2022-04-04,68620.0,69040.0,68000.0,69040.0
2022-04-05,70040.0,70580.0,68310.0,68860.0
2022-04-06,67800.0,68200.0,67010.0,67780.0
2022-04-07,66180.0,66990.0,65610.0,66750.0
2022-04-08,66250.0,67160.0,65800.0,67160.0
2022-04-11,66900.0,67190.0,66250.0,67140.0
2022-04-12,65800.0,66200.0,63980.0,64170.0
2022-04-13,64410.0,65050.0,64210.0,64940.0
2022-04-14,65800.0,66070.0,65290.0,65640.0
2022-04-15,64260.0,64820.0,63320.0,64580.0
2022-04-18,63900.0,64290.0,63100.0,63810.0
2022-04-19,64660.0,65180.0,64500.0,64880.0
2022-04-20,65420.0,66250.0,65000.0,65140.0
2022-04-21,64860.0,66370.0,64860.0,66310.0
2022-04-22,65310.0,66220.0,65240.0,65920.0
2022-04-25,63920.0,65050.0,63470.0,64280.0
2022-04-26,64600.0,64600.0,63220.0,63580.0
2022-04-27,62000.0,62730.0,61080.0,62550.0
2022-04-28,62100.0,63500.0,62000.0,63050.0
2022-05-02,65700.0,65900.0,62590.0,62890.0
2022-05-06,62320.0,63050.0,61430.0,62910.0
2022-05-09,61910.0,62530.0,61550.0,61620.0
2022-05-10,60780.0,61990.0,59830.0,61550.0
2022-05-11,60980.0,61860.0,60580.0,61150.0
2022-05-12,60470.0,61040.0,59550.0,60110.0
2022-05-13,60360.0,62100.0,60260.0,60840.0
2022-05-16,62840.0,65070.0,62670.0,63380.0
2022-05-17,62940.0,64110.0,62430.0,64040.0
2022-05-18,66040.0,66840.0,65520.0,65970.0
2022-05-19,64380.0,65800.0,64250.0,65790.0
2022-05-20,66100.0,66590.0,65290.0,65980.0
2022-05-23,66580.0,66820.0,66100.0,66660.0
2022-05-24,66820.0,67050.0,66230.0,66570.0
2022-05-25,66080.0,66570.0,65510.0,66250.0
2022-05-26,66270.0,66410.0,64870.0,64920.0
2022-05-27,66130.0,66230.0,64280.0,64350.0
2022-05-30,65750.0,66680.0,65290.0,66420.0
2022-05-31,66000.0,66610.0,65620.0,66610.0
2022-06-01,66560.0,68000.0,66190.0,67860.0
2022-06-02,67740.0,68550.0,66750.0,68160.0
2022-06-03,68480.0,69290.0,68260.0,68940.0
2022-06-06,68310.0,69440.0,68140.0,69180.0
2022-06-07,69210.0,70600.0,69190.0,69980.0
2022-06-08,70860.0,71970.0,70760.0,71290.0
2022-06-09,71250.0,72150.0,70730.0,71270.0
2022-06-10,70200.0,70380.0,69320.0,69600.0
2022-06-13,66900.0,67100.0,64610.0,64610.0
2022-06-14,63670.0,63810.0,62360.0,63380.0
2022-06-15,62840.0,63000.0,60730.0,60730.0
2022-06-16,62100.0,63170.0,61570.0,61640.0
2022-06-17,59890.0,61040.0,59430.0,60740.0
2022-06-20,61500.0,61510.0,58740.0,59220.0
2022-06-21,60220.0,60850.0,59450.0,60370.0
2022-06-22,61250.0,61460.0,58900.0,59010.0
2022-06-23,58740.0,60150.0,58570.0,59000.0
2022-06-24,58500.0,59890.0,58320.0,59830.0
2022-06-27,60900.0,62590.0,60860.0,62570.0
2022-06-28,62340.0,63610.0,62010.0,63600.0
2022-06-29,62100.0,63030.0,61010.0,61350.0
2022-06-30,61080.0,61320.0,60210.0,60470.0
2022-07-01,61080.0,61330.0,58850.0,59250.0
2022-07-04,59550.0,60480.0,59300.0,59910.0
2022-07-05,60480.0,60700.0,60000.0,60430.0
2022-07-06,60610.0,60830.0,59920.0,60400.0
2022-07-07,60140.0,60830.0,59330.0,60740.0
2022-07-08,61950.0,62880.0,61690.0,62240.0
2022-07-11,62590.0,63730.0,61640.0,62400.0
2022-07-12,61400.0,61450.0,57950.0,58550.0
2022-07-13,59000.0,59890.0,58310.0,58680.0
2022-07-14,58030.0,59760.0,57820.0,59740.0
2022-07-15,59700.0,60480.0,58860.0,60300.0
2022-07-19,60540.0,61710.0,60050.0,61630.0
2022-07-20,62760.0,64300.0,62620.0,64240.0
2022-07-21,64230.0,64770.0,63440.0,64370.0
2022-07-22,64570.0,65250.0,64470.0,64900.0
2022-07-25,63700.0,64240.0,63230.0,63410.0
2022-07-26,63380.0,64110.0,63110.0,63890.0
2022-07-27,63200.0,65130.0,63200.0,64900.0
2022-07-28,66200.0,66250.0,64580.0,65060.0
2022-07-29,65300.0,66000.0,64940.0,65410.0
2022-08-01,65410.0,67350.0,65410.0,67320.0
2022-08-02,66470.0,66850.0,65070.0,65100.0
2022-08-03,65290.0,66280.0,65180.0,66150.0
2022-08-04,66500.0,66650.0,64980.0,66530.0
2022-08-05,66570.0,67870.0,66420.0,67490.0
2022-08-08,66940.0,67150.0,65980.0,66950.0
2022-08-09,67360.0,67700.0,65870.0,66170.0
2022-08-10,65140.0,65690.0,64250.0,65690.0
2022-08-12,67890.0,68380.0,65980.0,68380.0
2022-08-15,68500.0,69400.0,68500.0,69400.0
2022-08-16,68450.0,68630.0,67860.0,68250.0
2022-08-17,67710.0,68640.0,66800.0,68560.0
2022-08-18,67620.0,67890.0,67160.0,67330.0
2022-08-19,68170.0,68300.0,67360.0,67450.0
2022-08-22,66520.0,67220.0,66340.0,67060.0
2022-08-23,66690.0,67190.0,66150.0,66790.0
2022-08-24,66850.0,68150.0,66620.0,67490.0
2022-08-25,66490.0,67170.0,66060.0,66780.0
2022-08-26,67350.0,67880.0,67330.0,67330.0
2022-08-29,64730.0,64820.0,64050.0,64620.0
2022-08-30,65710.0,66850.0,65700.0,66640.0
2022-08-31,65860.0,66620.0,65800.0,66600.0
2022-09-01,66300.0,66300.0,65170.0,65420.0
2022-09-02,65320.0,65430.0,64730.0,65230.0
2022-09-05,64900.0,66600.0,64900.0,66320.0
2022-09-06,66400.0,67210.0,64730.0,64890.0
2022-09-07,65040.0,65650.0,64240.0,65300.0
2022-09-08,65800.0,67270.0,65510.0,67260.0
2022-09-09,67980.0,68090.0,67150.0,67680.0
2022-09-12,68650.0,69340.0,68360.0,68590.0
2022-09-13,68680.0,69000.0,67720.0,69000.0
2022-09-14,66370.0,67950.0,66360.0,66540.0
2022-09-15,66200.0,66590.0,65420.0,65620.0
2022-09-16,64480.0,64620.0,63540.0,63800.0
2022-09-20,63920.0,64760.0,62980.0,63200.0
2022-09-21,62550.0,63480.0,62450.0,62740.0
2022-09-22,62000.0,62580.0,61770.0,62570.0
2022-09-26,61310.0,61640.0,60640.0,60640.0
2022-09-27,60890.0,61540.0,60330.0,60700.0
2022-09-28,60380.0,61210.0,59120.0,59960.0
2022-09-29,60510.0,60700.0,59180.0,59870.0
2022-09-30,59440.0,59700.0,57710.0,58220.0
2022-10-03,57830.0,60360.0,57740.0,59790.0
2022-10-04,61010.0,62670.0,60800.0,62230.0
2022-10-05,62910.0,63850.0,62510.0,63430.0
2022-10-06,62880.0,64330.0,62800.0,64220.0
2022-10-07,62870.0,64010.0,62550.0,63650.0
2022-10-11,60740.0,60850.0,59100.0,59380.0
2022-10-12,59500.0,60050.0,59020.0,59500.0
2022-10-13,59500.0,59510.0,58230.0,58230.0
2022-10-14,59950.0,60150.0,58940.0,59370.0
2022-10-17,58110.0,58320.0,57750.0,58190.0
2022-10-18,59180.0,59220.0,58000.0,58800.0
2022-10-19,58990.0,59980.0,58840.0,59330.0
2022-10-20,58730.0,58730.0,57720.0,58220.0
2022-10-21,58220.0,58220.0,57500.0,57580.0
2022-10-24,58570.0,60000.0,58280.0,58940.0
2022-10-25,59490.0,59490.0,58630.0,58840.0
2022-10-26,59230.0,59460.0,58250.0,58380.0
2022-10-27,58690.0,59600.0,58410.0,58930.0
2022-10-28,57490.0,58080.0,56710.0,57610.0
2022-10-31,58900.0,60120.0,58700.0,60120.0
2022-11-01,60350.0,61820.0,60180.0,61780.0
2022-11-02,60780.0,61030.0,60290.0,60560.0
2022-11-04,59300.0,59610.0,58660.0,59430.0
2022-11-07,60170.0,61380.0,59880.0,60990.0
2022-11-08,61510.0,62420.0,61260.0,62420.0
2022-11-09,62800.0,63440.0,62680.0,62920.0
2022-11-10,62100.0,62420.0,61910.0,62180.0
2022-11-11,65000.0,66800.0,64850.0,66660.0
2022-11-14,68500.0,68700.0,67190.0,67930.0
2022-11-15,65320.0,66060.0,64400.0,65190.0
2022-11-16,64820.0,65760.0,64440.0,65260.0
2022-11-17,64600.0,65030.0,63710.0,64070.0
2022-11-18,64080.0,64520.0,63620.0,63930.0
2022-11-21,64010.0,64340.0,63540.0,64240.0
2022-11-22,63850.0,65150.0,63710.0,64870.0
2022-11-24,65930.0,66170.0,65720.0,65850.0
2022-11-25,65180.0,65620.0,64910.0,65170.0
2022-11-28,64800.0,64840.0,64100.0,64260.0
2022-11-29,62700.0,63170.0,62180.0,63170.0
2022-11-30,62000.0,62350.0,61630.0,61760.0
2022-12-01,63290.0,63360.0,62510.0,63080.0
2022-12-02,62100.0,62440.0,61490.0,61950.0
2022-12-05,62000.0,63100.0,61800.0,63040.0
2022-12-06,62200.0,62860.0,62030.0,62710.0
2022-12-07,61900.0,62200.0,61310.0,61310.0
2022-12-08,61130.0,61900.0,60860.0,61710.0
2022-12-09,62000.0,63080.0,61930.0,62930.0
2022-12-12,62330.0,62930.0,62200.0,62610.0
2022-12-13,63130.0,63440.0,62510.0,62650.0
2022-12-14,62670.0,63310.0,62510.0,63080.0
2022-12-15,62100.0,62100.0,61560.0,61560.0
2022-12-16,60200.0,60560.0,59980.0,60290.0
2022-12-19,59900.0,60280.0,59610.0,59860.0
2022-12-20,60080.0,60290.0,57760.0,58320.0
2022-12-21,58310.0,58320.0,57400.0,57550.0
2022-12-22,58190.0,58610.0,57490.0,57540.0
2022-12-23,56800.0,56800.0,55980.0,56320.0
2022-12-26,55990.0,56830.0,55990.0,56820.0
2022-12-27,57520.0,57690.0,56170.0,56290.0
2022-12-28,56140.0,56340.0,55560.0,56340.0
2022-12-29,55730.0,55940.0,55400.0,55850.0
2022-12-30,56240.0,56620.0,55550.0,55580.0
2023-01-04,54870.0,55580.0,54370.0,55350.0
2023-01-05,55450.0,56380.0,55420.0,56260.0
2023-01-06,55260.0,56820.0,55210.0,56640.0
2023-01-10,58990.0,59800.0,58750.0,59750.0
2023-01-11,59510.0,60840.0,59090.0,60710.0
2023-01-12,60700.0,61240.0,60430.0,61200.0
2023-01-13,60900.0,61550.0,60470.0,60650.0
2023-01-16,60230.0,61010.0,60060.0,60610.0
2023-01-17,60550.0,61800.0,60170.0,61300.0
2023-01-18,61650.0,62980.0,61270.0,62080.0
2023-01-19,61230.0,61730.0,61080.0,61380.0
2023-01-20,61000.0,61320.0,60450.0,61300.0
2023-01-23,62670.0,62770.0,62220.0,62700.0
2023-01-24,63170.0,64740.0,62830.0,64500.0
2023-01-25,64310.0,65360.0,64220.0,65000.0
2023-01-26,65200.0,65390.0,64460.0,64780.0
2023-01-27,64770.0,65090.0,64650.0,64940.0
2023-01-30,65400.0,67090.0,65300.0,66970.0
2023-01-31,66280.0,66790.0,65140.0,65350.0
2023-02-01,65990.0,66260.0,65310.0,65820.0
2023-02-02,65810.0,66980.0,65780.0,66910.0
2023-02-03,66900.0,67930.0,66580.0,66960.0
2023-02-06,67600.0,67840.0,66900.0,67020.0
2023-02-07,67400.0,68180.0,67320.0,67810.0
2023-02-08,67540.0,67790.0,66850.0,67270.0
2023-02-09,66770.0,67390.0,66500.0,67230.0
2023-02-10,67330.0,69390.0,67090.0,68890.0
2023-02-13,68650.0,68770.0,67420.0,67730.0
2023-02-14,68990.0,69460.0,68550.0,69230.0
2023-02-15,70200.0,70280.0,67200.0,67360.0
2023-02-16,68360.0,68960.0,68170.0,68460.0
2023-02-17,67870.0,68230.0,67060.0,67100.0
2023-02-20,67000.0,67390.0,66780.0,66940.0
2023-02-21,66640.0,66710.0,65690.0,65760.0
2023-02-22,65300.0,65710.0,65200.0,65400.0
2023-02-24,66910.0,68190.0,66770.0,68100.0
2023-02-27,67810.0,68850.0,67710.0,68800.0
2023-02-28,69550.0,69720.0,68790.0,69100.0
2023-03-01,69100.0,71290.0,69030.0,70860.0
2023-03-02,71220.0,71290.0,69920.0,70100.0
2023-03-03,70330.0,71180.0,70140.0,70920.0
2023-03-06,72150.0,72900.0,71780.0,72730.0
2023-03-07,70990.0,71620.0,70380.0,71510.0
2023-03-08,70820.0,71980.0,70500.0,71830.0
2023-03-09,73330.0,73700.0,72210.0,72270.0
2023-03-10,70970.0,71980.0,70830.0,71110.0
2023-03-13,70150.0,70300.0,69240.0,69700.0
2023-03-14,69000.0,69000.0,68270.0,68500.0
2023-03-15,68860.0,68900.0,67940.0,68150.0
2023-03-16,66480.0,67310.0,66140.0,66810.0
2023-03-17,67510.0,68730.0,67310.0,68570.0
2023-03-20,68570.0,69470.0,67880.0,67880.0
2023-03-22,68610.0,69400.0,68370.0,69100.0
2023-03-23,68310.0,68920.0,67480.0,68530.0
2023-03-24,68530.0,68940.0,67900.0,68290.0
2023-03-27,68790.0,68860.0,67920.0,68510.0
2023-03-28,68540.0,69240.0,68220.0,68950.0
2023-03-29,69300.0,70150.0,68840.0,70070.0
2023-03-30,70380.0,70610.0,69380.0,69780.0
2023-03-31,70440.0,70700.0,69400.0,69830.0
2023-04-03,70130.0,70280.0,68950.0,69030.0
2023-04-04,69020.0,69480.0,68860.0,69160.0
2023-04-05,68700.0,68940.0,67950.0,68220.0
2023-04-06,66220.0,66230.0,65300.0,65920.0
2023-04-07,66200.0,67290.0,66200.0,67130.0
2023-04-10,67950.0,68040.0,66520.0,67440.0
2023-04-11,68440.0,68790.0,68010.0,68320.0
2023-04-12,68070.0,69400.0,68020.0,69300.0
2023-04-13,69650.0,69720.0,68890.0,69360.0
2023-04-14,69030.0,69610.0,68700.0,69110.0
2023-04-17,69230.0,69560.0,69140.0,69350.0
2023-04-18,69550.0,69600.0,69070.0,69100.0
2023-04-19,69180.0,69500.0,68430.0,68630.0
2023-04-20,68150.0,69050.0,67880.0,68570.0
2023-04-21,69050.0,69300.0,68550.0,68800.0
2023-04-24,68500.0,68870.0,68310.0,68540.0
2023-04-25,69330.0,69620.0,68640.0,68720.0
2023-04-26,68600.0,68600.0,66850.0,66920.0
2023-04-27,66800.0,67600.0,66520.0,67480.0
2023-04-28,68280.0,68350.0,66870.0,67750.0
2023-05-01,68750.0,69480.0,68430.0,69410.0
2023-05-02,69900.0,70030.0,69420.0,69920.0
2023-05-08,70920.0,70920.0,69150.0,69400.0
2023-05-09,69400.0,70070.0,69300.0,70040.0
2023-05-10,70140.0,70200.0,69070.0,69710.0
2023-05-11,70000.0,70320.0,69740.0,69800.0
2023-05-12,69810.0,70330.0,69260.0,70210.0
2023-05-15,70800.0,71620.0,70540.0,71450.0
2023-05-16,72000.0,72710.0,71250.0,72670.0
2023-05-17,72700.0,72800.0,70740.0,70780.0
2023-05-18,71850.0,73550.0,71420.0,73440.0
2023-05-19,75770.0,76170.0,74180.0,74940.0
2023-05-22,74590.0,75030.0,73950.0,74920.0
2023-05-23,74480.0,75320.0,73200.0,73780.0
2023-05-24,73180.0,73960.0,73000.0,73590.0
2023-05-25,73590.0,74480.0,73360.0,74180.0
2023-05-26,74580.0,75070.0,74110.0,74110.0
2023-05-29,75510.0,76170.0,74500.0,74550.0
2023-05-30,74320.0,75540.0,74150.0,75540.0
2023-05-31,75900.0,76060.0,74100.0,75080.0
2023-06-01,74770.0,75790.0,74330.0,75600.0
2023-06-02,76610.0,77040.0,76120.0,76860.0
2023-06-05,78650.0,81290.0,78480.0,81080.0
2023-06-06,80160.0,81870.0,80120.0,81680.0
2023-06-07,82060.0,82800.0,79100.0,79320.0
2023-06-08,78510.0,79400.0,77550.0,77950.0
2023-06-09,79040.0,79700.0,78350.0,78930.0
2023-06-12,79250.0,80910.0,78950.0,80860.0
2023-06-13,81360.0,83030.0,81350.0,81660.0
2023-06-14,82930.0,83430.0,80880.0,81680.0
2023-06-15,81700.0,82570.0,81380.0,81950.0
2023-06-16,82250.0,82640.0,81030.0,81950.0
2023-06-19,82260.0,82330.0,80810.0,81230.0
2023-06-20,80670.0,81460.0,80140.0,81460.0
2023-06-21,81450.0,83570.0,81150.0,83030.0
2023-06-22,81480.0,82440.0,80300.0,80370.0
2023-06-23,80900.0,81390.0,78870.0,79210.0
2023-06-26,78710.0,80420.0,78300.0,79210.0
2023-06-27,78170.0,78970.0,77820.0,78210.0
2023-06-28,79180.0,79850.0,78050.0,79750.0
2023-06-29,80480.0,81340.0,80220.0,80310.0
2023-06-30,80210.0,80300.0,79220.0,79480.0
2023-07-03,80650.0,81500.0,80460.0,81500.0
2023-07-04,81220.0,81220.0,80210.0,80270.0
2023-07-05,79610.0,80570.0,79090.0,80130.0
2023-07-06,79200.0,79270.0,78130.0,78300.0
2023-07-07,77460.0,78160.0,76850.0,76900.0
2023-07-10,77090.0,77120.0,75870.0,76110.0
2023-07-11,77300.0,77320.0,76100.0,76630.0
2023-07-12,76500.0,76550.0,75030.0,75030.0
2023-07-13,75430.0,76200.0,74910.0,75970.0
2023-07-14,75930.0,76460.0,75140.0,75850.0
2023-07-18,75760.0,76770.0,75620.0,76200.0
2023-07-19,76460.0,77140.0,76080.0,77140.0
2023-07-20,76150.0,76450.0,74730.0,74730.0
2023-07-21,73800.0,74820.0,73450.0,74120.0
2023-07-24,74740.0,75070.0,74200.0,74560.0
2023-07-25,74500.0,74970.0,74320.0,74610.0
2023-07-26,75450.0,76180.0,75080.0,75810.0
2023-07-27,75310.0,76020.0,74830.0,75840.0
2023-07-28,74470.0,75690.0,73720.0,75220.0
2023-07-31,75220.0,75230.0,73210.0,74150.0
2023-08-01,74690.0,74710.0,73610.0,74090.0
2023-08-02,73420.0,73500.0,72050.0,72050.0
2023-08-03,70110.0,70950.0,69600.0,70240.0
2023-08-04,69800.0,70640.0,69690.0,70530.0
2023-08-07,69900.0,70610.0,69060.0,70150.0
2023-08-08,70340.0,70580.0,69850.0,70380.0
2023-08-09,69610.0,69810.0,69020.0,69490.0
2023-08-10,70490.0,72120.0,69310.0,71050.0
2023-08-14,71640.0,72000.0,69690.0,69870.0
2023-08-15,70800.0,71590.0,70440.0,70440.0
2023-08-16,69200.0,69690.0,68510.0,68530.0
2023-08-17,68100.0,68350.0,67380.0,67890.0
2023-08-18,67000.0,67870.0,66710.0,67370.0
2023-08-21,67270.0,67270.0,66450.0,66490.0
2023-08-22,67230.0,67270.0,66370.0,66880.0
2023-08-23,66800.0,67650.0,66640.0,67590.0
2023-08-24,68770.0,68860.0,67950.0,68470.0
2023-08-25,67870.0,68190.0,66970.0,67090.0
2023-08-28,68090.0,69950.0,68090.0,69800.0
2023-08-29,70000.0,70380.0,69490.0,69730.0
2023-08-30,70700.0,71290.0,70200.0,70950.0
2023-08-31,70730.0,70920.0,70270.0,70600.0
2023-09-01,70940.0,72030.0,70470.0,71740.0
2023-09-04,71980.0,72300.0,71160.0,71760.0
2023-09-05,72080.0,72910.0,71820.0,72810.0
2023-09-06,72570.0,73050.0,72450.0,72760.0
2023-09-07,71760.0,72110.0,71010.0,71110.0
2023-09-08,70040.0,70900.0,69480.0,69600.0
2023-09-11,69590.0,69820.0,68350.0,68500.0
2023-09-12,69000.0,69800.0,68890.0,69720.0
2023-09-13,69410.0,69460.0,68700.0,68940.0
2023-09-14,69130.0,69830.0,68720.0,69650.0
2023-09-15,69840.0,70680.0,69180.0,70330.0
2023-09-19,69320.0,69800.0,68850.0,69550.0
2023-09-20,69300.0,70190.0,69030.0,69920.0
2023-09-21,69090.0,69190.0,67240.0,67700.0
2023-09-22,67050.0,68270.0,66950.0,67680.0
2023-09-25,68310.0,68720.0,67820.0,68390.0
2023-09-26,68440.0,68490.0,67130.0,67200.0
2023-09-27,66200.0,67020.0,66000.0,66800.0
2023-09-28,66730.0,67160.0,66090.0,66740.0
2023-09-29,67500.0,67550.0,66500.0,66980.0
2023-10-02,67500.0,69920.0,67390.0,68220.0
2023-10-03,68540.0,68720.0,66770.0,67010.0
2023-10-04,66020.0,67220.0,65700.0,66610.0
2023-10-05,67100.0,67900.0,66670.0,67810.0
2023-10-06,67480.0,67850.0,67200.0,67330.0
2023-10-10,68800.0,69710.0,68460.0,68800.0
2023-10-11,67800.0,68690.0,67350.0,68170.0
2023-10-12,70170.0,73050.0,69870.0,72900.0
2023-10-13,73490.0,74440.0,72880.0,73200.0
2023-10-16,71510.0,71680.0,70750.0,71000.0
2023-10-17,71700.0,72740.0,71370.0,71750.0
2023-10-18,71750.0,72660.0,71460.0,72580.0
2023-10-19,70960.0,72040.0,70790.0,71340.0
2023-10-20,70040.0,70680.0,69760.0,70110.0
2023-10-23,69360.0,69630.0,68790.0,68830.0
2023-10-24,68820.0,68940.0,67200.0,68660.0
2023-10-25,69960.0,70740.0,69600.0,70160.0
2023-10-26,69800.0,70100.0,68150.0,68400.0
2023-10-27,69100.0,69750.0,68440.0,69270.0
2023-10-30,67510.0,69470.0,67410.0,69110.0
2023-10-31,69850.0,70000.0,67570.0,68680.0
2023-11-01,70990.0,71970.0,70800.0,71640.0
2023-11-02,72880.0,73400.0,72180.0,73400.0
2023-11-06,75970.0,77300.0,75820.0,77300.0
2023-11-07,76600.0,77110.0,75740.0,75890.0
2023-11-08,76460.0,76770.0,75360.0,75400.0
2023-11-09,75500.0,76360.0,75290.0,76360.0
2023-11-10,75300.0,76410.0,75080.0,76380.0
2023-11-13,77200.0,77550.0,75930.0,76070.0
2023-11-14,76150.0,76820.0,75700.0,76210.0
2023-11-15,78000.0,78210.0,74940.0,75820.0
2023-11-16,75560.0,76260.0,74330.0,74540.0
2023-11-17,74540.0,74790.0,73450.0,74790.0
2023-11-20,74610.0,76040.0,74340.0,75570.0
2023-11-21,76210.0,77090.0,75770.0,76890.0
2023-11-22,75760.0,76940.0,75590.0,76940.0
2023-11-24,77300.0,77480.0,76570.0,76600.0
2023-11-27,76600.0,77140.0,75730.0,75820.0
2023-11-28,75700.0,75700.0,74120.0,74160.0
2023-11-29,73600.0,74800.0,73500.0,74220.0
2023-11-30,74290.0,74670.0,73710.0,74450.0
2023-12-01,74020.0,74380.0,73520.0,74010.0
2023-12-04,73770.0,73820.0,72420.0,72460.0
2023-12-05,72040.0,72230.0,70180.0,70510.0
2023-12-06,71250.0,73110.0,71020.0,72970.0
2023-12-07,73050.0,73380.0,72270.0,72340.0
2023-12-08,71050.0,71400.0,70070.0,70390.0
2023-12-11,71300.0,71850.0,70890.0,71400.0
2023-12-12,71470.0,71740.0,70810.0,70970.0
2023-12-13,71540.0,72160.0,71310.0,71770.0
2023-12-14,71480.0,71720.0,69920.0,70700.0
2023-12-15,71500.0,73110.0,71360.0,73040.0
2023-12-18,72620.0,72920.0,71890.0,72920.0
2023-12-19,72960.0,73780.0,72260.0,73750.0
2023-12-20,74510.0,77090.0,74480.0,76960.0
2023-12-21,75510.0,76110.0,75490.0,75830.0
2023-12-22,76000.0,76070.0,74570.0,74690.0
2023-12-25,74690.0,75070.0,74600.0,74880.0
2023-12-26,74450.0,74990.0,74220.0,74880.0
2023-12-27,75500.0,76250.0,75300.0,75690.0
2023-12-28,75060.0,76000.0,75050.0,75990.0
2023-12-29,75520.0,76080.0,75090.0,75760.0
2024-01-04,75850.0,75890.0,73910.0,75410.0
2024-01-05,76200.0,76280.0,74640.0,75000.0
2024-01-09,75950.0,78070.0,75900.0,76440.0
2024-01-10,76900.0,78470.0,76750.0,78470.0
2024-01-11,80400.0,82550.0,80370.0,82150.0
2024-01-12,84600.0,84960.0,83110.0,84350.0
2024-01-15,84350.0,84350.0,83530.0,83990.0
2024-01-16,84350.0,84600.0,83180.0,84000.0
2024-01-17,85490.0,85850.0,83690.0,83690.0
2024-01-18,82500.0,83490.0,81690.0,81690.0
2024-01-19,82050.0,83330.0,81510.0,82880.0
2024-01-22,83800.0,85390.0,83570.0,85390.0
2024-01-23,85830.0,86790.0,84620.0,84840.0
2024-01-24,84510.0,84550.0,83200.0,83200.0
2024-01-25,82700.0,83800.0,82700.0,83310.0
2024-01-26,82770.0,82980.0,81890.0,82120.0
2024-01-29,82380.0,83280.0,82050.0,82800.0
2024-01-30,83500.0,83890.0,82950.0,83100.0
2024-01-31,81820.0,82940.0,81820.0,82910.0
2024-02-01,82000.0,82380.0,81600.0,82280.0
2024-02-02,82420.0,83040.0,82100.0,82280.0
2024-02-05,83000.0,83430.0,81650.0,82390.0
2024-02-06,81000.0,81320.0,78620.0,79130.0
2024-02-07,79100.0,79330.0,78000.0,79080.0
2024-02-08,79570.0,80550.0,79390.0,80400.0
2024-02-09,80810.0,81470.0,80250.0,81290.0
2024-02-13,82500.0,83940.0,81780.0,83220.0
2024-02-14,77410.0,80990.0,76530.0,80750.0
2024-02-15,80500.0,82700.0,80230.0,82680.0
2024-02-16,83740.0,85130.0,83030.0,84210.0
2024-02-19,83710.0,84300.0,82860.0,82860.0
2024-02-20,82730.0,87180.0,82650.0,86860.0
2024-02-21,85820.0,86000.0,83760.0,84440.0
2024-02-22,85790.0,87390.0,85500.0,86460.0
2024-02-26,87080.0,88770.0,86650.0,88090.0
2024-02-27,89000.0,90950.0,88540.0,89930.0
2024-02-28,89930.0,90600.0,89210.0,89870.0
2024-02-29,89500.0,90380.0,88850.0,90150.0
2024-03-01,90550.0,91620.0,90300.0,91450.0
2024-03-04,92950.0,93220.0,90700.0,91000.0
2024-03-05,91000.0,92010.0,90440.0,91220.0
2024-03-06,90310.0,91540.0,89800.0,90980.0
2024-03-07,90980.0,91340.0,89370.0,89640.0
2024-03-08,89040.0,90190.0,88770.0,89360.0
2024-03-11,86360.0,87600.0,85320.0,86530.0
2024-03-12,85490.0,86400.0,84530.0,86130.0
2024-03-13,86550.0,86870.0,84540.0,85750.0
2024-03-14,85760.0,85760.0,83450.0,84090.0
2024-03-15,84480.0,85660.0,84320.0,85530.0
2024-03-18,86000.0,88890.0,85610.0,88790.0
2024-03-19,88780.0,89520.0,88180.0,89050.0
2024-03-21,90470.0,90700.0,87710.0,88520.0
2024-03-22,88100.0,88600.0,86710.0,87000.0
2024-03-25,85900.0,87080.0,85780.0,85990.0
2024-03-26,85620.0,86450.0,85100.0,86000.0
2024-03-27,85290.0,85800.0,84950.0,85180.0
2024-03-28,84610.0,85650.0,84340.0,84940.0
2024-03-29,85190.0,85340.0,84250.0,84980.0
2024-04-01,85700.0,87400.0,85600.0,86770.0
2024-04-02,86810.0,87340.0,86070.0,86420.0
2024-04-03,86000.0,86250.0,84670.0,85040.0
2024-04-04,86500.0,87190.0,85900.0,85900.0
2024-04-05,84500.0,84750.0,82890.0,83060.0
2024-04-08,84790.0,85770.0,84010.0,84790.0
2024-04-09,85160.0,87300.0,85000.0,87300.0
2024-04-10,86570.0,87420.0,86280.0,86410.0
2024-04-11,85550.0,86960.0,85510.0,86830.0
2024-04-12,87480.0,87930.0,85960.0,86230.0
2024-04-15,85130.0,85500.0,83830.0,84220.0
2024-04-16,82850.0,83470.0,82400.0,82850.0
2024-04-17,82860.0,83000.0,81130.0,81520.0
2024-04-18,81070.0,81920.0,80680.0,81330.0
2024-04-19,79920.0,80290.0,76680.0,76700.0
2024-04-22,76130.0,77800.0,75910.0,77800.0
2024-04-23,78490.0,78490.0,76910.0,77690.0
2024-04-24,78340.0,80100.0,78120.0,79670.0
2024-04-25,78610.0,79000.0,77900.0,78000.0
2024-04-26,78540.0,80930.0,78200.0,80730.0
2024-04-30,82500.0,84100.0,81840.0,83520.0
2024-05-01,83330.0,83520.0,82220.0,82910.0
2024-05-02,81950.0,82920.0,81480.0,82670.0
2024-05-07,84500.0,85390.0,83880.0,85190.0
2024-05-08,82720.0,84940.0,82160.0,84050.0
2024-05-09,84100.0,85130.0,83890.0,83980.0
2024-05-10,84260.0,85650.0,83950.0,84330.0
2024-05-13,83700.0,84630.0,83600.0,84350.0
2024-05-14,83500.0,84430.0,81830.0,82490.0
2024-05-15,80000.0,81990.0,78970.0,79590.0
2024-05-16,80300.0,81310.0,79920.0,81310.0
2024-05-17,81600.0,82740.0,81010.0,81860.0
2024-05-20,82000.0,83880.0,82000.0,83630.0
2024-05-21,84200.0,84550.0,82950.0,83040.0
2024-05-22,82400.0,83410.0,82200.0,82220.0
2024-05-23,82550.0,83470.0,82140.0,82890.0
2024-05-24,81400.0,82620.0,80900.0,81900.0
2024-05-27,81810.0,81980.0,80360.0,81500.0
2024-05-28,81000.0,81040.0,79820.0,80450.0
2024-05-29,79650.0,80100.0,78530.0,78970.0
2024-05-30,78090.0,78700.0,77500.0,77800.0
2024-05-31,77810.0,79220.0,77760.0,78810.0
2024-06-03,79490.0,80890.0,79460.0,80390.0
2024-06-04,79630.0,80280.0,78780.0,79970.0
2024-06-05,78150.0,78450.0,76370.0,77100.0
2024-06-06,78190.0,78290.0,76630.0,76680.0
2024-06-07,76450.0,77560.0,76430.0,77130.0
2024-06-10,77360.0,78060.0,76920.0,77990.0
2024-06-11,78320.0,78760.0,77750.0,78680.0
2024-06-12,77720.0,78560.0,77120.0,78290.0
2024-06-13,79150.0,79970.0,78800.0,79340.0
2024-06-14,79070.0,79770.0,78200.0,78790.0
2024-06-17,77290.0,77480.0,76380.0,76500.0
2024-06-18,77250.0,77750.0,76460.0,77180.0
2024-06-19,77800.0,78080.0,76920.0,77260.0
2024-06-20,76550.0,77090.0,76180.0,76690.0
2024-06-21,76640.0,76850.0,75590.0,75700.0
2024-06-24,75510.0,76450.0,75190.0,75820.0
2024-06-25,76400.0,76400.0,75260.0,76260.0
2024-06-26,76040.0,77300.0,75400.0,76870.0
2024-06-27,76510.0,76600.0,75260.0,75870.0
2024-06-28,76190.0,76870.0,75830.0,76340.0
2024-07-01,76930.0,77410.0,76550.0,77060.0
2024-07-02,77510.0,78150.0,76250.0,77900.0
2024-07-03,78710.0,79860.0,77810.0,79000.0
2024-07-04,80000.0,80480.0,78820.0,79570.0
2024-07-05,79950.0,80540.0,79750.0,80310.0
2024-07-08,80610.0,82900.0,80510.0,82030.0
2024-07-09,82460.0,82960.0,81480.0,82610.0
2024-07-10,82310.0,82740.0,80880.0,81800.0
2024-07-11,83000.0,83080.0,82230.0,82560.0
2024-07-12,81060.0,83870.0,80800.0,81320.0
2024-07-16,81830.0,82250.0,81310.0,81660.0
2024-07-17,82510.0,82710.0,80980.0,81420.0
2024-07-18,78790.0,79370.0,77800.0,77800.0
2024-07-19,77770.0,78580.0,76890.0,76990.0
2024-07-22,76380.0,76380.0,74590.0,75420.0
2024-07-23,76100.0,76210.0,74400.0,74400.0
2024-07-24,73630.0,74630.0,73310.0,73520.0
2024-07-25,71020.0,71790.0,70010.0,70010.0
2024-07-26,69760.0,71990.0,69400.0,71090.0
2024-07-29,72590.0,73200.0,72250.0,72800.0
2024-07-30,72620.0,73600.0,72390.0,73400.0
2024-07-31,72390.0,74510.0,72100.0,74150.0
2024-08-01,73800.0,74090.0,71390.0,72480.0
2024-08-02,69250.0,70000.0,67330.0,67500.0
2024-08-05,65000.0,66050.0,59110.0,61500.0
2024-08-06,65500.0,67690.0,64610.0,67110.0
2024-08-07,65000.0,69280.0,64910.0,67990.0
2024-08-08,65990.0,66940.0,64530.0,64860.0
2024-08-09,65020.0,66470.0,62110.0,64750.0
2024-08-13,65000.0,65710.0,63670.0,65710.0
2024-08-14,66000.0,66440.0,63810.0,65030.0
2024-08-15,64500.0,64940.0,64110.0,64400.0
2024-08-16,66180.0,68550.0,65660.0,68300.0
2024-08-19,67620.0,67970.0,65510.0,65660.0
2024-08-20,66660.0,67690.0,65710.0,67390.0
2024-08-21,66500.0,67970.0,66370.0,67940.0
2024-08-22,67290.0,67410.0,66000.0,66830.0
2024-08-23,67830.0,68520.0,66980.0,67790.0
2024-08-26,67550.0,67690.0,66110.0,66920.0
2024-08-27,67290.0,67470.0,66020.0,67160.0
2024-08-28,66320.0,66720.0,65520.0,66390.0
2024-08-29,65280.0,66980.0,65100.0,66640.0
2024-08-30,67170.0,67600.0,66700.0,67000.0
2024-09-02,67370.0,67700.0,65910.0,66020.0
2024-09-03,64600.0,65360.0,63580.0,64660.0
2024-09-04,61660.0,62200.0,61230.0,61600.0
2024-09-05,59600.0,62210.0,59470.0,62060.0
2024-09-06,61060.0,61420.0,59150.0,60000.0
2024-09-09,58230.0,60180.0,57800.0,60000.0
2024-09-10,59950.0,60000.0,58750.0,58760.0
2024-09-11,57760.0,58740.0,57630.0,57820.0
2024-09-12,59290.0,60540.0,59100.0,60140.0
2024-09-13,60470.0,61220.0,59310.0,59380.0
2024-09-17,59040.0,59260.0,57800.0,58630.0
2024-09-18,58980.0,59190.0,58000.0,58760.0
2024-09-19,60190.0,60500.0,59230.0,59650.0
2024-09-20,61300.0,61660.0,60470.0,60480.0
2024-09-24,61530.0,62060.0,60750.0,61040.0
2024-09-25,60780.0,63870.0,60400.0,63070.0
2024-09-26,63580.0,64930.0,62800.0,64600.0
2024-09-27,65500.0,67570.0,65210.0,67290.0
2024-09-30,64290.0,65090.0,63340.0,63650.0
2024-10-01,64170.0,64700.0,64030.0,64610.0
2024-10-02,63350.0,64300.0,63210.0,63730.0
2024-10-03,65500.0,66200.0,64350.0,64540.0
2024-10-04,64710.0,66790.0,64640.0,66210.0
2024-10-07,68210.0,68340.0,66810.0,66810.0
2024-10-08,65810.0,66050.0,64470.0,64770.0
2024-10-09,65530.0,66050.0,64800.0,65740.0
2024-10-10,66830.0,67130.0,65710.0,66150.0
2024-10-11,66500.0,67060.0,64810.0,65130.0
2024-10-15,65580.0,65840.0,64550.0,64860.0
2024-10-16,62860.0,63250.0,62230.0,62920.0
2024-10-17,63920.0,63920.0,62300.0,62330.0
2024-10-18,63190.0,63800.0,62830.0,63330.0
2024-10-21,64140.0,64400.0,63550.0,64250.0
2024-10-22,64750.0,65000.0,62500.0,63010.0
2024-10-23,63000.0,63700.0,62380.0,62380.0
2024-10-24,61700.0,62520.0,61600.0,62280.0
2024-10-25,62000.0,62980.0,62000.0,62980.0
2024-10-28,62920.0,64400.0,62920.0,63830.0
2024-10-29,64830.0,65060.0,63700.0,64670.0
2024-10-30,66000.0,67390.0,66000.0,66680.0
2024-10-31,65710.0,66500.0,65440.0,66200.0
2024-11-01,64490.0,65800.0,64420.0,64760.0
2024-11-05,65760.0,67400.0,65580.0,67380.0
2024-11-06,67590.0,69230.0,67390.0,68720.0
2024-11-07,69490.0,69490.0,67600.0,67870.0
2024-11-08,68480.0,68790.0,67420.0,67420.0
2024-11-11,67420.0,67750.0,66310.0,66830.0
2024-11-12,67600.0,68310.0,67020.0,67390.0
2024-11-13,67250.0,67500.0,66450.0,67240.0
2024-11-14,68220.0,69050.0,64820.0,66000.0
2024-11-15,65310.0,67940.0,65100.0,66780.0
2024-11-18,65510.0,67270.0,65400.0,67080.0
2024-11-19,66990.0,68100.0,66450.0,66460.0
2024-11-20,66580.0,67130.0,65840.0,66500.0
2024-11-21,66510.0,67050.0,66220.0,66810.0
2024-11-22,67000.0,67180.0,65850.0,66580.0
2024-11-25,67410.0,68720.0,67010.0,67390.0
2024-11-26,68000.0,68220.0,66350.0,67070.0
2024-11-27,66070.0,66220.0,64040.0,65030.0
2024-11-28,65790.0,66000.0,64680.0,65300.0
2024-11-29,64660.0,65030.0,63540.0,63540.0
2024-12-02,63500.0,64880.0,63410.0,64590.0
2024-12-03,65190.0,66450.0,64620.0,65400.0
2024-12-04,64470.0,65070.0,63580.0,64390.0
2024-12-05,64640.0,64800.0,62920.0,63240.0
2024-12-06,63100.0,65210.0,63010.0,65190.0
2024-12-09,64590.0,65530.0,63280.0,63290.0
2024-12-10,64330.0,65970.0,62950.0,63180.0
2024-12-11,62580.0,63290.0,62360.0,63000.0
2024-12-12,63550.0,63630.0,62450.0,62700.0
2024-12-13,61700.0,62460.0,61320.0,61680.0
2024-12-16,62000.0,62870.0,61800.0,62820.0
2024-12-17,62510.0,63020.0,62120.0,62700.0
2024-12-18,62080.0,62960.0,62080.0,62340.0
2024-12-19,61340.0,62060.0,61100.0,61710.0
2024-12-20,62190.0,62410.0,61270.0,61290.0
2024-12-23,61320.0,62650.0,61170.0,62180.0
2024-12-24,62000.0,62470.0,61820.0,62110.0
2024-12-25,62100.0,62430.0,61720.0,62310.0
2024-12-26,62150.0,62410.0,61950.0,62330.0
2024-12-27,62200.0,62940.0,62110.0,62800.0
2024-12-30,62200.0,62710.0,61710.0,62180.0
2025-01-06,62140.0,62140.0,60320.0,61190.0
2025-01-07,62000.0,62370.0,61340.0,62020.0
2025-01-08,60520.0,61860.0,60170.0,60530.0
2025-01-09,60200.0,60420.0,59220.0,59450.0
2025-01-10,59300.0,61080.0,59260.0,59870.0
2025-01-14,59450.0,59970.0,58230.0,58460.0
2025-01-15,58000.0,58300.0,56460.0,56870.0
2025-01-16,57580.0,58240.0,57420.0,57880.0
2025-01-17,57340.0,57810.0,56850.0,57710.0
2025-01-20,58510.0,59420.0,58090.0,59420.0
2025-01-21,59660.0,59660.0,58700.0,59160.0
2025-01-22,59240.0,59500.0,58340.0,59230.0
2025-01-23,59230.0,59390.0,58690.0,59110.0
2025-01-24,59580.0,60300.0,59260.0,59520.0
2025-01-27,60000.0,60950.0,59720.0,60500.0
2025-01-28,60500.0,62230.0,60410.0,61150.0
2025-01-29,61400.0,61570.0,59620.0,59930.0
2025-01-30,59800.0,59900.0,58840.0,59220.0
2025-01-31,58820.0,59170.0,58380.0,58880.0
2025-02-03,57300.0,57450.0,56460.0,56610.0
2025-02-04,57560.0,57670.0,56370.0,56570.0
2025-02-05,56820.0,56880.0,55950.0,56370.0
2025-02-06,56490.0,56810.0,56150.0,56730.0
2025-02-07,56850.0,57200.0,56650.0,56650.0
2025-02-10,56410.0,56920.0,55450.0,56800.0
2025-02-12,57360.0,57400.0,56160.0,56970.0
2025-02-13,57730.0,57970.0,56960.0,56960.0
2025-02-14,55960.0,56590.0,53980.0,54280.0
2025-02-17,53350.0,54990.0,53100.0,53240.0
2025-02-18,53430.0,55100.0,53430.0,54460.0
2025-02-19,54450.0,55160.0,54100.0,55070.0
2025-02-20,54610.0,54740.0,53980.0,54730.0
2025-02-21,55360.0,56170.0,54850.0,56170.0
2025-02-25,55570.0,57040.0,55470.0,56360.0
2025-02-26,56460.0,56760.0,55080.0,55510.0
2025-02-27,55840.0,56200.0,55320.0,55840.0
2025-02-28,54840.0,55170.0,53210.0,54000.0
2025-03-03,54920.0,55130.0,54220.0,54750.0
2025-03-04,54910.0,55580.0,54530.0,55110.0
2025-03-05,55400.0,55470.0,54650.0,55320.0
2025-03-06,55080.0,55720.0,54840.0,55070.0
2025-03-07,54940.0,55440.0,54320.0,55000.0
2025-03-10,55770.0,58760.0,55760.0,58750.0
2025-03-11,59070.0,59740.0,57670.0,58000.0
2025-03-12,58660.0,58660.0,57080.0,57480.0
2025-03-13,58000.0,58470.0,56420.0,56600.0
2025-03-14,56130.0,56770.0,55930.0,56260.0
2025-03-17,56760.0,57200.0,56620.0,56640.0
2025-03-18,57640.0,58260.0,57000.0,57000.0
2025-03-19,56990.0,57560.0,56500.0,56500.0
2025-03-21,55770.0,56600.0,55600.0,56060.0
2025-03-24,56120.0,56530.0,54850.0,55200.0
2025-03-25,56010.0,57310.0,55940.0,57150.0
2025-03-26,57760.0,58200.0,57450.0,57710.0
2025-03-27,57700.0,58450.0,56930.0,58450.0
2025-03-28,57940.0,57970.0,55980.0,56230.0
2025-03-31,54020.0,54410.0,53070.0,53070.0
2025-04-01,53210.0,53480.0,52710.0,52730.0
2025-04-02,53600.0,54370.0,53050.0,53290.0
2025-04-03,50700.0,51490.0,50340.0,50790.0
2025-04-04,50000.0,51110.0,48690.0,49330.0
2025-04-07,44410.0,46830.0,44110.0,45570.0
2025-04-08,46880.0,48420.0,46380.0,46790.0
2025-04-09,45390.0,45530.0,43920.0,44880.0
2025-04-10,49020.0,49080.0,47480.0,48330.0
2025-04-11,46230.0,46230.0,44890.0,45640.0
2025-04-14,47040.0,47160.0,45210.0,45360.0
2025-04-15,44890.0,45550.0,44560.0,45000.0
2025-04-16,44610.0,45110.0,44360.0,44850.0
2025-04-17,44660.0,44880.0,44080.0,44600.0
2025-04-18,44200.0,44340.0,43320.0,43400.0
2025-04-21,43000.0,43000.0,41700.0,42360.0
2025-04-22,42480.0,43050.0,41980.0,42310.0
2025-04-23,43010.0,43200.0,42060.0,42750.0
2025-04-24,43450.0,44790.0,43350.0,44530.0
2025-04-25,45930.0,47000.0,45750.0,46880.0
2025-04-28,47280.0,47650.0,46130.0,46130.0
2025-04-30,46130.0,46620.0,45550.0,46470.0
2025-05-01,46690.0,47340.0,46280.0,47160.0
2025-05-02,47180.0,47430.0,46800.0,47000.0
2025-05-07,46980.0,47050.0,45830.0,45880.0
2025-05-08,45840.0,46400.0,45510.0,46100.0
2025-05-09,47110.0,47630.0,46630.0,47400.0
2025-05-12,47860.0,48610.0,47490.0,48530.0
2025-05-13,50850.0,51730.0,50350.0,50370.0
2025-05-14,50180.0,54880.0,49140.0,53110.0
2025-05-15,56300.0,57450.0,52720.0,53360.0
2025-05-16,52790.0,53860.0,52350.0,53250.0
2025-05-19,53120.0,53450.0,51960.0,52310.0
2025-05-20,55310.0,56350.0,55110.0,55290.0
2025-05-21,55800.0,56280.0,54560.0,54810.0
2025-05-22,53810.0,54990.0,53780.0,54380.0
2025-05-23,53900.0,54320.0,53210.0,53220.0
2025-05-26,53200.0,53710.0,53000.0,53210.0
2025-05-27,53250.0,54280.0,53050.0,54230.0
2025-05-28,54910.0,55440.0,54260.0,54400.0
2025-05-29,54390.0,55310.0,54080.0,55240.0
2025-05-30,54360.0,55210.0,53800.0,54150.0
2025-06-02,53660.0,53790.0,52000.0,52330.0
2025-06-03,53600.0,54970.0,53590.0,54450.0
2025-06-04,55260.0,55260.0,53780.0,53780.0
2025-06-05,53500.0,54250.0,53490.0,53800.0
2025-06-06,53890.0,54090.0,52560.0,52560.0
2025-06-09,53550.0,53830.0,52330.0,52500.0
2025-06-10,53220.0,54630.0,53220.0,53670.0
2025-06-11,53670.0,54780.0,53600.0,54150.0
2025-06-12,53520.0,53980.0,52790.0,53190.0
2025-06-13,53330.0,53670.0,52010.0,52550.0
2025-06-16,52180.0,52750.0,51430.0,52070.0
2025-06-17,52410.0,52690.0,52010.0,52240.0
2025-06-18,51580.0,52580.0,51530.0,52530.0
2025-06-19,52370.0,52440.0,50510.0,50510.0
2025-06-20,50520.0,50650.0,50140.0,50250.0
2025-06-23,49840.0,50530.0,49450.0,50530.0
2025-06-24,51250.0,51750.0,50330.0,50480.0
2025-06-25,50600.0,50600.0,50030.0,50460.0
2025-06-26,50320.0,52180.0,50310.0,51150.0
2025-06-27,51160.0,51790.0,50810.0,51150.0
2025-06-30,52500.0,52500.0,51450.0,52040.0
2025-07-01,52180.0,52370.0,51090.0,51480.0
2025-07-02,51170.0,51250.0,50510.0,50700.0
2025-07-03,50250.0,51590.0,50190.0,51430.0
2025-07-04,52300.0,52530.0,51400.0,52160.0
2025-07-07,50160.0,50530.0,48250.0,48510.0
2025-07-08,48790.0,49950.0,48710.0,49420.0
2025-07-09,49800.0,50660.0,49710.0,50520.0
2025-07-10,50200.0,50410.0,49560.0,49560.0
2025-07-11,49850.0,50160.0,49530.0,49990.0
2025-07-14,49510.0,49530.0,48870.0,49190.0
2025-07-15,49400.0,49870.0,48950.0,49870.0
2025-07-16,50570.0,50900.0,49760.0,49890.0
2025-07-17,49800.0,50550.0,49600.0,50440.0
2025-07-18,50450.0,50660.0,49570.0,49950.0
2025-07-22,50000.0,50570.0,49840.0,50260.0
2025-07-23,51820.0,54920.0,51780.0,54890.0
2025-07-24,55000.0,56660.0,54680.0,55990.0
2025-07-25,54990.0,55040.0,53620.0,53860.0
2025-07-28,54480.0,54970.0,54230.0,54740.0
2025-07-29,54350.0,54530.0,53520.0,53750.0
2025-07-30,53680.0,53730.0,52860.0,52900.0
2025-07-31,52500.0,53050.0,52450.0,52700.0
2025-08-01,52500.0,53280.0,51680.0,52300.0
2025-08-04,51530.0,52090.0,51030.0,51770.0
2025-08-05,51780.0,52180.0,51280.0,51610.0
2025-08-06,51610.0,52050.0,51450.0,51520.0
2025-08-07,51110.0,52230.0,51070.0,51710.0
2025-08-08,52680.0,53680.0,47900.0,50000.0
2025-08-12,49740.0,50300.0,48880.0,49870.0
2025-08-13,49860.0,50940.0,49680.0,50080.0
2025-08-14,49910.0,50120.0,47860.0,47860.0
2025-08-15,48550.0,49370.0,47960.0,48130.0
2025-08-18,47800.0,48020.0,46640.0,46640.0
2025-08-19,46500.0,46730.0,46320.0,46600.0
2025-08-20,46590.0,46890.0,45470.0,45500.0
2025-08-21,45280.0,45500.0,44960.0,44990.0
2025-08-22,44270.0,45220.0,44120.0,44950.0
2025-08-25,45070.0,45980.0,45050.0,45860.0
2025-08-26,45450.0,45580.0,44950.0,45000.0
2025-08-27,45000.0,45370.0,44840.0,45370.0
2025-08-28,45640.0,46250.0,45040.0,45360.0
2025-08-29,45540.0,46330.0,45460.0,45600.0
2025-09-01,44700.0,45010.0,44140.0,44700.0
2025-09-02,44800.0,45100.0,44540.0,44970.0
2025-09-03,44270.0,45190.0,44250.0,44480.0
2025-09-04,44200.0,44600.0,44040.0,44170.0
2025-09-05,44330.0,45020.0,44330.0,44780.0
2025-09-08,45120.0,45270.0,44200.0,44230.0
2025-09-09,44300.0,44600.0,43880.0,44120.0
2025-09-10,43760.0,43910.0,43150.0,43910.0
2025-09-11,44000.0,44730.0,43890.0,44650.0
2025-09-12,45100.0,45380.0,44610.0,44950.0
2025-09-16,44720.0,45550.0,44520.0,45180.0
2025-09-17,44400.0,45520.0,44400.0,45380.0
2025-09-18,45580.0,46700.0,45500.0,46200.0
2025-09-19,46120.0,46170.0,44250.0,44410.0
2025-09-22,43800.0,44680.0,43720.0,44500.0
2025-09-24,43120.0,43960.0,43060.0,43500.0
2025-09-25,44010.0,44500.0,43580.0,44240.0
2025-09-26,43710.0,45100.0,43570.0,45000.0
2025-09-29,44510.0,45290.0,44120.0,44180.0
2025-09-30,45580.0,46060.0,45080.0,45430.0
2025-10-01,45520.0,46150.0,45010.0,45410.0
2025-10-02,46810.0,46950.0,46200.0,46590.0
2025-10-03,47090.0,48900.0,47010.0,48320.0
2025-10-06,50900.0,51660.0,50580.0,51440.0
2025-10-07,52150.0,52920.0,51660.0,51830.0
2025-10-08,51350.0,51500.0,50070.0,50600.0
2025-10-09,51720.0,52590.0,51270.0,52590.0
2025-10-10,52590.0,53550.0,52030.0,52280.0
2025-10-14,51280.0,52680.0,50910.0,51020.0
2025-10-15,51520.0,52350.0,51250.0,51870.0
2025-10-16,51800.0,52150.0,51010.0,51200.0
2025-10-17,51210.0,51690.0,49850.0,50180.0
2025-10-20,52130.0,52190.0,51410.0,52190.0
2025-10-21,52280.0,52800.0,51710.0,51710.0
2025-10-22,51210.0,51840.0,51030.0,51550.0
2025-10-23,50810.0,50850.0,50280.0,50720.0
2025-10-24,51010.0,52500.0,51010.0,51760.0
2025-10-27,53200.0,53260.0,51740.0,52270.0
2025-10-28,51700.0,52000.0,51490.0,52000.0
2025-10-29,51900.0,52460.0,51410.0,52340.0
2025-10-30,52280.0,52750.0,51800.0,52340.0
2025-10-31,51730.0,52570.0,51050.0,52570.0
2025-11-04,55040.0,56400.0,54580.0,55900.0
2025-11-05,54820.0,54900.0,53310.0,53350.0
2025-11-06,54230.0,54490.0,53600.0,54000.0
2025-11-07,53980.0,54800.0,53250.0,53390.0
2025-11-10,54350.0,54750.0,53840.0,54090.0
2025-11-11,54200.0,54320.0,52360.0,52360.0
2025-11-12,53110.0,53890.0,53020.0,53780.0
2025-11-13,53570.0,58470.0,50640.0,56610.0
2025-11-14,57610.0,58260.0,55780.0,57000.0
2025-11-17,56600.0,57150.0,54720.0,55030.0
2025-11-18,54730.0,54760.0,53030.0,53030.0
2025-11-19,53420.0,53660.0,51840.0,51840.0
2025-11-20,52840.0,53540.0,51820.0,51900.0
2025-11-21,50870.0,52300.0,50560.0,52140.0
2025-11-25,54100.0,54200.0,52870.0,53720.0
2025-11-26,53500.0,54860.0,53360.0,54860.0
2025-11-27,54860.0,54870.0,53520.0,53730.0
2025-11-28,53820.0,54880.0,53820.0,54880.0
2025-12-01,55500.0,56360.0,55190.0,55590.0
2025-12-02,55170.0,56020.0,55000.0,55920.0
2025-12-03,55920.0,56820.0,55320.0,55400.0
2025-12-04,55790.0,57950.0,55700.0,57950.0
2025-12-05,56950.0,57280.0,56040.0,56170.0
2025-12-08,56330.0,57390.0,56100.0,56800.0
2025-12-09,56400.0,57160.0,56180.0,56750.0
2025-12-10,56900.0,59140.0,56660.0,57990.0
2025-12-11,58310.0,58310.0,56330.0,56670.0
2025-12-12,56600.0,57120.0,56210.0,56890.0
2025-12-15,56000.0,56380.0,54450.0,54590.0
2025-12-16,54750.0,54750.0,53360.0,53360.0
2025-12-17,53100.0,53920.0,52970.0,53920.0
2025-12-18,53060.0,54230.0,53000.0,53980.0
2025-12-19,54090.0,54090.0,53090.0,53150.0
2025-12-22,54130.0,54420.0,53630.0,54040.0
2025-12-23,54030.0,54100.0,53350.0,53800.0
2025-12-24,53980.0,54250.0,53460.0,53580.0
2025-12-25,54140.0,54140.0,53380.0,54000.0
2025-12-26,54000.0,54140.0,53410.0,53650.0
2025-12-29,54140.0,54270.0,53700.0,54270.0
2025-12-30,54120.0,54740.0,54110.0,54460.0
2026-01-05,56090.0,57670.0,55740.0,57480.0
2026-01-06,57990.0,58610.0,56910.0,57590.0
2026-01-07,56910.0,58060.0,56870.0,57820.0
2026-01-08,57010.0,57430.0,56320.0,56760.0
2026-01-09,57400.0,59550.0,57400.0,58620.0
2026-01-13,61990.0,62000.0,60520.0,61610.0
2026-01-14,62000.0,64200.0,61580.0,64060.0
2026-01-15,63750.0,64480.0,62850.0,64320.0
2026-01-16,65560.0,66750.0,65320.0,66380.0
2026-01-19,65710.0,65820.0,64450.0,65200.0
2026-01-20,65000.0,65720.0,64140.0,64800.0
2026-01-21,63000.0,64500.0,63000.0,63500.0
2026-01-22,63700.0,63800.0,61900.0,61900.0
2026-01-23,63080.0,63730.0,62460.0,63080.0
2026-01-26,62430.0,63050.0,61660.0,62140.0
2026-01-27,62660.0,63840.0,62000.0,62910.0
2026-01-28,62510.0,63160.0,61760.0,63080.0
2026-01-29,63450.0,64010.0,60000.0,60130.0
2026-01-30,59820.0,60770.0,58940.0,60150.0
2026-02-02,61120.0,61340.0,59730.0,59900.0
2026-02-03,61590.0,64250.0,61050.0,64010.0
2026-02-04,64400.0,65750.0,63570.0,64350.0
2026-02-05,64480.0,65150.0,63530.0,64020.0
2026-02-06,63020.0,64720.0,62820.0,64720.0
2026-02-09,67540.0,67590.0,66120.0,66610.0
2026-02-10,67980.0,68870.0,67310.0,68620.0
2026-02-12,67210.0,71740.0,66350.0,71740.0
2026-02-13,70240.0,75780.0,70240.0,70840.0
2026-02-16,73400.0,74750.0,71820.0,74500.0
2026-02-17,73600.0,73800.0,72120.0,72700.0
2026-02-18,72700.0,73020.0,71270.0,71270.0
2026-02-19,71500.0,73460.0,71350.0,73180.0
2026-02-20,72050.0,72880.0,71420.0,72880.0
2026-02-24,76440.0,77610.0,75140.0,76000.0
2026-02-25,76200.0,77170.0,75870.0,75960.0
2026-02-26,77210.0,77260.0,73530.0,73540.0
2026-02-27,75000.0,75750.0,73830.0,75420.0
2026-03-02,73500.0,75150.0,72920.0,74880.0
2026-03-03,74120.0,74900.0,71490.0,71620.0
2026-03-04,69030.0,70490.0,66410.0,67410.0
2026-03-05,68980.0,69880.0,67620.0,68920.0
2026-03-06,68440.0,70260.0,68190.0,69950.0
2026-03-09,64950.0,65560.0,62840.0,64470.0
2026-03-10,66470.0,67790.0,66080.0,67520.0
2026-03-11,69230.0,69410.0,68190.0,68370.0
2026-03-12,67510.0,68750.0,67510.0,68370.0
2026-03-13,65980.0,67320.0,65660.0,66200.0
2026-03-16,65200.0,65860.0,64360.0,65760.0
2026-03-17,66760.0,67210.0,65480.0,66030.0
2026-03-18,66900.0,68040.0,66540.0,68040.0
2026-03-19,66080.0,66500.0,64790.0,64870.0
2026-03-23,61180.0,61710.0,60070.0,60330.0
2026-03-24,62330.0,63210.0,62050.0,62890.0
2026-03-25,64800.0,65290.0,64300.0,65230.0
2026-03-26,66000.0,66460.0,64160.0,64730.0
2026-03-27,62850.0,63290.0,61610.0,62720.0
2026-03-30,59220.0,61050.0,59030.0,61050.0
2026-03-31,59610.0,61150.0,59350.0,59870.0
2026-04-01,62870.0,63860.0,62050.0,63720.0
2026-04-02,64500.0,64940.0,61030.0,61030.0
2026-04-03,62030.0,62900.0,61640.0,61990.0
2026-04-06,62470.0,63420.0,62120.0,62120.0
2026-04-07,62930.0,63080.0,61180.0,62130.0
2026-04-08,66130.0,66810.0,65220.0,66810.0
2026-04-09,67470.0,68510.0,67110.0,68370.0
2026-04-10,68330.0,70500.0,68100.0,70500.0
2026-04-13,70020.0,72200.0,69600.0,71780.0
2026-04-14,73150.0,73150.0,70840.0,71290.0
2026-04-15,72520.0,72520.0,70950.0,71960.0
2026-04-16,71820.0,72990.0,71400.0,71940.0
2026-04-17,71940.0,71940.0,69890.0,70100.0
2026-04-20,70850.0,71770.0,70510.0,71470.0
2026-04-21,71580.0,72180.0,71300.0,71630.0
2026-04-22,71000.0,71700.0,70330.0,70740.0
2026-04-23,71620.0,72240.0,69400.0,69530.0
2026-04-24,70890.0,70920.0,68850.0,70470.0
2026-04-27,72440.0,78160.0,72100.0,75480.0
2026-04-28,76980.0,78530.0,75660.0,77000.0
2026-04-30,76950.0,78670.0,75220.0,76080.0
2026-05-01,77580.0,77580.0,74920.0,75230.0
2026-05-07,78230.0,79790.0,77440.0,78840.0
2026-05-08,79580.0,82860.0,79340.0,82860.0
2026-05-11,84360.0,84580.0,80830.0,82320.0
2026-05-12,84340.0,85140.0,82710.0,84560.0
2026-05-13,82580.0,84880.0,82120.0,84250.0
2026-05-14,84730.0,86800.0,79470.0,79470.0
2026-05-15,72760.0,74660.0,67550.0,67880.0
2026-05-18,67000.0,68000.0,65250.0,66780.0
2026-05-19,67070.0,68310.0,66660.0,67120.0
2026-05-20,65120.0,65620.0,63160.0,64820.0
2026-05-21,66140.0,66140.0,64090.0,64770.0
2026-05-22,65620.0,66590.0,64390.0,66270.0
2026-05-25,66430.0,67120.0,65030.0,66930.0
2026-05-26,67400.0,68660.0,66700.0,66960.0
2026-05-27,66650.0,68860.0,66450.0,66470.0
2026-05-28,66650.0,69390.0,65980.0,67880.0
2026-05-29,68880.0,70050.0,67550.0,69110.0
2026-06-01,68700.0,68860.0,66340.0,66520.0
2026-06-02,65830.0,65960.0,63460.0,63680.0
2026-06-03,63890.0,66210.0,63890.0,64000.0
2026-06-04,65560.0,66000.0,64120.0,65070.0
2026-06-05,64660.0,65540.0,63690.0,65260.0
2026-06-08,62040.0,62820.0,61150.0,62210.0
2026-06-09,63600.0,63760.0,61310.0,62480.0
2026-06-10,60490.0,61840.0,60060.0,61840.0
2026-06-11,59000.0,62270.0,58310.0,61920.0
2026-06-12,65920.0,67040.0,65400.0,65510.0
2026-06-15,68170.0,70430.0,67650.0,70130.0
2026-06-16,69410.0,70480.0,68420.0,69030.0
2026-06-17,70450.0,72760.0,70450.0,72600.0
2026-06-18,72850.0,73580.0,72250.0,72600.0
2026-06-19,74100.0,74660.0,72600.0,72840.0
2026-06-22,72110.0,74980.0,72070.0,74240.0
2026-06-23,74260.0,74550.0,71220.0,71330.0
2026-06-24,71230.0,71290.0,68440.0,69130.0
2026-06-25,71220.0,73490.0,70630.0,72930.0
2026-06-26,72070.0,73460.0,70270.0,71630.0
2026-06-29,71780.0,71780.0,69520.0,70450.0
2026-06-30,71460.0,72500.0,70760.0,71280.0
2026-07-01,72830.0,75690.0,72650.0,75190.0
2026-07-02,72960.0,73870.0,71860.0,72680.0
2026-07-03,72680.0,76280.0,71140.0,75800.0
2026-07-06,76500.0,77260.0,74940.0,75790.0
2026-07-07,75770.0,76360.0,72540.0,72540.0
2026-07-08,71270.0,72330.0,69460.0,70500.0
2026-07-09,71390.0,72500.0,71010.0,72020.0
2026-07-10,73520.0,76440.0,73270.0,75570.0
2026-07-13,75580.0,76500.0,72630.0,73820.0
2026-07-14,71600.0,72950.0,70160.0,72660.0
2026-07-15,74010.0,75200.0,73140.0,75000.0
2026-07-16,74000.0,74810.0,72620.0,73430.0
2026-07-17,71930.0,72880.0,67250.0,69230.0
2026-07-21,69220.0,70680.0,67930.0,70460.0
2026-07-22,72140.0,73030.0,71850.0,71850.0
2026-07-23,71980.0,73400.0,71980.0,72960.0
2026-07-24,71600.0,72410.0,70680.0,70970.0
2026-07-27,71010.0,72360.0,70930.0,71800.0
2026-07-28,68800.0,69280.0,65190.0,65190.0
2026-07-29,66800.0,67620.0,62840.0,64930.0
2026-07-30,63930.0,66920.0,63930.0,66160.0
2026-07-31,69520.0,71550.0,68660.0,70480.0
2026-08-03,69420.0,71390.0,67650.0,70980.0
2026-08-04,71740.0,73890.0,71240.0,73650.0
2026-08-05,75160.0,76020.0,74130.0,75790.0
2026-08-06,74890.0,76120.0,74000.0,75350.0
2026-08-07,74660.0,82580.0,72190.0,74190.0
2026-08-10,76910.0,79100.0,76110.0,78340.0
2026-08-12,77500.0,78320.0,76440.0,78320.0
2026-08-13,79820.0,79990.0,76730.0,77330.0
2026-08-14,77330.0,78320.0,76000.0,76430.0
2026-08-17,76450.0,77740.0,75380.0,77610.0
2026-08-18,77420.0,77960.0,73790.0,75200.0
2026-08-19,70700.0,72640.0,70500.0,70910.0
2026-08-20,70910.0,70950.0,69100.0,70690.0
2026-08-21,69810.0,71540.0,69500.0,71090.0
2026-08-24,72590.0,73440.0,70930.0,71800.0
2026-08-25,70300.0,72390.0,68920.0,72090.0
2026-08-26,72090.0,72090.0,70450.0,71520.0
2026-08-27,72590.0,72750.0,70250.0,71020.0
2026-08-28,71020.0,71490.0,70120.0,70300.0
2026-08-31,68920.0,70710.0,68290.0,70710.0
2026-09-01,69310.0,70470.0,69310.0,69850.0
2026-09-02,68250.0,68250.0,66500.0,66500.0
2026-09-03,66700.0,67620.0,65970.0,67020.0
2026-09-04,66980.0,67770.0,66730.0,67140.0
2026-09-07,68850.0,69550.0,68320.0,68590.0
2026-09-08,67680.0,68360.0,65650.0,65650.0
2026-09-09,66650.0,68790.0,66090.0,67890.0
2026-09-10,68890.0,68890.0,67290.0,67680.0
2026-09-11,65010.0,68160.0,64650.0,68160.0
