Date,Open,High,Low,Close
2001-01-01,3150.0,3150.0,3150.0,3150.0
2001-01-02,3150.0,3150.0,3150.0,3150.0
2001-01-03,3150.0,3150.0,3150.0,3150.0
2001-01-04,3400.0,3400.0,3150.0,3150.0
2001-01-05,3000.0,3110.0,3000.0,3110.0
2001-01-08,3110.0,3110.0,3110.0,3110.0
2001-01-09,3095.0,3095.0,3000.0,3000.0
2001-01-10,3000.0,3000.0,2750.0,2800.0
2001-01-11,2825.0,2835.0,2710.0,2735.0
2001-01-12,2725.0,2775.0,2690.0,2775.0
2001-01-15,2755.0,2940.0,2750.0,2940.0
2001-01-16,2955.0,2990.0,2930.0,2955.0
2001-01-17,2975.0,2990.0,2925.0,2990.0
2001-01-18,2960.0,3225.0,2960.0,3195.0
2001-01-19,3200.0,3250.0,3200.0,3250.0
2001-01-22,3350.0,3400.0,3250.0,3300.0
2001-01-23,3300.0,3310.0,3250.0,3255.0
2001-01-24,3250.0,3255.0,3225.0,3225.0
2001-01-25,3220.0,3220.0,3160.0,3160.0
2001-01-26,3155.0,3160.0,3125.0,3160.0
2001-01-29,3140.0,3140.0,3100.0,3100.0
2001-01-30,3050.0,3150.0,3050.0,3150.0
2001-01-31,3150.0,3150.0,3075.0,3150.0
2001-02-01,3200.0,3200.0,3080.0,3140.0
2001-02-02,3140.0,3140.0,3080.0,3140.0
2001-02-05,3075.0,3090.0,3050.0,3090.0
2001-02-06,3090.0,3090.0,3010.0,3065.0
2001-02-07,3065.0,3070.0,2975.0,2975.0
2001-02-08,3025.0,3025.0,2850.0,2850.0
2001-02-09,2650.0,3150.0,2650.0,3065.0
2001-02-12,3065.0,3065.0,3065.0,3065.0
2001-02-13,3065.0,3070.0,3000.0,3000.0
2001-02-14,3045.0,3045.0,2950.0,3000.0
2001-02-15,3000.0,3040.0,2980.0,3000.0
2001-02-16,3000.0,3035.0,2990.0,3035.0
2001-02-19,3040.0,3040.0,3000.0,3005.0
2001-02-20,3005.0,3015.0,3000.0,3015.0
2001-02-21,3010.0,3015.0,2960.0,3015.0
2001-02-22,3000.0,3000.0,2950.0,2950.0
2001-02-23,2975.0,3015.0,2955.0,3015.0
2001-02-26,3010.0,3025.0,3000.0,3000.0
2001-02-27,3000.0,3020.0,2950.0,2955.0
2001-02-28,2955.0,2965.0,2905.0,2915.0
2001-03-01,3000.0,3000.0,2900.0,2900.0
2001-03-02,2910.0,2940.0,2855.0,2855.0
2001-03-05,2875.0,2900.0,2845.0,2875.0
2001-03-06,2875.0,2875.0,2825.0,2870.0
2001-03-07,2950.0,2970.0,2900.0,2905.0
2001-03-08,2905.0,2960.0,2875.0,2960.0
2001-03-09,2960.0,2985.0,2925.0,2930.0
2001-03-12,2930.0,2930.0,2850.0,2930.0
2001-03-13,2800.0,2805.0,2750.0,2770.0
2001-03-14,2770.0,2770.0,2770.0,2770.0
2001-03-15,2730.0,2780.0,2650.0,2775.0
2001-03-16,2775.0,2815.0,2750.0,2750.0
2001-03-19,2780.0,2825.0,2775.0,2825.0
2001-03-20,2825.0,2825.0,2825.0,2825.0
2001-03-21,2870.0,2950.0,2870.0,2950.0
2001-03-22,2990.0,2990.0,2880.0,2930.0
2001-03-23,2935.0,2980.0,2830.0,2850.0
2001-03-26,2925.0,3015.0,2875.0,3015.0
2001-03-27,3120.0,3120.0,3000.0,3100.0
2001-03-28,3100.0,3115.0,2995.0,3000.0
2001-03-29,3000.0,3000.0,2915.0,2915.0
2001-03-30,2940.0,2940.0,2890.0,2910.0
2001-04-02,2905.0,2905.0,2750.0,2750.0
2001-04-03,2770.0,2875.0,2750.0,2875.0
2001-04-04,2845.0,2850.0,2800.0,2825.0
2001-04-05,2875.0,2875.0,2825.0,2870.0
2001-04-06,3070.0,3070.0,2900.0,2950.0
2001-04-09,2920.0,2920.0,2845.0,2845.0
2001-04-10,2920.0,2920.0,2800.0,2815.0
2001-04-11,2865.0,2880.0,2800.0,2880.0
2001-04-12,2930.0,2950.0,2880.0,2950.0
2001-04-13,2940.0,2985.0,2905.0,2905.0
2001-04-16,2940.0,2950.0,2930.0,2930.0
2001-04-17,2920.0,2920.0,2890.0,2890.0
2001-04-18,2940.0,2970.0,2925.0,2970.0
2001-04-19,3050.0,3050.0,2975.0,3000.0
2001-04-20,3005.0,3050.0,2950.0,3000.0
2001-04-23,3085.0,3085.0,3010.0,3040.0
2001-04-24,3045.0,3045.0,3010.0,3035.0
2001-04-25,3045.0,3050.0,3025.0,3025.0
2001-04-26,3045.0,3050.0,3025.0,3025.0
2001-04-27,3115.0,3170.0,3080.0,3170.0
2001-04-30,3170.0,3170.0,3170.0,3170.0
2001-05-01,3270.0,3270.0,3240.0,3270.0
2001-05-02,3340.0,3340.0,3275.0,3320.0
2001-05-03,3320.0,3320.0,3320.0,3320.0
2001-05-04,3320.0,3320.0,3320.0,3320.0
2001-05-07,3400.0,3445.0,3350.0,3425.0
2001-05-08,3430.0,3530.0,3430.0,3465.0
2001-05-09,3470.0,3490.0,3350.0,3350.0
2001-05-10,3350.0,3415.0,3255.0,3385.0
2001-05-11,3375.0,3415.0,3350.0,3350.0
2001-05-14,3375.0,3375.0,3275.0,3300.0
2001-05-15,3275.0,3295.0,3235.0,3275.0
2001-05-16,3300.0,3300.0,3250.0,3250.0
2001-05-17,3250.0,3300.0,3240.0,3260.0
2001-05-18,3260.0,3350.0,3235.0,3235.0
2001-05-21,3250.0,3300.0,3240.0,3240.0
2001-05-22,3250.0,3275.0,3250.0,3260.0
2001-05-23,3270.0,3335.0,3255.0,3275.0
2001-05-24,3270.0,3300.0,3265.0,3275.0
2001-05-25,3400.0,3400.0,3315.0,3350.0
2001-05-28,3350.0,3395.0,3300.0,3350.0
2001-05-29,3350.0,3375.0,3325.0,3350.0
2001-05-30,3390.0,3390.0,3310.0,3310.0
2001-05-31,3300.0,3300.0,3245.0,3250.0
2001-06-01,3300.0,3300.0,3220.0,3220.0
2001-06-04,3230.0,3270.0,3220.0,3270.0
2001-06-05,3205.0,3210.0,3150.0,3175.0
2001-06-06,3200.0,3270.0,3150.0,3150.0
2001-06-07,3160.0,3250.0,3155.0,3250.0
2001-06-08,3295.0,3295.0,3200.0,3220.0
2001-06-11,3200.0,3245.0,3175.0,3175.0
2001-06-12,3190.0,3190.0,3065.0,3065.0
2001-06-13,3075.0,3110.0,3055.0,3095.0
2001-06-14,3085.0,3085.0,2925.0,2965.0
2001-06-15,2955.0,2955.0,2900.0,2955.0
2001-06-18,2950.0,2950.0,2905.0,2950.0
2001-06-19,2960.0,2960.0,2825.0,2875.0
2001-06-20,2850.0,2875.0,2845.0,2865.0
2001-06-21,2865.0,2875.0,2845.0,2850.0
2001-06-22,2900.0,2900.0,2850.0,2900.0
2001-06-25,2980.0,3075.0,2980.0,3000.0
2001-06-26,3070.0,3070.0,2930.0,2975.0
2001-06-27,3035.0,3035.0,2950.0,2950.0
2001-06-28,2930.0,2990.0,2925.0,2935.0
2001-06-29,2925.0,3000.0,2925.0,3000.0
2001-07-02,3100.0,3100.0,2930.0,2940.0
2001-07-03,2960.0,3020.0,2955.0,2970.0
2001-07-04,2930.0,2965.0,2900.0,2900.0
2001-07-05,2945.0,2945.0,2855.0,2855.0
2001-07-06,2850.0,2850.0,2805.0,2810.0
2001-07-09,2800.0,2800.0,2705.0,2705.0
2001-07-10,2740.0,2775.0,2740.0,2775.0
2001-07-11,2775.0,2775.0,2750.0,2750.0
2001-07-12,2755.0,2800.0,2755.0,2800.0
2001-07-13,2850.0,2885.0,2830.0,2845.0
2001-07-16,2835.0,2950.0,2825.0,2860.0
2001-07-17,2860.0,2860.0,2825.0,2825.0
2001-07-18,2810.0,2850.0,2775.0,2850.0
2001-07-19,2775.0,2825.0,2755.0,2825.0
2001-07-20,2825.0,2825.0,2825.0,2825.0
2001-07-23,2755.0,2755.0,2700.0,2700.0
2001-07-24,2650.0,2745.0,2650.0,2745.0
2001-07-25,2735.0,2750.0,2705.0,2745.0
2001-07-26,2745.0,2745.0,2715.0,2715.0
2001-07-27,2710.0,2745.0,2705.0,2715.0
2001-07-30,2830.0,2830.0,2700.0,2705.0
2001-07-31,2700.0,2790.0,2695.0,2775.0
2001-08-01,2825.0,2825.0,2800.0,2800.0
2001-08-02,2815.0,2915.0,2815.0,2900.0
2001-08-03,2845.0,2855.0,2825.0,2825.0
2001-08-06,2825.0,2825.0,2755.0,2775.0
2001-08-07,2775.0,2775.0,2725.0,2765.0
2001-08-08,2700.0,2750.0,2700.0,2720.0
2001-08-09,2700.0,2700.0,2670.0,2685.0
2001-08-10,2695.0,2700.0,2685.0,2685.0
2001-08-13,2685.0,2685.0,2605.0,2605.0
2001-08-14,2610.0,2695.0,2610.0,2690.0
2001-08-15,2790.0,2790.0,2630.0,2635.0
2001-08-16,2635.0,2635.0,2605.0,2610.0
2001-08-17,2600.0,2645.0,2600.0,2610.0
2001-08-20,2575.0,2600.0,2505.0,2510.0
2001-08-21,2515.0,2525.0,2505.0,2505.0
2001-08-22,2500.0,2500.0,2490.0,2500.0
2001-08-23,2505.0,2550.0,2505.0,2550.0
2001-08-24,2500.0,2505.0,2425.0,2425.0
2001-08-27,2425.0,2460.0,2325.0,2325.0
2001-08-28,2300.0,2300.0,2145.0,2175.0
2001-08-29,2230.0,2245.0,2195.0,2225.0
2001-08-30,2200.0,2215.0,2110.0,2125.0
2001-08-31,2125.0,2175.0,2075.0,2155.0
2001-09-03,2280.0,2280.0,2160.0,2160.0
2001-09-04,2150.0,2150.0,2075.0,2090.0
2001-09-05,2110.0,2150.0,2105.0,2150.0
2001-09-06,2115.0,2150.0,2115.0,2115.0
2001-09-07,2115.0,2145.0,2115.0,2145.0
2001-09-10,2120.0,2120.0,2065.0,2065.0
2001-09-11,2075.0,2100.0,2065.0,2075.0
2001-09-12,1950.0,2000.0,1875.0,1875.0
2001-09-13,1825.0,1920.0,1825.0,1915.0
2001-09-14,1990.0,1990.0,1940.0,1975.0
2001-09-17,1925.0,1925.0,1825.0,1865.0
2001-09-18,1845.0,1930.0,1845.0,1880.0
2001-09-19,1885.0,2000.0,1885.0,1975.0
2001-09-20,1925.0,1940.0,1915.0,1930.0
2001-09-21,1925.0,1925.0,1860.0,1880.0
2001-09-24,1880.0,1880.0,1880.0,1880.0
2001-09-25,1940.0,1940.0,1900.0,1910.0
2001-09-26,1930.0,1930.0,1860.0,1865.0
2001-09-27,1850.0,1885.0,1850.0,1860.0
2001-09-28,1860.0,1860.0,1860.0,1860.0
2001-10-01,1960.0,1960.0,1895.0,1935.0
2001-10-02,2010.0,2010.0,1940.0,1965.0
2001-10-03,1965.0,1995.0,1960.0,1985.0
2001-10-04,1990.0,2010.0,1970.0,2000.0
2001-10-05,2075.0,2075.0,2050.0,2060.0
2001-10-08,2060.0,2060.0,2060.0,2060.0
2001-10-09,1910.0,1940.0,1900.0,1900.0
2001-10-10,1905.0,1985.0,1905.0,1925.0
2001-10-11,2000.0,2000.0,1920.0,1925.0
2001-10-12,1950.0,2025.0,1950.0,2025.0
2001-10-15,1985.0,2000.0,1955.0,1955.0
2001-10-16,1980.0,2065.0,1955.0,2065.0
2001-10-17,2065.0,2075.0,2040.0,2070.0
2001-10-18,2065.0,2065.0,2040.0,2040.0
2001-10-19,2000.0,2050.0,2000.0,2030.0
2001-10-22,2090.0,2090.0,2075.0,2075.0
2001-10-23,2075.0,2080.0,2030.0,2030.0
2001-10-24,2050.0,2100.0,2050.0,2095.0
2001-10-25,2120.0,2145.0,2085.0,2130.0
2001-10-26,2185.0,2200.0,2155.0,2170.0
2001-10-29,2125.0,2160.0,2125.0,2160.0
2001-10-30,2055.0,2125.0,2050.0,2125.0
2001-10-31,2090.0,2090.0,1980.0,2000.0
2001-11-01,2020.0,2020.0,2000.0,2000.0
2001-11-02,2000.0,2025.0,1990.0,1990.0
2001-11-05,2100.0,2100.0,1975.0,1975.0
2001-11-06,1980.0,2010.0,1980.0,2010.0
2001-11-07,2050.0,2050.0,2000.0,2015.0
2001-11-08,1925.0,1975.0,1925.0,1975.0
2001-11-09,1975.0,1975.0,1975.0,1975.0
2001-11-12,1865.0,1905.0,1850.0,1855.0
2001-11-13,1855.0,1930.0,1850.0,1930.0
2001-11-14,2000.0,2000.0,1975.0,1975.0
2001-11-15,1955.0,1955.0,1880.0,1885.0
2001-11-16,1895.0,1995.0,1890.0,1980.0
2001-11-19,1995.0,2025.0,1995.0,2025.0
2001-11-20,2025.0,2025.0,1995.0,1995.0
2001-11-21,1985.0,1985.0,1900.0,1900.0
2001-11-22,1925.0,1945.0,1900.0,1930.0
2001-11-23,1930.0,1930.0,1930.0,1930.0
2001-11-26,1990.0,2030.0,1990.0,1990.0
2001-11-27,2050.0,2050.0,2005.0,2010.0
2001-11-28,2005.0,2005.0,1925.0,1950.0
2001-11-29,1950.0,1950.0,1920.0,1920.0
2001-11-30,1900.0,1930.0,1900.0,1900.0
2001-12-03,1910.0,1910.0,1900.0,1905.0
2001-12-04,1900.0,1905.0,1900.0,1905.0
2001-12-05,1920.0,1925.0,1920.0,1920.0
2001-12-06,2000.0,2000.0,1950.0,1960.0
2001-12-07,1960.0,2000.0,1960.0,1975.0
2001-12-10,1965.0,1980.0,1900.0,1910.0
2001-12-11,1910.0,1910.0,1880.0,1880.0
2001-12-12,1905.0,1910.0,1870.0,1910.0
2001-12-13,1910.0,1925.0,1870.0,1885.0
2001-12-14,1835.0,1835.0,1775.0,1825.0
2001-12-17,1925.0,1925.0,1825.0,1835.0
2001-12-18,1835.0,1850.0,1800.0,1800.0
2001-12-19,1800.0,1800.0,1750.0,1795.0
2001-12-20,1790.0,1800.0,1785.0,1785.0
2001-12-21,1720.0,1725.0,1655.0,1655.0
2001-12-24,1655.0,1655.0,1655.0,1655.0
2001-12-25,1655.0,1700.0,1650.0,1700.0
2001-12-26,1700.0,1700.0,1675.0,1675.0
2001-12-27,1675.0,1675.0,1625.0,1625.0
2001-12-28,1725.0,1740.0,1705.0,1720.0
2001-12-31,1720.0,1720.0,1720.0,1720.0
2002-01-01,1720.0,1720.0,1720.0,1720.0
2002-01-02,1720.0,1720.0,1720.0,1720.0
2002-01-03,1720.0,1720.0,1720.0,1720.0
2002-01-04,1820.0,1820.0,1800.0,1805.0
2002-01-07,1805.0,1895.0,1800.0,1895.0
2002-01-08,1890.0,1890.0,1850.0,1850.0
2002-01-09,1825.0,1825.0,1730.0,1730.0
2002-01-10,1755.0,1755.0,1730.0,1730.0
2002-01-11,1730.0,1730.0,1675.0,1680.0
2002-01-14,1680.0,1680.0,1680.0,1680.0
2002-01-15,1805.0,1805.0,1625.0,1650.0
2002-01-16,1630.0,1655.0,1630.0,1655.0
2002-01-17,1750.0,1750.0,1700.0,1725.0
2002-01-18,1725.0,1775.0,1725.0,1775.0
2002-01-21,1775.0,1775.0,1750.0,1775.0
2002-01-22,1775.0,1805.0,1775.0,1800.0
2002-01-23,1800.0,1800.0,1775.0,1775.0
2002-01-24,1775.0,1775.0,1750.0,1775.0
2002-01-25,1800.0,1800.0,1795.0,1795.0
2002-01-28,1745.0,1750.0,1745.0,1745.0
2002-01-29,1745.0,1750.0,1745.0,1750.0
2002-01-30,1750.0,1750.0,1750.0,1750.0
2002-01-31,1750.0,1750.0,1750.0,1750.0
2002-02-01,1760.0,1765.0,1700.0,1700.0
2002-02-04,1700.0,1700.0,1675.0,1700.0
2002-02-05,1700.0,1705.0,1685.0,1700.0
2002-02-06,1700.0,1720.0,1700.0,1720.0
2002-02-07,1720.0,1745.0,1720.0,1745.0
2002-02-08,1735.0,1735.0,1700.0,1700.0
2002-02-11,1700.0,1700.0,1700.0,1700.0
2002-02-12,1700.0,1725.0,1700.0,1720.0
2002-02-13,1720.0,1800.0,1720.0,1755.0
2002-02-14,1755.0,1875.0,1755.0,1875.0
2002-02-15,1875.0,1900.0,1870.0,1895.0
2002-02-18,1895.0,1905.0,1895.0,1905.0
2002-02-19,1905.0,1925.0,1905.0,1925.0
2002-02-20,1925.0,1925.0,1895.0,1895.0
2002-02-21,1895.0,1970.0,1895.0,1965.0
2002-02-22,1965.0,2000.0,1925.0,2000.0
2002-02-25,2005.0,2020.0,1950.0,1975.0
2002-02-26,2010.0,2030.0,1955.0,1980.0
2002-02-27,1995.0,2025.0,1975.0,1975.0
2002-02-28,1980.0,2135.0,1980.0,2130.0
2002-03-01,2135.0,2175.0,2120.0,2135.0
2002-03-04,2210.0,2250.0,2180.0,2250.0
2002-03-05,2395.0,2395.0,2300.0,2300.0
2002-03-06,2300.0,2325.0,2275.0,2280.0
2002-03-07,2300.0,2325.0,2265.0,2300.0
2002-03-08,2300.0,2320.0,2250.0,2285.0
2002-03-11,2300.0,2315.0,2285.0,2290.0
2002-03-12,2300.0,2300.0,2240.0,2265.0
2002-03-13,2265.0,2295.0,2240.0,2240.0
2002-03-14,2245.0,2250.0,2155.0,2190.0
2002-03-15,2190.0,2200.0,2150.0,2150.0
2002-03-18,2150.0,2150.0,2100.0,2100.0
2002-03-19,2100.0,2100.0,2050.0,2075.0
2002-03-20,2085.0,2175.0,2085.0,2135.0
2002-03-21,2135.0,2135.0,2135.0,2135.0
2002-03-22,2150.0,2155.0,2125.0,2125.0
2002-03-25,2175.0,2190.0,2125.0,2130.0
2002-03-26,2140.0,2140.0,2100.0,2100.0
2002-03-27,2025.0,2075.0,2025.0,2075.0
2002-03-28,2075.0,2080.0,2070.0,2075.0
2002-03-29,2080.0,2080.0,2035.0,2035.0
2002-04-01,2135.0,2135.0,2005.0,2030.0
2002-04-02,2030.0,2055.0,2030.0,2045.0
2002-04-03,2045.0,2100.0,2045.0,2095.0
2002-04-04,2110.0,2145.0,2110.0,2125.0
2002-04-05,2125.0,2150.0,2125.0,2125.0
2002-04-08,2175.0,2175.0,2140.0,2140.0
2002-04-09,2165.0,2195.0,2140.0,2140.0
2002-04-10,2140.0,2150.0,2125.0,2125.0
2002-04-11,2225.0,2225.0,2130.0,2170.0
2002-04-12,2170.0,2170.0,2110.0,2165.0
2002-04-15,2165.0,2165.0,2150.0,2150.0
2002-04-16,2150.0,2215.0,2150.0,2215.0
2002-04-17,2225.0,2235.0,2200.0,2210.0
2002-04-18,2210.0,2210.0,2200.0,2205.0
2002-04-19,2190.0,2190.0,2175.0,2180.0
2002-04-22,2200.0,2210.0,2200.0,2210.0
2002-04-23,2225.0,2240.0,2210.0,2225.0
2002-04-24,2245.0,2275.0,2235.0,2275.0
2002-04-25,2325.0,2325.0,2290.0,2290.0
2002-04-26,2315.0,2325.0,2270.0,2300.0
2002-04-29,2300.0,2300.0,2300.0,2300.0
2002-04-30,2300.0,2300.0,2215.0,2215.0
2002-05-01,2275.0,2275.0,2250.0,2255.0
2002-05-02,2200.0,2215.0,2200.0,2215.0
2002-05-03,2215.0,2215.0,2215.0,2215.0
2002-05-06,2215.0,2215.0,2215.0,2215.0
2002-05-07,2220.0,2220.0,2150.0,2155.0
2002-05-08,2155.0,2200.0,2150.0,2200.0
2002-05-09,2200.0,2240.0,2175.0,2180.0
2002-05-10,2180.0,2180.0,2125.0,2150.0
2002-05-13,2150.0,2150.0,2100.0,2100.0
2002-05-14,2100.0,2135.0,2100.0,2100.0
2002-05-15,2085.0,2130.0,2085.0,2105.0
2002-05-16,2100.0,2150.0,2100.0,2135.0
2002-05-17,2185.0,2185.0,2180.0,2185.0
2002-05-20,2205.0,2325.0,2205.0,2275.0
2002-05-21,2275.0,2275.0,2245.0,2245.0
2002-05-22,2275.0,2300.0,2275.0,2290.0
2002-05-23,2290.0,2300.0,2225.0,2235.0
2002-05-24,2240.0,2255.0,2215.0,2215.0
2002-05-27,2165.0,2200.0,2165.0,2185.0
2002-05-28,2185.0,2250.0,2180.0,2220.0
2002-05-29,2220.0,2220.0,2175.0,2200.0
2002-05-30,2175.0,2230.0,2160.0,2230.0
2002-05-31,2240.0,2300.0,2235.0,2275.0
2002-06-03,2375.0,2385.0,2350.0,2350.0
2002-06-04,2275.0,2285.0,2270.0,2280.0
2002-06-05,2285.0,2340.0,2285.0,2290.0
2002-06-06,2290.0,2300.0,2275.0,2275.0
2002-06-07,2250.0,2325.0,2225.0,2255.0
2002-06-10,2255.0,2260.0,2250.0,2250.0
2002-06-11,2240.0,2265.0,2225.0,2265.0
2002-06-12,2215.0,2215.0,2165.0,2165.0
2002-06-13,2170.0,2180.0,2170.0,2180.0
2002-06-14,2180.0,2250.0,2175.0,2190.0
2002-06-17,2175.0,2180.0,2075.0,2080.0
2002-06-18,2080.0,2135.0,2080.0,2135.0
2002-06-19,2075.0,2075.0,2050.0,2050.0
2002-06-20,2000.0,2075.0,1985.0,2075.0
2002-06-21,2025.0,2025.0,2000.0,2000.0
2002-06-24,1950.0,1980.0,1950.0,1980.0
2002-06-25,2000.0,2025.0,2000.0,2005.0
2002-06-26,2030.0,2030.0,2000.0,2000.0
2002-06-27,1900.0,1965.0,1900.0,1935.0
2002-06-28,1910.0,1990.0,1910.0,1990.0
2002-07-01,2090.0,2090.0,2000.0,2000.0
2002-07-02,2000.0,2000.0,1950.0,2000.0
2002-07-03,1955.0,1995.0,1955.0,1995.0
2002-07-04,2085.0,2085.0,1985.0,1985.0
2002-07-05,1975.0,2045.0,1975.0,2045.0
2002-07-08,2015.0,2025.0,2000.0,2000.0
2002-07-09,2000.0,2010.0,1980.0,2010.0
2002-07-10,2015.0,2015.0,1970.0,1970.0
2002-07-11,1950.0,1975.0,1925.0,1925.0
2002-07-12,1950.0,1955.0,1925.0,1945.0
2002-07-15,1945.0,1950.0,1925.0,1925.0
2002-07-16,1925.0,1930.0,1905.0,1920.0
2002-07-17,1915.0,1915.0,1855.0,1875.0
2002-07-18,1875.0,1925.0,1850.0,1925.0
2002-07-19,1855.0,1900.0,1855.0,1900.0
2002-07-22,1875.0,1900.0,1835.0,1835.0
2002-07-23,1835.0,1835.0,1800.0,1835.0
2002-07-24,1810.0,1835.0,1790.0,1790.0
2002-07-25,1815.0,1850.0,1790.0,1790.0
2002-07-26,1830.0,1830.0,1750.0,1755.0
2002-07-29,1755.0,1775.0,1750.0,1755.0
2002-07-30,1775.0,1800.0,1775.0,1800.0
2002-07-31,1800.0,1825.0,1800.0,1825.0
2002-08-01,1830.0,1830.0,1775.0,1775.0
2002-08-02,1755.0,1780.0,1755.0,1760.0
2002-08-05,1760.0,1765.0,1665.0,1705.0
2002-08-06,1700.0,1725.0,1675.0,1690.0
2002-08-07,1700.0,1730.0,1695.0,1710.0
2002-08-08,1725.0,1750.0,1700.0,1700.0
2002-08-09,1790.0,1790.0,1715.0,1725.0
2002-08-12,1710.0,1715.0,1700.0,1700.0
2002-08-13,1700.0,1700.0,1685.0,1685.0
2002-08-14,1675.0,1705.0,1675.0,1705.0
2002-08-15,1700.0,1705.0,1675.0,1685.0
2002-08-16,1675.0,1740.0,1675.0,1695.0
2002-08-19,1700.0,1700.0,1650.0,1700.0
2002-08-20,1705.0,1705.0,1650.0,1675.0
2002-08-21,1675.0,1675.0,1630.0,1675.0
2002-08-22,1695.0,1695.0,1650.0,1675.0
2002-08-23,1675.0,1675.0,1675.0,1675.0
2002-08-26,1715.0,1725.0,1665.0,1670.0
2002-08-27,1680.0,1680.0,1635.0,1640.0
2002-08-28,1635.0,1635.0,1525.0,1565.0
2002-08-29,1565.0,1575.0,1535.0,1555.0
2002-08-30,1575.0,1625.0,1540.0,1625.0
2002-09-02,1650.0,1650.0,1525.0,1530.0
2002-09-03,1575.0,1580.0,1525.0,1550.0
2002-09-04,1500.0,1530.0,1440.0,1440.0
2002-09-05,1485.0,1500.0,1460.0,1500.0
2002-09-06,1460.0,1475.0,1455.0,1465.0
2002-09-09,1480.0,1500.0,1480.0,1500.0
2002-09-10,1520.0,1530.0,1500.0,1525.0
2002-09-11,1520.0,1520.0,1500.0,1500.0
2002-09-12,1520.0,1525.0,1500.0,1525.0
2002-09-13,1450.0,1460.0,1445.0,1445.0
2002-09-16,1445.0,1445.0,1445.0,1445.0
2002-09-17,1460.0,1510.0,1450.0,1500.0
2002-09-18,1485.0,1500.0,1485.0,1500.0
2002-09-19,1500.0,1530.0,1500.0,1500.0
2002-09-20,1490.0,1530.0,1490.0,1495.0
2002-09-23,1495.0,1495.0,1495.0,1495.0
2002-09-24,1500.0,1500.0,1475.0,1500.0
2002-09-25,1485.0,1485.0,1455.0,1455.0
2002-09-26,1490.0,1490.0,1480.0,1480.0
2002-09-27,1485.0,1490.0,1440.0,1450.0
2002-09-30,1455.0,1475.0,1455.0,1475.0
2002-10-01,1480.0,1480.0,1440.0,1440.0
2002-10-02,1450.0,1450.0,1440.0,1440.0
2002-10-03,1450.0,1450.0,1425.0,1450.0
2002-10-04,1445.0,1445.0,1425.0,1430.0
2002-10-07,1405.0,1405.0,1295.0,1350.0
2002-10-08,1275.0,1300.0,1255.0,1300.0
2002-10-09,1275.0,1275.0,1220.0,1220.0
2002-10-10,1220.0,1220.0,1150.0,1175.0
2002-10-11,1190.0,1235.0,1190.0,1225.0
2002-10-14,1225.0,1225.0,1225.0,1225.0
2002-10-15,1230.0,1260.0,1230.0,1260.0
2002-10-16,1285.0,1285.0,1205.0,1205.0
2002-10-17,1250.0,1270.0,1235.0,1235.0
2002-10-18,1210.0,1250.0,1210.0,1225.0
2002-10-21,1240.0,1250.0,1225.0,1225.0
2002-10-22,1250.0,1250.0,1200.0,1200.0
2002-10-23,1200.0,1200.0,1175.0,1185.0
2002-10-24,1155.0,1170.0,1155.0,1170.0
2002-10-25,1250.0,1250.0,1205.0,1205.0
2002-10-28,1195.0,1195.0,1150.0,1150.0
2002-10-29,1190.0,1190.0,1150.0,1150.0
2002-10-30,1150.0,1200.0,1150.0,1175.0
2002-10-31,1180.0,1185.0,1155.0,1155.0
2002-11-01,1230.0,1230.0,1150.0,1160.0
2002-11-04,1160.0,1160.0,1160.0,1160.0
2002-11-05,1170.0,1200.0,1150.0,1150.0
2002-11-06,1165.0,1215.0,1165.0,1215.0
2002-11-07,1200.0,1200.0,1180.0,1180.0
2002-11-08,1170.0,1190.0,1160.0,1190.0
2002-11-11,1155.0,1165.0,1150.0,1160.0
2002-11-12,1185.0,1185.0,1150.0,1175.0
2002-11-13,1105.0,1175.0,1105.0,1175.0
2002-11-14,1150.0,1150.0,1110.0,1110.0
2002-11-15,1095.0,1110.0,1095.0,1100.0
2002-11-18,1100.0,1105.0,1060.0,1060.0
2002-11-19,1050.0,1050.0,955.0,955.0
2002-11-20,940.0,1000.0,855.0,1000.0
2002-11-21,1025.0,1025.0,1005.0,1010.0
2002-11-22,1045.0,1060.0,1025.0,1045.0
2002-11-25,1075.0,1095.0,1060.0,1095.0
2002-11-26,1165.0,1165.0,1115.0,1125.0
2002-11-27,1130.0,1175.0,1130.0,1165.0
2002-11-28,1180.0,1185.0,1130.0,1155.0
2002-11-29,1180.0,1245.0,1165.0,1245.0
2002-12-02,1245.0,1245.0,1245.0,1245.0
2002-12-03,1255.0,1270.0,1150.0,1170.0
2002-12-04,1165.0,1175.0,1150.0,1155.0
2002-12-05,1180.0,1180.0,1155.0,1160.0
2002-12-06,1150.0,1165.0,1150.0,1165.0
2002-12-09,1150.0,1150.0,1125.0,1125.0
2002-12-10,1185.0,1185.0,1150.0,1150.0
2002-12-11,1130.0,1145.0,1130.0,1130.0
2002-12-12,1125.0,1125.0,1105.0,1105.0
2002-12-13,1100.0,1100.0,1010.0,1050.0
2002-12-16,1025.0,1040.0,1020.0,1025.0
2002-12-17,1035.0,1040.0,1025.0,1035.0
2002-12-18,1000.0,1000.0,970.0,975.0
2002-12-19,960.0,960.0,905.0,940.0
2002-12-20,1015.0,1030.0,990.0,1020.0
2002-12-23,1020.0,1020.0,1020.0,1020.0
2002-12-24,1025.0,1050.0,940.0,980.0
2002-12-25,955.0,995.0,940.0,965.0
2002-12-26,1035.0,1035.0,970.0,1000.0
2002-12-27,1000.0,1090.0,965.0,995.0
2002-12-30,1000.0,1000.0,995.0,1000.0
2002-12-31,1000.0,1000.0,1000.0,1000.0
2003-01-01,1000.0,1000.0,1000.0,1000.0
2003-01-02,1000.0,1000.0,1000.0,1000.0
2003-01-03,1000.0,1000.0,1000.0,1000.0
2003-01-06,1010.0,1010.0,1000.0,1005.0
2003-01-07,1030.0,1030.0,995.0,1000.0
2003-01-08,995.0,995.0,975.0,995.0
2003-01-09,995.0,1000.0,970.0,1000.0
2003-01-10,1010.0,1030.0,1010.0,1030.0
2003-01-13,1030.0,1030.0,1030.0,1030.0
2003-01-14,1100.0,1100.0,1095.0,1095.0
2003-01-15,1095.0,1095.0,1045.0,1060.0
2003-01-16,1035.0,1035.0,1030.0,1030.0
2003-01-17,1030.0,1060.0,1030.0,1045.0
2003-01-20,1050.0,1075.0,1045.0,1075.0
2003-01-21,1075.0,1085.0,1025.0,1080.0
2003-01-22,1080.0,1090.0,1075.0,1090.0
2003-01-23,1080.0,1100.0,1070.0,1070.0
2003-01-24,1145.0,1145.0,1115.0,1115.0
2003-01-27,1115.0,1140.0,1085.0,1135.0
2003-01-28,1060.0,1125.0,1060.0,1075.0
2003-01-29,1100.0,1105.0,1085.0,1085.0
2003-01-30,1085.0,1090.0,1080.0,1085.0
2003-01-31,1065.0,1115.0,1065.0,1115.0
2003-02-03,1165.0,1165.0,1130.0,1140.0
2003-02-04,1175.0,1190.0,1150.0,1165.0
2003-02-05,1155.0,1200.0,1150.0,1165.0
2003-02-06,1165.0,1195.0,1165.0,1190.0
2003-02-07,1200.0,1200.0,1180.0,1195.0
2003-02-10,1190.0,1220.0,1190.0,1220.0
2003-02-11,1220.0,1220.0,1220.0,1220.0
2003-02-12,1275.0,1275.0,1255.0,1275.0
2003-02-13,1270.0,1270.0,1210.0,1210.0
2003-02-14,1215.0,1240.0,1215.0,1240.0
2003-02-17,1285.0,1290.0,1270.0,1290.0
2003-02-18,1295.0,1350.0,1295.0,1325.0
2003-02-19,1315.0,1415.0,1300.0,1415.0
2003-02-20,1405.0,1405.0,1355.0,1395.0
2003-02-21,1400.0,1430.0,1400.0,1430.0
2003-02-24,1400.0,1430.0,1400.0,1420.0
2003-02-25,1400.0,1445.0,1400.0,1420.0
2003-02-26,1445.0,1445.0,1400.0,1410.0
2003-02-27,1410.0,1410.0,1390.0,1390.0
2003-02-28,1400.0,1465.0,1400.0,1440.0
2003-03-03,1540.0,1560.0,1500.0,1550.0
2003-03-04,1570.0,1585.0,1565.0,1575.0
2003-03-05,1570.0,1695.0,1550.0,1695.0
2003-03-06,1685.0,1685.0,1615.0,1620.0
2003-03-07,1570.0,1590.0,1540.0,1540.0
2003-03-10,1440.0,1480.0,1400.0,1400.0
2003-03-11,1370.0,1455.0,1350.0,1430.0
2003-03-12,1495.0,1535.0,1495.0,1515.0
2003-03-13,1525.0,1605.0,1525.0,1580.0
2003-03-14,1555.0,1600.0,1555.0,1580.0
2003-03-17,1605.0,1605.0,1555.0,1575.0
2003-03-18,1565.0,1655.0,1565.0,1655.0
2003-03-19,1705.0,1705.0,1625.0,1680.0
2003-03-20,1670.0,1750.0,1650.0,1735.0
2003-03-21,1735.0,1735.0,1735.0,1735.0
2003-03-24,1750.0,1850.0,1750.0,1830.0
2003-03-25,1840.0,1890.0,1785.0,1890.0
2003-03-26,1905.0,2025.0,1860.0,1930.0
2003-03-27,1945.0,1990.0,1925.0,1925.0
2003-03-28,1930.0,1950.0,1925.0,1950.0
2003-03-31,1950.0,1990.0,1930.0,1935.0
2003-04-01,1935.0,1985.0,1935.0,1975.0
2003-04-02,1970.0,2025.0,1875.0,1940.0
2003-04-03,1915.0,1915.0,1690.0,1745.0
2003-04-04,1795.0,1825.0,1755.0,1820.0
2003-04-07,1835.0,1870.0,1780.0,1825.0
2003-04-08,1800.0,1820.0,1760.0,1820.0
2003-04-09,1800.0,1800.0,1725.0,1755.0
2003-04-10,1740.0,1775.0,1700.0,1715.0
2003-04-11,1765.0,1765.0,1610.0,1610.0
2003-04-14,1625.0,1650.0,1450.0,1460.0
2003-04-15,1535.0,1625.0,1525.0,1605.0
2003-04-16,1625.0,1695.0,1625.0,1650.0
2003-04-17,1695.0,1695.0,1650.0,1675.0
2003-04-18,1675.0,1675.0,1640.0,1640.0
2003-04-21,1625.0,1665.0,1625.0,1665.0
2003-04-22,1665.0,1665.0,1625.0,1650.0
2003-04-23,1620.0,1640.0,1550.0,1575.0
2003-04-24,1535.0,1575.0,1535.0,1540.0
2003-04-25,1640.0,1710.0,1610.0,1635.0
2003-04-28,1585.0,1585.0,1550.0,1550.0
2003-04-29,1550.0,1550.0,1550.0,1550.0
2003-04-30,1570.0,1600.0,1555.0,1600.0
2003-05-01,1600.0,1600.0,1550.0,1560.0
2003-05-02,1580.0,1665.0,1575.0,1655.0
2003-05-05,1655.0,1655.0,1655.0,1655.0
2003-05-06,1655.0,1740.0,1630.0,1740.0
2003-05-07,1750.0,1935.0,1725.0,1935.0
2003-05-08,1975.0,2080.0,1940.0,2080.0
2003-05-09,2055.0,2120.0,1995.0,2045.0
2003-05-12,2000.0,2005.0,1925.0,1965.0
2003-05-13,1990.0,2055.0,1990.0,2050.0
2003-05-14,2025.0,2090.0,2005.0,2040.0
2003-05-15,2030.0,2030.0,1950.0,1975.0
2003-05-16,1975.0,1990.0,1925.0,1940.0
2003-05-19,1765.0,1820.0,1755.0,1800.0
2003-05-20,1765.0,1775.0,1725.0,1775.0
2003-05-21,1775.0,1780.0,1740.0,1750.0
2003-05-22,1775.0,1825.0,1770.0,1770.0
2003-05-23,1770.0,1810.0,1750.0,1810.0
2003-05-26,1825.0,1830.0,1805.0,1815.0
2003-05-27,1820.0,1820.0,1725.0,1725.0
2003-05-28,1725.0,1725.0,1665.0,1665.0
2003-05-29,1715.0,1750.0,1715.0,1720.0
2003-05-30,1735.0,1795.0,1735.0,1795.0
2003-06-02,1875.0,1900.0,1850.0,1895.0
2003-06-03,1985.0,1985.0,1930.0,1950.0
2003-06-04,1925.0,1950.0,1880.0,1915.0
2003-06-05,1920.0,1930.0,1830.0,1900.0
2003-06-06,1850.0,1855.0,1840.0,1855.0
2003-06-09,1880.0,1925.0,1825.0,1925.0
2003-06-10,1900.0,1900.0,1825.0,1870.0
2003-06-11,1870.0,1875.0,1855.0,1855.0
2003-06-12,1860.0,1860.0,1830.0,1850.0
2003-06-13,1855.0,1855.0,1765.0,1800.0
2003-06-16,1800.0,1800.0,1790.0,1795.0
2003-06-17,1845.0,1845.0,1775.0,1775.0
2003-06-18,1780.0,1790.0,1750.0,1750.0
2003-06-19,1755.0,1780.0,1705.0,1775.0
2003-06-20,1770.0,1790.0,1770.0,1790.0
2003-06-23,1800.0,1810.0,1795.0,1810.0
2003-06-24,1850.0,1850.0,1775.0,1775.0
2003-06-25,1775.0,1800.0,1775.0,1800.0
2003-06-26,1800.0,1800.0,1750.0,1750.0
2003-06-27,1800.0,1825.0,1790.0,1800.0
2003-06-30,1820.0,1845.0,1805.0,1835.0
2003-07-01,1890.0,1975.0,1890.0,1950.0
2003-07-02,2000.0,2000.0,1950.0,1950.0
2003-07-03,2000.0,2035.0,1960.0,1960.0
2003-07-04,1840.0,1950.0,1840.0,1925.0
2003-07-07,1950.0,1975.0,1925.0,1975.0
2003-07-08,2000.0,2030.0,1935.0,1990.0
2003-07-09,1940.0,1940.0,1930.0,1940.0
2003-07-10,1945.0,1965.0,1940.0,1940.0
2003-07-11,1940.0,1955.0,1900.0,1955.0
2003-07-14,1935.0,1935.0,1850.0,1885.0
2003-07-15,1925.0,1930.0,1865.0,1930.0
2003-07-16,1925.0,1925.0,1900.0,1900.0
2003-07-17,1860.0,1860.0,1850.0,1855.0
2003-07-18,1810.0,1925.0,1810.0,1925.0
2003-07-21,1925.0,1925.0,1925.0,1925.0
2003-07-22,1875.0,1900.0,1830.0,1855.0
2003-07-23,1940.0,1940.0,1860.0,1890.0
2003-07-24,1880.0,1920.0,1880.0,1920.0
2003-07-25,1875.0,1875.0,1860.0,1865.0
2003-07-28,1870.0,1920.0,1870.0,1920.0
2003-07-29,1910.0,1940.0,1870.0,1940.0
2003-07-30,1945.0,1950.0,1915.0,1950.0
2003-07-31,1955.0,1975.0,1930.0,1975.0
2003-08-01,2005.0,2005.0,1905.0,1975.0
2003-08-04,2000.0,2000.0,1895.0,1900.0
2003-08-05,1850.0,1855.0,1825.0,1825.0
2003-08-06,1815.0,1855.0,1810.0,1855.0
2003-08-07,1815.0,1840.0,1810.0,1810.0
2003-08-08,1820.0,1825.0,1800.0,1800.0
2003-08-11,1815.0,1825.0,1815.0,1825.0
2003-08-12,1870.0,1870.0,1815.0,1865.0
2003-08-13,1840.0,1980.0,1800.0,1900.0
2003-08-14,1950.0,2025.0,1950.0,2025.0
2003-08-15,2050.0,2050.0,2000.0,2050.0
2003-08-18,2150.0,2400.0,2140.0,2400.0
2003-08-19,2700.0,2800.0,2600.0,2800.0
2003-08-20,2800.0,2875.0,2525.0,2745.0
2003-08-21,2740.0,2750.0,2600.0,2705.0
2003-08-22,2755.0,2845.0,2705.0,2810.0
2003-08-25,2755.0,2800.0,2700.0,2750.0
2003-08-26,2720.0,3000.0,2710.0,2905.0
2003-08-27,2900.0,2900.0,2735.0,2735.0
2003-08-28,2765.0,2770.0,2700.0,2700.0
2003-08-29,2710.0,2775.0,2710.0,2760.0
2003-09-01,2860.0,2865.0,2785.0,2815.0
2003-09-02,2850.0,2860.0,2805.0,2810.0
2003-09-03,2815.0,2815.0,2735.0,2750.0
2003-09-04,2800.0,2800.0,2660.0,2680.0
2003-09-05,2680.0,2690.0,2575.0,2615.0
2003-09-08,2610.0,2740.0,2525.0,2735.0
2003-09-09,2685.0,2755.0,2685.0,2720.0
2003-09-10,2750.0,2865.0,2725.0,2850.0
2003-09-11,2800.0,2835.0,2780.0,2780.0
2003-09-12,2880.0,2880.0,2800.0,2850.0
2003-09-15,2850.0,2850.0,2850.0,2850.0
2003-09-16,2760.0,2790.0,2730.0,2735.0
2003-09-17,2780.0,2790.0,2680.0,2680.0
2003-09-18,2650.0,2650.0,2570.0,2610.0
2003-09-19,2700.0,2705.0,2610.0,2630.0
2003-09-22,2600.0,2600.0,2575.0,2595.0
2003-09-23,2595.0,2595.0,2595.0,2595.0
2003-09-24,2695.0,2695.0,2530.0,2535.0
2003-09-25,2500.0,2510.0,2450.0,2495.0
2003-09-26,2450.0,2650.0,2425.0,2650.0
2003-09-29,2550.0,2600.0,2500.0,2500.0
2003-09-30,2535.0,2575.0,2535.0,2555.0
2003-10-01,2550.0,2555.0,2500.0,2500.0
2003-10-02,2550.0,2600.0,2475.0,2520.0
2003-10-03,2500.0,2505.0,2490.0,2500.0
2003-10-06,2545.0,2545.0,2515.0,2530.0
2003-10-07,2580.0,2580.0,2500.0,2500.0
2003-10-08,2490.0,2515.0,2450.0,2475.0
2003-10-09,2475.0,2475.0,2415.0,2420.0
2003-10-10,2420.0,2425.0,2375.0,2395.0
2003-10-13,2395.0,2395.0,2395.0,2395.0
2003-10-14,2395.0,2500.0,2375.0,2430.0
2003-10-15,2440.0,2485.0,2440.0,2485.0
2003-10-16,2530.0,2530.0,2460.0,2475.0
2003-10-17,2500.0,2550.0,2475.0,2545.0
2003-10-20,2555.0,2590.0,2550.0,2590.0
2003-10-21,2560.0,2595.0,2510.0,2510.0
2003-10-22,2515.0,2515.0,2460.0,2470.0
2003-10-23,2395.0,2410.0,2255.0,2285.0
2003-10-24,2300.0,2400.0,2300.0,2305.0
2003-10-27,2310.0,2360.0,2285.0,2285.0
2003-10-28,2285.0,2300.0,2185.0,2300.0
2003-10-29,2355.0,2390.0,2325.0,2325.0
2003-10-30,2375.0,2375.0,2305.0,2325.0
2003-10-31,2375.0,2605.0,2375.0,2550.0
2003-11-03,2550.0,2550.0,2550.0,2550.0
2003-11-04,2750.0,2770.0,2650.0,2740.0
2003-11-05,2790.0,2790.0,2695.0,2735.0
2003-11-06,2725.0,2725.0,2605.0,2625.0
2003-11-07,2625.0,2690.0,2530.0,2590.0
2003-11-10,2585.0,2590.0,2540.0,2565.0
2003-11-11,2440.0,2465.0,2350.0,2395.0
2003-11-12,2395.0,2425.0,2375.0,2400.0
2003-11-13,2500.0,2540.0,2435.0,2500.0
2003-11-14,2500.0,2540.0,2440.0,2440.0
2003-11-17,2315.0,2315.0,2165.0,2285.0
2003-11-18,2200.0,2300.0,2200.0,2300.0
2003-11-19,2255.0,2275.0,2225.0,2275.0
2003-11-20,2275.0,2350.0,2165.0,2220.0
2003-11-21,2210.0,2275.0,2200.0,2225.0
2003-11-24,2225.0,2225.0,2225.0,2225.0
2003-11-25,2250.0,2310.0,2240.0,2240.0
2003-11-26,2250.0,2260.0,2200.0,2235.0
2003-11-27,2235.0,2275.0,2180.0,2250.0
2003-11-28,2265.0,2450.0,2265.0,2430.0
2003-12-01,2420.0,2550.0,2400.0,2525.0
2003-12-02,2575.0,2600.0,2550.0,2555.0
2003-12-03,2545.0,2565.0,2440.0,2470.0
2003-12-04,2470.0,2475.0,2420.0,2430.0
2003-12-05,2420.0,2450.0,2385.0,2385.0
2003-12-08,2335.0,2335.0,2300.0,2300.0
2003-12-09,2310.0,2330.0,2270.0,2275.0
2003-12-10,2280.0,2280.0,2250.0,2250.0
2003-12-11,2260.0,2280.0,2250.0,2275.0
2003-12-12,2300.0,2305.0,2300.0,2300.0
2003-12-15,2305.0,2355.0,2300.0,2300.0
2003-12-16,2345.0,2345.0,2270.0,2280.0
2003-12-17,2290.0,2300.0,2240.0,2240.0
2003-12-18,2245.0,2250.0,2205.0,2205.0
2003-12-19,2245.0,2245.0,2200.0,2210.0
2003-12-22,2205.0,2205.0,2160.0,2160.0
2003-12-23,2160.0,2160.0,2160.0,2160.0
2003-12-24,2150.0,2150.0,2015.0,2015.0
2003-12-25,2030.0,2090.0,2030.0,2065.0
2003-12-26,2070.0,2100.0,2070.0,2075.0
2003-12-29,2150.0,2165.0,2105.0,2155.0
2003-12-30,2225.0,2250.0,2205.0,2250.0
2003-12-31,2250.0,2250.0,2250.0,2250.0
2004-01-01,2250.0,2250.0,2250.0,2250.0
2004-01-02,2250.0,2250.0,2250.0,2250.0
2004-01-05,2450.0,2450.0,2420.0,2440.0
2004-01-06,2440.0,2470.0,2325.0,2390.0
2004-01-07,2400.0,2410.0,2390.0,2400.0
2004-01-08,2375.0,2450.0,2350.0,2425.0
2004-01-09,2450.0,2470.0,2420.0,2445.0
2004-01-12,2445.0,2445.0,2445.0,2445.0
2004-01-13,2420.0,2420.0,2370.0,2395.0
2004-01-14,2375.0,2445.0,2375.0,2445.0
2004-01-15,2500.0,2500.0,2435.0,2435.0
2004-01-16,2385.0,2430.0,2385.0,2430.0
2004-01-19,2450.0,2525.0,2435.0,2500.0
2004-01-20,2525.0,2550.0,2500.0,2525.0
2004-01-21,2520.0,2520.0,2460.0,2495.0
2004-01-22,2505.0,2550.0,2480.0,2480.0
2004-01-23,2480.0,2485.0,2435.0,2450.0
2004-01-26,2460.0,2485.0,2425.0,2435.0
2004-01-27,2435.0,2450.0,2375.0,2375.0
2004-01-28,2400.0,2400.0,2345.0,2345.0
2004-01-29,2345.0,2345.0,2260.0,2270.0
2004-01-30,2295.0,2330.0,2275.0,2300.0
2004-02-02,2300.0,2305.0,2285.0,2295.0
2004-02-03,2300.0,2325.0,2250.0,2255.0
2004-02-04,2320.0,2320.0,2225.0,2225.0
2004-02-05,2225.0,2225.0,2165.0,2170.0
2004-02-06,2195.0,2200.0,2150.0,2175.0
2004-02-09,2200.0,2225.0,2155.0,2185.0
2004-02-10,2200.0,2200.0,2175.0,2185.0
2004-02-11,2185.0,2185.0,2185.0,2185.0
2004-02-12,2205.0,2225.0,2195.0,2225.0
2004-02-13,2250.0,2250.0,2200.0,2205.0
2004-02-16,2230.0,2240.0,2205.0,2220.0
2004-02-17,2215.0,2225.0,2205.0,2210.0
2004-02-18,2235.0,2235.0,2150.0,2170.0
2004-02-19,2175.0,2245.0,2170.0,2170.0
2004-02-20,2230.0,2230.0,2180.0,2185.0
2004-02-23,2225.0,2585.0,2225.0,2585.0
2004-02-24,2435.0,2440.0,2365.0,2400.0
2004-02-25,2410.0,2430.0,2340.0,2370.0
2004-02-26,2355.0,2380.0,2350.0,2365.0
2004-02-27,2375.0,2390.0,2330.0,2380.0
2004-03-01,2380.0,2430.0,2380.0,2430.0
2004-03-02,2460.0,2470.0,2405.0,2405.0
2004-03-03,2470.0,2470.0,2430.0,2435.0
2004-03-04,2475.0,2535.0,2475.0,2520.0
2004-03-05,2470.0,2525.0,2445.0,2500.0
2004-03-08,2505.0,2525.0,2490.0,2490.0
2004-03-09,2480.0,2490.0,2465.0,2470.0
2004-03-10,2475.0,2515.0,2460.0,2500.0
2004-03-11,2495.0,2510.0,2460.0,2490.0
2004-03-12,2465.0,2465.0,2425.0,2455.0
2004-03-15,2500.0,2530.0,2465.0,2510.0
2004-03-16,2525.0,2650.0,2525.0,2625.0
2004-03-17,2675.0,2700.0,2655.0,2700.0
2004-03-18,2750.0,2750.0,2645.0,2645.0
2004-03-19,2635.0,2670.0,2625.0,2655.0
2004-03-22,2630.0,2650.0,2615.0,2615.0
2004-03-23,2605.0,2605.0,2510.0,2570.0
2004-03-24,2550.0,2640.0,2550.0,2640.0
2004-03-25,2650.0,2825.0,2650.0,2815.0
2004-03-26,2995.0,2995.0,2895.0,2960.0
2004-03-29,2980.0,3195.0,2960.0,3080.0
2004-03-30,3120.0,3120.0,2975.0,3035.0
2004-03-31,2975.0,3065.0,2930.0,3015.0
2004-04-01,3145.0,3145.0,3055.0,3100.0
2004-04-02,3050.0,3065.0,3000.0,3005.0
2004-04-05,3050.0,3090.0,3005.0,3040.0
2004-04-06,3055.0,3075.0,2980.0,3030.0
2004-04-07,2980.0,3005.0,2980.0,2995.0
2004-04-08,3005.0,3010.0,2950.0,2995.0
2004-04-09,2975.0,3000.0,2850.0,2875.0
2004-04-12,2950.0,2950.0,2910.0,2945.0
2004-04-13,2955.0,3000.0,2915.0,2935.0
2004-04-14,2900.0,2950.0,2860.0,2935.0
2004-04-15,2950.0,2965.0,2860.0,2860.0
2004-04-16,2910.0,2925.0,2875.0,2900.0
2004-04-19,2990.0,2990.0,2925.0,2975.0
2004-04-20,2975.0,2975.0,2925.0,2960.0
2004-04-21,2925.0,3140.0,2920.0,3120.0
2004-04-22,3145.0,3300.0,3125.0,3240.0
2004-04-23,3250.0,3275.0,3180.0,3250.0
2004-04-26,3275.0,3275.0,3195.0,3235.0
2004-04-27,3170.0,3170.0,3050.0,3075.0
2004-04-28,3080.0,3125.0,3050.0,3080.0
2004-04-29,3080.0,3080.0,3080.0,3080.0
2004-04-30,2905.0,2995.0,2895.0,2955.0
2004-05-03,2955.0,2955.0,2955.0,2955.0
2004-05-04,2955.0,2955.0,2955.0,2955.0
2004-05-05,2955.0,2955.0,2955.0,2955.0
2004-05-06,3005.0,3005.0,2815.0,2815.0
2004-05-07,2760.0,2765.0,2600.0,2655.0
2004-05-10,2680.0,2695.0,2480.0,2505.0
2004-05-11,2550.0,2645.0,2510.0,2590.0
2004-05-12,2650.0,2700.0,2605.0,2680.0
2004-05-13,2685.0,2700.0,2615.0,2615.0
2004-05-14,2515.0,2600.0,2515.0,2535.0
2004-05-17,2545.0,2545.0,2350.0,2380.0
2004-05-18,2350.0,2495.0,2350.0,2410.0
2004-05-19,2475.0,2575.0,2450.0,2555.0
2004-05-20,2580.0,2800.0,2570.0,2770.0
2004-05-21,2740.0,2850.0,2730.0,2830.0
2004-05-24,2935.0,2945.0,2865.0,2890.0
2004-05-25,2885.0,2885.0,2750.0,2795.0
2004-05-26,2815.0,2890.0,2800.0,2805.0
2004-05-27,2765.0,2840.0,2735.0,2775.0
2004-05-28,2775.0,2825.0,2775.0,2800.0
2004-05-31,2850.0,2850.0,2765.0,2775.0
2004-06-01,2775.0,2835.0,2770.0,2815.0
2004-06-02,2845.0,2875.0,2795.0,2850.0
2004-06-03,2805.0,2875.0,2780.0,2780.0
2004-06-04,2730.0,2945.0,2730.0,2895.0
2004-06-07,2920.0,3025.0,2920.0,2990.0
2004-06-08,3050.0,3075.0,2995.0,3040.0
2004-06-09,3040.0,3050.0,2975.0,2995.0
2004-06-10,3025.0,3090.0,2995.0,3090.0
2004-06-11,3100.0,3100.0,3030.0,3055.0
2004-06-14,3050.0,3080.0,3035.0,3040.0
2004-06-15,2960.0,3040.0,2960.0,3035.0
2004-06-16,3050.0,3090.0,3010.0,3085.0
2004-06-17,3125.0,3150.0,3075.0,3105.0
2004-06-18,3125.0,3190.0,3110.0,3165.0
2004-06-21,3225.0,3260.0,3185.0,3195.0
2004-06-22,3145.0,3200.0,3145.0,3190.0
2004-06-23,3140.0,3150.0,3080.0,3080.0
2004-06-24,3145.0,3160.0,3110.0,3135.0
2004-06-25,3150.0,3150.0,3080.0,3115.0
2004-06-28,3165.0,3195.0,3125.0,3150.0
2004-06-29,3130.0,3130.0,3090.0,3120.0
2004-06-30,3105.0,3145.0,3105.0,3145.0
2004-07-01,3100.0,3145.0,3075.0,3080.0
2004-07-02,3005.0,3050.0,3005.0,3030.0
2004-07-05,2980.0,2980.0,2800.0,2810.0
2004-07-06,2860.0,2915.0,2830.0,2850.0
2004-07-07,2845.0,2845.0,2775.0,2820.0
2004-07-08,2895.0,2895.0,2785.0,2785.0
2004-07-09,2790.0,2840.0,2790.0,2810.0
2004-07-12,2920.0,2920.0,2860.0,2885.0
2004-07-13,2925.0,2925.0,2860.0,2860.0
2004-07-14,2825.0,2885.0,2815.0,2815.0
2004-07-15,2785.0,2830.0,2750.0,2760.0
2004-07-16,2755.0,2755.0,2690.0,2740.0
2004-07-19,2740.0,2740.0,2740.0,2740.0
2004-07-20,2700.0,2705.0,2605.0,2620.0
2004-07-21,2690.0,2740.0,2690.0,2700.0
2004-07-22,2700.0,2720.0,2685.0,2700.0
2004-07-23,2800.0,2800.0,2690.0,2695.0
2004-07-26,2665.0,2800.0,2625.0,2700.0
2004-07-27,2675.0,2750.0,2650.0,2660.0
2004-07-28,2680.0,2700.0,2675.0,2700.0
2004-07-29,2740.0,2740.0,2620.0,2625.0
2004-07-30,2640.0,2695.0,2640.0,2695.0
2004-08-02,2715.0,2725.0,2635.0,2635.0
2004-08-03,2640.0,2670.0,2625.0,2635.0
2004-08-04,2615.0,2615.0,2450.0,2550.0
2004-08-05,2500.0,2540.0,2480.0,2515.0
2004-08-06,2490.0,2505.0,2450.0,2480.0
2004-08-09,2410.0,2450.0,2375.0,2450.0
2004-08-10,2410.0,2465.0,2410.0,2450.0
2004-08-11,2475.0,2550.0,2475.0,2485.0
2004-08-12,2465.0,2520.0,2465.0,2520.0
2004-08-13,2475.0,2540.0,2470.0,2475.0
2004-08-16,2550.0,2550.0,2460.0,2460.0
2004-08-17,2520.0,2520.0,2490.0,2500.0
2004-08-18,2490.0,2510.0,2480.0,2510.0
2004-08-19,2570.0,2595.0,2525.0,2595.0
2004-08-20,2595.0,2595.0,2560.0,2570.0
2004-08-23,2605.0,2645.0,2605.0,2605.0
2004-08-24,2630.0,2650.0,2625.0,2650.0
2004-08-25,2650.0,2715.0,2650.0,2700.0
2004-08-26,2750.0,2750.0,2700.0,2700.0
2004-08-27,2700.0,2765.0,2685.0,2765.0
2004-08-30,2765.0,2800.0,2725.0,2800.0
2004-08-31,2750.0,2810.0,2750.0,2785.0
2004-09-01,2865.0,2985.0,2825.0,2950.0
2004-09-02,2950.0,2955.0,2845.0,2925.0
2004-09-03,2925.0,2950.0,2900.0,2950.0
2004-09-06,2960.0,3030.0,2950.0,3030.0
2004-09-07,3005.0,3095.0,2940.0,3095.0
2004-09-08,3000.0,3050.0,3000.0,3025.0
2004-09-09,3030.0,3065.0,2995.0,3045.0
2004-09-10,3065.0,3065.0,2950.0,3000.0
2004-09-13,3010.0,3050.0,3005.0,3035.0
2004-09-14,3050.0,3050.0,3010.0,3025.0
2004-09-15,2975.0,3010.0,2965.0,2975.0
2004-09-16,2905.0,2925.0,2850.0,2880.0
2004-09-17,2825.0,2850.0,2780.0,2800.0
2004-09-20,2800.0,2800.0,2800.0,2800.0
2004-09-21,2770.0,2800.0,2750.0,2755.0
2004-09-22,2785.0,2900.0,2760.0,2800.0
2004-09-23,2800.0,2800.0,2800.0,2800.0
2004-09-24,2800.0,2850.0,2725.0,2750.0
2004-09-27,2725.0,2745.0,2695.0,2720.0
2004-09-28,2715.0,2765.0,2695.0,2725.0
2004-09-29,2770.0,2775.0,2665.0,2680.0
2004-09-30,2700.0,2750.0,2690.0,2705.0
2004-10-01,2785.0,2785.0,2725.0,2740.0
2004-10-04,2850.0,2875.0,2765.0,2830.0
2004-10-05,2850.0,2850.0,2800.0,2845.0
2004-10-06,2795.0,2820.0,2795.0,2810.0
2004-10-07,2810.0,2825.0,2785.0,2785.0
2004-10-08,2785.0,2795.0,2760.0,2795.0
2004-10-11,2795.0,2795.0,2795.0,2795.0
2004-10-12,2760.0,2850.0,2750.0,2750.0
2004-10-13,2805.0,2805.0,2745.0,2745.0
2004-10-14,2745.0,2745.0,2600.0,2700.0
2004-10-15,2600.0,2670.0,2600.0,2635.0
2004-10-18,2650.0,2710.0,2650.0,2675.0
2004-10-19,2675.0,2675.0,2635.0,2645.0
2004-10-20,2635.0,2635.0,2590.0,2625.0
2004-10-21,2625.0,2625.0,2575.0,2575.0
2004-10-22,2575.0,2575.0,2540.0,2575.0
2004-10-25,2560.0,2600.0,2500.0,2595.0
2004-10-26,2600.0,2605.0,2560.0,2575.0
2004-10-27,2605.0,2605.0,2565.0,2590.0
2004-10-28,2685.0,2685.0,2615.0,2650.0
2004-10-29,2700.0,2700.0,2655.0,2655.0
2004-11-01,2695.0,2695.0,2555.0,2575.0
2004-11-02,2575.0,2600.0,2545.0,2600.0
2004-11-03,2600.0,2600.0,2600.0,2600.0
2004-11-04,2685.0,2685.0,2590.0,2590.0
2004-11-05,2635.0,2645.0,2590.0,2590.0
2004-11-08,2650.0,2650.0,2565.0,2595.0
2004-11-09,2570.0,2580.0,2530.0,2560.0
2004-11-10,2560.0,2595.0,2540.0,2550.0
2004-11-11,2535.0,2550.0,2515.0,2515.0
2004-11-12,2500.0,2525.0,2500.0,2510.0
2004-11-15,2510.0,2555.0,2510.0,2555.0
2004-11-16,2550.0,2550.0,2515.0,2525.0
2004-11-17,2515.0,2555.0,2515.0,2515.0
2004-11-18,2550.0,2570.0,2525.0,2570.0
2004-11-19,2585.0,2710.0,2585.0,2680.0
2004-11-22,2700.0,2700.0,2645.0,2645.0
2004-11-23,2645.0,2645.0,2645.0,2645.0
2004-11-24,2665.0,2715.0,2660.0,2690.0
2004-11-25,2745.0,2750.0,2700.0,2710.0
2004-11-26,2750.0,2750.0,2710.0,2735.0
2004-11-29,2750.0,2750.0,2715.0,2725.0
2004-11-30,2715.0,2730.0,2605.0,2725.0
2004-12-01,2715.0,2725.0,2695.0,2725.0
2004-12-02,2755.0,2765.0,2725.0,2725.0
2004-12-03,2725.0,2740.0,2720.0,2725.0
2004-12-06,2740.0,2765.0,2725.0,2765.0
2004-12-07,2735.0,2765.0,2655.0,2660.0
2004-12-08,2565.0,2640.0,2565.0,2615.0
2004-12-09,2610.0,2620.0,2595.0,2595.0
2004-12-10,2595.0,2605.0,2570.0,2570.0
2004-12-13,2550.0,2600.0,2550.0,2570.0
2004-12-14,2595.0,2595.0,2535.0,2570.0
2004-12-15,2555.0,2585.0,2550.0,2555.0
2004-12-16,2550.0,2565.0,2530.0,2550.0
2004-12-17,2545.0,2600.0,2545.0,2590.0
2004-12-20,2585.0,2610.0,2575.0,2605.0
2004-12-21,2585.0,2605.0,2570.0,2595.0
2004-12-22,2680.0,2845.0,2675.0,2795.0
2004-12-23,2795.0,2795.0,2795.0,2795.0
2004-12-24,2970.0,2980.0,2920.0,2935.0
2004-12-27,2925.0,2950.0,2850.0,2885.0
2004-12-28,2835.0,2885.0,2820.0,2845.0
2004-12-29,2890.0,2890.0,2800.0,2815.0
2004-12-30,2825.0,2825.0,2800.0,2805.0
2004-12-31,2805.0,2805.0,2805.0,2805.0
2005-01-03,2805.0,2805.0,2805.0,2805.0
2005-01-04,2850.0,2850.0,2805.0,2850.0
2005-01-05,2810.0,2835.0,2800.0,2800.0
2005-01-06,2795.0,2870.0,2795.0,2850.0
2005-01-07,2825.0,2865.0,2825.0,2840.0
2005-01-10,2840.0,2840.0,2840.0,2840.0
2005-01-11,2845.0,2865.0,2840.0,2865.0
2005-01-12,2860.0,2865.0,2815.0,2860.0
2005-01-13,2865.0,2875.0,2825.0,2830.0
2005-01-14,2845.0,2905.0,2845.0,2905.0
2005-01-17,2915.0,2975.0,2900.0,2900.0
2005-01-18,2870.0,2900.0,2870.0,2895.0
2005-01-19,2860.0,2950.0,2845.0,2915.0
2005-01-20,2865.0,2910.0,2865.0,2900.0
2005-01-21,2850.0,2885.0,2835.0,2880.0
2005-01-24,2875.0,2900.0,2860.0,2890.0
2005-01-25,2920.0,2920.0,2865.0,2920.0
2005-01-26,2925.0,2940.0,2900.0,2930.0
2005-01-27,2925.0,2940.0,2855.0,2925.0
2005-01-28,2925.0,2925.0,2875.0,2905.0
2005-01-31,2900.0,2920.0,2885.0,2910.0
2005-02-01,2890.0,2915.0,2875.0,2890.0
2005-02-02,2920.0,2935.0,2910.0,2935.0
2005-02-03,2910.0,2950.0,2910.0,2935.0
2005-02-04,2910.0,2910.0,2875.0,2875.0
2005-02-07,2880.0,2915.0,2880.0,2910.0
2005-02-08,2920.0,2945.0,2905.0,2925.0
2005-02-09,2950.0,2950.0,2930.0,2930.0
2005-02-10,2950.0,2980.0,2930.0,2950.0
2005-02-11,2950.0,2950.0,2950.0,2950.0
2005-02-14,2980.0,3010.0,2960.0,2960.0
2005-02-15,2935.0,3025.0,2935.0,2950.0
2005-02-16,2950.0,2975.0,2920.0,2920.0
2005-02-17,2905.0,2915.0,2895.0,2895.0
2005-02-18,2875.0,2925.0,2875.0,2920.0
2005-02-21,2920.0,2920.0,2880.0,2890.0
2005-02-22,2900.0,2900.0,2860.0,2865.0
2005-02-23,2850.0,2855.0,2800.0,2850.0
2005-02-24,2850.0,2850.0,2820.0,2825.0
2005-02-25,2825.0,2925.0,2820.0,2855.0
2005-02-28,2950.0,3025.0,2910.0,3020.0
2005-03-01,3020.0,3050.0,2970.0,3020.0
2005-03-02,3050.0,3050.0,3005.0,3020.0
2005-03-03,3020.0,3040.0,2980.0,3010.0
2005-03-04,3015.0,3015.0,2990.0,3000.0
2005-03-07,3005.0,3040.0,2950.0,3000.0
2005-03-08,3015.0,3190.0,3015.0,3160.0
2005-03-09,3140.0,3325.0,3130.0,3295.0
2005-03-10,3285.0,3420.0,3265.0,3365.0
2005-03-11,3400.0,3445.0,3315.0,3340.0
2005-03-14,3260.0,3360.0,3225.0,3315.0
2005-03-15,3320.0,3320.0,3250.0,3250.0
2005-03-16,3235.0,3290.0,3200.0,3290.0
2005-03-17,3250.0,3330.0,3210.0,3300.0
2005-03-18,3295.0,3425.0,3295.0,3400.0
2005-03-21,3400.0,3400.0,3400.0,3400.0
2005-03-22,3445.0,3445.0,3375.0,3415.0
2005-03-23,3425.0,3435.0,3335.0,3420.0
2005-03-24,3415.0,3425.0,3375.0,3425.0
2005-03-25,3390.0,3415.0,3350.0,3390.0
2005-03-28,3375.0,3485.0,3350.0,3485.0
2005-03-29,3480.0,3625.0,3480.0,3540.0
2005-03-30,3500.0,3505.0,3420.0,3470.0
2005-03-31,3430.0,3595.0,3430.0,3595.0
2005-04-01,3600.0,3600.0,3525.0,3550.0
2005-04-04,3500.0,3540.0,3500.0,3510.0
2005-04-05,3510.0,3540.0,3450.0,3500.0
2005-04-06,3500.0,3500.0,3430.0,3455.0
2005-04-07,3455.0,3520.0,3440.0,3460.0
2005-04-08,3500.0,3525.0,3475.0,3515.0
2005-04-11,3515.0,3570.0,3510.0,3535.0
2005-04-12,3515.0,3515.0,3475.0,3480.0
2005-04-13,3500.0,3545.0,3465.0,3525.0
2005-04-14,3515.0,3515.0,3435.0,3450.0
2005-04-15,3405.0,3405.0,3290.0,3380.0
2005-04-18,3130.0,3235.0,3130.0,3175.0
2005-04-19,3255.0,3395.0,3250.0,3375.0
2005-04-20,3380.0,3390.0,3350.0,3370.0
2005-04-21,3270.0,3350.0,3240.0,3245.0
2005-04-22,3340.0,3400.0,3340.0,3385.0
2005-04-25,3335.0,3375.0,3300.0,3355.0
2005-04-26,3330.0,3360.0,3310.0,3320.0
2005-04-27,3300.0,3350.0,3290.0,3345.0
2005-04-28,3305.0,3330.0,3305.0,3325.0
2005-04-29,3325.0,3325.0,3325.0,3325.0
2005-05-02,3300.0,3350.0,3250.0,3315.0
2005-05-03,3315.0,3315.0,3315.0,3315.0
2005-05-04,3315.0,3315.0,3315.0,3315.0
2005-05-05,3315.0,3315.0,3315.0,3315.0
2005-05-06,3335.0,3365.0,3315.0,3345.0
2005-05-09,3420.0,3420.0,3370.0,3415.0
2005-05-10,3415.0,3435.0,3410.0,3420.0
2005-05-11,3370.0,3440.0,3355.0,3390.0
2005-05-12,3355.0,3355.0,3320.0,3350.0
2005-05-13,3210.0,3250.0,3200.0,3215.0
2005-05-16,3185.0,3215.0,3165.0,3170.0
2005-05-17,3200.0,3200.0,3075.0,3120.0
2005-05-18,3180.0,3180.0,3080.0,3105.0
2005-05-19,3205.0,3570.0,3180.0,3570.0
2005-05-20,3585.0,3590.0,3450.0,3530.0
2005-05-23,3550.0,3725.0,3545.0,3720.0
2005-05-24,3800.0,3800.0,3725.0,3750.0
2005-05-25,3765.0,3775.0,3645.0,3675.0
2005-05-26,3625.0,3690.0,3625.0,3665.0
2005-05-27,3730.0,3840.0,3730.0,3840.0
2005-05-30,3950.0,4225.0,3900.0,4020.0
2005-05-31,4090.0,4090.0,4030.0,4085.0
2005-06-01,4085.0,4230.0,4055.0,4200.0
2005-06-02,4205.0,4300.0,4115.0,4190.0
2005-06-03,4160.0,4195.0,4095.0,4185.0
2005-06-06,4150.0,4370.0,4150.0,4310.0
2005-06-07,4350.0,4425.0,4310.0,4425.0
2005-06-08,4450.0,4620.0,4450.0,4615.0
2005-06-09,4675.0,4740.0,4655.0,4700.0
2005-06-10,4750.0,4750.0,4505.0,4545.0
2005-06-13,4575.0,4645.0,4335.0,4415.0
2005-06-14,4395.0,4510.0,4275.0,4500.0
2005-06-15,4525.0,4570.0,4405.0,4515.0
2005-06-16,4495.0,4640.0,4435.0,4610.0
2005-06-17,4625.0,4840.0,4625.0,4800.0
2005-06-20,4800.0,4925.0,4780.0,4875.0
2005-06-21,4940.0,5145.0,4925.0,5140.0
2005-06-22,5140.0,5145.0,5025.0,5080.0
2005-06-23,5050.0,5080.0,4980.0,5030.0
2005-06-24,4975.0,5100.0,4905.0,5100.0
2005-06-27,5005.0,5010.0,4900.0,4990.0
2005-06-28,4955.0,5075.0,4955.0,5050.0
2005-06-29,5110.0,5175.0,5095.0,5130.0
2005-06-30,5095.0,5130.0,4970.0,4970.0
2005-07-01,4920.0,4955.0,4760.0,4790.0
2005-07-04,4840.0,4855.0,4785.0,4830.0
2005-07-05,4800.0,4800.0,4630.0,4640.0
2005-07-06,4645.0,4730.0,4645.0,4670.0
2005-07-07,4650.0,4820.0,4625.0,4715.0
2005-07-08,4710.0,4895.0,4710.0,4865.0
2005-07-11,4985.0,4985.0,4900.0,4950.0
2005-07-12,4975.0,4975.0,4825.0,4920.0
2005-07-13,4895.0,4900.0,4725.0,4770.0
2005-07-14,4720.0,4820.0,4720.0,4820.0
2005-07-15,4870.0,4870.0,4735.0,4745.0
2005-07-18,4745.0,4745.0,4745.0,4745.0
2005-07-19,4755.0,4820.0,4755.0,4800.0
2005-07-20,4800.0,4850.0,4775.0,4840.0
2005-07-21,4800.0,4830.0,4730.0,4730.0
2005-07-22,4680.0,4690.0,4615.0,4670.0
2005-07-25,4630.0,4650.0,4530.0,4555.0
2005-07-26,4540.0,4765.0,4525.0,4765.0
2005-07-27,4750.0,4815.0,4740.0,4780.0
2005-07-28,4800.0,4800.0,4685.0,4715.0
2005-07-29,4745.0,4745.0,4655.0,4690.0
2005-08-01,4660.0,4665.0,4600.0,4625.0
2005-08-02,4625.0,4650.0,4555.0,4595.0
2005-08-03,4620.0,4620.0,4535.0,4555.0
2005-08-04,4505.0,4520.0,4405.0,4465.0
2005-08-05,4370.0,4445.0,4350.0,4375.0
2005-08-08,4175.0,4390.0,4175.0,4375.0
2005-08-09,4425.0,4600.0,4425.0,4580.0
2005-08-10,4705.0,4705.0,4575.0,4590.0
2005-08-11,4640.0,4640.0,4550.0,4580.0
2005-08-12,4550.0,4560.0,4525.0,4545.0
2005-08-15,4555.0,4590.0,4530.0,4585.0
2005-08-16,4600.0,4620.0,4535.0,4620.0
2005-08-17,4610.0,4610.0,4530.0,4550.0
2005-08-18,4610.0,4610.0,4555.0,4575.0
2005-08-19,4545.0,4545.0,4515.0,4535.0
2005-08-22,3575.0,3725.0,3575.0,3645.0
2005-08-23,3755.0,3790.0,3705.0,3730.0
2005-08-24,3710.0,3710.0,3640.0,3660.0
2005-08-25,3665.0,3685.0,3640.0,3650.0
2005-08-26,3650.0,3685.0,3600.0,3615.0
2005-08-29,3625.0,3625.0,3580.0,3595.0
2005-08-30,3600.0,3620.0,3580.0,3580.0
2005-08-31,3585.0,3585.0,3540.0,3540.0
2005-09-01,3565.0,3580.0,3545.0,3555.0
2005-09-02,3545.0,3545.0,3440.0,3490.0
2005-09-05,3465.0,3465.0,3385.0,3405.0
2005-09-06,3405.0,3495.0,3405.0,3490.0
2005-09-07,3535.0,3600.0,3535.0,3595.0
2005-09-08,3625.0,3625.0,3525.0,3525.0
2005-09-09,3560.0,3575.0,3530.0,3560.0
2005-09-12,3595.0,3600.0,3560.0,3560.0
2005-09-13,3565.0,3595.0,3520.0,3525.0
2005-09-14,3525.0,3555.0,3515.0,3515.0
2005-09-15,3520.0,3535.0,3510.0,3535.0
2005-09-16,3520.0,3530.0,3510.0,3525.0
2005-09-19,3525.0,3525.0,3525.0,3525.0
2005-09-20,3545.0,3575.0,3525.0,3525.0
2005-09-21,3530.0,3530.0,3505.0,3505.0
2005-09-22,3510.0,3515.0,3425.0,3460.0
2005-09-23,3460.0,3460.0,3460.0,3460.0
2005-09-26,3425.0,3460.0,3420.0,3460.0
2005-09-27,3430.0,3450.0,3420.0,3420.0
2005-09-28,3420.0,3420.0,3365.0,3370.0
2005-09-29,3330.0,3335.0,3255.0,3280.0
2005-09-30,3330.0,3345.0,3290.0,3345.0
2005-10-03,3485.0,3485.0,3410.0,3445.0
2005-10-04,3495.0,3525.0,3455.0,3520.0
2005-10-05,3545.0,3545.0,3485.0,3485.0
2005-10-06,3385.0,3435.0,3355.0,3365.0
2005-10-07,3355.0,3380.0,3345.0,3345.0
2005-10-10,3345.0,3345.0,3345.0,3345.0
2005-10-11,3350.0,3375.0,3350.0,3360.0
2005-10-12,3365.0,3385.0,3305.0,3340.0
2005-10-13,3305.0,3325.0,3240.0,3250.0
2005-10-14,3260.0,3315.0,3255.0,3315.0
2005-10-17,3350.0,3350.0,3285.0,3315.0
2005-10-18,3330.0,3330.0,3285.0,3325.0
2005-10-19,3335.0,3335.0,3300.0,3325.0
2005-10-20,3340.0,3365.0,3335.0,3340.0
2005-10-21,3325.0,3325.0,3250.0,3265.0
2005-10-24,3260.0,3260.0,3225.0,3230.0
2005-10-25,3235.0,3285.0,3235.0,3245.0
2005-10-26,3290.0,3290.0,3260.0,3270.0
2005-10-27,3295.0,3305.0,3275.0,3305.0
2005-10-28,3300.0,3305.0,3280.0,3280.0
2005-10-31,3330.0,3365.0,3300.0,3360.0
2005-11-01,3395.0,3400.0,3380.0,3400.0
2005-11-02,3425.0,3430.0,3400.0,3400.0
2005-11-03,3400.0,3400.0,3400.0,3400.0
2005-11-04,3405.0,3430.0,3390.0,3395.0
2005-11-07,3420.0,3425.0,3325.0,3350.0
2005-11-08,3355.0,3365.0,3305.0,3315.0
2005-11-09,3325.0,3350.0,3305.0,3330.0
2005-11-10,3330.0,3345.0,3325.0,3335.0
2005-11-11,3340.0,3360.0,3330.0,3340.0
2005-11-14,3350.0,3375.0,3330.0,3345.0
2005-11-15,3360.0,3370.0,3340.0,3360.0
2005-11-16,3340.0,3360.0,3315.0,3360.0
2005-11-17,3375.0,3515.0,3365.0,3515.0
2005-11-18,3580.0,3615.0,3575.0,3595.0
2005-11-21,3630.0,3735.0,3625.0,3715.0
2005-11-22,3740.0,3745.0,3690.0,3715.0
2005-11-23,3715.0,3715.0,3715.0,3715.0
2005-11-24,3715.0,3725.0,3690.0,3690.0
2005-11-25,3675.0,3690.0,3595.0,3650.0
2005-11-28,3650.0,3680.0,3625.0,3675.0
2005-11-29,3705.0,3835.0,3685.0,3835.0
2005-11-30,3840.0,3900.0,3785.0,3810.0
2005-12-01,3825.0,3850.0,3815.0,3835.0
2005-12-02,3885.0,3995.0,3850.0,3950.0
2005-12-05,4000.0,4030.0,3955.0,3995.0
2005-12-06,3995.0,4005.0,3925.0,3930.0
2005-12-07,3930.0,3930.0,3765.0,3770.0
2005-12-08,3750.0,3750.0,3680.0,3695.0
2005-12-09,3700.0,3825.0,3690.0,3810.0
2005-12-12,3850.0,3880.0,3830.0,3850.0
2005-12-13,3855.0,3860.0,3725.0,3735.0
2005-12-14,3835.0,3835.0,3710.0,3750.0
2005-12-15,3750.0,3750.0,3690.0,3725.0
2005-12-16,3695.0,3715.0,3675.0,3710.0
2005-12-19,3660.0,3735.0,3660.0,3665.0
2005-12-20,3670.0,3680.0,3610.0,3670.0
2005-12-21,3720.0,3725.0,3670.0,3670.0
2005-12-22,3700.0,3710.0,3680.0,3690.0
2005-12-23,3690.0,3690.0,3690.0,3690.0
2005-12-26,3705.0,3930.0,3705.0,3875.0
2005-12-27,3775.0,3825.0,3775.0,3800.0
2005-12-28,3810.0,3810.0,3745.0,3780.0
2005-12-29,3730.0,3800.0,3730.0,3750.0
2005-12-30,3895.0,3895.0,3730.0,3765.0
2006-01-02,3765.0,3765.0,3765.0,3765.0
2006-01-03,3765.0,3765.0,3765.0,3765.0
2006-01-04,3895.0,3895.0,3800.0,3845.0
2006-01-05,3845.0,3910.0,3830.0,3905.0
2006-01-06,3915.0,4145.0,3910.0,4125.0
2006-01-09,4125.0,4125.0,4125.0,4125.0
2006-01-10,4250.0,4380.0,4225.0,4310.0
2006-01-11,4295.0,4350.0,4160.0,4340.0
2006-01-12,4350.0,4825.0,4345.0,4640.0
2006-01-13,4550.0,4640.0,4340.0,4610.0
2006-01-16,4620.0,4645.0,4445.0,4475.0
2006-01-17,4375.0,4465.0,4255.0,4255.0
2006-01-18,4150.0,4200.0,3950.0,3960.0
2006-01-19,3950.0,4305.0,3925.0,4230.0
2006-01-20,4380.0,4380.0,4130.0,4130.0
2006-01-23,3980.0,4150.0,3980.0,4000.0
2006-01-24,3975.0,4200.0,3975.0,4150.0
2006-01-25,4105.0,4280.0,4105.0,4235.0
2006-01-26,4185.0,4200.0,4110.0,4150.0
2006-01-27,4210.0,4315.0,4205.0,4260.0
2006-01-30,4375.0,4500.0,4325.0,4450.0
2006-01-31,4500.0,4595.0,4410.0,4500.0
2006-02-01,4505.0,4505.0,4400.0,4400.0
2006-02-02,4400.0,4485.0,4395.0,4430.0
2006-02-03,4440.0,4440.0,4405.0,4425.0
2006-02-06,4325.0,4360.0,4280.0,4350.0
2006-02-07,4330.0,4500.0,4325.0,4435.0
2006-02-08,4535.0,4550.0,4445.0,4525.0
2006-02-09,4535.0,4535.0,4300.0,4325.0
2006-02-10,4305.0,4400.0,4300.0,4365.0
2006-02-13,4150.0,4150.0,4010.0,4080.0
2006-02-14,4090.0,4100.0,3985.0,4050.0
2006-02-15,4225.0,4225.0,4055.0,4065.0
2006-02-16,3925.0,4055.0,3880.0,3920.0
2006-02-17,3930.0,3970.0,3745.0,3755.0
2006-02-20,3560.0,3695.0,3500.0,3590.0
2006-02-21,3620.0,3660.0,3540.0,3615.0
2006-02-22,3625.0,3645.0,3560.0,3640.0
2006-02-23,3600.0,3700.0,3580.0,3640.0
2006-02-24,3715.0,3715.0,3585.0,3610.0
2006-02-27,3730.0,3790.0,3615.0,3640.0
2006-02-28,3650.0,3660.0,3580.0,3595.0
2006-03-01,3605.0,3620.0,3550.0,3550.0
2006-03-02,3585.0,3625.0,3515.0,3520.0
2006-03-03,3530.0,3540.0,3420.0,3465.0
2006-03-06,3440.0,3475.0,3330.0,3395.0
2006-03-07,3425.0,3440.0,3360.0,3365.0
2006-03-08,3370.0,3420.0,3320.0,3320.0
2006-03-09,3400.0,3595.0,3385.0,3595.0
2006-03-10,3535.0,3570.0,3505.0,3530.0
2006-03-13,3600.0,3630.0,3555.0,3580.0
2006-03-14,3625.0,3625.0,3555.0,3585.0
2006-03-15,3575.0,3610.0,3565.0,3565.0
2006-03-16,3590.0,3625.0,3565.0,3565.0
2006-03-17,3610.0,3625.0,3565.0,3625.0
2006-03-20,3680.0,3680.0,3625.0,3640.0
2006-03-21,3640.0,3640.0,3640.0,3640.0
2006-03-22,3655.0,3670.0,3620.0,3660.0
2006-03-23,3710.0,3720.0,3600.0,3650.0
2006-03-24,3650.0,3650.0,3580.0,3590.0
2006-03-27,3605.0,3645.0,3580.0,3590.0
2006-03-28,3575.0,3625.0,3575.0,3595.0
2006-03-29,3585.0,3680.0,3570.0,3665.0
2006-03-30,3725.0,3905.0,3680.0,3705.0
2006-03-31,3725.0,3755.0,3685.0,3690.0
2006-04-03,3725.0,3870.0,3725.0,3845.0
2006-04-04,3855.0,3925.0,3855.0,3890.0
2006-04-05,3890.0,3890.0,3820.0,3820.0
2006-04-06,3840.0,3860.0,3835.0,3855.0
2006-04-07,3855.0,3875.0,3815.0,3840.0
2006-04-10,3850.0,3895.0,3840.0,3855.0
2006-04-11,3925.0,3940.0,3835.0,3920.0
2006-04-12,3895.0,3900.0,3840.0,3855.0
2006-04-13,3860.0,3875.0,3845.0,3865.0
2006-04-14,3895.0,3895.0,3840.0,3845.0
2006-04-17,3850.0,3875.0,3790.0,3800.0
2006-04-18,3775.0,3870.0,3775.0,3870.0
2006-04-19,3845.0,3885.0,3800.0,3825.0
2006-04-20,3870.0,3870.0,3790.0,3790.0
2006-04-21,3800.0,3830.0,3775.0,3830.0
2006-04-24,3825.0,3825.0,3700.0,3700.0
2006-04-25,3670.0,3670.0,3600.0,3600.0
2006-04-26,3650.0,3655.0,3650.0,3650.0
2006-04-27,3625.0,3670.0,3625.0,3665.0
2006-04-28,3715.0,3715.0,3610.0,3670.0
2006-05-01,3700.0,3700.0,3635.0,3645.0
2006-05-02,3660.0,3715.0,3620.0,3715.0
2006-05-03,3715.0,3715.0,3715.0,3715.0
2006-05-04,3715.0,3715.0,3715.0,3715.0
2006-05-05,3715.0,3715.0,3715.0,3715.0
2006-05-08,3735.0,3745.0,3660.0,3740.0
2006-05-09,3700.0,3700.0,3650.0,3650.0
2006-05-10,3635.0,3660.0,3600.0,3605.0
2006-05-11,3625.0,3650.0,3600.0,3600.0
2006-05-12,3600.0,3600.0,3530.0,3555.0
2006-05-15,3550.0,3550.0,3450.0,3475.0
2006-05-16,3525.0,3555.0,3380.0,3420.0
2006-05-17,3520.0,3535.0,3450.0,3510.0
2006-05-18,3400.0,3600.0,3390.0,3575.0
2006-05-19,3690.0,3700.0,3650.0,3695.0
2006-05-22,3755.0,3775.0,3550.0,3560.0
2006-05-23,3490.0,3500.0,3410.0,3410.0
2006-05-24,3490.0,3500.0,3425.0,3485.0
2006-05-25,3505.0,3515.0,3465.0,3495.0
2006-05-26,3560.0,3575.0,3515.0,3575.0
2006-05-29,3640.0,3650.0,3580.0,3590.0
2006-05-30,3590.0,3620.0,3525.0,3570.0
2006-05-31,3565.0,3565.0,3475.0,3485.0
2006-06-01,3590.0,3620.0,3500.0,3535.0
2006-06-02,3600.0,3600.0,3420.0,3590.0
2006-06-05,3505.0,3505.0,3425.0,3470.0
2006-06-06,3450.0,3450.0,3375.0,3380.0
2006-06-07,3380.0,3425.0,3250.0,3250.0
2006-06-08,3150.0,3225.0,3150.0,3155.0
2006-06-09,3105.0,3220.0,3055.0,3175.0
2006-06-12,3125.0,3270.0,3125.0,3250.0
2006-06-13,3345.0,3350.0,3195.0,3250.0
2006-06-14,3155.0,3245.0,3110.0,3130.0
2006-06-15,3225.0,3250.0,3200.0,3205.0
2006-06-16,3285.0,3340.0,3280.0,3340.0
2006-06-19,3340.0,3365.0,3280.0,3320.0
2006-06-20,3270.0,3325.0,3265.0,3325.0
2006-06-21,3330.0,3330.0,3230.0,3290.0
2006-06-22,3340.0,3350.0,3235.0,3350.0
2006-06-23,3350.0,3350.0,3295.0,3300.0
2006-06-26,3300.0,3300.0,3255.0,3260.0
2006-06-27,3305.0,3305.0,3250.0,3270.0
2006-06-28,3250.0,3250.0,3215.0,3215.0
2006-06-29,3215.0,3265.0,3215.0,3265.0
2006-06-30,3285.0,3315.0,3270.0,3295.0
2006-07-03,3305.0,3305.0,3280.0,3290.0
2006-07-04,3300.0,3325.0,3300.0,3315.0
2006-07-05,3255.0,3280.0,3250.0,3260.0
2006-07-06,3320.0,3320.0,3255.0,3275.0
2006-07-07,3280.0,3280.0,3205.0,3205.0
2006-07-10,3205.0,3245.0,3165.0,3225.0
2006-07-11,3250.0,3250.0,3170.0,3235.0
2006-07-12,3235.0,3235.0,3130.0,3140.0
2006-07-13,3095.0,3100.0,3045.0,3045.0
2006-07-14,3040.0,3150.0,3005.0,3050.0
2006-07-17,3050.0,3050.0,3050.0,3050.0
2006-07-18,3020.0,3020.0,2910.0,2925.0
2006-07-19,2995.0,3020.0,2975.0,2990.0
2006-07-20,3100.0,3160.0,3050.0,3150.0
2006-07-21,3015.0,3120.0,3015.0,3120.0
2006-07-24,3100.0,3100.0,3020.0,3020.0
2006-07-25,3125.0,3175.0,3115.0,3175.0
2006-07-26,3170.0,3180.0,3125.0,3150.0
2006-07-27,3150.0,3155.0,3125.0,3155.0
2006-07-28,3175.0,3235.0,3125.0,3235.0
2006-07-31,3235.0,3290.0,3225.0,3225.0
2006-08-01,3350.0,3350.0,3260.0,3265.0
2006-08-02,3315.0,3315.0,3250.0,3250.0
2006-08-03,3275.0,3300.0,3240.0,3240.0
2006-08-04,3230.0,3230.0,3170.0,3200.0
2006-08-07,3245.0,3245.0,3125.0,3125.0
2006-08-08,3175.0,3175.0,3030.0,3100.0
2006-08-09,3150.0,3330.0,3115.0,3290.0
2006-08-10,3330.0,3360.0,3290.0,3360.0
2006-08-11,3360.0,3440.0,3315.0,3425.0
2006-08-14,3375.0,3635.0,3325.0,3605.0
2006-08-15,3600.0,3670.0,3575.0,3670.0
2006-08-16,3680.0,3725.0,3680.0,3700.0
2006-08-17,3700.0,3730.0,3625.0,3635.0
2006-08-18,3685.0,3725.0,3645.0,3725.0
2006-08-21,3700.0,3725.0,3675.0,3705.0
2006-08-22,3700.0,3725.0,3695.0,3720.0
2006-08-23,3675.0,3700.0,3650.0,3695.0
2006-08-24,3645.0,3645.0,3565.0,3585.0
2006-08-25,3580.0,3600.0,3560.0,3600.0
2006-08-28,3555.0,3570.0,3470.0,3505.0
2006-08-29,3545.0,3550.0,3495.0,3530.0
2006-08-30,3580.0,3580.0,3520.0,3560.0
2006-08-31,3575.0,3645.0,3555.0,3615.0
2006-09-01,3630.0,3670.0,3585.0,3625.0
2006-09-04,3700.0,3700.0,3625.0,3640.0
2006-09-05,3625.0,3645.0,3585.0,3645.0
2006-09-06,3550.0,3640.0,3550.0,3565.0
2006-09-07,3555.0,3555.0,3505.0,3520.0
2006-09-08,3620.0,3620.0,3545.0,3575.0
2006-09-11,3570.0,3600.0,3550.0,3595.0
2006-09-12,3550.0,3550.0,3470.0,3490.0
2006-09-13,3500.0,3545.0,3490.0,3510.0
2006-09-14,3460.0,3505.0,3435.0,3500.0
2006-09-15,3455.0,3490.0,3400.0,3480.0
2006-09-18,3480.0,3480.0,3480.0,3480.0
2006-09-19,3495.0,3495.0,3480.0,3495.0
2006-09-20,3490.0,3500.0,3455.0,3480.0
2006-09-21,3535.0,3535.0,3475.0,3505.0
2006-09-22,3455.0,3455.0,3450.0,3455.0
2006-09-25,3550.0,3600.0,3465.0,3540.0
2006-09-26,3520.0,3520.0,3465.0,3475.0
2006-09-27,3505.0,3555.0,3505.0,3555.0
2006-09-28,3575.0,3615.0,3575.0,3600.0
2006-09-29,3555.0,3575.0,3535.0,3570.0
2006-10-02,3645.0,3645.0,3585.0,3625.0
2006-10-03,3620.0,3620.0,3555.0,3575.0
2006-10-04,3590.0,3640.0,3580.0,3585.0
2006-10-05,3590.0,3610.0,3560.0,3610.0
2006-10-06,3570.0,3595.0,3570.0,3585.0
2006-10-09,3585.0,3585.0,3585.0,3585.0
2006-10-10,3550.0,3550.0,3380.0,3410.0
2006-10-11,3410.0,3450.0,3410.0,3440.0
2006-10-12,3490.0,3525.0,3425.0,3470.0
2006-10-13,3470.0,3500.0,3445.0,3455.0
2006-10-16,3465.0,3480.0,3460.0,3465.0
2006-10-17,3480.0,3490.0,3450.0,3450.0
2006-10-18,3425.0,3445.0,3395.0,3430.0
2006-10-19,3495.0,3500.0,3425.0,3445.0
2006-10-20,3440.0,3445.0,3425.0,3425.0
2006-10-23,3405.0,3465.0,3405.0,3435.0
2006-10-24,3480.0,3515.0,3455.0,3505.0
2006-10-25,3545.0,3545.0,3475.0,3500.0
2006-10-26,3500.0,3525.0,3490.0,3525.0
2006-10-27,3525.0,3540.0,3510.0,3515.0
2006-10-30,3485.0,3500.0,3425.0,3435.0
2006-10-31,3440.0,3520.0,3440.0,3470.0
2006-11-01,3475.0,3510.0,3475.0,3475.0
2006-11-02,3475.0,3530.0,3450.0,3525.0
2006-11-03,3525.0,3525.0,3525.0,3525.0
2006-11-06,3480.0,3500.0,3470.0,3500.0
2006-11-07,3550.0,3585.0,3535.0,3570.0
2006-11-08,3570.0,3570.0,3455.0,3475.0
2006-11-09,3475.0,3570.0,3455.0,3475.0
2006-11-10,3465.0,3465.0,3390.0,3410.0
2006-11-13,3420.0,3420.0,3345.0,3350.0
2006-11-14,3355.0,3495.0,3315.0,3425.0
2006-11-15,3495.0,3540.0,3410.0,3410.0
2006-11-16,3535.0,3650.0,3460.0,3605.0
2006-11-17,3620.0,3620.0,3550.0,3590.0
2006-11-20,3595.0,3595.0,3415.0,3435.0
2006-11-21,3450.0,3455.0,3415.0,3430.0
2006-11-22,3460.0,3465.0,3430.0,3455.0
2006-11-23,3455.0,3455.0,3455.0,3455.0
2006-11-24,3500.0,3505.0,3410.0,3410.0
2006-11-27,3495.0,3505.0,3435.0,3470.0
2006-11-28,3470.0,3550.0,3465.0,3550.0
2006-11-29,3590.0,3625.0,3550.0,3625.0
2006-11-30,3645.0,3675.0,3640.0,3660.0
2006-12-01,3685.0,3685.0,3650.0,3675.0
2006-12-04,3675.0,3675.0,3625.0,3670.0
2006-12-05,3620.0,3655.0,3575.0,3625.0
2006-12-06,3640.0,3640.0,3605.0,3630.0
2006-12-07,3660.0,3675.0,3620.0,3675.0
2006-12-08,3690.0,3710.0,3685.0,3690.0
2006-12-11,3640.0,3725.0,3640.0,3725.0
2006-12-12,3715.0,3725.0,3695.0,3725.0
2006-12-13,3725.0,3780.0,3700.0,3780.0
2006-12-14,3800.0,3820.0,3795.0,3810.0
2006-12-15,3825.0,3865.0,3820.0,3835.0
2006-12-18,3860.0,3885.0,3840.0,3845.0
2006-12-19,3845.0,3920.0,3835.0,3870.0
2006-12-20,3870.0,3900.0,3830.0,3900.0
2006-12-21,3925.0,3925.0,3850.0,3850.0
2006-12-22,3850.0,3850.0,3800.0,3800.0
2006-12-25,3795.0,3805.0,3755.0,3775.0
2006-12-26,4010.0,4100.0,4000.0,4060.0
2006-12-27,4075.0,4160.0,4065.0,4125.0
2006-12-28,4125.0,4125.0,4080.0,4100.0
2006-12-29,4100.0,4100.0,4065.0,4065.0
2007-01-04,4155.0,4160.0,4090.0,4105.0
2007-01-05,4115.0,4125.0,4050.0,4050.0
2007-01-09,4050.0,4150.0,4050.0,4120.0
2007-01-10,4110.0,4110.0,3990.0,3990.0
2007-01-11,3995.0,4095.0,3960.0,3965.0
2007-01-12,3970.0,4000.0,3915.0,3960.0
2007-01-15,3980.0,4080.0,3980.0,4055.0
2007-01-16,4055.0,4055.0,4025.0,4035.0
2007-01-17,4050.0,4050.0,4000.0,4020.0
2007-01-18,4025.0,4095.0,4005.0,4005.0
2007-01-19,4000.0,4020.0,3970.0,4020.0
2007-01-22,4025.0,4050.0,4025.0,4030.0
2007-01-23,4045.0,4050.0,3990.0,4045.0
2007-01-24,4050.0,4050.0,4010.0,4045.0
2007-01-25,4045.0,4075.0,4025.0,4025.0
2007-01-26,4075.0,4085.0,4025.0,4085.0
2007-01-29,4060.0,4145.0,4060.0,4100.0
2007-01-30,4060.0,4115.0,4060.0,4105.0
2007-01-31,4070.0,4070.0,4010.0,4025.0
2007-02-01,4025.0,4110.0,4025.0,4080.0
2007-02-02,4080.0,4080.0,4020.0,4020.0
2007-02-05,4010.0,4070.0,4010.0,4040.0
2007-02-06,4025.0,4075.0,4025.0,4025.0
2007-02-07,3975.0,4010.0,3935.0,3995.0
2007-02-08,4025.0,4040.0,3985.0,3985.0
2007-02-09,3990.0,4025.0,3990.0,4005.0
2007-02-13,4015.0,4060.0,4015.0,4015.0
2007-02-14,4050.0,4060.0,4020.0,4020.0
2007-02-15,4060.0,4060.0,4020.0,4030.0
2007-02-16,4020.0,4050.0,4000.0,4030.0
2007-02-19,3990.0,4040.0,3985.0,4005.0
2007-02-20,3995.0,4025.0,3990.0,4015.0
2007-02-21,4015.0,4035.0,4015.0,4025.0
2007-02-22,4055.0,4075.0,4040.0,4045.0
2007-02-23,4095.0,4100.0,4055.0,4055.0
2007-02-26,4100.0,4395.0,4100.0,4210.0
2007-02-27,4255.0,4255.0,4115.0,4185.0
2007-02-28,3835.0,4170.0,3835.0,4165.0
2007-03-01,4175.0,4175.0,4025.0,4055.0
2007-03-02,4000.0,4035.0,4000.0,4025.0
2007-03-05,4015.0,4025.0,3775.0,3790.0
2007-03-06,3775.0,3925.0,3770.0,3920.0
2007-03-07,4005.0,4005.0,3800.0,3830.0
2007-03-08,3850.0,3850.0,3775.0,3800.0
2007-03-09,3775.0,3895.0,3775.0,3815.0
2007-03-12,3890.0,3945.0,3865.0,3915.0
2007-03-13,3945.0,3975.0,3910.0,3950.0
2007-03-14,3920.0,3925.0,3800.0,3845.0
2007-03-15,3880.0,3975.0,3880.0,3925.0
2007-03-16,3975.0,3975.0,3855.0,3900.0
2007-03-19,3950.0,4000.0,3930.0,3940.0
2007-03-20,3945.0,3970.0,3945.0,3945.0
2007-03-22,4000.0,4045.0,3975.0,4030.0
2007-03-23,4025.0,4070.0,4000.0,4040.0
2007-03-26,3955.0,4005.0,3955.0,3970.0
2007-03-27,3955.0,3960.0,3925.0,3950.0
2007-03-28,3900.0,3990.0,3900.0,3990.0
2007-03-29,3910.0,3955.0,3910.0,3945.0
2007-03-30,3980.0,3980.0,3925.0,3955.0
2007-04-02,3930.0,3960.0,3900.0,3940.0
2007-04-03,3920.0,3960.0,3900.0,3950.0
2007-04-04,3985.0,3990.0,3945.0,3980.0
2007-04-05,3980.0,3990.0,3930.0,3950.0
2007-04-06,3905.0,3940.0,3890.0,3890.0
2007-04-09,3885.0,3935.0,3885.0,3935.0
2007-04-10,3925.0,3945.0,3880.0,3905.0
2007-04-11,3905.0,3975.0,3890.0,3970.0
2007-04-12,3920.0,3970.0,3920.0,3960.0
2007-04-13,3990.0,3990.0,3905.0,3905.0
2007-04-16,3955.0,3990.0,3945.0,3950.0
2007-04-17,3950.0,3965.0,3855.0,3900.0
2007-04-18,3865.0,3905.0,3860.0,3895.0
2007-04-19,3885.0,3890.0,3825.0,3825.0
2007-04-20,3830.0,3910.0,3830.0,3910.0
2007-04-23,3975.0,4035.0,3960.0,4000.0
2007-04-24,4035.0,4100.0,4015.0,4100.0
2007-04-25,4125.0,4125.0,4025.0,4025.0
2007-04-26,4100.0,4100.0,4055.0,4090.0
2007-04-27,4055.0,4125.0,4055.0,4125.0
2007-05-01,4145.0,4225.0,4140.0,4225.0
2007-05-02,4180.0,4200.0,4150.0,4200.0
2007-05-07,4195.0,4195.0,4135.0,4165.0
2007-05-08,4175.0,4175.0,4095.0,4105.0
2007-05-09,4055.0,4115.0,4055.0,4105.0
2007-05-10,4055.0,4090.0,4050.0,4070.0
2007-05-11,4070.0,4070.0,4000.0,4005.0
2007-05-14,4025.0,4095.0,4025.0,4075.0
2007-05-15,4130.0,4150.0,4075.0,4135.0
2007-05-16,4120.0,4125.0,4050.0,4070.0
2007-05-17,4020.0,4035.0,3755.0,3775.0
2007-05-18,3790.0,3815.0,3700.0,3700.0
2007-05-21,3635.0,3870.0,3635.0,3835.0
2007-05-22,3850.0,3890.0,3850.0,3860.0
2007-05-23,3910.0,3975.0,3880.0,3910.0
2007-05-24,3905.0,3905.0,3765.0,3795.0
2007-05-25,3750.0,3750.0,3700.0,3730.0
2007-05-28,3750.0,3760.0,3710.0,3750.0
2007-05-29,3750.0,3765.0,3695.0,3755.0
2007-05-30,3805.0,3840.0,3775.0,3825.0
2007-05-31,3775.0,3820.0,3775.0,3800.0
2007-06-01,3810.0,3810.0,3710.0,3720.0
2007-06-04,3765.0,3765.0,3725.0,3735.0
2007-06-05,3750.0,3765.0,3740.0,3745.0
2007-06-06,3745.0,3770.0,3730.0,3740.0
2007-06-07,3770.0,3825.0,3750.0,3810.0
2007-06-08,3850.0,3850.0,3785.0,3810.0
2007-06-11,3810.0,3810.0,3755.0,3755.0
2007-06-12,3755.0,3770.0,3720.0,3725.0
2007-06-13,3715.0,3750.0,3695.0,3745.0
2007-06-14,3730.0,3810.0,3730.0,3810.0
2007-06-15,3760.0,3830.0,3760.0,3830.0
2007-06-18,3800.0,3875.0,3800.0,3850.0
2007-06-19,3810.0,3840.0,3805.0,3805.0
2007-06-20,3800.0,3810.0,3780.0,3795.0
2007-06-21,3810.0,3840.0,3805.0,3825.0
2007-06-22,3830.0,3830.0,3765.0,3790.0
2007-06-25,3755.0,3820.0,3740.0,3795.0
2007-06-26,3800.0,3805.0,3760.0,3800.0
2007-06-27,3800.0,3800.0,3725.0,3730.0
2007-06-28,3790.0,3800.0,3765.0,3800.0
2007-06-29,3800.0,3820.0,3775.0,3810.0
2007-07-02,3805.0,3840.0,3790.0,3810.0
2007-07-03,3815.0,3830.0,3805.0,3810.0
2007-07-04,3845.0,3845.0,3780.0,3800.0
2007-07-05,3850.0,3850.0,3800.0,3845.0
2007-07-06,3850.0,3850.0,3780.0,3795.0
2007-07-09,3820.0,3825.0,3805.0,3825.0
2007-07-10,3840.0,3840.0,3795.0,3815.0
2007-07-11,3780.0,3800.0,3770.0,3770.0
2007-07-12,3770.0,3785.0,3700.0,3735.0
2007-07-13,3725.0,3740.0,3710.0,3735.0
2007-07-17,3700.0,3730.0,3675.0,3685.0
2007-07-18,3680.0,3700.0,3665.0,3695.0
2007-07-19,3710.0,3735.0,3635.0,3650.0
2007-07-20,3695.0,3695.0,3620.0,3620.0
2007-07-23,3600.0,3615.0,3550.0,3585.0
2007-07-24,3610.0,3705.0,3595.0,3660.0
2007-07-25,3650.0,3650.0,3605.0,3625.0
2007-07-26,3615.0,3615.0,3570.0,3570.0
2007-07-27,3550.0,3560.0,3515.0,3525.0
2007-07-30,3450.0,3475.0,3425.0,3460.0
2007-07-31,3500.0,3520.0,3485.0,3520.0
2007-08-01,3570.0,3570.0,3400.0,3400.0
2007-08-02,3550.0,3550.0,3425.0,3490.0
2007-08-03,3510.0,3550.0,3490.0,3540.0
2007-08-06,3515.0,3515.0,3435.0,3440.0
2007-08-07,3410.0,3410.0,3230.0,3240.0
2007-08-08,3250.0,3465.0,3210.0,3455.0
2007-08-09,3365.0,3390.0,3210.0,3290.0
2007-08-10,3200.0,3235.0,3150.0,3195.0
2007-08-13,3150.0,3200.0,3070.0,3085.0
2007-08-14,3090.0,3105.0,3040.0,3095.0
2007-08-15,3145.0,3145.0,2940.0,3000.0
2007-08-16,3000.0,3050.0,2990.0,3050.0
2007-08-17,3050.0,3050.0,2905.0,2905.0
2007-08-20,3035.0,3060.0,2890.0,2895.0
2007-08-21,2905.0,3200.0,2905.0,2930.0
2007-08-22,2940.0,2975.0,2925.0,2945.0
2007-08-23,2980.0,3040.0,2970.0,3000.0
2007-08-24,3050.0,3100.0,3005.0,3100.0
2007-08-27,3100.0,3135.0,3095.0,3130.0
2007-08-28,3030.0,3125.0,3020.0,3090.0
2007-08-29,3090.0,3140.0,2965.0,3125.0
2007-08-30,3135.0,3235.0,3135.0,3235.0
2007-08-31,3225.0,3330.0,3180.0,3330.0
2007-09-03,3390.0,3410.0,3280.0,3375.0
2007-09-04,3325.0,3345.0,3275.0,3285.0
2007-09-05,3265.0,3265.0,3185.0,3230.0
2007-09-06,3140.0,3150.0,3120.0,3135.0
2007-09-07,3125.0,3150.0,3065.0,3090.0
2007-09-10,3000.0,3170.0,3000.0,3115.0
2007-09-11,3065.0,3085.0,3000.0,3055.0
2007-09-12,3055.0,3055.0,3015.0,3050.0
2007-09-13,3045.0,3050.0,3015.0,3020.0
2007-09-14,3035.0,3170.0,3035.0,3170.0
2007-09-18,3120.0,3170.0,3080.0,3090.0
2007-09-19,3155.0,3280.0,3155.0,3255.0
2007-09-20,3225.0,3340.0,3225.0,3340.0
2007-09-21,3290.0,3300.0,3230.0,3300.0
2007-09-25,3240.0,3320.0,3200.0,3260.0
2007-09-26,3210.0,3210.0,3100.0,3105.0
2007-09-27,3245.0,3245.0,3105.0,3135.0
2007-09-28,3160.0,3160.0,3100.0,3150.0
2007-10-01,3145.0,3145.0,3040.0,3075.0
2007-10-02,3070.0,3075.0,3060.0,3060.0
2007-10-03,3010.0,3065.0,3010.0,3050.0
2007-10-04,3010.0,3030.0,3010.0,3015.0
2007-10-05,3015.0,3050.0,3015.0,3040.0
2007-10-09,3090.0,3090.0,3065.0,3075.0
2007-10-10,3125.0,3135.0,3100.0,3100.0
2007-10-11,3095.0,3100.0,3040.0,3070.0
2007-10-12,3050.0,3060.0,3000.0,3000.0
2007-10-15,3025.0,3065.0,3020.0,3025.0
2007-10-16,3030.0,3065.0,3030.0,3035.0
2007-10-17,3025.0,3025.0,2950.0,2955.0
2007-10-18,2960.0,3000.0,2955.0,3000.0
2007-10-19,2935.0,2935.0,2895.0,2925.0
2007-10-22,2775.0,2845.0,2770.0,2790.0
2007-10-23,2810.0,2860.0,2790.0,2800.0
2007-10-24,2775.0,2810.0,2770.0,2810.0
2007-10-25,2845.0,2905.0,2780.0,2870.0
2007-10-26,2875.0,2885.0,2865.0,2880.0
2007-10-29,2910.0,2910.0,2890.0,2905.0
2007-10-30,2915.0,2920.0,2880.0,2885.0
2007-10-31,2895.0,2980.0,2895.0,2975.0
2007-11-01,2980.0,3015.0,2975.0,3000.0
2007-11-02,2915.0,2990.0,2915.0,2930.0
2007-11-05,2950.0,2980.0,2950.0,2970.0
2007-11-06,2965.0,3065.0,2950.0,3050.0
2007-11-07,3100.0,3260.0,3090.0,3235.0
2007-11-08,3095.0,3195.0,3050.0,3175.0
2007-11-09,3125.0,3175.0,3070.0,3110.0
2007-11-12,3075.0,3080.0,3025.0,3070.0
2007-11-13,3020.0,3020.0,2925.0,2950.0
2007-11-14,3000.0,3045.0,3000.0,3015.0
2007-11-15,3000.0,3065.0,3000.0,3065.0
2007-11-16,3005.0,3020.0,2940.0,3010.0
2007-11-19,3055.0,3060.0,2995.0,3060.0
2007-11-20,2930.0,3005.0,2855.0,2970.0
2007-11-21,3025.0,3025.0,3015.0,3015.0
2007-11-22,2910.0,2910.0,2850.0,2885.0
2007-11-26,2905.0,2950.0,2900.0,2950.0
2007-11-27,2900.0,2930.0,2880.0,2915.0
2007-11-28,2910.0,2970.0,2910.0,2915.0
2007-11-29,2965.0,2975.0,2920.0,2970.0
2007-11-30,2968.514892578125,3090.0,2968.514892578125,3090.0
2007-12-03,3125.0,3125.0,3090.0,3100.0
2007-12-04,3050.0,3050.0,3010.0,3030.0
2007-12-05,2980.0,3005.0,2855.0,2900.0
2007-12-06,3030.0,3030.0,2945.0,2945.0
2007-12-07,2980.0,3045.0,2980.0,3030.0
2007-12-10,3075.0,3080.0,3055.0,3075.0
2007-12-11,3080.0,3125.0,3055.0,3125.0
2007-12-12,3025.0,3075.0,3025.0,3070.0
2007-12-13,3030.0,3095.0,3030.0,3080.0
2007-12-14,3080.0,3095.0,3035.0,3075.0
2007-12-17,3000.0,3040.0,2990.0,3040.0
2007-12-18,2940.0,2970.0,2900.0,2970.0
2007-12-19,2975.0,2975.0,2925.0,2925.0
2007-12-20,2925.0,3000.0,2915.0,2965.0
2007-12-21,2965.0,2965.0,2875.0,2945.0
2007-12-25,3030.0,3090.0,3000.0,3070.0
2007-12-26,3120.0,3170.0,3100.0,3170.0
2007-12-27,3160.0,3160.0,3085.0,3095.0
2007-12-28,3115.0,3125.0,3030.0,3060.0
2008-01-04,3160.0,3160.0,3010.0,3110.0
2008-01-07,2995.0,3030.0,2995.0,3030.0
2008-01-08,3025.0,3050.0,3025.0,3030.0
2008-01-09,3030.0,3090.0,3030.0,3080.0
2008-01-10,3065.0,3065.0,3060.0,3060.0
2008-01-11,3060.0,3060.0,3025.0,3025.0
2008-01-15,3000.0,3000.0,3000.0,3000.0
2008-01-16,2940.0,3000.0,2930.0,2970.0
2008-01-17,2932.065185546875,2935.0,2932.065185546875,2935.0
2008-01-18,2805.0,3000.0,2805.0,3000.0
2008-01-21,2875.0,2885.0,2755.0,2885.0
2008-01-22,2690.0,2690.0,2550.0,2550.0
2008-01-23,2605.0,2690.0,2595.0,2680.0
2008-01-24,2720.0,2775.0,2720.0,2775.0
2008-01-25,2900.0,2945.0,2900.0,2945.0
2008-01-28,2895.0,2990.0,2895.0,2990.0
2008-01-29,3030.0,3045.0,3030.0,3045.0
2008-01-30,3045.0,3060.0,3045.0,3060.0
2008-01-31,3020.0,3150.0,3020.0,3150.0
2008-02-01,3005.0,3030.0,3005.0,3030.0
2008-02-04,3030.0,3075.0,3030.0,3075.0
2008-02-05,3075.0,3100.0,3075.0,3100.0
2008-02-06,2995.0,2995.0,2960.0,2970.0
2008-02-07,2995.0,2995.0,2850.0,2850.0
2008-02-08,2885.0,2885.0,2790.0,2850.0
2008-02-12,2850.0,2905.0,2850.0,2905.0
2008-02-13,2980.0,3035.0,2980.0,2985.0
2008-02-14,2955.0,2975.0,2955.0,2975.0
2008-02-15,3070.0,3130.0,3035.0,3130.0
2008-02-18,3120.0,3120.0,3055.0,3055.0
2008-02-19,3035.0,3100.0,3035.0,3100.0
2008-02-20,3105.0,3105.0,3095.0,3095.0
2008-02-21,3045.0,3045.0,2995.0,3000.0
2008-02-22,2995.0,2995.0,2990.0,2990.0
2008-02-25,3030.0,3030.0,3015.0,3015.0
2008-02-26,3025.0,3025.0,3000.0,3000.0
2008-02-27,2970.0,2995.0,2970.0,2990.0
2008-02-28,2969.92626953125,2990.0,2969.92626953125,2990.0
2008-02-29,2945.0,2945.0,2930.0,2930.0
2008-03-03,2860.0,2860.0,2845.0,2845.0
2008-03-04,2945.0,2945.0,2845.0,2845.0
2008-03-05,2835.0,2835.0,2800.0,2800.0
2008-03-06,2820.0,2830.0,2820.0,2820.0
2008-03-07,2735.0,2735.0,2675.0,2675.0
2008-03-10,2630.0,2650.0,2630.0,2650.0
2008-03-11,2750.0,2750.0,2660.0,2660.0
2008-03-12,2630.0,2680.0,2630.0,2680.0
2008-03-13,2665.0,2690.0,2650.0,2650.0
2008-03-14,2790.0,2800.0,2760.0,2760.0
2008-03-17,2750.0,2750.0,2730.0,2730.0
2008-03-18,2670.0,2670.0,2665.0,2665.0
2008-03-19,2740.0,2775.0,2740.0,2770.0
2008-03-21,2790.0,2835.0,2735.0,2835.0
2008-03-24,2825.0,2825.0,2790.0,2790.0
2008-03-25,2870.0,2900.0,2870.0,2900.0
2008-03-26,2885.0,3045.0,2885.0,3040.0
2008-03-27,2980.0,3000.0,2980.0,3000.0
2008-03-28,3005.0,3025.0,3005.0,3025.0
2008-03-31,3045.0,3070.0,3010.0,3070.0
2008-04-01,3100.0,3100.0,3075.0,3100.0
2008-04-02,3100.0,3100.0,3075.0,3075.0
2008-04-03,2975.0,3080.0,2975.0,3070.0
2008-04-04,3055.0,3055.0,2975.0,2975.0
2008-04-07,2970.0,3075.0,2970.0,3075.0
2008-04-08,3040.0,3050.0,3040.0,3050.0
2008-04-09,3025.0,3025.0,2950.0,2960.0
2008-04-10,2975.0,2980.0,2975.0,2980.0
2008-04-11,2980.0,3000.0,2965.0,3000.0
2008-04-14,3005.0,3005.0,3000.0,3000.0
2008-04-15,2995.0,3025.0,2995.0,3025.0
2008-04-16,3110.0,3125.0,3110.0,3125.0
2008-04-17,3175.0,3220.0,3165.0,3165.0
2008-04-18,3175.0,3205.0,3175.0,3205.0
2008-04-21,3270.0,3295.0,3250.0,3255.0
2008-04-22,3240.0,3250.0,3240.0,3250.0
2008-04-23,3250.0,3250.0,3175.0,3175.0
2008-04-24,3170.0,3180.0,3170.0,3175.0
2008-04-25,3265.0,3265.0,3250.0,3250.0
2008-04-28,3315.0,3315.0,3315.0,3315.0
2008-04-30,3320.0,3320.0,3280.0,3280.0
2008-05-01,3250.0,3305.0,3250.0,3300.0
2008-05-02,3305.0,3305.0,3280.0,3280.0
2008-05-07,3325.0,3325.0,3320.0,3320.0
2008-05-08,3335.0,3335.0,3250.0,3250.0
2008-05-09,3280.0,3280.0,3250.0,3250.0
2008-05-12,3255.0,3300.0,3255.0,3300.0
2008-05-13,3250.0,3285.0,3250.0,3285.0
2008-05-14,3275.0,3345.0,3275.0,3315.0
2008-05-15,3440.0,3440.0,3360.0,3360.0
2008-05-16,3365.0,3365.0,3325.0,3325.0
2008-05-19,3315.0,3325.0,3315.0,3325.0
2008-05-20,3296.369873046875,3296.369873046875,3280.0,3280.0
2008-05-21,3325.0,3325.0,3300.0,3300.0
2008-05-22,3285.0,3290.0,3285.0,3290.0
2008-05-23,3310.0,3320.0,3310.0,3320.0
2008-05-26,3320.0,3375.0,3320.0,3375.0
2008-05-27,3410.0,3410.0,3400.0,3400.0
2008-05-28,3440.0,3440.0,3355.0,3355.0
2008-05-29,3330.0,3375.0,3330.0,3375.0
2008-05-30,3375.0,3375.0,3365.0,3365.0
2008-06-02,3360.0,3360.0,3330.0,3330.0
2008-06-03,3295.0,3295.0,3180.0,3295.0
2008-06-04,3230.0,3255.0,3230.0,3255.0
2008-06-05,3375.0,3400.0,3325.0,3330.0
2008-06-06,3350.0,3350.0,3350.0,3350.0
2008-06-09,3265.0,3290.0,3265.0,3280.0
2008-06-10,3260.0,3260.0,3205.0,3205.0
2008-06-11,3220.0,3220.0,3220.0,3220.0
2008-06-12,3290.0,3320.0,3250.0,3320.0
2008-06-13,3340.0,3340.0,3325.0,3325.0
2008-06-16,3320.0,3320.0,3300.0,3300.0
2008-06-17,3290.0,3290.0,3275.0,3275.0
2008-06-18,3215.0,3290.0,3215.0,3255.0
2008-06-19,3220.0,3220.0,3205.0,3210.0
2008-06-20,3245.0,3245.0,3210.0,3210.0
2008-06-23,3100.0,3170.0,3100.0,3150.0
2008-06-24,3155.0,3155.0,3150.0,3150.0
2008-06-25,3150.0,3175.0,3150.0,3165.0
2008-06-26,3190.0,3275.0,3190.0,3240.0
2008-06-27,3125.0,3125.0,3125.0,3125.0
2008-06-30,3140.0,3140.0,3140.0,3140.0
2008-07-01,3140.0,3140.0,3080.0,3080.0
2008-07-02,3080.0,3080.0,3015.0,3015.0
2008-07-03,3080.0,3150.0,3075.0,3145.0
2008-07-04,3160.0,3160.0,3155.0,3155.0
2008-07-07,3150.0,3175.0,3150.0,3175.0
2008-07-08,3155.0,3155.0,3155.0,3155.0
2008-07-09,3070.0,3070.0,3025.0,3025.0
2008-07-10,3145.0,3145.0,3130.0,3130.0
2008-07-11,3130.0,3130.0,3075.0,3075.0
2008-07-14,3105.0,3120.0,3100.0,3100.0
2008-07-15,3125.0,3125.0,3100.0,3100.0
2008-07-16,3100.0,3100.0,3045.0,3045.0
2008-07-17,3140.0,3160.0,3140.0,3160.0
2008-07-18,3160.0,3160.0,3105.0,3105.0
2008-07-22,3105.0,3135.0,3100.0,3115.0
2008-07-23,3165.0,3165.0,3165.0,3165.0
2008-07-24,3160.0,3160.0,3150.0,3160.0
2008-07-25,3145.0,3155.0,3080.0,3080.0
2008-07-28,3125.0,3125.0,3075.0,3075.0
2008-07-29,3020.0,3035.0,3020.0,3035.0
2008-07-30,3115.0,3115.0,3115.0,3115.0
2008-07-31,3165.0,3165.0,3155.0,3155.0
2008-08-01,3150.0,3150.0,3140.0,3140.0
2008-08-04,3090.0,3090.0,2990.0,2990.0
2008-08-05,2945.0,2950.0,2890.0,2890.0
2008-08-06,2940.0,2940.0,2935.0,2935.0
2008-08-07,2920.0,2920.0,2890.0,2890.0
2008-08-08,2835.0,2900.0,2835.0,2895.0
2008-08-11,2910.0,2910.0,2910.0,2910.0
2008-08-12,2975.0,2975.0,2975.0,2975.0
2008-08-13,2935.0,2935.0,2925.0,2925.0
2008-08-14,2920.0,2920.0,2870.0,2870.0
2008-08-15,2855.0,2855.0,2855.0,2855.0
2008-08-18,2950.0,2980.0,2920.0,2920.0
2008-08-19,2830.0,2835.0,2830.0,2835.0
2008-08-20,2910.0,2940.0,2910.0,2940.0
2008-08-21,2990.0,2990.0,2990.0,2990.0
2008-08-22,2985.0,2985.0,2950.0,2985.0
2008-08-25,2985.0,3045.0,2985.0,3045.0
2008-08-26,2960.0,2970.0,2960.0,2970.0
2008-08-27,3050.0,3100.0,3050.0,3100.0
2008-08-28,2985.0,3010.0,2985.0,3010.0
2008-08-29,3010.0,3010.0,3010.0,3010.0
2008-09-01,2940.0,2940.0,2935.0,2935.0
2008-09-02,2925.0,2925.0,2900.0,2900.0
2008-09-03,2875.0,2875.0,2870.0,2870.0
2008-09-04,2870.0,2870.0,2870.0,2870.0
2008-09-05,2810.0,2810.0,2780.0,2780.0
2008-09-08,2810.0,2810.0,2805.0,2805.0
2008-09-09,2805.0,2805.0,2755.0,2755.0
2008-09-10,2750.0,2750.0,2725.0,2740.0
2008-09-11,2725.0,2725.0,2685.0,2685.0
2008-09-12,2715.0,2750.0,2575.0,2725.0
2008-09-16,2455.0,2500.0,2455.0,2480.0
2008-09-17,2510.0,2645.0,2510.0,2645.0
2008-09-18,2860.0,2860.0,2860.0,2860.0
2008-09-19,2800.0,2800.0,2675.0,2675.0
2008-09-22,2655.0,2655.0,2610.0,2610.0
2008-09-24,2610.0,2610.0,2575.0,2575.0
2008-09-25,2515.0,2520.0,2480.0,2520.0
2008-09-26,2385.0,2385.0,2310.0,2350.0
2008-09-29,2425.0,2425.0,2420.0,2420.0
2008-09-30,2300.0,2310.0,2300.0,2310.0
2008-10-01,2310.0,2350.0,2310.0,2350.0
2008-10-02,2345.0,2345.0,2260.0,2265.0
2008-10-03,2040.0,2040.0,1990.0,1990.0
2008-10-06,1980.0,1980.0,1960.0,1960.0
2008-10-07,1850.0,1880.0,1850.0,1880.0
2008-10-08,1880.0,1895.0,1880.0,1895.0
2008-10-09,1800.0,1845.0,1800.0,1845.0
2008-10-10,1545.0,1675.0,1545.0,1675.0
2008-10-14,1975.0,1975.0,1965.0,1965.0
2008-10-15,2025.0,2025.0,1925.0,1930.0
2008-10-16,1925.0,1950.0,1925.0,1950.0
2008-10-17,1995.0,2000.0,1970.0,2000.0
2008-10-20,1995.0,1995.0,1940.0,1940.0
2008-10-21,2025.0,2025.0,2020.0,2020.0
2008-10-22,2000.0,2000.0,1935.0,1935.0
2008-10-23,1740.0,1855.0,1740.0,1855.0
2008-10-24,1825.0,1825.0,1675.0,1675.0
2008-10-27,1675.0,1675.0,1530.0,1530.0
2008-10-28,1425.0,1475.0,1425.0,1475.0
2008-10-29,1475.0,1640.0,1475.0,1640.0
2008-10-30,1545.0,1590.0,1545.0,1590.0
2008-10-31,1595.0,1600.0,1575.0,1575.0
2008-11-04,1575.0,1625.0,1575.0,1625.0
2008-11-05,1630.0,1820.0,1630.0,1820.0
2008-11-06,1865.0,1865.0,1855.0,1855.0
2008-11-07,1850.0,1850.0,1800.0,1800.0
2008-11-10,1930.0,1930.0,1880.0,1880.0
2008-11-11,1800.0,1800.0,1720.0,1720.0
2008-11-12,1585.0,1585.0,1530.0,1530.0
2008-11-13,1485.0,1485.0,1415.0,1415.0
2008-11-14,1415.0,1435.0,1415.0,1435.0
2008-11-17,1375.0,1410.0,1350.0,1360.0
2008-11-18,1365.0,1365.0,1285.0,1285.0
2008-11-19,1230.0,1260.0,1230.0,1260.0
2008-11-20,1260.0,1260.0,1130.0,1130.0
2008-11-21,1130.0,1130.0,1080.0,1080.0
2008-11-25,1080.0,1130.0,1080.0,1130.0
2008-11-26,1110.0,1145.0,1110.0,1145.0
2008-11-27,1130.0,1130.0,1125.0,1125.0
2008-11-28,1105.0,1105.0,1105.0,1105.0
2008-12-01,1105.0,1105.0,1085.0,1085.0
2008-12-02,1085.0,1085.0,1045.0,1045.0
2008-12-03,1055.0,1055.0,1040.0,1040.0
2008-12-04,1075.0,1075.0,1065.0,1065.0
2008-12-05,1070.0,1070.0,1030.0,1030.0
2008-12-08,1035.0,1040.0,1035.0,1040.0
2008-12-09,1025.0,1025.0,1005.0,1005.0
2008-12-10,1005.0,1010.0,1005.0,1010.0
2008-12-11,995.0,1035.0,995.0,1035.0
2008-12-12,1035.0,1035.0,1000.0,1000.0
2008-12-15,1104.447509765625,1105.0,1104.447509765625,1105.0
2008-12-16,1085.0,1085.0,1085.0,1085.0
2008-12-17,1070.0,1085.0,1070.0,1085.0
2008-12-18,1070.0,1070.0,1065.0,1065.0
2008-12-19,1065.0,1065.0,1035.0,1035.0
2008-12-22,1065.0,1065.0,1055.0,1055.0
2008-12-24,1075.0,1075.0,1055.0,1055.0
2008-12-25,1070.0,1105.0,1070.0,1105.0
2008-12-26,1140.0,1185.0,1140.0,1165.0
2008-12-29,1165.0,1195.0,1160.0,1175.0
2008-12-30,1175.0,1225.0,1175.0,1220.0
2009-01-05,1425.0,1425.0,1300.0,1335.0
2009-01-06,1270.0,1270.0,1270.0,1270.0
2009-01-07,1320.0,1320.0,1305.0,1305.0
2009-01-08,1245.0,1270.0,1245.0,1270.0
2009-01-09,1305.0,1330.0,1305.0,1330.0
2009-01-13,1280.0,1280.0,1265.0,1265.0
2009-01-14,1250.0,1270.0,1250.0,1270.0
2009-01-15,1240.0,1240.0,1210.0,1210.0
2009-01-16,1240.0,1250.0,1220.0,1245.0
2009-01-19,1280.0,1305.0,1265.0,1280.0
2009-01-20,1250.0,1250.0,1250.0,1250.0
2009-01-21,1225.0,1225.0,1225.0,1225.0
2009-01-22,1225.0,1225.0,1185.0,1185.0
2009-01-23,1210.0,1210.0,1180.0,1180.0
2009-01-26,1180.0,1180.0,1175.0,1175.0
2009-01-27,1210.0,1245.0,1195.0,1200.0
2009-01-28,1200.0,1225.0,1200.0,1225.0
2009-01-29,1175.0,1190.0,1175.0,1190.0
2009-01-30,1190.0,1190.0,1155.0,1155.0
2009-02-02,1210.0,1210.0,1190.0,1190.0
2009-02-03,1175.0,1185.0,1150.0,1160.0
2009-02-04,1180.0,1180.0,1160.0,1160.0
2009-02-05,1145.0,1145.0,1075.0,1075.0
2009-02-06,1075.0,1075.0,1060.0,1060.0
2009-02-09,1030.0,1035.0,1030.0,1035.0
2009-02-10,1055.0,1090.0,1030.0,1035.0
2009-02-12,1000.0,1000.0,1000.0,1000.0
2009-02-13,1015.0,1015.0,1005.0,1005.0
2009-02-16,996.9445190429688,996.9445190429688,990.0,990.0
2009-02-17,975.0,975.0,960.0,960.0
2009-02-18,955.0,980.0,955.0,980.0
2009-02-19,960.0,960.0,960.0,960.0
2009-02-20,965.0,985.0,955.0,980.0
2009-02-23,965.0,965.0,955.0,960.0
2009-02-24,965.0,965.0,960.0,960.0
2009-02-25,990.0,1000.0,990.0,1000.0
2009-02-26,1000.0,1000.0,985.0,985.0
2009-02-27,995.0,1005.0,980.0,1000.0
2009-03-02,1000.0,1000.0,955.0,955.0
2009-03-03,945.0,950.0,945.0,950.0
2009-03-04,950.0,960.0,950.0,960.0
2009-03-05,985.0,985.0,985.0,985.0
2009-03-06,970.0,970.0,960.0,960.0
2009-03-09,955.0,955.0,940.0,940.0
2009-03-10,950.0,960.0,950.0,960.0
2009-03-11,970.0,970.0,925.0,925.0
2009-03-12,910.0,915.0,910.0,915.0
2009-03-13,930.0,930.0,925.0,925.0
2009-03-16,950.0,960.0,950.0,955.0
2009-03-17,970.0,980.0,970.0,975.0
2009-03-18,1010.0,1010.0,995.0,995.0
2009-03-19,995.0,995.0,980.0,990.0
2009-03-23,985.0,1000.0,985.0,1000.0
2009-03-24,995.0,995.0,985.0,985.0
2009-03-25,1035.0,1045.0,1035.0,1045.0
2009-03-26,1050.0,1075.0,1045.0,1065.0
2009-03-27,1045.0,1060.0,1035.0,1035.0
2009-03-30,1050.0,1050.0,1020.0,1020.0
2009-03-31,1020.0,1040.0,1020.0,1040.0
2009-04-01,1070.0,1075.0,1070.0,1075.0
2009-04-02,1105.0,1135.0,1105.0,1135.0
2009-04-03,1185.0,1185.0,1170.0,1170.0
2009-04-06,1245.0,1245.0,1215.0,1215.0
2009-04-07,1215.0,1230.0,1215.0,1230.0
2009-04-08,1215.0,1220.0,1205.0,1205.0
2009-04-09,1235.0,1235.0,1215.0,1215.0
2009-04-10,1225.0,1250.0,1225.0,1250.0
2009-04-13,1250.0,1280.0,1250.0,1280.0
2009-04-14,1260.0,1265.0,1260.0,1265.0
2009-04-15,1245.0,1245.0,1235.0,1235.0
2009-04-16,1250.0,1270.0,1245.0,1270.0
2009-04-17,1270.0,1275.0,1270.0,1275.0
2009-04-20,1280.0,1285.0,1280.0,1280.0
2009-04-21,1190.0,1225.0,1190.0,1225.0
2009-04-22,1235.0,1235.0,1230.0,1230.0
2009-04-23,1215.0,1220.0,1215.0,1220.0
2009-04-24,1275.0,1275.0,1260.0,1260.0
2009-04-27,1260.0,1260.0,1235.0,1235.0
2009-04-28,1225.0,1225.0,1195.0,1195.0
2009-04-30,1235.0,1260.0,1235.0,1260.0
2009-05-01,1235.0,1245.0,1235.0,1235.0
2009-05-07,1305.0,1330.0,1280.0,1325.0
2009-05-08,1305.0,1335.0,1305.0,1335.0
2009-05-11,1365.0,1365.0,1345.0,1345.0
2009-05-12,1345.0,1370.0,1345.0,1370.0
2009-05-13,1350.0,1350.0,1350.0,1350.0
2009-05-14,1330.0,1330.0,1270.0,1270.0
2009-05-15,1250.0,1270.0,1250.0,1270.0
2009-05-18,1235.0,1235.0,1225.0,1225.0
2009-05-19,1240.0,1245.0,1240.0,1245.0
2009-05-20,1245.0,1245.0,1235.0,1235.0
2009-05-21,1240.0,1250.0,1240.0,1250.0
2009-05-22,1240.0,1240.0,1235.0,1235.0
2009-05-25,1230.0,1230.0,1230.0,1230.0
2009-05-26,1275.0,1280.0,1265.0,1275.0
2009-05-27,1255.0,1265.0,1255.0,1265.0
2009-05-28,1305.0,1305.0,1280.0,1280.0
2009-05-29,1270.0,1290.0,1270.0,1290.0
2009-06-01,1305.0,1310.0,1305.0,1310.0
2009-06-02,1310.0,1365.0,1310.0,1365.0
2009-06-03,1400.0,1400.0,1400.0,1400.0
2009-06-04,1455.0,1455.0,1435.0,1435.0
2009-06-05,1475.0,1475.0,1465.0,1465.0
2009-06-08,1480.0,1485.0,1480.0,1485.0
2009-06-09,1460.0,1460.0,1440.0,1440.0
2009-06-10,1445.0,1470.0,1445.0,1470.0
2009-06-11,1465.0,1475.0,1460.0,1475.0
2009-06-12,1485.0,1485.0,1475.0,1480.0
2009-06-15,1470.0,1470.0,1455.0,1455.0
2009-06-16,1475.0,1625.0,1460.0,1625.0
2009-06-17,1565.0,1570.0,1540.0,1560.0
2009-06-18,1490.0,1495.0,1485.0,1490.0
2009-06-19,1500.0,1505.0,1490.0,1500.0
2009-06-22,1450.0,1475.0,1445.0,1475.0
2009-06-23,1375.0,1390.0,1355.0,1365.0
2009-06-24,1350.0,1360.0,1350.0,1350.0
2009-06-25,1340.0,1390.0,1320.0,1385.0
2009-06-26,1405.0,1410.0,1385.0,1400.0
2009-06-29,1425.0,1435.0,1400.0,1400.0
2009-06-30,1450.0,1575.0,1440.0,1550.0
2009-07-01,1545.0,1555.0,1500.0,1530.0
2009-07-02,1650.0,1655.0,1600.0,1605.0
2009-07-03,1530.0,1625.0,1530.0,1620.0
2009-07-06,1595.0,1600.0,1575.0,1600.0
2009-07-07,1600.0,1605.0,1580.0,1605.0
2009-07-08,1585.0,1585.0,1550.0,1550.0
2009-07-09,1500.0,1500.0,1425.0,1440.0
2009-07-10,1465.0,1465.0,1400.0,1400.0
2009-07-13,1375.0,1395.0,1345.0,1345.0
2009-07-14,1370.0,1375.0,1325.0,1375.0
2009-07-15,1400.0,1420.0,1400.0,1400.0
2009-07-16,1475.0,1475.0,1355.0,1355.0
2009-07-17,1400.0,1410.0,1380.0,1380.0
2009-07-21,1405.0,1445.0,1380.0,1405.0
2009-07-22,1415.0,1415.0,1405.0,1415.0
2009-07-23,1410.0,1410.0,1395.0,1405.0
2009-07-24,1430.0,1445.0,1425.0,1430.0
2009-07-27,1450.0,1470.0,1440.0,1450.0
2009-07-28,1440.0,1445.0,1400.0,1410.0
2009-07-29,1400.0,1455.0,1400.0,1445.0
2009-07-30,1435.0,1440.0,1415.0,1430.0
2009-07-31,1450.0,1460.0,1445.0,1460.0
2009-08-03,1475.0,1475.0,1445.0,1465.0
2009-08-04,1490.0,1520.0,1455.0,1465.0
2009-08-05,1475.0,1475.0,1410.0,1425.0
2009-08-06,1420.0,1440.0,1410.0,1440.0
2009-08-07,1445.0,1445.0,1385.0,1400.0
2009-08-10,1425.0,1450.0,1415.0,1420.0
2009-08-11,1420.0,1445.0,1415.0,1440.0
2009-08-12,1440.0,1440.0,1415.0,1425.0
2009-08-13,1430.0,1435.0,1425.0,1430.0
2009-08-14,1435.0,1435.0,1415.0,1415.0
2009-08-17,1410.0,1410.0,1380.0,1400.0
2009-08-18,1395.0,1400.0,1380.0,1400.0
2009-08-19,1410.0,1410.0,1390.0,1390.0
2009-08-20,1400.0,1415.0,1395.0,1400.0
2009-08-21,1405.0,1405.0,1365.0,1375.0
2009-08-24,1385.0,1400.0,1385.0,1390.0
2009-08-25,1375.0,1375.0,1340.0,1360.0
2009-08-26,1410.0,1410.0,1360.0,1390.0
2009-08-27,1385.0,1385.0,1340.0,1360.0
2009-08-28,1360.0,1370.0,1355.0,1360.0
2009-08-31,1365.0,1375.0,1355.0,1370.0
2009-09-02,1370.0,1370.0,1345.0,1370.0
2009-09-03,1360.0,1360.0,1345.0,1355.0
2009-09-04,1355.0,1355.0,1325.0,1335.0
2009-09-07,1340.0,1345.0,1320.0,1330.0
2009-09-08,1315.0,1325.0,1300.0,1320.0
2009-09-09,1295.0,1310.0,1285.0,1290.0
2009-09-10,1280.0,1305.0,1280.0,1300.0
2009-09-11,1300.0,1300.0,1270.0,1280.0
2009-09-14,1295.0,1295.0,1235.0,1250.0
2009-09-15,1245.0,1260.0,1210.0,1230.0
2009-09-16,1230.0,1250.0,1210.0,1225.0
2009-09-17,1235.0,1250.0,1170.0,1190.0
2009-09-18,1200.0,1210.0,1175.0,1205.0
2009-09-21,1205.0,1205.0,1205.0,1205.0
2009-09-24,1250.0,1255.0,1190.0,1200.0
2009-09-25,1200.0,1215.0,1185.0,1195.0
2009-09-28,1195.0,1195.0,1140.0,1180.0
2009-09-29,1180.0,1180.0,1135.0,1140.0
2009-09-30,1140.0,1140.0,1135.0,1140.0
2009-10-01,1160.0,1160.0,1130.0,1130.0
2009-10-02,1115.0,1130.0,1105.0,1115.0
2009-10-05,1115.0,1120.0,1095.0,1095.0
2009-10-06,1115.0,1125.0,1115.0,1125.0
2009-10-07,1135.0,1190.0,1135.0,1190.0
2009-10-08,1215.0,1215.0,1125.0,1145.0
2009-10-09,1160.0,1190.0,1155.0,1190.0
2009-10-13,1215.0,1230.0,1215.0,1220.0
2009-10-14,1245.0,1245.0,1165.0,1215.0
2009-10-15,1200.0,1220.0,1190.0,1215.0
2009-10-16,1215.0,1215.0,1185.0,1195.0
2009-10-19,1220.0,1220.0,1195.0,1215.0
2009-10-20,1220.0,1235.0,1185.0,1195.0
2009-10-21,1200.0,1215.0,1200.0,1215.0
2009-10-22,1210.0,1225.0,1195.0,1225.0
2009-10-23,1245.0,1260.0,1230.0,1240.0
2009-10-26,1265.0,1265.0,1250.0,1250.0
2009-10-27,1245.0,1255.0,1240.0,1255.0
2009-10-28,1250.0,1255.0,1240.0,1245.0
2009-10-29,1235.0,1235.0,1185.0,1185.0
2009-10-30,1205.0,1210.0,1175.0,1180.0
2009-11-02,1150.0,1160.0,1140.0,1145.0
2009-11-04,1145.0,1170.0,1140.0,1170.0
2009-11-05,1150.0,1150.0,1130.0,1135.0
2009-11-06,1115.0,1125.0,1110.0,1115.0
2009-11-09,1120.0,1120.0,1095.0,1115.0
2009-11-10,1105.0,1110.0,1095.0,1100.0
2009-11-11,1090.0,1095.0,1075.0,1075.0
2009-11-12,1060.0,1060.0,1050.0,1050.0
2009-11-13,1025.0,1035.0,1010.0,1020.0
2009-11-16,1025.0,1050.0,1010.0,1015.0
2009-11-17,1035.0,1035.0,1005.0,1010.0
2009-11-18,1010.0,1025.0,1000.0,1000.0
2009-11-19,975.0,980.0,955.0,980.0
2009-11-20,970.0,975.0,945.0,975.0
2009-11-24,955.0,975.0,955.0,970.0
2009-11-25,1010.0,1010.0,980.0,1010.0
2009-11-26,1035.0,1035.0,980.0,1005.0
2009-11-27,1000.0,1010.0,1000.0,1005.0
2009-11-30,1030.0,1050.0,1020.0,1040.0
2009-12-01,1090.0,1130.0,1090.0,1130.0
2009-12-02,1130.0,1135.0,1125.0,1130.0
2009-12-03,1245.0,1245.0,1155.0,1185.0
2009-12-04,1185.0,1195.0,1165.0,1195.0
2009-12-07,1200.0,1220.0,1200.0,1200.0
2009-12-08,1200.0,1220.0,1190.0,1200.0
2009-12-09,1190.0,1195.0,1155.0,1155.0
2009-12-10,1160.0,1185.0,1160.0,1180.0
2009-12-11,1155.0,1155.0,1090.0,1115.0
2009-12-14,1125.0,1125.0,1035.0,1050.0
2009-12-15,1040.0,1045.0,1020.0,1040.0
2009-12-16,1050.0,1070.0,1040.0,1070.0
2009-12-17,1095.0,1125.0,1080.0,1110.0
2009-12-18,1105.0,1130.0,1100.0,1110.0
2009-12-21,1135.0,1135.0,1110.0,1125.0
2009-12-22,1155.0,1155.0,1150.0,1150.0
2009-12-24,1165.0,1165.0,1150.0,1155.0
2009-12-25,1175.0,1180.0,1150.0,1175.0
2009-12-28,1180.0,1185.0,1165.0,1165.0
2009-12-29,1175.0,1180.0,1175.0,1175.0
2009-12-30,1180.0,1220.0,1180.0,1220.0
2010-01-04,1195.0,1210.0,1190.0,1195.0
2010-01-05,1210.0,1220.0,1205.0,1210.0
2010-01-06,1235.0,1235.0,1140.0,1205.0
2010-01-07,1205.0,1225.0,1205.0,1215.0
2010-01-08,1215.0,1280.0,1200.0,1245.0
2010-01-12,1275.0,1505.0,1275.0,1480.0
2010-01-13,1475.0,1520.0,1430.0,1460.0
2010-01-14,1445.0,1465.0,1405.0,1415.0
2010-01-15,1410.0,1460.0,1400.0,1455.0
2010-01-18,1435.0,1470.0,1410.0,1470.0
2010-01-19,1475.0,1475.0,1425.0,1465.0
2010-01-20,1470.0,1470.0,1425.0,1445.0
2010-01-21,1405.0,1725.0,1400.0,1660.0
2010-01-22,1620.0,2060.0,1615.0,2060.0
2010-01-25,1900.0,2000.0,1895.0,1965.0
2010-01-26,2000.0,2235.0,2000.0,2160.0
2010-01-27,2080.0,2100.0,1905.0,2025.0
2010-01-28,2020.0,2020.0,1940.0,1965.0
2010-01-29,1910.0,2045.0,1900.0,1985.0
2010-02-01,1985.0,2045.0,1970.0,2000.0
2010-02-02,2015.0,2025.0,1955.0,2000.0
2010-02-03,2010.0,2090.0,1975.0,1975.0
2010-02-04,2045.0,2050.0,1965.0,1995.0
2010-02-05,1915.0,1945.0,1660.0,1815.0
2010-02-08,1760.0,1770.0,1665.0,1680.0
2010-02-09,1610.0,1610.0,1535.0,1585.0
2010-02-10,1555.0,1660.0,1555.0,1555.0
2010-02-12,1590.0,1725.0,1585.0,1685.0
2010-02-15,1605.0,1650.0,1590.0,1605.0
2010-02-16,1630.0,1655.0,1555.0,1555.0
2010-02-17,1595.0,1615.0,1555.0,1585.0
2010-02-18,1580.0,1610.0,1580.0,1600.0
2010-02-19,1595.0,1865.0,1595.0,1720.0
2010-02-22,1725.0,1800.0,1640.0,1640.0
2010-02-23,1640.0,1695.0,1590.0,1610.0
2010-02-24,1605.0,1605.0,1525.0,1535.0
2010-02-25,1605.0,1605.0,1525.0,1585.0
2010-02-26,1565.0,1595.0,1565.0,1585.0
2010-03-01,1565.0,1590.0,1560.0,1575.0
2010-03-02,1570.0,1630.0,1555.0,1615.0
2010-03-03,1605.0,1615.0,1585.0,1585.0
2010-03-04,1575.0,1600.0,1515.0,1520.0
2010-03-05,1530.0,1545.0,1435.0,1470.0
2010-03-08,1510.0,1695.0,1490.0,1615.0
2010-03-09,1645.0,2015.0,1630.0,1900.0
2010-03-10,1900.0,1965.0,1835.0,1865.0
2010-03-11,1850.0,1850.0,1725.0,1750.0
2010-03-12,1755.0,1830.0,1745.0,1755.0
2010-03-15,1730.0,1835.0,1690.0,1825.0
2010-03-16,1840.0,1950.0,1800.0,1800.0
2010-03-17,1845.0,1900.0,1845.0,1895.0
2010-03-18,1935.0,1940.0,1840.0,1855.0
2010-03-19,1845.0,1900.0,1835.0,1880.0
2010-03-23,1860.0,1885.0,1835.0,1835.0
2010-03-24,1885.0,1885.0,1825.0,1840.0
2010-03-25,1840.0,1860.0,1830.0,1860.0
2010-03-26,1890.0,1895.0,1790.0,1885.0
2010-03-29,1880.0,1975.0,1875.0,1960.0
2010-03-30,2005.0,2055.0,1885.0,1955.0
2010-03-31,1970.0,1990.0,1920.0,1935.0
2010-04-01,1990.0,1990.0,1940.0,1980.0
2010-04-02,1975.0,1990.0,1930.0,1945.0
2010-04-05,1970.0,2020.0,1945.0,2020.0
2010-04-06,2040.0,2045.0,1990.0,1995.0
2010-04-07,2015.0,2080.0,2000.0,2030.0
2010-04-08,2035.0,2060.0,1995.0,1995.0
2010-04-09,1955.0,2020.0,1930.0,2005.0
2010-04-12,2005.0,2040.0,1955.0,1970.0
2010-04-13,1945.0,1955.0,1895.0,1915.0
2010-04-14,1870.0,1920.0,1850.0,1900.0
2010-04-15,1900.0,1910.0,1860.0,1895.0
2010-04-16,1890.0,1890.0,1860.0,1870.0
2010-04-19,1805.0,1840.0,1800.0,1805.0
2010-04-20,1790.0,1895.0,1770.0,1810.0
2010-04-21,1820.0,1855.0,1775.0,1830.0
2010-04-22,1860.0,1890.0,1825.0,1875.0
2010-04-23,1925.0,1925.0,1860.0,1880.0
2010-04-26,1890.0,1920.0,1890.0,1910.0
2010-04-27,1885.0,1935.0,1885.0,1920.0
2010-04-28,1840.0,1895.0,1840.0,1875.0
2010-04-30,1880.0,1915.0,1865.0,1900.0
2010-05-06,1890.0,1890.0,1855.0,1855.0
2010-05-07,1735.0,1780.0,1715.0,1725.0
2010-05-10,1735.0,1805.0,1690.0,1805.0
2010-05-11,1825.0,1890.0,1775.0,1785.0
2010-05-12,1825.0,1890.0,1775.0,1775.0
2010-05-13,1825.0,2150.0,1815.0,2050.0
2010-05-14,2015.0,2075.0,1995.0,2055.0
2010-05-17,2020.0,2050.0,1940.0,1995.0
2010-05-18,2025.0,2025.0,1945.0,1970.0
2010-05-19,1850.0,2035.0,1810.0,2015.0
2010-05-20,1975.0,1985.0,1900.0,1945.0
2010-05-21,1865.0,1870.0,1830.0,1855.0
2010-05-24,1825.0,1865.0,1790.0,1850.0
2010-05-25,1890.0,1890.0,1795.0,1850.0
2010-05-26,1850.0,1855.0,1750.0,1820.0
2010-05-27,1805.0,1850.0,1785.0,1840.0
2010-05-28,1950.0,1955.0,1880.0,1910.0
2010-05-31,1950.0,2075.0,1905.0,2075.0
2010-06-01,2055.0,2055.0,1950.0,2035.0
2010-06-02,2000.0,2035.0,1980.0,1980.0
2010-06-03,2000.0,2030.0,1960.0,1980.0
2010-06-04,1990.0,2015.0,1975.0,2005.0
2010-06-07,1965.0,1965.0,1870.0,1925.0
2010-06-08,1925.0,1950.0,1925.0,1935.0
2010-06-09,1925.0,1930.0,1890.0,1895.0
2010-06-10,1895.0,1970.0,1895.0,1955.0
2010-06-11,1980.0,2010.0,1980.0,2010.0
2010-06-14,2070.0,2070.0,2045.0,2060.0
2010-06-15,2090.0,2215.0,2085.0,2130.0
2010-06-16,2190.0,2285.0,2170.0,2235.0
2010-06-17,2225.0,2230.0,2165.0,2170.0
2010-06-18,2175.0,2190.0,2105.0,2170.0
2010-06-21,2215.0,2250.0,2200.0,2240.0
2010-06-22,2210.0,2225.0,2150.0,2175.0
2010-06-23,2150.0,2150.0,2100.0,2120.0
2010-06-24,2165.0,2185.0,2145.0,2165.0
2010-06-25,2165.0,2165.0,2040.0,2125.0
2010-06-28,2120.0,2165.0,2085.0,2135.0
2010-06-29,2150.0,2200.0,2100.0,2100.0
2010-06-30,2030.0,2090.0,1935.0,2035.0
2010-07-01,2060.0,2060.0,2010.0,2025.0
2010-07-02,1980.0,2010.0,1980.0,1985.0
2010-07-05,1985.0,2040.0,1980.0,2030.0
2010-07-06,1960.0,2150.0,1960.0,2150.0
2010-07-07,2150.0,2150.0,2020.0,2045.0
2010-07-08,2070.0,2100.0,2055.0,2055.0
2010-07-09,2055.0,2070.0,2025.0,2060.0
2010-07-12,2070.0,2100.0,2040.0,2040.0
2010-07-13,2045.0,2050.0,1925.0,1965.0
2010-07-14,1980.0,2000.0,1855.0,1895.0
2010-07-15,1895.0,1905.0,1865.0,1875.0
2010-07-16,1850.0,1870.0,1750.0,1780.0
2010-07-21,1780.0,1840.0,1755.0,1780.0
2010-07-22,1750.0,1765.0,1670.0,1710.0
2010-07-23,1730.0,1760.0,1710.0,1720.0
2010-07-26,1750.0,1760.0,1725.0,1735.0
2010-07-27,1735.0,1750.0,1715.0,1730.0
2010-07-28,1750.0,1770.0,1725.0,1760.0
2010-07-29,1760.0,1810.0,1750.0,1760.0
2010-07-30,1760.0,1770.0,1720.0,1725.0
2010-08-02,1740.0,1800.0,1735.0,1735.0
2010-08-03,1755.0,1755.0,1695.0,1710.0
2010-08-04,1700.0,1700.0,1575.0,1615.0
2010-08-05,1630.0,1640.0,1575.0,1600.0
2010-08-06,1600.0,1600.0,1540.0,1550.0
2010-08-09,1590.0,1590.0,1535.0,1555.0
2010-08-10,1560.0,1570.0,1535.0,1550.0
2010-08-11,1555.0,1555.0,1500.0,1510.0
2010-08-12,1490.0,1545.0,1445.0,1525.0
2010-08-13,1555.0,1560.0,1525.0,1530.0
2010-08-16,1525.0,1525.0,1480.0,1495.0
2010-08-17,1465.0,1475.0,1445.0,1465.0
2010-08-18,1490.0,1545.0,1455.0,1505.0
2010-08-19,1530.0,1530.0,1485.0,1500.0
2010-08-20,1465.0,1465.0,1435.0,1450.0
2010-08-23,1425.0,1465.0,1395.0,1410.0
2010-08-24,1410.0,1475.0,1400.0,1445.0
2010-08-25,1410.0,1485.0,1400.0,1440.0
2010-08-26,1415.0,1450.0,1415.0,1450.0
2010-08-27,1455.0,1465.0,1440.0,1455.0
2010-08-30,1500.0,1515.0,1445.0,1450.0
2010-08-31,1425.0,1430.0,1405.0,1410.0
2010-09-01,1390.0,1390.0,1355.0,1360.0
2010-09-02,1400.0,1400.0,1365.0,1390.0
2010-09-03,1400.0,1405.0,1365.0,1370.0
2010-09-06,1375.0,1410.0,1370.0,1410.0
2010-09-07,1420.0,1435.0,1405.0,1425.0
2010-09-08,1390.0,1420.0,1390.0,1420.0
2010-09-09,1410.0,1425.0,1410.0,1420.0
2010-09-10,1490.0,1520.0,1440.0,1480.0
2010-09-13,1490.0,1510.0,1485.0,1485.0
2010-09-14,1475.0,1495.0,1470.0,1495.0
2010-09-16,1555.0,1555.0,1500.0,1515.0
2010-09-17,1515.0,1550.0,1515.0,1535.0
2010-09-21,1570.0,1570.0,1545.0,1555.0
2010-09-22,1530.0,1545.0,1530.0,1530.0
2010-09-24,1560.0,1560.0,1525.0,1560.0
2010-09-27,1560.0,1565.0,1525.0,1565.0
2010-09-28,1545.0,1550.0,1505.0,1525.0
2010-09-29,1520.0,1560.0,1520.0,1560.0
2010-09-30,1545.0,1550.0,1515.0,1515.0
2010-10-01,1525.0,1525.0,1505.0,1505.0
2010-10-04,1510.0,1525.0,1490.0,1495.0
2010-10-05,1525.0,1525.0,1470.0,1485.0
2010-10-06,1500.0,1500.0,1480.0,1490.0
2010-10-07,1480.0,1500.0,1480.0,1500.0
2010-10-08,1490.0,1495.0,1475.0,1475.0
2010-10-12,1500.0,1525.0,1420.0,1430.0
2010-10-13,1430.0,1435.0,1420.0,1420.0
2010-10-14,1425.0,1435.0,1420.0,1420.0
2010-10-15,1445.0,1455.0,1375.0,1375.0
2010-10-18,1395.0,1415.0,1390.0,1395.0
2010-10-19,1380.0,1405.0,1380.0,1405.0
2010-10-20,1410.0,1410.0,1385.0,1390.0
2010-10-21,1385.0,1390.0,1375.0,1390.0
2010-10-22,1400.0,1405.0,1400.0,1405.0
2010-10-25,1410.0,1430.0,1405.0,1405.0
2010-10-26,1445.0,1445.0,1405.0,1405.0
2010-10-27,1410.0,1435.0,1410.0,1415.0
2010-10-28,1425.0,1425.0,1405.0,1410.0
2010-10-29,1425.0,1425.0,1375.0,1400.0
2010-11-01,1380.0,1385.0,1340.0,1365.0
2010-11-02,1365.0,1365.0,1255.0,1300.0
2010-11-04,1305.0,1330.0,1250.0,1290.0
2010-11-05,1325.0,1445.0,1325.0,1400.0
2010-11-08,1325.0,1500.0,1325.0,1485.0
2010-11-09,1505.0,1565.0,1505.0,1565.0
2010-11-10,1565.0,1660.0,1565.0,1605.0
2010-11-11,1645.0,1655.0,1575.0,1640.0
2010-11-12,1640.0,1650.0,1625.0,1635.0
2010-11-15,1620.0,1675.0,1620.0,1660.0
2010-11-16,1660.0,1660.0,1630.0,1630.0
2010-11-17,1625.0,1660.0,1625.0,1650.0
2010-11-18,1650.0,1710.0,1635.0,1700.0
2010-11-19,1700.0,1710.0,1645.0,1645.0
2010-11-22,1680.0,1685.0,1665.0,1665.0
2010-11-24,1625.0,1660.0,1615.0,1640.0
2010-11-25,1650.0,1675.0,1650.0,1665.0
2010-11-26,1680.0,1745.0,1680.0,1725.0
2010-11-29,1715.0,1765.0,1715.0,1760.0
2010-11-30,1755.0,1790.0,1695.0,1735.0
2010-12-01,1710.0,1710.0,1660.0,1680.0
2010-12-02,1715.0,1725.0,1710.0,1725.0
2010-12-03,1725.0,1760.0,1725.0,1750.0
2010-12-06,1755.0,1785.0,1755.0,1760.0
2010-12-07,1750.0,1780.0,1735.0,1780.0
2010-12-08,1800.0,1930.0,1800.0,1925.0
2010-12-09,1940.0,1965.0,1870.0,1885.0
2010-12-10,1860.0,1860.0,1820.0,1835.0
2010-12-13,1820.0,1995.0,1820.0,1995.0
2010-12-14,2000.0,2010.0,1950.0,1965.0
2010-12-15,1950.0,1985.0,1925.0,1975.0
2010-12-16,1980.0,2000.0,1980.0,1985.0
2010-12-17,2005.0,2055.0,2000.0,2030.0
2010-12-20,2060.0,2095.0,1995.0,2065.0
2010-12-21,2060.0,2085.0,2025.0,2045.0
2010-12-22,2065.0,2080.0,2010.0,2020.0
2010-12-24,2035.0,2035.0,2000.0,2015.0
2010-12-27,2020.0,2040.0,1985.0,2040.0
2010-12-28,2035.0,2095.0,2030.0,2085.0
2010-12-29,2090.0,2250.0,2075.0,2205.0
2010-12-30,2200.0,2245.0,2165.0,2240.0
2011-01-04,2280.0,2280.0,2225.0,2230.0
2011-01-05,2240.0,2250.0,2210.0,2230.0
2011-01-06,2260.0,2355.0,2215.0,2285.0
2011-01-07,2270.0,2415.0,2270.0,2330.0
2011-01-11,2325.0,2325.0,2265.0,2295.0
2011-01-12,2325.0,2330.0,2190.0,2200.0
2011-01-13,2245.0,2265.0,2140.0,2185.0
2011-01-14,2170.0,2170.0,2115.0,2135.0
2011-01-17,2140.0,2175.0,2140.0,2160.0
2011-01-18,2180.0,2225.0,2180.0,2225.0
2011-01-19,2245.0,2285.0,2235.0,2275.0
2011-01-20,2275.0,2275.0,2220.0,2225.0
2011-01-21,2360.0,2445.0,2205.0,2260.0
2011-01-24,2295.0,2570.0,2295.0,2530.0
2011-01-25,2535.0,2670.0,2460.0,2595.0
2011-01-26,2600.0,2690.0,2490.0,2590.0
2011-01-27,2630.0,2635.0,2565.0,2625.0
2011-01-28,2620.0,2650.0,2540.0,2615.0
2011-01-31,2515.0,2665.0,2515.0,2640.0
2011-02-01,2690.0,2750.0,2600.0,2625.0
2011-02-02,2675.0,2685.0,2620.0,2665.0
2011-02-03,2675.0,2695.0,2640.0,2660.0
2011-02-04,2665.0,2745.0,2665.0,2735.0
2011-02-07,2785.0,2825.0,2715.0,2780.0
2011-02-08,2790.0,2850.0,2575.0,2625.0
2011-02-09,2660.0,2825.0,2660.0,2780.0
2011-02-10,2800.0,2800.0,2735.0,2755.0
2011-02-14,2775.0,2845.0,2765.0,2830.0
2011-02-15,2850.0,2870.0,2790.0,2800.0
2011-02-16,2780.0,2870.0,2780.0,2810.0
2011-02-17,2810.0,2820.0,2745.0,2765.0
2011-02-18,2765.0,2790.0,2715.0,2760.0
2011-02-21,2780.0,2900.0,2775.0,2900.0
2011-02-22,2850.0,2860.0,2785.0,2840.0
2011-02-23,2800.0,2820.0,2775.0,2775.0
2011-02-24,2710.0,2780.0,2600.0,2615.0
2011-02-25,2665.0,2715.0,2575.0,2700.0
2011-02-28,2750.0,2850.0,2710.0,2845.0
2011-03-01,2900.0,2900.0,2815.0,2830.0
2011-03-02,2800.0,2840.0,2775.0,2795.0
2011-03-03,2745.0,2775.0,2725.0,2755.0
2011-03-04,2800.0,2815.0,2750.0,2785.0
2011-03-07,2755.0,2790.0,2730.0,2785.0
2011-03-08,2770.0,2810.0,2755.0,2755.0
2011-03-09,2755.0,2775.0,2690.0,2695.0
2011-03-10,2745.0,2745.0,2635.0,2650.0
2011-03-11,2590.0,2610.0,2570.0,2575.0
2011-03-14,2075.0,2220.0,2075.0,2075.0
2011-03-15,2075.0,2095.0,1675.0,1855.0
2011-03-16,1880.0,2085.0,1880.0,2055.0
2011-03-17,1915.0,2145.0,1915.0,2110.0
2011-03-18,2225.0,2420.0,2220.0,2390.0
2011-03-22,2500.0,2520.0,2425.0,2520.0
2011-03-23,2510.0,2510.0,2420.0,2470.0
2011-03-24,2435.0,2485.0,2315.0,2340.0
2011-03-25,2375.0,2375.0,2240.0,2290.0
2011-03-28,2260.0,2265.0,2145.0,2205.0
2011-03-29,2110.0,2245.0,2110.0,2245.0
2011-03-30,2250.0,2325.0,2230.0,2325.0
2011-03-31,2395.0,2395.0,2330.0,2395.0
2011-04-01,2395.0,2395.0,2280.0,2300.0
2011-04-04,2305.0,2335.0,2250.0,2265.0
2011-04-05,2330.0,2335.0,2230.0,2240.0
2011-04-06,2230.0,2250.0,2195.0,2195.0
2011-04-07,2205.0,2235.0,2130.0,2130.0
2011-04-08,2130.0,2170.0,2095.0,2150.0
2011-04-11,2155.0,2190.0,2130.0,2140.0
2011-04-12,2100.0,2135.0,2050.0,2075.0
2011-04-13,2040.0,2070.0,2010.0,2030.0
2011-04-14,2020.0,2075.0,2015.0,2075.0
2011-04-15,2060.0,2135.0,2060.0,2085.0
2011-04-18,2075.0,2105.0,2075.0,2080.0
2011-04-19,2075.0,2085.0,2025.0,2035.0
2011-04-20,2060.0,2090.0,2060.0,2080.0
2011-04-21,2135.0,2165.0,2105.0,2105.0
2011-04-22,2130.0,2130.0,2090.0,2100.0
2011-04-25,2125.0,2160.0,2125.0,2150.0
2011-04-26,2170.0,2170.0,2120.0,2120.0
2011-04-27,2125.0,2145.0,2080.0,2085.0
2011-04-28,2090.0,2100.0,2075.0,2095.0
2011-05-02,2120.0,2135.0,2110.0,2115.0
2011-05-06,2085.0,2090.0,2065.0,2070.0
2011-05-09,2090.0,2090.0,2060.0,2070.0
2011-05-10,2070.0,2160.0,2070.0,2145.0
2011-05-11,2175.0,2270.0,2140.0,2270.0
2011-05-12,2245.0,2355.0,2240.0,2315.0
2011-05-13,2315.0,2335.0,1960.0,2150.0
2011-05-16,2050.0,2080.0,1970.0,1995.0
2011-05-17,2000.0,2025.0,1970.0,2000.0
2011-05-18,2000.0,2045.0,2000.0,2025.0
2011-05-19,2085.0,2085.0,2000.0,2005.0
2011-05-20,2045.0,2045.0,1990.0,1990.0
2011-05-23,1995.0,1995.0,1925.0,1945.0
2011-05-24,1955.0,2045.0,1955.0,2005.0
2011-05-25,2020.0,2025.0,1990.0,2015.0
2011-05-26,2055.0,2070.0,2000.0,2060.0
2011-05-27,2035.0,2050.0,2005.0,2010.0
2011-05-30,1965.0,1995.0,1950.0,1975.0
2011-05-31,1975.0,1985.0,1955.0,1985.0
2011-06-01,1970.0,1970.0,1930.0,1950.0
2011-06-02,1940.0,1940.0,1875.0,1895.0
2011-06-03,1895.0,1905.0,1825.0,1825.0
2011-06-06,1820.0,1820.0,1705.0,1730.0
2011-06-07,1740.0,1800.0,1740.0,1765.0
2011-06-08,1765.0,1805.0,1760.0,1800.0
2011-06-09,1770.0,1795.0,1765.0,1770.0
2011-06-10,1755.0,1780.0,1740.0,1740.0
2011-06-13,1755.0,1755.0,1705.0,1705.0
2011-06-14,1675.0,1760.0,1670.0,1755.0
2011-06-15,1800.0,1905.0,1785.0,1890.0
2011-06-16,1885.0,1945.0,1845.0,1945.0
2011-06-17,1945.0,1960.0,1865.0,1900.0
2011-06-20,1905.0,1905.0,1815.0,1850.0
2011-06-21,1830.0,1845.0,1820.0,1835.0
2011-06-22,1850.0,1945.0,1840.0,1945.0
2011-06-23,1930.0,1955.0,1900.0,1945.0
2011-06-24,1960.0,2000.0,1935.0,1975.0
2011-06-27,1945.0,1990.0,1935.0,1980.0
2011-06-28,1985.0,2000.0,1975.0,1975.0
2011-06-29,1980.0,2035.0,1980.0,2030.0
2011-06-30,2030.0,2050.0,2000.0,2050.0
2011-07-01,2110.0,2115.0,2020.0,2045.0
2011-07-04,2065.0,2065.0,2040.0,2040.0
2011-07-05,2040.0,2050.0,2000.0,2010.0
2011-07-06,2015.0,2030.0,1975.0,2010.0
2011-07-07,2000.0,2010.0,1975.0,1990.0
2011-07-08,2005.0,2010.0,1995.0,1995.0
2011-07-11,2000.0,2030.0,2000.0,2020.0
2011-07-12,2020.0,2025.0,1965.0,1975.0
2011-07-13,1975.0,1975.0,1955.0,1965.0
2011-07-14,1980.0,1980.0,1960.0,1965.0
2011-07-15,1975.0,1975.0,1955.0,1970.0
2011-07-19,1950.0,1955.0,1935.0,1940.0
2011-07-20,1980.0,1980.0,1960.0,1960.0
2011-07-21,1920.0,1950.0,1920.0,1945.0
2011-07-22,1955.0,1955.0,1925.0,1945.0
2011-07-25,1955.0,1955.0,1930.0,1940.0
2011-07-26,1925.0,1940.0,1910.0,1925.0
2011-07-27,1885.0,1895.0,1865.0,1865.0
2011-07-28,1855.0,1865.0,1840.0,1865.0
2011-07-29,1855.0,1855.0,1850.0,1850.0
2011-08-01,1850.0,1875.0,1835.0,1875.0
2011-08-02,1860.0,1860.0,1820.0,1835.0
2011-08-03,1785.0,1815.0,1775.0,1795.0
2011-08-04,1790.0,1840.0,1785.0,1795.0
2011-08-05,1690.0,1750.0,1650.0,1735.0
2011-08-08,1695.0,1745.0,1610.0,1640.0
2011-08-09,1520.0,1685.0,1520.0,1685.0
2011-08-10,1710.0,1735.0,1685.0,1735.0
2011-08-11,1655.0,1755.0,1655.0,1755.0
2011-08-12,1755.0,1795.0,1675.0,1795.0
2011-08-15,1800.0,1825.0,1725.0,1780.0
2011-08-16,1770.0,1800.0,1745.0,1790.0
2011-08-17,1800.0,1800.0,1730.0,1800.0
2011-08-18,1820.0,1820.0,1685.0,1710.0
2011-08-19,1685.0,1700.0,1650.0,1650.0
2011-08-22,1640.0,1645.0,1610.0,1625.0
2011-08-23,1620.0,1690.0,1590.0,1655.0
2011-08-24,1720.0,1720.0,1515.0,1545.0
2011-08-25,1560.0,1600.0,1540.0,1585.0
2011-08-26,1595.0,1620.0,1565.0,1620.0
2011-08-29,1650.0,1650.0,1610.0,1635.0
2011-08-30,1675.0,1675.0,1625.0,1655.0
2011-08-31,1670.0,1680.0,1665.0,1675.0
2011-09-01,1640.0,1660.0,1615.0,1645.0
2011-09-02,1625.0,1625.0,1570.0,1595.0
2011-09-05,1550.0,1575.0,1535.0,1575.0
2011-09-06,1540.0,1545.0,1495.0,1510.0
2011-09-07,1540.0,1550.0,1505.0,1515.0
2011-09-08,1525.0,1545.0,1505.0,1525.0
2011-09-09,1515.0,1515.0,1455.0,1515.0
2011-09-12,1450.0,1450.0,1390.0,1400.0
2011-09-13,1405.0,1445.0,1395.0,1395.0
2011-09-14,1395.0,1400.0,1315.0,1365.0
2011-09-15,1375.0,1390.0,1365.0,1385.0
2011-09-16,1425.0,1460.0,1425.0,1430.0
2011-09-20,1455.0,1455.0,1410.0,1415.0
2011-09-21,1420.0,1425.0,1410.0,1410.0
2011-09-22,1400.0,1430.0,1370.0,1385.0
2011-09-26,1385.0,1385.0,1250.0,1260.0
2011-09-27,1285.0,1385.0,1285.0,1335.0
2011-09-28,1415.0,1490.0,1395.0,1490.0
2011-09-29,1480.0,1525.0,1450.0,1525.0
2011-09-30,1545.0,1550.0,1475.0,1495.0
2011-10-03,1520.0,1520.0,1375.0,1425.0
2011-10-04,1385.0,1400.0,1350.0,1400.0
2011-10-05,1465.0,1465.0,1395.0,1400.0
2011-10-06,1455.0,1455.0,1425.0,1455.0
2011-10-07,1475.0,1495.0,1450.0,1465.0
2011-10-11,1500.0,1515.0,1485.0,1490.0
2011-10-12,1500.0,1515.0,1490.0,1495.0
2011-10-13,1500.0,1575.0,1500.0,1575.0
2011-10-14,1565.0,1565.0,1525.0,1560.0
2011-10-17,1580.0,1585.0,1505.0,1565.0
2011-10-18,1560.0,1560.0,1495.0,1535.0
2011-10-19,1545.0,1545.0,1470.0,1510.0
2011-10-20,1490.0,1490.0,1415.0,1435.0
2011-10-21,1410.0,1445.0,1410.0,1445.0
2011-10-24,1445.0,1475.0,1440.0,1455.0
2011-10-25,1470.0,1470.0,1420.0,1470.0
2011-10-26,1485.0,1485.0,1430.0,1445.0
2011-10-27,1435.0,1485.0,1435.0,1485.0
2011-10-28,1525.0,1525.0,1485.0,1510.0
2011-10-31,1490.0,1505.0,1410.0,1450.0
2011-11-01,1410.0,1440.0,1410.0,1430.0
2011-11-02,1415.0,1435.0,1400.0,1430.0
2011-11-04,1440.0,1440.0,1430.0,1430.0
2011-11-07,1430.0,1430.0,1410.0,1425.0
2011-11-08,1410.0,1425.0,1375.0,1380.0
2011-11-09,1385.0,1400.0,1375.0,1400.0
2011-11-10,1330.0,1345.0,1310.0,1325.0
2011-11-11,1285.0,1285.0,1225.0,1260.0
2011-11-14,1265.0,1270.0,1200.0,1205.0
2011-11-15,1210.0,1210.0,1190.0,1205.0
2011-11-16,1195.0,1200.0,1140.0,1150.0
2011-11-17,1110.0,1155.0,1100.0,1150.0
2011-11-18,1145.0,1145.0,1100.0,1115.0
2011-11-21,1115.0,1115.0,1080.0,1090.0
2011-11-22,1095.0,1130.0,1080.0,1130.0
2011-11-24,1110.0,1125.0,1090.0,1125.0
2011-11-25,1165.0,1175.0,1140.0,1145.0
2011-11-28,1140.0,1170.0,1140.0,1155.0
2011-11-29,1180.0,1230.0,1170.0,1230.0
2011-11-30,1210.0,1225.0,1200.0,1205.0
2011-12-01,1285.0,1285.0,1240.0,1265.0
2011-12-02,1275.0,1280.0,1265.0,1280.0
2011-12-05,1280.0,1305.0,1280.0,1305.0
2011-12-06,1305.0,1305.0,1255.0,1255.0
2011-12-07,1250.0,1250.0,1205.0,1230.0
2011-12-08,1230.0,1250.0,1230.0,1240.0
2011-12-09,1280.0,1280.0,1250.0,1270.0
2011-12-12,1290.0,1320.0,1285.0,1285.0
2011-12-13,1285.0,1285.0,1255.0,1265.0
2011-12-14,1250.0,1250.0,1225.0,1225.0
2011-12-15,1210.0,1210.0,1165.0,1165.0
2011-12-16,1175.0,1175.0,1135.0,1135.0
2011-12-19,1125.0,1125.0,1100.0,1100.0
2011-12-20,1100.0,1140.0,1100.0,1135.0
2011-12-21,1150.0,1160.0,1145.0,1150.0
2011-12-22,1135.0,1140.0,1125.0,1130.0
2011-12-26,1145.0,1160.0,1145.0,1160.0
2011-12-27,1160.0,1160.0,1150.0,1160.0
2011-12-28,1165.0,1165.0,1150.0,1150.0
2011-12-29,1140.0,1145.0,1060.0,1080.0
2011-12-30,1090.0,1140.0,1090.0,1140.0
2012-01-04,1160.0,1160.0,1140.0,1145.0
2012-01-05,1135.0,1145.0,1130.0,1130.0
2012-01-06,1135.0,1140.0,1125.0,1130.0
2012-01-10,1140.0,1150.0,1135.0,1140.0
2012-01-11,1155.0,1180.0,1155.0,1170.0
2012-01-12,1180.0,1185.0,1165.0,1170.0
2012-01-13,1190.0,1210.0,1175.0,1185.0
2012-01-16,1185.0,1190.0,1160.0,1180.0
2012-01-17,1180.0,1200.0,1180.0,1195.0
2012-01-18,1205.0,1220.0,1190.0,1205.0
2012-01-19,1205.0,1230.0,1205.0,1220.0
2012-01-20,1240.0,1265.0,1220.0,1265.0
2012-01-23,1285.0,1315.0,1280.0,1315.0
2012-01-24,1305.0,1320.0,1285.0,1295.0
2012-01-25,1310.0,1350.0,1300.0,1350.0
2012-01-26,1375.0,1390.0,1345.0,1360.0
2012-01-27,1360.0,1360.0,1305.0,1340.0
2012-01-30,1300.0,1310.0,1300.0,1310.0
2012-01-31,1290.0,1320.0,1285.0,1310.0
2012-02-01,1300.0,1300.0,1285.0,1290.0
2012-02-02,1280.0,1300.0,1280.0,1300.0
2012-02-03,1320.0,1320.0,1240.0,1240.0
2012-02-06,1275.0,1280.0,1245.0,1255.0
2012-02-07,1255.0,1285.0,1255.0,1275.0
2012-02-08,1300.0,1330.0,1300.0,1330.0
2012-02-09,1370.0,1370.0,1270.0,1315.0
2012-02-10,1305.0,1330.0,1300.0,1310.0
2012-02-13,1300.0,1375.0,1300.0,1370.0
2012-02-14,1370.0,1375.0,1330.0,1370.0
2012-02-15,1370.0,1380.0,1350.0,1375.0
2012-02-16,1380.0,1470.0,1375.0,1425.0
2012-02-17,1475.0,1500.0,1455.0,1475.0
2012-02-20,1480.0,1535.0,1480.0,1505.0
2012-02-21,1500.0,1505.0,1475.0,1500.0
2012-02-22,1505.0,1510.0,1485.0,1510.0
2012-02-23,1510.0,1565.0,1495.0,1565.0
2012-02-24,1580.0,1640.0,1550.0,1625.0
2012-02-27,1630.0,1635.0,1585.0,1590.0
2012-02-28,1535.0,1565.0,1510.0,1535.0
2012-02-29,1550.0,1590.0,1515.0,1525.0
2012-03-01,1545.0,1555.0,1420.0,1425.0
2012-03-02,1465.0,1470.0,1410.0,1460.0
2012-03-05,1490.0,1725.0,1490.0,1665.0
2012-03-06,1625.0,1695.0,1625.0,1675.0
2012-03-07,1635.0,1685.0,1625.0,1670.0
2012-03-08,1690.0,1690.0,1630.0,1640.0
2012-03-09,1630.0,1665.0,1565.0,1655.0
2012-03-12,1655.0,1655.0,1630.0,1635.0
2012-03-13,1645.0,1645.0,1605.0,1610.0
2012-03-14,1605.0,1640.0,1600.0,1600.0
2012-03-15,1590.0,1785.0,1590.0,1725.0
2012-03-16,1750.0,1800.0,1750.0,1760.0
2012-03-19,1790.0,1790.0,1760.0,1765.0
2012-03-21,1770.0,1780.0,1725.0,1725.0
2012-03-22,1720.0,1720.0,1670.0,1695.0
2012-03-23,1680.0,1735.0,1675.0,1715.0
2012-03-26,1765.0,1775.0,1720.0,1720.0
2012-03-27,1750.0,1750.0,1710.0,1740.0
2012-03-28,1740.0,1805.0,1740.0,1785.0
2012-03-29,1775.0,1800.0,1770.0,1775.0
2012-03-30,1760.0,1795.0,1745.0,1795.0
2012-04-02,1835.0,1850.0,1820.0,1830.0
2012-04-03,1845.0,1855.0,1810.0,1855.0
2012-04-04,1880.0,1880.0,1730.0,1785.0
2012-04-05,1720.0,1770.0,1705.0,1770.0
2012-04-06,1795.0,1795.0,1740.0,1770.0
2012-04-09,1745.0,1760.0,1705.0,1720.0
2012-04-10,1700.0,1735.0,1665.0,1665.0
2012-04-11,1625.0,1660.0,1620.0,1645.0
2012-04-12,1725.0,1795.0,1685.0,1765.0
2012-04-13,1805.0,1825.0,1750.0,1780.0
2012-04-16,1740.0,1755.0,1700.0,1755.0
2012-04-17,1715.0,1745.0,1665.0,1700.0
2012-04-18,1705.0,1740.0,1705.0,1740.0
2012-04-19,1740.0,1760.0,1690.0,1700.0
2012-04-20,1705.0,1710.0,1675.0,1695.0
2012-04-23,1690.0,1690.0,1655.0,1655.0
2012-04-24,1620.0,1690.0,1620.0,1670.0
2012-04-25,1720.0,1725.0,1700.0,1725.0
2012-04-26,1715.0,1730.0,1685.0,1700.0
2012-04-27,1690.0,1695.0,1665.0,1685.0
2012-05-01,1685.0,1685.0,1630.0,1635.0
2012-05-02,1640.0,1640.0,1625.0,1625.0
2012-05-07,1625.0,1630.0,1555.0,1570.0
2012-05-08,1570.0,1580.0,1520.0,1535.0
2012-05-09,1500.0,1510.0,1415.0,1450.0
2012-05-10,1450.0,1470.0,1420.0,1450.0
2012-05-11,1450.0,1525.0,1450.0,1515.0
2012-05-14,1475.0,1650.0,1465.0,1575.0
2012-05-15,1585.0,1645.0,1490.0,1645.0
2012-05-16,1590.0,1590.0,1490.0,1500.0
2012-05-17,1490.0,1535.0,1480.0,1515.0
2012-05-18,1470.0,1480.0,1440.0,1460.0
2012-05-21,1445.0,1495.0,1425.0,1435.0
2012-05-22,1455.0,1485.0,1415.0,1430.0
2012-05-23,1445.0,1445.0,1380.0,1380.0
2012-05-24,1360.0,1365.0,1320.0,1365.0
2012-05-25,1375.0,1375.0,1325.0,1330.0
2012-05-28,1320.0,1355.0,1300.0,1330.0
2012-05-29,1315.0,1375.0,1315.0,1370.0
2012-05-30,1360.0,1370.0,1335.0,1360.0
2012-05-31,1335.0,1390.0,1335.0,1385.0
2012-06-01,1395.0,1395.0,1305.0,1310.0
2012-06-04,1275.0,1275.0,1215.0,1220.0
2012-06-05,1220.0,1255.0,1200.0,1255.0
2012-06-06,1375.0,1395.0,1300.0,1300.0
2012-06-07,1400.0,1590.0,1390.0,1515.0
2012-06-08,1520.0,1540.0,1455.0,1515.0
2012-06-11,1535.0,1550.0,1515.0,1535.0
2012-06-12,1525.0,1535.0,1485.0,1535.0
2012-06-13,1535.0,1555.0,1480.0,1545.0
2012-06-14,1530.0,1530.0,1490.0,1525.0
2012-06-15,1500.0,1510.0,1485.0,1485.0
2012-06-18,1510.0,1525.0,1505.0,1505.0
2012-06-19,1505.0,1505.0,1480.0,1495.0
2012-06-20,1515.0,1515.0,1490.0,1500.0
2012-06-21,1500.0,1510.0,1480.0,1500.0
2012-06-22,1460.0,1540.0,1460.0,1530.0
2012-06-25,1550.0,1570.0,1535.0,1555.0
2012-06-26,1520.0,1540.0,1495.0,1495.0
2012-06-27,1495.0,1535.0,1495.0,1530.0
2012-06-28,1540.0,1540.0,1515.0,1520.0
2012-06-29,1505.0,1540.0,1505.0,1540.0
2012-07-02,1530.0,1530.0,1505.0,1510.0
2012-07-03,1510.0,1530.0,1505.0,1520.0
2012-07-04,1510.0,1525.0,1500.0,1505.0
2012-07-05,1525.0,1525.0,1495.0,1495.0
2012-07-06,1490.0,1495.0,1475.0,1475.0
2012-07-09,1455.0,1465.0,1370.0,1450.0
2012-07-10,1405.0,1425.0,1370.0,1410.0
2012-07-11,1365.0,1385.0,1360.0,1365.0
2012-07-12,1335.0,1365.0,1325.0,1330.0
2012-07-13,1325.0,1360.0,1325.0,1345.0
2012-07-17,1315.0,1340.0,1300.0,1340.0
2012-07-18,1315.0,1320.0,1255.0,1290.0
2012-07-19,1270.0,1315.0,1260.0,1275.0
2012-07-20,1255.0,1270.0,1225.0,1245.0
2012-07-23,1240.0,1240.0,1180.0,1225.0
2012-07-24,1210.0,1285.0,1200.0,1255.0
2012-07-25,1295.0,1300.0,1255.0,1270.0
2012-07-26,1265.0,1280.0,1250.0,1280.0
2012-07-27,1285.0,1295.0,1260.0,1260.0
2012-07-30,1275.0,1275.0,1165.0,1235.0
2012-07-31,1235.0,1290.0,1235.0,1290.0
2012-08-01,1325.0,1325.0,1265.0,1310.0
2012-08-02,1310.0,1310.0,1270.0,1290.0
2012-08-03,1260.0,1265.0,1240.0,1245.0
2012-08-06,1260.0,1275.0,1245.0,1250.0
2012-08-07,1265.0,1275.0,1260.0,1275.0
2012-08-08,1290.0,1290.0,1240.0,1240.0
2012-08-09,1250.0,1280.0,1240.0,1255.0
2012-08-10,1275.0,1285.0,1245.0,1255.0
2012-08-13,1270.0,1315.0,1225.0,1290.0
2012-08-14,1255.0,1275.0,1235.0,1255.0
2012-08-15,1275.0,1275.0,1220.0,1230.0
2012-08-16,1275.0,1490.0,1275.0,1385.0
2012-08-17,1480.0,1530.0,1435.0,1445.0
2012-08-20,1475.0,1475.0,1385.0,1430.0
2012-08-21,1405.0,1430.0,1400.0,1400.0
2012-08-22,1440.0,1440.0,1415.0,1440.0
2012-08-23,1415.0,1425.0,1395.0,1415.0
2012-08-24,1420.0,1420.0,1380.0,1400.0
2012-08-27,1400.0,1400.0,1360.0,1380.0
2012-08-28,1355.0,1370.0,1330.0,1340.0
2012-08-29,1365.0,1375.0,1345.0,1355.0
2012-08-30,1360.0,1360.0,1330.0,1330.0
2012-08-31,1325.0,1325.0,1305.0,1320.0
2012-09-03,1345.0,1345.0,1305.0,1340.0
2012-09-04,1340.0,1340.0,1320.0,1320.0
2012-09-05,1310.0,1310.0,1255.0,1265.0
2012-09-06,1265.0,1265.0,1230.0,1240.0
2012-09-07,1275.0,1295.0,1265.0,1295.0
2012-09-10,1310.0,1310.0,1290.0,1310.0
2012-09-11,1315.0,1315.0,1300.0,1310.0
2012-09-12,1310.0,1420.0,1300.0,1420.0
2012-09-13,1425.0,1435.0,1375.0,1395.0
2012-09-14,1420.0,1435.0,1400.0,1415.0
2012-09-18,1445.0,1495.0,1435.0,1480.0
2012-09-19,1495.0,1505.0,1455.0,1490.0
2012-09-20,1495.0,1495.0,1465.0,1485.0
2012-09-21,1485.0,1485.0,1440.0,1440.0
2012-09-24,1460.0,1460.0,1395.0,1405.0
2012-09-25,1425.0,1425.0,1395.0,1410.0
2012-09-26,1410.0,1410.0,1375.0,1385.0
2012-09-27,1385.0,1385.0,1370.0,1375.0
2012-09-28,1415.0,1420.0,1375.0,1410.0
2012-10-01,1450.0,1450.0,1400.0,1425.0
2012-10-02,1410.0,1470.0,1390.0,1470.0
2012-10-03,1460.0,1465.0,1400.0,1420.0
2012-10-04,1460.0,1460.0,1430.0,1445.0
2012-10-05,1430.0,1435.0,1405.0,1415.0
2012-10-09,1400.0,1425.0,1400.0,1410.0
2012-10-10,1370.0,1410.0,1360.0,1360.0
2012-10-11,1340.0,1375.0,1340.0,1340.0
2012-10-12,1375.0,1400.0,1340.0,1365.0
2012-10-15,1365.0,1390.0,1355.0,1385.0
2012-10-16,1420.0,1420.0,1375.0,1415.0
2012-10-17,1420.0,1425.0,1400.0,1425.0
2012-10-18,1440.0,1465.0,1425.0,1465.0
2012-10-19,1455.0,1490.0,1455.0,1490.0
2012-10-22,1495.0,1580.0,1480.0,1555.0
2012-10-23,1575.0,1590.0,1540.0,1550.0
2012-10-24,1535.0,1560.0,1515.0,1550.0
2012-10-25,1550.0,1580.0,1540.0,1565.0
2012-10-26,1570.0,1570.0,1500.0,1510.0
2012-10-29,1525.0,1530.0,1505.0,1510.0
2012-10-30,1550.0,1550.0,1500.0,1505.0
2012-10-31,1545.0,1550.0,1520.0,1545.0
2012-11-01,1555.0,1555.0,1505.0,1515.0
2012-11-02,1545.0,1545.0,1515.0,1525.0
2012-11-05,1525.0,1540.0,1510.0,1510.0
2012-11-06,1515.0,1515.0,1500.0,1500.0
2012-11-07,1505.0,1510.0,1500.0,1505.0
2012-11-08,1480.0,1490.0,1435.0,1460.0
2012-11-09,1415.0,1800.0,1410.0,1750.0
2012-11-12,1755.0,1770.0,1665.0,1675.0
2012-11-13,1700.0,1700.0,1580.0,1610.0
2012-11-14,1615.0,1670.0,1590.0,1650.0
2012-11-15,1665.0,1705.0,1660.0,1695.0
2012-11-16,1685.0,1735.0,1680.0,1710.0
2012-11-19,1755.0,1775.0,1740.0,1765.0
2012-11-20,1775.0,1775.0,1725.0,1745.0
2012-11-21,1740.0,1765.0,1695.0,1730.0
2012-11-22,1750.0,1840.0,1735.0,1820.0
2012-11-26,1820.0,1835.0,1780.0,1780.0
2012-11-27,1795.0,1850.0,1770.0,1820.0
2012-11-28,1860.0,2055.0,1860.0,2015.0
2012-11-29,2010.0,2075.0,1990.0,2060.0
2012-11-30,2065.0,2245.0,2035.0,2245.0
2012-12-03,2195.0,2215.0,2115.0,2160.0
2012-12-04,2175.0,2335.0,2165.0,2240.0
2012-12-05,2240.0,2295.0,2165.0,2295.0
2012-12-06,2300.0,2320.0,2265.0,2280.0
2012-12-07,2290.0,2290.0,2205.0,2220.0
2012-12-10,2225.0,2245.0,2080.0,2145.0
2012-12-11,2150.0,2270.0,2125.0,2250.0
2012-12-12,2255.0,2270.0,2225.0,2235.0
2012-12-13,2250.0,2265.0,2240.0,2250.0
2012-12-14,2225.0,2235.0,2195.0,2215.0
2012-12-17,2200.0,2215.0,2155.0,2165.0
2012-12-18,2150.0,2220.0,2150.0,2170.0
2012-12-19,2210.0,2225.0,2160.0,2170.0
2012-12-20,2145.0,2160.0,2110.0,2120.0
2012-12-21,2130.0,2175.0,2045.0,2075.0
2012-12-25,2075.0,2215.0,2075.0,2160.0
2012-12-26,2070.0,2125.0,2040.0,2110.0
2012-12-27,2115.0,2160.0,2115.0,2150.0
2012-12-28,2150.0,2160.0,2095.0,2105.0
2013-01-04,2135.0,2200.0,2135.0,2200.0
2013-01-07,2240.0,2250.0,2200.0,2210.0
2013-01-08,2220.0,2220.0,2160.0,2170.0
2013-01-09,2130.0,2210.0,2120.0,2200.0
2013-01-10,2220.0,2230.0,2175.0,2180.0
2013-01-11,2180.0,2205.0,2140.0,2145.0
2013-01-15,2160.0,2170.0,2120.0,2120.0
2013-01-16,2120.0,2145.0,2105.0,2115.0
2013-01-17,2100.0,2120.0,2080.0,2110.0
2013-01-18,2140.0,2155.0,2120.0,2135.0
2013-01-21,2140.0,2140.0,2075.0,2100.0
2013-01-22,2075.0,2085.0,1890.0,1945.0
2013-01-23,1910.0,1915.0,1810.0,1835.0
2013-01-24,1835.0,1860.0,1795.0,1840.0
2013-01-25,1860.0,1890.0,1855.0,1880.0
2013-01-28,1910.0,1925.0,1900.0,1910.0
2013-01-29,1910.0,1930.0,1900.0,1910.0
2013-01-30,1930.0,1955.0,1915.0,1945.0
2013-01-31,1955.0,1965.0,1935.0,1950.0
2013-02-01,1950.0,1985.0,1940.0,1980.0
2013-02-04,1980.0,2005.0,1955.0,1985.0
2013-02-05,1965.0,2000.0,1960.0,1990.0
2013-02-06,2010.0,2050.0,2010.0,2035.0
2013-02-07,2045.0,2115.0,2040.0,2105.0
2013-02-08,2175.0,2365.0,2125.0,2230.0
2013-02-12,2300.0,2300.0,2060.0,2080.0
2013-02-13,2040.0,2070.0,1985.0,1995.0
2013-02-14,2005.0,2035.0,1965.0,1995.0
2013-02-15,1985.0,1990.0,1860.0,1900.0
2013-02-18,1975.0,1980.0,1940.0,1945.0
2013-02-19,1950.0,1980.0,1950.0,1975.0
2013-02-20,2000.0,2075.0,2000.0,2070.0
2013-02-21,2070.0,2135.0,2040.0,2075.0
2013-02-22,2055.0,2060.0,1995.0,2040.0
2013-02-25,2060.0,2090.0,2020.0,2025.0
2013-02-26,2000.0,2050.0,1970.0,2000.0
2013-02-27,1995.0,1995.0,1930.0,1930.0
2013-02-28,1970.0,1990.0,1935.0,1950.0
2013-03-01,1960.0,2010.0,1940.0,1965.0
2013-03-04,2005.0,2020.0,1980.0,1985.0
2013-03-05,2000.0,2010.0,1955.0,1965.0
2013-03-06,1985.0,1995.0,1960.0,1975.0
2013-03-07,1985.0,1985.0,1940.0,1955.0
2013-03-08,1955.0,1975.0,1955.0,1955.0
2013-03-11,1975.0,1990.0,1965.0,1975.0
2013-03-12,1990.0,2000.0,1955.0,1960.0
2013-03-13,1960.0,1980.0,1950.0,1955.0
2013-03-14,1960.0,1970.0,1950.0,1955.0
2013-03-15,1955.0,1965.0,1935.0,1950.0
2013-03-18,1935.0,1945.0,1915.0,1915.0
2013-03-19,1925.0,1945.0,1925.0,1935.0
2013-03-21,1945.0,1980.0,1945.0,1965.0
2013-03-22,1945.0,1960.0,1935.0,1935.0
2013-03-25,1945.0,1955.0,1920.0,1920.0
2013-03-26,1925.0,1935.0,1920.0,1930.0
2013-03-27,1915.0,1925.0,1890.0,1900.0
2013-03-28,1895.0,1900.0,1830.0,1865.0
2013-03-29,1860.0,1865.0,1815.0,1830.0
2013-04-01,1835.0,1845.0,1680.0,1685.0
2013-04-02,1685.0,1755.0,1620.0,1740.0
2013-04-03,1780.0,1815.0,1745.0,1750.0
2013-04-04,1755.0,1755.0,1660.0,1740.0
2013-04-05,1785.0,1810.0,1695.0,1700.0
2013-04-08,1750.0,1765.0,1740.0,1755.0
2013-04-09,1780.0,1820.0,1765.0,1800.0
2013-04-10,1795.0,1800.0,1765.0,1800.0
2013-04-11,1825.0,1895.0,1825.0,1855.0
2013-04-12,1880.0,1880.0,1830.0,1845.0
2013-04-15,1845.0,1915.0,1830.0,1890.0
2013-04-16,1845.0,1880.0,1840.0,1865.0
2013-04-17,1915.0,1925.0,1880.0,1920.0
2013-04-18,1905.0,1930.0,1900.0,1915.0
2013-04-19,1910.0,1915.0,1890.0,1905.0
2013-04-22,1920.0,1930.0,1905.0,1905.0
2013-04-23,1910.0,1930.0,1905.0,1915.0
2013-04-24,1935.0,1945.0,1920.0,1945.0
2013-04-25,1945.0,1970.0,1940.0,1970.0
2013-04-26,1960.0,1975.0,1915.0,1930.0
2013-04-30,1935.0,1940.0,1900.0,1900.0
2013-05-01,1890.0,1900.0,1870.0,1895.0
2013-05-02,1890.0,1895.0,1875.0,1895.0
2013-05-07,1940.0,1965.0,1935.0,1960.0
2013-05-08,1975.0,2045.0,1970.0,2030.0
2013-05-09,2060.0,2065.0,2020.0,2030.0
2013-05-10,2060.0,2060.0,2025.0,2050.0
2013-05-13,2095.0,2145.0,2075.0,2145.0
2013-05-14,2145.0,2155.0,1775.0,1915.0
2013-05-15,1915.0,1945.0,1870.0,1890.0
2013-05-16,1885.0,1890.0,1810.0,1850.0
2013-05-17,1825.0,1860.0,1820.0,1850.0
2013-05-20,1870.0,1905.0,1870.0,1905.0
2013-05-21,1920.0,1940.0,1895.0,1935.0
2013-05-22,1955.0,1965.0,1915.0,1935.0
2013-05-23,1935.0,1945.0,1805.0,1815.0
2013-05-24,1820.0,1860.0,1760.0,1785.0
2013-05-27,1765.0,1775.0,1725.0,1730.0
2013-05-28,1715.0,1785.0,1715.0,1765.0
2013-05-29,1775.0,1810.0,1775.0,1790.0
2013-05-30,1785.0,1785.0,1740.0,1745.0
2013-05-31,1785.0,1785.0,1740.0,1775.0
2013-06-03,1745.0,1755.0,1720.0,1720.0
2013-06-04,1700.0,1720.0,1665.0,1700.0
2013-06-05,1705.0,1765.0,1690.0,1690.0
2013-06-06,1675.0,1685.0,1620.0,1625.0
2013-06-07,1525.0,1590.0,1495.0,1530.0
2013-06-10,1600.0,1650.0,1595.0,1635.0
2013-06-11,1640.0,1670.0,1630.0,1630.0
2013-06-12,1625.0,1630.0,1590.0,1610.0
2013-06-13,1610.0,1615.0,1585.0,1595.0
2013-06-14,1595.0,1605.0,1570.0,1570.0
2013-06-17,1575.0,1655.0,1575.0,1615.0
2013-06-18,1630.0,1630.0,1590.0,1610.0
2013-06-19,1615.0,1620.0,1575.0,1595.0
2013-06-20,1590.0,1590.0,1550.0,1555.0
2013-06-21,1530.0,1530.0,1500.0,1515.0
2013-06-24,1540.0,1555.0,1500.0,1515.0
2013-06-25,1510.0,1510.0,1480.0,1490.0
2013-06-26,1515.0,1525.0,1480.0,1495.0
2013-06-27,1485.0,1500.0,1465.0,1485.0
2013-06-28,1500.0,1535.0,1485.0,1525.0
2013-07-01,1565.0,1570.0,1540.0,1565.0
2013-07-02,1575.0,1595.0,1565.0,1580.0
2013-07-03,1585.0,1605.0,1575.0,1585.0
2013-07-04,1610.0,1620.0,1595.0,1615.0
2013-07-05,1615.0,1630.0,1610.0,1625.0
2013-07-08,1640.0,1645.0,1625.0,1625.0
2013-07-09,1625.0,1635.0,1610.0,1615.0
2013-07-10,1640.0,1640.0,1605.0,1615.0
2013-07-11,1600.0,1615.0,1595.0,1600.0
2013-07-12,1605.0,1620.0,1605.0,1610.0
2013-07-16,1615.0,1625.0,1615.0,1615.0
2013-07-17,1610.0,1630.0,1610.0,1615.0
2013-07-18,1620.0,1620.0,1605.0,1620.0
2013-07-19,1625.0,1625.0,1595.0,1600.0
2013-07-22,1610.0,1625.0,1600.0,1625.0
2013-07-23,1605.0,1630.0,1605.0,1625.0
2013-07-24,1610.0,1625.0,1610.0,1625.0
2013-07-25,1630.0,1630.0,1615.0,1620.0
2013-07-26,1620.0,1645.0,1595.0,1640.0
2013-07-29,1610.0,1640.0,1585.0,1640.0
2013-07-30,1625.0,1640.0,1610.0,1630.0
2013-07-31,1630.0,1635.0,1605.0,1625.0
2013-08-01,1635.0,1635.0,1590.0,1630.0
2013-08-02,1640.0,1770.0,1635.0,1715.0
2013-08-05,1715.0,1750.0,1705.0,1750.0
2013-08-06,1765.0,1770.0,1725.0,1755.0
2013-08-07,1720.0,1735.0,1710.0,1710.0
2013-08-08,1705.0,1740.0,1690.0,1705.0
2013-08-09,1695.0,1710.0,1655.0,1675.0
2013-08-12,1660.0,1690.0,1650.0,1680.0
2013-08-13,1690.0,1725.0,1580.0,1610.0
2013-08-14,1610.0,1655.0,1525.0,1655.0
2013-08-15,1615.0,1650.0,1600.0,1630.0
2013-08-16,1625.0,1625.0,1590.0,1600.0
2013-08-19,1645.0,1645.0,1615.0,1630.0
2013-08-20,1620.0,1645.0,1550.0,1580.0
2013-08-21,1620.0,1620.0,1580.0,1600.0
2013-08-22,1585.0,1600.0,1580.0,1585.0
2013-08-23,1620.0,1625.0,1595.0,1610.0
2013-08-26,1630.0,1650.0,1625.0,1640.0
2013-08-27,1650.0,1650.0,1615.0,1630.0
2013-08-28,1630.0,1640.0,1590.0,1615.0
2013-08-29,1645.0,1645.0,1605.0,1620.0
2013-08-30,1620.0,1635.0,1605.0,1620.0
2013-09-02,1610.0,1620.0,1575.0,1610.0
2013-09-03,1615.0,1625.0,1600.0,1610.0
2013-09-04,1625.0,1625.0,1610.0,1620.0
2013-09-05,1615.0,1615.0,1600.0,1610.0
2013-09-06,1605.0,1610.0,1590.0,1595.0
2013-09-09,1645.0,1645.0,1600.0,1625.0
2013-09-10,1645.0,1650.0,1600.0,1635.0
2013-09-11,1645.0,1645.0,1610.0,1625.0
2013-09-12,1615.0,1625.0,1600.0,1615.0
2013-09-13,1610.0,1615.0,1595.0,1610.0
2013-09-17,1610.0,1625.0,1610.0,1620.0
2013-09-18,1610.0,1630.0,1605.0,1625.0
2013-09-19,1630.0,1660.0,1615.0,1660.0
2013-09-20,1660.0,1660.0,1645.0,1655.0
2013-09-24,1660.0,1670.0,1640.0,1670.0
2013-09-25,1680.0,1690.0,1670.0,1690.0
2013-09-26,1670.0,1690.0,1655.0,1685.0
2013-09-27,1670.0,1700.0,1670.0,1700.0
2013-09-30,1700.0,1700.0,1670.0,1670.0
2013-10-01,1670.0,1670.0,1650.0,1670.0
2013-10-02,1650.0,1680.0,1635.0,1635.0
2013-10-03,1635.0,1640.0,1615.0,1615.0
2013-10-04,1590.0,1610.0,1590.0,1595.0
2013-10-07,1615.0,1615.0,1560.0,1575.0
2013-10-08,1555.0,1585.0,1550.0,1585.0
2013-10-09,1585.0,1670.0,1570.0,1640.0
2013-10-10,1680.0,1720.0,1640.0,1720.0
2013-10-11,1730.0,1735.0,1670.0,1680.0
2013-10-15,1690.0,1690.0,1650.0,1665.0
2013-10-16,1655.0,1655.0,1635.0,1645.0
2013-10-17,1635.0,1665.0,1635.0,1650.0
2013-10-18,1655.0,1655.0,1650.0,1650.0
2013-10-21,1675.0,1675.0,1625.0,1655.0
2013-10-22,1655.0,1670.0,1655.0,1670.0
2013-10-23,1650.0,1680.0,1625.0,1655.0
2013-10-24,1620.0,1665.0,1620.0,1660.0
2013-10-25,1660.0,1660.0,1635.0,1635.0
2013-10-28,1640.0,1650.0,1615.0,1625.0
2013-10-29,1625.0,1625.0,1625.0,1625.0
2013-10-30,1620.0,1635.0,1615.0,1625.0
2013-10-31,1625.0,1660.0,1625.0,1650.0
2013-11-01,1665.0,1665.0,1605.0,1620.0
2013-11-05,1625.0,1640.0,1600.0,1635.0
2013-11-06,1635.0,1640.0,1605.0,1625.0
2013-11-07,1610.0,1615.0,1600.0,1615.0
2013-11-08,1585.0,1605.0,1585.0,1590.0
2013-11-11,1575.0,1585.0,1550.0,1550.0
2013-11-12,1555.0,1585.0,1550.0,1585.0
2013-11-13,1575.0,1590.0,1560.0,1585.0
2013-11-14,1585.0,1600.0,1575.0,1595.0
2013-11-15,1595.0,1615.0,1590.0,1590.0
2013-11-18,1595.0,1615.0,1595.0,1610.0
2013-11-19,1610.0,1615.0,1600.0,1605.0
2013-11-20,1600.0,1610.0,1590.0,1605.0
2013-11-21,1610.0,1625.0,1600.0,1610.0
2013-11-22,1600.0,1625.0,1600.0,1620.0
2013-11-25,1625.0,1680.0,1625.0,1660.0
2013-11-26,1670.0,1670.0,1645.0,1650.0
2013-11-27,1640.0,1665.0,1640.0,1655.0
2013-11-28,1660.0,1670.0,1650.0,1665.0
2013-11-29,1655.0,1665.0,1650.0,1665.0
2013-12-02,1670.0,1675.0,1655.0,1660.0
2013-12-03,1680.0,1680.0,1665.0,1670.0
2013-12-04,1655.0,1685.0,1650.0,1675.0
2013-12-05,1685.0,1685.0,1650.0,1655.0
2013-12-06,1650.0,1655.0,1620.0,1640.0
2013-12-09,1635.0,1650.0,1630.0,1640.0
2013-12-10,1640.0,1645.0,1630.0,1640.0
2013-12-11,1620.0,1625.0,1605.0,1620.0
2013-12-12,1625.0,1625.0,1605.0,1620.0
2013-12-13,1610.0,1620.0,1565.0,1565.0
2013-12-16,1585.0,1585.0,1560.0,1560.0
2013-12-17,1565.0,1585.0,1565.0,1575.0
2013-12-18,1575.0,1585.0,1570.0,1580.0
2013-12-19,1580.0,1580.0,1575.0,1575.0
2013-12-20,1565.0,1570.0,1560.0,1565.0
2013-12-24,1565.0,1565.0,1540.0,1550.0
2013-12-25,1535.0,1540.0,1505.0,1525.0
2013-12-26,1550.0,1585.0,1545.0,1580.0
2013-12-27,1575.0,1595.0,1575.0,1595.0
2013-12-30,1605.0,1605.0,1595.0,1605.0
2014-01-06,1615.0,1620.0,1595.0,1605.0
2014-01-07,1615.0,1615.0,1600.0,1605.0
2014-01-08,1675.0,1775.0,1665.0,1760.0
2014-01-09,1770.0,1770.0,1695.0,1710.0
2014-01-10,1700.0,1725.0,1680.0,1705.0
2014-01-14,1695.0,1695.0,1655.0,1665.0
2014-01-15,1700.0,1705.0,1680.0,1685.0
2014-01-16,1725.0,1725.0,1690.0,1690.0
2014-01-17,1690.0,1715.0,1690.0,1705.0
2014-01-20,1745.0,1750.0,1710.0,1725.0
2014-01-21,1745.0,1745.0,1710.0,1725.0
2014-01-22,1750.0,1750.0,1720.0,1730.0
2014-01-23,1710.0,1730.0,1710.0,1720.0
2014-01-24,1700.0,1705.0,1675.0,1675.0
2014-01-27,1655.0,1655.0,1590.0,1600.0
2014-01-28,1600.0,1620.0,1575.0,1575.0
2014-01-29,1595.0,1625.0,1585.0,1620.0
2014-01-30,1595.0,1610.0,1575.0,1610.0
2014-01-31,1605.0,1610.0,1585.0,1600.0
2014-02-03,1615.0,1620.0,1555.0,1600.0
2014-02-04,1510.0,1535.0,1505.0,1510.0
2014-02-05,1550.0,1630.0,1515.0,1530.0
2014-02-06,1565.0,1565.0,1510.0,1530.0
2014-02-07,1550.0,1565.0,1545.0,1560.0
2014-02-10,1575.0,1620.0,1570.0,1600.0
2014-02-12,1600.0,1610.0,1570.0,1595.0
2014-02-13,1565.0,1595.0,1560.0,1565.0
2014-02-14,1565.0,1565.0,1540.0,1550.0
2014-02-17,1540.0,1550.0,1530.0,1535.0
2014-02-18,1535.0,1570.0,1535.0,1560.0
2014-02-19,1550.0,1565.0,1550.0,1555.0
2014-02-20,1570.0,1570.0,1550.0,1555.0
2014-02-21,1570.0,1575.0,1565.0,1570.0
2014-02-24,1570.0,1610.0,1570.0,1585.0
2014-02-25,1615.0,1615.0,1590.0,1600.0
2014-02-26,1580.0,1610.0,1580.0,1595.0
2014-02-27,1570.0,1595.0,1570.0,1575.0
2014-02-28,1580.0,1590.0,1545.0,1550.0
2014-03-03,1600.0,1600.0,1550.0,1575.0
2014-03-04,1575.0,1590.0,1570.0,1585.0
2014-03-05,1585.0,1595.0,1580.0,1580.0
2014-03-06,1575.0,1600.0,1575.0,1580.0
2014-03-07,1590.0,1605.0,1580.0,1595.0
2014-03-10,1595.0,1595.0,1570.0,1580.0
2014-03-11,1580.0,1590.0,1580.0,1585.0
2014-03-12,1560.0,1575.0,1560.0,1570.0
2014-03-13,1560.0,1570.0,1555.0,1560.0
2014-03-14,1520.0,1560.0,1520.0,1520.0
2014-03-17,1520.0,1530.0,1475.0,1490.0
2014-03-18,1495.0,1515.0,1495.0,1510.0
2014-03-19,1525.0,1525.0,1490.0,1490.0
2014-03-20,1560.0,1575.0,1495.0,1505.0
2014-03-24,1510.0,1525.0,1510.0,1520.0
2014-03-25,1515.0,1515.0,1500.0,1505.0
2014-03-26,1515.0,1515.0,1495.0,1515.0
2014-03-27,1500.0,1515.0,1490.0,1505.0
2014-03-28,1495.0,1525.0,1495.0,1510.0
2014-03-31,1510.0,1525.0,1505.0,1515.0
2014-04-01,1515.0,1520.0,1505.0,1515.0
2014-04-02,1515.0,1540.0,1515.0,1520.0
2014-04-03,1515.0,1525.0,1515.0,1515.0
2014-04-04,1520.0,1520.0,1510.0,1510.0
2014-04-07,1510.0,1510.0,1500.0,1505.0
2014-04-08,1500.0,1500.0,1485.0,1485.0
2014-04-09,1475.0,1480.0,1450.0,1450.0
2014-04-10,1455.0,1470.0,1440.0,1445.0
2014-04-11,1435.0,1435.0,1410.0,1415.0
2014-04-14,1405.0,1425.0,1405.0,1415.0
2014-04-15,1415.0,1415.0,1400.0,1405.0
2014-04-16,1415.0,1430.0,1410.0,1415.0
2014-04-17,1425.0,1430.0,1410.0,1420.0
2014-04-18,1430.0,1430.0,1420.0,1430.0
2014-04-21,1435.0,1465.0,1400.0,1445.0
2014-04-22,1445.0,1445.0,1425.0,1425.0
2014-04-23,1425.0,1440.0,1425.0,1440.0
2014-04-24,1425.0,1445.0,1425.0,1425.0
2014-04-25,1440.0,1440.0,1435.0,1440.0
2014-04-28,1415.0,1430.0,1410.0,1425.0
2014-04-30,1430.0,1430.0,1415.0,1425.0
2014-05-01,1410.0,1430.0,1410.0,1425.0
2014-05-02,1415.0,1430.0,1415.0,1425.0
2014-05-07,1420.0,1420.0,1375.0,1380.0
2014-05-08,1380.0,1395.0,1380.0,1380.0
2014-05-09,1380.0,1400.0,1380.0,1380.0
2014-05-12,1380.0,1400.0,1380.0,1380.0
2014-05-13,1380.0,1400.0,1380.0,1395.0
2014-05-14,1425.0,1510.0,1410.0,1465.0
2014-05-15,1485.0,1495.0,1455.0,1495.0
2014-05-16,1460.0,1475.0,1450.0,1465.0
2014-05-19,1440.0,1445.0,1435.0,1440.0
2014-05-20,1425.0,1450.0,1425.0,1440.0
2014-05-21,1430.0,1435.0,1420.0,1420.0
2014-05-22,1430.0,1455.0,1430.0,1455.0
2014-05-23,1460.0,1475.0,1460.0,1470.0
2014-05-26,1485.0,1490.0,1475.0,1480.0
2014-05-27,1465.0,1485.0,1465.0,1480.0
2014-05-28,1470.0,1480.0,1465.0,1470.0
2014-05-29,1460.0,1470.0,1460.0,1465.0
2014-05-30,1465.0,1470.0,1460.0,1470.0
2014-06-02,1470.0,1485.0,1470.0,1480.0
2014-06-03,1485.0,1490.0,1485.0,1485.0
2014-06-04,1495.0,1495.0,1480.0,1485.0
2014-06-05,1490.0,1500.0,1480.0,1495.0
2014-06-06,1505.0,1510.0,1490.0,1500.0
2014-06-09,1515.0,1525.0,1495.0,1510.0
2014-06-10,1575.0,1635.0,1570.0,1575.0
2014-06-11,1575.0,1630.0,1565.0,1620.0
2014-06-12,1610.0,1610.0,1585.0,1590.0
2014-06-13,1570.0,1595.0,1550.0,1590.0
2014-06-16,1720.0,1720.0,1615.0,1625.0
2014-06-17,1645.0,1660.0,1635.0,1650.0
2014-06-18,1655.0,1670.0,1645.0,1650.0
2014-06-19,1655.0,1665.0,1645.0,1660.0
2014-06-20,1655.0,1675.0,1650.0,1650.0
2014-06-23,1645.0,1675.0,1645.0,1665.0
2014-06-24,1670.0,1670.0,1655.0,1665.0
2014-06-25,1665.0,1695.0,1660.0,1685.0
2014-06-26,1695.0,1725.0,1685.0,1710.0
2014-06-27,1710.0,1710.0,1665.0,1695.0
2014-06-30,1690.0,1760.0,1690.0,1755.0
2014-07-01,1755.0,1765.0,1740.0,1760.0
2014-07-02,1770.0,1785.0,1745.0,1750.0
2014-07-03,1765.0,1775.0,1750.0,1775.0
2014-07-04,1785.0,1795.0,1775.0,1775.0
2014-07-07,1755.0,1800.0,1755.0,1790.0
2014-07-08,1790.0,1800.0,1750.0,1785.0
2014-07-09,1765.0,1785.0,1745.0,1755.0
2014-07-10,1775.0,1775.0,1705.0,1735.0
2014-07-11,1705.0,1735.0,1690.0,1715.0
2014-07-14,1730.0,1750.0,1700.0,1745.0
2014-07-15,1750.0,1750.0,1710.0,1725.0
2014-07-16,1740.0,1740.0,1700.0,1705.0
2014-07-17,1730.0,1730.0,1695.0,1695.0
2014-07-18,1675.0,1680.0,1650.0,1675.0
2014-07-22,1690.0,1730.0,1680.0,1720.0
2014-07-23,1720.0,1745.0,1705.0,1745.0
2014-07-24,1745.0,1750.0,1720.0,1735.0
2014-07-25,1745.0,1760.0,1720.0,1750.0
2014-07-28,1750.0,1760.0,1735.0,1755.0
2014-07-29,1745.0,1750.0,1715.0,1740.0
2014-07-30,1725.0,1760.0,1720.0,1740.0
2014-07-31,1740.0,1750.0,1715.0,1720.0
2014-08-01,1700.0,1725.0,1690.0,1705.0
2014-08-04,1695.0,1745.0,1690.0,1700.0
2014-08-05,1710.0,1720.0,1690.0,1690.0
2014-08-06,1675.0,1705.0,1665.0,1680.0
2014-08-07,1675.0,1685.0,1660.0,1680.0
2014-08-08,1680.0,1680.0,1600.0,1645.0
2014-08-11,1700.0,1725.0,1680.0,1725.0
2014-08-12,1725.0,1815.0,1685.0,1780.0
2014-08-13,1815.0,1820.0,1790.0,1815.0
2014-08-14,1815.0,1840.0,1810.0,1830.0
2014-08-15,1865.0,1895.0,1860.0,1880.0
2014-08-18,1975.0,1975.0,1925.0,1925.0
2014-08-19,1940.0,1950.0,1920.0,1925.0
2014-08-20,1925.0,1940.0,1895.0,1900.0
2014-08-21,1880.0,1910.0,1875.0,1905.0
2014-08-22,1905.0,1925.0,1890.0,1915.0
2014-08-25,1920.0,1940.0,1915.0,1935.0
2014-08-26,1945.0,1965.0,1915.0,1955.0
2014-08-27,1955.0,1975.0,1950.0,1970.0
2014-08-28,1980.0,1985.0,1965.0,1980.0
2014-08-29,1980.0,2040.0,1965.0,2015.0
2014-09-01,2020.0,2025.0,1995.0,1995.0
2014-09-02,1990.0,2005.0,1975.0,1995.0
2014-09-03,1970.0,2015.0,1970.0,1990.0
2014-09-04,1990.0,2000.0,1960.0,1965.0
2014-09-05,1970.0,1985.0,1960.0,1960.0
2014-09-08,1960.0,1975.0,1960.0,1970.0
2014-09-09,1970.0,1985.0,1965.0,1985.0
2014-09-10,1970.0,2050.0,1970.0,2040.0
2014-09-11,2090.0,2140.0,2080.0,2085.0
2014-09-12,2165.0,2165.0,2100.0,2130.0
2014-09-16,2125.0,2125.0,2070.0,2110.0
2014-09-17,2090.0,2115.0,2070.0,2080.0
2014-09-18,2095.0,2100.0,2050.0,2060.0
2014-09-19,2075.0,2075.0,2015.0,2065.0
2014-09-22,2065.0,2065.0,2040.0,2045.0
2014-09-24,2015.0,2070.0,2000.0,2055.0
2014-09-25,2065.0,2065.0,2030.0,2055.0
2014-09-26,2025.0,2050.0,2015.0,2040.0
2014-09-29,2060.0,2095.0,2045.0,2055.0
2014-09-30,2060.0,2075.0,2040.0,2065.0
2014-10-01,2065.0,2090.0,2035.0,2050.0
2014-10-02,2000.0,2010.0,1985.0,1985.0
2014-10-03,1965.0,2005.0,1965.0,1975.0
2014-10-06,2015.0,2015.0,1990.0,2005.0
2014-10-07,2200.0,2245.0,2150.0,2150.0
2014-10-08,2095.0,2240.0,2095.0,2220.0
2014-10-09,2240.0,2240.0,2150.0,2170.0
2014-10-10,2105.0,2145.0,2080.0,2115.0
2014-10-14,2075.0,2105.0,2065.0,2080.0
2014-10-15,2080.0,2110.0,2060.0,2105.0
2014-10-16,2065.0,2080.0,2010.0,2015.0
2014-10-17,2000.0,2050.0,1995.0,2010.0
2014-10-20,2050.0,2110.0,2035.0,2095.0
2014-10-21,2095.0,2095.0,2035.0,2040.0
2014-10-22,2080.0,2080.0,2025.0,2065.0
2014-10-23,2070.0,2075.0,2045.0,2075.0
2014-10-24,2095.0,2095.0,2050.0,2065.0
2014-10-27,2080.0,2080.0,2035.0,2045.0
2014-10-28,2065.0,2065.0,1985.0,2035.0
2014-10-29,2050.0,2060.0,2030.0,2060.0
2014-10-30,2060.0,2075.0,2050.0,2060.0
2014-10-31,2070.0,2105.0,2040.0,2100.0
2014-11-04,2150.0,2155.0,2095.0,2115.0
2014-11-05,2135.0,2150.0,2105.0,2150.0
2014-11-06,2150.0,2205.0,2150.0,2170.0
2014-11-07,2150.0,2200.0,2135.0,2185.0
2014-11-10,2200.0,2250.0,2185.0,2245.0
2014-11-11,2250.0,2340.0,2220.0,2300.0
2014-11-12,2320.0,2325.0,2245.0,2245.0
2014-11-13,2250.0,2300.0,2225.0,2265.0
2014-11-14,2260.0,2280.0,2215.0,2225.0
2014-11-17,2260.0,2260.0,2195.0,2205.0
2014-11-18,2210.0,2270.0,2205.0,2270.0
2014-11-19,2270.0,2320.0,2265.0,2300.0
2014-11-20,2310.0,2355.0,2305.0,2320.0
2014-11-21,2320.0,2370.0,2280.0,2370.0
2014-11-25,2370.0,2485.0,2370.0,2460.0
2014-11-26,2460.0,2535.0,2455.0,2475.0
2014-11-27,2510.0,2560.0,2500.0,2545.0
2014-11-28,2575.0,2670.0,2560.0,2670.0
2014-12-01,2665.0,2725.0,2610.0,2615.0
2014-12-02,2575.0,2625.0,2575.0,2625.0
2014-12-03,2625.0,2655.0,2555.0,2575.0
2014-12-04,2575.0,2615.0,2575.0,2610.0
2014-12-05,2600.0,2610.0,2550.0,2570.0
2014-12-08,2545.0,2580.0,2540.0,2555.0
2014-12-09,2515.0,2545.0,2475.0,2475.0
2014-12-10,2450.0,2520.0,2450.0,2505.0
2014-12-11,2415.0,2625.0,2410.0,2595.0
2014-12-12,2600.0,2650.0,2535.0,2555.0
2014-12-15,2535.0,2550.0,2475.0,2480.0
2014-12-16,2435.0,2445.0,2385.0,2395.0
2014-12-17,2350.0,2410.0,2350.0,2370.0
2014-12-18,2450.0,2485.0,2430.0,2470.0
2014-12-19,2535.0,2540.0,2495.0,2505.0
2014-12-22,2545.0,2550.0,2490.0,2500.0
2014-12-24,2515.0,2535.0,2475.0,2485.0
2014-12-25,2475.0,2515.0,2465.0,2505.0
2014-12-26,2535.0,2590.0,2525.0,2580.0
2014-12-29,2600.0,2700.0,2600.0,2670.0
2014-12-30,2675.0,2675.0,2615.0,2635.0
2015-01-05,2585.0,2680.0,2585.0,2630.0
2015-01-06,2580.0,2595.0,2550.0,2575.0
2015-01-07,2570.0,2605.0,2570.0,2590.0
2015-01-08,2580.0,2610.0,2580.0,2580.0
2015-01-09,2580.0,2605.0,2540.0,2550.0
2015-01-13,2490.0,2505.0,2445.0,2455.0
2015-01-14,2445.0,2455.0,2430.0,2435.0
2015-01-15,2440.0,2495.0,2430.0,2480.0
2015-01-16,2480.0,2480.0,2395.0,2430.0
2015-01-19,2455.0,2455.0,2410.0,2410.0
2015-01-20,2410.0,2450.0,2400.0,2425.0
2015-01-21,2420.0,2445.0,2415.0,2430.0
2015-01-22,2440.0,2440.0,2400.0,2420.0
2015-01-23,2435.0,2440.0,2410.0,2430.0
2015-01-26,2470.0,2470.0,2425.0,2445.0
2015-01-27,2475.0,2510.0,2470.0,2495.0
2015-01-28,2480.0,2515.0,2470.0,2505.0
2015-01-29,2470.0,2495.0,2455.0,2455.0
2015-01-30,2480.0,2510.0,2460.0,2510.0
2015-02-02,2500.0,2500.0,2460.0,2485.0
2015-02-03,2505.0,2505.0,2355.0,2380.0
2015-02-04,2460.0,2460.0,2400.0,2415.0
2015-02-05,2445.0,2445.0,2385.0,2400.0
2015-02-06,2430.0,2430.0,2365.0,2385.0
2015-02-09,2425.0,2470.0,2410.0,2470.0
2015-02-10,2490.0,2705.0,2485.0,2625.0
2015-02-12,2710.0,2720.0,2585.0,2590.0
2015-02-13,2635.0,2635.0,2575.0,2590.0
2015-02-16,2610.0,2610.0,2580.0,2585.0
2015-02-17,2570.0,2580.0,2540.0,2560.0
2015-02-18,2530.0,2590.0,2530.0,2540.0
2015-02-19,2565.0,2585.0,2560.0,2580.0
2015-02-20,2570.0,2645.0,2570.0,2610.0
2015-02-23,2655.0,2680.0,2635.0,2670.0
2015-02-24,2685.0,2690.0,2650.0,2675.0
2015-02-25,2700.0,2790.0,2675.0,2750.0
2015-02-26,2765.0,2775.0,2705.0,2735.0
2015-02-27,2750.0,2760.0,2655.0,2675.0
2015-03-02,2695.0,2745.0,2695.0,2700.0
2015-03-03,2705.0,2725.0,2660.0,2665.0
2015-03-04,2630.0,2670.0,2615.0,2660.0
2015-03-05,2650.0,2710.0,2650.0,2680.0
2015-03-06,2675.0,2675.0,2635.0,2665.0
2015-03-09,2640.0,2695.0,2640.0,2675.0
2015-03-10,2675.0,2700.0,2620.0,2630.0
2015-03-11,2600.0,2640.0,2595.0,2640.0
2015-03-12,2640.0,2665.0,2605.0,2640.0
2015-03-13,2660.0,2690.0,2640.0,2685.0
2015-03-16,2720.0,2720.0,2690.0,2695.0
2015-03-17,2725.0,2725.0,2660.0,2690.0
2015-03-18,2690.0,2690.0,2655.0,2675.0
2015-03-19,2665.0,2665.0,2625.0,2655.0
2015-03-20,2640.0,2670.0,2625.0,2650.0
2015-03-23,2630.0,2670.0,2630.0,2665.0
2015-03-24,2655.0,2655.0,2605.0,2635.0
2015-03-25,2610.0,2620.0,2595.0,2615.0
2015-03-26,2590.0,2590.0,2550.0,2550.0
2015-03-27,2520.0,2615.0,2470.0,2510.0
2015-03-30,2500.0,2510.0,2460.0,2480.0
2015-03-31,2500.0,2510.0,2470.0,2470.0
2015-04-01,2475.0,2480.0,2425.0,2425.0
2015-04-02,2445.0,2485.0,2440.0,2485.0
2015-04-03,2525.0,2525.0,2480.0,2525.0
2015-04-06,2485.0,2495.0,2455.0,2470.0
2015-04-07,2470.0,2570.0,2470.0,2550.0
2015-04-08,2580.0,2580.0,2500.0,2510.0
2015-04-09,2500.0,2525.0,2495.0,2520.0
2015-04-10,2540.0,2545.0,2515.0,2520.0
2015-04-13,2550.0,2550.0,2525.0,2525.0
2015-04-14,2560.0,2570.0,2540.0,2565.0
2015-04-15,2575.0,2580.0,2545.0,2555.0
2015-04-16,2535.0,2560.0,2535.0,2540.0
2015-04-17,2580.0,2580.0,2515.0,2515.0
2015-04-20,2515.0,2515.0,2465.0,2480.0
2015-04-21,2480.0,2490.0,2470.0,2475.0
2015-04-22,2475.0,2505.0,2475.0,2485.0
2015-04-23,2480.0,2560.0,2480.0,2535.0
2015-04-24,2530.0,2545.0,2530.0,2540.0
2015-04-27,2540.0,2560.0,2515.0,2555.0
2015-04-28,2550.0,2570.0,2525.0,2570.0
2015-04-30,2565.0,2565.0,2525.0,2555.0
2015-05-01,2555.0,2555.0,2500.0,2535.0
2015-05-07,2530.0,2545.0,2490.0,2500.0
2015-05-08,2505.0,2510.0,2475.0,2505.0
2015-05-11,2505.0,2520.0,2500.0,2505.0
2015-05-12,2480.0,2495.0,2465.0,2475.0
2015-05-13,2495.0,2600.0,2160.0,2280.0
2015-05-14,2240.0,2260.0,2170.0,2190.0
2015-05-15,2190.0,2235.0,2180.0,2180.0
2015-05-18,2195.0,2205.0,2175.0,2200.0
2015-05-19,2200.0,2220.0,2180.0,2210.0
2015-05-20,2240.0,2240.0,2210.0,2225.0
2015-05-21,2225.0,2250.0,2225.0,2240.0
2015-05-22,2245.0,2270.0,2230.0,2250.0
2015-05-25,2250.0,2250.0,2200.0,2205.0
2015-05-26,2210.0,2225.0,2200.0,2205.0
2015-05-27,2205.0,2245.0,2200.0,2245.0
2015-05-28,2250.0,2270.0,2240.0,2240.0
2015-05-29,2265.0,2265.0,2215.0,2225.0
2015-06-01,2215.0,2235.0,2200.0,2225.0
2015-06-02,2240.0,2270.0,2225.0,2260.0
2015-06-03,2260.0,2275.0,2250.0,2275.0
2015-06-04,2290.0,2315.0,2285.0,2315.0
2015-06-05,2325.0,2325.0,2285.0,2310.0
2015-06-08,2315.0,2315.0,2290.0,2315.0
2015-06-09,2315.0,2355.0,2285.0,2330.0
2015-06-10,2330.0,2365.0,2305.0,2350.0
2015-06-11,2350.0,2365.0,2315.0,2330.0
2015-06-12,2370.0,2370.0,2315.0,2365.0
2015-06-15,2340.0,2360.0,2275.0,2300.0
2015-06-16,2300.0,2300.0,2215.0,2220.0
2015-06-17,2215.0,2260.0,2200.0,2200.0
2015-06-18,2245.0,2245.0,2215.0,2215.0
2015-06-19,2230.0,2235.0,2215.0,2220.0
2015-06-22,2220.0,2250.0,2220.0,2245.0
2015-06-23,2240.0,2260.0,2220.0,2245.0
2015-06-24,2245.0,2265.0,2235.0,2260.0
2015-06-25,2230.0,2240.0,2225.0,2235.0
2015-06-26,2250.0,2250.0,2170.0,2220.0
2015-06-29,2180.0,2200.0,2170.0,2170.0
2015-06-30,2220.0,2220.0,2175.0,2220.0
2015-07-01,2230.0,2235.0,2190.0,2200.0
2015-07-02,2205.0,2210.0,2175.0,2185.0
2015-07-03,2175.0,2185.0,2125.0,2135.0
2015-07-06,2120.0,2135.0,2105.0,2110.0
2015-07-07,2150.0,2165.0,2120.0,2140.0
2015-07-08,2135.0,2140.0,2055.0,2055.0
2015-07-09,1995.0,2020.0,1925.0,2010.0
2015-07-10,2005.0,2030.0,1970.0,1975.0
2015-07-13,1975.0,2010.0,1955.0,1995.0
2015-07-14,2005.0,2090.0,2005.0,2040.0
2015-07-15,2065.0,2070.0,2050.0,2060.0
2015-07-16,2080.0,2080.0,2040.0,2060.0
2015-07-17,2060.0,2065.0,2040.0,2055.0
2015-07-21,2055.0,2065.0,2040.0,2050.0
2015-07-22,2025.0,2040.0,1990.0,1995.0
2015-07-23,2000.0,2010.0,1975.0,1985.0
2015-07-24,1985.0,1995.0,1945.0,1950.0
2015-07-27,1950.0,1965.0,1920.0,1950.0
2015-07-28,1935.0,1960.0,1910.0,1930.0
2015-07-29,1940.0,1950.0,1905.0,1915.0
2015-07-30,1935.0,1945.0,1915.0,1930.0
2015-07-31,1930.0,1950.0,1915.0,1950.0
2015-08-03,1950.0,1965.0,1905.0,1920.0
2015-08-04,1900.0,1910.0,1850.0,1855.0
2015-08-05,1840.0,1850.0,1825.0,1840.0
2015-08-06,1855.0,1870.0,1830.0,1835.0
2015-08-07,1840.0,1850.0,1830.0,1845.0
2015-08-10,1840.0,1895.0,1840.0,1890.0
2015-08-11,1925.0,1970.0,1825.0,1870.0
2015-08-12,1870.0,1965.0,1860.0,1955.0
2015-08-13,1955.0,1965.0,1925.0,1940.0
2015-08-14,1920.0,1920.0,1880.0,1890.0
2015-08-17,1890.0,1890.0,1860.0,1875.0
2015-08-18,1900.0,1910.0,1885.0,1890.0
2015-08-19,1895.0,1895.0,1870.0,1880.0
2015-08-20,1880.0,1880.0,1865.0,1870.0
2015-08-21,1825.0,1835.0,1760.0,1765.0
2015-08-24,1700.0,1745.0,1620.0,1625.0
2015-08-25,1515.0,1650.0,1430.0,1605.0
2015-08-26,1610.0,1630.0,1580.0,1630.0
2015-08-27,1660.0,1665.0,1610.0,1615.0
2015-08-28,1635.0,1670.0,1625.0,1670.0
2015-08-31,1685.0,1715.0,1655.0,1670.0
2015-09-01,1675.0,1675.0,1630.0,1645.0
2015-09-02,1575.0,1645.0,1575.0,1610.0
2015-09-03,1615.0,1635.0,1605.0,1605.0
2015-09-04,1605.0,1605.0,1550.0,1565.0
2015-09-07,1565.0,1615.0,1555.0,1610.0
2015-09-08,1595.0,1595.0,1545.0,1555.0
2015-09-09,1595.0,1635.0,1570.0,1635.0
2015-09-10,1585.0,1610.0,1570.0,1595.0
2015-09-11,1630.0,1630.0,1595.0,1615.0
2015-09-14,1615.0,1615.0,1585.0,1605.0
2015-09-15,1590.0,1610.0,1575.0,1595.0
2015-09-16,1595.0,1615.0,1580.0,1605.0
2015-09-17,1600.0,1625.0,1590.0,1625.0
2015-09-18,1625.0,1625.0,1585.0,1610.0
2015-09-24,1580.0,1585.0,1560.0,1565.0
2015-09-25,1585.0,1595.0,1535.0,1570.0
2015-09-28,1555.0,1565.0,1555.0,1560.0
2015-09-29,1535.0,1550.0,1515.0,1515.0
2015-09-30,1525.0,1560.0,1525.0,1535.0
2015-10-01,1560.0,1560.0,1505.0,1535.0
2015-10-02,1530.0,1535.0,1515.0,1535.0
2015-10-05,1535.0,1570.0,1535.0,1565.0
2015-10-06,1565.0,1590.0,1565.0,1580.0
2015-10-07,1570.0,1625.0,1570.0,1610.0
2015-10-08,1620.0,1730.0,1610.0,1675.0
2015-10-09,1700.0,1700.0,1670.0,1695.0
2015-10-13,1690.0,1710.0,1690.0,1710.0
2015-10-14,1710.0,1710.0,1640.0,1645.0
2015-10-15,1625.0,1670.0,1620.0,1640.0
2015-10-16,1650.0,1660.0,1610.0,1635.0
2015-10-19,1630.0,1630.0,1545.0,1590.0
2015-10-20,1600.0,1600.0,1575.0,1595.0
2015-10-21,1590.0,1690.0,1590.0,1690.0
2015-10-22,1680.0,1690.0,1665.0,1675.0
2015-10-23,1710.0,1715.0,1695.0,1700.0
2015-10-26,1725.0,1725.0,1685.0,1700.0
2015-10-27,1685.0,1695.0,1670.0,1680.0
2015-10-28,1680.0,1685.0,1670.0,1685.0
2015-10-29,1685.0,1705.0,1680.0,1700.0
2015-10-30,1690.0,1690.0,1675.0,1690.0
2015-11-02,1690.0,1690.0,1660.0,1680.0
2015-11-04,1675.0,1690.0,1670.0,1680.0
2015-11-05,1660.0,1685.0,1660.0,1675.0
2015-11-06,1665.0,1665.0,1655.0,1665.0
2015-11-09,1675.0,1680.0,1665.0,1675.0
2015-11-10,1680.0,1740.0,1660.0,1725.0
2015-11-11,1740.0,1740.0,1705.0,1720.0
2015-11-12,1740.0,1740.0,1720.0,1725.0
2015-11-13,1690.0,1700.0,1690.0,1695.0
2015-11-16,1685.0,1685.0,1660.0,1675.0
2015-11-17,1690.0,1720.0,1690.0,1705.0
2015-11-18,1705.0,1720.0,1695.0,1710.0
2015-11-19,1710.0,1725.0,1705.0,1725.0
2015-11-20,1725.0,1765.0,1720.0,1750.0
2015-11-24,1755.0,1775.0,1740.0,1775.0
2015-11-25,1775.0,1840.0,1750.0,1820.0
2015-11-26,1845.0,1855.0,1800.0,1800.0
2015-11-27,1805.0,1825.0,1805.0,1815.0
2015-11-30,1820.0,1820.0,1800.0,1810.0
2015-12-01,1815.0,1815.0,1765.0,1775.0
2015-12-02,1785.0,1790.0,1760.0,1765.0
2015-12-03,1770.0,1770.0,1745.0,1750.0
2015-12-04,1725.0,1760.0,1725.0,1750.0
2015-12-07,1740.0,1750.0,1735.0,1740.0
2015-12-08,1740.0,1740.0,1735.0,1735.0
2015-12-09,1735.0,1735.0,1700.0,1700.0
2015-12-10,1700.0,1700.0,1665.0,1670.0
2015-12-11,1655.0,1690.0,1650.0,1680.0
2015-12-14,1625.0,1650.0,1620.0,1645.0
2015-12-15,1645.0,1650.0,1605.0,1610.0
2015-12-16,1610.0,1645.0,1600.0,1610.0
2015-12-17,1635.0,1650.0,1590.0,1625.0
2015-12-18,1605.0,1615.0,1590.0,1590.0
2015-12-21,1555.0,1585.0,1555.0,1575.0
2015-12-22,1595.0,1595.0,1560.0,1565.0
2015-12-24,1575.0,1575.0,1545.0,1560.0
2015-12-25,1560.0,1560.0,1560.0,1560.0
2015-12-28,1565.0,1575.0,1560.0,1570.0
2015-12-29,1580.0,1645.0,1580.0,1615.0
2015-12-30,1615.0,1645.0,1615.0,1625.0
2016-01-04,1665.0,1670.0,1590.0,1595.0
2016-01-05,1595.0,1615.0,1590.0,1590.0
2016-01-06,1590.0,1610.0,1560.0,1560.0
2016-01-07,1555.0,1560.0,1530.0,1535.0
2016-01-08,1535.0,1565.0,1515.0,1520.0
2016-01-12,1510.0,1510.0,1470.0,1470.0
2016-01-13,1550.0,1550.0,1525.0,1525.0
2016-01-14,1515.0,1515.0,1500.0,1510.0
2016-01-15,1510.0,1520.0,1500.0,1505.0
2016-01-18,1475.0,1480.0,1455.0,1465.0
2016-01-19,1475.0,1475.0,1460.0,1460.0
2016-01-20,1460.0,1475.0,1435.0,1435.0
2016-01-21,1435.0,1455.0,1405.0,1405.0
2016-01-22,1425.0,1475.0,1425.0,1475.0
2016-01-25,1475.0,1475.0,1465.0,1475.0
2016-01-26,1475.0,1475.0,1435.0,1435.0
2016-01-27,1470.0,1515.0,1450.0,1470.0
2016-01-28,1470.0,1470.0,1440.0,1440.0
2016-01-29,1445.0,1475.0,1435.0,1450.0
2016-02-01,1485.0,1505.0,1465.0,1485.0
2016-02-02,1485.0,1500.0,1475.0,1475.0
2016-02-03,1450.0,1450.0,1415.0,1415.0
2016-02-04,1455.0,1455.0,1390.0,1405.0
2016-02-05,1415.0,1415.0,1380.0,1385.0
2016-02-08,1350.0,1430.0,1340.0,1375.0
2016-02-09,1335.0,1350.0,1310.0,1315.0
2016-02-10,1305.0,1325.0,1260.0,1275.0
2016-02-12,1250.0,1270.0,1220.0,1230.0
2016-02-15,1310.0,1310.0,1245.0,1265.0
2016-02-16,1275.0,1310.0,1275.0,1290.0
2016-02-17,1305.0,1305.0,1260.0,1275.0
2016-02-18,1315.0,1320.0,1280.0,1305.0
2016-02-19,1305.0,1305.0,1270.0,1275.0
2016-02-22,1275.0,1290.0,1270.0,1275.0
2016-02-23,1315.0,1315.0,1265.0,1270.0
2016-02-24,1265.0,1290.0,1260.0,1265.0
2016-02-25,1280.0,1325.0,1270.0,1295.0
2016-02-26,1300.0,1335.0,1300.0,1335.0
2016-02-29,1335.0,1420.0,1335.0,1390.0
2016-03-01,1410.0,1410.0,1345.0,1365.0
2016-03-02,1375.0,1405.0,1375.0,1380.0
2016-03-03,1400.0,1425.0,1395.0,1415.0
2016-03-04,1390.0,1415.0,1390.0,1415.0
2016-03-07,1420.0,1425.0,1400.0,1410.0
2016-03-08,1415.0,1415.0,1365.0,1385.0
2016-03-09,1380.0,1380.0,1370.0,1380.0
2016-03-10,1415.0,1420.0,1395.0,1410.0
2016-03-11,1405.0,1425.0,1395.0,1425.0
2016-03-14,1430.0,1480.0,1430.0,1450.0
2016-03-15,1450.0,1465.0,1425.0,1430.0
2016-03-16,1435.0,1455.0,1430.0,1430.0
2016-03-17,1430.0,1450.0,1410.0,1420.0
2016-03-18,1400.0,1410.0,1390.0,1400.0
2016-03-22,1425.0,1440.0,1415.0,1440.0
2016-03-23,1445.0,1445.0,1410.0,1415.0
2016-03-24,1430.0,1435.0,1400.0,1425.0
2016-03-25,1425.0,1425.0,1415.0,1420.0
2016-03-28,1445.0,1445.0,1420.0,1430.0
2016-03-29,1430.0,1445.0,1425.0,1425.0
2016-03-30,1425.0,1425.0,1415.0,1415.0
2016-03-31,1415.0,1415.0,1395.0,1395.0
2016-04-01,1405.0,1405.0,1300.0,1320.0
2016-04-04,1305.0,1330.0,1305.0,1325.0
2016-04-05,1310.0,1310.0,1290.0,1290.0
2016-04-06,1305.0,1305.0,1280.0,1280.0
2016-04-07,1265.0,1280.0,1265.0,1265.0
2016-04-08,1275.0,1330.0,1255.0,1285.0
2016-04-11,1285.0,1295.0,1270.0,1270.0
2016-04-12,1260.0,1295.0,1260.0,1280.0
2016-04-13,1320.0,1320.0,1305.0,1315.0
2016-04-14,1315.0,1355.0,1315.0,1345.0
2016-04-15,1320.0,1350.0,1320.0,1350.0
2016-04-18,1350.0,1350.0,1285.0,1305.0
2016-04-19,1315.0,1335.0,1315.0,1320.0
2016-04-20,1325.0,1355.0,1320.0,1350.0
2016-04-21,1350.0,1365.0,1350.0,1365.0
2016-04-22,1370.0,1395.0,1365.0,1390.0
2016-04-25,1390.0,1390.0,1370.0,1385.0
2016-04-26,1400.0,1400.0,1375.0,1390.0
2016-04-27,1395.0,1395.0,1375.0,1375.0
2016-04-28,1400.0,1405.0,1375.0,1380.0
2016-05-02,1395.0,1395.0,1325.0,1335.0
2016-05-06,1335.0,1360.0,1310.0,1335.0
2016-05-09,1350.0,1350.0,1340.0,1345.0
2016-05-10,1355.0,1390.0,1325.0,1370.0
2016-05-11,1380.0,1410.0,1355.0,1390.0
2016-05-12,1365.0,1380.0,1360.0,1380.0
2016-05-13,1360.0,1415.0,1360.0,1375.0
2016-05-16,1400.0,1410.0,1385.0,1400.0
2016-05-17,1385.0,1410.0,1385.0,1410.0
2016-05-18,1400.0,1405.0,1390.0,1400.0
2016-05-19,1415.0,1415.0,1385.0,1390.0
2016-05-20,1405.0,1405.0,1390.0,1390.0
2016-05-23,1400.0,1400.0,1390.0,1390.0
2016-05-24,1390.0,1390.0,1375.0,1375.0
2016-05-25,1380.0,1400.0,1380.0,1395.0
2016-05-26,1400.0,1405.0,1365.0,1405.0
2016-05-27,1395.0,1400.0,1390.0,1400.0
2016-05-30,1400.0,1420.0,1400.0,1415.0
2016-05-31,1405.0,1420.0,1405.0,1420.0
2016-06-01,1420.0,1420.0,1390.0,1420.0
2016-06-02,1405.0,1405.0,1375.0,1395.0
2016-06-03,1395.0,1405.0,1380.0,1395.0
2016-06-06,1400.0,1400.0,1375.0,1380.0
2016-06-07,1395.0,1395.0,1385.0,1390.0
2016-06-08,1385.0,1405.0,1380.0,1385.0
2016-06-09,1380.0,1385.0,1380.0,1385.0
2016-06-10,1365.0,1370.0,1360.0,1365.0
2016-06-13,1385.0,1385.0,1330.0,1335.0
2016-06-14,1310.0,1370.0,1310.0,1320.0
2016-06-15,1355.0,1355.0,1320.0,1330.0
2016-06-16,1350.0,1350.0,1280.0,1280.0
2016-06-17,1325.0,1325.0,1285.0,1295.0
2016-06-20,1315.0,1345.0,1315.0,1325.0
2016-06-21,1325.0,1335.0,1315.0,1335.0
2016-06-22,1350.0,1355.0,1315.0,1320.0
2016-06-23,1330.0,1335.0,1320.0,1335.0
2016-06-24,1365.0,1365.0,1255.0,1255.0
2016-06-27,1255.0,1275.0,1230.0,1270.0
2016-06-28,1255.0,1270.0,1245.0,1265.0
2016-06-29,1270.0,1285.0,1270.0,1270.0
2016-06-30,1270.0,1310.0,1270.0,1295.0
2016-07-01,1355.0,1355.0,1305.0,1320.0
2016-07-04,1325.0,1325.0,1300.0,1305.0
2016-07-05,1305.0,1305.0,1285.0,1295.0
2016-07-06,1280.0,1290.0,1240.0,1265.0
2016-07-07,1255.0,1275.0,1255.0,1265.0
2016-07-08,1255.0,1255.0,1240.0,1240.0
2016-07-11,1240.0,1240.0,1240.0,1240.0
2016-07-12,1300.0,1335.0,1300.0,1320.0
2016-07-13,1350.0,1350.0,1310.0,1315.0
2016-07-14,1340.0,1350.0,1325.0,1325.0
2016-07-15,1325.0,1355.0,1325.0,1350.0
2016-07-19,1335.0,1355.0,1325.0,1350.0
2016-07-20,1335.0,1335.0,1325.0,1325.0
2016-07-21,1330.0,1350.0,1325.0,1345.0
2016-07-22,1345.0,1350.0,1340.0,1350.0
2016-07-25,1370.0,1380.0,1365.0,1370.0
2016-07-26,1370.0,1370.0,1335.0,1360.0
2016-07-27,1365.0,1365.0,1350.0,1360.0
2016-07-28,1350.0,1360.0,1350.0,1360.0
2016-07-29,1350.0,1365.0,1335.0,1365.0
2016-08-01,1370.0,1370.0,1330.0,1330.0
2016-08-02,1350.0,1350.0,1340.0,1345.0
2016-08-03,1330.0,1340.0,1290.0,1290.0
2016-08-04,1310.0,1310.0,1285.0,1295.0
2016-08-05,1315.0,1315.0,1295.0,1300.0
2016-08-08,1315.0,1335.0,1315.0,1335.0
2016-08-09,1335.0,1335.0,1305.0,1315.0
2016-08-10,1320.0,1330.0,1315.0,1325.0
2016-08-12,1325.0,1350.0,1265.0,1295.0
2016-08-15,1275.0,1320.0,1255.0,1255.0
2016-08-16,1250.0,1255.0,1225.0,1225.0
2016-08-17,1225.0,1235.0,1215.0,1235.0
2016-08-18,1220.0,1250.0,1215.0,1240.0
2016-08-19,1240.0,1255.0,1235.0,1245.0
2016-08-22,1250.0,1265.0,1245.0,1265.0
2016-08-23,1260.0,1260.0,1250.0,1250.0
2016-08-24,1245.0,1250.0,1240.0,1250.0
2016-08-25,1250.0,1255.0,1245.0,1255.0
2016-08-26,1255.0,1255.0,1245.0,1255.0
2016-08-29,1265.0,1270.0,1260.0,1265.0
2016-08-30,1265.0,1265.0,1255.0,1255.0
2016-08-31,1275.0,1275.0,1265.0,1275.0
2016-09-01,1275.0,1290.0,1275.0,1290.0
2016-09-02,1290.0,1290.0,1270.0,1270.0
2016-09-05,1305.0,1305.0,1280.0,1280.0
2016-09-06,1290.0,1300.0,1280.0,1280.0
2016-09-07,1290.0,1310.0,1290.0,1310.0
2016-09-08,1305.0,1315.0,1300.0,1305.0
2016-09-09,1290.0,1355.0,1290.0,1310.0
2016-09-12,1300.0,1300.0,1290.0,1290.0
2016-09-13,1305.0,1305.0,1280.0,1290.0
2016-09-14,1275.0,1290.0,1275.0,1280.0
2016-09-15,1280.0,1280.0,1270.0,1275.0
2016-09-16,1295.0,1295.0,1285.0,1295.0
2016-09-20,1270.0,1285.0,1270.0,1280.0
2016-09-21,1280.0,1295.0,1280.0,1295.0
2016-09-23,1300.0,1300.0,1285.0,1290.0
2016-09-26,1295.0,1295.0,1280.0,1295.0
2016-09-27,1300.0,1300.0,1280.0,1290.0
2016-09-28,1300.0,1300.0,1295.0,1295.0
2016-09-29,1325.0,1335.0,1295.0,1320.0
2016-09-30,1320.0,1320.0,1300.0,1300.0
2016-10-03,1335.0,1335.0,1315.0,1330.0
2016-10-04,1330.0,1335.0,1305.0,1335.0
2016-10-05,1335.0,1355.0,1330.0,1350.0
2016-10-06,1365.0,1365.0,1345.0,1350.0
2016-10-07,1335.0,1360.0,1335.0,1350.0
2016-10-11,1350.0,1355.0,1340.0,1345.0
2016-10-12,1315.0,1325.0,1295.0,1305.0
2016-10-13,1310.0,1315.0,1290.0,1295.0
2016-10-14,1290.0,1300.0,1290.0,1300.0
2016-10-17,1290.0,1305.0,1290.0,1300.0
2016-10-18,1295.0,1300.0,1290.0,1300.0
2016-10-19,1310.0,1310.0,1290.0,1300.0
2016-10-20,1290.0,1310.0,1290.0,1305.0
2016-10-21,1310.0,1310.0,1300.0,1305.0
2016-10-24,1315.0,1340.0,1315.0,1340.0
2016-10-25,1350.0,1355.0,1340.0,1350.0
2016-10-26,1355.0,1375.0,1355.0,1375.0
2016-10-27,1375.0,1375.0,1350.0,1370.0
2016-10-28,1375.0,1395.0,1350.0,1395.0
2016-10-31,1395.0,1395.0,1380.0,1395.0
2016-11-01,1380.0,1385.0,1370.0,1375.0
2016-11-02,1370.0,1370.0,1335.0,1340.0
2016-11-04,1320.0,1325.0,1315.0,1315.0
2016-11-07,1320.0,1350.0,1320.0,1345.0
2016-11-08,1330.0,1345.0,1325.0,1345.0
2016-11-09,1350.0,1350.0,1290.0,1290.0
2016-11-10,1340.0,1345.0,1325.0,1325.0
2016-11-11,1350.0,1350.0,1315.0,1315.0
2016-11-14,1350.0,1350.0,1330.0,1350.0
2016-11-15,1360.0,1360.0,1335.0,1345.0
2016-11-16,1355.0,1365.0,1355.0,1365.0
2016-11-17,1360.0,1395.0,1360.0,1390.0
2016-11-18,1390.0,1395.0,1380.0,1385.0
2016-11-21,1380.0,1430.0,1380.0,1425.0
2016-11-22,1420.0,1435.0,1400.0,1435.0
2016-11-24,1435.0,1455.0,1435.0,1450.0
2016-11-25,1440.0,1460.0,1440.0,1445.0
2016-11-28,1445.0,1525.0,1445.0,1525.0
2016-11-29,1520.0,1560.0,1515.0,1535.0
2016-11-30,1535.0,1535.0,1525.0,1530.0
2016-12-01,1570.0,1570.0,1540.0,1555.0
2016-12-02,1555.0,1590.0,1555.0,1590.0
2016-12-05,1610.0,1610.0,1550.0,1570.0
2016-12-06,1565.0,1580.0,1560.0,1570.0
2016-12-07,1585.0,1600.0,1575.0,1595.0
2016-12-08,1615.0,1615.0,1590.0,1590.0
2016-12-09,1580.0,1610.0,1570.0,1605.0
2016-12-12,1590.0,1600.0,1575.0,1595.0
2016-12-13,1580.0,1595.0,1510.0,1595.0
2016-12-14,1595.0,1595.0,1555.0,1555.0
2016-12-15,1560.0,1575.0,1560.0,1565.0
2016-12-16,1570.0,1575.0,1565.0,1575.0
2016-12-19,1560.0,1570.0,1560.0,1570.0
2016-12-20,1570.0,1590.0,1560.0,1590.0
2016-12-21,1590.0,1595.0,1585.0,1590.0
2016-12-22,1590.0,1590.0,1560.0,1570.0
2016-12-26,1570.0,1575.0,1555.0,1560.0
2016-12-27,1555.0,1560.0,1545.0,1560.0
2016-12-28,1555.0,1580.0,1550.0,1570.0
2016-12-29,1555.0,1565.0,1540.0,1565.0
2016-12-30,1565.0,1570.0,1545.0,1570.0
2017-01-04,1575.0,1625.0,1575.0,1620.0
2017-01-05,1620.0,1630.0,1620.0,1630.0
2017-01-06,1635.0,1635.0,1615.0,1635.0
2017-01-10,1635.0,1640.0,1615.0,1625.0
2017-01-11,1605.0,1625.0,1605.0,1625.0
2017-01-12,1610.0,1615.0,1575.0,1600.0
2017-01-13,1585.0,1590.0,1535.0,1585.0
2017-01-16,1575.0,1575.0,1550.0,1555.0
2017-01-17,1540.0,1550.0,1520.0,1550.0
2017-01-18,1550.0,1550.0,1525.0,1535.0
2017-01-19,1535.0,1540.0,1525.0,1530.0
2017-01-20,1530.0,1540.0,1510.0,1525.0
2017-01-23,1540.0,1540.0,1520.0,1520.0
2017-01-24,1535.0,1535.0,1515.0,1530.0
2017-01-25,1530.0,1565.0,1525.0,1555.0
2017-01-26,1585.0,1585.0,1565.0,1580.0
2017-01-27,1560.0,1590.0,1560.0,1565.0
2017-01-30,1585.0,1585.0,1575.0,1575.0
2017-01-31,1585.0,1590.0,1580.0,1580.0
2017-02-01,1580.0,1580.0,1565.0,1570.0
2017-02-02,1595.0,1595.0,1560.0,1565.0
2017-02-03,1540.0,1560.0,1540.0,1555.0
2017-02-06,1585.0,1585.0,1540.0,1545.0
2017-02-07,1545.0,1555.0,1535.0,1540.0
2017-02-08,1540.0,1555.0,1535.0,1550.0
2017-02-09,1555.0,1565.0,1530.0,1530.0
2017-02-10,1550.0,1555.0,1530.0,1535.0
2017-02-13,1565.0,1575.0,1550.0,1575.0
2017-02-14,1590.0,1590.0,1555.0,1575.0
2017-02-15,1575.0,1580.0,1565.0,1580.0
2017-02-16,1580.0,1580.0,1555.0,1560.0
2017-02-17,1555.0,1560.0,1545.0,1555.0
2017-02-20,1570.0,1585.0,1550.0,1585.0
2017-02-21,1580.0,1590.0,1575.0,1575.0
2017-02-22,1580.0,1585.0,1580.0,1580.0
2017-02-23,1575.0,1585.0,1570.0,1585.0
2017-02-24,1585.0,1585.0,1575.0,1580.0
2017-02-27,1570.0,1580.0,1545.0,1580.0
2017-02-28,1585.0,1590.0,1585.0,1590.0
2017-03-01,1600.0,1600.0,1585.0,1600.0
2017-03-02,1610.0,1610.0,1605.0,1605.0
2017-03-03,1610.0,1620.0,1610.0,1610.0
2017-03-06,1625.0,1640.0,1625.0,1625.0
2017-03-07,1620.0,1625.0,1600.0,1600.0
2017-03-08,1600.0,1610.0,1585.0,1585.0
2017-03-09,1595.0,1605.0,1590.0,1590.0
2017-03-10,1630.0,1635.0,1605.0,1615.0
2017-03-13,1615.0,1620.0,1595.0,1620.0
2017-03-14,1615.0,1630.0,1615.0,1630.0
2017-03-15,1630.0,1630.0,1615.0,1615.0
2017-03-16,1595.0,1605.0,1590.0,1600.0
2017-03-17,1600.0,1605.0,1600.0,1600.0
2017-03-21,1600.0,1605.0,1525.0,1540.0
2017-03-22,1530.0,1530.0,1500.0,1525.0
2017-03-23,1545.0,1550.0,1535.0,1535.0
2017-03-24,1550.0,1565.0,1535.0,1560.0
2017-03-27,1530.0,1550.0,1530.0,1530.0
2017-03-28,1580.0,1580.0,1550.0,1570.0
2017-03-29,1560.0,1565.0,1555.0,1560.0
2017-03-30,1550.0,1560.0,1545.0,1550.0
2017-03-31,1550.0,1560.0,1525.0,1525.0
2017-04-03,1540.0,1540.0,1525.0,1530.0
2017-04-04,1540.0,1540.0,1405.0,1460.0
2017-04-05,1460.0,1480.0,1460.0,1465.0
2017-04-06,1470.0,1475.0,1455.0,1455.0
2017-04-07,1480.0,1480.0,1455.0,1465.0
2017-04-10,1465.0,1470.0,1460.0,1465.0
2017-04-11,1465.0,1465.0,1445.0,1450.0
2017-04-12,1450.0,1450.0,1425.0,1445.0
2017-04-13,1430.0,1430.0,1405.0,1405.0
2017-04-14,1425.0,1445.0,1420.0,1440.0
2017-04-17,1440.0,1445.0,1440.0,1445.0
2017-04-18,1445.0,1455.0,1440.0,1440.0
2017-04-19,1460.0,1460.0,1445.0,1445.0
2017-04-20,1445.0,1445.0,1405.0,1425.0
2017-04-21,1455.0,1460.0,1440.0,1460.0
2017-04-24,1470.0,1485.0,1465.0,1485.0
2017-04-25,1485.0,1530.0,1485.0,1530.0
2017-04-26,1545.0,1580.0,1530.0,1565.0
2017-04-27,1565.0,1585.0,1565.0,1575.0
2017-04-28,1580.0,1580.0,1570.0,1575.0
2017-05-01,1580.0,1585.0,1575.0,1585.0
2017-05-02,1585.0,1590.0,1575.0,1580.0
2017-05-08,1585.0,1595.0,1585.0,1585.0
2017-05-09,1585.0,1595.0,1575.0,1590.0
2017-05-10,1580.0,1605.0,1580.0,1605.0
2017-05-11,1590.0,1605.0,1590.0,1605.0
2017-05-12,1620.0,1650.0,1375.0,1605.0
2017-05-15,1530.0,1585.0,1530.0,1575.0
2017-05-16,1555.0,1580.0,1555.0,1565.0
2017-05-17,1550.0,1555.0,1550.0,1550.0
2017-05-18,1535.0,1535.0,1510.0,1525.0
2017-05-19,1525.0,1530.0,1515.0,1525.0
2017-05-22,1520.0,1545.0,1520.0,1530.0
2017-05-23,1530.0,1540.0,1515.0,1535.0
2017-05-24,1535.0,1545.0,1515.0,1545.0
2017-05-25,1535.0,1540.0,1515.0,1525.0
2017-05-26,1535.0,1535.0,1500.0,1505.0
2017-05-29,1520.0,1520.0,1505.0,1505.0
2017-05-30,1495.0,1520.0,1495.0,1515.0
2017-05-31,1515.0,1515.0,1500.0,1510.0
2017-06-01,1525.0,1525.0,1480.0,1495.0
2017-06-02,1495.0,1525.0,1495.0,1520.0
2017-06-05,1520.0,1520.0,1510.0,1510.0
2017-06-06,1520.0,1520.0,1500.0,1510.0
2017-06-07,1510.0,1510.0,1505.0,1510.0
2017-06-08,1505.0,1525.0,1505.0,1510.0
2017-06-09,1510.0,1515.0,1500.0,1500.0
2017-06-12,1500.0,1510.0,1495.0,1495.0
2017-06-13,1495.0,1505.0,1490.0,1495.0
2017-06-14,1515.0,1515.0,1495.0,1500.0
2017-06-15,1500.0,1500.0,1490.0,1490.0
2017-06-16,1515.0,1515.0,1500.0,1505.0
2017-06-19,1495.0,1505.0,1490.0,1490.0
2017-06-20,1500.0,1520.0,1500.0,1515.0
2017-06-21,1505.0,1525.0,1500.0,1515.0
2017-06-22,1505.0,1510.0,1505.0,1510.0
2017-06-23,1515.0,1525.0,1515.0,1515.0
2017-06-26,1535.0,1535.0,1515.0,1520.0
2017-06-27,1525.0,1535.0,1525.0,1525.0
2017-06-28,1525.0,1540.0,1525.0,1530.0
2017-06-29,1530.0,1545.0,1525.0,1525.0
2017-06-30,1525.0,1550.0,1520.0,1550.0
2017-07-03,1560.0,1560.0,1550.0,1550.0
2017-07-04,1550.0,1610.0,1540.0,1540.0
2017-07-05,1545.0,1575.0,1545.0,1550.0
2017-07-06,1570.0,1570.0,1550.0,1560.0
2017-07-07,1550.0,1560.0,1545.0,1545.0
2017-07-10,1570.0,1580.0,1560.0,1560.0
2017-07-11,1560.0,1575.0,1560.0,1560.0
2017-07-12,1560.0,1570.0,1550.0,1565.0
2017-07-13,1575.0,1580.0,1540.0,1540.0
2017-07-14,1585.0,1590.0,1555.0,1565.0
2017-07-17,1565.0,1565.0,1565.0,1565.0
2017-07-18,1570.0,1575.0,1550.0,1560.0
2017-07-19,1550.0,1555.0,1525.0,1530.0
2017-07-20,1525.0,1545.0,1520.0,1535.0
2017-07-21,1545.0,1550.0,1530.0,1540.0
2017-07-24,1540.0,1550.0,1540.0,1550.0
2017-07-25,1550.0,1560.0,1545.0,1555.0
2017-07-26,1565.0,1570.0,1550.0,1565.0
2017-07-27,1570.0,1580.0,1555.0,1560.0
2017-07-28,1570.0,1570.0,1535.0,1535.0
2017-07-31,1560.0,1565.0,1550.0,1565.0
2017-08-01,1565.0,1565.0,1555.0,1565.0
2017-08-02,1555.0,1565.0,1555.0,1565.0
2017-08-03,1550.0,1555.0,1530.0,1550.0
2017-08-04,1550.0,1555.0,1540.0,1555.0
2017-08-07,1560.0,1565.0,1550.0,1560.0
2017-08-08,1565.0,1565.0,1555.0,1560.0
2017-08-09,1565.0,1565.0,1545.0,1560.0
2017-08-10,1560.0,1595.0,1550.0,1580.0
2017-08-11,1580.0,1580.0,1580.0,1580.0
2017-08-14,1575.0,1575.0,1550.0,1570.0
2017-08-15,1570.0,1590.0,1565.0,1575.0
2017-08-16,1570.0,1590.0,1570.0,1580.0
2017-08-17,1565.0,1585.0,1560.0,1585.0
2017-08-18,1580.0,1580.0,1555.0,1560.0
2017-08-21,1550.0,1565.0,1550.0,1565.0
2017-08-22,1555.0,1570.0,1545.0,1565.0
2017-08-23,1565.0,1565.0,1550.0,1550.0
2017-08-24,1545.0,1565.0,1545.0,1565.0
2017-08-25,1565.0,1565.0,1550.0,1565.0
2017-08-28,1575.0,1625.0,1565.0,1615.0
2017-08-29,1600.0,1625.0,1590.0,1610.0
2017-08-30,1615.0,1630.0,1610.0,1625.0
2017-08-31,1625.0,1650.0,1620.0,1645.0
2017-09-01,1640.0,1640.0,1595.0,1625.0
2017-09-04,1625.0,1625.0,1595.0,1595.0
2017-09-05,1600.0,1940.0,1580.0,1595.0
2017-09-06,1650.0,1660.0,1595.0,1650.0
2017-09-07,1775.0,2050.0,1715.0,2050.0
2017-09-08,1950.0,2000.0,1805.0,1830.0
2017-09-11,1890.0,1895.0,1760.0,1760.0
2017-09-12,1780.0,1935.0,1760.0,1845.0
2017-09-13,1895.0,1945.0,1850.0,1870.0
2017-09-14,1870.0,1885.0,1790.0,1815.0
2017-09-15,1825.0,1850.0,1800.0,1840.0
2017-09-18,1840.0,1840.0,1840.0,1840.0
2017-09-19,1895.0,1895.0,1840.0,1850.0
2017-09-20,1900.0,1940.0,1870.0,1920.0
2017-09-21,1920.0,1935.0,1860.0,1870.0
2017-09-22,1870.0,1885.0,1840.0,1855.0
2017-09-25,1995.0,2145.0,1930.0,2080.0
2017-09-26,2085.0,2130.0,2000.0,2115.0
2017-09-27,2188.0,2188.0,2080.0,2134.0
2017-09-28,2124.0,2124.0,2031.0,2099.0
2017-09-29,2066.0,2100.0,2037.0,2083.0
2017-10-02,2056.0,2094.0,2044.0,2071.0
2017-10-03,2087.0,2094.0,2015.0,2015.0
2017-10-04,2015.0,2049.0,2000.0,2005.0
2017-10-05,2015.0,2015.0,1951.0,1954.0
2017-10-06,1955.0,2012.0,1955.0,1974.0
2017-10-09,1974.0,1974.0,1974.0,1974.0
2017-10-10,2021.0,2036.0,1985.0,1990.0
2017-10-11,2000.0,2065.0,1978.0,2046.0
2017-10-12,2054.0,2059.0,2031.0,2041.0
2017-10-13,2031.0,2048.0,2014.0,2039.0
2017-10-16,2041.0,2043.0,2020.0,2020.0
2017-10-17,2021.0,2021.0,2004.0,2015.0
2017-10-18,2025.0,2025.0,2001.0,2003.0
2017-10-19,2002.0,2009.0,1975.0,1996.0
2017-10-20,1987.0,2018.0,1960.0,1994.0
2017-10-23,2000.0,2015.0,1982.0,1999.0
2017-10-24,2005.0,2019.0,1990.0,2012.0
2017-10-25,2020.0,2027.0,1990.0,1999.0
2017-10-26,2017.0,2024.0,2000.0,2007.0
2017-10-27,2025.0,2025.0,1980.0,2009.0
2017-10-30,2003.0,2033.0,1990.0,2027.0
2017-10-31,2028.0,2045.0,2017.0,2040.0
2017-11-01,2050.0,2050.0,2011.0,2025.0
2017-11-02,2030.0,2030.0,1993.0,2005.0
2017-11-03,2005.0,2005.0,2005.0,2005.0
2017-11-06,2015.0,2020.0,1977.0,1978.0
2017-11-07,1961.0,2026.0,1961.0,1980.0
2017-11-08,1980.0,2001.0,1971.0,1999.0
2017-11-09,2014.0,2021.0,1954.0,2003.0
2017-11-10,2005.0,2005.0,1880.0,1899.0
2017-11-13,1901.0,1902.0,1800.0,1802.0
2017-11-14,1802.0,1807.0,1778.0,1782.0
2017-11-15,1814.0,1814.0,1706.0,1717.0
2017-11-16,1706.0,1790.0,1706.0,1766.0
2017-11-17,1766.0,1774.0,1723.0,1730.0
2017-11-20,1755.0,1755.0,1730.0,1737.0
2017-11-21,1754.0,1763.0,1710.0,1746.0
2017-11-22,1760.0,1780.0,1741.0,1749.0
2017-11-23,1749.0,1749.0,1749.0,1749.0
2017-11-24,1769.0,1769.0,1732.0,1748.0
2017-11-27,1751.0,1759.0,1740.0,1743.0
2017-11-28,1743.0,1770.0,1723.0,1729.0
2017-11-29,1758.0,1773.0,1743.0,1750.0
2017-11-30,1742.0,1743.0,1722.0,1731.0
2017-12-01,1749.0,1750.0,1706.0,1707.0
2017-12-04,1729.0,1735.0,1702.0,1708.0
2017-12-05,1708.0,1713.0,1691.0,1705.0
2017-12-06,1695.0,1698.0,1676.0,1676.0
2017-12-07,1703.0,1716.0,1690.0,1692.0
2017-12-08,1691.0,1709.0,1691.0,1702.0
2017-12-11,1738.0,1738.0,1703.0,1720.0
2017-12-12,1724.0,1731.0,1709.0,1716.0
2017-12-13,1724.0,1724.0,1700.0,1708.0
2017-12-14,1708.0,1720.0,1708.0,1716.0
2017-12-15,1710.0,1719.0,1707.0,1716.0
2017-12-18,1719.0,1719.0,1706.0,1713.0
2017-12-19,1718.0,1718.0,1701.0,1707.0
2017-12-20,1703.0,1708.0,1700.0,1705.0
2017-12-21,1706.0,1706.0,1693.0,1702.0
2017-12-22,1694.0,1713.0,1694.0,1711.0
2017-12-25,1717.0,1741.0,1706.0,1715.0
2017-12-26,1717.0,1718.0,1702.0,1718.0
2017-12-27,1730.0,1746.0,1730.0,1746.0
2017-12-28,1757.0,1757.0,1737.0,1742.0
2017-12-29,1742.0,1752.0,1737.0,1752.0
2018-01-01,1752.0,1752.0,1752.0,1752.0
2018-01-02,1752.0,1752.0,1752.0,1752.0
2018-01-03,1752.0,1752.0,1752.0,1752.0
2018-01-04,1792.0,1821.0,1770.0,1810.0
2018-01-05,1825.0,1838.0,1806.0,1812.0
2018-01-08,1812.0,1812.0,1812.0,1812.0
2018-01-09,1848.0,1848.0,1821.0,1832.0
2018-01-10,1834.0,1835.0,1807.0,1817.0
2018-01-11,1817.0,1817.0,1800.0,1809.0
2018-01-12,1806.0,1824.0,1805.0,1816.0
2018-01-15,1829.0,1829.0,1810.0,1818.0
2018-01-16,1818.0,1828.0,1811.0,1822.0
2018-01-17,1820.0,1837.0,1816.0,1830.0
2018-01-18,1844.0,1846.0,1826.0,1830.0
2018-01-19,1830.0,1880.0,1830.0,1875.0
2018-01-22,1875.0,1898.0,1862.0,1865.0
2018-01-23,1860.0,1879.0,1860.0,1875.0
2018-01-24,1853.0,1870.0,1843.0,1845.0
2018-01-25,1821.0,1836.0,1818.0,1831.0
2018-01-26,1821.0,1840.0,1821.0,1826.0
2018-01-29,1828.0,1842.0,1828.0,1829.0
2018-01-30,1826.0,1826.0,1782.0,1792.0
2018-01-31,1765.0,1794.0,1765.0,1779.0
2018-02-01,1768.0,1800.0,1768.0,1795.0
2018-02-02,1770.0,1788.0,1770.0,1782.0
2018-02-05,1750.0,1760.0,1726.0,1726.0
2018-02-06,1697.0,1697.0,1564.0,1601.0
2018-02-07,1705.0,1728.0,1614.0,1614.0
2018-02-08,1615.0,1657.0,1615.0,1625.0
2018-02-09,1544.0,1724.0,1544.0,1665.0
2018-02-12,1665.0,1665.0,1665.0,1665.0
2018-02-13,1845.0,1845.0,1761.0,1824.0
2018-02-14,1784.0,1820.0,1767.0,1784.0
2018-02-15,1774.0,1799.0,1762.0,1767.0
2018-02-16,1779.0,1794.0,1761.0,1762.0
2018-02-19,1810.0,1852.0,1801.0,1852.0
2018-02-20,1852.0,1910.0,1841.0,1902.0
2018-02-21,1902.0,1918.0,1895.0,1900.0
2018-02-22,1891.0,1891.0,1873.0,1873.0
2018-02-23,1866.0,1907.0,1866.0,1903.0
2018-02-26,1903.0,1905.0,1876.0,1888.0
2018-02-27,1885.0,1904.0,1885.0,1899.0
2018-02-28,1871.0,1891.0,1866.0,1870.0
2018-03-01,1877.0,1877.0,1830.0,1839.0
2018-03-02,1804.0,1815.0,1772.0,1809.0
2018-03-05,1802.0,1802.0,1769.0,1773.0
2018-03-06,1792.0,1800.0,1750.0,1759.0
2018-03-07,1795.0,1795.0,1750.0,1775.0
2018-03-08,1761.0,1772.0,1746.0,1758.0
2018-03-09,1788.0,1802.0,1762.0,1782.0
2018-03-12,1815.0,1822.0,1811.0,1816.0
2018-03-13,1799.0,1820.0,1795.0,1819.0
2018-03-14,1818.0,1866.0,1810.0,1864.0
2018-03-15,1844.0,1860.0,1835.0,1853.0
2018-03-16,1868.0,1868.0,1832.0,1835.0
2018-03-19,1832.0,1835.0,1744.0,1820.0
2018-03-20,1775.0,1799.0,1770.0,1792.0
2018-03-21,1792.0,1792.0,1792.0,1792.0
2018-03-22,1782.0,1795.0,1782.0,1791.0
2018-03-23,1766.0,1766.0,1714.0,1718.0
2018-03-26,1682.0,1682.0,1650.0,1676.0
2018-03-27,1691.0,1723.0,1681.0,1720.0
2018-03-28,1680.0,1707.0,1680.0,1696.0
2018-03-29,1705.0,1706.0,1660.0,1685.0
2018-03-30,1686.0,1701.0,1686.0,1699.0
2018-04-02,1739.0,1740.0,1699.0,1700.0
2018-04-03,1689.0,1710.0,1665.0,1674.0
2018-04-04,1686.0,1730.0,1680.0,1724.0
2018-04-05,1722.0,1736.0,1702.0,1717.0
2018-04-06,1720.0,1720.0,1695.0,1702.0
2018-04-09,1683.0,1708.0,1683.0,1697.0
2018-04-10,1707.0,1728.0,1704.0,1722.0
2018-04-11,1748.0,1748.0,1727.0,1729.0
2018-04-12,1729.0,1733.0,1715.0,1718.0
2018-04-13,1720.0,1740.0,1720.0,1732.0
2018-04-16,1723.0,1744.0,1723.0,1742.0
2018-04-17,1744.0,1752.0,1720.0,1721.0
2018-04-18,1721.0,1743.0,1721.0,1743.0
2018-04-19,1750.0,1754.0,1741.0,1747.0
2018-04-20,1754.0,1756.0,1740.0,1742.0
2018-04-23,1743.0,1744.0,1738.0,1741.0
2018-04-24,1743.0,1749.0,1743.0,1749.0
2018-04-25,1746.0,1751.0,1731.0,1742.0
2018-04-26,1760.0,1791.0,1748.0,1780.0
2018-04-27,1806.0,1806.0,1770.0,1789.0
2018-04-30,1789.0,1789.0,1789.0,1789.0
2018-05-01,1829.0,1829.0,1789.0,1796.0
2018-05-02,1792.0,1795.0,1777.0,1790.0
2018-05-03,1790.0,1790.0,1790.0,1790.0
2018-05-04,1790.0,1790.0,1790.0,1790.0
2018-05-07,1799.0,1799.0,1780.0,1790.0
2018-05-08,1788.0,1811.0,1788.0,1797.0
2018-05-09,1813.0,1814.0,1800.0,1810.0
2018-05-10,1819.0,1825.0,1810.0,1815.0
2018-05-11,1839.0,2215.0,1833.0,2215.0
2018-05-14,2500.0,2600.0,2413.0,2484.0
2018-05-15,2442.0,2459.0,2405.0,2417.0
2018-05-16,2400.0,2417.0,2371.0,2386.0
2018-05-17,2388.0,2485.0,2388.0,2420.0
2018-05-18,2470.0,2470.0,2409.0,2442.0
2018-05-21,2492.0,2522.0,2480.0,2507.0
2018-05-22,2502.0,2515.0,2459.0,2459.0
2018-05-23,2491.0,2491.0,2400.0,2432.0
2018-05-24,2420.0,2420.0,2372.0,2383.0
2018-05-25,2395.0,2470.0,2380.0,2435.0
2018-05-28,2429.0,2429.0,2340.0,2354.0
2018-05-29,2359.0,2390.0,2310.0,2327.0
2018-05-30,2287.0,2356.0,2286.0,2329.0
2018-05-31,2350.0,2365.0,2289.0,2298.0
2018-06-01,2300.0,2340.0,2298.0,2325.0
2018-06-04,2329.0,2432.0,2329.0,2426.0
2018-06-05,2430.0,2431.0,2388.0,2425.0
2018-06-06,2392.0,2459.0,2392.0,2453.0
2018-06-07,2455.0,2520.0,2455.0,2504.0
2018-06-08,2510.0,2515.0,2477.0,2489.0
2018-06-11,2485.0,2490.0,2432.0,2439.0
2018-06-12,2440.0,2520.0,2440.0,2494.0
2018-06-13,2495.0,2504.0,2454.0,2471.0
2018-06-14,2460.0,2460.0,2401.0,2440.0
2018-06-15,2460.0,2488.0,2444.0,2482.0
2018-06-18,2484.0,2488.0,2411.0,2419.0
2018-06-19,2412.0,2430.0,2272.0,2275.0
2018-06-20,2270.0,2283.0,2215.0,2278.0
2018-06-21,2275.0,2279.0,2240.0,2242.0
2018-06-22,2220.0,2220.0,2180.0,2206.0
2018-06-25,2188.0,2190.0,2133.0,2139.0
2018-06-26,2101.0,2153.0,2101.0,2133.0
2018-06-27,2133.0,2233.0,2133.0,2204.0
2018-06-28,2199.0,2200.0,2164.0,2198.0
2018-06-29,2185.0,2198.0,2148.0,2196.0
2018-07-02,2196.0,2219.0,2110.0,2117.0
2018-07-03,2132.0,2150.0,2020.0,2061.0
2018-07-04,2034.0,2034.0,1979.0,1980.0
2018-07-05,1963.0,1990.0,1890.0,1892.0
2018-07-06,1936.0,2016.0,1906.0,2008.0
2018-07-09,2036.0,2136.0,2033.0,2124.0
2018-07-10,2171.0,2215.0,2151.0,2171.0
2018-07-11,2152.0,2159.0,2125.0,2146.0
2018-07-12,2146.0,2165.0,2100.0,2150.0
2018-07-13,2164.0,2164.0,2130.0,2141.0
2018-07-16,2141.0,2141.0,2141.0,2141.0
2018-07-17,2159.0,2194.0,2150.0,2174.0
2018-07-18,2195.0,2198.0,2144.0,2150.0
2018-07-19,2196.0,2217.0,2173.0,2194.0
2018-07-20,2197.0,2197.0,2165.0,2165.0
2018-07-23,2170.0,2197.0,2163.0,2184.0
2018-07-24,2199.0,2202.0,2174.0,2182.0
2018-07-25,2200.0,2207.0,2166.0,2191.0
2018-07-26,2208.0,2230.0,2198.0,2218.0
2018-07-27,2235.0,2280.0,2213.0,2248.0
2018-07-30,2271.0,2310.0,2245.0,2289.0
2018-07-31,2295.0,2306.0,2274.0,2278.0
2018-08-01,2307.0,2307.0,2267.0,2278.0
2018-08-02,2302.0,2305.0,2263.0,2263.0
2018-08-03,2240.0,2245.0,2209.0,2219.0
2018-08-06,2226.0,2240.0,2215.0,2215.0
2018-08-07,2215.0,2262.0,2210.0,2258.0
2018-08-08,2290.0,2330.0,2261.0,2330.0
2018-08-09,2330.0,2384.0,1830.0,1861.0
2018-08-10,1843.0,1864.0,1818.0,1819.0
2018-08-13,1790.0,1791.0,1677.0,1691.0
2018-08-14,1739.0,1739.0,1670.0,1699.0
2018-08-15,1701.0,1720.0,1659.0,1671.0
2018-08-16,1657.0,1657.0,1602.0,1628.0
2018-08-17,1650.0,1652.0,1616.0,1629.0
2018-08-20,1629.0,1647.0,1604.0,1608.0
2018-08-21,1608.0,1610.0,1600.0,1600.0
2018-08-22,1592.0,1635.0,1583.0,1633.0
2018-08-23,1636.0,1668.0,1636.0,1656.0
2018-08-24,1696.0,1696.0,1667.0,1676.0
2018-08-27,1685.0,1706.0,1674.0,1692.0
2018-08-28,1694.0,1723.0,1694.0,1713.0
2018-08-29,1709.0,1723.0,1709.0,1720.0
2018-08-30,1725.0,1754.0,1725.0,1743.0
2018-08-31,1726.0,1737.0,1708.0,1721.0
2018-09-03,1722.0,1722.0,1681.0,1688.0
2018-09-04,1686.0,1692.0,1685.0,1685.0
2018-09-05,1682.0,1684.0,1670.0,1670.0
2018-09-06,1675.0,1688.0,1654.0,1677.0
2018-09-07,1670.0,1670.0,1633.0,1648.0
2018-09-10,1633.0,1653.0,1624.0,1640.0
2018-09-11,1650.0,1650.0,1612.0,1633.0
2018-09-12,1626.0,1628.0,1596.0,1624.0
2018-09-13,1621.0,1641.0,1616.0,1637.0
2018-09-14,1649.0,1715.0,1649.0,1692.0
2018-09-17,1692.0,1692.0,1692.0,1692.0
2018-09-18,1705.0,1725.0,1695.0,1720.0
2018-09-19,1739.0,1793.0,1730.0,1756.0
2018-09-20,1785.0,1785.0,1735.0,1751.0
2018-09-21,1779.0,1779.0,1756.0,1767.0
2018-09-24,1767.0,1767.0,1767.0,1767.0
2018-09-25,1787.0,1799.0,1765.0,1799.0
2018-09-26,1799.0,1810.0,1785.0,1799.0
2018-09-27,1797.0,1801.0,1761.0,1767.0
2018-09-28,1795.0,1795.0,1767.0,1772.0
2018-10-01,1779.0,1781.0,1760.0,1771.0
2018-10-02,1773.0,1795.0,1766.0,1766.0
2018-10-03,1766.0,1766.0,1711.0,1719.0
2018-10-04,1720.0,1744.0,1708.0,1721.0
2018-10-05,1719.0,1719.0,1690.0,1691.0
2018-10-08,1691.0,1691.0,1691.0,1691.0
2018-10-09,1674.0,1677.0,1652.0,1653.0
2018-10-10,1654.0,1703.0,1654.0,1699.0
2018-10-11,1622.0,1642.0,1616.0,1632.0
2018-10-12,1623.0,1668.0,1620.0,1658.0
2018-10-15,1680.0,1680.0,1633.0,1636.0
2018-10-16,1631.0,1645.0,1617.0,1630.0
2018-10-17,1659.0,1685.0,1642.0,1657.0
2018-10-18,1668.0,1669.0,1638.0,1641.0
2018-10-19,1641.0,1649.0,1611.0,1639.0
2018-10-22,1631.0,1668.0,1624.0,1643.0
2018-10-23,1643.0,1643.0,1600.0,1601.0
2018-10-24,1609.0,1623.0,1596.0,1611.0
2018-10-25,1596.0,1596.0,1561.0,1561.0
2018-10-26,1587.0,1592.0,1521.0,1540.0
2018-10-29,1555.0,1555.0,1518.0,1518.0
2018-10-30,1531.0,1579.0,1514.0,1572.0
2018-10-31,1575.0,1619.0,1565.0,1613.0
2018-11-01,1612.0,1626.0,1589.0,1610.0
2018-11-02,1623.0,1677.0,1610.0,1661.0
2018-11-05,1640.0,1660.0,1630.0,1632.0
2018-11-06,1631.0,1647.0,1620.0,1632.0
2018-11-07,1645.0,1659.0,1625.0,1627.0
2018-11-08,1661.0,1671.0,1644.0,1664.0
2018-11-09,1688.0,2064.0,1660.0,2005.0
2018-11-12,2030.0,2030.0,1943.0,1947.0
2018-11-13,1922.0,1922.0,1830.0,1855.0
2018-11-14,1895.0,1925.0,1830.0,1856.0
2018-11-15,1841.0,1879.0,1815.0,1876.0
2018-11-16,1876.0,1876.0,1790.0,1800.0
2018-11-19,1800.0,1846.0,1800.0,1839.0
2018-11-20,1798.0,1798.0,1745.0,1749.0
2018-11-21,1714.0,1756.0,1711.0,1754.0
2018-11-22,1794.0,1799.0,1736.0,1785.0
2018-11-23,1785.0,1785.0,1785.0,1785.0
2018-11-26,1787.0,1866.0,1787.0,1857.0
2018-11-27,1875.0,1881.0,1808.0,1881.0
2018-11-28,1870.0,1918.0,1851.0,1891.0
2018-11-29,1931.0,1945.0,1907.0,1924.0
2018-11-30,1932.0,1942.0,1872.0,1932.0
2018-12-03,1960.0,1966.0,1950.0,1958.0
2018-12-04,1958.0,1965.0,1880.0,1887.0
2018-12-05,1875.0,1917.0,1864.0,1892.0
2018-12-06,1931.0,1941.0,1856.0,1939.0
2018-12-07,1968.0,2011.0,1956.0,1996.0
2018-12-10,1968.0,1968.0,1856.0,1870.0
2018-12-11,1871.0,1871.0,1763.0,1776.0
2018-12-12,1771.0,1841.0,1765.0,1825.0
2018-12-13,1843.0,1896.0,1836.0,1888.0
2018-12-14,1909.0,1909.0,1826.0,1834.0
2018-12-17,1830.0,1830.0,1784.0,1796.0
2018-12-18,1750.0,1760.0,1727.0,1730.0
2018-12-19,1732.0,1732.0,1690.0,1706.0
2018-12-20,1700.0,1712.0,1616.0,1631.0
2018-12-21,1641.0,1712.0,1590.0,1643.0
2018-12-24,1643.0,1643.0,1643.0,1643.0
2018-12-25,1552.0,1560.0,1528.0,1538.0
2018-12-26,1500.0,1559.0,1500.0,1553.0
2018-12-27,1648.0,1648.0,1594.0,1642.0
2018-12-28,1612.0,1651.0,1601.0,1646.0
2018-12-31,1646.0,1646.0,1646.0,1646.0
2019-01-04,1637.0,1637.0,1565.0,1599.0
2019-01-07,1641.0,1680.0,1641.0,1659.0
2019-01-08,1698.0,1741.0,1660.0,1735.0
2019-01-09,1735.0,1735.0,1699.0,1734.0
2019-01-10,1696.0,1696.0,1663.0,1678.0
2019-01-11,1688.0,1704.0,1662.0,1678.0
2019-01-15,1678.0,1728.0,1664.0,1721.0
2019-01-16,1721.0,1770.0,1680.0,1763.0
2019-01-17,1770.0,1798.0,1765.0,1773.0
2019-01-18,1776.0,1787.0,1749.0,1751.0
2019-01-21,1780.0,1780.0,1729.0,1742.0
2019-01-22,1758.0,1758.0,1706.0,1737.0
2019-01-23,1707.0,1713.0,1691.0,1702.0
2019-01-24,1702.0,1759.0,1682.0,1754.0
2019-01-25,1779.0,1783.0,1750.0,1761.0
2019-01-28,1780.0,1780.0,1744.0,1755.0
2019-01-29,1755.0,1765.0,1701.0,1752.0
2019-01-30,1742.0,1742.0,1666.0,1686.0
2019-01-31,1718.0,1735.0,1695.0,1711.0
2019-02-01,1716.0,1742.0,1704.0,1709.0
2019-02-04,1749.0,1796.0,1729.0,1796.0
2019-02-05,1810.0,1945.0,1810.0,1924.0
2019-02-06,1942.0,1960.0,1898.0,1918.0
2019-02-07,1939.0,1940.0,1881.0,1898.0
2019-02-08,1904.0,1978.0,1734.0,1744.0
2019-02-12,2000.0,2010.0,1931.0,1968.0
2019-02-13,2058.0,2169.0,2042.0,2168.0
2019-02-14,2250.0,2364.0,2210.0,2247.0
2019-02-15,2220.0,2347.0,2205.0,2287.0
2019-02-18,2400.0,2400.0,2302.0,2311.0
2019-02-19,2312.0,2355.0,2249.0,2320.0
2019-02-20,2326.0,2335.0,2251.0,2295.0
2019-02-21,2261.0,2291.0,2233.0,2237.0
2019-02-22,2215.0,2358.0,2182.0,2295.0
2019-02-25,2313.0,2339.0,2288.0,2310.0
2019-02-26,2287.0,2295.0,2214.0,2255.0
2019-02-27,2279.0,2279.0,2185.0,2199.0
2019-02-28,2214.0,2264.0,2161.0,2164.0
2019-03-01,2170.0,2229.0,2148.0,2160.0
2019-03-04,2200.0,2208.0,2161.0,2185.0
2019-03-05,2171.0,2171.0,2101.0,2117.0
2019-03-06,2091.0,2156.0,2081.0,2141.0
2019-03-07,2133.0,2148.0,2092.0,2102.0
2019-03-08,2055.0,2073.0,1996.0,2026.0
2019-03-11,2034.0,2065.0,2019.0,2054.0
2019-03-12,2099.0,2143.0,2091.0,2125.0
2019-03-13,2133.0,2170.0,2099.0,2118.0
2019-03-14,2134.0,2134.0,2084.0,2084.0
2019-03-15,2066.0,2115.0,2066.0,2084.0
2019-03-18,2085.0,2159.0,2063.0,2117.0
2019-03-19,2106.0,2106.0,2074.0,2085.0
2019-03-20,2082.0,2088.0,2052.0,2074.0
2019-03-22,2075.0,2079.0,2034.0,2075.0
2019-03-25,2015.0,2016.0,1980.0,1996.0
2019-03-26,2028.0,2088.0,2025.0,2069.0
2019-03-27,2070.0,2078.0,2041.0,2055.0
2019-03-28,2051.0,2051.0,1964.0,1967.0
2019-03-29,2003.0,2003.0,1945.0,1982.0
2019-04-01,2006.0,2053.0,2002.0,2021.0
2019-04-02,2063.0,2075.0,2026.0,2066.0
2019-04-03,2049.0,2101.0,2048.0,2091.0
2019-04-04,2111.0,2149.0,2098.0,2126.0
2019-04-05,2174.0,2175.0,2110.0,2131.0
2019-04-08,2140.0,2151.0,2101.0,2101.0
2019-04-09,2103.0,2129.0,2088.0,2113.0
2019-04-10,2094.0,2109.0,2076.0,2107.0
2019-04-11,2114.0,2126.0,2091.0,2114.0
2019-04-12,2110.0,2110.0,2081.0,2093.0
2019-04-15,2120.0,2143.0,2108.0,2137.0
2019-04-16,2127.0,2136.0,2103.0,2120.0
2019-04-17,2121.0,2154.0,2115.0,2145.0
2019-04-18,2139.0,2139.0,2096.0,2114.0
2019-04-19,2125.0,2165.0,2125.0,2138.0
2019-04-22,2123.0,2123.0,2086.0,2093.0
2019-04-23,2091.0,2102.0,2061.0,2073.0
2019-04-24,2078.0,2079.0,2031.0,2032.0
2019-04-25,2034.0,2065.0,2020.0,2064.0
2019-04-26,2064.0,2064.0,2017.0,2058.0
2019-05-07,2080.0,2080.0,2025.0,2034.0
2019-05-08,2019.0,2040.0,2001.0,2008.0
2019-05-09,2008.0,2010.0,1938.0,1941.0
2019-05-10,1951.0,1971.0,1888.0,1900.0
2019-05-13,1910.0,1918.0,1500.0,1500.0
2019-05-14,1382.0,1433.0,1362.0,1433.0
2019-05-15,1432.0,1449.0,1406.0,1449.0
2019-05-16,1436.0,1450.0,1405.0,1419.0
2019-05-17,1450.0,1455.0,1433.0,1440.0
2019-05-20,1450.0,1461.0,1408.0,1426.0
2019-05-21,1426.0,1444.0,1390.0,1432.0
2019-05-22,1443.0,1450.0,1424.0,1433.0
2019-05-23,1419.0,1434.0,1402.0,1432.0
2019-05-24,1431.0,1450.0,1410.0,1446.0
2019-05-27,1443.0,1449.0,1431.0,1443.0
2019-05-28,1443.0,1444.0,1433.0,1440.0
2019-05-29,1427.0,1434.0,1407.0,1429.0
2019-05-30,1414.0,1438.0,1404.0,1437.0
2019-05-31,1431.0,1431.0,1408.0,1413.0
2019-06-03,1400.0,1400.0,1368.0,1373.0
2019-06-04,1385.0,1414.0,1366.0,1406.0
2019-06-05,1436.0,1447.0,1423.0,1441.0
2019-06-06,1440.0,1440.0,1415.0,1421.0
2019-06-07,1417.0,1432.0,1396.0,1431.0
2019-06-10,1437.0,1477.0,1437.0,1453.0
2019-06-11,1441.0,1485.0,1441.0,1479.0
2019-06-12,1467.0,1479.0,1461.0,1461.0
2019-06-13,1441.0,1447.0,1409.0,1419.0
2019-06-14,1421.0,1451.0,1411.0,1439.0
2019-06-17,1427.0,1435.0,1413.0,1414.0
2019-06-18,1414.0,1419.0,1377.0,1380.0
2019-06-19,1414.0,1452.0,1410.0,1442.0
2019-06-20,1452.0,1452.0,1422.0,1448.0
2019-06-21,1442.0,1450.0,1437.0,1438.0
2019-06-24,1435.0,1442.0,1413.0,1419.0
2019-06-25,1420.0,1430.0,1405.0,1408.0
2019-06-26,1408.0,1438.0,1401.0,1416.0
2019-06-27,1418.0,1457.0,1418.0,1455.0
2019-06-28,1447.0,1456.0,1440.0,1444.0
2019-07-01,1504.0,1514.0,1473.0,1513.0
2019-07-02,1513.0,1513.0,1493.0,1505.0
2019-07-03,1505.0,1505.0,1473.0,1491.0
2019-07-04,1509.0,1510.0,1489.0,1506.0
2019-07-05,1500.0,1505.0,1488.0,1505.0
2019-07-08,1503.0,1510.0,1488.0,1491.0
2019-07-09,1477.0,1486.0,1465.0,1475.0
2019-07-10,1491.0,1491.0,1473.0,1475.0
2019-07-11,1474.0,1494.0,1470.0,1483.0
2019-07-12,1494.0,1494.0,1451.0,1458.0
2019-07-16,1398.0,1448.0,1398.0,1431.0
2019-07-17,1423.0,1442.0,1420.0,1441.0
2019-07-18,1427.0,1430.0,1400.0,1406.0
2019-07-19,1413.0,1438.0,1413.0,1437.0
2019-07-22,1445.0,1445.0,1400.0,1436.0
2019-07-23,1430.0,1464.0,1430.0,1451.0
2019-07-24,1473.0,1480.0,1462.0,1470.0
2019-07-25,1470.0,1512.0,1470.0,1503.0
2019-07-26,1495.0,1497.0,1470.0,1480.0
2019-07-29,1487.0,1487.0,1451.0,1456.0
2019-07-30,1457.0,1473.0,1457.0,1464.0
2019-07-31,1466.0,1466.0,1419.0,1440.0
2019-08-01,1439.0,1447.0,1422.0,1434.0
2019-08-02,1411.0,1411.0,1372.0,1385.0
2019-08-05,1362.0,1362.0,1313.0,1343.0
2019-08-06,1300.0,1345.0,1290.0,1342.0
2019-08-07,1333.0,1346.0,1331.0,1345.0
2019-08-08,1361.0,1361.0,1331.0,1333.0
2019-08-09,1323.0,1427.0,1323.0,1415.0
2019-08-13,1402.0,1402.0,1369.0,1377.0
2019-08-14,1402.0,1414.0,1392.0,1408.0
2019-08-15,1355.0,1400.0,1355.0,1395.0
2019-08-16,1395.0,1397.0,1384.0,1387.0
2019-08-19,1387.0,1406.0,1386.0,1391.0
2019-08-20,1392.0,1400.0,1377.0,1388.0
2019-08-21,1364.0,1386.0,1364.0,1378.0
2019-08-22,1379.0,1384.0,1369.0,1369.0
2019-08-23,1371.0,1372.0,1348.0,1354.0
2019-08-26,1348.0,1348.0,1303.0,1317.0
2019-08-27,1326.0,1344.0,1324.0,1330.0
2019-08-28,1330.0,1330.0,1309.0,1316.0
2019-08-29,1322.0,1330.0,1315.0,1321.0
2019-08-30,1332.0,1356.0,1332.0,1352.0
2019-09-02,1355.0,1383.0,1342.0,1361.0
2019-09-03,1352.0,1377.0,1352.0,1364.0
2019-09-04,1344.0,1356.0,1332.0,1342.0
2019-09-05,1344.0,1380.0,1344.0,1376.0
2019-09-06,1389.0,1389.0,1370.0,1373.0
2019-09-09,1385.0,1385.0,1374.0,1377.0
2019-09-10,1399.0,1419.0,1390.0,1402.0
2019-09-11,1403.0,1412.0,1395.0,1408.0
2019-09-12,1401.0,1418.0,1401.0,1404.0
2019-09-13,1418.0,1418.0,1393.0,1406.0
2019-09-17,1400.0,1415.0,1399.0,1399.0
2019-09-18,1400.0,1406.0,1381.0,1384.0
2019-09-19,1382.0,1404.0,1382.0,1399.0
2019-09-20,1399.0,1404.0,1390.0,1394.0
2019-09-24,1410.0,1411.0,1396.0,1399.0
2019-09-25,1409.0,1409.0,1384.0,1391.0
2019-09-26,1420.0,1420.0,1398.0,1407.0
2019-09-27,1387.0,1390.0,1377.0,1380.0
2019-09-30,1380.0,1383.0,1353.0,1366.0
2019-10-01,1419.0,1419.0,1396.0,1407.0
2019-10-02,1397.0,1402.0,1390.0,1397.0
2019-10-03,1356.0,1363.0,1352.0,1359.0
2019-10-04,1356.0,1365.0,1354.0,1362.0
2019-10-07,1386.0,1386.0,1362.0,1376.0
2019-10-08,1376.0,1386.0,1375.0,1384.0
2019-10-09,1384.0,1386.0,1375.0,1386.0
2019-10-10,1382.0,1382.0,1370.0,1379.0
2019-10-11,1379.0,1382.0,1370.0,1382.0
2019-10-15,1392.0,1396.0,1390.0,1396.0
2019-10-16,1388.0,1415.0,1388.0,1404.0
2019-10-17,1386.0,1399.0,1384.0,1392.0
2019-10-18,1388.0,1404.0,1388.0,1403.0
2019-10-21,1396.0,1435.0,1395.0,1426.0
2019-10-23,1431.0,1432.0,1412.0,1426.0
2019-10-24,1431.0,1431.0,1415.0,1416.0
2019-10-25,1430.0,1434.0,1420.0,1428.0
2019-10-28,1440.0,1481.0,1440.0,1481.0
2019-10-29,1498.0,1540.0,1498.0,1533.0
2019-10-30,1578.0,1585.0,1545.0,1563.0
2019-10-31,1504.0,1535.0,1496.0,1516.0
2019-11-01,1525.0,1535.0,1504.0,1517.0
2019-11-05,1531.0,1568.0,1531.0,1547.0
2019-11-06,1566.0,1566.0,1540.0,1541.0
2019-11-07,1540.0,1565.0,1534.0,1549.0
2019-11-08,1560.0,1565.0,1547.0,1549.0
2019-11-11,1549.0,1577.0,1539.0,1552.0
2019-11-12,1567.0,1645.0,1468.0,1504.0
2019-11-13,1525.0,1531.0,1465.0,1488.0
2019-11-14,1490.0,1506.0,1462.0,1464.0
2019-11-15,1466.0,1506.0,1465.0,1490.0
2019-11-18,1510.0,1510.0,1500.0,1507.0
2019-11-19,1510.0,1510.0,1494.0,1494.0
2019-11-20,1491.0,1491.0,1452.0,1452.0
2019-11-21,1453.0,1466.0,1426.0,1464.0
2019-11-22,1464.0,1481.0,1460.0,1463.0
2019-11-25,1492.0,1502.0,1485.0,1502.0
2019-11-26,1510.0,1530.0,1494.0,1501.0
2019-11-27,1502.0,1522.0,1502.0,1515.0
2019-11-28,1515.0,1516.0,1501.0,1502.0
2019-11-29,1499.0,1521.0,1499.0,1516.0
2019-12-02,1528.0,1536.0,1517.0,1517.0
2019-12-03,1500.0,1508.0,1486.0,1498.0
2019-12-04,1486.0,1489.0,1475.0,1480.0
2019-12-05,1507.0,1507.0,1484.0,1485.0
2019-12-06,1491.0,1502.0,1487.0,1491.0
2019-12-09,1505.0,1512.0,1484.0,1491.0
2019-12-10,1490.0,1490.0,1478.0,1482.0
2019-12-11,1482.0,1492.0,1473.0,1473.0
2019-12-12,1482.0,1495.0,1473.0,1492.0
2019-12-13,1512.0,1529.0,1499.0,1502.0
2019-12-16,1492.0,1541.0,1492.0,1534.0
2019-12-17,1545.0,1545.0,1522.0,1524.0
2019-12-18,1515.0,1521.0,1497.0,1508.0
2019-12-19,1508.0,1518.0,1499.0,1507.0
2019-12-20,1506.0,1512.0,1501.0,1508.0
2019-12-23,1514.0,1522.0,1503.0,1504.0
2019-12-24,1504.0,1510.0,1497.0,1497.0
2019-12-25,1500.0,1500.0,1477.0,1486.0
2019-12-26,1495.0,1499.0,1481.0,1493.0
2019-12-27,1498.0,1508.0,1495.0,1497.0
2019-12-30,1498.0,1529.0,1497.0,1520.0
2020-01-06,1522.0,1535.0,1514.0,1527.0
2020-01-07,1528.0,1563.0,1528.0,1554.0
2020-01-08,1545.0,1545.0,1504.0,1523.0
2020-01-09,1550.0,1632.0,1544.0,1622.0
2020-01-10,1639.0,1666.0,1624.0,1650.0
2020-01-14,1700.0,1707.0,1672.0,1686.0
2020-01-15,1686.0,1710.0,1680.0,1681.0
2020-01-16,1682.0,1682.0,1630.0,1630.0
2020-01-17,1653.0,1664.0,1640.0,1653.0
2020-01-20,1664.0,1675.0,1590.0,1632.0
2020-01-21,1664.0,1689.0,1656.0,1677.0
2020-01-22,1690.0,1730.0,1690.0,1712.0
2020-01-23,1712.0,1714.0,1688.0,1688.0
2020-01-24,1704.0,1704.0,1635.0,1663.0
2020-01-27,1629.0,1632.0,1607.0,1607.0
2020-01-28,1590.0,1602.0,1560.0,1600.0
2020-01-29,1630.0,1630.0,1588.0,1609.0
2020-01-30,1571.0,1593.0,1540.0,1555.0
2020-01-31,1551.0,1579.0,1548.0,1558.0
2020-02-03,1518.0,1541.0,1491.0,1528.0
2020-02-04,1528.0,1568.0,1523.0,1544.0
2020-02-05,1556.0,1569.0,1546.0,1546.0
2020-02-06,1567.0,1577.0,1557.0,1561.0
2020-02-07,1567.0,1567.0,1530.0,1539.0
2020-02-10,1539.0,1620.0,1510.0,1558.0
2020-02-12,1588.0,1600.0,1515.0,1534.0
2020-02-13,1541.0,1557.0,1514.0,1554.0
2020-02-14,1554.0,1574.0,1530.0,1537.0
2020-02-17,1514.0,1519.0,1500.0,1505.0
2020-02-18,1506.0,1509.0,1480.0,1482.0
2020-02-19,1489.0,1501.0,1474.0,1492.0
2020-02-20,1499.0,1504.0,1480.0,1486.0
2020-02-21,1486.0,1497.0,1471.0,1476.0
2020-02-25,1413.0,1426.0,1398.0,1398.0
2020-02-26,1398.0,1407.0,1361.0,1407.0
2020-02-27,1408.0,1413.0,1380.0,1380.0
2020-02-28,1357.0,1378.0,1321.0,1354.0
2020-03-02,1366.0,1424.0,1342.0,1411.0
2020-03-03,1414.0,1420.0,1359.0,1362.0
2020-03-04,1341.0,1359.0,1336.0,1336.0
2020-03-05,1360.0,1363.0,1326.0,1336.0
2020-03-06,1311.0,1315.0,1293.0,1293.0
2020-03-09,1279.0,1279.0,1211.0,1218.0
2020-03-10,1156.0,1253.0,1156.0,1253.0
2020-03-11,1246.0,1299.0,1240.0,1259.0
2020-03-12,1235.0,1272.0,1213.0,1217.0
2020-03-13,1150.0,1197.0,1100.0,1181.0
2020-03-16,1164.0,1222.0,1164.0,1185.0
2020-03-17,1155.0,1288.0,1116.0,1280.0
2020-03-18,1310.0,1326.0,1288.0,1304.0
2020-03-19,1281.0,1349.0,1281.0,1330.0
2020-03-23,1350.0,1358.0,1224.0,1309.0
2020-03-24,1340.0,1355.0,1320.0,1347.0
2020-03-25,1399.0,1399.0,1350.0,1398.0
2020-03-26,1391.0,1403.0,1364.0,1403.0
2020-03-27,1427.0,1500.0,1405.0,1500.0
2020-03-30,1464.0,1464.0,1367.0,1455.0
2020-03-31,1455.0,1455.0,1381.0,1419.0
2020-04-01,1430.0,1430.0,1366.0,1381.0
2020-04-02,1381.0,1381.0,1292.0,1338.0
2020-04-03,1355.0,1374.0,1321.0,1323.0
2020-04-06,1325.0,1406.0,1323.0,1400.0
2020-04-07,1414.0,1480.0,1413.0,1474.0
2020-04-08,1470.0,1494.0,1446.0,1481.0
2020-04-09,1486.0,1488.0,1440.0,1488.0
2020-04-10,1488.0,1493.0,1456.0,1486.0
2020-04-13,1475.0,1475.0,1414.0,1429.0
2020-04-14,1429.0,1453.0,1411.0,1436.0
2020-04-15,1407.0,1440.0,1396.0,1396.0
2020-04-16,1369.0,1447.0,1369.0,1447.0
2020-04-17,1438.0,1468.0,1427.0,1427.0
2020-04-20,1467.0,1467.0,1410.0,1428.0
2020-04-21,1428.0,1440.0,1383.0,1419.0
2020-04-22,1389.0,1403.0,1366.0,1389.0
2020-04-23,1417.0,1452.0,1414.0,1452.0
2020-04-24,1470.0,1470.0,1440.0,1460.0
2020-04-27,1450.0,1456.0,1424.0,1433.0
2020-04-28,1449.0,1450.0,1411.0,1450.0
2020-04-30,1450.0,1483.0,1444.0,1459.0
2020-05-01,1476.0,1476.0,1435.0,1455.0
2020-05-07,1415.0,1454.0,1414.0,1454.0
2020-05-08,1459.0,1459.0,1446.0,1459.0
2020-05-11,1464.0,1489.0,1436.0,1489.0
2020-05-12,1474.0,1492.0,1441.0,1452.0
2020-05-13,1452.0,1488.0,1452.0,1473.0
2020-05-14,1470.0,1470.0,1442.0,1442.0
2020-05-15,1475.0,1475.0,1422.0,1455.0
2020-05-18,1455.0,1455.0,1434.0,1449.0
2020-05-19,1472.0,1473.0,1449.0,1465.0
2020-05-20,1465.0,1479.0,1446.0,1468.0
2020-05-21,1479.0,1488.0,1472.0,1479.0
2020-05-22,1489.0,1489.0,1469.0,1479.0
2020-05-25,1491.0,1491.0,1470.0,1489.0
2020-05-26,1494.0,1494.0,1476.0,1494.0
2020-05-27,1498.0,1498.0,1476.0,1494.0
2020-05-28,1497.0,1500.0,1475.0,1500.0
2020-05-29,1498.0,1519.0,1490.0,1500.0
2020-06-01,1520.0,1520.0,1503.0,1512.0
2020-06-02,1512.0,1516.0,1501.0,1508.0
2020-06-03,1508.0,1520.0,1500.0,1520.0
2020-06-04,1523.0,1523.0,1503.0,1514.0
2020-06-05,1514.0,1519.0,1504.0,1519.0
2020-06-08,1519.0,1548.0,1516.0,1545.0
2020-06-09,1545.0,1545.0,1531.0,1537.0
2020-06-10,1537.0,1538.0,1510.0,1538.0
2020-06-11,1535.0,1535.0,1496.0,1496.0
2020-06-12,1485.0,1485.0,1452.0,1467.0
2020-06-15,1470.0,1470.0,1410.0,1413.0
2020-06-16,1420.0,1460.0,1420.0,1460.0
2020-06-17,1466.0,1501.0,1466.0,1500.0
2020-06-18,1485.0,1509.0,1471.0,1509.0
2020-06-19,1515.0,1515.0,1487.0,1505.0
2020-06-22,1505.0,1508.0,1488.0,1508.0
2020-06-23,1508.0,1508.0,1495.0,1508.0
2020-06-24,1477.0,1503.0,1477.0,1485.0
2020-06-25,1500.0,1500.0,1461.0,1461.0
2020-06-26,1517.0,1517.0,1487.0,1503.0
2020-06-29,1494.0,1517.0,1480.0,1496.0
2020-06-30,1544.0,1544.0,1499.0,1524.0
2020-07-01,1524.0,1524.0,1490.0,1492.0
2020-07-02,1522.0,1522.0,1488.0,1499.0
2020-07-03,1499.0,1505.0,1486.0,1491.0
2020-07-06,1491.0,1494.0,1475.0,1477.0
2020-07-07,1482.0,1482.0,1378.0,1378.0
2020-07-08,1398.0,1399.0,1335.0,1339.0
2020-07-09,1339.0,1339.0,1298.0,1302.0
2020-07-10,1285.0,1289.0,1258.0,1270.0
2020-07-13,1298.0,1298.0,1261.0,1281.0
2020-07-14,1281.0,1293.0,1271.0,1285.0
2020-07-15,1298.0,1307.0,1290.0,1306.0
2020-07-16,1314.0,1323.0,1312.0,1313.0
2020-07-17,1307.0,1307.0,1295.0,1298.0
2020-07-20,1309.0,1315.0,1281.0,1291.0
2020-07-21,1302.0,1306.0,1301.0,1306.0
2020-07-22,1334.0,1334.0,1312.0,1312.0
2020-07-27,1300.0,1308.0,1285.0,1308.0
2020-07-28,1308.0,1314.0,1302.0,1306.0
2020-07-29,1282.0,1282.0,1273.0,1274.0
2020-07-30,1284.0,1284.0,1257.0,1264.0
2020-07-31,1265.0,1269.0,1232.0,1232.0
2020-08-03,1262.0,1262.0,1252.0,1259.0
2020-08-04,1259.0,1278.0,1259.0,1278.0
2020-08-05,1277.0,1278.0,1265.0,1273.0
2020-08-06,1269.0,1269.0,1240.0,1240.0
2020-08-07,1242.0,1244.0,1239.0,1244.0
2020-08-11,1250.0,1271.0,1250.0,1271.0
2020-08-12,1271.0,1286.0,1205.0,1247.0
2020-08-13,1240.0,1240.0,1223.0,1236.0
2020-08-14,1241.0,1241.0,1224.0,1225.0
2020-08-17,1223.0,1223.0,1210.0,1216.0
2020-08-18,1216.0,1224.0,1212.0,1212.0
2020-08-19,1213.0,1220.0,1212.0,1220.0
2020-08-20,1220.0,1220.0,1213.0,1213.0
2020-08-21,1214.0,1218.0,1213.0,1216.0
2020-08-24,1240.0,1240.0,1213.0,1213.0
2020-08-25,1232.0,1232.0,1208.0,1226.0
2020-08-26,1237.0,1237.0,1224.0,1226.0
2020-08-27,1230.0,1246.0,1226.0,1246.0
2020-08-28,1246.0,1254.0,1229.0,1238.0
2020-08-31,1238.0,1277.0,1238.0,1277.0
2020-09-01,1307.0,1316.0,1284.0,1316.0
2020-09-02,1316.0,1328.0,1315.0,1328.0
2020-09-03,1335.0,1345.0,1327.0,1339.0
2020-09-04,1309.0,1309.0,1276.0,1302.0
2020-09-07,1332.0,1332.0,1305.0,1314.0
2020-09-08,1333.0,1346.0,1308.0,1346.0
2020-09-09,1306.0,1336.0,1306.0,1336.0
2020-09-10,1306.0,1336.0,1296.0,1298.0
2020-09-11,1326.0,1330.0,1317.0,1330.0
2020-09-14,1321.0,1330.0,1321.0,1325.0
2020-09-15,1325.0,1325.0,1313.0,1315.0
2020-09-16,1315.0,1329.0,1315.0,1319.0
2020-09-17,1328.0,1331.0,1321.0,1331.0
2020-09-18,1340.0,1345.0,1337.0,1345.0
2020-09-23,1344.0,1344.0,1333.0,1344.0
2020-09-24,1345.0,1345.0,1337.0,1343.0
2020-09-25,1345.0,1345.0,1333.0,1340.0
2020-09-28,1333.0,1382.0,1333.0,1382.0
2020-09-29,1382.0,1415.0,1382.0,1415.0
2020-09-30,1415.0,1421.0,1396.0,1411.0
2020-10-02,1428.0,1447.0,1416.0,1447.0
2020-10-05,1440.0,1449.0,1439.0,1449.0
2020-10-06,1449.0,1449.0,1416.0,1425.0
2020-10-07,1424.0,1448.0,1414.0,1448.0
2020-10-08,1431.0,1434.0,1423.0,1430.0
2020-10-09,1430.0,1439.0,1401.0,1401.0
2020-10-12,1424.0,1424.0,1392.0,1392.0
2020-10-13,1392.0,1395.0,1387.0,1387.0
2020-10-14,1374.0,1375.0,1362.0,1367.0
2020-10-15,1367.0,1367.0,1317.0,1317.0
2020-10-16,1317.0,1332.0,1317.0,1327.0
2020-10-19,1345.0,1350.0,1335.0,1350.0
2020-10-20,1350.0,1364.0,1350.0,1362.0
2020-10-21,1362.0,1364.0,1351.0,1351.0
2020-10-22,1363.0,1371.0,1352.0,1371.0
2020-10-23,1376.0,1390.0,1374.0,1383.0
2020-10-26,1395.0,1398.0,1392.0,1398.0
2020-10-27,1368.0,1390.0,1353.0,1390.0
2020-10-28,1389.0,1389.0,1372.0,1380.0
2020-10-29,1386.0,1386.0,1369.0,1369.0
2020-10-30,1369.0,1369.0,1358.0,1360.0
2020-11-02,1361.0,1368.0,1327.0,1339.0
2020-11-04,1340.0,1359.0,1340.0,1342.0
2020-11-05,1346.0,1349.0,1332.0,1348.0
2020-11-06,1350.0,1370.0,1349.0,1370.0
2020-11-09,1361.0,1385.0,1359.0,1372.0
2020-11-10,1395.0,1396.0,1361.0,1393.0
2020-11-11,1380.0,1380.0,1366.0,1368.0
2020-11-12,1367.0,1367.0,1344.0,1358.0
2020-11-13,1350.0,1350.0,1336.0,1339.0
2020-11-16,1340.0,1350.0,1340.0,1350.0
2020-11-17,1351.0,1359.0,1340.0,1347.0
2020-11-18,1345.0,1345.0,1329.0,1345.0
2020-11-19,1345.0,1345.0,1319.0,1319.0
2020-11-20,1327.0,1335.0,1321.0,1326.0
2020-11-24,1333.0,1338.0,1300.0,1314.0
2020-11-25,1344.0,1344.0,1315.0,1316.0
2020-11-26,1337.0,1337.0,1314.0,1320.0
2020-11-27,1330.0,1362.0,1330.0,1362.0
2020-11-30,1392.0,1392.0,1365.0,1371.0
2020-12-01,1388.0,1388.0,1341.0,1341.0
2020-12-02,1341.0,1350.0,1341.0,1350.0
2020-12-03,1353.0,1353.0,1346.0,1353.0
2020-12-04,1353.0,1389.0,1350.0,1363.0
2020-12-07,1363.0,1369.0,1352.0,1356.0
2020-12-08,1363.0,1363.0,1320.0,1330.0
2020-12-09,1340.0,1340.0,1320.0,1339.0
2020-12-10,1347.0,1362.0,1329.0,1332.0
2020-12-11,1349.0,1349.0,1322.0,1322.0
2020-12-14,1342.0,1342.0,1334.0,1339.0
2020-12-15,1339.0,1340.0,1337.0,1339.0
2020-12-16,1344.0,1350.0,1334.0,1349.0
2020-12-17,1349.0,1350.0,1346.0,1349.0
2020-12-18,1341.0,1349.0,1340.0,1349.0
2020-12-21,1349.0,1371.0,1343.0,1371.0
2020-12-22,1371.0,1371.0,1353.0,1353.0
2020-12-23,1356.0,1360.0,1341.0,1342.0
2020-12-24,1338.0,1338.0,1326.0,1334.0
2020-12-25,1357.0,1357.0,1319.0,1326.0
2020-12-28,1319.0,1319.0,1300.0,1304.0
2020-12-29,1306.0,1323.0,1306.0,1322.0
2020-12-30,1333.0,1333.0,1312.0,1327.0
2021-01-04,1319.0,1319.0,1310.0,1314.0
2021-01-05,1314.0,1325.0,1314.0,1316.0
2021-01-06,1342.0,1347.0,1332.0,1343.0
2021-01-07,1343.0,1352.0,1343.0,1350.0
2021-01-08,1350.0,1363.0,1347.0,1363.0
2021-01-12,1376.0,1393.0,1371.0,1391.0
2021-01-13,1391.0,1391.0,1379.0,1385.0
2021-01-14,1393.0,1394.0,1377.0,1383.0
2021-01-15,1363.0,1363.0,1351.0,1351.0
2021-01-18,1350.0,1350.0,1338.0,1338.0
2021-01-19,1348.0,1351.0,1346.0,1346.0
2021-01-20,1346.0,1349.0,1336.0,1338.0
2021-01-21,1339.0,1349.0,1334.0,1336.0
2021-01-22,1337.0,1337.0,1329.0,1329.0
2021-01-25,1339.0,1364.0,1333.0,1364.0
2021-01-26,1334.0,1348.0,1312.0,1327.0
2021-01-27,1327.0,1333.0,1326.0,1327.0
2021-01-28,1327.0,1360.0,1327.0,1357.0
2021-01-29,1357.0,1357.0,1344.0,1346.0
2021-02-01,1358.0,1358.0,1340.0,1345.0
2021-02-02,1340.0,1341.0,1335.0,1341.0
2021-02-03,1334.0,1344.0,1334.0,1344.0
2021-02-04,1341.0,1352.0,1341.0,1344.0
2021-02-05,1344.0,1355.0,1344.0,1353.0
2021-02-08,1351.0,1362.0,1351.0,1360.0
2021-02-09,1365.0,1391.0,1339.0,1339.0
2021-02-10,1339.0,1345.0,1334.0,1336.0
2021-02-12,1347.0,1349.0,1342.0,1348.0
2021-02-15,1346.0,1373.0,1345.0,1373.0
2021-02-16,1362.0,1373.0,1362.0,1373.0
2021-02-17,1363.0,1374.0,1363.0,1366.0
2021-02-18,1362.0,1363.0,1346.0,1346.0
2021-02-19,1346.0,1366.0,1346.0,1346.0
2021-02-22,1365.0,1377.0,1351.0,1373.0
2021-02-24,1371.0,1371.0,1351.0,1359.0
2021-02-25,1372.0,1372.0,1357.0,1364.0
2021-02-26,1364.0,1364.0,1352.0,1354.0
2021-03-01,1378.0,1378.0,1356.0,1366.0
2021-03-02,1366.0,1366.0,1353.0,1363.0
2021-03-03,1350.0,1365.0,1348.0,1357.0
2021-03-04,1369.0,1369.0,1342.0,1356.0
2021-03-05,1356.0,1359.0,1341.0,1359.0
2021-03-08,1360.0,1363.0,1350.0,1362.0
2021-03-09,1362.0,1371.0,1353.0,1371.0
2021-03-10,1366.0,1366.0,1345.0,1356.0
2021-03-11,1347.0,1357.0,1342.0,1355.0
2021-03-12,1355.0,1358.0,1347.0,1356.0
2021-03-15,1360.0,1360.0,1346.0,1356.0
2021-03-16,1360.0,1361.0,1350.0,1359.0
2021-03-17,1355.0,1371.0,1354.0,1371.0
2021-03-18,1374.0,1376.0,1364.0,1376.0
2021-03-19,1376.0,1391.0,1361.0,1391.0
2021-03-22,1383.0,1387.0,1376.0,1386.0
2021-03-23,1384.0,1387.0,1364.0,1370.0
2021-03-24,1382.0,1382.0,1364.0,1365.0
2021-03-25,1365.0,1374.0,1361.0,1370.0
2021-03-26,1388.0,1388.0,1375.0,1378.0
2021-03-29,1378.0,1389.0,1378.0,1389.0
2021-03-30,1372.0,1380.0,1367.0,1377.0
2021-03-31,1376.0,1450.0,1375.0,1450.0
2021-04-01,1440.0,1440.0,1398.0,1414.0
2021-04-02,1400.0,1429.0,1400.0,1410.0
2021-04-05,1410.0,1435.0,1410.0,1417.0
2021-04-06,1417.0,1418.0,1390.0,1390.0
2021-04-07,1390.0,1401.0,1390.0,1399.0
2021-04-08,1395.0,1395.0,1378.0,1378.0
2021-04-09,1391.0,1391.0,1375.0,1375.0
2021-04-12,1380.0,1392.0,1380.0,1388.0
2021-04-13,1415.0,1415.0,1391.0,1391.0
2021-04-14,1396.0,1397.0,1382.0,1386.0
2021-04-15,1381.0,1388.0,1381.0,1383.0
2021-04-16,1383.0,1390.0,1383.0,1385.0
2021-04-19,1376.0,1393.0,1376.0,1383.0
2021-04-20,1375.0,1375.0,1365.0,1365.0
2021-04-21,1365.0,1365.0,1350.0,1350.0
2021-04-22,1367.0,1367.0,1355.0,1356.0
2021-04-23,1356.0,1356.0,1336.0,1343.0
2021-04-26,1334.0,1352.0,1330.0,1330.0
2021-04-27,1351.0,1351.0,1333.0,1335.0
2021-04-28,1353.0,1353.0,1337.0,1337.0
2021-04-30,1339.0,1346.0,1336.0,1336.0
2021-05-06,1359.0,1359.0,1341.0,1341.0
2021-05-07,1341.0,1359.0,1341.0,1343.0
2021-05-10,1352.0,1359.0,1346.0,1354.0
2021-05-11,1358.0,1384.0,1344.0,1347.0
2021-05-12,1344.0,1349.0,1343.0,1343.0
2021-05-13,1341.0,1350.0,1334.0,1334.0
2021-05-14,1330.0,1344.0,1330.0,1331.0
2021-05-17,1335.0,1341.0,1321.0,1321.0
2021-05-18,1321.0,1332.0,1318.0,1328.0
2021-05-19,1345.0,1345.0,1321.0,1321.0
2021-05-20,1334.0,1334.0,1321.0,1325.0
2021-05-21,1327.0,1338.0,1326.0,1330.0
2021-05-24,1330.0,1337.0,1325.0,1335.0
2021-05-25,1350.0,1350.0,1336.0,1339.0
2021-05-26,1348.0,1348.0,1338.0,1340.0
2021-05-27,1335.0,1338.0,1328.0,1328.0
2021-05-28,1336.0,1337.0,1328.0,1337.0
2021-05-31,1337.0,1339.0,1325.0,1332.0
2021-06-01,1346.0,1347.0,1332.0,1345.0
2021-06-02,1332.0,1342.0,1332.0,1338.0
2021-06-03,1338.0,1342.0,1338.0,1341.0
2021-06-04,1341.0,1343.0,1340.0,1340.0
2021-06-07,1340.0,1340.0,1322.0,1329.0
2021-06-08,1329.0,1346.0,1327.0,1327.0
2021-06-09,1341.0,1341.0,1325.0,1325.0
2021-06-10,1322.0,1327.0,1320.0,1326.0
2021-06-11,1326.0,1339.0,1325.0,1327.0
2021-06-14,1334.0,1336.0,1317.0,1317.0
2021-06-15,1325.0,1325.0,1317.0,1320.0
2021-06-16,1315.0,1328.0,1315.0,1324.0
2021-06-17,1324.0,1324.0,1319.0,1323.0
2021-06-18,1324.0,1338.0,1321.0,1334.0
2021-06-21,1331.0,1341.0,1325.0,1325.0
2021-06-22,1340.0,1350.0,1331.0,1331.0
2021-06-23,1343.0,1347.0,1331.0,1339.0
2021-06-24,1340.0,1375.0,1340.0,1375.0
2021-06-25,1388.0,1388.0,1365.0,1372.0
2021-06-28,1372.0,1412.0,1365.0,1412.0
2021-06-29,1414.0,1418.0,1375.0,1397.0
2021-06-30,1397.0,1404.0,1381.0,1386.0
2021-07-01,1399.0,1400.0,1380.0,1385.0
2021-07-02,1385.0,1393.0,1379.0,1384.0
2021-07-05,1390.0,1390.0,1384.0,1388.0
2021-07-06,1388.0,1390.0,1376.0,1388.0
2021-07-07,1388.0,1388.0,1363.0,1369.0
2021-07-08,1366.0,1373.0,1358.0,1358.0
2021-07-09,1350.0,1350.0,1313.0,1324.0
2021-07-12,1348.0,1348.0,1330.0,1344.0
2021-07-13,1344.0,1351.0,1342.0,1351.0
2021-07-14,1363.0,1365.0,1350.0,1353.0
2021-07-15,1341.0,1357.0,1340.0,1341.0
2021-07-16,1335.0,1354.0,1335.0,1336.0
2021-07-19,1336.0,1336.0,1318.0,1319.0
2021-07-20,1320.0,1320.0,1307.0,1315.0
2021-07-21,1334.0,1334.0,1317.0,1319.0
2021-07-26,1334.0,1334.0,1322.0,1329.0
2021-07-27,1329.0,1345.0,1329.0,1345.0
2021-07-28,1329.0,1343.0,1327.0,1338.0
2021-07-29,1332.0,1341.0,1328.0,1336.0
2021-07-30,1331.0,1335.0,1321.0,1335.0
2021-08-02,1344.0,1351.0,1333.0,1344.0
2021-08-03,1335.0,1336.0,1333.0,1333.0
2021-08-04,1342.0,1342.0,1313.0,1319.0
2021-08-05,1325.0,1329.0,1315.0,1318.0
2021-08-06,1313.0,1320.0,1312.0,1313.0
2021-08-10,1320.0,1329.0,1317.0,1327.0
2021-08-11,1327.0,1369.0,1276.0,1286.0
2021-08-12,1295.0,1305.0,1292.0,1296.0
2021-08-13,1302.0,1303.0,1294.0,1296.0
2021-08-16,1296.0,1296.0,1268.0,1270.0
2021-08-17,1273.0,1281.0,1256.0,1256.0
2021-08-18,1256.0,1263.0,1256.0,1258.0
2021-08-19,1252.0,1255.0,1246.0,1246.0
2021-08-20,1245.0,1246.0,1233.0,1240.0
2021-08-23,1246.0,1257.0,1243.0,1257.0
2021-08-24,1250.0,1278.0,1250.0,1273.0
2021-08-25,1278.0,1278.0,1267.0,1269.0
2021-08-26,1272.0,1276.0,1269.0,1276.0
2021-08-27,1273.0,1273.0,1264.0,1266.0
2021-08-30,1265.0,1278.0,1265.0,1271.0
2021-08-31,1279.0,1290.0,1277.0,1290.0
2021-09-01,1297.0,1297.0,1285.0,1291.0
2021-09-02,1291.0,1298.0,1291.0,1291.0
2021-09-03,1281.0,1297.0,1281.0,1295.0
2021-09-06,1295.0,1298.0,1292.0,1298.0
2021-09-07,1298.0,1301.0,1296.0,1301.0
2021-09-08,1302.0,1302.0,1291.0,1300.0
2021-09-09,1300.0,1300.0,1283.0,1287.0
2021-09-10,1287.0,1309.0,1287.0,1309.0
2021-09-13,1310.0,1320.0,1302.0,1320.0
2021-09-14,1320.0,1330.0,1315.0,1330.0
2021-09-15,1310.0,1321.0,1306.0,1313.0
2021-09-16,1325.0,1325.0,1306.0,1319.0
2021-09-17,1319.0,1362.0,1312.0,1362.0
2021-09-21,1339.0,1350.0,1332.0,1350.0
2021-09-22,1338.0,1350.0,1306.0,1333.0
2021-09-24,1360.0,1360.0,1339.0,1353.0
2021-09-27,1353.0,1355.0,1346.0,1350.0
2021-09-28,1350.0,1358.0,1342.0,1358.0
2021-09-29,1330.0,1338.0,1326.0,1331.0
2021-09-30,1344.0,1344.0,1330.0,1330.0
2021-10-01,1321.0,1321.0,1302.0,1302.0
2021-10-04,1311.0,1311.0,1282.0,1282.0
2021-10-05,1263.0,1270.0,1256.0,1257.0
2021-10-06,1271.0,1273.0,1262.0,1265.0
2021-10-07,1264.0,1273.0,1261.0,1268.0
2021-10-08,1269.0,1279.0,1269.0,1275.0
2021-10-11,1275.0,1289.0,1275.0,1278.0
2021-10-12,1278.0,1297.0,1278.0,1297.0
2021-10-13,1291.0,1291.0,1275.0,1286.0
2021-10-14,1274.0,1278.0,1272.0,1278.0
2021-10-15,1278.0,1289.0,1272.0,1287.0
2021-10-18,1312.0,1312.0,1281.0,1293.0
2021-10-19,1293.0,1295.0,1288.0,1293.0
2021-10-20,1291.0,1296.0,1274.0,1277.0
2021-10-21,1274.0,1291.0,1271.0,1282.0
2021-10-22,1275.0,1287.0,1275.0,1286.0
2021-10-25,1295.0,1296.0,1291.0,1291.0
2021-10-26,1299.0,1315.0,1295.0,1315.0
2021-10-27,1318.0,1318.0,1298.0,1301.0
2021-10-28,1287.0,1299.0,1261.0,1264.0
2021-10-29,1275.0,1299.0,1271.0,1285.0
2021-11-01,1302.0,1309.0,1295.0,1309.0
2021-11-02,1313.0,1316.0,1290.0,1290.0
2021-11-04,1290.0,1305.0,1280.0,1300.0
2021-11-05,1295.0,1295.0,1280.0,1281.0
2021-11-08,1290.0,1293.0,1288.0,1290.0
2021-11-09,1287.0,1330.0,1279.0,1308.0
2021-11-10,1298.0,1336.0,1290.0,1336.0
2021-11-11,1325.0,1332.0,1320.0,1325.0
2021-11-12,1325.0,1328.0,1316.0,1320.0
2021-11-15,1331.0,1336.0,1328.0,1334.0
2021-11-16,1334.0,1334.0,1311.0,1311.0
2021-11-17,1371.0,1387.0,1338.0,1339.0
2021-11-18,1312.0,1333.0,1312.0,1317.0
2021-11-19,1319.0,1354.0,1318.0,1354.0
2021-11-22,1342.0,1358.0,1342.0,1357.0
2021-11-24,1363.0,1365.0,1320.0,1331.0
2021-11-25,1331.0,1339.0,1331.0,1338.0
2021-11-26,1336.0,1336.0,1301.0,1303.0
2021-11-29,1295.0,1303.0,1278.0,1278.0
2021-11-30,1278.0,1309.0,1262.0,1262.0
2021-12-01,1272.0,1285.0,1257.0,1282.0
2021-12-02,1263.0,1263.0,1245.0,1245.0
2021-12-03,1253.0,1277.0,1253.0,1258.0
2021-12-06,1258.0,1275.0,1256.0,1267.0
2021-12-07,1271.0,1304.0,1270.0,1304.0
2021-12-08,1304.0,1306.0,1296.0,1303.0
2021-12-09,1297.0,1299.0,1293.0,1293.0
2021-12-10,1283.0,1300.0,1283.0,1285.0
2021-12-13,1284.0,1284.0,1275.0,1278.0
2021-12-14,1278.0,1278.0,1260.0,1267.0
2021-12-15,1263.0,1284.0,1263.0,1270.0
2021-12-16,1281.0,1283.0,1268.0,1277.0
2021-12-17,1276.0,1276.0,1257.0,1265.0
2021-12-20,1279.0,1279.0,1235.0,1235.0
2021-12-21,1253.0,1253.0,1232.0,1235.0
2021-12-22,1230.0,1235.0,1228.0,1230.0
2021-12-23,1235.0,1244.0,1230.0,1235.0
2021-12-24,1265.0,1265.0,1238.0,1241.0
2021-12-27,1237.0,1238.0,1234.0,1237.0
2021-12-28,1238.0,1250.0,1237.0,1250.0
2021-12-29,1248.0,1265.0,1248.0,1265.0
2021-12-30,1265.0,1269.0,1260.0,1269.0
2022-01-04,1292.0,1292.0,1274.0,1287.0
2022-01-05,1292.0,1292.0,1285.0,1287.0
2022-01-06,1286.0,1286.0,1261.0,1265.0
2022-01-07,1264.0,1274.0,1249.0,1267.0
2022-01-11,1260.0,1276.0,1248.0,1262.0
2022-01-12,1266.0,1276.0,1261.0,1273.0
2022-01-13,1273.0,1273.0,1261.0,1263.0
2022-01-14,1282.0,1282.0,1258.0,1266.0
2022-01-17,1266.0,1277.0,1266.0,1269.0
2022-01-18,1285.0,1285.0,1262.0,1267.0
2022-01-19,1262.0,1263.0,1227.0,1227.0
2022-01-20,1250.0,1250.0,1224.0,1237.0
2022-01-21,1237.0,1237.0,1221.0,1235.0
2022-01-24,1235.0,1242.0,1228.0,1242.0
2022-01-25,1248.0,1248.0,1228.0,1232.0
2022-01-26,1246.0,1246.0,1222.0,1227.0
2022-01-27,1223.0,1227.0,1198.0,1200.0
2022-01-28,1205.0,1220.0,1205.0,1214.0
2022-01-31,1215.0,1242.0,1213.0,1242.0
2022-02-01,1258.0,1258.0,1231.0,1233.0
2022-02-02,1232.0,1254.0,1232.0,1254.0
2022-02-03,1254.0,1254.0,1249.0,1249.0
2022-02-04,1255.0,1257.0,1249.0,1257.0
2022-02-07,1257.0,1264.0,1250.0,1258.0
2022-02-08,1255.0,1259.0,1248.0,1253.0
2022-02-09,1253.0,1266.0,1253.0,1266.0
2022-02-10,1267.0,1294.0,1266.0,1294.0
2022-02-14,1206.0,1264.0,1206.0,1246.0
2022-02-15,1246.0,1246.0,1231.0,1231.0
2022-02-16,1256.0,1256.0,1244.0,1245.0
2022-02-17,1254.0,1254.0,1241.0,1246.0
2022-02-18,1237.0,1240.0,1231.0,1239.0
2022-02-21,1235.0,1239.0,1220.0,1233.0
2022-02-22,1233.0,1233.0,1218.0,1218.0
2022-02-24,1220.0,1228.0,1206.0,1217.0
2022-02-25,1229.0,1230.0,1214.0,1222.0
2022-02-28,1222.0,1232.0,1211.0,1223.0
2022-03-01,1245.0,1246.0,1213.0,1215.0
2022-03-02,1215.0,1219.0,1211.0,1215.0
2022-03-03,1223.0,1229.0,1215.0,1215.0
2022-03-04,1215.0,1216.0,1203.0,1203.0
2022-03-07,1198.0,1199.0,1160.0,1165.0
2022-03-08,1189.0,1189.0,1137.0,1147.0
2022-03-09,1147.0,1179.0,1142.0,1143.0
2022-03-10,1195.0,1195.0,1177.0,1191.0
2022-03-11,1161.0,1181.0,1161.0,1179.0
2022-03-14,1183.0,1194.0,1173.0,1190.0
2022-03-15,1180.0,1223.0,1180.0,1223.0
2022-03-16,1214.0,1215.0,1203.0,1210.0
2022-03-17,1222.0,1234.0,1215.0,1234.0
2022-03-18,1230.0,1230.0,1217.0,1223.0
2022-03-22,1223.0,1235.0,1218.0,1225.0
2022-03-23,1234.0,1243.0,1219.0,1243.0
2022-03-24,1239.0,1243.0,1225.0,1243.0
2022-03-25,1247.0,1247.0,1227.0,1235.0
2022-03-28,1230.0,1230.0,1218.0,1224.0
2022-03-29,1231.0,1243.0,1218.0,1243.0
2022-03-30,1241.0,1243.0,1220.0,1242.0
2022-03-31,1239.0,1239.0,1217.0,1217.0
2022-04-01,1517.0,1517.0,1452.0,1467.0
2022-04-04,1494.0,1494.0,1390.0,1416.0
2022-04-05,1442.0,1442.0,1381.0,1403.0
2022-04-06,1378.0,1424.0,1378.0,1416.0
2022-04-07,1409.0,1465.0,1390.0,1454.0
2022-04-08,1454.0,1454.0,1411.0,1444.0
2022-04-11,1430.0,1430.0,1394.0,1394.0
2022-04-12,1393.0,1393.0,1354.0,1378.0
2022-04-13,1365.0,1396.0,1360.0,1391.0
2022-04-14,1380.0,1408.0,1380.0,1400.0
2022-04-15,1383.0,1385.0,1368.0,1385.0
2022-04-18,1385.0,1385.0,1358.0,1362.0
2022-04-19,1363.0,1370.0,1353.0,1367.0
2022-04-20,1367.0,1384.0,1367.0,1380.0
2022-04-21,1377.0,1400.0,1375.0,1399.0
2022-04-22,1378.0,1398.0,1373.0,1394.0
2022-04-25,1370.0,1393.0,1352.0,1357.0
2022-04-26,1387.0,1387.0,1350.0,1386.0
2022-04-27,1371.0,1371.0,1326.0,1331.0
2022-04-28,1329.0,1380.0,1323.0,1374.0
2022-05-02,1378.0,1378.0,1356.0,1371.0
2022-05-06,1377.0,1394.0,1355.0,1388.0
2022-05-09,1380.0,1380.0,1330.0,1330.0
2022-05-10,1307.0,1322.0,1285.0,1309.0
2022-05-11,1301.0,1338.0,1116.0,1162.0
2022-05-12,1150.0,1234.0,1150.0,1217.0
2022-05-13,1218.0,1271.0,1212.0,1249.0
2022-05-16,1254.0,1261.0,1215.0,1246.0
2022-05-17,1229.0,1266.0,1216.0,1263.0
2022-05-18,1257.0,1265.0,1235.0,1236.0
2022-05-19,1230.0,1258.0,1220.0,1244.0
2022-05-20,1246.0,1262.0,1238.0,1253.0
2022-05-23,1260.0,1296.0,1259.0,1290.0
2022-05-24,1280.0,1282.0,1246.0,1253.0
2022-05-25,1272.0,1272.0,1239.0,1267.0
2022-05-26,1271.0,1284.0,1250.0,1281.0
2022-05-27,1283.0,1290.0,1265.0,1290.0
2022-05-30,1290.0,1316.0,1283.0,1286.0
2022-05-31,1286.0,1295.0,1275.0,1284.0
2022-06-01,1284.0,1299.0,1269.0,1279.0
2022-06-02,1266.0,1270.0,1235.0,1258.0
2022-06-03,1258.0,1285.0,1258.0,1280.0
2022-06-06,1275.0,1310.0,1274.0,1275.0
2022-06-07,1278.0,1290.0,1267.0,1280.0
2022-06-08,1280.0,1325.0,1280.0,1300.0
2022-06-09,1300.0,1304.0,1291.0,1292.0
2022-06-10,1292.0,1293.0,1255.0,1256.0
2022-06-13,1247.0,1258.0,1235.0,1242.0
2022-06-14,1242.0,1246.0,1225.0,1231.0
2022-06-15,1231.0,1247.0,1215.0,1215.0
2022-06-16,1242.0,1250.0,1225.0,1240.0
2022-06-17,1210.0,1230.0,1210.0,1227.0
2022-06-20,1227.0,1227.0,1185.0,1185.0
2022-06-21,1195.0,1237.0,1195.0,1227.0
2022-06-22,1227.0,1227.0,1196.0,1211.0
2022-06-23,1213.0,1214.0,1190.0,1203.0
2022-06-24,1216.0,1217.0,1202.0,1206.0
2022-06-27,1260.0,1260.0,1215.0,1227.0
2022-06-28,1230.0,1235.0,1220.0,1235.0
2022-06-29,1229.0,1235.0,1179.0,1179.0
2022-06-30,1209.0,1209.0,1164.0,1181.0
2022-07-01,1211.0,1226.0,1190.0,1200.0
2022-07-04,1223.0,1223.0,1192.0,1204.0
2022-07-05,1206.0,1216.0,1187.0,1194.0
2022-07-06,1200.0,1200.0,1171.0,1181.0
2022-07-07,1181.0,1183.0,1160.0,1175.0
2022-07-08,1166.0,1190.0,1166.0,1166.0
2022-07-11,1176.0,1200.0,1176.0,1198.0
2022-07-12,1205.0,1205.0,1156.0,1156.0
2022-07-13,1157.0,1167.0,1156.0,1162.0
2022-07-14,1161.0,1181.0,1161.0,1178.0
2022-07-15,1178.0,1178.0,1157.0,1162.0
2022-07-19,1192.0,1192.0,1165.0,1169.0
2022-07-20,1197.0,1197.0,1174.0,1195.0
2022-07-21,1191.0,1216.0,1189.0,1216.0
2022-07-22,1216.0,1225.0,1203.0,1216.0
2022-07-25,1246.0,1246.0,1189.0,1202.0
2022-07-26,1226.0,1232.0,1210.0,1231.0
2022-07-27,1230.0,1230.0,1224.0,1225.0
2022-07-28,1233.0,1250.0,1222.0,1240.0
2022-07-29,1239.0,1241.0,1220.0,1230.0
2022-08-01,1240.0,1240.0,1217.0,1229.0
2022-08-02,1229.0,1231.0,1220.0,1220.0
2022-08-03,1208.0,1216.0,1195.0,1199.0
2022-08-04,1200.0,1218.0,1200.0,1214.0
2022-08-05,1214.0,1222.0,1206.0,1218.0
2022-08-08,1209.0,1238.0,1209.0,1234.0
2022-08-09,1224.0,1244.0,1224.0,1232.0
2022-08-10,1233.0,1235.0,1215.0,1218.0
2022-08-12,1278.0,1335.0,1278.0,1335.0
2022-08-15,1360.0,1360.0,1300.0,1320.0
2022-08-16,1309.0,1320.0,1297.0,1307.0
2022-08-17,1301.0,1328.0,1300.0,1328.0
2022-08-18,1304.0,1318.0,1304.0,1309.0
2022-08-19,1313.0,1344.0,1308.0,1344.0
2022-08-22,1397.0,1512.0,1365.0,1511.0
2022-08-23,1441.0,1464.0,1384.0,1387.0
2022-08-24,1357.0,1417.0,1352.0,1416.0
2022-08-25,1418.0,1422.0,1382.0,1402.0
2022-08-26,1402.0,1418.0,1397.0,1417.0
2022-08-29,1372.0,1414.0,1372.0,1407.0
2022-08-30,1407.0,1450.0,1404.0,1450.0
2022-08-31,1422.0,1456.0,1422.0,1456.0
2022-09-01,1440.0,1456.0,1424.0,1439.0
2022-09-02,1439.0,1454.0,1433.0,1442.0
2022-09-05,1435.0,1435.0,1410.0,1429.0
2022-09-06,1429.0,1448.0,1422.0,1444.0
2022-09-07,1443.0,1443.0,1406.0,1417.0
2022-09-08,1421.0,1443.0,1421.0,1440.0
2022-09-09,1440.0,1442.0,1431.0,1436.0
2022-09-12,1442.0,1483.0,1435.0,1471.0
2022-09-13,1445.0,1464.0,1445.0,1454.0
2022-09-14,1421.0,1432.0,1412.0,1420.0
2022-09-15,1424.0,1431.0,1419.0,1428.0
2022-09-16,1428.0,1428.0,1380.0,1380.0
2022-09-20,1352.0,1391.0,1352.0,1385.0
2022-09-21,1370.0,1370.0,1345.0,1363.0
2022-09-22,1363.0,1378.0,1358.0,1372.0
2022-09-26,1367.0,1367.0,1288.0,1289.0
2022-09-27,1349.0,1349.0,1272.0,1275.0
2022-09-28,1268.0,1280.0,1245.0,1276.0
2022-09-29,1270.0,1292.0,1264.0,1290.0
2022-09-30,1260.0,1279.0,1246.0,1246.0
2022-10-03,1242.0,1263.0,1241.0,1255.0
2022-10-04,1259.0,1290.0,1259.0,1283.0
2022-10-05,1283.0,1302.0,1283.0,1292.0
2022-10-06,1285.0,1306.0,1285.0,1289.0
2022-10-07,1289.0,1296.0,1281.0,1283.0
2022-10-11,1270.0,1270.0,1233.0,1239.0
2022-10-12,1239.0,1240.0,1218.0,1236.0
2022-10-13,1236.0,1241.0,1220.0,1220.0
2022-10-14,1241.0,1262.0,1226.0,1262.0
2022-10-17,1259.0,1259.0,1236.0,1244.0
2022-10-18,1246.0,1256.0,1231.0,1254.0
2022-10-19,1274.0,1274.0,1239.0,1252.0
2022-10-20,1252.0,1252.0,1229.0,1235.0
2022-10-21,1265.0,1265.0,1225.0,1227.0
2022-10-24,1242.0,1260.0,1233.0,1247.0
2022-10-25,1266.0,1292.0,1250.0,1292.0
2022-10-26,1292.0,1300.0,1276.0,1280.0
2022-10-27,1280.0,1285.0,1264.0,1281.0
2022-10-28,1280.0,1281.0,1257.0,1265.0
2022-10-31,1266.0,1300.0,1266.0,1300.0
2022-11-01,1317.0,1317.0,1289.0,1310.0
2022-11-02,1298.0,1327.0,1298.0,1326.0
2022-11-04,1324.0,1355.0,1316.0,1353.0
2022-11-07,1353.0,1376.0,1341.0,1360.0
2022-11-08,1360.0,1389.0,1350.0,1372.0
2022-11-09,1378.0,1411.0,1372.0,1406.0
2022-11-10,1460.0,1470.0,1343.0,1400.0
2022-11-11,1373.0,1373.0,1280.0,1314.0
2022-11-14,1300.0,1313.0,1282.0,1282.0
2022-11-15,1281.0,1312.0,1274.0,1306.0
2022-11-16,1306.0,1306.0,1283.0,1286.0
2022-11-17,1306.0,1306.0,1281.0,1289.0
2022-11-18,1291.0,1297.0,1282.0,1282.0
2022-11-21,1290.0,1319.0,1280.0,1311.0
2022-11-22,1293.0,1320.0,1293.0,1318.0
2022-11-24,1321.0,1335.0,1320.0,1334.0
2022-11-25,1334.0,1342.0,1314.0,1336.0
2022-11-28,1345.0,1375.0,1339.0,1364.0
2022-11-29,1346.0,1346.0,1313.0,1313.0
2022-11-30,1314.0,1316.0,1304.0,1316.0
2022-12-01,1321.0,1321.0,1294.0,1303.0
2022-12-02,1295.0,1295.0,1266.0,1266.0
2022-12-05,1268.0,1268.0,1244.0,1251.0
2022-12-06,1245.0,1252.0,1236.0,1242.0
2022-12-07,1234.0,1244.0,1226.0,1236.0
2022-12-08,1236.0,1238.0,1219.0,1227.0
2022-12-09,1228.0,1263.0,1228.0,1261.0
2022-12-12,1261.0,1261.0,1238.0,1245.0
2022-12-13,1256.0,1257.0,1247.0,1251.0
2022-12-14,1257.0,1269.0,1257.0,1265.0
2022-12-15,1265.0,1282.0,1262.0,1277.0
2022-12-16,1269.0,1271.0,1254.0,1254.0
2022-12-19,1253.0,1254.0,1235.0,1237.0
2022-12-20,1237.0,1254.0,1209.0,1220.0
2022-12-21,1260.0,1260.0,1209.0,1218.0
2022-12-22,1227.0,1227.0,1200.0,1206.0
2022-12-23,1205.0,1205.0,1185.0,1191.0
2022-12-26,1191.0,1206.0,1188.0,1201.0
2022-12-27,1206.0,1215.0,1203.0,1208.0
2022-12-28,1209.0,1210.0,1192.0,1196.0
2022-12-29,1198.0,1220.0,1191.0,1217.0
2022-12-30,1214.0,1228.0,1213.0,1217.0
2023-01-04,1247.0,1247.0,1200.0,1203.0
2023-01-05,1210.0,1210.0,1192.0,1192.0
2023-01-06,1211.0,1219.0,1204.0,1212.0
2023-01-10,1212.0,1233.0,1212.0,1219.0
2023-01-11,1232.0,1235.0,1228.0,1235.0
2023-01-12,1231.0,1231.0,1199.0,1217.0
2023-01-13,1212.0,1233.0,1207.0,1226.0
2023-01-16,1215.0,1217.0,1207.0,1212.0
2023-01-17,1223.0,1249.0,1221.0,1249.0
2023-01-18,1249.0,1252.0,1227.0,1248.0
2023-01-19,1231.0,1243.0,1226.0,1239.0
2023-01-20,1238.0,1260.0,1238.0,1257.0
2023-01-23,1268.0,1272.0,1259.0,1272.0
2023-01-24,1267.0,1285.0,1256.0,1285.0
2023-01-25,1285.0,1287.0,1272.0,1286.0
2023-01-26,1288.0,1290.0,1266.0,1269.0
2023-01-27,1279.0,1280.0,1268.0,1280.0
2023-01-30,1292.0,1306.0,1263.0,1271.0
2023-01-31,1296.0,1296.0,1277.0,1290.0
2023-02-01,1290.0,1295.0,1278.0,1279.0
2023-02-02,1279.0,1293.0,1279.0,1280.0
2023-02-03,1267.0,1273.0,1266.0,1271.0
2023-02-06,1271.0,1294.0,1269.0,1276.0
2023-02-07,1275.0,1277.0,1268.0,1269.0
2023-02-08,1245.0,1264.0,1245.0,1249.0
2023-02-09,1273.0,1289.0,1257.0,1270.0
2023-02-10,1271.0,1290.0,1271.0,1288.0
2023-02-13,1258.0,1261.0,1242.0,1250.0
2023-02-14,1250.0,1266.0,1240.0,1257.0
2023-02-15,1257.0,1260.0,1242.0,1246.0
2023-02-16,1253.0,1255.0,1243.0,1254.0
2023-02-17,1245.0,1251.0,1243.0,1251.0
2023-02-20,1254.0,1273.0,1254.0,1273.0
2023-02-21,1268.0,1291.0,1268.0,1286.0
2023-02-22,1271.0,1277.0,1254.0,1258.0
2023-02-24,1279.0,1284.0,1261.0,1278.0
2023-02-27,1277.0,1317.0,1277.0,1317.0
2023-02-28,1317.0,1317.0,1295.0,1312.0
2023-03-01,1309.0,1309.0,1292.0,1300.0
2023-03-02,1300.0,1303.0,1285.0,1290.0
2023-03-03,1287.0,1311.0,1287.0,1311.0
2023-03-06,1311.0,1327.0,1310.0,1322.0
2023-03-07,1322.0,1322.0,1307.0,1315.0
2023-03-08,1310.0,1317.0,1309.0,1317.0
2023-03-09,1317.0,1345.0,1314.0,1345.0
2023-03-10,1342.0,1342.0,1327.0,1327.0
2023-03-13,1323.0,1323.0,1286.0,1292.0
2023-03-14,1281.0,1281.0,1243.0,1258.0
2023-03-15,1279.0,1281.0,1266.0,1272.0
2023-03-16,1263.0,1273.0,1239.0,1267.0
2023-03-17,1270.0,1273.0,1260.0,1266.0
2023-03-20,1258.0,1261.0,1241.0,1251.0
2023-03-22,1254.0,1278.0,1254.0,1278.0
2023-03-23,1262.0,1298.0,1256.0,1298.0
2023-03-24,1307.0,1307.0,1273.0,1289.0
2023-03-27,1286.0,1307.0,1286.0,1305.0
2023-03-28,1295.0,1300.0,1281.0,1292.0
2023-03-29,1274.0,1305.0,1274.0,1305.0
2023-03-30,1291.0,1318.0,1287.0,1318.0
2023-03-31,1318.0,1321.0,1301.0,1307.0
2023-04-03,1285.0,1307.0,1284.0,1296.0
2023-04-04,1277.0,1288.0,1276.0,1276.0
2023-04-05,1265.0,1272.0,1246.0,1246.0
2023-04-06,1247.0,1257.0,1225.0,1225.0
2023-04-07,1226.0,1242.0,1225.0,1233.0
2023-04-10,1240.0,1247.0,1232.0,1244.0
2023-04-11,1254.0,1254.0,1236.0,1244.0
2023-04-12,1253.0,1265.0,1246.0,1255.0
2023-04-13,1258.0,1261.0,1243.0,1250.0
2023-04-14,1250.0,1257.0,1244.0,1250.0
2023-04-17,1255.0,1255.0,1240.0,1246.0
2023-04-18,1237.0,1252.0,1237.0,1246.0
2023-04-19,1250.0,1250.0,1240.0,1246.0
2023-04-20,1252.0,1252.0,1241.0,1241.0
2023-04-21,1241.0,1254.0,1239.0,1244.0
2023-04-24,1258.0,1258.0,1241.0,1247.0
2023-04-25,1258.0,1261.0,1243.0,1250.0
2023-04-26,1250.0,1250.0,1231.0,1236.0
2023-04-27,1236.0,1236.0,1219.0,1219.0
2023-04-28,1225.0,1249.0,1223.0,1248.0
2023-05-01,1248.0,1259.0,1235.0,1256.0
2023-05-02,1260.0,1295.0,1260.0,1271.0
2023-05-08,1261.0,1281.0,1261.0,1277.0
2023-05-09,1272.0,1300.0,1272.0,1298.0
2023-05-10,1285.0,1297.0,1276.0,1278.0
2023-05-11,1266.0,1287.0,1266.0,1287.0
2023-05-12,1284.0,1288.0,1260.0,1275.0
2023-05-15,1261.0,1285.0,1261.0,1285.0
2023-05-16,1280.0,1280.0,1242.0,1247.0
2023-05-17,1247.0,1248.0,1241.0,1241.0
2023-05-18,1233.0,1258.0,1233.0,1248.0
2023-05-19,1242.0,1256.0,1225.0,1234.0
2023-05-22,1234.0,1252.0,1234.0,1252.0
2023-05-23,1252.0,1257.0,1235.0,1237.0
2023-05-24,1231.0,1247.0,1230.0,1240.0
2023-05-25,1233.0,1241.0,1233.0,1234.0
2023-05-26,1234.0,1243.0,1226.0,1226.0
2023-05-29,1247.0,1257.0,1243.0,1257.0
2023-05-30,1255.0,1255.0,1237.0,1241.0
2023-05-31,1251.0,1251.0,1220.0,1220.0
2023-06-01,1245.0,1245.0,1223.0,1223.0
2023-06-02,1226.0,1241.0,1224.0,1225.0
2023-06-05,1226.0,1249.0,1226.0,1245.0
2023-06-06,1245.0,1262.0,1242.0,1260.0
2023-06-07,1260.0,1264.0,1245.0,1246.0
2023-06-08,1246.0,1254.0,1232.0,1242.0
2023-06-09,1243.0,1254.0,1241.0,1242.0
2023-06-12,1242.0,1253.0,1240.0,1252.0
2023-06-13,1253.0,1259.0,1241.0,1248.0
2023-06-14,1233.0,1251.0,1233.0,1248.0
2023-06-15,1248.0,1253.0,1243.0,1243.0
2023-06-16,1243.0,1259.0,1243.0,1252.0
2023-06-19,1253.0,1263.0,1240.0,1249.0
2023-06-20,1249.0,1249.0,1241.0,1247.0
2023-06-21,1247.0,1256.0,1247.0,1253.0
2023-06-22,1258.0,1260.0,1248.0,1250.0
2023-06-23,1254.0,1260.0,1245.0,1245.0
2023-06-26,1255.0,1255.0,1242.0,1254.0
2023-06-27,1253.0,1256.0,1250.0,1256.0
2023-06-28,1259.0,1277.0,1255.0,1277.0
2023-06-29,1271.0,1279.0,1262.0,1268.0
2023-06-30,1268.0,1293.0,1262.0,1289.0
2023-07-03,1289.0,1328.0,1289.0,1321.0
2023-07-04,1318.0,1334.0,1318.0,1320.0
2023-07-05,1313.0,1321.0,1306.0,1317.0
2023-07-06,1331.0,1334.0,1319.0,1321.0
2023-07-07,1321.0,1326.0,1303.0,1310.0
2023-07-10,1304.0,1309.0,1297.0,1297.0
2023-07-11,1315.0,1315.0,1290.0,1292.0
2023-07-12,1292.0,1292.0,1275.0,1280.0
2023-07-13,1270.0,1277.0,1265.0,1269.0
2023-07-14,1265.0,1269.0,1260.0,1263.0
2023-07-18,1276.0,1284.0,1267.0,1284.0
2023-07-19,1286.0,1292.0,1282.0,1292.0
2023-07-20,1297.0,1307.0,1285.0,1289.0
2023-07-21,1290.0,1312.0,1287.0,1288.0
2023-07-24,1290.0,1319.0,1290.0,1303.0
2023-07-25,1319.0,1319.0,1301.0,1310.0
2023-07-26,1322.0,1322.0,1304.0,1304.0
2023-07-27,1304.0,1317.0,1292.0,1317.0
2023-07-28,1311.0,1311.0,1284.0,1299.0
2023-07-31,1300.0,1310.0,1296.0,1310.0
2023-08-01,1310.0,1312.0,1301.0,1303.0
2023-08-02,1298.0,1309.0,1286.0,1298.0
2023-08-03,1281.0,1285.0,1262.0,1262.0
2023-08-04,1260.0,1274.0,1255.0,1270.0
2023-08-07,1270.0,1286.0,1270.0,1280.0
2023-08-08,1280.0,1281.0,1270.0,1275.0
2023-08-09,1271.0,1271.0,1255.0,1260.0
2023-08-10,1260.0,1288.0,1259.0,1283.0
2023-08-14,1272.0,1272.0,1241.0,1260.0
2023-08-15,1260.0,1266.0,1253.0,1253.0
2023-08-16,1253.0,1253.0,1240.0,1242.0
2023-08-17,1242.0,1244.0,1225.0,1244.0
2023-08-18,1228.0,1245.0,1228.0,1240.0
2023-08-21,1240.0,1253.0,1240.0,1253.0
2023-08-22,1250.0,1258.0,1249.0,1256.0
2023-08-23,1237.0,1264.0,1237.0,1255.0
2023-08-24,1255.0,1262.0,1251.0,1259.0
2023-08-25,1268.0,1268.0,1244.0,1260.0
2023-08-28,1260.0,1288.0,1260.0,1274.0
2023-08-29,1275.0,1284.0,1269.0,1271.0
2023-08-30,1271.0,1273.0,1257.0,1265.0
2023-08-31,1271.0,1285.0,1271.0,1279.0
2023-09-01,1281.0,1283.0,1268.0,1274.0
2023-09-04,1276.0,1284.0,1272.0,1274.0
2023-09-05,1276.0,1283.0,1266.0,1274.0
2023-09-06,1275.0,1282.0,1272.0,1272.0
2023-09-07,1272.0,1282.0,1264.0,1270.0
2023-09-08,1266.0,1270.0,1259.0,1264.0
2023-09-11,1266.0,1268.0,1264.0,1267.0
2023-09-12,1268.0,1293.0,1268.0,1288.0
2023-09-13,1288.0,1294.0,1277.0,1287.0
2023-09-14,1288.0,1326.0,1288.0,1314.0
2023-09-15,1307.0,1308.0,1287.0,1304.0
2023-09-19,1304.0,1304.0,1295.0,1301.0
2023-09-20,1301.0,1305.0,1287.0,1290.0
2023-09-21,1290.0,1303.0,1290.0,1290.0
2023-09-22,1290.0,1302.0,1282.0,1297.0
2023-09-25,1297.0,1297.0,1285.0,1294.0
2023-09-26,1297.0,1297.0,1274.0,1280.0
2023-09-27,1280.0,1287.0,1260.0,1283.0
2023-09-28,1269.0,1269.0,1249.0,1261.0
2023-09-29,1264.0,1270.0,1257.0,1260.0
2023-10-02,1260.0,1278.0,1254.0,1254.0
2023-10-03,1254.0,1254.0,1241.0,1247.0
2023-10-04,1265.0,1265.0,1231.0,1236.0
2023-10-05,1237.0,1256.0,1237.0,1248.0
2023-10-06,1255.0,1268.0,1251.0,1251.0
2023-10-10,1288.0,1288.0,1269.0,1283.0
2023-10-11,1283.0,1287.0,1279.0,1279.0
2023-10-12,1278.0,1293.0,1275.0,1292.0
2023-10-13,1272.0,1283.0,1272.0,1280.0
2023-10-16,1280.0,1280.0,1248.0,1258.0
2023-10-17,1258.0,1272.0,1246.0,1256.0
2023-10-18,1256.0,1276.0,1253.0,1268.0
2023-10-19,1268.0,1268.0,1253.0,1257.0
2023-10-20,1252.0,1271.0,1249.0,1269.0
2023-10-23,1254.0,1266.0,1246.0,1246.0
2023-10-24,1246.0,1258.0,1235.0,1255.0
2023-10-25,1272.0,1272.0,1251.0,1258.0
2023-10-26,1272.0,1272.0,1245.0,1245.0
2023-10-27,1243.0,1271.0,1243.0,1271.0
2023-10-30,1255.0,1260.0,1205.0,1205.0
2023-10-31,1223.0,1241.0,1219.0,1239.0
2023-11-01,1248.0,1250.0,1232.0,1238.0
2023-11-02,1240.0,1252.0,1240.0,1243.0
2023-11-06,1258.0,1258.0,1245.0,1246.0
2023-11-07,1246.0,1255.0,1237.0,1237.0
2023-11-08,1241.0,1241.0,1230.0,1234.0
2023-11-09,1228.0,1237.0,1228.0,1230.0
2023-11-10,1230.0,1245.0,1229.0,1244.0
2023-11-13,1130.0,1188.0,1130.0,1160.0
2023-11-14,1168.0,1173.0,1155.0,1155.0
2023-11-15,1159.0,1175.0,1155.0,1174.0
2023-11-16,1186.0,1186.0,1170.0,1176.0
2023-11-17,1177.0,1189.0,1176.0,1188.0
2023-11-20,1189.0,1190.0,1175.0,1175.0
2023-11-21,1187.0,1187.0,1179.0,1179.0
2023-11-22,1182.0,1191.0,1182.0,1190.0
2023-11-24,1213.0,1213.0,1195.0,1209.0
2023-11-27,1209.0,1209.0,1200.0,1200.0
2023-11-28,1200.0,1207.0,1190.0,1192.0
2023-11-29,1192.0,1197.0,1186.0,1197.0
2023-11-30,1197.0,1216.0,1190.0,1216.0
2023-12-01,1222.0,1222.0,1205.0,1208.0
2023-12-04,1210.0,1211.0,1202.0,1202.0
2023-12-05,1214.0,1214.0,1178.0,1189.0
2023-12-06,1192.0,1200.0,1189.0,1189.0
2023-12-07,1184.0,1184.0,1165.0,1165.0
2023-12-08,1160.0,1160.0,1135.0,1144.0
2023-12-11,1144.0,1165.0,1144.0,1162.0
2023-12-12,1166.0,1170.0,1147.0,1149.0
2023-12-13,1151.0,1192.0,1151.0,1180.0
2023-12-14,1200.0,1202.0,1178.0,1181.0
2023-12-15,1184.0,1205.0,1184.0,1200.0
2023-12-18,1190.0,1203.0,1190.0,1200.0
2023-12-19,1200.0,1210.0,1199.0,1205.0
2023-12-20,1205.0,1205.0,1182.0,1204.0
2023-12-21,1200.0,1203.0,1199.0,1200.0
2023-12-22,1200.0,1205.0,1195.0,1205.0
2023-12-25,1203.0,1203.0,1203.0,1203.0
2023-12-26,1207.0,1209.0,1200.0,1209.0
2023-12-27,1201.0,1207.0,1200.0,1207.0
2023-12-28,1204.0,1226.0,1204.0,1216.0
2023-12-29,1224.0,1226.0,1212.0,1226.0
2024-01-04,1230.0,1254.0,1218.0,1253.0
2024-01-05,1244.0,1244.0,1236.0,1241.0
2024-01-09,1245.0,1247.0,1240.0,1247.0
2024-01-10,1238.0,1247.0,1234.0,1238.0
2024-01-11,1238.0,1246.0,1232.0,1232.0
2024-01-12,1233.0,1233.0,1209.0,1210.0
2024-01-15,1203.0,1210.0,1203.0,1210.0
2024-01-16,1209.0,1211.0,1205.0,1206.0
2024-01-17,1206.0,1215.0,1196.0,1196.0
2024-01-18,1195.0,1201.0,1192.0,1195.0
2024-01-19,1195.0,1200.0,1184.0,1190.0
2024-01-22,1190.0,1235.0,1190.0,1228.0
2024-01-23,1228.0,1231.0,1210.0,1213.0
2024-01-24,1213.0,1237.0,1203.0,1229.0
2024-01-25,1240.0,1240.0,1224.0,1225.0
2024-01-26,1235.0,1237.0,1223.0,1223.0
2024-01-29,1219.0,1238.0,1215.0,1238.0
2024-01-30,1240.0,1247.0,1213.0,1213.0
2024-01-31,1230.0,1234.0,1219.0,1229.0
2024-02-01,1238.0,1238.0,1215.0,1215.0
2024-02-02,1216.0,1219.0,1209.0,1212.0
2024-02-05,1212.0,1227.0,1212.0,1220.0
2024-02-06,1220.0,1224.0,1213.0,1213.0
2024-02-07,1214.0,1234.0,1209.0,1220.0
2024-02-08,1220.0,1229.0,1211.0,1218.0
2024-02-09,1218.0,1225.0,1213.0,1220.0
2024-02-13,1220.0,1236.0,1220.0,1233.0
2024-02-14,1233.0,1233.0,1213.0,1213.0
2024-02-15,1214.0,1222.0,1194.0,1220.0
2024-02-16,1223.0,1226.0,1211.0,1217.0
2024-02-19,1213.0,1225.0,1210.0,1223.0
2024-02-20,1223.0,1223.0,1214.0,1218.0
2024-02-21,1215.0,1224.0,1215.0,1220.0
2024-02-22,1220.0,1238.0,1220.0,1237.0
2024-02-26,1225.0,1233.0,1225.0,1225.0
2024-02-27,1220.0,1229.0,1215.0,1217.0
2024-02-28,1211.0,1224.0,1211.0,1213.0
2024-02-29,1213.0,1229.0,1192.0,1228.0
2024-03-01,1214.0,1226.0,1214.0,1218.0
2024-03-04,1219.0,1220.0,1203.0,1203.0
2024-03-05,1211.0,1238.0,1200.0,1234.0
2024-03-06,1231.0,1238.0,1218.0,1229.0
2024-03-07,1234.0,1234.0,1208.0,1208.0
2024-03-08,1204.0,1230.0,1204.0,1220.0
2024-03-11,1213.0,1214.0,1205.0,1205.0
2024-03-12,1202.0,1225.0,1202.0,1225.0
2024-03-13,1217.0,1223.0,1213.0,1215.0
2024-03-14,1212.0,1223.0,1212.0,1216.0
2024-03-15,1212.0,1224.0,1212.0,1219.0
2024-03-18,1218.0,1223.0,1213.0,1221.0
2024-03-19,1217.0,1228.0,1217.0,1228.0
2024-03-21,1228.0,1230.0,1218.0,1226.0
2024-03-22,1227.0,1233.0,1221.0,1233.0
2024-03-25,1211.0,1225.0,1211.0,1220.0
2024-03-26,1231.0,1231.0,1209.0,1211.0
2024-03-27,1218.0,1225.0,1212.0,1212.0
2024-03-28,1204.0,1215.0,1204.0,1209.0
2024-03-29,1207.0,1227.0,1207.0,1219.0
2024-04-01,1229.0,1229.0,1216.0,1223.0
2024-04-02,1226.0,1226.0,1206.0,1206.0
2024-04-03,1206.0,1212.0,1203.0,1203.0
2024-04-04,1207.0,1210.0,1205.0,1208.0
2024-04-05,1205.0,1205.0,1201.0,1201.0
2024-04-08,1218.0,1218.0,1200.0,1201.0
2024-04-09,1201.0,1208.0,1200.0,1208.0
2024-04-10,1215.0,1215.0,1201.0,1202.0
2024-04-11,1202.0,1207.0,1199.0,1200.0
2024-04-12,1206.0,1211.0,1205.0,1208.0
2024-04-15,1201.0,1208.0,1195.0,1198.0
2024-04-16,1194.0,1205.0,1181.0,1202.0
2024-04-17,1198.0,1207.0,1195.0,1205.0
2024-04-18,1197.0,1209.0,1195.0,1205.0
2024-04-19,1199.0,1208.0,1195.0,1205.0
2024-04-22,1205.0,1206.0,1200.0,1205.0
2024-04-23,1202.0,1205.0,1197.0,1205.0
2024-04-24,1205.0,1210.0,1201.0,1205.0
2024-04-25,1204.0,1209.0,1201.0,1208.0
2024-04-26,1210.0,1210.0,1184.0,1184.0
2024-04-30,1210.0,1210.0,1201.0,1208.0
2024-05-01,1210.0,1211.0,1204.0,1207.0
2024-05-02,1210.0,1210.0,1197.0,1205.0
2024-05-07,1207.0,1210.0,1205.0,1210.0
2024-05-08,1210.0,1210.0,1205.0,1207.0
2024-05-09,1205.0,1209.0,1205.0,1209.0
2024-05-10,1211.0,1211.0,1205.0,1205.0
2024-05-13,1211.0,1230.0,1211.0,1213.0
2024-05-14,1236.0,1258.0,1235.0,1255.0
2024-05-15,1258.0,1259.0,1246.0,1247.0
2024-05-16,1255.0,1259.0,1248.0,1257.0
2024-05-17,1259.0,1271.0,1251.0,1271.0
2024-05-20,1271.0,1271.0,1265.0,1271.0
2024-05-21,1271.0,1278.0,1265.0,1275.0
2024-05-22,1270.0,1284.0,1265.0,1280.0
2024-05-23,1284.0,1289.0,1278.0,1289.0
2024-05-24,1290.0,1290.0,1275.0,1279.0
2024-05-27,1289.0,1304.0,1285.0,1300.0
2024-05-28,1300.0,1307.0,1292.0,1304.0
2024-05-29,1304.0,1306.0,1276.0,1300.0
2024-05-30,1295.0,1305.0,1292.0,1300.0
2024-05-31,1300.0,1318.0,1294.0,1318.0
2024-06-03,1318.0,1323.0,1315.0,1320.0
2024-06-04,1320.0,1320.0,1311.0,1319.0
2024-06-05,1317.0,1317.0,1305.0,1309.0
2024-06-06,1309.0,1316.0,1307.0,1315.0
2024-06-07,1315.0,1315.0,1305.0,1311.0
2024-06-10,1310.0,1331.0,1303.0,1331.0
2024-06-11,1331.0,1334.0,1320.0,1332.0
2024-06-12,1332.0,1332.0,1300.0,1304.0
2024-06-13,1305.0,1333.0,1302.0,1328.0
2024-06-14,1328.0,1333.0,1327.0,1332.0
2024-06-17,1332.0,1332.0,1321.0,1325.0
2024-06-18,1331.0,1332.0,1329.0,1329.0
2024-06-19,1329.0,1332.0,1320.0,1332.0
2024-06-20,1325.0,1330.0,1320.0,1323.0
2024-06-21,1321.0,1330.0,1315.0,1330.0
2024-06-24,1330.0,1332.0,1297.0,1332.0
2024-06-25,1332.0,1332.0,1312.0,1330.0
2024-06-26,1329.0,1335.0,1304.0,1333.0
2024-06-27,1333.0,1347.0,1328.0,1328.0
2024-06-28,1346.0,1350.0,1330.0,1350.0
2024-07-01,1349.0,1349.0,1335.0,1337.0
2024-07-02,1337.0,1343.0,1321.0,1341.0
2024-07-03,1341.0,1341.0,1320.0,1322.0
2024-07-04,1335.0,1335.0,1322.0,1328.0
2024-07-05,1328.0,1334.0,1313.0,1330.0
2024-07-08,1310.0,1332.0,1310.0,1330.0
2024-07-09,1302.0,1334.0,1291.0,1330.0
2024-07-10,1330.0,1334.0,1320.0,1330.0
2024-07-11,1330.0,1333.0,1310.0,1330.0
2024-07-12,1331.0,1334.0,1317.0,1330.0
2024-07-16,1323.0,1323.0,1304.0,1304.0
2024-07-17,1305.0,1324.0,1305.0,1312.0
2024-07-18,1312.0,1319.0,1306.0,1314.0
2024-07-19,1310.0,1320.0,1295.0,1298.0
2024-07-22,1302.0,1318.0,1294.0,1299.0
2024-07-23,1295.0,1300.0,1288.0,1295.0
2024-07-24,1295.0,1295.0,1281.0,1292.0
2024-07-25,1305.0,1309.0,1290.0,1290.0
2024-07-26,1303.0,1327.0,1296.0,1322.0
2024-07-29,1328.0,1328.0,1302.0,1316.0
2024-07-30,1318.0,1324.0,1243.0,1243.0
2024-07-31,1248.0,1255.0,1227.0,1250.0
2024-08-01,1251.0,1263.0,1247.0,1252.0
2024-08-02,1252.0,1252.0,1213.0,1213.0
2024-08-05,1193.0,1193.0,1107.0,1107.0
2024-08-06,1108.0,1200.0,1108.0,1126.0
2024-08-07,1126.0,1182.0,1100.0,1148.0
2024-08-08,1164.0,1220.0,1159.0,1160.0
2024-08-09,1199.0,1208.0,1185.0,1199.0
2024-08-13,1195.0,1230.0,1194.0,1229.0
2024-08-14,1309.0,1309.0,1250.0,1262.0
2024-08-15,1262.0,1269.0,1251.0,1251.0
2024-08-16,1296.0,1296.0,1253.0,1253.0
2024-08-19,1240.0,1251.0,1240.0,1243.0
2024-08-20,1243.0,1250.0,1235.0,1236.0
2024-08-21,1236.0,1236.0,1211.0,1211.0
2024-08-22,1215.0,1215.0,1201.0,1205.0
2024-08-23,1205.0,1205.0,1197.0,1197.0
2024-08-26,1217.0,1217.0,1205.0,1205.0
2024-08-27,1211.0,1214.0,1207.0,1212.0
2024-08-28,1212.0,1216.0,1204.0,1206.0
2024-08-29,1219.0,1219.0,1208.0,1208.0
2024-08-30,1223.0,1223.0,1209.0,1219.0
2024-09-02,1225.0,1227.0,1215.0,1220.0
2024-09-03,1220.0,1226.0,1220.0,1226.0
2024-09-04,1220.0,1220.0,1210.0,1213.0
2024-09-05,1213.0,1213.0,1200.0,1209.0
2024-09-06,1218.0,1218.0,1205.0,1205.0
2024-09-09,1201.0,1207.0,1195.0,1198.0
2024-09-10,1204.0,1204.0,1191.0,1193.0
2024-09-11,1198.0,1200.0,1187.0,1192.0
2024-09-12,1192.0,1219.0,1188.0,1190.0
2024-09-13,1191.0,1192.0,1186.0,1187.0
2024-09-17,1187.0,1188.0,1180.0,1187.0
2024-09-18,1193.0,1199.0,1191.0,1197.0
2024-09-19,1204.0,1205.0,1197.0,1197.0
2024-09-20,1205.0,1212.0,1202.0,1211.0
2024-09-24,1215.0,1218.0,1204.0,1209.0
2024-09-25,1217.0,1218.0,1200.0,1214.0
2024-09-26,1218.0,1227.0,1212.0,1227.0
2024-09-27,1237.0,1237.0,1211.0,1213.0
2024-09-30,1211.0,1211.0,1188.0,1194.0
2024-10-01,1224.0,1228.0,1210.0,1218.0
2024-10-02,1217.0,1217.0,1205.0,1206.0
2024-10-03,1223.0,1223.0,1207.0,1207.0
2024-10-04,1207.0,1207.0,1205.0,1205.0
2024-10-07,1210.0,1213.0,1206.0,1207.0
2024-10-08,1205.0,1205.0,1191.0,1193.0
2024-10-09,1193.0,1197.0,1192.0,1197.0
2024-10-10,1197.0,1215.0,1191.0,1193.0
2024-10-11,1201.0,1202.0,1192.0,1202.0
2024-10-15,1204.0,1215.0,1197.0,1207.0
2024-10-16,1215.0,1223.0,1208.0,1218.0
2024-10-17,1218.0,1271.0,1218.0,1230.0
2024-10-18,1230.0,1231.0,1216.0,1230.0
2024-10-21,1230.0,1234.0,1223.0,1230.0
2024-10-22,1230.0,1239.0,1225.0,1238.0
2024-10-23,1240.0,1240.0,1220.0,1220.0
2024-10-24,1214.0,1235.0,1214.0,1216.0
2024-10-25,1217.0,1233.0,1209.0,1209.0
2024-10-28,1203.0,1212.0,1203.0,1206.0
2024-10-29,1202.0,1205.0,1200.0,1201.0
2024-10-30,1198.0,1198.0,1184.0,1184.0
2024-10-31,1184.0,1193.0,1181.0,1191.0
2024-11-01,1178.0,1187.0,1177.0,1183.0
2024-11-05,1174.0,1181.0,1174.0,1175.0
2024-11-06,1165.0,1181.0,1165.0,1172.0
2024-11-07,1161.0,1174.0,1161.0,1174.0
2024-11-08,1166.0,1174.0,1166.0,1167.0
2024-11-11,1171.0,1182.0,1171.0,1182.0
2024-11-12,1192.0,1192.0,1183.0,1188.0
2024-11-13,1166.0,1173.0,1165.0,1167.0
2024-11-14,1167.0,1167.0,1165.0,1167.0
2024-11-15,1167.0,1169.0,1154.0,1155.0
2024-11-18,1155.0,1157.0,1151.0,1151.0
2024-11-19,1160.0,1161.0,1150.0,1150.0
2024-11-20,1150.0,1152.0,1139.0,1139.0
2024-11-21,1135.0,1153.0,1135.0,1138.0
2024-11-22,1141.0,1146.0,1140.0,1143.0
2024-11-25,1143.0,1152.0,1141.0,1142.0
2024-11-26,1142.0,1143.0,1136.0,1136.0
2024-11-27,1136.0,1136.0,1131.0,1132.0
2024-11-28,1132.0,1144.0,1131.0,1143.0
2024-11-29,1145.0,1150.0,1141.0,1147.0
2024-12-02,1147.0,1156.0,1147.0,1153.0
2024-12-03,1156.0,1165.0,1149.0,1149.0
2024-12-04,1149.0,1152.0,1137.0,1149.0
2024-12-05,1163.0,1163.0,1145.0,1145.0
2024-12-06,1145.0,1145.0,1145.0,1145.0
2024-12-09,1135.0,1141.0,1135.0,1141.0
2024-12-10,1144.0,1149.0,1135.0,1142.0
2024-12-11,1147.0,1147.0,1130.0,1140.0
2024-12-12,1142.0,1143.0,1130.0,1134.0
2024-12-13,1128.0,1129.0,1128.0,1128.0
2024-12-16,1128.0,1130.0,1121.0,1122.0
2024-12-17,1132.0,1148.0,1130.0,1143.0
2024-12-18,1144.0,1157.0,1137.0,1139.0
2024-12-19,1132.0,1134.0,1132.0,1133.0
2024-12-20,1143.0,1143.0,1134.0,1136.0
2024-12-23,1135.0,1135.0,1130.0,1130.0
2024-12-24,1125.0,1131.0,1125.0,1128.0
2024-12-25,1138.0,1138.0,1123.0,1129.0
2024-12-26,1137.0,1137.0,1127.0,1128.0
2024-12-27,1130.0,1135.0,1130.0,1135.0
2024-12-30,1135.0,1158.0,1135.0,1158.0
2025-01-06,1188.0,1193.0,1172.0,1172.0
2025-01-07,1187.0,1187.0,1175.0,1178.0
2025-01-08,1168.0,1168.0,1158.0,1158.0
2025-01-09,1158.0,1158.0,1154.0,1154.0
2025-01-10,1154.0,1154.0,1142.0,1142.0
2025-01-14,1145.0,1145.0,1131.0,1135.0
2025-01-15,1135.0,1136.0,1131.0,1131.0
2025-01-16,1131.0,1145.0,1121.0,1124.0
2025-01-17,1121.0,1127.0,1118.0,1127.0
2025-01-20,1127.0,1133.0,1123.0,1131.0
2025-01-21,1131.0,1132.0,1126.0,1132.0
2025-01-22,1133.0,1134.0,1130.0,1134.0
2025-01-23,1134.0,1136.0,1126.0,1136.0
2025-01-24,1136.0,1136.0,1128.0,1129.0
2025-01-27,1129.0,1132.0,1128.0,1128.0
2025-01-28,1128.0,1128.0,1123.0,1124.0
2025-01-29,1124.0,1128.0,1124.0,1124.0
2025-01-30,1130.0,1132.0,1064.0,1064.0
2025-01-31,1105.0,1105.0,1094.0,1100.0
2025-02-03,1100.0,1111.0,1091.0,1111.0
2025-02-04,1111.0,1116.0,1104.0,1104.0
2025-02-05,1104.0,1106.0,1103.0,1103.0
2025-02-06,1100.0,1119.0,1100.0,1119.0
2025-02-07,1119.0,1119.0,1107.0,1109.0
2025-02-10,1109.0,1118.0,1108.0,1118.0
2025-02-12,1120.0,1134.0,1110.0,1122.0
2025-02-13,1135.0,1135.0,1122.0,1134.0
2025-02-14,1129.0,1136.0,1126.0,1133.0
2025-02-17,1133.0,1141.0,1133.0,1141.0
2025-02-18,1143.0,1146.0,1137.0,1146.0
2025-02-19,1145.0,1150.0,1141.0,1148.0
2025-02-20,1148.0,1151.0,1143.0,1144.0
2025-02-21,1145.0,1149.0,1144.0,1146.0
2025-02-25,1152.0,1153.0,1146.0,1148.0
2025-02-26,1154.0,1154.0,1140.0,1140.0
2025-02-27,1135.0,1141.0,1135.0,1141.0
2025-02-28,1141.0,1153.0,1133.0,1147.0
2025-03-03,1147.0,1151.0,1144.0,1150.0
2025-03-04,1150.0,1150.0,1142.0,1142.0
2025-03-05,1142.0,1143.0,1142.0,1142.0
2025-03-06,1142.0,1143.0,1136.0,1140.0
2025-03-07,1138.0,1144.0,1138.0,1144.0
2025-03-10,1142.0,1143.0,1140.0,1143.0
2025-03-11,1143.0,1143.0,1134.0,1138.0
2025-03-12,1138.0,1154.0,1138.0,1146.0
2025-03-13,1146.0,1146.0,1139.0,1139.0
2025-03-14,1136.0,1142.0,1136.0,1139.0
2025-03-17,1140.0,1143.0,1140.0,1143.0
2025-03-18,1146.0,1149.0,1142.0,1142.0
2025-03-19,1145.0,1147.0,1138.0,1143.0
2025-03-21,1146.0,1150.0,1145.0,1145.0
2025-03-24,1149.0,1149.0,1142.0,1149.0
2025-03-25,1150.0,1150.0,1133.0,1145.0
2025-03-26,1150.0,1150.0,1136.0,1139.0
2025-03-27,1139.0,1142.0,1138.0,1138.0
2025-03-28,1121.0,1144.0,1121.0,1141.0
2025-03-31,1152.0,1152.0,1110.0,1115.0
2025-04-01,1134.0,1134.0,1110.0,1112.0
2025-04-02,1126.0,1126.0,1114.0,1114.0
2025-04-03,1101.0,1101.0,1080.0,1080.0
2025-04-04,1070.0,1071.0,1040.0,1045.0
2025-04-07,1026.0,1026.0,1001.0,1004.0
2025-04-08,1047.0,1070.0,1020.0,1029.0
2025-04-09,1019.0,1022.0,1019.0,1021.0
2025-04-10,1081.0,1081.0,1030.0,1032.0
2025-04-11,1051.0,1051.0,1020.0,1020.0
2025-04-14,1027.0,1037.0,1019.0,1030.0
2025-04-15,1030.0,1039.0,1030.0,1033.0
2025-04-16,1039.0,1043.0,1031.0,1043.0
2025-04-17,1044.0,1095.0,1028.0,1032.0
2025-04-18,1043.0,1043.0,1033.0,1035.0
2025-04-21,1035.0,1070.0,1020.0,1024.0
2025-04-22,1024.0,1054.0,1011.0,1035.0
2025-04-23,1039.0,1042.0,1036.0,1036.0
2025-04-24,1036.0,1109.0,1031.0,1031.0
2025-04-25,1061.0,1061.0,1040.0,1042.0
2025-04-28,1066.0,1066.0,1052.0,1056.0
2025-04-30,1059.0,1063.0,1055.0,1063.0
2025-05-01,1065.0,1099.0,1037.0,1045.0
2025-05-02,1071.0,1071.0,1047.0,1049.0
2025-05-07,1049.0,1051.0,1049.0,1049.0
2025-05-08,1055.0,1055.0,1048.0,1048.0
2025-05-09,1046.0,1087.0,1046.0,1060.0
2025-05-12,1083.0,1083.0,1054.0,1058.0
2025-05-13,1060.0,1082.0,1055.0,1058.0
2025-05-14,1060.0,1061.0,1051.0,1051.0
2025-05-15,1051.0,1059.0,1050.0,1053.0
2025-05-16,1058.0,1058.0,1049.0,1051.0
2025-05-19,1052.0,1056.0,1051.0,1051.0
2025-05-20,1050.0,1053.0,1050.0,1053.0
2025-05-21,1052.0,1052.0,1049.0,1049.0
2025-05-22,1055.0,1055.0,1048.0,1048.0
2025-05-23,1049.0,1052.0,1047.0,1052.0
2025-05-26,1054.0,1054.0,1049.0,1049.0
2025-05-27,1049.0,1051.0,1048.0,1051.0
2025-05-28,1054.0,1054.0,1051.0,1054.0
2025-05-29,1052.0,1055.0,1051.0,1054.0
2025-05-30,1054.0,1073.0,1053.0,1073.0
2025-06-02,1071.0,1071.0,1035.0,1054.0
2025-06-03,1047.0,1055.0,1047.0,1049.0
2025-06-04,1055.0,1067.0,1052.0,1056.0
2025-06-05,1066.0,1066.0,1053.0,1054.0
2025-06-06,1055.0,1064.0,1055.0,1055.0
2025-06-09,1064.0,1066.0,1054.0,1054.0
2025-06-10,1054.0,1060.0,1051.0,1051.0
2025-06-11,1052.0,1053.0,1052.0,1053.0
2025-06-12,1053.0,1053.0,1048.0,1053.0
2025-06-13,1052.0,1052.0,1041.0,1041.0
2025-06-16,1042.0,1045.0,1042.0,1045.0
2025-06-17,1053.0,1053.0,1045.0,1053.0
2025-06-18,1046.0,1046.0,1046.0,1046.0
2025-06-19,1042.0,1049.0,1041.0,1047.0
2025-06-20,1048.0,1058.0,1041.0,1046.0
2025-06-23,1040.0,1040.0,1038.0,1040.0
2025-06-24,1041.0,1042.0,1039.0,1040.0
2025-06-25,1048.0,1048.0,1040.0,1040.0
2025-06-26,1047.0,1047.0,1042.0,1042.0
2025-06-27,1045.0,1045.0,1040.0,1044.0
2025-06-30,1045.0,1056.0,1041.0,1056.0
2025-07-01,1078.0,1078.0,1044.0,1065.0
2025-07-02,1061.0,1061.0,1046.0,1046.0
2025-07-03,1059.0,1059.0,1047.0,1049.0
2025-07-04,1058.0,1058.0,1048.0,1052.0
2025-07-07,1052.0,1052.0,1043.0,1043.0
2025-07-08,1043.0,1049.0,1043.0,1048.0
2025-07-09,1046.0,1051.0,1043.0,1051.0
2025-07-10,1047.0,1047.0,1045.0,1045.0
2025-07-11,1046.0,1049.0,1045.0,1046.0
2025-07-14,1046.0,1046.0,1044.0,1045.0
2025-07-15,1046.0,1048.0,1044.0,1045.0
2025-07-16,1045.0,1047.0,1042.0,1047.0
2025-07-17,1046.0,1046.0,1042.0,1042.0
2025-07-18,1042.0,1044.0,1040.0,1041.0
2025-07-22,1046.0,1046.0,1036.0,1036.0
2025-07-23,1037.0,1044.0,1037.0,1040.0
2025-07-24,1043.0,1047.0,1042.0,1044.0
2025-07-25,1058.0,1058.0,1045.0,1045.0
2025-07-28,1052.0,1058.0,1050.0,1056.0
2025-07-29,1050.0,1065.0,1050.0,1054.0
2025-07-30,1051.0,1060.0,1051.0,1060.0
2025-07-31,1056.0,1083.0,1056.0,1083.0
2025-08-01,1083.0,1083.0,1064.0,1066.0
2025-08-04,1066.0,1074.0,1061.0,1065.0
2025-08-05,1073.0,1073.0,1065.0,1066.0
2025-08-06,1068.0,1074.0,1068.0,1068.0
2025-08-07,1071.0,1075.0,1070.0,1075.0
2025-08-08,1070.0,1073.0,1067.0,1073.0
2025-08-12,1082.0,1144.0,1080.0,1098.0
2025-08-13,1068.0,1083.0,1051.0,1056.0
2025-08-14,1062.0,1070.0,1056.0,1065.0
2025-08-15,1067.0,1067.0,1059.0,1062.0
2025-08-18,1065.0,1074.0,1061.0,1062.0
2025-08-19,1063.0,1068.0,1063.0,1063.0
2025-08-20,1068.0,1070.0,1056.0,1057.0
2025-08-21,1066.0,1066.0,1057.0,1061.0
2025-08-22,1065.0,1070.0,1056.0,1067.0
2025-08-25,1075.0,1075.0,1068.0,1068.0
2025-08-26,1074.0,1074.0,1069.0,1070.0
2025-08-27,1069.0,1076.0,1068.0,1072.0
2025-08-28,1073.0,1082.0,1073.0,1079.0
2025-08-29,1083.0,1086.0,1082.0,1086.0
2025-09-01,1094.0,1097.0,1083.0,1083.0
2025-09-02,1088.0,1088.0,1082.0,1082.0
2025-09-03,1090.0,1090.0,1082.0,1082.0
2025-09-04,1086.0,1086.0,1086.0,1086.0
2025-09-05,1096.0,1096.0,1082.0,1086.0
2025-09-08,1087.0,1094.0,1086.0,1086.0
2025-09-09,1095.0,1095.0,1086.0,1086.0
2025-09-10,1086.0,1090.0,1085.0,1090.0
2025-09-11,1095.0,1095.0,1086.0,1088.0
2025-09-12,1087.0,1089.0,1085.0,1085.0
2025-09-16,1086.0,1090.0,1086.0,1088.0
2025-09-17,1088.0,1093.0,1086.0,1086.0
2025-09-18,1087.0,1088.0,1086.0,1086.0
2025-09-19,1087.0,1087.0,1085.0,1085.0
2025-09-22,1087.0,1101.0,1086.0,1092.0
2025-09-24,1092.0,1097.0,1086.0,1096.0
2025-09-25,1089.0,1095.0,1089.0,1095.0
2025-09-26,1098.0,1117.0,1096.0,1106.0
2025-09-29,1095.0,1098.0,1074.0,1074.0
2025-09-30,1080.0,1084.0,1079.0,1083.0
2025-10-01,1083.0,1083.0,1056.0,1058.0
2025-10-02,1074.0,1074.0,1058.0,1066.0
2025-10-03,1059.0,1068.0,1058.0,1062.0
2025-10-06,1078.0,1078.0,1065.0,1077.0
2025-10-07,1077.0,1077.0,1070.0,1070.0
2025-10-08,1070.0,1075.0,1064.0,1070.0
2025-10-09,1075.0,1075.0,1064.0,1070.0
2025-10-10,1066.0,1067.0,1060.0,1067.0
2025-10-14,1047.0,1057.0,1047.0,1050.0
2025-10-15,1047.0,1052.0,1047.0,1052.0
2025-10-16,1050.0,1056.0,1045.0,1045.0
2025-10-17,1044.0,1045.0,1040.0,1040.0
2025-10-20,1049.0,1049.0,1042.0,1044.0
2025-10-21,1044.0,1044.0,1042.0,1042.0
2025-10-22,1042.0,1043.0,1039.0,1039.0
2025-10-23,1039.0,1041.0,1039.0,1039.0
2025-10-24,1043.0,1044.0,1039.0,1041.0
2025-10-27,1045.0,1049.0,1042.0,1043.0
2025-10-28,1045.0,1045.0,1042.0,1043.0
2025-10-29,1044.0,1044.0,1043.0,1043.0
2025-10-30,1042.0,1050.0,1041.0,1044.0
2025-10-31,1043.0,1065.0,1043.0,1052.0
2025-11-04,1062.0,1062.0,1049.0,1049.0
2025-11-05,1065.0,1065.0,1045.0,1049.0
2025-11-06,1050.0,1059.0,1040.0,1050.0
2025-11-07,1042.0,1050.0,1040.0,1045.0
2025-11-10,1048.0,1050.0,1041.0,1048.0
2025-11-11,1048.0,1048.0,1040.0,1048.0
2025-11-12,1040.0,1040.0,1037.0,1038.0
2025-11-13,1050.0,1053.0,1044.0,1051.0
2025-11-14,1039.0,1046.0,1039.0,1046.0
2025-11-17,1041.0,1042.0,1040.0,1040.0
2025-11-18,1038.0,1050.0,1037.0,1050.0
2025-11-19,1043.0,1066.0,1043.0,1047.0
2025-11-20,1067.0,1067.0,1042.0,1049.0
2025-11-21,1046.0,1046.0,1035.0,1040.0
2025-11-25,1043.0,1051.0,1035.0,1051.0
2025-11-26,1051.0,1052.0,1037.0,1052.0
2025-11-27,1052.0,1055.0,1044.0,1052.0
2025-11-28,1054.0,1077.0,1054.0,1077.0
2025-12-01,1088.0,1088.0,1051.0,1058.0
2025-12-02,1057.0,1057.0,1051.0,1056.0
2025-12-03,1055.0,1060.0,1055.0,1060.0
2025-12-04,1070.0,1070.0,1060.0,1063.0
2025-12-05,1063.0,1068.0,1062.0,1068.0
2025-12-08,1061.0,1066.0,1051.0,1058.0
2025-12-09,1054.0,1055.0,1046.0,1048.0
2025-12-10,1045.0,1049.0,1042.0,1044.0
2025-12-11,1045.0,1045.0,1042.0,1043.0
2025-12-12,1043.0,1049.0,1042.0,1046.0
2025-12-15,1043.0,1054.0,1043.0,1054.0
2025-12-16,1050.0,1051.0,1042.0,1044.0
2025-12-17,1055.0,1055.0,1048.0,1048.0
2025-12-18,1046.0,1046.0,1045.0,1046.0
2025-12-19,1046.0,1048.0,1039.0,1047.0
2025-12-22,1047.0,1051.0,1042.0,1051.0
2025-12-23,1047.0,1054.0,1047.0,1050.0
2025-12-24,1049.0,1050.0,1047.0,1049.0
2025-12-25,1054.0,1054.0,1047.0,1050.0
2025-12-26,1056.0,1056.0,1050.0,1052.0
2025-12-29,1060.0,1060.0,1044.0,1058.0
2025-12-30,1047.0,1068.0,1047.0,1068.0
2026-01-05,1088.0,1088.0,1060.0,1065.0
2026-01-06,1065.0,1070.0,1053.0,1061.0
2026-01-07,1054.0,1063.0,1054.0,1063.0
2026-01-08,1065.0,1065.0,1060.0,1064.0
2026-01-09,1065.0,1065.0,1056.0,1064.0
2026-01-13,1066.0,1068.0,1056.0,1068.0
2026-01-14,1067.0,1075.0,1057.0,1074.0
2026-01-15,1066.0,1074.0,1066.0,1074.0
2026-01-16,1065.0,1100.0,1065.0,1098.0
2026-01-19,1098.0,1098.0,1089.0,1095.0
2026-01-20,1098.0,1098.0,1090.0,1095.0
2026-01-21,1094.0,1094.0,1083.0,1090.0
2026-01-22,1094.0,1103.0,1087.0,1096.0
2026-01-23,1096.0,1096.0,1081.0,1089.0
2026-01-26,1093.0,1093.0,1086.0,1086.0
2026-01-27,1090.0,1105.0,1082.0,1105.0
2026-01-28,1109.0,1109.0,1088.0,1088.0
2026-01-29,1093.0,1095.0,1084.0,1086.0
2026-01-30,1091.0,1091.0,1088.0,1091.0
2026-02-02,1107.0,1107.0,1080.0,1080.0
2026-02-03,1087.0,1087.0,1069.0,1078.0
2026-02-04,1070.0,1072.0,1070.0,1072.0
2026-02-05,1080.0,1087.0,1072.0,1076.0
2026-02-06,1073.0,1077.0,1073.0,1077.0
2026-02-09,1080.0,1089.0,1080.0,1089.0
2026-02-10,1085.0,1102.0,1085.0,1095.0
2026-02-12,1092.0,1098.0,1090.0,1098.0
2026-02-13,1082.0,1093.0,1081.0,1081.0
2026-02-16,1080.0,1093.0,1079.0,1086.0
2026-02-17,1077.0,1081.0,1076.0,1076.0
2026-02-18,1076.0,1089.0,1076.0,1089.0
2026-02-19,1082.0,1095.0,1082.0,1092.0
2026-02-20,1080.0,1087.0,1080.0,1087.0
2026-02-24,1087.0,1096.0,1086.0,1096.0
2026-02-25,1099.0,1099.0,1090.0,1091.0
2026-02-26,1092.0,1094.0,1089.0,1090.0
2026-02-27,1090.0,1109.0,1090.0,1108.0
2026-03-02,1109.0,1110.0,1100.0,1104.0
2026-03-03,1093.0,1093.0,1090.0,1090.0
2026-03-04,1080.0,1080.0,1064.0,1067.0
2026-03-05,1070.0,1078.0,1070.0,1078.0
2026-03-06,1071.0,1075.0,1069.0,1071.0
2026-03-09,1070.0,1079.0,1057.0,1079.0
2026-03-10,1095.0,1095.0,1063.0,1078.0
2026-03-11,1078.0,1093.0,1078.0,1093.0
2026-03-12,1084.0,1096.0,1081.0,1084.0
2026-03-13,1078.0,1078.0,1078.0,1078.0
2026-03-16,1078.0,1086.0,1078.0,1078.0
2026-03-17,1073.0,1082.0,1073.0,1082.0
2026-03-18,1082.0,1082.0,1082.0,1082.0
2026-03-19,1078.0,1093.0,1078.0,1086.0
2026-03-23,1074.0,1075.0,1073.0,1075.0
2026-03-24,1086.0,1086.0,1081.0,1081.0
2026-03-25,1089.0,1091.0,1064.0,1085.0
2026-03-26,1094.0,1095.0,1082.0,1088.0
2026-03-27,1090.0,1100.0,1090.0,1100.0
2026-03-30,1080.0,1095.0,1079.0,1093.0
2026-03-31,1093.0,1097.0,1063.0,1097.0
2026-04-01,1107.0,1110.0,1092.0,1098.0
2026-04-02,1112.0,1112.0,1087.0,1087.0
2026-04-03,1087.0,1087.0,1087.0,1087.0
2026-04-06,1103.0,1103.0,1091.0,1091.0
2026-04-07,1099.0,1099.0,1099.0,1099.0
2026-04-08,1099.0,1099.0,1089.0,1096.0
2026-04-09,1100.0,1100.0,1095.0,1095.0
2026-04-10,1088.0,1089.0,1087.0,1087.0
2026-04-13,1087.0,1087.0,1070.0,1075.0
2026-04-14,1067.0,1074.0,1067.0,1074.0
2026-04-15,1078.0,1080.0,1077.0,1080.0
2026-04-16,1078.0,1081.0,1078.0,1080.0
2026-04-17,1077.0,1079.0,1074.0,1074.0
2026-04-20,1083.0,1083.0,1076.0,1076.0
2026-04-21,1076.0,1076.0,1076.0,1076.0
2026-04-22,1073.0,1082.0,1073.0,1082.0
2026-04-23,1041.0,1054.0,1037.0,1054.0
2026-04-24,1073.0,1073.0,1060.0,1060.0
2026-04-27,1060.0,1060.0,1051.0,1052.0
2026-04-28,1059.0,1060.0,1048.0,1059.0
2026-04-30,1066.0,1066.0,1064.0,1065.0
2026-05-01,1069.0,1070.0,1056.0,1056.0
2026-05-07,1056.0,1064.0,1055.0,1064.0
2026-05-08,1057.0,1057.0,1037.0,1038.0
2026-05-11,1045.0,1046.0,1030.0,1042.0
2026-05-12,1037.0,1037.0,1031.0,1031.0
2026-05-13,1038.0,1065.0,1038.0,1055.0
2026-05-14,1055.0,1085.0,1055.0,1078.0
2026-05-15,1080.0,1080.0,1058.0,1058.0
2026-05-18,1055.0,1068.0,1053.0,1061.0
2026-05-19,1075.0,1078.0,1061.0,1061.0
2026-05-20,1061.0,1077.0,1058.0,1058.0
2026-05-21,1058.0,1067.0,1056.0,1056.0
2026-05-22,1065.0,1067.0,1057.0,1067.0
2026-05-25,1075.0,1075.0,1065.0,1075.0
2026-05-26,1077.0,1077.0,1071.0,1071.0
2026-05-27,1073.0,1075.0,1073.0,1074.0
2026-05-28,1067.0,1069.0,1043.0,1050.0
2026-05-29,1058.0,1075.0,1058.0,1075.0
2026-06-01,1063.0,1069.0,1063.0,1069.0
2026-06-02,1064.0,1070.0,1062.0,1063.0
2026-06-03,1063.0,1078.0,1062.0,1068.0
2026-06-04,1063.0,1063.0,1058.0,1058.0
2026-06-05,1070.0,1074.0,1058.0,1074.0
2026-06-08,1074.0,1074.0,1060.0,1060.0
2026-06-09,1066.0,1073.0,1066.0,1073.0
2026-06-10,1071.0,1072.0,1061.0,1061.0
2026-06-11,1051.0,1059.0,1050.0,1056.0
2026-06-12,1068.0,1070.0,1057.0,1068.0
2026-06-15,1071.0,1080.0,1067.0,1072.0
2026-06-16,1080.0,1080.0,1060.0,1065.0
2026-06-17,1066.0,1079.0,1065.0,1076.0
2026-06-18,1078.0,1078.0,1060.0,1062.0
2026-06-19,1060.0,1070.0,1055.0,1070.0
2026-06-22,1078.0,1079.0,1063.0,1068.0
2026-06-23,1071.0,1071.0,1059.0,1060.0
2026-06-24,1066.0,1079.0,1066.0,1078.0
2026-06-25,1074.0,1077.0,1067.0,1072.0
2026-06-26,1076.0,1078.0,1065.0,1075.0
2026-06-29,1075.0,1092.0,1070.0,1080.0
2026-06-30,1086.0,1090.0,1078.0,1090.0
2026-07-01,1083.0,1090.0,1081.0,1086.0
2026-07-02,1082.0,1089.0,1080.0,1084.0
2026-07-03,1073.0,1079.0,1063.0,1074.0
2026-07-06,1074.0,1076.0,1068.0,1069.0
2026-07-07,1070.0,1078.0,1070.0,1078.0
2026-07-08,1072.0,1080.0,1070.0,1076.0
2026-07-09,1076.0,1078.0,1071.0,1075.0
2026-07-10,1077.0,1079.0,1072.0,1072.0
2026-07-13,1071.0,1077.0,1070.0,1075.0
2026-07-14,1085.0,1085.0,1075.0,1082.0
2026-07-15,1081.0,1087.0,1077.0,1087.0
2026-07-16,1092.0,1092.0,1079.0,1085.0
2026-07-17,1085.0,1088.0,1063.0,1071.0
2026-07-21,1071.0,1074.0,1066.0,1066.0
2026-07-22,1069.0,1069.0,1063.0,1064.0
2026-07-23,1063.0,1064.0,1058.0,1064.0
2026-07-24,1057.0,1059.0,1055.0,1055.0
2026-07-27,1055.0,1063.0,1055.0,1063.0
2026-07-28,1056.0,1062.0,1045.0,1045.0
2026-07-29,1052.0,1054.0,1045.0,1052.0
2026-07-30,1053.0,1055.0,1048.0,1055.0
2026-07-31,1057.0,1057.0,1047.0,1055.0
2026-08-03,1055.0,1058.0,1054.0,1054.0
2026-08-04,1050.0,1057.0,1049.0,1057.0
2026-08-05,1058.0,1058.0,1056.0,1056.0
2026-08-06,1051.0,1051.0,1043.0,1051.0
2026-08-07,1040.0,1049.0,1040.0,1049.0
2026-08-10,1050.0,1059.0,1049.0,1059.0
2026-08-12,1060.0,1070.0,1060.0,1065.0
2026-08-13,1075.0,1088.0,1075.0,1076.0
2026-08-14,1376.0,1376.0,1345.0,1376.0
2026-08-17,1390.0,1390.0,1324.0,1332.0
2026-08-18,1326.0,1326.0,1243.0,1243.0
2026-08-19,1248.0,1297.0,1245.0,1284.0
2026-08-20,1284.0,1301.0,1264.0,1280.0
2026-08-21,1286.0,1298.0,1280.0,1294.0
2026-08-24,1296.0,1296.0,1265.0,1265.0
2026-08-25,1266.0,1278.0,1264.0,1264.0
2026-08-26,1264.0,1265.0,1260.0,1260.0
2026-08-27,1264.0,1270.0,1251.0,1255.0
2026-08-28,1257.0,1257.0,1242.0,1243.0
2026-08-31,1240.0,1244.0,1236.0,1244.0
2026-09-01,1242.0,1244.0,1232.0,1244.0
2026-09-02,1246.0,1274.0,1246.0,1264.0
2026-09-03,1272.0,1310.0,1268.0,1304.0
2026-09-04,1313.0,1314.0,1284.0,1288.0
2026-09-07,1311.0,1313.0,1296.0,1296.0
2026-09-08,1289.0,1289.0,1245.0,1245.0
2026-09-09,1245.0,1255.0,1245.0,1249.0
