Date,Open,High,Low,Close
2001-01-01,1250.0,1250.0,1250.0,1250.0
2001-01-02,1250.0,1250.0,1250.0,1250.0
2001-01-03,1250.0,1250.0,1250.0,1250.0
2001-01-04,1270.0,1270.0,1250.0,1260.0
2001-01-05,1280.0,1290.0,1200.0,1240.0
2001-01-08,1240.0,1240.0,1240.0,1240.0
2001-01-09,1190.0,1220.0,1190.0,1220.0
2001-01-10,1200.0,1240.0,1190.0,1240.0
2001-01-11,1240.0,1240.0,1220.0,1230.0
2001-01-12,1230.0,1230.0,1170.0,1200.0
2001-01-15,1200.0,1240.0,1200.0,1210.0
2001-01-16,1170.0,1220.0,1170.0,1200.0
2001-01-17,1170.0,1200.0,1170.0,1200.0
2001-01-18,1210.0,1240.0,1200.0,1210.0
2001-01-19,1210.0,1220.0,1210.0,1210.0
2001-01-22,1210.0,1220.0,1210.0,1220.0
2001-01-23,1170.0,1220.0,1170.0,1220.0
2001-01-24,1220.0,1220.0,1210.0,1220.0
2001-01-25,1210.0,1220.0,1200.0,1200.0
2001-01-26,1210.0,1240.0,1180.0,1180.0
2001-01-29,1180.0,1190.0,1180.0,1190.0
2001-01-30,1190.0,1230.0,1190.0,1230.0
2001-01-31,1230.0,1230.0,1190.0,1190.0
2001-02-01,1190.0,1230.0,1190.0,1230.0
2001-02-02,1200.0,1200.0,1190.0,1200.0
2001-02-05,1200.0,1200.0,1200.0,1200.0
2001-02-06,1200.0,1210.0,1200.0,1200.0
2001-02-07,1200.0,1200.0,1180.0,1180.0
2001-02-08,1180.0,1190.0,1180.0,1180.0
2001-02-09,1180.0,1180.0,1170.0,1180.0
2001-02-12,1180.0,1180.0,1180.0,1180.0
2001-02-13,1180.0,1180.0,1170.0,1180.0
2001-02-14,1200.0,1200.0,1190.0,1200.0
2001-02-15,1200.0,1200.0,1170.0,1200.0
2001-02-16,1190.0,1210.0,1190.0,1210.0
2001-02-19,1190.0,1190.0,1160.0,1160.0
2001-02-20,1160.0,1190.0,1160.0,1190.0
2001-02-21,1190.0,1190.0,1180.0,1180.0
2001-02-22,1170.0,1190.0,1160.0,1160.0
2001-02-23,1170.0,1170.0,1140.0,1170.0
2001-02-26,1180.0,1180.0,1160.0,1170.0
2001-02-27,1160.0,1170.0,1150.0,1170.0
2001-02-28,1170.0,1170.0,1150.0,1150.0
2001-03-01,1160.0,1160.0,1150.0,1160.0
2001-03-02,1150.0,1160.0,1130.0,1130.0
2001-03-05,1130.0,1130.0,1130.0,1130.0
2001-03-06,1130.0,1130.0,1120.0,1120.0
2001-03-07,1120.0,1130.0,1080.0,1100.0
2001-03-08,1110.0,1120.0,1080.0,1120.0
2001-03-09,1110.0,1130.0,1100.0,1100.0
2001-03-12,1100.0,1130.0,1100.0,1130.0
2001-03-13,1100.0,1100.0,1080.0,1100.0
2001-03-14,1100.0,1100.0,1100.0,1100.0
2001-03-15,1050.0,1100.0,1030.0,1100.0
2001-03-16,1080.0,1080.0,1050.0,1050.0
2001-03-19,1050.0,1110.0,1050.0,1090.0
2001-03-20,1090.0,1090.0,1090.0,1090.0
2001-03-21,1070.0,1170.0,1070.0,1160.0
2001-03-22,1130.0,1170.0,1090.0,1130.0
2001-03-23,1120.0,1130.0,1120.0,1120.0
2001-03-26,1130.0,1210.0,1120.0,1210.0
2001-03-27,1250.0,1250.0,1180.0,1190.0
2001-03-28,1210.0,1230.0,1190.0,1190.0
2001-03-29,1210.0,1230.0,1190.0,1220.0
2001-03-30,1220.0,1220.0,1150.0,1150.0
2001-04-02,1150.0,1160.0,1120.0,1160.0
2001-04-03,1160.0,1200.0,1150.0,1200.0
2001-04-04,1200.0,1210.0,1180.0,1180.0
2001-04-05,1210.0,1260.0,1200.0,1210.0
2001-04-06,1230.0,1290.0,1210.0,1210.0
2001-04-09,1220.0,1220.0,1200.0,1210.0
2001-04-10,1200.0,1200.0,1120.0,1170.0
2001-04-11,1220.0,1230.0,1200.0,1220.0
2001-04-12,1210.0,1220.0,1200.0,1200.0
2001-04-13,1270.0,1340.0,1260.0,1280.0
2001-04-16,1300.0,1330.0,1280.0,1280.0
2001-04-17,1330.0,1330.0,1280.0,1300.0
2001-04-18,1290.0,1320.0,1280.0,1320.0
2001-04-19,1320.0,1340.0,1300.0,1340.0
2001-04-20,1340.0,1350.0,1260.0,1260.0
2001-04-23,1270.0,1320.0,1250.0,1250.0
2001-04-24,1270.0,1300.0,1260.0,1300.0
2001-04-25,1250.0,1330.0,1250.0,1300.0
2001-04-26,1250.0,1330.0,1250.0,1300.0
2001-04-27,1400.0,1400.0,1330.0,1330.0
2001-04-30,1330.0,1330.0,1330.0,1330.0
2001-05-01,1330.0,1350.0,1330.0,1350.0
2001-05-02,1350.0,1360.0,1330.0,1350.0
2001-05-03,1350.0,1350.0,1350.0,1350.0
2001-05-04,1350.0,1350.0,1350.0,1350.0
2001-05-07,1350.0,1370.0,1340.0,1370.0
2001-05-08,1370.0,1380.0,1330.0,1330.0
2001-05-09,1320.0,1320.0,1300.0,1320.0
2001-05-10,1300.0,1320.0,1300.0,1320.0
2001-05-11,1320.0,1320.0,1310.0,1320.0
2001-05-14,1320.0,1320.0,1300.0,1310.0
2001-05-15,1280.0,1330.0,1280.0,1330.0
2001-05-16,1280.0,1290.0,1280.0,1290.0
2001-05-17,1300.0,1300.0,1280.0,1290.0
2001-05-18,1290.0,1310.0,1290.0,1300.0
2001-05-21,1300.0,1300.0,1290.0,1290.0
2001-05-22,1280.0,1300.0,1270.0,1270.0
2001-05-23,1290.0,1300.0,1290.0,1290.0
2001-05-24,1300.0,1300.0,1270.0,1300.0
2001-05-25,1270.0,1280.0,1250.0,1280.0
2001-05-28,1290.0,1290.0,1250.0,1250.0
2001-05-29,1250.0,1250.0,1210.0,1230.0
2001-05-30,1210.0,1220.0,1210.0,1220.0
2001-05-31,1190.0,1220.0,1180.0,1200.0
2001-06-01,1200.0,1200.0,1140.0,1150.0
2001-06-04,1200.0,1200.0,1160.0,1160.0
2001-06-05,1190.0,1190.0,1120.0,1150.0
2001-06-06,1150.0,1180.0,1150.0,1150.0
2001-06-07,1190.0,1190.0,1160.0,1160.0
2001-06-08,1180.0,1180.0,1180.0,1180.0
2001-06-11,1240.0,1240.0,1190.0,1230.0
2001-06-12,1220.0,1220.0,1160.0,1160.0
2001-06-13,1160.0,1170.0,1150.0,1160.0
2001-06-14,1170.0,1180.0,1160.0,1170.0
2001-06-15,1170.0,1190.0,1130.0,1160.0
2001-06-18,1140.0,1140.0,1130.0,1140.0
2001-06-19,1140.0,1200.0,1140.0,1140.0
2001-06-20,1140.0,1160.0,1140.0,1150.0
2001-06-21,1150.0,1170.0,1150.0,1170.0
2001-06-22,1180.0,1200.0,1180.0,1200.0
2001-06-25,1210.0,1230.0,1180.0,1180.0
2001-06-26,1180.0,1180.0,1180.0,1180.0
2001-06-27,1190.0,1230.0,1190.0,1230.0
2001-06-28,1230.0,1240.0,1230.0,1240.0
2001-06-29,1240.0,1260.0,1230.0,1260.0
2001-07-02,1250.0,1250.0,1200.0,1210.0
2001-07-03,1240.0,1250.0,1180.0,1190.0
2001-07-04,1160.0,1190.0,1160.0,1160.0
2001-07-05,1160.0,1230.0,1160.0,1210.0
2001-07-06,1210.0,1210.0,1170.0,1170.0
2001-07-09,1170.0,1170.0,1160.0,1160.0
2001-07-10,1160.0,1170.0,1150.0,1160.0
2001-07-11,1150.0,1150.0,1130.0,1130.0
2001-07-12,1190.0,1190.0,1150.0,1150.0
2001-07-13,1150.0,1160.0,1150.0,1160.0
2001-07-16,1130.0,1170.0,1130.0,1160.0
2001-07-17,1160.0,1160.0,1150.0,1150.0
2001-07-18,1170.0,1200.0,1140.0,1150.0
2001-07-19,1150.0,1150.0,1130.0,1130.0
2001-07-20,1130.0,1130.0,1130.0,1130.0
2001-07-23,1130.0,1130.0,1130.0,1130.0
2001-07-24,1130.0,1150.0,1120.0,1150.0
2001-07-25,1140.0,1150.0,1120.0,1150.0
2001-07-26,1150.0,1150.0,1100.0,1140.0
2001-07-27,1140.0,1170.0,1140.0,1160.0
2001-07-30,1150.0,1150.0,1060.0,1110.0
2001-07-31,1110.0,1150.0,1110.0,1150.0
2001-08-01,1150.0,1170.0,1150.0,1170.0
2001-08-02,1200.0,1200.0,1170.0,1180.0
2001-08-03,1180.0,1190.0,1180.0,1180.0
2001-08-06,1120.0,1210.0,1120.0,1210.0
2001-08-07,1200.0,1200.0,1140.0,1160.0
2001-08-08,1130.0,1160.0,1130.0,1150.0
2001-08-09,1150.0,1150.0,1150.0,1150.0
2001-08-10,1150.0,1150.0,1150.0,1150.0
2001-08-13,1160.0,1160.0,1100.0,1120.0
2001-08-14,1130.0,1130.0,1130.0,1130.0
2001-08-15,1130.0,1180.0,1130.0,1170.0
2001-08-16,1120.0,1150.0,1120.0,1140.0
2001-08-17,1140.0,1140.0,1120.0,1120.0
2001-08-20,1150.0,1160.0,1120.0,1120.0
2001-08-21,1120.0,1150.0,1120.0,1150.0
2001-08-22,1150.0,1150.0,1130.0,1150.0
2001-08-23,1150.0,1150.0,1130.0,1150.0
2001-08-24,1130.0,1150.0,1130.0,1130.0
2001-08-27,1130.0,1160.0,1130.0,1130.0
2001-08-28,1130.0,1140.0,1130.0,1140.0
2001-08-29,1140.0,1140.0,1120.0,1120.0
2001-08-30,1120.0,1120.0,1100.0,1110.0
2001-08-31,1130.0,1130.0,1060.0,1060.0
2001-09-03,1090.0,1090.0,1030.0,1030.0
2001-09-04,940.0,1020.0,940.0,1020.0
2001-09-05,950.0,1020.0,950.0,970.0
2001-09-06,970.0,1020.0,970.0,1000.0
2001-09-07,1000.0,1190.0,990.0,1160.0
2001-09-10,960.0,1070.0,960.0,1020.0
2001-09-11,1070.0,1070.0,1000.0,1000.0
2001-09-12,990.0,990.0,950.0,950.0
2001-09-13,950.0,980.0,920.0,980.0
2001-09-14,1130.0,1130.0,1070.0,1070.0
2001-09-17,1000.0,1020.0,940.0,950.0
2001-09-18,950.0,1010.0,950.0,980.0
2001-09-19,960.0,980.0,960.0,970.0
2001-09-20,960.0,990.0,950.0,970.0
2001-09-21,950.0,960.0,940.0,960.0
2001-09-24,960.0,960.0,960.0,960.0
2001-09-25,950.0,960.0,950.0,950.0
2001-09-26,1000.0,1000.0,960.0,980.0
2001-09-27,1000.0,1010.0,980.0,1010.0
2001-09-28,1010.0,1010.0,1010.0,1010.0
2001-10-01,1030.0,1030.0,980.0,1020.0
2001-10-02,1020.0,1020.0,1000.0,1010.0
2001-10-03,1000.0,1030.0,970.0,970.0
2001-10-04,1030.0,1040.0,1020.0,1020.0
2001-10-05,1020.0,1020.0,950.0,950.0
2001-10-08,950.0,950.0,950.0,950.0
2001-10-09,960.0,980.0,900.0,900.0
2001-10-10,910.0,930.0,900.0,900.0
2001-10-11,930.0,930.0,910.0,930.0
2001-10-12,920.0,930.0,910.0,920.0
2001-10-15,920.0,950.0,920.0,940.0
2001-10-16,930.0,960.0,930.0,930.0
2001-10-17,930.0,940.0,930.0,940.0
2001-10-18,940.0,940.0,930.0,930.0
2001-10-19,930.0,930.0,930.0,930.0
2001-10-22,940.0,950.0,940.0,950.0
2001-10-23,970.0,970.0,920.0,960.0
2001-10-24,970.0,990.0,970.0,990.0
2001-10-25,990.0,1040.0,990.0,1020.0
2001-10-26,1010.0,1020.0,990.0,990.0
2001-10-29,1010.0,1020.0,1010.0,1020.0
2001-10-30,1000.0,1000.0,940.0,990.0
2001-10-31,990.0,990.0,940.0,960.0
2001-11-01,970.0,980.0,950.0,950.0
2001-11-02,1000.0,1000.0,960.0,960.0
2001-11-05,960.0,1000.0,960.0,960.0
2001-11-06,1000.0,1010.0,990.0,1010.0
2001-11-07,960.0,1010.0,960.0,1010.0
2001-11-08,1000.0,1000.0,1000.0,1000.0
2001-11-09,1000.0,1000.0,1000.0,1000.0
2001-11-12,980.0,980.0,970.0,970.0
2001-11-13,970.0,990.0,970.0,990.0
2001-11-14,990.0,990.0,970.0,970.0
2001-11-15,970.0,980.0,930.0,960.0
2001-11-16,950.0,950.0,940.0,940.0
2001-11-19,930.0,950.0,930.0,930.0
2001-11-20,970.0,970.0,940.0,940.0
2001-11-21,940.0,970.0,930.0,970.0
2001-11-22,930.0,930.0,930.0,930.0
2001-11-23,930.0,930.0,930.0,930.0
2001-11-26,910.0,940.0,910.0,940.0
2001-11-27,960.0,960.0,950.0,950.0
2001-11-28,950.0,950.0,940.0,940.0
2001-11-29,930.0,930.0,900.0,900.0
2001-11-30,900.0,900.0,880.0,880.0
2001-12-03,880.0,970.0,880.0,910.0
2001-12-04,900.0,930.0,880.0,890.0
2001-12-05,890.0,890.0,850.0,860.0
2001-12-06,870.0,920.0,870.0,920.0
2001-12-07,920.0,920.0,880.0,880.0
2001-12-10,880.0,880.0,850.0,860.0
2001-12-11,810.0,810.0,770.0,770.0
2001-12-12,800.0,800.0,770.0,790.0
2001-12-13,790.0,800.0,780.0,780.0
2001-12-14,730.0,750.0,700.0,750.0
2001-12-17,800.0,800.0,720.0,720.0
2001-12-18,740.0,740.0,680.0,730.0
2001-12-19,680.0,690.0,650.0,660.0
2001-12-20,660.0,660.0,600.0,620.0
2001-12-21,620.0,650.0,580.0,640.0
2001-12-24,640.0,640.0,640.0,640.0
2001-12-25,690.0,690.0,640.0,660.0
2001-12-26,660.0,670.0,630.0,670.0
2001-12-27,650.0,670.0,650.0,650.0
2001-12-28,680.0,690.0,680.0,690.0
2001-12-31,690.0,690.0,690.0,690.0
2002-01-01,690.0,690.0,690.0,690.0
2002-01-02,690.0,690.0,690.0,690.0
2002-01-03,690.0,690.0,690.0,690.0
2002-01-04,700.0,700.0,690.0,690.0
2002-01-07,700.0,740.0,700.0,740.0
2002-01-08,740.0,740.0,710.0,720.0
2002-01-09,720.0,730.0,710.0,720.0
2002-01-10,720.0,730.0,720.0,720.0
2002-01-11,730.0,730.0,700.0,700.0
2002-01-14,700.0,700.0,700.0,700.0
2002-01-15,670.0,700.0,660.0,660.0
2002-01-16,660.0,680.0,650.0,680.0
2002-01-17,670.0,680.0,650.0,650.0
2002-01-18,650.0,680.0,650.0,680.0
2002-01-21,680.0,700.0,660.0,700.0
2002-01-22,700.0,700.0,680.0,690.0
2002-01-23,690.0,700.0,690.0,690.0
2002-01-24,700.0,780.0,700.0,770.0
2002-01-25,730.0,770.0,730.0,750.0
2002-01-28,760.0,820.0,750.0,820.0
2002-01-29,800.0,820.0,780.0,820.0
2002-01-30,780.0,810.0,760.0,810.0
2002-01-31,810.0,810.0,810.0,810.0
2002-02-01,810.0,830.0,800.0,800.0
2002-02-04,800.0,800.0,780.0,790.0
2002-02-05,740.0,780.0,740.0,780.0
2002-02-06,730.0,750.0,730.0,750.0
2002-02-07,780.0,780.0,720.0,740.0
2002-02-08,730.0,730.0,710.0,710.0
2002-02-11,710.0,710.0,710.0,710.0
2002-02-12,740.0,760.0,740.0,760.0
2002-02-13,750.0,760.0,750.0,760.0
2002-02-14,800.0,800.0,790.0,800.0
2002-02-15,800.0,810.0,780.0,800.0
2002-02-18,780.0,800.0,780.0,780.0
2002-02-19,800.0,830.0,790.0,830.0
2002-02-20,830.0,870.0,830.0,870.0
2002-02-21,820.0,880.0,820.0,880.0
2002-02-22,880.0,1050.0,830.0,1050.0
2002-02-25,960.0,1000.0,920.0,990.0
2002-02-26,980.0,1000.0,950.0,1000.0
2002-02-27,1050.0,1110.0,1030.0,1070.0
2002-02-28,1020.0,1100.0,1010.0,1070.0
2002-03-01,1050.0,1090.0,1050.0,1080.0
2002-03-04,1100.0,1120.0,1070.0,1100.0
2002-03-05,1100.0,1100.0,1050.0,1050.0
2002-03-06,1030.0,1060.0,1030.0,1050.0
2002-03-07,1030.0,1060.0,1000.0,1060.0
2002-03-08,1060.0,1130.0,1060.0,1110.0
2002-03-11,1140.0,1220.0,1140.0,1190.0
2002-03-12,1220.0,1230.0,1170.0,1190.0
2002-03-13,1140.0,1180.0,1130.0,1130.0
2002-03-14,1080.0,1080.0,1050.0,1050.0
2002-03-15,1050.0,1060.0,1040.0,1040.0
2002-03-18,1020.0,1050.0,1020.0,1040.0
2002-03-19,1090.0,1090.0,1040.0,1050.0
2002-03-20,1050.0,1060.0,1030.0,1060.0
2002-03-21,1060.0,1060.0,1060.0,1060.0
2002-03-22,1060.0,1060.0,1030.0,1050.0
2002-03-25,1050.0,1050.0,1020.0,1020.0
2002-03-26,1040.0,1060.0,1030.0,1030.0
2002-03-27,1030.0,1080.0,1020.0,1080.0
2002-03-28,1070.0,1090.0,1040.0,1080.0
2002-03-29,1080.0,1090.0,1050.0,1050.0
2002-04-01,1050.0,1050.0,1010.0,1050.0
2002-04-02,1040.0,1050.0,1000.0,1040.0
2002-04-03,1030.0,1030.0,1030.0,1030.0
2002-04-04,1040.0,1080.0,1030.0,1040.0
2002-04-05,1090.0,1090.0,1040.0,1040.0
2002-04-08,1050.0,1080.0,1040.0,1070.0
2002-04-09,1060.0,1060.0,1030.0,1030.0
2002-04-10,1050.0,1050.0,1020.0,1040.0
2002-04-11,1040.0,1040.0,1000.0,1030.0
2002-04-12,1000.0,1020.0,1000.0,1010.0
2002-04-15,1010.0,1010.0,970.0,980.0
2002-04-16,1000.0,1000.0,950.0,990.0
2002-04-17,980.0,980.0,970.0,980.0
2002-04-18,980.0,990.0,960.0,990.0
2002-04-19,990.0,1010.0,990.0,1010.0
2002-04-22,1050.0,1070.0,1040.0,1060.0
2002-04-23,1070.0,1070.0,1050.0,1050.0
2002-04-24,1070.0,1070.0,1050.0,1050.0
2002-04-25,1050.0,1080.0,1020.0,1070.0
2002-04-26,1070.0,1080.0,1030.0,1040.0
2002-04-29,1040.0,1040.0,1040.0,1040.0
2002-04-30,1100.0,1200.0,1100.0,1170.0
2002-05-01,1170.0,1220.0,1160.0,1180.0
2002-05-02,1190.0,1240.0,1180.0,1210.0
2002-05-03,1210.0,1210.0,1210.0,1210.0
2002-05-06,1210.0,1210.0,1210.0,1210.0
2002-05-07,1200.0,1200.0,1170.0,1180.0
2002-05-08,1240.0,1520.0,1220.0,1450.0
2002-05-09,1420.0,1480.0,1390.0,1420.0
2002-05-10,1450.0,1450.0,1410.0,1440.0
2002-05-13,1450.0,1520.0,1430.0,1470.0
2002-05-14,1490.0,1490.0,1410.0,1410.0
2002-05-15,1430.0,1460.0,1410.0,1460.0
2002-05-16,1420.0,1460.0,1410.0,1450.0
2002-05-17,1460.0,1470.0,1420.0,1450.0
2002-05-20,1450.0,1550.0,1450.0,1550.0
2002-05-21,1540.0,1570.0,1510.0,1560.0
2002-05-22,1570.0,1640.0,1550.0,1640.0
2002-05-23,1640.0,1700.0,1610.0,1660.0
2002-05-24,1660.0,1720.0,1630.0,1710.0
2002-05-27,1760.0,1760.0,1610.0,1620.0
2002-05-28,1640.0,1720.0,1640.0,1670.0
2002-05-29,1680.0,1690.0,1630.0,1660.0
2002-05-30,1630.0,1670.0,1620.0,1670.0
2002-05-31,1640.0,1660.0,1620.0,1620.0
2002-06-03,1610.0,1650.0,1580.0,1630.0
2002-06-04,1620.0,1650.0,1600.0,1620.0
2002-06-05,1600.0,1690.0,1600.0,1660.0
2002-06-06,1690.0,1700.0,1640.0,1680.0
2002-06-07,1680.0,1700.0,1640.0,1660.0
2002-06-10,1690.0,1690.0,1640.0,1690.0
2002-06-11,1660.0,1820.0,1650.0,1810.0
2002-06-12,1850.0,1940.0,1840.0,1900.0
2002-06-13,1850.0,1890.0,1830.0,1850.0
2002-06-14,1820.0,1840.0,1770.0,1820.0
2002-06-17,1760.0,1800.0,1720.0,1740.0
2002-06-18,1730.0,1780.0,1730.0,1760.0
2002-06-19,1770.0,1790.0,1750.0,1750.0
2002-06-20,1700.0,1760.0,1700.0,1760.0
2002-06-21,1790.0,1790.0,1710.0,1760.0
2002-06-24,1710.0,1730.0,1690.0,1720.0
2002-06-25,1710.0,1870.0,1710.0,1850.0
2002-06-26,1850.0,1850.0,1770.0,1800.0
2002-06-27,1800.0,1930.0,1800.0,1900.0
2002-06-28,1940.0,1950.0,1880.0,1920.0
2002-07-01,1950.0,1990.0,1940.0,1970.0
2002-07-02,1960.0,1960.0,1910.0,1950.0
2002-07-03,1920.0,2060.0,1900.0,2060.0
2002-07-04,2060.0,2060.0,2000.0,2030.0
2002-07-05,2050.0,2110.0,2000.0,2000.0
2002-07-08,2050.0,2080.0,2040.0,2060.0
2002-07-09,2060.0,2300.0,2060.0,2300.0
2002-07-10,2250.0,2400.0,2220.0,2300.0
2002-07-11,2250.0,2360.0,2220.0,2300.0
2002-07-12,2350.0,2390.0,2320.0,2350.0
2002-07-15,2360.0,2490.0,2360.0,2460.0
2002-07-16,2480.0,2540.0,2390.0,2430.0
2002-07-17,2400.0,2460.0,2350.0,2460.0
2002-07-18,2490.0,2600.0,2460.0,2580.0
2002-07-19,2560.0,2680.0,2530.0,2670.0
2002-07-22,2630.0,2750.0,2590.0,2600.0
2002-07-23,2630.0,2810.0,2610.0,2800.0
2002-07-24,2840.0,2980.0,2840.0,2930.0
2002-07-25,3030.0,3250.0,2960.0,3190.0
2002-07-26,3250.0,3360.0,2730.0,2770.0
2002-07-29,2720.0,2980.0,2400.0,2470.0
2002-07-30,2600.0,2640.0,2430.0,2590.0
2002-07-31,2550.0,2590.0,2490.0,2570.0
2002-08-01,2620.0,2620.0,2500.0,2500.0
2002-08-02,2450.0,2450.0,2220.0,2250.0
2002-08-05,2230.0,2350.0,2230.0,2260.0
2002-08-06,2240.0,2290.0,2220.0,2230.0
2002-08-07,2280.0,2300.0,2240.0,2300.0
2002-08-08,2320.0,2320.0,2220.0,2220.0
2002-08-09,2270.0,2280.0,2230.0,2240.0
2002-08-12,2260.0,2260.0,2160.0,2200.0
2002-08-13,2180.0,2200.0,2150.0,2190.0
2002-08-14,2150.0,2160.0,2110.0,2120.0
2002-08-15,2150.0,2170.0,2110.0,2120.0
2002-08-16,2150.0,2160.0,2110.0,2150.0
2002-08-19,2150.0,2480.0,2150.0,2440.0
2002-08-20,2530.0,2550.0,2250.0,2250.0
2002-08-21,2290.0,2400.0,2290.0,2330.0
2002-08-22,2400.0,2400.0,2300.0,2330.0
2002-08-23,2330.0,2330.0,2330.0,2330.0
2002-08-26,2280.0,2340.0,2260.0,2300.0
2002-08-27,2300.0,2390.0,2300.0,2340.0
2002-08-28,2290.0,2340.0,2280.0,2290.0
2002-08-29,2280.0,2300.0,2270.0,2280.0
2002-08-30,2260.0,2300.0,2230.0,2300.0
2002-09-02,2300.0,2300.0,2210.0,2250.0
2002-09-03,2200.0,2210.0,2140.0,2190.0
2002-09-04,2110.0,2160.0,2090.0,2110.0
2002-09-05,2160.0,2180.0,2140.0,2160.0
2002-09-06,2060.0,2130.0,2060.0,2100.0
2002-09-09,2180.0,2180.0,2120.0,2140.0
2002-09-10,2160.0,2160.0,2070.0,2100.0
2002-09-11,2070.0,2120.0,2040.0,2100.0
2002-09-12,2100.0,2100.0,2040.0,2060.0
2002-09-13,2010.0,2070.0,2010.0,2060.0
2002-09-16,2060.0,2060.0,2060.0,2060.0
2002-09-17,2060.0,2090.0,1950.0,1950.0
2002-09-18,1900.0,1910.0,1740.0,1790.0
2002-09-19,1890.0,1920.0,1810.0,1840.0
2002-09-20,1810.0,1850.0,1810.0,1850.0
2002-09-23,1850.0,1850.0,1850.0,1850.0
2002-09-24,1870.0,1870.0,1760.0,1840.0
2002-09-25,1800.0,1850.0,1790.0,1820.0
2002-09-26,1850.0,1850.0,1810.0,1820.0
2002-09-27,1880.0,1940.0,1830.0,1940.0
2002-09-30,1910.0,2120.0,1890.0,2100.0
2002-10-01,2200.0,2350.0,2160.0,2240.0
2002-10-02,2290.0,2310.0,2150.0,2200.0
2002-10-03,2180.0,2190.0,2130.0,2180.0
2002-10-04,2100.0,2140.0,2080.0,2130.0
2002-10-07,2030.0,2040.0,1960.0,1970.0
2002-10-08,1860.0,1950.0,1840.0,1900.0
2002-10-09,1880.0,1890.0,1800.0,1830.0
2002-10-10,1710.0,1820.0,1700.0,1820.0
2002-10-11,1880.0,1920.0,1850.0,1880.0
2002-10-14,1880.0,1880.0,1880.0,1880.0
2002-10-15,1930.0,1980.0,1900.0,1950.0
2002-10-16,2000.0,2000.0,1930.0,1930.0
2002-10-17,1870.0,1940.0,1870.0,1900.0
2002-10-18,1950.0,1950.0,1900.0,1930.0
2002-10-21,1930.0,2030.0,1910.0,1980.0
2002-10-22,2050.0,2060.0,1950.0,1950.0
2002-10-23,1900.0,1950.0,1870.0,1940.0
2002-10-24,1910.0,1940.0,1910.0,1920.0
2002-10-25,1900.0,1960.0,1900.0,1950.0
2002-10-28,1960.0,1970.0,1900.0,1920.0
2002-10-29,1980.0,2210.0,1970.0,2190.0
2002-10-30,2160.0,2170.0,2060.0,2080.0
2002-10-31,2080.0,2130.0,2050.0,2060.0
2002-11-01,2040.0,2160.0,2020.0,2090.0
2002-11-04,2090.0,2090.0,2090.0,2090.0
2002-11-05,2150.0,2290.0,2130.0,2270.0
2002-11-06,2290.0,2330.0,2170.0,2210.0
2002-11-07,2260.0,2270.0,2200.0,2260.0
2002-11-08,2190.0,2240.0,2170.0,2230.0
2002-11-11,2180.0,2190.0,2030.0,2080.0
2002-11-12,1970.0,2110.0,1970.0,2090.0
2002-11-13,2090.0,2110.0,2050.0,2080.0
2002-11-14,2030.0,2070.0,1910.0,1920.0
2002-11-15,1930.0,1980.0,1910.0,1930.0
2002-11-18,1930.0,1930.0,1800.0,1820.0
2002-11-19,1770.0,1890.0,1730.0,1880.0
2002-11-20,1900.0,1970.0,1870.0,1940.0
2002-11-21,1970.0,2010.0,1950.0,1970.0
2002-11-22,2000.0,2010.0,1940.0,2000.0
2002-11-25,1950.0,2080.0,1940.0,2060.0
2002-11-26,2080.0,2090.0,1950.0,1960.0
2002-11-27,1910.0,2050.0,1910.0,2000.0
2002-11-28,2040.0,2080.0,2030.0,2040.0
2002-11-29,2050.0,2170.0,2040.0,2160.0
2002-12-02,2160.0,2160.0,2160.0,2160.0
2002-12-03,2140.0,2140.0,2070.0,2100.0
2002-12-04,2100.0,2110.0,2060.0,2080.0
2002-12-05,2070.0,2110.0,2060.0,2080.0
2002-12-06,2080.0,2100.0,2050.0,2100.0
2002-12-09,2080.0,2090.0,2050.0,2070.0
2002-12-10,2010.0,2040.0,1970.0,2020.0
2002-12-11,2000.0,2030.0,1980.0,1980.0
2002-12-12,1970.0,1990.0,1950.0,1980.0
2002-12-13,2030.0,2030.0,1950.0,1970.0
2002-12-16,1950.0,1970.0,1910.0,1910.0
2002-12-17,2000.0,2000.0,1870.0,1870.0
2002-12-18,1850.0,1880.0,1820.0,1850.0
2002-12-19,1800.0,1920.0,1800.0,1870.0
2002-12-20,1900.0,1980.0,1880.0,1930.0
2002-12-23,1930.0,1930.0,1930.0,1930.0
2002-12-24,1930.0,1940.0,1890.0,1910.0
2002-12-25,1890.0,1920.0,1890.0,1910.0
2002-12-26,1870.0,1930.0,1870.0,1900.0
2002-12-27,1940.0,1950.0,1910.0,1920.0
2002-12-30,1910.0,1960.0,1890.0,1910.0
2002-12-31,1910.0,1910.0,1910.0,1910.0
2003-01-01,1910.0,1910.0,1910.0,1910.0
2003-01-02,1910.0,1910.0,1910.0,1910.0
2003-01-03,1910.0,1910.0,1910.0,1910.0
2003-01-06,1960.0,2020.0,1930.0,2000.0
2003-01-07,2050.0,2060.0,1980.0,1980.0
2003-01-08,2000.0,2000.0,1970.0,1990.0
2003-01-09,1950.0,1960.0,1920.0,1930.0
2003-01-10,1940.0,1970.0,1920.0,1930.0
2003-01-13,1930.0,1930.0,1930.0,1930.0
2003-01-14,1950.0,1980.0,1920.0,1960.0
2003-01-15,1970.0,2060.0,1960.0,2060.0
2003-01-16,2060.0,2070.0,2040.0,2060.0
2003-01-17,2060.0,2180.0,2040.0,2180.0
2003-01-20,2200.0,2250.0,2110.0,2180.0
2003-01-21,2200.0,2330.0,2150.0,2330.0
2003-01-22,2480.0,2590.0,2430.0,2540.0
2003-01-23,2450.0,2490.0,2410.0,2490.0
2003-01-24,2440.0,2530.0,2440.0,2450.0
2003-01-27,2380.0,2430.0,2360.0,2400.0
2003-01-28,2370.0,2380.0,2320.0,2320.0
2003-01-29,2300.0,2300.0,2230.0,2280.0
2003-01-30,2230.0,2260.0,2230.0,2230.0
2003-01-31,2200.0,2250.0,2170.0,2220.0
2003-02-03,2220.0,2350.0,2190.0,2240.0
2003-02-04,2290.0,2390.0,2270.0,2370.0
2003-02-05,2400.0,2400.0,2330.0,2360.0
2003-02-06,2310.0,2340.0,2290.0,2310.0
2003-02-07,2270.0,2360.0,2250.0,2290.0
2003-02-10,2300.0,2300.0,2270.0,2300.0
2003-02-11,2300.0,2300.0,2300.0,2300.0
2003-02-12,2310.0,2380.0,2300.0,2370.0
2003-02-13,2350.0,2380.0,2330.0,2370.0
2003-02-14,2400.0,2540.0,2380.0,2520.0
2003-02-17,2550.0,2570.0,2470.0,2470.0
2003-02-18,2490.0,2490.0,2440.0,2460.0
2003-02-19,2500.0,2710.0,2460.0,2710.0
2003-02-20,2650.0,2680.0,2590.0,2630.0
2003-02-21,2610.0,2620.0,2500.0,2580.0
2003-02-24,2530.0,2580.0,2520.0,2580.0
2003-02-25,2600.0,2680.0,2560.0,2610.0
2003-02-26,2640.0,2660.0,2430.0,2500.0
2003-02-27,2520.0,2560.0,2390.0,2490.0
2003-02-28,2530.0,2670.0,2490.0,2670.0
2003-03-03,2700.0,2820.0,2630.0,2800.0
2003-03-04,2750.0,2790.0,2680.0,2710.0
2003-03-05,2680.0,2750.0,2670.0,2700.0
2003-03-06,2680.0,2740.0,2650.0,2650.0
2003-03-07,2670.0,2670.0,2520.0,2530.0
2003-03-10,2480.0,2530.0,2410.0,2440.0
2003-03-11,2340.0,2440.0,2340.0,2380.0
2003-03-12,2430.0,2460.0,2400.0,2440.0
2003-03-13,2480.0,2600.0,2420.0,2490.0
2003-03-14,2440.0,2490.0,2430.0,2430.0
2003-03-17,2480.0,2480.0,2360.0,2380.0
2003-03-18,2470.0,2470.0,2400.0,2400.0
2003-03-19,2400.0,2420.0,2330.0,2390.0
2003-03-20,2440.0,2480.0,2400.0,2420.0
2003-03-21,2420.0,2420.0,2420.0,2420.0
2003-03-24,2490.0,2540.0,2450.0,2520.0
2003-03-25,2450.0,2480.0,2430.0,2460.0
2003-03-26,2440.0,2460.0,2370.0,2460.0
2003-03-27,2500.0,2540.0,2460.0,2530.0
2003-03-28,2580.0,2580.0,2510.0,2540.0
2003-03-31,2540.0,2540.0,2400.0,2430.0
2003-04-01,2400.0,2470.0,2350.0,2440.0
2003-04-02,2440.0,2460.0,2400.0,2450.0
2003-04-03,2500.0,2500.0,2400.0,2440.0
2003-04-04,2400.0,2420.0,2380.0,2380.0
2003-04-07,2380.0,2440.0,2380.0,2440.0
2003-04-08,2460.0,2760.0,2460.0,2640.0
2003-04-09,2640.0,2720.0,2630.0,2710.0
2003-04-10,2700.0,2700.0,2620.0,2630.0
2003-04-11,2630.0,2640.0,2560.0,2590.0
2003-04-14,2600.0,2620.0,2500.0,2530.0
2003-04-15,2530.0,2620.0,2530.0,2570.0
2003-04-16,2570.0,2620.0,2550.0,2580.0
2003-04-17,2680.0,2690.0,2590.0,2650.0
2003-04-18,2610.0,2650.0,2550.0,2570.0
2003-04-21,2600.0,2610.0,2570.0,2580.0
2003-04-22,2600.0,2610.0,2460.0,2540.0
2003-04-23,2570.0,2570.0,2460.0,2460.0
2003-04-24,2470.0,2500.0,2460.0,2480.0
2003-04-25,2540.0,2550.0,2470.0,2530.0
2003-04-28,2520.0,2530.0,2470.0,2490.0
2003-04-29,2490.0,2490.0,2490.0,2490.0
2003-04-30,2590.0,2640.0,2520.0,2600.0
2003-05-01,2650.0,2800.0,2610.0,2740.0
2003-05-02,2780.0,2780.0,2660.0,2740.0
2003-05-05,2740.0,2740.0,2740.0,2740.0
2003-05-06,2760.0,2780.0,2720.0,2780.0
2003-05-07,2770.0,2930.0,2750.0,2930.0
2003-05-08,3050.0,3170.0,3030.0,3130.0
2003-05-09,3100.0,3170.0,3060.0,3150.0
2003-05-12,3150.0,3210.0,3090.0,3190.0
2003-05-13,3190.0,3230.0,3140.0,3150.0
2003-05-14,3120.0,3190.0,3120.0,3150.0
2003-05-15,3150.0,3200.0,3110.0,3140.0
2003-05-16,3150.0,3240.0,3140.0,3200.0
2003-05-19,3180.0,3180.0,3120.0,3150.0
2003-05-20,3130.0,3250.0,3130.0,3240.0
2003-05-21,3230.0,3270.0,3180.0,3220.0
2003-05-22,2920.0,3060.0,2860.0,2970.0
2003-05-23,2990.0,3020.0,2930.0,2940.0
2003-05-26,2900.0,2930.0,2860.0,2880.0
2003-05-27,2880.0,2900.0,2860.0,2880.0
2003-05-28,2890.0,2900.0,2860.0,2890.0
2003-05-29,2890.0,2920.0,2880.0,2900.0
2003-05-30,2940.0,2960.0,2920.0,2940.0
2003-06-02,2990.0,3030.0,2960.0,2970.0
2003-06-03,2980.0,2990.0,2900.0,2960.0
2003-06-04,3000.0,3000.0,2910.0,2920.0
2003-06-05,2890.0,2920.0,2860.0,2910.0
2003-06-06,2910.0,2930.0,2890.0,2910.0
2003-06-09,2920.0,2930.0,2860.0,2890.0
2003-06-10,2900.0,2900.0,2860.0,2900.0
2003-06-11,2900.0,3030.0,2900.0,2970.0
2003-06-12,2980.0,3010.0,2950.0,2950.0
2003-06-13,2910.0,2930.0,2900.0,2910.0
2003-06-16,2890.0,2900.0,2870.0,2890.0
2003-06-17,2890.0,2900.0,2720.0,2850.0
2003-06-18,2800.0,2810.0,2780.0,2790.0
2003-06-19,2820.0,2890.0,2810.0,2890.0
2003-06-20,2860.0,2870.0,2820.0,2830.0
2003-06-23,2830.0,2870.0,2820.0,2830.0
2003-06-24,2810.0,2810.0,2720.0,2720.0
2003-06-25,2720.0,2780.0,2720.0,2770.0
2003-06-26,2800.0,2800.0,2730.0,2760.0
2003-06-27,2810.0,2840.0,2760.0,2840.0
2003-06-30,2790.0,2900.0,2790.0,2870.0
2003-07-01,2890.0,3000.0,2860.0,3000.0
2003-07-02,3000.0,3030.0,2920.0,2960.0
2003-07-03,2960.0,2960.0,2760.0,2760.0
2003-07-04,2780.0,2850.0,2780.0,2850.0
2003-07-07,2890.0,2900.0,2850.0,2890.0
2003-07-08,2910.0,2910.0,2810.0,2820.0
2003-07-09,2780.0,2850.0,2780.0,2810.0
2003-07-10,2830.0,2840.0,2790.0,2810.0
2003-07-11,2810.0,2820.0,2780.0,2790.0
2003-07-14,2930.0,3070.0,2880.0,3000.0
2003-07-15,3030.0,3210.0,2930.0,3100.0
2003-07-16,3120.0,3120.0,2970.0,2980.0
2003-07-17,2930.0,2930.0,2810.0,2830.0
2003-07-18,2790.0,2870.0,2720.0,2850.0
2003-07-21,2850.0,2850.0,2850.0,2850.0
2003-07-22,2900.0,2930.0,2870.0,2880.0
2003-07-23,2900.0,2950.0,2840.0,2950.0
2003-07-24,2930.0,2930.0,2870.0,2920.0
2003-07-25,2910.0,2930.0,2850.0,2880.0
2003-07-28,2910.0,3000.0,2900.0,3000.0
2003-07-29,3050.0,3140.0,3000.0,3050.0
2003-07-30,3080.0,3080.0,3010.0,3050.0
2003-07-31,3050.0,3070.0,3010.0,3030.0
2003-08-01,3040.0,3070.0,3000.0,3070.0
2003-08-04,3120.0,3130.0,3060.0,3080.0
2003-08-05,3090.0,3130.0,3030.0,3070.0
2003-08-06,3000.0,3050.0,2970.0,3000.0
2003-08-07,3060.0,3060.0,2960.0,2960.0
2003-08-08,2960.0,3070.0,2920.0,3030.0
2003-08-11,3060.0,3060.0,3020.0,3020.0
2003-08-12,3030.0,3040.0,2980.0,3010.0
2003-08-13,3020.0,3040.0,2980.0,2980.0
2003-08-14,2970.0,3120.0,2970.0,3080.0
2003-08-15,3120.0,3120.0,3120.0,3120.0
2003-08-18,3140.0,3430.0,3140.0,3400.0
2003-08-19,3420.0,3420.0,3220.0,3330.0
2003-08-20,3340.0,3670.0,3280.0,3650.0
2003-08-21,3550.0,3770.0,3530.0,3610.0
2003-08-22,3690.0,3750.0,3570.0,3660.0
2003-08-25,3690.0,3690.0,3610.0,3620.0
2003-08-26,3570.0,3700.0,3480.0,3660.0
2003-08-27,3720.0,3820.0,3690.0,3720.0
2003-08-28,3810.0,3820.0,3640.0,3690.0
2003-08-29,3680.0,3690.0,3620.0,3630.0
2003-09-01,3610.0,3660.0,3610.0,3640.0
2003-09-02,3660.0,3660.0,3300.0,3590.0
2003-09-03,3550.0,3590.0,3470.0,3540.0
2003-09-04,3540.0,3540.0,3480.0,3500.0
2003-09-05,3460.0,3500.0,3410.0,3440.0
2003-09-08,3400.0,3540.0,3380.0,3480.0
2003-09-09,3500.0,3500.0,3450.0,3460.0
2003-09-10,3450.0,3490.0,3440.0,3480.0
2003-09-11,3500.0,3560.0,3470.0,3500.0
2003-09-12,3550.0,3550.0,3490.0,3530.0
2003-09-15,3530.0,3530.0,3530.0,3530.0
2003-09-16,3560.0,3560.0,3500.0,3530.0
2003-09-17,3550.0,3550.0,3440.0,3450.0
2003-09-18,3500.0,3500.0,3450.0,3480.0
2003-09-19,3500.0,3500.0,3260.0,3400.0
2003-09-22,3390.0,3400.0,3270.0,3290.0
2003-09-23,3290.0,3290.0,3290.0,3290.0
2003-09-24,3260.0,3260.0,3130.0,3170.0
2003-09-25,3120.0,3320.0,3040.0,3300.0
2003-09-26,3290.0,3300.0,3220.0,3290.0
2003-09-29,3320.0,3340.0,3230.0,3270.0
2003-09-30,3390.0,3520.0,3390.0,3450.0
2003-10-01,3560.0,3560.0,3410.0,3460.0
2003-10-02,3560.0,3620.0,3480.0,3580.0
2003-10-03,3600.0,3710.0,3600.0,3660.0
2003-10-06,3690.0,3690.0,3550.0,3610.0
2003-10-07,3560.0,3560.0,3500.0,3530.0
2003-10-08,3530.0,3530.0,3430.0,3440.0
2003-10-09,3420.0,3420.0,3360.0,3410.0
2003-10-10,3410.0,3600.0,3410.0,3520.0
2003-10-13,3520.0,3520.0,3520.0,3520.0
2003-10-14,3610.0,3610.0,3480.0,3530.0
2003-10-15,3540.0,3550.0,3510.0,3530.0
2003-10-16,3570.0,3650.0,3520.0,3570.0
2003-10-17,3590.0,3640.0,3560.0,3610.0
2003-10-20,3610.0,3640.0,3510.0,3560.0
2003-10-21,3560.0,3590.0,3510.0,3510.0
2003-10-22,3510.0,3510.0,3470.0,3470.0
2003-10-23,3450.0,3450.0,3160.0,3170.0
2003-10-24,3270.0,3300.0,3090.0,3140.0
2003-10-27,3150.0,3320.0,3150.0,3250.0
2003-10-28,3350.0,3350.0,3270.0,3280.0
2003-10-29,3380.0,3380.0,3330.0,3340.0
2003-10-30,3300.0,3350.0,3280.0,3310.0
2003-10-31,3390.0,3390.0,3300.0,3320.0
2003-11-03,3320.0,3320.0,3320.0,3320.0
2003-11-04,3320.0,3360.0,3280.0,3340.0
2003-11-05,3330.0,3350.0,3250.0,3350.0
2003-11-06,3300.0,3340.0,3230.0,3250.0
2003-11-07,3200.0,3310.0,3170.0,3270.0
2003-11-10,3180.0,3210.0,3130.0,3190.0
2003-11-11,3090.0,3100.0,2830.0,2930.0
2003-11-12,2910.0,2980.0,2900.0,2950.0
2003-11-13,3050.0,3060.0,2970.0,2970.0
2003-11-14,2990.0,3030.0,2950.0,2950.0
2003-11-17,2770.0,2770.0,2500.0,2500.0
2003-11-18,2510.0,2590.0,2460.0,2560.0
2003-11-19,2590.0,2620.0,2510.0,2610.0
2003-11-20,2630.0,2710.0,2630.0,2700.0
2003-11-21,2700.0,2890.0,2700.0,2820.0
2003-11-24,2820.0,2820.0,2820.0,2820.0
2003-11-25,2970.0,2970.0,2910.0,2910.0
2003-11-26,2950.0,2990.0,2850.0,2920.0
2003-11-27,2920.0,2960.0,2920.0,2930.0
2003-11-28,2950.0,2950.0,2900.0,2900.0
2003-12-01,2750.0,2940.0,2730.0,2940.0
2003-12-02,2990.0,3110.0,2920.0,2920.0
2003-12-03,2890.0,2940.0,2880.0,2890.0
2003-12-04,2960.0,2960.0,2920.0,2940.0
2003-12-05,3030.0,3050.0,2960.0,2960.0
2003-12-08,2970.0,3000.0,2830.0,2840.0
2003-12-09,2870.0,2870.0,2770.0,2820.0
2003-12-10,2770.0,2800.0,2710.0,2740.0
2003-12-11,2690.0,2720.0,2520.0,2700.0
2003-12-12,2700.0,2700.0,2620.0,2670.0
2003-12-15,2820.0,2820.0,2700.0,2820.0
2003-12-16,2750.0,2800.0,2750.0,2780.0
2003-12-17,2760.0,2790.0,2740.0,2740.0
2003-12-18,2770.0,2770.0,2680.0,2700.0
2003-12-19,2730.0,2750.0,2720.0,2740.0
2003-12-22,2770.0,2810.0,2750.0,2770.0
2003-12-23,2770.0,2770.0,2770.0,2770.0
2003-12-24,2810.0,2810.0,2720.0,2740.0
2003-12-25,2700.0,2810.0,2690.0,2780.0
2003-12-26,2780.0,2800.0,2700.0,2730.0
2003-12-29,2800.0,2850.0,2780.0,2830.0
2003-12-30,2890.0,2910.0,2850.0,2910.0
2003-12-31,2910.0,2910.0,2910.0,2910.0
2004-01-01,2910.0,2910.0,2910.0,2910.0
2004-01-02,2910.0,2910.0,2910.0,2910.0
2004-01-05,2950.0,2990.0,2890.0,2970.0
2004-01-06,3000.0,3050.0,2950.0,2950.0
2004-01-07,2960.0,2980.0,2910.0,2950.0
2004-01-08,2980.0,3110.0,2970.0,3110.0
2004-01-09,3200.0,3300.0,3140.0,3270.0
2004-01-12,3270.0,3270.0,3270.0,3270.0
2004-01-13,3350.0,3390.0,3220.0,3230.0
2004-01-14,3230.0,3270.0,3170.0,3250.0
2004-01-15,3290.0,3290.0,3210.0,3260.0
2004-01-16,3280.0,3280.0,3200.0,3250.0
2004-01-19,3250.0,3290.0,3250.0,3280.0
2004-01-20,3270.0,3290.0,3220.0,3240.0
2004-01-21,3240.0,3280.0,3230.0,3250.0
2004-01-22,3240.0,3260.0,3240.0,3240.0
2004-01-23,3280.0,3280.0,3250.0,3260.0
2004-01-26,3250.0,3250.0,3230.0,3250.0
2004-01-27,3250.0,3270.0,3180.0,3180.0
2004-01-28,3130.0,3190.0,3120.0,3140.0
2004-01-29,3110.0,3120.0,3030.0,3030.0
2004-01-30,3060.0,3130.0,3060.0,3060.0
2004-02-02,3070.0,3090.0,3030.0,3060.0
2004-02-03,3040.0,3120.0,3040.0,3120.0
2004-02-04,3120.0,3120.0,3030.0,3040.0
2004-02-05,3010.0,3060.0,3000.0,3060.0
2004-02-06,3030.0,3080.0,3010.0,3020.0
2004-02-09,3000.0,3040.0,2990.0,3020.0
2004-02-10,2980.0,3020.0,2970.0,2970.0
2004-02-11,2970.0,2970.0,2970.0,2970.0
2004-02-12,2980.0,3020.0,2980.0,2990.0
2004-02-13,2960.0,2990.0,2900.0,2960.0
2004-02-16,2930.0,2950.0,2900.0,2920.0
2004-02-17,2920.0,2940.0,2880.0,2910.0
2004-02-18,2950.0,2950.0,2890.0,2900.0
2004-02-19,2900.0,2900.0,2830.0,2840.0
2004-02-20,2850.0,2870.0,2840.0,2850.0
2004-02-23,2890.0,2940.0,2870.0,2930.0
2004-02-24,2950.0,2950.0,2870.0,2900.0
2004-02-25,2910.0,2960.0,2900.0,2910.0
2004-02-26,2930.0,2950.0,2920.0,2940.0
2004-02-27,2950.0,3110.0,2950.0,3050.0
2004-03-01,3070.0,3140.0,3070.0,3090.0
2004-03-02,3100.0,3100.0,3010.0,3030.0
2004-03-03,3030.0,3050.0,3010.0,3020.0
2004-03-04,3030.0,3090.0,3000.0,3000.0
2004-03-05,3040.0,3040.0,3010.0,3030.0
2004-03-08,3070.0,3080.0,3040.0,3060.0
2004-03-09,3090.0,3280.0,3050.0,3230.0
2004-03-10,3230.0,3230.0,3150.0,3160.0
2004-03-11,3090.0,3180.0,3080.0,3140.0
2004-03-12,3090.0,3150.0,3090.0,3110.0
2004-03-15,3150.0,3180.0,3140.0,3160.0
2004-03-16,3120.0,3140.0,3120.0,3140.0
2004-03-17,3140.0,3180.0,3140.0,3170.0
2004-03-18,3200.0,3230.0,3160.0,3180.0
2004-03-19,3110.0,3160.0,3110.0,3160.0
2004-03-22,3110.0,3230.0,3110.0,3200.0
2004-03-23,3160.0,3210.0,3160.0,3200.0
2004-03-24,3240.0,3260.0,3220.0,3250.0
2004-03-25,3270.0,3320.0,3270.0,3310.0
2004-03-26,3340.0,3340.0,3220.0,3260.0
2004-03-29,3250.0,3280.0,3230.0,3250.0
2004-03-30,3240.0,3270.0,3230.0,3250.0
2004-03-31,3250.0,3270.0,3230.0,3250.0
2004-04-01,3300.0,3650.0,3300.0,3570.0
2004-04-02,3520.0,3550.0,3410.0,3450.0
2004-04-05,3470.0,3530.0,3470.0,3480.0
2004-04-06,3530.0,3560.0,3400.0,3530.0
2004-04-07,3500.0,3660.0,3500.0,3630.0
2004-04-08,3570.0,3670.0,3560.0,3650.0
2004-04-09,3550.0,3610.0,3390.0,3500.0
2004-04-12,3480.0,3600.0,3480.0,3580.0
2004-04-13,3580.0,3590.0,3530.0,3570.0
2004-04-14,3520.0,3550.0,3500.0,3540.0
2004-04-15,3550.0,3570.0,3430.0,3460.0
2004-04-16,3410.0,3470.0,3400.0,3440.0
2004-04-19,3400.0,3410.0,3350.0,3350.0
2004-04-20,3350.0,3380.0,3300.0,3380.0
2004-04-21,3450.0,3520.0,3420.0,3510.0
2004-04-22,3510.0,3690.0,3510.0,3590.0
2004-04-23,3690.0,3690.0,3610.0,3610.0
2004-04-26,3650.0,3650.0,3560.0,3600.0
2004-04-27,3550.0,3580.0,3530.0,3560.0
2004-04-28,3530.0,3690.0,3530.0,3650.0
2004-04-29,3650.0,3650.0,3650.0,3650.0
2004-04-30,3630.0,3630.0,3560.0,3600.0
2004-05-03,3600.0,3600.0,3600.0,3600.0
2004-05-04,3600.0,3600.0,3600.0,3600.0
2004-05-05,3600.0,3600.0,3600.0,3600.0
2004-05-06,3600.0,3610.0,3460.0,3470.0
2004-05-07,3390.0,3500.0,3360.0,3430.0
2004-05-10,3340.0,3350.0,2950.0,2990.0
2004-05-11,3040.0,3150.0,3020.0,3050.0
2004-05-12,3090.0,3170.0,3090.0,3170.0
2004-05-13,3200.0,3210.0,3050.0,3050.0
2004-05-14,3080.0,3200.0,3050.0,3050.0
2004-05-17,2980.0,2980.0,2800.0,2840.0
2004-05-18,2790.0,2930.0,2760.0,2890.0
2004-05-19,3000.0,3050.0,2970.0,3040.0
2004-05-20,3040.0,3130.0,2970.0,3070.0
2004-05-21,2910.0,2960.0,2830.0,2890.0
2004-05-24,2910.0,2950.0,2890.0,2910.0
2004-05-25,2890.0,2890.0,2800.0,2810.0
2004-05-26,2910.0,2910.0,2840.0,2840.0
2004-05-27,2850.0,2880.0,2820.0,2830.0
2004-05-28,2850.0,2900.0,2840.0,2860.0
2004-05-31,2890.0,2900.0,2860.0,2860.0
2004-06-01,2900.0,2900.0,2860.0,2860.0
2004-06-02,2880.0,2930.0,2870.0,2910.0
2004-06-03,2930.0,2960.0,2830.0,2830.0
2004-06-04,2840.0,2880.0,2840.0,2860.0
2004-06-07,2880.0,2910.0,2860.0,2890.0
2004-06-08,2920.0,2920.0,2890.0,2910.0
2004-06-09,2920.0,2920.0,2870.0,2900.0
2004-06-10,2900.0,2930.0,2900.0,2930.0
2004-06-11,2960.0,3050.0,2950.0,3030.0
2004-06-14,3040.0,3080.0,3020.0,3040.0
2004-06-15,3030.0,3040.0,2990.0,2990.0
2004-06-16,3030.0,3080.0,2980.0,3010.0
2004-06-17,3010.0,3040.0,2980.0,3010.0
2004-06-18,3000.0,3000.0,2940.0,2950.0
2004-06-21,2950.0,3010.0,2950.0,2970.0
2004-06-22,2960.0,2970.0,2920.0,2930.0
2004-06-23,2940.0,2950.0,2920.0,2950.0
2004-06-24,2950.0,2980.0,2930.0,2970.0
2004-06-25,2990.0,3040.0,2970.0,3030.0
2004-06-28,3070.0,3090.0,3040.0,3070.0
2004-06-29,3020.0,3080.0,3020.0,3060.0
2004-06-30,3040.0,3070.0,3030.0,3070.0
2004-07-01,3070.0,3150.0,3060.0,3100.0
2004-07-02,3100.0,3150.0,3080.0,3110.0
2004-07-05,3150.0,3150.0,3100.0,3130.0
2004-07-06,3130.0,3150.0,3100.0,3120.0
2004-07-07,3120.0,3130.0,3070.0,3110.0
2004-07-08,3180.0,3280.0,3150.0,3270.0
2004-07-09,3290.0,3410.0,3260.0,3340.0
2004-07-12,3430.0,3430.0,3360.0,3370.0
2004-07-13,3390.0,3480.0,3370.0,3480.0
2004-07-14,3490.0,3490.0,3330.0,3350.0
2004-07-15,3310.0,3430.0,3310.0,3400.0
2004-07-16,3400.0,3450.0,3310.0,3420.0
2004-07-19,3420.0,3420.0,3420.0,3420.0
2004-07-20,3350.0,3400.0,3320.0,3350.0
2004-07-21,3300.0,3360.0,3260.0,3350.0
2004-07-22,3330.0,3340.0,3300.0,3340.0
2004-07-23,3350.0,3350.0,3280.0,3320.0
2004-07-26,3350.0,3350.0,3220.0,3260.0
2004-07-27,3260.0,3260.0,3090.0,3130.0
2004-07-28,3150.0,3230.0,3130.0,3180.0
2004-07-29,3230.0,3310.0,3180.0,3280.0
2004-07-30,3280.0,3310.0,3260.0,3280.0
2004-08-02,3180.0,3300.0,3180.0,3240.0
2004-08-03,3250.0,3250.0,3160.0,3200.0
2004-08-04,3120.0,3170.0,3090.0,3130.0
2004-08-05,3100.0,3110.0,3070.0,3090.0
2004-08-06,3000.0,3070.0,2960.0,3070.0
2004-08-09,3100.0,3100.0,2930.0,3020.0
2004-08-10,3040.0,3080.0,3040.0,3040.0
2004-08-11,3070.0,3110.0,3020.0,3050.0
2004-08-12,3030.0,3060.0,3020.0,3020.0
2004-08-13,3020.0,3040.0,2980.0,2990.0
2004-08-16,2980.0,2980.0,2920.0,2930.0
2004-08-17,2950.0,2980.0,2930.0,2940.0
2004-08-18,2940.0,2960.0,2880.0,2900.0
2004-08-19,2910.0,2950.0,2910.0,2920.0
2004-08-20,2900.0,2970.0,2900.0,2940.0
2004-08-23,2990.0,3040.0,2930.0,2930.0
2004-08-24,2960.0,3010.0,2940.0,3010.0
2004-08-25,3050.0,3100.0,3040.0,3090.0
2004-08-26,3060.0,3100.0,3040.0,3040.0
2004-08-27,3060.0,3120.0,3060.0,3090.0
2004-08-30,3090.0,3180.0,3090.0,3160.0
2004-08-31,3150.0,3150.0,3070.0,3090.0
2004-09-01,3100.0,3200.0,3100.0,3170.0
2004-09-02,3180.0,3220.0,3100.0,3190.0
2004-09-03,3180.0,3190.0,3150.0,3160.0
2004-09-06,3190.0,3240.0,3160.0,3230.0
2004-09-07,3200.0,3220.0,3190.0,3200.0
2004-09-08,3210.0,3260.0,3210.0,3240.0
2004-09-09,3180.0,3210.0,3160.0,3200.0
2004-09-10,3150.0,3150.0,3090.0,3130.0
2004-09-13,3130.0,3190.0,3130.0,3160.0
2004-09-14,3140.0,3190.0,3080.0,3100.0
2004-09-15,3140.0,3140.0,3080.0,3100.0
2004-09-16,3010.0,3050.0,2980.0,2990.0
2004-09-17,2970.0,2980.0,2930.0,2970.0
2004-09-20,2970.0,2970.0,2970.0,2970.0
2004-09-21,3010.0,3050.0,2930.0,2990.0
2004-09-22,3000.0,3040.0,2960.0,2990.0
2004-09-23,2990.0,2990.0,2990.0,2990.0
2004-09-24,2980.0,3000.0,2980.0,2990.0
2004-09-27,3030.0,3030.0,2940.0,2990.0
2004-09-28,2990.0,3010.0,2970.0,2980.0
2004-09-29,2970.0,3010.0,2960.0,2990.0
2004-09-30,3030.0,3030.0,2970.0,2990.0
2004-10-01,3010.0,3040.0,2990.0,3000.0
2004-10-04,3050.0,3050.0,3000.0,3030.0
2004-10-05,3040.0,3040.0,2990.0,3010.0
2004-10-06,3030.0,3090.0,3010.0,3090.0
2004-10-07,3180.0,3180.0,3110.0,3140.0
2004-10-08,3150.0,3160.0,3130.0,3150.0
2004-10-11,3150.0,3150.0,3150.0,3150.0
2004-10-12,3150.0,3180.0,3150.0,3170.0
2004-10-13,3170.0,3230.0,3170.0,3200.0
2004-10-14,3200.0,3200.0,3150.0,3170.0
2004-10-15,3140.0,3140.0,3060.0,3120.0
2004-10-18,3120.0,3120.0,3040.0,3070.0
2004-10-19,3060.0,3110.0,3050.0,3090.0
2004-10-20,3090.0,3090.0,3000.0,3020.0
2004-10-21,3000.0,3040.0,3000.0,3020.0
2004-10-22,3120.0,3120.0,3030.0,3090.0
2004-10-25,3040.0,3050.0,3020.0,3020.0
2004-10-26,3060.0,3060.0,3010.0,3040.0
2004-10-27,3050.0,3080.0,3040.0,3070.0
2004-10-28,3050.0,3110.0,3050.0,3110.0
2004-10-29,3060.0,3100.0,3050.0,3080.0
2004-11-01,3110.0,3110.0,3060.0,3100.0
2004-11-02,3120.0,3120.0,3070.0,3070.0
2004-11-03,3070.0,3070.0,3070.0,3070.0
2004-11-04,3080.0,3110.0,3080.0,3090.0
2004-11-05,3090.0,3130.0,3070.0,3130.0
2004-11-08,3150.0,3170.0,3130.0,3150.0
2004-11-09,3160.0,3160.0,3140.0,3150.0
2004-11-10,3150.0,3170.0,3120.0,3160.0
2004-11-11,3110.0,3160.0,3070.0,3150.0
2004-11-12,3160.0,3160.0,3110.0,3160.0
2004-11-15,3170.0,3240.0,3170.0,3230.0
2004-11-16,3250.0,3330.0,3240.0,3290.0
2004-11-17,3280.0,3280.0,3210.0,3250.0
2004-11-18,3150.0,3210.0,3150.0,3160.0
2004-11-19,3170.0,3290.0,3170.0,3230.0
2004-11-22,3080.0,3180.0,3080.0,3100.0
2004-11-23,3100.0,3100.0,3100.0,3100.0
2004-11-24,3070.0,3180.0,3070.0,3100.0
2004-11-25,3080.0,3090.0,3040.0,3070.0
2004-11-26,3040.0,3160.0,3040.0,3120.0
2004-11-29,3110.0,3160.0,3080.0,3100.0
2004-11-30,3080.0,3180.0,3070.0,3110.0
2004-12-01,3100.0,3110.0,3070.0,3100.0
2004-12-02,3110.0,3160.0,3100.0,3140.0
2004-12-03,3120.0,3120.0,3080.0,3100.0
2004-12-06,3110.0,3110.0,3050.0,3070.0
2004-12-07,3070.0,3090.0,3060.0,3060.0
2004-12-08,3060.0,3080.0,3050.0,3080.0
2004-12-09,3070.0,3120.0,3050.0,3110.0
2004-12-10,3060.0,3090.0,3050.0,3070.0
2004-12-13,3050.0,3050.0,3010.0,3010.0
2004-12-14,3000.0,3050.0,2990.0,3050.0
2004-12-15,3020.0,3020.0,2990.0,3000.0
2004-12-16,3000.0,3010.0,2940.0,2970.0
2004-12-17,2950.0,3000.0,2930.0,2990.0
2004-12-20,3000.0,3040.0,3000.0,3020.0
2004-12-21,3020.0,3100.0,3020.0,3080.0
2004-12-22,3080.0,3100.0,3060.0,3090.0
2004-12-23,3090.0,3090.0,3090.0,3090.0
2004-12-24,3140.0,3140.0,3060.0,3090.0
2004-12-27,3080.0,3100.0,3030.0,3070.0
2004-12-28,3100.0,3100.0,3070.0,3080.0
2004-12-29,3110.0,3110.0,3080.0,3100.0
2004-12-30,3110.0,3140.0,3110.0,3130.0
2004-12-31,3130.0,3130.0,3130.0,3130.0
2005-01-03,3130.0,3130.0,3130.0,3130.0
2005-01-04,3140.0,3140.0,3120.0,3130.0
2005-01-05,3130.0,3130.0,3090.0,3100.0
2005-01-06,3110.0,3110.0,3080.0,3090.0
2005-01-07,3120.0,3170.0,3100.0,3130.0
2005-01-10,3130.0,3130.0,3130.0,3130.0
2005-01-11,3170.0,3200.0,3150.0,3180.0
2005-01-12,3230.0,3240.0,3180.0,3200.0
2005-01-13,3220.0,3270.0,3200.0,3250.0
2005-01-14,3200.0,3630.0,3180.0,3510.0
2005-01-17,3600.0,3640.0,3550.0,3570.0
2005-01-18,3520.0,3520.0,3460.0,3480.0
2005-01-19,3450.0,3460.0,3420.0,3450.0
2005-01-20,3420.0,3440.0,3400.0,3400.0
2005-01-21,3350.0,3400.0,3320.0,3400.0
2005-01-24,3410.0,3530.0,3310.0,3390.0
2005-01-25,3350.0,3400.0,3310.0,3400.0
2005-01-26,3450.0,3500.0,3430.0,3500.0
2005-01-27,3500.0,3500.0,3410.0,3490.0
2005-01-28,3390.0,3440.0,3390.0,3420.0
2005-01-31,3410.0,3500.0,3400.0,3500.0
2005-02-01,3450.0,3490.0,3450.0,3490.0
2005-02-02,3500.0,3530.0,3450.0,3520.0
2005-02-03,3540.0,3540.0,3470.0,3500.0
2005-02-04,3500.0,3500.0,3420.0,3450.0
2005-02-07,3450.0,3460.0,3410.0,3450.0
2005-02-08,3450.0,3450.0,3430.0,3440.0
2005-02-09,3440.0,3440.0,3420.0,3420.0
2005-02-10,3410.0,3420.0,3400.0,3410.0
2005-02-11,3410.0,3410.0,3410.0,3410.0
2005-02-14,3440.0,3440.0,3380.0,3390.0
2005-02-15,3400.0,3410.0,3330.0,3350.0
2005-02-16,3350.0,3370.0,3330.0,3340.0
2005-02-17,3340.0,3350.0,3330.0,3330.0
2005-02-18,3310.0,3390.0,3270.0,3350.0
2005-02-21,3390.0,3390.0,3350.0,3360.0
2005-02-22,3380.0,3380.0,3360.0,3380.0
2005-02-23,3310.0,3330.0,3290.0,3300.0
2005-02-24,3310.0,3340.0,3290.0,3330.0
2005-02-25,3360.0,3360.0,3320.0,3340.0
2005-02-28,3380.0,3380.0,3320.0,3330.0
2005-03-01,3350.0,3370.0,3320.0,3360.0
2005-03-02,3380.0,3480.0,3370.0,3450.0
2005-03-03,3430.0,3450.0,3420.0,3440.0
2005-03-04,3440.0,3440.0,3410.0,3430.0
2005-03-07,3450.0,3520.0,3450.0,3480.0
2005-03-08,3490.0,3490.0,3430.0,3440.0
2005-03-09,3430.0,3530.0,3430.0,3480.0
2005-03-10,3520.0,3620.0,3480.0,3480.0
2005-03-11,3480.0,3540.0,3480.0,3520.0
2005-03-14,3610.0,3660.0,3570.0,3620.0
2005-03-15,3640.0,3640.0,3540.0,3540.0
2005-03-16,3490.0,3530.0,3480.0,3510.0
2005-03-17,3490.0,3500.0,3430.0,3450.0
2005-03-18,3450.0,3530.0,3450.0,3530.0
2005-03-21,3530.0,3530.0,3530.0,3530.0
2005-03-22,3510.0,3560.0,3500.0,3510.0
2005-03-23,3500.0,3500.0,3430.0,3460.0
2005-03-24,3460.0,3470.0,3430.0,3440.0
2005-03-25,3470.0,3480.0,3420.0,3440.0
2005-03-28,3390.0,3410.0,3350.0,3390.0
2005-03-29,3410.0,3420.0,3360.0,3380.0
2005-03-30,3330.0,3350.0,3260.0,3290.0
2005-03-31,3300.0,3370.0,3290.0,3370.0
2005-04-01,3320.0,3350.0,3300.0,3320.0
2005-04-04,3330.0,3400.0,3330.0,3400.0
2005-04-05,3400.0,3430.0,3370.0,3400.0
2005-04-06,3400.0,3420.0,3390.0,3400.0
2005-04-07,3450.0,3570.0,3410.0,3520.0
2005-04-08,3530.0,3670.0,3530.0,3590.0
2005-04-11,3580.0,3600.0,3550.0,3570.0
2005-04-12,3560.0,3560.0,3510.0,3530.0
2005-04-13,3520.0,3550.0,3470.0,3520.0
2005-04-14,3470.0,3500.0,3400.0,3490.0
2005-04-15,3470.0,3470.0,3410.0,3430.0
2005-04-18,3280.0,3330.0,3200.0,3210.0
2005-04-19,3250.0,3350.0,3250.0,3330.0
2005-04-20,3420.0,3420.0,3330.0,3350.0
2005-04-21,3230.0,3320.0,3190.0,3260.0
2005-04-22,3370.0,3380.0,3320.0,3360.0
2005-04-25,3310.0,3420.0,3310.0,3340.0
2005-04-26,3340.0,3390.0,3340.0,3380.0
2005-04-27,3370.0,3370.0,3350.0,3350.0
2005-04-28,3350.0,3360.0,3270.0,3340.0
2005-04-29,3340.0,3340.0,3340.0,3340.0
2005-05-02,3350.0,3360.0,3300.0,3340.0
2005-05-03,3340.0,3340.0,3340.0,3340.0
2005-05-04,3340.0,3340.0,3340.0,3340.0
2005-05-05,3340.0,3340.0,3340.0,3340.0
2005-05-06,3350.0,3410.0,3350.0,3390.0
2005-05-09,3370.0,3400.0,3350.0,3400.0
2005-05-10,3400.0,3470.0,3330.0,3360.0
2005-05-11,3340.0,3400.0,3330.0,3360.0
2005-05-12,3310.0,3390.0,3310.0,3360.0
2005-05-13,3360.0,3360.0,3180.0,3270.0
2005-05-16,3250.0,3250.0,3160.0,3190.0
2005-05-17,3190.0,3210.0,3070.0,3070.0
2005-05-18,2720.0,2770.0,2650.0,2660.0
2005-05-19,2750.0,2780.0,2690.0,2750.0
2005-05-20,2780.0,2830.0,2770.0,2790.0
2005-05-23,2800.0,2840.0,2790.0,2840.0
2005-05-24,2860.0,2880.0,2800.0,2800.0
2005-05-25,2800.0,2800.0,2700.0,2730.0
2005-05-26,2730.0,2730.0,2690.0,2720.0
2005-05-27,2730.0,2760.0,2730.0,2730.0
2005-05-30,2750.0,2790.0,2740.0,2780.0
2005-05-31,2800.0,2830.0,2790.0,2830.0
2005-06-01,2750.0,2810.0,2750.0,2790.0
2005-06-02,2790.0,2810.0,2770.0,2780.0
2005-06-03,2790.0,2800.0,2750.0,2760.0
2005-06-06,2770.0,2770.0,2720.0,2720.0
2005-06-07,2720.0,2730.0,2690.0,2700.0
2005-06-08,2710.0,2750.0,2710.0,2750.0
2005-06-09,2760.0,2760.0,2700.0,2700.0
2005-06-10,2700.0,2810.0,2700.0,2800.0
2005-06-13,3170.0,3240.0,3060.0,3150.0
2005-06-14,3100.0,3100.0,3030.0,3060.0
2005-06-15,3040.0,3090.0,3030.0,3050.0
2005-06-16,3090.0,3150.0,3050.0,3150.0
2005-06-17,3180.0,3180.0,3090.0,3110.0
2005-06-20,3130.0,3130.0,3060.0,3110.0
2005-06-21,3060.0,3090.0,3060.0,3090.0
2005-06-22,3060.0,3090.0,3060.0,3090.0
2005-06-23,3060.0,3080.0,3050.0,3070.0
2005-06-24,3040.0,3070.0,3030.0,3070.0
2005-06-27,3050.0,3060.0,3020.0,3050.0
2005-06-28,3050.0,3080.0,3040.0,3080.0
2005-06-29,3080.0,3090.0,3030.0,3040.0
2005-06-30,3050.0,3060.0,3030.0,3030.0
2005-07-01,3040.0,3050.0,3030.0,3040.0
2005-07-04,3040.0,3070.0,3030.0,3030.0
2005-07-05,3030.0,3070.0,3020.0,3030.0
2005-07-06,3030.0,3030.0,3010.0,3010.0
2005-07-07,3010.0,3010.0,2970.0,2990.0
2005-07-08,2960.0,3000.0,2960.0,2990.0
2005-07-11,2980.0,3030.0,2980.0,2990.0
2005-07-12,3010.0,3050.0,2990.0,3000.0
2005-07-13,2990.0,3000.0,2970.0,3000.0
2005-07-14,3000.0,3010.0,2990.0,3000.0
2005-07-15,3000.0,3040.0,2980.0,3040.0
2005-07-18,3040.0,3040.0,3040.0,3040.0
2005-07-19,3040.0,3040.0,3000.0,3030.0
2005-07-20,3030.0,3030.0,3000.0,3020.0
2005-07-21,3060.0,3250.0,3060.0,3200.0
2005-07-22,3160.0,3170.0,3130.0,3170.0
2005-07-25,3170.0,3170.0,3110.0,3110.0
2005-07-26,3120.0,3120.0,3100.0,3110.0
2005-07-27,3130.0,3200.0,3130.0,3180.0
2005-07-28,3180.0,3200.0,3150.0,3170.0
2005-07-29,3180.0,3210.0,3170.0,3190.0
2005-08-01,3180.0,3250.0,3180.0,3250.0
2005-08-02,3250.0,3250.0,3210.0,3250.0
2005-08-03,3230.0,3230.0,3180.0,3210.0
2005-08-04,3180.0,3190.0,3150.0,3160.0
2005-08-05,3200.0,3200.0,3110.0,3140.0
2005-08-08,3140.0,3180.0,3040.0,3180.0
2005-08-09,3170.0,3230.0,3120.0,3180.0
2005-08-10,3240.0,3240.0,3200.0,3210.0
2005-08-11,3200.0,3210.0,3180.0,3210.0
2005-08-12,3210.0,3210.0,3140.0,3170.0
2005-08-15,3180.0,3180.0,3140.0,3170.0
2005-08-16,3200.0,3200.0,3150.0,3200.0
2005-08-17,3220.0,3250.0,3200.0,3250.0
2005-08-18,4050.0,4050.0,4050.0,4050.0
2005-08-19,4550.0,4760.0,4420.0,4570.0
2005-08-22,4530.0,4640.0,4460.0,4530.0
2005-08-23,4440.0,4480.0,4310.0,4340.0
2005-08-24,4250.0,4890.0,4250.0,4790.0
2005-08-25,4740.0,4900.0,4610.0,4740.0
2005-08-26,4810.0,4920.0,4720.0,4760.0
2005-08-29,4800.0,4830.0,4680.0,4720.0
2005-08-30,4750.0,4790.0,4620.0,4660.0
2005-08-31,4650.0,4780.0,4630.0,4770.0
2005-09-01,4860.0,4880.0,4650.0,4670.0
2005-09-02,4650.0,4720.0,4630.0,4660.0
2005-09-05,4650.0,4740.0,4620.0,4700.0
2005-09-06,4700.0,5100.0,4660.0,5020.0
2005-09-07,5060.0,5090.0,4780.0,4840.0
2005-09-08,4800.0,4840.0,4630.0,4660.0
2005-09-09,4700.0,4740.0,4660.0,4710.0
2005-09-12,4760.0,4770.0,4540.0,4580.0
2005-09-13,4580.0,4580.0,4470.0,4480.0
2005-09-14,4480.0,4700.0,4480.0,4580.0
2005-09-15,4510.0,4570.0,4510.0,4560.0
2005-09-16,4520.0,4550.0,4490.0,4520.0
2005-09-19,4520.0,4520.0,4520.0,4520.0
2005-09-20,4510.0,4600.0,4510.0,4580.0
2005-09-21,4590.0,4610.0,4540.0,4550.0
2005-09-22,4540.0,4550.0,4480.0,4520.0
2005-09-23,4520.0,4520.0,4520.0,4520.0
2005-09-26,4530.0,4550.0,4500.0,4550.0
2005-09-27,4550.0,4580.0,4510.0,4550.0
2005-09-28,4550.0,4580.0,4510.0,4560.0
2005-09-29,4560.0,4820.0,4550.0,4720.0
2005-09-30,4760.0,4760.0,4570.0,4570.0
2005-10-03,4570.0,4600.0,4520.0,4590.0
2005-10-04,4600.0,4620.0,4550.0,4620.0
2005-10-05,4590.0,4590.0,4500.0,4530.0
2005-10-06,4480.0,4500.0,4350.0,4390.0
2005-10-07,4340.0,4500.0,4330.0,4440.0
2005-10-10,4440.0,4440.0,4440.0,4440.0
2005-10-11,4440.0,4520.0,4400.0,4490.0
2005-10-12,4490.0,4550.0,4420.0,4470.0
2005-10-13,4450.0,4480.0,4410.0,4470.0
2005-10-14,4460.0,4460.0,4310.0,4350.0
2005-10-17,4320.0,4330.0,4160.0,4220.0
2005-10-18,4120.0,4320.0,4110.0,4280.0
2005-10-19,4280.0,4280.0,4160.0,4220.0
2005-10-20,4240.0,4290.0,4240.0,4240.0
2005-10-21,4190.0,4270.0,4140.0,4250.0
2005-10-24,4200.0,4250.0,4200.0,4200.0
2005-10-25,4200.0,4220.0,4150.0,4180.0
2005-10-26,4160.0,4260.0,4160.0,4260.0
2005-10-27,4230.0,4260.0,4200.0,4240.0
2005-10-28,4230.0,4430.0,4230.0,4430.0
2005-10-31,4480.0,4480.0,4380.0,4460.0
2005-11-01,4480.0,4480.0,4420.0,4440.0
2005-11-02,4450.0,4680.0,4400.0,4680.0
2005-11-03,4680.0,4680.0,4550.0,4580.0
2005-11-04,4580.0,4590.0,4360.0,4360.0
2005-11-07,4440.0,4650.0,4400.0,4640.0
2005-11-08,4630.0,4630.0,4520.0,4520.0
2005-11-09,4500.0,4500.0,4410.0,4420.0
2005-11-10,4420.0,4460.0,4310.0,4370.0
2005-11-11,4360.0,4420.0,4330.0,4360.0
2005-11-14,4340.0,4400.0,4320.0,4340.0
2005-11-15,4310.0,4310.0,4200.0,4210.0
2005-11-16,4190.0,4250.0,4160.0,4230.0
2005-11-17,4240.0,4330.0,4240.0,4300.0
2005-11-18,4340.0,4340.0,4280.0,4310.0
2005-11-21,4280.0,4300.0,4200.0,4210.0
2005-11-22,4260.0,4330.0,4250.0,4310.0
2005-11-23,4310.0,4310.0,4310.0,4310.0
2005-11-24,4350.0,4350.0,4260.0,4270.0
2005-11-25,4250.0,4330.0,4220.0,4320.0
2005-11-28,4280.0,4340.0,4280.0,4310.0
2005-11-29,4350.0,4380.0,4310.0,4370.0
2005-11-30,4350.0,4380.0,4310.0,4350.0
2005-12-01,4350.0,4370.0,4320.0,4360.0
2005-12-02,4380.0,4420.0,4300.0,4300.0
2005-12-05,4300.0,4350.0,4280.0,4350.0
2005-12-06,4320.0,4330.0,4260.0,4280.0
2005-12-07,4280.0,4310.0,4280.0,4300.0
2005-12-08,4290.0,4310.0,4210.0,4210.0
2005-12-09,4200.0,4300.0,4200.0,4280.0
2005-12-12,4330.0,4370.0,4300.0,4370.0
2005-12-13,4360.0,4360.0,4300.0,4310.0
2005-12-14,4350.0,4360.0,4300.0,4320.0
2005-12-15,4350.0,4350.0,4250.0,4280.0
2005-12-16,4250.0,4270.0,4230.0,4250.0
2005-12-19,4230.0,4260.0,4230.0,4240.0
2005-12-20,4280.0,4280.0,4230.0,4270.0
2005-12-21,4270.0,4310.0,4250.0,4280.0
2005-12-22,4280.0,4350.0,4260.0,4330.0
2005-12-23,4330.0,4330.0,4330.0,4330.0
2005-12-26,4430.0,4520.0,4360.0,4510.0
2005-12-27,4510.0,4510.0,4460.0,4470.0
2005-12-28,4500.0,4620.0,4480.0,4620.0
2005-12-29,4670.0,5050.0,4660.0,5050.0
2005-12-30,5020.0,5020.0,4840.0,4920.0
2006-01-02,4920.0,4920.0,4920.0,4920.0
2006-01-03,4920.0,4920.0,4920.0,4920.0
2006-01-04,5000.0,5000.0,4910.0,4920.0
2006-01-05,4940.0,5470.0,4920.0,5290.0
2006-01-06,5440.0,5580.0,5290.0,5520.0
2006-01-09,5520.0,5520.0,5520.0,5520.0
2006-01-10,5420.0,5460.0,5300.0,5330.0
2006-01-11,5430.0,5490.0,5290.0,5430.0
2006-01-12,5590.0,5800.0,5550.0,5800.0
2006-01-13,5710.0,5830.0,5670.0,5710.0
2006-01-16,5840.0,5920.0,5730.0,5880.0
2006-01-17,5750.0,6150.0,5630.0,5650.0
2006-01-18,5600.0,5600.0,4940.0,5120.0
2006-01-19,5110.0,5500.0,5110.0,5440.0
2006-01-20,5570.0,5600.0,5250.0,5310.0
2006-01-23,5130.0,5300.0,5040.0,5060.0
2006-01-24,5120.0,5290.0,5120.0,5260.0
2006-01-25,5250.0,5580.0,5250.0,5560.0
2006-01-26,5560.0,5570.0,5460.0,5500.0
2006-01-27,5560.0,5850.0,5510.0,5830.0
2006-01-30,5990.0,5990.0,5620.0,5660.0
2006-01-31,5660.0,5810.0,5620.0,5630.0
2006-02-01,5600.0,5630.0,5350.0,5470.0
2006-02-02,5570.0,5570.0,5420.0,5450.0
2006-02-03,5450.0,5540.0,5350.0,5480.0
2006-02-06,5490.0,5580.0,5410.0,5540.0
2006-02-07,5550.0,5560.0,5480.0,5510.0
2006-02-08,5450.0,5500.0,5380.0,5380.0
2006-02-09,5400.0,5450.0,5260.0,5260.0
2006-02-10,5340.0,5400.0,5210.0,5300.0
2006-02-13,5300.0,5300.0,4900.0,4950.0
2006-02-14,4850.0,4950.0,4550.0,4850.0
2006-02-15,5100.0,5350.0,4950.0,4960.0
2006-02-16,4860.0,4960.0,4800.0,4800.0
2006-02-17,4840.0,4930.0,4500.0,4500.0
2006-02-20,4540.0,4690.0,4320.0,4340.0
2006-02-21,4490.0,4940.0,4460.0,4840.0
2006-02-22,4790.0,4850.0,4650.0,4780.0
2006-02-23,4780.0,5050.0,4780.0,5020.0
2006-02-24,5000.0,5160.0,4950.0,5100.0
2006-02-27,5220.0,5340.0,5050.0,5050.0
2006-02-28,5110.0,5300.0,5000.0,5200.0
2006-03-01,5020.0,5280.0,5020.0,5230.0
2006-03-02,5260.0,5400.0,5220.0,5260.0
2006-03-03,5170.0,5280.0,5130.0,5210.0
2006-03-06,5170.0,5240.0,5120.0,5200.0
2006-03-07,5150.0,5300.0,5150.0,5200.0
2006-03-08,5300.0,5300.0,5120.0,5120.0
2006-03-09,5140.0,5180.0,5040.0,5110.0
2006-03-10,5090.0,5190.0,5080.0,5130.0
2006-03-13,5120.0,5300.0,5100.0,5300.0
2006-03-14,5300.0,5340.0,5210.0,5250.0
2006-03-15,5250.0,5290.0,5210.0,5240.0
2006-03-16,5270.0,5340.0,5230.0,5250.0
2006-03-17,5210.0,5250.0,5160.0,5240.0
2006-03-20,5290.0,5450.0,5280.0,5410.0
2006-03-21,5410.0,5410.0,5410.0,5410.0
2006-03-22,5460.0,5460.0,5390.0,5440.0
2006-03-23,5490.0,5490.0,5350.0,5360.0
2006-03-24,5370.0,5390.0,5270.0,5380.0
2006-03-27,5450.0,5480.0,5370.0,5410.0
2006-03-28,5360.0,5460.0,5350.0,5440.0
2006-03-29,5480.0,5480.0,5400.0,5460.0
2006-03-30,5520.0,5850.0,5520.0,5830.0
2006-03-31,5750.0,5970.0,5750.0,5890.0
2006-04-03,6000.0,6020.0,5830.0,5850.0
2006-04-04,5940.0,5990.0,5890.0,5920.0
2006-04-05,5960.0,5990.0,5700.0,5770.0
2006-04-06,5820.0,5870.0,5770.0,5840.0
2006-04-07,5890.0,5920.0,5820.0,5910.0
2006-04-10,5910.0,5910.0,5850.0,5890.0
2006-04-11,5930.0,5930.0,5850.0,5870.0
2006-04-12,5810.0,5850.0,5780.0,5780.0
2006-04-13,5780.0,5830.0,5750.0,5790.0
2006-04-14,5830.0,5830.0,5750.0,5800.0
2006-04-17,5830.0,5830.0,5680.0,5730.0
2006-04-18,5660.0,5760.0,5640.0,5760.0
2006-04-19,5810.0,5850.0,5720.0,5750.0
2006-04-20,5730.0,5750.0,5630.0,5660.0
2006-04-21,5650.0,5710.0,5570.0,5650.0
2006-04-24,5600.0,5610.0,5360.0,5390.0
2006-04-25,5380.0,5480.0,5240.0,5450.0
2006-04-26,5440.0,5450.0,5310.0,5350.0
2006-04-27,5350.0,5410.0,5340.0,5390.0
2006-04-28,5410.0,5410.0,5340.0,5390.0
2006-05-01,5350.0,5780.0,5350.0,5680.0
2006-05-02,5650.0,5740.0,5650.0,5720.0
2006-05-03,5720.0,5720.0,5720.0,5720.0
2006-05-04,5720.0,5720.0,5720.0,5720.0
2006-05-05,5720.0,5720.0,5720.0,5720.0
2006-05-08,5950.0,6140.0,5900.0,6140.0
2006-05-09,6150.0,6380.0,6110.0,6330.0
2006-05-10,6300.0,6330.0,6160.0,6250.0
2006-05-11,6200.0,6230.0,6050.0,6100.0
2006-05-12,5900.0,6250.0,5830.0,6120.0
2006-05-15,5730.0,5800.0,5660.0,5680.0
2006-05-16,5700.0,5810.0,5500.0,5560.0
2006-05-17,5520.0,5760.0,5520.0,5760.0
2006-05-18,5600.0,5700.0,5510.0,5670.0
2006-05-19,5710.0,5710.0,5480.0,5660.0
2006-05-22,5680.0,5680.0,5680.0,5680.0
2006-05-23,5600.0,5620.0,5490.0,5500.0
2006-05-24,5510.0,5540.0,5410.0,5510.0
2006-05-25,5520.0,5540.0,5330.0,5360.0
2006-05-26,5430.0,5440.0,5330.0,5390.0
2006-05-29,5450.0,5450.0,5270.0,5310.0
2006-05-30,5320.0,5320.0,5120.0,5150.0
2006-05-31,4950.0,5010.0,4940.0,5000.0
2006-06-01,5100.0,5160.0,5000.0,5030.0
2006-06-02,5000.0,5000.0,4520.0,4900.0
2006-06-05,4850.0,4910.0,4790.0,4840.0
2006-06-06,4750.0,4790.0,4600.0,4670.0
2006-06-07,4600.0,4750.0,4410.0,4490.0
2006-06-08,4290.0,4330.0,4130.0,4230.0
2006-06-09,4230.0,4500.0,4230.0,4480.0
2006-06-12,4510.0,4950.0,4470.0,4930.0
2006-06-13,4750.0,4860.0,4680.0,4710.0
2006-06-14,4620.0,4620.0,4620.0,4620.0
2006-06-15,4730.0,4730.0,4730.0,4730.0
2006-06-16,4950.0,4960.0,4840.0,4930.0
2006-06-19,4930.0,4930.0,4780.0,4820.0
2006-06-20,4740.0,4760.0,4630.0,4640.0
2006-06-21,4840.0,4850.0,4630.0,4660.0
2006-06-22,4740.0,4790.0,4720.0,4780.0
2006-06-23,4940.0,5140.0,4830.0,5140.0
2006-06-26,5040.0,5130.0,5030.0,5060.0
2006-06-27,5050.0,5090.0,5010.0,5050.0
2006-06-28,4950.0,4950.0,4890.0,4920.0
2006-06-29,4970.0,5010.0,4860.0,4870.0
2006-06-30,5070.0,5070.0,4990.0,5030.0
2006-07-03,4950.0,5050.0,4950.0,4990.0
2006-07-04,5140.0,5200.0,5130.0,5180.0
2006-07-05,5190.0,5190.0,5070.0,5100.0
2006-07-06,5190.0,5270.0,5110.0,5220.0
2006-07-07,5340.0,5380.0,5300.0,5350.0
2006-07-10,5350.0,5350.0,5350.0,5350.0
2006-07-11,5360.0,5400.0,5280.0,5330.0
2006-07-12,5340.0,5410.0,5320.0,5350.0
2006-07-13,5300.0,5340.0,5170.0,5200.0
2006-07-14,5150.0,5150.0,4970.0,4980.0
2006-07-17,4980.0,4980.0,4980.0,4980.0
2006-07-18,4780.0,4840.0,4570.0,4630.0
2006-07-19,4630.0,4710.0,4460.0,4500.0
2006-07-20,4750.0,4830.0,4700.0,4810.0
2006-07-21,4760.0,4760.0,4530.0,4570.0
2006-07-24,4530.0,4580.0,4350.0,4420.0
2006-07-25,4570.0,4600.0,4480.0,4500.0
2006-07-26,4480.0,4630.0,4430.0,4450.0
2006-07-27,4440.0,4560.0,4380.0,4490.0
2006-07-28,4500.0,4580.0,4470.0,4570.0
2006-07-31,4690.0,4770.0,4600.0,4670.0
2006-08-01,4720.0,4890.0,4720.0,4880.0
2006-08-02,5030.0,5050.0,4940.0,5010.0
2006-08-03,5020.0,5020.0,4770.0,4820.0
2006-08-04,4830.0,4870.0,4750.0,4780.0
2006-08-07,4770.0,4770.0,4570.0,4590.0
2006-08-08,4560.0,4630.0,4540.0,4630.0
2006-08-09,4610.0,4780.0,4560.0,4730.0
2006-08-10,4760.0,4760.0,4680.0,4710.0
2006-08-11,4700.0,4760.0,4690.0,4720.0
2006-08-14,4730.0,4990.0,4720.0,4910.0
2006-08-15,5110.0,5510.0,5090.0,5380.0
2006-08-16,5410.0,5460.0,5310.0,5360.0
2006-08-17,5400.0,5420.0,5240.0,5260.0
2006-08-18,5280.0,5330.0,5220.0,5300.0
2006-08-21,5300.0,5340.0,5200.0,5230.0
2006-08-22,5150.0,5240.0,5130.0,5210.0
2006-08-23,5260.0,5330.0,5200.0,5260.0
2006-08-24,5290.0,5290.0,5200.0,5250.0
2006-08-25,5240.0,5250.0,5080.0,5100.0
2006-08-28,5080.0,5150.0,5010.0,5070.0
2006-08-29,5070.0,5100.0,4930.0,4990.0
2006-08-30,4960.0,5020.0,4930.0,4980.0
2006-08-31,5000.0,5060.0,4960.0,5030.0
2006-09-01,5130.0,5150.0,5070.0,5110.0
2006-09-04,5210.0,5210.0,5140.0,5150.0
2006-09-05,5160.0,5160.0,5050.0,5100.0
2006-09-06,5040.0,5070.0,5020.0,5030.0
2006-09-07,5010.0,5070.0,4960.0,4980.0
2006-09-08,4980.0,5000.0,4850.0,4990.0
2006-09-11,5040.0,5040.0,4920.0,4930.0
2006-09-12,4910.0,4960.0,4860.0,4860.0
2006-09-13,4910.0,4920.0,4770.0,4770.0
2006-09-14,4780.0,4840.0,4710.0,4770.0
2006-09-15,4740.0,4810.0,4710.0,4800.0
2006-09-18,4800.0,4800.0,4800.0,4800.0
2006-09-19,4830.0,4850.0,4760.0,4780.0
2006-09-20,4790.0,4790.0,4720.0,4730.0
2006-09-21,4740.0,4780.0,4710.0,4740.0
2006-09-22,4720.0,4730.0,4680.0,4710.0
2006-09-25,4660.0,4730.0,4580.0,4690.0
2006-09-26,4700.0,4900.0,4700.0,4840.0
2006-09-27,4840.0,5040.0,4840.0,5040.0
2006-09-28,5150.0,5150.0,5050.0,5110.0
2006-09-29,5070.0,5100.0,4990.0,5030.0
2006-10-02,5050.0,5140.0,5040.0,5120.0
2006-10-03,5080.0,5080.0,4980.0,5010.0
2006-10-04,5010.0,5040.0,4860.0,4880.0
2006-10-05,4930.0,5000.0,4890.0,4940.0
2006-10-06,5140.0,5210.0,5070.0,5080.0
2006-10-09,5080.0,5080.0,5080.0,5080.0
2006-10-10,5000.0,5060.0,4910.0,4930.0
2006-10-11,4980.0,5000.0,4890.0,4920.0
2006-10-12,4870.0,4920.0,4830.0,4920.0
2006-10-13,4970.0,5150.0,4970.0,5140.0
2006-10-16,5110.0,5130.0,5070.0,5110.0
2006-10-17,5140.0,5170.0,5110.0,5120.0
2006-10-18,5400.0,5520.0,5350.0,5490.0
2006-10-19,5510.0,5540.0,5420.0,5470.0
2006-10-20,5500.0,5710.0,5480.0,5680.0
2006-10-23,5750.0,5850.0,5670.0,5850.0
2006-10-24,5850.0,5870.0,5700.0,5720.0
2006-10-25,5700.0,5750.0,5670.0,5680.0
2006-10-26,5730.0,5850.0,5680.0,5830.0
2006-10-27,5840.0,5840.0,5760.0,5780.0
2006-10-30,5730.0,5740.0,5610.0,5640.0
2006-10-31,5700.0,5790.0,5670.0,5730.0
2006-11-01,5730.0,5850.0,5670.0,5850.0
2006-11-02,5780.0,5970.0,5770.0,5910.0
2006-11-03,5910.0,5910.0,5910.0,5910.0
2006-11-06,5900.0,5900.0,5800.0,5870.0
2006-11-07,5950.0,5960.0,5830.0,5850.0
2006-11-08,5840.0,5840.0,5720.0,5800.0
2006-11-09,5800.0,5920.0,5700.0,5820.0
2006-11-10,5420.0,5450.0,5170.0,5250.0
2006-11-13,5210.0,5240.0,5000.0,5190.0
2006-11-14,5390.0,5460.0,5310.0,5460.0
2006-11-15,5460.0,5460.0,5320.0,5410.0
2006-11-16,5430.0,5430.0,5280.0,5310.0
2006-11-17,5350.0,5360.0,5260.0,5290.0
2006-11-20,5210.0,5270.0,5100.0,5170.0
2006-11-21,5230.0,5270.0,5090.0,5120.0
2006-11-22,5120.0,5300.0,5080.0,5260.0
2006-11-23,5260.0,5260.0,5260.0,5260.0
2006-11-24,5260.0,5450.0,5150.0,5410.0
2006-11-27,5410.0,5770.0,5400.0,5720.0
2006-11-28,5580.0,5740.0,5510.0,5730.0
2006-11-29,5640.0,5750.0,5630.0,5720.0
2006-11-30,5690.0,5700.0,5610.0,5650.0
2006-12-01,5620.0,5710.0,5600.0,5630.0
2006-12-04,5590.0,5620.0,5510.0,5610.0
2006-12-05,5610.0,5610.0,5510.0,5520.0
2006-12-06,5520.0,5590.0,5520.0,5570.0
2006-12-07,5580.0,5580.0,5530.0,5540.0
2006-12-08,5460.0,5570.0,5460.0,5500.0
2006-12-11,5580.0,5610.0,5550.0,5580.0
2006-12-12,5600.0,5650.0,5590.0,5600.0
2006-12-13,5600.0,5600.0,5600.0,5600.0
2006-12-14,5580.0,5590.0,5530.0,5560.0
2006-12-15,5510.0,5560.0,5430.0,5490.0
2006-12-18,5410.0,5430.0,5320.0,5380.0
2006-12-19,5350.0,5380.0,5000.0,5110.0
2006-12-20,5150.0,5270.0,5150.0,5250.0
2006-12-21,5250.0,5260.0,5110.0,5120.0
2006-12-22,5180.0,5200.0,5080.0,5160.0
2006-12-25,5130.0,5130.0,5060.0,5070.0
2006-12-26,5090.0,5120.0,5070.0,5110.0
2006-12-27,5130.0,5150.0,5100.0,5130.0
2006-12-28,5170.0,5180.0,4960.0,4980.0
2006-12-29,5010.0,5030.0,4980.0,4980.0
2007-01-04,5050.0,5050.0,5050.0,5050.0
2007-01-05,5150.0,5160.0,5010.0,5040.0
2007-01-09,5040.0,5100.0,5010.0,5020.0
2007-01-10,5040.0,5060.0,4960.0,4980.0
2007-01-11,4970.0,5000.0,4900.0,4940.0
2007-01-12,5000.0,5050.0,4990.0,5010.0
2007-01-15,5050.0,5080.0,5030.0,5070.0
2007-01-16,5090.0,5180.0,5060.0,5170.0
2007-01-17,5240.0,5280.0,5190.0,5270.0
2007-01-18,5280.0,5360.0,5260.0,5330.0
2007-01-19,5360.0,5380.0,5280.0,5360.0
2007-01-22,5310.0,5330.0,5280.0,5310.0
2007-01-23,5320.0,5320.0,5230.0,5250.0
2007-01-24,5240.0,5270.0,5180.0,5260.0
2007-01-25,5260.0,5270.0,5180.0,5180.0
2007-01-26,5110.0,5170.0,5100.0,5160.0
2007-01-29,5110.0,5190.0,5060.0,5150.0
2007-01-30,5150.0,5180.0,5100.0,5100.0
2007-01-31,5100.0,5110.0,5070.0,5100.0
2007-02-01,5100.0,5140.0,5080.0,5140.0
2007-02-02,5160.0,5250.0,5150.0,5200.0
2007-02-05,5130.0,5150.0,5040.0,5040.0
2007-02-06,5060.0,5120.0,5030.0,5090.0
2007-02-07,5120.0,5130.0,5070.0,5080.0
2007-02-08,5080.0,5110.0,5050.0,5080.0
2007-02-09,5050.0,5090.0,5040.0,5090.0
2007-02-13,5090.0,5100.0,5060.0,5080.0
2007-02-14,5110.0,5280.0,5110.0,5260.0
2007-02-15,5360.0,5400.0,5220.0,5280.0
2007-02-16,5110.0,5190.0,5070.0,5180.0
2007-02-19,5110.0,5200.0,5110.0,5200.0
2007-02-20,5190.0,5190.0,5120.0,5140.0
2007-02-21,5130.0,5190.0,5090.0,5150.0
2007-02-22,5150.0,5170.0,5080.0,5110.0
2007-02-23,5090.0,5090.0,5050.0,5070.0
2007-02-26,5150.0,5160.0,5080.0,5110.0
2007-02-27,5090.0,5190.0,5050.0,5050.0
2007-02-28,4650.0,4900.0,4610.0,4850.0
2007-03-01,4850.0,4910.0,4840.0,4880.0
2007-03-02,4860.0,4870.0,4800.0,4860.0
2007-03-05,4820.0,4850.0,4650.0,4650.0
2007-03-06,4610.0,4750.0,4580.0,4670.0
2007-03-07,4850.0,4850.0,4740.0,4780.0
2007-03-08,4860.0,4950.0,4850.0,4950.0
2007-03-09,4900.0,4950.0,4900.0,4940.0
2007-03-12,4920.0,5000.0,4920.0,4990.0
2007-03-13,4990.0,4990.0,4990.0,4990.0
2007-03-14,4810.0,4860.0,4770.0,4770.0
2007-03-15,4820.0,4880.0,4820.0,4850.0
2007-03-16,4890.0,4940.0,4820.0,4900.0
2007-03-19,4880.0,4910.0,4880.0,4890.0
2007-03-20,4990.0,5000.0,4960.0,5000.0
2007-03-22,5140.0,5180.0,5110.0,5110.0
2007-03-23,5170.0,5170.0,5060.0,5090.0
2007-03-26,5130.0,5130.0,5080.0,5110.0
2007-03-27,5110.0,5130.0,5080.0,5090.0
2007-03-28,5090.0,5110.0,5040.0,5070.0
2007-03-29,5070.0,5070.0,5070.0,5070.0
2007-03-30,5000.0,5040.0,4940.0,5030.0
2007-04-02,5020.0,5020.0,4900.0,4950.0
2007-04-03,4900.0,4960.0,4870.0,4940.0
2007-04-04,4980.0,5090.0,4980.0,5080.0
2007-04-05,5030.0,5100.0,5030.0,5060.0
2007-04-06,5070.0,5090.0,5000.0,5040.0
2007-04-09,5040.0,5040.0,5040.0,5040.0
2007-04-10,5040.0,5080.0,4960.0,5050.0
2007-04-11,5070.0,5080.0,5000.0,5030.0
2007-04-12,5030.0,5030.0,5030.0,5030.0
2007-04-13,5040.0,5060.0,4930.0,4940.0
2007-04-16,5020.0,5030.0,4950.0,4990.0
2007-04-17,4940.0,5020.0,4920.0,4920.0
2007-04-18,4890.0,4930.0,4880.0,4880.0
2007-04-19,4840.0,4870.0,4780.0,4830.0
2007-04-20,4930.0,4930.0,4850.0,4870.0
2007-04-23,5220.0,5220.0,5140.0,5200.0
2007-04-24,5100.0,5210.0,5080.0,5140.0
2007-04-25,5190.0,5540.0,5180.0,5400.0
2007-04-26,5380.0,5490.0,5370.0,5490.0
2007-04-27,5430.0,5480.0,5370.0,5430.0
2007-05-01,5480.0,5490.0,5430.0,5440.0
2007-05-02,5390.0,5410.0,5370.0,5400.0
2007-05-07,5480.0,5500.0,5470.0,5490.0
2007-05-08,5650.0,5650.0,5590.0,5610.0
2007-05-09,5500.0,5560.0,5500.0,5530.0
2007-05-10,5470.0,5480.0,5450.0,5450.0
2007-05-11,5400.0,5420.0,5390.0,5400.0
2007-05-14,5250.0,5250.0,5200.0,5210.0
2007-05-15,5060.0,5090.0,4940.0,5000.0
2007-05-16,4700.0,4740.0,4640.0,4730.0
2007-05-17,4760.0,4780.0,4750.0,4750.0
2007-05-18,4710.0,4720.0,4650.0,4650.0
2007-05-21,4610.0,4650.0,4520.0,4620.0
2007-05-22,4630.0,4720.0,4630.0,4720.0
2007-05-23,4740.0,4830.0,4740.0,4830.0
2007-05-24,4770.0,4780.0,4760.0,4770.0
2007-05-25,4700.0,4710.0,4680.0,4700.0
2007-05-28,4700.0,4700.0,4650.0,4670.0
2007-05-29,4720.0,4730.0,4700.0,4730.0
2007-05-30,4680.0,4680.0,4630.0,4680.0
2007-05-31,4710.0,4710.0,4660.0,4670.0
2007-06-01,4780.0,4870.0,4770.0,4820.0
2007-06-04,4900.0,4920.0,4850.0,4880.0
2007-06-05,4930.0,4930.0,4880.0,4910.0
2007-06-06,4910.0,4910.0,4880.0,4900.0
2007-06-07,4970.0,5060.0,4970.0,5060.0
2007-06-08,4980.0,5040.0,4980.0,5020.0
2007-06-11,5120.0,5160.0,5100.0,5130.0
2007-06-12,4970.0,5040.0,4960.0,5010.0
2007-06-13,4870.0,4900.0,4850.0,4890.0
2007-06-14,4900.0,4920.0,4880.0,4900.0
2007-06-15,4980.0,4990.0,4960.0,4990.0
2007-06-18,5080.0,5090.0,5060.0,5080.0
2007-06-19,5020.0,5070.0,5020.0,5030.0
2007-06-20,5010.0,5070.0,5010.0,5020.0
2007-06-21,5010.0,5030.0,4980.0,4990.0
2007-06-22,4930.0,4930.0,4860.0,4870.0
2007-06-25,4880.0,4890.0,4750.0,4770.0
2007-06-26,4820.0,4820.0,4780.0,4780.0
2007-06-27,4690.0,4730.0,4690.0,4710.0
2007-06-28,4910.0,4910.0,4790.0,4820.0
2007-06-29,4810.0,4830.0,4780.0,4800.0
2007-07-02,4800.0,4890.0,4790.0,4890.0
2007-07-03,4940.0,4960.0,4910.0,4950.0
2007-07-04,4960.0,5040.0,4920.0,5000.0
2007-07-05,5010.0,5050.0,4940.0,4950.0
2007-07-06,4990.0,4990.0,4930.0,4930.0
2007-07-09,4990.0,5000.0,4930.0,4970.0
2007-07-10,4950.0,5000.0,4950.0,4980.0
2007-07-11,4960.0,4960.0,4890.0,4950.0
2007-07-12,5000.0,5040.0,4950.0,4980.0
2007-07-13,5030.0,5050.0,4960.0,4980.0
2007-07-17,4950.0,4950.0,4910.0,4950.0
2007-07-18,4960.0,4990.0,4940.0,4940.0
2007-07-19,5000.0,5030.0,5000.0,5020.0
2007-07-20,4990.0,5010.0,4990.0,5000.0
2007-07-23,4970.0,4990.0,4910.0,4930.0
2007-07-24,4860.0,4860.0,4820.0,4850.0
2007-07-25,4750.0,4810.0,4750.0,4810.0
2007-07-26,4800.0,4800.0,4670.0,4680.0
2007-07-27,4590.0,4600.0,4580.0,4580.0
2007-07-30,4550.0,4760.0,4550.0,4750.0
2007-07-31,4800.0,4800.0,4670.0,4700.0
2007-08-01,4700.0,4750.0,4670.0,4670.0
2007-08-02,4770.0,4770.0,4690.0,4750.0
2007-08-03,4760.0,4780.0,4720.0,4750.0
2007-08-06,4720.0,4760.0,4650.0,4720.0
2007-08-07,4750.0,4750.0,4670.0,4680.0
2007-08-08,4690.0,4710.0,4640.0,4660.0
2007-08-09,4880.0,4940.0,4870.0,4920.0
2007-08-10,4750.0,4900.0,4730.0,4760.0
2007-08-13,4750.0,4750.0,4680.0,4690.0
2007-08-14,4710.0,4710.0,4670.0,4690.0
2007-08-15,4650.0,4650.0,4560.0,4560.0
2007-08-16,4360.0,4390.0,4340.0,4370.0
2007-08-17,4380.0,4380.0,3960.0,3980.0
2007-08-20,4000.0,4110.0,3910.0,3910.0
2007-08-21,3910.0,3930.0,3720.0,3860.0
2007-08-22,3930.0,3950.0,3800.0,3830.0
2007-08-23,3900.0,4000.0,3890.0,3980.0
2007-08-24,4030.0,4050.0,3970.0,4000.0
2007-08-27,4040.0,4040.0,3960.0,3960.0
2007-08-28,3950.0,4030.0,3950.0,4000.0
2007-08-29,3950.0,3960.0,3920.0,3940.0
2007-08-30,3960.0,3970.0,3910.0,3930.0
2007-08-31,3960.0,4030.0,3940.0,3940.0
2007-09-03,4040.0,4150.0,3990.0,4120.0
2007-09-04,4110.0,4110.0,4060.0,4070.0
2007-09-05,4070.0,4080.0,3950.0,3960.0
2007-09-06,3920.0,3960.0,3890.0,3950.0
2007-09-07,3990.0,4010.0,3950.0,3980.0
2007-09-10,3890.0,3940.0,3890.0,3890.0
2007-09-11,3840.0,3920.0,3820.0,3900.0
2007-09-12,3910.0,3950.0,3640.0,3780.0
2007-09-13,3780.0,3780.0,3750.0,3760.0
2007-09-14,3780.0,3870.0,3720.0,3850.0
2007-09-18,3760.0,3770.0,3720.0,3730.0
2007-09-19,3850.0,3870.0,3820.0,3870.0
2007-09-20,3910.0,3930.0,3890.0,3920.0
2007-09-21,3890.0,3980.0,3890.0,3950.0
2007-09-25,3960.0,4030.0,3920.0,4000.0
2007-09-26,4040.0,4090.0,4010.0,4090.0
2007-09-27,4150.0,4280.0,4150.0,4280.0
2007-09-28,4330.0,4330.0,4140.0,4150.0
2007-10-01,4110.0,4160.0,4110.0,4160.0
2007-10-02,4190.0,4230.0,4160.0,4180.0
2007-10-03,4150.0,4210.0,4140.0,4210.0
2007-10-04,4170.0,4200.0,4170.0,4180.0
2007-10-05,4210.0,4230.0,4190.0,4210.0
2007-10-09,4210.0,4270.0,4210.0,4240.0
2007-10-10,4250.0,4300.0,4250.0,4280.0
2007-10-11,4290.0,4320.0,4210.0,4310.0
2007-10-12,4310.0,4370.0,4300.0,4310.0
2007-10-15,4300.0,4340.0,4270.0,4320.0
2007-10-16,4310.0,4310.0,4280.0,4280.0
2007-10-17,4250.0,4250.0,4190.0,4210.0
2007-10-18,4260.0,4270.0,4260.0,4270.0
2007-10-19,4220.0,4220.0,4200.0,4200.0
2007-10-22,4060.0,4110.0,4010.0,4070.0
2007-10-23,4140.0,4160.0,4100.0,4120.0
2007-10-24,4160.0,4160.0,4120.0,4120.0
2007-10-25,4030.0,4030.0,4020.0,4020.0
2007-10-26,4020.0,4160.0,4020.0,4160.0
2007-10-29,4310.0,4310.0,4230.0,4300.0
2007-10-30,4290.0,4320.0,4290.0,4320.0
2007-10-31,4300.0,4300.0,4250.0,4290.0
2007-11-01,4340.0,4360.0,4290.0,4360.0
2007-11-02,4260.0,4350.0,4230.0,4290.0
2007-11-05,4310.0,4400.0,4110.0,4180.0
2007-11-06,4160.0,4160.0,4140.0,4140.0
2007-11-07,4080.0,4080.0,3970.0,3970.0
2007-11-08,3820.0,3820.0,3800.0,3800.0
2007-11-09,3760.0,3760.0,3740.0,3740.0
2007-11-12,3640.0,3640.0,3590.0,3590.0
2007-11-13,3550.0,3550.0,3540.0,3540.0
2007-11-14,3690.0,3710.0,3690.0,3710.0
2007-11-15,3747.38720703125,3750.0,3747.38720703125,3750.0
2007-11-16,3705.491943359375,3750.0,3705.491943359375,3750.0
2007-11-19,3770.0,3770.0,3650.0,3650.0
2007-11-20,3510.0,3600.0,3510.0,3600.0
2007-11-21,3560.0,3560.0,3520.0,3520.0
2007-11-22,3440.0,3470.0,3420.0,3440.0
2007-11-26,3350.0,3410.0,3290.0,3360.0
2007-11-27,3280.0,3380.0,3280.0,3380.0
2007-11-28,3440.0,3440.0,3440.0,3440.0
2007-11-29,3530.0,3530.0,3500.0,3500.0
2007-11-30,3498.25,3600.0,3498.25,3600.0
2007-12-03,3600.0,3600.0,3510.0,3510.0
2007-12-04,3460.0,3460.0,3430.0,3430.0
2007-12-05,3430.0,3430.0,3330.0,3330.0
2007-12-06,3330.0,3340.0,3330.0,3340.0
2007-12-07,3340.0,3430.0,3340.0,3430.0
2007-12-10,3440.0,3440.0,3410.0,3410.0
2007-12-11,3460.0,3460.0,3450.0,3450.0
2007-12-12,3390.0,3450.0,3390.0,3450.0
2007-12-13,3400.0,3400.0,3380.0,3380.0
2007-12-14,3380.0,3380.0,3360.0,3360.0
2007-12-17,3300.0,3300.0,3300.0,3300.0
2007-12-18,3240.0,3270.0,3200.0,3200.0
2007-12-19,3220.0,3220.0,3210.0,3210.0
2007-12-20,3180.0,3180.0,3170.0,3170.0
2007-12-21,3140.0,3160.0,3140.0,3160.0
2007-12-25,3220.0,3240.0,3220.0,3230.0
2007-12-26,3270.0,3350.0,3270.0,3340.0
2007-12-27,3310.0,3340.0,3310.0,3340.0
2007-12-28,3250.0,3250.0,3250.0,3250.0
2008-01-04,3080.0,3080.0,3080.0,3080.0
2008-01-07,3030.0,3030.0,3030.0,3030.0
2008-01-08,2980.0,2980.0,2980.0,2980.0
2008-01-09,2950.0,2990.0,2950.0,2990.0
2008-01-10,2970.0,2980.0,2950.0,2960.0
2008-01-11,2890.0,2890.0,2830.0,2840.0
2008-01-15,2540.0,2540.0,2540.0,2540.0
2008-01-16,2390.0,2460.0,2350.0,2350.0
2008-01-17,2370.0,2370.0,2370.0,2370.0
2008-01-18,2370.0,2480.0,2370.0,2480.0
2008-01-21,2370.0,2400.0,2370.0,2400.0
2008-01-22,2300.0,2300.0,2180.0,2200.0
2008-01-23,2250.0,2270.0,2250.0,2270.0
2008-01-24,2330.0,2450.0,2330.0,2450.0
2008-01-25,2740.0,2740.0,2740.0,2740.0
2008-01-28,2710.0,2710.0,2660.0,2670.0
2008-01-29,2700.0,2740.0,2680.0,2730.0
2008-01-30,2730.0,2750.0,2730.0,2750.0
2008-01-31,2890.0,2890.0,2890.0,2890.0
2008-02-01,2890.0,2890.0,2830.0,2830.0
2008-02-04,2920.0,2920.0,2910.0,2910.0
2008-02-05,2950.0,2950.0,2950.0,2950.0
2008-02-06,2810.0,2830.0,2770.0,2780.0
2008-02-07,2810.0,2810.0,2770.0,2770.0
2008-02-08,2850.0,2850.0,2780.0,2850.0
2008-02-12,2790.0,2860.0,2790.0,2840.0
2008-02-13,2800.0,2860.0,2800.0,2860.0
2008-02-14,2860.0,2950.0,2860.0,2950.0
2008-02-15,2930.0,3020.0,2870.0,3020.0
2008-02-18,3290.0,3290.0,3280.0,3280.0
2008-02-19,3320.0,3330.0,3320.0,3330.0
2008-02-20,3460.0,3460.0,3440.0,3440.0
2008-02-21,3480.0,3600.0,3470.0,3550.0
2008-02-22,3510.0,3510.0,3510.0,3510.0
2008-02-25,3520.0,3540.0,3510.0,3510.0
2008-02-26,3480.0,3480.0,3410.0,3410.0
2008-02-27,3510.0,3510.0,3500.0,3500.0
2008-02-28,3479.9130859375,3480.0,3479.9130859375,3480.0
2008-02-29,3440.0,3460.0,3420.0,3430.0
2008-03-03,3430.0,3430.0,3210.0,3210.0
2008-03-04,3250.0,3250.0,3210.0,3210.0
2008-03-05,3160.0,3160.0,3130.0,3130.0
2008-03-06,3200.0,3200.0,3160.0,3200.0
2008-03-07,3080.0,3080.0,3010.0,3010.0
2008-03-10,2850.0,2860.0,2760.0,2760.0
2008-03-11,2900.0,2910.0,2820.0,2910.0
2008-03-12,2950.0,2950.0,2840.0,2840.0
2008-03-13,2752.75,2770.0,2752.75,2770.0
2008-03-14,2760.0,2760.0,2680.0,2680.0
2008-03-17,2690.0,2690.0,2470.0,2470.0
2008-03-18,2510.0,2510.0,2500.0,2500.0
2008-03-19,2650.0,2650.0,2620.0,2620.0
2008-03-21,2700.0,2740.0,2700.0,2740.0
2008-03-24,2750.0,2900.0,2750.0,2900.0
2008-03-25,2970.0,3000.0,2970.0,3000.0
2008-03-26,2970.0,2980.0,2970.0,2980.0
2008-03-27,3030.0,3030.0,3030.0,3030.0
2008-03-28,3040.0,3040.0,3040.0,3040.0
2008-03-31,3060.0,3060.0,2970.0,3030.0
2008-04-01,3070.0,3070.0,3070.0,3070.0
2008-04-02,3230.0,3230.0,3230.0,3230.0
2008-04-03,3240.0,3270.0,3240.0,3270.0
2008-04-04,3200.0,3200.0,3130.0,3130.0
2008-04-07,3120.0,3120.0,3120.0,3120.0
2008-04-08,3110.0,3120.0,3060.0,3060.0
2008-04-09,3060.0,3060.0,3040.0,3040.0
2008-04-10,2930.0,2940.0,2930.0,2940.0
2008-04-11,2940.0,2940.0,2910.0,2910.0
2008-04-14,2910.0,2910.0,2850.0,2850.0
2008-04-15,2930.0,2930.0,2890.0,2890.0
2008-04-16,2940.0,2960.0,2940.0,2960.0
2008-04-17,3040.0,3040.0,3030.0,3030.0
2008-04-18,3020.0,3060.0,3020.0,3060.0
2008-04-21,3050.0,3080.0,3020.0,3060.0
2008-04-22,3000.0,3010.0,3000.0,3010.0
2008-04-23,2980.0,3000.0,2980.0,2990.0
2008-04-24,3000.0,3020.0,2990.0,2990.0
2008-04-25,3050.0,3170.0,3050.0,3170.0
2008-04-28,3330.0,3330.0,3290.0,3290.0
2008-04-30,3290.0,3290.0,3260.0,3260.0
2008-05-01,3220.0,3240.0,3210.0,3210.0
2008-05-02,3256.413818359375,3256.413818359375,3250.0,3250.0
2008-05-07,3310.0,3310.0,3300.0,3300.0
2008-05-08,3330.0,3330.0,3300.0,3300.0
2008-05-09,3260.0,3260.0,3180.0,3180.0
2008-05-12,3130.0,3200.0,3130.0,3180.0
2008-05-13,3230.0,3230.0,3230.0,3230.0
2008-05-14,3320.0,3400.0,3300.0,3390.0
2008-05-15,4190.0,4190.0,4190.0,4190.0
2008-05-16,4360.0,4360.0,4360.0,4360.0
2008-05-19,4240.0,4240.0,4190.0,4190.0
2008-05-20,4250.0,4280.0,4180.0,4240.0
2008-05-21,4150.0,4150.0,4100.0,4100.0
2008-05-22,4040.0,4080.0,4040.0,4080.0
2008-05-23,4070.0,4110.0,4070.0,4110.0
2008-05-26,4070.0,4070.0,4020.0,4020.0
2008-05-27,4090.0,4210.0,4090.0,4210.0
2008-05-28,4300.0,4300.0,4210.0,4210.0
2008-05-29,4490.0,4570.0,4490.0,4570.0
2008-05-30,4670.0,4670.0,4660.0,4660.0
2008-06-02,4680.0,4710.0,4680.0,4710.0
2008-06-03,4705.64013671875,4740.0,4705.64013671875,4740.0
2008-06-04,4980.0,5100.0,4980.0,5100.0
2008-06-05,4990.0,5070.0,4990.0,5070.0
2008-06-06,4860.0,4860.0,4830.0,4830.0
2008-06-09,4710.0,4710.0,4640.0,4640.0
2008-06-10,4620.0,4620.0,4530.0,4530.0
2008-06-11,4530.0,4610.0,4530.0,4610.0
2008-06-12,4570.0,4570.0,4500.0,4500.0
2008-06-13,4380.0,4410.0,4380.0,4410.0
2008-06-16,4420.0,4480.0,4420.0,4480.0
2008-06-17,4650.0,4650.0,4600.0,4600.0
2008-06-18,4720.0,4750.0,4720.0,4750.0
2008-06-19,4800.0,4800.0,4710.0,4710.0
2008-06-20,4520.0,4560.0,4500.0,4530.0
2008-06-23,4490.0,4610.0,4460.0,4590.0
2008-06-24,4440.0,4440.0,4440.0,4440.0
2008-06-25,4280.0,4490.0,4280.0,4490.0
2008-06-26,4430.0,4430.0,4420.0,4420.0
2008-06-27,4310.0,4320.0,4310.0,4320.0
2008-06-30,4300.0,4300.0,4240.0,4240.0
2008-07-01,4241.0,4250.0,4241.0,4250.0
2008-07-02,4250.0,4250.0,4150.0,4150.0
2008-07-03,4150.0,4250.0,4150.0,4250.0
2008-07-04,4220.0,4220.0,4210.0,4210.0
2008-07-07,4210.0,4360.0,4210.0,4360.0
2008-07-08,4270.0,4270.0,4150.0,4150.0
2008-07-09,4230.0,4230.0,4100.0,4100.0
2008-07-10,4100.0,4110.0,4100.0,4110.0
2008-07-11,4360.0,4390.0,4360.0,4390.0
2008-07-14,4800.0,4800.0,4760.0,4760.0
2008-07-15,4640.0,4690.0,4640.0,4690.0
2008-07-16,4650.0,4740.0,4640.0,4720.0
2008-07-17,4643.955078125,4680.0,4643.955078125,4680.0
2008-07-18,4710.0,4710.0,4630.0,4630.0
2008-07-22,4660.0,4750.0,4540.0,4750.0
2008-07-23,4840.0,4840.0,4840.0,4840.0
2008-07-24,4840.0,4890.0,4840.0,4890.0
2008-07-25,4870.0,4870.0,4770.0,4770.0
2008-07-28,4790.0,4790.0,4620.0,4620.0
2008-07-29,4520.0,4530.0,4520.0,4530.0
2008-07-30,4680.0,4730.0,4680.0,4730.0
2008-07-31,4550.0,4820.0,4550.0,4820.0
2008-08-01,4580.0,4580.0,4570.0,4570.0
2008-08-04,4500.0,4500.0,4440.0,4440.0
2008-08-05,4350.0,4350.0,4220.0,4220.0
2008-08-06,4450.0,4650.0,4450.0,4650.0
2008-08-07,4774.7421875,4820.0,4774.7421875,4820.0
2008-08-08,4760.0,4880.0,4760.0,4880.0
2008-08-11,4970.0,4990.0,4970.0,4990.0
2008-08-12,4950.0,4950.0,4920.0,4920.0
2008-08-13,4720.0,4790.0,4660.0,4750.0
2008-08-14,4740.0,4820.0,4740.0,4820.0
2008-08-15,4740.0,4930.0,4740.0,4930.0
2008-08-18,5160.0,5160.0,4980.0,4980.0
2008-08-19,4830.0,4860.0,4750.0,4750.0
2008-08-20,4760.0,4850.0,4760.0,4850.0
2008-08-21,4710.0,4770.0,4700.0,4750.0
2008-08-22,4750.0,4750.0,4640.0,4640.0
2008-08-25,4640.0,4800.0,4640.0,4800.0
2008-08-26,4830.0,5060.0,4830.0,5060.0
2008-08-27,5040.0,5040.0,5010.0,5010.0
2008-08-28,4942.5751953125,5090.0,4942.5751953125,5090.0
2008-08-29,5090.0,5350.0,5090.0,5350.0
2008-09-01,5290.0,5380.0,5290.0,5380.0
2008-09-02,5410.0,5410.0,5220.0,5220.0
2008-09-03,5220.0,5240.0,5220.0,5240.0
2008-09-04,5240.0,5240.0,5200.0,5200.0
2008-09-05,5030.0,5030.0,5000.0,5000.0
2008-09-08,5190.0,5190.0,5100.0,5100.0
2008-09-09,4940.0,4940.0,4840.0,4840.0
2008-09-10,4740.0,4800.0,4720.0,4760.0
2008-09-11,4700.0,4700.0,4520.0,4520.0
2008-09-12,4600.0,4640.0,4600.0,4640.0
2008-09-16,4670.0,4680.0,4670.0,4680.0
2008-09-17,4610.0,4610.0,4340.0,4340.0
2008-09-18,4340.0,4370.0,4340.0,4370.0
2008-09-19,4580.0,4610.0,4580.0,4610.0
2008-09-22,4680.0,4680.0,4510.0,4510.0
2008-09-24,4510.0,4570.0,4510.0,4570.0
2008-09-25,4500.0,4520.0,4450.0,4470.0
2008-09-26,4330.0,4340.0,4290.0,4290.0
2008-09-29,4300.0,4300.0,4220.0,4220.0
2008-09-30,4050.0,4070.0,4020.0,4070.0
2008-10-01,4070.0,4070.0,3970.0,3970.0
2008-10-02,3860.0,3860.0,3570.0,3570.0
2008-10-03,3380.0,3380.0,3320.0,3320.0
2008-10-06,3300.0,3300.0,3150.0,3150.0
2008-10-07,3180.0,3180.0,3180.0,3180.0
2008-10-08,3180.0,3180.0,2960.0,2960.0
2008-10-09,3260.0,3370.0,3260.0,3370.0
2008-10-10,3380.0,3510.0,3380.0,3510.0
2008-10-14,4050.0,4110.0,4010.0,4070.0
2008-10-15,3710.0,3720.0,3710.0,3720.0
2008-10-16,3510.0,3590.0,3380.0,3420.0
2008-10-17,3780.0,3780.0,3780.0,3780.0
2008-10-20,3750.0,3910.0,3750.0,3910.0
2008-10-21,3810.0,3810.0,3790.0,3790.0
2008-10-22,3660.0,3730.0,3500.0,3520.0
2008-10-23,3480.0,3700.0,3480.0,3700.0
2008-10-24,3610.0,3610.0,3530.0,3530.0
2008-10-27,3530.0,3530.0,3100.0,3100.0
2008-10-28,3530.0,3530.0,3520.0,3520.0
2008-10-29,3530.0,3530.0,3400.0,3400.0
2008-10-30,3560.0,3790.0,3560.0,3790.0
2008-10-31,3800.0,3800.0,3550.0,3550.0
2008-11-04,3710.0,3790.0,3710.0,3790.0
2008-11-05,3790.0,3900.0,3790.0,3900.0
2008-11-06,3550.0,3550.0,3470.0,3470.0
2008-11-07,3690.0,3690.0,3620.0,3620.0
2008-11-10,3860.0,4090.0,3860.0,4090.0
2008-11-11,4090.0,4520.0,4090.0,4520.0
2008-11-12,4790.0,4790.0,4610.0,4680.0
2008-11-13,4480.0,4480.0,4440.0,4440.0
2008-11-14,4440.0,4440.0,4270.0,4270.0
2008-11-17,4350.0,4420.0,4290.0,4350.0
2008-11-18,4370.0,4380.0,4370.0,4380.0
2008-11-19,4480.0,4530.0,4480.0,4530.0
2008-11-20,4650.0,4680.0,4650.0,4680.0
2008-11-21,4680.0,4910.0,4680.0,4910.0
2008-11-25,4920.0,4920.0,4670.0,4670.0
2008-11-26,4860.0,4860.0,4840.0,4840.0
2008-11-27,4810.0,4880.0,4810.0,4880.0
2008-11-28,4890.0,4930.0,4890.0,4930.0
2008-12-01,4830.0,4850.0,4750.0,4760.0
2008-12-02,4770.0,4770.0,4570.0,4570.0
2008-12-03,4440.0,4440.0,4440.0,4440.0
2008-12-04,4540.0,4540.0,4440.0,4440.0
2008-12-05,4440.0,4810.0,4440.0,4810.0
2008-12-08,4810.0,5070.0,4810.0,5070.0
2008-12-09,5040.0,5040.0,5040.0,5040.0
2008-12-10,5140.0,5140.0,5120.0,5120.0
2008-12-11,5080.0,5190.0,5080.0,5190.0
2008-12-12,5190.0,5190.0,4960.0,4960.0
2008-12-15,4990.0,4990.0,4970.0,4970.0
2008-12-16,5270.0,5270.0,5150.0,5150.0
2008-12-17,4920.0,4920.0,4740.0,4740.0
2008-12-18,4550.0,4550.0,4520.0,4520.0
2008-12-19,4640.0,4640.0,4620.0,4620.0
2008-12-22,4470.0,4480.0,4450.0,4450.0
2008-12-24,4368.2841796875,4368.2841796875,4190.0,4190.0
2008-12-25,4330.0,4370.0,4300.0,4360.0
2008-12-26,4560.0,4580.0,4500.0,4570.0
2008-12-29,4630.0,4690.0,4620.0,4670.0
2008-12-30,4590.0,4700.0,4590.0,4620.0
2009-01-05,4650.0,4650.0,4650.0,4650.0
2009-01-06,4790.0,4790.0,4790.0,4790.0
2009-01-07,4870.0,4870.0,4770.0,4770.0
2009-01-08,4850.0,4850.0,4670.0,4670.0
2009-01-09,4670.0,4900.0,4670.0,4900.0
2009-01-13,4750.0,4750.0,4670.0,4670.0
2009-01-14,4670.0,4680.0,4670.0,4680.0
2009-01-15,4460.0,4460.0,4360.0,4360.0
2009-01-16,4460.0,4660.0,4460.0,4660.0
2009-01-19,4610.0,4660.0,4550.0,4640.0
2009-01-20,4550.0,4570.0,4550.0,4570.0
2009-01-21,4530.0,4530.0,4430.0,4430.0
2009-01-22,4430.0,4430.0,4400.0,4400.0
2009-01-23,4360.0,4360.0,4220.0,4220.0
2009-01-26,4220.0,4220.0,3970.0,3970.0
2009-01-27,4200.0,4240.0,4150.0,4200.0
2009-01-28,4200.0,4300.0,4200.0,4300.0
2009-01-29,4390.0,4390.0,4350.0,4350.0
2009-01-30,4350.0,4350.0,4210.0,4210.0
2009-02-02,4250.0,4250.0,4200.0,4200.0
2009-02-03,4230.0,4230.0,4170.0,4170.0
2009-02-04,4180.0,4250.0,4180.0,4250.0
2009-02-05,4270.0,4270.0,4240.0,4240.0
2009-02-06,4230.0,4260.0,4230.0,4260.0
2009-02-09,4320.0,4320.0,4160.0,4160.0
2009-02-10,4300.0,4400.0,4300.0,4380.0
2009-02-12,4510.0,4510.0,4500.0,4500.0
2009-02-13,4400.0,4400.0,4370.0,4370.0
2009-02-16,4160.0,4160.0,4160.0,4160.0
2009-02-17,4030.0,4030.0,4030.0,4030.0
2009-02-18,4150.0,4160.0,4150.0,4160.0
2009-02-19,4140.0,4140.0,4140.0,4140.0
2009-02-20,4040.0,4040.0,4030.0,4030.0
2009-02-23,4080.0,4170.0,4080.0,4170.0
2009-02-24,4170.0,4350.0,4170.0,4350.0
2009-02-25,4410.0,4550.0,4410.0,4550.0
2009-02-26,4550.0,4550.0,4500.0,4500.0
2009-02-27,4380.0,4470.0,4380.0,4470.0
2009-03-02,4400.0,4410.0,4400.0,4410.0
2009-03-03,4510.0,4630.0,4510.0,4630.0
2009-03-04,4880.0,5010.0,4880.0,5010.0
2009-03-05,4990.0,5000.0,4990.0,5000.0
2009-03-06,5050.0,5050.0,5030.0,5030.0
2009-03-09,4930.0,4990.0,4930.0,4990.0
2009-03-10,5040.0,5040.0,5020.0,5020.0
2009-03-11,5070.0,5070.0,5070.0,5070.0
2009-03-12,4980.0,4980.0,4850.0,4850.0
2009-03-13,4890.0,4970.0,4890.0,4970.0
2009-03-16,4960.0,4960.0,4930.0,4930.0
2009-03-17,4910.0,4910.0,4790.0,4840.0
2009-03-18,4760.0,4760.0,4660.0,4660.0
2009-03-19,4760.0,4760.0,4720.0,4720.0
2009-03-23,4770.0,4840.0,4770.0,4840.0
2009-03-24,4800.0,4800.0,4760.0,4760.0
2009-03-25,4860.0,4860.0,4810.0,4810.0
2009-03-26,4760.0,5000.0,4760.0,5000.0
2009-03-27,5040.0,5040.0,4890.0,4890.0
2009-03-30,4860.0,4860.0,4670.0,4670.0
2009-03-31,4720.0,4720.0,4550.0,4550.0
2009-04-01,4680.0,4680.0,4680.0,4680.0
2009-04-02,4690.0,4750.0,4690.0,4750.0
2009-04-03,4720.0,4720.0,4680.0,4680.0
2009-04-06,4750.0,4750.0,4610.0,4610.0
2009-04-07,4610.0,4700.0,4610.0,4700.0
2009-04-08,4690.0,4690.0,4660.0,4660.0
2009-04-09,4670.0,4770.0,4670.0,4770.0
2009-04-10,4700.0,4700.0,4660.0,4660.0
2009-04-13,4710.0,4710.0,4710.0,4710.0
2009-04-14,4650.0,4720.0,4650.0,4720.0
2009-04-15,4720.0,4740.0,4720.0,4740.0
2009-04-16,4730.0,4730.0,4700.0,4700.0
2009-04-17,4700.0,5090.0,4700.0,5090.0
2009-04-20,5070.0,5140.0,5070.0,5140.0
2009-04-21,5030.0,5250.0,5030.0,5250.0
2009-04-22,5180.0,5180.0,5160.0,5160.0
2009-04-23,5370.0,5570.0,5370.0,5570.0
2009-04-24,5640.0,5640.0,5590.0,5590.0
2009-04-27,5574.9072265625,5574.9072265625,5540.0,5540.0
2009-04-28,5480.0,5480.0,5260.0,5260.0
2009-04-30,5550.0,5650.0,5530.0,5650.0
2009-05-01,5540.0,5650.0,5540.0,5650.0
2009-05-07,5632.20263671875,5640.0,5632.20263671875,5640.0
2009-05-08,5600.0,5690.0,5600.0,5690.0
2009-05-11,5690.0,5690.0,5670.0,5670.0
2009-05-12,5670.0,5670.0,5480.0,5480.0
2009-05-13,5490.0,5570.0,5490.0,5570.0
2009-05-14,5570.56396484375,5660.0,5570.56396484375,5660.0
2009-05-15,5820.0,5820.0,5820.0,5820.0
2009-05-18,5590.0,5630.0,5590.0,5630.0
2009-05-19,5710.0,5710.0,5670.0,5670.0
2009-05-20,5660.0,5780.0,5660.0,5780.0
2009-05-21,5750.0,5820.0,5750.0,5820.0
2009-05-22,5920.0,5920.0,5910.0,5910.0
2009-05-25,6140.0,6380.0,6140.0,6380.0
2009-05-26,6320.0,6390.0,6320.0,6390.0
2009-05-27,6260.0,6280.0,6260.0,6280.0
2009-05-28,6280.0,6340.0,6280.0,6340.0
2009-05-29,6190.0,6220.0,6190.0,6220.0
2009-06-01,6240.0,6240.0,6170.0,6170.0
2009-06-02,6170.0,6460.0,6170.0,6460.0
2009-06-03,6430.0,6470.0,6430.0,6470.0
2009-06-04,6550.0,6550.0,6480.0,6480.0
2009-06-05,6460.171875,6460.171875,6360.0,6360.0
2009-06-08,6360.0,6440.0,6360.0,6440.0
2009-06-09,6440.0,6440.0,6320.0,6320.0
2009-06-10,6350.0,6430.0,6350.0,6430.0
2009-06-11,6370.0,6450.0,6370.0,6420.0
2009-06-12,6500.0,6500.0,6380.0,6430.0
2009-06-15,6380.0,6390.0,6250.0,6330.0
2009-06-16,6050.0,6070.0,6010.0,6030.0
2009-06-17,6100.0,6200.0,6070.0,6190.0
2009-06-18,6250.0,6350.0,6220.0,6340.0
2009-06-19,6080.0,6120.0,6030.0,6060.0
2009-06-22,6170.0,6330.0,6130.0,6270.0
2009-06-23,6210.0,6260.0,6210.0,6220.0
2009-06-24,6240.0,6370.0,6200.0,6350.0
2009-06-25,6380.0,6510.0,6370.0,6440.0
2009-06-26,6490.0,6520.0,6380.0,6500.0
2009-06-29,6540.0,6570.0,6420.0,6470.0
2009-06-30,6490.0,6530.0,6380.0,6450.0
2009-07-01,6550.0,7440.0,6490.0,7200.0
2009-07-02,7010.0,7160.0,6960.0,7070.0
2009-07-03,7020.0,7370.0,6980.0,7250.0
2009-07-06,7200.0,7490.0,7140.0,7200.0
2009-07-07,7100.0,7340.0,7070.0,7300.0
2009-07-08,7120.0,7160.0,6890.0,7020.0
2009-07-09,6820.0,7090.0,6820.0,6930.0
2009-07-10,7130.0,7130.0,6810.0,6900.0
2009-07-13,6760.0,6900.0,6340.0,6360.0
2009-07-14,6600.0,7080.0,6540.0,6980.0
2009-07-15,6990.0,7080.0,6750.0,6790.0
2009-07-16,6940.0,6960.0,6720.0,6760.0
2009-07-17,6860.0,6860.0,6550.0,6590.0
2009-07-21,6750.0,7140.0,6630.0,7080.0
2009-07-22,7160.0,7580.0,7030.0,7470.0
2009-07-23,7510.0,7540.0,7280.0,7300.0
2009-07-24,7500.0,7500.0,7260.0,7330.0
2009-07-27,7430.0,7430.0,7220.0,7250.0
2009-07-28,7210.0,7220.0,7080.0,7090.0
2009-07-29,7210.0,7540.0,7170.0,7510.0
2009-07-30,7520.0,7590.0,7310.0,7380.0
2009-07-31,7440.0,7450.0,7320.0,7420.0
2009-08-03,7350.0,7490.0,7310.0,7440.0
2009-08-04,7430.0,7670.0,7430.0,7600.0
2009-08-05,7640.0,7690.0,7390.0,7400.0
2009-08-06,7360.0,7430.0,7300.0,7320.0
2009-08-07,7420.0,7420.0,7210.0,7290.0
2009-08-10,7690.0,8010.0,7660.0,8000.0
2009-08-11,8000.0,8290.0,7910.0,8150.0
2009-08-12,8100.0,8540.0,8020.0,8400.0
2009-08-13,8800.0,9150.0,8760.0,9130.0
2009-08-14,9150.0,9310.0,8930.0,9130.0
2009-08-17,9230.0,9360.0,9130.0,9190.0
2009-08-18,9010.0,9160.0,8830.0,9150.0
2009-08-19,9090.0,9150.0,8810.0,8890.0
2009-08-20,8840.0,9080.0,8600.0,9050.0
2009-08-21,8960.0,9050.0,8610.0,8750.0
2009-08-24,9000.0,9000.0,8760.0,8820.0
2009-08-25,8750.0,8820.0,8540.0,8750.0
2009-08-26,8710.0,8830.0,8620.0,8750.0
2009-08-27,8790.0,8930.0,8580.0,8690.0
2009-08-28,8750.0,8760.0,8550.0,8640.0
2009-08-31,8720.0,8850.0,8410.0,8420.0
2009-09-02,8810.0,9250.0,8730.0,9180.0
2009-09-03,9230.0,9280.0,8670.0,8730.0
2009-09-04,8680.0,8760.0,8490.0,8580.0
2009-09-07,8610.0,8710.0,8540.0,8610.0
2009-09-08,8590.0,8600.0,8360.0,8530.0
2009-09-09,8570.0,8880.0,8490.0,8670.0
2009-09-10,8670.0,8930.0,8580.0,8830.0
2009-09-11,8850.0,8850.0,8580.0,8640.0
2009-09-14,8740.0,8740.0,8590.0,8620.0
2009-09-15,8590.0,8650.0,8400.0,8400.0
2009-09-16,8400.0,8550.0,8300.0,8430.0
2009-09-17,8600.0,8610.0,8400.0,8480.0
2009-09-18,8380.0,8730.0,8300.0,8610.0
2009-09-21,8610.0,8610.0,8610.0,8610.0
2009-09-24,8710.0,8710.0,8540.0,8670.0
2009-09-25,8640.0,8650.0,8490.0,8510.0
2009-09-28,8450.0,8450.0,8240.0,8250.0
2009-09-29,8290.0,8380.0,7980.0,8050.0
2009-09-30,7960.0,8200.0,7920.0,8200.0
2009-10-01,8040.0,8190.0,7960.0,8010.0
2009-10-02,7940.0,8060.0,7780.0,8000.0
2009-10-05,8280.0,8450.0,8040.0,8130.0
2009-10-06,8130.0,8210.0,7880.0,8030.0
2009-10-07,8040.0,8080.0,7870.0,8060.0
2009-10-08,7980.0,8060.0,7850.0,7880.0
2009-10-09,7930.0,8250.0,7910.0,8150.0
2009-10-13,8250.0,8290.0,8170.0,8210.0
2009-10-14,8110.0,8120.0,7830.0,7860.0
2009-10-15,7900.0,7930.0,7530.0,7580.0
2009-10-16,7600.0,7850.0,7600.0,7700.0
2009-10-19,7640.0,7830.0,7610.0,7780.0
2009-10-20,7760.0,7810.0,7630.0,7680.0
2009-10-21,7710.0,7740.0,7590.0,7600.0
2009-10-22,7510.0,7550.0,7450.0,7510.0
2009-10-23,7570.0,7780.0,7500.0,7710.0
2009-10-26,7880.0,8060.0,7850.0,8060.0
2009-10-27,8120.0,8280.0,8070.0,8200.0
2009-10-28,8220.0,8220.0,7790.0,7890.0
2009-10-29,7690.0,7730.0,7600.0,7670.0
2009-10-30,7690.0,7750.0,7610.0,7670.0
2009-11-02,7470.0,7580.0,7460.0,7580.0
2009-11-04,7670.0,7840.0,7600.0,7660.0
2009-11-05,7610.0,7640.0,7500.0,7530.0
2009-11-06,7540.0,7620.0,7310.0,7380.0
2009-11-09,7400.0,7690.0,7350.0,7610.0
2009-11-10,8010.0,8370.0,8000.0,8290.0
2009-11-11,8190.0,8330.0,8050.0,8100.0
2009-11-12,8150.0,8230.0,8020.0,8050.0
2009-11-13,8080.0,8080.0,7880.0,8020.0
2009-11-16,7930.0,8040.0,7810.0,7820.0
2009-11-17,7860.0,7920.0,7460.0,7530.0
2009-11-18,7490.0,7580.0,7410.0,7560.0
2009-11-19,7610.0,7640.0,7470.0,7630.0
2009-11-20,7530.0,7830.0,7510.0,7810.0
2009-11-24,8010.0,8010.0,7540.0,7580.0
2009-11-25,7520.0,7620.0,7340.0,7590.0
2009-11-26,7540.0,7620.0,7390.0,7540.0
2009-11-27,7340.0,7340.0,6570.0,6740.0
2009-11-30,6780.0,6800.0,6520.0,6590.0
2009-12-01,6590.0,6960.0,6470.0,6930.0
2009-12-02,6960.0,7310.0,6960.0,7050.0
2009-12-03,7290.0,7380.0,7220.0,7320.0
2009-12-04,7300.0,7330.0,7100.0,7210.0
2009-12-07,7250.0,7260.0,6880.0,6880.0
2009-12-08,6750.0,6750.0,6400.0,6420.0
2009-12-09,6390.0,6430.0,6120.0,6130.0
2009-12-10,6230.0,6410.0,6120.0,6230.0
2009-12-11,6350.0,6680.0,6340.0,6680.0
2009-12-14,6650.0,6800.0,6480.0,6760.0
2009-12-15,6700.0,6840.0,6620.0,6650.0
2009-12-16,6650.0,6830.0,6620.0,6760.0
2009-12-17,6720.0,6830.0,6680.0,6710.0
2009-12-18,6510.0,6680.0,6490.0,6640.0
2009-12-21,6580.0,6600.0,6480.0,6530.0
2009-12-22,6560.0,6720.0,6550.0,6690.0
2009-12-24,6790.0,6830.0,6720.0,6730.0
2009-12-25,6800.0,6800.0,6670.0,6700.0
2009-12-28,6700.0,6820.0,6670.0,6770.0
2009-12-29,6830.0,7020.0,6830.0,7010.0
2009-12-30,7210.0,7290.0,7170.0,7250.0
2010-01-04,7190.0,7290.0,7110.0,7220.0
2010-01-05,7260.0,7260.0,7050.0,7080.0
2010-01-06,6900.0,6900.0,6900.0,6900.0
2010-01-07,6870.0,7110.0,6810.0,7020.0
2010-01-08,7010.0,7110.0,7000.0,7070.0
2010-01-12,7030.0,7150.0,7000.0,7140.0
2010-01-13,7100.0,7210.0,7030.0,7070.0
2010-01-14,7090.0,7180.0,7040.0,7120.0
2010-01-15,7060.0,7130.0,7030.0,7090.0
2010-01-18,7010.0,7080.0,6960.0,7040.0
2010-01-19,7040.0,7040.0,6900.0,6900.0
2010-01-20,6960.0,7000.0,6810.0,6820.0
2010-01-21,6750.0,6950.0,6670.0,6930.0
2010-01-22,6730.0,6800.0,6690.0,6690.0
2010-01-25,6680.0,6860.0,6580.0,6820.0
2010-01-26,6680.0,6950.0,6550.0,6560.0
2010-01-27,6540.0,6650.0,6420.0,6470.0
2010-01-28,6480.0,6650.0,6450.0,6570.0
2010-01-29,6510.0,6540.0,6450.0,6450.0
2010-02-01,6540.0,6540.0,6300.0,6420.0
2010-02-02,6420.0,6510.0,6400.0,6410.0
2010-02-03,6520.0,6620.0,6460.0,6620.0
2010-02-04,6680.0,6730.0,6400.0,6480.0
2010-02-05,6300.0,6570.0,6250.0,6480.0
2010-02-08,6380.0,6520.0,6310.0,6330.0
2010-02-09,6380.0,6520.0,6130.0,6160.0
2010-02-10,6230.0,6260.0,6070.0,6090.0
2010-02-12,6100.0,6170.0,6040.0,6120.0
2010-02-15,6140.0,6170.0,6050.0,6060.0
2010-02-16,6060.0,6120.0,6010.0,6020.0
2010-02-17,6080.0,6290.0,6080.0,6170.0
2010-02-18,6260.0,6270.0,6100.0,6120.0
2010-02-19,6170.0,6190.0,6030.0,6060.0
2010-02-22,6120.0,6240.0,6080.0,6240.0
2010-02-23,6160.0,6210.0,6040.0,6080.0
2010-02-24,6050.0,6100.0,6030.0,6090.0
2010-02-25,6110.0,6130.0,6010.0,6060.0
2010-02-26,6020.0,6070.0,6020.0,6050.0
2010-03-01,6080.0,6090.0,6000.0,6050.0
2010-03-02,6120.0,6200.0,6080.0,6120.0
2010-03-03,6100.0,6110.0,6020.0,6040.0
2010-03-04,6030.0,6040.0,5850.0,5860.0
2010-03-05,5910.0,5930.0,5740.0,5780.0
2010-03-08,5910.0,5950.0,5780.0,5930.0
2010-03-09,5920.0,6080.0,5880.0,6040.0
2010-03-10,6060.0,6060.0,5960.0,5980.0
2010-03-11,6000.0,6060.0,5950.0,6000.0
2010-03-12,6070.0,6070.0,5990.0,6030.0
2010-03-15,6130.0,6260.0,6100.0,6210.0
2010-03-16,6250.0,6280.0,6120.0,6120.0
2010-03-17,6170.0,6210.0,6160.0,6210.0
2010-03-18,6240.0,6290.0,6200.0,6220.0
2010-03-19,6230.0,6250.0,6190.0,6220.0
2010-03-23,6210.0,6210.0,6120.0,6150.0
2010-03-24,6140.0,6180.0,6070.0,6090.0
2010-03-25,6110.0,6150.0,6070.0,6110.0
2010-03-26,6150.0,6180.0,6100.0,6160.0
2010-03-29,6090.0,6220.0,6090.0,6180.0
2010-03-30,6200.0,6220.0,6150.0,6190.0
2010-03-31,6220.0,6220.0,6120.0,6130.0
2010-04-01,6140.0,6150.0,6050.0,6130.0
2010-04-02,6130.0,6150.0,6080.0,6130.0
2010-04-05,6140.0,6210.0,6130.0,6190.0
2010-04-06,6210.0,6530.0,6180.0,6520.0
2010-04-07,6490.0,6640.0,6470.0,6520.0
2010-04-08,6480.0,6530.0,6440.0,6490.0
2010-04-09,6570.0,6590.0,6430.0,6530.0
2010-04-12,6660.0,6740.0,6620.0,6650.0
2010-04-13,6650.0,6670.0,6460.0,6510.0
2010-04-14,6540.0,6550.0,6410.0,6440.0
2010-04-15,6600.0,6630.0,6450.0,6500.0
2010-04-16,6520.0,6520.0,6340.0,6390.0
2010-04-19,6290.0,6290.0,6220.0,6240.0
2010-04-20,6210.0,6320.0,6180.0,6290.0
2010-04-21,6290.0,6430.0,6290.0,6410.0
2010-04-22,6400.0,6400.0,6240.0,6320.0
2010-04-23,6260.0,6300.0,6210.0,6230.0
2010-04-26,6250.0,6400.0,6250.0,6400.0
2010-04-27,6400.0,6470.0,6330.0,6470.0
2010-04-28,6280.0,6340.0,6220.0,6220.0
2010-04-30,6290.0,6320.0,6230.0,6240.0
2010-05-06,6100.0,6140.0,6040.0,6080.0
2010-05-07,5830.0,5980.0,5790.0,5930.0
2010-05-10,5930.0,6110.0,5900.0,6060.0
2010-05-11,6070.0,6120.0,5800.0,5870.0
2010-05-12,5670.0,5670.0,5320.0,5350.0
2010-05-13,5370.0,5460.0,5320.0,5340.0
2010-05-14,5370.0,5370.0,5270.0,5270.0
2010-05-17,5170.0,5280.0,4830.0,5010.0
2010-05-18,5040.0,5070.0,4820.0,4870.0
2010-05-19,4790.0,5060.0,4740.0,4990.0
2010-05-20,4900.0,4930.0,4810.0,4830.0
2010-05-21,4700.0,4720.0,4610.0,4670.0
2010-05-24,4720.0,4740.0,4570.0,4640.0
2010-05-25,4580.0,4630.0,4370.0,4420.0
2010-05-26,4630.0,4680.0,4550.0,4570.0
2010-05-27,4610.0,4780.0,4550.0,4780.0
2010-05-28,4870.0,4950.0,4660.0,4740.0
2010-05-31,4660.0,4670.0,4520.0,4550.0
2010-06-01,4550.0,4560.0,4420.0,4440.0
2010-06-02,4420.0,4460.0,4230.0,4280.0
2010-06-03,4350.0,4390.0,4330.0,4370.0
2010-06-04,4410.0,4430.0,4280.0,4320.0
2010-06-07,4240.0,4240.0,4100.0,4120.0
2010-06-08,4050.0,4140.0,4040.0,4070.0
2010-06-09,4070.0,4090.0,3960.0,4040.0
2010-06-10,4010.0,4030.0,3930.0,3990.0
2010-06-11,4100.0,4220.0,4050.0,4160.0
2010-06-14,4290.0,4350.0,4280.0,4300.0
2010-06-15,4380.0,4380.0,4300.0,4320.0
2010-06-16,4380.0,4380.0,4260.0,4270.0
2010-06-17,4250.0,4250.0,4180.0,4190.0
2010-06-18,4220.0,4220.0,4180.0,4190.0
2010-06-21,4200.0,4330.0,4190.0,4310.0
2010-06-22,4310.0,4320.0,4250.0,4320.0
2010-06-23,4240.0,4250.0,4180.0,4180.0
2010-06-24,4160.0,4170.0,4080.0,4090.0
2010-06-25,4040.0,4040.0,3930.0,3950.0
2010-06-28,3980.0,4020.0,3970.0,3980.0
2010-06-29,3960.0,3990.0,3790.0,3800.0
2010-06-30,3670.0,3780.0,3600.0,3740.0
2010-07-01,3670.0,3720.0,3660.0,3670.0
2010-07-02,3700.0,3820.0,3700.0,3770.0
2010-07-05,3740.0,3910.0,3730.0,3860.0
2010-07-06,3830.0,3890.0,3760.0,3880.0
2010-07-07,3830.0,3840.0,3760.0,3800.0
2010-07-08,3900.0,3930.0,3830.0,3870.0
2010-07-09,3830.0,3880.0,3820.0,3840.0
2010-07-12,3840.0,3930.0,3840.0,3890.0
2010-07-13,3930.0,3940.0,3870.0,3870.0
2010-07-14,3950.0,3960.0,3910.0,3910.0
2010-07-15,3920.0,3950.0,3900.0,3900.0
2010-07-16,3890.0,3890.0,3780.0,3800.0
2010-07-21,3800.0,3830.0,3660.0,3690.0
2010-07-22,3670.0,3710.0,3650.0,3710.0
2010-07-23,3740.0,3750.0,3670.0,3690.0
2010-07-26,3740.0,3780.0,3720.0,3750.0
2010-07-27,3750.0,4060.0,3750.0,3950.0
2010-07-28,4020.0,4140.0,3990.0,4110.0
2010-07-29,4030.0,4090.0,4030.0,4090.0
2010-07-30,4130.0,4140.0,4000.0,4050.0
2010-08-02,3980.0,4070.0,3970.0,4000.0
2010-08-03,4040.0,4050.0,3940.0,3940.0
2010-08-04,3860.0,3910.0,3800.0,3860.0
2010-08-05,4060.0,4260.0,4050.0,4240.0
2010-08-06,4190.0,4380.0,4190.0,4360.0
2010-08-09,4290.0,4330.0,4240.0,4320.0
2010-08-10,4360.0,4360.0,4200.0,4220.0
2010-08-11,4190.0,4230.0,4120.0,4120.0
2010-08-12,4040.0,4120.0,4010.0,4120.0
2010-08-13,4090.0,4160.0,4020.0,4130.0
2010-08-16,4090.0,4090.0,4000.0,4030.0
2010-08-17,3980.0,3990.0,3910.0,3960.0
2010-08-18,4010.0,4210.0,3970.0,4190.0
2010-08-19,4230.0,4250.0,4150.0,4200.0
2010-08-20,4130.0,4160.0,4080.0,4080.0
2010-08-23,4060.0,4080.0,3980.0,3980.0
2010-08-24,3980.0,3980.0,3900.0,3960.0
2010-08-25,3870.0,3940.0,3870.0,3910.0
2010-08-26,3960.0,3980.0,3910.0,3960.0
2010-08-27,3930.0,4010.0,3880.0,4000.0
2010-08-30,4060.0,4090.0,3960.0,3990.0
2010-08-31,3910.0,3910.0,3760.0,3790.0
2010-09-01,3730.0,3800.0,3730.0,3770.0
2010-09-02,3850.0,3880.0,3740.0,3770.0
2010-09-03,3800.0,3810.0,3740.0,3800.0
2010-09-06,3810.0,3850.0,3790.0,3840.0
2010-09-07,3870.0,3990.0,3870.0,3960.0
2010-09-08,3880.0,3880.0,3790.0,3830.0
2010-09-09,3860.0,3870.0,3800.0,3840.0
2010-09-10,3840.0,3870.0,3830.0,3860.0
2010-09-13,3890.0,3890.0,3810.0,3860.0
2010-09-14,3850.0,3860.0,3790.0,3790.0
2010-09-16,3870.0,3870.0,3820.0,3830.0
2010-09-17,3810.0,3900.0,3800.0,3890.0
2010-09-21,3890.0,3930.0,3860.0,3890.0
2010-09-22,3920.0,4060.0,3910.0,4010.0
2010-09-24,3950.0,3960.0,3900.0,3920.0
2010-09-27,3960.0,3970.0,3900.0,3910.0
2010-09-28,3850.0,3900.0,3840.0,3890.0
2010-09-29,3880.0,3920.0,3860.0,3920.0
2010-09-30,3940.0,3940.0,3770.0,3790.0
2010-10-01,3790.0,3790.0,3720.0,3730.0
2010-10-04,3730.0,3740.0,3570.0,3570.0
2010-10-05,3530.0,3560.0,3440.0,3530.0
2010-10-06,3580.0,3630.0,3510.0,3630.0
2010-10-07,3560.0,3670.0,3560.0,3620.0
2010-10-08,3560.0,3650.0,3560.0,3600.0
2010-10-12,3560.0,3570.0,3440.0,3440.0
2010-10-13,3410.0,3470.0,3390.0,3390.0
2010-10-14,3450.0,3570.0,3450.0,3490.0
2010-10-15,3450.0,3480.0,3410.0,3430.0
2010-10-18,3440.0,3440.0,3390.0,3420.0
2010-10-19,3430.0,3480.0,3420.0,3470.0
2010-10-20,3400.0,3440.0,3400.0,3420.0
2010-10-21,3400.0,3430.0,3360.0,3380.0
2010-10-22,3370.0,3460.0,3370.0,3440.0
2010-10-25,3470.0,3500.0,3420.0,3420.0
2010-10-26,3430.0,3470.0,3400.0,3450.0
2010-10-27,3470.0,3540.0,3420.0,3450.0
2010-10-28,3440.0,3450.0,3370.0,3370.0
2010-10-29,3440.0,3450.0,3250.0,3310.0
2010-11-01,3300.0,3320.0,3280.0,3280.0
2010-11-02,3270.0,3270.0,3210.0,3240.0
2010-11-04,3270.0,3290.0,3190.0,3290.0
2010-11-05,3280.0,3410.0,3280.0,3340.0
2010-11-08,3350.0,3450.0,3350.0,3440.0
2010-11-09,3440.0,3440.0,3380.0,3390.0
2010-11-10,3440.0,3520.0,3380.0,3500.0
2010-11-11,3900.0,4120.0,3870.0,4000.0
2010-11-12,3960.0,4070.0,3930.0,3960.0
2010-11-15,3950.0,4030.0,3930.0,3990.0
2010-11-16,4030.0,4040.0,3950.0,3950.0
2010-11-17,3870.0,3960.0,3860.0,3930.0
2010-11-18,3910.0,4020.0,3910.0,4000.0
2010-11-19,4010.0,4010.0,3950.0,4000.0
2010-11-22,4040.0,4230.0,4040.0,4200.0
2010-11-24,4100.0,4250.0,4050.0,4230.0
2010-11-25,4280.0,4280.0,4180.0,4210.0
2010-11-26,4200.0,4290.0,4160.0,4170.0
2010-11-29,4200.0,4290.0,4140.0,4170.0
2010-11-30,4140.0,4170.0,4080.0,4080.0
2010-12-01,4050.0,4090.0,4020.0,4080.0
2010-12-02,4140.0,4180.0,4100.0,4180.0
2010-12-03,4200.0,4200.0,4110.0,4130.0
2010-12-06,4130.0,4160.0,4110.0,4150.0
2010-12-07,4140.0,4210.0,4120.0,4190.0
2010-12-08,4230.0,4280.0,4210.0,4250.0
2010-12-09,4270.0,4270.0,4160.0,4240.0
2010-12-10,4240.0,4250.0,4180.0,4220.0
2010-12-13,4180.0,4250.0,4180.0,4230.0
2010-12-14,4240.0,4350.0,4240.0,4340.0
2010-12-15,4330.0,4430.0,4290.0,4430.0
2010-12-16,4450.0,4480.0,4400.0,4450.0
2010-12-17,4480.0,4510.0,4430.0,4450.0
2010-12-20,4460.0,4460.0,4370.0,4400.0
2010-12-21,4420.0,4450.0,4400.0,4430.0
2010-12-22,4440.0,4460.0,4350.0,4360.0
2010-12-24,4330.0,4360.0,4300.0,4310.0
2010-12-27,4260.0,4330.0,4260.0,4310.0
2010-12-28,4320.0,4380.0,4320.0,4360.0
2010-12-29,4360.0,4430.0,4350.0,4410.0
2010-12-30,4390.0,4410.0,4320.0,4360.0
2011-01-04,4390.0,4450.0,4380.0,4420.0
2011-01-05,4420.0,4450.0,4400.0,4410.0
2011-01-06,4450.0,4700.0,4440.0,4660.0
2011-01-07,4630.0,4660.0,4580.0,4630.0
2011-01-11,4610.0,4680.0,4600.0,4650.0
2011-01-12,4700.0,4710.0,4610.0,4630.0
2011-01-13,4680.0,4730.0,4580.0,4670.0
2011-01-14,4640.0,4670.0,4610.0,4630.0
2011-01-17,4650.0,4650.0,4610.0,4610.0
2011-01-18,4620.0,4630.0,4590.0,4630.0
2011-01-19,4620.0,4640.0,4580.0,4580.0
2011-01-20,4540.0,4570.0,4300.0,4470.0
2011-01-21,4490.0,4490.0,4270.0,4300.0
2011-01-24,4290.0,4380.0,4260.0,4380.0
2011-01-25,4390.0,4460.0,4390.0,4430.0
2011-01-26,4440.0,4500.0,4400.0,4430.0
2011-01-27,4480.0,4560.0,4480.0,4540.0
2011-01-28,4540.0,4600.0,4500.0,4600.0
2011-01-31,4530.0,4650.0,4460.0,4550.0
2011-02-01,4550.0,4610.0,4520.0,4550.0
2011-02-02,4560.0,4610.0,4540.0,4580.0
2011-02-03,4560.0,4600.0,4560.0,4590.0
2011-02-04,4590.0,4690.0,4560.0,4640.0
2011-02-07,4690.0,4770.0,4650.0,4740.0
2011-02-08,4740.0,4760.0,4660.0,4690.0
2011-02-09,4680.0,4690.0,4590.0,4610.0
2011-02-10,4570.0,4610.0,4550.0,4570.0
2011-02-14,4600.0,4640.0,4560.0,4620.0
2011-02-15,4620.0,4670.0,4570.0,4580.0
2011-02-16,4580.0,4600.0,4490.0,4510.0
2011-02-17,4490.0,4540.0,4490.0,4510.0
2011-02-18,4460.0,4480.0,4430.0,4470.0
2011-02-21,4430.0,4460.0,4390.0,4420.0
2011-02-22,4400.0,4420.0,4310.0,4310.0
2011-02-23,4230.0,4270.0,4170.0,4230.0
2011-02-24,4200.0,4200.0,4140.0,4150.0
2011-02-25,4140.0,4190.0,4080.0,4170.0
2011-02-28,4250.0,4320.0,4190.0,4300.0
2011-03-01,4330.0,4350.0,4290.0,4330.0
2011-03-02,4280.0,4300.0,4200.0,4200.0
2011-03-03,4230.0,4250.0,4220.0,4230.0
2011-03-04,4280.0,4280.0,4180.0,4190.0
2011-03-07,4180.0,4190.0,4110.0,4130.0
2011-03-08,4110.0,4160.0,4100.0,4130.0
2011-03-09,4190.0,4190.0,4100.0,4100.0
2011-03-10,4070.0,4080.0,4000.0,4000.0
2011-03-11,3960.0,4040.0,3930.0,3990.0
2011-03-14,3430.0,3730.0,3430.0,3510.0
2011-03-15,3370.0,3420.0,2710.0,2970.0
2011-03-16,3110.0,3250.0,3080.0,3160.0
2011-03-17,3020.0,3250.0,3020.0,3230.0
2011-03-18,3230.0,3520.0,3220.0,3450.0
2011-03-22,3690.0,3710.0,3600.0,3710.0
2011-03-23,3720.0,3750.0,3660.0,3710.0
2011-03-24,3680.0,3680.0,3590.0,3600.0
2011-03-25,3630.0,3650.0,3520.0,3570.0
2011-03-28,3580.0,3610.0,3500.0,3610.0
2011-03-29,3550.0,3580.0,3460.0,3520.0
2011-03-30,3550.0,3610.0,3550.0,3610.0
2011-03-31,3620.0,3650.0,3570.0,3620.0
2011-04-01,3600.0,3660.0,3580.0,3580.0
2011-04-04,3610.0,3690.0,3550.0,3570.0
2011-04-05,3570.0,3570.0,3430.0,3460.0
2011-04-06,3460.0,3460.0,3330.0,3380.0
2011-04-07,3350.0,3440.0,3350.0,3370.0
2011-04-08,3330.0,3430.0,3310.0,3420.0
2011-04-11,3380.0,3410.0,3380.0,3390.0
2011-04-12,3370.0,3390.0,3310.0,3310.0
2011-04-13,3280.0,3380.0,3270.0,3370.0
2011-04-14,3340.0,3410.0,3320.0,3390.0
2011-04-15,3400.0,3410.0,3350.0,3360.0
2011-04-18,3340.0,3370.0,3330.0,3360.0
2011-04-19,3300.0,3340.0,3300.0,3330.0
2011-04-20,3330.0,3360.0,3320.0,3330.0
2011-04-21,3350.0,3360.0,3320.0,3320.0
2011-04-22,3300.0,3370.0,3290.0,3360.0
2011-04-25,3350.0,3380.0,3320.0,3340.0
2011-04-26,3360.0,3390.0,3330.0,3390.0
2011-04-27,3350.0,3380.0,3320.0,3350.0
2011-04-28,3350.0,3370.0,3300.0,3320.0
2011-05-02,3350.0,3420.0,3340.0,3380.0
2011-05-06,3380.0,3380.0,3340.0,3350.0
2011-05-09,3370.0,3380.0,3310.0,3320.0
2011-05-10,3320.0,3340.0,3320.0,3340.0
2011-05-11,3380.0,3400.0,3370.0,3400.0
2011-05-12,3330.0,3330.0,3240.0,3260.0
2011-05-13,3250.0,3290.0,3230.0,3260.0
2011-05-16,3260.0,3380.0,3230.0,3290.0
2011-05-17,3280.0,3290.0,3220.0,3290.0
2011-05-18,3290.0,3410.0,3290.0,3390.0
2011-05-19,3360.0,3400.0,3280.0,3280.0
2011-05-20,3320.0,3360.0,3300.0,3310.0
2011-05-23,3300.0,3300.0,3230.0,3260.0
2011-05-24,3220.0,3300.0,3220.0,3260.0
2011-05-25,3280.0,3310.0,3200.0,3210.0
2011-05-26,3230.0,3260.0,3190.0,3250.0
2011-05-27,3260.0,3260.0,3230.0,3250.0
2011-05-30,3250.0,3250.0,3210.0,3220.0
2011-05-31,3180.0,3240.0,3180.0,3240.0
2011-06-01,3210.0,3230.0,3200.0,3210.0
2011-06-02,3160.0,3180.0,3160.0,3160.0
2011-06-03,3160.0,3190.0,3110.0,3110.0
2011-06-06,3090.0,3110.0,3030.0,3030.0
2011-06-07,3050.0,3050.0,3020.0,3040.0
2011-06-08,3030.0,3030.0,3000.0,3020.0
2011-06-09,2990.0,2990.0,2960.0,2970.0
2011-06-10,2980.0,3000.0,2960.0,2970.0
2011-06-13,2950.0,2960.0,2900.0,2900.0
2011-06-14,2860.0,2880.0,2830.0,2840.0
2011-06-15,2880.0,2940.0,2860.0,2930.0
2011-06-16,2920.0,2970.0,2890.0,2890.0
2011-06-17,2930.0,2930.0,2870.0,2910.0
2011-06-20,2920.0,2930.0,2900.0,2900.0
2011-06-21,2900.0,2940.0,2900.0,2930.0
2011-06-22,2930.0,3010.0,2930.0,3010.0
2011-06-23,2990.0,3010.0,2980.0,2990.0
2011-06-24,2990.0,3060.0,2990.0,3050.0
2011-06-27,3050.0,3070.0,3030.0,3050.0
2011-06-28,3090.0,3090.0,3040.0,3040.0
2011-06-29,3050.0,3130.0,3050.0,3130.0
2011-06-30,3110.0,3190.0,3080.0,3190.0
2011-07-01,3270.0,3280.0,3230.0,3260.0
2011-07-04,3260.0,3340.0,3260.0,3340.0
2011-07-05,3370.0,3380.0,3260.0,3260.0
2011-07-06,3270.0,3280.0,3180.0,3240.0
2011-07-07,3250.0,3250.0,3180.0,3190.0
2011-07-08,3190.0,3250.0,3190.0,3230.0
2011-07-11,3200.0,3270.0,3200.0,3250.0
2011-07-12,3180.0,3240.0,3160.0,3220.0
2011-07-13,3190.0,3260.0,3190.0,3200.0
2011-07-14,3210.0,3220.0,3150.0,3160.0
2011-07-15,3110.0,3140.0,3080.0,3080.0
2011-07-19,3070.0,3090.0,3050.0,3050.0
2011-07-20,3100.0,3120.0,3050.0,3050.0
2011-07-21,3040.0,3060.0,3000.0,3000.0
2011-07-22,3010.0,3080.0,3010.0,3080.0
2011-07-25,3080.0,3140.0,3070.0,3130.0
2011-07-26,3160.0,3210.0,3160.0,3200.0
2011-07-27,3200.0,3320.0,3200.0,3310.0
2011-07-28,3230.0,3270.0,3200.0,3210.0
2011-07-29,3190.0,3230.0,3130.0,3130.0
2011-08-01,3080.0,3210.0,3080.0,3170.0
2011-08-02,3180.0,3180.0,3100.0,3110.0
2011-08-03,3050.0,3070.0,3010.0,3030.0
2011-08-04,3080.0,3100.0,3020.0,3030.0
2011-08-05,2990.0,2990.0,2900.0,2940.0
2011-08-08,2920.0,2920.0,2820.0,2840.0
2011-08-09,2740.0,2820.0,2690.0,2820.0
2011-08-10,2820.0,2820.0,2820.0,2820.0
2011-08-11,2810.0,2820.0,2760.0,2780.0
2011-08-12,2780.0,2780.0,2780.0,2780.0
2011-08-15,2810.0,2820.0,2790.0,2790.0
2011-08-16,2840.0,2880.0,2820.0,2880.0
2011-08-17,2890.0,2930.0,2870.0,2900.0
2011-08-18,2810.0,2810.0,2810.0,2810.0
2011-08-19,2760.0,2760.0,2720.0,2720.0
2011-08-22,2680.0,2690.0,2610.0,2610.0
2011-08-23,2620.0,2630.0,2560.0,2590.0
2011-08-24,2660.0,2670.0,2530.0,2530.0
2011-08-25,2550.0,2670.0,2550.0,2620.0
2011-08-26,2630.0,2670.0,2610.0,2660.0
2011-08-29,2640.0,2740.0,2640.0,2660.0
2011-08-30,2760.0,2810.0,2750.0,2770.0
2011-08-31,2810.0,2850.0,2730.0,2790.0
2011-09-01,2790.0,2860.0,2790.0,2840.0
2011-09-02,2830.0,2840.0,2800.0,2800.0
2011-09-05,2740.0,2760.0,2700.0,2730.0
2011-09-06,2740.0,2740.0,2670.0,2700.0
2011-09-07,2690.0,2740.0,2690.0,2720.0
2011-09-08,2770.0,2770.0,2710.0,2720.0
2011-09-09,2760.0,2760.0,2690.0,2730.0
2011-09-12,2680.0,2780.0,2610.0,2630.0
2011-09-13,2630.0,2670.0,2610.0,2640.0
2011-09-14,2640.0,2640.0,2520.0,2540.0
2011-09-15,2600.0,2610.0,2530.0,2590.0
2011-09-16,2620.0,2750.0,2620.0,2700.0
2011-09-20,2660.0,2710.0,2660.0,2670.0
2011-09-21,2710.0,2720.0,2660.0,2660.0
2011-09-22,2590.0,2590.0,2540.0,2550.0
2011-09-26,2550.0,2550.0,2450.0,2450.0
2011-09-27,2490.0,2540.0,2490.0,2540.0
2011-09-28,2520.0,2690.0,2520.0,2690.0
2011-09-29,2650.0,2800.0,2650.0,2780.0
2011-09-30,2810.0,2810.0,2680.0,2790.0
2011-10-03,2710.0,2710.0,2640.0,2670.0
2011-10-04,2650.0,2650.0,2560.0,2600.0
2011-10-05,2620.0,2640.0,2490.0,2500.0
2011-10-06,2580.0,2580.0,2530.0,2540.0
2011-10-07,2600.0,2600.0,2490.0,2490.0
2011-10-11,2530.0,2610.0,2530.0,2610.0
2011-10-12,2560.0,2640.0,2560.0,2610.0
2011-10-13,2640.0,2690.0,2640.0,2660.0
2011-10-14,2610.0,2650.0,2540.0,2560.0
2011-10-17,2590.0,2650.0,2550.0,2590.0
2011-10-18,2550.0,2660.0,2550.0,2610.0
2011-10-19,2610.0,2670.0,2580.0,2580.0
2011-10-20,2580.0,2600.0,2550.0,2560.0
2011-10-21,2530.0,2580.0,2530.0,2540.0
2011-10-24,2560.0,2610.0,2560.0,2570.0
2011-10-25,2580.0,2620.0,2530.0,2550.0
2011-10-26,2530.0,2580.0,2530.0,2580.0
2011-10-27,2590.0,2590.0,2550.0,2580.0
2011-10-28,2650.0,2670.0,2600.0,2650.0
2011-10-31,2580.0,2660.0,2570.0,2650.0
2011-11-01,2630.0,2630.0,2590.0,2620.0
2011-11-02,2550.0,2610.0,2550.0,2590.0
2011-11-04,2630.0,2640.0,2600.0,2600.0
2011-11-07,2600.0,2630.0,2590.0,2630.0
2011-11-08,2630.0,2630.0,2550.0,2610.0
2011-11-09,2590.0,2590.0,2530.0,2580.0
2011-11-10,2510.0,2510.0,2470.0,2490.0
2011-11-11,2460.0,2460.0,2420.0,2420.0
2011-11-14,2440.0,2460.0,2420.0,2430.0
2011-11-15,2420.0,2440.0,2350.0,2360.0
2011-11-16,2350.0,2360.0,2310.0,2310.0
2011-11-17,2310.0,2330.0,2300.0,2330.0
2011-11-18,2330.0,2340.0,2300.0,2330.0
2011-11-21,2300.0,2320.0,2280.0,2300.0
2011-11-22,2250.0,2300.0,2230.0,2280.0
2011-11-24,2270.0,2270.0,2220.0,2250.0
2011-11-25,2230.0,2240.0,2220.0,2230.0
2011-11-28,2240.0,2350.0,2240.0,2270.0
2011-11-29,2270.0,2400.0,2270.0,2400.0
2011-11-30,2380.0,2400.0,2350.0,2360.0
2011-12-01,2430.0,2460.0,2400.0,2430.0
2011-12-02,2450.0,2460.0,2420.0,2460.0
2011-12-05,2490.0,2550.0,2480.0,2550.0
2011-12-06,2540.0,2550.0,2470.0,2510.0
2011-12-07,2480.0,2500.0,2440.0,2460.0
2011-12-08,2470.0,2470.0,2340.0,2350.0
2011-12-09,2360.0,2390.0,2350.0,2370.0
2011-12-12,2400.0,2440.0,2390.0,2410.0
2011-12-13,2400.0,2490.0,2400.0,2490.0
2011-12-14,2480.0,2530.0,2440.0,2510.0
2011-12-15,2490.0,2500.0,2370.0,2380.0
2011-12-16,2380.0,2390.0,2310.0,2310.0
2011-12-19,2300.0,2320.0,2290.0,2310.0
2011-12-20,2370.0,2410.0,2330.0,2390.0
2011-12-21,2400.0,2420.0,2350.0,2370.0
2011-12-22,2400.0,2410.0,2340.0,2380.0
2011-12-26,2390.0,2400.0,2380.0,2380.0
2011-12-27,2340.0,2390.0,2340.0,2380.0
2011-12-28,2390.0,2400.0,2380.0,2390.0
2011-12-29,2390.0,2420.0,2390.0,2400.0
2011-12-30,2400.0,2490.0,2400.0,2450.0
2012-01-04,2480.0,2510.0,2470.0,2490.0
2012-01-05,2490.0,2490.0,2470.0,2480.0
2012-01-06,2480.0,2480.0,2420.0,2420.0
2012-01-10,2420.0,2440.0,2420.0,2430.0
2012-01-11,2430.0,2460.0,2380.0,2410.0
2012-01-12,2390.0,2400.0,2370.0,2370.0
2012-01-13,2430.0,2490.0,2300.0,2310.0
2012-01-16,2310.0,2310.0,2280.0,2300.0
2012-01-17,2300.0,2300.0,2250.0,2280.0
2012-01-18,2280.0,2290.0,2250.0,2260.0
2012-01-19,2270.0,2300.0,2250.0,2260.0
2012-01-20,2300.0,2370.0,2300.0,2340.0
2012-01-23,2390.0,2390.0,2370.0,2380.0
2012-01-24,2380.0,2410.0,2380.0,2400.0
2012-01-25,2400.0,2440.0,2360.0,2430.0
2012-01-26,2450.0,2470.0,2410.0,2450.0
2012-01-27,2420.0,2490.0,2420.0,2470.0
2012-01-30,2460.0,2460.0,2420.0,2420.0
2012-01-31,2420.0,2450.0,2410.0,2440.0
2012-02-01,2440.0,2490.0,2430.0,2470.0
2012-02-02,2490.0,2490.0,2420.0,2430.0
2012-02-03,2450.0,2480.0,2430.0,2450.0
2012-02-06,2500.0,2650.0,2490.0,2630.0
2012-02-07,2580.0,2640.0,2580.0,2610.0
2012-02-08,2650.0,2740.0,2640.0,2720.0
2012-02-09,2720.0,2720.0,2660.0,2690.0
2012-02-10,2690.0,2700.0,2620.0,2670.0
2012-02-13,2660.0,2740.0,2650.0,2740.0
2012-02-14,2750.0,2910.0,2750.0,2860.0
2012-02-15,2930.0,2940.0,2840.0,2920.0
2012-02-16,2910.0,2940.0,2840.0,2840.0
2012-02-17,2940.0,2940.0,2890.0,2900.0
2012-02-20,2900.0,2940.0,2900.0,2920.0
2012-02-21,2990.0,3040.0,2940.0,2990.0
2012-02-22,3000.0,3090.0,2970.0,3090.0
2012-02-23,3080.0,3170.0,3070.0,3150.0
2012-02-24,3130.0,3240.0,3110.0,3240.0
2012-02-27,3240.0,3240.0,3160.0,3160.0
2012-02-28,3080.0,3160.0,3070.0,3140.0
2012-02-29,3120.0,3140.0,3000.0,3030.0
2012-03-01,3020.0,3050.0,2960.0,2990.0
2012-03-02,2990.0,3050.0,2890.0,2990.0
2012-03-05,3010.0,3050.0,2960.0,2960.0
2012-03-06,2950.0,2980.0,2920.0,2930.0
2012-03-07,2880.0,3010.0,2870.0,3010.0
2012-03-08,3020.0,3050.0,2980.0,3000.0
2012-03-09,3050.0,3220.0,3030.0,3180.0
2012-03-12,3240.0,3240.0,3160.0,3170.0
2012-03-13,3140.0,3150.0,3070.0,3100.0
2012-03-14,3140.0,3160.0,3070.0,3070.0
2012-03-15,3100.0,3140.0,3080.0,3100.0
2012-03-16,3140.0,3180.0,3120.0,3180.0
2012-03-19,3200.0,3230.0,3170.0,3220.0
2012-03-21,3210.0,3220.0,3160.0,3160.0
2012-03-22,3120.0,3160.0,3090.0,3100.0
2012-03-23,3100.0,3140.0,3080.0,3130.0
2012-03-26,3130.0,3180.0,3120.0,3130.0
2012-03-27,3130.0,3160.0,3110.0,3140.0
2012-03-28,3090.0,3170.0,3090.0,3150.0
2012-03-29,3150.0,3170.0,3100.0,3140.0
2012-03-30,3120.0,3160.0,3110.0,3150.0
2012-04-02,3130.0,3130.0,3100.0,3110.0
2012-04-03,3070.0,3070.0,2990.0,2990.0
2012-04-04,3010.0,3010.0,2890.0,2910.0
2012-04-05,2890.0,2890.0,2860.0,2880.0
2012-04-06,2880.0,2890.0,2860.0,2880.0
2012-04-09,2840.0,2860.0,2820.0,2820.0
2012-04-10,2830.0,2880.0,2820.0,2820.0
2012-04-11,2760.0,2870.0,2760.0,2850.0
2012-04-12,2860.0,3060.0,2850.0,3040.0
2012-04-13,3050.0,3110.0,3020.0,3080.0
2012-04-16,3010.0,3050.0,2950.0,2950.0
2012-04-17,2970.0,2980.0,2910.0,2910.0
2012-04-18,2950.0,2990.0,2930.0,2980.0
2012-04-19,2950.0,3010.0,2950.0,2990.0
2012-04-20,2960.0,2970.0,2910.0,2950.0
2012-04-23,2960.0,2960.0,2870.0,2870.0
2012-04-24,2840.0,2980.0,2840.0,2960.0
2012-04-25,2950.0,3050.0,2910.0,3010.0
2012-04-26,3050.0,3050.0,2930.0,2960.0
2012-04-27,2990.0,2990.0,2860.0,2860.0
2012-05-01,2870.0,3260.0,2790.0,3240.0
2012-05-02,3260.0,3410.0,3220.0,3270.0
2012-05-07,3270.0,3290.0,3120.0,3210.0
2012-05-08,3180.0,3260.0,3180.0,3230.0
2012-05-09,3200.0,3200.0,3060.0,3090.0
2012-05-10,3060.0,3190.0,3060.0,3180.0
2012-05-11,3050.0,3050.0,2670.0,2680.0
2012-05-14,2650.0,2730.0,2510.0,2550.0
2012-05-15,2500.0,2620.0,2410.0,2600.0
2012-05-16,2520.0,2560.0,2450.0,2490.0
2012-05-17,2570.0,2670.0,2520.0,2640.0
2012-05-18,2570.0,2600.0,2500.0,2510.0
2012-05-21,2540.0,2580.0,2530.0,2560.0
2012-05-22,2640.0,2660.0,2570.0,2620.0
2012-05-23,2630.0,2630.0,2550.0,2560.0
2012-05-24,2600.0,2620.0,2510.0,2550.0
2012-05-25,2530.0,2590.0,2530.0,2540.0
2012-05-28,2580.0,2580.0,2530.0,2570.0
2012-05-29,2570.0,2610.0,2560.0,2600.0
2012-05-30,2600.0,2650.0,2570.0,2640.0
2012-05-31,2560.0,2570.0,2540.0,2550.0
2012-06-01,2550.0,2550.0,2380.0,2380.0
2012-06-04,2310.0,2410.0,2310.0,2380.0
2012-06-05,2330.0,2410.0,2330.0,2410.0
2012-06-06,2420.0,2540.0,2420.0,2510.0
2012-06-07,2510.0,2510.0,2510.0,2510.0
2012-06-08,2490.0,2500.0,2450.0,2470.0
2012-06-11,2480.0,2540.0,2480.0,2500.0
2012-06-12,2470.0,2510.0,2430.0,2510.0
2012-06-13,2500.0,2560.0,2500.0,2520.0
2012-06-14,2520.0,2520.0,2490.0,2490.0
2012-06-15,2480.0,2500.0,2450.0,2480.0
2012-06-18,2520.0,2590.0,2520.0,2590.0
2012-06-19,2610.0,2650.0,2580.0,2650.0
2012-06-20,2680.0,2760.0,2680.0,2720.0
2012-06-21,2740.0,2770.0,2700.0,2730.0
2012-06-22,2720.0,2770.0,2720.0,2730.0
2012-06-25,2730.0,2790.0,2730.0,2780.0
2012-06-26,2810.0,3010.0,2790.0,2970.0
2012-06-27,2950.0,3040.0,2880.0,2950.0
2012-06-28,2970.0,2970.0,2750.0,2860.0
2012-06-29,2870.0,2930.0,2820.0,2860.0
2012-07-02,2960.0,3010.0,2920.0,2950.0
2012-07-03,2950.0,3030.0,2940.0,3010.0
2012-07-04,3010.0,3030.0,2950.0,2970.0
2012-07-05,2970.0,2970.0,2850.0,2860.0
2012-07-06,2860.0,2910.0,2860.0,2890.0
2012-07-09,2930.0,2960.0,2880.0,2920.0
2012-07-10,2960.0,3020.0,2920.0,2970.0
2012-07-11,2970.0,3000.0,2840.0,2940.0
2012-07-12,2900.0,2900.0,2770.0,2770.0
2012-07-13,2790.0,2790.0,2670.0,2720.0
2012-07-17,2800.0,2860.0,2740.0,2740.0
2012-07-18,2750.0,2760.0,2680.0,2680.0
2012-07-19,2690.0,2740.0,2680.0,2740.0
2012-07-20,2710.0,2750.0,2680.0,2740.0
2012-07-23,2740.0,2740.0,2640.0,2670.0
2012-07-24,2640.0,2650.0,2600.0,2620.0
2012-07-25,2600.0,2600.0,2530.0,2550.0
2012-07-26,2590.0,2650.0,2550.0,2560.0
2012-07-27,2680.0,2710.0,2650.0,2690.0
2012-07-30,2710.0,2850.0,2710.0,2790.0
2012-07-31,2810.0,2910.0,2780.0,2860.0
2012-08-01,2810.0,2810.0,2740.0,2760.0
2012-08-02,2750.0,2770.0,2730.0,2730.0
2012-08-03,2710.0,2710.0,2560.0,2560.0
2012-08-06,2640.0,2740.0,2630.0,2730.0
2012-08-07,2750.0,2750.0,2690.0,2710.0
2012-08-08,2750.0,2780.0,2720.0,2750.0
2012-08-09,2770.0,2770.0,2720.0,2750.0
2012-08-10,2760.0,2760.0,2560.0,2700.0
2012-08-13,2700.0,2710.0,2690.0,2700.0
2012-08-14,2700.0,2710.0,2680.0,2690.0
2012-08-15,2710.0,2740.0,2600.0,2700.0
2012-08-16,2630.0,2700.0,2610.0,2660.0
2012-08-17,2720.0,2760.0,2710.0,2760.0
2012-08-20,2780.0,2790.0,2740.0,2750.0
2012-08-21,2720.0,2730.0,2670.0,2710.0
2012-08-22,2660.0,2700.0,2640.0,2690.0
2012-08-23,2650.0,2660.0,2630.0,2630.0
2012-08-24,2640.0,2640.0,2610.0,2610.0
2012-08-27,2630.0,2650.0,2590.0,2620.0
2012-08-28,2630.0,2640.0,2550.0,2570.0
2012-08-29,2570.0,2580.0,2540.0,2560.0
2012-08-30,2590.0,2590.0,2540.0,2550.0
2012-08-31,2520.0,2580.0,2520.0,2530.0
2012-09-03,2530.0,2630.0,2520.0,2590.0
2012-09-04,2590.0,2620.0,2530.0,2540.0
2012-09-05,2550.0,2560.0,2490.0,2510.0
2012-09-06,2510.0,2590.0,2510.0,2550.0
2012-09-07,2600.0,2600.0,2540.0,2600.0
2012-09-10,2600.0,2650.0,2600.0,2630.0
2012-09-11,2580.0,2590.0,2520.0,2530.0
2012-09-12,2530.0,2560.0,2480.0,2520.0
2012-09-13,2490.0,2540.0,2490.0,2520.0
2012-09-14,2530.0,2630.0,2530.0,2630.0
2012-09-18,2640.0,2640.0,2580.0,2580.0
2012-09-19,2560.0,2630.0,2560.0,2620.0
2012-09-20,2620.0,2620.0,2560.0,2580.0
2012-09-21,2580.0,2600.0,2560.0,2570.0
2012-09-24,2580.0,2580.0,2510.0,2540.0
2012-09-25,2510.0,2540.0,2500.0,2540.0
2012-09-26,2560.0,2580.0,2560.0,2580.0
2012-09-27,2550.0,2550.0,2490.0,2510.0
2012-09-28,2550.0,2550.0,2510.0,2520.0
2012-10-01,2530.0,2530.0,2470.0,2520.0
2012-10-02,2520.0,2520.0,2500.0,2500.0
2012-10-03,2500.0,2530.0,2470.0,2470.0
2012-10-04,2480.0,2520.0,2480.0,2510.0
2012-10-05,2510.0,2520.0,2450.0,2460.0
2012-10-09,2450.0,2470.0,2410.0,2410.0
2012-10-10,2420.0,2500.0,2420.0,2480.0
2012-10-11,2470.0,2480.0,2450.0,2460.0
2012-10-12,2450.0,2470.0,2410.0,2430.0
2012-10-15,2420.0,2440.0,2360.0,2420.0
2012-10-16,2400.0,2520.0,2400.0,2520.0
2012-10-17,2520.0,2530.0,2460.0,2490.0
2012-10-18,2490.0,2550.0,2490.0,2520.0
2012-10-19,2550.0,2570.0,2540.0,2550.0
2012-10-22,2500.0,2540.0,2500.0,2520.0
2012-10-23,2520.0,2530.0,2500.0,2530.0
2012-10-24,2510.0,2590.0,2500.0,2580.0
2012-10-25,2550.0,2560.0,2510.0,2540.0
2012-10-26,2590.0,2590.0,2520.0,2540.0
2012-10-29,2500.0,2580.0,2500.0,2550.0
2012-10-30,2560.0,2570.0,2530.0,2570.0
2012-10-31,2570.0,2590.0,2560.0,2570.0
2012-11-01,2580.0,2580.0,2540.0,2560.0
2012-11-02,2550.0,2590.0,2550.0,2560.0
2012-11-05,2550.0,2570.0,2540.0,2570.0
2012-11-06,2590.0,2590.0,2550.0,2570.0
2012-11-07,2560.0,2600.0,2540.0,2590.0
2012-11-08,2560.0,2600.0,2550.0,2590.0
2012-11-09,2580.0,2610.0,2570.0,2590.0
2012-11-12,2570.0,2620.0,2570.0,2590.0
2012-11-13,2590.0,2590.0,2570.0,2570.0
2012-11-14,2550.0,2580.0,2550.0,2570.0
2012-11-15,2570.0,2630.0,2570.0,2610.0
2012-11-16,2620.0,2680.0,2610.0,2650.0
2012-11-19,2680.0,2690.0,2650.0,2690.0
2012-11-20,2720.0,2720.0,2680.0,2690.0
2012-11-21,2690.0,2690.0,2670.0,2690.0
2012-11-22,2690.0,2720.0,2690.0,2710.0
2012-11-26,2770.0,2770.0,2710.0,2730.0
2012-11-27,2740.0,2770.0,2700.0,2770.0
2012-11-28,2770.0,2770.0,2720.0,2760.0
2012-11-29,2760.0,2760.0,2700.0,2710.0
2012-11-30,2730.0,2770.0,2720.0,2730.0
2012-12-03,2770.0,2770.0,2740.0,2740.0
2012-12-04,2760.0,2760.0,2720.0,2750.0
2012-12-05,2750.0,2760.0,2710.0,2750.0
2012-12-06,2770.0,2800.0,2770.0,2800.0
2012-12-07,2840.0,2860.0,2820.0,2830.0
2012-12-10,2820.0,2860.0,2760.0,2800.0
2012-12-11,2800.0,2800.0,2750.0,2790.0
2012-12-12,2770.0,2800.0,2770.0,2790.0
2012-12-13,2800.0,2820.0,2780.0,2800.0
2012-12-14,2820.0,2820.0,2790.0,2800.0
2012-12-17,2830.0,2840.0,2760.0,2760.0
2012-12-18,2790.0,2820.0,2770.0,2800.0
2012-12-19,2800.0,2820.0,2780.0,2820.0
2012-12-20,2820.0,2830.0,2790.0,2800.0
2012-12-21,2800.0,2830.0,2780.0,2790.0
2012-12-25,2790.0,2820.0,2780.0,2780.0
2012-12-26,2790.0,2860.0,2790.0,2850.0
2012-12-27,2870.0,2940.0,2870.0,2870.0
2012-12-28,2850.0,2920.0,2850.0,2890.0
2013-01-04,2960.0,2960.0,2840.0,2930.0
2013-01-07,2970.0,2970.0,2940.0,2940.0
2013-01-08,2950.0,2970.0,2940.0,2940.0
2013-01-09,2930.0,3040.0,2910.0,3020.0
2013-01-10,3050.0,3100.0,3040.0,3080.0
2013-01-11,3100.0,3100.0,3020.0,3080.0
2013-01-15,3060.0,3090.0,3050.0,3060.0
2013-01-16,3030.0,3030.0,2970.0,2970.0
2013-01-17,2940.0,2970.0,2910.0,2940.0
2013-01-18,3000.0,3080.0,2990.0,3070.0
2013-01-21,3090.0,3330.0,3000.0,3290.0
2013-01-22,3250.0,3250.0,3170.0,3230.0
2013-01-23,3190.0,3200.0,3130.0,3130.0
2013-01-24,3130.0,3250.0,3100.0,3230.0
2013-01-25,3300.0,3300.0,3170.0,3180.0
2013-01-28,3190.0,3240.0,3130.0,3230.0
2013-01-29,3200.0,3220.0,3160.0,3160.0
2013-01-30,3170.0,3200.0,3150.0,3190.0
2013-01-31,3190.0,3200.0,3150.0,3150.0
2013-02-01,3150.0,3180.0,3110.0,3140.0
2013-02-04,3160.0,3160.0,3110.0,3150.0
2013-02-05,3120.0,3130.0,3080.0,3080.0
2013-02-06,3140.0,3140.0,3100.0,3100.0
2013-02-07,3150.0,3160.0,3030.0,3100.0
2013-02-08,3100.0,3100.0,2980.0,2980.0
2013-02-12,2980.0,3010.0,2950.0,2960.0
2013-02-13,2950.0,2950.0,2880.0,2880.0
2013-02-14,2860.0,2880.0,2830.0,2830.0
2013-02-15,2790.0,2830.0,2650.0,2750.0
2013-02-18,2770.0,2840.0,2770.0,2830.0
2013-02-19,2840.0,2870.0,2830.0,2840.0
2013-02-20,2880.0,2980.0,2880.0,2950.0
2013-02-21,2950.0,2960.0,2910.0,2940.0
2013-02-22,2880.0,2920.0,2860.0,2900.0
2013-02-25,2970.0,2980.0,2920.0,2980.0
2013-02-26,2910.0,2970.0,2910.0,2950.0
2013-02-27,2930.0,2990.0,2930.0,2960.0
2013-02-28,2980.0,3020.0,2950.0,3000.0
2013-03-01,2990.0,3060.0,2990.0,3060.0
2013-03-04,3100.0,3100.0,3000.0,3000.0
2013-03-05,3000.0,3090.0,2990.0,3080.0
2013-03-06,3090.0,3100.0,3050.0,3060.0
2013-03-07,3090.0,3120.0,3080.0,3110.0
2013-03-08,3050.0,3110.0,3050.0,3100.0
2013-03-11,3150.0,3150.0,3070.0,3130.0
2013-03-12,3140.0,3170.0,3120.0,3130.0
2013-03-13,3140.0,3150.0,3100.0,3110.0
2013-03-14,3090.0,3130.0,3090.0,3110.0
2013-03-15,3170.0,3300.0,3160.0,3300.0
2013-03-18,3330.0,3380.0,3260.0,3310.0
2013-03-19,3360.0,3380.0,3260.0,3300.0
2013-03-21,3310.0,3310.0,3200.0,3260.0
2013-03-22,3260.0,3320.0,3210.0,3290.0
2013-03-25,3270.0,3340.0,3270.0,3270.0
2013-03-26,3250.0,3280.0,3210.0,3260.0
2013-03-27,3210.0,3270.0,3190.0,3220.0
2013-03-28,3250.0,3250.0,2990.0,3050.0
2013-03-29,3050.0,3080.0,3040.0,3050.0
2013-04-01,3050.0,3060.0,2980.0,2980.0
2013-04-02,2950.0,2950.0,2880.0,2900.0
2013-04-03,2900.0,2970.0,2900.0,2960.0
2013-04-04,2940.0,2940.0,2850.0,2930.0
2013-04-05,3030.0,3060.0,2970.0,3010.0
2013-04-08,3030.0,3090.0,3030.0,3060.0
2013-04-09,3090.0,3090.0,3030.0,3040.0
2013-04-10,3050.0,3080.0,3030.0,3070.0
2013-04-11,3080.0,3090.0,3030.0,3050.0
2013-04-12,3060.0,3060.0,2970.0,3010.0
2013-04-15,3040.0,3040.0,3020.0,3030.0
2013-04-16,3010.0,3030.0,3000.0,3000.0
2013-04-17,3000.0,3060.0,3000.0,3060.0
2013-04-18,3050.0,3050.0,3000.0,3000.0
2013-04-19,3000.0,3000.0,2960.0,2960.0
2013-04-22,3000.0,3120.0,3000.0,3110.0
2013-04-23,3100.0,3100.0,3060.0,3060.0
2013-04-24,3090.0,3120.0,3060.0,3100.0
2013-04-25,3110.0,3130.0,3070.0,3090.0
2013-04-26,3110.0,3110.0,3020.0,3020.0
2013-04-30,3080.0,3190.0,3070.0,3130.0
2013-05-01,3150.0,3170.0,3120.0,3140.0
2013-05-02,3130.0,3140.0,3080.0,3100.0
2013-05-07,3160.0,3190.0,3160.0,3170.0
2013-05-08,3190.0,3220.0,3170.0,3180.0
2013-05-09,3200.0,3210.0,3070.0,3070.0
2013-05-10,3000.0,3080.0,2990.0,3070.0
2013-05-13,3080.0,3140.0,3080.0,3130.0
2013-05-14,3130.0,3140.0,3100.0,3120.0
2013-05-15,3140.0,3150.0,3060.0,3110.0
2013-05-16,3130.0,3130.0,3040.0,3100.0
2013-05-17,3060.0,3250.0,3060.0,3220.0
2013-05-20,3250.0,3470.0,3240.0,3400.0
2013-05-21,3450.0,3450.0,3330.0,3380.0
2013-05-22,3400.0,3410.0,3300.0,3300.0
2013-05-23,3270.0,3330.0,3140.0,3160.0
2013-05-24,3160.0,3220.0,3130.0,3180.0
2013-05-27,3200.0,3200.0,3100.0,3120.0
2013-05-28,3040.0,3140.0,3040.0,3110.0
2013-05-29,3220.0,3350.0,3170.0,3190.0
2013-05-30,3190.0,3190.0,3060.0,3090.0
2013-05-31,3160.0,3200.0,3110.0,3160.0
2013-06-03,3170.0,3200.0,3090.0,3110.0
2013-06-04,3130.0,3180.0,3060.0,3180.0
2013-06-05,3180.0,3440.0,3170.0,3270.0
2013-06-06,3200.0,3310.0,3180.0,3200.0
2013-06-07,3180.0,3200.0,3000.0,3100.0
2013-06-10,3340.0,3350.0,3140.0,3240.0
2013-06-11,3270.0,3330.0,3200.0,3320.0
2013-06-12,3250.0,3260.0,3200.0,3240.0
2013-06-13,3250.0,3250.0,3120.0,3220.0
2013-06-14,3200.0,3280.0,3150.0,3160.0
2013-06-17,3150.0,3270.0,3140.0,3250.0
2013-06-18,3290.0,3300.0,3210.0,3270.0
2013-06-19,3270.0,3290.0,3250.0,3280.0
2013-06-20,3280.0,3280.0,3140.0,3140.0
2013-06-21,3140.0,3190.0,3050.0,3190.0
2013-06-24,3190.0,3190.0,3070.0,3140.0
2013-06-25,3120.0,3130.0,3050.0,3130.0
2013-06-26,3130.0,3130.0,3050.0,3050.0
2013-06-27,3050.0,3150.0,3030.0,3120.0
2013-06-28,3120.0,3210.0,3100.0,3210.0
2013-07-01,3250.0,3270.0,3230.0,3250.0
2013-07-02,3270.0,3280.0,3230.0,3260.0
2013-07-03,3290.0,3290.0,3240.0,3260.0
2013-07-04,3260.0,3280.0,3160.0,3250.0
2013-07-05,3300.0,3300.0,3200.0,3250.0
2013-07-08,3300.0,3300.0,3230.0,3230.0
2013-07-09,3260.0,3280.0,3200.0,3220.0
2013-07-10,3230.0,3250.0,3170.0,3190.0
2013-07-11,3170.0,3250.0,3160.0,3210.0
2013-07-12,3200.0,3260.0,3190.0,3240.0
2013-07-16,3250.0,3280.0,3220.0,3240.0
2013-07-17,3240.0,3260.0,3230.0,3240.0
2013-07-18,3250.0,3300.0,3230.0,3290.0
2013-07-19,3300.0,3300.0,3230.0,3270.0
2013-07-22,3290.0,3300.0,3250.0,3270.0
2013-07-23,3250.0,3280.0,3250.0,3270.0
2013-07-24,3230.0,3270.0,3230.0,3260.0
2013-07-25,3230.0,3270.0,3220.0,3270.0
2013-07-26,3260.0,3260.0,3190.0,3200.0
2013-07-29,3180.0,3180.0,3110.0,3120.0
2013-07-30,3120.0,3220.0,3120.0,3190.0
2013-07-31,3200.0,3220.0,3150.0,3170.0
2013-08-01,3190.0,3230.0,3170.0,3220.0
2013-08-02,3230.0,3250.0,3180.0,3220.0
2013-08-05,3140.0,3240.0,3140.0,3220.0
2013-08-06,3200.0,3240.0,3190.0,3230.0
2013-08-07,3240.0,3240.0,3180.0,3180.0
2013-08-08,3150.0,3190.0,3150.0,3160.0
2013-08-09,3190.0,3190.0,3150.0,3180.0
2013-08-12,3170.0,3180.0,3140.0,3170.0
2013-08-13,3140.0,3200.0,3140.0,3200.0
2013-08-14,3190.0,3190.0,3170.0,3190.0
2013-08-15,3180.0,3190.0,3140.0,3180.0
2013-08-16,3170.0,3190.0,3160.0,3170.0
2013-08-19,3170.0,3170.0,3140.0,3160.0
2013-08-20,3160.0,3160.0,3110.0,3120.0
2013-08-21,3130.0,3140.0,3100.0,3100.0
2013-08-22,3030.0,3090.0,3010.0,3010.0
2013-08-23,2950.0,3080.0,2950.0,2970.0
2013-08-26,3280.0,3300.0,3190.0,3270.0
2013-08-27,3260.0,3280.0,3240.0,3270.0
2013-08-28,3230.0,3260.0,3220.0,3240.0
2013-08-29,3200.0,3250.0,3170.0,3200.0
2013-08-30,3190.0,3260.0,3190.0,3240.0
2013-09-02,3240.0,3330.0,3210.0,3240.0
2013-09-03,3310.0,3320.0,3290.0,3300.0
2013-09-04,3280.0,3400.0,3260.0,3380.0
2013-09-05,3340.0,3360.0,3200.0,3220.0
2013-09-06,3290.0,3300.0,3230.0,3250.0
2013-09-09,3280.0,3340.0,3280.0,3320.0
2013-09-10,3330.0,3370.0,3310.0,3350.0
2013-09-11,3360.0,3450.0,3360.0,3370.0
2013-09-12,3370.0,3370.0,3330.0,3350.0
2013-09-13,3320.0,3350.0,3320.0,3330.0
2013-09-17,3330.0,3440.0,3330.0,3400.0
2013-09-18,3430.0,3480.0,3390.0,3440.0
2013-09-19,3480.0,3500.0,3440.0,3490.0
2013-09-20,3520.0,3530.0,3410.0,3410.0
2013-09-24,3380.0,3420.0,3380.0,3400.0
2013-09-25,3380.0,3390.0,3330.0,3340.0
2013-09-26,3310.0,3380.0,3280.0,3380.0
2013-09-27,3400.0,3400.0,3350.0,3350.0
2013-09-30,3300.0,3320.0,3260.0,3300.0
2013-10-01,3300.0,3320.0,3250.0,3260.0
2013-10-02,3290.0,3290.0,3150.0,3160.0
2013-10-03,3140.0,3190.0,3140.0,3180.0
2013-10-04,3190.0,3200.0,3160.0,3170.0
2013-10-07,3200.0,3200.0,3030.0,3040.0
2013-10-08,3060.0,3110.0,3040.0,3090.0
2013-10-09,3090.0,3150.0,3050.0,3150.0
2013-10-10,3190.0,3190.0,3150.0,3180.0
2013-10-11,3230.0,3280.0,3210.0,3230.0
2013-10-15,3190.0,3240.0,3160.0,3170.0
2013-10-16,3180.0,3180.0,3140.0,3160.0
2013-10-17,3210.0,3210.0,3160.0,3170.0
2013-10-18,3200.0,3280.0,3190.0,3260.0
2013-10-21,3250.0,3250.0,3210.0,3210.0
2013-10-22,3180.0,3220.0,3180.0,3210.0
2013-10-23,3230.0,3230.0,3180.0,3180.0
2013-10-24,3170.0,3170.0,3130.0,3150.0
2013-10-25,3150.0,3160.0,3130.0,3130.0
2013-10-28,3160.0,3160.0,3110.0,3130.0
2013-10-29,3110.0,3150.0,3110.0,3140.0
2013-10-30,3150.0,3150.0,3090.0,3110.0
2013-10-31,3090.0,3100.0,2970.0,3000.0
2013-11-01,3010.0,3020.0,2960.0,2980.0
2013-11-05,3030.0,3030.0,2970.0,2970.0
2013-11-06,2960.0,2990.0,2960.0,2980.0
2013-11-07,3000.0,3020.0,2990.0,3000.0
2013-11-08,2920.0,2990.0,2900.0,2930.0
2013-11-11,2910.0,2950.0,2910.0,2940.0
2013-11-12,2920.0,2960.0,2910.0,2960.0
2013-11-13,2970.0,2970.0,2950.0,2950.0
2013-11-14,2940.0,2990.0,2930.0,2980.0
2013-11-15,3000.0,3000.0,2960.0,2980.0
2013-11-18,2980.0,2980.0,2950.0,2960.0
2013-11-19,2940.0,2960.0,2930.0,2950.0
2013-11-20,2930.0,2960.0,2900.0,2920.0
2013-11-21,2920.0,2940.0,2890.0,2910.0
2013-11-22,2920.0,2970.0,2920.0,2950.0
2013-11-25,2960.0,3020.0,2960.0,3010.0
2013-11-26,3010.0,3020.0,2970.0,3010.0
2013-11-27,3010.0,3010.0,2990.0,3000.0
2013-11-28,3010.0,3020.0,2990.0,3020.0
2013-11-29,2980.0,3010.0,2980.0,3010.0
2013-12-02,2990.0,3010.0,2960.0,2990.0
2013-12-03,3000.0,3010.0,2970.0,2970.0
2013-12-04,2970.0,2980.0,2940.0,2940.0
2013-12-05,2940.0,2950.0,2920.0,2920.0
2013-12-06,2930.0,2940.0,2900.0,2900.0
2013-12-09,2920.0,2930.0,2910.0,2920.0
2013-12-10,2910.0,2930.0,2890.0,2910.0
2013-12-11,2910.0,2910.0,2880.0,2880.0
2013-12-12,2880.0,2900.0,2870.0,2880.0
2013-12-13,2880.0,2900.0,2860.0,2880.0
2013-12-16,2880.0,2890.0,2810.0,2820.0
2013-12-17,2830.0,2870.0,2830.0,2840.0
2013-12-18,2850.0,2870.0,2820.0,2830.0
2013-12-19,2840.0,2860.0,2820.0,2830.0
2013-12-20,2840.0,2870.0,2840.0,2860.0
2013-12-24,2870.0,2880.0,2840.0,2840.0
2013-12-25,2840.0,2870.0,2840.0,2860.0
2013-12-26,2890.0,3020.0,2890.0,2990.0
2013-12-27,3050.0,3140.0,3030.0,3130.0
2013-12-30,3290.0,3290.0,3160.0,3280.0
2014-01-06,3270.0,3290.0,3210.0,3240.0
2014-01-07,3240.0,3300.0,3230.0,3250.0
2014-01-08,3310.0,3340.0,3290.0,3340.0
2014-01-09,3340.0,3360.0,3310.0,3350.0
2014-01-10,3320.0,3340.0,3310.0,3320.0
2014-01-14,3220.0,3270.0,3220.0,3250.0
2014-01-15,3290.0,3290.0,3220.0,3250.0
2014-01-16,3270.0,3350.0,3270.0,3330.0
2014-01-17,3330.0,3390.0,3320.0,3380.0
2014-01-20,3400.0,3500.0,3370.0,3490.0
2014-01-21,3520.0,3550.0,3460.0,3480.0
2014-01-22,3490.0,3550.0,3440.0,3480.0
2014-01-23,3440.0,3480.0,3350.0,3350.0
2014-01-24,3300.0,3340.0,3250.0,3290.0
2014-01-27,3320.0,3450.0,3240.0,3380.0
2014-01-28,3370.0,3400.0,3270.0,3360.0
2014-01-29,3350.0,3450.0,3330.0,3440.0
2014-01-30,3350.0,3350.0,3250.0,3250.0
2014-01-31,3300.0,3380.0,3270.0,3340.0
2014-02-03,3350.0,3430.0,3270.0,3290.0
2014-02-04,3170.0,3280.0,3070.0,3230.0
2014-02-05,3210.0,3340.0,3200.0,3320.0
2014-02-06,3290.0,3440.0,3270.0,3380.0
2014-02-07,3420.0,3500.0,3350.0,3490.0
2014-02-10,3520.0,3590.0,3460.0,3490.0
2014-02-12,3460.0,3470.0,3410.0,3450.0
2014-02-13,3490.0,3500.0,3400.0,3420.0
2014-02-14,3340.0,3390.0,3220.0,3220.0
2014-02-17,3240.0,3310.0,3210.0,3290.0
2014-02-18,3280.0,3350.0,3280.0,3340.0
2014-02-19,3320.0,3340.0,3250.0,3280.0
2014-02-20,3260.0,3280.0,3180.0,3220.0
2014-02-21,3290.0,3330.0,3260.0,3320.0
2014-02-24,3310.0,3360.0,3280.0,3320.0
2014-02-25,3320.0,3350.0,3270.0,3270.0
2014-02-26,3260.0,3290.0,3250.0,3260.0
2014-02-27,3260.0,3300.0,3250.0,3280.0
2014-02-28,3320.0,3320.0,3260.0,3260.0
2014-03-03,3250.0,3260.0,3210.0,3240.0
2014-03-04,3230.0,3320.0,3230.0,3290.0
2014-03-05,3290.0,3390.0,3270.0,3380.0
2014-03-06,3390.0,3450.0,3360.0,3420.0
2014-03-07,3440.0,3480.0,3390.0,3420.0
2014-03-10,3400.0,3410.0,3370.0,3400.0
2014-03-11,3400.0,3460.0,3400.0,3440.0
2014-03-12,3440.0,3580.0,3440.0,3480.0
2014-03-13,3490.0,3530.0,3480.0,3500.0
2014-03-14,3490.0,3490.0,3360.0,3370.0
2014-03-17,3370.0,3420.0,3340.0,3360.0
2014-03-18,3450.0,3530.0,3450.0,3520.0
2014-03-19,3500.0,3510.0,3450.0,3470.0
2014-03-20,3480.0,3550.0,3430.0,3450.0
2014-03-24,3530.0,3580.0,3490.0,3580.0
2014-03-25,3580.0,3610.0,3550.0,3560.0
2014-03-26,3590.0,3600.0,3500.0,3510.0
2014-03-27,3470.0,3580.0,3400.0,3570.0
2014-03-28,3600.0,3740.0,3580.0,3720.0
2014-03-31,3880.0,3880.0,3780.0,3880.0
2014-04-01,3900.0,3930.0,3870.0,3900.0
2014-04-02,3880.0,3910.0,3830.0,3830.0
2014-04-03,3830.0,3860.0,3780.0,3800.0
2014-04-04,3820.0,3830.0,3760.0,3810.0
2014-04-07,3790.0,3810.0,3770.0,3800.0
2014-04-08,3740.0,3790.0,3700.0,3710.0
2014-04-09,3680.0,3700.0,3650.0,3660.0
2014-04-10,3690.0,3740.0,3670.0,3670.0
2014-04-11,3610.0,3660.0,3560.0,3620.0
2014-04-14,3550.0,3650.0,3550.0,3600.0
2014-04-15,3600.0,3620.0,3570.0,3570.0
2014-04-16,3600.0,3630.0,3600.0,3630.0
2014-04-17,3630.0,3680.0,3590.0,3600.0
2014-04-18,3640.0,3640.0,3540.0,3580.0
2014-04-21,3610.0,3610.0,3560.0,3600.0
2014-04-22,3610.0,3610.0,3530.0,3530.0
2014-04-23,3530.0,3560.0,3520.0,3520.0
2014-04-24,3520.0,3530.0,3480.0,3490.0
2014-04-25,3460.0,3510.0,3430.0,3460.0
2014-04-28,3060.0,3220.0,3000.0,3220.0
2014-04-30,3220.0,3330.0,3220.0,3260.0
2014-05-01,3250.0,3270.0,3210.0,3270.0
2014-05-02,3260.0,3260.0,3190.0,3230.0
2014-05-07,3230.0,3230.0,3080.0,3090.0
2014-05-08,3120.0,3150.0,3090.0,3130.0
2014-05-09,3160.0,3250.0,3130.0,3230.0
2014-05-12,3040.0,3090.0,2930.0,2940.0
2014-05-13,2990.0,3070.0,2970.0,3050.0
2014-05-14,3050.0,3160.0,3020.0,3160.0
2014-05-15,3110.0,3110.0,3050.0,3070.0
2014-05-16,3010.0,3030.0,2970.0,2990.0
2014-05-19,2980.0,3000.0,2900.0,2910.0
2014-05-20,2910.0,2930.0,2890.0,2890.0
2014-05-21,2890.0,2920.0,2880.0,2920.0
2014-05-22,2960.0,3030.0,2960.0,3020.0
2014-05-23,3020.0,3070.0,3020.0,3050.0
2014-05-26,3090.0,3090.0,2990.0,3000.0
2014-05-27,3000.0,3070.0,3000.0,3040.0
2014-05-28,3080.0,3080.0,3050.0,3070.0
2014-05-29,3070.0,3070.0,3030.0,3030.0
2014-05-30,3070.0,3070.0,3020.0,3030.0
2014-06-02,3040.0,3060.0,3010.0,3040.0
2014-06-03,3030.0,3070.0,3030.0,3040.0
2014-06-04,3040.0,3040.0,2990.0,3020.0
2014-06-05,3020.0,3060.0,3020.0,3050.0
2014-06-06,3020.0,3090.0,3020.0,3090.0
2014-06-09,3100.0,3100.0,3020.0,3040.0
2014-06-10,3060.0,3060.0,3030.0,3040.0
2014-06-11,3020.0,3050.0,3020.0,3050.0
2014-06-12,3020.0,3050.0,3020.0,3030.0
2014-06-13,3050.0,3090.0,3030.0,3060.0
2014-06-16,3070.0,3200.0,3070.0,3200.0
2014-06-17,3200.0,3200.0,3130.0,3160.0
2014-06-18,3190.0,3190.0,3160.0,3170.0
2014-06-19,3160.0,3230.0,3160.0,3220.0
2014-06-20,3240.0,3250.0,3210.0,3240.0
2014-06-23,3240.0,3240.0,3200.0,3220.0
2014-06-24,3210.0,3230.0,3190.0,3210.0
2014-06-25,3180.0,3200.0,3150.0,3170.0
2014-06-26,3150.0,3170.0,3140.0,3160.0
2014-06-27,3180.0,3190.0,3160.0,3160.0
2014-06-30,3150.0,3160.0,3100.0,3140.0
2014-07-01,3180.0,3230.0,3150.0,3150.0
2014-07-02,3180.0,3180.0,3150.0,3150.0
2014-07-03,3140.0,3140.0,3120.0,3120.0
2014-07-04,3160.0,3190.0,3140.0,3190.0
2014-07-07,3180.0,3210.0,3090.0,3160.0
2014-07-08,3150.0,3160.0,3120.0,3140.0
2014-07-09,3120.0,3160.0,3120.0,3140.0
2014-07-10,3120.0,3130.0,3060.0,3070.0
2014-07-11,3030.0,3050.0,3000.0,3020.0
2014-07-14,3020.0,3040.0,3010.0,3010.0
2014-07-15,3050.0,3090.0,3050.0,3060.0
2014-07-16,3080.0,3080.0,3030.0,3030.0
2014-07-17,3040.0,3060.0,3000.0,3000.0
2014-07-18,2970.0,2970.0,2900.0,2940.0
2014-07-22,2950.0,2970.0,2920.0,2930.0
2014-07-23,2930.0,2960.0,2920.0,2950.0
2014-07-24,3000.0,3050.0,2980.0,3030.0
2014-07-25,3030.0,3080.0,3030.0,3070.0
2014-07-28,3100.0,3140.0,3090.0,3120.0
2014-07-29,3140.0,3190.0,3140.0,3160.0
2014-07-30,3190.0,3200.0,3160.0,3180.0
2014-07-31,3200.0,3220.0,3190.0,3210.0
2014-08-01,3200.0,3240.0,3120.0,3130.0
2014-08-04,3130.0,3240.0,3130.0,3190.0
2014-08-05,3220.0,3230.0,3190.0,3190.0
2014-08-06,3170.0,3180.0,3120.0,3120.0
2014-08-07,3150.0,3210.0,3110.0,3210.0
2014-08-08,3180.0,3180.0,3050.0,3090.0
2014-08-11,3150.0,3160.0,3120.0,3130.0
2014-08-12,3160.0,3190.0,3140.0,3170.0
2014-08-13,3110.0,3220.0,3110.0,3170.0
2014-08-14,3170.0,3250.0,3170.0,3240.0
2014-08-15,3220.0,3270.0,3210.0,3260.0
2014-08-18,3270.0,3410.0,3260.0,3380.0
2014-08-19,3400.0,3420.0,3330.0,3410.0
2014-08-20,3390.0,3390.0,3290.0,3300.0
2014-08-21,3280.0,3380.0,3190.0,3380.0
2014-08-22,3320.0,3330.0,3270.0,3270.0
2014-08-25,3270.0,3310.0,3270.0,3270.0
2014-08-26,3270.0,3290.0,3230.0,3230.0
2014-08-27,3230.0,3320.0,3230.0,3320.0
2014-08-28,3320.0,3410.0,3320.0,3390.0
2014-08-29,3350.0,3400.0,3330.0,3390.0
2014-09-01,3350.0,3420.0,3350.0,3400.0
2014-09-02,3400.0,3560.0,3380.0,3480.0
2014-09-03,3450.0,3470.0,3440.0,3440.0
2014-09-04,3440.0,3440.0,3400.0,3400.0
2014-09-05,3390.0,3430.0,3390.0,3400.0
2014-09-08,3420.0,3470.0,3420.0,3440.0
2014-09-09,3440.0,3460.0,3410.0,3440.0
2014-09-10,3380.0,3450.0,3370.0,3440.0
2014-09-11,3430.0,3480.0,3430.0,3450.0
2014-09-12,3500.0,3500.0,3440.0,3490.0
2014-09-16,3460.0,3480.0,3440.0,3470.0
2014-09-17,3470.0,3470.0,3360.0,3360.0
2014-09-18,3350.0,3410.0,3350.0,3380.0
2014-09-19,3350.0,3440.0,3340.0,3380.0
2014-09-22,3400.0,3410.0,3380.0,3380.0
2014-09-24,3380.0,3420.0,3370.0,3380.0
2014-09-25,3420.0,3480.0,3420.0,3480.0
2014-09-26,3440.0,3540.0,3400.0,3490.0
2014-09-29,3480.0,3480.0,3460.0,3470.0
2014-09-30,3420.0,3450.0,3420.0,3440.0
2014-10-01,3420.0,3430.0,3400.0,3400.0
2014-10-02,3320.0,3450.0,3300.0,3300.0
2014-10-03,3300.0,3370.0,3300.0,3340.0
2014-10-06,3390.0,3410.0,3370.0,3380.0
2014-10-07,3360.0,3430.0,3360.0,3390.0
2014-10-08,3350.0,3400.0,3330.0,3370.0
2014-10-09,3370.0,3400.0,3340.0,3360.0
2014-10-10,3310.0,3310.0,3150.0,3150.0
2014-10-14,3030.0,3080.0,3000.0,3020.0
2014-10-15,3050.0,3140.0,3050.0,3080.0
2014-10-16,3060.0,3070.0,2980.0,2990.0
2014-10-17,2980.0,3020.0,2950.0,2960.0
2014-10-20,3030.0,3100.0,3030.0,3070.0
2014-10-21,3040.0,3060.0,2950.0,2950.0
2014-10-22,2950.0,2980.0,2940.0,2950.0
2014-10-23,2930.0,3020.0,2900.0,2900.0
2014-10-24,2950.0,2950.0,2930.0,2940.0
2014-10-27,2940.0,2940.0,2900.0,2920.0
2014-10-28,2940.0,2950.0,2880.0,2890.0
2014-10-29,2900.0,2930.0,2880.0,2890.0
2014-10-30,2920.0,2920.0,2880.0,2880.0
2014-10-31,2920.0,2970.0,2910.0,2940.0
2014-11-04,3100.0,3100.0,3000.0,3040.0
2014-11-05,3060.0,3080.0,3000.0,3060.0
2014-11-06,3090.0,3090.0,3000.0,3010.0
2014-11-07,3010.0,3090.0,2910.0,2920.0
2014-11-10,2940.0,2950.0,2880.0,2880.0
2014-11-11,2910.0,2920.0,2890.0,2900.0
2014-11-12,2920.0,2970.0,2800.0,2870.0
2014-11-13,2900.0,2910.0,2860.0,2880.0
2014-11-14,2890.0,2900.0,2840.0,2880.0
2014-11-17,2880.0,2880.0,2830.0,2840.0
2014-11-18,2850.0,2880.0,2840.0,2870.0
2014-11-19,2870.0,2890.0,2840.0,2850.0
2014-11-20,2870.0,2880.0,2850.0,2850.0
2014-11-21,2850.0,2870.0,2830.0,2870.0
2014-11-25,2880.0,2910.0,2870.0,2910.0
2014-11-26,2910.0,2930.0,2910.0,2920.0
2014-11-27,2920.0,2920.0,2890.0,2890.0
2014-11-28,2910.0,2910.0,2890.0,2890.0
2014-12-01,2890.0,2890.0,2860.0,2860.0
2014-12-02,2870.0,2880.0,2860.0,2870.0
2014-12-03,2920.0,2920.0,2870.0,2880.0
2014-12-04,2880.0,2940.0,2880.0,2940.0
2014-12-05,2950.0,2990.0,2950.0,2990.0
2014-12-08,3000.0,3040.0,2990.0,3030.0
2014-12-09,3020.0,3110.0,3000.0,3080.0
2014-12-10,3030.0,3100.0,3030.0,3060.0
2014-12-11,3040.0,3070.0,3000.0,3050.0
2014-12-12,3020.0,3150.0,3020.0,3120.0
2014-12-15,3070.0,3190.0,3050.0,3180.0
2014-12-16,3100.0,3180.0,3100.0,3170.0
2014-12-17,3130.0,3180.0,3130.0,3170.0
2014-12-18,3150.0,3180.0,3150.0,3160.0
2014-12-19,3170.0,3180.0,3120.0,3180.0
2014-12-22,3180.0,3250.0,3170.0,3250.0
2014-12-24,3250.0,3260.0,3180.0,3190.0
2014-12-25,3230.0,3260.0,3190.0,3230.0
2014-12-26,3270.0,3280.0,3250.0,3280.0
2014-12-29,3280.0,3280.0,3200.0,3250.0
2014-12-30,3270.0,3330.0,3260.0,3280.0
2015-01-05,3300.0,3340.0,3280.0,3330.0
2015-01-06,3290.0,3340.0,3280.0,3300.0
2015-01-07,3260.0,3290.0,3210.0,3230.0
2015-01-08,3300.0,3300.0,3230.0,3250.0
2015-01-09,3250.0,3290.0,3250.0,3260.0
2015-01-13,3210.0,3220.0,3170.0,3210.0
2015-01-14,3210.0,3210.0,3190.0,3190.0
2015-01-15,3190.0,3200.0,3170.0,3190.0
2015-01-16,3110.0,3190.0,3110.0,3120.0
2015-01-19,3140.0,3140.0,3100.0,3120.0
2015-01-20,3130.0,3190.0,3130.0,3190.0
2015-01-21,3190.0,3190.0,3160.0,3190.0
2015-01-22,3190.0,3190.0,3160.0,3190.0
2015-01-23,3200.0,3280.0,3200.0,3260.0
2015-01-26,3260.0,3330.0,3260.0,3310.0
2015-01-27,3350.0,3350.0,3320.0,3330.0
2015-01-28,3320.0,3330.0,3300.0,3330.0
2015-01-29,3340.0,3340.0,3260.0,3330.0
2015-01-30,3350.0,3350.0,3280.0,3310.0
2015-02-02,3300.0,3310.0,3230.0,3290.0
2015-02-03,3300.0,3320.0,3260.0,3290.0
2015-02-04,3250.0,3300.0,3250.0,3280.0
2015-02-05,3300.0,3340.0,3290.0,3320.0
2015-02-06,3320.0,3340.0,3310.0,3340.0
2015-02-09,3280.0,3350.0,3280.0,3340.0
2015-02-10,3320.0,3350.0,3300.0,3310.0
2015-02-12,3350.0,3360.0,3330.0,3330.0
2015-02-13,3360.0,3360.0,3340.0,3340.0
2015-02-16,3340.0,3500.0,3340.0,3470.0
2015-02-17,3500.0,3600.0,3490.0,3580.0
2015-02-18,3600.0,3630.0,3550.0,3590.0
2015-02-19,3650.0,3740.0,3650.0,3690.0
2015-02-20,3660.0,3680.0,3620.0,3630.0
2015-02-23,3790.0,4260.0,3780.0,4130.0
2015-02-24,3980.0,4020.0,3920.0,3920.0
2015-02-25,3940.0,3970.0,3900.0,3950.0
2015-02-26,3900.0,3920.0,3880.0,3910.0
2015-02-27,3880.0,3900.0,3830.0,3840.0
2015-03-02,3800.0,3930.0,3750.0,3920.0
2015-03-03,3960.0,3980.0,3880.0,3900.0
2015-03-04,3880.0,3880.0,3770.0,3830.0
2015-03-05,3820.0,3820.0,3750.0,3750.0
2015-03-06,3790.0,3790.0,3740.0,3750.0
2015-03-09,3720.0,3740.0,3620.0,3630.0
2015-03-10,3600.0,3640.0,3550.0,3550.0
2015-03-11,3540.0,3610.0,3500.0,3590.0
2015-03-12,3650.0,3900.0,3610.0,3890.0
2015-03-13,3890.0,3910.0,3840.0,3890.0
2015-03-16,3910.0,3990.0,3910.0,3950.0
2015-03-17,3980.0,4050.0,3950.0,4010.0
2015-03-18,4070.0,4070.0,3990.0,4050.0
2015-03-19,4070.0,4070.0,3970.0,4020.0
2015-03-20,3980.0,4010.0,3920.0,3920.0
2015-03-23,3950.0,4020.0,3950.0,3980.0
2015-03-24,3950.0,3980.0,3910.0,3930.0
2015-03-25,3900.0,3980.0,3880.0,3930.0
2015-03-26,3890.0,3940.0,3880.0,3930.0
2015-03-27,3850.0,3910.0,3850.0,3880.0
2015-03-30,3820.0,3890.0,3820.0,3830.0
2015-03-31,3850.0,3950.0,3840.0,3900.0
2015-04-01,3820.0,3860.0,3800.0,3820.0
2015-04-02,3800.0,3910.0,3800.0,3890.0
2015-04-03,3880.0,4100.0,3880.0,4070.0
2015-04-06,4070.0,4080.0,4030.0,4060.0
2015-04-07,4030.0,4050.0,3970.0,4000.0
2015-04-08,3970.0,4010.0,3970.0,3970.0
2015-04-09,3940.0,3970.0,3800.0,3810.0
2015-04-10,3850.0,3860.0,3800.0,3800.0
2015-04-13,3800.0,3830.0,3760.0,3800.0
2015-04-14,3770.0,3830.0,3770.0,3810.0
2015-04-15,3770.0,3810.0,3770.0,3770.0
2015-04-16,3770.0,3790.0,3730.0,3760.0
2015-04-17,3720.0,3800.0,3720.0,3760.0
2015-04-20,3780.0,3890.0,3750.0,3840.0
2015-04-21,3810.0,3840.0,3760.0,3780.0
2015-04-22,3780.0,3810.0,3780.0,3810.0
2015-04-23,3800.0,3830.0,3780.0,3800.0
2015-04-24,3770.0,3800.0,3760.0,3760.0
2015-04-27,3840.0,3870.0,3800.0,3840.0
2015-04-28,3880.0,3880.0,3820.0,3820.0
2015-04-30,3820.0,3820.0,3750.0,3780.0
2015-05-01,3720.0,3740.0,3700.0,3720.0
2015-05-07,3730.0,3810.0,3660.0,3690.0
2015-05-08,3700.0,3820.0,3690.0,3820.0
2015-05-11,3690.0,3770.0,3690.0,3720.0
2015-05-12,3720.0,3720.0,3690.0,3700.0
2015-05-13,3600.0,3850.0,3600.0,3810.0
2015-05-14,3730.0,3740.0,3590.0,3610.0
2015-05-15,3610.0,3640.0,3600.0,3610.0
2015-05-18,3630.0,3670.0,3620.0,3630.0
2015-05-19,3660.0,3670.0,3630.0,3650.0
2015-05-20,3660.0,3680.0,3630.0,3630.0
2015-05-21,3630.0,3670.0,3590.0,3640.0
2015-05-22,3660.0,3760.0,3660.0,3740.0
2015-05-25,3740.0,3750.0,3630.0,3700.0
2015-05-26,3710.0,3710.0,3660.0,3680.0
2015-05-27,3690.0,3700.0,3660.0,3680.0
2015-05-28,3660.0,3730.0,3630.0,3660.0
2015-05-29,3660.0,3680.0,3600.0,3600.0
2015-06-01,3590.0,3630.0,3590.0,3630.0
2015-06-02,3640.0,3640.0,3580.0,3580.0
2015-06-03,3600.0,3630.0,3600.0,3620.0
2015-06-04,3600.0,3640.0,3600.0,3620.0
2015-06-05,3600.0,3610.0,3590.0,3590.0
2015-06-08,3600.0,3610.0,3580.0,3600.0
2015-06-09,3570.0,3580.0,3550.0,3550.0
2015-06-10,3550.0,3560.0,3530.0,3530.0
2015-06-11,3540.0,3560.0,3530.0,3530.0
2015-06-12,3520.0,3530.0,3410.0,3420.0
2015-06-15,3440.0,3500.0,3430.0,3480.0
2015-06-16,3470.0,3480.0,3420.0,3420.0
2015-06-17,3440.0,3480.0,3420.0,3450.0
2015-06-18,3430.0,3450.0,3400.0,3400.0
2015-06-19,3420.0,3450.0,3400.0,3430.0
2015-06-22,3420.0,3510.0,3420.0,3490.0
2015-06-23,3520.0,3540.0,3490.0,3520.0
2015-06-24,3570.0,3570.0,3470.0,3480.0
2015-06-25,3490.0,3520.0,3470.0,3500.0
2015-06-26,3500.0,3500.0,3450.0,3490.0
2015-06-29,3420.0,3440.0,3370.0,3380.0
2015-06-30,3380.0,3380.0,3360.0,3380.0
2015-07-01,3390.0,3440.0,3390.0,3400.0
2015-07-02,3450.0,3520.0,3450.0,3470.0
2015-07-03,3490.0,3520.0,3470.0,3510.0
2015-07-06,3480.0,3480.0,3460.0,3460.0
2015-07-07,3480.0,3490.0,3470.0,3470.0
2015-07-08,3460.0,3490.0,3390.0,3400.0
2015-07-09,3370.0,3390.0,3330.0,3380.0
2015-07-10,3410.0,3430.0,3390.0,3420.0
2015-07-13,3420.0,3490.0,3420.0,3490.0
2015-07-14,3540.0,3540.0,3490.0,3500.0
2015-07-15,3500.0,3520.0,3440.0,3520.0
2015-07-16,3520.0,3530.0,3490.0,3530.0
2015-07-17,3530.0,3550.0,3530.0,3540.0
2015-07-21,3560.0,3560.0,3540.0,3550.0
2015-07-22,3550.0,3560.0,3540.0,3550.0
2015-07-23,3550.0,3560.0,3530.0,3560.0
2015-07-24,3560.0,3620.0,3560.0,3590.0
2015-07-27,3600.0,3610.0,3580.0,3580.0
2015-07-28,3560.0,3560.0,3550.0,3560.0
2015-07-29,3560.0,3610.0,3560.0,3600.0
2015-07-30,3590.0,3640.0,3590.0,3620.0
2015-07-31,3640.0,3640.0,3620.0,3630.0
2015-08-03,3630.0,3630.0,3620.0,3620.0
2015-08-04,3660.0,3690.0,3630.0,3680.0
2015-08-05,3680.0,3690.0,3640.0,3690.0
2015-08-06,3700.0,3760.0,3700.0,3740.0
2015-08-07,3680.0,3860.0,3680.0,3840.0
2015-08-10,3800.0,3930.0,3780.0,3920.0
2015-08-11,3920.0,3920.0,3870.0,3920.0
2015-08-12,3900.0,3930.0,3840.0,3890.0
2015-08-13,3850.0,3890.0,3850.0,3890.0
2015-08-14,3890.0,3920.0,3850.0,3880.0
2015-08-17,3900.0,3920.0,3850.0,3920.0
2015-08-18,3950.0,3970.0,3910.0,3970.0
2015-08-19,3980.0,4020.0,3900.0,3940.0
2015-08-20,3910.0,3910.0,3850.0,3850.0
2015-08-21,3650.0,3760.0,3630.0,3670.0
2015-08-24,3610.0,3620.0,3470.0,3470.0
2015-08-25,3420.0,3650.0,3320.0,3500.0
2015-08-26,3500.0,3630.0,3480.0,3560.0
2015-08-27,3610.0,3690.0,3570.0,3580.0
2015-08-28,3680.0,3770.0,3630.0,3760.0
2015-08-31,3740.0,3770.0,3690.0,3740.0
2015-09-01,3720.0,3720.0,3640.0,3650.0
2015-09-02,3640.0,3700.0,3600.0,3700.0
2015-09-03,3680.0,3710.0,3610.0,3620.0
2015-09-04,3650.0,3650.0,3510.0,3530.0
2015-09-07,3470.0,3570.0,3440.0,3480.0
2015-09-08,3450.0,3460.0,3320.0,3320.0
2015-09-09,3400.0,3430.0,3380.0,3410.0
2015-09-10,3360.0,3360.0,3200.0,3300.0
2015-09-11,3330.0,3400.0,3310.0,3320.0
2015-09-14,3350.0,3400.0,3160.0,3310.0
2015-09-15,3350.0,3350.0,3220.0,3230.0
2015-09-16,3260.0,3340.0,3250.0,3310.0
2015-09-17,3310.0,3370.0,3310.0,3350.0
2015-09-18,3360.0,3360.0,3240.0,3240.0
2015-09-24,3210.0,3250.0,3180.0,3180.0
2015-09-25,3180.0,3320.0,3180.0,3230.0
2015-09-28,3240.0,3330.0,3160.0,3260.0
2015-09-29,3260.0,3340.0,3250.0,3320.0
2015-09-30,3340.0,3550.0,3300.0,3540.0
2015-10-01,3520.0,3530.0,3440.0,3520.0
2015-10-02,3500.0,3520.0,3430.0,3520.0
2015-10-05,3520.0,3540.0,3450.0,3540.0
2015-10-06,3580.0,3650.0,3480.0,3650.0
2015-10-07,3670.0,3670.0,3430.0,3650.0
2015-10-08,3640.0,3640.0,3600.0,3620.0
2015-10-09,3620.0,3760.0,3600.0,3740.0
2015-10-13,3700.0,3770.0,3700.0,3750.0
2015-10-14,3770.0,3770.0,3690.0,3760.0
2015-10-15,3730.0,3780.0,3720.0,3770.0
2015-10-16,3800.0,3800.0,3720.0,3730.0
2015-10-19,3740.0,3740.0,3680.0,3700.0
2015-10-20,3700.0,3730.0,3690.0,3730.0
2015-10-21,3750.0,3830.0,3740.0,3830.0
2015-10-22,3830.0,3830.0,3790.0,3810.0
2015-10-23,3840.0,3850.0,3800.0,3800.0
2015-10-26,3840.0,3840.0,3760.0,3800.0
2015-10-27,3800.0,3810.0,3780.0,3800.0
2015-10-28,3820.0,3830.0,3770.0,3830.0
2015-10-29,3830.0,3840.0,3760.0,3810.0
2015-10-30,3850.0,3860.0,3820.0,3820.0
2015-11-02,3780.0,3820.0,3780.0,3810.0
2015-11-04,3810.0,3830.0,3760.0,3800.0
2015-11-05,3800.0,3900.0,3800.0,3830.0
2015-11-06,3870.0,3950.0,3850.0,3920.0
2015-11-09,3950.0,4020.0,3950.0,4020.0
2015-11-10,4020.0,4030.0,3950.0,3990.0
2015-11-11,4000.0,4000.0,3910.0,3950.0
2015-11-12,4000.0,4030.0,3980.0,4020.0
2015-11-13,3990.0,4020.0,3910.0,4020.0
2015-11-16,3990.0,3990.0,3960.0,3980.0
2015-11-17,3980.0,4010.0,3950.0,3990.0
2015-11-18,3990.0,4030.0,3960.0,4000.0
2015-11-19,4000.0,4090.0,4000.0,4060.0
2015-11-20,4070.0,4090.0,4050.0,4090.0
2015-11-24,4060.0,4100.0,4020.0,4090.0
2015-11-25,4060.0,4080.0,4050.0,4050.0
2015-11-26,4050.0,4070.0,4040.0,4050.0
2015-11-27,4050.0,4070.0,4030.0,4050.0
2015-11-30,4050.0,4090.0,3980.0,4070.0
2015-12-01,4040.0,4060.0,4010.0,4050.0
2015-12-02,4060.0,4090.0,4010.0,4070.0
2015-12-03,4050.0,4070.0,4050.0,4070.0
2015-12-04,3990.0,4080.0,3980.0,4050.0
2015-12-07,4050.0,4080.0,4050.0,4070.0
2015-12-08,4080.0,4080.0,4040.0,4070.0
2015-12-09,4070.0,4090.0,4010.0,4060.0
2015-12-10,4050.0,4090.0,4040.0,4040.0
2015-12-11,4000.0,4040.0,4000.0,4040.0
2015-12-14,3980.0,3980.0,3890.0,3980.0
2015-12-15,3980.0,3980.0,3910.0,3960.0
2015-12-16,3970.0,4030.0,3970.0,3990.0
2015-12-17,4030.0,4030.0,3890.0,3920.0
2015-12-18,3880.0,3950.0,3840.0,3870.0
2015-12-21,3860.0,3930.0,3830.0,3900.0
2015-12-22,3940.0,3950.0,3880.0,3880.0
2015-12-24,3910.0,3970.0,3890.0,3900.0
2015-12-25,3900.0,3900.0,3900.0,3900.0
2015-12-28,3900.0,3960.0,3760.0,3930.0
2015-12-29,3950.0,3970.0,3900.0,3940.0
2015-12-30,4000.0,4000.0,3960.0,3980.0
2016-01-04,3990.0,4030.0,3920.0,3940.0
2016-01-05,3940.0,3990.0,3940.0,3960.0
2016-01-06,3930.0,3960.0,3930.0,3930.0
2016-01-07,3930.0,3950.0,3900.0,3930.0
2016-01-08,3930.0,3950.0,3910.0,3930.0
2016-01-12,3860.0,3870.0,3660.0,3660.0
2016-01-13,3720.0,3820.0,3700.0,3770.0
2016-01-14,3770.0,3770.0,3500.0,3500.0
2016-01-15,3660.0,3660.0,3480.0,3540.0
2016-01-18,3530.0,3590.0,3430.0,3510.0
2016-01-19,3470.0,3530.0,3470.0,3480.0
2016-01-20,3550.0,3550.0,3410.0,3410.0
2016-01-21,3410.0,3460.0,3250.0,3250.0
2016-01-22,3330.0,3370.0,3310.0,3330.0
2016-01-25,3390.0,3460.0,3390.0,3440.0
2016-01-26,3360.0,3370.0,3340.0,3350.0
2016-01-27,3400.0,3430.0,3390.0,3420.0
2016-01-28,3430.0,3490.0,3400.0,3400.0
2016-01-29,3420.0,3540.0,3410.0,3540.0
2016-02-01,3600.0,3610.0,3570.0,3610.0
2016-02-02,3610.0,3630.0,3580.0,3590.0
2016-02-03,3550.0,3550.0,3520.0,3520.0
2016-02-04,3520.0,3560.0,3520.0,3560.0
2016-02-05,3510.0,3520.0,3480.0,3510.0
2016-02-08,3440.0,3440.0,3310.0,3380.0
2016-02-09,3350.0,3350.0,3210.0,3220.0
2016-02-10,3230.0,3230.0,3060.0,3120.0
2016-02-12,2930.0,2930.0,2640.0,2720.0
2016-02-15,2820.0,2940.0,2790.0,2890.0
2016-02-16,2870.0,2890.0,2770.0,2790.0
2016-02-17,2790.0,2840.0,2760.0,2770.0
2016-02-18,2790.0,2890.0,2790.0,2890.0
2016-02-19,2890.0,2940.0,2880.0,2940.0
2016-02-22,2900.0,2980.0,2900.0,2980.0
2016-02-23,3020.0,3090.0,3020.0,3040.0
2016-02-24,3040.0,3050.0,2990.0,3040.0
2016-02-25,3060.0,3140.0,3060.0,3130.0
2016-02-26,3260.0,3260.0,3180.0,3220.0
2016-02-29,3300.0,3320.0,3250.0,3250.0
2016-03-01,3310.0,3310.0,3180.0,3230.0
2016-03-02,3340.0,3340.0,3220.0,3320.0
2016-03-03,3290.0,3330.0,3290.0,3310.0
2016-03-04,3290.0,3290.0,3240.0,3250.0
2016-03-07,3290.0,3290.0,3230.0,3260.0
2016-03-08,3290.0,3290.0,3250.0,3250.0
2016-03-09,3250.0,3250.0,3150.0,3160.0
2016-03-10,3220.0,3300.0,3210.0,3260.0
2016-03-11,3210.0,3260.0,3210.0,3250.0
2016-03-14,3280.0,3400.0,3210.0,3340.0
2016-03-15,3340.0,3380.0,3310.0,3350.0
2016-03-16,3330.0,3360.0,3310.0,3340.0
2016-03-17,3350.0,3390.0,3350.0,3360.0
2016-03-18,3370.0,3410.0,3340.0,3380.0
2016-03-22,3440.0,3480.0,3400.0,3450.0
2016-03-23,3440.0,3440.0,3350.0,3370.0
2016-03-24,3350.0,3350.0,3300.0,3300.0
2016-03-25,3300.0,3360.0,3300.0,3320.0
2016-03-28,3360.0,3360.0,3150.0,3260.0
2016-03-29,3260.0,3350.0,3250.0,3350.0
2016-03-30,3330.0,3330.0,3200.0,3220.0
2016-03-31,3220.0,3380.0,3180.0,3280.0
2016-04-01,3300.0,3350.0,3140.0,3140.0
2016-04-04,3150.0,3150.0,3090.0,3130.0
2016-04-05,3070.0,3070.0,2900.0,2920.0
2016-04-06,2960.0,3050.0,2830.0,2910.0
2016-04-07,2890.0,3000.0,2890.0,2920.0
2016-04-08,2860.0,2940.0,2830.0,2870.0
2016-04-11,2860.0,3080.0,2840.0,2980.0
2016-04-12,2950.0,3060.0,2950.0,3010.0
2016-04-13,3040.0,3100.0,3040.0,3100.0
2016-04-14,3100.0,3150.0,2980.0,3130.0
2016-04-15,3070.0,3150.0,3070.0,3090.0
2016-04-18,3060.0,3060.0,2950.0,2950.0
2016-04-19,3000.0,3060.0,3000.0,3040.0
2016-04-20,3090.0,3130.0,3080.0,3090.0
2016-04-21,3150.0,3220.0,3150.0,3170.0
2016-04-22,3100.0,3210.0,3100.0,3140.0
2016-04-25,3190.0,3260.0,3190.0,3200.0
2016-04-26,3210.0,3240.0,3200.0,3230.0
2016-04-27,3220.0,3310.0,3220.0,3260.0
2016-04-28,3290.0,3340.0,3130.0,3140.0
2016-05-02,3100.0,3130.0,2990.0,3010.0
2016-05-06,3060.0,3070.0,2980.0,3000.0
2016-05-09,2990.0,3070.0,2950.0,2970.0
2016-05-10,3010.0,3080.0,3010.0,3070.0
2016-05-11,3080.0,3090.0,3020.0,3050.0
2016-05-12,2810.0,2990.0,2810.0,2890.0
2016-05-13,2900.0,2900.0,2820.0,2840.0
2016-05-16,2830.0,2950.0,2820.0,2890.0
2016-05-17,2890.0,2890.0,2870.0,2870.0
2016-05-18,2890.0,2890.0,2840.0,2850.0
2016-05-19,2890.0,2940.0,2860.0,2900.0
2016-05-20,2900.0,2900.0,2870.0,2870.0
2016-05-23,2890.0,2890.0,2860.0,2870.0
2016-05-24,2840.0,2880.0,2840.0,2880.0
2016-05-25,2920.0,2960.0,2900.0,2930.0
2016-05-26,2930.0,2950.0,2920.0,2930.0
2016-05-27,2940.0,2940.0,2920.0,2920.0
2016-05-30,2990.0,2990.0,2930.0,2940.0
2016-05-31,2940.0,2960.0,2930.0,2940.0
2016-06-01,2940.0,2940.0,2890.0,2890.0
2016-06-02,2880.0,2880.0,2850.0,2870.0
2016-06-03,2870.0,2920.0,2860.0,2920.0
2016-06-06,2910.0,2920.0,2880.0,2890.0
2016-06-07,2910.0,2940.0,2880.0,2940.0
2016-06-08,2940.0,2960.0,2910.0,2930.0
2016-06-09,2940.0,2940.0,2890.0,2900.0
2016-06-10,2900.0,2900.0,2880.0,2900.0
2016-06-13,2900.0,2910.0,2870.0,2900.0
2016-06-14,2870.0,2880.0,2840.0,2870.0
2016-06-15,2840.0,2860.0,2810.0,2830.0
2016-06-16,2810.0,2820.0,2760.0,2770.0
2016-06-17,2770.0,2800.0,2760.0,2780.0
2016-06-20,2790.0,2810.0,2780.0,2800.0
2016-06-21,2770.0,2830.0,2770.0,2800.0
2016-06-22,2790.0,2790.0,2730.0,2750.0
2016-06-23,2730.0,2730.0,2680.0,2700.0
2016-06-24,2700.0,2700.0,2510.0,2520.0
2016-06-27,2540.0,2700.0,2530.0,2530.0
2016-06-28,2530.0,2540.0,2500.0,2500.0
2016-06-29,2500.0,2520.0,2450.0,2460.0
2016-06-30,2480.0,2520.0,2480.0,2490.0
2016-07-01,2510.0,2560.0,2500.0,2500.0
2016-07-04,2460.0,2500.0,2460.0,2500.0
2016-07-05,2500.0,2530.0,2480.0,2490.0
2016-07-06,2490.0,2490.0,2460.0,2470.0
2016-07-07,2470.0,2510.0,2470.0,2500.0
2016-07-08,2500.0,2570.0,2500.0,2540.0
2016-07-11,2540.0,2540.0,2540.0,2540.0
2016-07-12,2610.0,2630.0,2570.0,2580.0
2016-07-13,2640.0,2640.0,2580.0,2600.0
2016-07-14,2620.0,2620.0,2560.0,2600.0
2016-07-15,2590.0,2610.0,2570.0,2590.0
2016-07-19,2600.0,2610.0,2570.0,2580.0
2016-07-20,2590.0,2590.0,2560.0,2590.0
2016-07-21,2600.0,2610.0,2580.0,2600.0
2016-07-22,2590.0,2590.0,2560.0,2560.0
2016-07-25,2580.0,2580.0,2550.0,2580.0
2016-07-26,2580.0,2600.0,2550.0,2580.0
2016-07-27,2580.0,2590.0,2560.0,2590.0
2016-07-28,2580.0,2580.0,2520.0,2530.0
2016-07-29,2550.0,2560.0,2520.0,2560.0
2016-08-01,2560.0,2560.0,2520.0,2560.0
2016-08-02,2570.0,2570.0,2510.0,2530.0
2016-08-03,2510.0,2510.0,2450.0,2470.0
2016-08-04,2470.0,2520.0,2470.0,2520.0
2016-08-05,2500.0,2500.0,2390.0,2390.0
2016-08-08,2430.0,2500.0,2400.0,2440.0
2016-08-09,2460.0,2460.0,2410.0,2420.0
2016-08-10,2410.0,2420.0,2390.0,2420.0
2016-08-12,2440.0,2440.0,2410.0,2410.0
2016-08-15,2410.0,2430.0,2410.0,2420.0
2016-08-16,2410.0,2420.0,2400.0,2400.0
2016-08-17,2400.0,2420.0,2400.0,2400.0
2016-08-18,2390.0,2390.0,2380.0,2380.0
2016-08-19,2420.0,2420.0,2380.0,2380.0
2016-08-22,2390.0,2390.0,2370.0,2380.0
2016-08-23,2370.0,2390.0,2370.0,2370.0
2016-08-24,2360.0,2380.0,2350.0,2360.0
2016-08-25,2360.0,2380.0,2360.0,2360.0
2016-08-26,2380.0,2400.0,2350.0,2360.0
2016-08-29,2380.0,2410.0,2380.0,2390.0
2016-08-30,2390.0,2430.0,2390.0,2420.0
2016-08-31,2420.0,2430.0,2390.0,2420.0
2016-09-01,2420.0,2420.0,2410.0,2420.0
2016-09-02,2420.0,2420.0,2400.0,2420.0
2016-09-05,2420.0,2450.0,2420.0,2420.0
2016-09-06,2440.0,2440.0,2410.0,2420.0
2016-09-07,2410.0,2420.0,2410.0,2420.0
2016-09-08,2410.0,2410.0,2370.0,2390.0
2016-09-09,2400.0,2410.0,2380.0,2390.0
2016-09-12,2390.0,2390.0,2370.0,2390.0
2016-09-13,2410.0,2410.0,2370.0,2380.0
2016-09-14,2360.0,2390.0,2360.0,2370.0
2016-09-15,2390.0,2390.0,2360.0,2360.0
2016-09-16,2390.0,2400.0,2360.0,2400.0
2016-09-20,2390.0,2390.0,2350.0,2350.0
2016-09-21,2370.0,2390.0,2360.0,2390.0
2016-09-23,2390.0,2400.0,2380.0,2400.0
2016-09-26,2390.0,2390.0,2380.0,2390.0
2016-09-27,2370.0,2380.0,2340.0,2370.0
2016-09-28,2398.0,2398.0,2331.0,2350.0
2016-09-29,2397.0,2397.0,2329.0,2346.0
2016-09-30,2334.0,2338.0,2312.0,2314.0
2016-10-03,2317.0,2353.0,2313.0,2326.0
2016-10-04,2326.0,2348.0,2325.0,2334.0
2016-10-05,2344.0,2387.0,2344.0,2360.0
2016-10-06,2377.0,2377.0,2360.0,2367.0
2016-10-07,2361.0,2366.0,2336.0,2343.0
2016-10-11,2349.0,2354.0,2340.0,2346.0
2016-10-12,2343.0,2364.0,2343.0,2350.0
2016-10-13,2350.0,2420.0,2350.0,2389.0
2016-10-14,2381.0,2521.0,2381.0,2450.0
2016-10-17,2462.0,2509.0,2462.0,2491.0
2016-10-18,2507.0,2507.0,2475.0,2490.0
2016-10-19,2488.0,2512.0,2480.0,2499.0
2016-10-20,2509.0,2536.0,2497.0,2525.0
2016-10-21,2425.0,2437.0,2404.0,2408.0
2016-10-24,2399.0,2399.0,2350.0,2364.0
2016-10-25,2388.0,2388.0,2365.0,2372.0
2016-10-26,2300.0,2360.0,2299.0,2356.0
2016-10-27,2357.0,2373.0,2330.0,2335.0
2016-10-28,2345.0,2362.0,2335.0,2358.0
2016-10-31,2358.0,2395.0,2351.0,2390.0
2016-11-01,2390.0,2393.0,2358.0,2393.0
2016-11-02,2363.0,2391.0,2363.0,2387.0
2016-11-04,2375.0,2379.0,2358.0,2373.0
2016-11-07,2360.0,2400.0,2350.0,2393.0
2016-11-08,2382.0,2393.0,2380.0,2390.0
2016-11-09,2390.0,2404.0,2342.0,2344.0
2016-11-10,2394.0,2410.0,2383.0,2383.0
2016-11-11,2399.0,2416.0,2335.0,2341.0
2016-11-14,2356.0,2370.0,2342.0,2363.0
2016-11-15,2362.0,2400.0,2342.0,2345.0
2016-11-16,2350.0,2377.0,2350.0,2366.0
2016-11-17,2355.0,2356.0,2330.0,2356.0
2016-11-18,2360.0,2378.0,2358.0,2365.0
2016-11-21,2365.0,2379.0,2349.0,2365.0
2016-11-22,2361.0,2365.0,2358.0,2361.0
2016-11-24,2363.0,2392.0,2363.0,2386.0
2016-11-25,2389.0,2400.0,2363.0,2366.0
2016-11-28,2370.0,2373.0,2356.0,2366.0
2016-11-29,2366.0,2373.0,2358.0,2363.0
2016-11-30,2373.0,2398.0,2365.0,2394.0
2016-12-01,2400.0,2440.0,2398.0,2422.0
2016-12-02,2420.0,2450.0,2411.0,2432.0
2016-12-05,2441.0,2460.0,2440.0,2456.0
2016-12-06,2460.0,2484.0,2460.0,2480.0
2016-12-07,2500.0,2515.0,2490.0,2511.0
2016-12-08,2554.0,2576.0,2527.0,2545.0
2016-12-09,2551.0,2561.0,2487.0,2521.0
2016-12-12,2517.0,2560.0,2517.0,2548.0
2016-12-13,2529.0,2584.0,2529.0,2570.0
2016-12-14,2554.0,2569.0,2544.0,2546.0
2016-12-15,2550.0,2625.0,2550.0,2618.0
2016-12-16,2618.0,2638.0,2550.0,2558.0
2016-12-19,2558.0,2579.0,2540.0,2546.0
2016-12-20,2551.0,2640.0,2540.0,2573.0
2016-12-21,2594.0,2594.0,2550.0,2558.0
2016-12-22,2570.0,2574.0,2530.0,2558.0
2016-12-26,2550.0,2559.0,2531.0,2559.0
2016-12-27,2559.0,2581.0,2545.0,2560.0
2016-12-28,2560.0,2600.0,2560.0,2580.0
2016-12-29,2563.0,2590.0,2561.0,2587.0
2016-12-30,2580.0,2630.0,2561.0,2616.0
2017-01-04,2604.0,2697.0,2604.0,2659.0
2017-01-05,2689.0,2695.0,2670.0,2682.0
2017-01-06,2673.0,2683.0,2640.0,2658.0
2017-01-10,2680.0,2685.0,2651.0,2685.0
2017-01-11,2685.0,2685.0,2635.0,2652.0
2017-01-12,2651.0,2678.0,2606.0,2630.0
2017-01-13,2613.0,2613.0,2580.0,2595.0
2017-01-16,2578.0,2597.0,2550.0,2555.0
2017-01-17,2551.0,2558.0,2502.0,2537.0
2017-01-18,2501.0,2593.0,2501.0,2557.0
2017-01-19,2557.0,2608.0,2557.0,2591.0
2017-01-20,2567.0,2608.0,2567.0,2596.0
2017-01-23,2596.0,2598.0,2581.0,2581.0
2017-01-24,2568.0,2578.0,2550.0,2554.0
2017-01-25,2577.0,2606.0,2576.0,2585.0
2017-01-26,2610.0,2676.0,2609.0,2672.0
2017-01-27,2699.0,2702.0,2672.0,2690.0
2017-01-30,2612.0,2664.0,2612.0,2638.0
2017-01-31,2614.0,2623.0,2598.0,2619.0
2017-02-01,2619.0,2636.0,2619.0,2621.0
2017-02-02,2645.0,2645.0,2580.0,2597.0
2017-02-03,2597.0,2617.0,2571.0,2612.0
2017-02-06,2612.0,2612.0,2556.0,2565.0
2017-02-07,2551.0,2602.0,2547.0,2547.0
2017-02-08,2548.0,2610.0,2548.0,2548.0
2017-02-09,2548.0,2653.0,2548.0,2625.0
2017-02-10,2725.0,2825.0,2682.0,2711.0
2017-02-13,2700.0,2770.0,2667.0,2714.0
2017-02-14,2733.0,2733.0,2675.0,2679.0
2017-02-15,2683.0,2700.0,2683.0,2692.0
2017-02-16,2700.0,2706.0,2700.0,2703.0
2017-02-17,2703.0,2705.0,2697.0,2705.0
2017-02-20,2718.0,2718.0,2700.0,2711.0
2017-02-21,2709.0,2709.0,2666.0,2676.0
2017-02-22,2680.0,2688.0,2650.0,2659.0
2017-02-23,2656.0,2701.0,2650.0,2664.0
2017-02-24,2672.0,2697.0,2576.0,2591.0
2017-02-27,2617.0,2630.0,2570.0,2630.0
2017-02-28,2613.0,2622.0,2584.0,2599.0
2017-03-01,2611.0,2614.0,2552.0,2568.0
2017-03-02,2579.0,2584.0,2553.0,2573.0
2017-03-03,2571.0,2571.0,2523.0,2545.0
2017-03-06,2540.0,2558.0,2522.0,2531.0
2017-03-07,2549.0,2615.0,2534.0,2580.0
2017-03-08,2580.0,2610.0,2552.0,2555.0
2017-03-09,2564.0,2597.0,2550.0,2550.0
2017-03-10,2587.0,2590.0,2553.0,2576.0
2017-03-13,2582.0,2582.0,2553.0,2557.0
2017-03-14,2578.0,2578.0,2549.0,2551.0
2017-03-15,2554.0,2564.0,2541.0,2547.0
2017-03-16,2512.0,2552.0,2512.0,2534.0
2017-03-17,2511.0,2539.0,2502.0,2510.0
2017-03-21,2515.0,2547.0,2515.0,2532.0
2017-03-22,2510.0,2521.0,2501.0,2501.0
2017-03-23,2502.0,2533.0,2501.0,2511.0
2017-03-24,2519.0,2539.0,2519.0,2536.0
2017-03-27,2533.0,2535.0,2501.0,2501.0
2017-03-28,2520.0,2554.0,2520.0,2554.0
2017-03-29,2574.0,2599.0,2564.0,2569.0
2017-03-30,2580.0,2580.0,2563.0,2563.0
2017-03-31,2562.0,2576.0,2560.0,2560.0
2017-04-03,2582.0,2597.0,2569.0,2580.0
2017-04-04,2567.0,2574.0,2530.0,2562.0
2017-04-05,2561.0,2562.0,2542.0,2545.0
2017-04-06,2545.0,2545.0,2520.0,2520.0
2017-04-07,2534.0,2538.0,2518.0,2531.0
2017-04-10,2540.0,2567.0,2535.0,2537.0
2017-04-11,2548.0,2548.0,2522.0,2531.0
2017-04-12,2522.0,2532.0,2506.0,2514.0
2017-04-13,2501.0,2501.0,2478.0,2478.0
2017-04-14,2484.0,2484.0,2440.0,2447.0
2017-04-17,2445.0,2448.0,2425.0,2444.0
2017-04-18,2445.0,2464.0,2430.0,2430.0
2017-04-19,2430.0,2430.0,2408.0,2408.0
2017-04-20,2401.0,2421.0,2390.0,2405.0
2017-04-21,2420.0,2428.0,2401.0,2428.0
2017-04-24,2430.0,2448.0,2430.0,2438.0
2017-04-25,2442.0,2469.0,2442.0,2468.0
2017-04-26,2470.0,2497.0,2470.0,2495.0
2017-04-27,2495.0,2498.0,2466.0,2466.0
2017-04-28,2481.0,2484.0,2454.0,2472.0
2017-05-01,2472.0,2502.0,2456.0,2497.0
2017-05-02,2502.0,2540.0,2497.0,2536.0
2017-05-08,2549.0,2598.0,2547.0,2598.0
2017-05-09,2613.0,2640.0,2601.0,2631.0
2017-05-10,2630.0,2631.0,2601.0,2628.0
2017-05-11,2615.0,2615.0,2568.0,2598.0
2017-05-12,2579.0,2610.0,2555.0,2558.0
2017-05-15,2571.0,2680.0,2550.0,2680.0
2017-05-16,2661.0,2667.0,2651.0,2660.0
2017-05-17,2650.0,2650.0,2613.0,2637.0
2017-05-18,2587.0,2601.0,2556.0,2581.0
2017-05-19,2581.0,2592.0,2558.0,2568.0
2017-05-22,2573.0,2598.0,2562.0,2590.0
2017-05-23,2581.0,2609.0,2581.0,2591.0
2017-05-24,2591.0,2607.0,2584.0,2588.0
2017-05-25,2588.0,2605.0,2585.0,2588.0
2017-05-26,2587.0,2587.0,2556.0,2557.0
2017-05-29,2533.0,2567.0,2530.0,2538.0
2017-05-30,2538.0,2598.0,2532.0,2590.0
2017-05-31,2589.0,2589.0,2532.0,2532.0
2017-06-01,2536.0,2551.0,2536.0,2547.0
2017-06-02,2567.0,2597.0,2561.0,2597.0
2017-06-05,2569.0,2585.0,2556.0,2580.0
2017-06-06,2580.0,2595.0,2576.0,2593.0
2017-06-07,2593.0,2628.0,2579.0,2605.0
2017-06-08,2623.0,2623.0,2569.0,2569.0
2017-06-09,2569.0,2634.0,2568.0,2631.0
2017-06-12,2631.0,2631.0,2579.0,2582.0
2017-06-13,2582.0,2605.0,2561.0,2586.0
2017-06-14,2560.0,2586.0,2560.0,2562.0
2017-06-15,2553.0,2555.0,2533.0,2533.0
2017-06-16,2537.0,2545.0,2527.0,2541.0
2017-06-19,2542.0,2567.0,2542.0,2551.0
2017-06-20,2570.0,2584.0,2565.0,2584.0
2017-06-21,2565.0,2576.0,2551.0,2563.0
2017-06-22,2563.0,2566.0,2560.0,2562.0
2017-06-23,2560.0,2615.0,2560.0,2586.0
2017-06-26,2561.0,2577.0,2561.0,2561.0
2017-06-27,2563.0,2576.0,2563.0,2574.0
2017-06-28,2582.0,2590.0,2563.0,2563.0
2017-06-29,2566.0,2582.0,2561.0,2581.0
2017-06-30,2581.0,2581.0,2571.0,2577.0
2017-07-03,2568.0,2573.0,2564.0,2564.0
2017-07-04,2564.0,2571.0,2550.0,2550.0
2017-07-05,2550.0,2569.0,2548.0,2550.0
2017-07-06,2552.0,2566.0,2551.0,2563.0
2017-07-07,2551.0,2560.0,2551.0,2552.0
2017-07-10,2553.0,2560.0,2552.0,2552.0
2017-07-11,2552.0,2561.0,2550.0,2553.0
2017-07-12,2551.0,2560.0,2550.0,2557.0
2017-07-13,2556.0,2556.0,2541.0,2550.0
2017-07-14,2540.0,2549.0,2538.0,2538.0
2017-07-17,2538.0,2538.0,2538.0,2538.0
2017-07-18,2543.0,2543.0,2528.0,2530.0
2017-07-19,2528.0,2551.0,2528.0,2531.0
2017-07-20,2532.0,2541.0,2532.0,2532.0
2017-07-21,2530.0,2544.0,2530.0,2536.0
2017-07-24,2536.0,2610.0,2536.0,2555.0
2017-07-25,2569.0,2588.0,2564.0,2567.0
2017-07-26,2585.0,2599.0,2572.0,2575.0
2017-07-27,2575.0,2582.0,2571.0,2578.0
2017-07-28,2578.0,2578.0,2571.0,2576.0
2017-07-31,2568.0,2570.0,2565.0,2567.0
2017-08-01,2560.0,2568.0,2551.0,2552.0
2017-08-02,2552.0,2568.0,2540.0,2567.0
2017-08-03,2556.0,2571.0,2556.0,2571.0
2017-08-04,2571.0,2571.0,2555.0,2568.0
2017-08-07,2568.0,2571.0,2560.0,2571.0
2017-08-08,2558.0,2574.0,2558.0,2570.0
2017-08-09,2770.0,2835.0,2720.0,2757.0
2017-08-10,2753.0,2754.0,2712.0,2728.0
2017-08-11,2728.0,2728.0,2728.0,2728.0
2017-08-14,2701.0,2721.0,2692.0,2710.0
2017-08-15,2700.0,2715.0,2673.0,2675.0
2017-08-16,2675.0,2701.0,2675.0,2676.0
2017-08-17,2689.0,2689.0,2676.0,2676.0
2017-08-18,2674.0,2674.0,2628.0,2628.0
2017-08-21,2657.0,2660.0,2620.0,2624.0
2017-08-22,2624.0,2624.0,2605.0,2606.0
2017-08-23,2607.0,2638.0,2607.0,2610.0
2017-08-24,2619.0,2624.0,2619.0,2622.0
2017-08-25,2622.0,2642.0,2620.0,2631.0
2017-08-28,2649.0,2652.0,2640.0,2640.0
2017-08-29,2648.0,2653.0,2640.0,2640.0
2017-08-30,2653.0,2653.0,2645.0,2650.0
2017-08-31,2650.0,2657.0,2641.0,2649.0
2017-09-01,2650.0,2657.0,2641.0,2653.0
2017-09-04,2644.0,2646.0,2630.0,2630.0
2017-09-05,2630.0,2632.0,2581.0,2581.0
2017-09-06,2577.0,2597.0,2576.0,2588.0
2017-09-07,2585.0,2644.0,2579.0,2579.0
2017-09-08,2574.0,2580.0,2556.0,2559.0
2017-09-11,2560.0,2581.0,2545.0,2546.0
2017-09-12,2560.0,2567.0,2551.0,2557.0
2017-09-13,2575.0,2582.0,2568.0,2568.0
2017-09-14,2568.0,2570.0,2551.0,2551.0
2017-09-15,2552.0,2570.0,2540.0,2548.0
2017-09-18,2548.0,2548.0,2548.0,2548.0
2017-09-19,2569.0,2574.0,2553.0,2563.0
2017-09-20,2578.0,2579.0,2551.0,2563.0
2017-09-21,2579.0,2580.0,2564.0,2567.0
2017-09-22,2558.0,2570.0,2555.0,2559.0
2017-09-25,2587.0,2590.0,2556.0,2567.0
2017-09-26,2557.0,2581.0,2552.0,2565.0
2017-09-27,2574.0,2585.0,2567.0,2583.0
2017-09-28,2600.0,2610.0,2593.0,2605.0
2017-09-29,2620.0,2625.0,2613.0,2621.0
2017-10-02,2630.0,2644.0,2620.0,2635.0
2017-10-03,2659.0,2665.0,2646.0,2659.0
2017-10-04,2680.0,2680.0,2657.0,2664.0
2017-10-05,2654.0,2662.0,2625.0,2650.0
2017-10-06,2641.0,2645.0,2625.0,2640.0
2017-10-09,2640.0,2640.0,2640.0,2640.0
2017-10-10,2631.0,2645.0,2631.0,2636.0
2017-10-11,2640.0,2645.0,2633.0,2643.0
2017-10-12,2652.0,2652.0,2641.0,2647.0
2017-10-13,2650.0,2697.0,2641.0,2672.0
2017-10-16,2673.0,2715.0,2653.0,2707.0
2017-10-17,2720.0,2725.0,2692.0,2705.0
2017-10-18,2704.0,2704.0,2682.0,2695.0
2017-10-19,2695.0,2698.0,2631.0,2633.0
2017-10-20,2651.0,2659.0,2616.0,2621.0
2017-10-23,2631.0,2691.0,2631.0,2642.0
2017-10-24,2642.0,2646.0,2632.0,2642.0
2017-10-25,2643.0,2665.0,2643.0,2658.0
2017-10-26,2665.0,2669.0,2635.0,2635.0
2017-10-27,2635.0,2650.0,2630.0,2640.0
2017-10-30,2665.0,2670.0,2651.0,2657.0
2017-10-31,2667.0,2667.0,2644.0,2658.0
2017-11-01,2659.0,2675.0,2658.0,2668.0
2017-11-02,2670.0,2678.0,2655.0,2661.0
2017-11-03,2661.0,2661.0,2661.0,2661.0
2017-11-06,2660.0,2706.0,2660.0,2694.0
2017-11-07,2944.0,2955.0,2781.0,2784.0
2017-11-08,2787.0,2803.0,2762.0,2769.0
2017-11-09,2758.0,2842.0,2737.0,2765.0
2017-11-10,2740.0,2761.0,2740.0,2746.0
2017-11-13,2751.0,2792.0,2751.0,2770.0
2017-11-14,2757.0,3000.0,2757.0,2992.0
2017-11-15,2988.0,2988.0,2874.0,2883.0
2017-11-16,2862.0,2883.0,2812.0,2856.0
2017-11-17,2906.0,2950.0,2870.0,2881.0
2017-11-20,2896.0,2925.0,2880.0,2914.0
2017-11-21,2923.0,2967.0,2923.0,2946.0
2017-11-22,2990.0,2990.0,2906.0,2956.0
2017-11-23,2956.0,2956.0,2956.0,2956.0
2017-11-24,2952.0,2961.0,2913.0,2916.0
2017-11-27,2907.0,2907.0,2849.0,2849.0
2017-11-28,2840.0,2858.0,2809.0,2810.0
2017-11-29,2822.0,2863.0,2818.0,2831.0
2017-11-30,2843.0,2885.0,2832.0,2871.0
2017-12-01,2871.0,2895.0,2871.0,2884.0
2017-12-04,2890.0,2906.0,2885.0,2895.0
2017-12-05,2851.0,2875.0,2835.0,2835.0
2017-12-06,2835.0,2864.0,2817.0,2817.0
2017-12-07,2823.0,2841.0,2818.0,2828.0
2017-12-08,2814.0,2858.0,2802.0,2818.0
2017-12-11,2820.0,2820.0,2788.0,2793.0
2017-12-12,2782.0,2805.0,2782.0,2793.0
2017-12-13,2793.0,2805.0,2780.0,2805.0
2017-12-14,2805.0,2836.0,2797.0,2836.0
2017-12-15,2876.0,2910.0,2854.0,2857.0
2017-12-18,2907.0,2993.0,2900.0,2979.0
2017-12-19,2979.0,2983.0,2924.0,2956.0
2017-12-20,2935.0,2967.0,2931.0,2947.0
2017-12-21,2950.0,2958.0,2925.0,2931.0
2017-12-22,2930.0,2930.0,2891.0,2898.0
2017-12-25,2886.0,2923.0,2882.0,2899.0
2017-12-26,2899.0,2911.0,2852.0,2860.0
2017-12-27,2860.0,2918.0,2860.0,2916.0
2017-12-28,2930.0,3075.0,2930.0,3015.0
2017-12-29,3015.0,3200.0,3015.0,3180.0
2018-01-01,3180.0,3180.0,3180.0,3180.0
2018-01-02,3180.0,3180.0,3180.0,3180.0
2018-01-03,3180.0,3180.0,3180.0,3180.0
2018-01-04,3275.0,3295.0,3180.0,3295.0
2018-01-05,3300.0,3320.0,3270.0,3295.0
2018-01-08,3295.0,3295.0,3295.0,3295.0
2018-01-09,3270.0,3295.0,3180.0,3245.0
2018-01-10,3245.0,3260.0,3215.0,3220.0
2018-01-11,3205.0,3265.0,3165.0,3175.0
2018-01-12,3175.0,3210.0,3175.0,3195.0
2018-01-15,3240.0,3240.0,3180.0,3200.0
2018-01-16,3215.0,3270.0,3215.0,3260.0
2018-01-17,3230.0,3250.0,3205.0,3225.0
2018-01-18,3280.0,3280.0,3195.0,3205.0
2018-01-19,3190.0,3200.0,3150.0,3175.0
2018-01-22,3160.0,3195.0,3140.0,3145.0
2018-01-23,3155.0,3195.0,3155.0,3180.0
2018-01-24,3180.0,3235.0,3150.0,3160.0
2018-01-25,3150.0,3155.0,3125.0,3125.0
2018-01-26,3140.0,3295.0,3140.0,3230.0
2018-01-29,3275.0,3280.0,3240.0,3240.0
2018-01-30,3250.0,3250.0,3150.0,3175.0
2018-01-31,3175.0,3175.0,3070.0,3085.0
2018-02-01,3095.0,3195.0,3095.0,3165.0
2018-02-02,3200.0,3290.0,3155.0,3200.0
2018-02-05,3130.0,3170.0,3115.0,3135.0
2018-02-06,2995.0,3040.0,2751.0,2869.0
2018-02-07,2960.0,2977.0,2847.0,2847.0
2018-02-08,2882.0,2976.0,2873.0,2939.0
2018-02-09,2839.0,2900.0,2789.0,2798.0
2018-02-12,2798.0,2798.0,2798.0,2798.0
2018-02-13,2821.0,2834.0,2696.0,2705.0
2018-02-14,2698.0,2770.0,2618.0,2668.0
2018-02-15,2687.0,2695.0,2607.0,2661.0
2018-02-16,2699.0,2709.0,2666.0,2679.0
2018-02-19,2725.0,2763.0,2699.0,2731.0
2018-02-20,2754.0,2761.0,2718.0,2744.0
2018-02-21,2751.0,2759.0,2681.0,2689.0
2018-02-22,2691.0,2696.0,2671.0,2689.0
2018-02-23,2700.0,2713.0,2681.0,2686.0
2018-02-26,2721.0,2741.0,2661.0,2675.0
2018-02-27,2691.0,2700.0,2679.0,2691.0
2018-02-28,2700.0,2730.0,2694.0,2702.0
2018-03-01,2705.0,2705.0,2640.0,2645.0
2018-03-02,2610.0,2614.0,2540.0,2559.0
2018-03-05,2560.0,2580.0,2484.0,2499.0
2018-03-06,2538.0,2565.0,2491.0,2493.0
2018-03-07,2519.0,2519.0,2450.0,2451.0
2018-03-08,2473.0,2588.0,2438.0,2517.0
2018-03-09,2534.0,2535.0,2463.0,2484.0
2018-03-12,2498.0,2548.0,2417.0,2532.0
2018-03-13,2531.0,2670.0,2529.0,2612.0
2018-03-14,2602.0,2645.0,2533.0,2612.0
2018-03-15,2602.0,2636.0,2569.0,2599.0
2018-03-16,2635.0,2645.0,2588.0,2605.0
2018-03-19,2600.0,2602.0,2562.0,2577.0
2018-03-20,2535.0,2675.0,2535.0,2652.0
2018-03-21,2652.0,2652.0,2652.0,2652.0
2018-03-22,2639.0,2639.0,2524.0,2538.0
2018-03-23,2465.0,2487.0,2388.0,2409.0
2018-03-26,2388.0,2393.0,2304.0,2384.0
2018-03-27,2434.0,2477.0,2421.0,2451.0
2018-03-28,2490.0,2490.0,2390.0,2406.0
2018-03-29,2414.0,2434.0,2400.0,2427.0
2018-03-30,2457.0,2468.0,2438.0,2445.0
2018-04-02,2450.0,2452.0,2383.0,2388.0
2018-04-03,2348.0,2402.0,2346.0,2383.0
2018-04-04,2393.0,2395.0,2348.0,2354.0
2018-04-05,2359.0,2402.0,2359.0,2377.0
2018-04-06,2381.0,2394.0,2350.0,2351.0
2018-04-09,2358.0,2396.0,2358.0,2388.0
2018-04-10,2394.0,2494.0,2381.0,2463.0
2018-04-11,2467.0,2506.0,2466.0,2480.0
2018-04-12,2480.0,2480.0,2413.0,2418.0
2018-04-13,2434.0,2469.0,2426.0,2453.0
2018-04-16,2491.0,2491.0,2441.0,2466.0
2018-04-17,2484.0,2497.0,2474.0,2497.0
2018-04-18,2500.0,2569.0,2500.0,2568.0
2018-04-19,2566.0,2568.0,2514.0,2562.0
2018-04-20,2562.0,2564.0,2538.0,2550.0
2018-04-23,2535.0,2569.0,2532.0,2532.0
2018-04-24,2533.0,2570.0,2533.0,2556.0
2018-04-25,2554.0,2575.0,2550.0,2572.0
2018-04-26,2580.0,2581.0,2561.0,2571.0
2018-04-27,2589.0,2589.0,2545.0,2568.0
2018-04-30,2568.0,2568.0,2568.0,2568.0
2018-05-01,2570.0,2587.0,2570.0,2580.0
2018-05-02,2584.0,2607.0,2580.0,2607.0
2018-05-03,2607.0,2607.0,2607.0,2607.0
2018-05-04,2607.0,2607.0,2607.0,2607.0
2018-05-07,2607.0,2620.0,2597.0,2610.0
2018-05-08,2634.0,2736.0,2628.0,2723.0
2018-05-09,2740.0,2768.0,2736.0,2753.0
2018-05-10,2755.0,2792.0,2661.0,2755.0
2018-05-11,2700.0,2792.0,2672.0,2776.0
2018-05-14,2781.0,2800.0,2772.0,2782.0
2018-05-15,2780.0,2793.0,2759.0,2774.0
2018-05-16,2752.0,2835.0,2752.0,2820.0
2018-05-17,2820.0,2849.0,2803.0,2838.0
2018-05-18,2829.0,2839.0,2801.0,2809.0
2018-05-21,2809.0,2809.0,2700.0,2703.0
2018-05-22,2689.0,2701.0,2591.0,2609.0
2018-05-23,2620.0,2637.0,2557.0,2564.0
2018-05-24,2580.0,2584.0,2515.0,2522.0
2018-05-25,2493.0,2503.0,2486.0,2486.0
2018-05-28,2498.0,2498.0,2442.0,2451.0
2018-05-29,2443.0,2496.0,2443.0,2496.0
2018-05-30,2442.0,2471.0,2442.0,2471.0
2018-05-31,2481.0,2493.0,2468.0,2471.0
2018-06-01,2471.0,2503.0,2470.0,2485.0
2018-06-04,2488.0,2549.0,2488.0,2542.0
2018-06-05,2560.0,2594.0,2536.0,2568.0
2018-06-06,2551.0,2557.0,2535.0,2542.0
2018-06-07,2542.0,2542.0,2521.0,2536.0
2018-06-08,2514.0,2542.0,2514.0,2538.0
2018-06-11,2538.0,2569.0,2513.0,2557.0
2018-06-12,2557.0,2557.0,2530.0,2542.0
2018-06-13,2551.0,2551.0,2531.0,2535.0
2018-06-14,2522.0,2544.0,2522.0,2525.0
2018-06-15,2521.0,2528.0,2480.0,2492.0
2018-06-18,2454.0,2470.0,2414.0,2414.0
2018-06-19,2433.0,2433.0,2395.0,2395.0
2018-06-20,2396.0,2412.0,2351.0,2412.0
2018-06-21,2433.0,2465.0,2433.0,2454.0
2018-06-22,2453.0,2453.0,2399.0,2447.0
2018-06-25,2417.0,2421.0,2362.0,2370.0
2018-06-26,2383.0,2414.0,2370.0,2414.0
2018-06-27,2427.0,2440.0,2361.0,2402.0
2018-06-28,2402.0,2421.0,2375.0,2421.0
2018-06-29,2420.0,2420.0,2397.0,2409.0
2018-07-02,2423.0,2423.0,2358.0,2372.0
2018-07-03,2385.0,2385.0,2323.0,2345.0
2018-07-04,2339.0,2357.0,2290.0,2302.0
2018-07-05,2304.0,2304.0,2240.0,2244.0
2018-07-06,2283.0,2291.0,2259.0,2278.0
2018-07-09,2272.0,2285.0,2230.0,2263.0
2018-07-10,2300.0,2337.0,2276.0,2276.0
2018-07-11,2290.0,2326.0,2273.0,2280.0
2018-07-12,2330.0,2330.0,2294.0,2316.0
2018-07-13,2314.0,2314.0,2286.0,2290.0
2018-07-16,2290.0,2290.0,2290.0,2290.0
2018-07-17,2290.0,2370.0,2290.0,2317.0
2018-07-18,2318.0,2402.0,2318.0,2352.0
2018-07-19,2352.0,2371.0,2352.0,2370.0
2018-07-20,2351.0,2368.0,2282.0,2362.0
2018-07-23,2335.0,2385.0,2335.0,2364.0
2018-07-24,2382.0,2395.0,2369.0,2389.0
2018-07-25,2397.0,2476.0,2396.0,2440.0
2018-07-26,2420.0,2459.0,2420.0,2450.0
2018-07-27,2473.0,2473.0,2380.0,2386.0
2018-07-30,2403.0,2433.0,2401.0,2419.0
2018-07-31,2437.0,2447.0,2407.0,2447.0
2018-08-01,2452.0,2452.0,2424.0,2434.0
2018-08-02,2435.0,2450.0,2402.0,2429.0
2018-08-03,2430.0,2439.0,2390.0,2400.0
2018-08-06,2400.0,2434.0,2352.0,2423.0
2018-08-07,2417.0,2432.0,2370.0,2421.0
2018-08-08,2416.0,2491.0,2412.0,2491.0
2018-08-09,2468.0,2468.0,2405.0,2405.0
2018-08-10,2371.0,2444.0,2364.0,2395.0
2018-08-13,2392.0,2392.0,2330.0,2343.0
2018-08-14,2390.0,2499.0,2382.0,2419.0
2018-08-15,2489.0,2489.0,2385.0,2410.0
2018-08-16,2410.0,2441.0,2347.0,2412.0
2018-08-17,2403.0,2425.0,2402.0,2425.0
2018-08-20,2421.0,2426.0,2372.0,2387.0
2018-08-21,2372.0,2372.0,2335.0,2356.0
2018-08-22,2356.0,2393.0,2341.0,2376.0
2018-08-23,2374.0,2387.0,2363.0,2379.0
2018-08-24,2384.0,2384.0,2348.0,2353.0
2018-08-27,2354.0,2406.0,2354.0,2406.0
2018-08-28,2387.0,2411.0,2387.0,2393.0
2018-08-29,2390.0,2420.0,2390.0,2415.0
2018-08-30,2415.0,2415.0,2371.0,2379.0
2018-08-31,2379.0,2381.0,2355.0,2358.0
2018-09-03,2374.0,2374.0,2355.0,2365.0
2018-09-04,2380.0,2380.0,2374.0,2380.0
2018-09-05,2380.0,2394.0,2375.0,2394.0
2018-09-06,2394.0,2394.0,2376.0,2381.0
2018-09-07,2380.0,2380.0,2321.0,2327.0
2018-09-10,2321.0,2331.0,2299.0,2299.0
2018-09-11,2314.0,2314.0,2285.0,2285.0
2018-09-12,2297.0,2297.0,2242.0,2258.0
2018-09-13,2301.0,2308.0,2291.0,2308.0
2018-09-14,2307.0,2328.0,2300.0,2328.0
2018-09-17,2328.0,2328.0,2328.0,2328.0
2018-09-18,2350.0,2373.0,2338.0,2373.0
2018-09-19,2399.0,2430.0,2386.0,2430.0
2018-09-20,2444.0,2521.0,2430.0,2517.0
2018-09-21,2517.0,2599.0,2484.0,2538.0
2018-09-24,2538.0,2538.0,2538.0,2538.0
2018-09-25,2524.0,2643.0,2524.0,2643.0
2018-09-26,2622.0,2650.0,2600.0,2639.0
2018-09-27,2630.0,2630.0,2544.0,2544.0
2018-09-28,2551.0,2591.0,2549.0,2580.0
2018-10-01,2580.0,2580.0,2507.0,2522.0
2018-10-02,2513.0,2513.0,2476.0,2499.0
2018-10-03,2495.0,2528.0,2480.0,2523.0
2018-10-04,2496.0,2502.0,2480.0,2483.0
2018-10-05,2481.0,2521.0,2481.0,2504.0
2018-10-08,2504.0,2504.0,2504.0,2504.0
2018-10-09,2498.0,2498.0,2450.0,2450.0
2018-10-10,2450.0,2475.0,2432.0,2437.0
2018-10-11,2432.0,2432.0,2335.0,2337.0
2018-10-12,2342.0,2556.0,2330.0,2408.0
2018-10-15,2409.0,2419.0,2302.0,2302.0
2018-10-16,2302.0,2360.0,2302.0,2359.0
2018-10-17,2362.0,2382.0,2362.0,2377.0
2018-10-18,2367.0,2371.0,2352.0,2363.0
2018-10-19,2352.0,2357.0,2317.0,2339.0
2018-10-22,2312.0,2353.0,2312.0,2353.0
2018-10-23,2351.0,2351.0,2300.0,2321.0
2018-10-24,2322.0,2328.0,2290.0,2298.0
2018-10-25,2270.0,2370.0,2221.0,2225.0
2018-10-26,2268.0,2268.0,2167.0,2210.0
2018-10-29,2226.0,2230.0,2155.0,2155.0
2018-10-30,2155.0,2287.0,2155.0,2287.0
2018-10-31,2288.0,2294.0,2264.0,2274.0
2018-11-01,2255.0,2280.0,2246.0,2275.0
2018-11-02,2274.0,2274.0,2242.0,2268.0
2018-11-05,2266.0,2288.0,2256.0,2256.0
2018-11-06,2258.0,2269.0,2237.0,2260.0
2018-11-07,2275.0,2316.0,2256.0,2314.0
2018-11-08,2301.0,2301.0,2231.0,2253.0
2018-11-09,2254.0,2350.0,2241.0,2347.0
2018-11-12,2339.0,2390.0,2325.0,2390.0
2018-11-13,2351.0,2356.0,2304.0,2333.0
2018-11-14,2333.0,2357.0,2295.0,2338.0
2018-11-15,2350.0,2470.0,2334.0,2470.0
2018-11-16,2468.0,2468.0,2425.0,2438.0
2018-11-19,2430.0,2450.0,2420.0,2447.0
2018-11-20,2430.0,2447.0,2420.0,2436.0
2018-11-21,2396.0,2420.0,2393.0,2395.0
2018-11-22,2395.0,2416.0,2361.0,2375.0
2018-11-23,2375.0,2375.0,2375.0,2375.0
2018-11-26,2375.0,2389.0,2334.0,2342.0
2018-11-27,2345.0,2370.0,2297.0,2321.0
2018-11-28,2338.0,2338.0,2281.0,2309.0
2018-11-29,2346.0,2373.0,2341.0,2365.0
2018-11-30,2365.0,2396.0,2358.0,2395.0
2018-12-03,2401.0,2416.0,2369.0,2384.0
2018-12-04,2410.0,2410.0,2320.0,2325.0
2018-12-05,2279.0,2325.0,2279.0,2280.0
2018-12-06,2273.0,2274.0,2181.0,2224.0
2018-12-07,2230.0,2236.0,2162.0,2162.0
2018-12-10,2165.0,2169.0,2091.0,2102.0
2018-12-11,2103.0,2109.0,2023.0,2063.0
2018-12-12,2079.0,2169.0,2043.0,2046.0
2018-12-13,2078.0,2162.0,2046.0,2144.0
2018-12-14,2121.0,2126.0,2076.0,2098.0
2018-12-17,2177.0,2177.0,2055.0,2076.0
2018-12-18,2040.0,2080.0,2023.0,2047.0
2018-12-19,2057.0,2057.0,2034.0,2047.0
2018-12-20,2031.0,2067.0,2005.0,2010.0
2018-12-21,2012.0,2020.0,1911.0,1945.0
2018-12-24,1945.0,1945.0,1945.0,1945.0
2018-12-25,1911.0,1940.0,1875.0,1881.0
2018-12-26,1877.0,1967.0,1876.0,1898.0
2018-12-27,1916.0,2030.0,1916.0,2024.0
2018-12-28,2028.0,2028.0,1981.0,1987.0
2018-12-31,1987.0,1987.0,1987.0,1987.0
2019-01-04,1966.0,1977.0,1916.0,1927.0
2019-01-07,1954.0,2019.0,1954.0,1998.0
2019-01-08,1998.0,2028.0,1996.0,1998.0
2019-01-09,2012.0,2052.0,2000.0,2016.0
2019-01-10,2008.0,2038.0,1986.0,2029.0
2019-01-11,2057.0,2057.0,1972.0,1986.0
2019-01-15,1986.0,2049.0,1973.0,2048.0
2019-01-16,2049.0,2061.0,2014.0,2039.0
2019-01-17,2040.0,2060.0,1990.0,2006.0
2019-01-18,2001.0,2017.0,1984.0,1987.0
2019-01-21,1992.0,2008.0,1938.0,1952.0
2019-01-22,1963.0,1974.0,1931.0,1937.0
2019-01-23,1932.0,1948.0,1909.0,1918.0
2019-01-24,1928.0,1944.0,1918.0,1927.0
2019-01-25,1931.0,2017.0,1931.0,1996.0
2019-01-28,2036.0,2036.0,1974.0,1992.0
2019-01-29,1978.0,1979.0,1954.0,1979.0
2019-01-30,1974.0,1998.0,1930.0,1939.0
2019-01-31,1941.0,1990.0,1941.0,1980.0
2019-02-01,1977.0,1977.0,1945.0,1948.0
2019-02-04,1951.0,1989.0,1951.0,1986.0
2019-02-05,1973.0,1981.0,1958.0,1963.0
2019-02-06,1961.0,1965.0,1960.0,1965.0
2019-02-07,1962.0,1980.0,1962.0,1980.0
2019-02-08,1950.0,1963.0,1910.0,1941.0
2019-02-12,2000.0,2070.0,1996.0,2070.0
2019-02-13,2076.0,2076.0,2029.0,2049.0
2019-02-14,2030.0,2046.0,1977.0,1978.0
2019-02-15,1978.0,1995.0,1976.0,1989.0
2019-02-18,1993.0,2059.0,1993.0,2049.0
2019-02-19,2049.0,2056.0,2032.0,2035.0
2019-02-20,2040.0,2116.0,2033.0,2095.0
2019-02-21,2113.0,2146.0,2109.0,2138.0
2019-02-22,2121.0,2148.0,2103.0,2105.0
2019-02-25,2100.0,2121.0,2079.0,2091.0
2019-02-26,2092.0,2092.0,2042.0,2042.0
2019-02-27,2038.0,2098.0,2038.0,2096.0
2019-02-28,2106.0,2127.0,2081.0,2114.0
2019-03-01,2103.0,2128.0,2011.0,2053.0
2019-03-04,2053.0,2084.0,2037.0,2083.0
2019-03-05,2083.0,2083.0,2050.0,2081.0
2019-03-06,2074.0,2074.0,2046.0,2047.0
2019-03-07,2040.0,2040.0,2006.0,2022.0
2019-03-08,1994.0,1994.0,1950.0,1950.0
2019-03-11,1943.0,1962.0,1930.0,1962.0
2019-03-12,1945.0,1963.0,1945.0,1951.0
2019-03-13,1943.0,1956.0,1940.0,1941.0
2019-03-14,1920.0,1935.0,1905.0,1918.0
2019-03-15,1920.0,1968.0,1920.0,1922.0
2019-03-18,1935.0,1967.0,1932.0,1958.0
2019-03-19,1973.0,1973.0,1943.0,1966.0
2019-03-20,1949.0,2014.0,1946.0,1996.0
2019-03-22,1996.0,2007.0,1971.0,2003.0
2019-03-25,1989.0,1990.0,1959.0,1977.0
2019-03-26,1980.0,2031.0,1980.0,2024.0
2019-03-27,2045.0,2052.0,2022.0,2039.0
2019-03-28,2055.0,2055.0,2032.0,2038.0
2019-03-29,2050.0,2051.0,2027.0,2033.0
2019-04-01,2053.0,2077.0,2053.0,2067.0
2019-04-02,2060.0,2064.0,2029.0,2041.0
2019-04-03,2037.0,2053.0,2030.0,2039.0
2019-04-04,2015.0,2034.0,2015.0,2022.0
2019-04-05,2010.0,2020.0,2000.0,2019.0
2019-04-08,2014.0,2030.0,1978.0,1996.0
2019-04-09,1995.0,1995.0,1972.0,1983.0
2019-04-10,1989.0,2007.0,1976.0,1995.0
2019-04-11,1990.0,2006.0,1987.0,1997.0
2019-04-12,2005.0,2023.0,1998.0,2014.0
2019-04-15,2028.0,2083.0,2028.0,2075.0
2019-04-16,2069.0,2081.0,2061.0,2075.0
2019-04-17,2075.0,2098.0,2075.0,2088.0
2019-04-18,2096.0,2096.0,2074.0,2088.0
2019-04-19,2081.0,2084.0,2067.0,2071.0
2019-04-22,2052.0,2060.0,2050.0,2057.0
2019-04-23,2057.0,2076.0,2050.0,2073.0
2019-04-24,2075.0,2075.0,2042.0,2042.0
2019-04-25,2041.0,2060.0,2040.0,2060.0
2019-04-26,2075.0,2075.0,2039.0,2039.0
2019-05-07,2076.0,2076.0,2038.0,2038.0
2019-05-08,2038.0,2044.0,2010.0,2023.0
2019-05-09,2023.0,2023.0,1990.0,1990.0
2019-05-10,1990.0,1998.0,1979.0,1983.0
2019-05-13,1996.0,2001.0,1975.0,1990.0
2019-05-14,1750.0,1781.0,1717.0,1753.0
2019-05-15,1775.0,1848.0,1775.0,1830.0
2019-05-16,1830.0,1836.0,1763.0,1791.0
2019-05-17,1791.0,1797.0,1767.0,1767.0
2019-05-20,1768.0,1768.0,1717.0,1723.0
2019-05-21,1717.0,1764.0,1705.0,1757.0
2019-05-22,1774.0,1780.0,1757.0,1776.0
2019-05-23,1776.0,1776.0,1734.0,1749.0
2019-05-24,1745.0,1745.0,1710.0,1710.0
2019-05-27,1706.0,1706.0,1682.0,1694.0
2019-05-28,1730.0,1776.0,1728.0,1759.0
2019-05-29,1734.0,1758.0,1700.0,1747.0
2019-05-30,1727.0,1747.0,1719.0,1747.0
2019-05-31,1713.0,1725.0,1713.0,1719.0
2019-06-03,1704.0,1721.0,1693.0,1721.0
2019-06-04,1724.0,1776.0,1724.0,1776.0
2019-06-05,1797.0,1817.0,1783.0,1792.0
2019-06-06,1792.0,1799.0,1789.0,1789.0
2019-06-07,1789.0,1800.0,1777.0,1800.0
2019-06-10,1800.0,1809.0,1791.0,1793.0
2019-06-11,1803.0,1803.0,1782.0,1803.0
2019-06-12,1806.0,1806.0,1804.0,1804.0
2019-06-13,1794.0,1794.0,1765.0,1768.0
2019-06-14,1762.0,1780.0,1762.0,1769.0
2019-06-17,1774.0,1774.0,1761.0,1772.0
2019-06-18,1771.0,1867.0,1752.0,1759.0
2019-06-19,1797.0,1797.0,1780.0,1789.0
2019-06-20,1781.0,1819.0,1781.0,1799.0
2019-06-21,1799.0,1799.0,1770.0,1775.0
2019-06-24,1775.0,1807.0,1773.0,1796.0
2019-06-25,1805.0,1805.0,1767.0,1767.0
2019-06-26,1773.0,1789.0,1773.0,1782.0
2019-06-27,1790.0,1804.0,1773.0,1774.0
2019-06-28,1799.0,1805.0,1756.0,1758.0
2019-07-01,1773.0,1797.0,1767.0,1784.0
2019-07-02,1791.0,1794.0,1777.0,1785.0
2019-07-03,1785.0,1785.0,1771.0,1780.0
2019-07-04,1785.0,1792.0,1780.0,1792.0
2019-07-05,1792.0,1792.0,1768.0,1783.0
2019-07-08,1776.0,1783.0,1770.0,1777.0
2019-07-09,1774.0,1774.0,1752.0,1773.0
2019-07-10,1766.0,1766.0,1752.0,1752.0
2019-07-11,1750.0,1785.0,1750.0,1771.0
2019-07-12,1782.0,1782.0,1758.0,1769.0
2019-07-16,1761.0,1761.0,1740.0,1748.0
2019-07-17,1743.0,1750.0,1728.0,1728.0
2019-07-18,1728.0,1728.0,1700.0,1700.0
2019-07-19,1700.0,1731.0,1693.0,1697.0
2019-07-22,1711.0,1723.0,1687.0,1689.0
2019-07-23,1704.0,1704.0,1692.0,1696.0
2019-07-24,1696.0,1714.0,1696.0,1709.0
2019-07-25,1730.0,1732.0,1699.0,1699.0
2019-07-26,1713.0,1713.0,1686.0,1691.0
2019-07-29,1691.0,1697.0,1691.0,1696.0
2019-07-30,1694.0,1723.0,1694.0,1719.0
2019-07-31,1721.0,1721.0,1691.0,1691.0
2019-08-01,1690.0,1694.0,1688.0,1689.0
2019-08-02,1689.0,1697.0,1679.0,1682.0
2019-08-05,1679.0,1682.0,1655.0,1655.0
2019-08-06,1631.0,1655.0,1629.0,1654.0
2019-08-07,1635.0,1652.0,1632.0,1632.0
2019-08-08,1614.0,1624.0,1610.0,1611.0
2019-08-09,1614.0,1618.0,1554.0,1567.0
2019-08-13,1535.0,1535.0,1506.0,1511.0
2019-08-14,1535.0,1546.0,1525.0,1525.0
2019-08-15,1504.0,1506.0,1444.0,1451.0
2019-08-16,1451.0,1451.0,1408.0,1413.0
2019-08-19,1414.0,1421.0,1393.0,1396.0
2019-08-20,1411.0,1411.0,1357.0,1359.0
2019-08-21,1360.0,1364.0,1323.0,1338.0
2019-08-22,1349.0,1390.0,1327.0,1332.0
2019-08-23,1362.0,1362.0,1316.0,1316.0
2019-08-26,1306.0,1313.0,1296.0,1296.0
2019-08-27,1278.0,1290.0,1253.0,1253.0
2019-08-28,1244.0,1249.0,1213.0,1213.0
2019-08-29,1211.0,1221.0,1184.0,1184.0
2019-08-30,1181.0,1185.0,1169.0,1184.0
2019-09-02,1189.0,1254.0,1188.0,1245.0
2019-09-03,1260.0,1407.0,1260.0,1346.0
2019-09-04,1357.0,1369.0,1287.0,1290.0
2019-09-05,1282.0,1288.0,1252.0,1286.0
2019-09-06,1288.0,1288.0,1259.0,1279.0
2019-09-09,1269.0,1292.0,1269.0,1292.0
2019-09-10,1295.0,1313.0,1284.0,1284.0
2019-09-11,1291.0,1303.0,1280.0,1299.0
2019-09-12,1300.0,1308.0,1285.0,1288.0
2019-09-13,1292.0,1297.0,1268.0,1296.0
2019-09-17,1323.0,1323.0,1305.0,1313.0
2019-09-18,1313.0,1320.0,1278.0,1286.0
2019-09-19,1297.0,1310.0,1287.0,1308.0
2019-09-20,1317.0,1363.0,1306.0,1329.0
2019-09-24,1329.0,1341.0,1325.0,1335.0
2019-09-25,1342.0,1342.0,1328.0,1342.0
2019-09-26,1350.0,1395.0,1350.0,1383.0
2019-09-27,1373.0,1373.0,1331.0,1354.0
2019-09-30,1345.0,1371.0,1335.0,1369.0
2019-10-01,1369.0,1371.0,1357.0,1367.0
2019-10-02,1358.0,1390.0,1346.0,1390.0
2019-10-03,1383.0,1383.0,1345.0,1351.0
2019-10-04,1356.0,1367.0,1337.0,1357.0
2019-10-07,1364.0,1364.0,1344.0,1358.0
2019-10-08,1351.0,1372.0,1350.0,1366.0
2019-10-09,1359.0,1359.0,1348.0,1356.0
2019-10-10,1356.0,1356.0,1331.0,1338.0
2019-10-11,1338.0,1361.0,1335.0,1357.0
2019-10-15,1447.0,1533.0,1419.0,1444.0
2019-10-16,1457.0,1457.0,1406.0,1438.0
2019-10-17,1438.0,1517.0,1429.0,1517.0
2019-10-18,1517.0,1531.0,1498.0,1531.0
2019-10-21,1550.0,1730.0,1546.0,1632.0
2019-10-23,1606.0,1629.0,1580.0,1607.0
2019-10-24,1614.0,1650.0,1610.0,1646.0
2019-10-25,1646.0,1658.0,1606.0,1614.0
2019-10-28,1618.0,1618.0,1574.0,1577.0
2019-10-29,1573.0,1582.0,1560.0,1574.0
2019-10-30,1566.0,1598.0,1548.0,1598.0
2019-10-31,1588.0,1596.0,1576.0,1586.0
2019-11-01,1569.0,1572.0,1554.0,1556.0
2019-11-05,1569.0,1595.0,1569.0,1590.0
2019-11-06,1567.0,1610.0,1567.0,1592.0
2019-11-07,1599.0,1632.0,1592.0,1621.0
2019-11-08,1622.0,1641.0,1570.0,1589.0
2019-11-11,1565.0,1570.0,1475.0,1475.0
2019-11-12,1480.0,1507.0,1480.0,1505.0
2019-11-13,1505.0,1509.0,1482.0,1489.0
2019-11-14,1489.0,1489.0,1438.0,1467.0
2019-11-15,1460.0,1464.0,1438.0,1460.0
2019-11-18,1458.0,1464.0,1446.0,1456.0
2019-11-19,1460.0,1460.0,1442.0,1458.0
2019-11-20,1444.0,1451.0,1422.0,1425.0
2019-11-21,1428.0,1482.0,1428.0,1481.0
2019-11-22,1478.0,1510.0,1472.0,1485.0
2019-11-25,1509.0,1525.0,1504.0,1517.0
2019-11-26,1518.0,1556.0,1510.0,1510.0
2019-11-27,1506.0,1527.0,1506.0,1515.0
2019-11-28,1515.0,1521.0,1506.0,1521.0
2019-11-29,1513.0,1537.0,1501.0,1501.0
2019-12-02,1501.0,1533.0,1501.0,1501.0
2019-12-03,1500.0,1500.0,1472.0,1482.0
2019-12-04,1481.0,1490.0,1461.0,1475.0
2019-12-05,1493.0,1590.0,1493.0,1574.0
2019-12-06,1585.0,1632.0,1575.0,1581.0
2019-12-09,1588.0,1590.0,1568.0,1580.0
2019-12-10,1580.0,1604.0,1580.0,1589.0
2019-12-11,1582.0,1595.0,1538.0,1539.0
2019-12-12,1577.0,1577.0,1522.0,1528.0
2019-12-13,1557.0,1573.0,1523.0,1524.0
2019-12-16,1541.0,1543.0,1524.0,1535.0
2019-12-17,1542.0,1542.0,1522.0,1528.0
2019-12-18,1548.0,1550.0,1525.0,1547.0
2019-12-19,1547.0,1547.0,1535.0,1547.0
2019-12-20,1551.0,1569.0,1537.0,1549.0
2019-12-23,1546.0,1546.0,1511.0,1518.0
2019-12-24,1532.0,1536.0,1527.0,1529.0
2019-12-25,1569.0,1569.0,1533.0,1542.0
2019-12-26,1526.0,1545.0,1524.0,1535.0
2019-12-27,1545.0,1560.0,1536.0,1536.0
2019-12-30,1530.0,1535.0,1515.0,1535.0
2020-01-06,1535.0,1563.0,1519.0,1563.0
2020-01-07,1562.0,1584.0,1558.0,1579.0
2020-01-08,1569.0,1572.0,1530.0,1566.0
2020-01-09,1568.0,1632.0,1568.0,1629.0
2020-01-10,1629.0,1667.0,1626.0,1655.0
2020-01-14,1635.0,1659.0,1635.0,1651.0
2020-01-15,1642.0,1646.0,1631.0,1646.0
2020-01-16,1637.0,1642.0,1630.0,1636.0
2020-01-17,1637.0,1645.0,1635.0,1643.0
2020-01-20,1653.0,1673.0,1651.0,1664.0
2020-01-21,1665.0,1666.0,1654.0,1654.0
2020-01-22,1656.0,1682.0,1656.0,1669.0
2020-01-23,1662.0,1669.0,1651.0,1656.0
2020-01-24,1672.0,1714.0,1663.0,1709.0
2020-01-27,1689.0,1689.0,1665.0,1670.0
2020-01-28,1641.0,1656.0,1600.0,1640.0
2020-01-29,1640.0,1647.0,1635.0,1644.0
2020-01-30,1631.0,1637.0,1601.0,1601.0
2020-01-31,1602.0,1631.0,1602.0,1626.0
2020-02-03,1595.0,1633.0,1595.0,1630.0
2020-02-04,1630.0,1671.0,1625.0,1665.0
2020-02-05,1667.0,1688.0,1665.0,1682.0
2020-02-06,1684.0,1726.0,1684.0,1692.0
2020-02-07,1686.0,1689.0,1603.0,1612.0
2020-02-10,1501.0,1523.0,1469.0,1487.0
2020-02-12,1476.0,1488.0,1462.0,1474.0
2020-02-13,1474.0,1480.0,1434.0,1440.0
2020-02-14,1436.0,1449.0,1428.0,1443.0
2020-02-17,1439.0,1439.0,1401.0,1402.0
2020-02-18,1401.0,1409.0,1360.0,1365.0
2020-02-19,1370.0,1386.0,1352.0,1353.0
2020-02-20,1371.0,1372.0,1356.0,1357.0
2020-02-21,1354.0,1378.0,1354.0,1367.0
2020-02-25,1350.0,1350.0,1296.0,1299.0
2020-02-26,1300.0,1322.0,1280.0,1315.0
2020-02-27,1315.0,1315.0,1263.0,1277.0
2020-02-28,1211.0,1242.0,1202.0,1203.0
2020-03-02,1196.0,1276.0,1192.0,1264.0
2020-03-03,1313.0,1313.0,1225.0,1225.0
2020-03-04,1226.0,1240.0,1220.0,1220.0
2020-03-05,1246.0,1246.0,1221.0,1227.0
2020-03-06,1200.0,1220.0,1156.0,1156.0
2020-03-09,1156.0,1156.0,1084.0,1086.0
2020-03-10,1068.0,1143.0,1008.0,1139.0
2020-03-11,1139.0,1139.0,1059.0,1059.0
2020-03-12,1029.0,1034.0,981.0,989.0
2020-03-13,944.0,948.0,890.0,918.0
2020-03-16,978.0,978.0,929.0,943.0
2020-03-17,907.0,989.0,907.0,966.0
2020-03-18,999.0,1081.0,992.0,1035.0
2020-03-19,1045.0,1050.0,955.0,955.0
2020-03-23,940.0,1105.0,940.0,1105.0
2020-03-24,1075.0,1099.0,1046.0,1088.0
2020-03-25,1188.0,1188.0,1103.0,1161.0
2020-03-26,1161.0,1161.0,1072.0,1091.0
2020-03-27,1121.0,1135.0,1057.0,1099.0
2020-03-30,1039.0,1116.0,1039.0,1116.0
2020-03-31,1088.0,1120.0,1038.0,1059.0
2020-04-01,1058.0,1060.0,1000.0,1000.0
2020-04-02,1001.0,1027.0,984.0,992.0
2020-04-03,978.0,992.0,941.0,959.0
2020-04-06,959.0,1014.0,948.0,986.0
2020-04-07,986.0,1050.0,986.0,1045.0
2020-04-08,1030.0,1108.0,1030.0,1048.0
2020-04-09,1048.0,1090.0,1044.0,1045.0
2020-04-10,1051.0,1089.0,1049.0,1089.0
2020-04-13,1089.0,1090.0,1051.0,1064.0
2020-04-14,1064.0,1091.0,1060.0,1091.0
2020-04-15,1089.0,1090.0,1070.0,1071.0
2020-04-16,1074.0,1093.0,1074.0,1092.0
2020-04-17,1090.0,1098.0,1065.0,1072.0
2020-04-20,1100.0,1100.0,1076.0,1092.0
2020-04-21,1043.0,1063.0,1043.0,1059.0
2020-04-22,1053.0,1084.0,1053.0,1084.0
2020-04-23,1100.0,1105.0,1084.0,1084.0
2020-04-24,1114.0,1114.0,1053.0,1070.0
2020-04-27,1070.0,1090.0,1064.0,1073.0
2020-04-28,1103.0,1146.0,1058.0,1146.0
2020-04-30,1153.0,1168.0,1107.0,1115.0
2020-05-01,1115.0,1115.0,1055.0,1079.0
2020-05-07,1079.0,1080.0,1046.0,1054.0
2020-05-08,1054.0,1069.0,1039.0,1069.0
2020-05-11,1048.0,1137.0,1048.0,1114.0
2020-05-12,1101.0,1161.0,1101.0,1150.0
2020-05-13,1131.0,1144.0,1130.0,1131.0
2020-05-14,1156.0,1185.0,1156.0,1166.0
2020-05-15,1182.0,1183.0,1163.0,1170.0
2020-05-18,1170.0,1173.0,1160.0,1172.0
2020-05-19,1179.0,1217.0,1179.0,1210.0
2020-05-20,1224.0,1248.0,1207.0,1247.0
2020-05-21,1247.0,1275.0,1246.0,1275.0
2020-05-22,1290.0,1290.0,1230.0,1264.0
2020-05-25,1307.0,1308.0,1260.0,1260.0
2020-05-26,1251.0,1267.0,1251.0,1263.0
2020-05-27,1263.0,1277.0,1251.0,1271.0
2020-05-28,1271.0,1305.0,1252.0,1305.0
2020-05-29,1304.0,1304.0,1263.0,1263.0
2020-06-01,1251.0,1276.0,1251.0,1264.0
2020-06-02,1264.0,1280.0,1264.0,1279.0
2020-06-03,1279.0,1314.0,1266.0,1308.0
2020-06-04,1305.0,1305.0,1270.0,1275.0
2020-06-05,1290.0,1310.0,1290.0,1303.0
2020-06-08,1310.0,1342.0,1310.0,1342.0
2020-06-09,1342.0,1348.0,1325.0,1339.0
2020-06-10,1326.0,1334.0,1317.0,1332.0
2020-06-11,1318.0,1318.0,1286.0,1307.0
2020-06-12,1265.0,1283.0,1217.0,1238.0
2020-06-15,1238.0,1253.0,1231.0,1231.0
2020-06-16,1244.0,1253.0,1241.0,1253.0
2020-06-17,1231.0,1258.0,1231.0,1258.0
2020-06-18,1258.0,1258.0,1230.0,1243.0
2020-06-19,1256.0,1271.0,1251.0,1258.0
2020-06-22,1258.0,1258.0,1205.0,1229.0
2020-06-23,1229.0,1271.0,1226.0,1250.0
2020-06-24,1235.0,1242.0,1235.0,1242.0
2020-06-25,1263.0,1271.0,1224.0,1226.0
2020-06-26,1226.0,1260.0,1226.0,1260.0
2020-06-29,1223.0,1253.0,1222.0,1224.0
2020-06-30,1225.0,1277.0,1225.0,1240.0
2020-07-01,1249.0,1250.0,1225.0,1225.0
2020-07-02,1233.0,1255.0,1233.0,1243.0
2020-07-03,1260.0,1260.0,1202.0,1244.0
2020-07-06,1240.0,1261.0,1214.0,1261.0
2020-07-07,1231.0,1254.0,1231.0,1237.0
2020-07-08,1211.0,1230.0,1211.0,1225.0
2020-07-09,1227.0,1231.0,1225.0,1225.0
2020-07-10,1221.0,1229.0,1160.0,1160.0
2020-07-13,1160.0,1201.0,1160.0,1180.0
2020-07-14,1178.0,1217.0,1178.0,1203.0
2020-07-15,1199.0,1212.0,1199.0,1202.0
2020-07-16,1215.0,1216.0,1205.0,1205.0
2020-07-17,1205.0,1227.0,1205.0,1215.0
2020-07-20,1215.0,1218.0,1158.0,1175.0
2020-07-21,1188.0,1199.0,1179.0,1188.0
2020-07-22,1210.0,1211.0,1171.0,1171.0
2020-07-27,1171.0,1239.0,1171.0,1228.0
2020-07-28,1245.0,1245.0,1220.0,1220.0
2020-07-29,1208.0,1210.0,1192.0,1194.0
2020-07-30,1186.0,1193.0,1186.0,1186.0
2020-07-31,1156.0,1200.0,1114.0,1114.0
2020-08-03,1140.0,1143.0,1120.0,1130.0
2020-08-04,1160.0,1181.0,1151.0,1163.0
2020-08-05,1160.0,1178.0,1150.0,1154.0
2020-08-06,1155.0,1229.0,1155.0,1200.0
2020-08-07,1170.0,1255.0,1120.0,1175.0
2020-08-11,1205.0,1207.0,1185.0,1207.0
2020-08-12,1224.0,1224.0,1200.0,1217.0
2020-08-13,1217.0,1250.0,1211.0,1250.0
2020-08-14,1274.0,1274.0,1250.0,1251.0
2020-08-17,1234.0,1249.0,1234.0,1244.0
2020-08-18,1242.0,1242.0,1240.0,1240.0
2020-08-19,1235.0,1243.0,1235.0,1240.0
2020-08-20,1246.0,1253.0,1235.0,1235.0
2020-08-21,1242.0,1242.0,1238.0,1240.0
2020-08-24,1229.0,1245.0,1229.0,1245.0
2020-08-25,1264.0,1264.0,1249.0,1260.0
2020-08-26,1252.0,1252.0,1250.0,1250.0
2020-08-27,1258.0,1258.0,1246.0,1250.0
2020-08-28,1238.0,1247.0,1230.0,1237.0
2020-08-31,1259.0,1259.0,1241.0,1257.0
2020-09-01,1258.0,1258.0,1238.0,1246.0
2020-09-02,1255.0,1256.0,1245.0,1249.0
2020-09-03,1249.0,1255.0,1243.0,1246.0
2020-09-04,1241.0,1253.0,1241.0,1241.0
2020-09-07,1254.0,1255.0,1235.0,1237.0
2020-09-08,1242.0,1257.0,1232.0,1257.0
2020-09-09,1254.0,1256.0,1246.0,1256.0
2020-09-10,1256.0,1309.0,1255.0,1309.0
2020-09-11,1329.0,1333.0,1310.0,1330.0
2020-09-14,1320.0,1356.0,1307.0,1356.0
2020-09-15,1345.0,1378.0,1345.0,1370.0
2020-09-16,1365.0,1385.0,1364.0,1384.0
2020-09-17,1384.0,1384.0,1365.0,1375.0
2020-09-18,1389.0,1389.0,1370.0,1382.0
2020-09-23,1364.0,1368.0,1345.0,1357.0
2020-09-24,1366.0,1366.0,1303.0,1305.0
2020-09-25,1350.0,1353.0,1322.0,1333.0
2020-09-28,1349.0,1369.0,1319.0,1369.0
2020-09-29,1397.0,1420.0,1361.0,1361.0
2020-09-30,1370.0,1399.0,1360.0,1369.0
2020-10-02,1385.0,1397.0,1375.0,1375.0
2020-10-05,1363.0,1372.0,1363.0,1372.0
2020-10-06,1371.0,1371.0,1364.0,1368.0
2020-10-07,1338.0,1398.0,1338.0,1350.0
2020-10-08,1379.0,1379.0,1351.0,1359.0
2020-10-09,1360.0,1364.0,1351.0,1364.0
2020-10-12,1364.0,1365.0,1364.0,1365.0
2020-10-13,1365.0,1379.0,1344.0,1351.0
2020-10-14,1356.0,1374.0,1348.0,1351.0
2020-10-15,1352.0,1352.0,1330.0,1330.0
2020-10-16,1330.0,1330.0,1302.0,1308.0
2020-10-19,1311.0,1311.0,1307.0,1307.0
2020-10-20,1313.0,1313.0,1298.0,1298.0
2020-10-21,1328.0,1328.0,1314.0,1314.0
2020-10-22,1344.0,1344.0,1323.0,1324.0
2020-10-23,1345.0,1345.0,1327.0,1334.0
2020-10-26,1304.0,1310.0,1304.0,1307.0
2020-10-27,1290.0,1312.0,1290.0,1312.0
2020-10-28,1297.0,1312.0,1297.0,1312.0
2020-10-29,1312.0,1312.0,1298.0,1298.0
2020-10-30,1328.0,1328.0,1295.0,1295.0
2020-11-02,1300.0,1316.0,1300.0,1304.0
2020-11-04,1329.0,1329.0,1301.0,1314.0
2020-11-05,1323.0,1326.0,1317.0,1326.0
2020-11-06,1326.0,1329.0,1321.0,1329.0
2020-11-09,1340.0,1340.0,1301.0,1321.0
2020-11-10,1322.0,1334.0,1299.0,1308.0
2020-11-11,1331.0,1331.0,1314.0,1331.0
2020-11-12,1333.0,1333.0,1319.0,1332.0
2020-11-13,1331.0,1332.0,1300.0,1316.0
2020-11-16,1290.0,1323.0,1226.0,1302.0
2020-11-17,1302.0,1312.0,1300.0,1306.0
2020-11-18,1306.0,1310.0,1295.0,1310.0
2020-11-19,1310.0,1310.0,1296.0,1303.0
2020-11-20,1282.0,1297.0,1282.0,1294.0
2020-11-24,1292.0,1318.0,1292.0,1311.0
2020-11-25,1336.0,1342.0,1296.0,1306.0
2020-11-26,1303.0,1332.0,1303.0,1331.0
2020-11-27,1309.0,1330.0,1302.0,1330.0
2020-11-30,1313.0,1324.0,1303.0,1303.0
2020-12-01,1300.0,1315.0,1300.0,1315.0
2020-12-02,1315.0,1325.0,1306.0,1319.0
2020-12-03,1319.0,1321.0,1310.0,1321.0
2020-12-04,1322.0,1326.0,1310.0,1317.0
2020-12-07,1313.0,1315.0,1302.0,1313.0
2020-12-08,1303.0,1316.0,1302.0,1304.0
2020-12-09,1303.0,1313.0,1302.0,1309.0
2020-12-10,1309.0,1313.0,1304.0,1304.0
2020-12-11,1304.0,1316.0,1304.0,1310.0
2020-12-14,1310.0,1319.0,1304.0,1319.0
2020-12-15,1312.0,1314.0,1303.0,1309.0
2020-12-16,1306.0,1317.0,1305.0,1311.0
2020-12-17,1307.0,1307.0,1302.0,1306.0
2020-12-18,1306.0,1310.0,1302.0,1310.0
2020-12-21,1310.0,1317.0,1302.0,1312.0
2020-12-22,1310.0,1311.0,1301.0,1307.0
2020-12-23,1302.0,1308.0,1297.0,1300.0
2020-12-24,1307.0,1307.0,1299.0,1305.0
2020-12-25,1310.0,1310.0,1302.0,1307.0
2020-12-28,1302.0,1310.0,1298.0,1310.0
2020-12-29,1310.0,1316.0,1306.0,1315.0
2020-12-30,1315.0,1315.0,1310.0,1310.0
2021-01-04,1310.0,1315.0,1297.0,1297.0
2021-01-05,1301.0,1305.0,1285.0,1285.0
2021-01-06,1285.0,1300.0,1285.0,1292.0
2021-01-07,1285.0,1295.0,1281.0,1281.0
2021-01-08,1299.0,1302.0,1292.0,1300.0
2021-01-12,1292.0,1299.0,1280.0,1280.0
2021-01-13,1279.0,1279.0,1256.0,1262.0
2021-01-14,1259.0,1264.0,1256.0,1260.0
2021-01-15,1256.0,1262.0,1237.0,1237.0
2021-01-18,1240.0,1250.0,1225.0,1225.0
2021-01-19,1223.0,1228.0,1218.0,1218.0
2021-01-20,1219.0,1226.0,1218.0,1218.0
2021-01-21,1221.0,1226.0,1221.0,1221.0
2021-01-22,1222.0,1226.0,1218.0,1219.0
2021-01-25,1244.0,1244.0,1231.0,1235.0
2021-01-26,1238.0,1245.0,1228.0,1245.0
2021-01-27,1249.0,1249.0,1227.0,1240.0
2021-01-28,1236.0,1248.0,1217.0,1231.0
2021-01-29,1234.0,1249.0,1233.0,1238.0
2021-02-01,1221.0,1239.0,1221.0,1232.0
2021-02-02,1243.0,1258.0,1243.0,1254.0
2021-02-03,1255.0,1267.0,1254.0,1255.0
2021-02-04,1265.0,1268.0,1253.0,1262.0
2021-02-05,1255.0,1273.0,1255.0,1273.0
2021-02-08,1273.0,1278.0,1270.0,1272.0
2021-02-09,1280.0,1280.0,1266.0,1280.0
2021-02-10,1280.0,1280.0,1262.0,1267.0
2021-02-12,1266.0,1266.0,1231.0,1236.0
2021-02-15,1236.0,1242.0,1233.0,1241.0
2021-02-16,1241.0,1243.0,1236.0,1239.0
2021-02-17,1236.0,1246.0,1235.0,1237.0
2021-02-18,1246.0,1286.0,1246.0,1262.0
2021-02-19,1267.0,1267.0,1251.0,1255.0
2021-02-22,1260.0,1261.0,1254.0,1254.0
2021-02-24,1269.0,1271.0,1263.0,1270.0
2021-02-25,1272.0,1272.0,1252.0,1266.0
2021-02-26,1256.0,1266.0,1250.0,1250.0
2021-03-01,1247.0,1263.0,1247.0,1263.0
2021-03-02,1272.0,1282.0,1255.0,1255.0
2021-03-03,1255.0,1261.0,1251.0,1258.0
2021-03-04,1258.0,1270.0,1249.0,1270.0
2021-03-05,1270.0,1284.0,1261.0,1271.0
2021-03-08,1288.0,1301.0,1288.0,1298.0
2021-03-09,1300.0,1302.0,1295.0,1300.0
2021-03-10,1298.0,1305.0,1295.0,1304.0
2021-03-11,1296.0,1310.0,1296.0,1305.0
2021-03-12,1301.0,1303.0,1296.0,1299.0
2021-03-15,1305.0,1317.0,1302.0,1312.0
2021-03-16,1312.0,1330.0,1312.0,1330.0
2021-03-17,1336.0,1338.0,1332.0,1338.0
2021-03-18,1344.0,1368.0,1343.0,1367.0
2021-03-19,1368.0,1369.0,1351.0,1369.0
2021-03-22,1367.0,1378.0,1365.0,1378.0
2021-03-23,1377.0,1378.0,1351.0,1364.0
2021-03-24,1352.0,1356.0,1285.0,1308.0
2021-03-25,1368.0,1368.0,1314.0,1334.0
2021-03-26,1358.0,1359.0,1331.0,1342.0
2021-03-29,1343.0,1377.0,1343.0,1366.0
2021-03-30,1332.0,1348.0,1329.0,1348.0
2021-03-31,1341.0,1369.0,1332.0,1332.0
2021-04-01,1452.0,1480.0,1354.0,1360.0
2021-04-02,1373.0,1374.0,1322.0,1324.0
2021-04-05,1327.0,1359.0,1325.0,1346.0
2021-04-06,1360.0,1379.0,1337.0,1346.0
2021-04-07,1340.0,1372.0,1340.0,1372.0
2021-04-08,1359.0,1370.0,1359.0,1359.0
2021-04-09,1360.0,1369.0,1357.0,1362.0
2021-04-12,1380.0,1380.0,1366.0,1372.0
2021-04-13,1362.0,1366.0,1355.0,1358.0
2021-04-14,1355.0,1363.0,1353.0,1357.0
2021-04-15,1363.0,1367.0,1358.0,1363.0
2021-04-16,1371.0,1371.0,1357.0,1357.0
2021-04-19,1365.0,1371.0,1365.0,1371.0
2021-04-20,1371.0,1371.0,1354.0,1354.0
2021-04-21,1352.0,1352.0,1280.0,1280.0
2021-04-22,1280.0,1288.0,1275.0,1276.0
2021-04-23,1297.0,1297.0,1276.0,1279.0
2021-04-26,1276.0,1287.0,1273.0,1286.0
2021-04-27,1294.0,1294.0,1284.0,1291.0
2021-04-28,1284.0,1295.0,1280.0,1280.0
2021-04-30,1280.0,1290.0,1280.0,1280.0
2021-05-06,1280.0,1314.0,1280.0,1284.0
2021-05-07,1298.0,1299.0,1286.0,1286.0
2021-05-10,1292.0,1306.0,1292.0,1296.0
2021-05-11,1296.0,1304.0,1290.0,1291.0
2021-05-12,1294.0,1305.0,1275.0,1275.0
2021-05-13,1275.0,1290.0,1258.0,1258.0
2021-05-14,1266.0,1290.0,1226.0,1226.0
2021-05-17,1227.0,1267.0,1226.0,1226.0
2021-05-18,1229.0,1244.0,1229.0,1234.0
2021-05-19,1238.0,1262.0,1238.0,1256.0
2021-05-20,1256.0,1256.0,1235.0,1239.0
2021-05-21,1239.0,1240.0,1239.0,1240.0
2021-05-24,1249.0,1276.0,1245.0,1256.0
2021-05-25,1267.0,1267.0,1257.0,1260.0
2021-05-26,1255.0,1271.0,1255.0,1267.0
2021-05-27,1262.0,1262.0,1250.0,1250.0
2021-05-28,1250.0,1252.0,1241.0,1248.0
2021-05-31,1246.0,1263.0,1246.0,1250.0
2021-06-01,1272.0,1272.0,1256.0,1256.0
2021-06-02,1262.0,1268.0,1251.0,1262.0
2021-06-03,1262.0,1264.0,1251.0,1258.0
2021-06-04,1263.0,1271.0,1258.0,1271.0
2021-06-07,1301.0,1311.0,1290.0,1290.0
2021-06-08,1290.0,1290.0,1284.0,1284.0
2021-06-09,1284.0,1284.0,1280.0,1280.0
2021-06-10,1280.0,1282.0,1280.0,1282.0
2021-06-11,1294.0,1294.0,1283.0,1283.0
2021-06-14,1289.0,1301.0,1283.0,1285.0
2021-06-15,1284.0,1285.0,1280.0,1280.0
2021-06-16,1285.0,1295.0,1282.0,1282.0
2021-06-17,1282.0,1293.0,1276.0,1276.0
2021-06-18,1286.0,1286.0,1272.0,1274.0
2021-06-21,1227.0,1246.0,1192.0,1192.0
2021-06-22,1209.0,1214.0,1198.0,1201.0
2021-06-23,1202.0,1208.0,1200.0,1206.0
2021-06-24,1204.0,1219.0,1204.0,1219.0
2021-06-25,1226.0,1227.0,1217.0,1219.0
2021-06-28,1230.0,1234.0,1222.0,1225.0
2021-06-29,1226.0,1226.0,1200.0,1200.0
2021-06-30,1200.0,1200.0,1192.0,1192.0
2021-07-01,1192.0,1193.0,1182.0,1184.0
2021-07-02,1199.0,1199.0,1183.0,1188.0
2021-07-05,1188.0,1192.0,1187.0,1188.0
2021-07-06,1199.0,1201.0,1192.0,1200.0
2021-07-07,1203.0,1203.0,1187.0,1195.0
2021-07-08,1191.0,1193.0,1178.0,1178.0
2021-07-09,1176.0,1180.0,1175.0,1177.0
2021-07-12,1189.0,1189.0,1177.0,1188.0
2021-07-13,1187.0,1190.0,1183.0,1186.0
2021-07-14,1185.0,1190.0,1185.0,1190.0
2021-07-15,1185.0,1195.0,1185.0,1185.0
2021-07-16,1185.0,1202.0,1185.0,1187.0
2021-07-19,1189.0,1190.0,1186.0,1186.0
2021-07-20,1205.0,1205.0,1195.0,1195.0
2021-07-21,1225.0,1225.0,1195.0,1197.0
2021-07-26,1197.0,1201.0,1190.0,1198.0
2021-07-27,1198.0,1198.0,1190.0,1198.0
2021-07-28,1198.0,1198.0,1188.0,1188.0
2021-07-29,1192.0,1195.0,1184.0,1193.0
2021-07-30,1190.0,1200.0,1182.0,1191.0
2021-08-02,1187.0,1199.0,1185.0,1196.0
2021-08-03,1189.0,1198.0,1187.0,1187.0
2021-08-04,1187.0,1187.0,1184.0,1184.0
2021-08-05,1179.0,1182.0,1179.0,1181.0
2021-08-06,1192.0,1192.0,1169.0,1169.0
2021-08-10,1169.0,1174.0,1138.0,1144.0
2021-08-11,1140.0,1165.0,1140.0,1145.0
2021-08-12,1184.0,1188.0,1139.0,1188.0
2021-08-13,1186.0,1186.0,1177.0,1177.0
2021-08-16,1180.0,1180.0,1146.0,1157.0
2021-08-17,1156.0,1159.0,1155.0,1159.0
2021-08-18,1159.0,1159.0,1133.0,1133.0
2021-08-19,1133.0,1148.0,1133.0,1136.0
2021-08-20,1145.0,1145.0,1130.0,1142.0
2021-08-23,1147.0,1147.0,1131.0,1133.0
2021-08-24,1134.0,1158.0,1127.0,1134.0
2021-08-25,1150.0,1150.0,1136.0,1142.0
2021-08-26,1142.0,1143.0,1139.0,1139.0
2021-08-27,1141.0,1147.0,1141.0,1147.0
2021-08-30,1161.0,1161.0,1133.0,1133.0
2021-08-31,1129.0,1156.0,1129.0,1130.0
2021-09-01,1128.0,1142.0,1126.0,1133.0
2021-09-02,1145.0,1148.0,1126.0,1127.0
2021-09-03,1127.0,1139.0,1127.0,1127.0
2021-09-06,1143.0,1143.0,1126.0,1130.0
2021-09-07,1133.0,1146.0,1127.0,1132.0
2021-09-08,1125.0,1143.0,1125.0,1136.0
2021-09-09,1143.0,1152.0,1131.0,1138.0
2021-09-10,1138.0,1147.0,1135.0,1147.0
2021-09-13,1144.0,1161.0,1144.0,1161.0
2021-09-14,1161.0,1169.0,1155.0,1169.0
2021-09-15,1165.0,1167.0,1151.0,1167.0
2021-09-16,1167.0,1167.0,1153.0,1165.0
2021-09-17,1166.0,1172.0,1157.0,1167.0
2021-09-21,1156.0,1162.0,1151.0,1154.0
2021-09-22,1155.0,1160.0,1140.0,1143.0
2021-09-24,1161.0,1168.0,1156.0,1168.0
2021-09-27,1160.0,1187.0,1160.0,1187.0
2021-09-28,1187.0,1189.0,1173.0,1189.0
2021-09-29,1184.0,1187.0,1176.0,1181.0
2021-09-30,1181.0,1189.0,1178.0,1179.0
2021-10-01,1170.0,1170.0,1143.0,1143.0
2021-10-04,1156.0,1173.0,1154.0,1158.0
2021-10-05,1145.0,1146.0,1138.0,1139.0
2021-10-06,1143.0,1156.0,1107.0,1107.0
2021-10-07,1112.0,1122.0,1102.0,1104.0
2021-10-08,1119.0,1124.0,1095.0,1095.0
2021-10-11,1096.0,1102.0,1076.0,1076.0
2021-10-12,1085.0,1094.0,1081.0,1089.0
2021-10-13,1081.0,1090.0,1080.0,1085.0
2021-10-14,1085.0,1097.0,1079.0,1083.0
2021-10-15,1083.0,1092.0,1079.0,1084.0
2021-10-18,1084.0,1089.0,1082.0,1085.0
2021-10-19,1085.0,1089.0,1080.0,1088.0
2021-10-20,1097.0,1105.0,1090.0,1105.0
2021-10-21,1106.0,1107.0,1090.0,1090.0
2021-10-22,1090.0,1097.0,1085.0,1089.0
2021-10-25,1096.0,1096.0,1093.0,1096.0
2021-10-26,1096.0,1099.0,1080.0,1092.0
2021-10-27,1092.0,1116.0,1092.0,1108.0
2021-10-28,1097.0,1097.0,1051.0,1059.0
2021-10-29,1060.0,1074.0,1060.0,1073.0
2021-11-01,1079.0,1079.0,1061.0,1067.0
2021-11-02,1067.0,1069.0,1051.0,1051.0
2021-11-04,1048.0,1068.0,1048.0,1066.0
2021-11-05,1063.0,1083.0,1054.0,1078.0
2021-11-08,1066.0,1090.0,1066.0,1084.0
2021-11-09,1106.0,1119.0,1084.0,1098.0
2021-11-10,1097.0,1097.0,1066.0,1066.0
2021-11-11,1067.0,1087.0,1051.0,1051.0
2021-11-12,1050.0,1063.0,1050.0,1057.0
2021-11-15,1067.0,1067.0,1055.0,1056.0
2021-11-16,1055.0,1056.0,1041.0,1041.0
2021-11-17,1041.0,1048.0,1036.0,1036.0
2021-11-18,1040.0,1042.0,1033.0,1036.0
2021-11-19,1043.0,1045.0,1036.0,1045.0
2021-11-22,1042.0,1043.0,1042.0,1043.0
2021-11-24,1048.0,1048.0,1032.0,1037.0
2021-11-25,1040.0,1040.0,1031.0,1034.0
2021-11-26,1037.0,1040.0,1029.0,1030.0
2021-11-29,1030.0,1030.0,991.0,991.0
2021-11-30,999.0,1017.0,995.0,996.0
2021-12-01,987.0,1001.0,987.0,991.0
2021-12-02,995.0,1007.0,989.0,990.0
2021-12-03,1013.0,1040.0,1005.0,1040.0
2021-12-06,1034.0,1045.0,998.0,998.0
2021-12-07,1018.0,1030.0,1014.0,1029.0
2021-12-08,1030.0,1030.0,1022.0,1025.0
2021-12-09,1029.0,1038.0,1014.0,1035.0
2021-12-10,1025.0,1025.0,1010.0,1010.0
2021-12-13,1011.0,1026.0,1000.0,1005.0
2021-12-14,1005.0,1008.0,999.0,1000.0
2021-12-15,1001.0,1006.0,1000.0,1002.0
2021-12-16,1002.0,1007.0,999.0,1007.0
2021-12-17,1002.0,1007.0,1001.0,1007.0
2021-12-20,1006.0,1006.0,990.0,990.0
2021-12-21,996.0,999.0,988.0,988.0
2021-12-22,990.0,993.0,986.0,990.0
2021-12-23,989.0,994.0,988.0,988.0
2021-12-24,992.0,992.0,986.0,987.0
2021-12-27,992.0,992.0,975.0,975.0
2021-12-28,976.0,981.0,972.0,978.0
2021-12-29,978.0,994.0,978.0,991.0
2021-12-30,991.0,995.0,991.0,992.0
2022-01-04,992.0,1023.0,986.0,1023.0
2022-01-05,1025.0,1028.0,1020.0,1021.0
2022-01-06,1011.0,1011.0,1000.0,1000.0
2022-01-07,1000.0,1007.0,1000.0,1007.0
2022-01-11,1010.0,1021.0,1003.0,1007.0
2022-01-12,1007.0,1040.0,1007.0,1040.0
2022-01-13,1039.0,1049.0,1031.0,1042.0
2022-01-14,1042.0,1049.0,1015.0,1045.0
2022-01-17,1045.0,1045.0,1012.0,1016.0
2022-01-18,1025.0,1038.0,1015.0,1022.0
2022-01-19,1012.0,1012.0,999.0,999.0
2022-01-20,991.0,1025.0,991.0,1004.0
2022-01-21,993.0,1015.0,993.0,1011.0
2022-01-24,1003.0,1024.0,1003.0,1011.0
2022-01-25,1041.0,1041.0,1016.0,1016.0
2022-01-26,1026.0,1032.0,1009.0,1032.0
2022-01-27,1026.0,1026.0,989.0,991.0
2022-01-28,1000.0,1003.0,993.0,993.0
2022-01-31,993.0,1018.0,993.0,1003.0
2022-02-01,1003.0,1016.0,1003.0,1010.0
2022-02-02,1020.0,1029.0,1009.0,1020.0
2022-02-03,1020.0,1029.0,1020.0,1023.0
2022-02-04,1028.0,1062.0,1028.0,1060.0
2022-02-07,1079.0,1089.0,1067.0,1087.0
2022-02-08,1077.0,1079.0,1057.0,1079.0
2022-02-09,1079.0,1082.0,1067.0,1075.0
2022-02-10,1075.0,1075.0,1051.0,1058.0
2022-02-14,1058.0,1058.0,1052.0,1054.0
2022-02-15,1050.0,1052.0,1038.0,1038.0
2022-02-16,1045.0,1067.0,1045.0,1052.0
2022-02-17,1059.0,1082.0,1059.0,1075.0
2022-02-18,1077.0,1077.0,1053.0,1053.0
2022-02-21,1057.0,1077.0,1057.0,1066.0
2022-02-22,1066.0,1066.0,1030.0,1030.0
2022-02-24,1019.0,1062.0,1019.0,1056.0
2022-02-25,1086.0,1098.0,1084.0,1098.0
2022-02-28,1098.0,1104.0,1081.0,1090.0
2022-03-01,1083.0,1099.0,1064.0,1076.0
2022-03-02,1076.0,1086.0,1073.0,1073.0
2022-03-03,1074.0,1084.0,1073.0,1076.0
2022-03-04,1075.0,1075.0,1047.0,1064.0
2022-03-07,1058.0,1058.0,1036.0,1044.0
2022-03-08,1040.0,1040.0,1024.0,1024.0
2022-03-09,1023.0,1057.0,1004.0,1004.0
2022-03-10,1026.0,1038.0,1005.0,1012.0
2022-03-11,1006.0,1018.0,1000.0,1007.0
2022-03-14,1011.0,1074.0,1011.0,1074.0
2022-03-15,1065.0,1092.0,1065.0,1092.0
2022-03-16,1084.0,1099.0,1083.0,1099.0
2022-03-17,1103.0,1106.0,1096.0,1106.0
2022-03-18,1107.0,1107.0,1095.0,1106.0
2022-03-22,1103.0,1109.0,1098.0,1102.0
2022-03-23,1117.0,1159.0,1090.0,1158.0
2022-03-24,1151.0,1180.0,1132.0,1180.0
2022-03-25,1177.0,1187.0,1161.0,1181.0
2022-03-28,1174.0,1198.0,1156.0,1198.0
2022-03-29,1208.0,1216.0,1194.0,1209.0
2022-03-30,1194.0,1194.0,1164.0,1180.0
2022-03-31,1180.0,1209.0,1161.0,1193.0
2022-04-01,1179.0,1189.0,1166.0,1189.0
2022-04-04,1183.0,1191.0,1181.0,1185.0
2022-04-05,1186.0,1186.0,1155.0,1177.0
2022-04-06,1171.0,1171.0,1157.0,1170.0
2022-04-07,1156.0,1160.0,1111.0,1158.0
2022-04-08,1150.0,1176.0,1148.0,1160.0
2022-04-11,1149.0,1149.0,1118.0,1118.0
2022-04-12,1112.0,1153.0,1112.0,1141.0
2022-04-13,1131.0,1170.0,1129.0,1164.0
2022-04-14,1148.0,1163.0,1148.0,1163.0
2022-04-15,1144.0,1157.0,1144.0,1155.0
2022-04-18,1125.0,1152.0,1119.0,1142.0
2022-04-19,1134.0,1147.0,1127.0,1138.0
2022-04-20,1150.0,1171.0,1141.0,1171.0
2022-04-21,1173.0,1220.0,1173.0,1220.0
2022-04-22,1220.0,1220.0,1207.0,1213.0
2022-04-25,1229.0,1229.0,1177.0,1221.0
2022-04-26,1220.0,1225.0,1185.0,1188.0
2022-04-27,1163.0,1220.0,1109.0,1180.0
2022-04-28,1176.0,1194.0,1169.0,1192.0
2022-05-02,1190.0,1190.0,1168.0,1176.0
2022-05-06,1192.0,1230.0,1183.0,1230.0
2022-05-09,1233.0,1233.0,1195.0,1206.0
2022-05-10,1187.0,1187.0,1166.0,1166.0
2022-05-11,1171.0,1188.0,1136.0,1136.0
2022-05-12,1128.0,1194.0,1128.0,1194.0
2022-05-13,1190.0,1223.0,1165.0,1206.0
2022-05-16,1201.0,1201.0,1126.0,1185.0
2022-05-17,1175.0,1187.0,1171.0,1188.0
2022-05-18,1171.0,1200.0,1171.0,1197.0
2022-05-19,1167.0,1176.0,1159.0,1165.0
2022-05-20,1167.0,1203.0,1167.0,1199.0
2022-05-23,1205.0,1207.0,1193.0,1206.0
2022-05-24,1194.0,1205.0,1144.0,1200.0
2022-05-25,1208.0,1208.0,1197.0,1203.0
2022-05-26,1195.0,1217.0,1189.0,1201.0
2022-05-27,1207.0,1219.0,1179.0,1211.0
2022-05-30,1210.0,1229.0,1210.0,1222.0
2022-05-31,1211.0,1211.0,1176.0,1176.0
2022-06-01,1171.0,1180.0,1137.0,1168.0
2022-06-02,1178.0,1200.0,1165.0,1185.0
2022-06-03,1182.0,1203.0,1180.0,1189.0
2022-06-06,1186.0,1218.0,1161.0,1215.0
2022-06-07,1205.0,1207.0,1184.0,1184.0
2022-06-08,1195.0,1195.0,1180.0,1194.0
2022-06-09,1190.0,1208.0,1179.0,1190.0
2022-06-10,1174.0,1185.0,1159.0,1166.0
2022-06-13,1157.0,1186.0,1149.0,1177.0
2022-06-14,1175.0,1175.0,1159.0,1159.0
2022-06-15,1148.0,1150.0,1124.0,1125.0
2022-06-16,1126.0,1148.0,1120.0,1120.0
2022-06-17,1113.0,1125.0,1100.0,1100.0
2022-06-20,1130.0,1130.0,1086.0,1095.0
2022-06-21,1116.0,1130.0,1103.0,1116.0
2022-06-22,1116.0,1129.0,1092.0,1097.0
2022-06-23,1101.0,1114.0,1101.0,1105.0
2022-06-24,1128.0,1129.0,1112.0,1114.0
2022-06-27,1116.0,1121.0,1116.0,1121.0
2022-06-28,1116.0,1128.0,1113.0,1116.0
2022-06-29,1116.0,1182.0,1116.0,1180.0
2022-06-30,1165.0,1185.0,1157.0,1157.0
2022-07-01,1166.0,1169.0,1134.0,1134.0
2022-07-04,1135.0,1158.0,1135.0,1155.0
2022-07-05,1162.0,1162.0,1148.0,1148.0
2022-07-06,1143.0,1148.0,1126.0,1126.0
2022-07-07,1117.0,1123.0,1105.0,1119.0
2022-07-08,1119.0,1134.0,1100.0,1100.0
2022-07-11,1113.0,1126.0,1098.0,1108.0
2022-07-12,1114.0,1115.0,1100.0,1100.0
2022-07-13,1100.0,1117.0,1100.0,1100.0
2022-07-14,1098.0,1098.0,1052.0,1078.0
2022-07-15,1087.0,1094.0,1069.0,1069.0
2022-07-19,1083.0,1083.0,1061.0,1061.0
2022-07-20,1083.0,1090.0,1065.0,1082.0
2022-07-21,1084.0,1090.0,1083.0,1090.0
2022-07-22,1093.0,1103.0,1090.0,1103.0
2022-07-25,1116.0,1116.0,1101.0,1104.0
2022-07-26,1104.0,1104.0,1096.0,1096.0
2022-07-27,1096.0,1104.0,1087.0,1099.0
2022-07-28,1096.0,1129.0,1096.0,1121.0
2022-07-29,1121.0,1121.0,1094.0,1108.0
2022-08-01,1108.0,1119.0,1108.0,1119.0
2022-08-02,1116.0,1123.0,1100.0,1101.0
2022-08-03,1095.0,1110.0,1087.0,1087.0
2022-08-04,1088.0,1094.0,1072.0,1081.0
2022-08-05,1080.0,1094.0,1080.0,1087.0
2022-08-08,1085.0,1102.0,1081.0,1085.0
2022-08-09,1094.0,1105.0,1090.0,1105.0
2022-08-10,1090.0,1095.0,1072.0,1084.0
2022-08-12,1095.0,1097.0,1060.0,1067.0
2022-08-15,1067.0,1067.0,1027.0,1033.0
2022-08-16,1030.0,1038.0,1030.0,1033.0
2022-08-17,1032.0,1048.0,1032.0,1044.0
2022-08-18,1041.0,1044.0,1033.0,1038.0
2022-08-19,1042.0,1050.0,1035.0,1040.0
2022-08-22,1046.0,1048.0,1034.0,1043.0
2022-08-23,1035.0,1037.0,1031.0,1031.0
2022-08-24,1032.0,1035.0,1021.0,1032.0
2022-08-25,1041.0,1042.0,1030.0,1035.0
2022-08-26,1036.0,1047.0,1036.0,1046.0
2022-08-29,1032.0,1036.0,1022.0,1024.0
2022-08-30,1030.0,1032.0,1023.0,1032.0
2022-08-31,1025.0,1026.0,1022.0,1022.0
2022-09-01,1021.0,1021.0,1012.0,1012.0
2022-09-02,1012.0,1013.0,1002.0,1005.0
2022-09-05,1005.0,1018.0,1002.0,1012.0
2022-09-06,1012.0,1020.0,1010.0,1010.0
2022-09-07,1012.0,1012.0,1005.0,1005.0
2022-09-08,1005.0,1009.0,1001.0,1001.0
2022-09-09,1001.0,1004.0,1001.0,1002.0
2022-09-12,1010.0,1010.0,1002.0,1002.0
2022-09-13,1002.0,1010.0,998.0,1000.0
2022-09-14,997.0,999.0,991.0,992.0
2022-09-15,990.0,999.0,990.0,998.0
2022-09-16,998.0,999.0,985.0,985.0
2022-09-20,990.0,1004.0,986.0,987.0
2022-09-21,986.0,990.0,985.0,990.0
2022-09-22,993.0,993.0,983.0,987.0
2022-09-26,985.0,985.0,981.0,985.0
2022-09-27,985.0,991.0,981.0,991.0
2022-09-28,985.0,985.0,976.0,984.0
2022-09-29,976.0,987.0,976.0,978.0
2022-09-30,978.0,980.0,970.0,980.0
2022-10-03,972.0,978.0,965.0,972.0
2022-10-04,980.0,987.0,976.0,976.0
2022-10-05,982.0,987.0,971.0,972.0
2022-10-06,975.0,982.0,975.0,979.0
2022-10-07,978.0,978.0,964.0,965.0
2022-10-11,964.0,966.0,962.0,962.0
2022-10-12,965.0,966.0,950.0,950.0
2022-10-13,950.0,950.0,939.0,939.0
2022-10-14,952.0,952.0,940.0,940.0
2022-10-17,940.0,943.0,936.0,937.0
2022-10-18,939.0,948.0,939.0,940.0
2022-10-19,946.0,950.0,941.0,950.0
2022-10-20,955.0,960.0,945.0,960.0
2022-10-21,970.0,971.0,958.0,958.0
2022-10-24,958.0,964.0,953.0,959.0
2022-10-25,971.0,971.0,959.0,964.0
2022-10-26,968.0,997.0,966.0,996.0
2022-10-27,1003.0,1003.0,975.0,984.0
2022-10-28,985.0,994.0,951.0,951.0
2022-10-31,971.0,971.0,943.0,943.0
2022-11-01,943.0,945.0,937.0,942.0
2022-11-02,950.0,954.0,947.0,951.0
2022-11-04,952.0,954.0,946.0,948.0
2022-11-07,954.0,966.0,948.0,966.0
2022-11-08,963.0,978.0,963.0,974.0
2022-11-09,979.0,979.0,969.0,972.0
2022-11-10,972.0,976.0,958.0,958.0
2022-11-11,1011.0,1011.0,969.0,979.0
2022-11-14,994.0,994.0,973.0,977.0
2022-11-15,982.0,982.0,976.0,978.0
2022-11-16,980.0,980.0,965.0,978.0
2022-11-17,979.0,982.0,975.0,982.0
2022-11-18,983.0,1002.0,976.0,1001.0
2022-11-21,1027.0,1088.0,1027.0,1072.0
2022-11-22,1074.0,1077.0,1052.0,1060.0
2022-11-24,1059.0,1096.0,1059.0,1090.0
2022-11-25,1105.0,1106.0,1088.0,1088.0
2022-11-28,1102.0,1102.0,1077.0,1090.0
2022-11-29,1090.0,1091.0,1080.0,1080.0
2022-11-30,1071.0,1071.0,1062.0,1064.0
2022-12-01,1067.0,1070.0,1061.0,1061.0
2022-12-02,1065.0,1065.0,1051.0,1060.0
2022-12-05,1061.0,1062.0,1050.0,1056.0
2022-12-06,1052.0,1053.0,1047.0,1049.0
2022-12-07,1051.0,1056.0,1049.0,1050.0
2022-12-08,1055.0,1055.0,1046.0,1047.0
2022-12-09,1047.0,1052.0,1047.0,1052.0
2022-12-12,1053.0,1058.0,1050.0,1053.0
2022-12-13,1065.0,1065.0,1053.0,1061.0
2022-12-14,1072.0,1079.0,1068.0,1077.0
2022-12-15,1065.0,1074.0,1061.0,1065.0
2022-12-16,1068.0,1074.0,1064.0,1065.0
2022-12-19,1061.0,1068.0,1057.0,1060.0
2022-12-20,1064.0,1066.0,1051.0,1053.0
2022-12-21,1051.0,1056.0,1046.0,1046.0
2022-12-22,1058.0,1058.0,1050.0,1050.0
2022-12-23,1054.0,1058.0,1049.0,1057.0
2022-12-26,1051.0,1058.0,1050.0,1051.0
2022-12-27,1051.0,1052.0,1049.0,1051.0
2022-12-28,1047.0,1048.0,1036.0,1044.0
2022-12-29,1028.0,1047.0,1028.0,1038.0
2022-12-30,1038.0,1044.0,1038.0,1044.0
2023-01-04,1044.0,1044.0,1038.0,1042.0
2023-01-05,1048.0,1048.0,1040.0,1046.0
2023-01-06,1046.0,1054.0,1046.0,1052.0
2023-01-10,1052.0,1062.0,1052.0,1059.0
2023-01-11,1059.0,1063.0,1055.0,1059.0
2023-01-12,1059.0,1079.0,1056.0,1061.0
2023-01-13,1055.0,1061.0,1055.0,1056.0
2023-01-16,1056.0,1059.0,1056.0,1059.0
2023-01-17,1062.0,1066.0,1055.0,1059.0
2023-01-18,1069.0,1076.0,1065.0,1076.0
2023-01-19,1074.0,1075.0,1064.0,1067.0
2023-01-20,1080.0,1081.0,1071.0,1078.0
2023-01-23,1082.0,1088.0,1081.0,1084.0
2023-01-24,1090.0,1090.0,1081.0,1085.0
2023-01-25,1084.0,1090.0,1075.0,1080.0
2023-01-26,1080.0,1080.0,1074.0,1078.0
2023-01-27,1078.0,1078.0,1070.0,1070.0
2023-01-30,1068.0,1079.0,1060.0,1060.0
2023-01-31,1075.0,1075.0,1063.0,1065.0
2023-02-01,1065.0,1067.0,1062.0,1067.0
2023-02-02,1063.0,1063.0,1058.0,1061.0
2023-02-03,1061.0,1066.0,1060.0,1062.0
2023-02-06,1073.0,1073.0,1062.0,1069.0
2023-02-07,1066.0,1071.0,1066.0,1071.0
2023-02-08,1070.0,1090.0,1070.0,1090.0
2023-02-09,1090.0,1095.0,1084.0,1084.0
2023-02-10,1090.0,1106.0,1086.0,1106.0
2023-02-13,1107.0,1108.0,1086.0,1090.0
2023-02-14,1133.0,1160.0,1131.0,1141.0
2023-02-15,1141.0,1144.0,1135.0,1140.0
2023-02-16,1145.0,1178.0,1145.0,1165.0
2023-02-17,1165.0,1169.0,1151.0,1167.0
2023-02-20,1170.0,1174.0,1163.0,1170.0
2023-02-21,1172.0,1205.0,1172.0,1197.0
2023-02-22,1185.0,1191.0,1180.0,1185.0
2023-02-24,1200.0,1277.0,1200.0,1277.0
2023-02-27,1290.0,1317.0,1255.0,1260.0
2023-02-28,1266.0,1348.0,1257.0,1341.0
2023-03-01,1338.0,1377.0,1331.0,1371.0
2023-03-02,1379.0,1490.0,1348.0,1460.0
2023-03-03,1434.0,1505.0,1430.0,1505.0
2023-03-06,1519.0,1567.0,1478.0,1539.0
2023-03-07,1515.0,1541.0,1492.0,1529.0
2023-03-08,1509.0,1536.0,1506.0,1531.0
2023-03-09,1531.0,1537.0,1492.0,1536.0
2023-03-10,1511.0,1546.0,1503.0,1513.0
2023-03-13,1475.0,1493.0,1401.0,1482.0
2023-03-14,1459.0,1459.0,1411.0,1411.0
2023-03-15,1435.0,1493.0,1417.0,1489.0
2023-03-16,1471.0,1471.0,1414.0,1431.0
2023-03-17,1435.0,1435.0,1364.0,1370.0
2023-03-20,1364.0,1379.0,1326.0,1330.0
2023-03-22,1356.0,1362.0,1346.0,1352.0
2023-03-23,1346.0,1384.0,1327.0,1372.0
2023-03-24,1372.0,1378.0,1350.0,1371.0
2023-03-27,1375.0,1395.0,1374.0,1385.0
2023-03-28,1379.0,1391.0,1370.0,1370.0
2023-03-29,1370.0,1431.0,1370.0,1426.0
2023-03-30,1385.0,1412.0,1363.0,1409.0
2023-03-31,1427.0,1496.0,1427.0,1477.0
2023-04-03,1477.0,1495.0,1470.0,1488.0
2023-04-04,1484.0,1542.0,1480.0,1538.0
2023-04-05,1514.0,1514.0,1466.0,1477.0
2023-04-06,1455.0,1470.0,1451.0,1454.0
2023-04-07,1451.0,1463.0,1433.0,1439.0
2023-04-10,1440.0,1493.0,1440.0,1491.0
2023-04-11,1491.0,1491.0,1447.0,1451.0
2023-04-12,1453.0,1488.0,1447.0,1447.0
2023-04-13,1445.0,1445.0,1413.0,1422.0
2023-04-14,1431.0,1453.0,1415.0,1440.0
2023-04-17,1455.0,1455.0,1427.0,1447.0
2023-04-18,1473.0,1473.0,1444.0,1466.0
2023-04-19,1470.0,1470.0,1435.0,1443.0
2023-04-20,1445.0,1465.0,1445.0,1450.0
2023-04-21,1472.0,1524.0,1460.0,1488.0
2023-04-24,1495.0,1499.0,1468.0,1476.0
2023-04-25,1483.0,1523.0,1473.0,1501.0
2023-04-26,1501.0,1501.0,1431.0,1477.0
2023-04-27,1463.0,1514.0,1458.0,1470.0
2023-04-28,1500.0,1513.0,1486.0,1501.0
2023-05-01,1517.0,1537.0,1508.0,1517.0
2023-05-02,1500.0,1515.0,1486.0,1499.0
2023-05-08,1491.0,1525.0,1480.0,1515.0
2023-05-09,1519.0,1521.0,1505.0,1521.0
2023-05-10,1529.0,1537.0,1512.0,1521.0
2023-05-11,1521.0,1532.0,1519.0,1520.0
2023-05-12,1520.0,1530.0,1490.0,1504.0
2023-05-15,1525.0,1525.0,1452.0,1476.0
2023-05-16,1475.0,1500.0,1451.0,1465.0
2023-05-17,1452.0,1460.0,1425.0,1454.0
2023-05-18,1465.0,1465.0,1433.0,1457.0
2023-05-19,1443.0,1490.0,1437.0,1468.0
2023-05-22,1475.0,1510.0,1475.0,1485.0
2023-05-23,1473.0,1481.0,1444.0,1474.0
2023-05-24,1474.0,1510.0,1467.0,1481.0
2023-05-25,1481.0,1491.0,1460.0,1477.0
2023-05-26,1469.0,1472.0,1434.0,1443.0
2023-05-29,1433.0,1461.0,1424.0,1424.0
2023-05-30,1407.0,1423.0,1387.0,1392.0
2023-05-31,1388.0,1403.0,1383.0,1390.0
2023-06-01,1381.0,1420.0,1369.0,1405.0
2023-06-02,1403.0,1454.0,1396.0,1424.0
2023-06-05,1424.0,1450.0,1420.0,1440.0
2023-06-06,1434.0,1459.0,1434.0,1441.0
2023-06-07,1434.0,1458.0,1415.0,1437.0
2023-06-08,1427.0,1437.0,1396.0,1400.0
2023-06-09,1413.0,1441.0,1397.0,1437.0
2023-06-12,1436.0,1455.0,1436.0,1453.0
2023-06-13,1453.0,1460.0,1429.0,1429.0
2023-06-14,1449.0,1464.0,1436.0,1450.0
2023-06-15,1455.0,1464.0,1435.0,1462.0
2023-06-16,1472.0,1472.0,1447.0,1448.0
2023-06-19,1464.0,1464.0,1436.0,1436.0
2023-06-20,1444.0,1457.0,1429.0,1457.0
2023-06-21,1457.0,1554.0,1446.0,1554.0
2023-06-22,1562.0,1678.0,1562.0,1645.0
2023-06-23,1665.0,1665.0,1563.0,1613.0
2023-06-26,1611.0,1669.0,1568.0,1660.0
2023-06-27,1662.0,1682.0,1620.0,1682.0
2023-06-28,1684.0,1718.0,1640.0,1666.0
2023-06-29,1670.0,1710.0,1640.0,1671.0
2023-06-30,1631.0,1656.0,1626.0,1639.0
2023-07-03,1646.0,1706.0,1646.0,1705.0
2023-07-04,1711.0,1770.0,1710.0,1747.0
2023-07-05,1757.0,1810.0,1750.0,1767.0
2023-07-06,1766.0,1789.0,1700.0,1718.0
2023-07-07,1715.0,1715.0,1667.0,1677.0
2023-07-10,1667.0,1677.0,1625.0,1634.0
2023-07-11,1634.0,1662.0,1607.0,1645.0
2023-07-12,1639.0,1646.0,1597.0,1606.0
2023-07-13,1601.0,1609.0,1570.0,1593.0
2023-07-14,1610.0,1610.0,1538.0,1549.0
2023-07-18,1549.0,1595.0,1549.0,1589.0
2023-07-19,1589.0,1634.0,1582.0,1612.0
2023-07-20,1621.0,1667.0,1602.0,1602.0
2023-07-21,1602.0,1642.0,1588.0,1589.0
2023-07-24,1600.0,1651.0,1600.0,1632.0
2023-07-25,1650.0,1655.0,1639.0,1640.0
2023-07-26,1642.0,1645.0,1598.0,1618.0
2023-07-27,1618.0,1649.0,1601.0,1643.0
2023-07-28,1628.0,1655.0,1591.0,1628.0
2023-07-31,1651.0,1653.0,1628.0,1650.0
2023-08-01,1651.0,1670.0,1642.0,1655.0
2023-08-02,1653.0,1653.0,1614.0,1614.0
2023-08-03,1600.0,1637.0,1598.0,1623.0
2023-08-04,1604.0,1604.0,1585.0,1588.0
2023-08-07,1600.0,1636.0,1578.0,1635.0
2023-08-08,1640.0,1667.0,1640.0,1665.0
2023-08-09,1665.0,1684.0,1641.0,1667.0
2023-08-10,1700.0,1716.0,1625.0,1716.0
2023-08-14,1722.0,1770.0,1719.0,1737.0
2023-08-15,1747.0,1748.0,1701.0,1727.0
2023-08-16,1727.0,1727.0,1681.0,1701.0
2023-08-17,1709.0,1727.0,1648.0,1721.0
2023-08-18,1718.0,1765.0,1699.0,1722.0
2023-08-21,1720.0,1760.0,1708.0,1735.0
2023-08-22,1740.0,1769.0,1724.0,1769.0
2023-08-23,1767.0,1810.0,1760.0,1805.0
2023-08-24,1805.0,1824.0,1790.0,1805.0
2023-08-25,1765.0,1817.0,1754.0,1777.0
2023-08-28,1788.0,1876.0,1788.0,1848.0
2023-08-29,1865.0,1943.0,1825.0,1941.0
2023-08-30,1927.0,1987.0,1880.0,1960.0
2023-08-31,1980.0,2019.0,1955.0,1968.0
2023-09-01,1968.0,2012.0,1941.0,2002.0
2023-09-04,2003.0,2050.0,1985.0,2024.0
2023-09-05,2001.0,2040.0,1989.0,2018.0
2023-09-06,2025.0,2054.0,2008.0,2054.0
2023-09-07,2050.0,2091.0,2030.0,2050.0
2023-09-08,2028.0,2104.0,2024.0,2047.0
2023-09-11,2050.0,2077.0,2037.0,2053.0
2023-09-12,2053.0,2110.0,2053.0,2105.0
2023-09-13,2110.0,2119.0,2046.0,2061.0
2023-09-14,2065.0,2094.0,2063.0,2085.0
2023-09-15,2100.0,2142.0,2048.0,2084.0
2023-09-19,2077.0,2085.0,2029.0,2073.0
2023-09-20,2073.0,2103.0,2012.0,2012.0
2023-09-21,2013.0,2083.0,2012.0,2050.0
2023-09-22,2023.0,2043.0,1968.0,2023.0
2023-09-25,2037.0,2058.0,2010.0,2039.0
2023-09-26,2026.0,2045.0,1999.0,2031.0
2023-09-27,2031.0,2093.0,2000.0,2093.0
2023-09-28,2071.0,2128.0,2071.0,2114.0
2023-09-29,2114.0,2173.0,2100.0,2147.0
2023-10-02,2197.0,2266.0,2189.0,2221.0
2023-10-03,2223.0,2251.0,2141.0,2141.0
2023-10-04,2139.0,2139.0,1951.0,1953.0
2023-10-05,1968.0,2004.0,1950.0,1962.0
2023-10-06,1964.0,2001.0,1927.0,1962.0
2023-10-10,1972.0,2029.0,1969.0,2021.0
2023-10-11,2007.0,2012.0,1952.0,1952.0
2023-10-12,1973.0,1986.0,1945.0,1979.0
2023-10-13,1960.0,1993.0,1923.0,1934.0
2023-10-16,1898.0,1933.0,1885.0,1901.0
2023-10-17,1911.0,1945.0,1910.0,1920.0
2023-10-18,1910.0,1976.0,1910.0,1965.0
2023-10-19,1963.0,1985.0,1946.0,1954.0
2023-10-20,1933.0,1993.0,1933.0,1972.0
2023-10-23,1965.0,1982.0,1906.0,1906.0
2023-10-24,1907.0,1918.0,1825.0,1860.0
2023-10-25,1881.0,1895.0,1852.0,1869.0
2023-10-26,1852.0,1852.0,1800.0,1807.0
2023-10-27,1802.0,1869.0,1801.0,1860.0
2023-10-30,1845.0,1846.0,1786.0,1786.0
2023-10-31,1793.0,1814.0,1768.0,1814.0
2023-11-01,1835.0,1869.0,1812.0,1830.0
2023-11-02,1849.0,1851.0,1808.0,1808.0
2023-11-06,1891.0,2035.0,1891.0,2035.0
2023-11-07,2085.0,2146.0,2044.0,2105.0
2023-11-08,1915.0,1955.0,1815.0,1866.0
2023-11-09,1855.0,1899.0,1842.0,1889.0
2023-11-10,1900.0,1960.0,1893.0,1937.0
2023-11-13,1960.0,1960.0,1877.0,1892.0
2023-11-14,1880.0,1882.0,1835.0,1854.0
2023-11-15,1855.0,1870.0,1842.0,1857.0
2023-11-16,1850.0,1855.0,1830.0,1837.0
2023-11-17,1827.0,1870.0,1827.0,1850.0
2023-11-20,1857.0,1873.0,1846.0,1846.0
2023-11-21,1851.0,1851.0,1791.0,1792.0
2023-11-22,1791.0,1804.0,1761.0,1778.0
2023-11-24,1799.0,1799.0,1775.0,1776.0
2023-11-27,1776.0,1793.0,1763.0,1768.0
2023-11-28,1776.0,1787.0,1763.0,1775.0
2023-11-29,1770.0,1799.0,1770.0,1773.0
2023-11-30,1768.0,1768.0,1725.0,1755.0
2023-12-01,1755.0,1782.0,1742.0,1762.0
2023-12-04,1762.0,1807.0,1762.0,1793.0
2023-12-05,1783.0,1783.0,1755.0,1759.0
2023-12-06,1753.0,1797.0,1753.0,1796.0
2023-12-07,1771.0,1789.0,1755.0,1760.0
2023-12-08,1733.0,1749.0,1720.0,1722.0
2023-12-11,1722.0,1772.0,1722.0,1755.0
2023-12-12,1767.0,1775.0,1755.0,1757.0
2023-12-13,1746.0,1752.0,1738.0,1740.0
2023-12-14,1757.0,1757.0,1685.0,1697.0
2023-12-15,1691.0,1738.0,1691.0,1736.0
2023-12-18,1735.0,1754.0,1705.0,1754.0
2023-12-19,1743.0,1751.0,1723.0,1747.0
2023-12-20,1762.0,1779.0,1756.0,1757.0
2023-12-21,1744.0,1745.0,1725.0,1730.0
2023-12-22,1726.0,1755.0,1726.0,1745.0
2023-12-25,1755.0,1758.0,1725.0,1732.0
2023-12-26,1723.0,1737.0,1715.0,1722.0
2023-12-27,1722.0,1742.0,1722.0,1734.0
2023-12-28,1724.0,1753.0,1720.0,1750.0
2023-12-29,1737.0,1756.0,1737.0,1748.0
2024-01-04,1741.0,1797.0,1735.0,1790.0
2024-01-05,1790.0,1830.0,1790.0,1809.0
2024-01-09,1849.0,1883.0,1825.0,1867.0
2024-01-10,1887.0,1908.0,1871.0,1880.0
2024-01-11,1902.0,1966.0,1898.0,1920.0
2024-01-12,1923.0,1923.0,1873.0,1891.0
2024-01-15,1924.0,1977.0,1924.0,1960.0
2024-01-16,1983.0,2029.0,1966.0,1988.0
2024-01-17,1991.0,2014.0,1970.0,1991.0
2024-01-18,1997.0,2006.0,1947.0,1964.0
2024-01-19,1973.0,1975.0,1928.0,1948.0
2024-01-22,1951.0,1965.0,1931.0,1943.0
2024-01-23,1943.0,1945.0,1917.0,1931.0
2024-01-24,1935.0,1946.0,1920.0,1930.0
2024-01-25,1930.0,1945.0,1916.0,1916.0
2024-01-26,1913.0,1920.0,1896.0,1907.0
2024-01-29,1907.0,1934.0,1907.0,1928.0
2024-01-30,1930.0,1954.0,1921.0,1922.0
2024-01-31,1913.0,2029.0,1910.0,2029.0
2024-02-01,2029.0,2080.0,2012.0,2041.0
2024-02-02,2030.0,2030.0,2000.0,2013.0
2024-02-05,2015.0,2055.0,2013.0,2048.0
2024-02-06,2050.0,2050.0,2005.0,2021.0
2024-02-07,2030.0,2045.0,2007.0,2007.0
2024-02-08,2005.0,2025.0,1989.0,2007.0
2024-02-09,2007.0,2035.0,1996.0,2026.0
2024-02-13,2040.0,2092.0,2036.0,2092.0
2024-02-14,2192.0,2236.0,2140.0,2154.0
2024-02-15,2199.0,2282.0,2197.0,2250.0
2024-02-16,2274.0,2325.0,2233.0,2271.0
2024-02-19,2272.0,2380.0,2272.0,2361.0
2024-02-20,2385.0,2412.0,2340.0,2389.0
2024-02-21,2382.0,2443.0,2382.0,2414.0
2024-02-22,2462.0,2535.0,2432.0,2519.0
2024-02-26,2550.0,2621.0,2526.0,2566.0
2024-02-27,2641.0,2712.0,2601.0,2623.0
2024-02-28,2624.0,2641.0,2510.0,2512.0
2024-02-29,2510.0,2577.0,2476.0,2540.0
2024-03-01,2550.0,2590.0,2450.0,2461.0
2024-03-04,2498.0,2502.0,2435.0,2462.0
2024-03-05,2460.0,2482.0,2410.0,2468.0
2024-03-06,2463.0,2669.0,2451.0,2663.0
2024-03-07,2724.0,2759.0,2610.0,2709.0
2024-03-08,2663.0,2791.0,2636.0,2761.0
2024-03-11,2711.0,2711.0,2501.0,2534.0
2024-03-12,2520.0,2543.0,2456.0,2520.0
2024-03-13,2530.0,2559.0,2430.0,2459.0
2024-03-14,2442.0,2470.0,2412.0,2457.0
2024-03-15,2457.0,2476.0,2413.0,2433.0
2024-03-18,2433.0,2448.0,2386.0,2434.0
2024-03-19,2412.0,2477.0,2395.0,2477.0
2024-03-21,2523.0,2595.0,2475.0,2553.0
2024-03-22,2549.0,2549.0,2482.0,2517.0
2024-03-25,2515.0,2533.0,2493.0,2501.0
2024-03-26,2501.0,2512.0,2475.0,2495.0
2024-03-27,2484.0,2520.0,2467.0,2467.0
2024-03-28,2417.0,2470.0,2400.0,2400.0
2024-03-29,2450.0,2450.0,2398.0,2423.0
2024-04-01,2429.0,2429.0,2320.0,2327.0
2024-04-02,2320.0,2351.0,2300.0,2300.0
2024-04-03,2265.0,2399.0,2265.0,2374.0
2024-04-04,2410.0,2418.0,2390.0,2396.0
2024-04-05,2365.0,2397.0,2320.0,2338.0
2024-04-08,2338.0,2368.0,2332.0,2340.0
2024-04-09,2341.0,2364.0,2311.0,2358.0
2024-04-10,2341.0,2347.0,2322.0,2341.0
2024-04-11,2307.0,2386.0,2295.0,2358.0
2024-04-12,2361.0,2428.0,2358.0,2402.0
2024-04-15,2402.0,2464.0,2370.0,2444.0
2024-04-16,2476.0,2476.0,2335.0,2341.0
2024-04-17,2341.0,2353.0,2275.0,2306.0
2024-04-18,2293.0,2337.0,2274.0,2327.0
2024-04-19,2277.0,2277.0,2169.0,2233.0
2024-04-22,2249.0,2289.0,2234.0,2234.0
2024-04-23,2250.0,2290.0,2243.0,2264.0
2024-04-24,2278.0,2356.0,2277.0,2339.0
2024-04-25,2327.0,2327.0,2272.0,2299.0
2024-04-26,2297.0,2297.0,2252.0,2265.0
2024-04-30,2270.0,2346.0,2270.0,2309.0
2024-05-01,2290.0,2305.0,2260.0,2288.0
2024-05-02,2288.0,2293.0,2273.0,2274.0
2024-05-07,2282.0,2313.0,2262.0,2262.0
2024-05-08,2262.0,2262.0,2200.0,2201.0
2024-05-09,2201.0,2250.0,2183.0,2233.0
2024-05-10,2224.0,2240.0,2202.0,2209.0
2024-05-13,2231.0,2374.0,2224.0,2332.0
2024-05-14,1902.0,2097.0,1902.0,2050.0
2024-05-15,2042.0,2076.0,2000.0,2070.0
2024-05-16,2070.0,2070.0,1910.0,1914.0
2024-05-17,1910.0,2000.0,1910.0,1944.0
2024-05-20,1974.0,2002.0,1943.0,1944.0
2024-05-21,1974.0,1974.0,1903.0,1918.0
2024-05-22,1918.0,1924.0,1870.0,1880.0
2024-05-23,1880.0,1900.0,1842.0,1870.0
2024-05-24,1857.0,1978.0,1847.0,1958.0
2024-05-27,1975.0,1988.0,1922.0,1938.0
2024-05-28,1937.0,1969.0,1926.0,1931.0
2024-05-29,1935.0,1938.0,1893.0,1909.0
2024-05-30,1888.0,1917.0,1875.0,1886.0
2024-05-31,1893.0,1937.0,1893.0,1930.0
2024-06-03,1932.0,1946.0,1918.0,1939.0
2024-06-04,1936.0,1940.0,1920.0,1930.0
2024-06-05,1930.0,1943.0,1903.0,1903.0
2024-06-06,1918.0,1940.0,1901.0,1913.0
2024-06-07,1913.0,1913.0,1881.0,1894.0
2024-06-10,1894.0,1938.0,1894.0,1922.0
2024-06-11,1930.0,1955.0,1930.0,1930.0
2024-06-12,1948.0,1958.0,1930.0,1948.0
2024-06-13,1966.0,1967.0,1929.0,1937.0
2024-06-14,1931.0,1981.0,1931.0,1977.0
2024-06-17,1963.0,1966.0,1911.0,1930.0
2024-06-18,1930.0,1954.0,1927.0,1932.0
2024-06-19,1929.0,1992.0,1929.0,1933.0
2024-06-20,1971.0,1971.0,1917.0,1935.0
2024-06-21,1927.0,1940.0,1915.0,1928.0
2024-06-24,1933.0,1937.0,1903.0,1923.0
2024-06-25,1929.0,1980.0,1925.0,1979.0
2024-06-26,1979.0,2009.0,1975.0,2001.0
2024-06-27,2003.0,2020.0,1981.0,2011.0
2024-06-28,2021.0,2023.0,1986.0,1997.0
2024-07-01,1997.0,1997.0,1970.0,1977.0
2024-07-02,1995.0,2000.0,1969.0,1983.0
2024-07-03,1995.0,1995.0,1932.0,1969.0
2024-07-04,1970.0,1970.0,1945.0,1962.0
2024-07-05,1962.0,1962.0,1933.0,1942.0
2024-07-08,1943.0,1943.0,1906.0,1909.0
2024-07-09,1908.0,1908.0,1863.0,1876.0
2024-07-10,1876.0,1876.0,1823.0,1841.0
2024-07-11,1851.0,1851.0,1821.0,1844.0
2024-07-12,1823.0,1887.0,1823.0,1842.0
2024-07-16,1850.0,1856.0,1835.0,1850.0
2024-07-17,1854.0,1885.0,1854.0,1874.0
2024-07-18,1858.0,1858.0,1833.0,1845.0
2024-07-19,1844.0,1844.0,1803.0,1816.0
2024-07-22,1816.0,1822.0,1781.0,1804.0
2024-07-23,1806.0,1823.0,1801.0,1805.0
2024-07-24,1796.0,1796.0,1758.0,1758.0
2024-07-25,1745.0,1745.0,1706.0,1722.0
2024-07-26,1723.0,1737.0,1715.0,1720.0
2024-07-29,1729.0,1750.0,1729.0,1744.0
2024-07-30,1731.0,1731.0,1682.0,1682.0
2024-07-31,1684.0,1759.0,1683.0,1759.0
2024-08-01,1750.0,1750.0,1697.0,1699.0
2024-08-02,1659.0,1659.0,1573.0,1578.0
2024-08-05,1498.0,1498.0,1230.0,1277.0
2024-08-06,1394.0,1464.0,1382.0,1384.0
2024-08-07,1381.0,1543.0,1380.0,1440.0
2024-08-08,1462.0,1493.0,1409.0,1422.0
2024-08-09,1460.0,1468.0,1397.0,1401.0
2024-08-13,1415.0,1479.0,1415.0,1456.0
2024-08-14,1471.0,1494.0,1464.0,1479.0
2024-08-15,1486.0,1529.0,1486.0,1512.0
2024-08-16,1521.0,1560.0,1512.0,1526.0
2024-08-19,1534.0,1543.0,1489.0,1489.0
2024-08-20,1518.0,1561.0,1518.0,1537.0
2024-08-21,1518.0,1529.0,1506.0,1509.0
2024-08-22,1516.0,1536.0,1516.0,1521.0
2024-08-23,1536.0,1585.0,1525.0,1580.0
2024-08-26,1582.0,1605.0,1563.0,1593.0
2024-08-27,1601.0,1636.0,1601.0,1616.0
2024-08-28,1604.0,1604.0,1574.0,1587.0
2024-08-29,1588.0,1609.0,1578.0,1587.0
2024-08-30,1587.0,1596.0,1578.0,1578.0
2024-09-02,1590.0,1593.0,1542.0,1553.0
2024-09-03,1559.0,1580.0,1542.0,1542.0
2024-09-04,1528.0,1528.0,1456.0,1464.0
2024-09-05,1464.0,1486.0,1422.0,1430.0
2024-09-06,1460.0,1475.0,1401.0,1409.0
2024-09-09,1366.0,1413.0,1365.0,1402.0
2024-09-10,1405.0,1428.0,1398.0,1408.0
2024-09-11,1399.0,1401.0,1348.0,1366.0
2024-09-12,1376.0,1412.0,1376.0,1404.0
2024-09-13,1394.0,1406.0,1384.0,1400.0
2024-09-17,1401.0,1419.0,1383.0,1419.0
2024-09-18,1422.0,1445.0,1411.0,1439.0
2024-09-19,1456.0,1473.0,1437.0,1472.0
2024-09-20,1524.0,1526.0,1485.0,1511.0
2024-09-24,1511.0,1511.0,1459.0,1459.0
2024-09-25,1453.0,1477.0,1435.0,1473.0
2024-09-26,1483.0,1486.0,1467.0,1482.0
2024-09-27,1489.0,1490.0,1465.0,1489.0
2024-09-30,1459.0,1474.0,1439.0,1439.0
2024-10-01,1468.0,1486.0,1461.0,1486.0
2024-10-02,1490.0,1500.0,1463.0,1478.0
2024-10-03,1493.0,1529.0,1493.0,1503.0
2024-10-04,1514.0,1544.0,1514.0,1530.0
2024-10-07,1550.0,1559.0,1516.0,1517.0
2024-10-08,1515.0,1515.0,1480.0,1480.0
2024-10-09,1510.0,1510.0,1453.0,1459.0
2024-10-10,1476.0,1481.0,1458.0,1475.0
2024-10-11,1462.0,1467.0,1459.0,1459.0
2024-10-15,1471.0,1472.0,1453.0,1466.0
2024-10-16,1466.0,1479.0,1432.0,1451.0
2024-10-17,1455.0,1473.0,1450.0,1473.0
2024-10-18,1490.0,1490.0,1465.0,1468.0
2024-10-21,1467.0,1477.0,1461.0,1461.0
2024-10-22,1462.0,1463.0,1432.0,1445.0
2024-10-23,1445.0,1447.0,1426.0,1437.0
2024-10-24,1429.0,1431.0,1414.0,1416.0
2024-10-25,1413.0,1416.0,1354.0,1389.0
2024-10-28,1375.0,1402.0,1375.0,1399.0
2024-10-29,1399.0,1426.0,1399.0,1426.0
2024-10-30,1423.0,1423.0,1390.0,1390.0
2024-10-31,1391.0,1416.0,1374.0,1400.0
2024-11-01,1389.0,1401.0,1386.0,1387.0
2024-11-05,1393.0,1408.0,1390.0,1403.0
2024-11-06,1416.0,1438.0,1408.0,1416.0
2024-11-07,1421.0,1447.0,1421.0,1428.0
2024-11-08,1442.0,1442.0,1422.0,1441.0
2024-11-11,1445.0,1445.0,1425.0,1425.0
2024-11-12,1436.0,1518.0,1436.0,1441.0
2024-11-13,1388.0,1390.0,1335.0,1341.0
2024-11-14,1356.0,1362.0,1315.0,1315.0
2024-11-15,1329.0,1353.0,1317.0,1352.0
2024-11-18,1348.0,1369.0,1337.0,1367.0
2024-11-19,1365.0,1373.0,1351.0,1360.0
2024-11-20,1356.0,1383.0,1345.0,1350.0
2024-11-21,1360.0,1366.0,1351.0,1365.0
2024-11-22,1369.0,1379.0,1367.0,1379.0
2024-11-25,1384.0,1408.0,1384.0,1402.0
2024-11-26,1395.0,1397.0,1369.0,1378.0
2024-11-27,1378.0,1381.0,1359.0,1372.0
2024-11-28,1372.0,1413.0,1372.0,1411.0
2024-11-29,1407.0,1425.0,1400.0,1425.0
2024-12-02,1418.0,1454.0,1418.0,1440.0
2024-12-03,1440.0,1441.0,1425.0,1433.0
2024-12-04,1422.0,1433.0,1400.0,1403.0
2024-12-05,1406.0,1417.0,1400.0,1408.0
2024-12-06,1414.0,1414.0,1382.0,1388.0
2024-12-09,1392.0,1398.0,1378.0,1392.0
2024-12-10,1404.0,1404.0,1380.0,1396.0
2024-12-11,1396.0,1398.0,1375.0,1388.0
2024-12-12,1393.0,1393.0,1377.0,1383.0
2024-12-13,1383.0,1392.0,1380.0,1390.0
2024-12-16,1392.0,1413.0,1390.0,1390.0
2024-12-17,1373.0,1400.0,1373.0,1389.0
2024-12-18,1381.0,1403.0,1381.0,1395.0
2024-12-19,1382.0,1398.0,1382.0,1393.0
2024-12-20,1395.0,1408.0,1395.0,1400.0
2024-12-23,1406.0,1406.0,1395.0,1403.0
2024-12-24,1401.0,1405.0,1396.0,1400.0
2024-12-25,1404.0,1426.0,1404.0,1421.0
2024-12-26,1425.0,1431.0,1410.0,1428.0
2024-12-27,1426.0,1464.0,1425.0,1463.0
2024-12-30,1455.0,1468.0,1449.0,1461.0
2025-01-06,1480.0,1491.0,1450.0,1450.0
2025-01-07,1468.0,1468.0,1443.0,1454.0
2025-01-08,1452.0,1457.0,1440.0,1457.0
2025-01-09,1448.0,1458.0,1426.0,1433.0
2025-01-10,1433.0,1440.0,1430.0,1430.0
2025-01-14,1431.0,1435.0,1419.0,1421.0
2025-01-15,1430.0,1438.0,1423.0,1438.0
2025-01-16,1437.0,1437.0,1416.0,1416.0
2025-01-17,1416.0,1419.0,1402.0,1419.0
2025-01-20,1420.0,1432.0,1412.0,1419.0
2025-01-21,1420.0,1438.0,1420.0,1438.0
2025-01-22,1444.0,1468.0,1444.0,1446.0
2025-01-23,1443.0,1455.0,1443.0,1445.0
2025-01-24,1453.0,1455.0,1445.0,1447.0
2025-01-27,1450.0,1465.0,1447.0,1463.0
2025-01-28,1456.0,1470.0,1455.0,1463.0
2025-01-29,1463.0,1482.0,1459.0,1473.0
2025-01-30,1463.0,1472.0,1372.0,1372.0
2025-01-31,1418.0,1450.0,1413.0,1445.0
2025-02-03,1438.0,1438.0,1417.0,1430.0
2025-02-04,1445.0,1445.0,1430.0,1430.0
2025-02-05,1433.0,1456.0,1433.0,1441.0
2025-02-06,1443.0,1485.0,1443.0,1482.0
2025-02-07,1482.0,1494.0,1480.0,1494.0
2025-02-10,1493.0,1493.0,1482.0,1490.0
2025-02-12,1493.0,1540.0,1491.0,1535.0
2025-02-13,1529.0,1542.0,1501.0,1540.0
2025-02-14,1572.0,1625.0,1550.0,1565.0
2025-02-17,1558.0,1565.0,1481.0,1543.0
2025-02-18,1530.0,1539.0,1513.0,1534.0
2025-02-19,1547.0,1594.0,1547.0,1555.0
2025-02-20,1562.0,1609.0,1562.0,1587.0
2025-02-21,1588.0,1621.0,1588.0,1588.0
2025-02-25,1592.0,1637.0,1583.0,1583.0
2025-02-26,1579.0,1579.0,1521.0,1542.0
2025-02-27,1542.0,1570.0,1531.0,1566.0
2025-02-28,1551.0,1551.0,1528.0,1528.0
2025-03-03,1534.0,1572.0,1534.0,1545.0
2025-03-04,1545.0,1548.0,1525.0,1542.0
2025-03-05,1540.0,1566.0,1533.0,1566.0
2025-03-06,1569.0,1575.0,1554.0,1554.0
2025-03-07,1554.0,1581.0,1551.0,1570.0
2025-03-10,1570.0,1570.0,1560.0,1562.0
2025-03-11,1558.0,1558.0,1538.0,1554.0
2025-03-12,1554.0,1573.0,1550.0,1573.0
2025-03-13,1578.0,1598.0,1571.0,1571.0
2025-03-14,1575.0,1575.0,1561.0,1565.0
2025-03-17,1564.0,1571.0,1564.0,1566.0
2025-03-18,1573.0,1598.0,1568.0,1594.0
2025-03-19,1594.0,1615.0,1594.0,1606.0
2025-03-21,1646.0,1646.0,1615.0,1615.0
2025-03-24,1629.0,1629.0,1606.0,1606.0
2025-03-25,1618.0,1618.0,1594.0,1601.0
2025-03-26,1606.0,1614.0,1593.0,1599.0
2025-03-27,1599.0,1616.0,1580.0,1611.0
2025-03-28,1521.0,1586.0,1521.0,1553.0
2025-03-31,1546.0,1546.0,1504.0,1504.0
2025-04-01,1525.0,1548.0,1415.0,1476.0
2025-04-02,1495.0,1501.0,1446.0,1485.0
2025-04-03,1452.0,1470.0,1431.0,1435.0
2025-04-04,1416.0,1417.0,1332.0,1352.0
2025-04-07,1280.0,1324.0,1256.0,1276.0
2025-04-08,1300.0,1413.0,1300.0,1338.0
2025-04-09,1325.0,1325.0,1291.0,1302.0
2025-04-10,1398.0,1398.0,1350.0,1377.0
2025-04-11,1366.0,1370.0,1322.0,1369.0
2025-04-14,1385.0,1490.0,1385.0,1416.0
2025-04-15,1417.0,1477.0,1402.0,1415.0
2025-04-16,1420.0,1420.0,1405.0,1418.0
2025-04-17,1404.0,1462.0,1404.0,1462.0
2025-04-18,1458.0,1460.0,1446.0,1460.0
2025-04-21,1461.0,1464.0,1438.0,1438.0
2025-04-22,1451.0,1464.0,1437.0,1437.0
2025-04-23,1455.0,1468.0,1438.0,1450.0
2025-04-24,1456.0,1484.0,1456.0,1468.0
2025-04-25,1486.0,1493.0,1454.0,1457.0
2025-04-28,1464.0,1496.0,1461.0,1471.0
2025-04-30,1485.0,1600.0,1443.0,1467.0
2025-05-01,1481.0,1481.0,1432.0,1449.0
2025-05-02,1449.0,1455.0,1432.0,1432.0
2025-05-07,1462.0,1540.0,1462.0,1506.0
2025-05-08,1500.0,1522.0,1500.0,1513.0
2025-05-09,1514.0,1560.0,1505.0,1535.0
2025-05-12,1560.0,1594.0,1560.0,1575.0
2025-05-13,1595.0,1630.0,1540.0,1581.0
2025-05-14,1501.0,1560.0,1501.0,1519.0
2025-05-15,1503.0,1553.0,1503.0,1504.0
2025-05-16,1518.0,1530.0,1496.0,1515.0
2025-05-19,1515.0,1555.0,1515.0,1549.0
2025-05-20,1564.0,1565.0,1538.0,1538.0
2025-05-21,1538.0,1538.0,1502.0,1502.0
2025-05-22,1503.0,1509.0,1500.0,1507.0
2025-05-23,1507.0,1514.0,1503.0,1505.0
2025-05-26,1502.0,1522.0,1502.0,1522.0
2025-05-27,1526.0,1538.0,1507.0,1508.0
2025-05-28,1516.0,1527.0,1516.0,1526.0
2025-05-29,1520.0,1610.0,1520.0,1601.0
2025-05-30,1602.0,1670.0,1600.0,1670.0
2025-06-02,1670.0,1772.0,1661.0,1772.0
2025-06-03,1800.0,1847.0,1770.0,1839.0
2025-06-04,1865.0,1892.0,1836.0,1890.0
2025-06-05,1890.0,1940.0,1845.0,1918.0
2025-06-06,1935.0,1940.0,1823.0,1920.0
2025-06-09,1926.0,1980.0,1920.0,1980.0
2025-06-10,1980.0,1990.0,1962.0,1986.0
2025-06-11,1997.0,2008.0,1948.0,1996.0
2025-06-12,1974.0,2051.0,1956.0,2045.0
2025-06-13,2039.0,2053.0,2000.0,2050.0
2025-06-16,2040.0,2124.0,2035.0,2124.0
2025-06-17,2124.0,2124.0,1961.0,2036.0
2025-06-18,2036.0,2069.0,2035.0,2067.0
2025-06-19,2067.0,2098.0,2050.0,2082.0
2025-06-20,2095.0,2147.0,2087.0,2142.0
2025-06-23,2132.0,2142.0,2120.0,2134.0
2025-06-24,2145.0,2233.0,2140.0,2201.0
2025-06-25,2219.0,2219.0,2023.0,2077.0
2025-06-26,2089.0,2100.0,2038.0,2055.0
2025-06-27,2077.0,2077.0,2026.0,2050.0
2025-06-30,2088.0,2088.0,2041.0,2052.0
2025-07-01,2039.0,2118.0,2037.0,2051.0
2025-07-02,2045.0,2045.0,2008.0,2024.0
2025-07-03,2002.0,2002.0,1916.0,1948.0
2025-07-04,1970.0,1985.0,1928.0,1951.0
2025-07-07,1938.0,2010.0,1938.0,1987.0
2025-07-08,1978.0,2030.0,1978.0,2005.0
2025-07-09,2005.0,2015.0,1955.0,1957.0
2025-07-10,1957.0,2013.0,1957.0,2013.0
2025-07-11,1998.0,2034.0,1989.0,2015.0
2025-07-14,2021.0,2055.0,2008.0,2025.0
2025-07-15,2023.0,2032.0,2000.0,2024.0
2025-07-16,2023.0,2033.0,2012.0,2027.0
2025-07-17,2007.0,2039.0,2000.0,2029.0
2025-07-18,2028.0,2034.0,2007.0,2030.0
2025-07-22,2017.0,2030.0,1994.0,2014.0
2025-07-23,2014.0,2052.0,2014.0,2036.0
2025-07-24,2049.0,2069.0,2028.0,2065.0
2025-07-25,2070.0,2081.0,2030.0,2065.0
2025-07-28,2070.0,2079.0,2030.0,2078.0
2025-07-29,2102.0,2148.0,2078.0,2112.0
2025-07-30,2100.0,2144.0,2100.0,2125.0
2025-07-31,2125.0,2140.0,2103.0,2103.0
2025-08-01,2083.0,2158.0,2083.0,2157.0
2025-08-04,2118.0,2143.0,2097.0,2143.0
2025-08-05,2098.0,2147.0,2098.0,2144.0
2025-08-06,2152.0,2175.0,2110.0,2175.0
2025-08-07,2179.0,2230.0,2161.0,2230.0
2025-08-08,2100.0,2200.0,2080.0,2150.0
2025-08-12,2148.0,2213.0,2148.0,2210.0
2025-08-13,2198.0,2213.0,2181.0,2200.0
2025-08-14,2169.0,2228.0,2169.0,2225.0
2025-08-15,2222.0,2255.0,2169.0,2220.0
2025-08-18,2230.0,2230.0,2173.0,2208.0
2025-08-19,2350.0,2465.0,2350.0,2417.0
2025-08-20,2395.0,2415.0,2350.0,2377.0
2025-08-21,2330.0,2389.0,2330.0,2382.0
2025-08-22,2396.0,2396.0,2368.0,2369.0
2025-08-25,2350.0,2360.0,2314.0,2318.0
2025-08-26,2298.0,2345.0,2190.0,2247.0
2025-08-27,2263.0,2263.0,2225.0,2252.0
2025-08-28,2230.0,2270.0,2230.0,2253.0
2025-08-29,2253.0,2333.0,2253.0,2327.0
2025-09-01,2311.0,2326.0,2278.0,2307.0
2025-09-02,2299.0,2322.0,2299.0,2304.0
2025-09-03,2302.0,2315.0,2252.0,2265.0
2025-09-04,2256.0,2306.0,2202.0,2300.0
2025-09-05,2316.0,2371.0,2301.0,2328.0
2025-09-08,2349.0,2349.0,2276.0,2305.0
2025-09-09,2305.0,2305.0,2263.0,2283.0
2025-09-10,2294.0,2329.0,2260.0,2311.0
2025-09-11,2305.0,2332.0,2300.0,2300.0
2025-09-12,2310.0,2318.0,2286.0,2311.0
2025-09-16,2303.0,2313.0,2276.0,2305.0
2025-09-17,2305.0,2325.0,2281.0,2313.0
2025-09-18,2329.0,2440.0,2313.0,2397.0
2025-09-19,2406.0,2457.0,2387.0,2398.0
2025-09-22,2398.0,2430.0,2391.0,2408.0
2025-09-24,2436.0,2436.0,2393.0,2410.0
2025-09-25,2417.0,2431.0,2395.0,2420.0
2025-09-26,2420.0,2468.0,2410.0,2468.0
2025-09-29,2495.0,2495.0,2422.0,2461.0
2025-09-30,2420.0,2456.0,2396.0,2450.0
2025-10-01,2424.0,2435.0,2362.0,2371.0
2025-10-02,2371.0,2430.0,2371.0,2420.0
2025-10-03,2420.0,2438.0,2409.0,2435.0
2025-10-06,2478.0,2529.0,2477.0,2486.0
2025-10-07,2486.0,2486.0,2401.0,2416.0
2025-10-08,2455.0,2455.0,2417.0,2439.0
2025-10-09,2461.0,2461.0,2424.0,2443.0
2025-10-10,2425.0,2426.0,2320.0,2355.0
2025-10-14,2329.0,2399.0,2285.0,2305.0
2025-10-15,2293.0,2351.0,2293.0,2345.0
2025-10-16,2328.0,2376.0,2328.0,2357.0
2025-10-17,2350.0,2391.0,2340.0,2390.0
2025-10-20,2406.0,2469.0,2406.0,2469.0
2025-10-21,2469.0,2488.0,2460.0,2467.0
2025-10-22,2477.0,2479.0,2475.0,2475.0
2025-10-23,2489.0,2489.0,2474.0,2487.0
2025-10-24,2474.0,2500.0,2474.0,2491.0
2025-10-27,2497.0,2519.0,2479.0,2495.0
2025-10-28,2495.0,2495.0,2402.0,2443.0
2025-10-29,2455.0,2455.0,2390.0,2440.0
2025-10-30,2434.0,2550.0,2423.0,2519.0
2025-10-31,2519.0,2529.0,2456.0,2474.0
2025-11-04,2474.0,2489.0,2460.0,2489.0
2025-11-05,2477.0,2477.0,2411.0,2430.0
2025-11-06,2431.0,2461.0,2430.0,2445.0
2025-11-07,2459.0,2459.0,2402.0,2423.0
2025-11-10,2439.0,2472.0,2425.0,2472.0
2025-11-11,2470.0,2470.0,2427.0,2431.0
2025-11-12,2433.0,2511.0,2433.0,2495.0
2025-11-13,2509.0,2566.0,2495.0,2566.0
2025-11-14,2366.0,2458.0,2366.0,2458.0
2025-11-17,2450.0,2550.0,2430.0,2479.0
2025-11-18,2471.0,2487.0,2410.0,2415.0
2025-11-19,2403.0,2434.0,2401.0,2404.0
2025-11-20,2412.0,2453.0,2412.0,2443.0
2025-11-21,2411.0,2550.0,2405.0,2490.0
2025-11-25,2506.0,2506.0,2489.0,2498.0
2025-11-26,2455.0,2506.0,2452.0,2452.0
2025-11-27,2450.0,2464.0,2449.0,2464.0
2025-11-28,2496.0,2496.0,2450.0,2483.0
2025-12-01,2479.0,2479.0,2410.0,2415.0
2025-12-02,2442.0,2446.0,2400.0,2402.0
2025-12-03,2389.0,2430.0,2389.0,2424.0
2025-12-04,2426.0,2429.0,2400.0,2425.0
2025-12-05,2429.0,2429.0,2413.0,2423.0
2025-12-08,2440.0,2440.0,2411.0,2426.0
2025-12-09,2413.0,2426.0,2413.0,2418.0
2025-12-10,2438.0,2438.0,2410.0,2415.0
2025-12-11,2419.0,2525.0,2401.0,2440.0
2025-12-12,2438.0,2446.0,2430.0,2446.0
2025-12-15,2447.0,2459.0,2432.0,2441.0
2025-12-16,2441.0,2441.0,2399.0,2425.0
2025-12-17,2425.0,2438.0,2425.0,2438.0
2025-12-18,2437.0,2437.0,2420.0,2435.0
2025-12-19,2435.0,2436.0,2420.0,2420.0
2025-12-22,2400.0,2420.0,2390.0,2412.0
2025-12-23,2399.0,2495.0,2396.0,2470.0
2025-12-24,2447.0,2451.0,2436.0,2451.0
2025-12-25,2455.0,2525.0,2455.0,2524.0
2025-12-26,2517.0,2517.0,2469.0,2505.0
2025-12-29,2511.0,2511.0,2468.0,2501.0
2025-12-30,2501.0,2501.0,2398.0,2463.0
2026-01-05,2463.0,2475.0,2441.0,2475.0
2026-01-06,2496.0,2527.0,2401.0,2486.0
2026-01-07,2472.0,2519.0,2472.0,2497.0
2026-01-08,2483.0,2513.0,2480.0,2513.0
2026-01-09,2515.0,2515.0,2508.0,2508.0
2026-01-13,2520.0,2547.0,2510.0,2543.0
2026-01-14,2539.0,2539.0,2520.0,2539.0
2026-01-15,2517.0,2545.0,2517.0,2530.0
2026-01-16,2527.0,2542.0,2521.0,2540.0
2026-01-19,2540.0,2540.0,2511.0,2523.0
2026-01-20,2540.0,2544.0,2531.0,2532.0
2026-01-21,2523.0,2523.0,2494.0,2520.0
2026-01-22,2535.0,2540.0,2435.0,2513.0
2026-01-23,2519.0,2536.0,2509.0,2535.0
2026-01-26,2534.0,2534.0,2497.0,2507.0
2026-01-27,2512.0,2512.0,2476.0,2502.0
2026-01-28,2518.0,2520.0,2482.0,2503.0
2026-01-29,2516.0,2516.0,2420.0,2426.0
2026-01-30,2450.0,2457.0,2427.0,2457.0
2026-02-02,2455.0,2455.0,2426.0,2445.0
2026-02-03,2460.0,2478.0,2440.0,2458.0
2026-02-04,2429.0,2479.0,2429.0,2474.0
2026-02-05,2464.0,2499.0,2415.0,2431.0
2026-02-06,2416.0,2439.0,2361.0,2425.0
2026-02-09,2463.0,2463.0,2433.0,2455.0
2026-02-10,2453.0,2520.0,2413.0,2463.0
2026-02-12,2446.0,2527.0,2446.0,2497.0
2026-02-13,2510.0,2510.0,2468.0,2500.0
2026-02-16,2450.0,2480.0,2410.0,2430.0
2026-02-17,2421.0,2428.0,2372.0,2417.0
2026-02-18,2420.0,2435.0,2386.0,2412.0
2026-02-19,2402.0,2479.0,2402.0,2447.0
2026-02-20,2452.0,2454.0,2411.0,2411.0
2026-02-24,2425.0,2450.0,2372.0,2424.0
2026-02-25,2424.0,2449.0,2420.0,2449.0
2026-02-26,2448.0,2477.0,2362.0,2427.0
2026-02-27,2443.0,2476.0,2410.0,2430.0
2026-03-02,2429.0,2463.0,2400.0,2462.0
2026-03-03,2430.0,2470.0,2430.0,2434.0
2026-03-04,2413.0,2413.0,2315.0,2315.0
2026-03-05,2365.0,2444.0,2365.0,2386.0
2026-03-06,2386.0,2388.0,2307.0,2369.0
2026-03-09,2301.0,2303.0,2212.0,2251.0
2026-03-10,2301.0,2369.0,2301.0,2346.0
2026-03-11,2296.0,2366.0,2296.0,2339.0
2026-03-12,2389.0,2389.0,2310.0,2329.0
2026-03-13,2300.0,2307.0,2266.0,2282.0
2026-03-16,2287.0,2400.0,2214.0,2229.0
2026-03-17,2246.0,2255.0,2220.0,2220.0
2026-03-18,2251.0,2348.0,2233.0,2348.0
2026-03-19,2301.0,2325.0,2268.0,2275.0
2026-03-23,2275.0,2275.0,2150.0,2199.0
2026-03-24,2249.0,2260.0,2233.0,2243.0
2026-03-25,2255.0,2294.0,2255.0,2293.0
2026-03-26,2293.0,2293.0,2269.0,2288.0
2026-03-27,2275.0,2275.0,2179.0,2202.0
2026-03-30,2136.0,2148.0,2077.0,2090.0
2026-03-31,2085.0,2130.0,2075.0,2096.0
2026-04-01,2146.0,2170.0,2123.0,2147.0
2026-04-02,2110.0,2217.0,2110.0,2184.0
2026-04-03,2190.0,2200.0,2155.0,2170.0
2026-04-06,2198.0,2269.0,2198.0,2236.0
2026-04-07,2221.0,2247.0,2194.0,2210.0
2026-04-08,2247.0,2285.0,2229.0,2277.0
2026-04-09,2277.0,2309.0,2267.0,2289.0
2026-04-10,2278.0,2309.0,2278.0,2308.0
2026-04-13,2308.0,2320.0,2282.0,2320.0
2026-04-14,2300.0,2329.0,2272.0,2329.0
2026-04-15,2331.0,2346.0,2278.0,2278.0
2026-04-16,2280.0,2330.0,2280.0,2301.0
2026-04-17,2287.0,2344.0,2287.0,2320.0
2026-04-20,2336.0,2369.0,2320.0,2369.0
2026-04-21,2365.0,2365.0,2340.0,2340.0
2026-04-22,2340.0,2340.0,2260.0,2273.0
2026-04-23,2258.0,2258.0,2240.0,2240.0
2026-04-24,2241.0,2290.0,2208.0,2213.0
2026-04-27,2213.0,2310.0,2212.0,2219.0
2026-04-28,2222.0,2320.0,2222.0,2256.0
2026-04-30,2230.0,2280.0,2230.0,2241.0
2026-05-01,2240.0,2302.0,2240.0,2289.0
2026-05-07,2339.0,2350.0,2252.0,2350.0
2026-05-08,2310.0,2440.0,2310.0,2440.0
2026-05-11,2393.0,2440.0,2390.0,2430.0
2026-05-12,2429.0,2429.0,2391.0,2393.0
2026-05-13,2393.0,2424.0,2393.0,2410.0
2026-05-14,2360.0,2429.0,2337.0,2428.0
2026-05-15,2406.0,2406.0,2406.0,2406.0
2026-05-18,2390.0,2406.0,2346.0,2406.0
2026-05-19,2418.0,2418.0,2384.0,2384.0
2026-05-20,2357.0,2380.0,2355.0,2379.0
2026-05-21,2375.0,2375.0,2320.0,2333.0
2026-05-22,2306.0,2359.0,2306.0,2359.0
2026-05-25,2378.0,2378.0,2330.0,2330.0
2026-05-26,2321.0,2336.0,2270.0,2270.0
2026-05-27,2260.0,2288.0,2230.0,2250.0
2026-05-28,2241.0,2315.0,2210.0,2315.0
2026-05-29,2350.0,2365.0,2271.0,2360.0
2026-06-01,2355.0,2380.0,2339.0,2339.0
2026-06-02,2311.0,2339.0,2310.0,2339.0
2026-06-03,2317.0,2317.0,2296.0,2298.0
2026-06-04,2281.0,2322.0,2275.0,2275.0
2026-06-05,2275.0,2289.0,2274.0,2289.0
2026-06-08,2314.0,2314.0,2246.0,2246.0
2026-06-09,2240.0,2314.0,2240.0,2281.0
2026-06-10,2262.0,2265.0,2227.0,2227.0
2026-06-11,2277.0,2300.0,2266.0,2280.0
2026-06-12,2298.0,2298.0,2285.0,2298.0
2026-06-15,2290.0,2310.0,2290.0,2310.0
2026-06-16,2291.0,2338.0,2291.0,2326.0
2026-06-17,2307.0,2327.0,2302.0,2304.0
2026-06-18,2500.0,2510.0,2402.0,2440.0
2026-06-19,2441.0,2498.0,2441.0,2468.0
2026-06-22,2468.0,2475.0,2433.0,2459.0
2026-06-23,2459.0,2459.0,2401.0,2415.0
2026-06-24,2402.0,2415.0,2380.0,2400.0
2026-06-25,2400.0,2420.0,2390.0,2401.0
2026-06-26,2389.0,2410.0,2382.0,2385.0
2026-06-29,2385.0,2398.0,2385.0,2388.0
2026-06-30,2390.0,2408.0,2371.0,2404.0
2026-07-01,2402.0,2402.0,2387.0,2400.0
2026-07-02,2405.0,2407.0,2394.0,2395.0
2026-07-03,2400.0,2400.0,2382.0,2394.0
2026-07-06,2383.0,2388.0,2378.0,2388.0
2026-07-07,2376.0,2377.0,2376.0,2376.0
2026-07-08,2376.0,2389.0,2376.0,2380.0
2026-07-09,2380.0,2380.0,2341.0,2365.0
2026-07-10,2353.0,2362.0,2344.0,2346.0
2026-07-13,2346.0,2346.0,2327.0,2327.0
2026-07-14,2309.0,2327.0,2309.0,2327.0
2026-07-15,2336.0,2336.0,2290.0,2310.0
2026-07-16,2327.0,2374.0,2327.0,2365.0
2026-07-17,2382.0,2384.0,2340.0,2350.0
2026-07-21,2360.0,2380.0,2360.0,2380.0
2026-07-22,2370.0,2380.0,2350.0,2380.0
2026-07-23,2380.0,2380.0,2340.0,2359.0
2026-07-24,2340.0,2358.0,2336.0,2358.0
2026-07-27,2377.0,2377.0,2352.0,2353.0
2026-07-28,2350.0,2370.0,2349.0,2370.0
2026-07-29,2353.0,2385.0,2337.0,2338.0
2026-07-30,2358.0,2375.0,2349.0,2375.0
2026-07-31,2340.0,2355.0,2338.0,2343.0
2026-08-03,2321.0,2325.0,2321.0,2325.0
2026-08-04,2326.0,2328.0,2302.0,2302.0
2026-08-05,2352.0,2352.0,2304.0,2325.0
2026-08-06,2345.0,2370.0,2335.0,2358.0
2026-08-07,2370.0,2370.0,2305.0,2335.0
2026-08-10,2344.0,2344.0,2308.0,2340.0
2026-08-12,2326.0,2330.0,2313.0,2330.0
2026-08-13,2330.0,2335.0,2316.0,2318.0
2026-08-14,2319.0,2338.0,2319.0,2338.0
2026-08-17,2341.0,2368.0,2341.0,2362.0
2026-08-18,2374.0,2400.0,2352.0,2382.0
2026-08-19,2371.0,2398.0,2360.0,2375.0
2026-08-20,2366.0,2366.0,2361.0,2361.0
2026-08-21,2375.0,2375.0,2368.0,2373.0
2026-08-24,2423.0,2454.0,2398.0,2447.0
2026-08-25,2448.0,2449.0,2437.0,2437.0
2026-08-26,2436.0,2451.0,2436.0,2451.0
2026-08-27,2451.0,2460.0,2440.0,2460.0
2026-08-28,2460.0,2460.0,2450.0,2450.0
2026-08-31,2473.0,2475.0,2452.0,2452.0
2026-09-01,2465.0,2465.0,2435.0,2435.0
2026-09-02,2431.0,2468.0,2403.0,2417.0
2026-09-03,2445.0,2445.0,2420.0,2431.0
2026-09-04,2433.0,2463.0,2433.0,2436.0
2026-09-07,2443.0,2464.0,2443.0,2446.0
2026-09-08,2458.0,2458.0,2402.0,2402.0
2026-09-09,2401.0,2401.0,2342.0,2345.0
