Date,Open,High,Low,Close
2000-01-04,1180.0,1300.0,1180.0,1180.0
2000-01-05,1240.0,1240.0,1240.0,1240.0
2000-01-06,1230.0,1240.0,1210.0,1210.0
2000-01-07,1240.0,1240.0,1150.0,1220.0
2000-01-10,1220.0,1220.0,1220.0,1220.0
2000-01-11,1220.0,1220.0,1220.0,1220.0
2000-01-12,1200.0,1200.0,1180.0,1180.0
2000-01-13,1150.0,1250.0,1150.0,1250.0
2000-01-14,1250.0,1250.0,1250.0,1250.0
2000-01-17,1290.0,1300.0,1290.0,1300.0
2000-01-18,1300.0,1300.0,1250.0,1250.0
2000-01-19,1250.0,1250.0,1160.0,1160.0
2000-01-20,1160.0,1190.0,1160.0,1190.0
2000-01-21,1200.0,1210.0,1200.0,1200.0
2000-01-24,1190.0,1200.0,1150.0,1150.0
2000-01-25,1210.0,1210.0,1180.0,1180.0
2000-01-26,1200.0,1280.0,1200.0,1270.0
2000-01-27,1280.0,1300.0,1210.0,1250.0
2000-01-28,1280.0,1280.0,1280.0,1280.0
2000-01-31,1250.0,1250.0,1200.0,1200.0
2000-02-01,1210.0,1290.0,1210.0,1230.0
2000-02-02,1260.0,1300.0,1250.0,1250.0
2000-02-03,1250.0,1400.0,1250.0,1400.0
2000-02-04,1390.0,1390.0,1270.0,1270.0
2000-02-07,1250.0,1280.0,1250.0,1250.0
2000-02-08,1250.0,1260.0,1210.0,1250.0
2000-02-09,1240.0,1250.0,1210.0,1250.0
2000-02-10,1250.0,1280.0,1220.0,1250.0
2000-02-11,1250.0,1250.0,1250.0,1250.0
2000-02-14,1250.0,1250.0,1150.0,1150.0
2000-02-15,1190.0,1230.0,1170.0,1230.0
2000-02-16,1250.0,1260.0,1250.0,1260.0
2000-02-17,1270.0,1290.0,1270.0,1290.0
2000-02-18,1250.0,1250.0,1200.0,1200.0
2000-02-21,1190.0,1260.0,1190.0,1260.0
2000-02-22,1210.0,1210.0,1200.0,1200.0
2000-02-23,1200.0,1200.0,1160.0,1190.0
2000-02-24,1150.0,1240.0,1150.0,1210.0
2000-02-25,1240.0,1240.0,1150.0,1150.0
2000-02-28,1160.0,1170.0,1120.0,1120.0
2000-02-29,1150.0,1250.0,1150.0,1230.0
2000-03-01,1250.0,1250.0,1170.0,1170.0
2000-03-02,1230.0,1240.0,1180.0,1240.0
2000-03-03,1240.0,1240.0,1230.0,1230.0
2000-03-06,1230.0,1230.0,1190.0,1190.0
2000-03-07,1190.0,1190.0,1160.0,1160.0
2000-03-08,1160.0,1170.0,1160.0,1170.0
2000-03-09,1170.0,1170.0,1170.0,1170.0
2000-03-10,1170.0,1170.0,1170.0,1170.0
2000-03-13,1170.0,1230.0,1100.0,1100.0
2000-03-14,1110.0,1140.0,1110.0,1140.0
2000-03-15,1140.0,1140.0,1060.0,1060.0
2000-03-16,1080.0,1200.0,1080.0,1200.0
2000-03-17,1200.0,1200.0,1200.0,1200.0
2000-03-20,1200.0,1200.0,1200.0,1200.0
2000-03-21,1200.0,1200.0,1150.0,1150.0
2000-03-22,1170.0,1170.0,1170.0,1170.0
2000-03-23,1170.0,1170.0,1160.0,1160.0
2000-03-24,1160.0,1160.0,1160.0,1160.0
2000-03-27,1160.0,1160.0,1150.0,1150.0
2000-03-28,1150.0,1150.0,1150.0,1150.0
2000-03-29,1180.0,1180.0,1150.0,1150.0
2000-03-30,1160.0,1160.0,1150.0,1150.0
2000-03-31,1150.0,1150.0,1150.0,1150.0
2000-04-03,1150.0,1160.0,1150.0,1160.0
2000-04-04,1170.0,1230.0,1170.0,1220.0
2000-04-05,1160.0,1160.0,1150.0,1160.0
2000-04-06,1160.0,1160.0,1160.0,1160.0
2000-04-07,1160.0,1160.0,1160.0,1160.0
2000-04-10,1170.0,1170.0,1160.0,1170.0
2000-04-11,1180.0,1180.0,1180.0,1180.0
2000-04-12,1190.0,1200.0,1190.0,1200.0
2000-04-13,1200.0,1200.0,1100.0,1100.0
2000-04-14,1150.0,1150.0,1100.0,1100.0
2000-04-17,1060.0,1060.0,960.0,1000.0
2000-04-18,1100.0,1100.0,1000.0,1020.0
2000-04-19,1020.0,1020.0,1020.0,1020.0
2000-04-20,1050.0,1060.0,1050.0,1060.0
2000-04-21,1050.0,1060.0,1010.0,1010.0
2000-04-24,1090.0,1090.0,1090.0,1090.0
2000-04-25,1100.0,1120.0,1050.0,1120.0
2000-04-26,1120.0,1120.0,1120.0,1120.0
2000-04-27,1110.0,1160.0,1070.0,1160.0
2000-04-28,1180.0,1200.0,1180.0,1200.0
2000-05-01,1180.0,1180.0,1150.0,1170.0
2000-05-02,1180.0,1180.0,1110.0,1160.0
2000-05-03,1160.0,1160.0,1160.0,1160.0
2000-05-04,1160.0,1160.0,1160.0,1160.0
2000-05-05,1160.0,1160.0,1160.0,1160.0
2000-05-08,1180.0,1180.0,1180.0,1180.0
2000-05-09,1180.0,1180.0,1180.0,1180.0
2000-05-10,1180.0,1180.0,1180.0,1180.0
2000-05-11,1180.0,1190.0,1180.0,1180.0
2000-05-12,1120.0,1150.0,1070.0,1150.0
2000-05-15,1170.0,1180.0,1130.0,1150.0
2000-05-16,1160.0,1160.0,1160.0,1160.0
2000-05-17,1160.0,1160.0,1160.0,1160.0
2000-05-18,1140.0,1150.0,1130.0,1130.0
2000-05-19,1120.0,1120.0,1120.0,1120.0
2000-05-22,1120.0,1120.0,1100.0,1100.0
2000-05-23,1100.0,1100.0,1100.0,1100.0
2000-05-24,1100.0,1100.0,1080.0,1080.0
2000-05-25,1100.0,1100.0,1100.0,1100.0
2000-05-26,1080.0,1080.0,1080.0,1080.0
2000-05-29,1080.0,1080.0,1080.0,1080.0
2000-05-30,1080.0,1080.0,1080.0,1080.0
2000-05-31,1100.0,1100.0,1100.0,1100.0
2000-06-01,1100.0,1100.0,1060.0,1090.0
2000-06-02,1090.0,1090.0,1090.0,1090.0
2000-06-05,1080.0,1090.0,1080.0,1090.0
2000-06-06,1070.0,1070.0,1000.0,1000.0
2000-06-07,1060.0,1060.0,1060.0,1060.0
2000-06-08,1080.0,1080.0,1050.0,1080.0
2000-06-09,1030.0,1080.0,1030.0,1080.0
2000-06-12,1060.0,1080.0,1030.0,1080.0
2000-06-13,1080.0,1080.0,1080.0,1080.0
2000-06-14,1030.0,1030.0,1020.0,1030.0
2000-06-15,1040.0,1040.0,1020.0,1020.0
2000-06-16,1020.0,1050.0,1020.0,1050.0
2000-06-19,1020.0,1020.0,1000.0,1020.0
2000-06-20,1020.0,1020.0,1010.0,1020.0
2000-06-21,1030.0,1030.0,1030.0,1030.0
2000-06-22,1040.0,1040.0,1010.0,1020.0
2000-06-23,1040.0,1040.0,1040.0,1040.0
2000-06-26,1030.0,1030.0,1020.0,1030.0
2000-06-27,1030.0,1030.0,1030.0,1030.0
2000-06-28,1030.0,1030.0,1020.0,1020.0
2000-06-29,1020.0,1020.0,1020.0,1020.0
2000-06-30,1030.0,1030.0,1020.0,1020.0
2000-07-03,1020.0,1080.0,1020.0,1080.0
2000-07-04,1050.0,1050.0,1040.0,1050.0
2000-07-05,1050.0,1050.0,1040.0,1040.0
2000-07-06,1040.0,1040.0,1040.0,1040.0
2000-07-07,1040.0,1060.0,1040.0,1040.0
2000-07-10,1040.0,1070.0,1040.0,1070.0
2000-07-11,1070.0,1070.0,1070.0,1070.0
2000-07-12,1070.0,1070.0,1050.0,1050.0
2000-07-13,1050.0,1050.0,1030.0,1050.0
2000-07-14,1020.0,1030.0,1020.0,1030.0
2000-07-17,930.0,930.0,897.0,900.0
2000-07-18,900.0,940.0,900.0,910.0
2000-07-19,900.0,940.0,900.0,910.0
2000-07-20,910.0,910.0,910.0,910.0
2000-07-21,910.0,910.0,900.0,901.0
2000-07-24,910.0,910.0,905.0,907.0
2000-07-25,909.0,910.0,905.0,905.0
2000-07-26,910.0,910.0,910.0,910.0
2000-07-27,905.0,905.0,895.0,895.0
2000-07-28,895.0,895.0,890.0,895.0
2000-07-31,885.0,885.0,880.0,880.0
2000-08-01,880.0,880.0,880.0,880.0
2000-08-02,880.0,920.0,880.0,880.0
2000-08-03,880.0,880.0,870.0,870.0
2000-08-04,850.0,850.0,842.0,850.0
2000-08-07,849.0,849.0,845.0,845.0
2000-08-08,846.0,846.0,830.0,840.0
2000-08-09,840.0,840.0,829.0,830.0
2000-08-10,825.0,825.0,815.0,820.0
2000-08-11,820.0,820.0,810.0,810.0
2000-08-14,820.0,835.0,805.0,805.0
2000-08-15,805.0,810.0,799.0,800.0
2000-08-16,800.0,810.0,799.0,800.0
2000-08-17,800.0,802.0,800.0,800.0
2000-08-18,800.0,800.0,799.0,799.0
2000-08-21,800.0,800.0,799.0,800.0
2000-08-22,800.0,800.0,790.0,790.0
2000-08-23,780.0,780.0,765.0,775.0
2000-08-24,770.0,771.0,751.0,770.0
2000-08-25,765.0,765.0,763.0,765.0
2000-08-28,765.0,770.0,750.0,750.0
2000-08-29,751.0,759.0,750.0,759.0
2000-08-30,769.0,800.0,765.0,800.0
2000-08-31,800.0,800.0,780.0,800.0
2000-09-01,800.0,800.0,780.0,785.0
2000-09-04,785.0,799.0,785.0,799.0
2000-09-05,800.0,800.0,800.0,800.0
2000-09-06,800.0,800.0,800.0,800.0
2000-09-07,800.0,800.0,792.0,792.0
2000-09-08,790.0,790.0,785.0,790.0
2000-09-11,780.0,781.0,780.0,781.0
2000-09-12,790.0,790.0,790.0,790.0
2000-09-13,790.0,790.0,790.0,790.0
2000-09-14,780.0,780.0,780.0,780.0
2000-09-15,780.0,780.0,780.0,780.0
2000-09-18,770.0,770.0,770.0,770.0
2000-09-19,765.0,770.0,760.0,760.0
2000-09-20,760.0,760.0,760.0,760.0
2000-09-21,770.0,772.0,770.0,772.0
2000-09-22,775.0,775.0,775.0,775.0
2000-09-25,780.0,800.0,780.0,800.0
2000-09-26,781.0,782.0,781.0,782.0
2000-09-27,782.0,782.0,782.0,782.0
2000-09-28,780.0,780.0,780.0,780.0
2000-09-29,800.0,800.0,782.0,782.0
2000-10-02,800.0,800.0,800.0,800.0
2000-10-03,800.0,800.0,782.0,800.0
2000-10-04,800.0,840.0,800.0,800.0
2000-10-05,800.0,800.0,795.0,795.0
2000-10-06,781.0,781.0,780.0,780.0
2000-10-09,780.0,780.0,780.0,780.0
2000-10-10,770.0,770.0,755.0,760.0
2000-10-11,760.0,760.0,760.0,760.0
2000-10-12,784.0,785.0,784.0,785.0
2000-10-13,784.0,784.0,775.0,780.0
2000-10-16,780.0,780.0,780.0,780.0
2000-10-17,780.0,780.0,780.0,780.0
2000-10-18,780.0,780.0,770.0,770.0
2000-10-19,770.0,770.0,765.0,765.0
2000-10-20,765.0,765.0,761.0,761.0
2000-10-23,755.0,755.0,755.0,755.0
2000-10-24,755.0,760.0,755.0,760.0
2000-10-25,762.0,765.0,760.0,760.0
2000-10-26,760.0,762.0,760.0,762.0
2000-10-27,762.0,762.0,762.0,762.0
2000-10-30,760.0,760.0,759.0,759.0
2000-10-31,760.0,760.0,760.0,760.0
2000-11-01,760.0,760.0,760.0,760.0
2000-11-02,760.0,760.0,760.0,760.0
2000-11-03,760.0,760.0,760.0,760.0
2000-11-06,760.0,760.0,760.0,760.0
2000-11-07,760.0,760.0,760.0,760.0
2000-11-08,790.0,790.0,760.0,790.0
2000-11-09,780.0,810.0,780.0,810.0
2000-11-10,808.0,808.0,800.0,800.0
2000-11-13,780.0,785.0,780.0,780.0
2000-11-14,780.0,780.0,780.0,780.0
2000-11-15,760.0,770.0,760.0,770.0
2000-11-16,770.0,770.0,770.0,770.0
2000-11-17,770.0,770.0,770.0,770.0
2000-11-20,780.0,780.0,770.0,780.0
2000-11-21,780.0,780.0,780.0,780.0
2000-11-22,780.0,780.0,780.0,780.0
2000-11-23,780.0,780.0,780.0,780.0
2000-11-24,780.0,790.0,780.0,781.0
2000-11-27,760.0,760.0,755.0,755.0
2000-11-28,755.0,755.0,755.0,755.0
2000-11-29,765.0,770.0,751.0,770.0
2000-11-30,770.0,800.0,770.0,800.0
2000-12-01,794.0,794.0,794.0,794.0
2000-12-04,789.0,789.0,759.0,759.0
2000-12-05,755.0,755.0,731.0,731.0
2000-12-06,732.0,732.0,732.0,732.0
2000-12-07,732.0,732.0,732.0,732.0
2000-12-08,732.0,732.0,730.0,732.0
2000-12-11,732.0,732.0,732.0,732.0
2000-12-12,750.0,750.0,741.0,741.0
2000-12-13,741.0,741.0,741.0,741.0
2000-12-14,750.0,760.0,741.0,741.0
2000-12-15,745.0,745.0,745.0,745.0
2000-12-18,745.0,745.0,745.0,745.0
2000-12-19,745.0,745.0,745.0,745.0
2000-12-20,740.0,740.0,735.0,735.0
2000-12-21,730.0,730.0,730.0,730.0
2000-12-22,720.0,720.0,700.0,700.0
2000-12-25,702.0,702.0,701.0,701.0
2000-12-26,700.0,701.0,700.0,700.0
2000-12-27,701.0,701.0,701.0,701.0
2000-12-28,700.0,700.0,700.0,700.0
2000-12-29,700.0,700.0,700.0,700.0
2001-01-01,700.0,700.0,700.0,700.0
2001-01-02,700.0,700.0,700.0,700.0
2001-01-03,700.0,700.0,700.0,700.0
2001-01-04,700.0,700.0,700.0,700.0
2001-01-05,702.0,702.0,702.0,702.0
2001-01-08,702.0,702.0,702.0,702.0
2001-01-09,702.0,702.0,702.0,702.0
2001-01-10,702.0,702.0,702.0,702.0
2001-01-11,700.0,700.0,680.0,680.0
2001-01-12,680.0,680.0,680.0,680.0
2001-01-15,680.0,680.0,680.0,680.0
2001-01-16,680.0,680.0,680.0,680.0
2001-01-17,700.0,700.0,680.0,680.0
2001-01-18,710.0,720.0,710.0,720.0
2001-01-19,720.0,720.0,720.0,720.0
2001-01-22,680.0,680.0,654.0,680.0
2001-01-23,679.0,680.0,679.0,680.0
2001-01-24,680.0,690.0,679.0,690.0
2001-01-25,689.0,690.0,689.0,689.0
2001-01-26,689.0,689.0,689.0,689.0
2001-01-29,680.0,680.0,680.0,680.0
2001-01-30,680.0,680.0,680.0,680.0
2001-01-31,680.0,680.0,680.0,680.0
2001-02-01,680.0,700.0,670.0,670.0
2001-02-02,680.0,680.0,680.0,680.0
2001-02-05,680.0,680.0,680.0,680.0
2001-02-06,670.0,670.0,670.0,670.0
2001-02-07,670.0,700.0,670.0,700.0
2001-02-08,700.0,700.0,700.0,700.0
2001-02-09,700.0,700.0,700.0,700.0
2001-02-12,700.0,700.0,700.0,700.0
2001-02-13,700.0,700.0,700.0,700.0
2001-02-14,681.0,681.0,681.0,681.0
2001-02-15,681.0,681.0,680.0,680.0
2001-02-16,680.0,680.0,678.0,678.0
2001-02-19,670.0,670.0,660.0,665.0
2001-02-20,675.0,680.0,675.0,680.0
2001-02-21,700.0,705.0,700.0,705.0
2001-02-22,700.0,700.0,700.0,700.0
2001-02-23,660.0,690.0,660.0,690.0
2001-02-26,689.0,689.0,680.0,680.0
2001-02-27,678.0,680.0,678.0,678.0
2001-02-28,679.0,679.0,666.0,679.0
2001-03-01,680.0,680.0,679.0,679.0
2001-03-02,679.0,679.0,670.0,670.0
2001-03-05,669.0,669.0,668.0,669.0
2001-03-06,669.0,700.0,669.0,700.0
2001-03-07,700.0,748.0,700.0,748.0
2001-03-08,739.0,750.0,735.0,750.0
2001-03-09,747.0,760.0,747.0,760.0
2001-03-12,750.0,760.0,750.0,760.0
2001-03-13,759.0,759.0,759.0,759.0
2001-03-14,759.0,759.0,759.0,759.0
2001-03-15,749.0,755.0,748.0,755.0
2001-03-16,749.0,775.0,730.0,775.0
2001-03-19,775.0,775.0,775.0,775.0
2001-03-20,775.0,775.0,775.0,775.0
2001-03-21,765.0,765.0,765.0,765.0
2001-03-22,765.0,765.0,765.0,765.0
2001-03-23,763.0,763.0,741.0,741.0
2001-03-26,745.0,750.0,745.0,750.0
2001-03-27,750.0,750.0,750.0,750.0
2001-03-28,750.0,750.0,750.0,750.0
2001-03-29,750.0,750.0,750.0,750.0
2001-03-30,750.0,750.0,720.0,725.0
2001-04-02,750.0,750.0,750.0,750.0
2001-04-03,749.0,749.0,725.0,725.0
2001-04-04,725.0,760.0,725.0,760.0
2001-04-05,758.0,770.0,758.0,770.0
2001-04-06,750.0,760.0,730.0,730.0
2001-04-09,730.0,730.0,730.0,730.0
2001-04-10,730.0,730.0,730.0,730.0
2001-04-11,730.0,750.0,730.0,750.0
2001-04-12,700.0,725.0,700.0,725.0
2001-04-13,750.0,775.0,715.0,770.0
2001-04-16,760.0,800.0,760.0,800.0
2001-04-17,799.0,850.0,799.0,850.0
2001-04-18,848.0,848.0,830.0,847.0
2001-04-19,847.0,847.0,847.0,847.0
2001-04-20,792.0,830.0,792.0,830.0
2001-04-23,830.0,830.0,830.0,830.0
2001-04-24,820.0,850.0,820.0,850.0
2001-04-25,830.0,830.0,830.0,830.0
2001-04-26,830.0,830.0,830.0,830.0
2001-04-27,830.0,855.0,829.0,855.0
2001-04-30,855.0,855.0,855.0,855.0
2001-05-01,850.0,890.0,850.0,870.0
2001-05-02,851.0,890.0,851.0,890.0
2001-05-03,890.0,890.0,890.0,890.0
2001-05-04,890.0,890.0,890.0,890.0
2001-05-07,870.0,870.0,870.0,870.0
2001-05-08,880.0,880.0,850.0,850.0
2001-05-09,851.0,851.0,851.0,851.0
2001-05-10,851.0,851.0,850.0,850.0
2001-05-11,850.0,850.0,850.0,850.0
2001-05-14,840.0,840.0,840.0,840.0
2001-05-15,840.0,879.0,840.0,879.0
2001-05-16,800.0,870.0,800.0,810.0
2001-05-17,850.0,879.0,820.0,867.0
2001-05-18,887.0,889.0,857.0,889.0
2001-05-21,888.0,900.0,888.0,900.0
2001-05-22,898.0,898.0,831.0,831.0
2001-05-23,860.0,860.0,860.0,860.0
2001-05-24,860.0,860.0,860.0,860.0
2001-05-25,885.0,885.0,885.0,885.0
2001-05-28,870.0,870.0,870.0,870.0
2001-05-29,860.0,885.0,860.0,885.0
2001-05-30,885.0,885.0,885.0,885.0
2001-05-31,880.0,899.0,860.0,899.0
2001-06-01,895.0,899.0,890.0,899.0
2001-06-04,899.0,899.0,899.0,899.0
2001-06-05,839.0,839.0,839.0,839.0
2001-06-06,840.0,840.0,840.0,840.0
2001-06-07,840.0,840.0,840.0,840.0
2001-06-08,840.0,840.0,840.0,840.0
2001-06-11,841.0,841.0,841.0,841.0
2001-06-12,841.0,841.0,841.0,841.0
2001-06-13,830.0,870.0,830.0,870.0
2001-06-14,859.0,895.0,830.0,895.0
2001-06-15,840.0,898.0,840.0,898.0
2001-06-18,898.0,898.0,898.0,898.0
2001-06-19,898.0,898.0,898.0,898.0
2001-06-20,854.0,854.0,854.0,854.0
2001-06-21,860.0,860.0,854.0,854.0
2001-06-22,854.0,890.0,840.0,840.0
2001-06-25,840.0,880.0,840.0,880.0
2001-06-26,870.0,895.0,870.0,895.0
2001-06-27,895.0,895.0,895.0,895.0
2001-06-28,895.0,895.0,895.0,895.0
2001-06-29,845.0,885.0,845.0,885.0
2001-07-02,885.0,885.0,885.0,885.0
2001-07-03,885.0,885.0,880.0,880.0
2001-07-04,842.0,842.0,842.0,842.0
2001-07-05,842.0,890.0,842.0,890.0
2001-07-06,890.0,890.0,860.0,860.0
2001-07-09,851.0,889.0,850.0,888.0
2001-07-10,888.0,888.0,888.0,888.0
2001-07-11,860.0,860.0,860.0,860.0
2001-07-12,860.0,860.0,860.0,860.0
2001-07-13,860.0,860.0,860.0,860.0
2001-07-16,769.0,770.0,769.0,770.0
2001-07-17,770.0,770.0,770.0,770.0
2001-07-18,769.0,770.0,769.0,770.0
2001-07-19,771.0,771.0,771.0,771.0
2001-07-20,771.0,771.0,771.0,771.0
2001-07-23,767.0,767.0,767.0,767.0
2001-07-24,767.0,767.0,767.0,767.0
2001-07-25,761.0,761.0,761.0,761.0
2001-07-26,760.0,760.0,750.0,750.0
2001-07-27,750.0,761.0,750.0,761.0
2001-07-30,751.0,751.0,751.0,751.0
2001-07-31,701.0,761.0,701.0,761.0
2001-08-01,761.0,761.0,761.0,761.0
2001-08-02,760.0,800.0,750.0,780.0
2001-08-03,780.0,780.0,780.0,780.0
2001-08-06,741.0,750.0,741.0,750.0
2001-08-07,750.0,750.0,741.0,741.0
2001-08-08,741.0,741.0,741.0,741.0
2001-08-09,720.0,720.0,715.0,715.0
2001-08-10,720.0,749.0,700.0,749.0
2001-08-13,749.0,749.0,749.0,749.0
2001-08-14,727.0,727.0,727.0,727.0
2001-08-15,727.0,727.0,727.0,727.0
2001-08-16,727.0,727.0,727.0,727.0
2001-08-17,740.0,740.0,740.0,740.0
2001-08-20,740.0,740.0,740.0,740.0
2001-08-21,713.0,713.0,701.0,704.0
2001-08-22,700.0,700.0,700.0,700.0
2001-08-23,700.0,744.0,700.0,744.0
2001-08-24,700.0,740.0,700.0,740.0
2001-08-27,740.0,740.0,740.0,740.0
2001-08-28,728.0,728.0,728.0,728.0
2001-08-29,728.0,728.0,728.0,728.0
2001-08-30,728.0,728.0,728.0,728.0
2001-08-31,749.0,749.0,749.0,749.0
2001-09-03,749.0,749.0,749.0,749.0
2001-09-04,750.0,750.0,721.0,721.0
2001-09-05,721.0,721.0,721.0,721.0
2001-09-06,721.0,721.0,721.0,721.0
2001-09-07,712.0,750.0,712.0,750.0
2001-09-10,748.0,748.0,748.0,748.0
2001-09-11,720.0,748.0,720.0,748.0
2001-09-12,670.0,740.0,670.0,740.0
2001-09-13,740.0,740.0,740.0,740.0
2001-09-14,740.0,740.0,740.0,740.0
2001-09-17,700.0,700.0,700.0,700.0
2001-09-18,690.0,691.0,690.0,690.0
2001-09-19,690.0,690.0,690.0,690.0
2001-09-20,690.0,690.0,690.0,690.0
2001-09-21,670.0,670.0,670.0,670.0
2001-09-24,670.0,670.0,670.0,670.0
2001-09-25,670.0,670.0,658.0,658.0
2001-09-26,660.0,660.0,660.0,660.0
2001-09-27,660.0,660.0,620.0,620.0
2001-09-28,620.0,620.0,620.0,620.0
2001-10-01,631.0,631.0,630.0,630.0
2001-10-02,631.0,631.0,630.0,630.0
2001-10-03,640.0,650.0,640.0,650.0
2001-10-04,650.0,740.0,650.0,740.0
2001-10-05,700.0,765.0,700.0,765.0
2001-10-08,765.0,765.0,765.0,765.0
2001-10-09,759.0,795.0,759.0,795.0
2001-10-10,795.0,795.0,795.0,795.0
2001-10-11,774.0,795.0,774.0,784.0
2001-10-12,780.0,780.0,715.0,715.0
2001-10-15,715.0,715.0,715.0,715.0
2001-10-16,700.0,700.0,700.0,700.0
2001-10-17,700.0,700.0,700.0,700.0
2001-10-18,745.0,745.0,745.0,745.0
2001-10-19,745.0,745.0,745.0,745.0
2001-10-22,745.0,777.0,745.0,777.0
2001-10-23,775.0,775.0,775.0,775.0
2001-10-24,770.0,788.0,745.0,788.0
2001-10-25,780.0,780.0,780.0,780.0
2001-10-26,780.0,780.0,780.0,780.0
2001-10-29,780.0,780.0,770.0,770.0
2001-10-30,762.0,762.0,750.0,750.0
2001-10-31,760.0,760.0,750.0,750.0
2001-11-01,750.0,750.0,750.0,750.0
2001-11-02,740.0,740.0,733.0,740.0
2001-11-05,740.0,740.0,740.0,740.0
2001-11-06,740.0,740.0,691.0,700.0
2001-11-07,730.0,730.0,703.0,703.0
2001-11-08,705.0,705.0,700.0,700.0
2001-11-09,700.0,700.0,700.0,700.0
2001-11-12,700.0,700.0,700.0,700.0
2001-11-13,691.0,691.0,685.0,685.0
2001-11-14,695.0,695.0,695.0,695.0
2001-11-15,700.0,700.0,700.0,700.0
2001-11-16,706.0,706.0,685.0,685.0
2001-11-19,700.0,700.0,680.0,680.0
2001-11-20,685.0,685.0,680.0,685.0
2001-11-21,684.0,685.0,680.0,680.0
2001-11-22,681.0,688.0,675.0,675.0
2001-11-23,675.0,675.0,675.0,675.0
2001-11-26,675.0,675.0,675.0,675.0
2001-11-27,678.0,678.0,651.0,651.0
2001-11-28,660.0,670.0,648.0,648.0
2001-11-29,650.0,650.0,650.0,650.0
2001-11-30,650.0,650.0,650.0,650.0
2001-12-03,650.0,650.0,650.0,650.0
2001-12-04,636.0,637.0,610.0,630.0
2001-12-05,629.0,630.0,555.0,580.0
2001-12-06,580.0,590.0,561.0,590.0
2001-12-07,590.0,600.0,590.0,599.0
2001-12-10,597.0,597.0,590.0,590.0
2001-12-11,590.0,590.0,580.0,590.0
2001-12-12,590.0,590.0,570.0,570.0
2001-12-13,570.0,580.0,555.0,555.0
2001-12-14,556.0,556.0,555.0,555.0
2001-12-17,553.0,560.0,540.0,550.0
2001-12-18,580.0,580.0,580.0,580.0
2001-12-19,570.0,570.0,570.0,570.0
2001-12-20,551.0,551.0,551.0,551.0
2001-12-21,551.0,551.0,550.0,550.0
2001-12-24,550.0,550.0,550.0,550.0
2001-12-25,549.0,549.0,520.0,520.0
2001-12-26,525.0,525.0,525.0,525.0
2001-12-27,520.0,530.0,520.0,520.0
2001-12-28,520.0,520.0,520.0,520.0
2001-12-31,520.0,520.0,520.0,520.0
2002-01-01,520.0,520.0,520.0,520.0
2002-01-02,520.0,520.0,520.0,520.0
2002-01-03,520.0,520.0,520.0,520.0
2002-01-04,526.0,526.0,526.0,526.0
2002-01-07,558.0,558.0,526.0,526.0
2002-01-08,526.0,526.0,515.0,515.0
2002-01-09,516.0,535.0,516.0,535.0
2002-01-10,531.0,531.0,531.0,531.0
2002-01-11,530.0,530.0,530.0,530.0
2002-01-14,530.0,530.0,530.0,530.0
2002-01-15,530.0,530.0,510.0,512.0
2002-01-16,510.0,510.0,510.0,510.0
2002-01-17,510.0,510.0,510.0,510.0
2002-01-18,520.0,520.0,520.0,520.0
2002-01-21,520.0,520.0,520.0,520.0
2002-01-22,520.0,530.0,520.0,520.0
2002-01-23,519.0,519.0,508.0,510.0
2002-01-24,511.0,511.0,490.0,490.0
2002-01-25,491.0,509.0,487.0,487.0
2002-01-28,487.0,500.0,487.0,500.0
2002-01-29,500.0,500.0,490.0,490.0
2002-01-30,490.0,490.0,485.0,490.0
2002-01-31,490.0,490.0,490.0,490.0
2002-02-01,486.0,500.0,486.0,500.0
2002-02-04,508.0,508.0,508.0,508.0
2002-02-05,507.0,507.0,498.0,498.0
2002-02-06,496.0,496.0,490.0,490.0
2002-02-07,471.0,471.0,471.0,471.0
2002-02-08,480.0,480.0,475.0,475.0
2002-02-11,475.0,475.0,475.0,475.0
2002-02-12,481.0,481.0,480.0,480.0
2002-02-13,481.0,482.0,481.0,482.0
2002-02-14,481.0,490.0,481.0,482.0
2002-02-15,482.0,482.0,480.0,480.0
2002-02-18,480.0,480.0,480.0,480.0
2002-02-19,481.0,481.0,471.0,471.0
2002-02-20,472.0,480.0,472.0,480.0
2002-02-21,480.0,490.0,480.0,490.0
2002-02-22,485.0,490.0,485.0,490.0
2002-02-25,499.0,499.0,490.0,490.0
2002-02-26,489.0,489.0,485.0,485.0
2002-02-27,501.0,510.0,499.0,510.0
2002-02-28,510.0,528.0,510.0,521.0
2002-03-01,521.0,530.0,520.0,520.0
2002-03-04,521.0,535.0,520.0,520.0
2002-03-05,522.0,540.0,522.0,525.0
2002-03-06,526.0,530.0,525.0,530.0
2002-03-07,540.0,550.0,540.0,540.0
2002-03-08,540.0,550.0,540.0,545.0
2002-03-11,546.0,570.0,546.0,555.0
2002-03-12,565.0,565.0,550.0,551.0
2002-03-13,550.0,550.0,546.0,546.0
2002-03-14,546.0,550.0,546.0,550.0
2002-03-15,550.0,550.0,545.0,545.0
2002-03-18,545.0,547.0,541.0,541.0
2002-03-19,541.0,550.0,541.0,546.0
2002-03-20,550.0,550.0,546.0,546.0
2002-03-21,546.0,546.0,546.0,546.0
2002-03-22,546.0,555.0,546.0,550.0
2002-03-25,570.0,570.0,570.0,570.0
2002-03-26,565.0,570.0,565.0,570.0
2002-03-27,570.0,575.0,565.0,565.0
2002-03-28,560.0,560.0,555.0,555.0
2002-03-29,550.0,560.0,550.0,560.0
2002-04-01,565.0,565.0,520.0,520.0
2002-04-02,550.0,550.0,520.0,540.0
2002-04-03,540.0,540.0,540.0,540.0
2002-04-04,540.0,550.0,540.0,550.0
2002-04-05,550.0,550.0,550.0,550.0
2002-04-08,540.0,540.0,540.0,540.0
2002-04-09,541.0,541.0,541.0,541.0
2002-04-10,541.0,541.0,541.0,541.0
2002-04-11,550.0,560.0,550.0,560.0
2002-04-12,560.0,560.0,560.0,560.0
2002-04-15,550.0,555.0,550.0,555.0
2002-04-16,550.0,550.0,540.0,550.0
2002-04-17,540.0,550.0,540.0,550.0
2002-04-18,550.0,570.0,550.0,570.0
2002-04-19,569.0,569.0,569.0,569.0
2002-04-22,572.0,572.0,572.0,572.0
2002-04-23,572.0,572.0,550.0,570.0
2002-04-24,550.0,550.0,550.0,550.0
2002-04-25,580.0,580.0,550.0,580.0
2002-04-26,580.0,580.0,570.0,570.0
2002-04-29,570.0,570.0,570.0,570.0
2002-04-30,587.0,590.0,580.0,590.0
2002-05-01,590.0,590.0,580.0,585.0
2002-05-02,590.0,605.0,580.0,600.0
2002-05-03,600.0,600.0,600.0,600.0
2002-05-06,600.0,600.0,600.0,600.0
2002-05-07,600.0,600.0,595.0,595.0
2002-05-08,591.0,591.0,591.0,591.0
2002-05-09,590.0,595.0,585.0,595.0
2002-05-10,595.0,595.0,595.0,595.0
2002-05-13,595.0,595.0,565.0,585.0
2002-05-14,580.0,580.0,580.0,580.0
2002-05-15,585.0,585.0,575.0,575.0
2002-05-16,575.0,575.0,575.0,575.0
2002-05-17,575.0,576.0,575.0,575.0
2002-05-20,585.0,610.0,575.0,610.0
2002-05-21,610.0,620.0,610.0,615.0
2002-05-22,610.0,630.0,610.0,625.0
2002-05-23,625.0,646.0,620.0,646.0
2002-05-24,649.0,649.0,640.0,640.0
2002-05-27,650.0,650.0,650.0,650.0
2002-05-28,640.0,640.0,640.0,640.0
2002-05-29,649.0,649.0,649.0,649.0
2002-05-30,647.0,647.0,647.0,647.0
2002-05-31,648.0,648.0,640.0,640.0
2002-06-03,640.0,640.0,630.0,630.0
2002-06-04,630.0,630.0,630.0,630.0
2002-06-05,644.0,649.0,644.0,644.0
2002-06-06,645.0,645.0,645.0,645.0
2002-06-07,645.0,645.0,640.0,640.0
2002-06-10,640.0,640.0,640.0,640.0
2002-06-11,640.0,640.0,640.0,640.0
2002-06-12,640.0,640.0,640.0,640.0
2002-06-13,640.0,640.0,640.0,640.0
2002-06-14,630.0,640.0,630.0,635.0
2002-06-17,635.0,635.0,635.0,635.0
2002-06-18,630.0,630.0,630.0,630.0
2002-06-19,635.0,635.0,620.0,620.0
2002-06-20,610.0,610.0,610.0,610.0
2002-06-21,610.0,610.0,610.0,610.0
2002-06-24,610.0,610.0,610.0,610.0
2002-06-25,618.0,618.0,617.0,618.0
2002-06-26,618.0,618.0,601.0,601.0
2002-06-27,600.0,600.0,590.0,600.0
2002-06-28,601.0,601.0,601.0,601.0
2002-07-01,607.0,610.0,605.0,610.0
2002-07-02,605.0,605.0,605.0,605.0
2002-07-03,600.0,610.0,600.0,600.0
2002-07-04,610.0,610.0,600.0,600.0
2002-07-05,600.0,600.0,600.0,600.0
2002-07-08,611.0,611.0,601.0,601.0
2002-07-09,610.0,610.0,610.0,610.0
2002-07-10,610.0,610.0,610.0,610.0
2002-07-11,610.0,610.0,610.0,610.0
2002-07-12,610.0,610.0,610.0,610.0
2002-07-15,610.0,610.0,600.0,610.0
2002-07-16,610.0,610.0,610.0,610.0
2002-07-17,600.0,601.0,600.0,601.0
2002-07-18,600.0,600.0,600.0,600.0
2002-07-19,610.0,610.0,600.0,600.0
2002-07-22,600.0,600.0,600.0,600.0
2002-07-23,600.0,600.0,600.0,600.0
2002-07-24,600.0,600.0,600.0,600.0
2002-07-25,600.0,600.0,600.0,600.0
2002-07-26,600.0,600.0,600.0,600.0
2002-07-29,605.0,605.0,590.0,590.0
2002-07-30,590.0,590.0,590.0,590.0
2002-07-31,580.0,580.0,580.0,580.0
2002-08-01,580.0,580.0,580.0,580.0
2002-08-02,599.0,599.0,570.0,570.0
2002-08-05,565.0,565.0,565.0,565.0
2002-08-06,565.0,565.0,565.0,565.0
2002-08-07,565.0,570.0,565.0,570.0
2002-08-08,570.0,570.0,570.0,570.0
2002-08-09,565.0,570.0,560.0,560.0
2002-08-12,555.0,565.0,555.0,565.0
2002-08-13,560.0,560.0,560.0,560.0
2002-08-14,560.0,570.0,560.0,570.0
2002-08-15,561.0,561.0,560.0,560.0
2002-08-16,570.0,570.0,570.0,570.0
2002-08-19,575.0,575.0,575.0,575.0
2002-08-20,575.0,575.0,575.0,575.0
2002-08-21,573.0,573.0,570.0,570.0
2002-08-22,580.0,580.0,570.0,570.0
2002-08-23,570.0,570.0,570.0,570.0
2002-08-26,600.0,600.0,600.0,600.0
2002-08-27,600.0,600.0,600.0,600.0
2002-08-28,610.0,611.0,610.0,610.0
2002-08-29,615.0,619.0,615.0,616.0
2002-08-30,615.0,620.0,615.0,620.0
2002-09-02,620.0,640.0,618.0,640.0
2002-09-03,640.0,640.0,600.0,610.0
2002-09-04,620.0,620.0,620.0,620.0
2002-09-05,600.0,619.0,595.0,595.0
2002-09-06,600.0,600.0,590.0,590.0
2002-09-09,590.0,610.0,590.0,600.0
2002-09-10,590.0,590.0,590.0,590.0
2002-09-11,589.0,590.0,575.0,579.0
2002-09-12,580.0,580.0,570.0,571.0
2002-09-13,565.0,565.0,550.0,551.0
2002-09-16,551.0,551.0,551.0,551.0
2002-09-17,550.0,571.0,545.0,545.0
2002-09-18,545.0,550.0,540.0,540.0
2002-09-19,540.0,545.0,540.0,545.0
2002-09-20,546.0,551.0,546.0,551.0
2002-09-23,551.0,551.0,551.0,551.0
2002-09-24,575.0,575.0,570.0,570.0
2002-09-25,575.0,575.0,555.0,555.0
2002-09-26,560.0,560.0,559.0,560.0
2002-09-27,599.0,599.0,598.0,599.0
2002-09-30,600.0,600.0,590.0,600.0
2002-10-01,591.0,594.0,590.0,594.0
2002-10-02,598.0,600.0,592.0,592.0
2002-10-03,592.0,592.0,592.0,592.0
2002-10-04,593.0,593.0,592.0,593.0
2002-10-07,593.0,593.0,586.0,586.0
2002-10-08,590.0,590.0,576.0,576.0
2002-10-09,576.0,580.0,570.0,570.0
2002-10-10,572.0,572.0,550.0,550.0
2002-10-11,553.0,553.0,550.0,553.0
2002-10-14,553.0,553.0,553.0,553.0
2002-10-15,554.0,554.0,554.0,554.0
2002-10-16,555.0,560.0,555.0,560.0
2002-10-17,560.0,560.0,560.0,560.0
2002-10-18,575.0,575.0,575.0,575.0
2002-10-21,575.0,580.0,575.0,580.0
2002-10-22,580.0,590.0,576.0,590.0
2002-10-23,580.0,582.0,577.0,580.0
2002-10-24,589.0,589.0,579.0,579.0
2002-10-25,590.0,590.0,585.0,585.0
2002-10-28,590.0,590.0,588.0,589.0
2002-10-29,588.0,590.0,586.0,586.0
2002-10-30,586.0,588.0,585.0,585.0
2002-10-31,585.0,590.0,585.0,590.0
2002-11-01,581.0,585.0,581.0,585.0
2002-11-04,585.0,585.0,585.0,585.0
2002-11-05,587.0,605.0,582.0,586.0
2002-11-06,586.0,600.0,585.0,590.0
2002-11-07,619.0,619.0,595.0,595.0
2002-11-08,595.0,595.0,592.0,592.0
2002-11-11,593.0,593.0,590.0,590.0
2002-11-12,590.0,592.0,590.0,590.0
2002-11-13,590.0,591.0,585.0,585.0
2002-11-14,585.0,585.0,583.0,585.0
2002-11-15,585.0,585.0,585.0,585.0
2002-11-18,585.0,585.0,580.0,585.0
2002-11-19,585.0,585.0,578.0,578.0
2002-11-20,575.0,580.0,575.0,580.0
2002-11-21,583.0,595.0,581.0,595.0
2002-11-22,595.0,597.0,593.0,595.0
2002-11-25,610.0,610.0,600.0,607.0
2002-11-26,564.0,580.0,555.0,580.0
2002-11-27,550.0,550.0,542.0,542.0
2002-11-28,545.0,560.0,545.0,560.0
2002-11-29,550.0,550.0,550.0,550.0
2002-12-02,550.0,550.0,550.0,550.0
2002-12-03,550.0,550.0,540.0,540.0
2002-12-04,545.0,550.0,545.0,550.0
2002-12-05,540.0,540.0,540.0,540.0
2002-12-06,540.0,540.0,540.0,540.0
2002-12-09,526.0,530.0,526.0,530.0
2002-12-10,530.0,530.0,530.0,530.0
2002-12-11,530.0,535.0,530.0,535.0
2002-12-12,535.0,549.0,535.0,549.0
2002-12-13,540.0,540.0,530.0,530.0
2002-12-16,545.0,545.0,545.0,545.0
2002-12-17,544.0,544.0,531.0,531.0
2002-12-18,520.0,520.0,485.0,485.0
2002-12-19,485.0,490.0,485.0,490.0
2002-12-20,470.0,486.0,470.0,486.0
2002-12-23,486.0,486.0,486.0,486.0
2002-12-24,485.0,495.0,485.0,491.0
2002-12-25,521.0,521.0,520.0,520.0
2002-12-26,520.0,520.0,520.0,520.0
2002-12-27,520.0,520.0,515.0,515.0
2002-12-30,515.0,515.0,515.0,515.0
2002-12-31,515.0,515.0,515.0,515.0
2003-01-01,515.0,515.0,515.0,515.0
2003-01-02,515.0,515.0,515.0,515.0
2003-01-03,515.0,515.0,515.0,515.0
2003-01-06,515.0,515.0,515.0,515.0
2003-01-07,530.0,530.0,530.0,530.0
2003-01-08,530.0,530.0,530.0,530.0
2003-01-09,530.0,530.0,530.0,530.0
2003-01-10,530.0,530.0,500.0,530.0
2003-01-13,530.0,530.0,530.0,530.0
2003-01-14,530.0,530.0,530.0,530.0
2003-01-15,520.0,520.0,520.0,520.0
2003-01-16,520.0,520.0,520.0,520.0
2003-01-17,520.0,520.0,520.0,520.0
2003-01-20,520.0,520.0,520.0,520.0
2003-01-21,520.0,520.0,520.0,520.0
2003-01-22,520.0,520.0,520.0,520.0
2003-01-23,520.0,520.0,520.0,520.0
2003-01-24,530.0,530.0,530.0,530.0
2003-01-27,519.0,530.0,519.0,530.0
2003-01-28,527.0,527.0,527.0,527.0
2003-01-29,530.0,530.0,530.0,530.0
2003-01-30,530.0,530.0,527.0,527.0
2003-01-31,526.0,540.0,526.0,540.0
2003-02-03,525.0,525.0,520.0,520.0
2003-02-04,530.0,530.0,530.0,530.0
2003-02-05,530.0,530.0,530.0,530.0
2003-02-06,530.0,530.0,520.0,520.0
2003-02-07,521.0,521.0,520.0,520.0
2003-02-10,500.0,501.0,500.0,500.0
2003-02-11,500.0,500.0,500.0,500.0
2003-02-12,520.0,520.0,520.0,520.0
2003-02-13,521.0,530.0,521.0,530.0
2003-02-14,530.0,540.0,525.0,525.0
2003-02-17,530.0,536.0,530.0,536.0
2003-02-18,539.0,539.0,539.0,539.0
2003-02-19,545.0,545.0,545.0,545.0
2003-02-20,545.0,545.0,545.0,545.0
2003-02-21,550.0,550.0,550.0,550.0
2003-02-24,550.0,559.0,550.0,559.0
2003-02-25,559.0,559.0,550.0,550.0
2003-02-26,550.0,550.0,550.0,550.0
2003-02-27,540.0,540.0,540.0,540.0
2003-02-28,539.0,539.0,530.0,530.0
2003-03-03,550.0,550.0,550.0,550.0
2003-03-04,550.0,550.0,550.0,550.0
2003-03-05,550.0,550.0,550.0,550.0
2003-03-06,550.0,550.0,550.0,550.0
2003-03-07,550.0,550.0,550.0,550.0
2003-03-10,550.0,550.0,550.0,550.0
2003-03-11,550.0,550.0,550.0,550.0
2003-03-12,550.0,550.0,550.0,550.0
2003-03-13,560.0,560.0,560.0,560.0
2003-03-14,551.0,551.0,551.0,551.0
2003-03-17,551.0,551.0,550.0,550.0
2003-03-18,551.0,551.0,550.0,550.0
2003-03-19,550.0,550.0,550.0,550.0
2003-03-20,550.0,560.0,550.0,550.0
2003-03-21,550.0,550.0,550.0,550.0
2003-03-24,555.0,555.0,555.0,555.0
2003-03-25,560.0,560.0,559.0,559.0
2003-03-26,560.0,560.0,560.0,560.0
2003-03-27,567.0,590.0,567.0,590.0
2003-03-28,580.0,590.0,580.0,590.0
2003-03-31,580.0,580.0,570.0,570.0
2003-04-01,585.0,585.0,561.0,561.0
2003-04-02,585.0,585.0,580.0,580.0
2003-04-03,580.0,580.0,580.0,580.0
2003-04-04,580.0,580.0,580.0,580.0
2003-04-07,580.0,580.0,580.0,580.0
2003-04-08,575.0,575.0,565.0,565.0
2003-04-09,570.0,570.0,570.0,570.0
2003-04-10,570.0,570.0,570.0,570.0
2003-04-11,575.0,575.0,575.0,575.0
2003-04-14,575.0,575.0,575.0,575.0
2003-04-15,575.0,575.0,575.0,575.0
2003-04-16,575.0,575.0,575.0,575.0
2003-04-17,565.0,575.0,565.0,575.0
2003-04-18,574.0,574.0,574.0,574.0
2003-04-21,575.0,575.0,573.0,573.0
2003-04-22,573.0,590.0,570.0,570.0
2003-04-23,590.0,590.0,590.0,590.0
2003-04-24,590.0,590.0,590.0,590.0
2003-04-25,590.0,600.0,590.0,600.0
2003-04-28,605.0,605.0,590.0,590.0
2003-04-29,590.0,590.0,590.0,590.0
2003-04-30,580.0,580.0,580.0,580.0
2003-05-01,585.0,585.0,585.0,585.0
2003-05-02,600.0,600.0,600.0,600.0
2003-05-05,600.0,600.0,600.0,600.0
2003-05-06,600.0,614.0,600.0,610.0
2003-05-07,609.0,610.0,601.0,601.0
2003-05-08,601.0,601.0,601.0,601.0
2003-05-09,610.0,610.0,600.0,600.0
2003-05-12,600.0,600.0,580.0,580.0
2003-05-13,590.0,590.0,590.0,590.0
2003-05-14,590.0,590.0,590.0,590.0
2003-05-15,590.0,600.0,590.0,600.0
2003-05-16,600.0,600.0,600.0,600.0
2003-05-19,600.0,600.0,600.0,600.0
2003-05-20,600.0,600.0,600.0,600.0
2003-05-21,600.0,600.0,600.0,600.0
2003-05-22,601.0,601.0,600.0,600.0
2003-05-23,600.0,600.0,600.0,600.0
2003-05-26,600.0,600.0,600.0,600.0
2003-05-27,600.0,602.0,600.0,602.0
2003-05-28,600.0,600.0,590.0,590.0
2003-05-29,609.0,615.0,609.0,615.0
2003-05-30,615.0,615.0,615.0,615.0
2003-06-02,601.0,610.0,601.0,610.0
2003-06-03,615.0,615.0,615.0,615.0
2003-06-04,615.0,615.0,615.0,615.0
2003-06-05,610.0,610.0,600.0,600.0
2003-06-06,600.0,600.0,600.0,600.0
2003-06-09,601.0,601.0,600.0,600.0
2003-06-10,600.0,600.0,591.0,600.0
2003-06-11,600.0,600.0,600.0,600.0
2003-06-12,600.0,600.0,600.0,600.0
2003-06-13,600.0,600.0,590.0,590.0
2003-06-16,600.0,605.0,600.0,605.0
2003-06-17,602.0,602.0,600.0,602.0
2003-06-18,600.0,600.0,600.0,600.0
2003-06-19,602.0,602.0,600.0,602.0
2003-06-20,602.0,602.0,602.0,602.0
2003-06-23,602.0,605.0,602.0,602.0
2003-06-24,604.0,604.0,602.0,602.0
2003-06-25,610.0,610.0,610.0,610.0
2003-06-26,610.0,610.0,605.0,605.0
2003-06-27,605.0,607.0,605.0,606.0
2003-06-30,606.0,606.0,606.0,606.0
2003-07-01,609.0,609.0,605.0,605.0
2003-07-02,607.0,615.0,606.0,615.0
2003-07-03,617.0,617.0,615.0,615.0
2003-07-04,615.0,615.0,615.0,615.0
2003-07-07,610.0,615.0,610.0,615.0
2003-07-08,620.0,620.0,610.0,610.0
2003-07-09,620.0,625.0,620.0,625.0
2003-07-10,620.0,628.0,620.0,628.0
2003-07-11,628.0,628.0,622.0,622.0
2003-07-14,610.0,610.0,600.0,600.0
2003-07-15,611.0,611.0,611.0,611.0
2003-07-16,615.0,615.0,615.0,615.0
2003-07-17,615.0,615.0,615.0,615.0
2003-07-18,620.0,620.0,600.0,620.0
2003-07-21,620.0,620.0,620.0,620.0
2003-07-22,620.0,620.0,620.0,620.0
2003-07-23,620.0,620.0,619.0,619.0
2003-07-24,620.0,620.0,619.0,619.0
2003-07-25,619.0,619.0,619.0,619.0
2003-07-28,619.0,619.0,619.0,619.0
2003-07-29,619.0,619.0,619.0,619.0
2003-07-30,629.0,629.0,615.0,615.0
2003-07-31,615.0,615.0,615.0,615.0
2003-08-01,615.0,615.0,615.0,615.0
2003-08-04,615.0,615.0,615.0,615.0
2003-08-05,615.0,615.0,615.0,615.0
2003-08-06,610.0,610.0,610.0,610.0
2003-08-07,610.0,610.0,610.0,610.0
2003-08-08,610.0,610.0,610.0,610.0
2003-08-11,615.0,615.0,610.0,615.0
2003-08-12,620.0,620.0,620.0,620.0
2003-08-13,625.0,625.0,620.0,620.0
2003-08-14,615.0,615.0,615.0,615.0
2003-08-15,620.0,630.0,620.0,630.0
2003-08-18,630.0,630.0,628.0,628.0
2003-08-19,628.0,628.0,628.0,628.0
2003-08-20,628.0,629.0,610.0,629.0
2003-08-21,629.0,629.0,629.0,629.0
2003-08-22,629.0,629.0,629.0,629.0
2003-08-25,629.0,629.0,620.0,620.0
2003-08-26,618.0,620.0,618.0,620.0
2003-08-27,620.0,630.0,620.0,630.0
2003-08-28,628.0,628.0,628.0,628.0
2003-08-29,628.0,628.0,628.0,628.0
2003-09-01,630.0,630.0,628.0,630.0
2003-09-02,630.0,630.0,630.0,630.0
2003-09-03,632.0,633.0,632.0,632.0
2003-09-04,632.0,632.0,630.0,630.0
2003-09-05,635.0,635.0,635.0,635.0
2003-09-08,635.0,648.0,635.0,635.0
2003-09-09,640.0,640.0,640.0,640.0
2003-09-10,640.0,640.0,639.0,640.0
2003-09-11,640.0,640.0,638.0,638.0
2003-09-12,635.0,635.0,630.0,630.0
2003-09-15,630.0,630.0,630.0,630.0
2003-09-16,639.0,640.0,638.0,640.0
2003-09-17,641.0,641.0,640.0,641.0
2003-09-18,641.0,645.0,635.0,635.0
2003-09-19,635.0,649.0,635.0,649.0
2003-09-22,650.0,660.0,650.0,660.0
2003-09-23,660.0,660.0,660.0,660.0
2003-09-24,660.0,671.0,660.0,665.0
2003-09-25,665.0,665.0,662.0,664.0
2003-09-26,665.0,675.0,663.0,675.0
2003-09-29,665.0,675.0,665.0,675.0
2003-09-30,672.0,675.0,670.0,675.0
2003-10-01,675.0,676.0,670.0,676.0
2003-10-02,676.0,676.0,674.0,675.0
2003-10-03,675.0,680.0,675.0,680.0
2003-10-06,683.0,699.0,683.0,699.0
2003-10-07,699.0,699.0,690.0,690.0
2003-10-08,701.0,734.0,701.0,734.0
2003-10-09,730.0,730.0,700.0,700.0
2003-10-10,705.0,707.0,705.0,707.0
2003-10-13,707.0,707.0,707.0,707.0
2003-10-14,707.0,730.0,707.0,720.0
2003-10-15,720.0,762.0,718.0,762.0
2003-10-16,765.0,770.0,760.0,760.0
2003-10-17,760.0,770.0,750.0,750.0
2003-10-20,761.0,769.0,750.0,756.0
2003-10-21,756.0,769.0,751.0,751.0
2003-10-22,757.0,757.0,756.0,757.0
2003-10-23,757.0,800.0,756.0,800.0
2003-10-24,798.0,798.0,790.0,790.0
2003-10-27,789.0,789.0,780.0,780.0
2003-10-28,781.0,808.0,780.0,808.0
2003-10-29,820.0,827.0,817.0,827.0
2003-10-30,830.0,900.0,830.0,850.0
2003-10-31,860.0,900.0,860.0,885.0
2003-11-03,885.0,885.0,885.0,885.0
2003-11-04,895.0,902.0,880.0,880.0
2003-11-05,880.0,880.0,863.0,863.0
2003-11-06,864.0,867.0,863.0,867.0
2003-11-07,877.0,877.0,866.0,866.0
2003-11-10,875.0,875.0,872.0,872.0
2003-11-11,871.0,871.0,863.0,863.0
2003-11-12,859.0,890.0,850.0,876.0
2003-11-13,876.0,876.0,871.0,872.0
2003-11-14,872.0,873.0,870.0,873.0
2003-11-17,870.0,875.0,864.0,873.0
2003-11-18,870.0,872.0,861.0,871.0
2003-11-19,871.0,871.0,850.0,850.0
2003-11-20,849.0,849.0,800.0,800.0
2003-11-21,800.0,852.0,800.0,852.0
2003-11-24,852.0,852.0,852.0,852.0
2003-11-25,809.0,810.0,804.0,804.0
2003-11-26,800.0,806.0,800.0,804.0
2003-11-27,804.0,804.0,770.0,800.0
2003-11-28,775.0,800.0,770.0,800.0
2003-12-01,800.0,800.0,765.0,798.0
2003-12-02,798.0,798.0,750.0,753.0
2003-12-03,742.0,742.0,740.0,740.0
2003-12-04,705.0,705.0,700.0,700.0
2003-12-05,703.0,730.0,703.0,730.0
2003-12-08,715.0,715.0,705.0,705.0
2003-12-09,705.0,730.0,705.0,730.0
2003-12-10,710.0,711.0,703.0,711.0
2003-12-11,710.0,710.0,680.0,680.0
2003-12-12,685.0,710.0,683.0,710.0
2003-12-15,708.0,710.0,708.0,710.0
2003-12-16,700.0,710.0,700.0,710.0
2003-12-17,700.0,700.0,700.0,700.0
2003-12-18,700.0,700.0,690.0,690.0
2003-12-19,700.0,728.0,700.0,728.0
2003-12-22,728.0,730.0,728.0,728.0
2003-12-23,728.0,728.0,728.0,728.0
2003-12-24,720.0,720.0,681.0,681.0
2003-12-25,740.0,740.0,735.0,735.0
2003-12-26,705.0,715.0,705.0,715.0
2003-12-29,715.0,715.0,706.0,715.0
2003-12-30,735.0,744.0,735.0,735.0
2003-12-31,735.0,735.0,735.0,735.0
2004-01-01,735.0,735.0,735.0,735.0
2004-01-02,735.0,735.0,735.0,735.0
2004-01-05,734.0,740.0,715.0,740.0
2004-01-06,741.0,745.0,740.0,745.0
2004-01-07,745.0,745.0,745.0,745.0
2004-01-08,730.0,740.0,730.0,740.0
2004-01-09,740.0,760.0,740.0,760.0
2004-01-12,760.0,760.0,760.0,760.0
2004-01-13,760.0,770.0,760.0,770.0
2004-01-14,770.0,770.0,770.0,770.0
2004-01-15,770.0,770.0,770.0,770.0
2004-01-16,770.0,770.0,770.0,770.0
2004-01-19,770.0,770.0,770.0,770.0
2004-01-20,770.0,770.0,750.0,770.0
2004-01-21,770.0,770.0,770.0,770.0
2004-01-22,775.0,775.0,770.0,770.0
2004-01-23,770.0,770.0,765.0,770.0
2004-01-26,769.0,770.0,769.0,770.0
2004-01-27,770.0,770.0,770.0,770.0
2004-01-28,775.0,775.0,770.0,775.0
2004-01-29,775.0,775.0,775.0,775.0
2004-01-30,774.0,780.0,743.0,780.0
2004-02-02,780.0,780.0,780.0,780.0
2004-02-03,780.0,780.0,780.0,780.0
2004-02-04,780.0,780.0,780.0,780.0
2004-02-05,781.0,781.0,780.0,780.0
2004-02-06,780.0,780.0,780.0,780.0
2004-02-09,780.0,780.0,770.0,780.0
2004-02-10,765.0,765.0,765.0,765.0
2004-02-11,765.0,765.0,765.0,765.0
2004-02-12,780.0,780.0,778.0,780.0
2004-02-13,780.0,780.0,780.0,780.0
2004-02-16,779.0,779.0,779.0,779.0
2004-02-17,779.0,779.0,779.0,779.0
2004-02-18,775.0,775.0,775.0,775.0
2004-02-19,779.0,780.0,779.0,780.0
2004-02-20,780.0,785.0,779.0,785.0
2004-02-23,785.0,785.0,781.0,783.0
2004-02-24,785.0,810.0,785.0,810.0
2004-02-25,809.0,809.0,800.0,800.0
2004-02-26,800.0,811.0,800.0,800.0
2004-02-27,800.0,800.0,800.0,800.0
2004-03-01,806.0,810.0,800.0,805.0
2004-03-02,850.0,850.0,825.0,825.0
2004-03-03,825.0,825.0,825.0,825.0
2004-03-04,842.0,842.0,840.0,840.0
2004-03-05,841.0,850.0,841.0,850.0
2004-03-08,860.0,860.0,860.0,860.0
2004-03-09,885.0,900.0,885.0,900.0
2004-03-10,899.0,900.0,899.0,900.0
2004-03-11,905.0,905.0,900.0,900.0
2004-03-12,900.0,900.0,895.0,895.0
2004-03-15,895.0,895.0,895.0,895.0
2004-03-16,895.0,895.0,895.0,895.0
2004-03-17,895.0,895.0,870.0,870.0
2004-03-18,880.0,880.0,870.0,870.0
2004-03-19,870.0,888.0,870.0,888.0
2004-03-22,888.0,888.0,888.0,888.0
2004-03-23,885.0,885.0,885.0,885.0
2004-03-24,885.0,919.0,885.0,919.0
2004-03-25,930.0,934.0,930.0,930.0
2004-03-26,930.0,940.0,930.0,940.0
2004-03-29,930.0,935.0,930.0,935.0
2004-03-30,934.0,934.0,934.0,934.0
2004-03-31,934.0,934.0,934.0,934.0
2004-04-01,917.0,917.0,903.0,909.0
2004-04-02,901.0,902.0,901.0,901.0
2004-04-05,900.0,900.0,900.0,900.0
2004-04-06,890.0,891.0,890.0,890.0
2004-04-07,890.0,890.0,890.0,890.0
2004-04-08,891.0,891.0,890.0,891.0
2004-04-09,890.0,890.0,885.0,885.0
2004-04-12,891.0,895.0,890.0,895.0
2004-04-13,895.0,900.0,895.0,900.0
2004-04-14,908.0,915.0,900.0,911.0
2004-04-15,914.0,915.0,912.0,912.0
2004-04-16,915.0,945.0,915.0,945.0
2004-04-19,950.0,950.0,946.0,947.0
2004-04-20,949.0,950.0,947.0,947.0
2004-04-21,950.0,1050.0,946.0,1050.0
2004-04-22,1050.0,1050.0,961.0,975.0
2004-04-23,983.0,983.0,982.0,982.0
2004-04-26,982.0,1010.0,982.0,1010.0
2004-04-27,1010.0,1050.0,1000.0,1000.0
2004-04-28,982.0,1080.0,980.0,1080.0
2004-04-29,1080.0,1080.0,1080.0,1080.0
2004-04-30,1060.0,1060.0,1010.0,1010.0
2004-05-03,1010.0,1010.0,1010.0,1010.0
2004-05-04,1010.0,1010.0,1010.0,1010.0
2004-05-05,1010.0,1010.0,1010.0,1010.0
2004-05-06,1070.0,1100.0,1070.0,1100.0
2004-05-07,1080.0,1080.0,1030.0,1030.0
2004-05-10,1020.0,1020.0,1000.0,1010.0
2004-05-11,1000.0,1010.0,1000.0,1000.0
2004-05-12,1000.0,1030.0,1000.0,1030.0
2004-05-13,1020.0,1020.0,1010.0,1010.0
2004-05-14,970.0,1010.0,970.0,1010.0
2004-05-17,1000.0,1000.0,980.0,980.0
2004-05-18,980.0,982.0,980.0,982.0
2004-05-19,1000.0,1040.0,1000.0,1040.0
2004-05-20,1000.0,1000.0,1000.0,1000.0
2004-05-21,1010.0,1010.0,960.0,1000.0
2004-05-24,1000.0,1020.0,1000.0,1020.0
2004-05-25,1020.0,1020.0,1020.0,1020.0
2004-05-26,1000.0,1010.0,1000.0,1000.0
2004-05-27,1000.0,1000.0,980.0,980.0
2004-05-28,1000.0,1020.0,1000.0,1020.0
2004-05-31,1020.0,1080.0,1000.0,1080.0
2004-06-01,1070.0,1070.0,1070.0,1070.0
2004-06-02,1020.0,1100.0,1020.0,1080.0
2004-06-03,1050.0,1050.0,1030.0,1030.0
2004-06-04,1000.0,1030.0,1000.0,1030.0
2004-06-07,1030.0,1030.0,1030.0,1030.0
2004-06-08,1040.0,1040.0,1040.0,1040.0
2004-06-09,1010.0,1010.0,1010.0,1010.0
2004-06-10,1010.0,1050.0,1010.0,1050.0
2004-06-11,1060.0,1060.0,1050.0,1050.0
2004-06-14,1050.0,1050.0,1050.0,1050.0
2004-06-15,1050.0,1060.0,1050.0,1050.0
2004-06-16,1050.0,1050.0,1040.0,1040.0
2004-06-17,1030.0,1040.0,1030.0,1030.0
2004-06-18,1040.0,1040.0,1040.0,1040.0
2004-06-21,1040.0,1040.0,1040.0,1040.0
2004-06-22,1020.0,1020.0,1000.0,1020.0
2004-06-23,1000.0,1000.0,1000.0,1000.0
2004-06-24,1010.0,1010.0,1010.0,1010.0
2004-06-25,1030.0,1030.0,1030.0,1030.0
2004-06-28,1020.0,1020.0,1020.0,1020.0
2004-06-29,1010.0,1020.0,1010.0,1020.0
2004-06-30,1020.0,1020.0,1010.0,1020.0
2004-07-01,1010.0,1010.0,1000.0,1000.0
2004-07-02,1010.0,1010.0,1000.0,1000.0
2004-07-05,1010.0,1020.0,1000.0,1000.0
2004-07-06,1000.0,1020.0,1000.0,1020.0
2004-07-07,1000.0,1020.0,1000.0,1000.0
2004-07-08,1010.0,1010.0,1010.0,1010.0
2004-07-09,1000.0,1020.0,1000.0,1020.0
2004-07-12,1020.0,1020.0,1020.0,1020.0
2004-07-13,1000.0,1020.0,1000.0,1020.0
2004-07-14,1140.0,1140.0,980.0,1020.0
2004-07-15,1020.0,1020.0,1020.0,1020.0
2004-07-16,1020.0,1040.0,1020.0,1020.0
2004-07-19,1020.0,1020.0,1020.0,1020.0
2004-07-20,1020.0,1020.0,1020.0,1020.0
2004-07-21,1020.0,1040.0,1020.0,1020.0
2004-07-22,1020.0,1020.0,1020.0,1020.0
2004-07-23,1020.0,1200.0,1020.0,1100.0
2004-07-26,1100.0,1100.0,1010.0,1050.0
2004-07-27,1040.0,1060.0,1040.0,1060.0
2004-07-28,1050.0,1060.0,1000.0,1060.0
2004-07-29,1000.0,1030.0,1000.0,1030.0
2004-07-30,1030.0,1030.0,1020.0,1020.0
2004-08-02,1020.0,1020.0,1020.0,1020.0
2004-08-03,1020.0,1020.0,1020.0,1020.0
2004-08-04,1020.0,1020.0,1020.0,1020.0
2004-08-05,1010.0,1020.0,1000.0,1000.0
2004-08-06,1000.0,1010.0,1000.0,1000.0
2004-08-09,1000.0,1020.0,981.0,1020.0
2004-08-10,1020.0,1020.0,1020.0,1020.0
2004-08-11,980.0,1020.0,980.0,1020.0
2004-08-12,1020.0,1020.0,1020.0,1020.0
2004-08-13,1000.0,1000.0,1000.0,1000.0
2004-08-16,1000.0,1000.0,1000.0,1000.0
2004-08-17,1030.0,1030.0,1030.0,1030.0
2004-08-18,1030.0,1030.0,1020.0,1020.0
2004-08-19,1020.0,1020.0,1020.0,1020.0
2004-08-20,1020.0,1020.0,1020.0,1020.0
2004-08-23,1000.0,1040.0,1000.0,1040.0
2004-08-24,1040.0,1040.0,1040.0,1040.0
2004-08-25,960.0,1000.0,960.0,1000.0
2004-08-26,1000.0,1000.0,1000.0,1000.0
2004-08-27,1000.0,1000.0,971.0,980.0
2004-08-30,985.0,1020.0,981.0,990.0
2004-08-31,988.0,999.0,988.0,988.0
2004-09-01,995.0,995.0,995.0,995.0
2004-09-02,1000.0,1010.0,995.0,1010.0
2004-09-03,1010.0,1030.0,1010.0,1030.0
2004-09-06,1030.0,1030.0,1000.0,1000.0
2004-09-07,1000.0,1000.0,1000.0,1000.0
2004-09-08,1010.0,1020.0,1010.0,1020.0
2004-09-09,1020.0,1030.0,1020.0,1030.0
2004-09-10,1020.0,1040.0,1020.0,1040.0
2004-09-13,1030.0,1030.0,1030.0,1030.0
2004-09-14,1040.0,1040.0,1030.0,1030.0
2004-09-15,1030.0,1030.0,1010.0,1020.0
2004-09-16,1020.0,1020.0,1020.0,1020.0
2004-09-17,1040.0,1040.0,1030.0,1030.0
2004-09-20,1030.0,1030.0,1030.0,1030.0
2004-09-21,1060.0,1060.0,1050.0,1060.0
2004-09-22,1070.0,1070.0,1020.0,1060.0
2004-09-23,1060.0,1060.0,1060.0,1060.0
2004-09-24,1060.0,1060.0,1040.0,1040.0
2004-09-27,1060.0,1060.0,1000.0,1020.0
2004-09-28,1060.0,1060.0,1020.0,1020.0
2004-09-29,1060.0,1060.0,1060.0,1060.0
2004-09-30,1060.0,1060.0,1040.0,1050.0
2004-10-01,1050.0,1060.0,1040.0,1060.0
2004-10-04,1060.0,1060.0,1050.0,1060.0
2004-10-05,1060.0,1080.0,1060.0,1070.0
2004-10-06,1070.0,1090.0,1070.0,1090.0
2004-10-07,1090.0,1090.0,1070.0,1070.0
2004-10-08,1070.0,1080.0,1070.0,1080.0
2004-10-11,1080.0,1080.0,1080.0,1080.0
2004-10-12,1070.0,1080.0,1070.0,1080.0
2004-10-13,1070.0,1070.0,1070.0,1070.0
2004-10-14,1070.0,1070.0,1060.0,1070.0
2004-10-15,1070.0,1070.0,1050.0,1070.0
2004-10-18,1060.0,1060.0,1060.0,1060.0
2004-10-19,1040.0,1040.0,1040.0,1040.0
2004-10-20,1050.0,1050.0,1040.0,1050.0
2004-10-21,1050.0,1050.0,1050.0,1050.0
2004-10-22,1060.0,1070.0,1050.0,1070.0
2004-10-25,1030.0,1030.0,1030.0,1030.0
2004-10-26,1070.0,1070.0,1070.0,1070.0
2004-10-27,1070.0,1070.0,1050.0,1060.0
2004-10-28,1060.0,1070.0,1050.0,1070.0
2004-10-29,1060.0,1080.0,1060.0,1070.0
2004-11-01,1060.0,1080.0,1050.0,1060.0
2004-11-02,1080.0,1080.0,1060.0,1060.0
2004-11-03,1060.0,1060.0,1060.0,1060.0
2004-11-04,1080.0,1080.0,1050.0,1060.0
2004-11-05,1060.0,1060.0,1050.0,1050.0
2004-11-08,1050.0,1050.0,1050.0,1050.0
2004-11-09,1050.0,1060.0,1050.0,1050.0
2004-11-10,1060.0,1070.0,1040.0,1070.0
2004-11-11,1070.0,1070.0,1050.0,1050.0
2004-11-12,1040.0,1070.0,1040.0,1070.0
2004-11-15,1070.0,1080.0,1060.0,1060.0
2004-11-16,1070.0,1080.0,1070.0,1080.0
2004-11-17,1080.0,1080.0,1070.0,1070.0
2004-11-18,1070.0,1070.0,1070.0,1070.0
2004-11-19,1070.0,1070.0,1050.0,1050.0
2004-11-22,1060.0,1060.0,1040.0,1040.0
2004-11-23,1040.0,1040.0,1040.0,1040.0
2004-11-24,1040.0,1060.0,1040.0,1060.0
2004-11-25,1010.0,1010.0,990.0,1000.0
2004-11-26,991.0,991.0,970.0,970.0
2004-11-29,970.0,970.0,940.0,949.0
2004-11-30,950.0,950.0,940.0,940.0
2004-12-01,910.0,920.0,900.0,920.0
2004-12-02,920.0,930.0,900.0,915.0
2004-12-03,921.0,921.0,921.0,921.0
2004-12-06,921.0,921.0,915.0,916.0
2004-12-07,916.0,921.0,916.0,921.0
2004-12-08,916.0,916.0,916.0,916.0
2004-12-09,918.0,918.0,918.0,918.0
2004-12-10,916.0,916.0,916.0,916.0
2004-12-13,916.0,928.0,916.0,916.0
2004-12-14,918.0,920.0,918.0,920.0
2004-12-15,925.0,925.0,918.0,918.0
2004-12-16,915.0,916.0,915.0,915.0
2004-12-17,915.0,916.0,901.0,901.0
2004-12-20,900.0,905.0,900.0,900.0
2004-12-21,901.0,902.0,901.0,901.0
2004-12-22,905.0,905.0,900.0,902.0
2004-12-23,902.0,902.0,902.0,902.0
2004-12-24,902.0,903.0,900.0,903.0
2004-12-27,900.0,902.0,900.0,900.0
2004-12-28,901.0,905.0,900.0,901.0
2004-12-29,902.0,902.0,901.0,901.0
2004-12-30,901.0,901.0,895.0,895.0
2004-12-31,895.0,895.0,895.0,895.0
2005-01-03,895.0,895.0,895.0,895.0
2005-01-04,900.0,950.0,900.0,950.0
2005-01-05,940.0,940.0,935.0,935.0
2005-01-06,920.0,930.0,920.0,930.0
2005-01-07,930.0,930.0,930.0,930.0
2005-01-10,930.0,930.0,930.0,930.0
2005-01-11,931.0,936.0,930.0,936.0
2005-01-12,955.0,960.0,955.0,960.0
2005-01-13,957.0,957.0,957.0,957.0
2005-01-14,960.0,961.0,960.0,961.0
2005-01-17,965.0,987.0,965.0,987.0
2005-01-18,980.0,990.0,980.0,990.0
2005-01-19,990.0,991.0,990.0,991.0
2005-01-20,970.0,970.0,970.0,970.0
2005-01-21,975.0,975.0,970.0,974.0
2005-01-24,979.0,980.0,979.0,980.0
2005-01-25,995.0,995.0,980.0,985.0
2005-01-26,995.0,995.0,980.0,980.0
2005-01-27,970.0,970.0,970.0,970.0
2005-01-28,970.0,970.0,970.0,970.0
2005-01-31,963.0,970.0,961.0,961.0
2005-02-01,959.0,960.0,958.0,959.0
2005-02-02,950.0,965.0,950.0,965.0
2005-02-03,960.0,961.0,960.0,961.0
2005-02-04,961.0,964.0,960.0,964.0
2005-02-07,960.0,961.0,960.0,961.0
2005-02-08,961.0,961.0,961.0,961.0
2005-02-09,975.0,985.0,975.0,985.0
2005-02-10,975.0,975.0,963.0,963.0
2005-02-11,963.0,963.0,963.0,963.0
2005-02-14,963.0,963.0,963.0,963.0
2005-02-15,967.0,970.0,967.0,968.0
2005-02-16,968.0,968.0,962.0,963.0
2005-02-17,963.0,970.0,963.0,965.0
2005-02-18,967.0,968.0,965.0,965.0
2005-02-21,966.0,966.0,966.0,966.0
2005-02-22,980.0,1000.0,980.0,980.0
2005-02-23,980.0,980.0,975.0,975.0
2005-02-24,981.0,981.0,979.0,980.0
2005-02-25,980.0,985.0,980.0,985.0
2005-02-28,980.0,980.0,980.0,980.0
2005-03-01,981.0,981.0,981.0,981.0
2005-03-02,991.0,991.0,985.0,985.0
2005-03-03,986.0,990.0,986.0,987.0
2005-03-04,987.0,995.0,961.0,961.0
2005-03-07,970.0,970.0,970.0,970.0
2005-03-08,970.0,980.0,960.0,980.0
2005-03-09,970.0,985.0,970.0,985.0
2005-03-10,980.0,985.0,973.0,973.0
2005-03-11,984.0,984.0,984.0,984.0
2005-03-14,984.0,996.0,980.0,980.0
2005-03-15,980.0,980.0,960.0,965.0
2005-03-16,980.0,985.0,980.0,980.0
2005-03-17,975.0,993.0,975.0,993.0
2005-03-18,991.0,995.0,985.0,985.0
2005-03-21,985.0,985.0,985.0,985.0
2005-03-22,982.0,1035.0,982.0,1035.0
2005-03-23,1035.0,1035.0,1002.0,1023.0
2005-03-24,1023.0,1023.0,1020.0,1023.0
2005-03-25,1030.0,1030.0,994.0,995.0
2005-03-28,996.0,1000.0,996.0,1000.0
2005-03-29,1010.0,1015.0,1000.0,1000.0
2005-03-30,1014.0,1014.0,997.0,997.0
2005-03-31,996.0,1000.0,996.0,1000.0
2005-04-01,1019.0,1019.0,990.0,990.0
2005-04-04,994.0,995.0,990.0,995.0
2005-04-05,995.0,1000.0,990.0,999.0
2005-04-06,994.0,995.0,994.0,995.0
2005-04-07,990.0,999.0,990.0,999.0
2005-04-08,998.0,1005.0,998.0,1000.0
2005-04-11,1004.0,1005.0,999.0,1000.0
2005-04-12,1000.0,1000.0,1000.0,1000.0
2005-04-13,1010.0,1010.0,995.0,1010.0
2005-04-14,999.0,1000.0,999.0,1000.0
2005-04-15,1000.0,1010.0,1000.0,1001.0
2005-04-18,1000.0,1000.0,999.0,1000.0
2005-04-19,1000.0,1000.0,999.0,1000.0
2005-04-20,1001.0,1006.0,1001.0,1006.0
2005-04-21,1003.0,1003.0,1000.0,1000.0
2005-04-22,1002.0,1004.0,1001.0,1004.0
2005-04-25,1005.0,1010.0,1005.0,1010.0
2005-04-26,1010.0,1010.0,1010.0,1010.0
2005-04-27,1008.0,1008.0,1008.0,1008.0
2005-04-28,1008.0,1008.0,1008.0,1008.0
2005-04-29,1008.0,1008.0,1008.0,1008.0
2005-05-02,1009.0,1020.0,1009.0,1020.0
2005-05-03,1020.0,1020.0,1020.0,1020.0
2005-05-04,1020.0,1020.0,1020.0,1020.0
2005-05-05,1020.0,1020.0,1020.0,1020.0
2005-05-06,1020.0,1020.0,1012.0,1020.0
2005-05-09,1013.0,1013.0,1013.0,1013.0
2005-05-10,1017.0,1017.0,1013.0,1013.0
2005-05-11,1014.0,1014.0,1013.0,1013.0
2005-05-12,1030.0,1031.0,1030.0,1030.0
2005-05-13,1015.0,1021.0,1015.0,1021.0
2005-05-16,1025.0,1025.0,1023.0,1025.0
2005-05-17,1026.0,1026.0,1025.0,1025.0
2005-05-18,1025.0,1025.0,1025.0,1025.0
2005-05-19,1030.0,1030.0,1025.0,1025.0
2005-05-20,1030.0,1035.0,1026.0,1026.0
2005-05-23,1034.0,1034.0,1027.0,1027.0
2005-05-24,1031.0,1031.0,1031.0,1031.0
2005-05-25,1033.0,1034.0,1024.0,1024.0
2005-05-26,1024.0,1024.0,1023.0,1023.0
2005-05-27,1030.0,1035.0,1030.0,1030.0
2005-05-30,1030.0,1040.0,1030.0,1035.0
2005-05-31,1031.0,1031.0,1025.0,1026.0
2005-06-01,1026.0,1026.0,1020.0,1020.0
2005-06-02,1020.0,1023.0,1020.0,1023.0
2005-06-03,1023.0,1023.0,1020.0,1022.0
2005-06-06,1035.0,1035.0,1023.0,1025.0
2005-06-07,1025.0,1025.0,1020.0,1020.0
2005-06-08,1020.0,1020.0,1020.0,1020.0
2005-06-09,1024.0,1024.0,1024.0,1024.0
2005-06-10,1024.0,1024.0,1024.0,1024.0
2005-06-13,1024.0,1024.0,1020.0,1020.0
2005-06-14,1020.0,1023.0,1020.0,1023.0
2005-06-15,1021.0,1021.0,1020.0,1020.0
2005-06-16,1021.0,1021.0,1020.0,1020.0
2005-06-17,1020.0,1020.0,1020.0,1020.0
2005-06-20,1020.0,1025.0,1020.0,1025.0
2005-06-21,1020.0,1021.0,1020.0,1021.0
2005-06-22,1025.0,1025.0,1021.0,1021.0
2005-06-23,1021.0,1021.0,1020.0,1020.0
2005-06-24,1020.0,1024.0,1020.0,1024.0
2005-06-27,1024.0,1024.0,1024.0,1024.0
2005-06-28,1021.0,1021.0,1020.0,1020.0
2005-06-29,1025.0,1025.0,1025.0,1025.0
2005-06-30,1030.0,1030.0,1025.0,1030.0
2005-07-01,1030.0,1030.0,1025.0,1030.0
2005-07-04,1030.0,1030.0,1029.0,1030.0
2005-07-05,1030.0,1030.0,1030.0,1030.0
2005-07-06,1030.0,1030.0,1026.0,1030.0
2005-07-07,1025.0,1035.0,1025.0,1035.0
2005-07-08,1039.0,1045.0,1039.0,1045.0
2005-07-11,1045.0,1060.0,1045.0,1048.0
2005-07-12,1051.0,1055.0,1051.0,1051.0
2005-07-13,1054.0,1054.0,1054.0,1054.0
2005-07-14,1054.0,1054.0,1051.0,1051.0
2005-07-15,1056.0,1060.0,1056.0,1060.0
2005-07-18,1060.0,1060.0,1060.0,1060.0
2005-07-19,1080.0,1095.0,1060.0,1090.0
2005-07-20,1095.0,1095.0,1090.0,1090.0
2005-07-21,1090.0,1090.0,1062.0,1080.0
2005-07-22,1064.0,1064.0,1064.0,1064.0
2005-07-25,1080.0,1110.0,1080.0,1100.0
2005-07-26,1070.0,1124.0,1070.0,1124.0
2005-07-27,1123.0,1160.0,1123.0,1160.0
2005-07-28,1160.0,1160.0,1145.0,1150.0
2005-07-29,1150.0,1155.0,1150.0,1150.0
2005-08-01,1151.0,1169.0,1149.0,1169.0
2005-08-02,1168.0,1168.0,1141.0,1168.0
2005-08-03,1159.0,1175.0,1150.0,1160.0
2005-08-04,1160.0,1160.0,1150.0,1150.0
2005-08-05,1150.0,1150.0,1145.0,1145.0
2005-08-08,1145.0,1155.0,1140.0,1155.0
2005-08-09,1155.0,1169.0,1150.0,1152.0
2005-08-10,1152.0,1159.0,1152.0,1159.0
2005-08-11,1160.0,1160.0,1155.0,1155.0
2005-08-12,1150.0,1150.0,1150.0,1150.0
2005-08-15,1151.0,1157.0,1150.0,1157.0
2005-08-16,1163.0,1163.0,1152.0,1153.0
2005-08-17,1160.0,1160.0,1160.0,1160.0
2005-08-18,1160.0,1163.0,1155.0,1157.0
2005-08-19,1160.0,1160.0,1153.0,1153.0
2005-08-22,1154.0,1190.0,1154.0,1190.0
2005-08-23,1188.0,1200.0,1161.0,1188.0
2005-08-24,1188.0,1188.0,1188.0,1188.0
2005-08-25,1180.0,1180.0,1161.0,1161.0
2005-08-26,1169.0,1170.0,1165.0,1170.0
2005-08-29,1200.0,1200.0,1200.0,1200.0
2005-08-30,1190.0,1190.0,1165.0,1166.0
2005-08-31,1180.0,1180.0,1167.0,1180.0
2005-09-01,1180.0,1199.0,1171.0,1171.0
2005-09-02,1172.0,1172.0,1171.0,1171.0
2005-09-05,1199.0,1199.0,1189.0,1199.0
2005-09-06,1199.0,1199.0,1181.0,1182.0
2005-09-07,1182.0,1199.0,1180.0,1196.0
2005-09-08,1196.0,1196.0,1196.0,1196.0
2005-09-09,1177.0,1194.0,1177.0,1194.0
2005-09-12,1180.0,1194.0,1176.0,1194.0
2005-09-13,1195.0,1200.0,1180.0,1200.0
2005-09-14,1195.0,1200.0,1182.0,1199.0
2005-09-15,1200.0,1210.0,1200.0,1210.0
2005-09-16,1200.0,1220.0,1195.0,1220.0
2005-09-19,1220.0,1220.0,1220.0,1220.0
2005-09-20,1220.0,1220.0,1210.0,1220.0
2005-09-21,1220.0,1230.0,1210.0,1225.0
2005-09-22,1230.0,1230.0,1200.0,1220.0
2005-09-23,1220.0,1220.0,1220.0,1220.0
2005-09-26,1220.0,1242.0,1201.0,1242.0
2005-09-27,1210.0,1239.0,1204.0,1213.0
2005-09-28,1220.0,1245.0,1220.0,1245.0
2005-09-29,1345.0,1345.0,1300.0,1338.0
2005-09-30,1348.0,1349.0,1310.0,1346.0
2005-10-03,1346.0,1346.0,1320.0,1339.0
2005-10-04,1325.0,1345.0,1320.0,1345.0
2005-10-05,1320.0,1322.0,1315.0,1315.0
2005-10-06,1318.0,1335.0,1315.0,1324.0
2005-10-07,1309.0,1324.0,1300.0,1320.0
2005-10-10,1320.0,1320.0,1320.0,1320.0
2005-10-11,1320.0,1325.0,1305.0,1323.0
2005-10-12,1320.0,1322.0,1296.0,1319.0
2005-10-13,1319.0,1320.0,1297.0,1317.0
2005-10-14,1300.0,1315.0,1291.0,1315.0
2005-10-17,1295.0,1316.0,1293.0,1298.0
2005-10-18,1300.0,1310.0,1281.0,1281.0
2005-10-19,1270.0,1300.0,1270.0,1300.0
2005-10-20,1283.0,1299.0,1273.0,1299.0
2005-10-21,1274.0,1283.0,1274.0,1283.0
2005-10-24,1280.0,1280.0,1275.0,1275.0
2005-10-25,1297.0,1320.0,1297.0,1319.0
2005-10-26,1319.0,1320.0,1305.0,1315.0
2005-10-27,1328.0,1328.0,1323.0,1328.0
2005-10-28,1329.0,1340.0,1329.0,1340.0
2005-10-31,1340.0,1342.0,1340.0,1340.0
2005-11-01,1340.0,1345.0,1340.0,1341.0
2005-11-02,1341.0,1349.0,1340.0,1349.0
2005-11-03,1349.0,1349.0,1349.0,1349.0
2005-11-04,1370.0,1400.0,1322.0,1382.0
2005-11-07,1388.0,1420.0,1388.0,1410.0
2005-11-08,1450.0,1450.0,1380.0,1380.0
2005-11-09,1400.0,1529.0,1400.0,1510.0
2005-11-10,1473.0,1510.0,1470.0,1470.0
2005-11-11,1470.0,1494.0,1460.0,1494.0
2005-11-14,1510.0,1530.0,1480.0,1499.0
2005-11-15,1500.0,1560.0,1499.0,1550.0
2005-11-16,1550.0,1570.0,1540.0,1560.0
2005-11-17,1565.0,1570.0,1540.0,1570.0
2005-11-18,1568.0,1569.0,1490.0,1569.0
2005-11-21,1569.0,1569.0,1550.0,1550.0
2005-11-22,1550.0,1550.0,1540.0,1550.0
2005-11-23,1550.0,1550.0,1550.0,1550.0
2005-11-24,1555.0,1560.0,1544.0,1550.0
2005-11-25,1358.0,1496.0,1358.0,1476.0
2005-11-28,1436.0,1436.0,1380.0,1390.0
2005-11-29,1410.0,1410.0,1400.0,1400.0
2005-11-30,1420.0,1425.0,1391.0,1391.0
2005-12-01,1400.0,1420.0,1400.0,1420.0
2005-12-02,1418.0,1419.0,1395.0,1419.0
2005-12-05,1393.0,1420.0,1384.0,1420.0
2005-12-06,1420.0,1479.0,1420.0,1450.0
2005-12-07,1448.0,1455.0,1440.0,1450.0
2005-12-08,1450.0,1450.0,1435.0,1450.0
2005-12-09,1451.0,1455.0,1430.0,1430.0
2005-12-12,1430.0,1430.0,1400.0,1430.0
2005-12-13,1430.0,1451.0,1430.0,1450.0
2005-12-14,1453.0,1453.0,1441.0,1450.0
2005-12-15,1450.0,1460.0,1440.0,1460.0
2005-12-16,1440.0,1460.0,1390.0,1390.0
2005-12-19,1450.0,1475.0,1440.0,1450.0
2005-12-20,1470.0,1470.0,1430.0,1450.0
2005-12-21,1460.0,1460.0,1449.0,1450.0
2005-12-22,1459.0,1459.0,1400.0,1450.0
2005-12-23,1450.0,1450.0,1450.0,1450.0
2005-12-26,1450.0,1455.0,1400.0,1400.0
2005-12-27,1401.0,1401.0,1400.0,1401.0
2005-12-28,1400.0,1401.0,1350.0,1391.0
2005-12-29,1399.0,1400.0,1394.0,1399.0
2005-12-30,1419.0,1550.0,1371.0,1529.0
2006-01-02,1529.0,1529.0,1529.0,1529.0
2006-01-03,1529.0,1529.0,1529.0,1529.0
2006-01-04,1450.0,1455.0,1413.0,1452.0
2006-01-05,1452.0,1498.0,1452.0,1457.0
2006-01-06,1490.0,1490.0,1480.0,1480.0
2006-01-09,1480.0,1480.0,1480.0,1480.0
2006-01-10,1490.0,1490.0,1469.0,1469.0
2006-01-11,1472.0,1475.0,1472.0,1472.0
2006-01-12,1473.0,1475.0,1457.0,1457.0
2006-01-13,1474.0,1480.0,1474.0,1480.0
2006-01-16,1500.0,1525.0,1485.0,1520.0
2006-01-17,1520.0,1530.0,1500.0,1530.0
2006-01-18,1485.0,1490.0,1400.0,1450.0
2006-01-19,1310.0,1415.0,1310.0,1415.0
2006-01-20,1436.0,1500.0,1436.0,1500.0
2006-01-23,1480.0,1480.0,1416.0,1416.0
2006-01-24,1420.0,1420.0,1415.0,1415.0
2006-01-25,1475.0,1475.0,1454.0,1455.0
2006-01-26,1475.0,1475.0,1420.0,1420.0
2006-01-27,1461.0,1500.0,1450.0,1500.0
2006-01-30,1500.0,1510.0,1437.0,1450.0
2006-01-31,1491.0,1520.0,1452.0,1452.0
2006-02-01,1472.0,1472.0,1450.0,1450.0
2006-02-02,1470.0,1470.0,1470.0,1470.0
2006-02-03,1455.0,1455.0,1450.0,1450.0
2006-02-06,1450.0,1470.0,1450.0,1450.0
2006-02-07,1451.0,1489.0,1432.0,1432.0
2006-02-08,1432.0,1440.0,1430.0,1440.0
2006-02-09,1450.0,1450.0,1432.0,1432.0
2006-02-10,1450.0,1450.0,1432.0,1447.0
2006-02-13,1430.0,1450.0,1430.0,1449.0
2006-02-14,1449.0,1449.0,1380.0,1435.0
2006-02-15,1415.0,1450.0,1400.0,1400.0
2006-02-16,1449.0,1449.0,1400.0,1400.0
2006-02-17,1402.0,1402.0,1396.0,1396.0
2006-02-20,1321.0,1322.0,1280.0,1300.0
2006-02-21,1300.0,1400.0,1300.0,1400.0
2006-02-22,1399.0,1400.0,1399.0,1400.0
2006-02-23,1420.0,1430.0,1410.0,1430.0
2006-02-24,1360.0,1360.0,1360.0,1360.0
2006-02-27,1365.0,1380.0,1365.0,1380.0
2006-02-28,1390.0,1410.0,1365.0,1410.0
2006-03-01,1400.0,1400.0,1365.0,1400.0
2006-03-02,1400.0,1400.0,1353.0,1400.0
2006-03-03,1350.0,1390.0,1310.0,1390.0
2006-03-06,1390.0,1390.0,1390.0,1390.0
2006-03-07,1370.0,1370.0,1370.0,1370.0
2006-03-08,1370.0,1390.0,1370.0,1390.0
2006-03-09,1370.0,1400.0,1370.0,1400.0
2006-03-10,1395.0,1400.0,1395.0,1400.0
2006-03-13,1370.0,1370.0,1310.0,1310.0
2006-03-14,1370.0,1370.0,1340.0,1350.0
2006-03-15,1350.0,1398.0,1340.0,1398.0
2006-03-16,1358.0,1390.0,1343.0,1343.0
2006-03-17,1390.0,1390.0,1350.0,1389.0
2006-03-20,1389.0,1389.0,1346.0,1386.0
2006-03-21,1386.0,1386.0,1386.0,1386.0
2006-03-22,1350.0,1398.0,1350.0,1398.0
2006-03-23,1351.0,1388.0,1350.0,1388.0
2006-03-24,1387.0,1387.0,1350.0,1376.0
2006-03-27,1383.0,1383.0,1350.0,1370.0
2006-03-28,1374.0,1384.0,1374.0,1383.0
2006-03-29,1383.0,1383.0,1383.0,1383.0
2006-03-30,1370.0,1374.0,1370.0,1374.0
2006-03-31,1383.0,1410.0,1374.0,1410.0
2006-04-03,1400.0,1400.0,1374.0,1374.0
2006-04-04,1375.0,1380.0,1374.0,1374.0
2006-04-05,1374.0,1394.0,1374.0,1394.0
2006-04-06,1388.0,1388.0,1388.0,1388.0
2006-04-07,1390.0,1395.0,1390.0,1395.0
2006-04-10,1391.0,1410.0,1391.0,1410.0
2006-04-11,1420.0,1430.0,1420.0,1430.0
2006-04-12,1424.0,1424.0,1404.0,1409.0
2006-04-13,1402.0,1419.0,1402.0,1418.0
2006-04-14,1429.0,1429.0,1415.0,1415.0
2006-04-17,1424.0,1424.0,1424.0,1424.0
2006-04-18,1410.0,1416.0,1406.0,1416.0
2006-04-19,1418.0,1425.0,1411.0,1425.0
2006-04-20,1420.0,1429.0,1410.0,1423.0
2006-04-21,1424.0,1424.0,1410.0,1420.0
2006-04-24,1410.0,1418.0,1400.0,1418.0
2006-04-25,1400.0,1413.0,1388.0,1413.0
2006-04-26,1408.0,1415.0,1408.0,1415.0
2006-04-27,1409.0,1413.0,1409.0,1413.0
2006-04-28,1400.0,1413.0,1400.0,1412.0
2006-05-01,1413.0,1418.0,1413.0,1418.0
2006-05-02,1420.0,1420.0,1413.0,1417.0
2006-05-03,1417.0,1417.0,1417.0,1417.0
2006-05-04,1417.0,1417.0,1417.0,1417.0
2006-05-05,1417.0,1417.0,1417.0,1417.0
2006-05-08,1418.0,1418.0,1415.0,1415.0
2006-05-09,1415.0,1418.0,1415.0,1418.0
2006-05-10,1398.0,1416.0,1398.0,1416.0
2006-05-11,1400.0,1416.0,1400.0,1416.0
2006-05-12,1416.0,1416.0,1416.0,1416.0
2006-05-15,1400.0,1400.0,1400.0,1400.0
2006-05-16,1400.0,1419.0,1400.0,1419.0
2006-05-17,1419.0,1419.0,1390.0,1414.0
2006-05-18,1414.0,1414.0,1414.0,1414.0
2006-05-19,1413.0,1418.0,1400.0,1418.0
2006-05-22,1378.0,1413.0,1378.0,1413.0
2006-05-23,1398.0,1398.0,1398.0,1398.0
2006-05-24,1318.0,1410.0,1299.0,1410.0
2006-05-25,1339.0,1391.0,1339.0,1371.0
2006-05-26,1371.0,1371.0,1371.0,1371.0
2006-05-29,1371.0,1371.0,1371.0,1371.0
2006-05-30,1371.0,1371.0,1371.0,1371.0
2006-05-31,1346.0,1366.0,1346.0,1366.0
2006-06-01,1364.0,1364.0,1348.0,1361.0
2006-06-02,1365.0,1390.0,1351.0,1387.0
2006-06-05,1384.0,1387.0,1384.0,1387.0
2006-06-06,1387.0,1387.0,1387.0,1387.0
2006-06-07,1300.0,1380.0,1300.0,1369.0
2006-06-08,1377.0,1377.0,1325.0,1345.0
2006-06-09,1325.0,1375.0,1311.0,1349.0
2006-06-12,1318.0,1375.0,1318.0,1375.0
2006-06-13,1375.0,1375.0,1375.0,1375.0
2006-06-14,1350.0,1369.0,1350.0,1369.0
2006-06-15,1370.0,1409.0,1369.0,1409.0
2006-06-16,1410.0,1410.0,1360.0,1410.0
2006-06-19,1399.0,1399.0,1399.0,1399.0
2006-06-20,1399.0,1399.0,1399.0,1399.0
2006-06-21,1389.0,1389.0,1380.0,1389.0
2006-06-22,1388.0,1389.0,1388.0,1389.0
2006-06-23,1397.0,1397.0,1397.0,1397.0
2006-06-26,1372.0,1391.0,1372.0,1391.0
2006-06-27,1373.0,1390.0,1373.0,1390.0
2006-06-28,1388.0,1396.0,1388.0,1395.0
2006-06-29,1395.0,1395.0,1395.0,1395.0
2006-06-30,1393.0,1394.0,1393.0,1394.0
2006-07-03,1394.0,1394.0,1394.0,1394.0
2006-07-04,1394.0,1394.0,1394.0,1394.0
2006-07-05,1392.0,1392.0,1392.0,1392.0
2006-07-06,1390.0,1390.0,1340.0,1389.0
2006-07-07,1389.0,1389.0,1389.0,1389.0
2006-07-10,1389.0,1389.0,1389.0,1389.0
2006-07-11,1389.0,1389.0,1389.0,1389.0
2006-07-12,1389.0,1389.0,1389.0,1389.0
2006-07-13,1377.0,1400.0,1377.0,1380.0
2006-07-14,1363.0,1363.0,1350.0,1350.0
2006-07-17,1350.0,1350.0,1350.0,1350.0
2006-07-18,1325.0,1362.0,1325.0,1362.0
2006-07-19,1307.0,1372.0,1300.0,1372.0
2006-07-20,1312.0,1345.0,1306.0,1345.0
2006-07-21,1327.0,1327.0,1300.0,1327.0
2006-07-24,1302.0,1320.0,1290.0,1290.0
2006-07-25,1309.0,1309.0,1270.0,1270.0
2006-07-26,1100.0,1140.0,1100.0,1100.0
2006-07-27,1100.0,1101.0,1075.0,1100.0
2006-07-28,1129.0,1130.0,1117.0,1117.0
2006-07-31,1169.0,1169.0,1129.0,1160.0
2006-08-01,1160.0,1160.0,1160.0,1160.0
2006-08-02,1126.0,1135.0,1126.0,1135.0
2006-08-03,1148.0,1180.0,1140.0,1140.0
2006-08-04,1140.0,1145.0,1140.0,1145.0
2006-08-07,1169.0,1175.0,1145.0,1175.0
2006-08-08,1175.0,1175.0,1160.0,1170.0
2006-08-09,1155.0,1155.0,1150.0,1150.0
2006-08-10,1149.0,1150.0,1135.0,1150.0
2006-08-11,1140.0,1150.0,1140.0,1150.0
2006-08-14,1150.0,1150.0,1150.0,1150.0
2006-08-15,1130.0,1155.0,1130.0,1155.0
2006-08-16,1155.0,1175.0,1155.0,1169.0
2006-08-17,1180.0,1180.0,1125.0,1135.0
2006-08-18,1145.0,1145.0,1130.0,1145.0
2006-08-21,1143.0,1143.0,1115.0,1120.0
2006-08-22,1120.0,1129.0,1120.0,1129.0
2006-08-23,1130.0,1130.0,1130.0,1130.0
2006-08-24,1147.0,1147.0,1143.0,1143.0
2006-08-25,1140.0,1144.0,1135.0,1144.0
2006-08-28,1140.0,1155.0,1136.0,1140.0
2006-08-29,1144.0,1144.0,1143.0,1143.0
2006-08-30,1144.0,1144.0,1139.0,1140.0
2006-08-31,1139.0,1139.0,1132.0,1132.0
2006-09-01,1150.0,1150.0,1150.0,1150.0
2006-09-04,1137.0,1160.0,1136.0,1136.0
2006-09-05,1136.0,1140.0,1136.0,1140.0
2006-09-06,1155.0,1155.0,1155.0,1155.0
2006-09-07,1145.0,1145.0,1145.0,1145.0
2006-09-08,1150.0,1150.0,1150.0,1150.0
2006-09-11,1146.0,1146.0,1140.0,1140.0
2006-09-12,1145.0,1145.0,1139.0,1139.0
2006-09-13,1139.0,1139.0,1139.0,1139.0
2006-09-14,1133.0,1133.0,1133.0,1133.0
2006-09-15,1153.0,1153.0,1140.0,1140.0
2006-09-18,1140.0,1140.0,1140.0,1140.0
2006-09-19,1133.0,1133.0,1130.0,1133.0
2006-09-20,1127.0,1133.0,1126.0,1126.0
2006-09-21,1121.0,1122.0,1121.0,1122.0
2006-09-22,1121.0,1121.0,1104.0,1104.0
2006-09-25,1132.0,1132.0,1131.0,1131.0
2006-09-26,1150.0,1150.0,1133.0,1133.0
2006-09-27,1116.0,1126.0,1116.0,1126.0
2006-09-28,1126.0,1126.0,1126.0,1126.0
2006-09-29,1130.0,1133.0,1130.0,1130.0
2006-10-02,1131.0,1155.0,1131.0,1151.0
2006-10-03,1150.0,1150.0,1140.0,1150.0
2006-10-04,1140.0,1145.0,1140.0,1143.0
2006-10-05,1146.0,1151.0,1140.0,1145.0
2006-10-06,1151.0,1152.0,1145.0,1152.0
2006-10-09,1152.0,1152.0,1152.0,1152.0
2006-10-10,1152.0,1160.0,1152.0,1160.0
2006-10-11,1160.0,1191.0,1155.0,1188.0
2006-10-12,1180.0,1180.0,1180.0,1180.0
2006-10-13,1150.0,1150.0,1109.0,1125.0
2006-10-16,1128.0,1133.0,1100.0,1130.0
2006-10-17,1129.0,1129.0,1110.0,1110.0
2006-10-18,1111.0,1119.0,1111.0,1119.0
2006-10-19,1121.0,1129.0,1121.0,1129.0
2006-10-20,1120.0,1122.0,1120.0,1122.0
2006-10-23,1122.0,1128.0,1122.0,1124.0
2006-10-24,1130.0,1140.0,1130.0,1140.0
2006-10-25,1140.0,1140.0,1140.0,1140.0
2006-10-26,1140.0,1151.0,1140.0,1151.0
2006-10-27,1150.0,1150.0,1142.0,1148.0
2006-10-30,1148.0,1150.0,1145.0,1146.0
2006-10-31,1150.0,1151.0,1150.0,1151.0
2006-11-01,1151.0,1160.0,1145.0,1160.0
2006-11-02,1180.0,1180.0,1164.0,1164.0
2006-11-03,1164.0,1164.0,1164.0,1164.0
2006-11-06,1190.0,1190.0,1165.0,1189.0
2006-11-07,1190.0,1192.0,1190.0,1192.0
2006-11-08,1194.0,1195.0,1176.0,1176.0
2006-11-09,1176.0,1190.0,1176.0,1181.0
2006-11-10,1193.0,1193.0,1178.0,1193.0
2006-11-13,1198.0,1198.0,1182.0,1182.0
2006-11-14,1182.0,1196.0,1170.0,1194.0
2006-11-15,1198.0,1205.0,1198.0,1205.0
2006-11-16,1205.0,1230.0,1205.0,1230.0
2006-11-17,1228.0,1237.0,1228.0,1230.0
2006-11-20,1237.0,1239.0,1230.0,1230.0
2006-11-21,1230.0,1230.0,1216.0,1216.0
2006-11-22,1230.0,1230.0,1220.0,1230.0
2006-11-23,1230.0,1230.0,1230.0,1230.0
2006-11-24,1150.0,1199.0,1150.0,1199.0
2006-11-27,1150.0,1152.0,1150.0,1150.0
2006-11-28,1147.0,1147.0,1111.0,1115.0
2006-11-29,1115.0,1120.0,1113.0,1115.0
2006-11-30,1113.0,1115.0,1080.0,1089.0
2006-12-01,1115.0,1115.0,1079.0,1080.0
2006-12-04,1111.0,1111.0,1077.0,1109.0
2006-12-05,1080.0,1100.0,1080.0,1100.0
2006-12-06,1090.0,1100.0,1090.0,1100.0
2006-12-07,1085.0,1085.0,1084.0,1085.0
2006-12-08,1091.0,1091.0,1085.0,1085.0
2006-12-11,1085.0,1100.0,1075.0,1075.0
2006-12-12,1055.0,1055.0,1053.0,1055.0
2006-12-13,1054.0,1065.0,1054.0,1065.0
2006-12-14,1065.0,1100.0,1065.0,1095.0
2006-12-15,1070.0,1070.0,1069.0,1069.0
2006-12-18,1051.0,1051.0,1050.0,1050.0
2006-12-19,1070.0,1083.0,1058.0,1058.0
2006-12-20,1057.0,1083.0,1057.0,1063.0
2006-12-21,1059.0,1060.0,1021.0,1021.0
2006-12-22,1049.0,1049.0,1036.0,1036.0
2006-12-25,1011.0,1023.0,1000.0,1010.0
2006-12-26,1017.0,1017.0,996.0,1000.0
2006-12-27,997.0,997.0,991.0,992.0
2006-12-28,992.0,1000.0,990.0,1000.0
2006-12-29,1015.0,1015.0,1015.0,1015.0
2007-01-04,999.0,1000.0,999.0,1000.0
2007-01-05,1000.0,1070.0,1000.0,1070.0
2007-01-09,1077.0,1077.0,1070.0,1070.0
2007-01-10,1070.0,1070.0,1070.0,1070.0
2007-01-11,1040.0,1040.0,1040.0,1040.0
2007-01-12,1032.0,1032.0,1032.0,1032.0
2007-01-15,1040.0,1040.0,1000.0,1005.0
2007-01-16,1025.0,1025.0,1010.0,1015.0
2007-01-17,1023.0,1039.0,1022.0,1022.0
2007-01-18,1022.0,1054.0,1021.0,1054.0
2007-01-19,1034.0,1070.0,1034.0,1070.0
2007-01-22,1036.0,1044.0,1036.0,1044.0
2007-01-23,1046.0,1046.0,1046.0,1046.0
2007-01-24,1046.0,1046.0,1042.0,1046.0
2007-01-25,1069.0,1070.0,1050.0,1050.0
2007-01-26,1050.0,1051.0,1050.0,1050.0
2007-01-29,1050.0,1050.0,1045.0,1045.0
2007-01-30,1047.0,1047.0,1047.0,1047.0
2007-01-31,1048.0,1050.0,1020.0,1020.0
2007-02-01,1050.0,1050.0,1050.0,1050.0
2007-02-02,1050.0,1050.0,1050.0,1050.0
2007-02-05,1040.0,1040.0,1040.0,1040.0
2007-02-06,1058.0,1058.0,1058.0,1058.0
2007-02-07,1058.0,1058.0,1058.0,1058.0
2007-02-08,1050.0,1050.0,1050.0,1050.0
2007-02-09,1050.0,1050.0,1050.0,1050.0
2007-02-13,1050.0,1060.0,1045.0,1045.0
2007-02-14,1045.0,1054.0,1045.0,1046.0
2007-02-15,1046.0,1046.0,1046.0,1046.0
2007-02-16,1046.0,1046.0,1046.0,1046.0
2007-02-19,1056.0,1056.0,1040.0,1040.0
2007-02-20,1040.0,1050.0,1040.0,1050.0
2007-02-21,1050.0,1050.0,1038.0,1040.0
2007-02-22,1040.0,1040.0,1040.0,1040.0
2007-02-23,1040.0,1040.0,1035.0,1040.0
2007-02-26,1040.0,1040.0,1040.0,1040.0
2007-02-27,1033.0,1035.0,1033.0,1035.0
2007-02-28,1034.0,1035.0,1031.0,1031.0
2007-03-01,1040.0,1040.0,1031.0,1031.0
2007-03-02,1033.0,1033.0,1033.0,1033.0
2007-03-05,1033.0,1033.0,1031.0,1031.0
2007-03-06,1031.0,1031.0,1031.0,1031.0
2007-03-07,1031.0,1031.0,1031.0,1031.0
2007-03-08,1032.0,1032.0,1032.0,1032.0
2007-03-09,1034.0,1034.0,1032.0,1032.0
2007-03-12,1032.0,1032.0,1032.0,1032.0
2007-03-13,1032.0,1032.0,1032.0,1032.0
2007-03-14,1032.0,1032.0,1032.0,1032.0
2007-03-15,1032.0,1032.0,1032.0,1032.0
2007-03-16,1049.0,1049.0,1034.0,1034.0
2007-03-19,1045.0,1045.0,1045.0,1045.0
2007-03-20,1045.0,1050.0,1045.0,1050.0
2007-03-22,1055.0,1055.0,1040.0,1040.0
2007-03-23,1040.0,1040.0,1040.0,1040.0
2007-03-26,1035.0,1035.0,1035.0,1035.0
2007-03-27,1035.0,1035.0,1035.0,1035.0
2007-03-28,1035.0,1035.0,1035.0,1035.0
2007-03-29,1035.0,1035.0,1035.0,1035.0
2007-03-30,1050.0,1060.0,1050.0,1050.0
2007-04-02,1050.0,1050.0,1050.0,1050.0
2007-04-03,1050.0,1050.0,1031.0,1031.0
2007-04-04,1031.0,1048.0,1031.0,1048.0
2007-04-05,1050.0,1050.0,1050.0,1050.0
2007-04-06,1035.0,1035.0,1032.0,1032.0
2007-04-09,1032.0,1032.0,1032.0,1032.0
2007-04-10,1033.0,1033.0,1032.0,1032.0
2007-04-11,1031.0,1031.0,1025.0,1025.0
2007-04-12,1025.0,1025.0,1003.0,1025.0
2007-04-13,1005.0,1010.0,1005.0,1010.0
2007-04-16,1009.0,1009.0,995.0,995.0
2007-04-17,995.0,1000.0,990.0,991.0
2007-04-18,990.0,990.0,985.0,985.0
2007-04-19,980.0,980.0,930.0,960.0
2007-04-20,950.0,950.0,950.0,950.0
2007-04-23,950.0,950.0,945.0,945.0
2007-04-24,945.0,945.0,945.0,945.0
2007-04-25,944.0,944.0,940.0,941.0
2007-04-26,934.0,934.0,930.0,930.0
2007-04-27,930.0,930.0,921.0,921.0
2007-05-01,923.0,930.0,922.0,929.0
2007-05-02,930.0,931.0,930.0,931.0
2007-05-07,931.0,933.0,930.0,933.0
2007-05-08,931.0,933.0,925.0,932.0
2007-05-09,932.0,933.0,931.0,933.0
2007-05-10,932.0,933.0,930.0,933.0
2007-05-11,930.0,930.0,930.0,930.0
2007-05-14,930.0,930.0,920.0,920.0
2007-05-15,930.0,930.0,930.0,930.0
2007-05-16,930.0,930.0,930.0,930.0
2007-05-17,915.0,915.0,910.0,910.0
2007-05-18,908.0,908.0,906.0,908.0
2007-05-21,908.0,908.0,906.0,908.0
2007-05-22,908.0,908.0,907.0,908.0
2007-05-23,905.0,905.0,905.0,905.0
2007-05-24,903.0,904.0,900.0,904.0
2007-05-25,903.0,903.0,899.0,903.0
2007-05-28,902.0,903.0,900.0,900.0
2007-05-29,901.0,905.0,900.0,900.0
2007-05-30,900.0,900.0,898.0,898.0
2007-05-31,895.0,897.0,893.0,897.0
2007-06-01,897.0,900.0,897.0,900.0
2007-06-04,900.0,910.0,900.0,905.0
2007-06-05,905.0,905.0,904.0,904.0
2007-06-06,900.0,901.0,893.0,901.0
2007-06-07,900.0,900.0,900.0,900.0
2007-06-08,900.0,900.0,900.0,900.0
2007-06-11,900.0,900.0,896.0,900.0
2007-06-12,900.0,900.0,896.0,900.0
2007-06-13,900.0,900.0,896.0,896.0
2007-06-14,900.0,915.0,900.0,915.0
2007-06-15,919.0,919.0,910.0,910.0
2007-06-18,900.0,910.0,900.0,900.0
2007-06-19,900.0,905.0,900.0,905.0
2007-06-20,899.0,899.0,896.0,896.0
2007-06-21,895.0,896.0,893.0,896.0
2007-06-22,896.0,899.0,896.0,899.0
2007-06-25,898.0,898.0,890.0,895.0
2007-06-26,900.0,900.0,900.0,900.0
2007-06-27,900.0,900.0,900.0,900.0
2007-06-28,900.0,900.0,897.0,897.0
2007-06-29,895.0,895.0,895.0,895.0
2007-07-02,900.0,900.0,890.0,890.0
2007-07-03,890.0,900.0,890.0,890.0
2007-07-04,897.0,897.0,890.0,890.0
2007-07-05,890.0,891.0,883.0,883.0
2007-07-06,885.0,885.0,885.0,885.0
2007-07-09,883.0,883.0,875.0,875.0
2007-07-10,874.0,874.0,870.0,870.0
2007-07-11,873.0,874.0,873.0,874.0
2007-07-12,883.0,883.0,875.0,875.0
2007-07-13,874.0,874.0,870.0,870.0
2007-07-17,870.0,873.0,826.0,836.0
2007-07-18,837.0,845.0,830.0,845.0
2007-07-19,850.0,850.0,850.0,850.0
2007-07-20,850.0,850.0,850.0,850.0
2007-07-23,851.0,851.0,851.0,851.0
2007-07-24,850.0,850.0,841.0,841.0
2007-07-25,861.0,861.0,850.0,850.0
2007-07-26,840.0,840.0,834.0,834.0
2007-07-27,854.0,854.0,832.0,832.0
2007-07-30,812.0,820.0,812.0,820.0
2007-07-31,835.0,835.0,830.0,835.0
2007-08-01,835.0,835.0,831.0,831.0
2007-08-02,831.0,831.0,830.0,830.0
2007-08-03,830.0,830.0,830.0,830.0
2007-08-06,822.0,822.0,822.0,822.0
2007-08-07,822.0,822.0,821.0,821.0
2007-08-08,820.0,820.0,820.0,820.0
2007-08-09,820.0,820.0,820.0,820.0
2007-08-10,810.0,810.0,781.0,781.0
2007-08-13,781.0,781.0,781.0,781.0
2007-08-14,791.0,791.0,791.0,791.0
2007-08-15,791.0,799.0,766.0,766.0
2007-08-16,770.0,770.0,748.0,748.0
2007-08-17,748.0,748.0,735.0,748.0
2007-08-20,748.0,752.0,747.0,747.0
2007-08-21,749.0,750.0,749.0,750.0
2007-08-22,751.0,751.0,746.0,750.0
2007-08-23,750.0,750.0,750.0,750.0
2007-08-24,751.0,751.0,745.0,748.0
2007-08-27,746.0,746.0,745.0,746.0
2007-08-28,769.0,769.0,750.0,769.0
2007-08-29,769.0,769.0,745.0,745.0
2007-08-30,748.0,748.0,745.0,745.0
2007-08-31,750.0,751.0,750.0,751.0
2007-09-03,751.0,751.0,751.0,751.0
2007-09-04,756.0,756.0,755.0,755.0
2007-09-05,755.0,755.0,750.0,750.0
2007-09-06,751.0,751.0,751.0,751.0
2007-09-07,751.0,751.0,751.0,751.0
2007-09-10,755.0,755.0,752.0,752.0
2007-09-11,750.0,750.0,747.0,747.0
2007-09-12,751.0,751.0,747.0,747.0
2007-09-13,750.0,751.0,747.0,747.0
2007-09-14,747.0,750.0,743.0,743.0
2007-09-18,749.0,749.0,749.0,749.0
2007-09-19,750.0,750.0,744.0,745.0
2007-09-20,746.0,750.0,745.0,745.0
2007-09-21,750.0,751.0,750.0,750.0
2007-09-25,755.0,755.0,750.0,750.0
2007-09-26,750.0,750.0,742.0,746.0
2007-09-27,764.0,764.0,760.0,760.0
2007-09-28,760.0,760.0,759.0,760.0
2007-10-01,761.0,761.0,759.0,759.0
2007-10-02,777.0,777.0,766.0,766.0
2007-10-03,768.0,777.0,765.0,774.0
2007-10-04,776.0,778.0,772.0,777.0
2007-10-05,772.0,788.0,768.0,768.0
2007-10-09,771.0,780.0,769.0,770.0
2007-10-10,776.0,776.0,768.0,768.0
2007-10-11,774.0,774.0,766.0,770.0
2007-10-12,775.0,776.0,765.0,765.0
2007-10-15,766.0,767.0,755.0,765.0
2007-10-16,767.0,767.0,767.0,767.0
2007-10-17,767.0,769.0,750.0,750.0
2007-10-18,760.0,760.0,755.0,755.0
2007-10-19,755.0,755.0,751.0,755.0
2007-10-22,750.0,752.0,750.0,750.0
2007-10-23,753.0,760.0,750.0,760.0
2007-10-24,766.0,766.0,750.0,753.0
2007-10-25,769.0,769.0,752.0,760.0
2007-10-26,770.0,773.0,770.0,771.0
2007-10-29,780.0,787.0,776.0,778.0
2007-10-30,775.0,775.0,775.0,775.0
2007-10-31,778.0,780.0,778.0,780.0
2007-11-01,787.0,787.0,781.0,781.0
2007-11-02,787.0,788.0,787.0,788.0
2007-11-05,795.0,849.0,795.0,810.0
2007-11-06,820.0,820.0,805.0,819.0
2007-11-07,820.0,825.0,816.0,816.0
2007-11-08,822.0,822.0,809.0,810.0
2007-11-09,811.0,812.0,808.0,808.0
2007-11-12,798.0,810.0,780.0,780.0
2007-11-13,810.0,812.0,786.0,786.0
2007-11-14,786.0,786.0,785.0,785.0
2007-11-15,806.0,806.0,806.0,806.0
2007-11-16,792.0,800.0,788.0,788.0
2007-11-19,788.0,788.0,753.0,755.0
2007-11-20,757.0,760.0,756.0,760.0
2007-11-21,763.0,763.0,757.0,758.0
2007-11-22,766.0,766.0,761.0,765.0
2007-11-26,766.0,780.0,765.0,769.0
2007-11-27,719.0,719.0,680.0,690.0
2007-11-28,694.0,700.0,693.0,700.0
2007-11-29,706.0,710.0,701.0,705.0
2007-11-30,712.0,712.0,693.0,694.0
2007-12-03,694.0,694.0,680.0,691.0
2007-12-04,690.0,690.0,682.0,684.0
2007-12-05,684.0,684.0,680.0,680.0
2007-12-06,678.0,680.0,661.0,662.0
2007-12-07,662.0,662.0,652.0,652.0
2007-12-10,655.0,669.0,655.0,660.0
2007-12-11,668.0,668.0,660.0,667.0
2007-12-12,664.0,698.0,664.0,670.0
2007-12-13,682.0,682.0,682.0,682.0
2007-12-14,682.0,685.0,680.0,680.0
2007-12-17,676.0,696.0,652.0,687.0
2007-12-18,692.0,692.0,660.0,660.0
2007-12-19,690.0,690.0,650.0,650.0
2007-12-20,640.0,659.0,640.0,659.0
2007-12-21,656.0,656.0,637.0,637.0
2007-12-25,687.0,687.0,633.0,634.0
2007-12-26,634.0,634.0,634.0,634.0
2007-12-27,635.0,640.0,635.0,640.0
2007-12-28,650.0,650.0,650.0,650.0
2008-01-04,650.0,650.0,645.0,645.0
2008-01-07,660.0,660.0,655.0,655.0
2008-01-08,655.0,655.0,655.0,655.0
2008-01-09,670.0,670.0,644.0,646.0
2008-01-10,656.0,656.0,656.0,656.0
2008-01-11,650.0,656.0,641.0,641.0
2008-01-15,636.0,636.0,636.0,636.0
2008-01-16,636.0,636.0,600.0,600.0
2008-01-17,595.0,597.0,593.0,593.0
2008-01-18,596.0,610.0,596.0,610.0
2008-01-21,610.0,610.0,600.0,610.0
2008-01-22,602.0,602.0,602.0,602.0
2008-01-23,602.0,602.0,597.0,597.0
2008-01-24,597.0,610.0,596.0,609.0
2008-01-25,639.0,639.0,630.0,630.0
2008-01-28,629.0,629.0,629.0,629.0
2008-01-29,629.0,629.0,629.0,629.0
2008-01-30,625.0,625.0,555.0,600.0
2008-01-31,600.0,600.0,570.0,580.0
2008-02-01,580.0,580.0,570.0,570.0
2008-02-04,615.0,620.0,600.0,620.0
2008-02-05,620.0,620.0,620.0,620.0
2008-02-06,615.0,615.0,594.0,594.0
2008-02-07,604.0,604.0,600.0,600.0
2008-02-08,592.0,595.0,592.0,593.0
2008-02-12,593.0,593.0,593.0,593.0
2008-02-13,592.0,599.0,590.0,591.0
2008-02-14,600.0,600.0,581.0,581.0
2008-02-15,583.0,600.0,583.0,600.0
2008-02-18,600.0,600.0,600.0,600.0
2008-02-19,600.0,600.0,590.0,597.0
2008-02-20,597.0,597.0,597.0,597.0
2008-02-21,594.0,607.0,594.0,600.0
2008-02-22,600.0,600.0,600.0,600.0
2008-02-25,601.0,601.0,596.0,596.0
2008-02-26,598.0,600.0,598.0,600.0
2008-02-27,600.0,600.0,600.0,600.0
2008-02-28,600.0,605.0,600.0,600.0
2008-02-29,600.0,610.0,600.0,600.0
2008-03-03,597.0,600.0,597.0,600.0
2008-03-04,600.0,600.0,600.0,600.0
2008-03-05,600.0,610.0,600.0,600.0
2008-03-06,590.0,600.0,590.0,600.0
2008-03-07,590.0,600.0,588.0,600.0
2008-03-10,583.0,585.0,580.0,582.0
2008-03-11,580.0,585.0,570.0,585.0
2008-03-12,585.0,600.0,585.0,600.0
2008-03-13,600.0,605.0,590.0,604.0
2008-03-14,604.0,604.0,604.0,604.0
2008-03-17,582.0,582.0,570.0,572.0
2008-03-18,570.0,570.0,560.0,560.0
2008-03-19,550.0,560.0,550.0,552.0
2008-03-21,552.0,553.0,545.0,545.0
2008-03-24,545.0,545.0,540.0,542.0
2008-03-25,542.0,545.0,537.0,545.0
2008-03-26,545.0,550.0,545.0,550.0
2008-03-27,550.0,551.0,550.0,551.0
2008-03-28,551.0,559.0,551.0,559.0
2008-03-31,559.0,559.0,559.0,559.0
2008-04-01,559.0,559.0,559.0,559.0
2008-04-02,559.0,564.0,559.0,564.0
2008-04-03,568.0,570.0,568.0,570.0
2008-04-04,570.0,570.0,536.0,548.0
2008-04-07,548.0,559.0,548.0,559.0
2008-04-08,555.0,555.0,555.0,555.0
2008-04-09,556.0,556.0,556.0,556.0
2008-04-10,556.0,556.0,556.0,556.0
2008-04-11,556.0,556.0,556.0,556.0
2008-04-14,556.0,556.0,553.0,553.0
2008-04-15,568.0,580.0,568.0,580.0
2008-04-16,579.0,596.0,579.0,596.0
2008-04-17,596.0,596.0,596.0,596.0
2008-04-18,596.0,596.0,570.0,590.0
2008-04-21,561.0,571.0,561.0,570.0
2008-04-22,579.0,580.0,570.0,575.0
2008-04-23,570.0,570.0,563.0,567.0
2008-04-24,567.0,567.0,567.0,567.0
2008-04-25,578.0,582.0,578.0,580.0
2008-04-28,580.0,590.0,570.0,570.0
2008-04-30,580.0,580.0,565.0,580.0
2008-05-01,582.0,582.0,582.0,582.0
2008-05-02,575.0,575.0,575.0,575.0
2008-05-07,590.0,590.0,570.0,570.0
2008-05-08,571.0,572.0,570.0,570.0
2008-05-09,570.0,578.0,568.0,578.0
2008-05-12,571.0,580.0,571.0,580.0
2008-05-13,590.0,592.0,590.0,592.0
2008-05-14,600.0,600.0,595.0,595.0
2008-05-15,597.0,600.0,595.0,595.0
2008-05-16,595.0,614.0,595.0,614.0
2008-05-19,628.0,628.0,605.0,624.0
2008-05-20,622.0,622.0,622.0,622.0
2008-05-21,622.0,622.0,622.0,622.0
2008-05-22,601.0,602.0,600.0,600.0
2008-05-23,600.0,620.0,600.0,600.0
2008-05-26,615.0,615.0,615.0,615.0
2008-05-27,614.0,623.0,605.0,623.0
2008-05-28,624.0,639.0,624.0,639.0
2008-05-29,635.0,659.0,609.0,639.0
2008-05-30,659.0,659.0,659.0,659.0
2008-06-02,658.0,718.0,658.0,670.0
2008-06-03,651.0,669.0,650.0,669.0
2008-06-04,650.0,668.0,620.0,668.0
2008-06-05,666.0,709.0,659.0,659.0
2008-06-06,669.0,709.0,657.0,657.0
2008-06-09,637.0,694.0,627.0,655.0
2008-06-10,694.0,694.0,694.0,694.0
2008-06-11,690.0,690.0,690.0,690.0
2008-06-12,669.0,669.0,669.0,669.0
2008-06-13,671.0,671.0,671.0,671.0
2008-06-16,689.0,689.0,689.0,689.0
2008-06-17,661.0,670.0,660.0,670.0
2008-06-18,670.0,670.0,660.0,670.0
2008-06-19,679.0,680.0,664.0,664.0
2008-06-20,664.0,678.0,664.0,670.0
2008-06-23,679.0,679.0,670.0,670.0
2008-06-24,690.0,690.0,690.0,690.0
2008-06-25,695.0,695.0,695.0,695.0
2008-06-26,694.0,694.0,673.0,680.0
2008-06-27,680.0,680.0,679.0,679.0
2008-06-30,685.0,685.0,685.0,685.0
2008-07-01,680.0,695.0,675.0,675.0
2008-07-02,675.0,689.0,675.0,680.0
2008-07-03,650.0,670.0,650.0,650.0
2008-07-04,650.0,650.0,650.0,650.0
2008-07-07,650.0,650.0,650.0,650.0
2008-07-08,640.0,640.0,640.0,640.0
2008-07-09,640.0,640.0,640.0,640.0
2008-07-10,680.0,680.0,679.0,680.0
2008-07-11,679.0,710.0,679.0,690.0
2008-07-14,705.0,705.0,690.0,700.0
2008-07-15,692.0,700.0,692.0,695.0
2008-07-16,692.0,692.0,691.0,692.0
2008-07-17,682.0,685.0,680.0,685.0
2008-07-18,675.0,680.0,670.0,672.0
2008-07-22,671.0,681.0,671.0,681.0
2008-07-23,681.0,689.0,675.0,682.0
2008-07-24,680.0,683.0,680.0,682.0
2008-07-25,687.0,687.0,687.0,687.0
2008-07-28,697.0,700.0,687.0,687.0
2008-07-29,682.0,684.0,682.0,684.0
2008-07-30,695.0,695.0,695.0,695.0
2008-07-31,693.0,695.0,693.0,695.0
2008-08-01,691.0,691.0,691.0,691.0
2008-08-04,695.0,695.0,695.0,695.0
2008-08-05,691.0,693.0,690.0,690.0
2008-08-06,687.0,690.0,687.0,687.0
2008-08-07,687.0,687.0,680.0,682.0
2008-08-08,682.0,690.0,682.0,690.0
2008-08-11,688.0,690.0,688.0,690.0
2008-08-12,689.0,690.0,686.0,690.0
2008-08-13,675.0,690.0,675.0,683.0
2008-08-14,689.0,690.0,689.0,690.0
2008-08-15,694.0,694.0,694.0,694.0
2008-08-18,614.0,631.0,614.0,616.0
2008-08-19,636.0,650.0,636.0,650.0
2008-08-20,632.0,640.0,632.0,640.0
2008-08-21,640.0,640.0,617.0,620.0
2008-08-22,620.0,620.0,620.0,620.0
2008-08-25,640.0,647.0,640.0,644.0
2008-08-26,653.0,653.0,653.0,653.0
2008-08-27,653.0,653.0,650.0,650.0
2008-08-28,655.0,655.0,645.0,645.0
2008-08-29,655.0,655.0,647.0,650.0
2008-09-01,659.0,659.0,659.0,659.0
2008-09-02,667.0,667.0,667.0,667.0
2008-09-03,667.0,667.0,667.0,667.0
2008-09-04,660.0,660.0,640.0,653.0
2008-09-05,630.0,630.0,630.0,630.0
2008-09-08,630.0,640.0,630.0,635.0
2008-09-09,634.0,635.0,634.0,635.0
2008-09-10,635.0,635.0,635.0,635.0
2008-09-11,645.0,645.0,645.0,645.0
2008-09-12,635.0,635.0,630.0,631.0
2008-09-16,620.0,640.0,620.0,620.0
2008-09-17,620.0,620.0,600.0,613.0
2008-09-18,610.0,615.0,610.0,610.0
2008-09-19,614.0,614.0,609.0,609.0
2008-09-22,615.0,615.0,612.0,612.0
2008-09-24,612.0,612.0,612.0,612.0
2008-09-25,613.0,613.0,610.0,610.0
2008-09-26,625.0,625.0,625.0,625.0
2008-09-29,625.0,625.0,625.0,625.0
2008-09-30,621.0,630.0,621.0,630.0
2008-10-01,620.0,620.0,620.0,620.0
2008-10-02,612.0,612.0,610.0,610.0
2008-10-03,610.0,620.0,605.0,619.0
2008-10-06,619.0,634.0,610.0,634.0
2008-10-07,600.0,600.0,595.0,600.0
2008-10-08,550.0,552.0,545.0,552.0
2008-10-09,549.0,555.0,540.0,540.0
2008-10-10,530.0,540.0,520.0,535.0
2008-10-14,536.0,590.0,536.0,590.0
2008-10-15,580.0,585.0,550.0,575.0
2008-10-16,570.0,575.0,548.0,548.0
2008-10-17,551.0,575.0,551.0,575.0
2008-10-20,570.0,571.0,570.0,571.0
2008-10-21,572.0,572.0,571.0,572.0
2008-10-22,575.0,575.0,571.0,572.0
2008-10-23,570.0,570.0,560.0,560.0
2008-10-24,560.0,562.0,560.0,562.0
2008-10-27,563.0,563.0,525.0,558.0
2008-10-28,548.0,549.0,508.0,522.0
2008-10-29,526.0,527.0,522.0,527.0
2008-10-30,528.0,535.0,528.0,535.0
2008-10-31,548.0,548.0,530.0,538.0
2008-11-04,535.0,548.0,527.0,538.0
2008-11-05,548.0,548.0,540.0,545.0
2008-11-06,548.0,548.0,545.0,548.0
2008-11-07,550.0,559.0,550.0,559.0
2008-11-10,560.0,560.0,557.0,559.0
2008-11-11,560.0,565.0,559.0,559.0
2008-11-12,558.0,575.0,558.0,559.0
2008-11-13,559.0,559.0,557.0,557.0
2008-11-14,569.0,569.0,567.0,567.0
2008-11-17,573.0,573.0,566.0,566.0
2008-11-18,585.0,585.0,575.0,575.0
2008-11-19,575.0,579.0,550.0,565.0
2008-11-20,568.0,571.0,560.0,565.0
2008-11-21,555.0,572.0,555.0,565.0
2008-11-25,533.0,539.0,529.0,530.0
2008-11-26,526.0,526.0,515.0,515.0
2008-11-27,518.0,518.0,515.0,515.0
2008-11-28,515.0,530.0,515.0,530.0
2008-12-01,515.0,520.0,511.0,513.0
2008-12-02,512.0,513.0,511.0,511.0
2008-12-03,512.0,512.0,512.0,512.0
2008-12-04,512.0,512.0,510.0,510.0
2008-12-05,510.0,510.0,510.0,510.0
2008-12-08,510.0,510.0,505.0,505.0
2008-12-09,482.0,482.0,482.0,482.0
2008-12-10,493.0,494.0,486.0,488.0
2008-12-11,525.0,530.0,500.0,501.0
2008-12-12,502.0,503.0,500.0,500.0
2008-12-15,501.0,501.0,501.0,501.0
2008-12-16,502.0,502.0,502.0,502.0
2008-12-17,505.0,505.0,505.0,505.0
2008-12-18,499.0,499.0,490.0,498.0
2008-12-19,490.0,519.0,490.0,519.0
2008-12-22,510.0,522.0,502.0,522.0
2008-12-24,500.0,505.0,492.0,505.0
2008-12-25,529.0,529.0,519.0,528.0
2008-12-26,501.0,501.0,501.0,501.0
2008-12-29,501.0,501.0,500.0,500.0
2008-12-30,500.0,500.0,500.0,500.0
2009-01-05,500.0,500.0,500.0,500.0
2009-01-06,501.0,505.0,501.0,505.0
2009-01-07,505.0,515.0,505.0,515.0
2009-01-08,507.0,507.0,505.0,505.0
2009-01-09,505.0,505.0,503.0,503.0
2009-01-13,500.0,503.0,500.0,503.0
2009-01-14,496.0,503.0,494.0,503.0
2009-01-15,500.0,503.0,495.0,495.0
2009-01-16,495.0,495.0,492.0,492.0
2009-01-19,493.0,493.0,492.0,492.0
2009-01-20,492.0,492.0,486.0,486.0
2009-01-21,482.0,482.0,482.0,482.0
2009-01-22,482.0,482.0,482.0,482.0
2009-01-23,482.0,487.0,482.0,487.0
2009-01-26,493.0,506.0,492.0,506.0
2009-01-27,506.0,506.0,506.0,506.0
2009-01-28,506.0,506.0,506.0,506.0
2009-01-29,495.0,495.0,495.0,495.0
2009-01-30,495.0,495.0,495.0,495.0
2009-02-02,494.0,494.0,492.0,492.0
2009-02-03,492.0,492.0,492.0,492.0
2009-02-04,492.0,495.0,492.0,495.0
2009-02-05,495.0,495.0,495.0,495.0
2009-02-06,495.0,495.0,495.0,495.0
2009-02-09,501.0,501.0,500.0,500.0
2009-02-10,500.0,500.0,500.0,500.0
2009-02-12,500.0,500.0,500.0,500.0
2009-02-13,500.0,500.0,500.0,500.0
2009-02-16,500.0,500.0,500.0,500.0
2009-02-17,500.0,500.0,500.0,500.0
2009-02-18,498.0,499.0,498.0,499.0
2009-02-19,500.0,500.0,498.0,498.0
2009-02-20,501.0,501.0,498.0,498.0
2009-02-23,500.0,500.0,499.0,499.0
2009-02-24,495.0,500.0,495.0,500.0
2009-02-25,502.0,510.0,500.0,500.0
2009-02-26,500.0,500.0,500.0,500.0
2009-02-27,501.0,501.0,501.0,501.0
2009-03-02,505.0,505.0,503.0,503.0
2009-03-03,509.0,510.0,505.0,510.0
2009-03-04,510.0,511.0,510.0,511.0
2009-03-05,511.0,511.0,511.0,511.0
2009-03-06,515.0,515.0,515.0,515.0
2009-03-09,516.0,519.0,516.0,518.0
2009-03-10,518.0,518.0,518.0,518.0
2009-03-11,518.0,518.0,518.0,518.0
2009-03-12,518.0,518.0,518.0,518.0
2009-03-13,519.0,519.0,519.0,519.0
2009-03-16,517.0,522.0,517.0,522.0
2009-03-17,505.0,529.0,505.0,529.0
2009-03-18,529.0,530.0,507.0,530.0
2009-03-19,535.0,550.0,535.0,535.0
2009-03-23,530.0,530.0,530.0,530.0
2009-03-24,530.0,530.0,530.0,530.0
2009-03-25,530.0,530.0,525.0,525.0
2009-03-26,512.0,512.0,512.0,512.0
2009-03-27,515.0,515.0,512.0,512.0
2009-03-30,512.0,512.0,512.0,512.0
2009-03-31,525.0,525.0,516.0,516.0
2009-04-01,515.0,515.0,515.0,515.0
2009-04-02,519.0,545.0,515.0,545.0
2009-04-03,545.0,545.0,530.0,530.0
2009-04-06,530.0,530.0,530.0,530.0
2009-04-07,530.0,530.0,530.0,530.0
2009-04-08,540.0,540.0,540.0,540.0
2009-04-09,540.0,540.0,540.0,540.0
2009-04-10,540.0,540.0,540.0,540.0
2009-04-13,540.0,540.0,540.0,540.0
2009-04-14,530.0,530.0,530.0,530.0
2009-04-15,521.0,521.0,521.0,521.0
2009-04-16,521.0,521.0,521.0,521.0
2009-04-17,521.0,521.0,521.0,521.0
2009-04-20,522.0,522.0,522.0,522.0
2009-04-21,524.0,526.0,523.0,526.0
2009-04-22,524.0,524.0,524.0,524.0
2009-04-23,526.0,526.0,526.0,526.0
2009-04-24,546.0,549.0,546.0,549.0
2009-04-27,546.0,546.0,546.0,546.0
2009-04-28,536.0,536.0,530.0,530.0
2009-04-30,530.0,530.0,530.0,530.0
2009-05-01,547.0,547.0,525.0,525.0
2009-05-07,526.0,530.0,526.0,530.0
2009-05-08,528.0,548.0,528.0,548.0
2009-05-11,532.0,548.0,532.0,548.0
2009-05-12,548.0,548.0,548.0,548.0
2009-05-13,547.0,547.0,547.0,547.0
2009-05-14,547.0,547.0,547.0,547.0
2009-05-15,546.0,546.0,546.0,546.0
2009-05-18,542.0,542.0,542.0,542.0
2009-05-19,542.0,542.0,542.0,542.0
2009-05-20,542.0,542.0,542.0,542.0
2009-05-21,540.0,540.0,540.0,540.0
2009-05-22,540.0,540.0,540.0,540.0
2009-05-25,550.0,550.0,540.0,540.0
2009-05-26,540.0,540.0,540.0,540.0
2009-05-27,541.0,545.0,541.0,545.0
2009-05-28,540.0,545.0,540.0,540.0
2009-05-29,541.0,541.0,541.0,541.0
2009-06-01,541.0,541.0,541.0,541.0
2009-06-02,560.0,570.0,560.0,570.0
2009-06-03,569.0,570.0,569.0,569.0
2009-06-04,569.0,570.0,569.0,570.0
2009-06-05,570.0,573.0,560.0,560.0
2009-06-08,563.0,570.0,563.0,570.0
2009-06-09,570.0,570.0,567.0,569.0
2009-06-10,570.0,615.0,570.0,615.0
2009-06-11,609.0,609.0,609.0,609.0
2009-06-12,602.0,602.0,602.0,602.0
2009-06-15,602.0,602.0,595.0,602.0
2009-06-16,580.0,580.0,578.0,578.0
2009-06-17,578.0,580.0,578.0,580.0
2009-06-18,581.0,581.0,580.0,580.0
2009-06-19,581.0,584.0,581.0,584.0
2009-06-22,583.0,586.0,582.0,583.0
2009-06-23,586.0,586.0,585.0,585.0
2009-06-24,585.0,585.0,570.0,571.0
2009-06-25,619.0,619.0,580.0,582.0
2009-06-26,590.0,590.0,590.0,590.0
2009-06-29,605.0,605.0,601.0,603.0
2009-06-30,605.0,609.0,604.0,604.0
2009-07-01,604.0,610.0,601.0,601.0
2009-07-02,602.0,609.0,602.0,606.0
2009-07-03,606.0,609.0,606.0,609.0
2009-07-06,609.0,615.0,609.0,615.0
2009-07-07,615.0,615.0,609.0,609.0
2009-07-08,609.0,609.0,603.0,606.0
2009-07-09,603.0,607.0,603.0,607.0
2009-07-10,604.0,604.0,604.0,604.0
2009-07-13,604.0,625.0,602.0,602.0
2009-07-14,602.0,603.0,601.0,602.0
2009-07-15,600.0,602.0,600.0,600.0
2009-07-16,600.0,601.0,599.0,599.0
2009-07-17,599.0,600.0,599.0,600.0
2009-07-21,600.0,608.0,600.0,608.0
2009-07-22,611.0,612.0,610.0,612.0
2009-07-23,612.0,612.0,612.0,612.0
2009-07-24,615.0,626.0,615.0,626.0
2009-07-27,638.0,638.0,630.0,630.0
2009-07-28,635.0,635.0,625.0,625.0
2009-07-29,625.0,627.0,623.0,623.0
2009-07-30,625.0,625.0,625.0,625.0
2009-07-31,623.0,624.0,620.0,620.0
2009-08-03,628.0,628.0,625.0,625.0
2009-08-04,628.0,629.0,619.0,619.0
2009-08-05,620.0,620.0,620.0,620.0
2009-08-06,625.0,625.0,619.0,619.0
2009-08-07,627.0,629.0,616.0,629.0
2009-08-10,630.0,630.0,630.0,630.0
2009-08-11,629.0,630.0,629.0,630.0
2009-08-12,630.0,633.0,621.0,633.0
2009-08-13,634.0,634.0,630.0,630.0
2009-08-14,630.0,635.0,630.0,635.0
2009-08-17,643.0,643.0,633.0,633.0
2009-08-18,643.0,643.0,633.0,633.0
2009-08-19,643.0,643.0,635.0,637.0
2009-08-20,640.0,640.0,637.0,637.0
2009-08-21,640.0,642.0,640.0,640.0
2009-08-24,643.0,664.0,643.0,662.0
2009-08-25,662.0,662.0,652.0,662.0
2009-08-26,666.0,668.0,662.0,662.0
2009-08-27,662.0,663.0,662.0,662.0
2009-08-28,666.0,697.0,666.0,692.0
2009-08-31,700.0,707.0,682.0,707.0
2009-09-02,690.0,709.0,685.0,699.0
2009-09-03,709.0,709.0,699.0,701.0
2009-09-04,706.0,706.0,699.0,700.0
2009-09-07,702.0,705.0,702.0,702.0
2009-09-08,703.0,703.0,702.0,702.0
2009-09-09,705.0,705.0,700.0,700.0
2009-09-10,705.0,705.0,702.0,702.0
2009-09-11,702.0,702.0,700.0,700.0
2009-09-14,701.0,701.0,700.0,700.0
2009-09-15,703.0,705.0,700.0,703.0
2009-09-16,703.0,706.0,703.0,706.0
2009-09-17,705.0,707.0,701.0,707.0
2009-09-18,705.0,706.0,703.0,703.0
2009-09-21,703.0,703.0,703.0,703.0
2009-09-24,700.0,700.0,700.0,700.0
2009-09-25,700.0,700.0,700.0,700.0
2009-09-28,700.0,706.0,700.0,701.0
2009-09-29,708.0,708.0,701.0,701.0
2009-09-30,701.0,701.0,698.0,700.0
2009-10-01,700.0,701.0,693.0,693.0
2009-10-02,675.0,698.0,675.0,698.0
2009-10-05,698.0,698.0,671.0,695.0
2009-10-06,695.0,695.0,670.0,685.0
2009-10-07,685.0,685.0,685.0,685.0
2009-10-08,672.0,688.0,672.0,681.0
2009-10-09,676.0,678.0,675.0,676.0
2009-10-13,678.0,679.0,675.0,678.0
2009-10-14,680.0,680.0,675.0,680.0
2009-10-15,680.0,680.0,677.0,678.0
2009-10-16,679.0,680.0,678.0,680.0
2009-10-19,680.0,689.0,680.0,684.0
2009-10-20,681.0,683.0,681.0,682.0
2009-10-21,684.0,684.0,681.0,682.0
2009-10-22,682.0,683.0,681.0,681.0
2009-10-23,684.0,685.0,681.0,685.0
2009-10-26,685.0,690.0,680.0,690.0
2009-10-27,691.0,700.0,690.0,700.0
2009-10-28,705.0,709.0,703.0,709.0
2009-10-29,709.0,715.0,705.0,715.0
2009-10-30,715.0,717.0,701.0,715.0
2009-11-02,714.0,714.0,706.0,714.0
2009-11-04,714.0,714.0,700.0,713.0
2009-11-05,711.0,711.0,700.0,702.0
2009-11-06,702.0,705.0,702.0,705.0
2009-11-09,708.0,710.0,700.0,710.0
2009-11-10,712.0,712.0,705.0,705.0
2009-11-11,713.0,713.0,700.0,700.0
2009-11-12,698.0,698.0,693.0,694.0
2009-11-13,704.0,704.0,690.0,691.0
2009-11-16,681.0,682.0,681.0,682.0
2009-11-17,680.0,684.0,657.0,657.0
2009-11-18,655.0,659.0,648.0,648.0
2009-11-19,630.0,659.0,630.0,644.0
2009-11-20,644.0,653.0,644.0,645.0
2009-11-24,645.0,663.0,645.0,663.0
2009-11-25,645.0,657.0,645.0,657.0
2009-11-26,586.0,607.0,577.0,590.0
2009-11-27,570.0,575.0,565.0,565.0
2009-11-30,556.0,563.0,551.0,554.0
2009-12-01,552.0,560.0,551.0,552.0
2009-12-02,555.0,560.0,551.0,552.0
2009-12-03,553.0,555.0,553.0,555.0
2009-12-04,555.0,560.0,553.0,555.0
2009-12-07,557.0,565.0,557.0,564.0
2009-12-08,560.0,564.0,560.0,560.0
2009-12-09,560.0,560.0,558.0,559.0
2009-12-10,559.0,559.0,559.0,559.0
2009-12-11,562.0,564.0,562.0,563.0
2009-12-14,559.0,559.0,559.0,559.0
2009-12-15,564.0,565.0,564.0,564.0
2009-12-16,564.0,564.0,564.0,564.0
2009-12-17,558.0,560.0,558.0,560.0
2009-12-18,557.0,559.0,557.0,558.0
2009-12-21,558.0,559.0,558.0,559.0
2009-12-22,557.0,570.0,557.0,570.0
2009-12-24,571.0,572.0,571.0,572.0
2009-12-25,580.0,580.0,575.0,575.0
2009-12-28,584.0,585.0,578.0,585.0
2009-12-29,570.0,573.0,570.0,573.0
2009-12-30,574.0,575.0,574.0,575.0
2010-01-04,575.0,575.0,575.0,575.0
2010-01-05,575.0,575.0,575.0,575.0
2010-01-06,575.0,575.0,575.0,575.0
2010-01-07,575.0,575.0,575.0,575.0
2010-01-08,575.0,575.0,575.0,575.0
2010-01-12,575.0,575.0,575.0,575.0
2010-01-13,575.0,575.0,575.0,575.0
2010-01-14,575.0,575.0,575.0,575.0
2010-01-15,575.0,575.0,575.0,575.0
2010-01-18,575.0,575.0,575.0,575.0
2010-01-19,575.0,575.0,575.0,575.0
2010-01-20,575.0,575.0,575.0,575.0
2010-01-21,575.0,575.0,575.0,575.0
2010-01-22,575.0,575.0,575.0,575.0
2010-01-25,575.0,575.0,575.0,575.0
2010-01-26,575.0,575.0,575.0,575.0
2010-01-27,575.0,575.0,575.0,575.0
2010-01-28,575.0,575.0,575.0,575.0
2010-01-29,575.0,575.0,575.0,575.0
2010-02-01,575.0,575.0,575.0,575.0
2010-02-02,575.0,575.0,575.0,575.0
2010-02-03,575.0,575.0,575.0,575.0
2010-02-04,575.0,575.0,575.0,575.0
2010-02-05,575.0,575.0,575.0,575.0
2010-02-08,575.0,575.0,575.0,575.0
2010-02-09,575.0,575.0,575.0,575.0
2010-02-10,575.0,575.0,575.0,575.0
2010-02-12,575.0,575.0,575.0,575.0
2010-02-15,575.0,575.0,575.0,575.0
2010-02-16,575.0,575.0,575.0,575.0
2010-02-17,575.0,575.0,575.0,575.0
2010-02-18,575.0,575.0,575.0,575.0
2010-02-19,575.0,575.0,575.0,575.0
2010-02-22,575.0,575.0,575.0,575.0
2010-02-23,575.0,575.0,575.0,575.0
2010-02-24,575.0,575.0,575.0,575.0
2010-02-25,575.0,575.0,575.0,575.0
2010-02-26,575.0,575.0,575.0,575.0
2010-03-01,575.0,575.0,575.0,575.0
2010-03-02,575.0,575.0,575.0,575.0
2010-03-03,575.0,575.0,575.0,575.0
2010-03-04,575.0,575.0,575.0,575.0
2010-03-05,575.0,575.0,575.0,575.0
2010-03-08,575.0,575.0,575.0,575.0
2010-03-09,575.0,575.0,575.0,575.0
2010-03-10,575.0,575.0,575.0,575.0
2010-03-11,575.0,575.0,575.0,575.0
2010-03-12,575.0,575.0,575.0,575.0
2010-03-15,575.0,575.0,575.0,575.0
2010-03-16,575.0,575.0,575.0,575.0
2010-03-17,575.0,575.0,575.0,575.0
2010-03-18,575.0,575.0,575.0,575.0
2010-03-19,575.0,575.0,575.0,575.0
2010-03-23,575.0,575.0,575.0,575.0
2010-03-24,575.0,575.0,575.0,575.0
2010-03-25,575.0,575.0,575.0,575.0
2010-03-26,575.0,575.0,575.0,575.0
2010-03-29,575.0,575.0,575.0,575.0
2010-03-30,575.0,575.0,575.0,575.0
2010-03-31,575.0,575.0,575.0,575.0
2010-04-01,575.0,575.0,575.0,575.0
2010-04-02,575.0,575.0,575.0,575.0
2010-04-05,575.0,575.0,575.0,575.0
2010-04-06,575.0,575.0,575.0,575.0
2010-04-07,575.0,575.0,575.0,575.0
2010-04-08,575.0,575.0,575.0,575.0
2010-04-09,575.0,575.0,575.0,575.0
2010-04-12,575.0,575.0,575.0,575.0
2010-04-13,575.0,575.0,575.0,575.0
2010-04-14,575.0,575.0,575.0,575.0
2010-04-15,575.0,575.0,575.0,575.0
2010-04-16,575.0,575.0,575.0,575.0
2010-04-19,575.0,575.0,575.0,575.0
2010-04-20,575.0,575.0,575.0,575.0
2010-04-21,575.0,575.0,575.0,575.0
2010-04-22,575.0,575.0,575.0,575.0
2010-04-23,575.0,575.0,575.0,575.0
2010-04-26,575.0,575.0,575.0,575.0
2010-04-27,575.0,575.0,575.0,575.0
2010-04-28,575.0,575.0,575.0,575.0
2010-04-30,575.0,575.0,575.0,575.0
2010-05-06,575.0,575.0,575.0,575.0
2010-05-07,575.0,575.0,575.0,575.0
2010-05-10,575.0,575.0,575.0,575.0
2010-05-11,575.0,575.0,575.0,575.0
2010-05-12,575.0,575.0,575.0,575.0
2010-05-13,575.0,575.0,575.0,575.0
2010-05-14,575.0,575.0,575.0,575.0
2010-05-17,575.0,575.0,575.0,575.0
2010-05-18,575.0,575.0,575.0,575.0
2010-05-19,575.0,575.0,575.0,575.0
2010-05-20,575.0,575.0,575.0,575.0
2010-05-21,575.0,575.0,575.0,575.0
2010-05-24,575.0,575.0,575.0,575.0
2010-05-25,575.0,575.0,575.0,575.0
2010-05-26,575.0,575.0,575.0,575.0
2010-05-27,575.0,575.0,575.0,575.0
2010-05-28,575.0,575.0,575.0,575.0
2010-05-31,575.0,575.0,575.0,575.0
2010-06-01,575.0,575.0,575.0,575.0
2010-06-02,575.0,575.0,575.0,575.0
2010-06-03,575.0,575.0,575.0,575.0
2010-06-04,575.0,575.0,575.0,575.0
2010-06-07,575.0,575.0,575.0,575.0
2010-06-08,575.0,575.0,575.0,575.0
2010-06-09,575.0,575.0,575.0,575.0
2010-06-10,575.0,575.0,575.0,575.0
2010-06-11,575.0,575.0,575.0,575.0
2010-06-14,575.0,575.0,575.0,575.0
2010-06-15,575.0,575.0,575.0,575.0
2010-06-16,575.0,575.0,575.0,575.0
2010-06-17,575.0,575.0,575.0,575.0
2010-06-18,575.0,575.0,575.0,575.0
2010-06-21,575.0,575.0,575.0,575.0
2010-06-22,575.0,575.0,575.0,575.0
2010-06-23,575.0,575.0,575.0,575.0
2010-06-24,575.0,575.0,575.0,575.0
2010-06-25,575.0,575.0,575.0,575.0
2010-06-28,575.0,575.0,575.0,575.0
2010-06-29,575.0,575.0,575.0,575.0
2010-06-30,575.0,575.0,575.0,575.0
2010-07-01,575.0,575.0,575.0,575.0
2010-07-02,575.0,575.0,575.0,575.0
2010-07-05,575.0,575.0,575.0,575.0
2010-07-06,575.0,575.0,575.0,575.0
2010-07-07,575.0,575.0,575.0,575.0
2010-07-08,575.0,575.0,575.0,575.0
2010-07-09,575.0,575.0,575.0,575.0
2010-07-12,575.0,575.0,575.0,575.0
2010-07-13,575.0,575.0,575.0,575.0
2010-07-14,575.0,575.0,575.0,575.0
2010-07-15,575.0,575.0,575.0,575.0
2010-07-16,575.0,575.0,575.0,575.0
2010-07-21,575.0,575.0,575.0,575.0
2010-07-22,575.0,575.0,575.0,575.0
2010-07-23,575.0,575.0,575.0,575.0
2010-07-26,575.0,575.0,575.0,575.0
2010-07-27,575.0,575.0,575.0,575.0
2010-07-28,575.0,575.0,575.0,575.0
2010-07-29,575.0,575.0,575.0,575.0
2010-07-30,575.0,575.0,575.0,575.0
2010-08-02,575.0,575.0,575.0,575.0
2010-08-03,575.0,575.0,575.0,575.0
2010-08-04,575.0,575.0,575.0,575.0
2010-08-05,575.0,575.0,575.0,575.0
2010-08-06,575.0,575.0,575.0,575.0
2010-08-09,575.0,575.0,575.0,575.0
2010-08-10,575.0,575.0,575.0,575.0
2010-08-11,575.0,575.0,575.0,575.0
2010-08-12,575.0,575.0,575.0,575.0
2010-08-13,575.0,575.0,575.0,575.0
2010-08-16,575.0,575.0,575.0,575.0
2010-08-17,575.0,575.0,575.0,575.0
2010-08-18,575.0,575.0,575.0,575.0
2010-08-19,575.0,575.0,575.0,575.0
2010-08-20,575.0,575.0,575.0,575.0
2010-08-23,575.0,575.0,575.0,575.0
2010-08-24,575.0,575.0,575.0,575.0
2010-08-25,575.0,575.0,575.0,575.0
2010-08-26,575.0,575.0,575.0,575.0
2010-08-27,575.0,575.0,575.0,575.0
2010-08-30,575.0,575.0,575.0,575.0
2010-08-31,575.0,575.0,575.0,575.0
2010-09-01,575.0,575.0,575.0,575.0
2010-09-02,575.0,575.0,575.0,575.0
2010-09-03,575.0,575.0,575.0,575.0
2010-09-06,575.0,575.0,575.0,575.0
2010-09-07,575.0,575.0,575.0,575.0
2010-09-08,575.0,575.0,575.0,575.0
2010-09-09,575.0,575.0,575.0,575.0
2010-09-10,575.0,575.0,575.0,575.0
2010-09-13,575.0,575.0,575.0,575.0
2010-09-14,575.0,575.0,575.0,575.0
2010-09-16,590.0,597.0,590.0,597.0
2010-09-17,594.0,594.0,594.0,594.0
2010-09-21,594.0,597.0,594.0,597.0
2010-09-22,597.0,598.0,597.0,598.0
2010-09-24,598.0,600.0,592.0,600.0
2010-09-27,600.0,603.0,600.0,603.0
2010-09-28,604.0,607.0,604.0,606.0
2010-09-29,607.0,616.0,607.0,612.0
2010-09-30,617.0,626.0,617.0,621.0
2010-10-01,621.0,621.0,616.0,616.0
2010-10-04,626.0,629.0,612.0,612.0
2010-10-05,610.0,612.0,608.0,612.0
2010-10-06,612.0,615.0,602.0,604.0
2010-10-07,610.0,618.0,610.0,618.0
2010-10-08,618.0,618.0,611.0,618.0
2010-10-12,618.0,620.0,618.0,620.0
2010-10-13,616.0,623.0,616.0,623.0
2010-10-14,623.0,625.0,623.0,625.0
2010-10-15,625.0,625.0,620.0,620.0
2010-10-18,619.0,619.0,619.0,619.0
2010-10-19,624.0,625.0,620.0,625.0
2010-10-20,626.0,627.0,626.0,627.0
2010-10-21,630.0,635.0,630.0,635.0
2010-10-22,630.0,636.0,619.0,636.0
2010-10-25,636.0,636.0,636.0,636.0
2010-10-26,637.0,637.0,635.0,635.0
2010-10-27,634.0,635.0,634.0,635.0
2010-10-28,636.0,636.0,630.0,630.0
2010-10-29,631.0,634.0,623.0,634.0
2010-11-01,633.0,633.0,605.0,627.0
2010-11-02,625.0,625.0,611.0,612.0
2010-11-04,615.0,616.0,612.0,616.0
2010-11-05,618.0,630.0,618.0,630.0
2010-11-08,629.0,629.0,626.0,626.0
2010-11-09,626.0,627.0,624.0,627.0
2010-11-10,629.0,634.0,629.0,634.0
2010-11-11,635.0,639.0,628.0,635.0
2010-11-12,638.0,640.0,636.0,638.0
2010-11-15,640.0,640.0,639.0,639.0
2010-11-16,640.0,641.0,640.0,641.0
2010-11-17,640.0,644.0,639.0,644.0
2010-11-18,644.0,644.0,642.0,642.0
2010-11-19,644.0,646.0,643.0,643.0
2010-11-22,643.0,650.0,643.0,650.0
2010-11-24,655.0,657.0,645.0,657.0
2010-11-25,657.0,657.0,642.0,642.0
2010-11-26,600.0,605.0,587.0,590.0
2010-11-29,595.0,595.0,572.0,590.0
2010-11-30,585.0,587.0,585.0,587.0
2010-12-01,578.0,596.0,571.0,596.0
2010-12-02,580.0,600.0,580.0,600.0
2010-12-03,580.0,590.0,580.0,582.0
2010-12-06,582.0,582.0,575.0,576.0
2010-12-07,575.0,580.0,575.0,577.0
2010-12-08,576.0,576.0,575.0,576.0
2010-12-09,575.0,580.0,575.0,577.0
2010-12-10,578.0,578.0,577.0,577.0
2010-12-13,577.0,577.0,575.0,577.0
2010-12-14,577.0,577.0,577.0,577.0
2010-12-15,580.0,580.0,577.0,577.0
2010-12-16,578.0,580.0,578.0,578.0
2010-12-17,585.0,585.0,585.0,585.0
2010-12-20,585.0,588.0,581.0,588.0
2010-12-21,578.0,580.0,578.0,580.0
2010-12-22,580.0,580.0,577.0,578.0
2010-12-24,575.0,581.0,575.0,576.0
2010-12-27,575.0,575.0,575.0,575.0
2010-12-28,590.0,590.0,576.0,576.0
2010-12-29,576.0,587.0,576.0,579.0
2010-12-30,577.0,578.0,577.0,578.0
2011-01-04,578.0,580.0,578.0,578.0
2011-01-05,579.0,585.0,579.0,585.0
2011-01-06,583.0,585.0,579.0,585.0
2011-01-07,580.0,584.0,580.0,580.0
2011-01-11,580.0,581.0,580.0,581.0
2011-01-12,582.0,590.0,582.0,590.0
2011-01-13,595.0,595.0,585.0,593.0
2011-01-14,593.0,593.0,591.0,592.0
2011-01-17,600.0,600.0,592.0,600.0
2011-01-18,600.0,600.0,586.0,586.0
2011-01-19,600.0,604.0,595.0,595.0
2011-01-20,595.0,600.0,588.0,588.0
2011-01-21,586.0,586.0,585.0,585.0
2011-01-24,585.0,585.0,585.0,585.0
2011-01-25,593.0,596.0,593.0,596.0
2011-01-26,596.0,596.0,596.0,596.0
2011-01-27,586.0,586.0,586.0,586.0
2011-01-28,598.0,598.0,588.0,588.0
2011-01-31,586.0,588.0,586.0,588.0
2011-02-01,600.0,600.0,594.0,600.0
2011-02-02,599.0,600.0,595.0,600.0
2011-02-03,600.0,600.0,594.0,600.0
2011-02-04,600.0,600.0,600.0,600.0
2011-02-07,603.0,605.0,601.0,601.0
2011-02-08,602.0,611.0,602.0,611.0
2011-02-09,615.0,615.0,605.0,608.0
2011-02-10,610.0,610.0,604.0,609.0
2011-02-14,615.0,620.0,606.0,620.0
2011-02-15,620.0,620.0,620.0,620.0
2011-02-16,602.0,615.0,602.0,615.0
2011-02-17,609.0,610.0,609.0,610.0
2011-02-18,610.0,617.0,610.0,617.0
2011-02-21,605.0,618.0,605.0,607.0
2011-02-22,604.0,607.0,604.0,607.0
2011-02-23,610.0,610.0,605.0,605.0
2011-02-24,606.0,609.0,605.0,609.0
2011-02-25,609.0,618.0,605.0,618.0
2011-02-28,620.0,620.0,610.0,615.0
2011-03-01,615.0,619.0,615.0,619.0
2011-03-02,620.0,620.0,611.0,616.0
2011-03-03,615.0,615.0,615.0,615.0
2011-03-04,612.0,615.0,610.0,611.0
2011-03-07,611.0,615.0,611.0,615.0
2011-03-08,615.0,615.0,615.0,615.0
2011-03-09,611.0,614.0,611.0,614.0
2011-03-10,611.0,615.0,611.0,615.0
2011-03-11,616.0,616.0,616.0,616.0
2011-03-14,616.0,616.0,616.0,616.0
2011-03-15,590.0,591.0,550.0,580.0
2011-03-16,580.0,585.0,580.0,581.0
2011-03-17,580.0,620.0,560.0,599.0
2011-03-18,599.0,600.0,598.0,598.0
2011-03-22,599.0,603.0,599.0,603.0
2011-03-23,603.0,605.0,593.0,593.0
2011-03-24,597.0,605.0,597.0,605.0
2011-03-25,616.0,616.0,600.0,600.0
2011-03-28,595.0,596.0,594.0,594.0
2011-03-29,594.0,606.0,594.0,597.0
2011-03-30,591.0,614.0,591.0,614.0
2011-03-31,596.0,607.0,596.0,607.0
2011-04-01,597.0,609.0,597.0,609.0
2011-04-04,609.0,615.0,598.0,615.0
2011-04-05,615.0,615.0,615.0,615.0
2011-04-06,610.0,610.0,610.0,610.0
2011-04-07,600.0,615.0,597.0,610.0
2011-04-08,597.0,603.0,597.0,603.0
2011-04-11,607.0,607.0,607.0,607.0
2011-04-12,597.0,607.0,596.0,601.0
2011-04-13,595.0,595.0,595.0,595.0
2011-04-14,591.0,604.0,591.0,604.0
2011-04-15,602.0,604.0,600.0,600.0
2011-04-18,602.0,603.0,602.0,603.0
2011-04-19,600.0,614.0,600.0,614.0
2011-04-20,615.0,615.0,610.0,610.0
2011-04-21,604.0,615.0,604.0,610.0
2011-04-22,617.0,617.0,617.0,617.0
2011-04-25,620.0,620.0,620.0,620.0
2011-04-26,620.0,620.0,620.0,620.0
2011-04-27,606.0,606.0,606.0,606.0
2011-04-28,605.0,617.0,605.0,608.0
2011-05-02,608.0,608.0,608.0,608.0
2011-05-06,612.0,612.0,612.0,612.0
2011-05-09,612.0,612.0,612.0,612.0
2011-05-10,615.0,674.0,615.0,634.0
2011-05-11,625.0,625.0,611.0,611.0
2011-05-12,615.0,615.0,612.0,615.0
2011-05-13,615.0,615.0,615.0,615.0
2011-05-16,612.0,615.0,612.0,612.0
2011-05-17,620.0,624.0,620.0,624.0
2011-05-18,604.0,611.0,603.0,611.0
2011-05-19,613.0,613.0,613.0,613.0
2011-05-20,613.0,613.0,613.0,613.0
2011-05-23,613.0,613.0,613.0,613.0
2011-05-24,613.0,613.0,613.0,613.0
2011-05-25,619.0,619.0,614.0,614.0
2011-05-26,619.0,619.0,619.0,619.0
2011-05-27,619.0,619.0,619.0,619.0
2011-05-30,619.0,619.0,619.0,619.0
2011-05-31,619.0,619.0,619.0,619.0
2011-06-01,619.0,619.0,619.0,619.0
2011-06-02,619.0,619.0,619.0,619.0
2011-06-03,615.0,615.0,610.0,610.0
2011-06-06,610.0,610.0,610.0,610.0
2011-06-07,601.0,604.0,601.0,604.0
2011-06-08,605.0,605.0,605.0,605.0
2011-06-09,609.0,609.0,605.0,605.0
2011-06-10,610.0,610.0,610.0,610.0
2011-06-13,610.0,610.0,603.0,605.0
2011-06-14,611.0,611.0,604.0,604.0
2011-06-15,604.0,604.0,604.0,604.0
2011-06-16,609.0,609.0,609.0,609.0
2011-06-17,609.0,609.0,609.0,609.0
2011-06-20,601.0,601.0,601.0,601.0
2011-06-21,608.0,608.0,608.0,608.0
2011-06-22,610.0,610.0,610.0,610.0
2011-06-23,610.0,610.0,609.0,609.0
2011-06-24,613.0,613.0,608.0,609.0
2011-06-27,612.0,619.0,610.0,610.0
2011-06-28,605.0,610.0,605.0,610.0
2011-06-29,610.0,610.0,603.0,610.0
2011-06-30,609.0,609.0,609.0,609.0
2011-07-01,607.0,612.0,607.0,612.0
2011-07-04,620.0,620.0,610.0,613.0
2011-07-05,613.0,613.0,613.0,613.0
2011-07-06,609.0,610.0,607.0,607.0
2011-07-07,610.0,610.0,610.0,610.0
2011-07-08,614.0,616.0,614.0,616.0
2011-07-11,616.0,616.0,616.0,616.0
2011-07-12,615.0,615.0,600.0,600.0
2011-07-13,606.0,614.0,606.0,614.0
2011-07-14,614.0,614.0,614.0,614.0
2011-07-15,614.0,614.0,614.0,614.0
2011-07-19,620.0,620.0,610.0,610.0
2011-07-20,615.0,615.0,615.0,615.0
2011-07-21,615.0,615.0,606.0,611.0
2011-07-22,614.0,615.0,613.0,613.0
2011-07-25,613.0,615.0,613.0,615.0
2011-07-26,615.0,615.0,615.0,615.0
2011-07-27,614.0,614.0,614.0,614.0
2011-07-28,613.0,614.0,613.0,614.0
2011-07-29,615.0,615.0,613.0,613.0
2011-08-01,613.0,619.0,613.0,619.0
2011-08-02,618.0,618.0,618.0,618.0
2011-08-03,618.0,618.0,613.0,613.0
2011-08-04,612.0,620.0,612.0,620.0
2011-08-05,611.0,611.0,611.0,611.0
2011-08-08,611.0,611.0,611.0,611.0
2011-08-09,610.0,610.0,600.0,600.0
2011-08-10,607.0,607.0,603.0,603.0
2011-08-11,610.0,610.0,601.0,610.0
2011-08-12,619.0,619.0,615.0,619.0
2011-08-15,615.0,619.0,615.0,615.0
2011-08-16,618.0,618.0,615.0,615.0
2011-08-17,613.0,613.0,612.0,613.0
2011-08-18,619.0,619.0,619.0,619.0
2011-08-19,612.0,613.0,611.0,611.0
2011-08-22,613.0,613.0,613.0,613.0
2011-08-23,613.0,613.0,613.0,613.0
2011-08-24,613.0,613.0,613.0,613.0
2011-08-25,616.0,616.0,614.0,614.0
2011-08-26,615.0,615.0,614.0,614.0
2011-08-29,611.0,618.0,611.0,618.0
2011-08-30,618.0,618.0,613.0,613.0
2011-08-31,614.0,614.0,614.0,614.0
2011-09-01,614.0,614.0,611.0,611.0
2011-09-02,615.0,615.0,615.0,615.0
2011-09-05,617.0,617.0,615.0,615.0
2011-09-06,615.0,615.0,612.0,612.0
2011-09-07,616.0,616.0,616.0,616.0
2011-09-08,616.0,616.0,616.0,616.0
2011-09-09,616.0,616.0,615.0,615.0
2011-09-12,619.0,619.0,613.0,613.0
2011-09-13,614.0,615.0,614.0,615.0
2011-09-14,610.0,610.0,593.0,593.0
2011-09-15,594.0,594.0,573.0,574.0
2011-09-16,589.0,596.0,589.0,595.0
2011-09-20,593.0,598.0,593.0,598.0
2011-09-21,592.0,599.0,592.0,599.0
2011-09-22,595.0,595.0,572.0,573.0
2011-09-26,573.0,580.0,572.0,572.0
2011-09-27,571.0,585.0,552.0,553.0
2011-09-28,563.0,570.0,560.0,569.0
2011-09-29,569.0,578.0,569.0,577.0
2011-09-30,583.0,592.0,580.0,588.0
2011-10-03,596.0,598.0,594.0,595.0
2011-10-04,595.0,600.0,595.0,598.0
2011-10-05,600.0,604.0,598.0,600.0
2011-10-06,603.0,606.0,602.0,606.0
2011-10-07,606.0,606.0,600.0,605.0
2011-10-11,607.0,608.0,607.0,608.0
2011-10-12,609.0,610.0,608.0,609.0
2011-10-13,610.0,612.0,609.0,612.0
2011-10-14,613.0,615.0,613.0,613.0
2011-10-17,615.0,616.0,613.0,614.0
2011-10-18,614.0,617.0,614.0,614.0
2011-10-19,618.0,618.0,614.0,614.0
2011-10-20,614.0,614.0,613.0,613.0
2011-10-21,613.0,616.0,613.0,616.0
2011-10-24,618.0,619.0,613.0,617.0
2011-10-25,620.0,620.0,618.0,618.0
2011-10-26,619.0,619.0,616.0,619.0
2011-10-27,625.0,628.0,620.0,624.0
2011-10-28,625.0,629.0,625.0,629.0
2011-10-31,630.0,648.0,630.0,640.0
2011-11-01,640.0,643.0,637.0,642.0
2011-11-02,635.0,635.0,632.0,632.0
2011-11-04,638.0,647.0,635.0,640.0
2011-11-07,640.0,642.0,638.0,640.0
2011-11-08,642.0,642.0,641.0,641.0
2011-11-09,641.0,642.0,638.0,642.0
2011-11-10,641.0,641.0,638.0,640.0
2011-11-11,641.0,641.0,638.0,638.0
2011-11-14,639.0,639.0,636.0,636.0
2011-11-15,636.0,636.0,626.0,634.0
2011-11-16,633.0,633.0,626.0,628.0
2011-11-17,626.0,628.0,626.0,628.0
2011-11-18,629.0,630.0,627.0,630.0
2011-11-21,634.0,634.0,628.0,628.0
2011-11-22,628.0,628.0,628.0,628.0
2011-11-24,630.0,634.0,626.0,628.0
2011-11-25,628.0,629.0,621.0,627.0
2011-11-28,555.0,566.0,552.0,555.0
2011-11-29,560.0,567.0,558.0,560.0
2011-11-30,561.0,563.0,557.0,560.0
2011-12-01,562.0,567.0,560.0,567.0
2011-12-02,562.0,568.0,558.0,562.0
2011-12-05,568.0,568.0,563.0,564.0
2011-12-06,562.0,567.0,559.0,561.0
2011-12-07,561.0,563.0,561.0,561.0
2011-12-08,565.0,565.0,560.0,562.0
2011-12-09,561.0,564.0,559.0,563.0
2011-12-12,563.0,565.0,562.0,564.0
2011-12-13,564.0,585.0,564.0,568.0
2011-12-14,576.0,578.0,570.0,571.0
2011-12-15,577.0,578.0,574.0,574.0
2011-12-16,577.0,578.0,574.0,574.0
2011-12-19,567.0,568.0,567.0,568.0
2011-12-20,570.0,576.0,570.0,576.0
2011-12-21,574.0,579.0,570.0,570.0
2011-12-22,570.0,570.0,568.0,568.0
2011-12-26,568.0,568.0,568.0,568.0
2011-12-27,569.0,569.0,563.0,563.0
2011-12-28,562.0,562.0,561.0,561.0
2011-12-29,560.0,564.0,560.0,564.0
2011-12-30,564.0,566.0,564.0,566.0
2012-01-04,570.0,570.0,566.0,566.0
2012-01-05,566.0,569.0,566.0,567.0
2012-01-06,567.0,570.0,566.0,566.0
2012-01-10,564.0,565.0,562.0,562.0
2012-01-11,567.0,568.0,565.0,565.0
2012-01-12,565.0,565.0,565.0,565.0
2012-01-13,567.0,574.0,567.0,574.0
2012-01-16,564.0,568.0,564.0,568.0
2012-01-17,570.0,575.0,569.0,570.0
2012-01-18,568.0,568.0,566.0,568.0
2012-01-19,570.0,570.0,566.0,566.0
2012-01-20,569.0,569.0,561.0,561.0
2012-01-23,561.0,578.0,561.0,570.0
2012-01-24,566.0,566.0,566.0,566.0
2012-01-25,564.0,570.0,562.0,570.0
2012-01-26,570.0,570.0,570.0,570.0
2012-01-27,571.0,571.0,571.0,571.0
2012-01-30,570.0,570.0,566.0,569.0
2012-01-31,565.0,574.0,565.0,574.0
2012-02-01,574.0,574.0,567.0,567.0
2012-02-02,574.0,574.0,565.0,567.0
2012-02-03,565.0,568.0,565.0,568.0
2012-02-06,568.0,568.0,567.0,567.0
2012-02-07,567.0,570.0,567.0,570.0
2012-02-08,570.0,575.0,567.0,567.0
2012-02-09,567.0,567.0,567.0,567.0
2012-02-10,567.0,568.0,567.0,568.0
2012-02-13,569.0,576.0,569.0,570.0
2012-02-14,570.0,572.0,570.0,571.0
2012-02-15,573.0,573.0,564.0,568.0
2012-02-16,569.0,569.0,568.0,568.0
2012-02-17,570.0,570.0,568.0,569.0
2012-02-20,570.0,570.0,570.0,570.0
2012-02-21,574.0,590.0,571.0,590.0
2012-02-22,589.0,590.0,575.0,587.0
2012-02-23,586.0,589.0,573.0,575.0
2012-02-24,577.0,595.0,577.0,590.0
2012-02-27,583.0,595.0,583.0,587.0
2012-02-28,585.0,591.0,581.0,589.0
2012-02-29,584.0,590.0,584.0,586.0
2012-03-01,582.0,584.0,582.0,582.0
2012-03-02,580.0,580.0,579.0,579.0
2012-03-05,590.0,590.0,590.0,590.0
2012-03-06,590.0,590.0,590.0,590.0
2012-03-07,581.0,581.0,576.0,576.0
2012-03-08,576.0,576.0,576.0,576.0
2012-03-09,578.0,583.0,578.0,583.0
2012-03-12,583.0,583.0,583.0,583.0
2012-03-13,583.0,588.0,583.0,588.0
2012-03-14,586.0,586.0,586.0,586.0
2012-03-15,590.0,590.0,589.0,590.0
2012-03-16,590.0,590.0,584.0,584.0
2012-03-19,585.0,585.0,582.0,585.0
2012-03-21,585.0,585.0,585.0,585.0
2012-03-22,585.0,585.0,585.0,585.0
2012-03-23,590.0,590.0,586.0,586.0
2012-03-26,587.0,588.0,585.0,588.0
2012-03-27,589.0,590.0,584.0,585.0
2012-03-28,585.0,585.0,584.0,584.0
2012-03-29,584.0,584.0,584.0,584.0
2012-03-30,585.0,585.0,585.0,585.0
2012-04-02,583.0,583.0,583.0,583.0
2012-04-03,589.0,589.0,585.0,587.0
2012-04-04,589.0,590.0,586.0,586.0
2012-04-05,585.0,585.0,581.0,585.0
2012-04-06,584.0,584.0,574.0,581.0
2012-04-09,580.0,580.0,579.0,579.0
2012-04-10,579.0,581.0,579.0,581.0
2012-04-11,581.0,581.0,575.0,577.0
2012-04-12,577.0,577.0,577.0,577.0
2012-04-13,577.0,577.0,572.0,574.0
2012-04-16,575.0,577.0,575.0,577.0
2012-04-17,570.0,570.0,566.0,570.0
2012-04-18,570.0,578.0,570.0,571.0
2012-04-19,573.0,573.0,571.0,571.0
2012-04-20,571.0,571.0,570.0,570.0
2012-04-23,575.0,575.0,570.0,572.0
2012-04-24,572.0,572.0,570.0,570.0
2012-04-25,574.0,575.0,574.0,575.0
2012-04-26,578.0,578.0,575.0,575.0
2012-04-27,577.0,577.0,575.0,575.0
2012-05-01,575.0,575.0,572.0,572.0
2012-05-02,575.0,575.0,572.0,572.0
2012-05-07,580.0,580.0,569.0,570.0
2012-05-08,569.0,569.0,569.0,569.0
2012-05-09,570.0,570.0,570.0,570.0
2012-05-10,570.0,570.0,570.0,570.0
2012-05-11,570.0,570.0,570.0,570.0
2012-05-14,568.0,570.0,566.0,569.0
2012-05-15,564.0,565.0,560.0,563.0
2012-05-16,561.0,561.0,556.0,558.0
2012-05-17,557.0,557.0,550.0,550.0
2012-05-18,550.0,551.0,550.0,551.0
2012-05-21,555.0,555.0,554.0,554.0
2012-05-22,557.0,557.0,557.0,557.0
2012-05-23,560.0,560.0,560.0,560.0
2012-05-24,561.0,561.0,551.0,551.0
2012-05-25,569.0,569.0,552.0,552.0
2012-05-28,532.0,545.0,532.0,540.0
2012-05-29,536.0,537.0,536.0,537.0
2012-05-30,538.0,540.0,538.0,540.0
2012-05-31,540.0,548.0,540.0,548.0
2012-06-01,550.0,550.0,545.0,545.0
2012-06-04,544.0,548.0,541.0,545.0
2012-06-05,540.0,545.0,539.0,545.0
2012-06-06,543.0,550.0,542.0,550.0
2012-06-07,550.0,550.0,540.0,550.0
2012-06-08,555.0,555.0,546.0,555.0
2012-06-11,560.0,560.0,558.0,558.0
2012-06-12,551.0,551.0,550.0,550.0
2012-06-13,551.0,551.0,551.0,551.0
2012-06-14,550.0,550.0,550.0,550.0
2012-06-15,551.0,556.0,550.0,550.0
2012-06-18,550.0,550.0,550.0,550.0
2012-06-19,551.0,554.0,550.0,550.0
2012-06-20,559.0,559.0,559.0,559.0
2012-06-21,560.0,560.0,560.0,560.0
2012-06-22,560.0,560.0,560.0,560.0
2012-06-25,563.0,563.0,550.0,558.0
2012-06-26,551.0,560.0,551.0,560.0
2012-06-27,560.0,563.0,560.0,563.0
2012-06-28,563.0,563.0,563.0,563.0
2012-06-29,563.0,568.0,563.0,568.0
2012-07-02,568.0,576.0,567.0,576.0
2012-07-03,576.0,576.0,570.0,570.0
2012-07-04,575.0,575.0,570.0,570.0
2012-07-05,564.0,569.0,564.0,569.0
2012-07-06,570.0,570.0,567.0,568.0
2012-07-09,568.0,568.0,568.0,568.0
2012-07-10,563.0,570.0,563.0,570.0
2012-07-11,566.0,566.0,565.0,565.0
2012-07-12,565.0,565.0,563.0,563.0
2012-07-13,562.0,562.0,562.0,562.0
2012-07-17,565.0,566.0,565.0,565.0
2012-07-18,566.0,570.0,565.0,565.0
2012-07-19,565.0,565.0,565.0,565.0
2012-07-20,565.0,565.0,564.0,564.0
2012-07-23,570.0,570.0,563.0,563.0
2012-07-24,563.0,568.0,561.0,561.0
2012-07-25,560.0,570.0,550.0,553.0
2012-07-26,571.0,571.0,541.0,544.0
2012-07-27,548.0,550.0,548.0,549.0
2012-07-30,566.0,570.0,554.0,566.0
2012-07-31,567.0,567.0,565.0,567.0
2012-08-01,560.0,560.0,560.0,560.0
2012-08-02,560.0,560.0,560.0,560.0
2012-08-03,558.0,558.0,555.0,555.0
2012-08-06,565.0,568.0,560.0,560.0
2012-08-07,560.0,560.0,560.0,560.0
2012-08-08,556.0,557.0,556.0,557.0
2012-08-09,557.0,557.0,557.0,557.0
2012-08-10,568.0,568.0,565.0,565.0
2012-08-13,569.0,572.0,565.0,572.0
2012-08-14,566.0,570.0,566.0,570.0
2012-08-15,570.0,570.0,566.0,566.0
2012-08-16,567.0,568.0,565.0,565.0
2012-08-17,569.0,569.0,566.0,566.0
2012-08-20,570.0,572.0,569.0,572.0
2012-08-21,571.0,572.0,570.0,570.0
2012-08-22,570.0,570.0,568.0,568.0
2012-08-23,575.0,575.0,566.0,566.0
2012-08-24,574.0,574.0,568.0,568.0
2012-08-27,572.0,575.0,572.0,572.0
2012-08-28,576.0,576.0,573.0,573.0
2012-08-29,576.0,577.0,576.0,576.0
2012-08-30,576.0,582.0,575.0,582.0
2012-08-31,582.0,582.0,575.0,575.0
2012-09-03,579.0,579.0,574.0,574.0
2012-09-04,578.0,580.0,578.0,580.0
2012-09-05,576.0,580.0,576.0,580.0
2012-09-06,580.0,580.0,579.0,579.0
2012-09-07,581.0,582.0,579.0,579.0
2012-09-10,580.0,584.0,579.0,579.0
2012-09-11,580.0,580.0,579.0,579.0
2012-09-12,581.0,585.0,581.0,585.0
2012-09-13,583.0,583.0,581.0,581.0
2012-09-14,590.0,591.0,576.0,580.0
2012-09-18,580.0,586.0,580.0,586.0
2012-09-19,590.0,592.0,586.0,590.0
2012-09-20,587.0,587.0,587.0,587.0
2012-09-21,590.0,598.0,590.0,598.0
2012-09-24,598.0,600.0,588.0,588.0
2012-09-25,597.0,597.0,597.0,597.0
2012-09-26,597.0,604.0,597.0,604.0
2012-09-27,605.0,605.0,603.0,605.0
2012-09-28,604.0,608.0,603.0,603.0
2012-10-01,603.0,608.0,603.0,606.0
2012-10-02,604.0,606.0,604.0,605.0
2012-10-03,605.0,606.0,585.0,585.0
2012-10-04,595.0,595.0,590.0,592.0
2012-10-05,605.0,605.0,602.0,603.0
2012-10-09,601.0,601.0,595.0,600.0
2012-10-10,599.0,599.0,595.0,595.0
2012-10-11,598.0,600.0,598.0,600.0
2012-10-12,595.0,595.0,594.0,594.0
2012-10-15,603.0,603.0,603.0,603.0
2012-10-16,604.0,604.0,604.0,604.0
2012-10-17,602.0,604.0,602.0,604.0
2012-10-18,604.0,604.0,604.0,604.0
2012-10-19,604.0,605.0,603.0,603.0
2012-10-22,602.0,605.0,601.0,602.0
2012-10-23,601.0,604.0,601.0,604.0
2012-10-24,605.0,605.0,603.0,605.0
2012-10-25,605.0,605.0,604.0,605.0
2012-10-26,605.0,606.0,605.0,605.0
2012-10-29,605.0,612.0,605.0,607.0
2012-10-30,608.0,608.0,603.0,605.0
2012-10-31,605.0,605.0,603.0,603.0
2012-11-01,603.0,603.0,597.0,600.0
2012-11-02,598.0,599.0,598.0,599.0
2012-11-05,599.0,600.0,599.0,599.0
2012-11-06,600.0,607.0,598.0,601.0
2012-11-07,571.0,576.0,564.0,570.0
2012-11-08,560.0,560.0,551.0,554.0
2012-11-09,551.0,568.0,551.0,555.0
2012-11-12,566.0,567.0,556.0,556.0
2012-11-13,555.0,560.0,555.0,560.0
2012-11-14,556.0,556.0,554.0,555.0
2012-11-15,555.0,560.0,555.0,560.0
2012-11-16,560.0,570.0,560.0,562.0
2012-11-19,562.0,564.0,560.0,564.0
2012-11-20,565.0,568.0,564.0,568.0
2012-11-21,568.0,569.0,567.0,567.0
2012-11-22,567.0,571.0,567.0,570.0
2012-11-26,570.0,571.0,566.0,568.0
2012-11-27,567.0,574.0,565.0,574.0
2012-11-28,538.0,548.0,530.0,541.0
2012-11-29,545.0,548.0,542.0,543.0
2012-11-30,557.0,557.0,540.0,547.0
2012-12-03,544.0,544.0,537.0,542.0
2012-12-04,541.0,545.0,539.0,545.0
2012-12-05,543.0,555.0,540.0,544.0
2012-12-06,544.0,545.0,541.0,541.0
2012-12-07,540.0,545.0,540.0,545.0
2012-12-10,540.0,547.0,540.0,542.0
2012-12-11,542.0,549.0,540.0,549.0
2012-12-12,549.0,549.0,541.0,547.0
2012-12-13,543.0,545.0,542.0,542.0
2012-12-14,543.0,545.0,543.0,543.0
2012-12-17,543.0,547.0,542.0,546.0
2012-12-18,549.0,549.0,541.0,541.0
2012-12-19,541.0,549.0,541.0,549.0
2012-12-20,542.0,549.0,542.0,549.0
2012-12-21,547.0,550.0,545.0,545.0
2012-12-25,550.0,550.0,545.0,545.0
2012-12-26,548.0,548.0,545.0,545.0
2012-12-27,548.0,548.0,545.0,545.0
2012-12-28,545.0,548.0,545.0,545.0
2013-01-04,545.0,545.0,534.0,538.0
2013-01-07,538.0,538.0,535.0,538.0
2013-01-08,535.0,541.0,535.0,538.0
2013-01-09,538.0,540.0,536.0,539.0
2013-01-10,540.0,542.0,537.0,542.0
2013-01-11,542.0,543.0,530.0,532.0
2013-01-15,532.0,533.0,532.0,533.0
2013-01-16,533.0,533.0,532.0,533.0
2013-01-17,533.0,533.0,531.0,532.0
2013-01-18,532.0,540.0,528.0,540.0
2013-01-21,563.0,566.0,550.0,553.0
2013-01-22,553.0,553.0,534.0,540.0
2013-01-23,536.0,540.0,535.0,537.0
2013-01-24,535.0,540.0,534.0,540.0
2013-01-25,540.0,543.0,535.0,543.0
2013-01-28,543.0,545.0,542.0,544.0
2013-01-29,543.0,544.0,541.0,543.0
2013-01-30,543.0,544.0,543.0,543.0
2013-01-31,541.0,544.0,541.0,542.0
2013-02-01,545.0,549.0,545.0,549.0
2013-02-04,549.0,552.0,544.0,550.0
2013-02-05,548.0,552.0,546.0,550.0
2013-02-06,548.0,553.0,547.0,553.0
2013-02-07,550.0,553.0,550.0,553.0
2013-02-08,551.0,552.0,550.0,550.0
2013-02-12,549.0,549.0,543.0,543.0
2013-02-13,544.0,550.0,544.0,546.0
2013-02-14,544.0,545.0,544.0,545.0
2013-02-15,543.0,543.0,537.0,537.0
2013-02-18,535.0,535.0,535.0,535.0
2013-02-19,535.0,542.0,535.0,541.0
2013-02-20,541.0,547.0,541.0,547.0
2013-02-21,547.0,547.0,547.0,547.0
2013-02-22,539.0,540.0,539.0,540.0
2013-02-25,540.0,543.0,539.0,540.0
2013-02-26,539.0,539.0,539.0,539.0
2013-02-27,539.0,540.0,538.0,538.0
2013-02-28,541.0,541.0,535.0,540.0
2013-03-01,537.0,545.0,537.0,544.0
2013-03-04,544.0,547.0,544.0,547.0
2013-03-05,545.0,550.0,545.0,545.0
2013-03-06,545.0,547.0,545.0,547.0
2013-03-07,543.0,549.0,541.0,549.0
2013-03-08,548.0,553.0,545.0,553.0
2013-03-11,554.0,556.0,551.0,552.0
2013-03-12,553.0,557.0,550.0,557.0
2013-03-13,557.0,557.0,552.0,554.0
2013-03-14,554.0,554.0,551.0,551.0
2013-03-15,551.0,555.0,551.0,551.0
2013-03-18,552.0,556.0,547.0,556.0
2013-03-19,553.0,558.0,551.0,558.0
2013-03-21,556.0,556.0,549.0,556.0
2013-03-22,557.0,557.0,552.0,557.0
2013-03-25,557.0,558.0,554.0,555.0
2013-03-26,554.0,554.0,552.0,554.0
2013-03-27,553.0,564.0,553.0,563.0
2013-03-28,564.0,567.0,563.0,564.0
2013-03-29,565.0,567.0,562.0,566.0
2013-04-01,566.0,568.0,555.0,555.0
2013-04-02,552.0,553.0,546.0,553.0
2013-04-03,554.0,558.0,554.0,558.0
2013-04-04,557.0,558.0,555.0,558.0
2013-04-05,557.0,565.0,556.0,556.0
2013-04-08,553.0,560.0,551.0,557.0
2013-04-09,557.0,566.0,557.0,565.0
2013-04-10,564.0,566.0,560.0,562.0
2013-04-11,565.0,566.0,563.0,566.0
2013-04-12,563.0,565.0,563.0,565.0
2013-04-15,563.0,567.0,563.0,563.0
2013-04-16,562.0,565.0,561.0,565.0
2013-04-17,565.0,565.0,561.0,565.0
2013-04-18,564.0,575.0,561.0,571.0
2013-04-19,571.0,630.0,570.0,578.0
2013-04-22,581.0,600.0,581.0,590.0
2013-04-23,583.0,604.0,583.0,604.0
2013-04-24,604.0,604.0,592.0,595.0
2013-04-25,595.0,597.0,585.0,597.0
2013-04-26,597.0,597.0,591.0,591.0
2013-04-30,597.0,597.0,586.0,586.0
2013-05-01,585.0,600.0,585.0,590.0
2013-05-02,596.0,596.0,590.0,595.0
2013-05-07,594.0,598.0,591.0,592.0
2013-05-08,592.0,592.0,583.0,583.0
2013-05-09,585.0,585.0,579.0,579.0
2013-05-10,581.0,585.0,580.0,580.0
2013-05-13,595.0,595.0,590.0,591.0
2013-05-14,585.0,592.0,583.0,583.0
2013-05-15,582.0,598.0,579.0,589.0
2013-05-16,580.0,585.0,572.0,574.0
2013-05-17,575.0,581.0,575.0,578.0
2013-05-20,579.0,593.0,578.0,578.0
2013-05-21,579.0,585.0,579.0,585.0
2013-05-22,585.0,593.0,585.0,590.0
2013-05-23,590.0,590.0,578.0,578.0
2013-05-24,579.0,592.0,579.0,580.0
2013-05-27,578.0,585.0,575.0,575.0
2013-05-28,577.0,582.0,572.0,572.0
2013-05-29,580.0,599.0,578.0,599.0
2013-05-30,586.0,598.0,582.0,597.0
2013-05-31,577.0,587.0,577.0,578.0
2013-06-03,573.0,574.0,573.0,574.0
2013-06-04,579.0,579.0,551.0,570.0
2013-06-05,572.0,572.0,570.0,570.0
2013-06-06,560.0,562.0,560.0,560.0
2013-06-07,557.0,559.0,554.0,558.0
2013-06-10,558.0,567.0,558.0,567.0
2013-06-11,577.0,577.0,555.0,574.0
2013-06-12,563.0,568.0,562.0,568.0
2013-06-13,568.0,568.0,557.0,557.0
2013-06-14,571.0,571.0,563.0,563.0
2013-06-17,570.0,573.0,560.0,573.0
2013-06-18,568.0,568.0,568.0,568.0
2013-06-19,565.0,565.0,565.0,565.0
2013-06-20,565.0,565.0,565.0,565.0
2013-06-21,570.0,570.0,563.0,570.0
2013-06-24,578.0,583.0,560.0,561.0
2013-06-25,570.0,570.0,560.0,560.0
2013-06-26,562.0,562.0,558.0,558.0
2013-06-27,553.0,558.0,550.0,558.0
2013-06-28,558.0,559.0,558.0,559.0
2013-07-01,565.0,570.0,560.0,570.0
2013-07-02,572.0,572.0,563.0,563.0
2013-07-03,565.0,570.0,565.0,565.0
2013-07-04,571.0,571.0,565.0,570.0
2013-07-05,572.0,573.0,572.0,573.0
2013-07-08,567.0,575.0,562.0,562.0
2013-07-09,564.0,585.0,564.0,573.0
2013-07-10,572.0,572.0,568.0,568.0
2013-07-11,562.0,562.0,562.0,562.0
2013-07-12,566.0,578.0,557.0,578.0
2013-07-16,574.0,574.0,566.0,569.0
2013-07-17,566.0,566.0,562.0,566.0
2013-07-18,563.0,568.0,563.0,568.0
2013-07-19,572.0,572.0,562.0,565.0
2013-07-22,571.0,575.0,555.0,566.0
2013-07-23,561.0,564.0,561.0,563.0
2013-07-24,565.0,566.0,565.0,566.0
2013-07-25,568.0,568.0,563.0,565.0
2013-07-26,562.0,562.0,558.0,558.0
2013-07-29,560.0,564.0,560.0,564.0
2013-07-30,551.0,568.0,550.0,558.0
2013-07-31,561.0,562.0,557.0,562.0
2013-08-01,563.0,563.0,557.0,557.0
2013-08-02,561.0,561.0,559.0,559.0
2013-08-05,558.0,562.0,558.0,562.0
2013-08-06,562.0,562.0,562.0,562.0
2013-08-07,563.0,563.0,563.0,563.0
2013-08-08,555.0,559.0,555.0,559.0
2013-08-09,559.0,559.0,559.0,559.0
2013-08-12,559.0,561.0,559.0,561.0
2013-08-13,562.0,562.0,554.0,554.0
2013-08-14,554.0,554.0,554.0,554.0
2013-08-15,558.0,561.0,558.0,561.0
2013-08-16,559.0,565.0,559.0,559.0
2013-08-19,565.0,565.0,561.0,561.0
2013-08-20,560.0,565.0,560.0,560.0
2013-08-21,564.0,564.0,560.0,560.0
2013-08-22,562.0,562.0,550.0,555.0
2013-08-23,562.0,570.0,560.0,560.0
2013-08-26,570.0,570.0,569.0,570.0
2013-08-27,572.0,580.0,567.0,578.0
2013-08-28,573.0,580.0,566.0,575.0
2013-08-29,570.0,570.0,570.0,570.0
2013-08-30,580.0,580.0,574.0,574.0
2013-09-02,576.0,576.0,562.0,572.0
2013-09-03,573.0,573.0,573.0,573.0
2013-09-04,570.0,570.0,567.0,567.0
2013-09-05,571.0,582.0,571.0,580.0
2013-09-06,583.0,583.0,579.0,582.0
2013-09-09,583.0,583.0,565.0,573.0
2013-09-10,583.0,583.0,572.0,581.0
2013-09-11,582.0,584.0,575.0,584.0
2013-09-12,582.0,584.0,580.0,584.0
2013-09-13,580.0,584.0,579.0,581.0
2013-09-17,584.0,588.0,584.0,588.0
2013-09-18,587.0,590.0,581.0,581.0
2013-09-19,587.0,587.0,583.0,583.0
2013-09-20,587.0,587.0,583.0,583.0
2013-09-24,587.0,587.0,583.0,583.0
2013-09-25,586.0,590.0,586.0,587.0
2013-09-26,594.0,594.0,585.0,588.0
2013-09-27,590.0,598.0,588.0,588.0
2013-09-30,596.0,596.0,585.0,589.0
2013-10-01,589.0,592.0,582.0,589.0
2013-10-02,587.0,587.0,578.0,578.0
2013-10-03,578.0,582.0,568.0,582.0
2013-10-04,578.0,580.0,578.0,580.0
2013-10-07,573.0,574.0,573.0,574.0
2013-10-08,573.0,573.0,572.0,572.0
2013-10-09,575.0,580.0,575.0,576.0
2013-10-10,572.0,575.0,572.0,575.0
2013-10-11,580.0,580.0,571.0,571.0
2013-10-15,574.0,574.0,574.0,574.0
2013-10-16,574.0,576.0,574.0,576.0
2013-10-17,576.0,578.0,575.0,578.0
2013-10-18,578.0,582.0,576.0,576.0
2013-10-21,581.0,590.0,581.0,589.0
2013-10-22,581.0,586.0,581.0,586.0
2013-10-23,587.0,587.0,579.0,579.0
2013-10-24,578.0,584.0,577.0,579.0
2013-10-25,580.0,583.0,574.0,580.0
2013-10-28,585.0,592.0,581.0,581.0
2013-10-29,581.0,584.0,572.0,583.0
2013-10-30,584.0,584.0,578.0,578.0
2013-10-31,578.0,578.0,578.0,578.0
2013-11-01,577.0,581.0,574.0,576.0
2013-11-05,571.0,575.0,570.0,572.0
2013-11-06,573.0,573.0,569.0,569.0
2013-11-07,569.0,583.0,569.0,574.0
2013-11-08,574.0,574.0,570.0,572.0
2013-11-11,572.0,572.0,569.0,569.0
2013-11-12,569.0,576.0,569.0,576.0
2013-11-13,575.0,577.0,575.0,577.0
2013-11-14,576.0,579.0,575.0,576.0
2013-11-15,579.0,580.0,577.0,580.0
2013-11-18,579.0,588.0,568.0,588.0
2013-11-19,586.0,589.0,575.0,575.0
2013-11-20,580.0,582.0,577.0,580.0
2013-11-21,581.0,629.0,575.0,628.0
2013-11-22,600.0,603.0,584.0,589.0
2013-11-25,589.0,593.0,588.0,588.0
2013-11-26,582.0,588.0,582.0,585.0
2013-11-27,567.0,573.0,567.0,572.0
2013-11-28,571.0,577.0,571.0,576.0
2013-11-29,576.0,578.0,572.0,578.0
2013-12-02,573.0,573.0,563.0,570.0
2013-12-03,574.0,574.0,569.0,569.0
2013-12-04,578.0,578.0,562.0,565.0
2013-12-05,566.0,568.0,566.0,568.0
2013-12-06,566.0,567.0,565.0,565.0
2013-12-09,566.0,567.0,562.0,563.0
2013-12-10,564.0,569.0,561.0,568.0
2013-12-11,562.0,568.0,562.0,567.0
2013-12-12,567.0,567.0,551.0,562.0
2013-12-13,560.0,562.0,560.0,560.0
2013-12-16,561.0,562.0,561.0,561.0
2013-12-17,561.0,561.0,560.0,561.0
2013-12-18,559.0,560.0,555.0,557.0
2013-12-19,557.0,560.0,552.0,554.0
2013-12-20,554.0,560.0,554.0,555.0
2013-12-24,553.0,556.0,553.0,556.0
2013-12-25,543.0,552.0,542.0,549.0
2013-12-26,546.0,557.0,546.0,557.0
2013-12-27,555.0,583.0,550.0,574.0
2013-12-30,573.0,578.0,560.0,573.0
2014-01-06,572.0,579.0,567.0,572.0
2014-01-07,574.0,600.0,568.0,600.0
2014-01-08,589.0,589.0,575.0,580.0
2014-01-09,580.0,582.0,580.0,580.0
2014-01-10,581.0,590.0,571.0,578.0
2014-01-14,578.0,584.0,577.0,584.0
2014-01-15,584.0,584.0,580.0,580.0
2014-01-16,580.0,585.0,580.0,581.0
2014-01-17,581.0,590.0,581.0,584.0
2014-01-20,592.0,600.0,581.0,584.0
2014-01-21,584.0,586.0,580.0,586.0
2014-01-22,586.0,590.0,586.0,590.0
2014-01-23,587.0,590.0,587.0,589.0
2014-01-24,587.0,589.0,585.0,585.0
2014-01-27,580.0,580.0,572.0,574.0
2014-01-28,575.0,581.0,573.0,581.0
2014-01-29,580.0,589.0,580.0,589.0
2014-01-30,580.0,584.0,576.0,581.0
2014-01-31,581.0,582.0,575.0,578.0
2014-02-03,578.0,578.0,572.0,572.0
2014-02-04,566.0,575.0,560.0,561.0
2014-02-05,562.0,565.0,560.0,561.0
2014-02-06,561.0,565.0,561.0,565.0
2014-02-07,565.0,567.0,563.0,567.0
2014-02-10,570.0,571.0,570.0,571.0
2014-02-12,567.0,577.0,567.0,577.0
2014-02-13,574.0,574.0,571.0,572.0
2014-02-14,577.0,577.0,570.0,570.0
2014-02-17,570.0,574.0,563.0,568.0
2014-02-18,571.0,572.0,566.0,572.0
2014-02-19,566.0,571.0,566.0,571.0
2014-02-20,572.0,572.0,571.0,571.0
2014-02-21,571.0,571.0,571.0,571.0
2014-02-24,570.0,570.0,570.0,570.0
2014-02-25,571.0,571.0,571.0,571.0
2014-02-26,569.0,574.0,569.0,574.0
2014-02-27,574.0,574.0,570.0,570.0
2014-02-28,570.0,573.0,570.0,570.0
2014-03-03,572.0,572.0,568.0,571.0
2014-03-04,569.0,569.0,569.0,569.0
2014-03-05,566.0,570.0,566.0,570.0
2014-03-06,566.0,569.0,566.0,569.0
2014-03-07,569.0,572.0,568.0,572.0
2014-03-10,570.0,572.0,565.0,570.0
2014-03-11,572.0,572.0,572.0,572.0
2014-03-12,568.0,569.0,567.0,569.0
2014-03-13,572.0,572.0,567.0,569.0
2014-03-14,566.0,566.0,559.0,564.0
2014-03-17,561.0,561.0,560.0,560.0
2014-03-18,568.0,568.0,564.0,564.0
2014-03-19,564.0,564.0,564.0,564.0
2014-03-20,560.0,560.0,558.0,558.0
2014-03-24,562.0,562.0,555.0,557.0
2014-03-25,564.0,564.0,562.0,562.0
2014-03-26,557.0,561.0,557.0,561.0
2014-03-27,565.0,565.0,557.0,558.0
2014-03-28,556.0,565.0,555.0,565.0
2014-03-31,563.0,563.0,559.0,563.0
2014-04-01,564.0,564.0,564.0,564.0
2014-04-02,564.0,564.0,563.0,564.0
2014-04-03,562.0,570.0,562.0,566.0
2014-04-04,564.0,565.0,563.0,565.0
2014-04-07,565.0,565.0,563.0,563.0
2014-04-08,564.0,564.0,562.0,562.0
2014-04-09,561.0,561.0,560.0,560.0
2014-04-10,560.0,561.0,553.0,561.0
2014-04-11,557.0,560.0,557.0,560.0
2014-04-14,555.0,556.0,555.0,556.0
2014-04-15,555.0,556.0,555.0,556.0
2014-04-16,556.0,556.0,556.0,556.0
2014-04-17,556.0,556.0,556.0,556.0
2014-04-18,560.0,562.0,558.0,558.0
2014-04-21,559.0,560.0,559.0,560.0
2014-04-22,559.0,560.0,559.0,560.0
2014-04-23,560.0,560.0,560.0,560.0
2014-04-24,560.0,560.0,560.0,560.0
2014-04-25,564.0,564.0,559.0,561.0
2014-04-28,566.0,566.0,561.0,561.0
2014-04-30,562.0,562.0,560.0,561.0
2014-05-01,561.0,561.0,561.0,561.0
2014-05-02,565.0,565.0,559.0,560.0
2014-05-07,558.0,563.0,558.0,558.0
2014-05-08,560.0,560.0,557.0,557.0
2014-05-09,555.0,559.0,555.0,559.0
2014-05-12,558.0,560.0,557.0,557.0
2014-05-13,557.0,561.0,556.0,556.0
2014-05-14,556.0,558.0,556.0,558.0
2014-05-15,556.0,558.0,556.0,556.0
2014-05-16,556.0,556.0,556.0,556.0
2014-05-19,555.0,557.0,548.0,548.0
2014-05-20,550.0,550.0,545.0,546.0
2014-05-21,545.0,549.0,545.0,545.0
2014-05-22,549.0,550.0,544.0,549.0
2014-05-23,552.0,552.0,545.0,551.0
2014-05-26,550.0,553.0,548.0,551.0
2014-05-27,555.0,555.0,543.0,547.0
2014-05-28,546.0,549.0,546.0,549.0
2014-05-29,548.0,550.0,545.0,547.0
2014-05-30,540.0,550.0,538.0,548.0
2014-06-02,541.0,549.0,541.0,546.0
2014-06-03,551.0,551.0,548.0,550.0
2014-06-04,549.0,549.0,548.0,549.0
2014-06-05,549.0,549.0,545.0,548.0
2014-06-06,550.0,550.0,547.0,547.0
2014-06-09,549.0,550.0,546.0,548.0
2014-06-10,548.0,550.0,548.0,548.0
2014-06-11,548.0,550.0,548.0,549.0
2014-06-12,548.0,548.0,548.0,548.0
2014-06-13,549.0,550.0,548.0,550.0
2014-06-16,553.0,553.0,550.0,552.0
2014-06-17,551.0,551.0,551.0,551.0
2014-06-18,553.0,553.0,550.0,552.0
2014-06-19,555.0,555.0,551.0,554.0
2014-06-20,553.0,556.0,552.0,553.0
2014-06-23,556.0,556.0,554.0,555.0
2014-06-24,557.0,558.0,556.0,556.0
2014-06-25,554.0,556.0,554.0,556.0
2014-06-26,556.0,556.0,556.0,556.0
2014-06-27,555.0,560.0,555.0,560.0
2014-06-30,554.0,559.0,554.0,557.0
2014-07-01,558.0,559.0,557.0,559.0
2014-07-02,559.0,559.0,557.0,558.0
2014-07-03,555.0,559.0,554.0,556.0
2014-07-04,554.0,557.0,552.0,554.0
2014-07-07,558.0,558.0,557.0,557.0
2014-07-08,559.0,560.0,555.0,555.0
2014-07-09,556.0,560.0,556.0,557.0
2014-07-10,558.0,558.0,557.0,557.0
2014-07-11,556.0,557.0,550.0,555.0
2014-07-14,551.0,555.0,551.0,553.0
2014-07-15,553.0,553.0,553.0,553.0
2014-07-16,555.0,555.0,555.0,555.0
2014-07-17,557.0,557.0,557.0,557.0
2014-07-18,556.0,556.0,553.0,553.0
2014-07-22,556.0,557.0,556.0,556.0
2014-07-23,556.0,556.0,550.0,553.0
2014-07-24,550.0,557.0,544.0,557.0
2014-07-25,557.0,563.0,557.0,560.0
2014-07-28,560.0,565.0,557.0,561.0
2014-07-29,561.0,565.0,560.0,565.0
2014-07-30,564.0,564.0,560.0,561.0
2014-07-31,561.0,562.0,559.0,559.0
2014-08-01,558.0,558.0,555.0,555.0
2014-08-04,558.0,558.0,552.0,553.0
2014-08-05,553.0,555.0,551.0,552.0
2014-08-06,557.0,557.0,546.0,547.0
2014-08-07,550.0,550.0,549.0,550.0
2014-08-08,546.0,548.0,546.0,546.0
2014-08-11,550.0,550.0,546.0,549.0
2014-08-12,546.0,549.0,546.0,547.0
2014-08-13,547.0,550.0,547.0,547.0
2014-08-14,550.0,550.0,547.0,548.0
2014-08-15,550.0,550.0,547.0,550.0
2014-08-18,549.0,550.0,548.0,549.0
2014-08-19,549.0,549.0,529.0,549.0
2014-08-20,549.0,549.0,545.0,548.0
2014-08-21,549.0,549.0,546.0,549.0
2014-08-22,549.0,551.0,549.0,549.0
2014-08-25,551.0,554.0,549.0,549.0
2014-08-26,556.0,556.0,549.0,550.0
2014-08-27,551.0,553.0,550.0,553.0
2014-08-28,552.0,552.0,548.0,551.0
2014-08-29,551.0,553.0,550.0,552.0
2014-09-01,564.0,566.0,552.0,553.0
2014-09-02,560.0,562.0,552.0,559.0
2014-09-03,563.0,563.0,559.0,560.0
2014-09-04,560.0,566.0,559.0,561.0
2014-09-05,560.0,561.0,556.0,559.0
2014-09-08,569.0,570.0,559.0,562.0
2014-09-09,566.0,570.0,565.0,565.0
2014-09-10,568.0,573.0,564.0,564.0
2014-09-11,564.0,574.0,564.0,567.0
2014-09-12,568.0,574.0,566.0,567.0
2014-09-16,563.0,567.0,563.0,566.0
2014-09-17,568.0,570.0,566.0,568.0
2014-09-18,571.0,571.0,568.0,569.0
2014-09-19,570.0,571.0,570.0,571.0
2014-09-22,571.0,580.0,571.0,580.0
2014-09-24,595.0,600.0,574.0,580.0
2014-09-25,586.0,586.0,578.0,578.0
2014-09-26,578.0,581.0,575.0,581.0
2014-09-29,579.0,585.0,573.0,573.0
2014-09-30,580.0,581.0,573.0,574.0
2014-10-01,577.0,578.0,575.0,575.0
2014-10-02,574.0,577.0,573.0,573.0
2014-10-03,573.0,575.0,573.0,575.0
2014-10-06,583.0,584.0,575.0,575.0
2014-10-07,583.0,583.0,578.0,578.0
2014-10-08,576.0,577.0,576.0,576.0
2014-10-09,575.0,576.0,574.0,574.0
2014-10-10,574.0,574.0,569.0,569.0
2014-10-14,572.0,572.0,566.0,566.0
2014-10-15,566.0,566.0,566.0,566.0
2014-10-16,565.0,566.0,560.0,560.0
2014-10-17,556.0,559.0,555.0,556.0
2014-10-20,560.0,564.0,560.0,561.0
2014-10-21,561.0,564.0,561.0,564.0
2014-10-22,565.0,571.0,562.0,571.0
2014-10-23,569.0,569.0,569.0,569.0
2014-10-24,568.0,570.0,565.0,566.0
2014-10-27,569.0,569.0,567.0,567.0
2014-10-28,565.0,566.0,565.0,565.0
2014-10-29,565.0,567.0,565.0,567.0
2014-10-30,562.0,566.0,562.0,566.0
2014-10-31,566.0,569.0,564.0,569.0
2014-11-04,569.0,571.0,568.0,569.0
2014-11-05,570.0,571.0,569.0,569.0
2014-11-06,569.0,571.0,567.0,567.0
2014-11-07,569.0,569.0,567.0,567.0
2014-11-10,565.0,565.0,564.0,565.0
2014-11-11,565.0,566.0,564.0,566.0
2014-11-12,566.0,568.0,564.0,566.0
2014-11-13,566.0,567.0,565.0,566.0
2014-11-14,566.0,567.0,565.0,566.0
2014-11-17,566.0,566.0,550.0,555.0
2014-11-18,555.0,563.0,555.0,561.0
2014-11-19,560.0,568.0,560.0,568.0
2014-11-20,560.0,563.0,560.0,563.0
2014-11-21,562.0,563.0,558.0,560.0
2014-11-25,559.0,565.0,558.0,565.0
2014-11-26,549.0,557.0,547.0,552.0
2014-11-27,552.0,553.0,551.0,553.0
2014-11-28,551.0,553.0,551.0,551.0
2014-12-01,551.0,552.0,548.0,548.0
2014-12-02,550.0,550.0,549.0,550.0
2014-12-03,550.0,551.0,550.0,551.0
2014-12-04,550.0,552.0,550.0,551.0
2014-12-05,553.0,553.0,550.0,550.0
2014-12-08,553.0,553.0,553.0,553.0
2014-12-09,553.0,553.0,550.0,550.0
2014-12-10,550.0,550.0,547.0,548.0
2014-12-11,548.0,550.0,548.0,548.0
2014-12-12,548.0,550.0,548.0,548.0
2014-12-15,550.0,550.0,549.0,549.0
2014-12-16,548.0,548.0,548.0,548.0
2014-12-17,548.0,548.0,545.0,545.0
2014-12-18,550.0,550.0,549.0,549.0
2014-12-19,549.0,550.0,547.0,549.0
2014-12-22,548.0,552.0,548.0,552.0
2014-12-24,550.0,550.0,549.0,550.0
2014-12-25,551.0,551.0,548.0,548.0
2014-12-26,552.0,553.0,552.0,553.0
2014-12-29,554.0,554.0,550.0,552.0
2014-12-30,552.0,553.0,551.0,552.0
2015-01-05,552.0,554.0,552.0,554.0
2015-01-06,554.0,554.0,552.0,552.0
2015-01-07,552.0,555.0,552.0,553.0
2015-01-08,553.0,556.0,553.0,556.0
2015-01-09,562.0,567.0,555.0,558.0
2015-01-13,556.0,560.0,555.0,557.0
2015-01-14,563.0,563.0,556.0,556.0
2015-01-15,557.0,561.0,557.0,561.0
2015-01-16,560.0,560.0,552.0,552.0
2015-01-19,563.0,563.0,554.0,554.0
2015-01-20,556.0,556.0,555.0,555.0
2015-01-21,557.0,558.0,557.0,557.0
2015-01-22,560.0,560.0,555.0,555.0
2015-01-23,561.0,561.0,556.0,558.0
2015-01-26,558.0,558.0,556.0,556.0
2015-01-27,556.0,559.0,556.0,557.0
2015-01-28,558.0,559.0,558.0,559.0
2015-01-29,560.0,560.0,558.0,558.0
2015-01-30,559.0,559.0,557.0,557.0
2015-02-02,556.0,558.0,556.0,558.0
2015-02-03,558.0,558.0,558.0,558.0
2015-02-04,557.0,559.0,557.0,559.0
2015-02-05,559.0,559.0,559.0,559.0
2015-02-06,560.0,561.0,560.0,561.0
2015-02-09,561.0,562.0,561.0,561.0
2015-02-10,561.0,565.0,561.0,561.0
2015-02-12,562.0,563.0,561.0,561.0
2015-02-13,563.0,565.0,561.0,565.0
2015-02-16,565.0,565.0,564.0,565.0
2015-02-17,561.0,561.0,561.0,561.0
2015-02-18,562.0,563.0,562.0,562.0
2015-02-19,562.0,562.0,562.0,562.0
2015-02-20,564.0,565.0,563.0,565.0
2015-02-23,565.0,567.0,565.0,567.0
2015-02-24,567.0,570.0,567.0,570.0
2015-02-25,565.0,570.0,565.0,570.0
2015-02-26,570.0,570.0,565.0,570.0
2015-02-27,571.0,577.0,570.0,574.0
2015-03-02,570.0,573.0,570.0,573.0
2015-03-03,574.0,574.0,571.0,572.0
2015-03-04,571.0,573.0,570.0,572.0
2015-03-05,574.0,574.0,571.0,573.0
2015-03-06,571.0,574.0,571.0,574.0
2015-03-09,571.0,574.0,571.0,573.0
2015-03-10,575.0,575.0,573.0,574.0
2015-03-11,573.0,574.0,573.0,574.0
2015-03-12,574.0,575.0,573.0,574.0
2015-03-13,576.0,576.0,573.0,575.0
2015-03-16,575.0,575.0,571.0,574.0
2015-03-17,575.0,575.0,572.0,572.0
2015-03-18,572.0,572.0,572.0,572.0
2015-03-19,573.0,575.0,573.0,575.0
2015-03-20,574.0,575.0,573.0,574.0
2015-03-23,574.0,575.0,570.0,575.0
2015-03-24,575.0,576.0,574.0,576.0
2015-03-25,576.0,576.0,573.0,573.0
2015-03-26,573.0,575.0,572.0,575.0
2015-03-27,576.0,576.0,572.0,572.0
2015-03-30,566.0,570.0,566.0,570.0
2015-03-31,570.0,573.0,568.0,573.0
2015-04-01,573.0,573.0,569.0,573.0
2015-04-02,574.0,574.0,570.0,570.0
2015-04-03,571.0,575.0,571.0,575.0
2015-04-06,575.0,579.0,572.0,577.0
2015-04-07,577.0,580.0,577.0,580.0
2015-04-08,579.0,579.0,573.0,578.0
2015-04-09,579.0,579.0,578.0,579.0
2015-04-10,579.0,579.0,577.0,579.0
2015-04-13,580.0,580.0,575.0,580.0
2015-04-14,580.0,581.0,578.0,581.0
2015-04-15,581.0,581.0,575.0,580.0
2015-04-16,581.0,582.0,579.0,581.0
2015-04-17,582.0,584.0,580.0,583.0
2015-04-20,584.0,585.0,579.0,579.0
2015-04-21,580.0,581.0,577.0,581.0
2015-04-22,582.0,584.0,582.0,584.0
2015-04-23,586.0,586.0,583.0,586.0
2015-04-24,586.0,586.0,581.0,584.0
2015-04-27,587.0,587.0,584.0,586.0
2015-04-28,588.0,588.0,586.0,586.0
2015-04-30,588.0,588.0,584.0,587.0
2015-05-01,587.0,587.0,582.0,587.0
2015-05-07,587.0,587.0,586.0,586.0
2015-05-08,586.0,586.0,582.0,585.0
2015-05-11,585.0,585.0,580.0,582.0
2015-05-12,581.0,582.0,581.0,582.0
2015-05-13,582.0,583.0,582.0,583.0
2015-05-14,582.0,582.0,577.0,581.0
2015-05-15,581.0,581.0,581.0,581.0
2015-05-18,581.0,581.0,579.0,581.0
2015-05-19,581.0,583.0,580.0,581.0
2015-05-20,581.0,581.0,579.0,581.0
2015-05-21,578.0,580.0,577.0,580.0
2015-05-22,581.0,581.0,580.0,581.0
2015-05-25,581.0,582.0,577.0,582.0
2015-05-26,584.0,587.0,583.0,584.0
2015-05-27,584.0,584.0,581.0,583.0
2015-05-28,584.0,584.0,580.0,582.0
2015-05-29,584.0,584.0,580.0,583.0
2015-06-01,583.0,583.0,581.0,582.0
2015-06-02,583.0,583.0,582.0,583.0
2015-06-03,582.0,582.0,581.0,582.0
2015-06-04,583.0,586.0,580.0,583.0
2015-06-05,584.0,584.0,582.0,582.0
2015-06-08,588.0,588.0,583.0,584.0
2015-06-09,585.0,585.0,581.0,583.0
2015-06-10,584.0,584.0,581.0,583.0
2015-06-11,583.0,587.0,581.0,587.0
2015-06-12,582.0,583.0,578.0,578.0
2015-06-15,586.0,586.0,580.0,580.0
2015-06-16,585.0,585.0,584.0,584.0
2015-06-17,585.0,585.0,582.0,584.0
2015-06-18,584.0,585.0,582.0,585.0
2015-06-19,585.0,585.0,584.0,584.0
2015-06-22,584.0,584.0,578.0,579.0
2015-06-23,580.0,582.0,580.0,582.0
2015-06-24,581.0,581.0,577.0,580.0
2015-06-25,581.0,581.0,578.0,580.0
2015-06-26,575.0,579.0,575.0,579.0
2015-06-29,576.0,579.0,576.0,579.0
2015-06-30,579.0,584.0,579.0,584.0
2015-07-01,583.0,587.0,580.0,587.0
2015-07-02,587.0,587.0,580.0,584.0
2015-07-03,585.0,585.0,580.0,582.0
2015-07-06,582.0,586.0,581.0,582.0
2015-07-07,580.0,582.0,580.0,581.0
2015-07-08,580.0,584.0,578.0,578.0
2015-07-09,573.0,575.0,568.0,569.0
2015-07-10,568.0,573.0,568.0,573.0
2015-07-13,576.0,577.0,569.0,574.0
2015-07-14,575.0,577.0,570.0,576.0
2015-07-15,578.0,579.0,576.0,579.0
2015-07-16,579.0,584.0,579.0,583.0
2015-07-17,582.0,583.0,579.0,581.0
2015-07-21,579.0,579.0,572.0,575.0
2015-07-22,575.0,578.0,575.0,578.0
2015-07-23,578.0,579.0,575.0,578.0
2015-07-24,581.0,581.0,572.0,576.0
2015-07-27,577.0,577.0,573.0,575.0
2015-07-28,576.0,576.0,576.0,576.0
2015-07-29,578.0,578.0,577.0,577.0
2015-07-30,580.0,580.0,577.0,577.0
2015-07-31,579.0,579.0,574.0,578.0
2015-08-03,575.0,579.0,574.0,579.0
2015-08-04,577.0,579.0,575.0,578.0
2015-08-05,580.0,580.0,576.0,579.0
2015-08-06,577.0,579.0,576.0,578.0
2015-08-07,579.0,579.0,574.0,574.0
2015-08-10,579.0,579.0,574.0,574.0
2015-08-11,578.0,580.0,577.0,577.0
2015-08-12,580.0,580.0,574.0,580.0
2015-08-13,579.0,580.0,574.0,580.0
2015-08-14,581.0,582.0,578.0,578.0
2015-08-17,583.0,583.0,579.0,582.0
2015-08-18,582.0,583.0,580.0,583.0
2015-08-19,583.0,583.0,583.0,583.0
2015-08-20,583.0,583.0,577.0,581.0
2015-08-21,578.0,578.0,573.0,575.0
2015-08-24,574.0,574.0,561.0,563.0
2015-08-25,553.0,559.0,551.0,552.0
2015-08-26,555.0,558.0,552.0,557.0
2015-08-27,561.0,564.0,561.0,563.0
2015-08-28,565.0,566.0,564.0,565.0
2015-08-31,565.0,565.0,560.0,565.0
2015-09-01,561.0,565.0,555.0,564.0
2015-09-02,554.0,559.0,554.0,559.0
2015-09-03,562.0,562.0,558.0,560.0
2015-09-04,560.0,560.0,555.0,556.0
2015-09-07,556.0,556.0,549.0,554.0
2015-09-08,556.0,556.0,553.0,553.0
2015-09-09,558.0,560.0,554.0,559.0
2015-09-10,559.0,559.0,559.0,559.0
2015-09-11,554.0,558.0,554.0,558.0
2015-09-14,558.0,558.0,552.0,557.0
2015-09-15,557.0,557.0,550.0,557.0
2015-09-16,551.0,551.0,551.0,551.0
2015-09-17,552.0,556.0,552.0,556.0
2015-09-18,556.0,556.0,552.0,552.0
2015-09-24,555.0,555.0,547.0,551.0
2015-09-25,551.0,555.0,547.0,554.0
2015-09-28,554.0,556.0,554.0,556.0
2015-09-29,557.0,557.0,550.0,551.0
2015-09-30,557.0,557.0,557.0,557.0
2015-10-01,555.0,555.0,552.0,552.0
2015-10-02,552.0,552.0,550.0,550.0
2015-10-05,550.0,550.0,543.0,549.0
2015-10-06,549.0,549.0,540.0,545.0
2015-10-07,545.0,547.0,542.0,543.0
2015-10-08,542.0,543.0,542.0,543.0
2015-10-09,542.0,545.0,542.0,543.0
2015-10-13,543.0,543.0,541.0,543.0
2015-10-14,543.0,543.0,540.0,541.0
2015-10-15,541.0,542.0,541.0,542.0
2015-10-16,542.0,549.0,542.0,546.0
2015-10-19,550.0,553.0,549.0,549.0
2015-10-20,550.0,550.0,547.0,547.0
2015-10-21,557.0,570.0,556.0,556.0
2015-10-22,560.0,562.0,558.0,560.0
2015-10-23,562.0,567.0,561.0,564.0
2015-10-26,565.0,572.0,565.0,572.0
2015-10-27,570.0,570.0,566.0,567.0
2015-10-28,572.0,572.0,570.0,572.0
2015-10-29,570.0,571.0,570.0,571.0
2015-10-30,571.0,571.0,567.0,571.0
2015-11-02,561.0,567.0,561.0,563.0
2015-11-04,563.0,565.0,563.0,565.0
2015-11-05,564.0,566.0,564.0,566.0
2015-11-06,566.0,567.0,563.0,563.0
2015-11-09,562.0,565.0,562.0,565.0
2015-11-10,565.0,565.0,562.0,564.0
2015-11-11,561.0,565.0,561.0,565.0
2015-11-12,562.0,562.0,559.0,562.0
2015-11-13,560.0,560.0,559.0,560.0
2015-11-16,555.0,558.0,555.0,558.0
2015-11-17,563.0,563.0,558.0,558.0
2015-11-18,560.0,561.0,557.0,561.0
2015-11-19,558.0,560.0,556.0,558.0
2015-11-20,556.0,560.0,553.0,555.0
2015-11-24,557.0,564.0,557.0,564.0
2015-11-25,559.0,567.0,558.0,567.0
2015-11-26,545.0,552.0,545.0,547.0
2015-11-27,549.0,550.0,545.0,546.0
2015-11-30,545.0,545.0,536.0,536.0
2015-12-01,541.0,543.0,531.0,531.0
2015-12-02,530.0,539.0,525.0,534.0
2015-12-03,533.0,539.0,531.0,539.0
2015-12-04,540.0,544.0,533.0,533.0
2015-12-07,538.0,538.0,523.0,525.0
2015-12-08,526.0,528.0,523.0,525.0
2015-12-09,528.0,530.0,527.0,530.0
2015-12-10,530.0,530.0,524.0,528.0
2015-12-11,530.0,531.0,525.0,525.0
2015-12-14,528.0,528.0,524.0,525.0
2015-12-15,528.0,530.0,523.0,528.0
2015-12-16,525.0,529.0,523.0,523.0
2015-12-17,527.0,528.0,525.0,528.0
2015-12-18,528.0,530.0,521.0,522.0
2015-12-21,522.0,527.0,520.0,521.0
2015-12-22,524.0,525.0,517.0,517.0
2015-12-24,527.0,527.0,521.0,522.0
2015-12-25,522.0,522.0,522.0,522.0
2015-12-28,512.0,519.0,512.0,516.0
2015-12-29,521.0,522.0,519.0,522.0
2015-12-30,525.0,525.0,515.0,517.0
2016-01-04,518.0,521.0,516.0,516.0
2016-01-05,511.0,516.0,511.0,514.0
2016-01-06,514.0,516.0,514.0,516.0
2016-01-07,516.0,521.0,516.0,517.0
2016-01-08,517.0,517.0,517.0,517.0
2016-01-12,517.0,517.0,498.0,498.0
2016-01-13,501.0,510.0,501.0,510.0
2016-01-14,502.0,502.0,500.0,500.0
2016-01-15,502.0,503.0,502.0,503.0
2016-01-18,490.0,499.0,482.0,483.0
2016-01-19,483.0,484.0,482.0,483.0
2016-01-20,489.0,490.0,481.0,481.0
2016-01-21,478.0,481.0,477.0,477.0
2016-01-22,479.0,483.0,477.0,478.0
2016-01-25,480.0,491.0,480.0,480.0
2016-01-26,480.0,495.0,480.0,483.0
2016-01-27,483.0,484.0,483.0,483.0
2016-01-28,483.0,490.0,479.0,481.0
2016-01-29,494.0,496.0,485.0,485.0
2016-02-01,496.0,526.0,496.0,519.0
2016-02-02,525.0,560.0,519.0,519.0
2016-02-03,521.0,543.0,511.0,513.0
2016-02-04,531.0,557.0,525.0,538.0
2016-02-05,525.0,530.0,490.0,502.0
2016-02-08,510.0,510.0,487.0,494.0
2016-02-09,487.0,493.0,481.0,481.0
2016-02-10,482.0,491.0,480.0,489.0
2016-02-12,475.0,476.0,446.0,446.0
2016-02-15,456.0,458.0,450.0,458.0
2016-02-16,457.0,466.0,457.0,457.0
2016-02-17,457.0,459.0,456.0,456.0
2016-02-18,457.0,457.0,455.0,456.0
2016-02-19,459.0,459.0,450.0,451.0
2016-02-22,449.0,457.0,449.0,456.0
2016-02-23,456.0,460.0,450.0,459.0
2016-02-24,461.0,461.0,461.0,461.0
2016-02-25,465.0,465.0,465.0,465.0
2016-02-26,485.0,510.0,473.0,488.0
2016-02-29,475.0,493.0,470.0,477.0
2016-03-01,483.0,483.0,483.0,483.0
2016-03-02,488.0,489.0,488.0,489.0
2016-03-03,488.0,490.0,488.0,490.0
2016-03-04,484.0,489.0,477.0,489.0
2016-03-07,489.0,489.0,480.0,482.0
2016-03-08,490.0,490.0,475.0,483.0
2016-03-09,483.0,486.0,477.0,477.0
2016-03-10,478.0,480.0,473.0,473.0
2016-03-11,479.0,479.0,471.0,471.0
2016-03-14,473.0,482.0,471.0,482.0
2016-03-15,483.0,483.0,475.0,482.0
2016-03-16,483.0,483.0,483.0,483.0
2016-03-17,482.0,482.0,480.0,480.0
2016-03-18,484.0,484.0,476.0,479.0
2016-03-22,475.0,483.0,475.0,478.0
2016-03-23,480.0,480.0,480.0,480.0
2016-03-24,480.0,480.0,480.0,480.0
2016-03-25,487.0,488.0,484.0,488.0
2016-03-28,489.0,493.0,488.0,488.0
2016-03-29,483.0,484.0,483.0,484.0
2016-03-30,485.0,485.0,483.0,483.0
2016-03-31,481.0,483.0,481.0,482.0
2016-04-01,490.0,490.0,483.0,483.0
2016-04-04,483.0,484.0,480.0,484.0
2016-04-05,481.0,481.0,478.0,480.0
2016-04-06,476.0,482.0,476.0,482.0
2016-04-07,476.0,476.0,475.0,476.0
2016-04-08,475.0,479.0,473.0,478.0
2016-04-11,475.0,477.0,475.0,475.0
2016-04-12,475.0,488.0,475.0,488.0
2016-04-13,479.0,481.0,478.0,481.0
2016-04-14,475.0,480.0,475.0,478.0
2016-04-15,480.0,480.0,478.0,478.0
2016-04-18,475.0,480.0,475.0,478.0
2016-04-19,483.0,483.0,480.0,480.0
2016-04-20,484.0,484.0,480.0,480.0
2016-04-21,483.0,483.0,483.0,483.0
2016-04-22,485.0,485.0,483.0,484.0
2016-04-25,484.0,485.0,484.0,485.0
2016-04-26,485.0,485.0,483.0,484.0
2016-04-27,481.0,484.0,481.0,483.0
2016-04-28,484.0,485.0,483.0,483.0
2016-05-02,484.0,484.0,480.0,482.0
2016-05-06,480.0,481.0,480.0,481.0
2016-05-09,480.0,488.0,480.0,484.0
2016-05-10,480.0,482.0,480.0,482.0
2016-05-11,487.0,487.0,479.0,483.0
2016-05-12,480.0,485.0,480.0,485.0
2016-05-13,479.0,482.0,479.0,482.0
2016-05-16,482.0,482.0,482.0,482.0
2016-05-17,480.0,482.0,480.0,482.0
2016-05-18,480.0,480.0,480.0,480.0
2016-05-19,480.0,481.0,480.0,481.0
2016-05-20,485.0,485.0,479.0,479.0
2016-05-23,476.0,480.0,475.0,476.0
2016-05-24,475.0,475.0,472.0,475.0
2016-05-25,475.0,475.0,473.0,473.0
2016-05-26,475.0,477.0,474.0,477.0
2016-05-27,478.0,482.0,476.0,481.0
2016-05-30,479.0,479.0,470.0,477.0
2016-05-31,476.0,476.0,470.0,470.0
2016-06-01,472.0,475.0,470.0,472.0
2016-06-02,478.0,478.0,465.0,469.0
2016-06-03,466.0,471.0,466.0,470.0
2016-06-06,470.0,470.0,462.0,462.0
2016-06-07,470.0,470.0,468.0,468.0
2016-06-08,470.0,470.0,470.0,470.0
2016-06-09,467.0,468.0,465.0,468.0
2016-06-10,468.0,468.0,468.0,468.0
2016-06-13,465.0,469.0,463.0,468.0
2016-06-14,464.0,470.0,463.0,468.0
2016-06-15,461.0,469.0,451.0,458.0
2016-06-16,455.0,462.0,453.0,462.0
2016-06-17,460.0,460.0,460.0,460.0
2016-06-20,452.0,457.0,452.0,456.0
2016-06-21,456.0,457.0,450.0,450.0
2016-06-22,451.0,464.0,450.0,457.0
2016-06-23,457.0,464.0,457.0,464.0
2016-06-24,470.0,470.0,455.0,455.0
2016-06-27,450.0,455.0,450.0,455.0
2016-06-28,454.0,455.0,453.0,453.0
2016-06-29,460.0,460.0,459.0,459.0
2016-06-30,457.0,460.0,457.0,460.0
2016-07-01,455.0,460.0,455.0,460.0
2016-07-04,455.0,463.0,455.0,463.0
2016-07-05,463.0,463.0,460.0,460.0
2016-07-06,460.0,460.0,460.0,460.0
2016-07-07,460.0,460.0,460.0,460.0
2016-07-08,460.0,460.0,460.0,460.0
2016-07-11,460.0,460.0,460.0,460.0
2016-07-12,460.0,467.0,460.0,460.0
2016-07-13,460.0,464.0,455.0,455.0
2016-07-14,456.0,459.0,451.0,459.0
2016-07-15,463.0,468.0,460.0,468.0
2016-07-19,463.0,463.0,461.0,463.0
2016-07-20,456.0,465.0,456.0,465.0
2016-07-21,460.0,460.0,460.0,460.0
2016-07-22,462.0,462.0,462.0,462.0
2016-07-25,468.0,473.0,465.0,466.0
2016-07-26,466.0,472.0,466.0,467.0
2016-07-27,467.0,472.0,466.0,466.0
2016-07-28,464.0,465.0,464.0,465.0
2016-07-29,471.0,485.0,464.0,485.0
2016-08-01,478.0,478.0,473.0,473.0
2016-08-02,473.0,482.0,469.0,474.0
2016-08-03,478.0,478.0,473.0,476.0
2016-08-04,476.0,484.0,465.0,473.0
2016-08-05,472.0,472.0,472.0,472.0
2016-08-08,473.0,473.0,468.0,470.0
2016-08-09,470.0,474.0,470.0,474.0
2016-08-10,468.0,478.0,468.0,469.0
2016-08-12,470.0,470.0,469.0,469.0
2016-08-15,470.0,473.0,469.0,469.0
2016-08-16,470.0,473.0,468.0,473.0
2016-08-17,473.0,473.0,464.0,473.0
2016-08-18,472.0,472.0,470.0,472.0
2016-08-19,466.0,467.0,464.0,467.0
2016-08-22,471.0,477.0,467.0,477.0
2016-08-23,470.0,476.0,470.0,476.0
2016-08-24,468.0,473.0,468.0,473.0
2016-08-25,473.0,473.0,473.0,473.0
2016-08-26,472.0,473.0,466.0,473.0
2016-08-29,474.0,475.0,471.0,474.0
2016-08-30,474.0,474.0,467.0,467.0
2016-08-31,470.0,475.0,470.0,475.0
2016-09-01,475.0,478.0,475.0,477.0
2016-09-02,477.0,479.0,477.0,478.0
2016-09-05,474.0,474.0,473.0,474.0
2016-09-06,474.0,478.0,474.0,474.0
2016-09-07,476.0,482.0,472.0,473.0
2016-09-08,473.0,473.0,473.0,473.0
2016-09-09,471.0,478.0,470.0,477.0
2016-09-12,477.0,477.0,477.0,477.0
2016-09-13,471.0,471.0,471.0,471.0
2016-09-14,471.0,474.0,471.0,474.0
2016-09-15,474.0,481.0,474.0,481.0
2016-09-16,473.0,481.0,473.0,475.0
2016-09-20,473.0,473.0,473.0,473.0
2016-09-21,471.0,471.0,467.0,469.0
2016-09-23,466.0,470.0,466.0,470.0
2016-09-26,470.0,470.0,470.0,470.0
2016-09-27,467.0,470.0,467.0,470.0
2016-09-28,474.0,480.0,471.0,474.0
2016-09-29,472.0,477.0,472.0,477.0
2016-09-30,477.0,479.0,471.0,478.0
2016-10-03,478.0,478.0,474.0,476.0
2016-10-04,477.0,477.0,472.0,472.0
2016-10-05,472.0,476.0,472.0,475.0
2016-10-06,475.0,479.0,474.0,475.0
2016-10-07,475.0,478.0,474.0,478.0
2016-10-11,477.0,480.0,477.0,480.0
2016-10-12,480.0,480.0,479.0,480.0
2016-10-13,476.0,479.0,475.0,475.0
2016-10-14,470.0,478.0,470.0,477.0
2016-10-17,474.0,476.0,473.0,476.0
2016-10-18,476.0,480.0,475.0,480.0
2016-10-19,477.0,480.0,477.0,478.0
2016-10-20,480.0,480.0,476.0,478.0
2016-10-21,477.0,479.0,477.0,478.0
2016-10-24,478.0,479.0,478.0,479.0
2016-10-25,480.0,480.0,479.0,479.0
2016-10-26,481.0,486.0,480.0,486.0
2016-10-27,492.0,492.0,487.0,491.0
2016-10-28,490.0,490.0,487.0,489.0
2016-10-31,494.0,494.0,484.0,484.0
2016-11-01,489.0,495.0,487.0,488.0
2016-11-02,488.0,488.0,482.0,486.0
2016-11-04,485.0,488.0,480.0,488.0
2016-11-07,488.0,490.0,488.0,488.0
2016-11-08,488.0,494.0,488.0,492.0
2016-11-09,497.0,497.0,478.0,482.0
2016-11-10,497.0,514.0,478.0,490.0
2016-11-11,490.0,496.0,490.0,494.0
2016-11-14,494.0,496.0,494.0,495.0
2016-11-15,495.0,495.0,492.0,492.0
2016-11-16,492.0,496.0,490.0,496.0
2016-11-17,496.0,496.0,495.0,495.0
2016-11-18,495.0,495.0,494.0,495.0
2016-11-21,493.0,495.0,492.0,492.0
2016-11-22,496.0,496.0,491.0,492.0
2016-11-24,495.0,496.0,490.0,492.0
2016-11-25,493.0,493.0,491.0,493.0
2016-11-28,478.0,482.0,476.0,479.0
2016-11-29,480.0,482.0,480.0,481.0
2016-11-30,484.0,484.0,478.0,479.0
2016-12-01,480.0,480.0,480.0,480.0
2016-12-02,482.0,484.0,482.0,482.0
2016-12-05,479.0,480.0,479.0,480.0
2016-12-06,483.0,483.0,481.0,483.0
2016-12-07,483.0,486.0,483.0,486.0
2016-12-08,486.0,486.0,483.0,483.0
2016-12-09,489.0,489.0,483.0,484.0
2016-12-12,485.0,487.0,483.0,485.0
2016-12-13,485.0,485.0,483.0,483.0
2016-12-14,483.0,485.0,483.0,485.0
2016-12-15,485.0,487.0,483.0,486.0
2016-12-16,486.0,487.0,486.0,486.0
2016-12-19,486.0,487.0,486.0,486.0
2016-12-20,486.0,488.0,485.0,488.0
2016-12-21,487.0,487.0,483.0,483.0
2016-12-22,483.0,487.0,483.0,485.0
2016-12-26,484.0,486.0,484.0,485.0
2016-12-27,485.0,485.0,481.0,481.0
2016-12-28,482.0,485.0,482.0,485.0
2016-12-29,485.0,487.0,485.0,485.0
2016-12-30,488.0,488.0,487.0,487.0
2017-01-04,488.0,489.0,487.0,488.0
2017-01-05,490.0,491.0,488.0,488.0
2017-01-06,489.0,493.0,489.0,490.0
2017-01-10,491.0,491.0,489.0,489.0
2017-01-11,489.0,493.0,489.0,491.0
2017-01-12,491.0,493.0,490.0,492.0
2017-01-13,490.0,490.0,490.0,490.0
2017-01-16,490.0,490.0,488.0,488.0
2017-01-17,489.0,492.0,488.0,489.0
2017-01-18,487.0,489.0,485.0,489.0
2017-01-19,488.0,491.0,486.0,491.0
2017-01-20,499.0,499.0,489.0,489.0
2017-01-23,491.0,495.0,491.0,492.0
2017-01-24,491.0,491.0,490.0,490.0
2017-01-25,489.0,490.0,487.0,487.0
2017-01-26,487.0,487.0,485.0,487.0
2017-01-27,489.0,489.0,489.0,489.0
2017-01-30,491.0,492.0,491.0,491.0
2017-01-31,491.0,493.0,491.0,491.0
2017-02-01,487.0,489.0,485.0,485.0
2017-02-02,485.0,487.0,485.0,486.0
2017-02-03,486.0,486.0,485.0,485.0
2017-02-06,486.0,488.0,486.0,488.0
2017-02-07,488.0,490.0,488.0,490.0
2017-02-08,490.0,490.0,488.0,488.0
2017-02-09,490.0,490.0,490.0,490.0
2017-02-10,490.0,490.0,488.0,489.0
2017-02-13,491.0,493.0,490.0,490.0
2017-02-14,493.0,493.0,491.0,491.0
2017-02-15,494.0,494.0,490.0,490.0
2017-02-16,491.0,494.0,489.0,489.0
2017-02-17,491.0,491.0,487.0,489.0
2017-02-20,489.0,492.0,489.0,492.0
2017-02-21,491.0,491.0,490.0,490.0
2017-02-22,489.0,490.0,488.0,489.0
2017-02-23,493.0,493.0,485.0,485.0
2017-02-24,491.0,492.0,485.0,492.0
2017-02-27,491.0,491.0,487.0,488.0
2017-02-28,488.0,488.0,488.0,488.0
2017-03-01,488.0,488.0,486.0,488.0
2017-03-02,490.0,492.0,487.0,492.0
2017-03-03,487.0,487.0,487.0,487.0
2017-03-06,491.0,492.0,488.0,488.0
2017-03-07,489.0,489.0,488.0,488.0
2017-03-08,488.0,490.0,482.0,489.0
2017-03-09,490.0,490.0,490.0,490.0
2017-03-10,490.0,490.0,482.0,489.0
2017-03-13,486.0,490.0,486.0,490.0
2017-03-14,490.0,490.0,487.0,487.0
2017-03-15,488.0,489.0,488.0,488.0
2017-03-16,488.0,488.0,487.0,487.0
2017-03-17,487.0,489.0,486.0,489.0
2017-03-21,491.0,491.0,491.0,491.0
2017-03-22,488.0,493.0,486.0,486.0
2017-03-23,486.0,486.0,486.0,486.0
2017-03-24,491.0,491.0,488.0,488.0
2017-03-27,490.0,490.0,486.0,486.0
2017-03-28,485.0,487.0,485.0,487.0
2017-03-29,486.0,486.0,486.0,486.0
2017-03-30,487.0,487.0,486.0,486.0
2017-03-31,486.0,489.0,486.0,486.0
2017-04-03,486.0,491.0,486.0,487.0
2017-04-04,490.0,490.0,490.0,490.0
2017-04-05,490.0,491.0,485.0,485.0
2017-04-06,484.0,484.0,484.0,484.0
2017-04-07,483.0,484.0,483.0,483.0
2017-04-10,483.0,488.0,483.0,488.0
2017-04-11,488.0,488.0,483.0,483.0
2017-04-12,487.0,490.0,480.0,480.0
2017-04-13,480.0,481.0,480.0,481.0
2017-04-14,481.0,485.0,481.0,485.0
2017-04-17,486.0,486.0,482.0,482.0
2017-04-18,487.0,487.0,480.0,481.0
2017-04-19,480.0,480.0,480.0,480.0
2017-04-20,482.0,482.0,482.0,482.0
2017-04-21,482.0,485.0,482.0,485.0
2017-04-24,485.0,492.0,485.0,487.0
2017-04-25,488.0,489.0,487.0,489.0
2017-04-26,486.0,489.0,486.0,489.0
2017-04-27,487.0,487.0,487.0,487.0
2017-04-28,489.0,489.0,489.0,489.0
2017-05-01,489.0,489.0,486.0,486.0
2017-05-02,489.0,489.0,489.0,489.0
2017-05-08,489.0,490.0,489.0,490.0
2017-05-09,491.0,494.0,491.0,494.0
2017-05-10,490.0,490.0,488.0,488.0
2017-05-11,489.0,490.0,489.0,490.0
2017-05-12,491.0,491.0,490.0,490.0
2017-05-15,492.0,492.0,492.0,492.0
2017-05-16,493.0,493.0,491.0,491.0
2017-05-17,491.0,492.0,490.0,490.0
2017-05-18,490.0,490.0,490.0,490.0
2017-05-19,489.0,490.0,489.0,490.0
2017-05-22,493.0,494.0,491.0,493.0
2017-05-23,494.0,494.0,494.0,494.0
2017-05-24,494.0,497.0,494.0,497.0
2017-05-25,497.0,499.0,495.0,499.0
2017-05-26,495.0,500.0,495.0,500.0
2017-05-29,505.0,519.0,505.0,515.0
2017-05-30,515.0,519.0,515.0,515.0
2017-05-31,503.0,504.0,503.0,503.0
2017-06-01,505.0,510.0,504.0,504.0
2017-06-02,510.0,531.0,510.0,530.0
2017-06-05,529.0,529.0,520.0,521.0
2017-06-06,521.0,527.0,516.0,516.0
2017-06-07,512.0,512.0,496.0,504.0
2017-06-08,504.0,504.0,504.0,504.0
2017-06-09,504.0,504.0,490.0,499.0
2017-06-12,499.0,500.0,494.0,497.0
2017-06-13,499.0,533.0,499.0,520.0
2017-06-14,523.0,561.0,520.0,554.0
2017-06-15,559.0,613.0,557.0,569.0
2017-06-16,561.0,588.0,559.0,585.0
2017-06-19,675.0,675.0,585.0,591.0
2017-06-20,595.0,602.0,591.0,592.0
2017-06-21,563.0,563.0,532.0,544.0
2017-06-22,544.0,548.0,534.0,542.0
2017-06-23,542.0,542.0,513.0,516.0
2017-06-26,524.0,524.0,512.0,513.0
2017-06-27,520.0,522.0,519.0,519.0
2017-06-28,519.0,525.0,519.0,523.0
2017-06-29,520.0,523.0,520.0,523.0
2017-06-30,519.0,562.0,517.0,532.0
2017-07-03,539.0,540.0,531.0,531.0
2017-07-04,531.0,542.0,527.0,528.0
2017-07-05,530.0,534.0,525.0,528.0
2017-07-06,532.0,533.0,528.0,529.0
2017-07-07,532.0,532.0,526.0,528.0
2017-07-10,527.0,528.0,522.0,526.0
2017-07-11,529.0,534.0,525.0,530.0
2017-07-12,530.0,540.0,525.0,536.0
2017-07-13,530.0,533.0,527.0,530.0
2017-07-14,530.0,530.0,520.0,521.0
2017-07-17,521.0,521.0,521.0,521.0
2017-07-18,522.0,523.0,521.0,523.0
2017-07-19,522.0,530.0,520.0,520.0
2017-07-20,524.0,530.0,524.0,530.0
2017-07-21,530.0,535.0,529.0,531.0
2017-07-24,537.0,537.0,531.0,534.0
2017-07-25,531.0,537.0,529.0,533.0
2017-07-26,534.0,535.0,531.0,534.0
2017-07-27,535.0,540.0,535.0,540.0
2017-07-28,539.0,539.0,530.0,535.0
2017-07-31,535.0,535.0,530.0,533.0
2017-08-01,537.0,537.0,533.0,533.0
2017-08-02,537.0,537.0,530.0,534.0
2017-08-03,534.0,534.0,530.0,530.0
2017-08-04,527.0,532.0,526.0,530.0
2017-08-07,534.0,536.0,531.0,534.0
2017-08-08,537.0,537.0,534.0,534.0
2017-08-09,534.0,534.0,530.0,533.0
2017-08-10,533.0,534.0,529.0,534.0
2017-08-11,534.0,534.0,534.0,534.0
2017-08-14,534.0,534.0,529.0,529.0
2017-08-15,533.0,533.0,521.0,528.0
2017-08-16,530.0,530.0,522.0,524.0
2017-08-17,530.0,530.0,524.0,525.0
2017-08-18,529.0,529.0,526.0,527.0
2017-08-21,530.0,530.0,527.0,527.0
2017-08-22,529.0,529.0,527.0,527.0
2017-08-23,528.0,530.0,528.0,528.0
2017-08-24,530.0,530.0,530.0,530.0
2017-08-25,530.0,532.0,530.0,530.0
2017-08-28,532.0,532.0,530.0,530.0
2017-08-29,529.0,530.0,529.0,529.0
2017-08-30,529.0,530.0,529.0,529.0
2017-08-31,530.0,532.0,529.0,532.0
2017-09-01,532.0,532.0,530.0,530.0
2017-09-04,530.0,530.0,529.0,529.0
2017-09-05,530.0,530.0,528.0,528.0
2017-09-06,529.0,529.0,529.0,529.0
2017-09-07,529.0,529.0,529.0,529.0
2017-09-08,529.0,529.0,529.0,529.0
2017-09-11,530.0,533.0,530.0,533.0
2017-09-12,536.0,536.0,533.0,533.0
2017-09-13,535.0,539.0,535.0,536.0
2017-09-14,535.0,537.0,535.0,535.0
2017-09-15,536.0,536.0,533.0,533.0
2017-09-18,533.0,533.0,533.0,533.0
2017-09-19,536.0,537.0,535.0,536.0
2017-09-20,536.0,547.0,536.0,546.0
2017-09-21,546.0,546.0,544.0,546.0
2017-09-22,545.0,545.0,541.0,541.0
2017-09-25,543.0,545.0,543.0,545.0
2017-09-26,542.0,546.0,541.0,541.0
2017-09-27,545.0,546.0,544.0,546.0
2017-09-28,546.0,550.0,546.0,547.0
2017-09-29,547.0,550.0,547.0,549.0
2017-10-02,559.0,559.0,549.0,555.0
2017-10-03,559.0,560.0,554.0,557.0
2017-10-04,560.0,567.0,555.0,561.0
2017-10-05,565.0,565.0,560.0,560.0
2017-10-06,562.0,564.0,561.0,561.0
2017-10-09,561.0,561.0,561.0,561.0
2017-10-10,562.0,570.0,562.0,565.0
2017-10-11,569.0,573.0,564.0,568.0
2017-10-12,565.0,565.0,551.0,557.0
2017-10-13,560.0,593.0,560.0,593.0
2017-10-16,600.0,609.0,575.0,593.0
2017-10-17,593.0,610.0,587.0,603.0
2017-10-18,608.0,611.0,596.0,601.0
2017-10-19,600.0,606.0,554.0,569.0
2017-10-20,570.0,585.0,570.0,570.0
2017-10-23,580.0,580.0,572.0,574.0
2017-10-24,574.0,577.0,574.0,577.0
2017-10-25,580.0,580.0,569.0,569.0
2017-10-26,576.0,577.0,571.0,576.0
2017-10-27,579.0,582.0,579.0,582.0
2017-10-30,580.0,583.0,578.0,581.0
2017-10-31,581.0,581.0,574.0,575.0
2017-11-01,577.0,582.0,576.0,577.0
2017-11-02,577.0,582.0,577.0,580.0
2017-11-03,580.0,580.0,580.0,580.0
2017-11-06,579.0,583.0,579.0,579.0
2017-11-07,580.0,584.0,579.0,580.0
2017-11-08,583.0,584.0,582.0,583.0
2017-11-09,584.0,586.0,583.0,584.0
2017-11-10,584.0,587.0,584.0,587.0
2017-11-13,585.0,592.0,585.0,588.0
2017-11-14,586.0,590.0,586.0,587.0
2017-11-15,587.0,589.0,585.0,585.0
2017-11-16,585.0,590.0,585.0,586.0
2017-11-17,590.0,590.0,586.0,586.0
2017-11-20,585.0,593.0,585.0,590.0
2017-11-21,589.0,592.0,588.0,592.0
2017-11-22,589.0,592.0,589.0,591.0
2017-11-23,591.0,591.0,591.0,591.0
2017-11-24,586.0,591.0,585.0,590.0
2017-11-27,586.0,594.0,586.0,594.0
2017-11-28,585.0,585.0,572.0,572.0
2017-11-29,575.0,576.0,572.0,572.0
2017-11-30,574.0,574.0,569.0,570.0
2017-12-01,570.0,570.0,566.0,570.0
2017-12-04,570.0,572.0,569.0,570.0
2017-12-05,570.0,571.0,570.0,570.0
2017-12-06,570.0,570.0,566.0,567.0
2017-12-07,567.0,571.0,567.0,571.0
2017-12-08,567.0,569.0,567.0,569.0
2017-12-11,567.0,571.0,567.0,570.0
2017-12-12,570.0,574.0,570.0,574.0
2017-12-13,573.0,575.0,573.0,573.0
2017-12-14,575.0,575.0,573.0,573.0
2017-12-15,573.0,573.0,573.0,573.0
2017-12-18,574.0,583.0,573.0,579.0
2017-12-19,576.0,580.0,576.0,579.0
2017-12-20,580.0,583.0,580.0,583.0
2017-12-21,584.0,586.0,583.0,585.0
2017-12-22,585.0,587.0,583.0,583.0
2017-12-25,583.0,583.0,581.0,582.0
2017-12-26,580.0,583.0,578.0,582.0
2017-12-27,584.0,585.0,584.0,585.0
2017-12-28,587.0,591.0,587.0,590.0
2017-12-29,590.0,593.0,590.0,592.0
2018-01-01,592.0,592.0,592.0,592.0
2018-01-02,592.0,592.0,592.0,592.0
2018-01-03,592.0,592.0,592.0,592.0
2018-01-04,593.0,601.0,593.0,601.0
2018-01-05,601.0,603.0,601.0,601.0
2018-01-08,601.0,601.0,601.0,601.0
2018-01-09,602.0,606.0,601.0,606.0
2018-01-10,607.0,607.0,606.0,606.0
2018-01-11,606.0,610.0,604.0,604.0
2018-01-12,607.0,608.0,606.0,606.0
2018-01-15,606.0,607.0,603.0,603.0
2018-01-16,606.0,609.0,604.0,609.0
2018-01-17,610.0,615.0,607.0,614.0
2018-01-18,615.0,618.0,615.0,618.0
2018-01-19,621.0,627.0,620.0,627.0
2018-01-22,635.0,635.0,627.0,634.0
2018-01-23,635.0,635.0,634.0,634.0
2018-01-24,620.0,620.0,620.0,620.0
2018-01-25,620.0,620.0,620.0,620.0
2018-01-26,617.0,622.0,615.0,620.0
2018-01-29,621.0,621.0,616.0,620.0
2018-01-30,621.0,621.0,617.0,621.0
2018-01-31,620.0,625.0,616.0,625.0
2018-02-01,628.0,628.0,624.0,624.0
2018-02-02,624.0,624.0,619.0,619.0
2018-02-05,618.0,618.0,613.0,613.0
2018-02-06,613.0,613.0,601.0,601.0
2018-02-07,603.0,607.0,603.0,606.0
2018-02-08,595.0,602.0,594.0,594.0
2018-02-09,594.0,594.0,594.0,594.0
2018-02-12,594.0,594.0,594.0,594.0
2018-02-13,602.0,602.0,598.0,598.0
2018-02-14,598.0,598.0,598.0,598.0
2018-02-15,592.0,592.0,592.0,592.0
2018-02-16,592.0,592.0,592.0,592.0
2018-02-19,592.0,593.0,592.0,593.0
2018-02-20,593.0,593.0,593.0,593.0
2018-02-21,601.0,605.0,601.0,605.0
2018-02-22,604.0,604.0,601.0,603.0
2018-02-23,603.0,603.0,603.0,603.0
2018-02-26,603.0,603.0,603.0,603.0
2018-02-27,609.0,611.0,609.0,611.0
2018-02-28,607.0,611.0,607.0,611.0
2018-03-01,611.0,611.0,611.0,611.0
2018-03-02,611.0,612.0,591.0,612.0
2018-03-05,602.0,606.0,600.0,606.0
2018-03-06,606.0,606.0,606.0,606.0
2018-03-07,603.0,608.0,603.0,608.0
2018-03-08,608.0,608.0,608.0,608.0
2018-03-09,605.0,611.0,605.0,611.0
2018-03-12,601.0,605.0,601.0,605.0
2018-03-13,602.0,605.0,602.0,605.0
2018-03-14,605.0,607.0,605.0,607.0
2018-03-15,605.0,607.0,604.0,607.0
2018-03-16,607.0,607.0,603.0,607.0
2018-03-19,608.0,621.0,608.0,620.0
2018-03-20,616.0,616.0,589.0,605.0
2018-03-21,605.0,605.0,605.0,605.0
2018-03-22,605.0,605.0,605.0,605.0
2018-03-23,616.0,616.0,603.0,609.0
2018-03-26,609.0,611.0,609.0,610.0
2018-03-27,610.0,610.0,610.0,610.0
2018-03-28,612.0,615.0,612.0,615.0
2018-03-29,615.0,615.0,615.0,615.0
2018-03-30,615.0,615.0,610.0,614.0
2018-04-02,611.0,614.0,611.0,612.0
2018-04-03,610.0,615.0,607.0,614.0
2018-04-04,615.0,615.0,615.0,615.0
2018-04-05,615.0,615.0,614.0,614.0
2018-04-06,614.0,615.0,614.0,615.0
2018-04-09,614.0,614.0,613.0,614.0
2018-04-10,615.0,624.0,615.0,624.0
2018-04-11,625.0,630.0,625.0,629.0
2018-04-12,623.0,628.0,621.0,623.0
2018-04-13,623.0,623.0,603.0,620.0
2018-04-16,620.0,620.0,620.0,620.0
2018-04-17,614.0,617.0,614.0,615.0
2018-04-18,615.0,617.0,612.0,612.0
2018-04-19,610.0,610.0,610.0,610.0
2018-04-20,616.0,619.0,616.0,617.0
2018-04-23,619.0,619.0,612.0,613.0
2018-04-24,615.0,619.0,610.0,610.0
2018-04-25,612.0,617.0,612.0,617.0
2018-04-26,617.0,621.0,617.0,617.0
2018-04-27,617.0,617.0,617.0,617.0
2018-04-30,617.0,617.0,617.0,617.0
2018-05-01,619.0,624.0,619.0,624.0
2018-05-02,620.0,624.0,618.0,623.0
2018-05-03,623.0,623.0,623.0,623.0
2018-05-04,623.0,623.0,623.0,623.0
2018-05-07,622.0,625.0,621.0,623.0
2018-05-08,616.0,616.0,616.0,616.0
2018-05-09,618.0,620.0,618.0,620.0
2018-05-10,621.0,624.0,620.0,621.0
2018-05-11,622.0,622.0,620.0,621.0
2018-05-14,621.0,623.0,615.0,623.0
2018-05-15,623.0,623.0,623.0,623.0
2018-05-16,625.0,625.0,615.0,615.0
2018-05-17,616.0,623.0,615.0,616.0
2018-05-18,616.0,620.0,615.0,615.0
2018-05-21,615.0,617.0,615.0,617.0
2018-05-22,619.0,620.0,617.0,619.0
2018-05-23,614.0,614.0,614.0,614.0
2018-05-24,612.0,612.0,607.0,607.0
2018-05-25,613.0,613.0,613.0,613.0
2018-05-28,613.0,614.0,612.0,613.0
2018-05-29,613.0,613.0,613.0,613.0
2018-05-30,616.0,616.0,615.0,616.0
2018-05-31,608.0,608.0,608.0,608.0
2018-06-01,605.0,612.0,604.0,610.0
2018-06-04,610.0,610.0,610.0,610.0
2018-06-05,610.0,610.0,610.0,610.0
2018-06-06,610.0,610.0,610.0,610.0
2018-06-07,614.0,614.0,614.0,614.0
2018-06-08,613.0,613.0,612.0,612.0
2018-06-11,612.0,612.0,612.0,612.0
2018-06-12,614.0,615.0,612.0,615.0
2018-06-13,616.0,619.0,613.0,619.0
2018-06-14,618.0,619.0,617.0,619.0
2018-06-15,619.0,619.0,619.0,619.0
2018-06-18,616.0,622.0,616.0,617.0
2018-06-19,616.0,617.0,614.0,614.0
2018-06-20,614.0,614.0,614.0,614.0
2018-06-21,614.0,618.0,614.0,617.0
2018-06-22,617.0,617.0,617.0,617.0
2018-06-25,618.0,618.0,614.0,614.0
2018-06-26,620.0,623.0,617.0,620.0
2018-06-27,623.0,623.0,623.0,623.0
2018-06-28,623.0,623.0,621.0,621.0
2018-06-29,623.0,623.0,621.0,621.0
2018-07-02,621.0,621.0,621.0,621.0
2018-07-03,622.0,624.0,617.0,617.0
2018-07-04,617.0,620.0,617.0,620.0
2018-07-05,617.0,619.0,615.0,615.0
2018-07-06,615.0,615.0,613.0,613.0
2018-07-09,614.0,618.0,614.0,614.0
2018-07-10,619.0,621.0,616.0,620.0
2018-07-11,622.0,631.0,619.0,625.0
2018-07-12,725.0,725.0,619.0,619.0
2018-07-13,612.0,618.0,586.0,596.0
2018-07-16,596.0,596.0,596.0,596.0
2018-07-17,597.0,602.0,595.0,598.0
2018-07-18,598.0,602.0,597.0,598.0
2018-07-19,599.0,603.0,597.0,598.0
2018-07-20,600.0,601.0,594.0,595.0
2018-07-23,595.0,595.0,592.0,592.0
2018-07-24,593.0,600.0,588.0,588.0
2018-07-25,594.0,598.0,591.0,593.0
2018-07-26,600.0,600.0,594.0,594.0
2018-07-27,598.0,600.0,595.0,596.0
2018-07-30,595.0,595.0,591.0,591.0
2018-07-31,593.0,600.0,591.0,600.0
2018-08-01,605.0,605.0,596.0,597.0
2018-08-02,600.0,600.0,591.0,591.0
2018-08-03,599.0,599.0,594.0,594.0
2018-08-06,594.0,597.0,594.0,594.0
2018-08-07,594.0,599.0,594.0,599.0
2018-08-08,596.0,601.0,596.0,600.0
2018-08-09,597.0,600.0,597.0,599.0
2018-08-10,599.0,601.0,596.0,596.0
2018-08-13,596.0,597.0,594.0,595.0
2018-08-14,594.0,596.0,594.0,594.0
2018-08-15,592.0,594.0,592.0,594.0
2018-08-16,595.0,595.0,593.0,593.0
2018-08-17,595.0,597.0,595.0,596.0
2018-08-20,596.0,596.0,596.0,596.0
2018-08-21,600.0,601.0,596.0,601.0
2018-08-22,600.0,603.0,595.0,598.0
2018-08-23,601.0,601.0,599.0,599.0
2018-08-24,596.0,600.0,596.0,600.0
2018-08-27,600.0,602.0,600.0,602.0
2018-08-28,602.0,603.0,600.0,602.0
2018-08-29,603.0,604.0,603.0,603.0
2018-08-30,603.0,604.0,599.0,599.0
2018-08-31,601.0,601.0,599.0,601.0
2018-09-03,601.0,603.0,600.0,600.0
2018-09-04,602.0,610.0,602.0,609.0
2018-09-05,609.0,609.0,608.0,609.0
2018-09-06,608.0,608.0,605.0,606.0
2018-09-07,606.0,606.0,606.0,606.0
2018-09-10,606.0,607.0,606.0,606.0
2018-09-11,604.0,604.0,604.0,604.0
2018-09-12,606.0,609.0,603.0,609.0
2018-09-13,604.0,606.0,604.0,605.0
2018-09-14,608.0,610.0,605.0,610.0
2018-09-17,610.0,610.0,610.0,610.0
2018-09-18,612.0,614.0,610.0,612.0
2018-09-19,611.0,615.0,611.0,615.0
2018-09-20,615.0,615.0,610.0,613.0
2018-09-21,618.0,618.0,615.0,618.0
2018-09-24,618.0,618.0,618.0,618.0
2018-09-25,618.0,637.0,618.0,620.0
2018-09-26,622.0,628.0,620.0,626.0
2018-09-27,627.0,629.0,616.0,616.0
2018-09-28,626.0,627.0,621.0,626.0
2018-10-01,626.0,629.0,626.0,629.0
2018-10-02,629.0,629.0,625.0,628.0
2018-10-03,625.0,627.0,623.0,625.0
2018-10-04,625.0,625.0,623.0,623.0
2018-10-05,623.0,624.0,623.0,624.0
2018-10-08,624.0,624.0,624.0,624.0
2018-10-09,628.0,628.0,618.0,624.0
2018-10-10,624.0,624.0,608.0,612.0
2018-10-11,610.0,618.0,600.0,618.0
2018-10-12,592.0,599.0,592.0,598.0
2018-10-15,599.0,604.0,599.0,603.0
2018-10-16,602.0,606.0,600.0,602.0
2018-10-17,603.0,610.0,603.0,609.0
2018-10-18,609.0,609.0,607.0,607.0
2018-10-19,602.0,610.0,602.0,610.0
2018-10-22,609.0,609.0,605.0,605.0
2018-10-23,604.0,610.0,603.0,603.0
2018-10-24,611.0,611.0,598.0,599.0
2018-10-25,608.0,608.0,598.0,604.0
2018-10-26,598.0,604.0,598.0,604.0
2018-10-29,594.0,597.0,586.0,596.0
2018-10-30,595.0,595.0,587.0,591.0
2018-10-31,591.0,591.0,586.0,586.0
2018-11-01,586.0,586.0,576.0,580.0
2018-11-02,582.0,582.0,576.0,582.0
2018-11-05,582.0,582.0,582.0,582.0
2018-11-06,582.0,582.0,582.0,582.0
2018-11-07,570.0,574.0,570.0,574.0
2018-11-08,575.0,580.0,575.0,579.0
2018-11-09,579.0,588.0,579.0,588.0
2018-11-12,582.0,590.0,582.0,588.0
2018-11-13,582.0,584.0,581.0,584.0
2018-11-14,584.0,584.0,584.0,584.0
2018-11-15,580.0,586.0,580.0,586.0
2018-11-16,586.0,592.0,584.0,592.0
2018-11-19,587.0,592.0,587.0,591.0
2018-11-20,589.0,591.0,586.0,591.0
2018-11-21,585.0,590.0,580.0,581.0
2018-11-22,581.0,584.0,579.0,582.0
2018-11-23,582.0,582.0,582.0,582.0
2018-11-26,576.0,581.0,575.0,581.0
2018-11-27,572.0,580.0,572.0,575.0
2018-11-28,560.0,570.0,560.0,569.0
2018-11-29,570.0,573.0,569.0,569.0
2018-11-30,571.0,571.0,569.0,569.0
2018-12-03,569.0,572.0,569.0,569.0
2018-12-04,561.0,570.0,561.0,570.0
2018-12-05,561.0,570.0,561.0,566.0
2018-12-06,566.0,568.0,566.0,566.0
2018-12-07,566.0,566.0,566.0,566.0
2018-12-10,566.0,566.0,563.0,565.0
2018-12-11,562.0,562.0,559.0,559.0
2018-12-12,556.0,561.0,554.0,559.0
2018-12-13,559.0,559.0,554.0,556.0
2018-12-14,556.0,556.0,551.0,555.0
2018-12-17,555.0,555.0,544.0,544.0
2018-12-18,540.0,543.0,539.0,541.0
2018-12-19,541.0,547.0,538.0,545.0
2018-12-20,545.0,546.0,538.0,538.0
2018-12-21,536.0,542.0,536.0,536.0
2018-12-24,536.0,536.0,536.0,536.0
2018-12-25,509.0,532.0,509.0,510.0
2018-12-26,515.0,534.0,509.0,534.0
2018-12-27,534.0,534.0,534.0,534.0
2018-12-28,518.0,527.0,515.0,518.0
2018-12-31,518.0,518.0,518.0,518.0
2019-01-04,518.0,518.0,518.0,518.0
2019-01-07,518.0,520.0,517.0,518.0
2019-01-08,518.0,528.0,518.0,520.0
2019-01-09,520.0,527.0,520.0,526.0
2019-01-10,525.0,529.0,523.0,528.0
2019-01-11,524.0,529.0,524.0,529.0
2019-01-15,529.0,536.0,529.0,535.0
2019-01-16,540.0,550.0,537.0,550.0
2019-01-17,550.0,550.0,545.0,550.0
2019-01-18,553.0,584.0,545.0,584.0
2019-01-21,580.0,580.0,530.0,542.0
2019-01-22,542.0,543.0,537.0,542.0
2019-01-23,542.0,542.0,531.0,541.0
2019-01-24,540.0,540.0,533.0,533.0
2019-01-25,538.0,540.0,536.0,540.0
2019-01-28,541.0,541.0,536.0,540.0
2019-01-29,536.0,538.0,536.0,536.0
2019-01-30,536.0,538.0,531.0,536.0
2019-01-31,536.0,541.0,531.0,541.0
2019-02-01,540.0,540.0,535.0,535.0
2019-02-04,540.0,545.0,537.0,540.0
2019-02-05,540.0,544.0,538.0,541.0
2019-02-06,537.0,543.0,537.0,540.0
2019-02-07,540.0,540.0,535.0,540.0
2019-02-08,540.0,540.0,540.0,540.0
2019-02-12,540.0,541.0,540.0,541.0
2019-02-13,538.0,544.0,538.0,543.0
2019-02-14,542.0,542.0,538.0,538.0
2019-02-15,538.0,540.0,538.0,540.0
2019-02-18,540.0,544.0,540.0,540.0
2019-02-19,546.0,547.0,544.0,546.0
2019-02-20,546.0,546.0,546.0,546.0
2019-02-21,541.0,546.0,541.0,546.0
2019-02-22,543.0,544.0,543.0,544.0
2019-02-25,547.0,547.0,543.0,546.0
2019-02-26,546.0,549.0,545.0,547.0
2019-02-27,547.0,550.0,547.0,548.0
2019-02-28,542.0,547.0,542.0,546.0
2019-03-01,546.0,546.0,546.0,546.0
2019-03-04,546.0,546.0,546.0,546.0
2019-03-05,544.0,545.0,544.0,544.0
2019-03-06,544.0,545.0,544.0,545.0
2019-03-07,542.0,544.0,542.0,542.0
2019-03-08,542.0,544.0,540.0,541.0
2019-03-11,542.0,546.0,542.0,544.0
2019-03-12,542.0,543.0,542.0,543.0
2019-03-13,544.0,544.0,544.0,544.0
2019-03-14,541.0,543.0,541.0,543.0
2019-03-15,543.0,543.0,543.0,543.0
2019-03-18,543.0,544.0,541.0,544.0
2019-03-19,543.0,543.0,541.0,541.0
2019-03-20,542.0,542.0,540.0,541.0
2019-03-22,541.0,541.0,541.0,541.0
2019-03-25,541.0,541.0,541.0,541.0
2019-03-26,541.0,541.0,541.0,541.0
2019-03-27,541.0,541.0,541.0,541.0
2019-03-28,541.0,541.0,540.0,541.0
2019-03-29,547.0,547.0,541.0,541.0
2019-04-01,544.0,544.0,543.0,544.0
2019-04-02,544.0,544.0,544.0,544.0
2019-04-03,555.0,556.0,550.0,552.0
2019-04-04,555.0,557.0,555.0,555.0
2019-04-05,559.0,559.0,552.0,552.0
2019-04-08,560.0,560.0,557.0,560.0
2019-04-09,560.0,560.0,557.0,560.0
2019-04-10,563.0,566.0,561.0,566.0
2019-04-11,566.0,566.0,566.0,566.0
2019-04-12,666.0,679.0,586.0,598.0
2019-04-15,598.0,611.0,581.0,595.0
2019-04-16,596.0,604.0,583.0,589.0
2019-04-17,584.0,592.0,574.0,577.0
2019-04-18,581.0,588.0,574.0,577.0
2019-04-19,577.0,585.0,574.0,576.0
2019-04-22,582.0,584.0,576.0,584.0
2019-04-23,583.0,583.0,576.0,576.0
2019-04-24,583.0,588.0,575.0,575.0
2019-04-25,585.0,585.0,580.0,580.0
2019-04-26,580.0,584.0,579.0,584.0
2019-05-07,582.0,585.0,582.0,584.0
2019-05-08,585.0,589.0,585.0,589.0
2019-05-09,584.0,589.0,582.0,582.0
2019-05-10,583.0,585.0,576.0,576.0
2019-05-13,582.0,582.0,576.0,576.0
2019-05-14,576.0,581.0,571.0,581.0
2019-05-15,581.0,581.0,577.0,581.0
2019-05-16,583.0,583.0,579.0,579.0
2019-05-17,579.0,585.0,579.0,585.0
2019-05-20,585.0,597.0,582.0,586.0
2019-05-21,590.0,599.0,590.0,597.0
2019-05-22,597.0,600.0,592.0,595.0
2019-05-23,592.0,595.0,588.0,595.0
2019-05-24,593.0,594.0,587.0,593.0
2019-05-27,593.0,595.0,590.0,595.0
2019-05-28,600.0,600.0,594.0,597.0
2019-05-29,594.0,594.0,587.0,591.0
2019-05-30,585.0,592.0,580.0,592.0
2019-05-31,582.0,589.0,579.0,579.0
2019-06-03,574.0,578.0,570.0,578.0
2019-06-04,578.0,578.0,575.0,575.0
2019-06-05,576.0,581.0,575.0,581.0
2019-06-06,579.0,580.0,573.0,573.0
2019-06-07,574.0,579.0,566.0,577.0
2019-06-10,576.0,576.0,570.0,571.0
2019-06-11,576.0,576.0,576.0,576.0
2019-06-12,574.0,580.0,573.0,580.0
2019-06-13,580.0,580.0,576.0,579.0
2019-06-14,579.0,579.0,579.0,579.0
2019-06-17,579.0,580.0,574.0,580.0
2019-06-18,580.0,580.0,579.0,580.0
2019-06-19,580.0,580.0,578.0,580.0
2019-06-20,576.0,576.0,576.0,576.0
2019-06-21,580.0,580.0,580.0,580.0
2019-06-24,581.0,584.0,581.0,584.0
2019-06-25,584.0,584.0,580.0,584.0
2019-06-26,583.0,584.0,578.0,583.0
2019-06-27,584.0,584.0,583.0,584.0
2019-06-28,584.0,584.0,580.0,580.0
2019-07-01,580.0,585.0,580.0,585.0
2019-07-02,585.0,585.0,585.0,585.0
2019-07-03,581.0,585.0,581.0,585.0
2019-07-04,582.0,586.0,582.0,586.0
2019-07-05,586.0,587.0,584.0,584.0
2019-07-08,588.0,591.0,584.0,591.0
2019-07-09,592.0,593.0,589.0,593.0
2019-07-10,593.0,599.0,592.0,598.0
2019-07-11,582.0,587.0,574.0,585.0
2019-07-12,584.0,584.0,582.0,583.0
2019-07-16,585.0,585.0,585.0,585.0
2019-07-17,587.0,587.0,586.0,586.0
2019-07-18,584.0,585.0,580.0,583.0
2019-07-19,580.0,584.0,580.0,582.0
2019-07-22,584.0,584.0,580.0,583.0
2019-07-23,582.0,583.0,582.0,583.0
2019-07-24,581.0,581.0,574.0,580.0
2019-07-25,582.0,582.0,578.0,578.0
2019-07-26,578.0,582.0,578.0,578.0
2019-07-29,576.0,580.0,576.0,580.0
2019-07-30,580.0,580.0,579.0,580.0
2019-07-31,580.0,582.0,579.0,581.0
2019-08-01,579.0,582.0,579.0,582.0
2019-08-02,580.0,580.0,576.0,576.0
2019-08-05,573.0,575.0,570.0,575.0
2019-08-06,572.0,573.0,567.0,569.0
2019-08-07,569.0,593.0,569.0,593.0
2019-08-08,595.0,595.0,589.0,590.0
2019-08-09,590.0,603.0,590.0,596.0
2019-08-13,598.0,614.0,596.0,614.0
2019-08-14,617.0,617.0,604.0,607.0
2019-08-15,607.0,616.0,607.0,609.0
2019-08-16,615.0,621.0,610.0,614.0
2019-08-19,615.0,616.0,609.0,616.0
2019-08-20,620.0,635.0,619.0,632.0
2019-08-21,639.0,639.0,624.0,624.0
2019-08-22,624.0,628.0,616.0,616.0
2019-08-23,617.0,622.0,612.0,622.0
2019-08-26,620.0,625.0,617.0,621.0
2019-08-27,620.0,624.0,619.0,623.0
2019-08-28,623.0,627.0,621.0,627.0
2019-08-29,626.0,635.0,619.0,631.0
2019-08-30,621.0,632.0,621.0,621.0
2019-09-02,621.0,631.0,619.0,628.0
2019-09-03,628.0,628.0,626.0,626.0
2019-09-04,626.0,631.0,626.0,628.0
2019-09-05,628.0,635.0,628.0,635.0
2019-09-06,628.0,633.0,625.0,630.0
2019-09-09,624.0,635.0,621.0,625.0
2019-09-10,632.0,632.0,631.0,632.0
2019-09-11,629.0,630.0,626.0,626.0
2019-09-12,625.0,630.0,620.0,630.0
2019-09-13,627.0,627.0,623.0,623.0
2019-09-17,623.0,623.0,618.0,620.0
2019-09-18,620.0,625.0,618.0,618.0
2019-09-19,617.0,617.0,617.0,617.0
2019-09-20,612.0,621.0,612.0,615.0
2019-09-24,607.0,630.0,607.0,630.0
2019-09-25,630.0,630.0,630.0,630.0
2019-09-26,630.0,630.0,623.0,625.0
2019-09-27,616.0,630.0,616.0,629.0
2019-09-30,616.0,625.0,616.0,622.0
2019-10-01,620.0,620.0,620.0,620.0
2019-10-02,620.0,623.0,620.0,621.0
2019-10-03,617.0,621.0,615.0,621.0
2019-10-04,611.0,612.0,611.0,611.0
2019-10-07,612.0,613.0,610.0,610.0
2019-10-08,610.0,624.0,610.0,620.0
2019-10-09,612.0,627.0,610.0,612.0
2019-10-10,612.0,622.0,612.0,622.0
2019-10-11,612.0,617.0,605.0,605.0
2019-10-15,605.0,613.0,605.0,605.0
2019-10-16,605.0,608.0,591.0,608.0
2019-10-17,598.0,600.0,598.0,598.0
2019-10-18,598.0,606.0,598.0,603.0
2019-10-21,610.0,610.0,608.0,608.0
2019-10-23,604.0,607.0,594.0,602.0
2019-10-24,602.0,602.0,602.0,602.0
2019-10-25,602.0,602.0,595.0,596.0
2019-10-28,602.0,602.0,596.0,600.0
2019-10-29,598.0,598.0,597.0,597.0
2019-10-30,595.0,597.0,591.0,594.0
2019-10-31,588.0,595.0,588.0,588.0
2019-11-01,590.0,590.0,586.0,590.0
2019-11-05,590.0,590.0,585.0,587.0
2019-11-06,588.0,588.0,588.0,588.0
2019-11-07,588.0,588.0,588.0,588.0
2019-11-08,586.0,592.0,586.0,592.0
2019-11-11,587.0,592.0,587.0,592.0
2019-11-12,590.0,591.0,586.0,591.0
2019-11-13,590.0,591.0,586.0,591.0
2019-11-14,590.0,591.0,587.0,591.0
2019-11-15,590.0,590.0,588.0,590.0
2019-11-18,590.0,590.0,585.0,590.0
2019-11-19,586.0,587.0,582.0,584.0
2019-11-20,579.0,584.0,568.0,571.0
2019-11-21,579.0,579.0,572.0,575.0
2019-11-22,575.0,580.0,570.0,580.0
2019-11-25,580.0,581.0,580.0,581.0
2019-11-26,578.0,581.0,577.0,580.0
2019-11-27,581.0,585.0,581.0,585.0
2019-11-28,571.0,571.0,568.0,570.0
2019-11-29,567.0,571.0,567.0,570.0
2019-12-02,569.0,573.0,569.0,570.0
2019-12-03,570.0,572.0,565.0,571.0
2019-12-04,566.0,572.0,566.0,572.0
2019-12-05,571.0,572.0,569.0,571.0
2019-12-06,570.0,573.0,570.0,572.0
2019-12-09,572.0,575.0,572.0,575.0
2019-12-10,576.0,580.0,576.0,577.0
2019-12-11,577.0,580.0,577.0,580.0
2019-12-12,580.0,583.0,579.0,583.0
2019-12-13,581.0,583.0,581.0,583.0
2019-12-16,586.0,589.0,585.0,589.0
2019-12-17,589.0,593.0,589.0,592.0
2019-12-18,590.0,595.0,589.0,592.0
2019-12-19,588.0,590.0,584.0,585.0
2019-12-20,586.0,589.0,583.0,585.0
2019-12-23,585.0,588.0,582.0,582.0
2019-12-24,582.0,582.0,579.0,581.0
2019-12-25,585.0,585.0,573.0,574.0
2019-12-26,572.0,572.0,572.0,572.0
2019-12-27,572.0,572.0,572.0,572.0
2019-12-30,575.0,575.0,571.0,575.0
2020-01-06,575.0,575.0,572.0,575.0
2020-01-07,575.0,583.0,575.0,581.0
2020-01-08,584.0,584.0,579.0,581.0
2020-01-09,583.0,587.0,583.0,587.0
2020-01-10,588.0,590.0,585.0,590.0
2020-01-14,590.0,594.0,590.0,592.0
2020-01-15,591.0,592.0,588.0,592.0
2020-01-16,586.0,592.0,586.0,590.0
2020-01-17,590.0,590.0,586.0,590.0
2020-01-20,660.0,687.0,596.0,596.0
2020-01-21,597.0,610.0,592.0,593.0
2020-01-22,592.0,593.0,587.0,589.0
2020-01-23,589.0,590.0,583.0,583.0
2020-01-24,584.0,587.0,582.0,587.0
2020-01-27,582.0,587.0,581.0,585.0
2020-01-28,580.0,581.0,573.0,574.0
2020-01-29,576.0,578.0,574.0,575.0
2020-01-30,575.0,578.0,573.0,573.0
2020-01-31,573.0,580.0,573.0,578.0
2020-02-03,572.0,582.0,572.0,582.0
2020-02-04,582.0,583.0,579.0,583.0
2020-02-05,578.0,590.0,578.0,589.0
2020-02-06,591.0,605.0,591.0,603.0
2020-02-07,598.0,605.0,591.0,600.0
2020-02-10,599.0,605.0,599.0,603.0
2020-02-12,599.0,605.0,599.0,603.0
2020-02-13,603.0,603.0,595.0,596.0
2020-02-14,595.0,595.0,591.0,592.0
2020-02-17,589.0,589.0,582.0,585.0
2020-02-18,583.0,583.0,575.0,575.0
2020-02-19,582.0,584.0,581.0,584.0
2020-02-20,584.0,586.0,583.0,586.0
2020-02-21,585.0,585.0,583.0,584.0
2020-02-25,575.0,581.0,571.0,571.0
2020-02-26,571.0,583.0,571.0,583.0
2020-02-27,583.0,583.0,577.0,578.0
2020-02-28,569.0,569.0,553.0,553.0
2020-03-02,551.0,578.0,550.0,578.0
2020-03-03,578.0,578.0,561.0,567.0
2020-03-04,559.0,562.0,559.0,562.0
2020-03-05,562.0,562.0,555.0,555.0
2020-03-06,550.0,550.0,542.0,542.0
2020-03-09,545.0,555.0,525.0,525.0
2020-03-10,516.0,565.0,498.0,562.0
2020-03-11,552.0,570.0,526.0,547.0
2020-03-12,567.0,567.0,513.0,514.0
2020-03-13,498.0,509.0,479.0,503.0
2020-03-16,520.0,520.0,494.0,503.0
2020-03-17,513.0,547.0,500.0,544.0
2020-03-18,562.0,573.0,532.0,559.0
2020-03-19,555.0,555.0,530.0,546.0
2020-03-23,536.0,540.0,522.0,540.0
2020-03-24,538.0,538.0,521.0,531.0
2020-03-25,551.0,551.0,520.0,527.0
2020-03-26,517.0,533.0,513.0,515.0
2020-03-27,517.0,558.0,517.0,558.0
2020-03-30,548.0,561.0,542.0,561.0
2020-03-31,558.0,599.0,558.0,574.0
2020-04-01,574.0,598.0,574.0,590.0
2020-04-02,598.0,598.0,575.0,590.0
2020-04-03,580.0,599.0,580.0,591.0
2020-04-06,597.0,620.0,568.0,620.0
2020-04-07,619.0,619.0,596.0,596.0
2020-04-08,595.0,601.0,590.0,590.0
2020-04-09,589.0,611.0,582.0,608.0
2020-04-10,621.0,621.0,600.0,621.0
2020-04-13,581.0,615.0,581.0,613.0
2020-04-14,614.0,614.0,604.0,605.0
2020-04-15,611.0,620.0,611.0,613.0
2020-04-16,607.0,616.0,591.0,616.0
2020-04-17,611.0,611.0,605.0,606.0
2020-04-20,606.0,614.0,604.0,604.0
2020-04-21,603.0,610.0,602.0,602.0
2020-04-22,605.0,610.0,603.0,606.0
2020-04-23,610.0,610.0,599.0,601.0
2020-04-24,603.0,608.0,603.0,605.0
2020-04-27,608.0,608.0,599.0,599.0
2020-04-28,603.0,619.0,601.0,619.0
2020-04-30,620.0,620.0,603.0,605.0
2020-05-01,608.0,610.0,602.0,603.0
2020-05-07,619.0,619.0,601.0,611.0
2020-05-08,611.0,618.0,607.0,607.0
2020-05-11,607.0,616.0,606.0,616.0
2020-05-12,616.0,620.0,610.0,616.0
2020-05-13,616.0,623.0,610.0,616.0
2020-05-14,615.0,623.0,613.0,623.0
2020-05-15,622.0,622.0,619.0,619.0
2020-05-18,623.0,635.0,616.0,627.0
2020-05-19,620.0,631.0,620.0,622.0
2020-05-20,622.0,626.0,621.0,621.0
2020-05-21,621.0,622.0,616.0,616.0
2020-05-22,619.0,654.0,618.0,654.0
2020-05-25,654.0,682.0,631.0,631.0
2020-05-26,650.0,650.0,650.0,650.0
2020-05-27,648.0,705.0,647.0,682.0
2020-05-28,672.0,725.0,672.0,698.0
2020-05-29,688.0,740.0,688.0,739.0
2020-06-01,723.0,738.0,723.0,737.0
2020-06-02,737.0,741.0,720.0,720.0
2020-06-03,709.0,710.0,702.0,703.0
2020-06-04,701.0,710.0,701.0,703.0
2020-06-05,701.0,709.0,700.0,703.0
2020-06-08,703.0,709.0,690.0,690.0
2020-06-09,690.0,691.0,690.0,691.0
2020-06-10,684.0,698.0,683.0,690.0
2020-06-11,684.0,684.0,663.0,673.0
2020-06-12,653.0,672.0,652.0,669.0
2020-06-15,639.0,669.0,639.0,669.0
2020-06-16,668.0,677.0,662.0,677.0
2020-06-17,679.0,699.0,679.0,699.0
2020-06-18,689.0,703.0,689.0,703.0
2020-06-19,691.0,703.0,691.0,703.0
2020-06-22,703.0,707.0,703.0,703.0
2020-06-23,700.0,714.0,692.0,714.0
2020-06-24,714.0,714.0,711.0,713.0
2020-06-25,717.0,717.0,706.0,708.0
2020-06-26,702.0,713.0,702.0,713.0
2020-06-29,698.0,700.0,698.0,699.0
2020-06-30,699.0,710.0,699.0,709.0
2020-07-01,709.0,709.0,705.0,706.0
2020-07-02,706.0,713.0,706.0,707.0
2020-07-03,710.0,711.0,710.0,711.0
2020-07-06,711.0,715.0,711.0,712.0
2020-07-07,715.0,728.0,711.0,711.0
2020-07-08,712.0,713.0,712.0,713.0
2020-07-09,710.0,714.0,710.0,713.0
2020-07-10,713.0,713.0,706.0,706.0
2020-07-13,706.0,720.0,700.0,720.0
2020-07-14,720.0,720.0,676.0,700.0
2020-07-15,685.0,692.0,685.0,692.0
2020-07-16,692.0,702.0,684.0,698.0
2020-07-17,680.0,680.0,680.0,680.0
2020-07-20,669.0,684.0,659.0,684.0
2020-07-21,684.0,684.0,680.0,682.0
2020-07-22,672.0,672.0,672.0,672.0
2020-07-27,667.0,680.0,664.0,680.0
2020-07-28,673.0,691.0,673.0,681.0
2020-07-29,651.0,671.0,651.0,651.0
2020-07-30,661.0,666.0,661.0,666.0
2020-07-31,666.0,666.0,666.0,666.0
2020-08-03,660.0,662.0,660.0,662.0
2020-08-04,654.0,660.0,645.0,653.0
2020-08-05,649.0,669.0,649.0,650.0
2020-08-06,645.0,660.0,645.0,654.0
2020-08-07,648.0,654.0,635.0,650.0
2020-08-11,652.0,652.0,648.0,652.0
2020-08-12,651.0,656.0,651.0,656.0
2020-08-13,659.0,659.0,654.0,654.0
2020-08-14,664.0,690.0,664.0,678.0
2020-08-17,664.0,673.0,659.0,673.0
2020-08-18,681.0,681.0,652.0,672.0
2020-08-19,672.0,673.0,662.0,668.0
2020-08-20,670.0,670.0,664.0,668.0
2020-08-21,670.0,672.0,669.0,670.0
2020-08-24,670.0,670.0,648.0,658.0
2020-08-25,662.0,678.0,662.0,677.0
2020-08-26,681.0,715.0,681.0,700.0
2020-08-27,700.0,700.0,692.0,696.0
2020-08-28,698.0,700.0,691.0,699.0
2020-08-31,709.0,712.0,704.0,705.0
2020-09-01,705.0,705.0,690.0,704.0
2020-09-02,704.0,713.0,704.0,713.0
2020-09-03,715.0,715.0,703.0,704.0
2020-09-04,701.0,701.0,693.0,693.0
2020-09-07,673.0,690.0,667.0,690.0
2020-09-08,690.0,690.0,690.0,690.0
2020-09-09,670.0,690.0,670.0,684.0
2020-09-10,700.0,700.0,676.0,676.0
2020-09-11,676.0,697.0,676.0,695.0
2020-09-14,695.0,695.0,685.0,686.0
2020-09-15,686.0,687.0,681.0,686.0
2020-09-16,696.0,708.0,694.0,708.0
2020-09-17,693.0,700.0,693.0,700.0
2020-09-18,700.0,717.0,700.0,717.0
2020-09-23,720.0,758.0,717.0,755.0
2020-09-24,755.0,758.0,721.0,721.0
2020-09-25,743.0,743.0,725.0,735.0
2020-09-28,710.0,727.0,710.0,718.0
2020-09-29,718.0,718.0,701.0,708.0
2020-09-30,727.0,727.0,727.0,727.0
2020-10-02,700.0,717.0,697.0,698.0
2020-10-05,679.0,688.0,671.0,671.0
2020-10-06,681.0,688.0,680.0,682.0
2020-10-07,680.0,712.0,680.0,702.0
2020-10-08,713.0,713.0,700.0,700.0
2020-10-09,700.0,715.0,700.0,705.0
2020-10-12,705.0,708.0,704.0,708.0
2020-10-13,711.0,730.0,711.0,730.0
2020-10-14,730.0,737.0,720.0,737.0
2020-10-15,735.0,737.0,733.0,733.0
2020-10-16,731.0,734.0,723.0,723.0
2020-10-19,720.0,720.0,710.0,720.0
2020-10-20,720.0,722.0,700.0,700.0
2020-10-21,701.0,715.0,701.0,715.0
2020-10-22,715.0,715.0,715.0,715.0
2020-10-23,715.0,715.0,710.0,710.0
2020-10-26,722.0,850.0,721.0,764.0
2020-10-27,764.0,816.0,720.0,803.0
2020-10-28,809.0,809.0,758.0,758.0
2020-10-29,750.0,759.0,729.0,738.0
2020-10-30,735.0,737.0,666.0,679.0
2020-11-02,689.0,770.0,683.0,738.0
2020-11-04,768.0,768.0,741.0,741.0
2020-11-05,743.0,768.0,740.0,740.0
2020-11-06,740.0,743.0,740.0,743.0
2020-11-09,758.0,783.0,740.0,768.0
2020-11-10,760.0,760.0,742.0,751.0
2020-11-11,755.0,766.0,755.0,759.0
2020-11-12,759.0,773.0,757.0,764.0
2020-11-13,759.0,778.0,759.0,767.0
2020-11-16,775.0,786.0,775.0,775.0
2020-11-17,775.0,780.0,761.0,768.0
2020-11-18,786.0,786.0,756.0,756.0
2020-11-19,756.0,756.0,756.0,756.0
2020-11-20,768.0,773.0,742.0,742.0
2020-11-24,727.0,768.0,727.0,765.0
2020-11-25,755.0,780.0,755.0,780.0
2020-11-26,790.0,790.0,748.0,748.0
2020-11-27,728.0,743.0,728.0,743.0
2020-11-30,743.0,745.0,741.0,741.0
2020-12-01,745.0,747.0,735.0,747.0
2020-12-02,747.0,750.0,734.0,734.0
2020-12-03,735.0,797.0,735.0,778.0
2020-12-04,793.0,793.0,787.0,787.0
2020-12-07,782.0,782.0,763.0,763.0
2020-12-08,777.0,777.0,777.0,777.0
2020-12-09,762.0,763.0,762.0,762.0
2020-12-10,770.0,776.0,762.0,763.0
2020-12-11,772.0,772.0,760.0,760.0
2020-12-14,760.0,773.0,759.0,773.0
2020-12-15,780.0,789.0,779.0,789.0
2020-12-16,789.0,790.0,779.0,790.0
2020-12-17,790.0,790.0,778.0,778.0
2020-12-18,778.0,787.0,778.0,787.0
2020-12-21,790.0,790.0,761.0,778.0
2020-12-22,780.0,780.0,778.0,778.0
2020-12-23,777.0,777.0,771.0,773.0
2020-12-24,773.0,773.0,765.0,773.0
2020-12-25,773.0,773.0,773.0,773.0
2020-12-28,773.0,790.0,769.0,783.0
2020-12-29,780.0,780.0,759.0,762.0
2020-12-30,762.0,762.0,750.0,750.0
2021-01-04,750.0,761.0,749.0,750.0
2021-01-05,750.0,750.0,750.0,750.0
2021-01-06,763.0,763.0,762.0,762.0
2021-01-07,759.0,767.0,759.0,766.0
2021-01-08,770.0,775.0,765.0,766.0
2021-01-12,751.0,767.0,751.0,767.0
2021-01-13,770.0,775.0,760.0,760.0
2021-01-14,760.0,761.0,760.0,761.0
2021-01-15,760.0,810.0,760.0,806.0
2021-01-18,806.0,810.0,785.0,801.0
2021-01-19,813.0,844.0,801.0,844.0
2021-01-20,800.0,800.0,770.0,777.0
2021-01-21,776.0,780.0,776.0,779.0
2021-01-22,779.0,786.0,779.0,782.0
2021-01-25,775.0,775.0,761.0,765.0
2021-01-26,761.0,762.0,761.0,762.0
2021-01-27,780.0,781.0,773.0,773.0
2021-01-28,773.0,773.0,768.0,768.0
2021-01-29,768.0,768.0,768.0,768.0
2021-02-01,768.0,768.0,760.0,760.0
2021-02-02,775.0,775.0,770.0,770.0
2021-02-03,775.0,775.0,760.0,760.0
2021-02-04,760.0,761.0,760.0,761.0
2021-02-05,768.0,769.0,751.0,763.0
2021-02-08,766.0,773.0,766.0,773.0
2021-02-09,768.0,775.0,768.0,775.0
2021-02-10,777.0,777.0,776.0,776.0
2021-02-12,776.0,777.0,776.0,777.0
2021-02-15,777.0,780.0,770.0,780.0
2021-02-16,786.0,803.0,780.0,780.0
2021-02-17,795.0,795.0,783.0,783.0
2021-02-18,798.0,812.0,781.0,781.0
2021-02-19,796.0,796.0,779.0,783.0
2021-02-22,792.0,792.0,783.0,783.0
2021-02-24,783.0,783.0,778.0,783.0
2021-02-25,783.0,783.0,752.0,753.0
2021-02-26,750.0,751.0,750.0,751.0
2021-03-01,740.0,753.0,740.0,753.0
2021-03-02,753.0,768.0,750.0,750.0
2021-03-03,748.0,780.0,748.0,779.0
2021-03-04,780.0,795.0,764.0,764.0
2021-03-05,752.0,753.0,752.0,753.0
2021-03-08,751.0,752.0,751.0,752.0
2021-03-09,752.0,764.0,751.0,764.0
2021-03-10,762.0,777.0,755.0,758.0
2021-03-11,763.0,763.0,757.0,757.0
2021-03-12,757.0,757.0,754.0,754.0
2021-03-15,755.0,769.0,755.0,755.0
2021-03-16,765.0,765.0,754.0,754.0
2021-03-17,754.0,754.0,754.0,754.0
2021-03-18,766.0,797.0,766.0,770.0
2021-03-19,758.0,767.0,756.0,767.0
2021-03-22,756.0,799.0,756.0,771.0
2021-03-23,771.0,771.0,771.0,771.0
2021-03-24,771.0,771.0,760.0,769.0
2021-03-25,773.0,780.0,758.0,780.0
2021-03-26,765.0,779.0,765.0,779.0
2021-03-29,790.0,790.0,770.0,776.0
2021-03-30,787.0,787.0,763.0,770.0
2021-03-31,765.0,790.0,765.0,790.0
2021-04-01,790.0,809.0,790.0,802.0
2021-04-02,810.0,810.0,795.0,795.0
2021-04-05,795.0,835.0,790.0,803.0
2021-04-06,794.0,802.0,786.0,787.0
2021-04-07,786.0,799.0,783.0,798.0
2021-04-08,798.0,798.0,785.0,785.0
2021-04-09,790.0,790.0,790.0,790.0
2021-04-12,805.0,805.0,785.0,803.0
2021-04-13,782.0,790.0,778.0,778.0
2021-04-14,787.0,792.0,777.0,787.0
2021-04-15,785.0,785.0,776.0,776.0
2021-04-16,774.0,794.0,771.0,784.0
2021-04-19,784.0,784.0,769.0,769.0
2021-04-20,773.0,773.0,750.0,769.0
2021-04-21,754.0,754.0,745.0,745.0
2021-04-22,770.0,773.0,723.0,739.0
2021-04-23,740.0,751.0,740.0,749.0
2021-04-26,764.0,769.0,738.0,738.0
2021-04-27,738.0,752.0,738.0,745.0
2021-04-28,753.0,753.0,750.0,750.0
2021-04-30,752.0,752.0,746.0,748.0
2021-05-06,748.0,765.0,748.0,748.0
2021-05-07,757.0,757.0,739.0,739.0
2021-05-10,747.0,747.0,734.0,734.0
2021-05-11,733.0,744.0,730.0,743.0
2021-05-12,740.0,740.0,739.0,739.0
2021-05-13,739.0,748.0,728.0,737.0
2021-05-14,728.0,739.0,728.0,733.0
2021-05-17,735.0,735.0,735.0,735.0
2021-05-18,735.0,735.0,735.0,735.0
2021-05-19,727.0,740.0,726.0,726.0
2021-05-20,727.0,727.0,727.0,727.0
2021-05-21,727.0,730.0,726.0,726.0
2021-05-24,726.0,726.0,712.0,712.0
2021-05-25,717.0,717.0,717.0,717.0
2021-05-26,719.0,719.0,719.0,719.0
2021-05-27,719.0,724.0,719.0,722.0
2021-05-28,728.0,728.0,718.0,718.0
2021-05-31,721.0,724.0,721.0,724.0
2021-06-01,734.0,738.0,725.0,725.0
2021-06-02,728.0,731.0,727.0,727.0
2021-06-03,726.0,733.0,724.0,727.0
2021-06-04,742.0,742.0,735.0,739.0
2021-06-07,745.0,753.0,724.0,724.0
2021-06-08,728.0,747.0,728.0,731.0
2021-06-09,737.0,737.0,727.0,727.0
2021-06-10,727.0,727.0,727.0,727.0
2021-06-11,729.0,729.0,729.0,729.0
2021-06-14,739.0,739.0,739.0,739.0
2021-06-15,748.0,748.0,742.0,742.0
2021-06-16,737.0,737.0,731.0,731.0
2021-06-17,732.0,735.0,732.0,735.0
2021-06-18,732.0,733.0,725.0,731.0
2021-06-21,743.0,743.0,721.0,724.0
2021-06-22,735.0,735.0,720.0,720.0
2021-06-23,725.0,735.0,724.0,728.0
2021-06-24,728.0,731.0,728.0,731.0
2021-06-25,730.0,730.0,730.0,730.0
2021-06-28,740.0,740.0,730.0,730.0
2021-06-29,735.0,735.0,735.0,735.0
2021-06-30,740.0,740.0,736.0,736.0
2021-07-01,745.0,750.0,745.0,745.0
2021-07-02,758.0,758.0,746.0,746.0
2021-07-05,745.0,745.0,730.0,730.0
2021-07-06,730.0,733.0,723.0,723.0
2021-07-07,723.0,730.0,722.0,728.0
2021-07-08,721.0,728.0,718.0,718.0
2021-07-09,718.0,727.0,718.0,727.0
2021-07-12,729.0,743.0,727.0,727.0
2021-07-13,753.0,756.0,735.0,737.0
2021-07-14,727.0,729.0,713.0,720.0
2021-07-15,719.0,720.0,713.0,715.0
2021-07-16,718.0,723.0,718.0,722.0
2021-07-19,724.0,735.0,718.0,718.0
2021-07-20,724.0,729.0,716.0,718.0
2021-07-21,719.0,719.0,716.0,716.0
2021-07-26,742.0,742.0,721.0,731.0
2021-07-27,719.0,737.0,719.0,735.0
2021-07-28,734.0,734.0,722.0,726.0
2021-07-29,726.0,726.0,722.0,723.0
2021-07-30,722.0,730.0,722.0,726.0
2021-08-02,726.0,726.0,721.0,721.0
2021-08-03,726.0,727.0,718.0,718.0
2021-08-04,718.0,718.0,716.0,716.0
2021-08-05,718.0,718.0,717.0,718.0
2021-08-06,716.0,723.0,715.0,723.0
2021-08-10,723.0,739.0,714.0,715.0
2021-08-11,720.0,725.0,720.0,725.0
2021-08-12,724.0,724.0,720.0,720.0
2021-08-13,723.0,723.0,716.0,717.0
2021-08-16,718.0,725.0,715.0,725.0
2021-08-17,725.0,731.0,722.0,722.0
2021-08-18,722.0,747.0,722.0,747.0
2021-08-19,757.0,758.0,738.0,738.0
2021-08-20,752.0,752.0,740.0,745.0
2021-08-23,750.0,750.0,738.0,738.0
2021-08-24,739.0,739.0,737.0,737.0
2021-08-25,743.0,743.0,737.0,737.0
2021-08-26,744.0,780.0,740.0,771.0
2021-08-27,760.0,770.0,760.0,764.0
2021-08-30,764.0,819.0,764.0,780.0
2021-08-31,790.0,790.0,772.0,775.0
2021-09-01,780.0,790.0,774.0,774.0
2021-09-02,789.0,790.0,774.0,783.0
2021-09-03,790.0,790.0,778.0,778.0
2021-09-06,800.0,802.0,773.0,773.0
2021-09-07,781.0,790.0,771.0,781.0
2021-09-08,776.0,787.0,776.0,780.0
2021-09-09,780.0,781.0,780.0,781.0
2021-09-10,781.0,790.0,780.0,780.0
2021-09-13,787.0,930.0,785.0,903.0
2021-09-14,843.0,860.0,810.0,811.0
2021-09-15,811.0,820.0,791.0,820.0
2021-09-16,819.0,869.0,818.0,860.0
2021-09-17,860.0,871.0,860.0,871.0
2021-09-21,886.0,908.0,875.0,888.0
2021-09-22,885.0,885.0,850.0,854.0
2021-09-24,884.0,899.0,864.0,899.0
2021-09-27,900.0,918.0,892.0,901.0
2021-09-28,885.0,970.0,879.0,951.0
2021-09-29,936.0,991.0,906.0,981.0
2021-09-30,990.0,990.0,952.0,952.0
2021-10-01,939.0,950.0,906.0,937.0
2021-10-04,950.0,951.0,929.0,929.0
2021-10-05,914.0,927.0,860.0,907.0
2021-10-06,908.0,927.0,908.0,925.0
2021-10-07,925.0,938.0,916.0,938.0
2021-10-08,909.0,944.0,909.0,933.0
2021-10-11,934.0,938.0,919.0,919.0
2021-10-12,915.0,920.0,900.0,911.0
2021-10-13,918.0,952.0,915.0,941.0
2021-10-14,885.0,885.0,840.0,847.0
2021-10-15,847.0,848.0,835.0,845.0
2021-10-18,848.0,848.0,803.0,828.0
2021-10-19,816.0,820.0,791.0,791.0
2021-10-20,806.0,810.0,800.0,805.0
2021-10-21,806.0,820.0,800.0,805.0
2021-10-22,805.0,816.0,800.0,804.0
2021-10-25,805.0,805.0,801.0,804.0
2021-10-26,800.0,809.0,799.0,803.0
2021-10-27,800.0,810.0,799.0,808.0
2021-10-28,803.0,803.0,770.0,798.0
2021-10-29,800.0,800.0,791.0,792.0
2021-11-01,785.0,790.0,768.0,775.0
2021-11-02,784.0,784.0,770.0,777.0
2021-11-04,785.0,785.0,768.0,772.0
2021-11-05,772.0,772.0,750.0,750.0
2021-11-08,751.0,751.0,732.0,748.0
2021-11-09,735.0,747.0,725.0,728.0
2021-11-10,728.0,728.0,725.0,728.0
2021-11-11,729.0,735.0,720.0,720.0
2021-11-12,720.0,733.0,719.0,729.0
2021-11-15,730.0,730.0,728.0,730.0
2021-11-16,728.0,759.0,728.0,756.0
2021-11-17,756.0,756.0,750.0,752.0
2021-11-18,752.0,759.0,748.0,752.0
2021-11-19,760.0,760.0,751.0,760.0
2021-11-22,730.0,758.0,728.0,751.0
2021-11-24,741.0,742.0,740.0,740.0
2021-11-25,743.0,743.0,725.0,735.0
2021-11-26,749.0,755.0,725.0,755.0
2021-11-29,730.0,745.0,724.0,731.0
2021-11-30,731.0,739.0,692.0,700.0
2021-12-01,722.0,722.0,689.0,691.0
2021-12-02,709.0,724.0,690.0,724.0
2021-12-03,709.0,742.0,709.0,723.0
2021-12-06,738.0,739.0,738.0,739.0
2021-12-07,737.0,751.0,731.0,751.0
2021-12-08,751.0,763.0,739.0,763.0
2021-12-09,770.0,780.0,769.0,780.0
2021-12-10,793.0,929.0,768.0,773.0
2021-12-13,784.0,784.0,771.0,779.0
2021-12-14,779.0,788.0,779.0,781.0
2021-12-15,780.0,798.0,780.0,790.0
2021-12-16,788.0,790.0,780.0,786.0
2021-12-17,790.0,805.0,790.0,800.0
2021-12-20,800.0,807.0,791.0,796.0
2021-12-21,798.0,801.0,798.0,800.0
2021-12-22,796.0,802.0,796.0,801.0
2021-12-23,800.0,801.0,793.0,801.0
2021-12-24,799.0,807.0,787.0,787.0
2021-12-27,780.0,803.0,780.0,791.0
2021-12-28,791.0,811.0,791.0,796.0
2021-12-29,796.0,814.0,786.0,812.0
2021-12-30,817.0,819.0,808.0,819.0
2022-01-04,820.0,821.0,810.0,810.0
2022-01-05,824.0,825.0,802.0,823.0
2022-01-06,814.0,815.0,811.0,815.0
2022-01-07,822.0,822.0,813.0,816.0
2022-01-11,786.0,801.0,786.0,801.0
2022-01-12,799.0,799.0,784.0,784.0
2022-01-13,786.0,787.0,781.0,781.0
2022-01-14,785.0,797.0,785.0,797.0
2022-01-17,767.0,769.0,727.0,735.0
2022-01-18,736.0,800.0,736.0,800.0
2022-01-19,800.0,839.0,791.0,839.0
2022-01-20,824.0,824.0,777.0,785.0
2022-01-21,774.0,792.0,754.0,791.0
2022-01-24,791.0,796.0,753.0,796.0
2022-01-25,807.0,807.0,788.0,788.0
2022-01-26,785.0,798.0,785.0,798.0
2022-01-27,768.0,798.0,768.0,779.0
2022-01-28,778.0,802.0,778.0,802.0
2022-01-31,800.0,819.0,800.0,819.0
2022-02-01,816.0,855.0,816.0,819.0
2022-02-02,832.0,832.0,798.0,802.0
2022-02-03,817.0,823.0,815.0,823.0
2022-02-04,823.0,825.0,817.0,818.0
2022-02-07,825.0,825.0,814.0,820.0
2022-02-08,815.0,815.0,808.0,808.0
2022-02-09,801.0,809.0,801.0,805.0
2022-02-10,796.0,796.0,796.0,796.0
2022-02-14,810.0,810.0,801.0,801.0
2022-02-15,801.0,801.0,801.0,801.0
2022-02-16,807.0,811.0,807.0,809.0
2022-02-17,809.0,809.0,809.0,809.0
2022-02-18,795.0,795.0,795.0,795.0
2022-02-21,793.0,803.0,793.0,801.0
2022-02-22,786.0,802.0,786.0,801.0
2022-02-24,790.0,790.0,790.0,790.0
2022-02-25,805.0,810.0,790.0,790.0
2022-02-28,805.0,805.0,805.0,805.0
2022-03-01,798.0,818.0,798.0,810.0
2022-03-02,810.0,810.0,799.0,800.0
2022-03-03,797.0,805.0,797.0,805.0
2022-03-04,797.0,809.0,797.0,809.0
2022-03-07,801.0,816.0,801.0,806.0
2022-03-08,801.0,801.0,800.0,800.0
2022-03-09,795.0,803.0,791.0,791.0
2022-03-10,799.0,807.0,799.0,800.0
2022-03-11,793.0,793.0,793.0,793.0
2022-03-14,820.0,820.0,805.0,805.0
2022-03-15,793.0,807.0,793.0,807.0
2022-03-16,801.0,808.0,801.0,807.0
2022-03-17,802.0,804.0,802.0,804.0
2022-03-18,807.0,808.0,781.0,807.0
2022-03-22,810.0,832.0,810.0,826.0
2022-03-23,825.0,825.0,801.0,810.0
2022-03-24,811.0,824.0,811.0,823.0
2022-03-25,824.0,860.0,824.0,853.0
2022-03-28,853.0,853.0,821.0,826.0
2022-03-29,833.0,833.0,817.0,821.0
2022-03-30,821.0,821.0,821.0,821.0
2022-03-31,821.0,830.0,821.0,827.0
2022-04-01,826.0,826.0,819.0,819.0
2022-04-04,834.0,834.0,825.0,826.0
2022-04-05,823.0,826.0,823.0,825.0
2022-04-06,825.0,825.0,810.0,816.0
2022-04-07,814.0,814.0,790.0,790.0
2022-04-08,800.0,803.0,790.0,790.0
2022-04-11,790.0,805.0,790.0,805.0
2022-04-12,794.0,795.0,780.0,785.0
2022-04-13,785.0,786.0,784.0,785.0
2022-04-14,779.0,799.0,750.0,799.0
2022-04-15,783.0,785.0,766.0,785.0
2022-04-18,785.0,785.0,765.0,766.0
2022-04-19,766.0,767.0,760.0,760.0
2022-04-20,755.0,760.0,755.0,755.0
2022-04-21,760.0,760.0,760.0,760.0
2022-04-22,752.0,780.0,750.0,780.0
2022-04-25,760.0,760.0,760.0,760.0
2022-04-26,775.0,781.0,775.0,781.0
2022-04-27,770.0,770.0,750.0,750.0
2022-04-28,750.0,763.0,750.0,763.0
2022-05-02,736.0,766.0,736.0,766.0
2022-05-06,777.0,777.0,763.0,763.0
2022-05-09,751.0,751.0,750.0,750.0
2022-05-10,750.0,750.0,743.0,746.0
2022-05-11,746.0,746.0,746.0,746.0
2022-05-12,738.0,738.0,710.0,737.0
2022-05-13,737.0,737.0,737.0,737.0
2022-05-16,722.0,722.0,722.0,722.0
2022-05-17,722.0,722.0,722.0,722.0
2022-05-18,737.0,742.0,736.0,742.0
2022-05-19,742.0,742.0,742.0,742.0
2022-05-20,727.0,738.0,723.0,736.0
2022-05-23,736.0,736.0,736.0,736.0
2022-05-24,744.0,744.0,714.0,714.0
2022-05-25,743.0,765.0,734.0,750.0
2022-05-26,750.0,750.0,750.0,750.0
2022-05-27,735.0,737.0,730.0,737.0
2022-05-30,745.0,771.0,745.0,765.0
2022-05-31,735.0,755.0,735.0,741.0
2022-06-01,741.0,741.0,741.0,741.0
2022-06-02,752.0,752.0,752.0,752.0
2022-06-03,737.0,737.0,737.0,737.0
2022-06-06,738.0,761.0,738.0,760.0
2022-06-07,760.0,760.0,760.0,760.0
2022-06-08,766.0,766.0,734.0,734.0
2022-06-09,749.0,749.0,734.0,735.0
2022-06-10,736.0,749.0,736.0,748.0
2022-06-13,748.0,748.0,748.0,748.0
2022-06-14,734.0,734.0,730.0,730.0
2022-06-15,730.0,730.0,730.0,730.0
2022-06-16,720.0,721.0,720.0,721.0
2022-06-17,721.0,728.0,721.0,728.0
2022-06-20,720.0,721.0,720.0,721.0
2022-06-21,719.0,725.0,715.0,725.0
2022-06-22,723.0,723.0,716.0,716.0
2022-06-23,728.0,734.0,727.0,734.0
2022-06-24,719.0,721.0,719.0,721.0
2022-06-27,721.0,721.0,721.0,721.0
2022-06-28,735.0,735.0,735.0,735.0
2022-06-29,730.0,730.0,720.0,720.0
2022-06-30,728.0,733.0,721.0,721.0
2022-07-01,721.0,721.0,700.0,709.0
2022-07-04,711.0,738.0,711.0,723.0
2022-07-05,718.0,730.0,718.0,720.0
2022-07-06,721.0,734.0,721.0,734.0
2022-07-07,725.0,728.0,725.0,728.0
2022-07-08,728.0,745.0,726.0,745.0
2022-07-11,745.0,745.0,745.0,745.0
2022-07-12,744.0,744.0,744.0,744.0
2022-07-13,748.0,749.0,744.0,746.0
2022-07-14,721.0,742.0,720.0,741.0
2022-07-15,730.0,730.0,719.0,719.0
2022-07-19,719.0,735.0,719.0,734.0
2022-07-20,738.0,738.0,738.0,738.0
2022-07-21,735.0,738.0,733.0,738.0
2022-07-22,723.0,724.0,720.0,721.0
2022-07-25,730.0,730.0,730.0,730.0
2022-07-26,730.0,730.0,730.0,730.0
2022-07-27,725.0,725.0,720.0,720.0
2022-07-28,720.0,726.0,720.0,726.0
2022-07-29,720.0,720.0,720.0,720.0
2022-08-01,730.0,730.0,720.0,720.0
2022-08-02,725.0,725.0,720.0,720.0
2022-08-03,721.0,721.0,720.0,720.0
2022-08-04,725.0,733.0,725.0,733.0
2022-08-05,726.0,726.0,725.0,725.0
2022-08-08,730.0,730.0,722.0,722.0
2022-08-09,736.0,736.0,721.0,721.0
2022-08-10,721.0,721.0,721.0,721.0
2022-08-12,730.0,730.0,730.0,730.0
2022-08-15,745.0,745.0,722.0,728.0
2022-08-16,728.0,728.0,727.0,727.0
2022-08-17,727.0,727.0,727.0,727.0
2022-08-18,735.0,735.0,730.0,730.0
2022-08-19,735.0,735.0,733.0,734.0
2022-08-22,732.0,732.0,721.0,721.0
2022-08-23,721.0,721.0,721.0,721.0
2022-08-24,721.0,721.0,721.0,721.0
2022-08-25,733.0,845.0,720.0,753.0
2022-08-26,768.0,769.0,750.0,750.0
2022-08-29,748.0,748.0,732.0,732.0
2022-08-30,732.0,732.0,725.0,725.0
2022-08-31,725.0,747.0,722.0,747.0
2022-09-01,747.0,747.0,738.0,738.0
2022-09-02,765.0,765.0,738.0,738.0
2022-09-05,738.0,738.0,728.0,728.0
2022-09-06,728.0,728.0,728.0,728.0
2022-09-07,724.0,725.0,713.0,720.0
2022-09-08,720.0,720.0,720.0,720.0
2022-09-09,746.0,746.0,746.0,746.0
2022-09-12,733.0,733.0,716.0,724.0
2022-09-13,732.0,743.0,732.0,742.0
2022-09-14,720.0,734.0,720.0,734.0
2022-09-15,732.0,749.0,732.0,735.0
2022-09-16,732.0,732.0,732.0,732.0
2022-09-20,732.0,732.0,731.0,731.0
2022-09-21,725.0,725.0,723.0,724.0
2022-09-22,723.0,723.0,722.0,722.0
2022-09-26,716.0,726.0,710.0,726.0
2022-09-27,720.0,725.0,720.0,720.0
2022-09-28,720.0,742.0,710.0,742.0
2022-09-29,740.0,743.0,740.0,743.0
2022-09-30,731.0,734.0,722.0,734.0
2022-10-03,734.0,734.0,722.0,722.0
2022-10-04,734.0,734.0,720.0,720.0
2022-10-05,722.0,729.0,722.0,726.0
2022-10-06,732.0,734.0,730.0,731.0
2022-10-07,724.0,724.0,724.0,724.0
2022-10-11,730.0,781.0,726.0,752.0
2022-10-12,759.0,775.0,725.0,725.0
2022-10-13,726.0,750.0,721.0,741.0
2022-10-14,771.0,771.0,724.0,740.0
2022-10-17,755.0,755.0,755.0,755.0
2022-10-18,747.0,747.0,747.0,747.0
2022-10-19,749.0,799.0,748.0,753.0
2022-10-20,739.0,749.0,739.0,740.0
2022-10-21,738.0,763.0,735.0,758.0
2022-10-24,770.0,770.0,752.0,752.0
2022-10-25,752.0,752.0,752.0,752.0
2022-10-26,752.0,752.0,752.0,752.0
2022-10-27,752.0,752.0,752.0,752.0
2022-10-28,752.0,765.0,752.0,754.0
2022-10-31,760.0,760.0,760.0,760.0
2022-11-01,755.0,777.0,755.0,777.0
2022-11-02,777.0,777.0,775.0,775.0
2022-11-04,762.0,773.0,762.0,773.0
2022-11-07,773.0,777.0,773.0,777.0
2022-11-08,780.0,780.0,773.0,773.0
2022-11-09,773.0,773.0,773.0,773.0
2022-11-10,773.0,773.0,763.0,763.0
2022-11-11,762.0,762.0,762.0,762.0
2022-11-14,760.0,760.0,753.0,753.0
2022-11-15,753.0,765.0,753.0,765.0
2022-11-16,770.0,770.0,769.0,770.0
2022-11-17,768.0,768.0,753.0,765.0
2022-11-18,762.0,765.0,760.0,761.0
2022-11-21,763.0,792.0,763.0,780.0
2022-11-22,765.0,778.0,765.0,777.0
2022-11-24,776.0,776.0,770.0,770.0
2022-11-25,773.0,773.0,770.0,772.0
2022-11-28,777.0,922.0,776.0,919.0
2022-11-29,832.0,876.0,799.0,815.0
2022-11-30,814.0,815.0,786.0,786.0
2022-12-01,796.0,800.0,748.0,760.0
2022-12-02,761.0,767.0,753.0,766.0
2022-12-05,765.0,767.0,755.0,755.0
2022-12-06,751.0,759.0,750.0,754.0
2022-12-07,755.0,755.0,726.0,740.0
2022-12-08,736.0,745.0,736.0,745.0
2022-12-09,739.0,739.0,729.0,729.0
2022-12-12,737.0,737.0,735.0,735.0
2022-12-13,749.0,749.0,728.0,743.0
2022-12-14,745.0,745.0,729.0,729.0
2022-12-15,728.0,728.0,726.0,727.0
2022-12-16,727.0,735.0,727.0,732.0
2022-12-19,717.0,730.0,711.0,730.0
2022-12-20,721.0,723.0,699.0,700.0
2022-12-21,701.0,713.0,692.0,692.0
2022-12-22,692.0,710.0,692.0,698.0
2022-12-23,708.0,708.0,700.0,701.0
2022-12-26,705.0,707.0,703.0,703.0
2022-12-27,703.0,718.0,703.0,718.0
2022-12-28,728.0,728.0,706.0,710.0
2022-12-29,701.0,704.0,701.0,704.0
2022-12-30,712.0,721.0,700.0,718.0
2023-01-04,730.0,730.0,725.0,725.0
2023-01-05,726.0,740.0,725.0,740.0
2023-01-06,733.0,742.0,733.0,742.0
2023-01-10,770.0,770.0,751.0,754.0
2023-01-11,760.0,768.0,760.0,767.0
2023-01-12,767.0,768.0,733.0,745.0
2023-01-13,745.0,745.0,740.0,740.0
2023-01-16,755.0,775.0,755.0,770.0
2023-01-17,783.0,784.0,765.0,782.0
2023-01-18,932.0,932.0,851.0,868.0
2023-01-19,880.0,907.0,830.0,903.0
2023-01-20,983.0,983.0,856.0,865.0
2023-01-23,851.0,851.0,803.0,809.0
2023-01-24,811.0,819.0,792.0,801.0
2023-01-25,791.0,811.0,785.0,810.0
2023-01-26,802.0,822.0,802.0,816.0
2023-01-27,816.0,816.0,803.0,804.0
2023-01-30,804.0,812.0,796.0,805.0
2023-01-31,796.0,800.0,785.0,785.0
2023-02-01,791.0,791.0,780.0,782.0
2023-02-02,778.0,782.0,777.0,777.0
2023-02-03,779.0,779.0,768.0,771.0
2023-02-06,770.0,774.0,759.0,763.0
2023-02-07,751.0,760.0,751.0,755.0
2023-02-08,755.0,755.0,744.0,747.0
2023-02-09,746.0,754.0,746.0,754.0
2023-02-10,755.0,768.0,753.0,768.0
2023-02-13,769.0,771.0,762.0,764.0
2023-02-14,753.0,754.0,753.0,753.0
2023-02-15,753.0,753.0,750.0,750.0
2023-02-16,751.0,754.0,749.0,751.0
2023-02-17,750.0,754.0,750.0,752.0
2023-02-20,760.0,770.0,760.0,768.0
2023-02-21,757.0,773.0,757.0,760.0
2023-02-22,762.0,768.0,762.0,768.0
2023-02-24,777.0,787.0,775.0,780.0
2023-02-27,775.0,781.0,770.0,781.0
2023-02-28,781.0,781.0,770.0,772.0
2023-03-01,770.0,778.0,770.0,770.0
2023-03-02,776.0,798.0,774.0,780.0
2023-03-03,769.0,793.0,769.0,774.0
2023-03-06,776.0,786.0,767.0,775.0
2023-03-07,776.0,779.0,773.0,774.0
2023-03-08,774.0,777.0,772.0,772.0
2023-03-09,772.0,777.0,768.0,771.0
2023-03-10,767.0,774.0,767.0,770.0
2023-03-13,769.0,769.0,750.0,756.0
2023-03-14,745.0,774.0,745.0,748.0
2023-03-15,748.0,758.0,748.0,749.0
2023-03-16,749.0,749.0,720.0,730.0
2023-03-17,742.0,750.0,731.0,738.0
2023-03-20,743.0,756.0,733.0,756.0
2023-03-22,756.0,756.0,743.0,743.0
2023-03-23,743.0,743.0,743.0,743.0
2023-03-24,752.0,755.0,741.0,755.0
2023-03-27,757.0,759.0,755.0,759.0
2023-03-28,760.0,770.0,760.0,770.0
2023-03-29,764.0,772.0,764.0,772.0
2023-03-30,772.0,777.0,772.0,776.0
2023-03-31,777.0,778.0,769.0,773.0
2023-04-03,770.0,770.0,755.0,770.0
2023-04-04,762.0,769.0,762.0,764.0
2023-04-05,760.0,762.0,754.0,762.0
2023-04-06,752.0,752.0,752.0,752.0
2023-04-07,761.0,761.0,760.0,760.0
2023-04-10,767.0,767.0,761.0,761.0
2023-04-11,770.0,784.0,769.0,777.0
2023-04-12,784.0,854.0,780.0,853.0
2023-04-13,823.0,824.0,780.0,786.0
2023-04-14,775.0,777.0,762.0,772.0
2023-04-17,766.0,768.0,759.0,764.0
2023-04-18,767.0,767.0,757.0,760.0
2023-04-19,756.0,762.0,756.0,757.0
2023-04-20,759.0,765.0,748.0,751.0
2023-04-21,753.0,753.0,741.0,748.0
2023-04-24,745.0,762.0,742.0,754.0
2023-04-25,755.0,758.0,752.0,755.0
2023-04-26,752.0,752.0,742.0,742.0
2023-04-27,738.0,744.0,736.0,743.0
2023-04-28,743.0,757.0,743.0,746.0
2023-05-01,748.0,757.0,746.0,746.0
2023-05-02,750.0,750.0,744.0,747.0
2023-05-08,745.0,765.0,745.0,754.0
2023-05-09,754.0,760.0,750.0,751.0
2023-05-10,758.0,759.0,752.0,759.0
2023-05-11,760.0,764.0,760.0,762.0
2023-05-12,765.0,765.0,758.0,758.0
2023-05-15,745.0,762.0,745.0,762.0
2023-05-16,764.0,765.0,753.0,753.0
2023-05-17,760.0,761.0,753.0,754.0
2023-05-18,757.0,757.0,751.0,751.0
2023-05-19,750.0,760.0,745.0,745.0
2023-05-22,745.0,757.0,745.0,745.0
2023-05-23,750.0,755.0,746.0,746.0
2023-05-24,744.0,746.0,743.0,745.0
2023-05-25,748.0,748.0,741.0,741.0
2023-05-26,741.0,753.0,740.0,741.0
2023-05-29,742.0,744.0,741.0,741.0
2023-05-30,741.0,741.0,733.0,734.0
2023-05-31,732.0,740.0,732.0,740.0
2023-06-01,741.0,743.0,721.0,723.0
2023-06-02,725.0,725.0,721.0,725.0
2023-06-05,725.0,755.0,723.0,755.0
2023-06-06,753.0,753.0,739.0,741.0
2023-06-07,741.0,742.0,741.0,741.0
2023-06-08,741.0,742.0,735.0,735.0
2023-06-09,750.0,750.0,736.0,737.0
2023-06-12,734.0,744.0,734.0,742.0
2023-06-13,736.0,736.0,734.0,734.0
2023-06-14,742.0,742.0,733.0,739.0
2023-06-15,739.0,739.0,733.0,733.0
2023-06-16,734.0,742.0,733.0,742.0
2023-06-19,743.0,743.0,738.0,741.0
2023-06-20,742.0,742.0,731.0,741.0
2023-06-21,741.0,741.0,736.0,737.0
2023-06-22,738.0,740.0,735.0,737.0
2023-06-23,737.0,744.0,735.0,735.0
2023-06-26,735.0,740.0,730.0,739.0
2023-06-27,731.0,735.0,730.0,731.0
2023-06-28,731.0,733.0,731.0,732.0
2023-06-29,738.0,740.0,734.0,734.0
2023-06-30,735.0,736.0,735.0,735.0
2023-07-03,740.0,750.0,737.0,740.0
2023-07-04,743.0,745.0,739.0,740.0
2023-07-05,740.0,741.0,735.0,740.0
2023-07-06,740.0,744.0,737.0,737.0
2023-07-07,737.0,745.0,736.0,745.0
2023-07-10,744.0,745.0,741.0,745.0
2023-07-11,743.0,755.0,743.0,755.0
2023-07-12,761.0,795.0,748.0,795.0
2023-07-13,820.0,835.0,741.0,771.0
2023-07-14,776.0,776.0,746.0,751.0
2023-07-18,750.0,780.0,749.0,753.0
2023-07-19,755.0,767.0,750.0,755.0
2023-07-20,748.0,752.0,745.0,750.0
2023-07-21,745.0,752.0,745.0,746.0
2023-07-24,747.0,752.0,747.0,752.0
2023-07-25,750.0,770.0,750.0,765.0
2023-07-26,767.0,767.0,757.0,759.0
2023-07-27,759.0,762.0,759.0,759.0
2023-07-28,760.0,760.0,754.0,754.0
2023-07-31,755.0,755.0,752.0,753.0
2023-08-01,755.0,781.0,755.0,769.0
2023-08-02,769.0,769.0,764.0,766.0
2023-08-03,762.0,770.0,757.0,765.0
2023-08-04,759.0,763.0,751.0,754.0
2023-08-07,755.0,761.0,754.0,761.0
2023-08-08,758.0,760.0,756.0,758.0
2023-08-09,753.0,758.0,753.0,753.0
2023-08-10,755.0,755.0,753.0,754.0
2023-08-14,753.0,760.0,753.0,753.0
2023-08-15,756.0,759.0,752.0,755.0
2023-08-16,756.0,760.0,754.0,754.0
2023-08-17,753.0,753.0,745.0,745.0
2023-08-18,741.0,741.0,733.0,741.0
2023-08-21,741.0,741.0,740.0,740.0
2023-08-22,745.0,745.0,742.0,742.0
2023-08-23,745.0,746.0,740.0,746.0
2023-08-24,746.0,748.0,746.0,748.0
2023-08-25,748.0,748.0,748.0,748.0
2023-08-28,750.0,759.0,750.0,758.0
2023-08-29,759.0,764.0,756.0,764.0
2023-08-30,758.0,763.0,758.0,758.0
2023-08-31,752.0,760.0,752.0,754.0
2023-09-01,753.0,758.0,753.0,754.0
2023-09-04,759.0,760.0,756.0,756.0
2023-09-05,757.0,758.0,757.0,758.0
2023-09-06,759.0,762.0,759.0,759.0
2023-09-07,759.0,763.0,759.0,763.0
2023-09-08,762.0,767.0,762.0,765.0
2023-09-11,771.0,771.0,757.0,768.0
2023-09-12,769.0,771.0,763.0,763.0
2023-09-13,765.0,765.0,761.0,761.0
2023-09-14,763.0,763.0,759.0,759.0
2023-09-15,760.0,760.0,757.0,757.0
2023-09-19,757.0,770.0,757.0,765.0
2023-09-20,765.0,772.0,765.0,771.0
2023-09-21,771.0,771.0,766.0,766.0
2023-09-22,765.0,776.0,765.0,774.0
2023-09-25,775.0,779.0,774.0,777.0
2023-09-26,778.0,788.0,776.0,788.0
2023-09-27,780.0,790.0,780.0,788.0
2023-09-28,796.0,815.0,790.0,815.0
2023-09-29,793.0,810.0,789.0,800.0
2023-10-02,795.0,795.0,786.0,786.0
2023-10-03,786.0,786.0,769.0,783.0
2023-10-04,774.0,774.0,749.0,750.0
2023-10-05,754.0,764.0,754.0,760.0
2023-10-06,770.0,775.0,766.0,775.0
2023-10-10,788.0,798.0,780.0,793.0
2023-10-11,801.0,838.0,801.0,830.0
2023-10-12,825.0,825.0,744.0,759.0
2023-10-13,759.0,765.0,751.0,751.0
2023-10-16,752.0,752.0,745.0,746.0
2023-10-17,746.0,758.0,746.0,755.0
2023-10-18,762.0,765.0,741.0,745.0
2023-10-19,745.0,748.0,745.0,745.0
2023-10-20,745.0,754.0,741.0,754.0
2023-10-23,750.0,751.0,747.0,749.0
2023-10-24,752.0,753.0,748.0,753.0
2023-10-25,751.0,754.0,748.0,750.0
2023-10-26,750.0,750.0,740.0,750.0
2023-10-27,750.0,750.0,742.0,747.0
2023-10-30,750.0,751.0,745.0,751.0
2023-10-31,745.0,753.0,745.0,746.0
2023-11-01,751.0,751.0,742.0,742.0
2023-11-02,745.0,755.0,745.0,755.0
2023-11-06,760.0,760.0,748.0,760.0
2023-11-07,755.0,757.0,751.0,757.0
2023-11-08,755.0,756.0,753.0,753.0
2023-11-09,752.0,754.0,751.0,753.0
2023-11-10,752.0,757.0,750.0,751.0
2023-11-13,752.0,785.0,752.0,765.0
2023-11-14,766.0,775.0,765.0,765.0
2023-11-15,775.0,775.0,760.0,775.0
2023-11-16,768.0,771.0,765.0,770.0
2023-11-17,770.0,773.0,769.0,769.0
2023-11-20,770.0,778.0,770.0,771.0
2023-11-21,772.0,774.0,767.0,774.0
2023-11-22,772.0,776.0,767.0,768.0
2023-11-24,775.0,775.0,760.0,764.0
2023-11-27,763.0,765.0,760.0,760.0
2023-11-28,780.0,780.0,764.0,768.0
2023-11-29,749.0,756.0,749.0,751.0
2023-11-30,750.0,752.0,744.0,752.0
2023-12-01,752.0,753.0,747.0,752.0
2023-12-04,752.0,752.0,721.0,743.0
2023-12-05,743.0,743.0,735.0,737.0
2023-12-06,737.0,746.0,737.0,745.0
2023-12-07,745.0,749.0,744.0,745.0
2023-12-08,746.0,751.0,745.0,748.0
2023-12-11,749.0,752.0,748.0,748.0
2023-12-12,749.0,752.0,749.0,749.0
2023-12-13,743.0,747.0,733.0,747.0
2023-12-14,747.0,747.0,740.0,741.0
2023-12-15,742.0,743.0,735.0,738.0
2023-12-18,736.0,737.0,736.0,737.0
2023-12-19,736.0,741.0,736.0,738.0
2023-12-20,742.0,747.0,739.0,746.0
2023-12-21,742.0,749.0,742.0,748.0
2023-12-22,748.0,748.0,745.0,745.0
2023-12-25,745.0,745.0,744.0,745.0
2023-12-26,742.0,743.0,741.0,741.0
2023-12-27,742.0,745.0,740.0,740.0
2023-12-28,741.0,741.0,740.0,740.0
2023-12-29,740.0,750.0,740.0,743.0
2024-01-04,743.0,752.0,743.0,752.0
2024-01-05,756.0,756.0,752.0,754.0
2024-01-09,754.0,754.0,750.0,752.0
2024-01-10,754.0,755.0,750.0,753.0
2024-01-11,755.0,760.0,755.0,757.0
2024-01-12,757.0,766.0,757.0,761.0
2024-01-15,763.0,767.0,761.0,767.0
2024-01-16,777.0,796.0,777.0,794.0
2024-01-17,792.0,819.0,788.0,810.0
2024-01-18,828.0,828.0,800.0,808.0
2024-01-19,809.0,885.0,809.0,817.0
2024-01-22,746.0,788.0,741.0,788.0
2024-01-23,795.0,800.0,765.0,795.0
2024-01-24,795.0,795.0,762.0,777.0
2024-01-25,771.0,781.0,770.0,770.0
2024-01-26,771.0,790.0,758.0,779.0
2024-01-29,777.0,789.0,775.0,780.0
2024-01-30,781.0,781.0,774.0,778.0
2024-01-31,779.0,787.0,779.0,784.0
2024-02-01,786.0,787.0,781.0,787.0
2024-02-02,791.0,792.0,786.0,786.0
2024-02-05,786.0,786.0,780.0,781.0
2024-02-06,784.0,784.0,758.0,768.0
2024-02-07,753.0,763.0,750.0,756.0
2024-02-08,756.0,759.0,751.0,757.0
2024-02-09,763.0,763.0,758.0,758.0
2024-02-13,758.0,758.0,749.0,751.0
2024-02-14,751.0,757.0,750.0,752.0
2024-02-15,755.0,755.0,739.0,740.0
2024-02-16,748.0,748.0,748.0,748.0
2024-02-19,790.0,812.0,782.0,785.0
2024-02-20,783.0,792.0,763.0,788.0
2024-02-21,785.0,833.0,785.0,805.0
2024-02-22,812.0,824.0,807.0,820.0
2024-02-26,828.0,828.0,778.0,786.0
2024-02-27,786.0,790.0,785.0,785.0
2024-02-28,786.0,794.0,778.0,780.0
2024-02-29,780.0,780.0,778.0,780.0
2024-03-01,782.0,792.0,782.0,792.0
2024-03-04,790.0,790.0,770.0,784.0
2024-03-05,780.0,781.0,774.0,774.0
2024-03-06,771.0,771.0,763.0,763.0
2024-03-07,762.0,764.0,760.0,760.0
2024-03-08,763.0,790.0,763.0,776.0
2024-03-11,773.0,773.0,761.0,761.0
2024-03-12,761.0,769.0,756.0,769.0
2024-03-13,762.0,776.0,762.0,776.0
2024-03-14,777.0,779.0,776.0,779.0
2024-03-15,784.0,784.0,779.0,779.0
2024-03-18,779.0,785.0,779.0,785.0
2024-03-19,787.0,798.0,785.0,791.0
2024-03-21,791.0,800.0,790.0,796.0
2024-03-22,796.0,803.0,796.0,800.0
2024-03-25,804.0,804.0,800.0,800.0
2024-03-26,800.0,803.0,795.0,803.0
2024-03-27,803.0,804.0,803.0,804.0
2024-03-28,800.0,800.0,799.0,800.0
2024-03-29,802.0,802.0,802.0,802.0
2024-04-01,800.0,800.0,785.0,794.0
2024-04-02,795.0,800.0,795.0,800.0
2024-04-03,804.0,817.0,803.0,817.0
2024-04-04,818.0,819.0,798.0,798.0
2024-04-05,798.0,805.0,798.0,805.0
2024-04-08,805.0,812.0,805.0,812.0
2024-04-09,814.0,815.0,794.0,814.0
2024-04-10,807.0,816.0,795.0,795.0
2024-04-11,786.0,793.0,778.0,778.0
2024-04-12,778.0,778.0,759.0,769.0
2024-04-15,769.0,770.0,761.0,767.0
2024-04-16,769.0,769.0,766.0,766.0
2024-04-17,769.0,769.0,766.0,766.0
2024-04-18,766.0,768.0,766.0,768.0
2024-04-19,766.0,766.0,766.0,766.0
2024-04-22,767.0,768.0,767.0,768.0
2024-04-23,768.0,768.0,766.0,766.0
2024-04-24,765.0,767.0,765.0,766.0
2024-04-25,766.0,772.0,765.0,769.0
2024-04-26,769.0,769.0,769.0,769.0
2024-04-30,769.0,771.0,769.0,769.0
2024-05-01,769.0,769.0,765.0,765.0
2024-05-02,766.0,766.0,765.0,765.0
2024-05-07,767.0,768.0,767.0,767.0
2024-05-08,767.0,767.0,765.0,766.0
2024-05-09,766.0,766.0,763.0,763.0
2024-05-10,763.0,763.0,763.0,763.0
2024-05-13,763.0,763.0,761.0,761.0
2024-05-14,760.0,760.0,759.0,759.0
2024-05-15,756.0,756.0,756.0,756.0
2024-05-16,755.0,755.0,754.0,754.0
2024-05-17,754.0,755.0,749.0,755.0
2024-05-20,755.0,755.0,751.0,751.0
2024-05-21,751.0,755.0,751.0,755.0
2024-05-22,757.0,759.0,755.0,759.0
2024-05-23,759.0,759.0,751.0,756.0
2024-05-24,756.0,760.0,756.0,760.0
2024-05-27,756.0,756.0,739.0,739.0
2024-05-28,742.0,749.0,738.0,738.0
2024-05-29,742.0,750.0,742.0,745.0
2024-05-30,741.0,745.0,741.0,745.0
2024-05-31,745.0,748.0,737.0,748.0
2024-06-03,748.0,755.0,748.0,752.0
2024-06-04,754.0,754.0,754.0,754.0
2024-06-05,751.0,756.0,746.0,755.0
2024-06-06,756.0,756.0,742.0,756.0
2024-06-07,755.0,755.0,744.0,749.0
2024-06-10,751.0,751.0,747.0,747.0
2024-06-11,757.0,757.0,755.0,755.0
2024-06-12,741.0,747.0,741.0,747.0
2024-06-13,747.0,749.0,747.0,749.0
2024-06-14,744.0,744.0,744.0,744.0
2024-06-17,745.0,745.0,744.0,744.0
2024-06-18,744.0,744.0,742.0,742.0
2024-06-19,741.0,741.0,733.0,733.0
2024-06-20,736.0,736.0,735.0,736.0
2024-06-21,735.0,736.0,731.0,734.0
2024-06-24,737.0,737.0,734.0,737.0
2024-06-25,737.0,737.0,735.0,735.0
2024-06-26,735.0,735.0,731.0,732.0
2024-06-27,738.0,740.0,738.0,740.0
2024-06-28,740.0,740.0,738.0,740.0
2024-07-01,739.0,740.0,739.0,739.0
2024-07-02,739.0,739.0,737.0,739.0
2024-07-03,740.0,740.0,740.0,740.0
2024-07-04,740.0,740.0,739.0,740.0
2024-07-05,740.0,740.0,740.0,740.0
2024-07-08,740.0,740.0,739.0,739.0
2024-07-09,738.0,738.0,738.0,738.0
2024-07-10,735.0,741.0,735.0,739.0
2024-07-11,738.0,738.0,737.0,737.0
2024-07-12,735.0,742.0,735.0,742.0
2024-07-16,739.0,744.0,739.0,742.0
2024-07-17,744.0,744.0,739.0,739.0
2024-07-18,737.0,742.0,737.0,738.0
2024-07-19,738.0,743.0,734.0,743.0
2024-07-22,743.0,744.0,737.0,744.0
2024-07-23,744.0,744.0,740.0,740.0
2024-07-24,739.0,739.0,734.0,735.0
2024-07-25,735.0,743.0,735.0,743.0
2024-07-26,744.0,744.0,743.0,743.0
2024-07-29,743.0,744.0,743.0,744.0
2024-07-30,744.0,752.0,744.0,752.0
2024-07-31,750.0,750.0,742.0,742.0
2024-08-01,744.0,745.0,743.0,743.0
2024-08-02,743.0,743.0,733.0,733.0
2024-08-05,731.0,731.0,717.0,717.0
2024-08-06,717.0,736.0,706.0,735.0
2024-08-07,710.0,727.0,709.0,727.0
2024-08-08,720.0,720.0,720.0,720.0
2024-08-09,720.0,720.0,716.0,716.0
2024-08-13,741.0,742.0,727.0,727.0
2024-08-14,731.0,731.0,731.0,731.0
2024-08-15,736.0,736.0,736.0,736.0
2024-08-16,739.0,740.0,738.0,738.0
2024-08-19,739.0,740.0,737.0,739.0
2024-08-20,745.0,747.0,738.0,747.0
2024-08-21,747.0,748.0,742.0,748.0
2024-08-22,748.0,749.0,745.0,745.0
2024-08-23,751.0,751.0,749.0,751.0
2024-08-26,758.0,758.0,752.0,755.0
2024-08-27,758.0,763.0,758.0,762.0
2024-08-28,767.0,767.0,757.0,757.0
2024-08-29,760.0,760.0,758.0,758.0
2024-08-30,760.0,760.0,754.0,754.0
2024-09-02,760.0,770.0,759.0,770.0
2024-09-03,769.0,773.0,766.0,772.0
2024-09-04,759.0,772.0,759.0,766.0
2024-09-05,766.0,770.0,766.0,770.0
2024-09-06,769.0,769.0,765.0,765.0
2024-09-09,768.0,768.0,766.0,768.0
2024-09-10,763.0,782.0,763.0,769.0
2024-09-11,762.0,762.0,760.0,760.0
2024-09-12,764.0,764.0,758.0,758.0
2024-09-13,758.0,758.0,758.0,758.0
2024-09-17,758.0,759.0,758.0,759.0
2024-09-18,760.0,760.0,759.0,759.0
2024-09-19,762.0,762.0,761.0,761.0
2024-09-20,773.0,773.0,765.0,765.0
2024-09-24,770.0,771.0,766.0,766.0
2024-09-25,766.0,766.0,766.0,766.0
2024-09-26,774.0,774.0,767.0,767.0
2024-09-27,767.0,767.0,767.0,767.0
2024-09-30,765.0,765.0,765.0,765.0
2024-10-01,768.0,769.0,765.0,769.0
2024-10-02,769.0,773.0,768.0,773.0
2024-10-03,773.0,776.0,771.0,773.0
2024-10-04,769.0,775.0,765.0,775.0
2024-10-07,777.0,789.0,771.0,789.0
2024-10-08,774.0,774.0,764.0,764.0
2024-10-09,765.0,775.0,759.0,775.0
2024-10-10,766.0,766.0,762.0,762.0
2024-10-11,760.0,770.0,759.0,765.0
2024-10-15,765.0,770.0,763.0,770.0
2024-10-16,770.0,772.0,770.0,772.0
2024-10-17,770.0,770.0,770.0,770.0
2024-10-18,768.0,770.0,768.0,770.0
2024-10-21,768.0,768.0,758.0,764.0
2024-10-22,760.0,760.0,748.0,758.0
2024-10-23,761.0,761.0,741.0,750.0
2024-10-24,735.0,748.0,732.0,733.0
2024-10-25,733.0,744.0,733.0,739.0
2024-10-28,739.0,745.0,739.0,745.0
2024-10-29,744.0,762.0,735.0,740.0
2024-10-30,739.0,741.0,739.0,739.0
2024-10-31,739.0,747.0,739.0,741.0
2024-11-01,736.0,744.0,736.0,739.0
2024-11-05,739.0,750.0,736.0,748.0
2024-11-06,745.0,749.0,742.0,742.0
2024-11-07,740.0,755.0,740.0,755.0
2024-11-08,754.0,754.0,747.0,749.0
2024-11-11,747.0,749.0,747.0,749.0
2024-11-12,748.0,748.0,745.0,746.0
2024-11-13,746.0,755.0,745.0,755.0
2024-11-14,755.0,755.0,755.0,755.0
2024-11-15,755.0,759.0,752.0,750.0
2024-11-18,750.0,757.0,750.0,750.0
2024-11-19,750.0,764.0,750.0,753.0
2024-11-20,753.0,757.0,751.0,751.0
2024-11-21,751.0,756.0,751.0,753.0
2024-11-22,754.0,763.0,754.0,760.0
2024-11-25,771.0,774.0,763.0,769.0
2024-11-26,768.0,775.0,760.0,774.0
2024-11-27,775.0,785.0,774.0,779.0
2024-11-28,737.0,760.0,727.0,760.0
2024-11-29,757.0,757.0,743.0,743.0
2024-12-02,743.0,749.0,743.0,749.0
2024-12-03,750.0,750.0,740.0,748.0
2024-12-04,750.0,750.0,739.0,746.0
2024-12-05,744.0,756.0,744.0,756.0
2024-12-06,756.0,756.0,743.0,743.0
2024-12-09,752.0,756.0,747.0,756.0
2024-12-10,750.0,758.0,750.0,756.0
2024-12-11,757.0,760.0,757.0,760.0
2024-12-12,753.0,761.0,750.0,761.0
2024-12-13,761.0,762.0,761.0,762.0
2024-12-16,761.0,769.0,761.0,769.0
2024-12-17,767.0,770.0,766.0,770.0
2024-12-18,779.0,782.0,773.0,780.0
2024-12-19,769.0,779.0,767.0,777.0
2024-12-20,778.0,785.0,778.0,778.0
2024-12-23,778.0,778.0,775.0,775.0
2024-12-24,769.0,780.0,767.0,779.0
2024-12-25,777.0,792.0,776.0,792.0
2024-12-26,781.0,781.0,776.0,777.0
2024-12-27,778.0,792.0,778.0,792.0
2024-12-30,792.0,792.0,782.0,792.0
2025-01-06,792.0,792.0,785.0,792.0
2025-01-07,792.0,792.0,787.0,787.0
2025-01-08,787.0,794.0,787.0,790.0
2025-01-09,796.0,803.0,796.0,800.0
2025-01-10,800.0,800.0,788.0,800.0
2025-01-14,800.0,810.0,792.0,810.0
2025-01-15,815.0,839.0,815.0,831.0
2025-01-16,819.0,850.0,813.0,850.0
2025-01-17,850.0,854.0,801.0,803.0
2025-01-20,802.0,816.0,801.0,816.0
2025-01-21,825.0,825.0,814.0,814.0
2025-01-22,804.0,810.0,801.0,810.0
2025-01-23,803.0,810.0,801.0,810.0
2025-01-24,805.0,815.0,803.0,815.0
2025-01-27,815.0,820.0,807.0,811.0
2025-01-28,817.0,817.0,808.0,809.0
2025-01-29,809.0,809.0,809.0,809.0
2025-01-30,810.0,810.0,810.0,810.0
2025-01-31,810.0,810.0,810.0,810.0
2025-02-03,810.0,810.0,809.0,810.0
2025-02-04,814.0,820.0,809.0,820.0
2025-02-05,818.0,823.0,814.0,823.0
2025-02-06,824.0,824.0,810.0,811.0
2025-02-07,811.0,811.0,810.0,810.0
2025-02-10,820.0,820.0,820.0,820.0
2025-02-12,812.0,828.0,811.0,821.0
2025-02-13,821.0,821.0,821.0,821.0
2025-02-14,875.0,875.0,832.0,842.0
2025-02-17,845.0,850.0,840.0,840.0
2025-02-18,836.0,837.0,829.0,829.0
2025-02-19,837.0,837.0,830.0,830.0
2025-02-20,835.0,835.0,835.0,835.0
2025-02-21,840.0,840.0,833.0,833.0
2025-02-25,833.0,855.0,832.0,845.0
2025-02-26,836.0,860.0,836.0,860.0
2025-02-27,864.0,865.0,860.0,865.0
2025-02-28,873.0,873.0,858.0,869.0
2025-03-03,855.0,855.0,848.0,849.0
2025-03-04,848.0,856.0,845.0,856.0
2025-03-05,843.0,864.0,843.0,856.0
2025-03-06,856.0,856.0,850.0,850.0
2025-03-07,850.0,855.0,849.0,855.0
2025-03-10,854.0,863.0,849.0,849.0
2025-03-11,846.0,860.0,846.0,858.0
2025-03-12,865.0,865.0,860.0,864.0
2025-03-13,862.0,862.0,860.0,860.0
2025-03-14,867.0,871.0,867.0,871.0
2025-03-17,870.0,870.0,870.0,870.0
2025-03-18,874.0,874.0,857.0,857.0
2025-03-19,845.0,845.0,782.0,819.0
2025-03-21,808.0,808.0,797.0,799.0
2025-03-24,815.0,815.0,802.0,814.0
2025-03-25,818.0,818.0,793.0,805.0
2025-03-26,784.0,784.0,770.0,770.0
2025-03-27,739.0,741.0,733.0,738.0
2025-03-28,739.0,743.0,738.0,740.0
2025-03-31,741.0,743.0,740.0,740.0
2025-04-01,740.0,742.0,740.0,740.0
2025-04-02,739.0,745.0,735.0,735.0
2025-04-03,742.0,750.0,738.0,750.0
2025-04-04,743.0,754.0,729.0,730.0
2025-04-07,721.0,740.0,720.0,735.0
2025-04-08,733.0,765.0,733.0,765.0
2025-04-09,765.0,825.0,763.0,825.0
2025-04-10,886.0,886.0,794.0,812.0
2025-04-11,812.0,849.0,801.0,835.0
2025-04-14,820.0,833.0,815.0,829.0
2025-04-15,825.0,839.0,825.0,826.0
2025-04-16,822.0,832.0,816.0,816.0
2025-04-17,816.0,820.0,816.0,816.0
2025-04-18,817.0,833.0,811.0,816.0
2025-04-21,813.0,821.0,813.0,821.0
2025-04-22,819.0,827.0,819.0,820.0
2025-04-23,820.0,829.0,820.0,825.0
2025-04-24,820.0,821.0,820.0,821.0
2025-04-25,826.0,829.0,820.0,820.0
2025-04-28,820.0,834.0,819.0,834.0
2025-04-30,823.0,827.0,823.0,827.0
2025-05-01,827.0,830.0,827.0,827.0
2025-05-02,830.0,835.0,825.0,835.0
2025-05-07,835.0,841.0,822.0,841.0
2025-05-08,829.0,850.0,829.0,850.0
2025-05-09,850.0,850.0,846.0,850.0
2025-05-12,850.0,852.0,850.0,850.0
2025-05-13,850.0,855.0,850.0,850.0
2025-05-14,850.0,851.0,850.0,851.0
2025-05-15,850.0,870.0,847.0,870.0
2025-05-16,855.0,856.0,849.0,849.0
2025-05-19,849.0,849.0,845.0,845.0
2025-05-20,841.0,854.0,839.0,854.0
2025-05-21,854.0,854.0,854.0,854.0
2025-05-22,845.0,854.0,845.0,854.0
2025-05-23,854.0,854.0,854.0,850.0
2025-05-26,850.0,850.0,850.0,850.0
2025-05-27,855.0,855.0,855.0,855.0
2025-05-28,853.0,870.0,852.0,852.0
2025-05-29,853.0,862.0,853.0,862.0
2025-05-30,852.0,852.0,851.0,851.0
2025-06-02,851.0,851.0,851.0,851.0
2025-06-03,859.0,863.0,859.0,863.0
2025-06-04,859.0,865.0,855.0,865.0
2025-06-05,880.0,881.0,874.0,881.0
2025-06-06,870.0,885.0,870.0,872.0
2025-06-09,886.0,928.0,886.0,928.0
2025-06-10,920.0,929.0,905.0,913.0
2025-06-11,930.0,949.0,919.0,949.0
2025-06-12,944.0,946.0,940.0,940.0
2025-06-13,939.0,939.0,932.0,932.0
2025-06-16,932.0,932.0,932.0,932.0
2025-06-17,902.0,910.0,897.0,897.0
2025-06-18,912.0,913.0,901.0,906.0
2025-06-19,905.0,910.0,905.0,910.0
2025-06-20,905.0,911.0,905.0,911.0
2025-06-23,903.0,911.0,903.0,911.0
2025-06-24,915.0,920.0,915.0,920.0
2025-06-25,935.0,935.0,925.0,925.0
2025-06-26,932.0,932.0,925.0,932.0
2025-06-27,937.0,937.0,933.0,933.0
2025-06-30,934.0,938.0,934.0,938.0
2025-07-01,935.0,936.0,935.0,936.0
2025-07-02,938.0,942.0,935.0,935.0
2025-07-03,935.0,943.0,930.0,930.0
2025-07-04,945.0,946.0,932.0,932.0
2025-07-07,943.0,943.0,930.0,930.0
2025-07-08,929.0,929.0,923.0,925.0
2025-07-09,930.0,930.0,903.0,929.0
2025-07-10,935.0,940.0,929.0,939.0
2025-07-11,939.0,947.0,935.0,947.0
2025-07-14,932.0,939.0,917.0,939.0
2025-07-15,939.0,939.0,924.0,930.0
2025-07-16,931.0,931.0,931.0,931.0
2025-07-17,933.0,934.0,932.0,932.0
2025-07-18,932.0,933.0,929.0,929.0
2025-07-22,929.0,930.0,929.0,929.0
2025-07-23,935.0,938.0,931.0,931.0
2025-07-24,935.0,936.0,933.0,933.0
2025-07-25,933.0,945.0,933.0,944.0
2025-07-28,934.0,939.0,932.0,939.0
2025-07-29,943.0,950.0,932.0,947.0
2025-07-30,946.0,952.0,946.0,949.0
2025-07-31,952.0,952.0,952.0,952.0
2025-08-01,949.0,964.0,949.0,962.0
2025-08-04,961.0,964.0,960.0,964.0
2025-08-05,961.0,961.0,950.0,951.0
2025-08-06,966.0,967.0,957.0,959.0
2025-08-07,957.0,982.0,956.0,982.0
2025-08-08,975.0,999.0,975.0,990.0
2025-08-12,998.0,1001.0,993.0,1001.0
2025-08-13,1001.0,1005.0,995.0,1005.0
2025-08-14,1005.0,1030.0,1005.0,1021.0
2025-08-15,1021.0,1051.0,1021.0,1048.0
2025-08-18,1048.0,1058.0,1026.0,1026.0
2025-08-19,1026.0,1034.0,1026.0,1026.0
2025-08-20,1026.0,1036.0,1021.0,1021.0
2025-08-21,1019.0,1028.0,971.0,1028.0
2025-08-22,1022.0,1030.0,1022.0,1030.0
2025-08-25,1050.0,1050.0,1030.0,1035.0
2025-08-26,1035.0,1038.0,1025.0,1035.0
2025-08-27,1028.0,1034.0,1028.0,1033.0
2025-08-28,1030.0,1034.0,1030.0,1033.0
2025-08-29,1022.0,1043.0,1021.0,1043.0
2025-09-01,1049.0,1065.0,1043.0,1049.0
2025-09-02,1050.0,1052.0,1041.0,1052.0
2025-09-03,1060.0,1060.0,1049.0,1050.0
2025-09-04,1048.0,1056.0,1048.0,1055.0
2025-09-05,1062.0,1065.0,1055.0,1055.0
2025-09-08,1081.0,1081.0,1070.0,1071.0
2025-09-09,1069.0,1071.0,1068.0,1070.0
2025-09-10,1070.0,1070.0,1056.0,1056.0
2025-09-11,1060.0,1074.0,1060.0,1060.0
2025-09-12,1059.0,1059.0,1020.0,1056.0
2025-09-16,1056.0,1056.0,1028.0,1033.0
2025-09-17,1033.0,1050.0,1033.0,1050.0
2025-09-18,1080.0,1080.0,1048.0,1070.0
2025-09-19,1100.0,1100.0,1069.0,1069.0
2025-09-22,1078.0,1078.0,1061.0,1070.0
2025-09-24,1064.0,1083.0,1062.0,1062.0
2025-09-25,1063.0,1063.0,1058.0,1058.0
2025-09-26,1080.0,1095.0,1055.0,1095.0
2025-09-29,1095.0,1096.0,1063.0,1088.0
2025-09-30,1080.0,1080.0,1061.0,1061.0
2025-10-01,1065.0,1080.0,1061.0,1080.0
2025-10-02,1090.0,1090.0,1023.0,1023.0
2025-10-03,1022.0,1076.0,1021.0,1057.0
2025-10-06,1078.0,1078.0,1055.0,1060.0
2025-10-07,1057.0,1057.0,1052.0,1052.0
2025-10-08,1051.0,1159.0,1050.0,1150.0
2025-10-09,1120.0,1159.0,1072.0,1083.0
2025-10-10,1072.0,1092.0,1063.0,1063.0
2025-10-14,1050.0,1099.0,1025.0,1079.0
2025-10-15,1085.0,1147.0,1077.0,1125.0
2025-10-16,1135.0,1135.0,1088.0,1090.0
2025-10-17,1105.0,1117.0,1077.0,1086.0
2025-10-20,1086.0,1105.0,1086.0,1105.0
2025-10-21,1105.0,1123.0,1104.0,1123.0
2025-10-22,1130.0,1130.0,1111.0,1115.0
2025-10-23,1131.0,1280.0,1131.0,1241.0
2025-10-24,1227.0,1229.0,1197.0,1220.0
2025-10-27,1190.0,1250.0,1182.0,1182.0
2025-10-28,1152.0,1175.0,1152.0,1175.0
2025-10-29,1196.0,1475.0,1120.0,1120.0
2025-10-30,1240.0,1409.0,1210.0,1300.0
2025-10-31,1345.0,1348.0,1268.0,1322.0
2025-11-04,1542.0,1585.0,1401.0,1548.0
2025-11-05,1473.0,1548.0,1395.0,1515.0
2025-11-06,1486.0,1560.0,1482.0,1550.0
2025-11-07,1555.0,1580.0,1500.0,1510.0
2025-11-10,1510.0,1525.0,1482.0,1482.0
2025-11-11,1477.0,1480.0,1408.0,1410.0
2025-11-12,1456.0,1475.0,1438.0,1470.0
2025-11-13,1470.0,1470.0,1418.0,1420.0
2025-11-14,1390.0,1401.0,1290.0,1305.0
2025-11-17,1291.0,1291.0,1263.0,1265.0
2025-11-18,1250.0,1250.0,1230.0,1250.0
2025-11-19,1226.0,1227.0,1181.0,1182.0
2025-11-20,1326.0,1457.0,1255.0,1278.0
2025-11-21,1357.0,1506.0,1305.0,1382.0
2025-11-25,1390.0,1544.0,1387.0,1536.0
2025-11-26,1496.0,1660.0,1489.0,1522.0
2025-11-27,1490.0,1509.0,1450.0,1453.0
2025-11-28,1450.0,1450.0,1370.0,1370.0
2025-12-01,1368.0,1376.0,1333.0,1365.0
2025-12-02,1366.0,1400.0,1272.0,1293.0
2025-12-03,1295.0,1315.0,1290.0,1307.0
2025-12-04,1319.0,1340.0,1318.0,1321.0
2025-12-05,1340.0,1388.0,1340.0,1388.0
2025-12-08,1395.0,1429.0,1382.0,1402.0
2025-12-09,1403.0,1410.0,1381.0,1390.0
2025-12-10,1397.0,1401.0,1376.0,1390.0
2025-12-11,1380.0,1399.0,1380.0,1380.0
2025-12-12,1378.0,1401.0,1377.0,1394.0
2025-12-15,1380.0,1410.0,1380.0,1410.0
2025-12-16,1397.0,1412.0,1395.0,1412.0
2025-12-17,1413.0,1425.0,1400.0,1404.0
2025-12-18,1415.0,1439.0,1401.0,1401.0
2025-12-19,1401.0,1420.0,1400.0,1418.0
2025-12-22,1425.0,1460.0,1418.0,1440.0
2025-12-23,1440.0,1475.0,1429.0,1475.0
2025-12-24,1451.0,1525.0,1451.0,1525.0
2025-12-25,1497.0,1525.0,1497.0,1511.0
2025-12-26,1494.0,1550.0,1493.0,1531.0
2025-12-29,1522.0,1549.0,1498.0,1520.0
2025-12-30,1544.0,1574.0,1520.0,1547.0
2026-01-05,1551.0,1636.0,1551.0,1630.0
2026-01-06,1630.0,1630.0,1570.0,1570.0
2026-01-07,1554.0,1629.0,1512.0,1629.0
2026-01-08,1589.0,1650.0,1579.0,1650.0
2026-01-09,1680.0,1680.0,1640.0,1641.0
2026-01-13,1674.0,1674.0,1635.0,1668.0
2026-01-14,1652.0,1680.0,1652.0,1680.0
2026-01-15,1692.0,1736.0,1692.0,1736.0
2026-01-16,1736.0,1740.0,1592.0,1600.0
2026-01-19,1651.0,1677.0,1582.0,1671.0
2026-01-20,1679.0,1711.0,1672.0,1672.0
2026-01-21,1672.0,1698.0,1659.0,1660.0
2026-01-22,1651.0,1696.0,1643.0,1657.0
2026-01-23,1658.0,1658.0,1630.0,1635.0
2026-01-26,1612.0,1667.0,1587.0,1667.0
2026-01-27,1627.0,1668.0,1591.0,1630.0
2026-01-28,1630.0,1630.0,1630.0,1630.0
2026-01-29,1644.0,1659.0,1630.0,1659.0
2026-01-30,1650.0,1699.0,1626.0,1699.0
2026-02-02,1690.0,1800.0,1690.0,1790.0
2026-02-03,1790.0,1885.0,1790.0,1796.0
2026-02-04,1757.0,1818.0,1757.0,1780.0
2026-02-05,1740.0,1791.0,1710.0,1752.0
2026-02-06,1752.0,1794.0,1750.0,1794.0
2026-02-09,1798.0,1798.0,1726.0,1756.0
2026-02-10,1718.0,1790.0,1680.0,1790.0
2026-02-12,1763.0,1800.0,1763.0,1773.0
2026-02-13,1771.0,1797.0,1734.0,1778.0
2026-02-16,1777.0,1777.0,1735.0,1740.0
2026-02-17,1732.0,1750.0,1732.0,1750.0
2026-02-18,1730.0,1760.0,1727.0,1760.0
2026-02-19,1720.0,1746.0,1720.0,1746.0
2026-02-20,1710.0,1740.0,1710.0,1740.0
2026-02-24,1740.0,1742.0,1740.0,1742.0
2026-02-25,1750.0,1751.0,1750.0,1751.0
2026-02-26,1775.0,1810.0,1736.0,1810.0
2026-02-27,1783.0,1810.0,1783.0,1789.0
2026-03-02,1749.0,1789.0,1735.0,1735.0
2026-03-03,1712.0,1850.0,1710.0,1850.0
2026-03-04,1805.0,1805.0,1684.0,1745.0
2026-03-05,1785.0,1785.0,1749.0,1784.0
2026-03-06,1744.0,1744.0,1744.0,1744.0
2026-03-09,1730.0,1751.0,1720.0,1751.0
2026-03-10,1750.0,1776.0,1725.0,1754.0
2026-03-11,1759.0,1763.0,1723.0,1763.0
2026-03-12,1738.0,1738.0,1738.0,1738.0
2026-03-13,1724.0,1780.0,1724.0,1750.0
2026-03-16,1728.0,1750.0,1723.0,1750.0
2026-03-17,1721.0,1771.0,1720.0,1751.0
2026-03-18,1773.0,1780.0,1732.0,1765.0
2026-03-19,1730.0,1770.0,1730.0,1765.0
2026-03-23,1725.0,1740.0,1723.0,1740.0
2026-03-24,1721.0,1760.0,1721.0,1760.0
2026-03-25,1760.0,1777.0,1736.0,1770.0
2026-03-26,1782.0,1785.0,1761.0,1761.0
2026-03-27,1769.0,1769.0,1760.0,1760.0
2026-03-30,1720.0,1771.0,1711.0,1771.0
2026-03-31,1749.0,1780.0,1749.0,1779.0
2026-04-01,1785.0,1829.0,1781.0,1795.0
2026-04-02,1808.0,1824.0,1792.0,1824.0
2026-04-03,1833.0,1850.0,1778.0,1849.0
2026-04-06,1878.0,1890.0,1838.0,1857.0
2026-04-07,1897.0,1960.0,1858.0,1920.0
2026-04-08,1918.0,1918.0,1885.0,1897.0
2026-04-09,1899.0,1950.0,1899.0,1947.0
2026-04-10,1936.0,1948.0,1911.0,1916.0
2026-04-13,1917.0,1990.0,1917.0,1990.0
2026-04-14,1970.0,1970.0,1945.0,1950.0
2026-04-15,1922.0,1949.0,1916.0,1949.0
2026-04-16,1950.0,1950.0,1933.0,1935.0
2026-04-17,1933.0,1933.0,1901.0,1921.0
2026-04-20,1934.0,2000.0,1930.0,1999.0
2026-04-21,2010.0,2050.0,2000.0,2050.0
2026-04-22,2100.0,2130.0,2050.0,2080.0
2026-04-23,2080.0,2080.0,1997.0,1997.0
2026-04-24,1999.0,2094.0,1999.0,2029.0
2026-04-27,1998.0,1998.0,1908.0,1940.0
2026-04-28,1918.0,2130.0,1918.0,2099.0
2026-04-30,2099.0,2100.0,2030.0,2090.0
2026-05-01,2040.0,2040.0,1985.0,1990.0
2026-05-07,2018.0,2018.0,1953.0,1962.0
2026-05-08,1962.0,1962.0,1840.0,1863.0
2026-05-11,1864.0,1898.0,1864.0,1875.0
2026-05-12,1898.0,1898.0,1861.0,1865.0
2026-05-13,1880.0,1880.0,1866.0,1867.0
2026-05-14,1866.0,1866.0,1860.0,1866.0
2026-05-15,1878.0,1880.0,1860.0,1861.0
2026-05-18,1862.0,1869.0,1859.0,1861.0
2026-05-19,1861.0,1873.0,1860.0,1862.0
2026-05-20,1899.0,1899.0,1859.0,1863.0
2026-05-21,1865.0,1865.0,1855.0,1855.0
2026-05-22,1855.0,1855.0,1837.0,1837.0
2026-05-25,1820.0,1820.0,1780.0,1780.0
2026-05-26,1765.0,1765.0,1401.0,1410.0
2026-05-27,1414.0,1415.0,1201.0,1340.0
2026-05-28,1370.0,1640.0,1312.0,1640.0
2026-05-29,1600.0,1830.0,1600.0,1830.0
2026-06-01,1799.0,1799.0,1650.0,1696.0
2026-06-02,1696.0,1734.0,1656.0,1734.0
2026-06-03,1734.0,1800.0,1734.0,1757.0
2026-06-04,1757.0,1770.0,1750.0,1770.0
2026-06-05,1788.0,1788.0,1744.0,1744.0
2026-06-08,1775.0,1775.0,1775.0,1775.0
2026-06-09,1780.0,1780.0,1734.0,1779.0
2026-06-10,1739.0,1739.0,1735.0,1735.0
2026-06-11,1735.0,1791.0,1734.0,1789.0
2026-06-12,1788.0,1800.0,1720.0,1723.0
2026-06-15,1723.0,1723.0,1723.0,1723.0
2026-06-16,1763.0,1763.0,1724.0,1735.0
2026-06-17,1655.0,1670.0,1651.0,1656.0
2026-06-18,1616.0,1715.0,1551.0,1715.0
2026-06-19,1595.0,1595.0,1595.0,1595.0
2026-06-22,1590.0,1590.0,1590.0,1590.0
2026-06-23,1550.0,1550.0,1510.0,1510.0
2026-06-24,1510.0,1515.0,1500.0,1500.0
2026-06-25,1540.0,1540.0,1500.0,1500.0
2026-06-26,1509.0,1509.0,1509.0,1509.0
2026-06-29,1509.0,1509.0,1509.0,1509.0
2026-06-30,1509.0,1509.0,1509.0,1509.0
2026-07-01,1545.0,1545.0,1545.0,1545.0
2026-07-02,1585.0,1590.0,1585.0,1590.0
2026-07-03,1590.0,1590.0,1550.0,1550.0
2026-07-06,1510.0,1544.0,1500.0,1544.0
2026-07-07,1464.0,1464.0,1450.0,1450.0
2026-07-08,1440.0,1461.0,1410.0,1450.0
2026-07-09,1450.0,1460.0,1450.0,1460.0
2026-07-10,1539.0,1591.0,1501.0,1501.0
2026-07-13,1431.0,1480.0,1311.0,1373.0
2026-07-14,1433.0,1470.0,1410.0,1410.0
2026-07-15,1410.0,1410.0,1410.0,1410.0
2026-07-16,1410.0,1410.0,1410.0,1410.0
2026-07-17,1380.0,1708.0,1380.0,1611.0
2026-07-21,1611.0,1611.0,1534.0,1587.0
2026-07-22,1547.0,1547.0,1453.0,1453.0
2026-07-23,1464.0,1501.0,1464.0,1501.0
2026-07-24,1501.0,1501.0,1501.0,1501.0
2026-07-27,1461.0,1461.0,1461.0,1461.0
2026-07-28,1461.0,1461.0,1461.0,1461.0
2026-07-29,1452.0,1452.0,1452.0,1452.0
2026-07-30,1452.0,1452.0,1452.0,1452.0
2026-07-31,1452.0,1495.0,1452.0,1495.0
2026-08-03,1454.0,1499.0,1453.0,1499.0
2026-08-04,1499.0,1500.0,1499.0,1500.0
2026-08-05,1430.0,1510.0,1430.0,1439.0
2026-08-06,1439.0,1550.0,1439.0,1550.0
2026-08-07,1618.0,1740.0,1481.0,1488.0
2026-08-10,1518.0,1518.0,1518.0,1518.0
2026-08-12,1501.0,1501.0,1501.0,1501.0
2026-08-13,1500.0,1500.0,1500.0,1500.0
2026-08-14,1463.0,1463.0,1461.0,1461.0
2026-08-17,1461.0,1491.0,1461.0,1491.0
2026-08-18,1496.0,1496.0,1491.0,1491.0
2026-08-19,1491.0,1491.0,1491.0,1491.0
2026-08-20,1470.0,1470.0,1470.0,1470.0
2026-08-21,1450.0,1451.0,1450.0,1450.0
2026-08-24,1450.0,1450.0,1450.0,1450.0
2026-08-25,1461.0,1461.0,1461.0,1461.0
2026-08-26,1491.0,1491.0,1462.0,1462.0
2026-08-27,1485.0,1485.0,1455.0,1455.0
2026-08-28,1454.0,1484.0,1454.0,1454.0
2026-08-31,1454.0,1454.0,1454.0,1454.0
2026-09-01,1484.0,1500.0,1484.0,1492.0
2026-09-02,1499.0,1499.0,1471.0,1490.0
2026-09-03,1460.0,1460.0,1460.0,1460.0
2026-09-04,1430.0,1455.0,1430.0,1455.0
2026-09-07,1450.0,1450.0,1450.0,1450.0
2026-09-08,1450.0,1450.0,1450.0,1450.0
2026-09-09,1450.0,1450.0,1450.0,1450.0
