Date,Open,High,Low,Close
2000-01-04,518.0,518.0,517.0,517.0
2000-01-05,519.0,519.0,519.0,519.0
2000-01-06,519.0,575.0,519.0,519.0
2000-01-07,519.0,547.0,519.0,519.0
2000-01-10,519.0,519.0,519.0,519.0
2000-01-11,533.0,533.0,519.0,520.0
2000-01-12,520.0,520.0,501.0,501.0
2000-01-13,501.0,501.0,500.0,500.0
2000-01-14,506.0,506.0,500.0,500.0
2000-01-17,502.0,550.0,502.0,502.0
2000-01-18,502.0,502.0,500.0,500.0
2000-01-19,500.0,500.0,500.0,500.0
2000-01-20,499.0,501.0,499.0,501.0
2000-01-21,501.0,550.0,501.0,501.0
2000-01-24,501.0,501.0,501.0,501.0
2000-01-25,501.0,501.0,501.0,501.0
2000-01-26,501.0,510.0,501.0,501.0
2000-01-27,501.0,501.0,501.0,501.0
2000-01-28,501.0,501.0,501.0,501.0
2000-01-31,503.0,550.0,503.0,503.0
2000-02-01,526.0,550.0,526.0,550.0
2000-02-02,550.0,550.0,550.0,550.0
2000-02-03,500.0,650.0,500.0,500.0
2000-02-04,572.0,572.0,570.0,570.0
2000-02-07,569.0,570.0,569.0,570.0
2000-02-08,540.0,590.0,540.0,540.0
2000-02-09,565.0,565.0,565.0,565.0
2000-02-10,565.0,565.0,565.0,565.0
2000-02-11,565.0,565.0,565.0,565.0
2000-02-14,560.0,560.0,560.0,560.0
2000-02-15,550.0,550.0,550.0,550.0
2000-02-16,555.0,555.0,555.0,555.0
2000-02-17,550.0,550.0,550.0,550.0
2000-02-18,520.0,550.0,520.0,520.0
2000-02-21,540.0,540.0,540.0,540.0
2000-02-22,520.0,520.0,501.0,501.0
2000-02-23,501.0,550.0,501.0,501.0
2000-02-24,500.0,500.0,500.0,500.0
2000-02-25,520.0,550.0,520.0,520.0
2000-02-28,535.0,550.0,535.0,550.0
2000-02-29,550.0,550.0,550.0,550.0
2000-03-01,561.0,561.0,550.0,550.0
2000-03-02,561.0,561.0,561.0,561.0
2000-03-03,561.0,564.0,560.0,564.0
2000-03-06,573.0,573.0,566.0,566.0
2000-03-07,601.0,601.0,601.0,601.0
2000-03-08,598.0,610.0,598.0,610.0
2000-03-09,641.0,655.0,641.0,655.0
2000-03-10,699.0,720.0,690.0,690.0
2000-03-13,700.0,700.0,690.0,690.0
2000-03-14,615.0,665.0,615.0,615.0
2000-03-15,601.0,665.0,601.0,601.0
2000-03-16,601.0,601.0,601.0,601.0
2000-03-17,620.0,620.0,620.0,620.0
2000-03-20,620.0,620.0,620.0,620.0
2000-03-21,620.0,620.0,620.0,620.0
2000-03-22,620.0,620.0,610.0,610.0
2000-03-23,565.0,649.0,565.0,565.0
2000-03-24,610.0,630.0,610.0,610.0
2000-03-27,620.0,620.0,620.0,620.0
2000-03-28,621.0,621.0,621.0,621.0
2000-03-29,621.0,640.0,621.0,621.0
2000-03-30,630.0,630.0,620.0,620.0
2000-03-31,630.0,640.0,630.0,640.0
2000-04-03,640.0,640.0,640.0,640.0
2000-04-04,640.0,640.0,640.0,640.0
2000-04-05,640.0,640.0,640.0,640.0
2000-04-06,640.0,640.0,640.0,640.0
2000-04-07,640.0,640.0,640.0,640.0
2000-04-10,620.0,620.0,620.0,620.0
2000-04-11,620.0,620.0,620.0,620.0
2000-04-12,620.0,620.0,620.0,620.0
2000-04-13,620.0,620.0,620.0,620.0
2000-04-14,620.0,620.0,620.0,620.0
2000-04-17,620.0,620.0,620.0,620.0
2000-04-18,520.0,520.0,520.0,520.0
2000-04-19,526.0,550.0,521.0,521.0
2000-04-20,521.0,521.0,521.0,521.0
2000-04-21,536.0,536.0,530.0,530.0
2000-04-24,530.0,600.0,530.0,530.0
2000-04-25,550.0,600.0,550.0,550.0
2000-04-26,600.0,600.0,600.0,600.0
2000-04-27,610.0,610.0,610.0,610.0
2000-04-28,650.0,650.0,650.0,650.0
2000-05-01,620.0,650.0,620.0,620.0
2000-05-02,640.0,649.0,640.0,640.0
2000-05-03,640.0,640.0,640.0,640.0
2000-05-04,640.0,640.0,640.0,640.0
2000-05-05,640.0,640.0,640.0,640.0
2000-05-08,644.0,645.0,644.0,645.0
2000-05-09,645.0,645.0,645.0,645.0
2000-05-10,645.0,645.0,645.0,645.0
2000-05-11,545.0,645.0,545.0,545.0
2000-05-12,570.0,645.0,570.0,570.0
2000-05-15,607.0,645.0,607.0,607.0
2000-05-16,626.0,626.0,626.0,626.0
2000-05-17,626.0,636.0,626.0,636.0
2000-05-18,636.0,636.0,636.0,636.0
2000-05-19,636.0,636.0,636.0,636.0
2000-05-22,600.0,600.0,600.0,600.0
2000-05-23,600.0,600.0,600.0,600.0
2000-05-24,600.0,600.0,600.0,600.0
2000-05-25,600.0,600.0,600.0,600.0
2000-05-26,600.0,600.0,600.0,600.0
2000-05-29,550.0,640.0,550.0,550.0
2000-05-30,550.0,550.0,550.0,550.0
2000-05-31,550.0,628.0,550.0,550.0
2000-06-01,589.0,589.0,589.0,589.0
2000-06-02,550.0,588.0,550.0,550.0
2000-06-05,570.0,570.0,570.0,570.0
2000-06-06,570.0,570.0,570.0,570.0
2000-06-07,570.0,570.0,570.0,570.0
2000-06-08,570.0,570.0,570.0,570.0
2000-06-09,570.0,570.0,570.0,570.0
2000-06-12,570.0,570.0,570.0,570.0
2000-06-13,580.0,580.0,580.0,580.0
2000-06-14,575.0,580.0,575.0,575.0
2000-06-15,575.0,580.0,575.0,575.0
2000-06-16,677.0,677.0,677.0,677.0
2000-06-19,777.0,777.0,777.0,777.0
2000-06-20,877.0,877.0,877.0,877.0
2000-06-21,977.0,977.0,977.0,977.0
2000-06-22,1080.0,1080.0,1080.0,1080.0
2000-06-23,1220.0,1280.0,1220.0,1280.0
2000-06-26,1440.0,1480.0,1370.0,1480.0
2000-06-27,1560.0,1680.0,1500.0,1680.0
2000-06-28,1770.0,1780.0,1410.0,1500.0
2000-06-29,1560.0,1560.0,1370.0,1450.0
2000-06-30,1430.0,1650.0,1380.0,1650.0
2000-07-03,1620.0,1620.0,1500.0,1560.0
2000-07-04,1600.0,1600.0,1420.0,1500.0
2000-07-05,1530.0,1530.0,1400.0,1430.0
2000-07-06,1440.0,1510.0,1440.0,1500.0
2000-07-07,1500.0,1520.0,1450.0,1460.0
2000-07-10,1460.0,1500.0,1430.0,1470.0
2000-07-11,1510.0,1620.0,1510.0,1570.0
2000-07-12,1550.0,1550.0,1470.0,1520.0
2000-07-13,1500.0,1500.0,1470.0,1470.0
2000-07-14,1470.0,1550.0,1470.0,1550.0
2000-07-17,1580.0,1650.0,1580.0,1580.0
2000-07-18,1580.0,1600.0,1550.0,1550.0
2000-07-19,1580.0,1600.0,1550.0,1550.0
2000-07-20,1550.0,1550.0,1550.0,1550.0
2000-07-21,1410.0,1500.0,1410.0,1450.0
2000-07-24,1440.0,1440.0,1380.0,1380.0
2000-07-25,1380.0,1390.0,1320.0,1350.0
2000-07-26,1410.0,1420.0,1400.0,1400.0
2000-07-27,1310.0,1310.0,1300.0,1300.0
2000-07-28,1220.0,1280.0,1200.0,1220.0
2000-07-31,1200.0,1200.0,1100.0,1100.0
2000-08-01,1150.0,1150.0,1100.0,1110.0
2000-08-02,1120.0,1270.0,1120.0,1270.0
2000-08-03,1280.0,1320.0,1270.0,1300.0
2000-08-04,1260.0,1300.0,1260.0,1260.0
2000-08-07,1250.0,1250.0,1220.0,1220.0
2000-08-08,1220.0,1250.0,1220.0,1230.0
2000-08-09,1290.0,1370.0,1290.0,1310.0
2000-08-10,1360.0,1370.0,1300.0,1300.0
2000-08-11,1310.0,1310.0,1200.0,1250.0
2000-08-14,1260.0,1300.0,1260.0,1300.0
2000-08-15,1350.0,1500.0,1350.0,1500.0
2000-08-16,1610.0,1800.0,1600.0,1800.0
2000-08-17,2000.0,2100.0,1950.0,1950.0
2000-08-18,2000.0,2150.0,1960.0,2080.0
2000-08-21,2050.0,2080.0,2000.0,2050.0
2000-08-22,2040.0,2040.0,1940.0,2030.0
2000-08-23,2030.0,2050.0,1950.0,1960.0
2000-08-24,1920.0,2000.0,1840.0,2000.0
2000-08-25,2000.0,2000.0,1880.0,1880.0
2000-08-28,1880.0,1880.0,1680.0,1680.0
2000-08-29,1740.0,1980.0,1650.0,1980.0
2000-08-30,2090.0,2280.0,2000.0,2050.0
2000-08-31,2050.0,2240.0,2050.0,2230.0
2000-09-01,2400.0,2630.0,2390.0,2630.0
2000-09-04,2670.0,2990.0,2640.0,2850.0
2000-09-05,2810.0,2950.0,2690.0,2700.0
2000-09-06,2650.0,2890.0,2570.0,2780.0
2000-09-07,2780.0,2940.0,2700.0,2720.0
2000-09-08,2800.0,2910.0,2760.0,2850.0
2000-09-11,2850.0,2950.0,2810.0,2840.0
2000-09-12,2850.0,2870.0,2700.0,2750.0
2000-09-13,2750.0,2840.0,2600.0,2610.0
2000-09-14,2600.0,2630.0,2390.0,2580.0
2000-09-15,2580.0,2580.0,2580.0,2580.0
2000-09-18,2500.0,2500.0,2380.0,2400.0
2000-09-19,2300.0,2310.0,2220.0,2290.0
2000-09-20,2330.0,2480.0,2330.0,2470.0
2000-09-21,2510.0,2600.0,2500.0,2540.0
2000-09-22,2420.0,2500.0,2240.0,2320.0
2000-09-25,2400.0,2470.0,2320.0,2360.0
2000-09-26,2290.0,2360.0,2290.0,2310.0
2000-09-27,2270.0,2270.0,2060.0,2200.0
2000-09-28,2200.0,2400.0,2200.0,2260.0
2000-09-29,2380.0,2460.0,2360.0,2460.0
2000-10-02,2430.0,2720.0,2420.0,2720.0
2000-10-03,2670.0,2850.0,2660.0,2670.0
2000-10-04,2660.0,2950.0,2660.0,2870.0
2000-10-05,2910.0,2970.0,2850.0,2880.0
2000-10-06,2960.0,3100.0,2910.0,3100.0
2000-10-09,3100.0,3100.0,3100.0,3100.0
2000-10-10,3000.0,3120.0,2900.0,2900.0
2000-10-11,2870.0,2900.0,2620.0,2720.0
2000-10-12,2640.0,2900.0,2640.0,2800.0
2000-10-13,2760.0,2890.0,2750.0,2890.0
2000-10-16,2890.0,2890.0,2890.0,2890.0
2000-10-17,3080.0,3230.0,3070.0,3150.0
2000-10-18,3100.0,3280.0,3070.0,3100.0
2000-10-19,3100.0,3190.0,3000.0,3150.0
2000-10-20,3200.0,3230.0,3100.0,3190.0
2000-10-23,3090.0,3180.0,3030.0,3070.0
2000-10-24,3070.0,3080.0,3000.0,3070.0
2000-10-25,2990.0,2990.0,2780.0,2780.0
2000-10-26,2650.0,2650.0,2480.0,2500.0
2000-10-27,2500.0,2500.0,2500.0,2500.0
2000-10-30,2750.0,2750.0,2590.0,2590.0
2000-10-31,2590.0,2710.0,2550.0,2710.0
2000-11-01,2820.0,3000.0,2810.0,3000.0
2000-11-02,2910.0,2970.0,2890.0,2890.0
2000-11-03,2890.0,2890.0,2890.0,2890.0
2000-11-06,2950.0,3090.0,2910.0,3020.0
2000-11-07,3010.0,3020.0,2950.0,2990.0
2000-11-08,3020.0,3130.0,3000.0,3100.0
2000-11-09,3000.0,3080.0,2960.0,2960.0
2000-11-10,3000.0,3070.0,2950.0,2990.0
2000-11-13,2710.0,2850.0,2700.0,2850.0
2000-11-14,2840.0,2910.0,2780.0,2780.0
2000-11-15,2860.0,2950.0,2860.0,2900.0
2000-11-16,2890.0,2900.0,2850.0,2850.0
2000-11-17,2810.0,2850.0,2730.0,2810.0
2000-11-20,2800.0,2800.0,2680.0,2680.0
2000-11-21,2560.0,2590.0,2520.0,2560.0
2000-11-22,2600.0,2630.0,2480.0,2550.0
2000-11-23,2550.0,2550.0,2550.0,2550.0
2000-11-24,2540.0,2560.0,2460.0,2530.0
2000-11-27,2500.0,2500.0,2460.0,2500.0
2000-11-28,2550.0,2560.0,2450.0,2450.0
2000-11-29,2390.0,2400.0,2250.0,2400.0
2000-11-30,2450.0,2550.0,2400.0,2550.0
2000-12-01,2540.0,2630.0,2510.0,2600.0
2000-12-04,2600.0,2700.0,2600.0,2700.0
2000-12-05,2700.0,2700.0,2650.0,2690.0
2000-12-06,2760.0,2800.0,2700.0,2700.0
2000-12-07,2650.0,2650.0,2650.0,2650.0
2000-12-08,2650.0,2650.0,2450.0,2580.0
2000-12-11,2570.0,2570.0,2490.0,2570.0
2000-12-12,2560.0,2560.0,2550.0,2550.0
2000-12-13,2450.0,2460.0,2300.0,2310.0
2000-12-14,2270.0,2270.0,2000.0,2240.0
2000-12-15,2190.0,2200.0,2120.0,2150.0
2000-12-18,2020.0,2050.0,2020.0,2050.0
2000-12-19,2010.0,2050.0,1850.0,1850.0
2000-12-20,1580.0,1690.0,1560.0,1650.0
2000-12-21,1470.0,1470.0,1350.0,1350.0
2000-12-22,1540.0,1550.0,1530.0,1550.0
2000-12-25,1760.0,1830.0,1670.0,1690.0
2000-12-26,1710.0,1760.0,1690.0,1700.0
2000-12-27,1700.0,1700.0,1590.0,1590.0
2000-12-28,1660.0,1660.0,1590.0,1620.0
2000-12-29,1620.0,1620.0,1570.0,1610.0
2001-01-01,1610.0,1610.0,1610.0,1610.0
2001-01-02,1610.0,1610.0,1610.0,1610.0
2001-01-03,1610.0,1610.0,1610.0,1610.0
2001-01-04,1620.0,1660.0,1600.0,1600.0
2001-01-05,1590.0,1600.0,1570.0,1570.0
2001-01-08,1570.0,1570.0,1570.0,1570.0
2001-01-09,1480.0,1480.0,1350.0,1390.0
2001-01-10,1390.0,1390.0,1340.0,1340.0
2001-01-11,1330.0,1330.0,1220.0,1240.0
2001-01-12,1230.0,1340.0,1200.0,1340.0
2001-01-15,1350.0,1380.0,1270.0,1380.0
2001-01-16,1400.0,1460.0,1380.0,1450.0
2001-01-17,1470.0,1650.0,1470.0,1650.0
2001-01-18,1760.0,1950.0,1760.0,1850.0
2001-01-19,1760.0,1840.0,1610.0,1820.0
2001-01-22,1810.0,1810.0,1730.0,1750.0
2001-01-23,1740.0,1740.0,1650.0,1700.0
2001-01-24,1710.0,1780.0,1710.0,1780.0
2001-01-25,1790.0,1800.0,1710.0,1800.0
2001-01-26,1780.0,1780.0,1680.0,1750.0
2001-01-29,1750.0,1750.0,1680.0,1680.0
2001-01-30,1710.0,1730.0,1650.0,1700.0
2001-01-31,1680.0,1700.0,1630.0,1700.0
2001-02-01,1630.0,1640.0,1580.0,1600.0
2001-02-02,1600.0,1770.0,1550.0,1750.0
2001-02-05,1730.0,1740.0,1650.0,1700.0
2001-02-06,1690.0,1710.0,1670.0,1700.0
2001-02-07,1700.0,1850.0,1700.0,1800.0
2001-02-08,1850.0,1850.0,1720.0,1780.0
2001-02-09,1790.0,1820.0,1740.0,1800.0
2001-02-12,1800.0,1800.0,1800.0,1800.0
2001-02-13,1800.0,1800.0,1750.0,1800.0
2001-02-14,1800.0,1850.0,1760.0,1800.0
2001-02-15,1830.0,1830.0,1730.0,1780.0
2001-02-16,1750.0,1820.0,1750.0,1780.0
2001-02-19,1720.0,1740.0,1710.0,1720.0
2001-02-20,1720.0,1720.0,1700.0,1720.0
2001-02-21,1700.0,1700.0,1670.0,1670.0
2001-02-22,1680.0,1690.0,1660.0,1670.0
2001-02-23,1660.0,1670.0,1580.0,1670.0
2001-02-26,1640.0,1670.0,1610.0,1670.0
2001-02-27,1660.0,1660.0,1600.0,1650.0
2001-02-28,1610.0,1610.0,1460.0,1600.0
2001-03-01,1500.0,1520.0,1450.0,1450.0
2001-03-02,1450.0,1530.0,1450.0,1470.0
2001-03-05,1470.0,1470.0,1400.0,1400.0
2001-03-06,1400.0,1440.0,1400.0,1430.0
2001-03-07,1470.0,1500.0,1450.0,1450.0
2001-03-08,1450.0,1450.0,1390.0,1430.0
2001-03-09,1380.0,1490.0,1380.0,1440.0
2001-03-12,1440.0,1440.0,1350.0,1350.0
2001-03-13,1320.0,1330.0,1300.0,1300.0
2001-03-14,1300.0,1300.0,1300.0,1300.0
2001-03-15,1300.0,1310.0,1300.0,1310.0
2001-03-16,1350.0,1350.0,1300.0,1330.0
2001-03-19,1350.0,1350.0,1350.0,1350.0
2001-03-20,1350.0,1350.0,1350.0,1350.0
2001-03-21,1350.0,1350.0,1300.0,1320.0
2001-03-22,1350.0,1350.0,1280.0,1280.0
2001-03-23,1280.0,1340.0,1280.0,1340.0
2001-03-26,1440.0,1540.0,1440.0,1540.0
2001-03-27,1610.0,1730.0,1560.0,1560.0
2001-03-28,1670.0,1690.0,1610.0,1610.0
2001-03-29,1560.0,1560.0,1550.0,1560.0
2001-03-30,1600.0,1600.0,1550.0,1550.0
2001-04-02,1500.0,1550.0,1500.0,1550.0
2001-04-03,1500.0,1550.0,1500.0,1500.0
2001-04-04,1500.0,1500.0,1500.0,1500.0
2001-04-05,1500.0,1550.0,1500.0,1500.0
2001-04-06,1560.0,1560.0,1450.0,1450.0
2001-04-09,1460.0,1460.0,1450.0,1450.0
2001-04-10,1500.0,1500.0,1500.0,1500.0
2001-04-11,1500.0,1510.0,1420.0,1450.0
2001-04-12,1450.0,1490.0,1450.0,1490.0
2001-04-13,1500.0,1500.0,1410.0,1410.0
2001-04-16,1440.0,1500.0,1420.0,1500.0
2001-04-17,1430.0,1450.0,1430.0,1450.0
2001-04-18,1460.0,1500.0,1450.0,1470.0
2001-04-19,1500.0,1530.0,1480.0,1500.0
2001-04-20,1500.0,1500.0,1480.0,1500.0
2001-04-23,1500.0,1500.0,1480.0,1500.0
2001-04-24,1480.0,1480.0,1480.0,1480.0
2001-04-25,1480.0,1480.0,1430.0,1430.0
2001-04-26,1480.0,1480.0,1430.0,1430.0
2001-04-27,1500.0,1500.0,1480.0,1500.0
2001-04-30,1500.0,1500.0,1500.0,1500.0
2001-05-01,1500.0,1500.0,1480.0,1500.0
2001-05-02,1500.0,1500.0,1460.0,1460.0
2001-05-03,1460.0,1460.0,1460.0,1460.0
2001-05-04,1460.0,1460.0,1460.0,1460.0
2001-05-07,1490.0,1630.0,1480.0,1600.0
2001-05-08,1650.0,1680.0,1610.0,1660.0
2001-05-09,1670.0,1670.0,1540.0,1540.0
2001-05-10,1600.0,1600.0,1550.0,1550.0
2001-05-11,1580.0,1580.0,1570.0,1570.0
2001-05-14,1600.0,1630.0,1580.0,1630.0
2001-05-15,1630.0,1630.0,1600.0,1610.0
2001-05-16,1600.0,1600.0,1530.0,1530.0
2001-05-17,1550.0,1550.0,1520.0,1530.0
2001-05-18,1530.0,1530.0,1450.0,1480.0
2001-05-21,1480.0,1500.0,1470.0,1500.0
2001-05-22,1490.0,1500.0,1490.0,1500.0
2001-05-23,1500.0,1500.0,1460.0,1470.0
2001-05-24,1470.0,1500.0,1460.0,1470.0
2001-05-25,1460.0,1500.0,1460.0,1460.0
2001-05-28,1460.0,1460.0,1440.0,1440.0
2001-05-29,1400.0,1420.0,1400.0,1420.0
2001-05-30,1390.0,1390.0,1260.0,1260.0
2001-05-31,1300.0,1340.0,1270.0,1340.0
2001-06-01,1400.0,1400.0,1350.0,1350.0
2001-06-04,1350.0,1350.0,1300.0,1340.0
2001-06-05,1320.0,1340.0,1290.0,1320.0
2001-06-06,1320.0,1320.0,1300.0,1310.0
2001-06-07,1320.0,1350.0,1320.0,1320.0
2001-06-08,1330.0,1340.0,1310.0,1330.0
2001-06-11,1300.0,1320.0,1280.0,1300.0
2001-06-12,1300.0,1300.0,1260.0,1260.0
2001-06-13,1270.0,1270.0,1260.0,1260.0
2001-06-14,1260.0,1260.0,1230.0,1230.0
2001-06-15,1220.0,1220.0,1150.0,1160.0
2001-06-18,1150.0,1150.0,1100.0,1100.0
2001-06-19,1100.0,1160.0,1100.0,1100.0
2001-06-20,1130.0,1130.0,1130.0,1130.0
2001-06-21,1130.0,1140.0,1100.0,1100.0
2001-06-22,1100.0,1120.0,1000.0,1120.0
2001-06-25,1120.0,1120.0,1080.0,1080.0
2001-06-26,1030.0,1070.0,1000.0,1000.0
2001-06-27,999.0,1000.0,962.0,962.0
2001-06-28,965.0,965.0,940.0,960.0
2001-06-29,970.0,980.0,960.0,980.0
2001-07-02,980.0,1030.0,980.0,1000.0
2001-07-03,1200.0,1200.0,1200.0,1200.0
2001-07-04,1300.0,1390.0,1250.0,1290.0
2001-07-05,1250.0,1260.0,1200.0,1200.0
2001-07-06,1100.0,1100.0,1060.0,1100.0
2001-07-09,1040.0,1050.0,1000.0,1040.0
2001-07-10,1140.0,1140.0,1060.0,1060.0
2001-07-11,1030.0,1050.0,980.0,1050.0
2001-07-12,1030.0,1040.0,1020.0,1020.0
2001-07-13,1060.0,1080.0,1060.0,1080.0
2001-07-16,1100.0,1100.0,1020.0,1020.0
2001-07-17,1000.0,1020.0,990.0,990.0
2001-07-18,990.0,990.0,960.0,965.0
2001-07-19,960.0,960.0,920.0,930.0
2001-07-20,930.0,930.0,930.0,930.0
2001-07-23,915.0,965.0,915.0,915.0
2001-07-24,910.0,910.0,900.0,900.0
2001-07-25,900.0,910.0,900.0,910.0
2001-07-26,931.0,931.0,930.0,930.0
2001-07-27,907.0,907.0,875.0,880.0
2001-07-30,820.0,820.0,781.0,800.0
2001-07-31,850.0,860.0,840.0,840.0
2001-08-01,860.0,860.0,842.0,842.0
2001-08-02,832.0,860.0,832.0,855.0
2001-08-03,870.0,870.0,840.0,841.0
2001-08-06,830.0,830.0,825.0,829.0
2001-08-07,829.0,829.0,815.0,820.0
2001-08-08,820.0,820.0,800.0,800.0
2001-08-09,800.0,800.0,770.0,770.0
2001-08-10,771.0,790.0,771.0,790.0
2001-08-13,791.0,799.0,785.0,799.0
2001-08-14,785.0,785.0,780.0,780.0
2001-08-15,780.0,780.0,780.0,780.0
2001-08-16,770.0,770.0,770.0,770.0
2001-08-17,769.0,770.0,745.0,745.0
2001-08-20,730.0,750.0,730.0,750.0
2001-08-21,740.0,750.0,730.0,750.0
2001-08-22,740.0,750.0,740.0,740.0
2001-08-23,740.0,750.0,740.0,740.0
2001-08-24,740.0,750.0,740.0,750.0
2001-08-27,740.0,740.0,740.0,740.0
2001-08-28,740.0,740.0,735.0,735.0
2001-08-29,735.0,735.0,720.0,720.0
2001-08-30,719.0,719.0,701.0,702.0
2001-08-31,700.0,700.0,690.0,698.0
2001-09-03,691.0,691.0,670.0,670.0
2001-09-04,660.0,660.0,623.0,623.0
2001-09-05,630.0,640.0,623.0,623.0
2001-09-06,630.0,630.0,620.0,620.0
2001-09-07,620.0,620.0,615.0,620.0
2001-09-10,605.0,610.0,590.0,610.0
2001-09-11,610.0,610.0,600.0,600.0
2001-09-12,600.0,600.0,550.0,550.0
2001-09-13,540.0,570.0,540.0,570.0
2001-09-14,570.0,599.0,570.0,580.0
2001-09-17,580.0,580.0,561.0,561.0
2001-09-18,581.0,600.0,581.0,600.0
2001-09-19,588.0,610.0,580.0,580.0
2001-09-20,569.0,569.0,560.0,560.0
2001-09-21,559.0,570.0,559.0,570.0
2001-09-24,570.0,570.0,570.0,570.0
2001-09-25,585.0,600.0,550.0,550.0
2001-09-26,550.0,550.0,550.0,550.0
2001-09-27,550.0,555.0,550.0,550.0
2001-09-28,550.0,550.0,550.0,550.0
2001-10-01,550.0,560.0,540.0,550.0
2001-10-02,550.0,570.0,550.0,570.0
2001-10-03,561.0,613.0,561.0,583.0
2001-10-04,589.0,650.0,589.0,618.0
2001-10-05,610.0,680.0,610.0,680.0
2001-10-08,680.0,680.0,680.0,680.0
2001-10-09,681.0,685.0,655.0,655.0
2001-10-10,651.0,651.0,636.0,640.0
2001-10-11,651.0,690.0,651.0,660.0
2001-10-12,673.0,692.0,670.0,670.0
2001-10-15,699.0,700.0,685.0,699.0
2001-10-16,699.0,736.0,699.0,730.0
2001-10-17,740.0,800.0,740.0,800.0
2001-10-18,800.0,800.0,755.0,780.0
2001-10-19,777.0,778.0,762.0,762.0
2001-10-22,792.0,798.0,740.0,740.0
2001-10-23,731.0,767.0,731.0,731.0
2001-10-24,733.0,750.0,730.0,735.0
2001-10-25,736.0,736.0,725.0,736.0
2001-10-26,736.0,798.0,736.0,797.0
2001-10-29,800.0,820.0,798.0,820.0
2001-10-30,796.0,797.0,760.0,760.0
2001-10-31,730.0,735.0,720.0,735.0
2001-11-01,736.0,736.0,691.0,692.0
2001-11-02,692.0,710.0,685.0,690.0
2001-11-05,675.0,675.0,660.0,660.0
2001-11-06,670.0,695.0,670.0,690.0
2001-11-07,695.0,695.0,671.0,671.0
2001-11-08,671.0,680.0,671.0,671.0
2001-11-09,671.0,671.0,671.0,671.0
2001-11-12,661.0,665.0,660.0,660.0
2001-11-13,650.0,650.0,634.0,634.0
2001-11-14,630.0,630.0,630.0,630.0
2001-11-15,601.0,616.0,601.0,616.0
2001-11-16,620.0,635.0,620.0,635.0
2001-11-19,670.0,670.0,670.0,670.0
2001-11-20,700.0,700.0,700.0,700.0
2001-11-21,652.0,695.0,652.0,652.0
2001-11-22,643.0,650.0,643.0,650.0
2001-11-23,650.0,650.0,650.0,650.0
2001-11-26,650.0,650.0,650.0,650.0
2001-11-27,660.0,660.0,660.0,660.0
2001-11-28,665.0,665.0,660.0,660.0
2001-11-29,650.0,650.0,630.0,630.0
2001-11-30,640.0,640.0,640.0,640.0
2001-12-03,650.0,650.0,640.0,640.0
2001-12-04,640.0,650.0,640.0,650.0
2001-12-05,650.0,650.0,630.0,630.0
2001-12-06,640.0,640.0,590.0,590.0
2001-12-07,600.0,625.0,600.0,605.0
2001-12-10,624.0,625.0,624.0,625.0
2001-12-11,625.0,625.0,595.0,595.0
2001-12-12,615.0,630.0,615.0,630.0
2001-12-13,630.0,630.0,630.0,630.0
2001-12-14,627.0,627.0,601.0,601.0
2001-12-17,600.0,600.0,550.0,552.0
2001-12-18,552.0,552.0,540.0,552.0
2001-12-19,552.0,552.0,550.0,552.0
2001-12-20,602.0,602.0,602.0,602.0
2001-12-21,597.0,597.0,597.0,597.0
2001-12-24,597.0,597.0,597.0,597.0
2001-12-25,592.0,600.0,592.0,592.0
2001-12-26,592.0,592.0,592.0,592.0
2001-12-27,558.0,558.0,550.0,550.0
2001-12-28,551.0,551.0,550.0,550.0
2001-12-31,550.0,550.0,550.0,550.0
2002-01-01,550.0,550.0,550.0,550.0
2002-01-02,550.0,550.0,550.0,550.0
2002-01-03,550.0,550.0,550.0,550.0
2002-01-04,557.0,570.0,556.0,570.0
2002-01-07,582.0,610.0,582.0,610.0
2002-01-08,630.0,640.0,630.0,639.0
2002-01-09,639.0,639.0,639.0,639.0
2002-01-10,581.0,595.0,580.0,580.0
2002-01-11,581.0,581.0,570.0,570.0
2002-01-14,570.0,570.0,570.0,570.0
2002-01-15,569.0,569.0,550.0,550.0
2002-01-16,550.0,555.0,550.0,555.0
2002-01-17,556.0,556.0,556.0,556.0
2002-01-18,560.0,560.0,556.0,560.0
2002-01-21,565.0,565.0,544.0,544.0
2002-01-22,555.0,555.0,550.0,550.0
2002-01-23,550.0,550.0,550.0,550.0
2002-01-24,552.0,552.0,550.0,550.0
2002-01-25,550.0,551.0,550.0,550.0
2002-01-28,555.0,555.0,551.0,551.0
2002-01-29,554.0,554.0,553.0,553.0
2002-01-30,573.0,573.0,553.0,553.0
2002-01-31,553.0,553.0,553.0,553.0
2002-02-01,570.0,570.0,550.0,551.0
2002-02-04,550.0,550.0,545.0,550.0
2002-02-05,546.0,551.0,540.0,551.0
2002-02-06,541.0,551.0,541.0,541.0
2002-02-07,546.0,546.0,546.0,546.0
2002-02-08,546.0,550.0,541.0,550.0
2002-02-11,550.0,550.0,550.0,550.0
2002-02-12,550.0,552.0,550.0,550.0
2002-02-13,569.0,569.0,550.0,550.0
2002-02-14,556.0,570.0,555.0,570.0
2002-02-15,589.0,595.0,570.0,570.0
2002-02-18,571.0,571.0,571.0,571.0
2002-02-19,570.0,570.0,565.0,565.0
2002-02-20,560.0,560.0,541.0,541.0
2002-02-21,570.0,570.0,540.0,540.0
2002-02-22,541.0,541.0,541.0,541.0
2002-02-25,546.0,546.0,540.0,540.0
2002-02-26,541.0,541.0,541.0,541.0
2002-02-27,557.0,569.0,551.0,569.0
2002-02-28,599.0,616.0,598.0,616.0
2002-03-01,615.0,615.0,599.0,600.0
2002-03-04,610.0,640.0,600.0,635.0
2002-03-05,647.0,651.0,631.0,645.0
2002-03-06,645.0,670.0,640.0,670.0
2002-03-07,700.0,769.0,680.0,750.0
2002-03-08,751.0,780.0,750.0,750.0
2002-03-11,771.0,800.0,771.0,800.0
2002-03-12,800.0,800.0,750.0,750.0
2002-03-13,749.0,749.0,685.0,685.0
2002-03-14,650.0,663.0,650.0,650.0
2002-03-15,651.0,700.0,651.0,698.0
2002-03-18,718.0,718.0,698.0,700.0
2002-03-19,700.0,700.0,690.0,690.0
2002-03-20,700.0,710.0,700.0,710.0
2002-03-21,710.0,710.0,710.0,710.0
2002-03-22,710.0,750.0,690.0,745.0
2002-03-25,740.0,751.0,740.0,750.0
2002-03-26,750.0,751.0,749.0,750.0
2002-03-27,750.0,750.0,740.0,740.0
2002-03-28,730.0,730.0,720.0,720.0
2002-03-29,690.0,720.0,690.0,690.0
2002-04-01,705.0,705.0,690.0,700.0
2002-04-02,691.0,691.0,691.0,691.0
2002-04-03,691.0,691.0,691.0,691.0
2002-04-04,720.0,720.0,690.0,690.0
2002-04-05,690.0,695.0,670.0,670.0
2002-04-08,671.0,681.0,670.0,680.0
2002-04-09,682.0,682.0,681.0,681.0
2002-04-10,690.0,700.0,690.0,690.0
2002-04-11,696.0,730.0,696.0,730.0
2002-04-12,729.0,730.0,691.0,730.0
2002-04-15,671.0,740.0,671.0,671.0
2002-04-16,715.0,725.0,715.0,715.0
2002-04-17,730.0,730.0,715.0,715.0
2002-04-18,715.0,730.0,710.0,711.0
2002-04-19,715.0,715.0,710.0,710.0
2002-04-22,715.0,716.0,715.0,716.0
2002-04-23,730.0,730.0,716.0,716.0
2002-04-24,728.0,730.0,728.0,730.0
2002-04-25,750.0,750.0,737.0,737.0
2002-04-26,737.0,750.0,737.0,737.0
2002-04-29,737.0,737.0,737.0,737.0
2002-04-30,734.0,734.0,700.0,730.0
2002-05-01,730.0,730.0,730.0,730.0
2002-05-02,731.0,750.0,731.0,750.0
2002-05-03,750.0,750.0,750.0,750.0
2002-05-06,750.0,750.0,750.0,750.0
2002-05-07,749.0,749.0,730.0,730.0
2002-05-08,730.0,730.0,700.0,700.0
2002-05-09,702.0,702.0,691.0,691.0
2002-05-10,700.0,700.0,700.0,700.0
2002-05-13,700.0,700.0,700.0,700.0
2002-05-14,700.0,700.0,680.0,680.0
2002-05-15,675.0,677.0,675.0,675.0
2002-05-16,690.0,690.0,690.0,690.0
2002-05-17,710.0,710.0,710.0,710.0
2002-05-20,700.0,700.0,690.0,690.0
2002-05-21,710.0,710.0,710.0,710.0
2002-05-22,700.0,700.0,700.0,700.0
2002-05-23,700.0,700.0,680.0,680.0
2002-05-24,700.0,710.0,700.0,710.0
2002-05-27,690.0,690.0,660.0,690.0
2002-05-28,691.0,700.0,691.0,691.0
2002-05-29,695.0,695.0,695.0,695.0
2002-05-30,700.0,700.0,695.0,695.0
2002-05-31,695.0,700.0,695.0,700.0
2002-06-03,700.0,700.0,700.0,700.0
2002-06-04,680.0,680.0,680.0,680.0
2002-06-05,680.0,680.0,680.0,680.0
2002-06-06,670.0,670.0,670.0,670.0
2002-06-07,670.0,670.0,670.0,670.0
2002-06-10,670.0,670.0,670.0,670.0
2002-06-11,670.0,670.0,666.0,666.0
2002-06-12,656.0,656.0,656.0,656.0
2002-06-13,660.0,660.0,660.0,660.0
2002-06-14,653.0,653.0,653.0,653.0
2002-06-17,650.0,650.0,650.0,650.0
2002-06-18,650.0,650.0,650.0,650.0
2002-06-19,649.0,649.0,620.0,620.0
2002-06-20,609.0,630.0,609.0,630.0
2002-06-21,611.0,650.0,611.0,611.0
2002-06-24,606.0,610.0,606.0,606.0
2002-06-25,612.0,612.0,612.0,612.0
2002-06-26,612.0,612.0,612.0,612.0
2002-06-27,609.0,609.0,600.0,600.0
2002-06-28,600.0,600.0,585.0,585.0
2002-07-01,590.0,590.0,570.0,571.0
2002-07-02,571.0,589.0,571.0,571.0
2002-07-03,580.0,580.0,580.0,580.0
2002-07-04,580.0,620.0,580.0,580.0
2002-07-05,600.0,600.0,600.0,600.0
2002-07-08,605.0,605.0,600.0,600.0
2002-07-09,601.0,630.0,601.0,601.0
2002-07-10,615.0,615.0,615.0,615.0
2002-07-11,585.0,585.0,580.0,580.0
2002-07-12,600.0,600.0,600.0,600.0
2002-07-15,598.0,598.0,580.0,580.0
2002-07-16,570.0,580.0,570.0,580.0
2002-07-17,560.0,562.0,560.0,560.0
2002-07-18,551.0,583.0,551.0,580.0
2002-07-19,580.0,580.0,565.0,565.0
2002-07-22,560.0,560.0,555.0,555.0
2002-07-23,556.0,580.0,556.0,556.0
2002-07-24,560.0,560.0,560.0,560.0
2002-07-25,578.0,578.0,560.0,560.0
2002-07-26,550.0,550.0,550.0,550.0
2002-07-29,550.0,575.0,550.0,575.0
2002-07-30,565.0,585.0,565.0,585.0
2002-07-31,556.0,558.0,556.0,558.0
2002-08-01,560.0,570.0,560.0,560.0
2002-08-02,565.0,568.0,550.0,550.0
2002-08-05,550.0,550.0,550.0,550.0
2002-08-06,549.0,549.0,540.0,540.0
2002-08-07,540.0,549.0,540.0,540.0
2002-08-08,546.0,550.0,540.0,540.0
2002-08-09,560.0,560.0,560.0,560.0
2002-08-12,560.0,567.0,560.0,560.0
2002-08-13,559.0,559.0,550.0,550.0
2002-08-14,560.0,560.0,550.0,560.0
2002-08-15,560.0,560.0,560.0,560.0
2002-08-16,560.0,560.0,560.0,560.0
2002-08-19,560.0,560.0,550.0,550.0
2002-08-20,553.0,577.0,553.0,577.0
2002-08-21,577.0,577.0,577.0,577.0
2002-08-22,556.0,556.0,556.0,556.0
2002-08-23,556.0,556.0,556.0,556.0
2002-08-26,560.0,565.0,560.0,565.0
2002-08-27,570.0,570.0,570.0,570.0
2002-08-28,570.0,579.0,570.0,570.0
2002-08-29,574.0,580.0,570.0,580.0
2002-08-30,578.0,578.0,570.0,570.0
2002-09-02,578.0,578.0,578.0,578.0
2002-09-03,578.0,578.0,578.0,578.0
2002-09-04,562.0,562.0,552.0,552.0
2002-09-05,570.0,570.0,570.0,570.0
2002-09-06,555.0,555.0,550.0,550.0
2002-09-09,550.0,555.0,550.0,550.0
2002-09-10,540.0,550.0,520.0,550.0
2002-09-11,525.0,550.0,525.0,525.0
2002-09-12,550.0,550.0,550.0,550.0
2002-09-13,550.0,550.0,550.0,550.0
2002-09-16,550.0,550.0,550.0,550.0
2002-09-17,550.0,550.0,550.0,550.0
2002-09-18,530.0,530.0,530.0,530.0
2002-09-19,549.0,549.0,535.0,535.0
2002-09-20,530.0,530.0,530.0,530.0
2002-09-23,530.0,530.0,530.0,530.0
2002-09-24,510.0,540.0,510.0,510.0
2002-09-25,525.0,525.0,525.0,525.0
2002-09-26,530.0,540.0,530.0,530.0
2002-09-27,535.0,540.0,530.0,530.0
2002-09-30,530.0,530.0,530.0,530.0
2002-10-01,530.0,530.0,500.0,500.0
2002-10-02,501.0,505.0,485.0,485.0
2002-10-03,500.0,500.0,480.0,480.0
2002-10-04,471.0,471.0,470.0,470.0
2002-10-07,470.0,470.0,460.0,461.0
2002-10-08,460.0,460.0,450.0,450.0
2002-10-09,410.0,430.0,410.0,430.0
2002-10-10,430.0,431.0,430.0,431.0
2002-10-11,440.0,450.0,440.0,447.0
2002-10-14,447.0,447.0,447.0,447.0
2002-10-15,470.0,470.0,470.0,470.0
2002-10-16,480.0,520.0,480.0,480.0
2002-10-17,501.0,501.0,500.0,500.0
2002-10-18,480.0,480.0,480.0,480.0
2002-10-21,470.0,470.0,470.0,470.0
2002-10-22,461.0,490.0,461.0,461.0
2002-10-23,461.0,500.0,461.0,461.0
2002-10-24,462.0,500.0,462.0,462.0
2002-10-25,470.0,470.0,470.0,470.0
2002-10-28,470.0,470.0,450.0,450.0
2002-10-29,450.0,455.0,445.0,445.0
2002-10-30,445.0,445.0,430.0,430.0
2002-10-31,430.0,430.0,415.0,415.0
2002-11-01,415.0,415.0,400.0,400.0
2002-11-04,400.0,400.0,400.0,400.0
2002-11-05,420.0,420.0,420.0,420.0
2002-11-06,422.0,455.0,422.0,440.0
2002-11-07,420.0,431.0,420.0,430.0
2002-11-08,431.0,431.0,430.0,430.0
2002-11-11,430.0,430.0,430.0,430.0
2002-11-12,430.0,435.0,430.0,435.0
2002-11-13,435.0,435.0,435.0,435.0
2002-11-14,430.0,430.0,420.0,420.0
2002-11-15,420.0,420.0,420.0,420.0
2002-11-18,420.0,420.0,410.0,410.0
2002-11-19,410.0,410.0,410.0,410.0
2002-11-20,410.0,420.0,410.0,410.0
2002-11-21,430.0,430.0,411.0,411.0
2002-11-22,420.0,420.0,420.0,420.0
2002-11-25,430.0,430.0,430.0,430.0
2002-11-26,510.0,510.0,500.0,500.0
2002-11-27,520.0,520.0,500.0,510.0
2002-11-28,510.0,510.0,510.0,510.0
2002-11-29,520.0,520.0,520.0,520.0
2002-12-02,520.0,520.0,520.0,520.0
2002-12-03,530.0,530.0,530.0,530.0
2002-12-04,530.0,530.0,520.0,520.0
2002-12-05,480.0,480.0,480.0,480.0
2002-12-06,470.0,470.0,470.0,470.0
2002-12-09,470.0,470.0,470.0,470.0
2002-12-10,470.0,470.0,470.0,470.0
2002-12-11,470.0,470.0,470.0,470.0
2002-12-12,470.0,480.0,470.0,470.0
2002-12-13,470.0,470.0,460.0,460.0
2002-12-16,455.0,455.0,450.0,450.0
2002-12-17,529.0,529.0,529.0,529.0
2002-12-18,517.0,517.0,517.0,517.0
2002-12-19,470.0,490.0,470.0,470.0
2002-12-20,490.0,490.0,490.0,490.0
2002-12-23,490.0,490.0,490.0,490.0
2002-12-24,495.0,495.0,453.0,480.0
2002-12-25,474.0,475.0,455.0,468.0
2002-12-26,460.0,460.0,460.0,460.0
2002-12-27,465.0,480.0,465.0,480.0
2002-12-30,480.0,480.0,480.0,480.0
2002-12-31,480.0,480.0,480.0,480.0
2003-01-01,480.0,480.0,480.0,480.0
2003-01-02,480.0,480.0,480.0,480.0
2003-01-03,480.0,480.0,480.0,480.0
2003-01-06,490.0,490.0,490.0,490.0
2003-01-07,490.0,490.0,480.0,480.0
2003-01-08,444.0,500.0,444.0,444.0
2003-01-09,472.0,500.0,472.0,498.0
2003-01-10,498.0,498.0,498.0,498.0
2003-01-13,498.0,498.0,498.0,498.0
2003-01-14,500.0,510.0,500.0,500.0
2003-01-15,508.0,508.0,498.0,498.0
2003-01-16,505.0,515.0,505.0,515.0
2003-01-17,516.0,543.0,516.0,543.0
2003-01-20,550.0,570.0,550.0,570.0
2003-01-21,568.0,568.0,560.0,560.0
2003-01-22,545.0,545.0,541.0,545.0
2003-01-23,540.0,545.0,540.0,545.0
2003-01-24,550.0,570.0,550.0,570.0
2003-01-27,570.0,570.0,570.0,570.0
2003-01-28,570.0,570.0,570.0,570.0
2003-01-29,570.0,575.0,570.0,575.0
2003-01-30,560.0,560.0,540.0,550.0
2003-01-31,550.0,550.0,540.0,540.0
2003-02-03,540.0,540.0,538.0,538.0
2003-02-04,540.0,540.0,540.0,540.0
2003-02-05,540.0,540.0,535.0,540.0
2003-02-06,542.0,553.0,533.0,553.0
2003-02-07,553.0,555.0,544.0,544.0
2003-02-10,550.0,550.0,550.0,550.0
2003-02-11,550.0,550.0,550.0,550.0
2003-02-12,540.0,544.0,530.0,530.0
2003-02-13,531.0,531.0,531.0,531.0
2003-02-14,531.0,531.0,531.0,531.0
2003-02-17,560.0,560.0,560.0,560.0
2003-02-18,531.0,531.0,531.0,531.0
2003-02-19,532.0,532.0,530.0,530.0
2003-02-20,530.0,570.0,530.0,565.0
2003-02-21,570.0,570.0,535.0,535.0
2003-02-24,540.0,540.0,520.0,520.0
2003-02-25,520.0,520.0,500.0,500.0
2003-02-26,500.0,555.0,500.0,500.0
2003-02-27,527.0,527.0,527.0,527.0
2003-02-28,527.0,530.0,527.0,530.0
2003-03-03,530.0,530.0,530.0,530.0
2003-03-04,530.0,530.0,530.0,530.0
2003-03-05,530.0,530.0,530.0,530.0
2003-03-06,530.0,530.0,500.0,500.0
2003-03-07,500.0,500.0,491.0,491.0
2003-03-10,491.0,491.0,490.0,490.0
2003-03-11,490.0,490.0,485.0,490.0
2003-03-12,490.0,490.0,490.0,490.0
2003-03-13,490.0,490.0,490.0,490.0
2003-03-14,488.0,488.0,483.0,485.0
2003-03-17,485.0,490.0,461.0,490.0
2003-03-18,501.0,501.0,501.0,501.0
2003-03-19,506.0,529.0,505.0,525.0
2003-03-20,540.0,560.0,540.0,545.0
2003-03-21,545.0,545.0,545.0,545.0
2003-03-24,545.0,550.0,545.0,550.0
2003-03-25,530.0,550.0,525.0,525.0
2003-03-26,525.0,550.0,520.0,520.0
2003-03-27,522.0,522.0,521.0,521.0
2003-03-28,530.0,550.0,530.0,550.0
2003-03-31,550.0,550.0,540.0,550.0
2003-04-01,549.0,549.0,540.0,540.0
2003-04-02,540.0,550.0,540.0,549.0
2003-04-03,549.0,574.0,549.0,570.0
2003-04-04,570.0,570.0,550.0,565.0
2003-04-07,565.0,575.0,560.0,560.0
2003-04-08,565.0,580.0,562.0,580.0
2003-04-09,580.0,580.0,579.0,579.0
2003-04-10,579.0,580.0,575.0,575.0
2003-04-11,575.0,575.0,560.0,560.0
2003-04-14,540.0,574.0,540.0,574.0
2003-04-15,565.0,565.0,565.0,565.0
2003-04-16,565.0,565.0,550.0,550.0
2003-04-17,550.0,550.0,541.0,543.0
2003-04-18,545.0,555.0,544.0,555.0
2003-04-21,556.0,578.0,556.0,578.0
2003-04-22,579.0,580.0,579.0,580.0
2003-04-23,581.0,581.0,581.0,581.0
2003-04-24,592.0,620.0,592.0,610.0
2003-04-25,610.0,630.0,610.0,630.0
2003-04-28,629.0,630.0,610.0,615.0
2003-04-29,615.0,615.0,615.0,615.0
2003-04-30,611.0,611.0,610.0,610.0
2003-05-01,611.0,615.0,605.0,615.0
2003-05-02,629.0,630.0,625.0,630.0
2003-05-05,630.0,630.0,630.0,630.0
2003-05-06,630.0,640.0,629.0,640.0
2003-05-07,650.0,650.0,650.0,650.0
2003-05-08,645.0,645.0,621.0,630.0
2003-05-09,630.0,635.0,620.0,630.0
2003-05-12,640.0,640.0,630.0,630.0
2003-05-13,640.0,665.0,640.0,665.0
2003-05-14,666.0,700.0,666.0,700.0
2003-05-15,698.0,698.0,660.0,660.0
2003-05-16,655.0,655.0,655.0,655.0
2003-05-19,660.0,660.0,640.0,640.0
2003-05-20,615.0,630.0,615.0,622.0
2003-05-21,620.0,625.0,620.0,625.0
2003-05-22,626.0,626.0,625.0,625.0
2003-05-23,619.0,628.0,619.0,628.0
2003-05-26,628.0,645.0,628.0,645.0
2003-05-27,630.0,630.0,611.0,620.0
2003-05-28,624.0,624.0,620.0,620.0
2003-05-29,615.0,620.0,610.0,620.0
2003-05-30,620.0,620.0,620.0,620.0
2003-06-02,615.0,625.0,615.0,625.0
2003-06-03,615.0,615.0,612.0,612.0
2003-06-04,612.0,612.0,610.0,610.0
2003-06-05,630.0,635.0,630.0,635.0
2003-06-06,634.0,634.0,610.0,610.0
2003-06-09,611.0,630.0,611.0,630.0
2003-06-10,630.0,630.0,630.0,630.0
2003-06-11,631.0,631.0,612.0,612.0
2003-06-12,620.0,630.0,620.0,620.0
2003-06-13,623.0,650.0,620.0,650.0
2003-06-16,631.0,632.0,624.0,632.0
2003-06-17,628.0,630.0,628.0,630.0
2003-06-18,630.0,630.0,620.0,620.0
2003-06-19,630.0,635.0,625.0,625.0
2003-06-20,625.0,625.0,625.0,625.0
2003-06-23,630.0,640.0,626.0,640.0
2003-06-24,650.0,670.0,650.0,650.0
2003-06-25,650.0,665.0,645.0,665.0
2003-06-26,670.0,672.0,670.0,672.0
2003-06-27,675.0,699.0,672.0,699.0
2003-06-30,702.0,715.0,685.0,700.0
2003-07-01,705.0,705.0,680.0,690.0
2003-07-02,680.0,690.0,670.0,670.0
2003-07-03,690.0,698.0,680.0,692.0
2003-07-04,689.0,690.0,671.0,671.0
2003-07-07,670.0,700.0,670.0,700.0
2003-07-08,695.0,725.0,695.0,725.0
2003-07-09,730.0,748.0,725.0,748.0
2003-07-10,749.0,765.0,745.0,765.0
2003-07-11,740.0,740.0,735.0,735.0
2003-07-14,720.0,720.0,720.0,720.0
2003-07-15,726.0,726.0,700.0,700.0
2003-07-16,701.0,701.0,700.0,700.0
2003-07-17,700.0,700.0,680.0,680.0
2003-07-18,675.0,681.0,675.0,681.0
2003-07-21,681.0,681.0,681.0,681.0
2003-07-22,678.0,690.0,675.0,690.0
2003-07-23,690.0,690.0,690.0,690.0
2003-07-24,720.0,740.0,720.0,730.0
2003-07-25,749.0,760.0,748.0,750.0
2003-07-28,770.0,808.0,769.0,805.0
2003-07-29,810.0,810.0,780.0,780.0
2003-07-30,790.0,790.0,750.0,750.0
2003-07-31,760.0,760.0,741.0,745.0
2003-08-01,750.0,765.0,750.0,765.0
2003-08-04,765.0,765.0,750.0,750.0
2003-08-05,752.0,752.0,735.0,735.0
2003-08-06,729.0,729.0,700.0,710.0
2003-08-07,718.0,736.0,716.0,736.0
2003-08-08,736.0,740.0,723.0,740.0
2003-08-11,730.0,740.0,726.0,740.0
2003-08-12,745.0,760.0,745.0,755.0
2003-08-13,755.0,764.0,755.0,764.0
2003-08-14,769.0,781.0,769.0,781.0
2003-08-15,799.0,799.0,799.0,799.0
2003-08-18,800.0,800.0,782.0,782.0
2003-08-19,782.0,785.0,771.0,780.0
2003-08-20,780.0,785.0,780.0,785.0
2003-08-21,775.0,781.0,775.0,781.0
2003-08-22,780.0,801.0,780.0,800.0
2003-08-25,800.0,840.0,800.0,840.0
2003-08-26,841.0,841.0,820.0,835.0
2003-08-27,835.0,835.0,810.0,820.0
2003-08-28,825.0,870.0,825.0,846.0
2003-08-29,855.0,869.0,840.0,869.0
2003-09-01,871.0,891.0,869.0,869.0
2003-09-02,880.0,880.0,860.0,860.0
2003-09-03,859.0,860.0,859.0,860.0
2003-09-04,876.0,877.0,875.0,876.0
2003-09-05,875.0,920.0,875.0,910.0
2003-09-08,909.0,1010.0,900.0,1000.0
2003-09-09,1190.0,1210.0,1190.0,1210.0
2003-09-10,1240.0,1340.0,1200.0,1300.0
2003-09-11,1260.0,1270.0,1200.0,1260.0
2003-09-12,1240.0,1270.0,1180.0,1210.0
2003-09-15,1210.0,1210.0,1210.0,1210.0
2003-09-16,1190.0,1190.0,1110.0,1110.0
2003-09-17,1120.0,1180.0,1120.0,1120.0
2003-09-18,1120.0,1120.0,1050.0,1050.0
2003-09-19,1070.0,1110.0,1070.0,1090.0
2003-09-22,1090.0,1090.0,1050.0,1060.0
2003-09-23,1060.0,1060.0,1060.0,1060.0
2003-09-24,1010.0,1050.0,990.0,1000.0
2003-09-25,990.0,990.0,970.0,972.0
2003-09-26,972.0,980.0,970.0,976.0
2003-09-29,983.0,1080.0,983.0,1080.0
2003-09-30,1120.0,1130.0,1070.0,1110.0
2003-10-01,1110.0,1150.0,1100.0,1150.0
2003-10-02,1160.0,1250.0,1160.0,1160.0
2003-10-03,1150.0,1200.0,1130.0,1130.0
2003-10-06,1150.0,1160.0,1130.0,1150.0
2003-10-07,1150.0,1170.0,1110.0,1140.0
2003-10-08,1150.0,1170.0,1100.0,1110.0
2003-10-09,1130.0,1140.0,1110.0,1110.0
2003-10-10,1150.0,1150.0,1120.0,1140.0
2003-10-13,1140.0,1140.0,1140.0,1140.0
2003-10-14,1120.0,1150.0,1110.0,1120.0
2003-10-15,1120.0,1230.0,1100.0,1230.0
2003-10-16,1230.0,1280.0,1120.0,1140.0
2003-10-17,1180.0,1250.0,1150.0,1250.0
2003-10-20,1220.0,1250.0,1200.0,1230.0
2003-10-21,1220.0,1250.0,1140.0,1200.0
2003-10-22,1230.0,1230.0,1160.0,1160.0
2003-10-23,1140.0,1140.0,1060.0,1070.0
2003-10-24,1070.0,1120.0,1070.0,1100.0
2003-10-27,1110.0,1140.0,1110.0,1130.0
2003-10-28,1110.0,1160.0,1110.0,1160.0
2003-10-29,1170.0,1220.0,1170.0,1190.0
2003-10-30,1190.0,1240.0,1190.0,1230.0
2003-10-31,1230.0,1250.0,1190.0,1190.0
2003-11-03,1190.0,1190.0,1190.0,1190.0
2003-11-04,1220.0,1240.0,1190.0,1190.0
2003-11-05,1220.0,1220.0,1160.0,1160.0
2003-11-06,1160.0,1170.0,1150.0,1160.0
2003-11-07,1170.0,1180.0,1140.0,1160.0
2003-11-10,1160.0,1210.0,1160.0,1180.0
2003-11-11,1180.0,1180.0,1070.0,1070.0
2003-11-12,1100.0,1120.0,1090.0,1120.0
2003-11-13,1130.0,1190.0,1130.0,1190.0
2003-11-14,1150.0,1150.0,1130.0,1130.0
2003-11-17,1070.0,1070.0,1040.0,1060.0
2003-11-18,1060.0,1060.0,1020.0,1050.0
2003-11-19,1040.0,1040.0,970.0,980.0
2003-11-20,991.0,995.0,990.0,995.0
2003-11-21,996.0,996.0,995.0,996.0
2003-11-24,996.0,996.0,996.0,996.0
2003-11-25,1020.0,1060.0,1020.0,1060.0
2003-11-26,1060.0,1060.0,1020.0,1020.0
2003-11-27,1000.0,1020.0,1000.0,1020.0
2003-11-28,1020.0,1020.0,995.0,1020.0
2003-12-01,1000.0,1010.0,960.0,1010.0
2003-12-02,1010.0,1050.0,990.0,990.0
2003-12-03,991.0,1000.0,960.0,965.0
2003-12-04,968.0,1000.0,967.0,1000.0
2003-12-05,987.0,987.0,980.0,980.0
2003-12-08,965.0,965.0,965.0,965.0
2003-12-09,965.0,965.0,955.0,955.0
2003-12-10,960.0,960.0,960.0,960.0
2003-12-11,960.0,960.0,948.0,949.0
2003-12-12,939.0,950.0,915.0,915.0
2003-12-15,930.0,940.0,918.0,918.0
2003-12-16,915.0,915.0,915.0,915.0
2003-12-17,920.0,920.0,895.0,910.0
2003-12-18,900.0,905.0,895.0,905.0
2003-12-19,905.0,910.0,900.0,900.0
2003-12-22,900.0,905.0,869.0,870.0
2003-12-23,870.0,870.0,870.0,870.0
2003-12-24,860.0,880.0,860.0,870.0
2003-12-25,870.0,888.0,863.0,872.0
2003-12-26,888.0,915.0,878.0,915.0
2003-12-29,915.0,925.0,915.0,920.0
2003-12-30,925.0,950.0,925.0,950.0
2003-12-31,950.0,950.0,950.0,950.0
2004-01-01,950.0,950.0,950.0,950.0
2004-01-02,950.0,950.0,950.0,950.0
2004-01-05,970.0,975.0,970.0,975.0
2004-01-06,980.0,980.0,965.0,970.0
2004-01-07,970.0,980.0,970.0,980.0
2004-01-08,980.0,990.0,970.0,970.0
2004-01-09,970.0,975.0,961.0,975.0
2004-01-12,975.0,975.0,975.0,975.0
2004-01-13,975.0,995.0,975.0,995.0
2004-01-14,996.0,996.0,980.0,996.0
2004-01-15,1000.0,1020.0,1000.0,1020.0
2004-01-16,1020.0,1030.0,1010.0,1010.0
2004-01-19,1030.0,1150.0,1020.0,1150.0
2004-01-20,1140.0,1140.0,1090.0,1090.0
2004-01-21,1110.0,1150.0,1110.0,1120.0
2004-01-22,1100.0,1120.0,1090.0,1100.0
2004-01-23,1100.0,1130.0,1090.0,1130.0
2004-01-26,1130.0,1130.0,1120.0,1130.0
2004-01-27,1150.0,1170.0,1130.0,1170.0
2004-01-28,1170.0,1180.0,1160.0,1170.0
2004-01-29,1160.0,1170.0,1150.0,1170.0
2004-01-30,1170.0,1170.0,1150.0,1150.0
2004-02-02,1150.0,1180.0,1150.0,1170.0
2004-02-03,1160.0,1160.0,1100.0,1130.0
2004-02-04,1070.0,1070.0,1060.0,1060.0
2004-02-05,1060.0,1090.0,1060.0,1090.0
2004-02-06,1090.0,1100.0,1060.0,1100.0
2004-02-09,1100.0,1100.0,1060.0,1070.0
2004-02-10,1100.0,1150.0,1070.0,1150.0
2004-02-11,1150.0,1150.0,1150.0,1150.0
2004-02-12,1100.0,1110.0,1100.0,1110.0
2004-02-13,1100.0,1100.0,1100.0,1100.0
2004-02-16,1100.0,1100.0,1100.0,1100.0
2004-02-17,1100.0,1100.0,1070.0,1070.0
2004-02-18,1100.0,1100.0,1100.0,1100.0
2004-02-19,1100.0,1100.0,1090.0,1100.0
2004-02-20,1100.0,1100.0,1100.0,1100.0
2004-02-23,1100.0,1110.0,1100.0,1100.0
2004-02-24,1100.0,1100.0,1030.0,1050.0
2004-02-25,1050.0,1060.0,1050.0,1060.0
2004-02-26,1060.0,1060.0,1030.0,1030.0
2004-02-27,1040.0,1060.0,1040.0,1060.0
2004-03-01,1050.0,1080.0,1050.0,1070.0
2004-03-02,1090.0,1090.0,1050.0,1070.0
2004-03-03,1070.0,1080.0,1060.0,1060.0
2004-03-04,1070.0,1080.0,1070.0,1080.0
2004-03-05,1080.0,1080.0,1060.0,1060.0
2004-03-08,1070.0,1080.0,1070.0,1070.0
2004-03-09,1070.0,1090.0,1050.0,1050.0
2004-03-10,1090.0,1090.0,1060.0,1060.0
2004-03-11,1080.0,1100.0,1060.0,1090.0
2004-03-12,1070.0,1070.0,1050.0,1060.0
2004-03-15,1100.0,1100.0,1080.0,1100.0
2004-03-16,1100.0,1100.0,1100.0,1100.0
2004-03-17,1100.0,1120.0,1100.0,1100.0
2004-03-18,1130.0,1130.0,1110.0,1130.0
2004-03-19,1110.0,1110.0,1070.0,1070.0
2004-03-22,1070.0,1070.0,1060.0,1060.0
2004-03-23,1090.0,1090.0,1050.0,1090.0
2004-03-24,1070.0,1100.0,1070.0,1100.0
2004-03-25,1120.0,1120.0,1120.0,1120.0
2004-03-26,1120.0,1120.0,1120.0,1120.0
2004-03-29,1120.0,1120.0,1100.0,1100.0
2004-03-30,1150.0,1150.0,1130.0,1130.0
2004-03-31,1200.0,1270.0,1200.0,1270.0
2004-04-01,1290.0,1300.0,1200.0,1240.0
2004-04-02,1250.0,1250.0,1210.0,1230.0
2004-04-05,1230.0,1260.0,1230.0,1260.0
2004-04-06,1250.0,1270.0,1250.0,1270.0
2004-04-07,1270.0,1270.0,1230.0,1230.0
2004-04-08,1260.0,1270.0,1220.0,1220.0
2004-04-09,1210.0,1210.0,1180.0,1190.0
2004-04-12,1200.0,1250.0,1200.0,1250.0
2004-04-13,1250.0,1260.0,1230.0,1230.0
2004-04-14,1230.0,1250.0,1220.0,1230.0
2004-04-15,1240.0,1250.0,1210.0,1210.0
2004-04-16,1220.0,1230.0,1210.0,1230.0
2004-04-19,1230.0,1230.0,1210.0,1220.0
2004-04-20,1230.0,1260.0,1230.0,1250.0
2004-04-21,1230.0,1250.0,1210.0,1240.0
2004-04-22,1240.0,1330.0,1240.0,1300.0
2004-04-23,1340.0,1350.0,1270.0,1290.0
2004-04-26,1310.0,1320.0,1280.0,1300.0
2004-04-27,1300.0,1300.0,1270.0,1300.0
2004-04-28,1300.0,1300.0,1270.0,1290.0
2004-04-29,1290.0,1290.0,1290.0,1290.0
2004-04-30,1270.0,1300.0,1250.0,1260.0
2004-05-03,1260.0,1260.0,1260.0,1260.0
2004-05-04,1260.0,1260.0,1260.0,1260.0
2004-05-05,1260.0,1260.0,1260.0,1260.0
2004-05-06,1270.0,1280.0,1230.0,1250.0
2004-05-07,1250.0,1250.0,1230.0,1240.0
2004-05-10,1220.0,1220.0,1100.0,1100.0
2004-05-11,1080.0,1100.0,1070.0,1080.0
2004-05-12,1120.0,1170.0,1120.0,1170.0
2004-05-13,1170.0,1170.0,1130.0,1130.0
2004-05-14,1100.0,1160.0,1070.0,1090.0
2004-05-17,1150.0,1150.0,1080.0,1080.0
2004-05-18,1070.0,1140.0,1070.0,1140.0
2004-05-19,1120.0,1150.0,1110.0,1150.0
2004-05-20,1140.0,1150.0,1130.0,1130.0
2004-05-21,1170.0,1170.0,1140.0,1140.0
2004-05-24,1180.0,1210.0,1150.0,1150.0
2004-05-25,1180.0,1190.0,1170.0,1190.0
2004-05-26,1160.0,1160.0,1140.0,1150.0
2004-05-27,1170.0,1170.0,1160.0,1160.0
2004-05-28,1170.0,1190.0,1170.0,1180.0
2004-05-31,1200.0,1200.0,1190.0,1190.0
2004-06-01,1190.0,1190.0,1190.0,1190.0
2004-06-02,1190.0,1190.0,1160.0,1180.0
2004-06-03,1180.0,1180.0,1150.0,1150.0
2004-06-04,1110.0,1170.0,1110.0,1110.0
2004-06-07,1180.0,1180.0,1140.0,1180.0
2004-06-08,1180.0,1180.0,1170.0,1180.0
2004-06-09,1200.0,1200.0,1180.0,1180.0
2004-06-10,1160.0,1160.0,1160.0,1160.0
2004-06-11,1170.0,1170.0,1170.0,1170.0
2004-06-14,1180.0,1180.0,1170.0,1170.0
2004-06-15,1190.0,1230.0,1180.0,1230.0
2004-06-16,1230.0,1240.0,1220.0,1230.0
2004-06-17,1220.0,1220.0,1210.0,1210.0
2004-06-18,1210.0,1210.0,1190.0,1190.0
2004-06-21,1210.0,1210.0,1210.0,1210.0
2004-06-22,1190.0,1190.0,1190.0,1190.0
2004-06-23,1180.0,1190.0,1160.0,1160.0
2004-06-24,1170.0,1170.0,1170.0,1170.0
2004-06-25,1190.0,1200.0,1190.0,1200.0
2004-06-28,1200.0,1200.0,1200.0,1200.0
2004-06-29,1200.0,1250.0,1190.0,1250.0
2004-06-30,1270.0,1280.0,1230.0,1280.0
2004-07-01,1280.0,1290.0,1260.0,1290.0
2004-07-02,1280.0,1280.0,1250.0,1250.0
2004-07-05,1250.0,1250.0,1210.0,1210.0
2004-07-06,1220.0,1220.0,1200.0,1200.0
2004-07-07,1200.0,1200.0,1180.0,1180.0
2004-07-08,1190.0,1200.0,1190.0,1200.0
2004-07-09,1200.0,1200.0,1200.0,1200.0
2004-07-12,1260.0,1260.0,1210.0,1210.0
2004-07-13,1220.0,1220.0,1220.0,1220.0
2004-07-14,1260.0,1280.0,1220.0,1230.0
2004-07-15,1260.0,1290.0,1220.0,1220.0
2004-07-16,1250.0,1270.0,1210.0,1270.0
2004-07-19,1270.0,1270.0,1270.0,1270.0
2004-07-20,1280.0,1280.0,1210.0,1230.0
2004-07-21,1230.0,1230.0,1220.0,1230.0
2004-07-22,1220.0,1220.0,1180.0,1220.0
2004-07-23,1220.0,1230.0,1220.0,1230.0
2004-07-26,1180.0,1180.0,1180.0,1180.0
2004-07-27,1180.0,1180.0,1120.0,1120.0
2004-07-28,1150.0,1150.0,1120.0,1120.0
2004-07-29,1110.0,1110.0,1060.0,1060.0
2004-07-30,1070.0,1090.0,1060.0,1090.0
2004-08-02,1080.0,1080.0,1080.0,1080.0
2004-08-03,1080.0,1080.0,1050.0,1050.0
2004-08-04,1020.0,1020.0,1000.0,1010.0
2004-08-05,1040.0,1050.0,1040.0,1050.0
2004-08-06,1040.0,1100.0,1030.0,1040.0
2004-08-09,1010.0,1010.0,990.0,1010.0
2004-08-10,1010.0,1010.0,1000.0,1000.0
2004-08-11,1050.0,1070.0,1050.0,1050.0
2004-08-12,1040.0,1080.0,1040.0,1080.0
2004-08-13,1030.0,1040.0,1030.0,1040.0
2004-08-16,1020.0,1020.0,1020.0,1020.0
2004-08-17,1020.0,1030.0,1020.0,1020.0
2004-08-18,1030.0,1030.0,1030.0,1030.0
2004-08-19,1030.0,1030.0,1010.0,1010.0
2004-08-20,1010.0,1030.0,1010.0,1030.0
2004-08-23,1050.0,1050.0,1050.0,1050.0
2004-08-24,1070.0,1070.0,1060.0,1070.0
2004-08-25,1070.0,1070.0,1060.0,1060.0
2004-08-26,1070.0,1080.0,1070.0,1080.0
2004-08-27,1090.0,1090.0,1070.0,1090.0
2004-08-30,1100.0,1120.0,1100.0,1120.0
2004-08-31,1130.0,1130.0,1120.0,1120.0
2004-09-01,1120.0,1120.0,1090.0,1090.0
2004-09-02,1090.0,1100.0,1090.0,1090.0
2004-09-03,1090.0,1120.0,1090.0,1120.0
2004-09-06,1120.0,1120.0,1120.0,1120.0
2004-09-07,1120.0,1120.0,1100.0,1100.0
2004-09-08,1110.0,1120.0,1110.0,1120.0
2004-09-09,1130.0,1150.0,1130.0,1150.0
2004-09-10,1150.0,1150.0,1150.0,1150.0
2004-09-13,1150.0,1150.0,1150.0,1150.0
2004-09-14,1150.0,1150.0,1150.0,1150.0
2004-09-15,1150.0,1150.0,1150.0,1150.0
2004-09-16,1150.0,1150.0,1150.0,1150.0
2004-09-17,1160.0,1160.0,1150.0,1150.0
2004-09-20,1150.0,1150.0,1150.0,1150.0
2004-09-21,1140.0,1140.0,1140.0,1140.0
2004-09-22,1140.0,1140.0,1130.0,1130.0
2004-09-23,1130.0,1130.0,1130.0,1130.0
2004-09-24,1130.0,1130.0,1130.0,1130.0
2004-09-27,1130.0,1130.0,1100.0,1100.0
2004-09-28,1100.0,1100.0,1100.0,1100.0
2004-09-29,1050.0,1120.0,1050.0,1050.0
2004-09-30,1070.0,1100.0,1070.0,1090.0
2004-10-01,1090.0,1090.0,1080.0,1080.0
2004-10-04,1070.0,1100.0,1070.0,1100.0
2004-10-05,1100.0,1100.0,1100.0,1100.0
2004-10-06,1100.0,1100.0,1100.0,1100.0
2004-10-07,1100.0,1100.0,1090.0,1090.0
2004-10-08,1080.0,1090.0,1070.0,1080.0
2004-10-11,1080.0,1080.0,1080.0,1080.0
2004-10-12,1100.0,1100.0,1050.0,1050.0
2004-10-13,1060.0,1080.0,1060.0,1060.0
2004-10-14,1060.0,1060.0,1040.0,1040.0
2004-10-15,1020.0,1040.0,1020.0,1040.0
2004-10-18,1050.0,1050.0,1050.0,1050.0
2004-10-19,1050.0,1050.0,1040.0,1040.0
2004-10-20,1040.0,1040.0,1030.0,1030.0
2004-10-21,1020.0,1020.0,1020.0,1020.0
2004-10-22,1020.0,1020.0,1000.0,1000.0
2004-10-25,989.0,1000.0,989.0,1000.0
2004-10-26,1000.0,1000.0,990.0,990.0
2004-10-27,980.0,1000.0,980.0,1000.0
2004-10-28,1000.0,1010.0,1000.0,1000.0
2004-10-29,980.0,980.0,980.0,980.0
2004-11-01,990.0,990.0,960.0,960.0
2004-11-02,960.0,998.0,960.0,998.0
2004-11-03,998.0,998.0,998.0,998.0
2004-11-04,998.0,1020.0,998.0,1020.0
2004-11-05,1020.0,1020.0,1020.0,1020.0
2004-11-08,1020.0,1020.0,990.0,990.0
2004-11-09,980.0,980.0,960.0,960.0
2004-11-10,956.0,970.0,956.0,970.0
2004-11-11,970.0,980.0,960.0,980.0
2004-11-12,970.0,970.0,965.0,965.0
2004-11-15,970.0,970.0,970.0,970.0
2004-11-16,980.0,995.0,980.0,995.0
2004-11-17,1000.0,1000.0,1000.0,1000.0
2004-11-18,1010.0,1020.0,995.0,995.0
2004-11-19,975.0,989.0,975.0,975.0
2004-11-22,961.0,961.0,961.0,960.0
2004-11-23,960.0,960.0,960.0,960.0
2004-11-24,950.0,980.0,950.0,950.0
2004-11-25,950.0,960.0,950.0,950.0
2004-11-26,970.0,970.0,961.0,961.0
2004-11-29,981.0,1020.0,980.0,1020.0
2004-11-30,1040.0,1040.0,1030.0,1040.0
2004-12-01,1050.0,1050.0,1040.0,1050.0
2004-12-02,1050.0,1070.0,1040.0,1060.0
2004-12-03,1040.0,1050.0,1040.0,1050.0
2004-12-06,1020.0,1040.0,1000.0,1040.0
2004-12-07,1020.0,1020.0,1010.0,1010.0
2004-12-08,1010.0,1010.0,1010.0,1010.0
2004-12-09,1010.0,1030.0,1010.0,1010.0
2004-12-10,1020.0,1020.0,1020.0,1020.0
2004-12-13,960.0,1050.0,960.0,960.0
2004-12-14,1000.0,1000.0,1000.0,1000.0
2004-12-15,1000.0,1019.0,971.0,1019.0
2004-12-16,990.0,990.0,971.0,971.0
2004-12-17,973.0,1000.0,973.0,986.0
2004-12-20,980.0,990.0,980.0,990.0
2004-12-21,982.0,990.0,980.0,990.0
2004-12-22,1001.0,1009.0,1001.0,1002.0
2004-12-23,1002.0,1002.0,1002.0,1002.0
2004-12-24,1020.0,1020.0,1001.0,1020.0
2004-12-27,1021.0,1043.0,1021.0,1040.0
2004-12-28,1039.0,1040.0,1025.0,1040.0
2004-12-29,1041.0,1041.0,1031.0,1031.0
2004-12-30,1040.0,1045.0,1040.0,1045.0
2004-12-31,1045.0,1045.0,1045.0,1045.0
2005-01-03,1045.0,1045.0,1045.0,1045.0
2005-01-04,1080.0,1080.0,1050.0,1050.0
2005-01-05,1060.0,1070.0,1060.0,1070.0
2005-01-06,1071.0,1071.0,1005.0,1055.0
2005-01-07,1050.0,1070.0,1050.0,1070.0
2005-01-10,1070.0,1070.0,1070.0,1070.0
2005-01-11,1071.0,1090.0,1065.0,1065.0
2005-01-12,1070.0,1075.0,1065.0,1075.0
2005-01-13,1070.0,1070.0,1070.0,1070.0
2005-01-14,1050.0,1060.0,1040.0,1060.0
2005-01-17,1191.0,1200.0,1140.0,1160.0
2005-01-18,1160.0,1177.0,1130.0,1130.0
2005-01-19,1140.0,1150.0,1125.0,1150.0
2005-01-20,1120.0,1130.0,1120.0,1130.0
2005-01-21,1112.0,1130.0,1110.0,1130.0
2005-01-24,1113.0,1113.0,1113.0,1113.0
2005-01-25,1130.0,1130.0,1101.0,1120.0
2005-01-26,1120.0,1120.0,1112.0,1120.0
2005-01-27,1120.0,1120.0,1096.0,1096.0
2005-01-28,1120.0,1120.0,1096.0,1096.0
2005-01-31,1101.0,1101.0,1100.0,1100.0
2005-02-01,1121.0,1121.0,1100.0,1100.0
2005-02-02,1101.0,1120.0,1100.0,1100.0
2005-02-03,1104.0,1124.0,1103.0,1120.0
2005-02-04,1120.0,1120.0,1105.0,1120.0
2005-02-07,1119.0,1119.0,1103.0,1119.0
2005-02-08,1130.0,1130.0,1120.0,1125.0
2005-02-09,1139.0,1139.0,1139.0,1139.0
2005-02-10,1139.0,1141.0,1139.0,1141.0
2005-02-11,1141.0,1141.0,1141.0,1141.0
2005-02-14,1141.0,1141.0,1140.0,1141.0
2005-02-15,1141.0,1160.0,1141.0,1160.0
2005-02-16,1161.0,1240.0,1161.0,1228.0
2005-02-17,1228.0,1235.0,1220.0,1235.0
2005-02-18,1234.0,1234.0,1230.0,1230.0
2005-02-21,1224.0,1224.0,1205.0,1205.0
2005-02-22,1205.0,1220.0,1200.0,1220.0
2005-02-23,1220.0,1230.0,1205.0,1220.0
2005-02-24,1230.0,1250.0,1230.0,1230.0
2005-02-25,1250.0,1250.0,1241.0,1249.0
2005-02-28,1250.0,1300.0,1249.0,1281.0
2005-03-01,1281.0,1300.0,1280.0,1280.0
2005-03-02,1280.0,1290.0,1260.0,1280.0
2005-03-03,1283.0,1283.0,1280.0,1280.0
2005-03-04,1281.0,1281.0,1280.0,1280.0
2005-03-07,1280.0,1285.0,1280.0,1280.0
2005-03-08,1280.0,1290.0,1280.0,1290.0
2005-03-09,1281.0,1281.0,1260.0,1281.0
2005-03-10,1281.0,1281.0,1253.0,1253.0
2005-03-11,1233.0,1245.0,1233.0,1240.0
2005-03-14,1231.0,1231.0,1229.0,1230.0
2005-03-15,1230.0,1230.0,1190.0,1225.0
2005-03-16,1186.0,1200.0,1174.0,1181.0
2005-03-17,1177.0,1177.0,1174.0,1174.0
2005-03-18,1175.0,1200.0,1175.0,1200.0
2005-03-21,1200.0,1200.0,1200.0,1200.0
2005-03-22,1199.0,1200.0,1199.0,1200.0
2005-03-23,1200.0,1200.0,1194.0,1194.0
2005-03-24,1190.0,1195.0,1190.0,1195.0
2005-03-25,1180.0,1180.0,1165.0,1165.0
2005-03-28,1230.0,1230.0,1200.0,1208.0
2005-03-29,1221.0,1250.0,1210.0,1212.0
2005-03-30,1225.0,1225.0,1210.0,1210.0
2005-03-31,1221.0,1230.0,1221.0,1230.0
2005-04-01,1228.0,1228.0,1210.0,1220.0
2005-04-04,1208.0,1208.0,1200.0,1200.0
2005-04-05,1196.0,1199.0,1178.0,1189.0
2005-04-06,1203.0,1218.0,1203.0,1210.0
2005-04-07,1216.0,1217.0,1210.0,1210.0
2005-04-08,1212.0,1216.0,1211.0,1211.0
2005-04-11,1217.0,1217.0,1206.0,1206.0
2005-04-12,1214.0,1218.0,1214.0,1215.0
2005-04-13,1215.0,1218.0,1202.0,1215.0
2005-04-14,1209.0,1210.0,1203.0,1210.0
2005-04-15,1200.0,1200.0,1190.0,1195.0
2005-04-18,1174.0,1174.0,1120.0,1140.0
2005-04-19,1149.0,1180.0,1149.0,1170.0
2005-04-20,1172.0,1200.0,1172.0,1190.0
2005-04-21,1190.0,1190.0,1180.0,1180.0
2005-04-22,1193.0,1195.0,1185.0,1185.0
2005-04-25,1190.0,1190.0,1190.0,1190.0
2005-04-26,1205.0,1205.0,1205.0,1205.0
2005-04-27,1200.0,1200.0,1200.0,1200.0
2005-04-28,1200.0,1200.0,1180.0,1180.0
2005-04-29,1180.0,1180.0,1180.0,1180.0
2005-05-02,1200.0,1200.0,1185.0,1185.0
2005-05-03,1185.0,1185.0,1185.0,1185.0
2005-05-04,1185.0,1185.0,1185.0,1185.0
2005-05-05,1185.0,1185.0,1185.0,1185.0
2005-05-06,1195.0,1230.0,1195.0,1230.0
2005-05-09,1220.0,1220.0,1218.0,1219.0
2005-05-10,1223.0,1240.0,1222.0,1222.0
2005-05-11,1221.0,1245.0,1221.0,1221.0
2005-05-12,1221.0,1250.0,1221.0,1221.0
2005-05-13,1225.0,1225.0,1225.0,1225.0
2005-05-16,1230.0,1250.0,1230.0,1230.0
2005-05-17,1236.0,1260.0,1236.0,1239.0
2005-05-18,1241.0,1241.0,1240.0,1240.0
2005-05-19,1240.0,1260.0,1240.0,1260.0
2005-05-20,1260.0,1265.0,1235.0,1235.0
2005-05-23,1255.0,1255.0,1240.0,1240.0
2005-05-24,1241.0,1251.0,1241.0,1250.0
2005-05-25,1243.0,1245.0,1240.0,1240.0
2005-05-26,1239.0,1245.0,1237.0,1241.0
2005-05-27,1241.0,1250.0,1240.0,1245.0
2005-05-30,1240.0,1241.0,1240.0,1240.0
2005-05-31,1245.0,1250.0,1240.0,1242.0
2005-06-01,1245.0,1245.0,1242.0,1242.0
2005-06-02,1250.0,1250.0,1250.0,1250.0
2005-06-03,1250.0,1250.0,1240.0,1240.0
2005-06-06,1240.0,1240.0,1240.0,1240.0
2005-06-07,1255.0,1255.0,1255.0,1255.0
2005-06-08,1241.0,1241.0,1241.0,1241.0
2005-06-09,1241.0,1241.0,1240.0,1240.0
2005-06-10,1240.0,1240.0,1240.0,1240.0
2005-06-13,1250.0,1252.0,1240.0,1250.0
2005-06-14,1240.0,1240.0,1240.0,1240.0
2005-06-15,1240.0,1250.0,1240.0,1250.0
2005-06-16,1250.0,1250.0,1250.0,1250.0
2005-06-17,1250.0,1255.0,1240.0,1255.0
2005-06-20,1250.0,1266.0,1250.0,1255.0
2005-06-21,1260.0,1260.0,1260.0,1260.0
2005-06-22,1250.0,1260.0,1240.0,1241.0
2005-06-23,1240.0,1254.0,1240.0,1254.0
2005-06-24,1241.0,1241.0,1241.0,1241.0
2005-06-27,1241.0,1241.0,1240.0,1240.0
2005-06-28,1260.0,1260.0,1260.0,1260.0
2005-06-29,1240.0,1248.0,1240.0,1240.0
2005-06-30,1240.0,1240.0,1240.0,1240.0
2005-07-01,1260.0,1260.0,1240.0,1260.0
2005-07-04,1270.0,1270.0,1260.0,1260.0
2005-07-05,1270.0,1280.0,1270.0,1280.0
2005-07-06,1280.0,1284.0,1240.0,1240.0
2005-07-07,1245.0,1260.0,1245.0,1260.0
2005-07-08,1260.0,1280.0,1250.0,1280.0
2005-07-11,1280.0,1280.0,1260.0,1270.0
2005-07-12,1251.0,1251.0,1245.0,1250.0
2005-07-13,1240.0,1250.0,1240.0,1250.0
2005-07-14,1251.0,1260.0,1250.0,1260.0
2005-07-15,1269.0,1270.0,1245.0,1260.0
2005-07-18,1260.0,1260.0,1260.0,1260.0
2005-07-19,1260.0,1260.0,1260.0,1260.0
2005-07-20,1270.0,1280.0,1254.0,1265.0
2005-07-21,1260.0,1269.0,1260.0,1261.0
2005-07-22,1258.0,1285.0,1255.0,1285.0
2005-07-25,1290.0,1320.0,1290.0,1295.0
2005-07-26,1296.0,1310.0,1295.0,1310.0
2005-07-27,1310.0,1315.0,1300.0,1310.0
2005-07-28,1309.0,1309.0,1280.0,1280.0
2005-07-29,1271.0,1271.0,1270.0,1270.0
2005-08-01,1303.0,1303.0,1271.0,1275.0
2005-08-02,1335.0,1340.0,1310.0,1320.0
2005-08-03,1320.0,1320.0,1304.0,1304.0
2005-08-04,1280.0,1280.0,1275.0,1275.0
2005-08-05,1265.0,1265.0,1265.0,1265.0
2005-08-08,1251.0,1251.0,1250.0,1250.0
2005-08-09,1251.0,1280.0,1251.0,1280.0
2005-08-10,1280.0,1298.0,1280.0,1298.0
2005-08-11,1278.0,1290.0,1278.0,1290.0
2005-08-12,1289.0,1289.0,1289.0,1289.0
2005-08-15,1281.0,1281.0,1270.0,1277.0
2005-08-16,1273.0,1273.0,1273.0,1273.0
2005-08-17,1271.0,1271.0,1270.0,1270.0
2005-08-18,1265.0,1265.0,1260.0,1260.0
2005-08-19,1260.0,1260.0,1260.0,1260.0
2005-08-22,1275.0,1275.0,1260.0,1260.0
2005-08-23,1262.0,1262.0,1251.0,1260.0
2005-08-24,1259.0,1259.0,1250.0,1250.0
2005-08-25,1260.0,1260.0,1250.0,1260.0
2005-08-26,1261.0,1270.0,1260.0,1260.0
2005-08-29,1260.0,1260.0,1260.0,1260.0
2005-08-30,1260.0,1260.0,1255.0,1255.0
2005-08-31,1255.0,1255.0,1250.0,1250.0
2005-09-01,1259.0,1260.0,1259.0,1260.0
2005-09-02,1259.0,1259.0,1250.0,1250.0
2005-09-05,1251.0,1268.0,1250.0,1268.0
2005-09-06,1259.0,1270.0,1250.0,1270.0
2005-09-07,1270.0,1275.0,1270.0,1275.0
2005-09-08,1275.0,1275.0,1270.0,1270.0
2005-09-09,1280.0,1300.0,1260.0,1300.0
2005-09-12,1308.0,1308.0,1300.0,1300.0
2005-09-13,1289.0,1289.0,1289.0,1289.0
2005-09-14,1300.0,1300.0,1300.0,1300.0
2005-09-15,1300.0,1300.0,1290.0,1290.0
2005-09-16,1299.0,1299.0,1280.0,1280.0
2005-09-19,1280.0,1280.0,1280.0,1280.0
2005-09-20,1299.0,1330.0,1299.0,1300.0
2005-09-21,1305.0,1315.0,1305.0,1311.0
2005-09-22,1309.0,1310.0,1300.0,1310.0
2005-09-23,1310.0,1310.0,1310.0,1310.0
2005-09-26,1309.0,1340.0,1302.0,1302.0
2005-09-27,1330.0,1330.0,1320.0,1320.0
2005-09-28,1355.0,1355.0,1345.0,1345.0
2005-09-29,1350.0,1370.0,1345.0,1365.0
2005-09-30,1380.0,1380.0,1351.0,1370.0
2005-10-03,1370.0,1370.0,1360.0,1360.0
2005-10-04,1360.0,1390.0,1360.0,1380.0
2005-10-05,1398.0,1430.0,1398.0,1430.0
2005-10-06,1429.0,1440.0,1400.0,1400.0
2005-10-07,1410.0,1420.0,1410.0,1420.0
2005-10-10,1420.0,1420.0,1420.0,1420.0
2005-10-11,1420.0,1420.0,1420.0,1420.0
2005-10-12,1420.0,1440.0,1420.0,1440.0
2005-10-13,1450.0,1450.0,1440.0,1440.0
2005-10-14,1410.0,1445.0,1410.0,1410.0
2005-10-17,1420.0,1445.0,1420.0,1445.0
2005-10-18,1425.0,1450.0,1420.0,1450.0
2005-10-19,1450.0,1450.0,1372.0,1399.0
2005-10-20,1379.0,1400.0,1373.0,1400.0
2005-10-21,1400.0,1414.0,1400.0,1414.0
2005-10-24,1410.0,1420.0,1410.0,1410.0
2005-10-25,1415.0,1415.0,1415.0,1415.0
2005-10-26,1405.0,1405.0,1405.0,1405.0
2005-10-27,1410.0,1420.0,1410.0,1420.0
2005-10-28,1420.0,1420.0,1390.0,1390.0
2005-10-31,1396.0,1400.0,1390.0,1390.0
2005-11-01,1430.0,1430.0,1400.0,1410.0
2005-11-02,1418.0,1418.0,1390.0,1390.0
2005-11-03,1390.0,1390.0,1390.0,1390.0
2005-11-04,1401.0,1410.0,1395.0,1395.0
2005-11-07,1400.0,1400.0,1385.0,1385.0
2005-11-08,1390.0,1390.0,1382.0,1382.0
2005-11-09,1381.0,1415.0,1381.0,1415.0
2005-11-10,1430.0,1440.0,1415.0,1416.0
2005-11-11,1420.0,1440.0,1420.0,1420.0
2005-11-14,1420.0,1420.0,1415.0,1415.0
2005-11-15,1440.0,1440.0,1410.0,1410.0
2005-11-16,1410.0,1410.0,1410.0,1410.0
2005-11-17,1411.0,1411.0,1410.0,1410.0
2005-11-18,1402.0,1410.0,1402.0,1410.0
2005-11-21,1490.0,1550.0,1490.0,1500.0
2005-11-22,1580.0,1580.0,1490.0,1500.0
2005-11-23,1500.0,1500.0,1500.0,1500.0
2005-11-24,1511.0,1520.0,1500.0,1511.0
2005-11-25,1510.0,1511.0,1500.0,1511.0
2005-11-28,1511.0,1511.0,1511.0,1511.0
2005-11-29,1509.0,1509.0,1509.0,1509.0
2005-11-30,1515.0,1528.0,1492.0,1525.0
2005-12-01,1549.0,1560.0,1510.0,1538.0
2005-12-02,1520.0,1590.0,1520.0,1560.0
2005-12-05,1570.0,1577.0,1570.0,1577.0
2005-12-06,1576.0,1598.0,1576.0,1598.0
2005-12-07,1599.0,1600.0,1580.0,1580.0
2005-12-08,1580.0,1590.0,1495.0,1500.0
2005-12-09,1500.0,1530.0,1500.0,1530.0
2005-12-12,1560.0,1560.0,1525.0,1550.0
2005-12-13,1580.0,1590.0,1561.0,1580.0
2005-12-14,1590.0,1590.0,1575.0,1575.0
2005-12-15,1569.0,1569.0,1545.0,1560.0
2005-12-16,1562.0,1590.0,1562.0,1590.0
2005-12-19,1613.0,1670.0,1612.0,1670.0
2005-12-20,1660.0,1780.0,1650.0,1780.0
2005-12-21,1759.0,1770.0,1731.0,1752.0
2005-12-22,1760.0,1770.0,1745.0,1745.0
2005-12-23,1745.0,1745.0,1745.0,1745.0
2005-12-26,1770.0,1770.0,1765.0,1765.0
2005-12-27,1766.0,1766.0,1750.0,1750.0
2005-12-28,1550.0,1645.0,1541.0,1645.0
2005-12-29,1629.0,1629.0,1580.0,1592.0
2005-12-30,1609.0,1640.0,1600.0,1616.0
2006-01-02,1616.0,1616.0,1616.0,1616.0
2006-01-03,1616.0,1616.0,1616.0,1616.0
2006-01-04,1676.0,1676.0,1670.0,1670.0
2006-01-05,1670.0,1685.0,1670.0,1685.0
2006-01-06,1691.0,1691.0,1656.0,1656.0
2006-01-09,1656.0,1656.0,1656.0,1656.0
2006-01-10,1686.0,1686.0,1675.0,1680.0
2006-01-11,1698.0,1700.0,1680.0,1685.0
2006-01-12,1700.0,1732.0,1685.0,1732.0
2006-01-13,1731.0,1750.0,1730.0,1750.0
2006-01-16,1780.0,1780.0,1740.0,1740.0
2006-01-17,1740.0,1740.0,1650.0,1650.0
2006-01-18,1650.0,1650.0,1511.0,1511.0
2006-01-19,1485.0,1600.0,1485.0,1600.0
2006-01-20,1626.0,1626.0,1620.0,1620.0
2006-01-23,1613.0,1613.0,1550.0,1555.0
2006-01-24,1560.0,1560.0,1520.0,1550.0
2006-01-25,1630.0,1670.0,1630.0,1670.0
2006-01-26,1650.0,1670.0,1650.0,1670.0
2006-01-27,1700.0,1710.0,1700.0,1705.0
2006-01-30,1745.0,1745.0,1710.0,1710.0
2006-01-31,1730.0,1745.0,1710.0,1710.0
2006-02-01,1720.0,1720.0,1710.0,1710.0
2006-02-02,1739.0,1739.0,1680.0,1680.0
2006-02-03,1680.0,1680.0,1665.0,1665.0
2006-02-06,1705.0,1705.0,1700.0,1700.0
2006-02-07,1695.0,1695.0,1695.0,1695.0
2006-02-08,1655.0,1700.0,1655.0,1655.0
2006-02-09,1695.0,1695.0,1650.0,1650.0
2006-02-10,1650.0,1659.0,1640.0,1659.0
2006-02-13,1650.0,1670.0,1600.0,1650.0
2006-02-14,1647.0,1647.0,1550.0,1570.0
2006-02-15,1630.0,1630.0,1590.0,1590.0
2006-02-16,1591.0,1591.0,1591.0,1591.0
2006-02-17,1620.0,1620.0,1580.0,1580.0
2006-02-20,1500.0,1500.0,1500.0,1500.0
2006-02-21,1489.0,1490.0,1450.0,1490.0
2006-02-22,1491.0,1550.0,1490.0,1492.0
2006-02-23,1490.0,1495.0,1490.0,1490.0
2006-02-24,1502.0,1550.0,1502.0,1516.0
2006-02-27,1546.0,1570.0,1545.0,1550.0
2006-02-28,1556.0,1570.0,1556.0,1570.0
2006-03-01,1590.0,1649.0,1580.0,1649.0
2006-03-02,1649.0,1649.0,1559.0,1600.0
2006-03-03,1594.0,1600.0,1594.0,1600.0
2006-03-06,1593.0,1594.0,1553.0,1553.0
2006-03-07,1599.0,1599.0,1595.0,1595.0
2006-03-08,1594.0,1610.0,1590.0,1600.0
2006-03-09,1615.0,1620.0,1500.0,1600.0
2006-03-10,1620.0,1620.0,1600.0,1620.0
2006-03-13,1650.0,1650.0,1620.0,1634.0
2006-03-14,1604.0,1604.0,1586.0,1586.0
2006-03-15,1600.0,1601.0,1600.0,1600.0
2006-03-16,1620.0,1620.0,1603.0,1620.0
2006-03-17,1640.0,1670.0,1640.0,1670.0
2006-03-20,1690.0,1690.0,1655.0,1690.0
2006-03-21,1690.0,1690.0,1690.0,1690.0
2006-03-22,1680.0,1730.0,1680.0,1730.0
2006-03-23,1731.0,1735.0,1700.0,1700.0
2006-03-24,1725.0,1725.0,1725.0,1725.0
2006-03-27,1750.0,1760.0,1750.0,1750.0
2006-03-28,1750.0,1760.0,1740.0,1760.0
2006-03-29,1770.0,1785.0,1765.0,1785.0
2006-03-30,1790.0,1800.0,1780.0,1795.0
2006-03-31,1800.0,1820.0,1780.0,1816.0
2006-04-03,1936.0,1943.0,1925.0,1941.0
2006-04-04,1938.0,1943.0,1933.0,1943.0
2006-04-05,1943.0,1974.0,1888.0,1920.0
2006-04-06,1862.0,1920.0,1862.0,1910.0
2006-04-07,1910.0,1940.0,1899.0,1900.0
2006-04-10,1870.0,1870.0,1830.0,1860.0
2006-04-11,1861.0,1930.0,1861.0,1910.0
2006-04-12,1930.0,1934.0,1900.0,1930.0
2006-04-13,1940.0,1940.0,1910.0,1915.0
2006-04-14,1920.0,1925.0,1900.0,1900.0
2006-04-17,1901.0,1904.0,1760.0,1900.0
2006-04-18,1910.0,1945.0,1860.0,1910.0
2006-04-19,1935.0,1935.0,1910.0,1910.0
2006-04-20,1939.0,1939.0,1910.0,1910.0
2006-04-21,1910.0,1920.0,1890.0,1910.0
2006-04-24,1920.0,1920.0,1900.0,1910.0
2006-04-25,1880.0,1910.0,1860.0,1872.0
2006-04-26,1842.0,1890.0,1842.0,1870.0
2006-04-27,1900.0,1950.0,1890.0,1950.0
2006-04-28,1950.0,1980.0,1950.0,1980.0
2006-05-01,1981.0,2100.0,1980.0,2100.0
2006-05-02,2080.0,2110.0,2050.0,2110.0
2006-05-03,2110.0,2110.0,2110.0,2110.0
2006-05-04,2110.0,2110.0,2110.0,2110.0
2006-05-05,2110.0,2110.0,2110.0,2110.0
2006-05-08,2110.0,2110.0,2000.0,2100.0
2006-05-09,2090.0,2090.0,2070.0,2080.0
2006-05-10,2055.0,2110.0,2030.0,2110.0
2006-05-11,2130.0,2130.0,2050.0,2050.0
2006-05-12,1940.0,2000.0,1940.0,2000.0
2006-05-15,2000.0,2000.0,1950.0,1960.0
2006-05-16,1950.0,1950.0,1870.0,1885.0
2006-05-17,1900.0,2010.0,1900.0,1908.0
2006-05-18,1910.0,1910.0,1848.0,1850.0
2006-05-19,1876.0,1900.0,1875.0,1875.0
2006-05-22,1905.0,1970.0,1900.0,1960.0
2006-05-23,1960.0,1960.0,1852.0,1902.0
2006-05-24,1962.0,1962.0,1902.0,1902.0
2006-05-25,1950.0,1950.0,1950.0,1950.0
2006-05-26,1949.0,1949.0,1917.0,1917.0
2006-05-29,1912.0,1915.0,1905.0,1915.0
2006-05-30,1890.0,1890.0,1870.0,1871.0
2006-05-31,1891.0,1891.0,1885.0,1890.0
2006-06-01,1891.0,1900.0,1830.0,1830.0
2006-06-02,1800.0,1820.0,1750.0,1820.0
2006-06-05,1820.0,1820.0,1760.0,1780.0
2006-06-06,1690.0,1730.0,1690.0,1720.0
2006-06-07,1700.0,1715.0,1622.0,1630.0
2006-06-08,1645.0,1645.0,1590.0,1600.0
2006-06-09,1600.0,1600.0,1570.0,1570.0
2006-06-12,1600.0,1615.0,1580.0,1615.0
2006-06-13,1565.0,1565.0,1550.0,1555.0
2006-06-14,1555.0,1555.0,1470.0,1500.0
2006-06-15,1517.0,1530.0,1500.0,1520.0
2006-06-16,1590.0,1690.0,1560.0,1635.0
2006-06-19,1695.0,1740.0,1680.0,1730.0
2006-06-20,1750.0,1775.0,1650.0,1775.0
2006-06-21,1655.0,1775.0,1655.0,1706.0
2006-06-22,1760.0,1790.0,1750.0,1780.0
2006-06-23,1750.0,1750.0,1750.0,1750.0
2006-06-26,1760.0,1770.0,1720.0,1720.0
2006-06-27,1760.0,1765.0,1740.0,1765.0
2006-06-28,1750.0,1760.0,1730.0,1730.0
2006-06-29,1730.0,1730.0,1690.0,1700.0
2006-06-30,1820.0,1820.0,1790.0,1790.0
2006-07-03,1730.0,1760.0,1670.0,1750.0
2006-07-04,1750.0,1750.0,1730.0,1740.0
2006-07-05,1730.0,1750.0,1721.0,1750.0
2006-07-06,1731.0,1731.0,1730.0,1730.0
2006-07-07,1731.0,1760.0,1720.0,1740.0
2006-07-10,1830.0,1850.0,1780.0,1780.0
2006-07-11,1790.0,1850.0,1780.0,1820.0
2006-07-12,1850.0,1850.0,1800.0,1839.0
2006-07-13,1829.0,1829.0,1780.0,1820.0
2006-07-14,1790.0,1800.0,1761.0,1780.0
2006-07-17,1780.0,1780.0,1780.0,1780.0
2006-07-18,1756.0,1756.0,1630.0,1690.0
2006-07-19,1631.0,1685.0,1631.0,1632.0
2006-07-20,1639.0,1681.0,1639.0,1670.0
2006-07-21,1650.0,1651.0,1620.0,1621.0
2006-07-24,1621.0,1665.0,1600.0,1600.0
2006-07-25,1620.0,1640.0,1610.0,1620.0
2006-07-26,1600.0,1610.0,1580.0,1580.0
2006-07-27,1561.0,1562.0,1520.0,1541.0
2006-07-28,1541.0,1542.0,1530.0,1530.0
2006-07-31,1560.0,1560.0,1520.0,1541.0
2006-08-01,1540.0,1540.0,1530.0,1531.0
2006-08-02,1532.0,1550.0,1530.0,1549.0
2006-08-03,1560.0,1577.0,1531.0,1531.0
2006-08-04,1531.0,1540.0,1526.0,1526.0
2006-08-07,1495.0,1509.0,1490.0,1506.0
2006-08-08,1506.0,1506.0,1491.0,1500.0
2006-08-09,1500.0,1515.0,1496.0,1500.0
2006-08-10,1500.0,1504.0,1496.0,1500.0
2006-08-11,1500.0,1500.0,1490.0,1490.0
2006-08-14,1492.0,1496.0,1476.0,1490.0
2006-08-15,1495.0,1560.0,1490.0,1520.0
2006-08-16,1535.0,1569.0,1535.0,1565.0
2006-08-17,1568.0,1568.0,1520.0,1560.0
2006-08-18,1588.0,1600.0,1560.0,1600.0
2006-08-21,1620.0,1663.0,1590.0,1600.0
2006-08-22,1590.0,1665.0,1590.0,1600.0
2006-08-23,1604.0,1610.0,1590.0,1603.0
2006-08-24,1620.0,1620.0,1591.0,1600.0
2006-08-25,1590.0,1600.0,1572.0,1572.0
2006-08-28,1560.0,1560.0,1530.0,1530.0
2006-08-29,1528.0,1528.0,1525.0,1527.0
2006-08-30,1523.0,1528.0,1520.0,1527.0
2006-08-31,1527.0,1527.0,1516.0,1525.0
2006-09-01,1530.0,1555.0,1530.0,1555.0
2006-09-04,1591.0,1605.0,1585.0,1605.0
2006-09-05,1611.0,1645.0,1611.0,1625.0
2006-09-06,1645.0,1645.0,1615.0,1615.0
2006-09-07,1615.0,1615.0,1576.0,1580.0
2006-09-08,1580.0,1600.0,1570.0,1570.0
2006-09-11,1570.0,1570.0,1500.0,1510.0
2006-09-12,1520.0,1521.0,1515.0,1520.0
2006-09-13,1525.0,1525.0,1501.0,1518.0
2006-09-14,1480.0,1488.0,1472.0,1480.0
2006-09-15,1480.0,1480.0,1470.0,1476.0
2006-09-18,1476.0,1476.0,1476.0,1476.0
2006-09-19,1474.0,1475.0,1471.0,1473.0
2006-09-20,1473.0,1474.0,1465.0,1470.0
2006-09-21,1473.0,1475.0,1457.0,1474.0
2006-09-22,1480.0,1484.0,1475.0,1482.0
2006-09-25,1514.0,1514.0,1500.0,1503.0
2006-09-26,1510.0,1510.0,1485.0,1498.0
2006-09-27,1492.0,1501.0,1486.0,1500.0
2006-09-28,1501.0,1505.0,1498.0,1503.0
2006-09-29,1500.0,1520.0,1500.0,1507.0
2006-10-02,1501.0,1515.0,1496.0,1515.0
2006-10-03,1510.0,1515.0,1500.0,1510.0
2006-10-04,1515.0,1526.0,1502.0,1526.0
2006-10-05,1524.0,1524.0,1505.0,1515.0
2006-10-06,1516.0,1516.0,1508.0,1511.0
2006-10-09,1511.0,1511.0,1511.0,1511.0
2006-10-10,1509.0,1511.0,1503.0,1510.0
2006-10-11,1510.0,1511.0,1501.0,1502.0
2006-10-12,1499.0,1499.0,1475.0,1476.0
2006-10-13,1486.0,1486.0,1478.0,1483.0
2006-10-16,1502.0,1502.0,1487.0,1494.0
2006-10-17,1500.0,1501.0,1494.0,1498.0
2006-10-18,1500.0,1500.0,1498.0,1499.0
2006-10-19,1500.0,1500.0,1491.0,1494.0
2006-10-20,1496.0,1504.0,1495.0,1504.0
2006-10-23,1505.0,1510.0,1500.0,1510.0
2006-10-24,1550.0,1580.0,1547.0,1567.0
2006-10-25,1570.0,1582.0,1566.0,1566.0
2006-10-26,1568.0,1579.0,1566.0,1566.0
2006-10-27,1570.0,1589.0,1566.0,1580.0
2006-10-30,1570.0,1594.0,1570.0,1581.0
2006-10-31,1598.0,1651.0,1598.0,1631.0
2006-11-01,1640.0,1679.0,1631.0,1661.0
2006-11-02,1657.0,1672.0,1650.0,1669.0
2006-11-03,1669.0,1669.0,1669.0,1669.0
2006-11-06,1661.0,1661.0,1640.0,1650.0
2006-11-07,1633.0,1633.0,1590.0,1590.0
2006-11-08,1577.0,1590.0,1575.0,1577.0
2006-11-09,1575.0,1577.0,1560.0,1560.0
2006-11-10,1565.0,1570.0,1530.0,1534.0
2006-11-13,1535.0,1535.0,1505.0,1520.0
2006-11-14,1540.0,1550.0,1520.0,1545.0
2006-11-15,1550.0,1585.0,1549.0,1580.0
2006-11-16,1595.0,1599.0,1562.0,1575.0
2006-11-17,1590.0,1590.0,1575.0,1575.0
2006-11-20,1575.0,1600.0,1553.0,1559.0
2006-11-21,1554.0,1585.0,1552.0,1584.0
2006-11-22,1580.0,1580.0,1530.0,1580.0
2006-11-23,1580.0,1580.0,1580.0,1580.0
2006-11-24,1573.0,1575.0,1566.0,1575.0
2006-11-27,1555.0,1583.0,1550.0,1583.0
2006-11-28,1581.0,1581.0,1540.0,1575.0
2006-11-29,1555.0,1610.0,1555.0,1610.0
2006-11-30,1615.0,1625.0,1600.0,1610.0
2006-12-01,1616.0,1616.0,1580.0,1592.0
2006-12-04,1585.0,1615.0,1585.0,1615.0
2006-12-05,1612.0,1612.0,1588.0,1596.0
2006-12-06,1590.0,1617.0,1590.0,1617.0
2006-12-07,1610.0,1627.0,1605.0,1620.0
2006-12-08,1625.0,1628.0,1611.0,1611.0
2006-12-11,1615.0,1620.0,1612.0,1620.0
2006-12-12,1619.0,1620.0,1615.0,1615.0
2006-12-13,1611.0,1622.0,1611.0,1615.0
2006-12-14,1621.0,1645.0,1610.0,1633.0
2006-12-15,1650.0,1670.0,1650.0,1652.0
2006-12-18,1666.0,1697.0,1666.0,1685.0
2006-12-19,1690.0,1740.0,1680.0,1730.0
2006-12-20,1724.0,1770.0,1724.0,1740.0
2006-12-21,1730.0,1745.0,1730.0,1735.0
2006-12-22,1750.0,1765.0,1730.0,1765.0
2006-12-25,1759.0,1780.0,1727.0,1779.0
2006-12-26,1800.0,1800.0,1765.0,1780.0
2006-12-27,1800.0,1800.0,1760.0,1775.0
2006-12-28,1774.0,1799.0,1730.0,1737.0
2006-12-29,1735.0,1735.0,1730.0,1733.0
2007-01-04,1762.0,1770.0,1703.0,1730.0
2007-01-05,1732.0,1732.0,1700.0,1703.0
2007-01-09,1703.0,1740.0,1701.0,1740.0
2007-01-10,1748.0,1748.0,1718.0,1725.0
2007-01-11,1730.0,1740.0,1720.0,1740.0
2007-01-12,1710.0,1740.0,1710.0,1737.0
2007-01-15,1749.0,1750.0,1730.0,1736.0
2007-01-16,1756.0,1760.0,1720.0,1726.0
2007-01-17,1728.0,1735.0,1724.0,1735.0
2007-01-18,1726.0,1735.0,1724.0,1734.0
2007-01-19,1736.0,1737.0,1730.0,1737.0
2007-01-22,1750.0,1763.0,1745.0,1750.0
2007-01-23,1750.0,1760.0,1735.0,1760.0
2007-01-24,1762.0,1763.0,1751.0,1751.0
2007-01-25,1760.0,1800.0,1750.0,1780.0
2007-01-26,1794.0,1794.0,1780.0,1780.0
2007-01-29,1780.0,1785.0,1750.0,1760.0
2007-01-30,1780.0,1780.0,1750.0,1780.0
2007-01-31,1773.0,1795.0,1750.0,1795.0
2007-02-01,1790.0,1796.0,1760.0,1796.0
2007-02-02,1795.0,1796.0,1780.0,1781.0
2007-02-05,1782.0,1782.0,1760.0,1781.0
2007-02-06,1771.0,1780.0,1771.0,1780.0
2007-02-07,1779.0,1790.0,1770.0,1775.0
2007-02-08,1775.0,1780.0,1770.0,1775.0
2007-02-09,1776.0,1780.0,1776.0,1780.0
2007-02-13,1780.0,1795.0,1780.0,1795.0
2007-02-14,1794.0,1798.0,1781.0,1798.0
2007-02-15,1790.0,1820.0,1775.0,1800.0
2007-02-16,1799.0,1820.0,1799.0,1820.0
2007-02-19,1821.0,1830.0,1820.0,1820.0
2007-02-20,1820.0,1839.0,1817.0,1839.0
2007-02-21,1835.0,1835.0,1825.0,1825.0
2007-02-22,1828.0,1829.0,1820.0,1829.0
2007-02-23,1821.0,1870.0,1820.0,1860.0
2007-02-26,1860.0,1890.0,1820.0,1880.0
2007-02-27,1860.0,1900.0,1860.0,1900.0
2007-02-28,1790.0,1870.0,1760.0,1840.0
2007-03-01,1900.0,1910.0,1860.0,1899.0
2007-03-02,1899.0,1912.0,1893.0,1910.0
2007-03-05,1895.0,1900.0,1865.0,1870.0
2007-03-06,1845.0,1860.0,1820.0,1850.0
2007-03-07,1860.0,1890.0,1852.0,1890.0
2007-03-08,1900.0,1930.0,1895.0,1929.0
2007-03-09,1929.0,1930.0,1895.0,1900.0
2007-03-12,1900.0,1920.0,1890.0,1895.0
2007-03-13,1900.0,1910.0,1875.0,1890.0
2007-03-14,1830.0,1855.0,1812.0,1855.0
2007-03-15,1855.0,1855.0,1809.0,1815.0
2007-03-16,1785.0,1800.0,1766.0,1780.0
2007-03-19,1780.0,1840.0,1780.0,1835.0
2007-03-20,1834.0,1834.0,1825.0,1830.0
2007-03-22,1830.0,1840.0,1824.0,1830.0
2007-03-23,1829.0,1829.0,1760.0,1810.0
2007-03-26,1811.0,1838.0,1799.0,1799.0
2007-03-27,1800.0,1800.0,1790.0,1793.0
2007-03-28,1794.0,1800.0,1793.0,1800.0
2007-03-29,1798.0,1810.0,1795.0,1810.0
2007-03-30,1810.0,1820.0,1810.0,1820.0
2007-04-02,1819.0,1819.0,1780.0,1780.0
2007-04-03,1800.0,1800.0,1775.0,1795.0
2007-04-04,1794.0,1794.0,1785.0,1785.0
2007-04-05,1786.0,1790.0,1786.0,1790.0
2007-04-06,1781.0,1781.0,1750.0,1750.0
2007-04-09,1750.0,1750.0,1727.0,1727.0
2007-04-10,1727.0,1750.0,1722.0,1745.0
2007-04-11,1739.0,1739.0,1725.0,1725.0
2007-04-12,1721.0,1721.0,1713.0,1715.0
2007-04-13,1715.0,1715.0,1707.0,1707.0
2007-04-16,1700.0,1700.0,1620.0,1680.0
2007-04-17,1670.0,1670.0,1600.0,1601.0
2007-04-18,1620.0,1620.0,1565.0,1590.0
2007-04-19,1579.0,1598.0,1570.0,1571.0
2007-04-20,1571.0,1571.0,1535.0,1540.0
2007-04-23,1539.0,1540.0,1490.0,1500.0
2007-04-24,1476.0,1580.0,1476.0,1580.0
2007-04-25,1581.0,1581.0,1550.0,1560.0
2007-04-26,1576.0,1597.0,1560.0,1590.0
2007-04-27,1590.0,1625.0,1556.0,1620.0
2007-05-01,1668.0,1672.0,1650.0,1650.0
2007-05-02,1660.0,1684.0,1660.0,1684.0
2007-05-07,1660.0,1661.0,1600.0,1618.0
2007-05-08,1620.0,1670.0,1620.0,1645.0
2007-05-09,1645.0,1660.0,1640.0,1650.0
2007-05-10,1670.0,1670.0,1655.0,1666.0
2007-05-11,1610.0,1625.0,1600.0,1610.0
2007-05-14,1613.0,1617.0,1610.0,1615.0
2007-05-15,1615.0,1615.0,1550.0,1560.0
2007-05-16,1550.0,1565.0,1530.0,1565.0
2007-05-17,1565.0,1583.0,1560.0,1560.0
2007-05-18,1550.0,1555.0,1535.0,1539.0
2007-05-21,1531.0,1539.0,1510.0,1537.0
2007-05-22,1526.0,1548.0,1526.0,1540.0
2007-05-23,1541.0,1550.0,1540.0,1548.0
2007-05-24,1551.0,1555.0,1541.0,1548.0
2007-05-25,1548.0,1548.0,1530.0,1545.0
2007-05-28,1545.0,1545.0,1531.0,1539.0
2007-05-29,1539.0,1560.0,1500.0,1550.0
2007-05-30,1560.0,1560.0,1540.0,1560.0
2007-05-31,1561.0,1580.0,1560.0,1561.0
2007-06-01,1580.0,1580.0,1561.0,1575.0
2007-06-04,1590.0,1590.0,1570.0,1580.0
2007-06-05,1579.0,1579.0,1560.0,1560.0
2007-06-06,1550.0,1567.0,1550.0,1550.0
2007-06-07,1550.0,1551.0,1526.0,1537.0
2007-06-08,1528.0,1537.0,1505.0,1537.0
2007-06-11,1567.0,1567.0,1530.0,1530.0
2007-06-12,1530.0,1544.0,1525.0,1527.0
2007-06-13,1506.0,1520.0,1500.0,1501.0
2007-06-14,1499.0,1520.0,1480.0,1520.0
2007-06-15,1512.0,1513.0,1502.0,1505.0
2007-06-18,1525.0,1538.0,1514.0,1525.0
2007-06-19,1515.0,1530.0,1515.0,1530.0
2007-06-20,1525.0,1530.0,1516.0,1525.0
2007-06-21,1525.0,1528.0,1511.0,1515.0
2007-06-22,1519.0,1539.0,1519.0,1539.0
2007-06-25,1541.0,1555.0,1541.0,1544.0
2007-06-26,1550.0,1550.0,1533.0,1550.0
2007-06-27,1556.0,1562.0,1531.0,1532.0
2007-06-28,1537.0,1550.0,1537.0,1538.0
2007-06-29,1542.0,1547.0,1541.0,1546.0
2007-07-02,1560.0,1580.0,1550.0,1579.0
2007-07-03,1591.0,1595.0,1581.0,1583.0
2007-07-04,1585.0,1585.0,1565.0,1568.0
2007-07-05,1570.0,1573.0,1569.0,1569.0
2007-07-06,1571.0,1590.0,1567.0,1581.0
2007-07-09,1585.0,1629.0,1585.0,1615.0
2007-07-10,1512.0,1540.0,1511.0,1533.0
2007-07-11,1525.0,1525.0,1510.0,1516.0
2007-07-12,1518.0,1518.0,1480.0,1480.0
2007-07-13,1491.0,1495.0,1482.0,1482.0
2007-07-17,1481.0,1490.0,1480.0,1481.0
2007-07-18,1480.0,1485.0,1480.0,1482.0
2007-07-19,1484.0,1484.0,1480.0,1480.0
2007-07-20,1485.0,1485.0,1445.0,1450.0
2007-07-23,1410.0,1420.0,1400.0,1403.0
2007-07-24,1402.0,1430.0,1402.0,1405.0
2007-07-25,1410.0,1430.0,1410.0,1415.0
2007-07-26,1405.0,1405.0,1360.0,1394.0
2007-07-27,1390.0,1390.0,1359.0,1364.0
2007-07-30,1360.0,1430.0,1360.0,1394.0
2007-07-31,1400.0,1425.0,1400.0,1419.0
2007-08-01,1423.0,1425.0,1400.0,1420.0
2007-08-02,1418.0,1418.0,1395.0,1400.0
2007-08-03,1400.0,1400.0,1386.0,1386.0
2007-08-06,1391.0,1400.0,1391.0,1400.0
2007-08-07,1410.0,1410.0,1370.0,1390.0
2007-08-08,1400.0,1400.0,1370.0,1370.0
2007-08-09,1370.0,1381.0,1365.0,1381.0
2007-08-10,1380.0,1380.0,1335.0,1335.0
2007-08-13,1335.0,1335.0,1335.0,1335.0
2007-08-14,1356.0,1380.0,1332.0,1332.0
2007-08-15,1341.0,1341.0,1327.0,1328.0
2007-08-16,1320.0,1320.0,1279.0,1280.0
2007-08-17,1280.0,1280.0,1150.0,1174.0
2007-08-20,1200.0,1210.0,1197.0,1199.0
2007-08-21,1200.0,1200.0,1190.0,1193.0
2007-08-22,1190.0,1190.0,1150.0,1151.0
2007-08-23,1159.0,1175.0,1151.0,1161.0
2007-08-24,1162.0,1175.0,1161.0,1168.0
2007-08-27,1169.0,1177.0,1168.0,1177.0
2007-08-28,1177.0,1177.0,1166.0,1177.0
2007-08-29,1160.0,1177.0,1150.0,1177.0
2007-08-30,1177.0,1180.0,1170.0,1176.0
2007-08-31,1176.0,1177.0,1165.0,1176.0
2007-09-03,1176.0,1182.0,1176.0,1180.0
2007-09-04,1180.0,1181.0,1180.0,1180.0
2007-09-05,1180.0,1180.0,1165.0,1165.0
2007-09-06,1165.0,1165.0,1150.0,1151.0
2007-09-07,1151.0,1152.0,1147.0,1147.0
2007-09-10,1140.0,1140.0,1126.0,1127.0
2007-09-11,1128.0,1128.0,1119.0,1123.0
2007-09-12,1126.0,1130.0,1126.0,1126.0
2007-09-13,1146.0,1146.0,1125.0,1125.0
2007-09-14,1127.0,1135.0,1125.0,1125.0
2007-09-18,1126.0,1126.0,1105.0,1105.0
2007-09-19,1112.0,1115.0,1100.0,1111.0
2007-09-20,1111.0,1135.0,1105.0,1106.0
2007-09-21,1106.0,1107.0,1030.0,1031.0
2007-09-25,831.0,870.0,831.0,850.0
2007-09-26,870.0,938.0,861.0,910.0
2007-09-27,930.0,975.0,915.0,950.0
2007-09-28,960.0,1040.0,960.0,1000.0
2007-10-01,1040.0,1040.0,1000.0,1018.0
2007-10-02,1078.0,1079.0,1001.0,1044.0
2007-10-03,1044.0,1044.0,1021.0,1043.0
2007-10-04,1043.0,1043.0,1030.0,1038.0
2007-10-05,1038.0,1038.0,1022.0,1038.0
2007-10-09,1038.0,1038.0,1030.0,1031.0
2007-10-10,1039.0,1050.0,1030.0,1040.0
2007-10-11,1040.0,1082.0,1040.0,1080.0
2007-10-12,1082.0,1082.0,1050.0,1080.0
2007-10-15,1082.0,1199.0,1082.0,1141.0
2007-10-16,1140.0,1140.0,1102.0,1102.0
2007-10-17,1132.0,1132.0,1070.0,1100.0
2007-10-18,1080.0,1090.0,1080.0,1089.0
2007-10-19,1100.0,1100.0,1080.0,1080.0
2007-10-22,1080.0,1080.0,1041.0,1078.0
2007-10-23,1082.0,1120.0,1082.0,1100.0
2007-10-24,1101.0,1110.0,1090.0,1090.0
2007-10-25,1100.0,1101.0,1090.0,1090.0
2007-10-26,1111.0,1111.0,1090.0,1090.0
2007-10-29,1090.0,1100.0,1086.0,1086.0
2007-10-30,1085.0,1085.0,1053.0,1060.0
2007-10-31,1060.0,1061.0,1047.0,1050.0
2007-11-01,1060.0,1070.0,1035.0,1035.0
2007-11-02,1033.0,1033.0,1024.0,1027.0
2007-11-05,1027.0,1030.0,1000.0,1000.0
2007-11-06,1020.0,1020.0,990.0,993.0
2007-11-07,1063.0,1063.0,1015.0,1015.0
2007-11-08,1016.0,1016.0,1000.0,1000.0
2007-11-09,998.0,1000.0,995.0,997.0
2007-11-12,998.0,998.0,972.0,978.0
2007-11-13,968.0,970.0,965.0,970.0
2007-11-14,981.0,1000.0,980.0,1000.0
2007-11-15,1000.0,1000.0,990.0,990.0
2007-11-16,986.0,987.0,975.0,987.0
2007-11-19,987.0,997.0,970.0,970.0
2007-11-20,945.0,960.0,941.0,959.0
2007-11-21,960.0,960.0,945.0,945.0
2007-11-22,940.0,950.0,936.0,943.0
2007-11-26,946.0,985.0,946.0,970.0
2007-11-27,966.0,966.0,950.0,950.0
2007-11-28,955.0,970.0,935.0,940.0
2007-11-29,946.0,959.0,936.0,936.0
2007-11-30,936.0,950.0,931.0,935.0
2007-12-03,936.0,936.0,908.0,908.0
2007-12-04,910.0,917.0,885.0,885.0
2007-12-05,885.0,890.0,875.0,876.0
2007-12-06,889.0,920.0,880.0,920.0
2007-12-07,930.0,930.0,901.0,913.0
2007-12-10,913.0,915.0,904.0,910.0
2007-12-11,910.0,916.0,905.0,910.0
2007-12-12,910.0,915.0,907.0,910.0
2007-12-13,916.0,916.0,906.0,911.0
2007-12-14,915.0,915.0,891.0,891.0
2007-12-17,891.0,900.0,860.0,860.0
2007-12-18,860.0,890.0,857.0,890.0
2007-12-19,900.0,900.0,866.0,866.0
2007-12-20,867.0,870.0,860.0,860.0
2007-12-21,860.0,860.0,850.0,850.0
2007-12-25,860.0,860.0,851.0,855.0
2007-12-26,851.0,860.0,850.0,860.0
2007-12-27,870.0,895.0,870.0,886.0
2007-12-28,886.0,886.0,870.0,877.0
2008-01-04,869.0,880.0,865.0,869.0
2008-01-07,865.0,865.0,848.0,848.0
2008-01-08,849.0,849.0,827.0,828.0
2008-01-09,808.0,814.0,801.0,808.0
2008-01-10,809.0,813.0,796.0,796.0
2008-01-11,795.0,800.0,780.0,790.0
2008-01-15,796.0,800.0,740.0,740.0
2008-01-16,738.0,738.0,700.0,701.0
2008-01-17,705.0,720.0,700.0,705.0
2008-01-18,705.0,740.0,705.0,730.0
2008-01-21,712.0,725.0,703.0,716.0
2008-01-22,710.0,710.0,702.0,708.0
2008-01-23,708.0,750.0,705.0,750.0
2008-01-24,750.0,760.0,749.0,749.0
2008-01-25,756.0,762.0,749.0,760.0
2008-01-28,766.0,766.0,740.0,754.0
2008-01-29,784.0,785.0,760.0,779.0
2008-01-30,774.0,787.0,765.0,767.0
2008-01-31,767.0,780.0,760.0,780.0
2008-02-01,781.0,799.0,775.0,776.0
2008-02-04,780.0,800.0,777.0,777.0
2008-02-05,799.0,800.0,761.0,764.0
2008-02-06,764.0,765.0,750.0,750.0
2008-02-07,750.0,757.0,750.0,752.0
2008-02-08,755.0,760.0,749.0,749.0
2008-02-12,785.0,785.0,740.0,740.0
2008-02-13,750.0,750.0,742.0,742.0
2008-02-14,759.0,759.0,742.0,745.0
2008-02-15,740.0,745.0,735.0,743.0
2008-02-18,746.0,756.0,736.0,754.0
2008-02-19,772.0,789.0,770.0,788.0
2008-02-20,775.0,780.0,775.0,777.0
2008-02-21,780.0,798.0,777.0,790.0
2008-02-22,790.0,790.0,778.0,778.0
2008-02-25,780.0,780.0,771.0,773.0
2008-02-26,775.0,780.0,772.0,772.0
2008-02-27,775.0,783.0,775.0,779.0
2008-02-28,779.0,785.0,779.0,781.0
2008-02-29,789.0,799.0,785.0,798.0
2008-03-03,798.0,802.0,783.0,785.0
2008-03-04,786.0,791.0,781.0,781.0
2008-03-05,781.0,781.0,755.0,765.0
2008-03-06,765.0,789.0,757.0,770.0
2008-03-07,760.0,770.0,760.0,760.0
2008-03-10,760.0,760.0,735.0,740.0
2008-03-11,740.0,743.0,720.0,725.0
2008-03-12,765.0,765.0,735.0,750.0
2008-03-13,730.0,755.0,727.0,735.0
2008-03-14,740.0,741.0,740.0,741.0
2008-03-17,741.0,741.0,705.0,720.0
2008-03-18,729.0,729.0,683.0,687.0
2008-03-19,707.0,707.0,700.0,700.0
2008-03-21,703.0,725.0,703.0,722.0
2008-03-24,725.0,726.0,715.0,715.0
2008-03-25,730.0,743.0,722.0,736.0
2008-03-26,736.0,741.0,735.0,737.0
2008-03-27,737.0,739.0,728.0,730.0
2008-03-28,730.0,762.0,730.0,746.0
2008-03-31,746.0,755.0,746.0,747.0
2008-04-01,748.0,772.0,747.0,753.0
2008-04-02,757.0,761.0,753.0,760.0
2008-04-03,762.0,800.0,762.0,786.0
2008-04-04,778.0,789.0,773.0,780.0
2008-04-07,786.0,788.0,779.0,785.0
2008-04-08,784.0,784.0,770.0,770.0
2008-04-09,774.0,775.0,770.0,772.0
2008-04-10,772.0,778.0,772.0,772.0
2008-04-11,774.0,775.0,773.0,773.0
2008-04-14,773.0,780.0,773.0,780.0
2008-04-15,785.0,790.0,780.0,789.0
2008-04-16,790.0,795.0,777.0,777.0
2008-04-17,781.0,795.0,781.0,795.0
2008-04-18,795.0,805.0,783.0,804.0
2008-04-21,800.0,824.0,800.0,824.0
2008-04-22,820.0,835.0,820.0,833.0
2008-04-23,829.0,839.0,825.0,839.0
2008-04-24,837.0,850.0,837.0,850.0
2008-04-25,850.0,885.0,850.0,880.0
2008-04-28,884.0,894.0,880.0,880.0
2008-04-30,875.0,909.0,871.0,909.0
2008-05-01,911.0,915.0,896.0,896.0
2008-05-02,895.0,904.0,881.0,883.0
2008-05-07,889.0,898.0,885.0,894.0
2008-05-08,880.0,895.0,880.0,895.0
2008-05-09,889.0,895.0,886.0,888.0
2008-05-12,887.0,887.0,880.0,885.0
2008-05-13,890.0,899.0,886.0,894.0
2008-05-14,900.0,902.0,899.0,900.0
2008-05-15,910.0,919.0,910.0,919.0
2008-05-16,930.0,939.0,925.0,938.0
2008-05-19,948.0,950.0,939.0,939.0
2008-05-20,940.0,950.0,939.0,950.0
2008-05-21,950.0,960.0,930.0,950.0
2008-05-22,949.0,950.0,935.0,943.0
2008-05-23,945.0,950.0,914.0,920.0
2008-05-26,914.0,940.0,911.0,920.0
2008-05-27,886.0,906.0,886.0,902.0
2008-05-28,903.0,906.0,876.0,882.0
2008-05-29,865.0,870.0,843.0,854.0
2008-05-30,865.0,900.0,865.0,877.0
2008-06-02,927.0,927.0,883.0,883.0
2008-06-03,899.0,899.0,899.0,899.0
2008-06-04,900.0,920.0,900.0,920.0
2008-06-05,920.0,920.0,910.0,919.0
2008-06-06,924.0,925.0,900.0,905.0
2008-06-09,905.0,905.0,888.0,888.0
2008-06-10,925.0,925.0,888.0,890.0
2008-06-11,890.0,900.0,890.0,900.0
2008-06-12,899.0,899.0,892.0,892.0
2008-06-13,896.0,896.0,870.0,870.0
2008-06-16,887.0,901.0,880.0,901.0
2008-06-17,895.0,899.0,882.0,887.0
2008-06-18,882.0,898.0,882.0,886.0
2008-06-19,881.0,885.0,875.0,875.0
2008-06-20,871.0,881.0,870.0,881.0
2008-06-23,870.0,875.0,870.0,870.0
2008-06-24,870.0,870.0,865.0,865.0
2008-06-25,875.0,875.0,866.0,866.0
2008-06-26,871.0,873.0,871.0,873.0
2008-06-27,873.0,876.0,860.0,860.0
2008-06-30,860.0,860.0,820.0,820.0
2008-07-01,840.0,849.0,840.0,849.0
2008-07-02,856.0,865.0,855.0,855.0
2008-07-03,856.0,856.0,830.0,849.0
2008-07-04,849.0,849.0,840.0,845.0
2008-07-07,842.0,855.0,842.0,852.0
2008-07-08,842.0,842.0,820.0,833.0
2008-07-09,835.0,835.0,822.0,825.0
2008-07-10,832.0,832.0,825.0,830.0
2008-07-11,831.0,838.0,830.0,830.0
2008-07-14,830.0,830.0,801.0,810.0
2008-07-15,800.0,800.0,784.0,784.0
2008-07-16,780.0,784.0,761.0,764.0
2008-07-17,770.0,770.0,766.0,766.0
2008-07-18,780.0,800.0,760.0,765.0
2008-07-22,765.0,765.0,758.0,759.0
2008-07-23,779.0,785.0,775.0,778.0
2008-07-24,787.0,815.0,786.0,807.0
2008-07-25,809.0,809.0,787.0,797.0
2008-07-28,797.0,830.0,797.0,800.0
2008-07-29,820.0,825.0,780.0,790.0
2008-07-30,788.0,790.0,785.0,787.0
2008-07-31,786.0,789.0,785.0,785.0
2008-08-01,775.0,790.0,772.0,782.0
2008-08-04,788.0,789.0,770.0,775.0
2008-08-05,775.0,775.0,756.0,770.0
2008-08-06,754.0,760.0,753.0,758.0
2008-08-07,759.0,759.0,752.0,753.0
2008-08-08,750.0,750.0,742.0,745.0
2008-08-11,740.0,740.0,710.0,710.0
2008-08-12,730.0,740.0,723.0,723.0
2008-08-13,725.0,725.0,721.0,721.0
2008-08-14,721.0,721.0,718.0,718.0
2008-08-15,718.0,725.0,718.0,720.0
2008-08-18,724.0,740.0,724.0,729.0
2008-08-19,729.0,733.0,729.0,733.0
2008-08-20,735.0,745.0,735.0,740.0
2008-08-21,740.0,750.0,736.0,750.0
2008-08-22,753.0,755.0,736.0,736.0
2008-08-25,738.0,739.0,731.0,731.0
2008-08-26,731.0,735.0,730.0,730.0
2008-08-27,730.0,730.0,720.0,725.0
2008-08-28,727.0,740.0,725.0,725.0
2008-08-29,726.0,728.0,725.0,728.0
2008-09-01,743.0,744.0,729.0,744.0
2008-09-02,744.0,744.0,730.0,741.0
2008-09-03,740.0,741.0,735.0,741.0
2008-09-04,737.0,744.0,737.0,741.0
2008-09-05,730.0,730.0,725.0,726.0
2008-09-08,726.0,735.0,721.0,732.0
2008-09-09,735.0,742.0,732.0,732.0
2008-09-10,732.0,740.0,732.0,733.0
2008-09-11,734.0,740.0,733.0,740.0
2008-09-12,741.0,741.0,734.0,740.0
2008-09-16,706.0,720.0,700.0,710.0
2008-09-17,710.0,753.0,710.0,753.0
2008-09-18,718.0,718.0,705.0,710.0
2008-09-19,720.0,730.0,706.0,708.0
2008-09-22,713.0,723.0,708.0,711.0
2008-09-24,710.0,720.0,710.0,720.0
2008-09-25,720.0,735.0,711.0,735.0
2008-09-26,735.0,739.0,735.0,737.0
2008-09-29,736.0,736.0,730.0,730.0
2008-09-30,700.0,715.0,670.0,715.0
2008-10-01,715.0,717.0,700.0,712.0
2008-10-02,717.0,717.0,685.0,685.0
2008-10-03,685.0,685.0,663.0,665.0
2008-10-06,661.0,661.0,616.0,626.0
2008-10-07,536.0,580.0,526.0,579.0
2008-10-08,569.0,569.0,518.0,518.0
2008-10-09,528.0,528.0,498.0,510.0
2008-10-10,450.0,475.0,447.0,455.0
2008-10-14,475.0,535.0,474.0,535.0
2008-10-15,600.0,600.0,570.0,600.0
2008-10-16,590.0,590.0,551.0,584.0
2008-10-17,610.0,610.0,589.0,610.0
2008-10-20,600.0,606.0,600.0,606.0
2008-10-21,610.0,633.0,610.0,633.0
2008-10-22,633.0,633.0,626.0,633.0
2008-10-23,623.0,630.0,601.0,630.0
2008-10-24,630.0,630.0,600.0,600.0
2008-10-27,600.0,600.0,550.0,570.0
2008-10-28,570.0,570.0,540.0,560.0
2008-10-29,580.0,590.0,550.0,551.0
2008-10-30,552.0,570.0,552.0,569.0
2008-10-31,613.0,613.0,571.0,598.0
2008-11-04,598.0,600.0,598.0,599.0
2008-11-05,605.0,620.0,605.0,620.0
2008-11-06,615.0,615.0,600.0,610.0
2008-11-07,610.0,611.0,590.0,611.0
2008-11-10,612.0,625.0,610.0,611.0
2008-11-11,615.0,615.0,610.0,610.0
2008-11-12,615.0,620.0,600.0,619.0
2008-11-13,619.0,619.0,600.0,600.0
2008-11-14,605.0,605.0,600.0,601.0
2008-11-17,610.0,610.0,610.0,610.0
2008-11-18,610.0,615.0,595.0,615.0
2008-11-19,600.0,600.0,595.0,595.0
2008-11-20,591.0,591.0,585.0,585.0
2008-11-21,585.0,615.0,580.0,615.0
2008-11-25,585.0,595.0,583.0,585.0
2008-11-26,590.0,590.0,584.0,584.0
2008-11-27,580.0,580.0,570.0,570.0
2008-11-28,597.0,597.0,580.0,580.0
2008-12-01,598.0,598.0,598.0,598.0
2008-12-02,594.0,595.0,593.0,595.0
2008-12-03,600.0,600.0,598.0,600.0
2008-12-04,600.0,600.0,571.0,600.0
2008-12-05,574.0,587.0,572.0,572.0
2008-12-08,573.0,579.0,573.0,576.0
2008-12-09,586.0,586.0,575.0,576.0
2008-12-10,577.0,578.0,576.0,577.0
2008-12-11,577.0,577.0,572.0,572.0
2008-12-12,573.0,573.0,570.0,571.0
2008-12-15,572.0,573.0,571.0,571.0
2008-12-16,573.0,588.0,573.0,576.0
2008-12-17,577.0,591.0,577.0,578.0
2008-12-18,575.0,575.0,572.0,572.0
2008-12-19,572.0,572.0,571.0,572.0
2008-12-22,569.0,569.0,565.0,565.0
2008-12-24,560.0,580.0,550.0,550.0
2008-12-25,548.0,551.0,548.0,550.0
2008-12-26,551.0,560.0,550.0,560.0
2008-12-29,560.0,570.0,560.0,560.0
2008-12-30,560.0,560.0,560.0,560.0
2009-01-05,565.0,574.0,546.0,550.0
2009-01-06,556.0,556.0,550.0,551.0
2009-01-07,551.0,554.0,549.0,549.0
2009-01-08,539.0,539.0,499.0,499.0
2009-01-09,505.0,506.0,483.0,492.0
2009-01-13,492.0,499.0,490.0,495.0
2009-01-14,505.0,505.0,490.0,495.0
2009-01-15,496.0,510.0,496.0,496.0
2009-01-16,492.0,509.0,492.0,509.0
2009-01-19,510.0,513.0,510.0,510.0
2009-01-20,511.0,519.0,511.0,519.0
2009-01-21,520.0,521.0,520.0,521.0
2009-01-22,522.0,531.0,511.0,531.0
2009-01-23,530.0,530.0,524.0,528.0
2009-01-26,528.0,528.0,515.0,528.0
2009-01-27,525.0,525.0,524.0,524.0
2009-01-28,524.0,524.0,518.0,518.0
2009-01-29,518.0,520.0,510.0,519.0
2009-01-30,519.0,522.0,500.0,501.0
2009-02-02,501.0,509.0,501.0,509.0
2009-02-03,509.0,509.0,501.0,501.0
2009-02-04,500.0,501.0,496.0,501.0
2009-02-05,495.0,499.0,495.0,499.0
2009-02-06,496.0,497.0,490.0,490.0
2009-02-09,493.0,493.0,490.0,491.0
2009-02-10,491.0,491.0,487.0,491.0
2009-02-12,491.0,491.0,491.0,491.0
2009-02-13,491.0,505.0,491.0,505.0
2009-02-16,505.0,505.0,498.0,498.0
2009-02-17,498.0,498.0,495.0,498.0
2009-02-18,490.0,490.0,490.0,490.0
2009-02-19,498.0,498.0,493.0,498.0
2009-02-20,498.0,510.0,498.0,508.0
2009-02-23,507.0,507.0,502.0,502.0
2009-02-24,499.0,499.0,499.0,499.0
2009-02-25,498.0,498.0,496.0,498.0
2009-02-26,498.0,498.0,492.0,498.0
2009-02-27,498.0,499.0,498.0,499.0
2009-03-02,499.0,504.0,499.0,499.0
2009-03-03,499.0,499.0,490.0,491.0
2009-03-04,491.0,491.0,490.0,491.0
2009-03-05,492.0,492.0,490.0,491.0
2009-03-06,488.0,491.0,478.0,478.0
2009-03-09,478.0,480.0,475.0,476.0
2009-03-10,472.0,476.0,472.0,472.0
2009-03-11,472.0,472.0,466.0,466.0
2009-03-12,466.0,467.0,460.0,460.0
2009-03-13,458.0,481.0,458.0,461.0
2009-03-16,466.0,481.0,461.0,462.0
2009-03-17,462.0,462.0,461.0,461.0
2009-03-18,462.0,463.0,452.0,462.0
2009-03-19,465.0,465.0,464.0,464.0
2009-03-23,464.0,470.0,460.0,470.0
2009-03-24,472.0,478.0,472.0,478.0
2009-03-25,475.0,475.0,469.0,470.0
2009-03-26,470.0,480.0,470.0,480.0
2009-03-27,485.0,490.0,485.0,486.0
2009-03-30,500.0,510.0,496.0,496.0
2009-03-31,508.0,515.0,501.0,515.0
2009-04-01,516.0,530.0,515.0,530.0
2009-04-02,522.0,540.0,511.0,540.0
2009-04-03,548.0,548.0,540.0,540.0
2009-04-06,559.0,560.0,550.0,550.0
2009-04-07,545.0,545.0,543.0,543.0
2009-04-08,543.0,545.0,540.0,545.0
2009-04-09,552.0,552.0,545.0,552.0
2009-04-10,559.0,559.0,550.0,552.0
2009-04-13,552.0,555.0,552.0,555.0
2009-04-14,556.0,556.0,550.0,555.0
2009-04-15,555.0,556.0,555.0,555.0
2009-04-16,555.0,563.0,555.0,563.0
2009-04-17,556.0,556.0,547.0,550.0
2009-04-20,550.0,550.0,548.0,548.0
2009-04-21,530.0,537.0,530.0,537.0
2009-04-22,543.0,543.0,522.0,532.0
2009-04-23,532.0,533.0,530.0,530.0
2009-04-24,530.0,530.0,529.0,529.0
2009-04-27,530.0,532.0,529.0,532.0
2009-04-28,532.0,535.0,532.0,533.0
2009-04-30,553.0,565.0,535.0,564.0
2009-05-01,567.0,567.0,564.0,564.0
2009-05-07,564.0,571.0,564.0,570.0
2009-05-08,566.0,580.0,560.0,580.0
2009-05-11,585.0,585.0,585.0,585.0
2009-05-12,580.0,585.0,580.0,580.0
2009-05-13,581.0,599.0,579.0,599.0
2009-05-14,599.0,599.0,581.0,598.0
2009-05-15,588.0,588.0,583.0,583.0
2009-05-18,577.0,580.0,575.0,577.0
2009-05-19,587.0,600.0,575.0,600.0
2009-05-20,600.0,600.0,594.0,597.0
2009-05-21,597.0,600.0,597.0,600.0
2009-05-22,609.0,630.0,608.0,624.0
2009-05-25,630.0,670.0,620.0,670.0
2009-05-26,653.0,657.0,630.0,650.0
2009-05-27,647.0,647.0,625.0,630.0
2009-05-28,631.0,631.0,627.0,630.0
2009-05-29,640.0,650.0,631.0,633.0
2009-06-01,650.0,665.0,650.0,665.0
2009-06-02,666.0,668.0,664.0,664.0
2009-06-03,663.0,664.0,642.0,664.0
2009-06-04,650.0,650.0,650.0,650.0
2009-06-05,651.0,652.0,647.0,652.0
2009-06-08,660.0,678.0,652.0,665.0
2009-06-09,670.0,670.0,640.0,640.0
2009-06-10,644.0,670.0,636.0,670.0
2009-06-11,650.0,670.0,648.0,660.0
2009-06-12,650.0,658.0,645.0,658.0
2009-06-15,665.0,665.0,645.0,664.0
2009-06-16,650.0,659.0,645.0,645.0
2009-06-17,637.0,645.0,637.0,645.0
2009-06-18,645.0,649.0,638.0,640.0
2009-06-19,640.0,640.0,628.0,638.0
2009-06-22,630.0,635.0,622.0,622.0
2009-06-23,626.0,628.0,606.0,625.0
2009-06-24,625.0,630.0,625.0,630.0
2009-06-25,630.0,668.0,629.0,668.0
2009-06-26,666.0,666.0,630.0,645.0
2009-06-29,655.0,655.0,640.0,645.0
2009-06-30,655.0,660.0,646.0,646.0
2009-07-01,649.0,665.0,648.0,665.0
2009-07-02,675.0,680.0,666.0,666.0
2009-07-03,656.0,680.0,656.0,675.0
2009-07-06,681.0,695.0,668.0,680.0
2009-07-07,697.0,697.0,675.0,690.0
2009-07-08,685.0,685.0,670.0,670.0
2009-07-09,680.0,680.0,670.0,672.0
2009-07-10,673.0,675.0,672.0,675.0
2009-07-13,675.0,675.0,630.0,630.0
2009-07-14,630.0,638.0,628.0,638.0
2009-07-15,638.0,638.0,630.0,638.0
2009-07-16,638.0,643.0,638.0,643.0
2009-07-17,646.0,648.0,645.0,648.0
2009-07-21,665.0,665.0,645.0,650.0
2009-07-22,655.0,655.0,647.0,649.0
2009-07-23,650.0,650.0,646.0,646.0
2009-07-24,646.0,650.0,646.0,650.0
2009-07-27,651.0,655.0,642.0,644.0
2009-07-28,645.0,646.0,644.0,644.0
2009-07-29,644.0,645.0,642.0,642.0
2009-07-30,643.0,643.0,640.0,641.0
2009-07-31,645.0,645.0,640.0,642.0
2009-08-03,646.0,658.0,646.0,650.0
2009-08-04,660.0,660.0,647.0,648.0
2009-08-05,644.0,655.0,644.0,655.0
2009-08-06,645.0,645.0,630.0,644.0
2009-08-07,644.0,645.0,644.0,645.0
2009-08-10,651.0,651.0,640.0,641.0
2009-08-11,650.0,650.0,649.0,649.0
2009-08-12,646.0,646.0,646.0,646.0
2009-08-13,646.0,646.0,645.0,646.0
2009-08-14,646.0,646.0,644.0,646.0
2009-08-17,647.0,655.0,643.0,649.0
2009-08-18,659.0,659.0,648.0,648.0
2009-08-19,648.0,648.0,648.0,648.0
2009-08-20,645.0,645.0,645.0,645.0
2009-08-21,644.0,644.0,640.0,640.0
2009-08-24,651.0,660.0,634.0,648.0
2009-08-25,637.0,648.0,634.0,648.0
2009-08-26,640.0,648.0,640.0,648.0
2009-08-27,647.0,648.0,642.0,648.0
2009-08-28,648.0,660.0,648.0,660.0
2009-08-31,665.0,690.0,665.0,680.0
2009-09-02,685.0,685.0,682.0,682.0
2009-09-03,670.0,671.0,650.0,665.0
2009-09-04,665.0,680.0,653.0,680.0
2009-09-07,641.0,660.0,641.0,660.0
2009-09-08,650.0,664.0,645.0,660.0
2009-09-09,660.0,668.0,660.0,668.0
2009-09-10,670.0,678.0,668.0,668.0
2009-09-11,668.0,672.0,668.0,672.0
2009-09-14,680.0,680.0,673.0,680.0
2009-09-15,680.0,680.0,676.0,677.0
2009-09-16,665.0,680.0,665.0,665.0
2009-09-17,671.0,671.0,660.0,660.0
2009-09-18,652.0,656.0,631.0,635.0
2009-09-21,635.0,635.0,635.0,635.0
2009-09-24,655.0,655.0,630.0,650.0
2009-09-25,650.0,650.0,650.0,650.0
2009-09-28,650.0,650.0,641.0,649.0
2009-09-29,640.0,650.0,636.0,650.0
2009-09-30,650.0,650.0,650.0,650.0
2009-10-01,640.0,640.0,640.0,640.0
2009-10-02,630.0,630.0,613.0,629.0
2009-10-05,613.0,620.0,613.0,620.0
2009-10-06,620.0,622.0,616.0,622.0
2009-10-07,615.0,622.0,615.0,622.0
2009-10-08,625.0,638.0,625.0,638.0
2009-10-09,638.0,649.0,638.0,649.0
2009-10-13,645.0,645.0,640.0,645.0
2009-10-14,641.0,645.0,641.0,645.0
2009-10-15,645.0,647.0,641.0,641.0
2009-10-16,645.0,649.0,640.0,645.0
2009-10-19,645.0,645.0,640.0,641.0
2009-10-20,641.0,645.0,639.0,645.0
2009-10-21,645.0,645.0,641.0,645.0
2009-10-22,645.0,645.0,644.0,644.0
2009-10-23,641.0,645.0,630.0,645.0
2009-10-26,644.0,645.0,644.0,645.0
2009-10-27,644.0,644.0,644.0,644.0
2009-10-28,644.0,647.0,644.0,647.0
2009-10-29,647.0,647.0,640.0,640.0
2009-10-30,640.0,640.0,632.0,640.0
2009-11-02,631.0,640.0,631.0,637.0
2009-11-04,637.0,639.0,637.0,639.0
2009-11-05,637.0,640.0,635.0,640.0
2009-11-06,639.0,639.0,639.0,639.0
2009-11-09,630.0,630.0,616.0,620.0
2009-11-10,620.0,635.0,620.0,635.0
2009-11-11,635.0,639.0,635.0,635.0
2009-11-12,640.0,640.0,635.0,639.0
2009-11-13,639.0,639.0,630.0,630.0
2009-11-16,620.0,629.0,620.0,622.0
2009-11-17,620.0,625.0,617.0,625.0
2009-11-18,617.0,622.0,606.0,622.0
2009-11-19,617.0,617.0,600.0,600.0
2009-11-20,602.0,602.0,600.0,601.0
2009-11-24,601.0,615.0,601.0,610.0
2009-11-25,595.0,610.0,595.0,610.0
2009-11-26,600.0,600.0,581.0,582.0
2009-11-27,582.0,582.0,580.0,580.0
2009-11-30,580.0,580.0,558.0,558.0
2009-12-01,577.0,580.0,558.0,570.0
2009-12-02,560.0,578.0,560.0,562.0
2009-12-03,562.0,580.0,562.0,574.0
2009-12-04,582.0,590.0,582.0,590.0
2009-12-07,575.0,580.0,558.0,566.0
2009-12-08,566.0,568.0,555.0,555.0
2009-12-09,555.0,568.0,550.0,565.0
2009-12-10,565.0,565.0,565.0,565.0
2009-12-11,563.0,569.0,555.0,555.0
2009-12-14,558.0,560.0,550.0,553.0
2009-12-15,554.0,560.0,554.0,560.0
2009-12-16,560.0,564.0,558.0,560.0
2009-12-17,551.0,560.0,551.0,554.0
2009-12-18,545.0,550.0,540.0,540.0
2009-12-21,540.0,560.0,540.0,560.0
2009-12-22,560.0,560.0,548.0,548.0
2009-12-24,575.0,575.0,556.0,556.0
2009-12-25,557.0,561.0,557.0,561.0
2009-12-28,565.0,585.0,565.0,585.0
2009-12-29,586.0,599.0,585.0,590.0
2009-12-30,592.0,595.0,591.0,591.0
2010-01-04,592.0,600.0,580.0,580.0
2010-01-05,583.0,593.0,583.0,593.0
2010-01-06,580.0,598.0,580.0,598.0
2010-01-07,589.0,589.0,585.0,585.0
2010-01-08,590.0,590.0,590.0,590.0
2010-01-12,593.0,624.0,593.0,624.0
2010-01-13,624.0,640.0,624.0,630.0
2010-01-14,630.0,641.0,615.0,641.0
2010-01-15,632.0,632.0,631.0,631.0
2010-01-18,629.0,629.0,610.0,613.0
2010-01-19,612.0,612.0,605.0,610.0
2010-01-20,620.0,620.0,620.0,620.0
2010-01-21,601.0,615.0,600.0,615.0
2010-01-22,606.0,610.0,601.0,610.0
2010-01-25,612.0,615.0,612.0,614.0
2010-01-26,614.0,619.0,611.0,611.0
2010-01-27,621.0,621.0,603.0,603.0
2010-01-28,605.0,620.0,603.0,620.0
2010-01-29,620.0,620.0,610.0,610.0
2010-02-01,606.0,620.0,605.0,610.0
2010-02-02,605.0,610.0,605.0,606.0
2010-02-03,607.0,607.0,603.0,603.0
2010-02-04,606.0,619.0,603.0,603.0
2010-02-05,600.0,603.0,600.0,603.0
2010-02-08,601.0,601.0,600.0,601.0
2010-02-09,601.0,606.0,601.0,602.0
2010-02-10,608.0,608.0,603.0,603.0
2010-02-12,604.0,610.0,604.0,604.0
2010-02-15,605.0,630.0,605.0,620.0
2010-02-16,610.0,610.0,605.0,610.0
2010-02-17,607.0,610.0,601.0,610.0
2010-02-18,610.0,623.0,604.0,623.0
2010-02-19,608.0,608.0,608.0,608.0
2010-02-22,626.0,630.0,610.0,630.0
2010-02-23,630.0,630.0,617.0,618.0
2010-02-24,621.0,629.0,618.0,629.0
2010-02-25,619.0,629.0,619.0,619.0
2010-02-26,629.0,638.0,629.0,629.0
2010-03-01,630.0,630.0,629.0,630.0
2010-03-02,630.0,630.0,625.0,625.0
2010-03-03,630.0,630.0,630.0,630.0
2010-03-04,630.0,630.0,625.0,626.0
2010-03-05,625.0,625.0,625.0,625.0
2010-03-08,625.0,643.0,625.0,643.0
2010-03-09,642.0,650.0,642.0,642.0
2010-03-10,645.0,650.0,641.0,650.0
2010-03-11,660.0,675.0,660.0,670.0
2010-03-12,675.0,690.0,674.0,689.0
2010-03-15,689.0,700.0,689.0,689.0
2010-03-16,683.0,685.0,675.0,680.0
2010-03-17,680.0,685.0,680.0,680.0
2010-03-18,685.0,685.0,672.0,672.0
2010-03-19,663.0,675.0,663.0,673.0
2010-03-23,685.0,691.0,680.0,688.0
2010-03-24,695.0,712.0,685.0,685.0
2010-03-25,695.0,710.0,695.0,710.0
2010-03-26,710.0,719.0,710.0,711.0
2010-03-29,711.0,755.0,702.0,750.0
2010-03-30,760.0,765.0,741.0,741.0
2010-03-31,742.0,765.0,739.0,765.0
2010-04-01,768.0,779.0,750.0,777.0
2010-04-02,772.0,779.0,771.0,775.0
2010-04-05,761.0,779.0,755.0,770.0
2010-04-06,795.0,800.0,783.0,799.0
2010-04-07,798.0,801.0,785.0,788.0
2010-04-08,789.0,802.0,788.0,788.0
2010-04-09,789.0,800.0,788.0,797.0
2010-04-12,800.0,807.0,797.0,807.0
2010-04-13,807.0,818.0,797.0,797.0
2010-04-14,802.0,815.0,790.0,803.0
2010-04-15,804.0,810.0,804.0,810.0
2010-04-16,810.0,810.0,800.0,801.0
2010-04-19,790.0,797.0,781.0,781.0
2010-04-20,805.0,805.0,780.0,782.0
2010-04-21,780.0,787.0,777.0,777.0
2010-04-22,774.0,775.0,771.0,775.0
2010-04-23,772.0,775.0,770.0,771.0
2010-04-26,777.0,812.0,777.0,796.0
2010-04-27,810.0,810.0,800.0,805.0
2010-04-28,805.0,805.0,796.0,799.0
2010-04-30,805.0,805.0,790.0,796.0
2010-05-06,795.0,806.0,789.0,799.0
2010-05-07,780.0,785.0,743.0,760.0
2010-05-10,759.0,785.0,759.0,785.0
2010-05-11,790.0,790.0,776.0,776.0
2010-05-12,791.0,791.0,771.0,771.0
2010-05-13,776.0,783.0,776.0,780.0
2010-05-14,785.0,785.0,780.0,780.0
2010-05-17,788.0,788.0,780.0,787.0
2010-05-18,780.0,780.0,770.0,773.0
2010-05-19,773.0,773.0,735.0,764.0
2010-05-20,759.0,759.0,730.0,740.0
2010-05-21,719.0,732.0,718.0,723.0
2010-05-24,749.0,749.0,740.0,740.0
2010-05-25,744.0,744.0,730.0,733.0
2010-05-26,720.0,730.0,718.0,718.0
2010-05-27,688.0,700.0,671.0,695.0
2010-05-28,701.0,710.0,701.0,701.0
2010-05-31,720.0,720.0,701.0,720.0
2010-06-01,720.0,720.0,720.0,720.0
2010-06-02,720.0,725.0,720.0,723.0
2010-06-03,727.0,727.0,723.0,723.0
2010-06-04,708.0,711.0,708.0,711.0
2010-06-07,713.0,713.0,705.0,705.0
2010-06-08,709.0,709.0,709.0,709.0
2010-06-09,709.0,709.0,701.0,701.0
2010-06-10,703.0,706.0,703.0,706.0
2010-06-11,707.0,707.0,707.0,707.0
2010-06-14,702.0,702.0,680.0,701.0
2010-06-15,702.0,708.0,702.0,708.0
2010-06-16,701.0,715.0,700.0,715.0
2010-06-17,709.0,709.0,701.0,701.0
2010-06-18,701.0,702.0,700.0,700.0
2010-06-21,704.0,704.0,700.0,700.0
2010-06-22,715.0,715.0,700.0,700.0
2010-06-23,701.0,701.0,700.0,700.0
2010-06-24,701.0,705.0,695.0,698.0
2010-06-25,700.0,700.0,699.0,699.0
2010-06-28,699.0,702.0,699.0,699.0
2010-06-29,699.0,699.0,695.0,695.0
2010-06-30,655.0,674.0,655.0,660.0
2010-07-01,665.0,665.0,630.0,631.0
2010-07-02,630.0,649.0,630.0,649.0
2010-07-05,666.0,667.0,666.0,667.0
2010-07-06,646.0,668.0,646.0,668.0
2010-07-07,673.0,676.0,666.0,666.0
2010-07-08,676.0,678.0,671.0,671.0
2010-07-09,671.0,695.0,671.0,695.0
2010-07-12,705.0,715.0,695.0,695.0
2010-07-13,695.0,695.0,695.0,695.0
2010-07-14,695.0,695.0,686.0,690.0
2010-07-15,690.0,694.0,688.0,692.0
2010-07-16,680.0,681.0,679.0,680.0
2010-07-21,670.0,670.0,655.0,655.0
2010-07-22,651.0,651.0,635.0,636.0
2010-07-23,660.0,668.0,640.0,660.0
2010-07-26,664.0,664.0,650.0,650.0
2010-07-27,670.0,670.0,651.0,665.0
2010-07-28,665.0,665.0,651.0,651.0
2010-07-29,669.0,670.0,654.0,670.0
2010-07-30,660.0,660.0,660.0,660.0
2010-08-02,665.0,665.0,652.0,653.0
2010-08-03,651.0,653.0,651.0,653.0
2010-08-04,654.0,654.0,651.0,652.0
2010-08-05,653.0,655.0,652.0,655.0
2010-08-06,653.0,653.0,650.0,653.0
2010-08-09,653.0,656.0,653.0,655.0
2010-08-10,656.0,660.0,651.0,651.0
2010-08-11,655.0,655.0,648.0,648.0
2010-08-12,645.0,645.0,645.0,645.0
2010-08-13,649.0,650.0,645.0,650.0
2010-08-16,645.0,650.0,645.0,645.0
2010-08-17,650.0,654.0,650.0,654.0
2010-08-18,652.0,655.0,648.0,650.0
2010-08-19,655.0,660.0,655.0,660.0
2010-08-20,660.0,660.0,660.0,660.0
2010-08-23,660.0,660.0,659.0,659.0
2010-08-24,660.0,660.0,652.0,652.0
2010-08-25,651.0,655.0,637.0,637.0
2010-08-26,646.0,660.0,646.0,646.0
2010-08-27,642.0,648.0,642.0,648.0
2010-08-30,649.0,660.0,649.0,650.0
2010-08-31,660.0,660.0,651.0,651.0
2010-09-01,651.0,652.0,651.0,651.0
2010-09-02,660.0,660.0,655.0,655.0
2010-09-03,660.0,660.0,655.0,655.0
2010-09-06,665.0,665.0,655.0,655.0
2010-09-07,656.0,660.0,656.0,656.0
2010-09-08,657.0,657.0,657.0,657.0
2010-09-09,657.0,669.0,657.0,658.0
2010-09-10,659.0,668.0,658.0,668.0
2010-09-13,672.0,675.0,671.0,672.0
2010-09-14,678.0,678.0,673.0,675.0
2010-09-16,680.0,684.0,675.0,684.0
2010-09-17,684.0,684.0,670.0,680.0
2010-09-21,680.0,680.0,672.0,675.0
2010-09-22,673.0,680.0,670.0,680.0
2010-09-24,670.0,670.0,669.0,670.0
2010-09-27,675.0,679.0,675.0,679.0
2010-09-28,679.0,690.0,679.0,690.0
2010-09-29,701.0,701.0,700.0,701.0
2010-09-30,705.0,707.0,701.0,701.0
2010-10-01,701.0,710.0,701.0,701.0
2010-10-04,710.0,710.0,700.0,700.0
2010-10-05,700.0,710.0,700.0,704.0
2010-10-06,706.0,706.0,683.0,695.0
2010-10-07,701.0,710.0,690.0,695.0
2010-10-08,699.0,699.0,695.0,695.0
2010-10-12,697.0,697.0,677.0,677.0
2010-10-13,670.0,710.0,670.0,710.0
2010-10-14,712.0,712.0,712.0,712.0
2010-10-15,712.0,712.0,712.0,712.0
2010-10-18,712.0,712.0,712.0,712.0
2010-10-19,687.0,710.0,687.0,710.0
2010-10-20,686.0,686.0,686.0,686.0
2010-10-21,687.0,687.0,687.0,687.0
2010-10-22,682.0,682.0,670.0,670.0
2010-10-25,682.0,690.0,682.0,690.0
2010-10-26,690.0,690.0,682.0,690.0
2010-10-27,689.0,695.0,687.0,687.0
2010-10-28,690.0,704.0,687.0,690.0
2010-10-29,695.0,695.0,690.0,690.0
2010-11-01,690.0,690.0,690.0,690.0
2010-11-02,688.0,688.0,687.0,687.0
2010-11-04,700.0,700.0,685.0,700.0
2010-11-05,700.0,705.0,700.0,705.0
2010-11-08,700.0,705.0,700.0,705.0
2010-11-09,700.0,705.0,699.0,699.0
2010-11-10,700.0,705.0,700.0,705.0
2010-11-11,708.0,710.0,700.0,704.0
2010-11-12,700.0,709.0,699.0,709.0
2010-11-15,700.0,710.0,700.0,710.0
2010-11-16,701.0,701.0,701.0,701.0
2010-11-17,700.0,700.0,700.0,700.0
2010-11-18,696.0,708.0,696.0,708.0
2010-11-19,709.0,709.0,702.0,703.0
2010-11-22,709.0,710.0,706.0,709.0
2010-11-24,709.0,712.0,708.0,711.0
2010-11-25,713.0,713.0,708.0,712.0
2010-11-26,702.0,709.0,701.0,701.0
2010-11-29,701.0,703.0,701.0,703.0
2010-11-30,708.0,708.0,705.0,705.0
2010-12-01,705.0,709.0,702.0,709.0
2010-12-02,714.0,715.0,709.0,715.0
2010-12-03,719.0,724.0,719.0,724.0
2010-12-06,725.0,729.0,724.0,724.0
2010-12-07,724.0,728.0,724.0,728.0
2010-12-08,728.0,730.0,728.0,730.0
2010-12-09,730.0,735.0,724.0,734.0
2010-12-10,735.0,735.0,734.0,734.0
2010-12-13,730.0,730.0,720.0,720.0
2010-12-14,725.0,725.0,712.0,712.0
2010-12-15,723.0,723.0,699.0,710.0
2010-12-16,707.0,710.0,701.0,710.0
2010-12-17,712.0,723.0,702.0,710.0
2010-12-20,714.0,718.0,705.0,705.0
2010-12-21,705.0,715.0,705.0,711.0
2010-12-22,710.0,720.0,710.0,713.0
2010-12-24,720.0,720.0,712.0,714.0
2010-12-27,714.0,720.0,714.0,720.0
2010-12-28,720.0,728.0,720.0,725.0
2010-12-29,728.0,733.0,726.0,730.0
2010-12-30,730.0,734.0,730.0,730.0
2011-01-04,740.0,745.0,740.0,744.0
2011-01-05,749.0,750.0,732.0,745.0
2011-01-06,742.0,745.0,740.0,745.0
2011-01-07,745.0,750.0,740.0,748.0
2011-01-11,755.0,775.0,755.0,762.0
2011-01-12,762.0,780.0,748.0,754.0
2011-01-13,750.0,753.0,746.0,750.0
2011-01-14,756.0,760.0,744.0,750.0
2011-01-17,750.0,755.0,746.0,755.0
2011-01-18,746.0,750.0,746.0,749.0
2011-01-19,746.0,769.0,745.0,760.0
2011-01-20,760.0,760.0,750.0,759.0
2011-01-21,750.0,750.0,738.0,738.0
2011-01-24,748.0,748.0,730.0,730.0
2011-01-25,729.0,748.0,727.0,748.0
2011-01-26,748.0,748.0,748.0,748.0
2011-01-27,736.0,736.0,710.0,735.0
2011-01-28,735.0,737.0,732.0,732.0
2011-01-31,730.0,730.0,721.0,721.0
2011-02-01,720.0,724.0,710.0,724.0
2011-02-02,713.0,743.0,713.0,732.0
2011-02-03,731.0,734.0,731.0,734.0
2011-02-04,749.0,749.0,744.0,744.0
2011-02-07,750.0,755.0,745.0,754.0
2011-02-08,749.0,751.0,748.0,748.0
2011-02-09,750.0,760.0,750.0,760.0
2011-02-10,760.0,760.0,750.0,760.0
2011-02-14,752.0,759.0,750.0,753.0
2011-02-15,759.0,763.0,754.0,763.0
2011-02-16,765.0,769.0,763.0,769.0
2011-02-17,770.0,780.0,767.0,769.0
2011-02-18,770.0,780.0,770.0,773.0
2011-02-21,782.0,782.0,769.0,773.0
2011-02-22,776.0,780.0,770.0,770.0
2011-02-23,755.0,770.0,755.0,770.0
2011-02-24,768.0,768.0,755.0,767.0
2011-02-25,747.0,770.0,747.0,764.0
2011-02-28,773.0,774.0,773.0,774.0
2011-03-01,779.0,784.0,777.0,784.0
2011-03-02,784.0,784.0,776.0,784.0
2011-03-03,784.0,786.0,776.0,776.0
2011-03-04,787.0,787.0,770.0,785.0
2011-03-07,782.0,782.0,770.0,773.0
2011-03-08,773.0,773.0,773.0,773.0
2011-03-09,771.0,775.0,770.0,775.0
2011-03-10,778.0,785.0,773.0,782.0
2011-03-11,782.0,784.0,774.0,784.0
2011-03-14,784.0,784.0,784.0,784.0
2011-03-15,654.0,654.0,560.0,620.0
2011-03-16,620.0,698.0,620.0,680.0
2011-03-17,612.0,689.0,612.0,685.0
2011-03-18,685.0,735.0,685.0,725.0
2011-03-22,703.0,743.0,703.0,731.0
2011-03-23,730.0,731.0,730.0,730.0
2011-03-24,736.0,736.0,730.0,734.0
2011-03-25,733.0,734.0,727.0,727.0
2011-03-28,733.0,733.0,727.0,727.0
2011-03-29,727.0,733.0,727.0,732.0
2011-03-30,733.0,748.0,730.0,748.0
2011-03-31,763.0,764.0,750.0,752.0
2011-04-01,759.0,772.0,754.0,767.0
2011-04-04,767.0,776.0,767.0,769.0
2011-04-05,790.0,790.0,760.0,780.0
2011-04-06,781.0,781.0,771.0,774.0
2011-04-07,774.0,781.0,774.0,776.0
2011-04-08,776.0,790.0,771.0,790.0
2011-04-11,775.0,787.0,775.0,776.0
2011-04-12,774.0,780.0,774.0,780.0
2011-04-13,768.0,784.0,750.0,784.0
2011-04-14,784.0,784.0,770.0,780.0
2011-04-15,781.0,819.0,780.0,808.0
2011-04-18,813.0,820.0,801.0,801.0
2011-04-19,790.0,798.0,781.0,785.0
2011-04-20,800.0,801.0,787.0,795.0
2011-04-21,795.0,810.0,790.0,808.0
2011-04-22,808.0,810.0,799.0,810.0
2011-04-25,805.0,810.0,797.0,807.0
2011-04-26,801.0,809.0,797.0,809.0
2011-04-27,809.0,820.0,804.0,815.0
2011-04-28,815.0,820.0,805.0,811.0
2011-05-02,811.0,811.0,811.0,811.0
2011-05-06,813.0,813.0,813.0,813.0
2011-05-09,813.0,813.0,813.0,813.0
2011-05-10,821.0,864.0,820.0,863.0
2011-05-11,851.0,860.0,850.0,852.0
2011-05-12,851.0,860.0,845.0,845.0
2011-05-13,847.0,850.0,813.0,833.0
2011-05-16,834.0,842.0,833.0,834.0
2011-05-17,834.0,834.0,817.0,820.0
2011-05-18,818.0,849.0,808.0,815.0
2011-05-19,830.0,835.0,830.0,832.0
2011-05-20,831.0,836.0,830.0,832.0
2011-05-23,835.0,840.0,813.0,819.0
2011-05-24,816.0,825.0,815.0,825.0
2011-05-25,825.0,838.0,825.0,838.0
2011-05-26,838.0,838.0,808.0,820.0
2011-05-27,806.0,806.0,791.0,804.0
2011-05-30,804.0,804.0,804.0,804.0
2011-05-31,804.0,804.0,804.0,804.0
2011-06-01,793.0,805.0,792.0,797.0
2011-06-02,797.0,806.0,797.0,806.0
2011-06-03,806.0,806.0,793.0,795.0
2011-06-06,793.0,793.0,771.0,776.0
2011-06-07,776.0,780.0,775.0,780.0
2011-06-08,775.0,775.0,769.0,770.0
2011-06-09,770.0,773.0,770.0,773.0
2011-06-10,767.0,774.0,761.0,761.0
2011-06-13,760.0,765.0,745.0,755.0
2011-06-14,757.0,785.0,756.0,785.0
2011-06-15,787.0,800.0,787.0,788.0
2011-06-16,788.0,788.0,771.0,771.0
2011-06-17,775.0,784.0,775.0,783.0
2011-06-20,778.0,780.0,770.0,772.0
2011-06-21,773.0,775.0,764.0,764.0
2011-06-22,768.0,770.0,766.0,766.0
2011-06-23,780.0,792.0,780.0,792.0
2011-06-24,785.0,790.0,784.0,790.0
2011-06-27,805.0,810.0,796.0,803.0
2011-06-28,805.0,819.0,805.0,815.0
2011-06-29,815.0,825.0,815.0,824.0
2011-06-30,820.0,820.0,808.0,810.0
2011-07-01,810.0,810.0,801.0,805.0
2011-07-04,810.0,815.0,806.0,806.0
2011-07-05,806.0,849.0,806.0,834.0
2011-07-06,840.0,843.0,818.0,823.0
2011-07-07,830.0,833.0,818.0,833.0
2011-07-08,834.0,838.0,820.0,838.0
2011-07-11,763.0,796.0,763.0,792.0
2011-07-12,797.0,797.0,775.0,779.0
2011-07-13,780.0,792.0,778.0,784.0
2011-07-14,777.0,797.0,775.0,777.0
2011-07-15,777.0,797.0,775.0,777.0
2011-07-19,783.0,785.0,780.0,785.0
2011-07-20,786.0,786.0,780.0,781.0
2011-07-21,787.0,787.0,782.0,783.0
2011-07-22,782.0,785.0,779.0,780.0
2011-07-25,778.0,781.0,770.0,781.0
2011-07-26,772.0,780.0,772.0,780.0
2011-07-27,778.0,784.0,766.0,784.0
2011-07-28,784.0,784.0,757.0,760.0
2011-07-29,770.0,770.0,755.0,760.0
2011-08-01,761.0,765.0,761.0,765.0
2011-08-02,765.0,765.0,762.0,765.0
2011-08-03,750.0,760.0,750.0,755.0
2011-08-04,760.0,760.0,753.0,757.0
2011-08-05,730.0,750.0,719.0,729.0
2011-08-08,715.0,744.0,715.0,715.0
2011-08-09,715.0,731.0,701.0,731.0
2011-08-10,753.0,753.0,723.0,753.0
2011-08-11,750.0,750.0,750.0,750.0
2011-08-12,756.0,759.0,727.0,727.0
2011-08-15,712.0,730.0,712.0,728.0
2011-08-16,731.0,740.0,730.0,740.0
2011-08-17,735.0,741.0,735.0,741.0
2011-08-18,745.0,745.0,730.0,731.0
2011-08-19,717.0,720.0,716.0,716.0
2011-08-22,716.0,716.0,716.0,716.0
2011-08-23,724.0,727.0,715.0,720.0
2011-08-24,729.0,729.0,727.0,727.0
2011-08-25,721.0,721.0,720.0,720.0
2011-08-26,723.0,735.0,722.0,735.0
2011-08-29,739.0,745.0,739.0,745.0
2011-08-30,745.0,752.0,745.0,752.0
2011-08-31,752.0,752.0,752.0,752.0
2011-09-01,750.0,750.0,742.0,742.0
2011-09-02,736.0,748.0,736.0,742.0
2011-09-05,733.0,742.0,733.0,742.0
2011-09-06,738.0,738.0,738.0,738.0
2011-09-07,736.0,739.0,736.0,739.0
2011-09-08,750.0,755.0,750.0,755.0
2011-09-09,760.0,765.0,760.0,765.0
2011-09-12,765.0,765.0,757.0,757.0
2011-09-13,736.0,745.0,736.0,740.0
2011-09-14,741.0,741.0,741.0,741.0
2011-09-15,750.0,750.0,741.0,744.0
2011-09-16,747.0,751.0,746.0,746.0
2011-09-20,738.0,745.0,736.0,738.0
2011-09-21,746.0,748.0,746.0,746.0
2011-09-22,742.0,746.0,722.0,722.0
2011-09-26,725.0,747.0,725.0,725.0
2011-09-27,725.0,725.0,725.0,725.0
2011-09-28,740.0,746.0,725.0,725.0
2011-09-29,748.0,748.0,725.0,733.0
2011-09-30,738.0,740.0,730.0,740.0
2011-10-03,724.0,739.0,724.0,739.0
2011-10-04,726.0,726.0,710.0,710.0
2011-10-05,710.0,731.0,704.0,713.0
2011-10-06,705.0,712.0,705.0,711.0
2011-10-07,710.0,711.0,702.0,710.0
2011-10-11,710.0,716.0,702.0,707.0
2011-10-12,710.0,710.0,701.0,705.0
2011-10-13,705.0,718.0,705.0,718.0
2011-10-14,705.0,714.0,705.0,714.0
2011-10-17,716.0,721.0,716.0,721.0
2011-10-18,722.0,722.0,707.0,709.0
2011-10-19,713.0,715.0,709.0,715.0
2011-10-20,710.0,714.0,710.0,712.0
2011-10-21,703.0,721.0,703.0,721.0
2011-10-24,706.0,709.0,705.0,709.0
2011-10-25,709.0,719.0,709.0,718.0
2011-10-26,708.0,713.0,703.0,707.0
2011-10-27,710.0,716.0,710.0,715.0
2011-10-28,715.0,719.0,715.0,715.0
2011-10-31,715.0,719.0,715.0,719.0
2011-11-01,717.0,719.0,717.0,719.0
2011-11-02,707.0,714.0,704.0,714.0
2011-11-04,713.0,716.0,713.0,716.0
2011-11-07,712.0,730.0,702.0,730.0
2011-11-08,730.0,734.0,715.0,715.0
2011-11-09,713.0,729.0,713.0,725.0
2011-11-10,725.0,726.0,725.0,725.0
2011-11-11,721.0,721.0,721.0,721.0
2011-11-14,734.0,734.0,734.0,734.0
2011-11-15,734.0,734.0,734.0,734.0
2011-11-16,730.0,730.0,707.0,710.0
2011-11-17,711.0,711.0,700.0,708.0
2011-11-18,705.0,708.0,698.0,708.0
2011-11-21,708.0,708.0,691.0,691.0
2011-11-22,691.0,691.0,691.0,691.0
2011-11-24,656.0,690.0,656.0,690.0
2011-11-25,700.0,700.0,685.0,699.0
2011-11-28,682.0,690.0,680.0,682.0
2011-11-29,682.0,682.0,673.0,682.0
2011-11-30,683.0,684.0,682.0,682.0
2011-12-01,686.0,697.0,686.0,697.0
2011-12-02,697.0,700.0,697.0,700.0
2011-12-05,700.0,705.0,700.0,700.0
2011-12-06,704.0,704.0,699.0,699.0
2011-12-07,704.0,704.0,686.0,695.0
2011-12-08,696.0,702.0,696.0,702.0
2011-12-09,702.0,702.0,702.0,702.0
2011-12-12,702.0,706.0,702.0,706.0
2011-12-13,704.0,704.0,700.0,704.0
2011-12-14,702.0,702.0,702.0,702.0
2011-12-15,703.0,703.0,703.0,703.0
2011-12-16,703.0,703.0,703.0,703.0
2011-12-19,690.0,690.0,690.0,690.0
2011-12-20,687.0,688.0,680.0,684.0
2011-12-21,683.0,698.0,683.0,698.0
2011-12-22,698.0,698.0,697.0,697.0
2011-12-26,697.0,697.0,697.0,697.0
2011-12-27,700.0,706.0,693.0,706.0
2011-12-28,706.0,712.0,706.0,708.0
2011-12-29,712.0,712.0,708.0,710.0
2011-12-30,710.0,710.0,707.0,707.0
2012-01-04,707.0,713.0,707.0,713.0
2012-01-05,713.0,713.0,713.0,713.0
2012-01-06,714.0,714.0,690.0,690.0
2012-01-10,691.0,692.0,691.0,692.0
2012-01-11,682.0,694.0,682.0,694.0
2012-01-12,698.0,698.0,691.0,691.0
2012-01-13,695.0,695.0,694.0,695.0
2012-01-16,689.0,689.0,641.0,672.0
2012-01-17,677.0,681.0,677.0,679.0
2012-01-18,679.0,691.0,678.0,690.0
2012-01-19,690.0,694.0,685.0,685.0
2012-01-20,688.0,698.0,688.0,698.0
2012-01-23,701.0,701.0,694.0,694.0
2012-01-24,696.0,707.0,696.0,696.0
2012-01-25,703.0,703.0,697.0,700.0
2012-01-26,704.0,704.0,690.0,700.0
2012-01-27,700.0,701.0,700.0,700.0
2012-01-30,700.0,701.0,699.0,699.0
2012-01-31,694.0,698.0,692.0,698.0
2012-02-01,690.0,704.0,676.0,704.0
2012-02-02,705.0,705.0,695.0,704.0
2012-02-03,691.0,700.0,691.0,700.0
2012-02-06,699.0,701.0,699.0,701.0
2012-02-07,700.0,703.0,696.0,703.0
2012-02-08,698.0,703.0,698.0,703.0
2012-02-09,703.0,703.0,703.0,703.0
2012-02-10,704.0,712.0,704.0,709.0
2012-02-13,714.0,714.0,697.0,706.0
2012-02-14,709.0,713.0,709.0,713.0
2012-02-15,712.0,718.0,710.0,718.0
2012-02-16,719.0,725.0,716.0,725.0
2012-02-17,728.0,728.0,727.0,727.0
2012-02-20,727.0,739.0,727.0,738.0
2012-02-21,738.0,746.0,736.0,736.0
2012-02-22,746.0,748.0,729.0,736.0
2012-02-23,745.0,750.0,745.0,746.0
2012-02-24,747.0,756.0,735.0,738.0
2012-02-27,738.0,744.0,736.0,744.0
2012-02-28,744.0,751.0,744.0,751.0
2012-02-29,751.0,764.0,751.0,764.0
2012-03-01,770.0,775.0,764.0,764.0
2012-03-02,764.0,764.0,757.0,763.0
2012-03-05,763.0,765.0,760.0,760.0
2012-03-06,760.0,760.0,760.0,760.0
2012-03-07,754.0,759.0,754.0,754.0
2012-03-08,754.0,754.0,754.0,754.0
2012-03-09,763.0,775.0,760.0,775.0
2012-03-12,775.0,775.0,775.0,775.0
2012-03-13,782.0,794.0,782.0,788.0
2012-03-14,795.0,798.0,790.0,790.0
2012-03-15,796.0,799.0,795.0,798.0
2012-03-16,799.0,805.0,799.0,801.0
2012-03-19,802.0,818.0,802.0,815.0
2012-03-21,818.0,818.0,810.0,818.0
2012-03-22,818.0,818.0,790.0,790.0
2012-03-23,788.0,794.0,771.0,776.0
2012-03-26,780.0,782.0,775.0,777.0
2012-03-27,783.0,787.0,779.0,787.0
2012-03-28,790.0,806.0,790.0,800.0
2012-03-29,815.0,815.0,805.0,810.0
2012-03-30,810.0,814.0,798.0,798.0
2012-04-02,810.0,811.0,805.0,809.0
2012-04-03,810.0,810.0,805.0,806.0
2012-04-04,813.0,813.0,802.0,808.0
2012-04-05,807.0,807.0,798.0,800.0
2012-04-06,800.0,800.0,787.0,787.0
2012-04-09,799.0,799.0,788.0,791.0
2012-04-10,797.0,798.0,791.0,791.0
2012-04-11,791.0,792.0,785.0,790.0
2012-04-12,786.0,797.0,785.0,786.0
2012-04-13,788.0,793.0,788.0,793.0
2012-04-16,790.0,793.0,788.0,793.0
2012-04-17,795.0,795.0,791.0,791.0
2012-04-18,795.0,797.0,794.0,794.0
2012-04-19,792.0,792.0,791.0,791.0
2012-04-20,791.0,796.0,791.0,794.0
2012-04-23,799.0,799.0,790.0,792.0
2012-04-24,790.0,797.0,789.0,797.0
2012-04-25,790.0,790.0,789.0,790.0
2012-04-26,794.0,795.0,794.0,794.0
2012-04-27,795.0,796.0,794.0,795.0
2012-05-01,795.0,795.0,793.0,793.0
2012-05-02,795.0,795.0,793.0,793.0
2012-05-07,786.0,793.0,782.0,782.0
2012-05-08,780.0,780.0,777.0,777.0
2012-05-09,780.0,780.0,777.0,780.0
2012-05-10,780.0,780.0,775.0,780.0
2012-05-11,780.0,780.0,768.0,768.0
2012-05-14,775.0,775.0,770.0,770.0
2012-05-15,781.0,781.0,755.0,755.0
2012-05-16,770.0,770.0,730.0,745.0
2012-05-17,730.0,740.0,730.0,732.0
2012-05-18,732.0,732.0,725.0,726.0
2012-05-21,717.0,727.0,716.0,727.0
2012-05-22,734.0,796.0,728.0,780.0
2012-05-23,760.0,795.0,742.0,766.0
2012-05-24,766.0,768.0,752.0,752.0
2012-05-25,774.0,774.0,747.0,752.0
2012-05-28,752.0,759.0,751.0,753.0
2012-05-29,712.0,717.0,685.0,712.0
2012-05-30,712.0,714.0,700.0,714.0
2012-05-31,714.0,714.0,695.0,695.0
2012-06-01,690.0,690.0,665.0,687.0
2012-06-04,667.0,680.0,667.0,668.0
2012-06-05,689.0,689.0,680.0,680.0
2012-06-06,680.0,680.0,671.0,680.0
2012-06-07,685.0,685.0,682.0,685.0
2012-06-08,688.0,688.0,683.0,683.0
2012-06-11,680.0,682.0,679.0,679.0
2012-06-12,680.0,680.0,678.0,678.0
2012-06-13,680.0,680.0,677.0,677.0
2012-06-14,657.0,667.0,657.0,665.0
2012-06-15,667.0,668.0,667.0,668.0
2012-06-18,685.0,685.0,663.0,667.0
2012-06-19,670.0,670.0,669.0,669.0
2012-06-20,670.0,678.0,670.0,678.0
2012-06-21,675.0,685.0,675.0,685.0
2012-06-22,683.0,683.0,672.0,683.0
2012-06-25,685.0,685.0,680.0,683.0
2012-06-26,686.0,686.0,683.0,685.0
2012-06-27,683.0,686.0,683.0,686.0
2012-06-28,688.0,703.0,688.0,703.0
2012-06-29,715.0,718.0,714.0,718.0
2012-07-02,720.0,730.0,718.0,730.0
2012-07-03,737.0,740.0,737.0,740.0
2012-07-04,747.0,748.0,740.0,748.0
2012-07-05,748.0,748.0,748.0,748.0
2012-07-06,737.0,743.0,735.0,735.0
2012-07-09,728.0,728.0,728.0,728.0
2012-07-10,726.0,726.0,690.0,690.0
2012-07-11,693.0,709.0,693.0,709.0
2012-07-12,709.0,709.0,709.0,709.0
2012-07-13,705.0,710.0,700.0,700.0
2012-07-17,700.0,700.0,700.0,700.0
2012-07-18,698.0,700.0,698.0,700.0
2012-07-19,720.0,720.0,720.0,720.0
2012-07-20,719.0,719.0,719.0,719.0
2012-07-23,693.0,694.0,693.0,694.0
2012-07-24,694.0,695.0,691.0,692.0
2012-07-25,700.0,700.0,690.0,690.0
2012-07-26,687.0,695.0,687.0,695.0
2012-07-27,695.0,695.0,685.0,694.0
2012-07-30,699.0,701.0,699.0,700.0
2012-07-31,715.0,715.0,695.0,695.0
2012-08-01,705.0,705.0,690.0,690.0
2012-08-02,691.0,693.0,691.0,693.0
2012-08-03,693.0,693.0,693.0,693.0
2012-08-06,708.0,708.0,693.0,693.0
2012-08-07,692.0,692.0,691.0,691.0
2012-08-08,698.0,699.0,698.0,699.0
2012-08-09,700.0,700.0,699.0,699.0
2012-08-10,711.0,711.0,692.0,694.0
2012-08-13,690.0,711.0,690.0,711.0
2012-08-14,710.0,710.0,701.0,701.0
2012-08-15,700.0,700.0,700.0,700.0
2012-08-16,701.0,712.0,701.0,712.0
2012-08-17,712.0,712.0,712.0,712.0
2012-08-20,713.0,713.0,700.0,701.0
2012-08-21,700.0,700.0,694.0,700.0
2012-08-22,700.0,700.0,699.0,700.0
2012-08-23,701.0,701.0,701.0,701.0
2012-08-24,699.0,712.0,695.0,705.0
2012-08-27,710.0,712.0,710.0,712.0
2012-08-28,712.0,712.0,712.0,712.0
2012-08-29,708.0,708.0,697.0,697.0
2012-08-30,699.0,701.0,698.0,699.0
2012-08-31,698.0,698.0,695.0,695.0
2012-09-03,695.0,700.0,695.0,700.0
2012-09-04,700.0,700.0,700.0,700.0
2012-09-05,699.0,699.0,699.0,699.0
2012-09-06,696.0,696.0,695.0,695.0
2012-09-07,703.0,704.0,703.0,704.0
2012-09-10,705.0,710.0,705.0,707.0
2012-09-11,708.0,708.0,707.0,708.0
2012-09-12,708.0,712.0,708.0,712.0
2012-09-13,712.0,712.0,712.0,712.0
2012-09-14,713.0,713.0,713.0,713.0
2012-09-18,713.0,725.0,713.0,714.0
2012-09-19,725.0,727.0,724.0,725.0
2012-09-20,725.0,725.0,725.0,725.0
2012-09-21,726.0,727.0,715.0,715.0
2012-09-24,697.0,699.0,697.0,699.0
2012-09-25,699.0,699.0,699.0,699.0
2012-09-26,709.0,730.0,706.0,706.0
2012-09-27,706.0,709.0,701.0,709.0
2012-09-28,712.0,714.0,710.0,714.0
2012-10-01,726.0,726.0,711.0,711.0
2012-10-02,710.0,721.0,707.0,715.0
2012-10-03,708.0,708.0,708.0,708.0
2012-10-04,707.0,719.0,707.0,719.0
2012-10-05,720.0,727.0,720.0,727.0
2012-10-09,712.0,712.0,676.0,695.0
2012-10-10,696.0,697.0,690.0,697.0
2012-10-11,697.0,697.0,684.0,685.0
2012-10-12,686.0,690.0,680.0,690.0
2012-10-15,690.0,690.0,690.0,690.0
2012-10-16,690.0,690.0,682.0,682.0
2012-10-17,683.0,689.0,681.0,689.0
2012-10-18,690.0,692.0,690.0,692.0
2012-10-19,695.0,695.0,694.0,694.0
2012-10-22,697.0,697.0,695.0,696.0
2012-10-23,697.0,697.0,680.0,688.0
2012-10-24,695.0,695.0,690.0,690.0
2012-10-25,682.0,690.0,682.0,689.0
2012-10-26,689.0,692.0,689.0,690.0
2012-10-29,691.0,694.0,690.0,694.0
2012-10-30,695.0,696.0,694.0,696.0
2012-10-31,696.0,700.0,696.0,700.0
2012-11-01,700.0,700.0,698.0,700.0
2012-11-02,703.0,703.0,695.0,703.0
2012-11-05,701.0,708.0,701.0,707.0
2012-11-06,704.0,707.0,700.0,707.0
2012-11-07,707.0,707.0,707.0,707.0
2012-11-08,707.0,707.0,707.0,707.0
2012-11-09,706.0,710.0,706.0,710.0
2012-11-12,710.0,710.0,710.0,710.0
2012-11-13,705.0,705.0,705.0,705.0
2012-11-14,704.0,704.0,704.0,704.0
2012-11-15,704.0,704.0,700.0,700.0
2012-11-16,705.0,709.0,690.0,703.0
2012-11-19,700.0,700.0,700.0,700.0
2012-11-20,700.0,710.0,700.0,710.0
2012-11-21,704.0,713.0,704.0,713.0
2012-11-22,702.0,713.0,702.0,708.0
2012-11-26,706.0,710.0,700.0,704.0
2012-11-27,709.0,720.0,709.0,720.0
2012-11-28,705.0,708.0,700.0,704.0
2012-11-29,706.0,706.0,703.0,703.0
2012-11-30,704.0,705.0,703.0,704.0
2012-12-03,704.0,704.0,703.0,703.0
2012-12-04,704.0,704.0,702.0,702.0
2012-12-05,701.0,701.0,700.0,700.0
2012-12-06,702.0,702.0,702.0,702.0
2012-12-07,703.0,704.0,702.0,704.0
2012-12-10,705.0,708.0,704.0,704.0
2012-12-11,704.0,704.0,703.0,703.0
2012-12-12,705.0,705.0,700.0,700.0
2012-12-13,702.0,702.0,702.0,702.0
2012-12-14,702.0,706.0,702.0,703.0
2012-12-17,704.0,705.0,704.0,704.0
2012-12-18,706.0,706.0,704.0,704.0
2012-12-19,704.0,713.0,704.0,704.0
2012-12-20,707.0,715.0,707.0,715.0
2012-12-21,710.0,712.0,709.0,709.0
2012-12-25,720.0,720.0,709.0,720.0
2012-12-26,706.0,721.0,706.0,711.0
2012-12-27,706.0,721.0,706.0,711.0
2012-12-28,720.0,724.0,715.0,718.0
2013-01-04,722.0,730.0,720.0,722.0
2013-01-07,729.0,734.0,720.0,733.0
2013-01-08,734.0,734.0,725.0,726.0
2013-01-09,725.0,725.0,720.0,725.0
2013-01-10,725.0,740.0,725.0,731.0
2013-01-11,740.0,760.0,740.0,751.0
2013-01-15,750.0,751.0,731.0,747.0
2013-01-16,747.0,750.0,740.0,740.0
2013-01-17,738.0,748.0,738.0,747.0
2013-01-18,749.0,755.0,738.0,755.0
2013-01-21,755.0,755.0,745.0,745.0
2013-01-22,746.0,752.0,746.0,752.0
2013-01-23,745.0,755.0,745.0,755.0
2013-01-24,756.0,775.0,756.0,770.0
2013-01-25,770.0,772.0,770.0,770.0
2013-01-28,775.0,778.0,770.0,770.0
2013-01-29,770.0,774.0,762.0,762.0
2013-01-30,740.0,752.0,740.0,750.0
2013-01-31,760.0,774.0,760.0,772.0
2013-02-01,780.0,780.0,762.0,770.0
2013-02-04,775.0,777.0,775.0,775.0
2013-02-05,765.0,765.0,763.0,763.0
2013-02-06,775.0,775.0,761.0,762.0
2013-02-07,760.0,780.0,753.0,761.0
2013-02-08,778.0,778.0,756.0,765.0
2013-02-12,770.0,773.0,770.0,770.0
2013-02-13,773.0,773.0,760.0,760.0
2013-02-14,755.0,765.0,751.0,765.0
2013-02-15,770.0,770.0,750.0,754.0
2013-02-18,769.0,769.0,754.0,755.0
2013-02-19,755.0,767.0,755.0,765.0
2013-02-20,760.0,770.0,760.0,767.0
2013-02-21,757.0,757.0,757.0,757.0
2013-02-22,755.0,755.0,752.0,752.0
2013-02-25,765.0,769.0,752.0,769.0
2013-02-26,756.0,760.0,756.0,760.0
2013-02-27,761.0,763.0,756.0,763.0
2013-02-28,768.0,770.0,763.0,770.0
2013-03-01,770.0,774.0,758.0,760.0
2013-03-04,775.0,775.0,775.0,775.0
2013-03-05,765.0,770.0,765.0,767.0
2013-03-06,770.0,773.0,762.0,770.0
2013-03-07,762.0,772.0,762.0,772.0
2013-03-08,772.0,775.0,772.0,772.0
2013-03-11,772.0,774.0,771.0,774.0
2013-03-12,777.0,790.0,776.0,790.0
2013-03-13,790.0,798.0,790.0,791.0
2013-03-14,792.0,796.0,792.0,796.0
2013-03-15,796.0,800.0,796.0,796.0
2013-03-18,796.0,800.0,790.0,790.0
2013-03-19,785.0,794.0,781.0,785.0
2013-03-21,789.0,792.0,785.0,792.0
2013-03-22,795.0,795.0,785.0,788.0
2013-03-25,795.0,795.0,785.0,792.0
2013-03-26,794.0,795.0,792.0,795.0
2013-03-27,795.0,795.0,790.0,795.0
2013-03-28,795.0,795.0,785.0,793.0
2013-03-29,795.0,795.0,789.0,795.0
2013-04-01,795.0,795.0,784.0,784.0
2013-04-02,783.0,783.0,767.0,767.0
2013-04-03,768.0,790.0,768.0,780.0
2013-04-04,775.0,786.0,769.0,780.0
2013-04-05,781.0,782.0,774.0,778.0
2013-04-08,779.0,787.0,779.0,787.0
2013-04-09,790.0,790.0,786.0,786.0
2013-04-10,786.0,794.0,785.0,794.0
2013-04-11,795.0,800.0,794.0,799.0
2013-04-12,796.0,802.0,796.0,801.0
2013-04-15,803.0,803.0,797.0,800.0
2013-04-16,795.0,800.0,793.0,793.0
2013-04-17,794.0,802.0,794.0,802.0
2013-04-18,802.0,803.0,799.0,802.0
2013-04-19,802.0,805.0,802.0,802.0
2013-04-22,807.0,813.0,805.0,807.0
2013-04-23,805.0,819.0,805.0,816.0
2013-04-24,820.0,825.0,818.0,823.0
2013-04-25,823.0,843.0,823.0,843.0
2013-04-26,850.0,860.0,845.0,850.0
2013-04-30,861.0,869.0,850.0,867.0
2013-05-01,869.0,869.0,865.0,865.0
2013-05-02,860.0,868.0,855.0,867.0
2013-05-07,867.0,872.0,860.0,867.0
2013-05-08,867.0,875.0,866.0,870.0
2013-05-09,870.0,890.0,868.0,890.0
2013-05-10,910.0,914.0,880.0,890.0
2013-05-13,900.0,919.0,891.0,895.0
2013-05-14,895.0,910.0,895.0,903.0
2013-05-15,903.0,910.0,873.0,900.0
2013-05-16,890.0,900.0,821.0,882.0
2013-05-17,883.0,893.0,861.0,867.0
2013-05-20,869.0,879.0,869.0,875.0
2013-05-21,877.0,909.0,875.0,899.0
2013-05-22,900.0,906.0,900.0,901.0
2013-05-23,928.0,928.0,858.0,861.0
2013-05-24,872.0,899.0,872.0,890.0
2013-05-27,873.0,890.0,871.0,890.0
2013-05-28,880.0,880.0,852.0,864.0
2013-05-29,819.0,827.0,812.0,827.0
2013-05-30,820.0,822.0,800.0,800.0
2013-05-31,800.0,809.0,760.0,788.0
2013-06-03,770.0,780.0,764.0,764.0
2013-06-04,765.0,778.0,761.0,774.0
2013-06-05,774.0,788.0,774.0,780.0
2013-06-06,770.0,772.0,755.0,755.0
2013-06-07,755.0,755.0,746.0,746.0
2013-06-10,747.0,770.0,746.0,768.0
2013-06-11,758.0,779.0,756.0,765.0
2013-06-12,780.0,780.0,757.0,760.0
2013-06-13,756.0,756.0,751.0,751.0
2013-06-14,752.0,764.0,743.0,745.0
2013-06-17,750.0,757.0,750.0,755.0
2013-06-18,750.0,756.0,750.0,755.0
2013-06-19,765.0,767.0,763.0,767.0
2013-06-20,763.0,777.0,763.0,777.0
2013-06-21,763.0,768.0,733.0,763.0
2013-06-24,768.0,768.0,765.0,765.0
2013-06-25,765.0,765.0,755.0,755.0
2013-06-26,753.0,775.0,752.0,775.0
2013-06-27,760.0,775.0,760.0,765.0
2013-06-28,765.0,775.0,765.0,770.0
2013-07-01,776.0,780.0,770.0,770.0
2013-07-02,775.0,790.0,775.0,780.0
2013-07-03,780.0,790.0,777.0,790.0
2013-07-04,790.0,790.0,790.0,790.0
2013-07-05,795.0,795.0,790.0,794.0
2013-07-08,795.0,798.0,778.0,798.0
2013-07-09,800.0,800.0,736.0,775.0
2013-07-10,775.0,785.0,775.0,785.0
2013-07-11,785.0,788.0,778.0,778.0
2013-07-12,777.0,800.0,762.0,789.0
2013-07-16,778.0,788.0,778.0,788.0
2013-07-17,788.0,789.0,787.0,787.0
2013-07-18,780.0,782.0,780.0,782.0
2013-07-19,780.0,785.0,771.0,785.0
2013-07-22,785.0,785.0,771.0,771.0
2013-07-23,772.0,775.0,772.0,775.0
2013-07-24,775.0,776.0,774.0,776.0
2013-07-25,776.0,776.0,774.0,774.0
2013-07-26,774.0,780.0,772.0,772.0
2013-07-29,772.0,772.0,770.0,770.0
2013-07-30,770.0,781.0,762.0,762.0
2013-07-31,777.0,777.0,762.0,772.0
2013-08-01,771.0,777.0,763.0,776.0
2013-08-02,780.0,781.0,776.0,781.0
2013-08-05,773.0,782.0,772.0,773.0
2013-08-06,788.0,788.0,773.0,773.0
2013-08-07,782.0,782.0,775.0,775.0
2013-08-08,775.0,775.0,766.0,766.0
2013-08-09,767.0,767.0,753.0,760.0
2013-08-12,765.0,765.0,756.0,760.0
2013-08-13,760.0,760.0,756.0,760.0
2013-08-14,760.0,760.0,757.0,760.0
2013-08-15,757.0,760.0,756.0,756.0
2013-08-16,760.0,760.0,760.0,760.0
2013-08-19,760.0,760.0,758.0,760.0
2013-08-20,760.0,760.0,760.0,760.0
2013-08-21,757.0,760.0,757.0,760.0
2013-08-22,757.0,757.0,756.0,756.0
2013-08-23,760.0,760.0,753.0,755.0
2013-08-26,760.0,760.0,759.0,760.0
2013-08-27,750.0,765.0,750.0,755.0
2013-08-28,755.0,755.0,750.0,755.0
2013-08-29,752.0,756.0,752.0,756.0
2013-08-30,753.0,756.0,753.0,755.0
2013-09-02,755.0,755.0,752.0,752.0
2013-09-03,752.0,755.0,752.0,755.0
2013-09-04,755.0,756.0,755.0,756.0
2013-09-05,755.0,755.0,752.0,755.0
2013-09-06,755.0,755.0,751.0,755.0
2013-09-09,756.0,769.0,756.0,769.0
2013-09-10,769.0,775.0,769.0,775.0
2013-09-11,790.0,790.0,775.0,785.0
2013-09-12,785.0,785.0,760.0,775.0
2013-09-13,767.0,775.0,763.0,773.0
2013-09-17,773.0,790.0,773.0,773.0
2013-09-18,789.0,789.0,782.0,785.0
2013-09-19,786.0,795.0,786.0,789.0
2013-09-20,788.0,794.0,788.0,789.0
2013-09-24,789.0,795.0,789.0,791.0
2013-09-25,790.0,792.0,790.0,792.0
2013-09-26,792.0,798.0,792.0,798.0
2013-09-27,800.0,816.0,798.0,802.0
2013-09-30,802.0,817.0,802.0,805.0
2013-10-01,810.0,810.0,800.0,800.0
2013-10-02,809.0,809.0,796.0,803.0
2013-10-03,802.0,802.0,796.0,800.0
2013-10-04,795.0,800.0,790.0,800.0
2013-10-07,800.0,802.0,790.0,790.0
2013-10-08,785.0,786.0,777.0,785.0
2013-10-09,782.0,790.0,782.0,789.0
2013-10-10,799.0,805.0,794.0,804.0
2013-10-11,808.0,810.0,807.0,809.0
2013-10-15,810.0,814.0,807.0,807.0
2013-10-16,807.0,810.0,802.0,805.0
2013-10-17,808.0,810.0,799.0,799.0
2013-10-18,800.0,810.0,800.0,810.0
2013-10-21,810.0,811.0,780.0,801.0
2013-10-22,795.0,805.0,790.0,805.0
2013-10-23,802.0,808.0,801.0,808.0
2013-10-24,808.0,808.0,791.0,800.0
2013-10-25,797.0,802.0,797.0,800.0
2013-10-28,801.0,809.0,801.0,809.0
2013-10-29,808.0,811.0,797.0,802.0
2013-10-30,808.0,810.0,798.0,801.0
2013-10-31,801.0,808.0,796.0,796.0
2013-11-01,796.0,799.0,791.0,797.0
2013-11-05,805.0,805.0,780.0,785.0
2013-11-06,783.0,795.0,780.0,791.0
2013-11-07,781.0,794.0,781.0,793.0
2013-11-08,793.0,800.0,788.0,793.0
2013-11-11,792.0,800.0,787.0,800.0
2013-11-12,791.0,797.0,782.0,790.0
2013-11-13,790.0,794.0,782.0,793.0
2013-11-14,793.0,798.0,792.0,792.0
2013-11-15,793.0,800.0,790.0,790.0
2013-11-18,790.0,798.0,790.0,794.0
2013-11-19,794.0,799.0,794.0,799.0
2013-11-20,797.0,800.0,793.0,800.0
2013-11-21,801.0,805.0,797.0,803.0
2013-11-22,801.0,805.0,800.0,800.0
2013-11-25,801.0,806.0,798.0,800.0
2013-11-26,800.0,806.0,797.0,806.0
2013-11-27,777.0,794.0,777.0,794.0
2013-11-28,795.0,798.0,790.0,790.0
2013-11-29,797.0,797.0,790.0,790.0
2013-12-02,797.0,797.0,790.0,796.0
2013-12-03,796.0,799.0,793.0,798.0
2013-12-04,797.0,797.0,791.0,791.0
2013-12-05,788.0,790.0,788.0,789.0
2013-12-06,789.0,791.0,782.0,791.0
2013-12-09,794.0,796.0,793.0,793.0
2013-12-10,795.0,798.0,793.0,794.0
2013-12-11,794.0,798.0,794.0,796.0
2013-12-12,796.0,796.0,795.0,795.0
2013-12-13,791.0,796.0,791.0,795.0
2013-12-16,796.0,800.0,790.0,791.0
2013-12-17,792.0,801.0,792.0,796.0
2013-12-18,794.0,796.0,791.0,794.0
2013-12-19,796.0,802.0,796.0,799.0
2013-12-20,796.0,796.0,787.0,787.0
2013-12-24,790.0,796.0,788.0,789.0
2013-12-25,787.0,795.0,782.0,795.0
2013-12-26,795.0,798.0,784.0,796.0
2013-12-27,796.0,800.0,790.0,796.0
2013-12-30,805.0,810.0,803.0,806.0
2014-01-06,812.0,815.0,810.0,811.0
2014-01-07,810.0,810.0,806.0,809.0
2014-01-08,809.0,844.0,809.0,834.0
2014-01-09,839.0,839.0,829.0,829.0
2014-01-10,834.0,839.0,828.0,837.0
2014-01-14,828.0,836.0,822.0,832.0
2014-01-15,837.0,843.0,828.0,836.0
2014-01-16,850.0,853.0,836.0,850.0
2014-01-17,850.0,853.0,842.0,844.0
2014-01-20,843.0,848.0,838.0,848.0
2014-01-21,847.0,848.0,837.0,838.0
2014-01-22,839.0,840.0,820.0,837.0
2014-01-23,839.0,845.0,832.0,843.0
2014-01-24,826.0,839.0,817.0,819.0
2014-01-27,809.0,809.0,800.0,805.0
2014-01-28,806.0,837.0,806.0,835.0
2014-01-29,835.0,839.0,828.0,838.0
2014-01-30,818.0,819.0,800.0,816.0
2014-01-31,820.0,820.0,810.0,810.0
2014-02-03,805.0,821.0,804.0,805.0
2014-02-04,800.0,800.0,791.0,793.0
2014-02-05,793.0,808.0,793.0,793.0
2014-02-06,793.0,804.0,793.0,804.0
2014-02-07,805.0,809.0,805.0,807.0
2014-02-10,810.0,818.0,808.0,818.0
2014-02-12,818.0,820.0,812.0,820.0
2014-02-13,823.0,825.0,814.0,814.0
2014-02-14,814.0,822.0,806.0,806.0
2014-02-17,817.0,817.0,797.0,804.0
2014-02-18,808.0,813.0,801.0,813.0
2014-02-19,817.0,825.0,809.0,820.0
2014-02-20,818.0,818.0,800.0,809.0
2014-02-21,812.0,816.0,802.0,806.0
2014-02-24,808.0,814.0,808.0,813.0
2014-02-25,810.0,819.0,810.0,819.0
2014-02-26,819.0,819.0,818.0,818.0
2014-02-27,813.0,817.0,813.0,817.0
2014-02-28,817.0,817.0,807.0,807.0
2014-03-03,830.0,830.0,806.0,820.0
2014-03-04,818.0,818.0,811.0,814.0
2014-03-05,820.0,820.0,815.0,815.0
2014-03-06,815.0,819.0,809.0,810.0
2014-03-07,812.0,812.0,810.0,812.0
2014-03-10,811.0,820.0,810.0,820.0
2014-03-11,811.0,816.0,811.0,813.0
2014-03-12,813.0,822.0,813.0,822.0
2014-03-13,824.0,827.0,822.0,827.0
2014-03-14,825.0,830.0,811.0,811.0
2014-03-17,810.0,810.0,805.0,807.0
2014-03-18,815.0,825.0,810.0,813.0
2014-03-19,817.0,817.0,815.0,815.0
2014-03-20,815.0,815.0,809.0,814.0
2014-03-24,815.0,815.0,809.0,809.0
2014-03-25,810.0,812.0,810.0,812.0
2014-03-26,812.0,815.0,812.0,815.0
2014-03-27,810.0,823.0,810.0,820.0
2014-03-28,820.0,825.0,820.0,825.0
2014-03-31,825.0,830.0,820.0,830.0
2014-04-01,835.0,851.0,835.0,843.0
2014-04-02,844.0,851.0,840.0,845.0
2014-04-03,846.0,847.0,841.0,844.0
2014-04-04,850.0,851.0,845.0,848.0
2014-04-07,845.0,850.0,840.0,845.0
2014-04-08,840.0,841.0,825.0,840.0
2014-04-09,847.0,847.0,830.0,830.0
2014-04-10,843.0,843.0,830.0,831.0
2014-04-11,826.0,834.0,820.0,834.0
2014-04-14,834.0,840.0,829.0,840.0
2014-04-15,840.0,843.0,830.0,842.0
2014-04-16,842.0,849.0,836.0,849.0
2014-04-17,848.0,848.0,837.0,840.0
2014-04-18,847.0,849.0,841.0,842.0
2014-04-21,842.0,848.0,840.0,840.0
2014-04-22,847.0,847.0,845.0,845.0
2014-04-23,843.0,843.0,840.0,840.0
2014-04-24,848.0,848.0,843.0,845.0
2014-04-25,839.0,849.0,836.0,840.0
2014-04-28,840.0,843.0,837.0,837.0
2014-04-30,837.0,839.0,834.0,835.0
2014-05-01,845.0,846.0,835.0,846.0
2014-05-02,846.0,847.0,844.0,847.0
2014-05-07,845.0,846.0,841.0,843.0
2014-05-08,843.0,845.0,841.0,842.0
2014-05-09,840.0,850.0,840.0,840.0
2014-05-12,840.0,848.0,840.0,845.0
2014-05-13,845.0,846.0,840.0,842.0
2014-05-14,842.0,846.0,841.0,846.0
2014-05-15,847.0,849.0,843.0,849.0
2014-05-16,849.0,850.0,839.0,843.0
2014-05-19,845.0,845.0,838.0,838.0
2014-05-20,841.0,844.0,837.0,840.0
2014-05-21,839.0,846.0,837.0,842.0
2014-05-22,844.0,845.0,836.0,845.0
2014-05-23,844.0,845.0,837.0,845.0
2014-05-26,845.0,848.0,843.0,844.0
2014-05-27,846.0,849.0,845.0,847.0
2014-05-28,826.0,835.0,820.0,835.0
2014-05-29,909.0,910.0,850.0,863.0
2014-05-30,866.0,871.0,851.0,851.0
2014-06-02,856.0,857.0,841.0,853.0
2014-06-03,854.0,856.0,849.0,849.0
2014-06-04,849.0,850.0,847.0,847.0
2014-06-05,844.0,845.0,840.0,845.0
2014-06-06,845.0,850.0,845.0,850.0
2014-06-09,858.0,859.0,850.0,850.0
2014-06-10,848.0,852.0,840.0,844.0
2014-06-11,836.0,844.0,836.0,840.0
2014-06-12,837.0,843.0,836.0,839.0
2014-06-13,836.0,850.0,831.0,847.0
2014-06-16,845.0,858.0,845.0,849.0
2014-06-17,848.0,850.0,847.0,850.0
2014-06-18,850.0,851.0,849.0,850.0
2014-06-19,854.0,865.0,854.0,859.0
2014-06-20,866.0,866.0,859.0,860.0
2014-06-23,868.0,868.0,857.0,859.0
2014-06-24,855.0,865.0,852.0,865.0
2014-06-25,857.0,870.0,857.0,870.0
2014-06-26,868.0,887.0,868.0,883.0
2014-06-27,883.0,884.0,863.0,867.0
2014-06-30,862.0,875.0,862.0,875.0
2014-07-01,875.0,880.0,870.0,880.0
2014-07-02,886.0,886.0,870.0,876.0
2014-07-03,882.0,883.0,876.0,880.0
2014-07-04,890.0,900.0,880.0,899.0
2014-07-07,911.0,940.0,910.0,940.0
2014-07-08,1090.0,1090.0,1065.0,1090.0
2014-07-09,1000.0,1120.0,981.0,1036.0
2014-07-10,1010.0,1020.0,964.0,966.0
2014-07-11,954.0,964.0,932.0,938.0
2014-07-14,949.0,950.0,934.0,948.0
2014-07-15,948.0,982.0,940.0,980.0
2014-07-16,963.0,972.0,950.0,964.0
2014-07-17,960.0,960.0,926.0,927.0
2014-07-18,920.0,932.0,919.0,919.0
2014-07-22,918.0,930.0,918.0,923.0
2014-07-23,923.0,938.0,923.0,938.0
2014-07-24,938.0,945.0,933.0,934.0
2014-07-25,940.0,943.0,931.0,934.0
2014-07-28,945.0,945.0,934.0,945.0
2014-07-29,949.0,980.0,949.0,961.0
2014-07-30,962.0,974.0,962.0,971.0
2014-07-31,975.0,980.0,966.0,970.0
2014-08-01,978.0,1036.0,975.0,1023.0
2014-08-04,1017.0,1032.0,998.0,1032.0
2014-08-05,1032.0,1033.0,1003.0,1028.0
2014-08-06,1016.0,1027.0,991.0,1014.0
2014-08-07,1014.0,1021.0,1000.0,1001.0
2014-08-08,992.0,1001.0,983.0,989.0
2014-08-11,1005.0,1007.0,970.0,1007.0
2014-08-12,1006.0,1007.0,970.0,990.0
2014-08-13,990.0,998.0,982.0,997.0
2014-08-14,997.0,1003.0,980.0,980.0
2014-08-15,977.0,1005.0,975.0,985.0
2014-08-18,979.0,1000.0,979.0,999.0
2014-08-19,1004.0,1005.0,978.0,983.0
2014-08-20,987.0,996.0,970.0,975.0
2014-08-21,972.0,988.0,972.0,984.0
2014-08-22,979.0,989.0,975.0,979.0
2014-08-25,971.0,974.0,961.0,961.0
2014-08-26,965.0,973.0,965.0,967.0
2014-08-27,968.0,982.0,967.0,982.0
2014-08-28,987.0,990.0,982.0,983.0
2014-08-29,984.0,987.0,975.0,980.0
2014-09-01,991.0,991.0,970.0,987.0
2014-09-02,990.0,990.0,976.0,982.0
2014-09-03,975.0,982.0,975.0,979.0
2014-09-04,980.0,989.0,980.0,982.0
2014-09-05,986.0,994.0,983.0,983.0
2014-09-08,990.0,996.0,990.0,991.0
2014-09-09,993.0,1013.0,993.0,1007.0
2014-09-10,1011.0,1014.0,995.0,1004.0
2014-09-11,1010.0,1010.0,996.0,999.0
2014-09-12,1001.0,1010.0,998.0,999.0
2014-09-16,999.0,1020.0,999.0,1010.0
2014-09-17,1010.0,1010.0,1004.0,1007.0
2014-09-18,1007.0,1017.0,985.0,1008.0
2014-09-19,1014.0,1016.0,1001.0,1007.0
2014-09-22,1018.0,1018.0,1000.0,1009.0
2014-09-24,1008.0,1008.0,1002.0,1008.0
2014-09-25,1009.0,1013.0,1004.0,1013.0
2014-09-26,1009.0,1055.0,1009.0,1040.0
2014-09-29,1041.0,1054.0,1037.0,1037.0
2014-09-30,1048.0,1048.0,1016.0,1021.0
2014-10-01,1018.0,1034.0,1008.0,1033.0
2014-10-02,1023.0,1034.0,1005.0,1006.0
2014-10-03,1000.0,1023.0,999.0,1023.0
2014-10-06,1035.0,1055.0,1035.0,1055.0
2014-10-07,1010.0,1027.0,971.0,977.0
2014-10-08,977.0,1000.0,970.0,995.0
2014-10-09,1000.0,1010.0,933.0,933.0
2014-10-10,911.0,943.0,911.0,916.0
2014-10-14,893.0,939.0,881.0,910.0
2014-10-15,938.0,938.0,923.0,935.0
2014-10-16,928.0,950.0,909.0,950.0
2014-10-17,950.0,950.0,918.0,927.0
2014-10-20,939.0,950.0,930.0,941.0
2014-10-21,941.0,950.0,931.0,934.0
2014-10-22,937.0,943.0,935.0,943.0
2014-10-23,944.0,948.0,943.0,945.0
2014-10-24,945.0,945.0,937.0,938.0
2014-10-27,958.0,990.0,940.0,980.0
2014-10-28,980.0,980.0,965.0,968.0
2014-10-29,965.0,988.0,965.0,987.0
2014-10-30,989.0,989.0,974.0,989.0
2014-10-31,989.0,995.0,963.0,995.0
2014-11-04,1000.0,1005.0,953.0,980.0
2014-11-05,990.0,994.0,968.0,992.0
2014-11-06,992.0,1004.0,988.0,990.0
2014-11-07,1045.0,1045.0,985.0,988.0
2014-11-10,989.0,1000.0,989.0,998.0
2014-11-11,1000.0,1020.0,999.0,1015.0
2014-11-12,1000.0,1013.0,995.0,995.0
2014-11-13,995.0,1000.0,988.0,990.0
2014-11-14,998.0,998.0,988.0,991.0
2014-11-17,991.0,1000.0,982.0,987.0
2014-11-18,986.0,1000.0,986.0,993.0
2014-11-19,1001.0,1001.0,994.0,996.0
2014-11-20,999.0,1000.0,996.0,999.0
2014-11-21,998.0,1000.0,992.0,996.0
2014-11-25,1000.0,1000.0,992.0,997.0
2014-11-26,972.0,991.0,972.0,975.0
2014-11-27,975.0,979.0,970.0,971.0
2014-11-28,971.0,976.0,971.0,976.0
2014-12-01,976.0,978.0,969.0,972.0
2014-12-02,975.0,980.0,966.0,967.0
2014-12-03,979.0,979.0,970.0,970.0
2014-12-04,969.0,969.0,966.0,967.0
2014-12-05,967.0,970.0,964.0,965.0
2014-12-08,973.0,975.0,969.0,974.0
2014-12-09,970.0,970.0,961.0,962.0
2014-12-10,962.0,971.0,962.0,962.0
2014-12-11,941.0,961.0,941.0,952.0
2014-12-12,952.0,959.0,952.0,952.0
2014-12-15,952.0,952.0,940.0,942.0
2014-12-16,936.0,939.0,924.0,926.0
2014-12-17,923.0,929.0,915.0,915.0
2014-12-18,923.0,928.0,916.0,919.0
2014-12-19,930.0,930.0,921.0,928.0
2014-12-22,929.0,930.0,915.0,917.0
2014-12-24,920.0,921.0,915.0,916.0
2014-12-25,915.0,923.0,913.0,920.0
2014-12-26,918.0,925.0,896.0,920.0
2014-12-29,935.0,965.0,922.0,949.0
2014-12-30,956.0,956.0,922.0,948.0
2015-01-05,943.0,943.0,931.0,937.0
2015-01-06,922.0,938.0,912.0,938.0
2015-01-07,923.0,937.0,920.0,935.0
2015-01-08,937.0,938.0,924.0,933.0
2015-01-09,937.0,939.0,926.0,938.0
2015-01-13,938.0,940.0,910.0,920.0
2015-01-14,916.0,934.0,913.0,933.0
2015-01-15,921.0,930.0,920.0,930.0
2015-01-16,920.0,930.0,920.0,930.0
2015-01-19,929.0,945.0,929.0,937.0
2015-01-20,938.0,958.0,937.0,954.0
2015-01-21,953.0,954.0,937.0,940.0
2015-01-22,945.0,948.0,921.0,945.0
2015-01-23,945.0,945.0,926.0,929.0
2015-01-26,926.0,943.0,926.0,936.0
2015-01-27,938.0,945.0,938.0,940.0
2015-01-28,940.0,969.0,940.0,959.0
2015-01-29,960.0,965.0,935.0,948.0
2015-01-30,948.0,948.0,937.0,945.0
2015-02-02,953.0,955.0,941.0,949.0
2015-02-03,941.0,945.0,928.0,930.0
2015-02-04,927.0,940.0,927.0,938.0
2015-02-05,938.0,938.0,918.0,930.0
2015-02-06,923.0,941.0,923.0,937.0
2015-02-09,937.0,941.0,934.0,937.0
2015-02-10,934.0,955.0,932.0,953.0
2015-02-12,958.0,960.0,932.0,943.0
2015-02-13,948.0,954.0,936.0,954.0
2015-02-16,960.0,960.0,940.0,943.0
2015-02-17,943.0,949.0,942.0,944.0
2015-02-18,956.0,970.0,942.0,958.0
2015-02-19,955.0,965.0,950.0,960.0
2015-02-20,960.0,965.0,956.0,956.0
2015-02-23,963.0,963.0,945.0,946.0
2015-02-24,947.0,948.0,940.0,943.0
2015-02-25,954.0,956.0,945.0,945.0
2015-02-26,945.0,950.0,941.0,948.0
2015-02-27,949.0,960.0,949.0,957.0
2015-03-02,959.0,977.0,959.0,967.0
2015-03-03,971.0,972.0,967.0,968.0
2015-03-04,968.0,970.0,963.0,969.0
2015-03-05,969.0,976.0,961.0,971.0
2015-03-06,966.0,980.0,963.0,976.0
2015-03-09,975.0,977.0,970.0,972.0
2015-03-10,977.0,990.0,971.0,972.0
2015-03-11,972.0,989.0,972.0,989.0
2015-03-12,989.0,1016.0,989.0,990.0
2015-03-13,991.0,996.0,978.0,996.0
2015-03-16,996.0,997.0,985.0,995.0
2015-03-17,995.0,998.0,975.0,995.0
2015-03-18,990.0,991.0,983.0,991.0
2015-03-19,995.0,995.0,987.0,991.0
2015-03-20,988.0,993.0,987.0,988.0
2015-03-23,988.0,1010.0,986.0,1000.0
2015-03-24,1000.0,1015.0,998.0,1004.0
2015-03-25,1003.0,1007.0,996.0,1007.0
2015-03-26,999.0,1007.0,993.0,999.0
2015-03-27,991.0,1007.0,991.0,994.0
2015-03-30,1004.0,1010.0,995.0,1000.0
2015-03-31,1007.0,1007.0,987.0,1000.0
2015-04-01,1002.0,1002.0,989.0,999.0
2015-04-02,1000.0,1000.0,993.0,995.0
2015-04-03,998.0,1004.0,991.0,1004.0
2015-04-06,1014.0,1014.0,999.0,1000.0
2015-04-07,1013.0,1013.0,997.0,999.0
2015-04-08,1000.0,1005.0,999.0,999.0
2015-04-09,1000.0,1005.0,998.0,1002.0
2015-04-10,1007.0,1008.0,999.0,999.0
2015-04-13,1000.0,1000.0,975.0,991.0
2015-04-14,989.0,996.0,988.0,996.0
2015-04-15,996.0,1007.0,992.0,1001.0
2015-04-16,1002.0,1004.0,997.0,1000.0
2015-04-17,999.0,1002.0,993.0,998.0
2015-04-20,996.0,1006.0,995.0,996.0
2015-04-21,1002.0,1008.0,998.0,1000.0
2015-04-22,1004.0,1004.0,995.0,999.0
2015-04-23,999.0,1000.0,991.0,1000.0
2015-04-24,999.0,1007.0,999.0,1007.0
2015-04-27,1007.0,1014.0,1005.0,1014.0
2015-04-28,1015.0,1025.0,1014.0,1020.0
2015-04-30,1024.0,1024.0,1008.0,1012.0
2015-05-01,1007.0,1009.0,986.0,999.0
2015-05-07,1000.0,1009.0,1000.0,1002.0
2015-05-08,1000.0,1015.0,1000.0,1010.0
2015-05-11,1014.0,1014.0,1004.0,1008.0
2015-05-12,1010.0,1014.0,1003.0,1008.0
2015-05-13,1010.0,1018.0,1010.0,1018.0
2015-05-14,1018.0,1024.0,1011.0,1023.0
2015-05-15,1022.0,1030.0,1006.0,1013.0
2015-05-18,1016.0,1016.0,1012.0,1016.0
2015-05-19,1013.0,1020.0,1010.0,1010.0
2015-05-20,1015.0,1032.0,1011.0,1029.0
2015-05-21,1029.0,1030.0,1025.0,1025.0
2015-05-22,1029.0,1033.0,1026.0,1030.0
2015-05-25,1034.0,1040.0,1025.0,1029.0
2015-05-26,1027.0,1030.0,1021.0,1024.0
2015-05-27,1007.0,1015.0,1007.0,1008.0
2015-05-28,1010.0,1013.0,1000.0,1007.0
2015-05-29,1007.0,1007.0,1001.0,1007.0
2015-06-01,1006.0,1006.0,992.0,998.0
2015-06-02,998.0,998.0,990.0,994.0
2015-06-03,994.0,996.0,991.0,996.0
2015-06-04,995.0,999.0,991.0,996.0
2015-06-05,996.0,999.0,992.0,992.0
2015-06-08,995.0,996.0,982.0,984.0
2015-06-09,984.0,989.0,972.0,975.0
2015-06-10,975.0,975.0,967.0,969.0
2015-06-11,967.0,969.0,950.0,965.0
2015-06-12,964.0,964.0,950.0,953.0
2015-06-15,954.0,968.0,954.0,965.0
2015-06-16,965.0,965.0,952.0,960.0
2015-06-17,958.0,959.0,951.0,954.0
2015-06-18,954.0,958.0,944.0,944.0
2015-06-19,946.0,950.0,945.0,947.0
2015-06-22,948.0,953.0,947.0,953.0
2015-06-23,957.0,978.0,955.0,957.0
2015-06-24,962.0,970.0,960.0,962.0
2015-06-25,962.0,967.0,958.0,963.0
2015-06-26,965.0,970.0,957.0,961.0
2015-06-29,950.0,952.0,945.0,948.0
2015-06-30,940.0,948.0,940.0,942.0
2015-07-01,941.0,954.0,941.0,954.0
2015-07-02,955.0,957.0,948.0,948.0
2015-07-03,955.0,957.0,945.0,951.0
2015-07-06,949.0,952.0,944.0,952.0
2015-07-07,948.0,970.0,948.0,960.0
2015-07-08,960.0,962.0,941.0,946.0
2015-07-09,938.0,938.0,903.0,921.0
2015-07-10,923.0,939.0,923.0,939.0
2015-07-13,953.0,955.0,937.0,940.0
2015-07-14,958.0,958.0,945.0,955.0
2015-07-15,958.0,958.0,940.0,950.0
2015-07-16,955.0,955.0,947.0,950.0
2015-07-17,958.0,970.0,957.0,960.0
2015-07-21,964.0,964.0,960.0,960.0
2015-07-22,959.0,963.0,951.0,963.0
2015-07-23,965.0,965.0,957.0,957.0
2015-07-24,970.0,980.0,963.0,973.0
2015-07-27,960.0,967.0,956.0,957.0
2015-07-28,957.0,958.0,954.0,955.0
2015-07-29,956.0,959.0,955.0,956.0
2015-07-30,956.0,961.0,955.0,955.0
2015-07-31,955.0,963.0,951.0,954.0
2015-08-03,963.0,963.0,953.0,954.0
2015-08-04,951.0,954.0,945.0,947.0
2015-08-05,946.0,947.0,943.0,945.0
2015-08-06,947.0,949.0,945.0,945.0
2015-08-07,959.0,959.0,942.0,942.0
2015-08-10,943.0,948.0,935.0,937.0
2015-08-11,938.0,952.0,938.0,943.0
2015-08-12,945.0,967.0,941.0,947.0
2015-08-13,947.0,948.0,944.0,948.0
2015-08-14,948.0,951.0,940.0,951.0
2015-08-17,952.0,952.0,948.0,950.0
2015-08-18,951.0,951.0,944.0,945.0
2015-08-19,945.0,953.0,943.0,946.0
2015-08-20,944.0,952.0,940.0,940.0
2015-08-21,938.0,939.0,925.0,934.0
2015-08-24,910.0,919.0,890.0,894.0
2015-08-25,850.0,894.0,849.0,876.0
2015-08-26,891.0,900.0,888.0,899.0
2015-08-27,914.0,914.0,900.0,910.0
2015-08-28,911.0,915.0,910.0,912.0
2015-08-31,915.0,920.0,912.0,920.0
2015-09-01,925.0,925.0,907.0,918.0
2015-09-02,919.0,919.0,896.0,904.0
2015-09-03,914.0,914.0,895.0,896.0
2015-09-04,896.0,896.0,888.0,888.0
2015-09-07,865.0,865.0,836.0,852.0
2015-09-08,853.0,870.0,853.0,866.0
2015-09-09,871.0,890.0,870.0,882.0
2015-09-10,882.0,885.0,868.0,872.0
2015-09-11,888.0,888.0,870.0,875.0
2015-09-14,871.0,880.0,868.0,875.0
2015-09-15,870.0,888.0,870.0,885.0
2015-09-16,877.0,887.0,874.0,887.0
2015-09-17,884.0,888.0,873.0,888.0
2015-09-18,894.0,894.0,879.0,881.0
2015-09-24,879.0,882.0,875.0,879.0
2015-09-25,877.0,880.0,877.0,877.0
2015-09-28,877.0,888.0,877.0,885.0
2015-09-29,885.0,885.0,877.0,880.0
2015-09-30,880.0,882.0,880.0,882.0
2015-10-01,882.0,888.0,877.0,883.0
2015-10-02,896.0,896.0,880.0,884.0
2015-10-05,882.0,891.0,882.0,891.0
2015-10-06,894.0,898.0,894.0,897.0
2015-10-07,927.0,931.0,906.0,910.0
2015-10-08,915.0,925.0,910.0,925.0
2015-10-09,925.0,930.0,917.0,925.0
2015-10-13,950.0,975.0,935.0,950.0
2015-10-14,940.0,940.0,927.0,931.0
2015-10-15,922.0,934.0,921.0,930.0
2015-10-16,931.0,944.0,931.0,933.0
2015-10-19,933.0,935.0,932.0,932.0
2015-10-20,940.0,960.0,939.0,950.0
2015-10-21,944.0,960.0,941.0,955.0
2015-10-22,955.0,955.0,949.0,953.0
2015-10-23,958.0,975.0,954.0,957.0
2015-10-26,966.0,970.0,954.0,954.0
2015-10-27,960.0,960.0,944.0,949.0
2015-10-28,962.0,962.0,950.0,953.0
2015-10-29,959.0,959.0,946.0,950.0
2015-10-30,957.0,960.0,950.0,957.0
2015-11-02,955.0,955.0,950.0,953.0
2015-11-04,955.0,969.0,955.0,956.0
2015-11-05,966.0,966.0,962.0,962.0
2015-11-06,958.0,961.0,953.0,953.0
2015-11-09,958.0,962.0,958.0,960.0
2015-11-10,960.0,962.0,955.0,955.0
2015-11-11,960.0,961.0,954.0,958.0
2015-11-12,960.0,964.0,959.0,961.0
2015-11-13,953.0,965.0,953.0,960.0
2015-11-16,954.0,960.0,951.0,956.0
2015-11-17,958.0,964.0,958.0,960.0
2015-11-18,960.0,973.0,953.0,972.0
2015-11-19,975.0,977.0,968.0,975.0
2015-11-20,978.0,982.0,973.0,982.0
2015-11-24,983.0,989.0,982.0,989.0
2015-11-25,986.0,987.0,982.0,982.0
2015-11-26,960.0,970.0,960.0,964.0
2015-11-27,958.0,964.0,956.0,956.0
2015-11-30,957.0,963.0,956.0,963.0
2015-12-01,963.0,963.0,952.0,960.0
2015-12-02,960.0,969.0,960.0,969.0
2015-12-03,967.0,969.0,960.0,968.0
2015-12-04,960.0,960.0,954.0,957.0
2015-12-07,954.0,975.0,954.0,967.0
2015-12-08,1001.0,1004.0,985.0,989.0
2015-12-09,987.0,987.0,976.0,979.0
2015-12-10,970.0,981.0,967.0,972.0
2015-12-11,979.0,990.0,972.0,972.0
2015-12-14,968.0,970.0,961.0,964.0
2015-12-15,972.0,972.0,951.0,954.0
2015-12-16,960.0,960.0,956.0,957.0
2015-12-17,962.0,970.0,961.0,961.0
2015-12-18,967.0,968.0,957.0,958.0
2015-12-21,954.0,966.0,953.0,955.0
2015-12-22,959.0,960.0,953.0,953.0
2015-12-24,958.0,970.0,955.0,963.0
2015-12-25,963.0,963.0,963.0,963.0
2015-12-28,950.0,950.0,913.0,940.0
2015-12-29,950.0,950.0,939.0,945.0
2015-12-30,952.0,959.0,950.0,953.0
2016-01-04,951.0,953.0,938.0,940.0
2016-01-05,938.0,944.0,937.0,939.0
2016-01-06,938.0,947.0,929.0,930.0
2016-01-07,926.0,943.0,920.0,922.0
2016-01-08,922.0,935.0,914.0,922.0
2016-01-12,926.0,926.0,895.0,895.0
2016-01-13,910.0,926.0,910.0,926.0
2016-01-14,918.0,919.0,899.0,905.0
2016-01-15,905.0,906.0,892.0,894.0
2016-01-18,885.0,906.0,875.0,906.0
2016-01-19,886.0,915.0,885.0,906.0
2016-01-20,901.0,910.0,885.0,885.0
2016-01-21,878.0,885.0,871.0,871.0
2016-01-22,880.0,890.0,880.0,881.0
2016-01-25,884.0,900.0,884.0,894.0
2016-01-26,894.0,902.0,882.0,882.0
2016-01-27,888.0,900.0,883.0,890.0
2016-01-28,891.0,900.0,891.0,898.0
2016-01-29,903.0,910.0,890.0,910.0
2016-02-01,926.0,933.0,905.0,916.0
2016-02-02,913.0,917.0,901.0,912.0
2016-02-03,900.0,908.0,899.0,900.0
2016-02-04,900.0,901.0,895.0,900.0
2016-02-05,900.0,908.0,890.0,892.0
2016-02-08,907.0,907.0,886.0,907.0
2016-02-09,907.0,908.0,873.0,891.0
2016-02-10,884.0,891.0,871.0,872.0
2016-02-12,900.0,998.0,793.0,817.0
2016-02-15,853.0,890.0,829.0,838.0
2016-02-16,842.0,852.0,830.0,844.0
2016-02-17,845.0,885.0,845.0,858.0
2016-02-18,877.0,902.0,860.0,889.0
2016-02-19,885.0,898.0,861.0,898.0
2016-02-22,883.0,888.0,861.0,884.0
2016-02-23,889.0,909.0,882.0,891.0
2016-02-24,875.0,880.0,859.0,875.0
2016-02-25,876.0,894.0,874.0,889.0
2016-02-26,895.0,900.0,889.0,894.0
2016-02-29,897.0,910.0,894.0,903.0
2016-03-01,904.0,908.0,903.0,908.0
2016-03-02,910.0,915.0,904.0,914.0
2016-03-03,914.0,921.0,909.0,918.0
2016-03-04,912.0,925.0,909.0,925.0
2016-03-07,924.0,927.0,920.0,922.0
2016-03-08,923.0,923.0,895.0,913.0
2016-03-09,915.0,922.0,913.0,918.0
2016-03-10,921.0,922.0,918.0,922.0
2016-03-11,922.0,924.0,922.0,924.0
2016-03-14,925.0,950.0,925.0,938.0
2016-03-15,942.0,942.0,926.0,926.0
2016-03-16,930.0,935.0,926.0,931.0
2016-03-17,938.0,941.0,929.0,935.0
2016-03-18,941.0,941.0,915.0,938.0
2016-03-22,935.0,941.0,935.0,941.0
2016-03-23,941.0,941.0,936.0,939.0
2016-03-24,939.0,944.0,935.0,941.0
2016-03-25,950.0,985.0,916.0,932.0
2016-03-28,932.0,934.0,927.0,933.0
2016-03-29,940.0,950.0,939.0,950.0
2016-03-30,950.0,957.0,948.0,951.0
2016-03-31,951.0,956.0,950.0,952.0
2016-04-01,952.0,955.0,940.0,950.0
2016-04-04,960.0,962.0,950.0,951.0
2016-04-05,936.0,952.0,925.0,945.0
2016-04-06,921.0,944.0,921.0,937.0
2016-04-07,937.0,940.0,921.0,936.0
2016-04-08,928.0,941.0,922.0,940.0
2016-04-11,950.0,950.0,932.0,945.0
2016-04-12,954.0,960.0,945.0,945.0
2016-04-13,942.0,953.0,942.0,948.0
2016-04-14,954.0,956.0,948.0,952.0
2016-04-15,945.0,952.0,945.0,950.0
2016-04-18,955.0,955.0,941.0,950.0
2016-04-19,955.0,955.0,941.0,950.0
2016-04-20,953.0,953.0,944.0,949.0
2016-04-21,952.0,952.0,947.0,950.0
2016-04-22,951.0,955.0,945.0,955.0
2016-04-25,959.0,964.0,952.0,964.0
2016-04-26,965.0,965.0,951.0,955.0
2016-04-27,952.0,965.0,952.0,958.0
2016-04-28,958.0,965.0,949.0,949.0
2016-05-02,925.0,942.0,925.0,936.0
2016-05-06,934.0,950.0,927.0,950.0
2016-05-09,942.0,958.0,942.0,950.0
2016-05-10,950.0,965.0,944.0,964.0
2016-05-11,965.0,965.0,958.0,963.0
2016-05-12,960.0,963.0,951.0,963.0
2016-05-13,963.0,963.0,948.0,948.0
2016-05-16,950.0,950.0,936.0,943.0
2016-05-17,940.0,954.0,936.0,954.0
2016-05-18,954.0,954.0,938.0,952.0
2016-05-19,952.0,952.0,948.0,952.0
2016-05-20,949.0,955.0,947.0,953.0
2016-05-23,953.0,954.0,947.0,951.0
2016-05-24,951.0,951.0,946.0,948.0
2016-05-25,950.0,953.0,944.0,948.0
2016-05-26,949.0,949.0,938.0,947.0
2016-05-27,933.0,933.0,911.0,922.0
2016-05-30,922.0,922.0,915.0,920.0
2016-05-31,920.0,929.0,920.0,929.0
2016-06-01,930.0,937.0,925.0,928.0
2016-06-02,940.0,941.0,924.0,927.0
2016-06-03,921.0,933.0,906.0,926.0
2016-06-06,911.0,925.0,905.0,905.0
2016-06-07,910.0,912.0,906.0,907.0
2016-06-08,908.0,913.0,907.0,908.0
2016-06-09,917.0,917.0,909.0,909.0
2016-06-10,910.0,914.0,908.0,908.0
2016-06-13,898.0,902.0,897.0,897.0
2016-06-14,896.0,896.0,882.0,889.0
2016-06-15,882.0,892.0,882.0,892.0
2016-06-16,898.0,900.0,870.0,870.0
2016-06-17,871.0,896.0,867.0,875.0
2016-06-20,875.0,885.0,875.0,880.0
2016-06-21,881.0,888.0,878.0,880.0
2016-06-22,875.0,884.0,875.0,876.0
2016-06-23,876.0,876.0,868.0,871.0
2016-06-24,875.0,875.0,840.0,843.0
2016-06-27,841.0,857.0,840.0,842.0
2016-06-28,842.0,854.0,830.0,842.0
2016-06-29,842.0,862.0,842.0,862.0
2016-06-30,874.0,876.0,869.0,876.0
2016-07-01,877.0,882.0,868.0,871.0
2016-07-04,885.0,885.0,872.0,875.0
2016-07-05,885.0,889.0,874.0,876.0
2016-07-06,880.0,887.0,861.0,878.0
2016-07-07,871.0,898.0,867.0,885.0
2016-07-08,885.0,899.0,860.0,897.0
2016-07-11,897.0,897.0,897.0,897.0
2016-07-12,880.0,880.0,865.0,877.0
2016-07-13,878.0,886.0,876.0,881.0
2016-07-14,875.0,883.0,868.0,883.0
2016-07-15,883.0,887.0,873.0,883.0
2016-07-19,883.0,883.0,874.0,879.0
2016-07-20,884.0,884.0,878.0,878.0
2016-07-21,880.0,882.0,880.0,882.0
2016-07-22,884.0,907.0,876.0,893.0
2016-07-25,903.0,903.0,881.0,890.0
2016-07-26,890.0,890.0,885.0,885.0
2016-07-27,883.0,883.0,875.0,882.0
2016-07-28,882.0,882.0,871.0,880.0
2016-07-29,881.0,881.0,870.0,880.0
2016-08-01,874.0,879.0,870.0,878.0
2016-08-02,869.0,878.0,869.0,878.0
2016-08-03,880.0,880.0,869.0,870.0
2016-08-04,878.0,878.0,867.0,874.0
2016-08-05,869.0,878.0,869.0,874.0
2016-08-08,877.0,878.0,875.0,878.0
2016-08-09,879.0,880.0,878.0,880.0
2016-08-10,880.0,888.0,877.0,888.0
2016-08-12,882.0,895.0,880.0,895.0
2016-08-15,896.0,897.0,886.0,897.0
2016-08-16,897.0,898.0,888.0,897.0
2016-08-17,897.0,900.0,894.0,900.0
2016-08-18,906.0,909.0,896.0,904.0
2016-08-19,901.0,905.0,895.0,898.0
2016-08-22,889.0,900.0,888.0,900.0
2016-08-23,891.0,902.0,890.0,900.0
2016-08-24,898.0,904.0,896.0,904.0
2016-08-25,901.0,905.0,901.0,904.0
2016-08-26,904.0,905.0,888.0,905.0
2016-08-29,905.0,906.0,881.0,906.0
2016-08-30,906.0,908.0,903.0,904.0
2016-08-31,905.0,908.0,902.0,908.0
2016-09-01,908.0,910.0,908.0,909.0
2016-09-02,900.0,912.0,900.0,912.0
2016-09-05,912.0,915.0,910.0,913.0
2016-09-06,913.0,913.0,896.0,909.0
2016-09-07,910.0,912.0,895.0,912.0
2016-09-08,908.0,916.0,908.0,915.0
2016-09-09,918.0,918.0,907.0,915.0
2016-09-12,913.0,913.0,900.0,912.0
2016-09-13,912.0,912.0,902.0,912.0
2016-09-14,906.0,913.0,902.0,911.0
2016-09-15,905.0,911.0,898.0,910.0
2016-09-16,912.0,970.0,900.0,901.0
2016-09-20,907.0,923.0,907.0,912.0
2016-09-21,919.0,925.0,913.0,925.0
2016-09-23,950.0,975.0,945.0,974.0
2016-09-26,971.0,978.0,954.0,975.0
2016-09-27,962.0,975.0,961.0,972.0
2016-09-28,972.0,973.0,950.0,969.0
2016-09-29,963.0,970.0,950.0,969.0
2016-09-30,960.0,961.0,948.0,951.0
2016-10-03,966.0,970.0,960.0,968.0
2016-10-04,974.0,980.0,965.0,980.0
2016-10-05,968.0,975.0,954.0,971.0
2016-10-06,971.0,975.0,969.0,971.0
2016-10-07,983.0,983.0,970.0,971.0
2016-10-11,972.0,978.0,972.0,976.0
2016-10-12,977.0,982.0,976.0,976.0
2016-10-13,978.0,981.0,976.0,978.0
2016-10-14,982.0,982.0,978.0,978.0
2016-10-17,980.0,980.0,970.0,970.0
2016-10-18,980.0,980.0,970.0,976.0
2016-10-19,973.0,975.0,973.0,973.0
2016-10-20,973.0,980.0,972.0,973.0
2016-10-21,975.0,980.0,973.0,980.0
2016-10-24,974.0,987.0,974.0,987.0
2016-10-25,989.0,1009.0,987.0,1009.0
2016-10-26,1009.0,1014.0,996.0,998.0
2016-10-27,1010.0,1010.0,996.0,998.0
2016-10-28,1001.0,1012.0,1001.0,1006.0
2016-10-31,1009.0,1035.0,1009.0,1016.0
2016-11-01,1030.0,1046.0,1020.0,1031.0
2016-11-02,1011.0,1024.0,1000.0,1000.0
2016-11-04,987.0,988.0,926.0,979.0
2016-11-07,966.0,999.0,966.0,982.0
2016-11-08,987.0,987.0,976.0,981.0
2016-11-09,980.0,985.0,926.0,938.0
2016-11-10,961.0,980.0,961.0,974.0
2016-11-11,974.0,980.0,968.0,973.0
2016-11-14,973.0,982.0,963.0,981.0
2016-11-15,973.0,980.0,971.0,979.0
2016-11-16,981.0,983.0,974.0,975.0
2016-11-17,975.0,980.0,972.0,975.0
2016-11-18,981.0,992.0,981.0,986.0
2016-11-21,1000.0,1010.0,991.0,1002.0
2016-11-22,1000.0,1000.0,991.0,997.0
2016-11-24,1000.0,1014.0,999.0,1008.0
2016-11-25,1009.0,1009.0,989.0,995.0
2016-11-28,974.0,983.0,970.0,980.0
2016-11-29,980.0,987.0,973.0,986.0
2016-11-30,987.0,998.0,986.0,990.0
2016-12-01,988.0,994.0,980.0,985.0
2016-12-02,985.0,985.0,978.0,983.0
2016-12-05,989.0,1005.0,986.0,996.0
2016-12-06,1040.0,1041.0,1015.0,1020.0
2016-12-07,1035.0,1035.0,1007.0,1013.0
2016-12-08,1013.0,1025.0,1010.0,1022.0
2016-12-09,1029.0,1029.0,1005.0,1017.0
2016-12-12,1008.0,1030.0,1008.0,1016.0
2016-12-13,1009.0,1020.0,1000.0,1014.0
2016-12-14,1013.0,1013.0,993.0,1009.0
2016-12-15,1010.0,1010.0,998.0,1007.0
2016-12-16,1010.0,1010.0,995.0,1000.0
2016-12-19,1000.0,1002.0,994.0,999.0
2016-12-20,1000.0,1004.0,998.0,1000.0
2016-12-21,1008.0,1008.0,999.0,999.0
2016-12-22,1000.0,1001.0,991.0,991.0
2016-12-26,993.0,999.0,993.0,995.0
2016-12-27,1017.0,1030.0,1011.0,1017.0
2016-12-28,1020.0,1028.0,1017.0,1022.0
2016-12-29,1027.0,1027.0,1011.0,1021.0
2016-12-30,1021.0,1025.0,1020.0,1020.0
2017-01-04,1025.0,1042.0,1025.0,1036.0
2017-01-05,1040.0,1072.0,1040.0,1072.0
2017-01-06,1060.0,1071.0,1046.0,1059.0
2017-01-10,1059.0,1068.0,1043.0,1063.0
2017-01-11,1072.0,1096.0,1072.0,1096.0
2017-01-12,1100.0,1100.0,1078.0,1080.0
2017-01-13,1080.0,1095.0,1060.0,1082.0
2017-01-16,1084.0,1084.0,1046.0,1054.0
2017-01-17,1054.0,1058.0,1015.0,1048.0
2017-01-18,1047.0,1047.0,1032.0,1038.0
2017-01-19,1040.0,1052.0,1040.0,1042.0
2017-01-20,1049.0,1052.0,1040.0,1049.0
2017-01-23,1050.0,1057.0,1027.0,1049.0
2017-01-24,1064.0,1080.0,1045.0,1080.0
2017-01-25,1085.0,1160.0,1085.0,1151.0
2017-01-26,1135.0,1165.0,1131.0,1165.0
2017-01-27,1162.0,1180.0,1154.0,1173.0
2017-01-30,1180.0,1195.0,1165.0,1176.0
2017-01-31,1157.0,1171.0,1156.0,1159.0
2017-02-01,1142.0,1176.0,1141.0,1171.0
2017-02-02,1180.0,1220.0,1175.0,1188.0
2017-02-03,1181.0,1210.0,1180.0,1190.0
2017-02-06,1195.0,1208.0,1190.0,1205.0
2017-02-07,1193.0,1201.0,1185.0,1190.0
2017-02-08,1190.0,1215.0,1176.0,1209.0
2017-02-09,1210.0,1222.0,1190.0,1214.0
2017-02-10,1215.0,1225.0,1210.0,1217.0
2017-02-13,1224.0,1225.0,1210.0,1210.0
2017-02-14,1224.0,1224.0,1190.0,1197.0
2017-02-15,1200.0,1202.0,1176.0,1192.0
2017-02-16,1192.0,1214.0,1183.0,1205.0
2017-02-17,1200.0,1212.0,1195.0,1202.0
2017-02-20,1212.0,1212.0,1183.0,1200.0
2017-02-21,1209.0,1211.0,1201.0,1202.0
2017-02-22,1202.0,1209.0,1190.0,1195.0
2017-02-23,1200.0,1200.0,1182.0,1198.0
2017-02-24,1198.0,1209.0,1176.0,1201.0
2017-02-27,1196.0,1201.0,1188.0,1199.0
2017-02-28,1200.0,1212.0,1199.0,1202.0
2017-03-01,1202.0,1202.0,1188.0,1197.0
2017-03-02,1207.0,1207.0,1183.0,1196.0
2017-03-03,1197.0,1197.0,1180.0,1191.0
2017-03-06,1185.0,1190.0,1185.0,1186.0
2017-03-07,1181.0,1185.0,1181.0,1181.0
2017-03-08,1180.0,1180.0,1170.0,1174.0
2017-03-09,1174.0,1174.0,1160.0,1163.0
2017-03-10,1163.0,1172.0,1162.0,1171.0
2017-03-13,1160.0,1175.0,1160.0,1171.0
2017-03-14,1171.0,1171.0,1163.0,1167.0
2017-03-15,1165.0,1165.0,1111.0,1126.0
2017-03-16,1117.0,1135.0,1116.0,1132.0
2017-03-17,1122.0,1123.0,1111.0,1116.0
2017-03-21,1120.0,1139.0,1110.0,1136.0
2017-03-22,1145.0,1145.0,1110.0,1116.0
2017-03-23,1112.0,1140.0,1112.0,1120.0
2017-03-24,1122.0,1130.0,1121.0,1127.0
2017-03-27,1121.0,1140.0,1120.0,1130.0
2017-03-28,1130.0,1147.0,1130.0,1147.0
2017-03-29,1147.0,1185.0,1147.0,1166.0
2017-03-30,1174.0,1180.0,1141.0,1170.0
2017-03-31,1180.0,1195.0,1159.0,1184.0
2017-04-03,1184.0,1192.0,1174.0,1192.0
2017-04-04,1192.0,1199.0,1121.0,1150.0
2017-04-05,1120.0,1143.0,1110.0,1126.0
2017-04-06,1118.0,1124.0,1091.0,1095.0
2017-04-07,1109.0,1119.0,1095.0,1117.0
2017-04-10,1125.0,1159.0,1124.0,1154.0
2017-04-11,1051.0,1095.0,1045.0,1089.0
2017-04-12,1052.0,1055.0,1032.0,1035.0
2017-04-13,1030.0,1050.0,1030.0,1046.0
2017-04-14,1042.0,1045.0,1036.0,1045.0
2017-04-17,1045.0,1070.0,1041.0,1066.0
2017-04-18,1080.0,1089.0,1054.0,1083.0
2017-04-19,1080.0,1090.0,1077.0,1088.0
2017-04-20,1088.0,1089.0,1080.0,1080.0
2017-04-21,1089.0,1090.0,1067.0,1087.0
2017-04-24,1113.0,1115.0,1100.0,1111.0
2017-04-25,1120.0,1135.0,1118.0,1130.0
2017-04-26,1126.0,1145.0,1126.0,1140.0
2017-04-27,1153.0,1156.0,1142.0,1154.0
2017-04-28,1159.0,1162.0,1145.0,1145.0
2017-05-01,1150.0,1150.0,1140.0,1140.0
2017-05-02,1160.0,1160.0,1146.0,1151.0
2017-05-08,1163.0,1170.0,1159.0,1163.0
2017-05-09,1163.0,1174.0,1160.0,1166.0
2017-05-10,1168.0,1190.0,1168.0,1175.0
2017-05-11,1184.0,1192.0,1170.0,1189.0
2017-05-12,1188.0,1189.0,1161.0,1188.0
2017-05-15,1188.0,1189.0,1180.0,1189.0
2017-05-16,1187.0,1190.0,1183.0,1183.0
2017-05-17,1185.0,1192.0,1183.0,1186.0
2017-05-18,1152.0,1175.0,1152.0,1167.0
2017-05-19,1169.0,1185.0,1163.0,1178.0
2017-05-22,1169.0,1190.0,1169.0,1189.0
2017-05-23,1182.0,1190.0,1180.0,1180.0
2017-05-24,1182.0,1190.0,1178.0,1185.0
2017-05-25,1176.0,1186.0,1172.0,1179.0
2017-05-26,1180.0,1186.0,1179.0,1184.0
2017-05-29,1156.0,1160.0,1148.0,1148.0
2017-05-30,1153.0,1153.0,1140.0,1140.0
2017-05-31,1140.0,1150.0,1132.0,1146.0
2017-06-01,1149.0,1149.0,1135.0,1138.0
2017-06-02,1145.0,1146.0,1136.0,1144.0
2017-06-05,1141.0,1151.0,1140.0,1146.0
2017-06-06,1141.0,1145.0,1131.0,1131.0
2017-06-07,1131.0,1140.0,1131.0,1140.0
2017-06-08,1149.0,1149.0,1135.0,1140.0
2017-06-09,1140.0,1144.0,1139.0,1144.0
2017-06-12,1142.0,1150.0,1142.0,1150.0
2017-06-13,1150.0,1156.0,1145.0,1154.0
2017-06-14,1152.0,1170.0,1152.0,1161.0
2017-06-15,1165.0,1168.0,1133.0,1166.0
2017-06-16,1157.0,1169.0,1140.0,1160.0
2017-06-19,1157.0,1180.0,1156.0,1178.0
2017-06-20,1180.0,1190.0,1173.0,1186.0
2017-06-21,1180.0,1195.0,1178.0,1187.0
2017-06-22,1181.0,1194.0,1180.0,1192.0
2017-06-23,1191.0,1192.0,1125.0,1166.0
2017-06-26,1166.0,1177.0,1160.0,1177.0
2017-06-27,1177.0,1198.0,1175.0,1194.0
2017-06-28,1194.0,1195.0,1175.0,1188.0
2017-06-29,1190.0,1192.0,1187.0,1187.0
2017-06-30,1173.0,1191.0,1173.0,1182.0
2017-07-03,1179.0,1219.0,1178.0,1209.0
2017-07-04,1218.0,1218.0,1190.0,1201.0
2017-07-05,1208.0,1222.0,1208.0,1220.0
2017-07-06,1220.0,1234.0,1220.0,1223.0
2017-07-07,1226.0,1239.0,1214.0,1238.0
2017-07-10,1246.0,1253.0,1238.0,1253.0
2017-07-11,1280.0,1290.0,1257.0,1274.0
2017-07-12,1274.0,1279.0,1250.0,1264.0
2017-07-13,1259.0,1263.0,1248.0,1253.0
2017-07-14,1249.0,1250.0,1239.0,1245.0
2017-07-17,1245.0,1245.0,1245.0,1245.0
2017-07-18,1246.0,1254.0,1236.0,1250.0
2017-07-19,1246.0,1273.0,1246.0,1273.0
2017-07-20,1267.0,1308.0,1267.0,1302.0
2017-07-21,1300.0,1367.0,1300.0,1346.0
2017-07-24,1347.0,1394.0,1302.0,1360.0
2017-07-25,1368.0,1410.0,1361.0,1368.0
2017-07-26,1370.0,1385.0,1356.0,1383.0
2017-07-27,1383.0,1425.0,1383.0,1411.0
2017-07-28,1410.0,1410.0,1387.0,1400.0
2017-07-31,1396.0,1418.0,1391.0,1415.0
2017-08-01,1415.0,1415.0,1365.0,1378.0
2017-08-02,1365.0,1376.0,1355.0,1361.0
2017-08-03,1345.0,1391.0,1345.0,1379.0
2017-08-04,1356.0,1384.0,1350.0,1354.0
2017-08-07,1348.0,1390.0,1348.0,1367.0
2017-08-08,1395.0,1395.0,1365.0,1365.0
2017-08-09,1368.0,1384.0,1358.0,1373.0
2017-08-10,1374.0,1383.0,1355.0,1378.0
2017-08-11,1378.0,1378.0,1378.0,1378.0
2017-08-14,1357.0,1357.0,1321.0,1336.0
2017-08-15,1338.0,1353.0,1338.0,1346.0
2017-08-16,1346.0,1547.0,1346.0,1386.0
2017-08-17,1414.0,1474.0,1394.0,1471.0
2017-08-18,1448.0,1469.0,1414.0,1414.0
2017-08-21,1385.0,1399.0,1337.0,1372.0
2017-08-22,1372.0,1392.0,1359.0,1363.0
2017-08-23,1363.0,1379.0,1363.0,1375.0
2017-08-24,1397.0,1397.0,1375.0,1382.0
2017-08-25,1392.0,1427.0,1392.0,1394.0
2017-08-28,1397.0,1410.0,1397.0,1410.0
2017-08-29,1408.0,1415.0,1340.0,1412.0
2017-08-30,1428.0,1442.0,1366.0,1440.0
2017-08-31,1445.0,1445.0,1405.0,1437.0
2017-09-01,1426.0,1449.0,1424.0,1447.0
2017-09-04,1450.0,1519.0,1450.0,1473.0
2017-09-05,1473.0,1474.0,1401.0,1404.0
2017-09-06,1374.0,1409.0,1373.0,1404.0
2017-09-07,1415.0,1447.0,1408.0,1410.0
2017-09-08,1412.0,1436.0,1373.0,1382.0
2017-09-11,1399.0,1399.0,1373.0,1381.0
2017-09-12,1385.0,1401.0,1377.0,1380.0
2017-09-13,1382.0,1385.0,1371.0,1371.0
2017-09-14,1384.0,1384.0,1352.0,1358.0
2017-09-15,1365.0,1375.0,1360.0,1374.0
2017-09-18,1374.0,1374.0,1374.0,1374.0
2017-09-19,1381.0,1434.0,1381.0,1411.0
2017-09-20,1403.0,1415.0,1381.0,1415.0
2017-09-21,1415.0,1435.0,1402.0,1402.0
2017-09-22,1420.0,1433.0,1410.0,1426.0
2017-09-25,1480.0,1726.0,1466.0,1568.0
2017-09-26,1578.0,1600.0,1500.0,1580.0
2017-09-27,1620.0,1743.0,1619.0,1705.0
2017-09-28,1714.0,1948.0,1709.0,1792.0
2017-09-29,1792.0,1808.0,1677.0,1730.0
2017-10-02,1765.0,1781.0,1702.0,1713.0
2017-10-03,1707.0,1707.0,1592.0,1662.0
2017-10-04,1880.0,1930.0,1700.0,1722.0
2017-10-05,1700.0,1705.0,1613.0,1630.0
2017-10-06,1648.0,1707.0,1632.0,1660.0
2017-10-09,1660.0,1660.0,1660.0,1660.0
2017-10-10,1811.0,1930.0,1789.0,1892.0
2017-10-11,1860.0,1880.0,1809.0,1879.0
2017-10-12,1861.0,1898.0,1826.0,1864.0
2017-10-13,1849.0,1878.0,1820.0,1858.0
2017-10-16,1850.0,1850.0,1752.0,1761.0
2017-10-17,1750.0,1764.0,1720.0,1720.0
2017-10-18,1737.0,1737.0,1648.0,1690.0
2017-10-19,1690.0,1708.0,1685.0,1699.0
2017-10-20,1705.0,1740.0,1705.0,1723.0
2017-10-23,1723.0,1756.0,1706.0,1731.0
2017-10-24,1759.0,1829.0,1753.0,1828.0
2017-10-25,1790.0,1807.0,1782.0,1797.0
2017-10-26,1797.0,1800.0,1779.0,1779.0
2017-10-27,1809.0,1840.0,1790.0,1802.0
2017-10-30,1804.0,1831.0,1797.0,1811.0
2017-10-31,1805.0,1813.0,1798.0,1813.0
2017-11-01,1801.0,1813.0,1760.0,1795.0
2017-11-02,1786.0,1812.0,1783.0,1811.0
2017-11-03,1811.0,1811.0,1811.0,1811.0
2017-11-06,1811.0,1811.0,1763.0,1780.0
2017-11-07,1773.0,1790.0,1761.0,1781.0
2017-11-08,1775.0,1784.0,1762.0,1780.0
2017-11-09,1782.0,1782.0,1730.0,1770.0
2017-11-10,1746.0,1775.0,1746.0,1770.0
2017-11-13,1766.0,1768.0,1735.0,1754.0
2017-11-14,1737.0,1764.0,1737.0,1750.0
2017-11-15,1740.0,1740.0,1682.0,1708.0
2017-11-16,1682.0,1730.0,1682.0,1714.0
2017-11-17,1725.0,1725.0,1684.0,1706.0
2017-11-20,1706.0,1783.0,1705.0,1780.0
2017-11-21,1805.0,1878.0,1789.0,1841.0
2017-11-22,1852.0,1852.0,1785.0,1809.0
2017-11-23,1809.0,1809.0,1809.0,1809.0
2017-11-24,1791.0,1845.0,1786.0,1843.0
2017-11-27,1847.0,1880.0,1847.0,1872.0
2017-11-28,1870.0,1870.0,1809.0,1833.0
2017-11-29,1825.0,1852.0,1805.0,1821.0
2017-11-30,1823.0,1827.0,1797.0,1806.0
2017-12-01,1798.0,1810.0,1786.0,1804.0
2017-12-04,1801.0,1818.0,1798.0,1800.0
2017-12-05,1790.0,1817.0,1744.0,1760.0
2017-12-06,1748.0,1752.0,1700.0,1702.0
2017-12-07,1728.0,1751.0,1721.0,1742.0
2017-12-08,1743.0,1749.0,1733.0,1742.0
2017-12-11,1750.0,1760.0,1745.0,1757.0
2017-12-12,1751.0,1777.0,1750.0,1757.0
2017-12-13,1760.0,1776.0,1750.0,1775.0
2017-12-14,1771.0,1790.0,1761.0,1788.0
2017-12-15,1799.0,1800.0,1772.0,1790.0
2017-12-18,1800.0,1848.0,1800.0,1848.0
2017-12-19,1848.0,1873.0,1839.0,1852.0
2017-12-20,1852.0,1888.0,1850.0,1872.0
2017-12-21,1877.0,1881.0,1848.0,1879.0
2017-12-22,1878.0,1878.0,1830.0,1851.0
2017-12-25,1850.0,1935.0,1845.0,1908.0
2017-12-26,2178.0,2222.0,2075.0,2090.0
2017-12-27,2073.0,2130.0,2054.0,2128.0
2017-12-28,2160.0,2160.0,2106.0,2115.0
2017-12-29,2100.0,2127.0,2086.0,2108.0
2018-01-01,2108.0,2108.0,2108.0,2108.0
2018-01-02,2108.0,2108.0,2108.0,2108.0
2018-01-03,2108.0,2108.0,2108.0,2108.0
2018-01-04,2127.0,2155.0,2081.0,2085.0
2018-01-05,2085.0,2086.0,2048.0,2070.0
2018-01-08,2070.0,2070.0,2070.0,2070.0
2018-01-09,2070.0,2190.0,2031.0,2185.0
2018-01-10,2184.0,2184.0,2145.0,2168.0
2018-01-11,2167.0,2182.0,2131.0,2151.0
2018-01-12,2151.0,2215.0,2132.0,2210.0
2018-01-15,2278.0,2399.0,2231.0,2372.0
2018-01-16,2420.0,2480.0,2370.0,2452.0
2018-01-17,2416.0,2419.0,2375.0,2402.0
2018-01-18,2431.0,2500.0,2431.0,2456.0
2018-01-19,2406.0,2448.0,2388.0,2414.0
2018-01-22,2449.0,2550.0,2443.0,2545.0
2018-01-23,2619.0,2650.0,2546.0,2589.0
2018-01-24,2589.0,2722.0,2582.0,2652.0
2018-01-25,2653.0,2798.0,2640.0,2695.0
2018-01-26,2652.0,2690.0,2595.0,2649.0
2018-01-29,2656.0,2677.0,2550.0,2600.0
2018-01-30,2610.0,2610.0,2473.0,2505.0
2018-01-31,2355.0,2582.0,2337.0,2538.0
2018-02-01,2579.0,2654.0,2513.0,2545.0
2018-02-02,2544.0,2544.0,2425.0,2451.0
2018-02-05,2332.0,2397.0,2327.0,2373.0
2018-02-06,2259.0,2290.0,2022.0,2251.0
2018-02-07,2320.0,2334.0,2115.0,2115.0
2018-02-08,2115.0,2210.0,2110.0,2196.0
2018-02-09,2020.0,2197.0,2017.0,2182.0
2018-02-12,2182.0,2182.0,2182.0,2182.0
2018-02-13,2211.0,2220.0,2114.0,2134.0
2018-02-14,2140.0,2140.0,1992.0,2050.0
2018-02-15,2072.0,2144.0,2022.0,2125.0
2018-02-16,2125.0,2193.0,2111.0,2160.0
2018-02-19,2210.0,2260.0,2198.0,2260.0
2018-02-20,2241.0,2254.0,2204.0,2219.0
2018-02-21,2219.0,2346.0,2211.0,2338.0
2018-02-22,2311.0,2332.0,2230.0,2236.0
2018-02-23,2241.0,2289.0,2202.0,2277.0
2018-02-26,2320.0,2369.0,2260.0,2301.0
2018-02-27,2420.0,2490.0,2355.0,2383.0
2018-02-28,2401.0,2503.0,2388.0,2498.0
2018-03-01,2498.0,2505.0,2435.0,2466.0
2018-03-02,2350.0,2398.0,2308.0,2347.0
2018-03-05,2309.0,2324.0,2124.0,2124.0
2018-03-06,2225.0,2264.0,2198.0,2200.0
2018-03-07,2200.0,2217.0,2136.0,2166.0
2018-03-08,2198.0,2284.0,2151.0,2265.0
2018-03-09,2315.0,2320.0,2205.0,2231.0
2018-03-12,2270.0,2319.0,2231.0,2294.0
2018-03-13,2322.0,2345.0,2295.0,2326.0
2018-03-14,2326.0,2370.0,2313.0,2339.0
2018-03-15,2324.0,2357.0,2293.0,2321.0
2018-03-16,2345.0,2394.0,2335.0,2387.0
2018-03-19,2400.0,2412.0,2251.0,2275.0
2018-03-20,2233.0,2244.0,2190.0,2225.0
2018-03-21,2225.0,2225.0,2225.0,2225.0
2018-03-22,2226.0,2268.0,2218.0,2255.0
2018-03-23,2153.0,2172.0,2082.0,2104.0
2018-03-26,2037.0,2037.0,1920.0,2003.0
2018-03-27,2103.0,2104.0,2017.0,2074.0
2018-03-28,2024.0,2060.0,1961.0,1998.0
2018-03-29,2037.0,2093.0,2000.0,2080.0
2018-03-30,2110.0,2142.0,2103.0,2107.0
2018-04-02,2130.0,2139.0,2103.0,2115.0
2018-04-03,2063.0,2092.0,2060.0,2066.0
2018-04-04,2090.0,2093.0,2030.0,2048.0
2018-04-05,2070.0,2085.0,2018.0,2070.0
2018-04-06,2098.0,2099.0,2020.0,2022.0
2018-04-09,2040.0,2130.0,2035.0,2123.0
2018-04-10,2144.0,2209.0,2100.0,2175.0
2018-04-11,2397.0,2404.0,2261.0,2347.0
2018-04-12,2347.0,2498.0,2337.0,2445.0
2018-04-13,2481.0,2545.0,2457.0,2544.0
2018-04-16,2550.0,2551.0,2421.0,2463.0
2018-04-17,2487.0,2524.0,2359.0,2386.0
2018-04-18,2363.0,2398.0,2295.0,2385.0
2018-04-19,2400.0,2400.0,2280.0,2305.0
2018-04-20,2317.0,2368.0,2312.0,2350.0
2018-04-23,2317.0,2386.0,2317.0,2373.0
2018-04-24,2381.0,2444.0,2350.0,2367.0
2018-04-25,2332.0,2371.0,2331.0,2359.0
2018-04-26,2365.0,2376.0,2344.0,2348.0
2018-04-27,2366.0,2370.0,2329.0,2343.0
2018-04-30,2343.0,2343.0,2343.0,2343.0
2018-05-01,2322.0,2339.0,2279.0,2291.0
2018-05-02,2300.0,2328.0,2296.0,2327.0
2018-05-03,2327.0,2327.0,2327.0,2327.0
2018-05-04,2327.0,2327.0,2327.0,2327.0
2018-05-07,2315.0,2350.0,2294.0,2350.0
2018-05-08,2351.0,2417.0,2351.0,2414.0
2018-05-09,2420.0,2489.0,2420.0,2454.0
2018-05-10,2431.0,2450.0,2380.0,2436.0
2018-05-11,2430.0,2432.0,2381.0,2387.0
2018-05-14,2388.0,2403.0,2330.0,2330.0
2018-05-15,2345.0,2384.0,2300.0,2300.0
2018-05-16,2300.0,2302.0,2237.0,2252.0
2018-05-17,2241.0,2297.0,2240.0,2291.0
2018-05-18,2297.0,2310.0,2294.0,2296.0
2018-05-21,2285.0,2300.0,2284.0,2284.0
2018-05-22,2275.0,2295.0,2263.0,2281.0
2018-05-23,2268.0,2280.0,2240.0,2241.0
2018-05-24,2264.0,2264.0,2207.0,2237.0
2018-05-25,2204.0,2250.0,2194.0,2222.0
2018-05-28,2223.0,2240.0,2223.0,2234.0
2018-05-29,2218.0,2223.0,2165.0,2201.0
2018-05-30,2174.0,2212.0,2160.0,2174.0
2018-05-31,2179.0,2215.0,2179.0,2207.0
2018-06-01,2207.0,2219.0,2136.0,2136.0
2018-06-04,2166.0,2174.0,2140.0,2154.0
2018-06-05,2161.0,2171.0,2138.0,2155.0
2018-06-06,2122.0,2146.0,2105.0,2116.0
2018-06-07,2118.0,2136.0,2118.0,2136.0
2018-06-08,2124.0,2160.0,2105.0,2157.0
2018-06-11,2170.0,2189.0,2140.0,2144.0
2018-06-12,2144.0,2160.0,2133.0,2153.0
2018-06-13,2153.0,2197.0,2143.0,2190.0
2018-06-14,2171.0,2190.0,2170.0,2177.0
2018-06-15,2177.0,2177.0,2112.0,2125.0
2018-06-18,2110.0,2110.0,2032.0,2046.0
2018-06-19,2027.0,2097.0,1998.0,2003.0
2018-06-20,1965.0,2017.0,1945.0,2006.0
2018-06-21,1989.0,2014.0,1982.0,1982.0
2018-06-22,1981.0,2049.0,1965.0,2049.0
2018-06-25,2050.0,2070.0,1953.0,1961.0
2018-06-26,1945.0,1977.0,1902.0,1975.0
2018-06-27,1984.0,2007.0,1962.0,1984.0
2018-06-28,1984.0,1985.0,1939.0,1965.0
2018-06-29,1966.0,2020.0,1966.0,2007.0
2018-07-02,2033.0,2048.0,1971.0,1971.0
2018-07-03,1972.0,2010.0,1953.0,1997.0
2018-07-04,1996.0,1999.0,1963.0,1968.0
2018-07-05,1961.0,1961.0,1810.0,1822.0
2018-07-06,1848.0,1848.0,1764.0,1818.0
2018-07-09,1856.0,2005.0,1822.0,1994.0
2018-07-10,2107.0,2149.0,2070.0,2124.0
2018-07-11,2099.0,2117.0,1989.0,2083.0
2018-07-12,2087.0,2111.0,2010.0,2010.0
2018-07-13,2010.0,2179.0,2010.0,2176.0
2018-07-16,2176.0,2176.0,2176.0,2176.0
2018-07-17,2153.0,2169.0,2089.0,2095.0
2018-07-18,2096.0,2131.0,2048.0,2055.0
2018-07-19,2060.0,2092.0,2060.0,2090.0
2018-07-20,2062.0,2092.0,2037.0,2051.0
2018-07-23,2001.0,2032.0,2001.0,2020.0
2018-07-24,2015.0,2055.0,2015.0,2020.0
2018-07-25,2059.0,2059.0,2020.0,2034.0
2018-07-26,2030.0,2048.0,2017.0,2023.0
2018-07-27,2015.0,2033.0,2015.0,2033.0
2018-07-30,2006.0,2038.0,1990.0,2030.0
2018-07-31,2018.0,2027.0,1978.0,1985.0
2018-08-01,1984.0,2059.0,1979.0,2052.0
2018-08-02,2036.0,2054.0,2012.0,2050.0
2018-08-03,2039.0,2077.0,2009.0,2028.0
2018-08-06,2068.0,2068.0,2010.0,2027.0
2018-08-07,2021.0,2050.0,2015.0,2041.0
2018-08-08,2041.0,2049.0,2038.0,2044.0
2018-08-09,2037.0,2046.0,2001.0,2001.0
2018-08-10,2003.0,2017.0,1985.0,1993.0
2018-08-13,1970.0,1970.0,1931.0,1957.0
2018-08-14,1959.0,1961.0,1902.0,1933.0
2018-08-15,1937.0,1950.0,1920.0,1924.0
2018-08-16,1902.0,1907.0,1870.0,1870.0
2018-08-17,1873.0,1897.0,1842.0,1853.0
2018-08-20,1884.0,1884.0,1845.0,1853.0
2018-08-21,1855.0,1898.0,1838.0,1883.0
2018-08-22,1864.0,1889.0,1861.0,1876.0
2018-08-23,1887.0,1923.0,1883.0,1888.0
2018-08-24,1886.0,1999.0,1886.0,1988.0
2018-08-27,1981.0,2036.0,1968.0,1996.0
2018-08-28,2001.0,2012.0,1997.0,2002.0
2018-08-29,2002.0,2032.0,2002.0,2018.0
2018-08-30,2038.0,2044.0,2019.0,2026.0
2018-08-31,2021.0,2032.0,2001.0,2019.0
2018-09-03,2019.0,2035.0,2000.0,2010.0
2018-09-04,2014.0,2019.0,2003.0,2019.0
2018-09-05,2010.0,2010.0,1977.0,1982.0
2018-09-06,1981.0,2020.0,1941.0,1986.0
2018-09-07,1987.0,1989.0,1926.0,1927.0
2018-09-10,1944.0,1945.0,1882.0,1903.0
2018-09-11,1893.0,1900.0,1832.0,1833.0
2018-09-12,1840.0,1841.0,1777.0,1782.0
2018-09-13,1784.0,1786.0,1743.0,1748.0
2018-09-14,1753.0,1789.0,1751.0,1772.0
2018-09-17,1772.0,1772.0,1772.0,1772.0
2018-09-18,1767.0,1767.0,1737.0,1759.0
2018-09-19,1772.0,1827.0,1772.0,1793.0
2018-09-20,1824.0,1905.0,1816.0,1877.0
2018-09-21,1888.0,1899.0,1841.0,1859.0
2018-09-24,1859.0,1859.0,1859.0,1859.0
2018-09-25,1902.0,1902.0,1868.0,1881.0
2018-09-26,1910.0,2000.0,1900.0,1991.0
2018-09-27,1999.0,2000.0,1940.0,1947.0
2018-09-28,1963.0,2053.0,1963.0,2047.0
2018-10-01,2093.0,2100.0,2062.0,2079.0
2018-10-02,2112.0,2139.0,2061.0,2085.0
2018-10-03,2120.0,2169.0,2097.0,2158.0
2018-10-04,2165.0,2165.0,2061.0,2118.0
2018-10-05,2118.0,2175.0,2078.0,2136.0
2018-10-08,2136.0,2136.0,2136.0,2136.0
2018-10-09,1950.0,1964.0,1885.0,1927.0
2018-10-10,1955.0,1955.0,1871.0,1893.0
2018-10-11,1763.0,1810.0,1756.0,1802.0
2018-10-12,1775.0,1803.0,1750.0,1800.0
2018-10-15,1811.0,1820.0,1751.0,1776.0
2018-10-16,1794.0,1794.0,1747.0,1772.0
2018-10-17,1795.0,1832.0,1794.0,1814.0
2018-10-18,1802.0,1817.0,1795.0,1795.0
2018-10-19,1767.0,1782.0,1764.0,1780.0
2018-10-22,1785.0,1799.0,1756.0,1772.0
2018-10-23,1792.0,1865.0,1786.0,1804.0
2018-10-24,1797.0,1820.0,1744.0,1780.0
2018-10-25,1730.0,1735.0,1698.0,1698.0
2018-10-26,1699.0,1710.0,1593.0,1609.0
2018-10-29,1641.0,1641.0,1573.0,1575.0
2018-10-30,1535.0,1649.0,1535.0,1648.0
2018-10-31,1662.0,1770.0,1661.0,1767.0
2018-11-01,1727.0,1763.0,1727.0,1744.0
2018-11-02,1752.0,1767.0,1721.0,1754.0
2018-11-05,1754.0,1760.0,1722.0,1760.0
2018-11-06,1756.0,1758.0,1709.0,1733.0
2018-11-07,1733.0,1760.0,1723.0,1726.0
2018-11-08,1749.0,1749.0,1711.0,1711.0
2018-11-09,1704.0,1718.0,1679.0,1700.0
2018-11-12,1700.0,1724.0,1679.0,1680.0
2018-11-13,1679.0,1679.0,1642.0,1666.0
2018-11-14,1667.0,1683.0,1662.0,1669.0
2018-11-15,1665.0,1708.0,1665.0,1682.0
2018-11-16,1685.0,1685.0,1648.0,1649.0
2018-11-19,1647.0,1705.0,1602.0,1681.0
2018-11-20,1657.0,1689.0,1635.0,1642.0
2018-11-21,1624.0,1673.0,1603.0,1632.0
2018-11-22,1632.0,1648.0,1620.0,1631.0
2018-11-23,1631.0,1631.0,1631.0,1631.0
2018-11-26,1633.0,1656.0,1620.0,1643.0
2018-11-27,1652.0,1653.0,1621.0,1638.0
2018-11-28,1629.0,1634.0,1610.0,1616.0
2018-11-29,1636.0,1654.0,1603.0,1615.0
2018-11-30,1625.0,1656.0,1616.0,1649.0
2018-12-03,1658.0,1780.0,1636.0,1760.0
2018-12-04,1733.0,1755.0,1705.0,1705.0
2018-12-05,1676.0,1699.0,1638.0,1645.0
2018-12-06,1636.0,1636.0,1580.0,1587.0
2018-12-07,1600.0,1600.0,1562.0,1562.0
2018-12-10,1562.0,1562.0,1510.0,1511.0
2018-12-11,1511.0,1520.0,1452.0,1463.0
2018-12-12,1459.0,1505.0,1459.0,1505.0
2018-12-13,1525.0,1580.0,1525.0,1567.0
2018-12-14,1567.0,1567.0,1506.0,1518.0
2018-12-17,1511.0,1511.0,1460.0,1460.0
2018-12-18,1440.0,1440.0,1406.0,1425.0
2018-12-19,1421.0,1457.0,1392.0,1407.0
2018-12-20,1395.0,1395.0,1318.0,1333.0
2018-12-21,1318.0,1333.0,1257.0,1291.0
2018-12-24,1291.0,1291.0,1291.0,1291.0
2018-12-25,1171.0,1218.0,1155.0,1155.0
2018-12-26,1190.0,1256.0,1182.0,1225.0
2018-12-27,1315.0,1340.0,1293.0,1334.0
2018-12-28,1317.0,1341.0,1301.0,1334.0
2018-12-31,1334.0,1334.0,1334.0,1334.0
2019-01-04,1250.0,1279.0,1210.0,1262.0
2019-01-07,1330.0,1338.0,1307.0,1307.0
2019-01-08,1332.0,1332.0,1313.0,1322.0
2019-01-09,1325.0,1349.0,1315.0,1325.0
2019-01-10,1325.0,1332.0,1304.0,1306.0
2019-01-11,1304.0,1376.0,1304.0,1364.0
2019-01-15,1281.0,1324.0,1255.0,1315.0
2019-01-16,1345.0,1348.0,1313.0,1313.0
2019-01-17,1328.0,1328.0,1281.0,1290.0
2019-01-18,1310.0,1329.0,1285.0,1308.0
2019-01-21,1347.0,1347.0,1315.0,1325.0
2019-01-22,1322.0,1322.0,1313.0,1315.0
2019-01-23,1315.0,1330.0,1295.0,1301.0
2019-01-24,1301.0,1310.0,1297.0,1310.0
2019-01-25,1315.0,1380.0,1308.0,1380.0
2019-01-28,1418.0,1447.0,1386.0,1439.0
2019-01-29,1409.0,1415.0,1352.0,1406.0
2019-01-30,1423.0,1423.0,1369.0,1381.0
2019-01-31,1382.0,1395.0,1358.0,1381.0
2019-02-01,1388.0,1410.0,1376.0,1376.0
2019-02-04,1380.0,1409.0,1370.0,1396.0
2019-02-05,1414.0,1425.0,1405.0,1415.0
2019-02-06,1418.0,1420.0,1405.0,1417.0
2019-02-07,1417.0,1417.0,1386.0,1387.0
2019-02-08,1382.0,1386.0,1346.0,1361.0
2019-02-12,1409.0,1409.0,1376.0,1377.0
2019-02-13,1377.0,1406.0,1377.0,1396.0
2019-02-14,1411.0,1422.0,1396.0,1422.0
2019-02-15,1430.0,1430.0,1404.0,1404.0
2019-02-18,1417.0,1450.0,1414.0,1417.0
2019-02-19,1418.0,1430.0,1410.0,1430.0
2019-02-20,1445.0,1490.0,1428.0,1480.0
2019-02-21,1483.0,1498.0,1465.0,1467.0
2019-02-22,1464.0,1475.0,1451.0,1473.0
2019-02-25,1480.0,1482.0,1470.0,1478.0
2019-02-26,1494.0,1494.0,1455.0,1483.0
2019-02-27,1484.0,1542.0,1471.0,1535.0
2019-02-28,1535.0,1535.0,1505.0,1513.0
2019-03-01,1510.0,1530.0,1494.0,1510.0
2019-03-04,1530.0,1532.0,1511.0,1520.0
2019-03-05,1511.0,1525.0,1481.0,1497.0
2019-03-06,1496.0,1506.0,1481.0,1498.0
2019-03-07,1495.0,1495.0,1459.0,1476.0
2019-03-08,1416.0,1442.0,1415.0,1432.0
2019-03-11,1430.0,1441.0,1380.0,1397.0
2019-03-12,1405.0,1453.0,1405.0,1428.0
2019-03-13,1430.0,1470.0,1428.0,1470.0
2019-03-14,1490.0,1490.0,1434.0,1456.0
2019-03-15,1453.0,1465.0,1431.0,1440.0
2019-03-18,1457.0,1457.0,1396.0,1400.0
2019-03-19,1401.0,1412.0,1392.0,1400.0
2019-03-20,1394.0,1450.0,1394.0,1446.0
2019-03-22,1439.0,1470.0,1437.0,1470.0
2019-03-25,1402.0,1429.0,1388.0,1415.0
2019-03-26,1424.0,1437.0,1417.0,1420.0
2019-03-27,1411.0,1427.0,1405.0,1427.0
2019-03-28,1428.0,1428.0,1397.0,1405.0
2019-03-29,1411.0,1430.0,1407.0,1407.0
2019-04-01,1424.0,1442.0,1420.0,1422.0
2019-04-02,1422.0,1422.0,1422.0,1422.0
2019-04-03,1420.0,1440.0,1416.0,1440.0
2019-04-04,1444.0,1463.0,1430.0,1445.0
2019-04-05,1443.0,1484.0,1425.0,1484.0
2019-04-08,1554.0,1554.0,1506.0,1530.0
2019-04-09,1380.0,1420.0,1380.0,1412.0
2019-04-10,1395.0,1402.0,1382.0,1400.0
2019-04-11,1449.0,1536.0,1386.0,1387.0
2019-04-12,1382.0,1400.0,1370.0,1391.0
2019-04-15,1400.0,1403.0,1393.0,1400.0
2019-04-16,1408.0,1410.0,1386.0,1394.0
2019-04-17,1401.0,1403.0,1390.0,1390.0
2019-04-18,1390.0,1392.0,1374.0,1374.0
2019-04-19,1377.0,1381.0,1355.0,1358.0
2019-04-22,1358.0,1358.0,1335.0,1335.0
2019-04-23,1331.0,1334.0,1321.0,1321.0
2019-04-24,1333.0,1333.0,1314.0,1316.0
2019-04-25,1328.0,1360.0,1328.0,1342.0
2019-04-26,1343.0,1353.0,1324.0,1342.0
2019-05-07,1353.0,1356.0,1348.0,1354.0
2019-05-08,1349.0,1350.0,1335.0,1343.0
2019-05-09,1350.0,1350.0,1311.0,1315.0
2019-05-10,1318.0,1339.0,1301.0,1314.0
2019-05-13,1312.0,1321.0,1311.0,1321.0
2019-05-14,1295.0,1330.0,1280.0,1300.0
2019-05-15,1329.0,1329.0,1301.0,1326.0
2019-05-16,1330.0,1330.0,1292.0,1315.0
2019-05-17,1315.0,1327.0,1297.0,1297.0
2019-05-20,1297.0,1312.0,1282.0,1283.0
2019-05-21,1281.0,1286.0,1268.0,1272.0
2019-05-22,1273.0,1289.0,1265.0,1273.0
2019-05-23,1275.0,1275.0,1243.0,1256.0
2019-05-24,1253.0,1253.0,1222.0,1244.0
2019-05-27,1240.0,1251.0,1232.0,1232.0
2019-05-28,1237.0,1258.0,1237.0,1245.0
2019-05-29,1226.0,1227.0,1209.0,1211.0
2019-05-30,1214.0,1214.0,1193.0,1193.0
2019-05-31,1209.0,1209.0,1180.0,1180.0
2019-06-03,1180.0,1186.0,1123.0,1123.0
2019-06-04,1120.0,1143.0,1108.0,1130.0
2019-06-05,1159.0,1179.0,1150.0,1179.0
2019-06-06,1180.0,1180.0,1166.0,1166.0
2019-06-07,1177.0,1208.0,1171.0,1208.0
2019-06-10,1211.0,1214.0,1191.0,1204.0
2019-06-11,1220.0,1262.0,1220.0,1261.0
2019-06-12,1263.0,1295.0,1261.0,1291.0
2019-06-13,1291.0,1291.0,1256.0,1268.0
2019-06-14,1257.0,1275.0,1257.0,1272.0
2019-06-17,1279.0,1279.0,1241.0,1244.0
2019-06-18,1234.0,1238.0,1216.0,1217.0
2019-06-19,1222.0,1236.0,1212.0,1217.0
2019-06-20,1217.0,1245.0,1217.0,1235.0
2019-06-21,1234.0,1246.0,1215.0,1235.0
2019-06-24,1234.0,1234.0,1223.0,1223.0
2019-06-25,1227.0,1234.0,1215.0,1218.0
2019-06-26,1210.0,1217.0,1208.0,1210.0
2019-06-27,1225.0,1234.0,1225.0,1229.0
2019-06-28,1233.0,1235.0,1208.0,1217.0
2019-07-01,1235.0,1245.0,1230.0,1231.0
2019-07-02,1240.0,1258.0,1240.0,1253.0
2019-07-03,1236.0,1250.0,1227.0,1250.0
2019-07-04,1255.0,1270.0,1249.0,1270.0
2019-07-05,1270.0,1287.0,1265.0,1287.0
2019-07-08,1296.0,1296.0,1271.0,1284.0
2019-07-09,1224.0,1239.0,1219.0,1228.0
2019-07-10,1229.0,1238.0,1228.0,1230.0
2019-07-11,1229.0,1230.0,1212.0,1228.0
2019-07-12,1288.0,1288.0,1224.0,1224.0
2019-07-16,1220.0,1227.0,1215.0,1215.0
2019-07-17,1215.0,1215.0,1183.0,1190.0
2019-07-18,1180.0,1180.0,1160.0,1165.0
2019-07-19,1170.0,1170.0,1158.0,1163.0
2019-07-22,1171.0,1178.0,1161.0,1162.0
2019-07-23,1172.0,1195.0,1170.0,1177.0
2019-07-24,1181.0,1199.0,1174.0,1174.0
2019-07-25,1179.0,1195.0,1175.0,1192.0
2019-07-26,1192.0,1193.0,1178.0,1183.0
2019-07-29,1183.0,1183.0,1176.0,1181.0
2019-07-30,1179.0,1196.0,1178.0,1189.0
2019-07-31,1183.0,1192.0,1175.0,1192.0
2019-08-01,1178.0,1187.0,1178.0,1181.0
2019-08-02,1170.0,1171.0,1148.0,1159.0
2019-08-05,1148.0,1148.0,1118.0,1121.0
2019-08-06,1101.0,1130.0,1088.0,1121.0
2019-08-07,1148.0,1148.0,1128.0,1132.0
2019-08-08,1133.0,1144.0,1124.0,1135.0
2019-08-09,1140.0,1143.0,1134.0,1140.0
2019-08-13,1121.0,1127.0,1108.0,1122.0
2019-08-14,1141.0,1141.0,1120.0,1120.0
2019-08-15,1088.0,1099.0,1080.0,1095.0
2019-08-16,1112.0,1112.0,1097.0,1097.0
2019-08-19,1097.0,1102.0,1090.0,1094.0
2019-08-20,1094.0,1150.0,1093.0,1103.0
2019-08-21,1103.0,1132.0,1103.0,1132.0
2019-08-22,1132.0,1132.0,1115.0,1115.0
2019-08-23,1121.0,1129.0,1121.0,1125.0
2019-08-26,1104.0,1112.0,1090.0,1107.0
2019-08-27,1110.0,1122.0,1110.0,1112.0
2019-08-28,1114.0,1119.0,1113.0,1119.0
2019-08-29,1119.0,1120.0,1104.0,1114.0
2019-08-30,1119.0,1127.0,1118.0,1121.0
2019-09-02,1117.0,1120.0,1109.0,1120.0
2019-09-03,1120.0,1130.0,1120.0,1129.0
2019-09-04,1129.0,1129.0,1125.0,1126.0
2019-09-05,1125.0,1141.0,1125.0,1138.0
2019-09-06,1140.0,1143.0,1140.0,1141.0
2019-09-09,1145.0,1155.0,1143.0,1153.0
2019-09-10,1170.0,1181.0,1154.0,1163.0
2019-09-11,1166.0,1175.0,1164.0,1173.0
2019-09-12,1180.0,1186.0,1173.0,1175.0
2019-09-13,1183.0,1183.0,1176.0,1178.0
2019-09-17,1180.0,1180.0,1146.0,1150.0
2019-09-18,1168.0,1198.0,1160.0,1168.0
2019-09-19,1172.0,1177.0,1165.0,1165.0
2019-09-20,1165.0,1168.0,1164.0,1164.0
2019-09-24,1173.0,1173.0,1152.0,1154.0
2019-09-25,1166.0,1167.0,1145.0,1148.0
2019-09-26,1151.0,1173.0,1151.0,1169.0
2019-09-27,1185.0,1199.0,1180.0,1182.0
2019-09-30,1182.0,1183.0,1171.0,1182.0
2019-10-01,1194.0,1215.0,1176.0,1213.0
2019-10-02,1218.0,1280.0,1203.0,1278.0
2019-10-03,1237.0,1283.0,1233.0,1264.0
2019-10-04,1278.0,1325.0,1268.0,1325.0
2019-10-07,1326.0,1330.0,1303.0,1314.0
2019-10-08,1250.0,1278.0,1230.0,1246.0
2019-10-09,1246.0,1248.0,1220.0,1228.0
2019-10-10,1222.0,1245.0,1221.0,1245.0
2019-10-11,1241.0,1269.0,1240.0,1260.0
2019-10-15,1274.0,1280.0,1261.0,1275.0
2019-10-16,1280.0,1297.0,1264.0,1297.0
2019-10-17,1291.0,1300.0,1282.0,1299.0
2019-10-18,1308.0,1308.0,1281.0,1298.0
2019-10-21,1298.0,1320.0,1275.0,1287.0
2019-10-23,1302.0,1304.0,1278.0,1304.0
2019-10-24,1316.0,1350.0,1300.0,1323.0
2019-10-25,1347.0,1422.0,1333.0,1358.0
2019-10-28,1361.0,1380.0,1332.0,1337.0
2019-10-29,1342.0,1362.0,1325.0,1326.0
2019-10-30,1326.0,1339.0,1313.0,1328.0
2019-10-31,1328.0,1331.0,1320.0,1328.0
2019-11-01,1315.0,1325.0,1301.0,1312.0
2019-11-05,1323.0,1338.0,1311.0,1335.0
2019-11-06,1329.0,1345.0,1321.0,1335.0
2019-11-07,1335.0,1347.0,1324.0,1329.0
2019-11-08,1340.0,1360.0,1324.0,1330.0
2019-11-11,1346.0,1346.0,1327.0,1330.0
2019-11-12,1332.0,1349.0,1330.0,1333.0
2019-11-13,1333.0,1344.0,1310.0,1326.0
2019-11-14,1329.0,1329.0,1308.0,1308.0
2019-11-15,1290.0,1300.0,1283.0,1291.0
2019-11-18,1299.0,1323.0,1299.0,1317.0
2019-11-19,1361.0,1450.0,1350.0,1447.0
2019-11-20,1480.0,1668.0,1447.0,1590.0
2019-11-21,1615.0,1630.0,1550.0,1617.0
2019-11-22,1610.0,1616.0,1556.0,1585.0
2019-11-25,1584.0,1617.0,1571.0,1600.0
2019-11-26,1609.0,1666.0,1608.0,1657.0
2019-11-27,1651.0,1775.0,1634.0,1753.0
2019-11-28,1721.0,1762.0,1711.0,1748.0
2019-11-29,1762.0,1797.0,1735.0,1763.0
2019-12-02,1755.0,1800.0,1717.0,1779.0
2019-12-03,1751.0,1830.0,1740.0,1816.0
2019-12-04,1800.0,1858.0,1784.0,1843.0
2019-12-05,1826.0,1872.0,1800.0,1867.0
2019-12-06,1866.0,1885.0,1809.0,1813.0
2019-12-09,1830.0,1846.0,1788.0,1788.0
2019-12-10,1771.0,1771.0,1680.0,1692.0
2019-12-11,1697.0,1709.0,1651.0,1664.0
2019-12-12,1677.0,1760.0,1657.0,1730.0
2019-12-13,1720.0,1799.0,1720.0,1769.0
2019-12-16,1770.0,1855.0,1752.0,1854.0
2019-12-17,1835.0,1845.0,1776.0,1808.0
2019-12-18,1808.0,1870.0,1808.0,1846.0
2019-12-19,1830.0,1880.0,1814.0,1855.0
2019-12-20,1860.0,1862.0,1780.0,1834.0
2019-12-23,1834.0,1857.0,1790.0,1814.0
2019-12-24,1814.0,1862.0,1807.0,1847.0
2019-12-25,1854.0,1854.0,1810.0,1813.0
2019-12-26,1827.0,1835.0,1805.0,1813.0
2019-12-27,1836.0,1836.0,1810.0,1815.0
2019-12-30,1806.0,1808.0,1782.0,1786.0
2020-01-06,1706.0,1747.0,1691.0,1701.0
2020-01-07,1701.0,1746.0,1701.0,1741.0
2020-01-08,1729.0,1729.0,1669.0,1694.0
2020-01-09,1729.0,1729.0,1700.0,1719.0
2020-01-10,1709.0,1747.0,1695.0,1741.0
2020-01-14,1631.0,1651.0,1521.0,1525.0
2020-01-15,1542.0,1607.0,1526.0,1603.0
2020-01-16,1622.0,1626.0,1541.0,1552.0
2020-01-17,1576.0,1578.0,1525.0,1544.0
2020-01-20,1560.0,1560.0,1510.0,1529.0
2020-01-21,1527.0,1527.0,1490.0,1495.0
2020-01-22,1480.0,1510.0,1478.0,1505.0
2020-01-23,1505.0,1505.0,1450.0,1453.0
2020-01-24,1476.0,1476.0,1440.0,1442.0
2020-01-27,1382.0,1420.0,1380.0,1392.0
2020-01-28,1390.0,1443.0,1370.0,1435.0
2020-01-29,1423.0,1424.0,1395.0,1414.0
2020-01-30,1390.0,1400.0,1363.0,1370.0
2020-01-31,1400.0,1437.0,1400.0,1406.0
2020-02-03,1316.0,1382.0,1316.0,1379.0
2020-02-04,1350.0,1411.0,1350.0,1393.0
2020-02-05,1394.0,1438.0,1394.0,1435.0
2020-02-06,1435.0,1445.0,1400.0,1421.0
2020-02-07,1436.0,1439.0,1408.0,1411.0
2020-02-10,1387.0,1419.0,1387.0,1398.0
2020-02-12,1406.0,1419.0,1377.0,1383.0
2020-02-13,1406.0,1406.0,1367.0,1375.0
2020-02-14,1379.0,1379.0,1343.0,1345.0
2020-02-17,1334.0,1334.0,1305.0,1308.0
2020-02-18,1311.0,1312.0,1284.0,1295.0
2020-02-19,1318.0,1343.0,1307.0,1329.0
2020-02-20,1340.0,1372.0,1332.0,1333.0
2020-02-21,1336.0,1345.0,1318.0,1332.0
2020-02-25,1272.0,1330.0,1272.0,1282.0
2020-02-26,1266.0,1282.0,1233.0,1255.0
2020-02-27,1231.0,1255.0,1203.0,1224.0
2020-02-28,1194.0,1194.0,1116.0,1121.0
2020-03-02,1121.0,1253.0,1121.0,1233.0
2020-03-03,1254.0,1293.0,1221.0,1237.0
2020-03-04,1238.0,1330.0,1238.0,1289.0
2020-03-05,1335.0,1335.0,1230.0,1238.0
2020-03-06,1224.0,1226.0,1154.0,1176.0
2020-03-09,1148.0,1148.0,1059.0,1067.0
2020-03-10,1030.0,1130.0,1000.0,1117.0
2020-03-11,1117.0,1160.0,1062.0,1068.0
2020-03-12,1031.0,1079.0,1006.0,1009.0
2020-03-13,904.0,951.0,895.0,949.0
2020-03-16,979.0,1044.0,959.0,963.0
2020-03-17,940.0,1011.0,926.0,1001.0
2020-03-18,1031.0,1039.0,945.0,945.0
2020-03-19,950.0,950.0,880.0,912.0
2020-03-23,925.0,931.0,882.0,930.0
2020-03-24,940.0,984.0,940.0,977.0
2020-03-25,1023.0,1045.0,1010.0,1032.0
2020-03-26,1028.0,1028.0,1002.0,1006.0
2020-03-27,1011.0,1038.0,1006.0,1020.0
2020-03-30,999.0,1049.0,999.0,1032.0
2020-03-31,1045.0,1085.0,1024.0,1060.0
2020-04-01,1078.0,1078.0,1020.0,1024.0
2020-04-02,1015.0,1033.0,1000.0,1000.0
2020-04-03,1062.0,1062.0,964.0,969.0
2020-04-06,1000.0,1031.0,970.0,1021.0
2020-04-07,1025.0,1065.0,1025.0,1045.0
2020-04-08,1053.0,1066.0,1029.0,1056.0
2020-04-09,1061.0,1090.0,1061.0,1077.0
2020-04-10,1056.0,1066.0,1041.0,1051.0
2020-04-13,1053.0,1096.0,1053.0,1080.0
2020-04-14,1080.0,1122.0,1080.0,1122.0
2020-04-15,1133.0,1149.0,1102.0,1119.0
2020-04-16,1130.0,1132.0,1026.0,1106.0
2020-04-17,1144.0,1144.0,1115.0,1130.0
2020-04-20,1130.0,1137.0,1112.0,1128.0
2020-04-21,1130.0,1130.0,1082.0,1086.0
2020-04-22,1082.0,1090.0,1064.0,1075.0
2020-04-23,1086.0,1102.0,1077.0,1089.0
2020-04-24,1084.0,1090.0,1064.0,1070.0
2020-04-27,1076.0,1093.0,1066.0,1085.0
2020-04-28,1089.0,1116.0,1088.0,1103.0
2020-04-30,1099.0,1121.0,1099.0,1121.0
2020-05-01,1121.0,1121.0,1103.0,1105.0
2020-05-07,1115.0,1128.0,1101.0,1106.0
2020-05-08,1106.0,1122.0,1106.0,1111.0
2020-05-11,1111.0,1149.0,1111.0,1149.0
2020-05-12,1151.0,1164.0,1143.0,1155.0
2020-05-13,1115.0,1137.0,1115.0,1136.0
2020-05-14,1137.0,1155.0,1111.0,1117.0
2020-05-15,1121.0,1129.0,1100.0,1100.0
2020-05-18,1100.0,1107.0,1090.0,1090.0
2020-05-19,1114.0,1114.0,1088.0,1111.0
2020-05-20,1111.0,1124.0,1111.0,1121.0
2020-05-21,1135.0,1144.0,1125.0,1141.0
2020-05-22,1135.0,1150.0,1135.0,1142.0
2020-05-25,1142.0,1189.0,1142.0,1188.0
2020-05-26,1172.0,1204.0,1172.0,1190.0
2020-05-27,1191.0,1230.0,1182.0,1230.0
2020-05-28,1221.0,1230.0,1163.0,1184.0
2020-05-29,1186.0,1188.0,1162.0,1170.0
2020-06-01,1180.0,1180.0,1140.0,1140.0
2020-06-02,1147.0,1170.0,1145.0,1157.0
2020-06-03,1162.0,1177.0,1146.0,1150.0
2020-06-04,1149.0,1158.0,1115.0,1124.0
2020-06-05,1130.0,1157.0,1123.0,1150.0
2020-06-08,1156.0,1190.0,1156.0,1185.0
2020-06-09,1196.0,1196.0,1164.0,1185.0
2020-06-10,1179.0,1188.0,1162.0,1162.0
2020-06-11,1177.0,1177.0,1141.0,1147.0
2020-06-12,1115.0,1116.0,1085.0,1102.0
2020-06-15,1120.0,1120.0,1066.0,1066.0
2020-06-16,1080.0,1104.0,1070.0,1089.0
2020-06-17,1102.0,1117.0,1093.0,1108.0
2020-06-18,1121.0,1121.0,1106.0,1116.0
2020-06-19,1119.0,1119.0,1106.0,1106.0
2020-06-22,1106.0,1109.0,1093.0,1098.0
2020-06-23,1098.0,1108.0,1081.0,1098.0
2020-06-24,1108.0,1109.0,1097.0,1098.0
2020-06-25,1097.0,1102.0,1079.0,1086.0
2020-06-26,1088.0,1095.0,1079.0,1094.0
2020-06-29,1096.0,1101.0,1080.0,1093.0
2020-06-30,1099.0,1106.0,1082.0,1089.0
2020-07-01,1090.0,1099.0,1071.0,1071.0
2020-07-02,1075.0,1075.0,1035.0,1037.0
2020-07-03,1065.0,1065.0,1037.0,1046.0
2020-07-06,1050.0,1078.0,1047.0,1078.0
2020-07-07,1089.0,1093.0,1072.0,1077.0
2020-07-08,1088.0,1088.0,1079.0,1079.0
2020-07-09,1085.0,1089.0,1070.0,1070.0
2020-07-10,1070.0,1074.0,1056.0,1069.0
2020-07-13,1081.0,1083.0,1067.0,1083.0
2020-07-14,1068.0,1079.0,1062.0,1079.0
2020-07-15,1073.0,1079.0,1064.0,1065.0
2020-07-16,1066.0,1077.0,1066.0,1067.0
2020-07-17,1067.0,1072.0,1052.0,1052.0
2020-07-20,1065.0,1066.0,1052.0,1055.0
2020-07-21,1057.0,1067.0,1053.0,1065.0
2020-07-22,1061.0,1069.0,1053.0,1067.0
2020-07-27,1053.0,1061.0,1049.0,1051.0
2020-07-28,1067.0,1067.0,1052.0,1052.0
2020-07-29,1054.0,1066.0,1041.0,1066.0
2020-07-30,1065.0,1065.0,1048.0,1055.0
2020-07-31,1055.0,1055.0,1013.0,1029.0
2020-08-03,1029.0,1042.0,1015.0,1033.0
2020-08-04,1042.0,1043.0,1036.0,1041.0
2020-08-05,1041.0,1065.0,1041.0,1055.0
2020-08-06,1055.0,1060.0,1050.0,1053.0
2020-08-07,1061.0,1091.0,1048.0,1085.0
2020-08-11,1100.0,1139.0,1094.0,1118.0
2020-08-12,1118.0,1129.0,1095.0,1118.0
2020-08-13,1134.0,1134.0,1113.0,1119.0
2020-08-14,1129.0,1129.0,1117.0,1119.0
2020-08-17,1119.0,1119.0,1093.0,1101.0
2020-08-18,1107.0,1108.0,1088.0,1091.0
2020-08-19,1089.0,1100.0,1079.0,1081.0
2020-08-20,1076.0,1078.0,1074.0,1078.0
2020-08-21,1080.0,1083.0,1069.0,1074.0
2020-08-24,1080.0,1080.0,1060.0,1068.0
2020-08-25,1070.0,1073.0,1056.0,1067.0
2020-08-26,1068.0,1074.0,1065.0,1074.0
2020-08-27,1083.0,1083.0,1066.0,1072.0
2020-08-28,1080.0,1103.0,1072.0,1072.0
2020-08-31,1075.0,1080.0,1072.0,1072.0
2020-09-01,1076.0,1096.0,1072.0,1077.0
2020-09-02,1094.0,1094.0,1060.0,1070.0
2020-09-03,1070.0,1080.0,1067.0,1079.0
2020-09-04,1060.0,1077.0,1060.0,1070.0
2020-09-07,1071.0,1081.0,1068.0,1071.0
2020-09-08,1071.0,1090.0,1066.0,1082.0
2020-09-09,1082.0,1083.0,1068.0,1074.0
2020-09-10,1075.0,1078.0,1074.0,1075.0
2020-09-11,1075.0,1088.0,1071.0,1088.0
2020-09-14,1088.0,1103.0,1085.0,1099.0
2020-09-15,1105.0,1114.0,1101.0,1106.0
2020-09-16,1106.0,1133.0,1106.0,1133.0
2020-09-17,1124.0,1135.0,1123.0,1126.0
2020-09-18,1126.0,1134.0,1118.0,1134.0
2020-09-23,1137.0,1141.0,1126.0,1131.0
2020-09-24,1121.0,1125.0,1115.0,1118.0
2020-09-25,1118.0,1125.0,1108.0,1117.0
2020-09-28,1386.0,1386.0,1252.0,1303.0
2020-09-29,1319.0,1328.0,1272.0,1291.0
2020-09-30,1290.0,1298.0,1251.0,1260.0
2020-10-02,1274.0,1274.0,1252.0,1253.0
2020-10-05,1283.0,1309.0,1283.0,1309.0
2020-10-06,1326.0,1338.0,1293.0,1306.0
2020-10-07,1305.0,1315.0,1282.0,1305.0
2020-10-08,1328.0,1328.0,1297.0,1298.0
2020-10-09,1300.0,1303.0,1288.0,1292.0
2020-10-12,1278.0,1290.0,1265.0,1265.0
2020-10-13,1260.0,1273.0,1253.0,1256.0
2020-10-14,1272.0,1296.0,1258.0,1288.0
2020-10-15,1294.0,1294.0,1280.0,1290.0
2020-10-16,1289.0,1289.0,1250.0,1261.0
2020-10-19,1256.0,1265.0,1255.0,1261.0
2020-10-20,1252.0,1263.0,1240.0,1252.0
2020-10-21,1259.0,1273.0,1252.0,1273.0
2020-10-22,1273.0,1273.0,1255.0,1255.0
2020-10-23,1255.0,1255.0,1190.0,1235.0
2020-10-26,1223.0,1239.0,1222.0,1225.0
2020-10-27,1210.0,1235.0,1207.0,1235.0
2020-10-28,1235.0,1235.0,1196.0,1201.0
2020-10-29,1176.0,1194.0,1167.0,1192.0
2020-10-30,1193.0,1198.0,1170.0,1171.0
2020-11-02,1197.0,1197.0,1165.0,1165.0
2020-11-04,1171.0,1218.0,1171.0,1198.0
2020-11-05,1218.0,1218.0,1198.0,1218.0
2020-11-06,1224.0,1227.0,1215.0,1226.0
2020-11-09,1226.0,1238.0,1221.0,1234.0
2020-11-10,1257.0,1257.0,1230.0,1237.0
2020-11-11,1257.0,1260.0,1249.0,1260.0
2020-11-12,1260.0,1267.0,1255.0,1267.0
2020-11-13,1265.0,1265.0,1255.0,1258.0
2020-11-16,1265.0,1265.0,1251.0,1265.0
2020-11-17,1265.0,1265.0,1246.0,1262.0
2020-11-18,1248.0,1262.0,1248.0,1257.0
2020-11-19,1260.0,1274.0,1254.0,1254.0
2020-11-20,1254.0,1270.0,1254.0,1265.0
2020-11-24,1271.0,1288.0,1271.0,1273.0
2020-11-25,1299.0,1299.0,1247.0,1266.0
2020-11-26,1264.0,1296.0,1264.0,1295.0
2020-11-27,1270.0,1282.0,1257.0,1282.0
2020-11-30,1282.0,1295.0,1270.0,1282.0
2020-12-01,1272.0,1280.0,1265.0,1269.0
2020-12-02,1278.0,1291.0,1265.0,1266.0
2020-12-03,1280.0,1280.0,1268.0,1271.0
2020-12-04,1271.0,1277.0,1255.0,1264.0
2020-12-07,1280.0,1281.0,1195.0,1210.0
2020-12-08,1233.0,1256.0,1212.0,1240.0
2020-12-09,1264.0,1278.0,1245.0,1249.0
2020-12-10,1252.0,1260.0,1246.0,1253.0
2020-12-11,1250.0,1250.0,1235.0,1241.0
2020-12-14,1241.0,1260.0,1241.0,1260.0
2020-12-15,1255.0,1256.0,1234.0,1242.0
2020-12-16,1243.0,1246.0,1229.0,1233.0
2020-12-17,1231.0,1231.0,1210.0,1213.0
2020-12-18,1230.0,1250.0,1224.0,1238.0
2020-12-21,1232.0,1250.0,1229.0,1250.0
2020-12-22,1236.0,1240.0,1208.0,1209.0
2020-12-23,1204.0,1225.0,1180.0,1199.0
2020-12-24,1207.0,1213.0,1192.0,1200.0
2020-12-25,1200.0,1201.0,1180.0,1184.0
2020-12-28,1175.0,1194.0,1175.0,1187.0
2020-12-29,1177.0,1192.0,1177.0,1192.0
2020-12-30,1181.0,1203.0,1175.0,1203.0
2021-01-04,1192.0,1196.0,1175.0,1190.0
2021-01-05,1185.0,1193.0,1173.0,1181.0
2021-01-06,1183.0,1201.0,1180.0,1188.0
2021-01-07,1188.0,1200.0,1180.0,1190.0
2021-01-08,1190.0,1207.0,1185.0,1195.0
2021-01-12,1201.0,1243.0,1201.0,1235.0
2021-01-13,1385.0,1436.0,1306.0,1419.0
2021-01-14,1425.0,1473.0,1370.0,1398.0
2021-01-15,1350.0,1378.0,1341.0,1362.0
2021-01-18,1367.0,1367.0,1340.0,1354.0
2021-01-19,1368.0,1383.0,1360.0,1379.0
2021-01-20,1399.0,1438.0,1392.0,1419.0
2021-01-21,1400.0,1405.0,1378.0,1390.0
2021-01-22,1397.0,1418.0,1383.0,1398.0
2021-01-25,1398.0,1410.0,1390.0,1406.0
2021-01-26,1400.0,1400.0,1384.0,1400.0
2021-01-27,1399.0,1399.0,1361.0,1385.0
2021-01-28,1361.0,1386.0,1358.0,1376.0
2021-01-29,1377.0,1388.0,1345.0,1350.0
2021-02-01,1335.0,1359.0,1331.0,1349.0
2021-02-02,1359.0,1381.0,1346.0,1369.0
2021-02-03,1378.0,1397.0,1370.0,1397.0
2021-02-04,1397.0,1446.0,1378.0,1437.0
2021-02-05,1438.0,1443.0,1405.0,1407.0
2021-02-08,1410.0,1419.0,1370.0,1374.0
2021-02-09,1375.0,1395.0,1365.0,1383.0
2021-02-10,1397.0,1415.0,1384.0,1415.0
2021-02-12,1407.0,1408.0,1390.0,1406.0
2021-02-15,1404.0,1407.0,1380.0,1397.0
2021-02-16,1396.0,1398.0,1360.0,1360.0
2021-02-17,1360.0,1390.0,1355.0,1385.0
2021-02-18,1385.0,1385.0,1342.0,1356.0
2021-02-19,1355.0,1355.0,1320.0,1323.0
2021-02-22,1341.0,1350.0,1333.0,1340.0
2021-02-24,1346.0,1347.0,1314.0,1314.0
2021-02-25,1327.0,1346.0,1327.0,1332.0
2021-02-26,1332.0,1332.0,1308.0,1308.0
2021-03-01,1334.0,1334.0,1311.0,1329.0
2021-03-02,1337.0,1337.0,1311.0,1319.0
2021-03-03,1326.0,1360.0,1315.0,1360.0
2021-03-04,1358.0,1358.0,1310.0,1340.0
2021-03-05,1339.0,1339.0,1315.0,1331.0
2021-03-08,1324.0,1333.0,1315.0,1315.0
2021-03-09,1338.0,1338.0,1311.0,1318.0
2021-03-10,1336.0,1339.0,1320.0,1320.0
2021-03-11,1334.0,1345.0,1327.0,1337.0
2021-03-12,1348.0,1365.0,1346.0,1365.0
2021-03-15,1379.0,1386.0,1370.0,1386.0
2021-03-16,1389.0,1399.0,1368.0,1398.0
2021-03-17,1391.0,1401.0,1386.0,1398.0
2021-03-18,1401.0,1423.0,1385.0,1413.0
2021-03-19,1400.0,1408.0,1380.0,1406.0
2021-03-22,1418.0,1443.0,1406.0,1434.0
2021-03-23,1443.0,1473.0,1415.0,1439.0
2021-03-24,1428.0,1428.0,1375.0,1377.0
2021-03-25,1376.0,1410.0,1376.0,1409.0
2021-03-26,1409.0,1418.0,1408.0,1416.0
2021-03-29,1422.0,1441.0,1412.0,1412.0
2021-03-30,1432.0,1437.0,1417.0,1433.0
2021-03-31,1442.0,1442.0,1419.0,1428.0
2021-04-01,1433.0,1452.0,1428.0,1441.0
2021-04-02,1451.0,1515.0,1449.0,1510.0
2021-04-05,1530.0,1567.0,1500.0,1567.0
2021-04-06,1567.0,1570.0,1505.0,1520.0
2021-04-07,1515.0,1538.0,1512.0,1524.0
2021-04-08,1529.0,1542.0,1513.0,1539.0
2021-04-09,1544.0,1600.0,1510.0,1595.0
2021-04-12,1575.0,1610.0,1551.0,1580.0
2021-04-13,1582.0,1629.0,1580.0,1620.0
2021-04-14,1620.0,1665.0,1608.0,1665.0
2021-04-15,1687.0,1695.0,1640.0,1655.0
2021-04-16,1658.0,1660.0,1618.0,1620.0
2021-04-19,1615.0,1700.0,1600.0,1700.0
2021-04-20,1701.0,1750.0,1671.0,1731.0
2021-04-21,1708.0,1740.0,1686.0,1725.0
2021-04-22,1750.0,1842.0,1749.0,1824.0
2021-04-23,1826.0,1840.0,1785.0,1791.0
2021-04-26,1791.0,1798.0,1727.0,1736.0
2021-04-27,1728.0,1771.0,1700.0,1723.0
2021-04-28,1723.0,1739.0,1672.0,1672.0
2021-04-30,1683.0,1740.0,1664.0,1714.0
2021-05-06,1810.0,1821.0,1757.0,1815.0
2021-05-07,1811.0,1818.0,1772.0,1804.0
2021-05-10,1824.0,1860.0,1774.0,1774.0
2021-05-11,1751.0,1751.0,1721.0,1724.0
2021-05-12,1710.0,1725.0,1637.0,1650.0
2021-05-13,1626.0,1740.0,1625.0,1655.0
2021-05-14,1695.0,1697.0,1645.0,1659.0
2021-05-17,1670.0,1673.0,1626.0,1634.0
2021-05-18,1668.0,1668.0,1640.0,1650.0
2021-05-19,1633.0,1656.0,1631.0,1645.0
2021-05-20,1647.0,1669.0,1645.0,1669.0
2021-05-21,1675.0,1679.0,1653.0,1676.0
2021-05-24,1680.0,1756.0,1676.0,1739.0
2021-05-25,1758.0,1761.0,1711.0,1716.0
2021-05-26,1744.0,1744.0,1706.0,1716.0
2021-05-27,1721.0,1721.0,1691.0,1696.0
2021-05-28,1705.0,1707.0,1661.0,1675.0
2021-05-31,1675.0,1709.0,1665.0,1705.0
2021-06-01,1760.0,1865.0,1751.0,1769.0
2021-06-02,1760.0,1834.0,1753.0,1810.0
2021-06-03,1810.0,1891.0,1794.0,1891.0
2021-06-04,1870.0,1873.0,1758.0,1787.0
2021-06-07,1814.0,1850.0,1790.0,1812.0
2021-06-08,1852.0,1978.0,1850.0,1933.0
2021-06-09,1967.0,2148.0,1965.0,2059.0
2021-06-10,2118.0,2177.0,2074.0,2095.0
2021-06-11,2100.0,2129.0,1958.0,2024.0
2021-06-14,1974.0,2017.0,1955.0,1995.0
2021-06-15,1991.0,2080.0,1991.0,2062.0
2021-06-16,2056.0,2109.0,2026.0,2040.0
2021-06-17,2055.0,2068.0,2007.0,2068.0
2021-06-18,2032.0,2061.0,1995.0,1998.0
2021-06-21,1918.0,1980.0,1901.0,1953.0
2021-06-22,1981.0,1995.0,1954.0,1970.0
2021-06-23,1953.0,1965.0,1920.0,1948.0
2021-06-24,1975.0,2053.0,1975.0,1986.0
2021-06-25,2045.0,2077.0,2012.0,2029.0
2021-06-28,2029.0,2032.0,1974.0,1989.0
2021-06-29,1998.0,1999.0,1944.0,1949.0
2021-06-30,1963.0,1963.0,1917.0,1935.0
2021-07-01,1925.0,1925.0,1845.0,1867.0
2021-07-02,1887.0,1890.0,1850.0,1874.0
2021-07-05,1900.0,1900.0,1837.0,1864.0
2021-07-06,1864.0,1864.0,1826.0,1830.0
2021-07-07,1800.0,1830.0,1775.0,1799.0
2021-07-08,1808.0,1808.0,1742.0,1745.0
2021-07-09,1715.0,1796.0,1712.0,1782.0
2021-07-12,1810.0,1860.0,1805.0,1838.0
2021-07-13,1878.0,1940.0,1863.0,1940.0
2021-07-14,1860.0,2065.0,1810.0,2050.0
2021-07-15,2057.0,2074.0,1980.0,1990.0
2021-07-16,1990.0,2010.0,1960.0,1983.0
2021-07-19,1955.0,1965.0,1920.0,1921.0
2021-07-20,1891.0,1925.0,1880.0,1885.0
2021-07-21,1936.0,2027.0,1930.0,1949.0
2021-07-26,1950.0,2003.0,1950.0,1983.0
2021-07-27,1963.0,1990.0,1936.0,1948.0
2021-07-28,1938.0,1966.0,1912.0,1937.0
2021-07-29,1950.0,1984.0,1944.0,1972.0
2021-07-30,1971.0,1971.0,1921.0,1960.0
2021-08-02,1940.0,1961.0,1927.0,1928.0
2021-08-03,1912.0,1934.0,1862.0,1884.0
2021-08-04,1906.0,1960.0,1888.0,1896.0
2021-08-05,1895.0,1895.0,1818.0,1831.0
2021-08-06,1844.0,1877.0,1820.0,1828.0
2021-08-10,1828.0,1875.0,1828.0,1855.0
2021-08-11,1895.0,1895.0,1839.0,1858.0
2021-08-12,1895.0,1895.0,1853.0,1853.0
2021-08-13,1847.0,1848.0,1814.0,1834.0
2021-08-16,1820.0,1820.0,1780.0,1787.0
2021-08-17,1782.0,1784.0,1736.0,1736.0
2021-08-18,1727.0,1787.0,1724.0,1786.0
2021-08-19,1746.0,1765.0,1725.0,1725.0
2021-08-20,1711.0,1719.0,1655.0,1660.0
2021-08-23,1661.0,1742.0,1661.0,1733.0
2021-08-24,1749.0,1754.0,1737.0,1737.0
2021-08-25,1756.0,1770.0,1741.0,1761.0
2021-08-26,1754.0,1768.0,1745.0,1751.0
2021-08-27,1751.0,1765.0,1726.0,1735.0
2021-08-30,1735.0,1795.0,1727.0,1788.0
2021-08-31,1770.0,1788.0,1761.0,1781.0
2021-09-01,1796.0,1796.0,1773.0,1781.0
2021-09-02,1782.0,1799.0,1751.0,1760.0
2021-09-03,1760.0,1784.0,1739.0,1782.0
2021-09-06,1822.0,1831.0,1800.0,1817.0
2021-09-07,1828.0,1828.0,1787.0,1790.0
2021-09-08,1805.0,1813.0,1782.0,1813.0
2021-09-09,1823.0,1874.0,1823.0,1857.0
2021-09-10,1857.0,1885.0,1857.0,1881.0
2021-09-13,1883.0,1913.0,1883.0,1903.0
2021-09-14,1903.0,1905.0,1873.0,1891.0
2021-09-15,1891.0,1891.0,1860.0,1890.0
2021-09-16,1863.0,1894.0,1820.0,1853.0
2021-09-17,1852.0,1892.0,1836.0,1886.0
2021-09-21,1839.0,1850.0,1828.0,1836.0
2021-09-22,1836.0,1846.0,1784.0,1787.0
2021-09-24,1805.0,1866.0,1805.0,1855.0
2021-09-27,1855.0,1861.0,1812.0,1850.0
2021-09-28,1850.0,1888.0,1832.0,1888.0
2021-09-29,1863.0,1917.0,1850.0,1894.0
2021-09-30,1949.0,1949.0,1815.0,1852.0
2021-10-01,1826.0,1864.0,1810.0,1823.0
2021-10-04,1859.0,1859.0,1770.0,1793.0
2021-10-05,1750.0,1840.0,1740.0,1797.0
2021-10-06,1809.0,1833.0,1751.0,1765.0
2021-10-07,1783.0,1825.0,1776.0,1809.0
2021-10-08,1875.0,2019.0,1824.0,1939.0
2021-10-11,1940.0,1945.0,1863.0,1869.0
2021-10-12,1852.0,1866.0,1805.0,1819.0
2021-10-13,1825.0,1825.0,1767.0,1777.0
2021-10-14,1770.0,1793.0,1754.0,1776.0
2021-10-15,1796.0,1856.0,1794.0,1855.0
2021-10-18,1874.0,1883.0,1837.0,1863.0
2021-10-19,1884.0,1929.0,1851.0,1913.0
2021-10-20,1903.0,1916.0,1858.0,1860.0
2021-10-21,1854.0,1863.0,1805.0,1812.0
2021-10-22,1801.0,1837.0,1784.0,1822.0
2021-10-25,1822.0,1850.0,1798.0,1834.0
2021-10-26,1834.0,1858.0,1825.0,1825.0
2021-10-27,1837.0,1837.0,1785.0,1790.0
2021-10-28,1790.0,1800.0,1773.0,1785.0
2021-10-29,1807.0,1807.0,1768.0,1779.0
2021-11-01,1799.0,1805.0,1791.0,1802.0
2021-11-02,1802.0,1808.0,1788.0,1793.0
2021-11-04,1793.0,1836.0,1793.0,1826.0
2021-11-05,1814.0,1829.0,1802.0,1818.0
2021-11-08,1818.0,1823.0,1790.0,1796.0
2021-11-09,1802.0,1807.0,1763.0,1767.0
2021-11-10,1767.0,1787.0,1765.0,1778.0
2021-11-11,1772.0,1794.0,1772.0,1794.0
2021-11-12,1772.0,1812.0,1772.0,1797.0
2021-11-15,1816.0,1816.0,1802.0,1816.0
2021-11-16,1816.0,1878.0,1816.0,1878.0
2021-11-17,1865.0,1865.0,1830.0,1846.0
2021-11-18,1872.0,1940.0,1856.0,1915.0
2021-11-19,1937.0,1960.0,1915.0,1923.0
2021-11-22,1918.0,1919.0,1878.0,1906.0
2021-11-24,1891.0,1891.0,1838.0,1841.0
2021-11-25,1867.0,1867.0,1823.0,1829.0
2021-11-26,1830.0,1832.0,1779.0,1799.0
2021-11-29,1751.0,1751.0,1700.0,1707.0
2021-11-30,1725.0,1771.0,1725.0,1737.0
2021-12-01,1737.0,1754.0,1689.0,1746.0
2021-12-02,1706.0,1751.0,1700.0,1701.0
2021-12-03,1705.0,1742.0,1688.0,1738.0
2021-12-06,1710.0,1740.0,1705.0,1719.0
2021-12-07,1721.0,1778.0,1721.0,1778.0
2021-12-08,1778.0,1814.0,1777.0,1807.0
2021-12-09,1803.0,1820.0,1776.0,1790.0
2021-12-10,1750.0,1785.0,1732.0,1740.0
2021-12-13,1740.0,1752.0,1711.0,1716.0
2021-12-14,1716.0,1726.0,1697.0,1723.0
2021-12-15,1697.0,1720.0,1691.0,1710.0
2021-12-16,1727.0,1815.0,1708.0,1815.0
2021-12-17,1717.0,1739.0,1701.0,1702.0
2021-12-20,1722.0,1722.0,1606.0,1620.0
2021-12-21,1643.0,1694.0,1607.0,1650.0
2021-12-22,1650.0,1681.0,1644.0,1671.0
2021-12-23,1707.0,1749.0,1707.0,1744.0
2021-12-24,1750.0,1769.0,1750.0,1758.0
2021-12-27,1770.0,1770.0,1703.0,1723.0
2021-12-28,1728.0,1745.0,1714.0,1740.0
2021-12-29,1740.0,1775.0,1730.0,1746.0
2021-12-30,1735.0,1783.0,1728.0,1781.0
2022-01-04,1799.0,1806.0,1772.0,1792.0
2022-01-05,1796.0,1799.0,1773.0,1796.0
2022-01-06,1785.0,1785.0,1741.0,1759.0
2022-01-07,1778.0,1778.0,1683.0,1735.0
2022-01-11,1748.0,1748.0,1710.0,1715.0
2022-01-12,1735.0,1785.0,1735.0,1784.0
2022-01-13,1904.0,1929.0,1838.0,1877.0
2022-01-14,1837.0,1873.0,1810.0,1851.0
2022-01-17,1860.0,1895.0,1827.0,1839.0
2022-01-18,1840.0,1840.0,1722.0,1743.0
2022-01-19,1700.0,1701.0,1618.0,1635.0
2022-01-20,1630.0,1636.0,1564.0,1617.0
2022-01-21,1577.0,1589.0,1545.0,1586.0
2022-01-24,1559.0,1589.0,1530.0,1589.0
2022-01-25,1591.0,1606.0,1520.0,1543.0
2022-01-26,1558.0,1599.0,1543.0,1578.0
2022-01-27,1580.0,1586.0,1459.0,1488.0
2022-01-28,1524.0,1524.0,1466.0,1495.0
2022-01-31,1501.0,1575.0,1501.0,1567.0
2022-02-01,1600.0,1615.0,1557.0,1579.0
2022-02-02,1551.0,1612.0,1551.0,1598.0
2022-02-03,1600.0,1600.0,1540.0,1542.0
2022-02-04,1538.0,1555.0,1518.0,1551.0
2022-02-07,1548.0,1568.0,1528.0,1552.0
2022-02-08,1560.0,1560.0,1502.0,1510.0
2022-02-09,1520.0,1570.0,1520.0,1570.0
2022-02-10,1575.0,1601.0,1569.0,1580.0
2022-02-14,1520.0,1549.0,1508.0,1519.0
2022-02-15,1530.0,1546.0,1508.0,1520.0
2022-02-16,1532.0,1552.0,1532.0,1538.0
2022-02-17,1545.0,1548.0,1517.0,1531.0
2022-02-18,1500.0,1543.0,1486.0,1519.0
2022-02-21,1485.0,1506.0,1470.0,1491.0
2022-02-22,1473.0,1489.0,1444.0,1459.0
2022-02-24,1460.0,1483.0,1428.0,1458.0
2022-02-25,1460.0,1495.0,1450.0,1470.0
2022-02-28,1501.0,1550.0,1487.0,1543.0
2022-03-01,1545.0,1565.0,1545.0,1553.0
2022-03-02,1567.0,1567.0,1516.0,1534.0
2022-03-03,1536.0,1550.0,1525.0,1525.0
2022-03-04,1532.0,1532.0,1466.0,1490.0
2022-03-07,1463.0,1469.0,1401.0,1424.0
2022-03-08,1395.0,1447.0,1391.0,1395.0
2022-03-09,1405.0,1414.0,1382.0,1400.0
2022-03-10,1425.0,1475.0,1425.0,1437.0
2022-03-11,1448.0,1459.0,1422.0,1457.0
2022-03-14,1466.0,1498.0,1455.0,1476.0
2022-03-15,1463.0,1479.0,1456.0,1467.0
2022-03-16,1492.0,1517.0,1490.0,1508.0
2022-03-17,1510.0,1549.0,1492.0,1521.0
2022-03-18,1520.0,1553.0,1515.0,1541.0
2022-03-22,1558.0,1558.0,1521.0,1531.0
2022-03-23,1537.0,1583.0,1537.0,1570.0
2022-03-24,1550.0,1594.0,1542.0,1588.0
2022-03-25,1600.0,1610.0,1582.0,1585.0
2022-03-28,1587.0,1587.0,1560.0,1583.0
2022-03-29,1583.0,1607.0,1575.0,1607.0
2022-03-30,1602.0,1645.0,1595.0,1645.0
2022-03-31,1635.0,1640.0,1613.0,1640.0
2022-04-01,1618.0,1637.0,1595.0,1606.0
2022-04-04,1620.0,1646.0,1615.0,1622.0
2022-04-05,1647.0,1670.0,1647.0,1670.0
2022-04-06,1665.0,1665.0,1605.0,1637.0
2022-04-07,1631.0,1631.0,1578.0,1583.0
2022-04-08,1585.0,1602.0,1565.0,1602.0
2022-04-11,1613.0,1613.0,1584.0,1607.0
2022-04-12,1601.0,1673.0,1585.0,1673.0
2022-04-13,1560.0,1589.0,1527.0,1580.0
2022-04-14,1589.0,1590.0,1541.0,1550.0
2022-04-15,1536.0,1536.0,1515.0,1522.0
2022-04-18,1536.0,1538.0,1503.0,1524.0
2022-04-19,1524.0,1550.0,1521.0,1542.0
2022-04-20,1540.0,1567.0,1527.0,1528.0
2022-04-21,1530.0,1545.0,1515.0,1525.0
2022-04-22,1508.0,1523.0,1505.0,1515.0
2022-04-25,1497.0,1499.0,1465.0,1468.0
2022-04-26,1470.0,1480.0,1466.0,1476.0
2022-04-27,1464.0,1479.0,1442.0,1479.0
2022-04-28,1479.0,1516.0,1458.0,1507.0
2022-05-02,1510.0,1526.0,1491.0,1510.0
2022-05-06,1510.0,1528.0,1510.0,1523.0
2022-05-09,1512.0,1524.0,1503.0,1524.0
2022-05-10,1510.0,1524.0,1480.0,1508.0
2022-05-11,1500.0,1511.0,1485.0,1500.0
2022-05-12,1487.0,1487.0,1452.0,1457.0
2022-05-13,1458.0,1495.0,1458.0,1485.0
2022-05-16,1508.0,1515.0,1462.0,1470.0
2022-05-17,1470.0,1487.0,1461.0,1474.0
2022-05-18,1489.0,1538.0,1480.0,1535.0
2022-05-19,1495.0,1507.0,1480.0,1500.0
2022-05-20,1507.0,1514.0,1497.0,1498.0
2022-05-23,1501.0,1525.0,1500.0,1523.0
2022-05-24,1523.0,1533.0,1506.0,1510.0
2022-05-25,1510.0,1520.0,1496.0,1514.0
2022-05-26,1524.0,1524.0,1504.0,1504.0
2022-05-27,1514.0,1520.0,1501.0,1510.0
2022-05-30,1507.0,1529.0,1496.0,1517.0
2022-05-31,1517.0,1517.0,1489.0,1493.0
2022-06-01,1485.0,1518.0,1485.0,1515.0
2022-06-02,1515.0,1521.0,1506.0,1521.0
2022-06-03,1521.0,1533.0,1515.0,1532.0
2022-06-06,1535.0,1563.0,1511.0,1546.0
2022-06-07,1555.0,1559.0,1534.0,1534.0
2022-06-08,1535.0,1570.0,1535.0,1570.0
2022-06-09,1570.0,1579.0,1555.0,1570.0
2022-06-10,1564.0,1564.0,1530.0,1531.0
2022-06-13,1500.0,1500.0,1485.0,1491.0
2022-06-14,1485.0,1503.0,1469.0,1503.0
2022-06-15,1491.0,1491.0,1478.0,1488.0
2022-06-16,1495.0,1501.0,1478.0,1491.0
2022-06-17,1462.0,1462.0,1443.0,1451.0
2022-06-20,1465.0,1469.0,1399.0,1422.0
2022-06-21,1423.0,1454.0,1423.0,1445.0
2022-06-22,1455.0,1455.0,1428.0,1431.0
2022-06-23,1431.0,1458.0,1415.0,1430.0
2022-06-24,1430.0,1457.0,1414.0,1454.0
2022-06-27,1468.0,1472.0,1454.0,1472.0
2022-06-28,1472.0,1477.0,1458.0,1473.0
2022-06-29,1470.0,1470.0,1445.0,1462.0
2022-06-30,1471.0,1482.0,1443.0,1465.0
2022-07-01,1469.0,1472.0,1430.0,1445.0
2022-07-04,1445.0,1469.0,1439.0,1465.0
2022-07-05,1461.0,1479.0,1461.0,1479.0
2022-07-06,1465.0,1489.0,1458.0,1468.0
2022-07-07,1470.0,1478.0,1454.0,1454.0
2022-07-08,1474.0,1507.0,1472.0,1497.0
2022-07-11,1520.0,1524.0,1498.0,1500.0
2022-07-12,1502.0,1503.0,1461.0,1473.0
2022-07-13,1485.0,1530.0,1478.0,1525.0
2022-07-14,1485.0,1507.0,1450.0,1481.0
2022-07-15,1481.0,1484.0,1457.0,1457.0
2022-07-19,1477.0,1477.0,1451.0,1475.0
2022-07-20,1476.0,1489.0,1465.0,1478.0
2022-07-21,1476.0,1502.0,1475.0,1491.0
2022-07-22,1490.0,1495.0,1481.0,1486.0
2022-07-25,1499.0,1533.0,1484.0,1512.0
2022-07-26,1525.0,1565.0,1518.0,1547.0
2022-07-27,1525.0,1557.0,1512.0,1529.0
2022-07-28,1536.0,1544.0,1515.0,1522.0
2022-07-29,1516.0,1519.0,1492.0,1502.0
2022-08-01,1509.0,1528.0,1496.0,1523.0
2022-08-02,1513.0,1513.0,1496.0,1496.0
2022-08-03,1492.0,1494.0,1485.0,1489.0
2022-08-04,1495.0,1497.0,1488.0,1496.0
2022-08-05,1495.0,1515.0,1490.0,1515.0
2022-08-08,1515.0,1518.0,1508.0,1516.0
2022-08-09,1516.0,1525.0,1510.0,1524.0
2022-08-10,1514.0,1542.0,1506.0,1530.0
2022-08-12,1540.0,1546.0,1529.0,1538.0
2022-08-15,1548.0,1565.0,1535.0,1551.0
2022-08-16,1563.0,1563.0,1541.0,1547.0
2022-08-17,1549.0,1549.0,1531.0,1541.0
2022-08-18,1540.0,1558.0,1525.0,1545.0
2022-08-19,1563.0,1593.0,1556.0,1581.0
2022-08-22,1570.0,1596.0,1559.0,1594.0
2022-08-23,1590.0,1644.0,1581.0,1630.0
2022-08-24,1629.0,1642.0,1589.0,1607.0
2022-08-25,1602.0,1618.0,1602.0,1614.0
2022-08-26,1619.0,1621.0,1601.0,1611.0
2022-08-29,1571.0,1585.0,1555.0,1577.0
2022-08-30,1617.0,1627.0,1605.0,1624.0
2022-08-31,1623.0,1623.0,1605.0,1609.0
2022-09-01,1610.0,1611.0,1585.0,1597.0
2022-09-02,1583.0,1585.0,1555.0,1558.0
2022-09-05,1556.0,1560.0,1547.0,1559.0
2022-09-06,1565.0,1576.0,1555.0,1560.0
2022-09-07,1567.0,1567.0,1538.0,1542.0
2022-09-08,1554.0,1575.0,1545.0,1573.0
2022-09-09,1588.0,1588.0,1568.0,1587.0
2022-09-12,1589.0,1595.0,1589.0,1594.0
2022-09-13,1594.0,1603.0,1587.0,1602.0
2022-09-14,1568.0,1599.0,1561.0,1593.0
2022-09-15,1588.0,1588.0,1561.0,1565.0
2022-09-16,1551.0,1559.0,1531.0,1531.0
2022-09-20,1559.0,1559.0,1537.0,1547.0
2022-09-21,1540.0,1560.0,1531.0,1560.0
2022-09-22,1551.0,1553.0,1531.0,1539.0
2022-09-26,1533.0,1533.0,1488.0,1488.0
2022-09-27,1489.0,1512.0,1489.0,1506.0
2022-09-28,1510.0,1512.0,1465.0,1471.0
2022-09-29,1500.0,1508.0,1486.0,1486.0
2022-09-30,1487.0,1490.0,1463.0,1463.0
2022-10-03,1460.0,1484.0,1454.0,1475.0
2022-10-04,1477.0,1498.0,1477.0,1496.0
2022-10-05,1501.0,1535.0,1501.0,1535.0
2022-10-06,1539.0,1560.0,1535.0,1555.0
2022-10-07,1540.0,1579.0,1536.0,1572.0
2022-10-11,1498.0,1530.0,1472.0,1472.0
2022-10-12,1478.0,1481.0,1453.0,1473.0
2022-10-13,1473.0,1473.0,1450.0,1455.0
2022-10-14,1471.0,1481.0,1462.0,1466.0
2022-10-17,1458.0,1462.0,1440.0,1453.0
2022-10-18,1465.0,1470.0,1454.0,1460.0
2022-10-19,1465.0,1468.0,1456.0,1459.0
2022-10-20,1455.0,1484.0,1454.0,1479.0
2022-10-21,1479.0,1479.0,1471.0,1472.0
2022-10-24,1475.0,1486.0,1465.0,1465.0
2022-10-25,1461.0,1484.0,1461.0,1473.0
2022-10-26,1476.0,1484.0,1473.0,1482.0
2022-10-27,1478.0,1486.0,1470.0,1478.0
2022-10-28,1478.0,1482.0,1470.0,1472.0
2022-10-31,1482.0,1490.0,1460.0,1490.0
2022-11-01,1497.0,1497.0,1485.0,1493.0
2022-11-02,1499.0,1508.0,1491.0,1499.0
2022-11-04,1499.0,1499.0,1484.0,1494.0
2022-11-07,1494.0,1496.0,1480.0,1490.0
2022-11-08,1490.0,1506.0,1490.0,1505.0
2022-11-09,1506.0,1532.0,1506.0,1515.0
2022-11-10,1515.0,1515.0,1500.0,1509.0
2022-11-11,1515.0,1520.0,1500.0,1509.0
2022-11-14,1500.0,1507.0,1498.0,1499.0
2022-11-15,1500.0,1504.0,1489.0,1497.0
2022-11-16,1497.0,1506.0,1493.0,1499.0
2022-11-17,1498.0,1510.0,1498.0,1507.0
2022-11-18,1512.0,1529.0,1507.0,1507.0
2022-11-21,1507.0,1519.0,1507.0,1514.0
2022-11-22,1507.0,1520.0,1507.0,1508.0
2022-11-24,1523.0,1528.0,1518.0,1527.0
2022-11-25,1530.0,1530.0,1513.0,1527.0
2022-11-28,1546.0,1588.0,1521.0,1580.0
2022-11-29,1574.0,1575.0,1532.0,1568.0
2022-11-30,1568.0,1568.0,1531.0,1531.0
2022-12-01,1536.0,1545.0,1522.0,1533.0
2022-12-02,1535.0,1535.0,1508.0,1515.0
2022-12-05,1503.0,1510.0,1487.0,1487.0
2022-12-06,1486.0,1502.0,1465.0,1484.0
2022-12-07,1476.0,1499.0,1475.0,1484.0
2022-12-08,1485.0,1485.0,1455.0,1479.0
2022-12-09,1485.0,1493.0,1479.0,1489.0
2022-12-12,1498.0,1509.0,1489.0,1509.0
2022-12-13,1510.0,1510.0,1475.0,1482.0
2022-12-14,1501.0,1509.0,1490.0,1505.0
2022-12-15,1504.0,1529.0,1500.0,1519.0
2022-12-16,1502.0,1517.0,1495.0,1501.0
2022-12-19,1502.0,1522.0,1490.0,1511.0
2022-12-20,1514.0,1539.0,1483.0,1494.0
2022-12-21,1490.0,1500.0,1471.0,1471.0
2022-12-22,1484.0,1484.0,1464.0,1471.0
2022-12-23,1462.0,1480.0,1456.0,1469.0
2022-12-26,1465.0,1494.0,1461.0,1476.0
2022-12-27,1478.0,1480.0,1461.0,1464.0
2022-12-28,1464.0,1474.0,1454.0,1461.0
2022-12-29,1452.0,1498.0,1452.0,1491.0
2022-12-30,1491.0,1515.0,1487.0,1515.0
2023-01-04,1515.0,1515.0,1485.0,1485.0
2023-01-05,1499.0,1499.0,1480.0,1482.0
2023-01-06,1485.0,1493.0,1476.0,1493.0
2023-01-10,1505.0,1538.0,1505.0,1538.0
2023-01-11,1501.0,1515.0,1485.0,1492.0
2023-01-12,1492.0,1507.0,1485.0,1507.0
2023-01-13,1498.0,1511.0,1491.0,1491.0
2023-01-16,1491.0,1495.0,1480.0,1494.0
2023-01-17,1491.0,1499.0,1490.0,1491.0
2023-01-18,1493.0,1509.0,1490.0,1501.0
2023-01-19,1500.0,1504.0,1490.0,1490.0
2023-01-20,1490.0,1507.0,1470.0,1498.0
2023-01-23,1506.0,1526.0,1505.0,1519.0
2023-01-24,1516.0,1534.0,1512.0,1518.0
2023-01-25,1518.0,1558.0,1513.0,1550.0
2023-01-26,1550.0,1550.0,1521.0,1530.0
2023-01-27,1530.0,1533.0,1515.0,1532.0
2023-01-30,1532.0,1533.0,1522.0,1524.0
2023-01-31,1524.0,1535.0,1519.0,1535.0
2023-02-01,1538.0,1538.0,1517.0,1517.0
2023-02-02,1517.0,1533.0,1517.0,1525.0
2023-02-03,1515.0,1518.0,1503.0,1504.0
2023-02-06,1527.0,1527.0,1505.0,1505.0
2023-02-07,1515.0,1530.0,1515.0,1530.0
2023-02-08,1530.0,1530.0,1514.0,1519.0
2023-02-09,1519.0,1525.0,1508.0,1518.0
2023-02-10,1518.0,1520.0,1512.0,1513.0
2023-02-13,1513.0,1513.0,1495.0,1504.0
2023-02-14,1504.0,1507.0,1499.0,1504.0
2023-02-15,1510.0,1510.0,1499.0,1499.0
2023-02-16,1500.0,1515.0,1500.0,1515.0
2023-02-17,1517.0,1517.0,1502.0,1508.0
2023-02-20,1511.0,1527.0,1508.0,1523.0
2023-02-21,1523.0,1523.0,1516.0,1521.0
2023-02-22,1523.0,1523.0,1514.0,1516.0
2023-02-24,1530.0,1562.0,1521.0,1550.0
2023-02-27,1559.0,1575.0,1535.0,1569.0
2023-02-28,1576.0,1585.0,1551.0,1559.0
2023-03-01,1575.0,1584.0,1560.0,1560.0
2023-03-02,1570.0,1580.0,1565.0,1565.0
2023-03-03,1578.0,1579.0,1567.0,1570.0
2023-03-06,1570.0,1574.0,1556.0,1563.0
2023-03-07,1562.0,1572.0,1555.0,1571.0
2023-03-08,1557.0,1572.0,1557.0,1561.0
2023-03-09,1572.0,1597.0,1561.0,1590.0
2023-03-10,1590.0,1654.0,1581.0,1650.0
2023-03-13,1618.0,1624.0,1561.0,1588.0
2023-03-14,1576.0,1580.0,1532.0,1580.0
2023-03-15,1600.0,1608.0,1553.0,1578.0
2023-03-16,1540.0,1555.0,1525.0,1537.0
2023-03-17,1537.0,1574.0,1537.0,1573.0
2023-03-20,1573.0,1574.0,1534.0,1535.0
2023-03-22,1540.0,1558.0,1536.0,1540.0
2023-03-23,1537.0,1569.0,1535.0,1558.0
2023-03-24,1550.0,1569.0,1548.0,1561.0
2023-03-27,1578.0,1583.0,1557.0,1583.0
2023-03-28,1583.0,1583.0,1569.0,1577.0
2023-03-29,1580.0,1593.0,1576.0,1588.0
2023-03-30,1597.0,1608.0,1587.0,1608.0
2023-03-31,1609.0,1629.0,1609.0,1628.0
2023-04-03,1640.0,1658.0,1628.0,1658.0
2023-04-04,1660.0,1660.0,1618.0,1628.0
2023-04-05,1621.0,1633.0,1616.0,1619.0
2023-04-06,1616.0,1618.0,1599.0,1599.0
2023-04-07,1599.0,1625.0,1599.0,1622.0
2023-04-10,1662.0,1663.0,1631.0,1661.0
2023-04-11,1661.0,1716.0,1655.0,1716.0
2023-04-12,1601.0,1647.0,1582.0,1631.0
2023-04-13,1629.0,1632.0,1602.0,1629.0
2023-04-14,1628.0,1628.0,1610.0,1624.0
2023-04-17,1624.0,1639.0,1617.0,1620.0
2023-04-18,1620.0,1625.0,1587.0,1600.0
2023-04-19,1601.0,1615.0,1601.0,1610.0
2023-04-20,1601.0,1610.0,1601.0,1604.0
2023-04-21,1604.0,1610.0,1587.0,1587.0
2023-04-24,1593.0,1603.0,1575.0,1596.0
2023-04-25,1606.0,1609.0,1581.0,1581.0
2023-04-26,1581.0,1591.0,1571.0,1585.0
2023-04-27,1589.0,1602.0,1589.0,1599.0
2023-04-28,1613.0,1613.0,1583.0,1602.0
2023-05-01,1611.0,1615.0,1599.0,1605.0
2023-05-02,1605.0,1610.0,1592.0,1608.0
2023-05-08,1614.0,1623.0,1608.0,1623.0
2023-05-09,1623.0,1632.0,1620.0,1627.0
2023-05-10,1633.0,1650.0,1630.0,1650.0
2023-05-11,1649.0,1649.0,1626.0,1626.0
2023-05-12,1618.0,1624.0,1610.0,1614.0
2023-05-15,1614.0,1614.0,1597.0,1608.0
2023-05-16,1608.0,1608.0,1585.0,1596.0
2023-05-17,1591.0,1604.0,1581.0,1604.0
2023-05-18,1606.0,1606.0,1572.0,1574.0
2023-05-19,1580.0,1590.0,1575.0,1585.0
2023-05-22,1588.0,1595.0,1580.0,1590.0
2023-05-23,1594.0,1601.0,1565.0,1566.0
2023-05-24,1566.0,1578.0,1566.0,1572.0
2023-05-25,1570.0,1581.0,1568.0,1574.0
2023-05-26,1578.0,1579.0,1560.0,1565.0
2023-05-29,1579.0,1579.0,1561.0,1566.0
2023-05-30,1555.0,1555.0,1501.0,1548.0
2023-05-31,1547.0,1547.0,1522.0,1524.0
2023-06-01,1535.0,1535.0,1512.0,1521.0
2023-06-02,1525.0,1535.0,1521.0,1529.0
2023-06-05,1533.0,1553.0,1533.0,1550.0
2023-06-06,1557.0,1574.0,1542.0,1574.0
2023-06-07,1570.0,1579.0,1550.0,1568.0
2023-06-08,1552.0,1564.0,1542.0,1543.0
2023-06-09,1552.0,1560.0,1552.0,1560.0
2023-06-12,1560.0,1567.0,1556.0,1560.0
2023-06-13,1560.0,1567.0,1555.0,1555.0
2023-06-14,1561.0,1567.0,1547.0,1553.0
2023-06-15,1552.0,1557.0,1546.0,1557.0
2023-06-16,1567.0,1595.0,1557.0,1590.0
2023-06-19,1596.0,1624.0,1590.0,1606.0
2023-06-20,1606.0,1612.0,1595.0,1599.0
2023-06-21,1599.0,1613.0,1599.0,1607.0
2023-06-22,1615.0,1615.0,1601.0,1604.0
2023-06-23,1604.0,1611.0,1576.0,1583.0
2023-06-26,1578.0,1594.0,1566.0,1586.0
2023-06-27,1586.0,1589.0,1573.0,1584.0
2023-06-28,1592.0,1594.0,1579.0,1593.0
2023-06-29,1593.0,1593.0,1579.0,1588.0
2023-06-30,1603.0,1654.0,1603.0,1639.0
2023-07-03,1655.0,1687.0,1655.0,1673.0
2023-07-04,1687.0,1689.0,1666.0,1682.0
2023-07-05,1699.0,1735.0,1691.0,1707.0
2023-07-06,1698.0,1706.0,1672.0,1680.0
2023-07-07,1670.0,1709.0,1666.0,1691.0
2023-07-10,1691.0,1710.0,1681.0,1692.0
2023-07-11,1696.0,1703.0,1655.0,1655.0
2023-07-12,1675.0,1679.0,1656.0,1668.0
2023-07-13,1668.0,1676.0,1639.0,1657.0
2023-07-14,1570.0,1614.0,1557.0,1579.0
2023-07-18,1584.0,1620.0,1580.0,1598.0
2023-07-19,1617.0,1629.0,1595.0,1625.0
2023-07-20,1612.0,1619.0,1600.0,1603.0
2023-07-21,1600.0,1603.0,1584.0,1588.0
2023-07-24,1595.0,1612.0,1590.0,1604.0
2023-07-25,1604.0,1610.0,1600.0,1610.0
2023-07-26,1609.0,1609.0,1592.0,1592.0
2023-07-27,1592.0,1592.0,1579.0,1586.0
2023-07-28,1575.0,1577.0,1560.0,1565.0
2023-07-31,1575.0,1580.0,1565.0,1573.0
2023-08-01,1580.0,1585.0,1567.0,1576.0
2023-08-02,1587.0,1598.0,1577.0,1592.0
2023-08-03,1579.0,1579.0,1558.0,1560.0
2023-08-04,1565.0,1570.0,1555.0,1555.0
2023-08-07,1555.0,1578.0,1547.0,1569.0
2023-08-08,1569.0,1578.0,1559.0,1569.0
2023-08-09,1572.0,1572.0,1564.0,1570.0
2023-08-10,1570.0,1576.0,1559.0,1566.0
2023-08-14,1566.0,1572.0,1548.0,1552.0
2023-08-15,1555.0,1557.0,1551.0,1554.0
2023-08-16,1549.0,1551.0,1527.0,1533.0
2023-08-17,1525.0,1525.0,1494.0,1512.0
2023-08-18,1498.0,1514.0,1498.0,1504.0
2023-08-21,1504.0,1520.0,1500.0,1511.0
2023-08-22,1519.0,1519.0,1501.0,1508.0
2023-08-23,1510.0,1529.0,1504.0,1524.0
2023-08-24,1540.0,1540.0,1529.0,1540.0
2023-08-25,1520.0,1533.0,1517.0,1533.0
2023-08-28,1533.0,1546.0,1533.0,1542.0
2023-08-29,1549.0,1550.0,1542.0,1542.0
2023-08-30,1556.0,1556.0,1545.0,1552.0
2023-08-31,1560.0,1562.0,1552.0,1555.0
2023-09-01,1556.0,1567.0,1555.0,1560.0
2023-09-04,1567.0,1569.0,1561.0,1564.0
2023-09-05,1560.0,1566.0,1559.0,1562.0
2023-09-06,1567.0,1583.0,1566.0,1576.0
2023-09-07,1584.0,1593.0,1580.0,1588.0
2023-09-08,1600.0,1600.0,1574.0,1579.0
2023-09-11,1580.0,1590.0,1563.0,1563.0
2023-09-12,1563.0,1571.0,1560.0,1564.0
2023-09-13,1566.0,1566.0,1552.0,1554.0
2023-09-14,1552.0,1564.0,1542.0,1552.0
2023-09-15,1565.0,1565.0,1553.0,1560.0
2023-09-19,1567.0,1580.0,1548.0,1561.0
2023-09-20,1560.0,1585.0,1557.0,1560.0
2023-09-21,1560.0,1560.0,1541.0,1541.0
2023-09-22,1541.0,1557.0,1536.0,1547.0
2023-09-25,1548.0,1565.0,1548.0,1565.0
2023-09-26,1570.0,1578.0,1560.0,1560.0
2023-09-27,1560.0,1565.0,1550.0,1565.0
2023-09-28,1569.0,1576.0,1552.0,1563.0
2023-09-29,1562.0,1563.0,1557.0,1557.0
2023-10-02,1562.0,1571.0,1557.0,1557.0
2023-10-03,1557.0,1557.0,1520.0,1520.0
2023-10-04,1500.0,1510.0,1468.0,1469.0
2023-10-05,1475.0,1500.0,1475.0,1500.0
2023-10-06,1490.0,1508.0,1490.0,1500.0
2023-10-10,1509.0,1519.0,1506.0,1518.0
2023-10-11,1527.0,1527.0,1501.0,1502.0
2023-10-12,1499.0,1529.0,1497.0,1528.0
2023-10-13,1505.0,1512.0,1498.0,1506.0
2023-10-16,1506.0,1506.0,1466.0,1467.0
2023-10-17,1473.0,1490.0,1464.0,1475.0
2023-10-18,1504.0,1504.0,1469.0,1469.0
2023-10-19,1469.0,1474.0,1456.0,1466.0
2023-10-20,1456.0,1463.0,1448.0,1463.0
2023-10-23,1463.0,1463.0,1441.0,1441.0
2023-10-24,1442.0,1452.0,1419.0,1433.0
2023-10-25,1435.0,1463.0,1435.0,1445.0
2023-10-26,1430.0,1450.0,1430.0,1431.0
2023-10-27,1427.0,1444.0,1427.0,1438.0
2023-10-30,1440.0,1441.0,1422.0,1427.0
2023-10-31,1438.0,1464.0,1428.0,1431.0
2023-11-01,1449.0,1449.0,1437.0,1439.0
2023-11-02,1440.0,1447.0,1436.0,1444.0
2023-11-06,1454.0,1457.0,1447.0,1448.0
2023-11-07,1447.0,1463.0,1435.0,1446.0
2023-11-08,1450.0,1452.0,1426.0,1426.0
2023-11-09,1432.0,1450.0,1420.0,1446.0
2023-11-10,1446.0,1458.0,1439.0,1458.0
2023-11-13,1462.0,1462.0,1444.0,1446.0
2023-11-14,1440.0,1449.0,1440.0,1443.0
2023-11-15,1446.0,1450.0,1437.0,1443.0
2023-11-16,1443.0,1455.0,1441.0,1448.0
2023-11-17,1448.0,1470.0,1448.0,1470.0
2023-11-20,1464.0,1475.0,1460.0,1464.0
2023-11-21,1473.0,1475.0,1465.0,1465.0
2023-11-22,1465.0,1486.0,1465.0,1478.0
2023-11-24,1485.0,1495.0,1480.0,1494.0
2023-11-27,1499.0,1515.0,1499.0,1506.0
2023-11-28,1506.0,1509.0,1495.0,1508.0
2023-11-29,1463.0,1488.0,1463.0,1476.0
2023-11-30,1476.0,1486.0,1471.0,1476.0
2023-12-01,1487.0,1487.0,1470.0,1470.0
2023-12-04,1498.0,1498.0,1470.0,1472.0
2023-12-05,1468.0,1510.0,1468.0,1481.0
2023-12-06,1491.0,1498.0,1482.0,1498.0
2023-12-07,1480.0,1498.0,1478.0,1483.0
2023-12-08,1474.0,1485.0,1471.0,1471.0
2023-12-11,1477.0,1486.0,1472.0,1480.0
2023-12-12,1480.0,1480.0,1469.0,1477.0
2023-12-13,1481.0,1481.0,1473.0,1474.0
2023-12-14,1475.0,1484.0,1462.0,1463.0
2023-12-15,1468.0,1469.0,1460.0,1460.0
2023-12-18,1450.0,1452.0,1441.0,1447.0
2023-12-19,1477.0,1497.0,1441.0,1469.0
2023-12-20,1484.0,1495.0,1456.0,1491.0
2023-12-21,1491.0,1492.0,1481.0,1490.0
2023-12-22,1486.0,1495.0,1480.0,1488.0
2023-12-25,1493.0,1493.0,1475.0,1479.0
2023-12-26,1483.0,1493.0,1480.0,1482.0
2023-12-27,1479.0,1494.0,1470.0,1492.0
2023-12-28,1492.0,1515.0,1492.0,1515.0
2023-12-29,1510.0,1522.0,1510.0,1517.0
2024-01-04,1519.0,1530.0,1505.0,1530.0
2024-01-05,1522.0,1522.0,1506.0,1511.0
2024-01-09,1514.0,1514.0,1501.0,1503.0
2024-01-10,1500.0,1511.0,1489.0,1505.0
2024-01-11,1512.0,1515.0,1498.0,1515.0
2024-01-12,1515.0,1515.0,1488.0,1492.0
2024-01-15,1498.0,1505.0,1498.0,1504.0
2024-01-16,1510.0,1514.0,1491.0,1493.0
2024-01-17,1498.0,1504.0,1481.0,1482.0
2024-01-18,1482.0,1491.0,1450.0,1466.0
2024-01-19,1473.0,1494.0,1470.0,1484.0
2024-01-22,1484.0,1510.0,1484.0,1502.0
2024-01-23,1506.0,1514.0,1491.0,1498.0
2024-01-24,1494.0,1502.0,1494.0,1498.0
2024-01-25,1503.0,1511.0,1501.0,1509.0
2024-01-26,1507.0,1507.0,1490.0,1493.0
2024-01-29,1493.0,1503.0,1493.0,1495.0
2024-01-30,1495.0,1502.0,1486.0,1500.0
2024-01-31,1500.0,1505.0,1490.0,1496.0
2024-02-01,1491.0,1503.0,1490.0,1491.0
2024-02-02,1495.0,1498.0,1484.0,1486.0
2024-02-05,1487.0,1492.0,1480.0,1485.0
2024-02-06,1486.0,1489.0,1480.0,1480.0
2024-02-07,1461.0,1480.0,1461.0,1480.0
2024-02-08,1480.0,1487.0,1474.0,1487.0
2024-02-09,1489.0,1491.0,1476.0,1484.0
2024-02-13,1493.0,1493.0,1471.0,1484.0
2024-02-14,1470.0,1505.0,1464.0,1487.0
2024-02-15,1497.0,1499.0,1460.0,1486.0
2024-02-16,1479.0,1498.0,1478.0,1487.0
2024-02-19,1481.0,1497.0,1481.0,1497.0
2024-02-20,1497.0,1505.0,1487.0,1493.0
2024-02-21,1503.0,1503.0,1493.0,1501.0
2024-02-22,1503.0,1503.0,1493.0,1501.0
2024-02-26,1510.0,1511.0,1496.0,1508.0
2024-02-27,1513.0,1578.0,1513.0,1558.0
2024-02-28,1558.0,1560.0,1547.0,1552.0
2024-02-29,1549.0,1556.0,1536.0,1549.0
2024-03-01,1546.0,1549.0,1536.0,1540.0
2024-03-04,1541.0,1549.0,1538.0,1545.0
2024-03-05,1547.0,1547.0,1500.0,1530.0
2024-03-06,1527.0,1571.0,1527.0,1570.0
2024-03-07,1747.0,1748.0,1625.0,1645.0
2024-03-08,1651.0,1675.0,1627.0,1660.0
2024-03-11,1660.0,1660.0,1580.0,1591.0
2024-03-12,1581.0,1629.0,1581.0,1611.0
2024-03-13,1627.0,1627.0,1584.0,1599.0
2024-03-14,1599.0,1610.0,1586.0,1599.0
2024-03-15,1609.0,1615.0,1591.0,1592.0
2024-03-18,1592.0,1602.0,1582.0,1587.0
2024-03-19,1587.0,1615.0,1587.0,1592.0
2024-03-21,1600.0,1622.0,1596.0,1621.0
2024-03-22,1620.0,1625.0,1609.0,1621.0
2024-03-25,1630.0,1630.0,1602.0,1602.0
2024-03-26,1610.0,1634.0,1592.0,1630.0
2024-03-27,1620.0,1660.0,1615.0,1659.0
2024-03-28,1663.0,1679.0,1617.0,1646.0
2024-03-29,1652.0,1664.0,1630.0,1664.0
2024-04-01,1685.0,1685.0,1638.0,1645.0
2024-04-02,1645.0,1655.0,1622.0,1622.0
2024-04-03,1620.0,1633.0,1614.0,1620.0
2024-04-04,1626.0,1630.0,1610.0,1611.0
2024-04-05,1610.0,1624.0,1606.0,1610.0
2024-04-08,1610.0,1616.0,1588.0,1589.0
2024-04-09,1595.0,1618.0,1595.0,1618.0
2024-04-10,1619.0,1619.0,1601.0,1617.0
2024-04-11,1616.0,1616.0,1600.0,1602.0
2024-04-12,1593.0,1595.0,1575.0,1579.0
2024-04-15,1562.0,1573.0,1560.0,1561.0
2024-04-16,1561.0,1570.0,1546.0,1564.0
2024-04-17,1560.0,1573.0,1542.0,1546.0
2024-04-18,1563.0,1563.0,1550.0,1550.0
2024-04-19,1543.0,1560.0,1520.0,1528.0
2024-04-22,1528.0,1549.0,1528.0,1538.0
2024-04-23,1548.0,1558.0,1548.0,1553.0
2024-04-24,1560.0,1594.0,1557.0,1575.0
2024-04-25,1575.0,1584.0,1567.0,1573.0
2024-04-26,1573.0,1580.0,1570.0,1570.0
2024-04-30,1570.0,1583.0,1570.0,1577.0
2024-05-01,1560.0,1579.0,1560.0,1579.0
2024-05-02,1579.0,1600.0,1579.0,1600.0
2024-05-07,1600.0,1601.0,1590.0,1601.0
2024-05-08,1600.0,1610.0,1600.0,1607.0
2024-05-09,1580.0,1602.0,1580.0,1592.0
2024-05-10,1590.0,1603.0,1580.0,1590.0
2024-05-13,1585.0,1586.0,1579.0,1581.0
2024-05-14,1606.0,1620.0,1585.0,1620.0
2024-05-15,1629.0,1637.0,1611.0,1621.0
2024-05-16,1621.0,1630.0,1600.0,1604.0
2024-05-17,1614.0,1620.0,1594.0,1608.0
2024-05-20,1620.0,1632.0,1618.0,1629.0
2024-05-21,1639.0,1650.0,1635.0,1644.0
2024-05-22,1638.0,1644.0,1610.0,1624.0
2024-05-23,1618.0,1622.0,1604.0,1604.0
2024-05-24,1551.0,1595.0,1550.0,1589.0
2024-05-27,1601.0,1601.0,1565.0,1570.0
2024-05-28,1582.0,1603.0,1572.0,1575.0
2024-05-29,1598.0,1599.0,1580.0,1580.0
2024-05-30,1573.0,1573.0,1550.0,1551.0
2024-05-31,1552.0,1567.0,1545.0,1550.0
2024-06-03,1570.0,1579.0,1563.0,1564.0
2024-06-04,1579.0,1579.0,1568.0,1579.0
2024-06-05,1583.0,1583.0,1560.0,1561.0
2024-06-06,1562.0,1566.0,1555.0,1564.0
2024-06-07,1574.0,1574.0,1550.0,1560.0
2024-06-10,1561.0,1561.0,1556.0,1558.0
2024-06-11,1560.0,1560.0,1550.0,1558.0
2024-06-12,1560.0,1561.0,1546.0,1547.0
2024-06-13,1548.0,1548.0,1539.0,1540.0
2024-06-14,1541.0,1543.0,1529.0,1540.0
2024-06-17,1540.0,1540.0,1524.0,1526.0
2024-06-18,1525.0,1535.0,1523.0,1525.0
2024-06-19,1536.0,1536.0,1526.0,1533.0
2024-06-20,1529.0,1539.0,1526.0,1539.0
2024-06-21,1543.0,1546.0,1532.0,1539.0
2024-06-24,1545.0,1545.0,1539.0,1540.0
2024-06-25,1545.0,1549.0,1539.0,1540.0
2024-06-26,1548.0,1548.0,1540.0,1541.0
2024-06-27,1549.0,1550.0,1544.0,1544.0
2024-06-28,1545.0,1550.0,1537.0,1544.0
2024-07-01,1544.0,1544.0,1530.0,1535.0
2024-07-02,1535.0,1535.0,1525.0,1534.0
2024-07-03,1539.0,1539.0,1529.0,1538.0
2024-07-04,1541.0,1543.0,1536.0,1543.0
2024-07-05,1542.0,1544.0,1532.0,1544.0
2024-07-08,1549.0,1558.0,1548.0,1558.0
2024-07-09,1559.0,1559.0,1526.0,1543.0
2024-07-10,1553.0,1555.0,1543.0,1555.0
2024-07-11,1562.0,1580.0,1552.0,1577.0
2024-07-12,1565.0,1565.0,1538.0,1541.0
2024-07-16,1541.0,1549.0,1538.0,1544.0
2024-07-17,1548.0,1562.0,1548.0,1557.0
2024-07-18,1551.0,1560.0,1542.0,1555.0
2024-07-19,1560.0,1560.0,1548.0,1556.0
2024-07-22,1547.0,1548.0,1535.0,1537.0
2024-07-23,1541.0,1545.0,1535.0,1536.0
2024-07-24,1543.0,1544.0,1525.0,1525.0
2024-07-25,1522.0,1525.0,1506.0,1506.0
2024-07-26,1507.0,1513.0,1507.0,1507.0
2024-07-29,1510.0,1517.0,1506.0,1513.0
2024-07-30,1508.0,1513.0,1501.0,1508.0
2024-07-31,1510.0,1515.0,1501.0,1507.0
2024-08-01,1510.0,1510.0,1485.0,1485.0
2024-08-02,1455.0,1474.0,1429.0,1442.0
2024-08-05,1403.0,1417.0,1252.0,1253.0
2024-08-06,1283.0,1426.0,1283.0,1352.0
2024-08-07,1348.0,1398.0,1307.0,1387.0
2024-08-08,1385.0,1396.0,1357.0,1366.0
2024-08-09,1364.0,1392.0,1364.0,1379.0
2024-08-13,1381.0,1410.0,1380.0,1386.0
2024-08-14,1386.0,1403.0,1386.0,1387.0
2024-08-15,1390.0,1423.0,1381.0,1423.0
2024-08-16,1430.0,1454.0,1430.0,1448.0
2024-08-19,1454.0,1455.0,1426.0,1436.0
2024-08-20,1442.0,1462.0,1438.0,1454.0
2024-08-21,1454.0,1497.0,1454.0,1475.0
2024-08-22,1471.0,1501.0,1469.0,1483.0
2024-08-23,1495.0,1495.0,1479.0,1489.0
2024-08-26,1497.0,1497.0,1458.0,1469.0
2024-08-27,1477.0,1497.0,1477.0,1493.0
2024-08-28,1493.0,1513.0,1491.0,1509.0
2024-08-29,1503.0,1510.0,1492.0,1492.0
2024-08-30,1492.0,1494.0,1477.0,1480.0
2024-09-02,1485.0,1490.0,1467.0,1486.0
2024-09-03,1484.0,1490.0,1463.0,1477.0
2024-09-04,1454.0,1473.0,1440.0,1458.0
2024-09-05,1444.0,1464.0,1444.0,1456.0
2024-09-06,1451.0,1455.0,1432.0,1450.0
2024-09-09,1450.0,1460.0,1420.0,1435.0
2024-09-10,1436.0,1438.0,1428.0,1438.0
2024-09-11,1449.0,1449.0,1391.0,1395.0
2024-09-12,1433.0,1435.0,1403.0,1435.0
2024-09-13,1408.0,1434.0,1401.0,1428.0
2024-09-17,1422.0,1427.0,1411.0,1411.0
2024-09-18,1414.0,1423.0,1404.0,1412.0
2024-09-19,1416.0,1428.0,1412.0,1423.0
2024-09-20,1430.0,1440.0,1424.0,1440.0
2024-09-24,1440.0,1454.0,1433.0,1453.0
2024-09-25,1455.0,1457.0,1440.0,1440.0
2024-09-26,1442.0,1446.0,1440.0,1443.0
2024-09-27,1458.0,1480.0,1447.0,1473.0
2024-09-30,1470.0,1478.0,1450.0,1469.0
2024-10-01,1475.0,1497.0,1475.0,1488.0
2024-10-02,1488.0,1490.0,1471.0,1471.0
2024-10-03,1472.0,1481.0,1465.0,1472.0
2024-10-04,1474.0,1484.0,1466.0,1470.0
2024-10-07,1480.0,1486.0,1469.0,1486.0
2024-10-08,1490.0,1491.0,1474.0,1485.0
2024-10-09,1489.0,1510.0,1484.0,1510.0
2024-10-10,1481.0,1483.0,1425.0,1431.0
2024-10-11,1431.0,1443.0,1427.0,1443.0
2024-10-15,1443.0,1454.0,1439.0,1449.0
2024-10-16,1446.0,1446.0,1437.0,1438.0
2024-10-17,1438.0,1447.0,1437.0,1437.0
2024-10-18,1443.0,1457.0,1430.0,1440.0
2024-10-21,1446.0,1446.0,1429.0,1438.0
2024-10-22,1438.0,1438.0,1423.0,1438.0
2024-10-23,1437.0,1437.0,1426.0,1428.0
2024-10-24,1428.0,1428.0,1421.0,1428.0
2024-10-25,1428.0,1428.0,1412.0,1412.0
2024-10-28,1412.0,1420.0,1411.0,1420.0
2024-10-29,1423.0,1428.0,1420.0,1428.0
2024-10-30,1430.0,1437.0,1430.0,1436.0
2024-10-31,1436.0,1438.0,1426.0,1429.0
2024-11-01,1422.0,1436.0,1422.0,1430.0
2024-11-05,1430.0,1435.0,1428.0,1433.0
2024-11-06,1433.0,1433.0,1426.0,1427.0
2024-11-07,1435.0,1437.0,1416.0,1419.0
2024-11-08,1419.0,1429.0,1419.0,1420.0
2024-11-11,1426.0,1431.0,1420.0,1429.0
2024-11-12,1422.0,1433.0,1421.0,1431.0
2024-11-13,1427.0,1432.0,1416.0,1429.0
2024-11-14,1430.0,1430.0,1421.0,1421.0
2024-11-15,1420.0,1430.0,1416.0,1424.0
2024-11-18,1424.0,1433.0,1416.0,1433.0
2024-11-19,1433.0,1437.0,1422.0,1437.0
2024-11-20,1435.0,1462.0,1428.0,1462.0
2024-11-21,1460.0,1460.0,1439.0,1458.0
2024-11-22,1450.0,1453.0,1441.0,1453.0
2024-11-25,1459.0,1460.0,1443.0,1449.0
2024-11-26,1449.0,1449.0,1432.0,1446.0
2024-11-27,1445.0,1449.0,1429.0,1449.0
2024-11-28,1428.0,1433.0,1419.0,1433.0
2024-11-29,1433.0,1434.0,1425.0,1427.0
2024-12-02,1424.0,1426.0,1419.0,1420.0
2024-12-03,1421.0,1421.0,1416.0,1418.0
2024-12-04,1418.0,1420.0,1408.0,1414.0
2024-12-05,1415.0,1415.0,1403.0,1408.0
2024-12-06,1410.0,1411.0,1403.0,1410.0
2024-12-09,1410.0,1415.0,1400.0,1415.0
2024-12-10,1418.0,1418.0,1408.0,1409.0
2024-12-11,1402.0,1410.0,1402.0,1410.0
2024-12-12,1405.0,1414.0,1392.0,1396.0
2024-12-13,1397.0,1399.0,1393.0,1398.0
2024-12-16,1399.0,1399.0,1385.0,1385.0
2024-12-17,1389.0,1410.0,1389.0,1403.0
2024-12-18,1409.0,1429.0,1408.0,1427.0
2024-12-19,1424.0,1424.0,1409.0,1411.0
2024-12-20,1411.0,1411.0,1402.0,1404.0
2024-12-23,1400.0,1407.0,1386.0,1394.0
2024-12-24,1394.0,1394.0,1376.0,1380.0
2024-12-25,1380.0,1382.0,1376.0,1376.0
2024-12-26,1375.0,1390.0,1370.0,1383.0
2024-12-27,1383.0,1410.0,1366.0,1410.0
2024-12-30,1410.0,1440.0,1398.0,1437.0
2025-01-06,1450.0,1456.0,1436.0,1436.0
2025-01-07,1445.0,1472.0,1421.0,1467.0
2025-01-08,1467.0,1467.0,1445.0,1448.0
2025-01-09,1424.0,1430.0,1408.0,1420.0
2025-01-10,1419.0,1488.0,1410.0,1453.0
2025-01-14,1440.0,1440.0,1395.0,1410.0
2025-01-15,1404.0,1408.0,1401.0,1403.0
2025-01-16,1403.0,1404.0,1396.0,1404.0
2025-01-17,1404.0,1404.0,1393.0,1399.0
2025-01-20,1404.0,1407.0,1395.0,1395.0
2025-01-21,1397.0,1404.0,1395.0,1395.0
2025-01-22,1402.0,1402.0,1395.0,1401.0
2025-01-23,1403.0,1405.0,1395.0,1400.0
2025-01-24,1397.0,1405.0,1397.0,1399.0
2025-01-27,1399.0,1403.0,1398.0,1400.0
2025-01-28,1400.0,1403.0,1397.0,1402.0
2025-01-29,1390.0,1398.0,1376.0,1397.0
2025-01-30,1395.0,1395.0,1390.0,1392.0
2025-01-31,1396.0,1396.0,1382.0,1396.0
2025-02-03,1391.0,1393.0,1376.0,1376.0
2025-02-04,1385.0,1386.0,1376.0,1378.0
2025-02-05,1378.0,1384.0,1377.0,1377.0
2025-02-06,1378.0,1385.0,1377.0,1385.0
2025-02-07,1385.0,1387.0,1379.0,1383.0
2025-02-10,1390.0,1394.0,1385.0,1392.0
2025-02-12,1392.0,1397.0,1381.0,1386.0
2025-02-13,1386.0,1394.0,1386.0,1394.0
2025-02-14,1388.0,1390.0,1387.0,1387.0
2025-02-17,1387.0,1391.0,1383.0,1383.0
2025-02-18,1386.0,1387.0,1384.0,1384.0
2025-02-19,1388.0,1392.0,1383.0,1385.0
2025-02-20,1386.0,1393.0,1379.0,1380.0
2025-02-21,1380.0,1382.0,1379.0,1379.0
2025-02-25,1375.0,1390.0,1375.0,1388.0
2025-02-26,1387.0,1387.0,1378.0,1380.0
2025-02-27,1383.0,1383.0,1379.0,1380.0
2025-02-28,1380.0,1381.0,1377.0,1377.0
2025-03-03,1377.0,1388.0,1376.0,1378.0
2025-03-04,1378.0,1385.0,1375.0,1376.0
2025-03-05,1376.0,1385.0,1376.0,1384.0
2025-03-06,1382.0,1387.0,1379.0,1382.0
2025-03-07,1376.0,1384.0,1376.0,1379.0
2025-03-10,1375.0,1385.0,1371.0,1384.0
2025-03-11,1374.0,1379.0,1366.0,1375.0
2025-03-12,1378.0,1380.0,1375.0,1380.0
2025-03-13,1380.0,1385.0,1380.0,1384.0
2025-03-14,1384.0,1390.0,1384.0,1389.0
2025-03-17,1395.0,1396.0,1390.0,1395.0
2025-03-18,1399.0,1400.0,1391.0,1396.0
2025-03-19,1395.0,1401.0,1391.0,1400.0
2025-03-21,1400.0,1410.0,1396.0,1406.0
2025-03-24,1408.0,1410.0,1396.0,1401.0
2025-03-25,1403.0,1407.0,1401.0,1407.0
2025-03-26,1409.0,1410.0,1403.0,1410.0
2025-03-27,1409.0,1409.0,1403.0,1406.0
2025-03-28,1406.0,1411.0,1398.0,1401.0
2025-03-31,1400.0,1400.0,1381.0,1381.0
2025-04-01,1389.0,1389.0,1381.0,1381.0
2025-04-02,1385.0,1385.0,1357.0,1362.0
2025-04-03,1349.0,1349.0,1323.0,1323.0
2025-04-04,1316.0,1329.0,1243.0,1259.0
2025-04-07,1199.0,1220.0,1118.0,1144.0
2025-04-08,1172.0,1205.0,1162.0,1196.0
2025-04-09,1174.0,1194.0,1145.0,1151.0
2025-04-10,1203.0,1241.0,1202.0,1229.0
2025-04-11,1224.0,1245.0,1195.0,1232.0
2025-04-14,1244.0,1270.0,1244.0,1260.0
2025-04-15,1276.0,1276.0,1265.0,1267.0
2025-04-16,1275.0,1287.0,1257.0,1271.0
2025-04-17,1284.0,1290.0,1272.0,1279.0
2025-04-18,1283.0,1314.0,1269.0,1314.0
2025-04-21,1302.0,1315.0,1293.0,1299.0
2025-04-22,1319.0,1319.0,1300.0,1300.0
2025-04-23,1304.0,1309.0,1300.0,1303.0
2025-04-24,1313.0,1313.0,1301.0,1302.0
2025-04-25,1302.0,1314.0,1302.0,1313.0
2025-04-28,1314.0,1314.0,1313.0,1314.0
2025-04-30,1314.0,1320.0,1314.0,1320.0
2025-05-01,1326.0,1329.0,1321.0,1329.0
2025-05-02,1329.0,1339.0,1329.0,1337.0
2025-05-07,1342.0,1353.0,1340.0,1353.0
2025-05-08,1357.0,1361.0,1345.0,1345.0
2025-05-09,1345.0,1358.0,1345.0,1348.0
2025-05-12,1356.0,1372.0,1346.0,1365.0
2025-05-13,1376.0,1377.0,1370.0,1377.0
2025-05-14,1377.0,1377.0,1366.0,1370.0
2025-05-15,1370.0,1376.0,1365.0,1366.0
2025-05-16,1377.0,1400.0,1367.0,1367.0
2025-05-19,1370.0,1377.0,1356.0,1377.0
2025-05-20,1377.0,1377.0,1366.0,1366.0
2025-05-21,1370.0,1380.0,1370.0,1377.0
2025-05-22,1383.0,1383.0,1365.0,1365.0
2025-05-23,1374.0,1378.0,1362.0,1366.0
2025-05-26,1366.0,1372.0,1366.0,1368.0
2025-05-27,1368.0,1384.0,1367.0,1384.0
2025-05-28,1384.0,1393.0,1380.0,1382.0
2025-05-29,1358.0,1367.0,1356.0,1358.0
2025-05-30,1363.0,1363.0,1358.0,1363.0
2025-06-02,1363.0,1363.0,1351.0,1355.0
2025-06-03,1355.0,1362.0,1355.0,1362.0
2025-06-04,1367.0,1370.0,1363.0,1363.0
2025-06-05,1366.0,1366.0,1354.0,1355.0
2025-06-06,1359.0,1361.0,1354.0,1357.0
2025-06-09,1359.0,1360.0,1357.0,1357.0
2025-06-10,1357.0,1360.0,1354.0,1354.0
2025-06-11,1355.0,1366.0,1355.0,1358.0
2025-06-12,1359.0,1362.0,1358.0,1362.0
2025-06-13,1364.0,1368.0,1350.0,1356.0
2025-06-16,1357.0,1358.0,1351.0,1352.0
2025-06-17,1361.0,1365.0,1354.0,1355.0
2025-06-18,1361.0,1362.0,1348.0,1348.0
2025-06-19,1347.0,1347.0,1337.0,1337.0
2025-06-20,1337.0,1349.0,1335.0,1337.0
2025-06-23,1339.0,1346.0,1320.0,1321.0
2025-06-24,1340.0,1341.0,1323.0,1329.0
2025-06-25,1330.0,1330.0,1325.0,1325.0
2025-06-26,1329.0,1336.0,1326.0,1336.0
2025-06-27,1336.0,1347.0,1336.0,1346.0
2025-06-30,1348.0,1350.0,1346.0,1346.0
2025-07-01,1346.0,1350.0,1337.0,1343.0
2025-07-02,1343.0,1346.0,1337.0,1346.0
2025-07-03,1346.0,1346.0,1340.0,1343.0
2025-07-04,1343.0,1344.0,1335.0,1335.0
2025-07-07,1335.0,1339.0,1331.0,1339.0
2025-07-08,1333.0,1342.0,1332.0,1332.0
2025-07-09,1332.0,1338.0,1332.0,1337.0
2025-07-10,1342.0,1345.0,1338.0,1345.0
2025-07-11,1350.0,1370.0,1326.0,1345.0
2025-07-14,1343.0,1343.0,1313.0,1316.0
2025-07-15,1330.0,1330.0,1317.0,1318.0
2025-07-16,1318.0,1325.0,1316.0,1320.0
2025-07-17,1321.0,1322.0,1310.0,1318.0
2025-07-18,1318.0,1321.0,1316.0,1316.0
2025-07-22,1316.0,1323.0,1316.0,1323.0
2025-07-23,1324.0,1338.0,1323.0,1338.0
2025-07-24,1339.0,1348.0,1334.0,1344.0
2025-07-25,1345.0,1346.0,1325.0,1336.0
2025-07-28,1336.0,1341.0,1332.0,1336.0
2025-07-29,1337.0,1343.0,1326.0,1328.0
2025-07-30,1325.0,1332.0,1325.0,1326.0
2025-07-31,1326.0,1334.0,1325.0,1333.0
2025-08-01,1328.0,1336.0,1328.0,1335.0
2025-08-04,1333.0,1345.0,1328.0,1334.0
2025-08-05,1338.0,1342.0,1334.0,1338.0
2025-08-06,1344.0,1344.0,1340.0,1341.0
2025-08-07,1343.0,1345.0,1341.0,1345.0
2025-08-08,1345.0,1350.0,1342.0,1349.0
2025-08-12,1349.0,1354.0,1342.0,1342.0
2025-08-13,1343.0,1349.0,1340.0,1342.0
2025-08-14,1350.0,1354.0,1344.0,1351.0
2025-08-15,1351.0,1369.0,1350.0,1369.0
2025-08-18,1369.0,1389.0,1367.0,1389.0
2025-08-19,1390.0,1390.0,1381.0,1386.0
2025-08-20,1383.0,1388.0,1366.0,1382.0
2025-08-21,1385.0,1390.0,1379.0,1389.0
2025-08-22,1389.0,1397.0,1388.0,1397.0
2025-08-25,1398.0,1411.0,1365.0,1409.0
2025-08-26,1409.0,1409.0,1394.0,1403.0
2025-08-27,1401.0,1424.0,1400.0,1424.0
2025-08-28,1440.0,1449.0,1425.0,1445.0
2025-08-29,1445.0,1465.0,1445.0,1464.0
2025-09-01,1465.0,1482.0,1464.0,1472.0
2025-09-02,1480.0,1497.0,1480.0,1497.0
2025-09-03,1497.0,1497.0,1460.0,1460.0
2025-09-04,1460.0,1483.0,1455.0,1463.0
2025-09-05,1500.0,1515.0,1495.0,1515.0
2025-09-08,1531.0,1535.0,1515.0,1522.0
2025-09-09,1525.0,1547.0,1523.0,1530.0
2025-09-10,1539.0,1544.0,1535.0,1544.0
2025-09-11,1544.0,1566.0,1541.0,1563.0
2025-09-12,1576.0,1615.0,1541.0,1544.0
2025-09-16,1555.0,1573.0,1547.0,1573.0
2025-09-17,1573.0,1573.0,1540.0,1540.0
2025-09-18,1540.0,1548.0,1535.0,1537.0
2025-09-19,1545.0,1565.0,1535.0,1551.0
2025-09-22,1555.0,1599.0,1552.0,1599.0
2025-09-24,1597.0,1597.0,1570.0,1581.0
2025-09-25,1585.0,1585.0,1551.0,1575.0
2025-09-26,1575.0,1590.0,1566.0,1583.0
2025-09-29,1590.0,1603.0,1566.0,1595.0
2025-09-30,1596.0,1615.0,1596.0,1615.0
2025-10-01,1615.0,1615.0,1543.0,1544.0
2025-10-02,1544.0,1574.0,1543.0,1549.0
2025-10-03,1540.0,1568.0,1540.0,1546.0
2025-10-06,1624.0,1638.0,1601.0,1630.0
2025-10-07,1631.0,1631.0,1584.0,1608.0
2025-10-08,1608.0,1617.0,1589.0,1594.0
2025-10-09,1611.0,1628.0,1481.0,1498.0
2025-10-10,1498.0,1516.0,1489.0,1500.0
2025-10-14,1460.0,1510.0,1456.0,1465.0
2025-10-15,1465.0,1520.0,1464.0,1507.0
2025-10-16,1511.0,1511.0,1487.0,1488.0
2025-10-17,1479.0,1486.0,1470.0,1478.0
2025-10-20,1510.0,1535.0,1510.0,1535.0
2025-10-21,1548.0,1548.0,1503.0,1506.0
2025-10-22,1518.0,1525.0,1502.0,1525.0
2025-10-23,1519.0,1521.0,1506.0,1507.0
2025-10-24,1521.0,1521.0,1500.0,1501.0
2025-10-27,1504.0,1525.0,1504.0,1510.0
2025-10-28,1511.0,1520.0,1503.0,1505.0
2025-10-29,1515.0,1515.0,1490.0,1490.0
2025-10-30,1487.0,1489.0,1473.0,1481.0
2025-10-31,1492.0,1508.0,1487.0,1500.0
2025-11-04,1490.0,1520.0,1490.0,1503.0
2025-11-05,1490.0,1503.0,1470.0,1496.0
2025-11-06,1484.0,1507.0,1484.0,1486.0
2025-11-07,1489.0,1507.0,1489.0,1507.0
2025-11-10,1513.0,1513.0,1498.0,1501.0
2025-11-11,1501.0,1510.0,1495.0,1508.0
2025-11-12,1515.0,1529.0,1506.0,1524.0
2025-11-13,1525.0,1527.0,1510.0,1519.0
2025-11-14,1518.0,1518.0,1507.0,1517.0
2025-11-17,1509.0,1513.0,1500.0,1500.0
2025-11-18,1500.0,1510.0,1491.0,1503.0
2025-11-19,1490.0,1508.0,1490.0,1497.0
2025-11-20,1500.0,1505.0,1489.0,1492.0
2025-11-21,1484.0,1495.0,1471.0,1480.0
2025-11-25,1506.0,1518.0,1500.0,1514.0
2025-11-26,1520.0,1545.0,1505.0,1519.0
2025-11-27,1499.0,1514.0,1499.0,1503.0
2025-11-28,1512.0,1519.0,1509.0,1519.0
2025-12-01,1519.0,1532.0,1510.0,1524.0
2025-12-02,1528.0,1528.0,1502.0,1507.0
2025-12-03,1512.0,1515.0,1505.0,1514.0
2025-12-04,1514.0,1530.0,1514.0,1519.0
2025-12-05,1507.0,1519.0,1501.0,1519.0
2025-12-08,1520.0,1523.0,1510.0,1514.0
2025-12-09,1508.0,1510.0,1503.0,1505.0
2025-12-10,1510.0,1515.0,1505.0,1510.0
2025-12-11,1511.0,1515.0,1502.0,1502.0
2025-12-12,1513.0,1513.0,1504.0,1511.0
2025-12-15,1511.0,1516.0,1507.0,1507.0
2025-12-16,1507.0,1514.0,1502.0,1512.0
2025-12-17,1511.0,1522.0,1507.0,1512.0
2025-12-18,1512.0,1519.0,1510.0,1511.0
2025-12-19,1512.0,1515.0,1509.0,1510.0
2025-12-22,1510.0,1511.0,1501.0,1509.0
2025-12-23,1515.0,1521.0,1503.0,1518.0
2025-12-24,1520.0,1525.0,1512.0,1517.0
2025-12-25,1517.0,1527.0,1514.0,1525.0
2025-12-26,1525.0,1525.0,1517.0,1520.0
2025-12-29,1524.0,1530.0,1524.0,1529.0
2025-12-30,1530.0,1535.0,1526.0,1535.0
2026-01-05,1546.0,1577.0,1545.0,1567.0
2026-01-06,1570.0,1572.0,1562.0,1566.0
2026-01-07,1566.0,1579.0,1562.0,1579.0
2026-01-08,1584.0,1584.0,1563.0,1564.0
2026-01-09,1570.0,1595.0,1538.0,1550.0
2026-01-13,1577.0,1578.0,1552.0,1571.0
2026-01-14,1571.0,1585.0,1561.0,1579.0
2026-01-15,1578.0,1589.0,1573.0,1588.0
2026-01-16,1584.0,1599.0,1581.0,1597.0
2026-01-19,1600.0,1606.0,1596.0,1601.0
2026-01-20,1602.0,1602.0,1581.0,1581.0
2026-01-21,1570.0,1579.0,1553.0,1570.0
2026-01-22,1571.0,1590.0,1571.0,1590.0
2026-01-23,1592.0,1593.0,1580.0,1593.0
2026-01-26,1590.0,1590.0,1570.0,1574.0
2026-01-27,1578.0,1590.0,1567.0,1590.0
2026-01-28,1590.0,1590.0,1574.0,1575.0
2026-01-29,1587.0,1587.0,1562.0,1569.0
2026-01-30,1562.0,1585.0,1560.0,1568.0
2026-02-02,1570.0,1606.0,1569.0,1589.0
2026-02-03,1599.0,1639.0,1596.0,1633.0
2026-02-04,1644.0,1706.0,1644.0,1706.0
2026-02-05,1718.0,1718.0,1669.0,1675.0
2026-02-06,1667.0,1700.0,1645.0,1700.0
2026-02-09,1743.0,1750.0,1701.0,1715.0
2026-02-10,1715.0,1727.0,1710.0,1717.0
2026-02-12,1718.0,1789.0,1710.0,1780.0
2026-02-13,1765.0,1765.0,1710.0,1721.0
2026-02-16,1735.0,1790.0,1723.0,1789.0
2026-02-17,1794.0,1842.0,1778.0,1830.0
2026-02-18,1848.0,1854.0,1811.0,1821.0
2026-02-19,1860.0,1954.0,1855.0,1947.0
2026-02-20,1959.0,1994.0,1889.0,1931.0
2026-02-24,1995.0,2099.0,1965.0,2039.0
2026-02-25,2065.0,2125.0,2016.0,2031.0
2026-02-26,2026.0,2031.0,1970.0,1979.0
2026-02-27,1979.0,2083.0,1974.0,2076.0
2026-03-02,2076.0,2076.0,2003.0,2023.0
2026-03-03,2116.0,2365.0,2070.0,2138.0
2026-03-04,2050.0,2089.0,1900.0,1925.0
2026-03-05,2030.0,2163.0,1988.0,2069.0
2026-03-06,2069.0,2073.0,1978.0,2047.0
2026-03-09,1885.0,1935.0,1861.0,1914.0
2026-03-10,1954.0,2143.0,1920.0,2125.0
2026-03-11,2125.0,2150.0,2038.0,2069.0
2026-03-12,2072.0,2087.0,1986.0,2015.0
2026-03-13,1966.0,2080.0,1950.0,2009.0
2026-03-16,1980.0,2092.0,1977.0,2072.0
2026-03-17,2082.0,2115.0,1986.0,1997.0
2026-03-18,2011.0,2059.0,2008.0,2036.0
2026-03-19,1971.0,1985.0,1890.0,1898.0
2026-03-23,1916.0,1985.0,1880.0,1890.0
2026-03-24,1963.0,1963.0,1915.0,1930.0
2026-03-25,1968.0,1997.0,1963.0,1970.0
2026-03-26,2010.0,2032.0,1913.0,1922.0
2026-03-27,1915.0,1947.0,1869.0,1934.0
2026-03-30,1895.0,1912.0,1860.0,1904.0
2026-03-31,1871.0,1896.0,1829.0,1842.0
2026-04-01,1900.0,1920.0,1873.0,1915.0
2026-04-02,1947.0,1965.0,1877.0,1905.0
2026-04-03,1905.0,1948.0,1905.0,1927.0
2026-04-06,1945.0,1960.0,1933.0,1938.0
2026-04-07,1938.0,1962.0,1900.0,1915.0
2026-04-08,1976.0,2047.0,1964.0,2035.0
2026-04-09,2048.0,2050.0,1806.0,1829.0
2026-04-10,1843.0,1870.0,1781.0,1788.0
2026-04-13,1778.0,1818.0,1765.0,1814.0
2026-04-14,1832.0,1855.0,1815.0,1825.0
2026-04-15,1864.0,1864.0,1795.0,1804.0
2026-04-16,1829.0,1846.0,1805.0,1812.0
2026-04-17,1812.0,1841.0,1803.0,1827.0
2026-04-20,1848.0,1936.0,1830.0,1881.0
2026-04-21,1910.0,1925.0,1883.0,1919.0
2026-04-22,1959.0,1995.0,1922.0,1980.0
2026-04-23,2010.0,2010.0,1907.0,1933.0
2026-04-24,1932.0,1960.0,1911.0,1921.0
2026-04-27,1997.0,2009.0,1939.0,2007.0
2026-04-28,2005.0,2005.0,1933.0,1963.0
2026-04-30,1945.0,1973.0,1930.0,1943.0
2026-05-01,1958.0,1968.0,1915.0,1932.0
2026-05-07,1966.0,2130.0,1948.0,2083.0
2026-05-08,2069.0,2178.0,2014.0,2175.0
2026-05-11,2200.0,2218.0,2131.0,2148.0
2026-05-12,2149.0,2174.0,2080.0,2095.0
2026-05-13,2079.0,2110.0,2044.0,2082.0
2026-05-14,2082.0,2134.0,2007.0,2011.0
2026-05-15,2031.0,2177.0,2031.0,2114.0
2026-05-18,2120.0,2168.0,2095.0,2123.0
2026-05-19,2121.0,2139.0,2065.0,2113.0
2026-05-20,2113.0,2130.0,1955.0,1984.0
2026-05-21,2024.0,2035.0,1962.0,2017.0
2026-05-22,2038.0,2193.0,2036.0,2184.0
2026-05-25,2302.0,2350.0,2241.0,2253.0
2026-05-26,2271.0,2271.0,2150.0,2204.0
2026-05-27,2290.0,2333.0,2187.0,2204.0
2026-05-28,2170.0,2459.0,2139.0,2371.0
2026-05-29,2406.0,2477.0,2371.0,2390.0
2026-06-01,2390.0,2405.0,2289.0,2324.0
2026-06-02,2305.0,2305.0,2139.0,2206.0
2026-06-03,2231.0,2342.0,2231.0,2326.0
2026-06-04,2349.0,2424.0,2317.0,2399.0
2026-06-05,2420.0,2557.0,2321.0,2557.0
2026-06-08,2307.0,2400.0,2291.0,2330.0
2026-06-09,2334.0,2361.0,2203.0,2233.0
2026-06-10,2203.0,2214.0,2011.0,2047.0
2026-06-11,1967.0,2025.0,1921.0,2025.0
2026-06-12,2120.0,2120.0,1988.0,2035.0
2026-06-15,2070.0,2120.0,2066.0,2120.0
2026-06-16,2100.0,2163.0,2059.0,2135.0
2026-06-17,2120.0,2330.0,2075.0,2282.0
2026-06-18,2282.0,2360.0,2273.0,2326.0
2026-06-19,2372.0,2523.0,2326.0,2507.0
2026-06-22,2499.0,2594.0,2433.0,2457.0
2026-06-23,2457.0,2527.0,2376.0,2377.0
2026-06-24,2327.0,2425.0,2281.0,2316.0
2026-06-25,2366.0,2433.0,2343.0,2426.0
2026-06-26,2376.0,2380.0,2202.0,2245.0
2026-06-29,2244.0,2244.0,2109.0,2139.0
2026-06-30,2151.0,2179.0,2092.0,2167.0
2026-07-01,2167.0,2194.0,2152.0,2180.0
2026-07-02,2190.0,2190.0,2083.0,2125.0
2026-07-03,2080.0,2118.0,2038.0,2111.0
2026-07-06,2117.0,2139.0,2018.0,2059.0
2026-07-07,2080.0,2080.0,1974.0,1999.0
2026-07-08,1964.0,1997.0,1951.0,1970.0
2026-07-09,2000.0,2024.0,1982.0,1990.0
2026-07-10,2029.0,2043.0,2013.0,2018.0
2026-07-13,2030.0,2064.0,1975.0,1991.0
2026-07-14,1991.0,2086.0,1933.0,2006.0
2026-07-15,2007.0,2105.0,2000.0,2105.0
2026-07-16,2060.0,2060.0,1980.0,2007.0
2026-07-17,1972.0,1975.0,1860.0,1929.0
2026-07-21,1929.0,1957.0,1899.0,1930.0
2026-07-22,1965.0,2050.0,1964.0,2026.0
2026-07-23,2026.0,2043.0,1988.0,1998.0
2026-07-24,1998.0,1998.0,1924.0,1929.0
2026-07-27,1937.0,1952.0,1874.0,1941.0
2026-07-28,1940.0,1940.0,1835.0,1850.0
2026-07-29,1850.0,1868.0,1773.0,1802.0
2026-07-30,1798.0,1827.0,1760.0,1796.0
2026-07-31,1900.0,1909.0,1831.0,1878.0
2026-08-03,1899.0,1955.0,1846.0,1945.0
2026-08-04,1934.0,2010.0,1934.0,2006.0
2026-08-05,2039.0,2284.0,2012.0,2246.0
2026-08-06,2240.0,2251.0,2171.0,2171.0
2026-08-07,2221.0,2270.0,2101.0,2160.0
2026-08-10,2210.0,2250.0,2178.0,2231.0
2026-08-12,2206.0,2266.0,2205.0,2226.0
2026-08-13,2265.0,2340.0,2239.0,2333.0
2026-08-14,2291.0,2390.0,2233.0,2362.0
2026-08-17,2372.0,2385.0,2310.0,2328.0
2026-08-18,2328.0,2385.0,2287.0,2290.0
2026-08-19,2240.0,2256.0,2120.0,2131.0
2026-08-20,2136.0,2190.0,2124.0,2154.0
2026-08-21,2123.0,2170.0,2118.0,2155.0
2026-08-24,2152.0,2176.0,2122.0,2154.0
2026-08-25,2137.0,2231.0,2128.0,2196.0
2026-08-26,2185.0,2232.0,2185.0,2207.0
2026-08-27,2207.0,2335.0,2207.0,2296.0
2026-08-28,2332.0,2396.0,2297.0,2359.0
2026-08-31,2318.0,2550.0,2300.0,2476.0
2026-09-01,2468.0,2532.0,2411.0,2436.0
2026-09-02,2420.0,2420.0,2311.0,2345.0
2026-09-03,2345.0,2400.0,2324.0,2341.0
2026-09-04,2336.0,2415.0,2336.0,2378.0
2026-09-07,2408.0,2449.0,2383.0,2400.0
2026-09-08,2390.0,2456.0,2370.0,2370.0
2026-09-09,2371.0,2427.0,2371.0,2393.0
