Date,Open,High,Low,Close
2001-01-01,190.0,190.0,190.0,190.0
2001-01-02,190.0,190.0,190.0,190.0
2001-01-03,190.0,190.0,190.0,190.0
2001-01-04,190.0,195.0,186.0,186.0
2001-01-05,186.0,187.0,178.0,180.0
2001-01-08,180.0,180.0,180.0,180.0
2001-01-09,178.0,178.0,165.0,170.0
2001-01-10,170.0,174.0,165.0,174.0
2001-01-11,174.0,174.0,165.0,165.0
2001-01-12,163.0,172.0,163.0,172.0
2001-01-15,172.0,180.0,172.0,178.0
2001-01-16,180.0,182.0,178.0,182.0
2001-01-17,182.0,187.0,182.0,184.0
2001-01-18,180.0,188.0,180.0,188.0
2001-01-19,188.0,188.0,185.0,185.0
2001-01-22,185.0,185.0,184.0,185.0
2001-01-23,184.0,184.0,180.0,180.0
2001-01-24,180.0,182.0,175.0,177.0
2001-01-25,182.0,185.0,179.0,185.0
2001-01-26,185.0,188.0,185.0,185.0
2001-01-29,185.0,187.0,185.0,186.0
2001-01-30,190.0,204.0,190.0,200.0
2001-01-31,195.0,195.0,189.0,195.0
2001-02-01,195.0,199.0,195.0,197.0
2001-02-02,197.0,199.0,197.0,197.0
2001-02-05,197.0,200.0,190.0,195.0
2001-02-06,190.0,190.0,187.0,187.0
2001-02-07,187.0,188.0,187.0,188.0
2001-02-08,188.0,188.0,186.0,186.0
2001-02-09,186.0,191.0,186.0,188.0
2001-02-12,188.0,188.0,188.0,188.0
2001-02-13,189.0,191.0,189.0,190.0
2001-02-14,192.0,193.0,186.0,192.0
2001-02-15,193.0,200.0,193.0,198.0
2001-02-16,200.0,200.0,198.0,198.0
2001-02-19,198.0,199.0,186.0,188.0
2001-02-20,192.0,195.0,192.0,194.0
2001-02-21,199.0,199.0,194.0,198.0
2001-02-22,195.0,195.0,189.0,189.0
2001-02-23,189.0,197.0,189.0,195.0
2001-02-26,195.0,198.0,195.0,198.0
2001-02-27,198.0,200.0,198.0,198.0
2001-02-28,198.0,199.0,190.0,199.0
2001-03-01,195.0,199.0,195.0,199.0
2001-03-02,196.0,198.0,195.0,195.0
2001-03-05,193.0,193.0,187.0,188.0
2001-03-06,185.0,192.0,183.0,192.0
2001-03-07,194.0,195.0,192.0,194.0
2001-03-08,191.0,196.0,186.0,196.0
2001-03-09,197.0,197.0,193.0,195.0
2001-03-12,195.0,196.0,190.0,190.0
2001-03-13,190.0,190.0,187.0,187.0
2001-03-14,187.0,187.0,187.0,187.0
2001-03-15,189.0,197.0,185.0,197.0
2001-03-16,195.0,198.0,193.0,193.0
2001-03-19,193.0,197.0,193.0,197.0
2001-03-20,197.0,197.0,197.0,197.0
2001-03-21,197.0,204.0,186.0,204.0
2001-03-22,201.0,208.0,200.0,208.0
2001-03-23,210.0,215.0,206.0,211.0
2001-03-26,215.0,225.0,212.0,225.0
2001-03-27,215.0,221.0,215.0,215.0
2001-03-28,216.0,216.0,211.0,215.0
2001-03-29,215.0,215.0,206.0,206.0
2001-03-30,210.0,210.0,201.0,201.0
2001-04-02,199.0,209.0,199.0,209.0
2001-04-03,210.0,210.0,204.0,209.0
2001-04-04,206.0,209.0,202.0,208.0
2001-04-05,215.0,215.0,208.0,208.0
2001-04-06,215.0,219.0,208.0,210.0
2001-04-09,210.0,210.0,206.0,206.0
2001-04-10,206.0,210.0,206.0,208.0
2001-04-11,208.0,210.0,205.0,210.0
2001-04-12,208.0,209.0,205.0,206.0
2001-04-13,207.0,211.0,207.0,208.0
2001-04-16,215.0,215.0,212.0,213.0
2001-04-17,213.0,215.0,213.0,215.0
2001-04-18,218.0,219.0,216.0,219.0
2001-04-19,215.0,219.0,215.0,216.0
2001-04-20,216.0,216.0,214.0,215.0
2001-04-23,216.0,219.0,215.0,217.0
2001-04-24,218.0,222.0,216.0,222.0
2001-04-25,222.0,223.0,219.0,221.0
2001-04-26,222.0,223.0,219.0,221.0
2001-04-27,230.0,230.0,222.0,227.0
2001-04-30,227.0,227.0,227.0,227.0
2001-05-01,227.0,240.0,227.0,232.0
2001-05-02,233.0,235.0,228.0,230.0
2001-05-03,230.0,230.0,230.0,230.0
2001-05-04,230.0,230.0,230.0,230.0
2001-05-07,240.0,240.0,232.0,234.0
2001-05-08,228.0,234.0,227.0,228.0
2001-05-09,227.0,227.0,211.0,220.0
2001-05-10,220.0,221.0,218.0,220.0
2001-05-11,220.0,225.0,218.0,218.0
2001-05-14,219.0,220.0,218.0,218.0
2001-05-15,218.0,227.0,218.0,226.0
2001-05-16,226.0,227.0,226.0,227.0
2001-05-17,226.0,229.0,225.0,229.0
2001-05-18,228.0,228.0,221.0,221.0
2001-05-21,223.0,227.0,221.0,227.0
2001-05-22,227.0,231.0,227.0,227.0
2001-05-23,228.0,235.0,228.0,234.0
2001-05-24,234.0,259.0,231.0,243.0
2001-05-25,248.0,250.0,243.0,247.0
2001-05-28,247.0,250.0,238.0,238.0
2001-05-29,238.0,240.0,237.0,237.0
2001-05-30,235.0,236.0,230.0,232.0
2001-05-31,225.0,229.0,225.0,228.0
2001-06-01,229.0,232.0,229.0,231.0
2001-06-04,235.0,235.0,226.0,230.0
2001-06-05,230.0,232.0,227.0,229.0
2001-06-06,229.0,230.0,229.0,229.0
2001-06-07,226.0,232.0,226.0,232.0
2001-06-08,234.0,235.0,231.0,235.0
2001-06-11,235.0,239.0,231.0,233.0
2001-06-12,234.0,238.0,233.0,234.0
2001-06-13,231.0,233.0,231.0,231.0
2001-06-14,228.0,233.0,228.0,233.0
2001-06-15,233.0,234.0,227.0,232.0
2001-06-18,230.0,231.0,228.0,231.0
2001-06-19,231.0,231.0,228.0,228.0
2001-06-20,228.0,230.0,228.0,229.0
2001-06-21,231.0,233.0,230.0,230.0
2001-06-22,234.0,240.0,232.0,240.0
2001-06-25,240.0,245.0,240.0,243.0
2001-06-26,245.0,249.0,245.0,249.0
2001-06-27,249.0,249.0,243.0,243.0
2001-06-28,243.0,243.0,235.0,235.0
2001-06-29,239.0,243.0,235.0,238.0
2001-07-02,239.0,240.0,238.0,239.0
2001-07-03,240.0,241.0,236.0,240.0
2001-07-04,238.0,239.0,237.0,237.0
2001-07-05,237.0,237.0,232.0,232.0
2001-07-06,232.0,232.0,226.0,230.0
2001-07-09,213.0,218.0,211.0,218.0
2001-07-10,218.0,219.0,213.0,219.0
2001-07-11,214.0,214.0,200.0,207.0
2001-07-12,209.0,214.0,206.0,211.0
2001-07-13,214.0,215.0,212.0,215.0
2001-07-16,224.0,224.0,216.0,219.0
2001-07-17,219.0,220.0,219.0,219.0
2001-07-18,220.0,224.0,220.0,223.0
2001-07-19,223.0,223.0,216.0,217.0
2001-07-20,217.0,217.0,217.0,217.0
2001-07-23,218.0,220.0,209.0,210.0
2001-07-24,205.0,208.0,205.0,207.0
2001-07-25,207.0,212.0,207.0,212.0
2001-07-26,215.0,215.0,213.0,213.0
2001-07-27,214.0,223.0,214.0,223.0
2001-07-30,224.0,229.0,220.0,220.0
2001-07-31,219.0,222.0,219.0,222.0
2001-08-01,225.0,225.0,220.0,221.0
2001-08-02,216.0,226.0,216.0,226.0
2001-08-03,224.0,224.0,220.0,222.0
2001-08-06,222.0,222.0,218.0,218.0
2001-08-07,214.0,220.0,214.0,215.0
2001-08-08,216.0,217.0,216.0,217.0
2001-08-09,215.0,215.0,211.0,211.0
2001-08-10,206.0,210.0,206.0,208.0
2001-08-13,206.0,206.0,201.0,204.0
2001-08-14,205.0,209.0,203.0,208.0
2001-08-15,210.0,215.0,210.0,213.0
2001-08-16,214.0,217.0,210.0,210.0
2001-08-17,209.0,210.0,206.0,210.0
2001-08-20,210.0,212.0,210.0,211.0
2001-08-21,214.0,215.0,211.0,214.0
2001-08-22,214.0,214.0,210.0,212.0
2001-08-23,212.0,214.0,211.0,214.0
2001-08-24,214.0,215.0,210.0,212.0
2001-08-27,216.0,222.0,216.0,219.0
2001-08-28,219.0,220.0,216.0,220.0
2001-08-29,218.0,218.0,215.0,215.0
2001-08-30,215.0,218.0,215.0,218.0
2001-08-31,218.0,218.0,210.0,210.0
2001-09-03,214.0,215.0,214.0,214.0
2001-09-04,209.0,210.0,206.0,210.0
2001-09-05,209.0,209.0,205.0,205.0
2001-09-06,200.0,205.0,200.0,205.0
2001-09-07,200.0,201.0,199.0,199.0
2001-09-10,185.0,194.0,185.0,194.0
2001-09-11,191.0,191.0,186.0,188.0
2001-09-12,163.0,175.0,163.0,170.0
2001-09-13,170.0,174.0,166.0,173.0
2001-09-14,182.0,186.0,176.0,186.0
2001-09-17,186.0,186.0,171.0,177.0
2001-09-18,187.0,187.0,171.0,171.0
2001-09-19,172.0,185.0,172.0,184.0
2001-09-20,184.0,186.0,184.0,186.0
2001-09-21,186.0,186.0,176.0,176.0
2001-09-24,176.0,176.0,176.0,176.0
2001-09-25,185.0,185.0,181.0,184.0
2001-09-26,185.0,188.0,184.0,188.0
2001-09-27,188.0,199.0,188.0,197.0
2001-09-28,197.0,197.0,197.0,197.0
2001-10-01,197.0,200.0,194.0,198.0
2001-10-02,198.0,200.0,196.0,200.0
2001-10-03,200.0,200.0,197.0,200.0
2001-10-04,199.0,202.0,197.0,200.0
2001-10-05,200.0,200.0,195.0,195.0
2001-10-08,195.0,195.0,195.0,195.0
2001-10-09,195.0,199.0,195.0,199.0
2001-10-10,199.0,199.0,194.0,195.0
2001-10-11,190.0,198.0,188.0,197.0
2001-10-12,197.0,197.0,194.0,196.0
2001-10-15,196.0,197.0,194.0,195.0
2001-10-16,196.0,196.0,193.0,194.0
2001-10-17,192.0,193.0,190.0,191.0
2001-10-18,188.0,189.0,186.0,187.0
2001-10-19,186.0,186.0,180.0,181.0
2001-10-22,181.0,196.0,181.0,195.0
2001-10-23,195.0,195.0,186.0,189.0
2001-10-24,189.0,195.0,188.0,194.0
2001-10-25,194.0,195.0,191.0,195.0
2001-10-26,195.0,195.0,186.0,189.0
2001-10-29,192.0,192.0,188.0,188.0
2001-10-30,188.0,188.0,181.0,186.0
2001-10-31,184.0,184.0,180.0,183.0
2001-11-01,184.0,185.0,184.0,185.0
2001-11-02,189.0,190.0,185.0,185.0
2001-11-05,190.0,190.0,181.0,181.0
2001-11-06,190.0,190.0,181.0,182.0
2001-11-07,187.0,187.0,179.0,183.0
2001-11-08,183.0,183.0,177.0,178.0
2001-11-09,178.0,178.0,178.0,178.0
2001-11-12,175.0,175.0,171.0,171.0
2001-11-13,177.0,178.0,172.0,176.0
2001-11-14,170.0,178.0,170.0,178.0
2001-11-15,179.0,180.0,178.0,180.0
2001-11-16,181.0,184.0,180.0,184.0
2001-11-19,176.0,180.0,176.0,176.0
2001-11-20,179.0,181.0,179.0,181.0
2001-11-21,181.0,184.0,181.0,184.0
2001-11-22,185.0,185.0,179.0,183.0
2001-11-23,183.0,183.0,183.0,183.0
2001-11-26,183.0,194.0,183.0,194.0
2001-11-27,190.0,190.0,183.0,187.0
2001-11-28,177.0,180.0,175.0,175.0
2001-11-29,175.0,176.0,174.0,175.0
2001-11-30,175.0,175.0,170.0,170.0
2001-12-03,178.0,178.0,172.0,177.0
2001-12-04,177.0,178.0,172.0,173.0
2001-12-05,175.0,178.0,174.0,178.0
2001-12-06,178.0,178.0,168.0,168.0
2001-12-07,167.0,167.0,166.0,166.0
2001-12-10,165.0,167.0,165.0,167.0
2001-12-11,166.0,166.0,164.0,164.0
2001-12-12,163.0,163.0,159.0,162.0
2001-12-13,166.0,170.0,165.0,165.0
2001-12-14,165.0,167.0,165.0,167.0
2001-12-17,168.0,169.0,167.0,168.0
2001-12-18,169.0,174.0,168.0,174.0
2001-12-19,175.0,175.0,172.0,174.0
2001-12-20,174.0,174.0,162.0,169.0
2001-12-21,169.0,170.0,156.0,169.0
2001-12-24,169.0,169.0,169.0,169.0
2001-12-25,169.0,174.0,169.0,174.0
2001-12-26,174.0,179.0,174.0,174.0
2001-12-27,164.0,169.0,160.0,169.0
2001-12-28,164.0,169.0,158.0,160.0
2001-12-31,160.0,160.0,160.0,160.0
2002-01-01,160.0,160.0,160.0,160.0
2002-01-02,160.0,160.0,160.0,160.0
2002-01-03,160.0,160.0,160.0,160.0
2002-01-04,161.0,167.0,161.0,167.0
2002-01-07,167.0,170.0,167.0,168.0
2002-01-08,169.0,171.0,169.0,169.0
2002-01-09,159.0,166.0,159.0,163.0
2002-01-10,163.0,164.0,159.0,159.0
2002-01-11,163.0,163.0,159.0,163.0
2002-01-14,163.0,163.0,163.0,163.0
2002-01-15,163.0,164.0,163.0,163.0
2002-01-16,156.0,160.0,150.0,154.0
2002-01-17,154.0,158.0,154.0,156.0
2002-01-18,158.0,158.0,155.0,156.0
2002-01-21,162.0,165.0,160.0,162.0
2002-01-22,163.0,166.0,163.0,166.0
2002-01-23,166.0,169.0,159.0,159.0
2002-01-24,161.0,165.0,159.0,165.0
2002-01-25,170.0,170.0,165.0,165.0
2002-01-28,165.0,168.0,163.0,168.0
2002-01-29,169.0,169.0,163.0,163.0
2002-01-30,160.0,162.0,160.0,162.0
2002-01-31,162.0,162.0,162.0,162.0
2002-02-01,162.0,164.0,162.0,163.0
2002-02-04,164.0,166.0,164.0,164.0
2002-02-05,163.0,163.0,159.0,159.0
2002-02-06,159.0,162.0,159.0,159.0
2002-02-07,155.0,160.0,155.0,159.0
2002-02-08,160.0,165.0,157.0,165.0
2002-02-11,165.0,165.0,165.0,165.0
2002-02-12,165.0,167.0,160.0,167.0
2002-02-13,162.0,169.0,162.0,168.0
2002-02-14,169.0,170.0,162.0,167.0
2002-02-15,167.0,173.0,167.0,170.0
2002-02-18,171.0,173.0,171.0,173.0
2002-02-19,173.0,174.0,170.0,173.0
2002-02-20,174.0,175.0,173.0,175.0
2002-02-21,175.0,179.0,175.0,179.0
2002-02-22,179.0,182.0,179.0,181.0
2002-02-25,181.0,185.0,168.0,178.0
2002-02-26,179.0,184.0,179.0,184.0
2002-02-27,185.0,193.0,185.0,193.0
2002-02-28,198.0,205.0,195.0,205.0
2002-03-01,205.0,207.0,198.0,198.0
2002-03-04,188.0,203.0,188.0,200.0
2002-03-05,203.0,204.0,194.0,194.0
2002-03-06,194.0,201.0,194.0,201.0
2002-03-07,204.0,204.0,191.0,196.0
2002-03-08,195.0,198.0,192.0,194.0
2002-03-11,193.0,198.0,193.0,195.0
2002-03-12,195.0,199.0,194.0,194.0
2002-03-13,193.0,199.0,187.0,187.0
2002-03-14,190.0,192.0,190.0,190.0
2002-03-15,190.0,192.0,190.0,192.0
2002-03-18,192.0,198.0,191.0,191.0
2002-03-19,191.0,195.0,191.0,195.0
2002-03-20,195.0,199.0,195.0,199.0
2002-03-21,199.0,199.0,199.0,199.0
2002-03-22,199.0,201.0,199.0,201.0
2002-03-25,201.0,201.0,199.0,199.0
2002-03-26,194.0,194.0,185.0,189.0
2002-03-27,185.0,194.0,185.0,194.0
2002-03-28,193.0,193.0,187.0,187.0
2002-03-29,186.0,186.0,181.0,183.0
2002-04-01,174.0,180.0,174.0,174.0
2002-04-02,179.0,179.0,174.0,174.0
2002-04-03,174.0,177.0,174.0,177.0
2002-04-04,178.0,185.0,177.0,183.0
2002-04-05,182.0,183.0,181.0,181.0
2002-04-08,183.0,183.0,178.0,178.0
2002-04-09,183.0,183.0,175.0,176.0
2002-04-10,171.0,178.0,170.0,174.0
2002-04-11,181.0,181.0,171.0,171.0
2002-04-12,171.0,175.0,171.0,173.0
2002-04-15,175.0,178.0,175.0,178.0
2002-04-16,180.0,184.0,178.0,184.0
2002-04-17,182.0,182.0,172.0,179.0
2002-04-18,178.0,180.0,177.0,180.0
2002-04-19,175.0,176.0,174.0,176.0
2002-04-22,177.0,182.0,176.0,182.0
2002-04-23,182.0,183.0,177.0,180.0
2002-04-24,180.0,180.0,173.0,173.0
2002-04-25,173.0,177.0,173.0,177.0
2002-04-26,177.0,178.0,176.0,178.0
2002-04-29,178.0,178.0,178.0,178.0
2002-04-30,178.0,179.0,176.0,177.0
2002-05-01,178.0,178.0,177.0,177.0
2002-05-02,176.0,176.0,174.0,174.0
2002-05-03,174.0,174.0,174.0,174.0
2002-05-06,174.0,174.0,174.0,174.0
2002-05-07,174.0,174.0,173.0,173.0
2002-05-08,172.0,172.0,171.0,171.0
2002-05-09,171.0,175.0,169.0,170.0
2002-05-10,172.0,172.0,169.0,169.0
2002-05-13,166.0,167.0,164.0,164.0
2002-05-14,163.0,167.0,161.0,166.0
2002-05-15,169.0,169.0,167.0,169.0
2002-05-16,169.0,170.0,167.0,168.0
2002-05-17,170.0,170.0,169.0,169.0
2002-05-20,172.0,176.0,171.0,173.0
2002-05-21,173.0,177.0,173.0,177.0
2002-05-22,177.0,183.0,177.0,182.0
2002-05-23,183.0,193.0,183.0,189.0
2002-05-24,189.0,190.0,183.0,185.0
2002-05-27,185.0,189.0,185.0,188.0
2002-05-28,189.0,192.0,189.0,192.0
2002-05-29,187.0,191.0,178.0,191.0
2002-05-30,186.0,188.0,183.0,188.0
2002-05-31,187.0,187.0,184.0,184.0
2002-06-03,186.0,192.0,184.0,192.0
2002-06-04,192.0,194.0,191.0,191.0
2002-06-05,192.0,194.0,191.0,192.0
2002-06-06,195.0,195.0,192.0,192.0
2002-06-07,190.0,191.0,186.0,187.0
2002-06-10,194.0,194.0,188.0,189.0
2002-06-11,192.0,192.0,187.0,190.0
2002-06-12,190.0,190.0,186.0,187.0
2002-06-13,185.0,185.0,183.0,183.0
2002-06-14,190.0,199.0,187.0,191.0
2002-06-17,193.0,195.0,181.0,183.0
2002-06-18,185.0,186.0,181.0,183.0
2002-06-19,178.0,182.0,178.0,179.0
2002-06-20,180.0,181.0,180.0,180.0
2002-06-21,180.0,183.0,180.0,181.0
2002-06-24,181.0,192.0,181.0,185.0
2002-06-25,188.0,189.0,188.0,188.0
2002-06-26,188.0,190.0,185.0,185.0
2002-06-27,184.0,185.0,179.0,179.0
2002-06-28,175.0,177.0,173.0,177.0
2002-07-01,183.0,186.0,180.0,186.0
2002-07-02,186.0,190.0,186.0,190.0
2002-07-03,189.0,201.0,186.0,195.0
2002-07-04,189.0,195.0,189.0,194.0
2002-07-05,191.0,194.0,191.0,192.0
2002-07-08,195.0,195.0,183.0,183.0
2002-07-09,183.0,192.0,183.0,192.0
2002-07-10,184.0,188.0,184.0,186.0
2002-07-11,184.0,184.0,178.0,178.0
2002-07-12,179.0,179.0,178.0,178.0
2002-07-15,180.0,181.0,179.0,180.0
2002-07-16,181.0,187.0,180.0,186.0
2002-07-17,186.0,186.0,184.0,185.0
2002-07-18,186.0,186.0,182.0,182.0
2002-07-19,178.0,180.0,175.0,175.0
2002-07-22,178.0,183.0,178.0,183.0
2002-07-23,183.0,185.0,183.0,185.0
2002-07-24,185.0,189.0,184.0,184.0
2002-07-25,187.0,190.0,187.0,189.0
2002-07-26,189.0,193.0,189.0,189.0
2002-07-29,189.0,199.0,186.0,199.0
2002-07-30,198.0,198.0,184.0,188.0
2002-07-31,185.0,187.0,183.0,184.0
2002-08-01,186.0,187.0,185.0,185.0
2002-08-02,189.0,193.0,185.0,188.0
2002-08-05,186.0,187.0,182.0,187.0
2002-08-06,185.0,186.0,182.0,182.0
2002-08-07,182.0,182.0,180.0,181.0
2002-08-08,181.0,184.0,181.0,184.0
2002-08-09,185.0,188.0,178.0,188.0
2002-08-12,190.0,190.0,185.0,187.0
2002-08-13,180.0,186.0,180.0,186.0
2002-08-14,181.0,186.0,181.0,186.0
2002-08-15,187.0,190.0,187.0,190.0
2002-08-16,190.0,193.0,190.0,193.0
2002-08-19,193.0,193.0,185.0,186.0
2002-08-20,186.0,187.0,185.0,187.0
2002-08-21,186.0,187.0,185.0,187.0
2002-08-22,185.0,189.0,182.0,188.0
2002-08-23,188.0,188.0,188.0,188.0
2002-08-26,183.0,187.0,183.0,187.0
2002-08-27,182.0,185.0,180.0,182.0
2002-08-28,181.0,184.0,180.0,184.0
2002-08-29,181.0,181.0,179.0,179.0
2002-08-30,180.0,180.0,175.0,176.0
2002-09-02,176.0,179.0,176.0,177.0
2002-09-03,172.0,173.0,169.0,171.0
2002-09-04,169.0,169.0,158.0,158.0
2002-09-05,160.0,167.0,160.0,164.0
2002-09-06,163.0,163.0,162.0,162.0
2002-09-09,162.0,167.0,162.0,166.0
2002-09-10,166.0,169.0,166.0,168.0
2002-09-11,168.0,168.0,165.0,165.0
2002-09-12,163.0,169.0,163.0,168.0
2002-09-13,159.0,165.0,159.0,164.0
2002-09-16,164.0,164.0,164.0,164.0
2002-09-17,166.0,174.0,165.0,169.0
2002-09-18,168.0,168.0,168.0,168.0
2002-09-19,168.0,170.0,167.0,168.0
2002-09-20,168.0,173.0,168.0,172.0
2002-09-23,172.0,172.0,172.0,172.0
2002-09-24,182.0,182.0,168.0,174.0
2002-09-25,177.0,180.0,174.0,178.0
2002-09-26,179.0,181.0,179.0,181.0
2002-09-27,181.0,182.0,174.0,178.0
2002-09-30,172.0,178.0,170.0,172.0
2002-10-01,172.0,175.0,172.0,175.0
2002-10-02,175.0,177.0,170.0,170.0
2002-10-03,170.0,175.0,166.0,174.0
2002-10-04,164.0,167.0,164.0,167.0
2002-10-07,160.0,161.0,157.0,157.0
2002-10-08,152.0,158.0,152.0,158.0
2002-10-09,155.0,155.0,150.0,150.0
2002-10-10,150.0,151.0,150.0,150.0
2002-10-11,151.0,154.0,151.0,153.0
2002-10-14,153.0,153.0,153.0,153.0
2002-10-15,156.0,164.0,156.0,164.0
2002-10-16,164.0,165.0,164.0,164.0
2002-10-17,163.0,163.0,163.0,163.0
2002-10-18,165.0,165.0,160.0,160.0
2002-10-21,161.0,168.0,161.0,167.0
2002-10-22,170.0,171.0,161.0,161.0
2002-10-23,161.0,171.0,161.0,171.0
2002-10-24,162.0,163.0,161.0,162.0
2002-10-25,162.0,168.0,162.0,168.0
2002-10-28,168.0,170.0,168.0,170.0
2002-10-29,170.0,171.0,165.0,165.0
2002-10-30,165.0,170.0,165.0,169.0
2002-10-31,168.0,169.0,165.0,166.0
2002-11-01,166.0,168.0,166.0,166.0
2002-11-04,166.0,166.0,166.0,166.0
2002-11-05,167.0,171.0,162.0,171.0
2002-11-06,171.0,171.0,168.0,169.0
2002-11-07,170.0,170.0,167.0,170.0
2002-11-08,169.0,170.0,163.0,165.0
2002-11-11,162.0,165.0,156.0,162.0
2002-11-12,163.0,165.0,161.0,165.0
2002-11-13,163.0,166.0,161.0,163.0
2002-11-14,161.0,161.0,156.0,158.0
2002-11-15,159.0,163.0,159.0,162.0
2002-11-18,165.0,166.0,165.0,166.0
2002-11-19,166.0,166.0,160.0,160.0
2002-11-20,160.0,165.0,160.0,163.0
2002-11-21,163.0,167.0,163.0,167.0
2002-11-22,167.0,167.0,162.0,165.0
2002-11-25,165.0,173.0,165.0,172.0
2002-11-26,172.0,175.0,167.0,167.0
2002-11-27,169.0,175.0,165.0,171.0
2002-11-28,166.0,171.0,166.0,170.0
2002-11-29,165.0,173.0,161.0,161.0
2002-12-02,161.0,161.0,161.0,161.0
2002-12-03,163.0,164.0,162.0,164.0
2002-12-04,164.0,165.0,163.0,165.0
2002-12-05,165.0,165.0,161.0,163.0
2002-12-06,165.0,165.0,152.0,156.0
2002-12-09,153.0,158.0,153.0,155.0
2002-12-10,155.0,161.0,154.0,161.0
2002-12-11,161.0,161.0,154.0,154.0
2002-12-12,154.0,156.0,153.0,153.0
2002-12-13,154.0,154.0,153.0,153.0
2002-12-16,150.0,154.0,150.0,154.0
2002-12-17,153.0,154.0,151.0,152.0
2002-12-18,152.0,153.0,148.0,149.0
2002-12-19,139.0,144.0,134.0,144.0
2002-12-20,147.0,149.0,144.0,146.0
2002-12-23,146.0,146.0,146.0,146.0
2002-12-24,141.0,147.0,141.0,147.0
2002-12-25,142.0,147.0,135.0,140.0
2002-12-26,145.0,151.0,141.0,150.0
2002-12-27,151.0,156.0,151.0,155.0
2002-12-30,152.0,152.0,152.0,152.0
2002-12-31,152.0,152.0,152.0,152.0
2003-01-01,152.0,152.0,152.0,152.0
2003-01-02,152.0,152.0,152.0,152.0
2003-01-03,152.0,152.0,152.0,152.0
2003-01-06,152.0,157.0,152.0,155.0
2003-01-07,159.0,159.0,156.0,158.0
2003-01-08,157.0,157.0,151.0,155.0
2003-01-09,154.0,155.0,149.0,155.0
2003-01-10,151.0,155.0,146.0,155.0
2003-01-13,155.0,155.0,155.0,155.0
2003-01-14,155.0,160.0,154.0,158.0
2003-01-15,162.0,174.0,161.0,174.0
2003-01-16,174.0,175.0,168.0,168.0
2003-01-17,167.0,173.0,167.0,169.0
2003-01-20,169.0,178.0,169.0,178.0
2003-01-21,178.0,195.0,178.0,192.0
2003-01-22,192.0,193.0,180.0,183.0
2003-01-23,182.0,187.0,175.0,187.0
2003-01-24,182.0,186.0,182.0,186.0
2003-01-27,191.0,192.0,188.0,191.0
2003-01-28,186.0,186.0,180.0,181.0
2003-01-29,179.0,179.0,170.0,172.0
2003-01-30,177.0,184.0,176.0,179.0
2003-01-31,171.0,177.0,171.0,172.0
2003-02-03,175.0,187.0,174.0,185.0
2003-02-04,186.0,187.0,180.0,181.0
2003-02-05,176.0,187.0,176.0,187.0
2003-02-06,185.0,185.0,180.0,181.0
2003-02-07,177.0,186.0,177.0,181.0
2003-02-10,179.0,185.0,179.0,185.0
2003-02-11,185.0,185.0,185.0,185.0
2003-02-12,184.0,185.0,183.0,184.0
2003-02-13,181.0,188.0,181.0,187.0
2003-02-14,183.0,186.0,182.0,185.0
2003-02-17,188.0,190.0,187.0,188.0
2003-02-18,189.0,189.0,186.0,189.0
2003-02-19,189.0,189.0,182.0,182.0
2003-02-20,182.0,190.0,180.0,188.0
2003-02-21,188.0,190.0,186.0,186.0
2003-02-24,186.0,186.0,183.0,183.0
2003-02-25,186.0,188.0,180.0,180.0
2003-02-26,184.0,184.0,180.0,180.0
2003-02-27,183.0,183.0,176.0,178.0
2003-02-28,168.0,181.0,168.0,177.0
2003-03-03,177.0,180.0,175.0,180.0
2003-03-04,180.0,185.0,180.0,185.0
2003-03-05,180.0,185.0,180.0,182.0
2003-03-06,185.0,186.0,182.0,183.0
2003-03-07,173.0,184.0,173.0,183.0
2003-03-10,172.0,177.0,170.0,171.0
2003-03-11,172.0,173.0,169.0,169.0
2003-03-12,169.0,170.0,169.0,169.0
2003-03-13,169.0,170.0,169.0,170.0
2003-03-14,170.0,173.0,169.0,173.0
2003-03-17,173.0,174.0,173.0,173.0
2003-03-18,178.0,178.0,165.0,172.0
2003-03-19,173.0,181.0,173.0,177.0
2003-03-20,177.0,185.0,176.0,185.0
2003-03-21,185.0,185.0,185.0,185.0
2003-03-24,188.0,195.0,187.0,195.0
2003-03-25,195.0,197.0,186.0,190.0
2003-03-26,189.0,195.0,188.0,195.0
2003-03-27,195.0,195.0,189.0,195.0
2003-03-28,194.0,195.0,192.0,195.0
2003-03-31,194.0,194.0,184.0,184.0
2003-04-01,184.0,187.0,184.0,185.0
2003-04-02,187.0,193.0,186.0,193.0
2003-04-03,195.0,195.0,186.0,186.0
2003-04-04,187.0,193.0,187.0,193.0
2003-04-07,194.0,194.0,185.0,186.0
2003-04-08,186.0,188.0,186.0,186.0
2003-04-09,186.0,193.0,184.0,193.0
2003-04-10,190.0,190.0,188.0,190.0
2003-04-11,188.0,189.0,185.0,188.0
2003-04-14,185.0,190.0,185.0,190.0
2003-04-15,192.0,192.0,190.0,191.0
2003-04-16,193.0,193.0,190.0,190.0
2003-04-17,187.0,192.0,187.0,192.0
2003-04-18,190.0,190.0,178.0,182.0
2003-04-21,186.0,193.0,186.0,193.0
2003-04-22,193.0,193.0,187.0,190.0
2003-04-23,190.0,190.0,177.0,187.0
2003-04-24,189.0,189.0,185.0,188.0
2003-04-25,188.0,189.0,181.0,182.0
2003-04-28,185.0,185.0,180.0,181.0
2003-04-29,181.0,181.0,181.0,181.0
2003-04-30,187.0,187.0,180.0,181.0
2003-05-01,184.0,188.0,184.0,186.0
2003-05-02,186.0,187.0,185.0,186.0
2003-05-05,186.0,186.0,186.0,186.0
2003-05-06,189.0,189.0,178.0,178.0
2003-05-07,182.0,185.0,180.0,181.0
2003-05-08,185.0,188.0,176.0,180.0
2003-05-09,180.0,180.0,176.0,178.0
2003-05-12,178.0,179.0,177.0,178.0
2003-05-13,177.0,181.0,175.0,180.0
2003-05-14,185.0,188.0,182.0,185.0
2003-05-15,189.0,194.0,184.0,185.0
2003-05-16,188.0,188.0,186.0,186.0
2003-05-19,186.0,186.0,184.0,184.0
2003-05-20,185.0,185.0,184.0,184.0
2003-05-21,185.0,188.0,181.0,181.0
2003-05-22,181.0,183.0,177.0,181.0
2003-05-23,180.0,195.0,178.0,182.0
2003-05-26,188.0,189.0,185.0,188.0
2003-05-27,188.0,188.0,185.0,185.0
2003-05-28,187.0,187.0,179.0,180.0
2003-05-29,185.0,187.0,183.0,187.0
2003-05-30,187.0,187.0,183.0,183.0
2003-06-02,185.0,187.0,184.0,187.0
2003-06-03,187.0,187.0,181.0,185.0
2003-06-04,185.0,185.0,182.0,182.0
2003-06-05,183.0,185.0,182.0,185.0
2003-06-06,185.0,186.0,183.0,186.0
2003-06-09,186.0,187.0,185.0,187.0
2003-06-10,188.0,188.0,182.0,187.0
2003-06-11,188.0,199.0,188.0,199.0
2003-06-12,211.0,215.0,202.0,203.0
2003-06-13,208.0,255.0,204.0,240.0
2003-06-16,238.0,240.0,228.0,228.0
2003-06-17,233.0,233.0,223.0,225.0
2003-06-18,229.0,229.0,220.0,221.0
2003-06-19,220.0,223.0,213.0,220.0
2003-06-20,220.0,221.0,216.0,219.0
2003-06-23,227.0,228.0,220.0,224.0
2003-06-24,220.0,220.0,212.0,212.0
2003-06-25,216.0,228.0,216.0,220.0
2003-06-26,221.0,221.0,213.0,215.0
2003-06-27,219.0,220.0,215.0,216.0
2003-06-30,226.0,226.0,221.0,225.0
2003-07-01,230.0,230.0,225.0,226.0
2003-07-02,230.0,230.0,215.0,220.0
2003-07-03,229.0,229.0,218.0,219.0
2003-07-04,215.0,219.0,201.0,213.0
2003-07-07,214.0,222.0,214.0,218.0
2003-07-08,219.0,220.0,215.0,217.0
2003-07-09,217.0,217.0,212.0,212.0
2003-07-10,212.0,214.0,205.0,213.0
2003-07-11,210.0,213.0,210.0,212.0
2003-07-14,213.0,216.0,211.0,216.0
2003-07-15,219.0,227.0,217.0,224.0
2003-07-16,229.0,232.0,224.0,226.0
2003-07-17,226.0,226.0,212.0,212.0
2003-07-18,207.0,217.0,207.0,216.0
2003-07-21,216.0,216.0,216.0,216.0
2003-07-22,218.0,224.0,218.0,222.0
2003-07-23,222.0,224.0,217.0,221.0
2003-07-24,224.0,226.0,223.0,226.0
2003-07-25,226.0,226.0,220.0,221.0
2003-07-28,227.0,243.0,227.0,238.0
2003-07-29,240.0,250.0,238.0,244.0
2003-07-30,249.0,250.0,244.0,246.0
2003-07-31,248.0,248.0,241.0,241.0
2003-08-01,240.0,250.0,240.0,245.0
2003-08-04,248.0,248.0,245.0,247.0
2003-08-05,249.0,250.0,236.0,237.0
2003-08-06,235.0,235.0,231.0,231.0
2003-08-07,236.0,236.0,232.0,234.0
2003-08-08,234.0,234.0,227.0,227.0
2003-08-11,223.0,233.0,220.0,233.0
2003-08-12,240.0,244.0,238.0,239.0
2003-08-13,244.0,244.0,237.0,239.0
2003-08-14,243.0,245.0,240.0,245.0
2003-08-15,260.0,260.0,260.0,260.0
2003-08-18,274.0,274.0,265.0,269.0
2003-08-19,269.0,269.0,256.0,259.0
2003-08-20,260.0,261.0,257.0,261.0
2003-08-21,259.0,263.0,256.0,257.0
2003-08-22,257.0,259.0,256.0,257.0
2003-08-25,260.0,262.0,259.0,259.0
2003-08-26,259.0,259.0,252.0,252.0
2003-08-27,253.0,254.0,246.0,247.0
2003-08-28,247.0,250.0,247.0,249.0
2003-08-29,249.0,250.0,241.0,248.0
2003-09-01,250.0,253.0,247.0,253.0
2003-09-02,256.0,258.0,250.0,250.0
2003-09-03,251.0,252.0,248.0,248.0
2003-09-04,248.0,248.0,241.0,242.0
2003-09-05,240.0,248.0,238.0,239.0
2003-09-08,239.0,245.0,233.0,233.0
2003-09-09,236.0,244.0,236.0,242.0
2003-09-10,240.0,246.0,240.0,242.0
2003-09-11,241.0,245.0,241.0,242.0
2003-09-12,247.0,247.0,240.0,245.0
2003-09-15,245.0,245.0,245.0,245.0
2003-09-16,247.0,259.0,247.0,253.0
2003-09-17,255.0,256.0,246.0,247.0
2003-09-18,249.0,250.0,242.0,247.0
2003-09-19,246.0,249.0,245.0,247.0
2003-09-22,251.0,252.0,242.0,244.0
2003-09-23,244.0,244.0,244.0,244.0
2003-09-24,243.0,245.0,236.0,242.0
2003-09-25,242.0,242.0,234.0,234.0
2003-09-26,224.0,234.0,224.0,234.0
2003-09-29,234.0,234.0,225.0,227.0
2003-09-30,228.0,234.0,227.0,231.0
2003-10-01,231.0,241.0,220.0,240.0
2003-10-02,236.0,242.0,236.0,239.0
2003-10-03,237.0,239.0,237.0,237.0
2003-10-06,233.0,235.0,231.0,233.0
2003-10-07,234.0,234.0,233.0,234.0
2003-10-08,235.0,235.0,228.0,228.0
2003-10-09,229.0,229.0,226.0,226.0
2003-10-10,227.0,235.0,226.0,235.0
2003-10-13,235.0,235.0,235.0,235.0
2003-10-14,234.0,250.0,234.0,241.0
2003-10-15,245.0,257.0,243.0,251.0
2003-10-16,254.0,254.0,249.0,250.0
2003-10-17,244.0,244.0,235.0,239.0
2003-10-20,240.0,242.0,239.0,241.0
2003-10-21,242.0,242.0,237.0,237.0
2003-10-22,237.0,237.0,231.0,231.0
2003-10-23,230.0,231.0,219.0,219.0
2003-10-24,226.0,226.0,217.0,218.0
2003-10-27,223.0,234.0,222.0,224.0
2003-10-28,227.0,229.0,224.0,224.0
2003-10-29,226.0,229.0,222.0,224.0
2003-10-30,224.0,226.0,223.0,223.0
2003-10-31,222.0,223.0,220.0,220.0
2003-11-03,220.0,220.0,220.0,220.0
2003-11-04,221.0,224.0,220.0,224.0
2003-11-05,224.0,225.0,220.0,221.0
2003-11-06,220.0,220.0,213.0,213.0
2003-11-07,215.0,215.0,213.0,214.0
2003-11-10,214.0,214.0,212.0,212.0
2003-11-11,207.0,210.0,201.0,204.0
2003-11-12,201.0,206.0,201.0,205.0
2003-11-13,210.0,216.0,210.0,213.0
2003-11-14,213.0,215.0,211.0,211.0
2003-11-17,211.0,211.0,175.0,186.0
2003-11-18,186.0,186.0,178.0,184.0
2003-11-19,183.0,185.0,181.0,184.0
2003-11-20,188.0,196.0,188.0,194.0
2003-11-21,193.0,202.0,191.0,199.0
2003-11-24,199.0,199.0,199.0,199.0
2003-11-25,208.0,210.0,203.0,203.0
2003-11-26,203.0,205.0,203.0,204.0
2003-11-27,204.0,206.0,202.0,203.0
2003-11-28,203.0,203.0,195.0,196.0
2003-12-01,196.0,202.0,196.0,200.0
2003-12-02,200.0,205.0,195.0,196.0
2003-12-03,196.0,200.0,195.0,199.0
2003-12-04,200.0,200.0,193.0,197.0
2003-12-05,199.0,199.0,194.0,197.0
2003-12-08,196.0,197.0,191.0,196.0
2003-12-09,196.0,196.0,194.0,196.0
2003-12-10,196.0,196.0,191.0,192.0
2003-12-11,195.0,195.0,190.0,193.0
2003-12-12,194.0,199.0,194.0,198.0
2003-12-15,203.0,211.0,200.0,207.0
2003-12-16,202.0,204.0,200.0,200.0
2003-12-17,205.0,206.0,200.0,202.0
2003-12-18,202.0,202.0,196.0,199.0
2003-12-19,199.0,199.0,193.0,197.0
2003-12-22,197.0,199.0,195.0,199.0
2003-12-23,199.0,199.0,199.0,199.0
2003-12-24,198.0,200.0,192.0,193.0
2003-12-25,198.0,203.0,195.0,200.0
2003-12-26,199.0,205.0,199.0,201.0
2003-12-29,208.0,210.0,207.0,207.0
2003-12-30,210.0,214.0,210.0,212.0
2003-12-31,212.0,212.0,212.0,212.0
2004-01-01,212.0,212.0,212.0,212.0
2004-01-02,212.0,212.0,212.0,212.0
2004-01-05,222.0,222.0,212.0,215.0
2004-01-06,220.0,220.0,212.0,216.0
2004-01-07,213.0,214.0,210.0,210.0
2004-01-08,215.0,228.0,214.0,226.0
2004-01-09,229.0,229.0,225.0,227.0
2004-01-12,227.0,227.0,227.0,227.0
2004-01-13,230.0,230.0,223.0,223.0
2004-01-14,228.0,228.0,225.0,226.0
2004-01-15,228.0,229.0,226.0,226.0
2004-01-16,224.0,229.0,222.0,229.0
2004-01-19,230.0,231.0,224.0,230.0
2004-01-20,232.0,236.0,231.0,233.0
2004-01-21,230.0,233.0,227.0,230.0
2004-01-22,231.0,234.0,230.0,232.0
2004-01-23,232.0,236.0,231.0,236.0
2004-01-26,236.0,238.0,229.0,229.0
2004-01-27,228.0,229.0,223.0,227.0
2004-01-28,222.0,226.0,222.0,223.0
2004-01-29,222.0,222.0,213.0,213.0
2004-01-30,210.0,225.0,210.0,219.0
2004-02-02,225.0,234.0,225.0,232.0
2004-02-03,234.0,234.0,221.0,227.0
2004-02-04,226.0,230.0,220.0,224.0
2004-02-05,223.0,232.0,223.0,229.0
2004-02-06,228.0,245.0,225.0,242.0
2004-02-09,246.0,251.0,243.0,244.0
2004-02-10,243.0,244.0,237.0,242.0
2004-02-11,242.0,242.0,242.0,242.0
2004-02-12,245.0,250.0,244.0,250.0
2004-02-13,248.0,248.0,240.0,240.0
2004-02-16,245.0,246.0,233.0,241.0
2004-02-17,236.0,240.0,235.0,240.0
2004-02-18,239.0,240.0,234.0,239.0
2004-02-19,235.0,238.0,233.0,235.0
2004-02-20,237.0,246.0,237.0,244.0
2004-02-23,244.0,247.0,238.0,240.0
2004-02-24,243.0,243.0,239.0,241.0
2004-02-25,241.0,243.0,236.0,239.0
2004-02-26,238.0,239.0,234.0,239.0
2004-02-27,238.0,240.0,237.0,240.0
2004-03-01,244.0,248.0,242.0,248.0
2004-03-02,256.0,256.0,249.0,254.0
2004-03-03,250.0,254.0,250.0,252.0
2004-03-04,250.0,254.0,244.0,253.0
2004-03-05,255.0,255.0,251.0,252.0
2004-03-08,254.0,258.0,253.0,254.0
2004-03-09,257.0,266.0,254.0,264.0
2004-03-10,266.0,272.0,264.0,272.0
2004-03-11,267.0,267.0,262.0,266.0
2004-03-12,260.0,264.0,256.0,263.0
2004-03-15,263.0,268.0,263.0,267.0
2004-03-16,270.0,271.0,268.0,270.0
2004-03-17,272.0,275.0,270.0,273.0
2004-03-18,274.0,274.0,264.0,265.0
2004-03-19,265.0,271.0,264.0,267.0
2004-03-22,263.0,269.0,263.0,267.0
2004-03-23,268.0,274.0,265.0,271.0
2004-03-24,279.0,279.0,267.0,275.0
2004-03-25,275.0,282.0,275.0,280.0
2004-03-26,285.0,290.0,282.0,283.0
2004-03-29,286.0,307.0,285.0,305.0
2004-03-30,305.0,305.0,291.0,295.0
2004-03-31,298.0,303.0,296.0,299.0
2004-04-01,300.0,304.0,299.0,302.0
2004-04-02,300.0,302.0,297.0,302.0
2004-04-05,305.0,307.0,302.0,302.0
2004-04-06,305.0,305.0,297.0,301.0
2004-04-07,300.0,302.0,295.0,300.0
2004-04-08,295.0,302.0,295.0,302.0
2004-04-09,300.0,300.0,291.0,294.0
2004-04-12,290.0,298.0,290.0,295.0
2004-04-13,298.0,299.0,295.0,299.0
2004-04-14,295.0,299.0,295.0,298.0
2004-04-15,300.0,303.0,296.0,297.0
2004-04-16,297.0,302.0,292.0,296.0
2004-04-19,299.0,299.0,289.0,292.0
2004-04-20,292.0,298.0,292.0,293.0
2004-04-21,294.0,297.0,292.0,296.0
2004-04-22,297.0,298.0,295.0,296.0
2004-04-23,295.0,298.0,293.0,297.0
2004-04-26,297.0,298.0,297.0,297.0
2004-04-27,297.0,297.0,287.0,294.0
2004-04-28,295.0,295.0,288.0,289.0
2004-04-29,289.0,289.0,289.0,289.0
2004-04-30,285.0,293.0,274.0,290.0
2004-05-03,290.0,290.0,290.0,290.0
2004-05-04,290.0,290.0,290.0,290.0
2004-05-05,290.0,290.0,290.0,290.0
2004-05-06,290.0,292.0,285.0,286.0
2004-05-07,271.0,284.0,271.0,275.0
2004-05-10,270.0,270.0,255.0,255.0
2004-05-11,245.0,263.0,243.0,252.0
2004-05-12,252.0,265.0,246.0,263.0
2004-05-13,262.0,264.0,254.0,262.0
2004-05-14,254.0,259.0,249.0,255.0
2004-05-17,255.0,261.0,240.0,242.0
2004-05-18,227.0,259.0,227.0,257.0
2004-05-19,258.0,263.0,244.0,244.0
2004-05-20,249.0,273.0,246.0,264.0
2004-05-21,269.0,280.0,266.0,274.0
2004-05-24,266.0,269.0,264.0,264.0
2004-05-25,267.0,276.0,266.0,273.0
2004-05-26,272.0,276.0,268.0,276.0
2004-05-27,276.0,277.0,267.0,269.0
2004-05-28,270.0,274.0,267.0,273.0
2004-05-31,272.0,272.0,267.0,268.0
2004-06-01,270.0,282.0,270.0,278.0
2004-06-02,281.0,281.0,275.0,277.0
2004-06-03,276.0,279.0,263.0,265.0
2004-06-04,268.0,270.0,265.0,267.0
2004-06-07,272.0,282.0,272.0,273.0
2004-06-08,276.0,280.0,276.0,278.0
2004-06-09,281.0,281.0,272.0,272.0
2004-06-10,271.0,280.0,270.0,277.0
2004-06-11,277.0,282.0,277.0,278.0
2004-06-14,281.0,285.0,281.0,281.0
2004-06-15,284.0,287.0,282.0,284.0
2004-06-16,288.0,290.0,272.0,272.0
2004-06-17,281.0,281.0,274.0,277.0
2004-06-18,277.0,281.0,275.0,277.0
2004-06-21,282.0,284.0,280.0,280.0
2004-06-22,276.0,279.0,275.0,279.0
2004-06-23,277.0,283.0,277.0,280.0
2004-06-24,278.0,285.0,278.0,279.0
2004-06-25,281.0,283.0,279.0,282.0
2004-06-28,285.0,289.0,285.0,287.0
2004-06-29,290.0,294.0,287.0,289.0
2004-06-30,287.0,290.0,286.0,288.0
2004-07-01,291.0,315.0,291.0,308.0
2004-07-02,303.0,306.0,297.0,297.0
2004-07-05,297.0,315.0,295.0,309.0
2004-07-06,309.0,320.0,308.0,309.0
2004-07-07,305.0,310.0,298.0,300.0
2004-07-08,301.0,311.0,300.0,300.0
2004-07-09,300.0,324.0,293.0,321.0
2004-07-12,316.0,347.0,316.0,344.0
2004-07-13,348.0,360.0,345.0,351.0
2004-07-14,347.0,353.0,340.0,340.0
2004-07-15,340.0,344.0,335.0,337.0
2004-07-16,335.0,346.0,332.0,346.0
2004-07-19,346.0,346.0,346.0,346.0
2004-07-20,346.0,347.0,337.0,337.0
2004-07-21,342.0,344.0,333.0,341.0
2004-07-22,340.0,340.0,327.0,339.0
2004-07-23,338.0,340.0,335.0,337.0
2004-07-26,339.0,341.0,331.0,336.0
2004-07-27,338.0,342.0,328.0,335.0
2004-07-28,337.0,345.0,335.0,344.0
2004-07-29,348.0,358.0,342.0,350.0
2004-07-30,355.0,356.0,346.0,351.0
2004-08-02,351.0,351.0,341.0,343.0
2004-08-03,342.0,342.0,336.0,340.0
2004-08-04,330.0,330.0,320.0,327.0
2004-08-05,324.0,336.0,324.0,336.0
2004-08-06,332.0,334.0,330.0,333.0
2004-08-09,326.0,333.0,326.0,333.0
2004-08-10,331.0,336.0,329.0,335.0
2004-08-11,335.0,344.0,333.0,339.0
2004-08-12,337.0,340.0,332.0,334.0
2004-08-13,329.0,329.0,323.0,324.0
2004-08-16,324.0,325.0,306.0,317.0
2004-08-17,317.0,317.0,309.0,311.0
2004-08-18,312.0,313.0,296.0,302.0
2004-08-19,302.0,303.0,297.0,303.0
2004-08-20,304.0,314.0,304.0,314.0
2004-08-23,317.0,318.0,313.0,314.0
2004-08-24,309.0,312.0,300.0,304.0
2004-08-25,304.0,309.0,301.0,306.0
2004-08-26,302.0,310.0,302.0,304.0
2004-08-27,305.0,316.0,302.0,311.0
2004-08-30,318.0,323.0,314.0,315.0
2004-08-31,317.0,328.0,317.0,322.0
2004-09-01,327.0,333.0,324.0,333.0
2004-09-02,338.0,338.0,326.0,327.0
2004-09-03,328.0,336.0,328.0,334.0
2004-09-06,331.0,335.0,320.0,334.0
2004-09-07,337.0,338.0,333.0,336.0
2004-09-08,351.0,362.0,347.0,352.0
2004-09-09,355.0,365.0,353.0,358.0
2004-09-10,359.0,360.0,346.0,350.0
2004-09-13,348.0,348.0,340.0,345.0
2004-09-14,344.0,344.0,338.0,340.0
2004-09-15,344.0,344.0,337.0,338.0
2004-09-16,328.0,335.0,326.0,330.0
2004-09-17,332.0,332.0,326.0,330.0
2004-09-20,330.0,330.0,330.0,330.0
2004-09-21,334.0,340.0,332.0,332.0
2004-09-22,337.0,337.0,330.0,332.0
2004-09-23,332.0,332.0,332.0,332.0
2004-09-24,322.0,325.0,319.0,325.0
2004-09-27,325.0,325.0,315.0,323.0
2004-09-28,323.0,338.0,322.0,331.0
2004-09-29,331.0,334.0,326.0,331.0
2004-09-30,330.0,330.0,323.0,323.0
2004-10-01,323.0,323.0,316.0,318.0
2004-10-04,323.0,333.0,322.0,332.0
2004-10-05,335.0,340.0,334.0,335.0
2004-10-06,333.0,343.0,330.0,343.0
2004-10-07,343.0,344.0,325.0,325.0
2004-10-08,335.0,345.0,335.0,337.0
2004-10-11,337.0,337.0,337.0,337.0
2004-10-12,333.0,341.0,333.0,340.0
2004-10-13,340.0,340.0,334.0,335.0
2004-10-14,336.0,336.0,324.0,327.0
2004-10-15,327.0,329.0,322.0,325.0
2004-10-18,326.0,327.0,319.0,323.0
2004-10-19,321.0,327.0,320.0,324.0
2004-10-20,324.0,338.0,318.0,329.0
2004-10-21,333.0,333.0,322.0,322.0
2004-10-22,323.0,327.0,320.0,324.0
2004-10-25,324.0,325.0,319.0,322.0
2004-10-26,317.0,320.0,306.0,318.0
2004-10-27,320.0,323.0,311.0,320.0
2004-10-28,321.0,323.0,318.0,322.0
2004-10-29,324.0,325.0,320.0,322.0
2004-11-01,323.0,326.0,322.0,324.0
2004-11-02,327.0,328.0,322.0,325.0
2004-11-03,325.0,325.0,325.0,325.0
2004-11-04,330.0,330.0,327.0,328.0
2004-11-05,335.0,335.0,333.0,334.0
2004-11-08,332.0,334.0,324.0,324.0
2004-11-09,326.0,327.0,323.0,327.0
2004-11-10,328.0,330.0,325.0,330.0
2004-11-11,331.0,334.0,330.0,331.0
2004-11-12,326.0,331.0,324.0,330.0
2004-11-15,333.0,335.0,330.0,332.0
2004-11-16,330.0,335.0,330.0,332.0
2004-11-17,333.0,334.0,330.0,330.0
2004-11-18,331.0,331.0,319.0,321.0
2004-11-19,322.0,327.0,318.0,318.0
2004-11-22,318.0,322.0,313.0,316.0
2004-11-23,316.0,316.0,316.0,316.0
2004-11-24,327.0,327.0,320.0,320.0
2004-11-25,320.0,324.0,316.0,320.0
2004-11-26,321.0,321.0,318.0,319.0
2004-11-29,315.0,319.0,314.0,317.0
2004-11-30,315.0,317.0,314.0,317.0
2004-12-01,317.0,317.0,311.0,311.0
2004-12-02,314.0,314.0,312.0,314.0
2004-12-03,309.0,310.0,304.0,308.0
2004-12-06,310.0,314.0,310.0,311.0
2004-12-07,311.0,312.0,309.0,309.0
2004-12-08,307.0,308.0,306.0,306.0
2004-12-09,308.0,308.0,296.0,296.0
2004-12-10,297.0,300.0,297.0,298.0
2004-12-13,298.0,298.0,291.0,292.0
2004-12-14,292.0,295.0,290.0,295.0
2004-12-15,294.0,300.0,294.0,298.0
2004-12-16,301.0,301.0,297.0,297.0
2004-12-17,295.0,295.0,293.0,294.0
2004-12-20,295.0,300.0,295.0,299.0
2004-12-21,302.0,308.0,302.0,304.0
2004-12-22,307.0,310.0,305.0,306.0
2004-12-23,306.0,306.0,306.0,306.0
2004-12-24,310.0,313.0,310.0,310.0
2004-12-27,310.0,311.0,309.0,310.0
2004-12-28,310.0,313.0,310.0,313.0
2004-12-29,314.0,316.0,304.0,308.0
2004-12-30,312.0,315.0,310.0,312.0
2004-12-31,312.0,312.0,312.0,312.0
2005-01-03,312.0,312.0,312.0,312.0
2005-01-04,313.0,315.0,313.0,313.0
2005-01-05,313.0,315.0,311.0,311.0
2005-01-06,310.0,313.0,308.0,312.0
2005-01-07,312.0,315.0,310.0,312.0
2005-01-10,312.0,312.0,312.0,312.0
2005-01-11,315.0,316.0,309.0,312.0
2005-01-12,311.0,312.0,310.0,310.0
2005-01-13,312.0,312.0,309.0,309.0
2005-01-14,308.0,315.0,303.0,312.0
2005-01-17,342.0,360.0,334.0,338.0
2005-01-18,333.0,335.0,329.0,333.0
2005-01-19,339.0,348.0,337.0,338.0
2005-01-20,338.0,343.0,338.0,340.0
2005-01-21,340.0,353.0,339.0,352.0
2005-01-24,353.0,354.0,348.0,353.0
2005-01-25,353.0,353.0,345.0,350.0
2005-01-26,346.0,349.0,346.0,347.0
2005-01-27,345.0,346.0,342.0,346.0
2005-01-28,350.0,358.0,348.0,353.0
2005-01-31,354.0,356.0,352.0,355.0
2005-02-01,355.0,356.0,350.0,351.0
2005-02-02,353.0,354.0,352.0,352.0
2005-02-03,353.0,354.0,350.0,352.0
2005-02-04,350.0,351.0,349.0,350.0
2005-02-07,346.0,352.0,345.0,350.0
2005-02-08,350.0,351.0,349.0,350.0
2005-02-09,351.0,353.0,351.0,352.0
2005-02-10,360.0,364.0,355.0,356.0
2005-02-11,356.0,356.0,356.0,356.0
2005-02-14,357.0,358.0,352.0,353.0
2005-02-15,351.0,351.0,347.0,349.0
2005-02-16,349.0,349.0,342.0,344.0
2005-02-17,342.0,344.0,340.0,343.0
2005-02-18,340.0,344.0,340.0,342.0
2005-02-21,346.0,346.0,339.0,341.0
2005-02-22,343.0,343.0,339.0,339.0
2005-02-23,336.0,345.0,336.0,338.0
2005-02-24,338.0,345.0,338.0,344.0
2005-02-25,345.0,352.0,345.0,349.0
2005-02-28,363.0,374.0,359.0,367.0
2005-03-01,369.0,375.0,367.0,371.0
2005-03-02,376.0,378.0,369.0,369.0
2005-03-03,369.0,370.0,365.0,368.0
2005-03-04,369.0,369.0,364.0,366.0
2005-03-07,365.0,368.0,364.0,366.0
2005-03-08,365.0,366.0,359.0,360.0
2005-03-09,355.0,360.0,349.0,356.0
2005-03-10,356.0,363.0,355.0,356.0
2005-03-11,361.0,361.0,353.0,359.0
2005-03-14,361.0,364.0,358.0,362.0
2005-03-15,364.0,367.0,362.0,362.0
2005-03-16,362.0,362.0,357.0,361.0
2005-03-17,361.0,364.0,358.0,361.0
2005-03-18,364.0,367.0,360.0,363.0
2005-03-21,363.0,363.0,363.0,363.0
2005-03-22,373.0,381.0,371.0,377.0
2005-03-23,382.0,396.0,378.0,383.0
2005-03-24,380.0,381.0,373.0,374.0
2005-03-25,369.0,375.0,369.0,375.0
2005-03-28,366.0,371.0,355.0,361.0
2005-03-29,361.0,366.0,357.0,359.0
2005-03-30,355.0,365.0,349.0,350.0
2005-03-31,354.0,361.0,352.0,360.0
2005-04-01,361.0,361.0,355.0,359.0
2005-04-04,360.0,361.0,357.0,359.0
2005-04-05,360.0,368.0,357.0,366.0
2005-04-06,365.0,367.0,360.0,364.0
2005-04-07,363.0,366.0,361.0,363.0
2005-04-08,363.0,370.0,363.0,369.0
2005-04-11,369.0,369.0,365.0,365.0
2005-04-12,364.0,364.0,356.0,360.0
2005-04-13,361.0,362.0,356.0,361.0
2005-04-14,353.0,359.0,348.0,359.0
2005-04-15,359.0,359.0,348.0,350.0
2005-04-18,330.0,337.0,325.0,333.0
2005-04-19,334.0,356.0,332.0,354.0
2005-04-20,355.0,356.0,349.0,351.0
2005-04-21,332.0,347.0,332.0,347.0
2005-04-22,347.0,357.0,343.0,355.0
2005-04-25,356.0,359.0,355.0,356.0
2005-04-26,353.0,354.0,351.0,353.0
2005-04-27,351.0,357.0,350.0,355.0
2005-04-28,356.0,356.0,352.0,355.0
2005-04-29,355.0,355.0,355.0,355.0
2005-05-02,355.0,356.0,349.0,353.0
2005-05-03,353.0,353.0,353.0,353.0
2005-05-04,353.0,353.0,353.0,353.0
2005-05-05,353.0,353.0,353.0,353.0
2005-05-06,356.0,356.0,352.0,356.0
2005-05-09,354.0,356.0,352.0,356.0
2005-05-10,355.0,356.0,352.0,355.0
2005-05-11,354.0,354.0,349.0,353.0
2005-05-12,354.0,356.0,354.0,355.0
2005-05-13,354.0,354.0,349.0,352.0
2005-05-16,353.0,359.0,353.0,355.0
2005-05-17,358.0,358.0,340.0,341.0
2005-05-18,343.0,343.0,339.0,339.0
2005-05-19,344.0,382.0,344.0,376.0
2005-05-20,374.0,382.0,371.0,379.0
2005-05-23,399.0,409.0,392.0,395.0
2005-05-24,396.0,398.0,386.0,388.0
2005-05-25,391.0,394.0,384.0,386.0
2005-05-26,382.0,385.0,380.0,384.0
2005-05-27,391.0,397.0,390.0,391.0
2005-05-30,388.0,398.0,388.0,397.0
2005-05-31,395.0,395.0,392.0,395.0
2005-06-01,395.0,396.0,391.0,396.0
2005-06-02,396.0,397.0,392.0,394.0
2005-06-03,395.0,395.0,388.0,394.0
2005-06-06,389.0,404.0,389.0,397.0
2005-06-07,399.0,404.0,397.0,404.0
2005-06-08,402.0,414.0,402.0,406.0
2005-06-09,408.0,427.0,408.0,427.0
2005-06-10,428.0,429.0,420.0,427.0
2005-06-13,427.0,436.0,426.0,432.0
2005-06-14,435.0,435.0,425.0,432.0
2005-06-15,435.0,440.0,431.0,439.0
2005-06-16,440.0,443.0,437.0,439.0
2005-06-17,438.0,438.0,430.0,432.0
2005-06-20,433.0,445.0,433.0,442.0
2005-06-21,443.0,452.0,443.0,449.0
2005-06-22,449.0,456.0,448.0,450.0
2005-06-23,448.0,455.0,446.0,450.0
2005-06-24,440.0,460.0,440.0,453.0
2005-06-27,454.0,470.0,454.0,461.0
2005-06-28,465.0,472.0,460.0,471.0
2005-06-29,475.0,477.0,471.0,474.0
2005-06-30,474.0,476.0,468.0,473.0
2005-07-01,473.0,479.0,470.0,473.0
2005-07-04,468.0,488.0,465.0,485.0
2005-07-05,484.0,487.0,475.0,481.0
2005-07-06,483.0,485.0,477.0,478.0
2005-07-07,473.0,478.0,468.0,470.0
2005-07-08,467.0,472.0,463.0,470.0
2005-07-11,473.0,473.0,467.0,467.0
2005-07-12,466.0,470.0,463.0,470.0
2005-07-13,472.0,472.0,455.0,464.0
2005-07-14,465.0,467.0,464.0,466.0
2005-07-15,470.0,477.0,469.0,476.0
2005-07-18,476.0,476.0,476.0,476.0
2005-07-19,475.0,475.0,470.0,470.0
2005-07-20,475.0,475.0,470.0,475.0
2005-07-21,477.0,478.0,472.0,474.0
2005-07-22,469.0,470.0,463.0,467.0
2005-07-25,468.0,484.0,468.0,483.0
2005-07-26,483.0,483.0,476.0,479.0
2005-07-27,479.0,481.0,475.0,480.0
2005-07-28,481.0,482.0,476.0,478.0
2005-07-29,478.0,480.0,475.0,475.0
2005-08-01,475.0,477.0,468.0,474.0
2005-08-02,475.0,489.0,475.0,489.0
2005-08-03,495.0,501.0,491.0,496.0
2005-08-04,491.0,507.0,487.0,501.0
2005-08-05,511.0,519.0,504.0,504.0
2005-08-08,489.0,507.0,487.0,505.0
2005-08-09,509.0,528.0,509.0,523.0
2005-08-10,531.0,544.0,529.0,540.0
2005-08-11,566.0,568.0,550.0,560.0
2005-08-12,552.0,558.0,547.0,551.0
2005-08-15,550.0,560.0,545.0,551.0
2005-08-16,557.0,564.0,553.0,558.0
2005-08-17,555.0,562.0,550.0,552.0
2005-08-18,554.0,554.0,549.0,550.0
2005-08-19,545.0,546.0,539.0,540.0
2005-08-22,543.0,552.0,540.0,547.0
2005-08-23,550.0,555.0,538.0,539.0
2005-08-24,533.0,541.0,533.0,540.0
2005-08-25,540.0,540.0,534.0,535.0
2005-08-26,535.0,548.0,535.0,548.0
2005-08-29,547.0,548.0,540.0,544.0
2005-08-30,546.0,547.0,545.0,546.0
2005-08-31,546.0,546.0,540.0,542.0
2005-09-01,545.0,546.0,543.0,544.0
2005-09-02,548.0,555.0,544.0,555.0
2005-09-05,563.0,578.0,562.0,578.0
2005-09-06,588.0,588.0,569.0,569.0
2005-09-07,573.0,579.0,569.0,574.0
2005-09-08,568.0,569.0,557.0,557.0
2005-09-09,564.0,570.0,556.0,569.0
2005-09-12,585.0,585.0,567.0,571.0
2005-09-13,572.0,583.0,572.0,583.0
2005-09-14,584.0,584.0,578.0,580.0
2005-09-15,582.0,594.0,582.0,593.0
2005-09-16,598.0,600.0,590.0,597.0
2005-09-19,597.0,597.0,597.0,597.0
2005-09-20,598.0,605.0,597.0,605.0
2005-09-21,609.0,610.0,594.0,595.0
2005-09-22,590.0,592.0,583.0,583.0
2005-09-23,583.0,583.0,583.0,583.0
2005-09-26,585.0,596.0,585.0,589.0
2005-09-27,596.0,596.0,587.0,587.0
2005-09-28,587.0,592.0,584.0,592.0
2005-09-29,595.0,596.0,587.0,594.0
2005-09-30,590.0,593.0,578.0,579.0
2005-10-03,579.0,583.0,563.0,574.0
2005-10-04,570.0,575.0,566.0,566.0
2005-10-05,563.0,564.0,554.0,556.0
2005-10-06,552.0,570.0,551.0,558.0
2005-10-07,555.0,564.0,554.0,558.0
2005-10-10,558.0,558.0,558.0,558.0
2005-10-11,560.0,578.0,560.0,578.0
2005-10-12,578.0,585.0,571.0,579.0
2005-10-13,578.0,585.0,571.0,580.0
2005-10-14,580.0,581.0,573.0,573.0
2005-10-17,582.0,582.0,562.0,564.0
2005-10-18,566.0,577.0,564.0,575.0
2005-10-19,579.0,586.0,576.0,586.0
2005-10-20,595.0,602.0,588.0,594.0
2005-10-21,595.0,616.0,593.0,611.0
2005-10-24,614.0,617.0,595.0,599.0
2005-10-25,605.0,609.0,604.0,607.0
2005-10-26,610.0,631.0,600.0,623.0
2005-10-27,639.0,690.0,638.0,686.0
2005-10-28,660.0,719.0,660.0,719.0
2005-10-31,719.0,719.0,701.0,711.0
2005-11-01,711.0,718.0,698.0,718.0
2005-11-02,716.0,757.0,713.0,745.0
2005-11-03,757.0,757.0,730.0,745.0
2005-11-04,757.0,757.0,713.0,721.0
2005-11-07,724.0,742.0,724.0,739.0
2005-11-08,743.0,745.0,720.0,738.0
2005-11-09,738.0,750.0,724.0,731.0
2005-11-10,736.0,744.0,719.0,724.0
2005-11-11,724.0,748.0,721.0,742.0
2005-11-14,739.0,739.0,728.0,730.0
2005-11-15,730.0,730.0,711.0,714.0
2005-11-16,710.0,724.0,700.0,717.0
2005-11-17,723.0,745.0,720.0,740.0
2005-11-18,746.0,748.0,723.0,735.0
2005-11-21,739.0,742.0,715.0,716.0
2005-11-22,719.0,727.0,715.0,725.0
2005-11-23,725.0,725.0,725.0,725.0
2005-11-24,725.0,726.0,710.0,711.0
2005-11-25,713.0,735.0,713.0,730.0
2005-11-28,738.0,745.0,730.0,737.0
2005-11-29,738.0,795.0,737.0,790.0
2005-11-30,810.0,810.0,775.0,800.0
2005-12-01,809.0,842.0,798.0,803.0
2005-12-02,808.0,814.0,790.0,798.0
2005-12-05,800.0,831.0,798.0,828.0
2005-12-06,828.0,830.0,799.0,809.0
2005-12-07,828.0,835.0,810.0,819.0
2005-12-08,819.0,820.0,790.0,805.0
2005-12-09,801.0,817.0,795.0,812.0
2005-12-12,822.0,838.0,810.0,816.0
2005-12-13,819.0,819.0,811.0,816.0
2005-12-14,815.0,817.0,803.0,810.0
2005-12-15,810.0,820.0,801.0,811.0
2005-12-16,817.0,825.0,798.0,807.0
2005-12-19,808.0,808.0,791.0,805.0
2005-12-20,805.0,839.0,804.0,836.0
2005-12-21,850.0,850.0,834.0,850.0
2005-12-22,850.0,850.0,840.0,849.0
2005-12-23,849.0,849.0,849.0,849.0
2005-12-26,850.0,863.0,844.0,859.0
2005-12-27,865.0,888.0,860.0,880.0
2005-12-28,879.0,888.0,869.0,884.0
2005-12-29,889.0,938.0,885.0,914.0
2005-12-30,914.0,914.0,876.0,882.0
2006-01-02,882.0,882.0,882.0,882.0
2006-01-03,882.0,882.0,882.0,882.0
2006-01-04,891.0,903.0,887.0,895.0
2006-01-05,910.0,910.0,891.0,892.0
2006-01-06,895.0,902.0,890.0,891.0
2006-01-09,891.0,891.0,891.0,891.0
2006-01-10,890.0,895.0,873.0,880.0
2006-01-11,881.0,882.0,863.0,873.0
2006-01-12,867.0,889.0,867.0,872.0
2006-01-13,862.0,870.0,851.0,854.0
2006-01-16,857.0,880.0,851.0,871.0
2006-01-17,870.0,878.0,829.0,829.0
2006-01-18,830.0,833.0,729.0,754.0
2006-01-19,734.0,828.0,734.0,802.0
2006-01-20,852.0,852.0,797.0,819.0
2006-01-23,809.0,809.0,791.0,792.0
2006-01-24,800.0,818.0,793.0,809.0
2006-01-25,827.0,862.0,813.0,837.0
2006-01-26,857.0,858.0,843.0,851.0
2006-01-27,862.0,878.0,857.0,875.0
2006-01-30,880.0,897.0,877.0,882.0
2006-01-31,882.0,896.0,878.0,884.0
2006-02-01,880.0,893.0,875.0,876.0
2006-02-02,886.0,893.0,882.0,887.0
2006-02-03,888.0,958.0,879.0,951.0
2006-02-06,954.0,1009.0,938.0,1009.0
2006-02-07,997.0,1018.0,960.0,1017.0
2006-02-08,997.0,1007.0,969.0,969.0
2006-02-09,998.0,1039.0,996.0,1017.0
2006-02-10,1017.0,1024.0,950.0,998.0
2006-02-13,948.0,952.0,898.0,903.0
2006-02-14,906.0,943.0,880.0,914.0
2006-02-15,944.0,959.0,911.0,918.0
2006-02-16,922.0,929.0,902.0,916.0
2006-02-17,916.0,921.0,865.0,867.0
2006-02-20,859.0,859.0,795.0,807.0
2006-02-21,807.0,830.0,791.0,822.0
2006-02-22,842.0,855.0,822.0,843.0
2006-02-23,873.0,889.0,854.0,872.0
2006-02-24,873.0,896.0,870.0,895.0
2006-02-27,915.0,916.0,875.0,875.0
2006-02-28,895.0,895.0,874.0,884.0
2006-03-01,874.0,874.0,852.0,853.0
2006-03-02,857.0,868.0,836.0,841.0
2006-03-03,820.0,833.0,808.0,812.0
2006-03-06,802.0,826.0,780.0,823.0
2006-03-07,833.0,833.0,809.0,811.0
2006-03-08,805.0,806.0,790.0,793.0
2006-03-09,794.0,819.0,794.0,816.0
2006-03-10,819.0,840.0,802.0,823.0
2006-03-13,832.0,844.0,830.0,836.0
2006-03-14,845.0,845.0,834.0,842.0
2006-03-15,842.0,855.0,842.0,853.0
2006-03-16,863.0,864.0,845.0,847.0
2006-03-17,847.0,865.0,847.0,865.0
2006-03-20,865.0,878.0,865.0,872.0
2006-03-21,872.0,872.0,872.0,872.0
2006-03-22,873.0,879.0,868.0,870.0
2006-03-23,875.0,880.0,870.0,877.0
2006-03-24,877.0,893.0,852.0,868.0
2006-03-27,872.0,874.0,860.0,864.0
2006-03-28,863.0,871.0,850.0,868.0
2006-03-29,873.0,883.0,865.0,878.0
2006-03-30,897.0,897.0,883.0,888.0
2006-03-31,892.0,897.0,882.0,882.0
2006-04-03,885.0,892.0,870.0,887.0
2006-04-04,881.0,886.0,875.0,880.0
2006-04-05,881.0,889.0,875.0,875.0
2006-04-06,880.0,890.0,878.0,884.0
2006-04-07,885.0,885.0,875.0,885.0
2006-04-10,884.0,884.0,875.0,877.0
2006-04-11,884.0,884.0,863.0,866.0
2006-04-12,862.0,867.0,858.0,858.0
2006-04-13,857.0,878.0,835.0,861.0
2006-04-14,867.0,867.0,845.0,860.0
2006-04-17,864.0,866.0,846.0,846.0
2006-04-18,840.0,845.0,831.0,841.0
2006-04-19,851.0,856.0,845.0,845.0
2006-04-20,866.0,903.0,862.0,900.0
2006-04-21,900.0,900.0,880.0,885.0
2006-04-24,881.0,883.0,833.0,844.0
2006-04-25,850.0,861.0,846.0,856.0
2006-04-26,865.0,866.0,856.0,864.0
2006-04-27,865.0,867.0,856.0,857.0
2006-04-28,860.0,862.0,850.0,855.0
2006-05-01,857.0,859.0,853.0,854.0
2006-05-02,859.0,875.0,855.0,855.0
2006-05-03,855.0,855.0,855.0,855.0
2006-05-04,855.0,855.0,855.0,855.0
2006-05-05,855.0,855.0,855.0,855.0
2006-05-08,870.0,879.0,865.0,874.0
2006-05-09,878.0,895.0,840.0,846.0
2006-05-10,854.0,866.0,808.0,820.0
2006-05-11,810.0,827.0,798.0,811.0
2006-05-12,811.0,828.0,798.0,825.0
2006-05-15,825.0,825.0,807.0,813.0
2006-05-16,770.0,770.0,770.0,770.0
2006-05-17,771.0,800.0,771.0,796.0
2006-05-18,770.0,811.0,760.0,805.0
2006-05-19,806.0,806.0,790.0,801.0
2006-05-22,754.0,754.0,754.0,754.0
2006-05-23,713.0,727.0,698.0,700.0
2006-05-24,705.0,730.0,705.0,721.0
2006-05-25,724.0,730.0,706.0,710.0
2006-05-26,712.0,724.0,702.0,704.0
2006-05-29,738.0,745.0,722.0,728.0
2006-05-30,726.0,736.0,700.0,717.0
2006-05-31,706.0,710.0,687.0,687.0
2006-06-01,697.0,709.0,684.0,690.0
2006-06-02,700.0,708.0,668.0,702.0
2006-06-05,710.0,718.0,701.0,708.0
2006-06-06,697.0,700.0,688.0,691.0
2006-06-07,691.0,699.0,680.0,681.0
2006-06-08,631.0,649.0,621.0,630.0
2006-06-09,625.0,662.0,620.0,650.0
2006-06-12,650.0,671.0,640.0,654.0
2006-06-13,664.0,676.0,636.0,636.0
2006-06-14,648.0,648.0,648.0,648.0
2006-06-15,652.0,666.0,646.0,653.0
2006-06-16,685.0,685.0,663.0,679.0
2006-06-19,679.0,691.0,675.0,678.0
2006-06-20,684.0,692.0,662.0,669.0
2006-06-21,671.0,682.0,662.0,671.0
2006-06-22,683.0,722.0,677.0,714.0
2006-06-23,704.0,704.0,687.0,704.0
2006-06-26,704.0,712.0,695.0,706.0
2006-06-27,708.0,718.0,703.0,707.0
2006-06-28,691.0,694.0,647.0,659.0
2006-06-29,666.0,682.0,662.0,675.0
2006-06-30,692.0,705.0,687.0,690.0
2006-07-03,693.0,703.0,692.0,696.0
2006-07-04,709.0,709.0,700.0,705.0
2006-07-05,703.0,705.0,695.0,699.0
2006-07-06,691.0,695.0,685.0,689.0
2006-07-07,694.0,695.0,682.0,686.0
2006-07-10,689.0,689.0,689.0,689.0
2006-07-11,693.0,696.0,678.0,691.0
2006-07-12,690.0,694.0,665.0,684.0
2006-07-13,674.0,692.0,672.0,684.0
2006-07-14,674.0,678.0,666.0,672.0
2006-07-17,652.0,678.0,648.0,668.0
2006-07-18,672.0,679.0,631.0,634.0
2006-07-19,634.0,645.0,587.0,595.0
2006-07-20,625.0,647.0,618.0,647.0
2006-07-21,647.0,650.0,626.0,630.0
2006-07-24,621.0,639.0,603.0,616.0
2006-07-25,626.0,640.0,621.0,626.0
2006-07-26,629.0,634.0,602.0,602.0
2006-07-27,605.0,618.0,593.0,594.0
2006-07-28,592.0,598.0,581.0,585.0
2006-07-31,601.0,616.0,600.0,612.0
2006-08-01,613.0,629.0,613.0,621.0
2006-08-02,621.0,645.0,606.0,610.0
2006-08-03,628.0,628.0,609.0,615.0
2006-08-04,625.0,642.0,622.0,639.0
2006-08-07,638.0,653.0,616.0,618.0
2006-08-08,613.0,635.0,613.0,624.0
2006-08-09,623.0,633.0,617.0,633.0
2006-08-10,623.0,638.0,623.0,630.0
2006-08-11,633.0,650.0,633.0,641.0
2006-08-14,643.0,646.0,635.0,643.0
2006-08-15,650.0,654.0,645.0,652.0
2006-08-16,701.0,705.0,685.0,695.0
2006-08-17,686.0,693.0,679.0,683.0
2006-08-18,680.0,690.0,671.0,690.0
2006-08-21,696.0,699.0,681.0,685.0
2006-08-22,686.0,691.0,679.0,691.0
2006-08-23,698.0,710.0,695.0,706.0
2006-08-24,699.0,706.0,694.0,702.0
2006-08-25,703.0,709.0,700.0,703.0
2006-08-28,702.0,702.0,680.0,680.0
2006-08-29,682.0,690.0,680.0,683.0
2006-08-30,680.0,684.0,668.0,672.0
2006-08-31,678.0,699.0,669.0,692.0
2006-09-01,693.0,697.0,688.0,693.0
2006-09-04,700.0,705.0,695.0,702.0
2006-09-05,703.0,713.0,700.0,711.0
2006-09-06,711.0,727.0,711.0,724.0
2006-09-07,714.0,721.0,710.0,716.0
2006-09-08,711.0,719.0,704.0,714.0
2006-09-11,707.0,714.0,695.0,700.0
2006-09-12,700.0,709.0,692.0,695.0
2006-09-13,700.0,706.0,673.0,675.0
2006-09-14,665.0,687.0,657.0,683.0
2006-09-15,683.0,689.0,674.0,685.0
2006-09-18,685.0,685.0,685.0,685.0
2006-09-19,684.0,695.0,680.0,682.0
2006-09-20,682.0,683.0,665.0,675.0
2006-09-21,676.0,679.0,669.0,675.0
2006-09-22,675.0,676.0,662.0,671.0
2006-09-25,661.0,671.0,624.0,659.0
2006-09-26,654.0,672.0,654.0,664.0
2006-09-27,676.0,686.0,667.0,683.0
2006-09-28,684.0,702.0,684.0,693.0
2006-09-29,699.0,707.0,694.0,698.0
2006-10-02,705.0,720.0,702.0,713.0
2006-10-03,717.0,741.0,713.0,739.0
2006-10-04,739.0,739.0,723.0,725.0
2006-10-05,740.0,740.0,726.0,735.0
2006-10-06,731.0,735.0,728.0,730.0
2006-10-09,730.0,730.0,730.0,730.0
2006-10-10,713.0,734.0,711.0,723.0
2006-10-11,733.0,750.0,725.0,726.0
2006-10-12,723.0,739.0,720.0,739.0
2006-10-13,742.0,760.0,742.0,759.0
2006-10-16,769.0,776.0,762.0,774.0
2006-10-17,774.0,775.0,760.0,767.0
2006-10-18,762.0,764.0,746.0,756.0
2006-10-19,766.0,776.0,759.0,770.0
2006-10-20,770.0,779.0,768.0,778.0
2006-10-23,780.0,780.0,771.0,779.0
2006-10-24,783.0,787.0,774.0,780.0
2006-10-25,789.0,791.0,770.0,774.0
2006-10-26,780.0,784.0,778.0,779.0
2006-10-27,797.0,799.0,785.0,790.0
2006-10-30,791.0,791.0,765.0,770.0
2006-10-31,770.0,788.0,769.0,770.0
2006-11-01,770.0,771.0,760.0,763.0
2006-11-02,760.0,787.0,760.0,780.0
2006-11-03,780.0,780.0,780.0,780.0
2006-11-06,768.0,788.0,768.0,781.0
2006-11-07,789.0,790.0,781.0,784.0
2006-11-08,778.0,789.0,750.0,760.0
2006-11-09,752.0,757.0,742.0,748.0
2006-11-10,738.0,747.0,715.0,718.0
2006-11-13,714.0,714.0,674.0,691.0
2006-11-14,692.0,730.0,692.0,721.0
2006-11-15,722.0,729.0,714.0,714.0
2006-11-16,709.0,724.0,709.0,712.0
2006-11-17,706.0,716.0,701.0,714.0
2006-11-20,720.0,724.0,693.0,693.0
2006-11-21,687.0,703.0,677.0,679.0
2006-11-22,679.0,705.0,676.0,702.0
2006-11-23,702.0,702.0,702.0,702.0
2006-11-24,693.0,697.0,687.0,694.0
2006-11-27,694.0,704.0,690.0,702.0
2006-11-28,692.0,705.0,692.0,704.0
2006-11-29,706.0,723.0,706.0,723.0
2006-11-30,726.0,731.0,719.0,731.0
2006-12-01,731.0,731.0,731.0,731.0
2006-12-04,724.0,744.0,724.0,743.0
2006-12-05,747.0,748.0,733.0,742.0
2006-12-06,725.0,755.0,725.0,751.0
2006-12-07,755.0,756.0,747.0,751.0
2006-12-08,742.0,745.0,737.0,737.0
2006-12-11,744.0,753.0,738.0,750.0
2006-12-12,750.0,755.0,742.0,749.0
2006-12-13,749.0,749.0,749.0,749.0
2006-12-14,755.0,764.0,750.0,763.0
2006-12-15,763.0,772.0,760.0,765.0
2006-12-18,769.0,780.0,769.0,773.0
2006-12-19,770.0,771.0,760.0,762.0
2006-12-20,770.0,772.0,765.0,772.0
2006-12-21,773.0,777.0,759.0,775.0
2006-12-22,766.0,774.0,761.0,764.0
2006-12-25,764.0,766.0,752.0,756.0
2006-12-26,746.0,754.0,741.0,754.0
2006-12-27,756.0,764.0,756.0,761.0
2006-12-28,758.0,758.0,743.0,754.0
2006-12-29,755.0,755.0,749.0,750.0
2007-01-04,750.0,750.0,750.0,750.0
2007-01-05,764.0,764.0,743.0,745.0
2007-01-09,747.0,756.0,745.0,752.0
2007-01-10,756.0,756.0,735.0,737.0
2007-01-11,741.0,744.0,731.0,733.0
2007-01-12,737.0,745.0,737.0,743.0
2007-01-15,750.0,771.0,750.0,767.0
2007-01-16,757.0,764.0,754.0,764.0
2007-01-17,755.0,758.0,745.0,757.0
2007-01-18,757.0,763.0,755.0,760.0
2007-01-19,760.0,769.0,752.0,766.0
2007-01-22,775.0,788.0,773.0,781.0
2007-01-23,781.0,785.0,777.0,781.0
2007-01-24,780.0,784.0,771.0,776.0
2007-01-25,781.0,783.0,765.0,770.0
2007-01-26,768.0,770.0,761.0,770.0
2007-01-29,774.0,784.0,765.0,779.0
2007-01-30,780.0,799.0,780.0,792.0
2007-01-31,799.0,800.0,792.0,792.0
2007-02-01,798.0,805.0,792.0,805.0
2007-02-02,805.0,818.0,805.0,815.0
2007-02-05,816.0,831.0,811.0,820.0
2007-02-06,830.0,854.0,830.0,851.0
2007-02-07,850.0,850.0,835.0,843.0
2007-02-08,842.0,843.0,820.0,826.0
2007-02-09,817.0,852.0,815.0,850.0
2007-02-13,850.0,850.0,850.0,850.0
2007-02-14,860.0,867.0,852.0,856.0
2007-02-15,859.0,863.0,848.0,861.0
2007-02-16,858.0,859.0,847.0,849.0
2007-02-19,843.0,859.0,843.0,855.0
2007-02-20,856.0,859.0,850.0,858.0
2007-02-21,859.0,868.0,856.0,862.0
2007-02-22,864.0,884.0,864.0,881.0
2007-02-23,890.0,898.0,888.0,896.0
2007-02-26,898.0,904.0,887.0,892.0
2007-02-27,899.0,905.0,896.0,901.0
2007-02-28,841.0,870.0,831.0,869.0
2007-03-01,869.0,869.0,869.0,869.0
2007-03-02,870.0,883.0,870.0,876.0
2007-03-05,869.0,869.0,831.0,837.0
2007-03-06,834.0,839.0,823.0,838.0
2007-03-07,845.0,853.0,828.0,829.0
2007-03-08,820.0,850.0,800.0,847.0
2007-03-09,846.0,860.0,846.0,849.0
2007-03-12,858.0,863.0,853.0,853.0
2007-03-13,856.0,856.0,856.0,856.0
2007-03-14,824.0,824.0,824.0,824.0
2007-03-15,830.0,841.0,829.0,835.0
2007-03-16,839.0,843.0,828.0,831.0
2007-03-19,834.0,841.0,834.0,839.0
2007-03-20,845.0,851.0,840.0,849.0
2007-03-22,862.0,868.0,858.0,866.0
2007-03-23,870.0,873.0,853.0,872.0
2007-03-26,868.0,872.0,860.0,872.0
2007-03-27,860.0,868.0,856.0,862.0
2007-03-28,864.0,870.0,856.0,857.0
2007-03-29,848.0,863.0,844.0,861.0
2007-03-30,862.0,867.0,846.0,864.0
2007-04-02,855.0,862.0,812.0,815.0
2007-04-03,825.0,831.0,816.0,817.0
2007-04-04,830.0,832.0,821.0,830.0
2007-04-05,835.0,835.0,823.0,826.0
2007-04-06,821.0,829.0,806.0,809.0
2007-04-09,809.0,809.0,809.0,809.0
2007-04-10,824.0,833.0,818.0,827.0
2007-04-11,830.0,833.0,815.0,819.0
2007-04-12,820.0,830.0,815.0,824.0
2007-04-13,829.0,831.0,815.0,815.0
2007-04-16,825.0,835.0,820.0,821.0
2007-04-17,825.0,829.0,812.0,813.0
2007-04-18,815.0,827.0,815.0,825.0
2007-04-19,826.0,827.0,809.0,816.0
2007-04-20,818.0,822.0,818.0,819.0
2007-04-23,819.0,822.0,793.0,809.0
2007-04-24,802.0,817.0,800.0,817.0
2007-04-25,821.0,828.0,819.0,820.0
2007-04-26,825.0,829.0,816.0,828.0
2007-04-27,830.0,849.0,829.0,847.0
2007-05-01,851.0,853.0,840.0,840.0
2007-05-02,834.0,848.0,832.0,846.0
2007-05-07,846.0,852.0,845.0,850.0
2007-05-08,852.0,855.0,849.0,851.0
2007-05-09,869.0,882.0,859.0,870.0
2007-05-10,869.0,876.0,869.0,871.0
2007-05-11,845.0,857.0,845.0,854.0
2007-05-14,861.0,867.0,854.0,856.0
2007-05-15,846.0,848.0,838.0,841.0
2007-05-16,840.0,840.0,829.0,834.0
2007-05-17,824.0,834.0,815.0,821.0
2007-05-18,818.0,820.0,809.0,812.0
2007-05-21,812.0,839.0,812.0,834.0
2007-05-22,837.0,842.0,821.0,842.0
2007-05-23,832.0,842.0,832.0,837.0
2007-05-24,827.0,831.0,823.0,829.0
2007-05-25,812.0,819.0,812.0,817.0
2007-05-28,809.0,815.0,806.0,811.0
2007-05-29,805.0,814.0,805.0,812.0
2007-05-30,810.0,830.0,810.0,822.0
2007-05-31,834.0,840.0,829.0,835.0
2007-06-01,862.0,867.0,858.0,864.0
2007-06-04,862.0,864.0,857.0,862.0
2007-06-05,858.0,864.0,858.0,863.0
2007-06-06,866.0,872.0,860.0,869.0
2007-06-07,857.0,868.0,848.0,862.0
2007-06-08,853.0,854.0,843.0,854.0
2007-06-11,854.0,855.0,845.0,848.0
2007-06-12,844.0,846.0,835.0,840.0
2007-06-13,842.0,844.0,835.0,838.0
2007-06-14,857.0,858.0,849.0,852.0
2007-06-15,861.0,880.0,857.0,880.0
2007-06-18,882.0,885.0,879.0,881.0
2007-06-19,886.0,894.0,886.0,890.0
2007-06-20,895.0,895.0,886.0,888.0
2007-06-21,890.0,900.0,888.0,899.0
2007-06-22,900.0,903.0,896.0,902.0
2007-06-25,910.0,915.0,895.0,899.0
2007-06-26,905.0,923.0,903.0,920.0
2007-06-27,917.0,917.0,898.0,900.0
2007-06-28,916.0,916.0,905.0,911.0
2007-06-29,920.0,925.0,912.0,914.0
2007-07-02,920.0,928.0,917.0,925.0
2007-07-03,921.0,925.0,905.0,912.0
2007-07-04,921.0,927.0,905.0,924.0
2007-07-05,928.0,943.0,924.0,935.0
2007-07-06,930.0,934.0,919.0,926.0
2007-07-09,930.0,939.0,905.0,917.0
2007-07-10,916.0,920.0,895.0,903.0
2007-07-11,893.0,910.0,893.0,904.0
2007-07-12,914.0,927.0,900.0,905.0
2007-07-13,908.0,920.0,894.0,903.0
2007-07-17,925.0,929.0,921.0,921.0
2007-07-18,902.0,909.0,895.0,898.0
2007-07-19,900.0,909.0,900.0,906.0
2007-07-20,923.0,927.0,916.0,920.0
2007-07-23,900.0,907.0,897.0,902.0
2007-07-24,906.0,906.0,900.0,902.0
2007-07-25,892.0,900.0,890.0,896.0
2007-07-26,886.0,896.0,853.0,866.0
2007-07-27,847.0,865.0,843.0,849.0
2007-07-30,840.0,872.0,836.0,871.0
2007-07-31,860.0,861.0,831.0,842.0
2007-08-01,842.0,879.0,842.0,844.0
2007-08-02,844.0,857.0,820.0,845.0
2007-08-03,839.0,844.0,828.0,833.0
2007-08-06,816.0,845.0,813.0,840.0
2007-08-07,828.0,835.0,823.0,824.0
2007-08-08,833.0,833.0,801.0,807.0
2007-08-09,750.0,762.0,721.0,729.0
2007-08-10,722.0,726.0,707.0,711.0
2007-08-13,762.0,764.0,746.0,755.0
2007-08-14,735.0,797.0,735.0,794.0
2007-08-15,779.0,779.0,752.0,765.0
2007-08-16,736.0,754.0,712.0,754.0
2007-08-17,734.0,734.0,661.0,663.0
2007-08-20,694.0,694.0,694.0,694.0
2007-08-21,674.0,717.0,671.0,710.0
2007-08-22,692.0,702.0,686.0,690.0
2007-08-23,727.0,728.0,717.0,727.0
2007-08-24,731.0,731.0,707.0,725.0
2007-08-27,738.0,741.0,731.0,734.0
2007-08-28,735.0,738.0,720.0,736.0
2007-08-29,703.0,716.0,702.0,712.0
2007-08-30,715.0,718.0,705.0,712.0
2007-08-31,720.0,742.0,720.0,742.0
2007-09-03,745.0,753.0,729.0,735.0
2007-09-04,739.0,739.0,727.0,729.0
2007-09-05,728.0,730.0,697.0,700.0
2007-09-06,691.0,706.0,682.0,706.0
2007-09-07,704.0,711.0,692.0,699.0
2007-09-10,686.0,698.0,686.0,693.0
2007-09-11,683.0,697.0,671.0,691.0
2007-09-12,691.0,691.0,691.0,691.0
2007-09-13,615.0,623.0,606.0,610.0
2007-09-14,580.0,600.0,565.0,589.0
2007-09-18,590.0,598.0,573.0,579.0
2007-09-19,585.0,592.0,584.0,591.0
2007-09-20,588.0,588.0,582.0,585.0
2007-09-21,584.0,595.0,572.0,582.0
2007-09-25,578.0,586.0,554.0,568.0
2007-09-26,573.0,587.0,564.0,583.0
2007-09-27,600.0,611.0,588.0,608.0
2007-09-28,610.0,610.0,588.0,601.0
2007-10-01,611.0,624.0,603.0,609.0
2007-10-02,629.0,629.0,607.0,613.0
2007-10-03,612.0,622.0,606.0,621.0
2007-10-04,621.0,629.0,615.0,620.0
2007-10-05,637.0,640.0,628.0,633.0
2007-10-09,638.0,659.0,631.0,650.0
2007-10-10,660.0,661.0,643.0,648.0
2007-10-11,648.0,661.0,645.0,660.0
2007-10-12,650.0,650.0,642.0,642.0
2007-10-15,647.0,647.0,645.0,645.0
2007-10-16,624.0,631.0,609.0,609.0
2007-10-17,589.6406860351562,604.0,589.6406860351562,604.0
2007-10-18,594.0,625.0,594.0,617.0
2007-10-19,599.0,599.0,595.0,595.0
2007-10-22,592.0,592.0,571.0,577.0
2007-10-23,590.0,590.0,590.0,590.0
2007-10-24,589.0,596.0,578.0,584.0
2007-10-25,582.0,582.0,578.0,578.0
2007-10-26,580.0,580.0,574.0,574.0
2007-10-29,580.0,587.0,569.0,576.0
2007-10-30,572.0,592.0,572.0,592.0
2007-10-31,592.0,607.0,581.0,607.0
2007-11-01,607.0,614.0,607.0,614.0
2007-11-02,595.594970703125,595.594970703125,593.0,593.0
2007-11-05,594.0,595.0,573.0,575.0
2007-11-06,585.0,587.0,585.0,587.0
2007-11-07,591.0,591.0,582.0,582.0
2007-11-08,582.0,582.0,577.0,577.0
2007-11-09,577.0,586.0,577.0,586.0
2007-11-12,589.0,589.0,568.0,568.0
2007-11-13,568.0,568.0,552.0,552.0
2007-11-14,552.0,562.0,552.0,562.0
2007-11-15,582.0,593.0,576.0,576.0
2007-11-16,567.0,567.0,557.0,557.0
2007-11-19,550.0,550.0,535.0,535.0
2007-11-20,518.0,536.0,518.0,536.0
2007-11-21,536.1408081054688,536.1408081054688,521.0,521.0
2007-11-22,522.0,532.0,522.0,532.0
2007-11-26,538.0,550.0,536.0,536.0
2007-11-27,531.8358154296875,547.0,531.8358154296875,547.0
2007-11-28,547.0,547.0,535.0,535.0
2007-11-29,557.0,558.0,557.0,558.0
2007-11-30,557.7210083007812,585.0,557.7210083007812,585.0
2007-12-03,585.0,585.0,578.0,578.0
2007-12-04,566.0,575.0,560.0,568.0
2007-12-05,568.0,568.0,561.0,561.0
2007-12-06,552.0,557.0,552.0,557.0
2007-12-07,568.0,569.0,557.0,565.0
2007-12-10,566.0,566.0,557.0,557.0
2007-12-11,568.0,572.0,563.0,566.0
2007-12-12,549.0,558.0,549.0,554.0
2007-12-13,529.0,529.0,517.0,517.0
2007-12-14,518.0,521.0,518.0,521.0
2007-12-17,522.0,522.0,494.0,494.0
2007-12-18,495.0,505.0,482.0,491.0
2007-12-19,492.0,492.0,483.0,483.0
2007-12-20,490.0,490.0,480.0,480.0
2007-12-21,480.0,480.0,480.0,480.0
2007-12-25,495.0,498.0,495.0,498.0
2007-12-26,501.0,509.0,498.0,508.0
2007-12-27,508.0,508.0,502.0,502.0
2007-12-28,486.0,486.0,486.0,486.0
2008-01-04,458.0,458.0,458.0,458.0
2008-01-07,458.0,458.0,450.0,450.0
2008-01-08,450.0,450.0,449.0,449.0
2008-01-09,449.0,456.0,449.0,456.0
2008-01-10,456.0,456.0,447.0,447.0
2008-01-11,434.0,434.0,431.0,431.0
2008-01-15,423.0,423.0,422.0,422.0
2008-01-16,391.0,398.0,376.0,377.0
2008-01-17,377.0,394.0,377.0,394.0
2008-01-18,389.0,409.0,389.0,407.0
2008-01-21,392.0,401.0,385.0,386.0
2008-01-22,374.0,381.0,359.0,360.0
2008-01-23,358.0,374.0,358.0,374.0
2008-01-24,395.0,400.0,392.0,398.0
2008-01-25,420.0,427.0,416.0,425.0
2008-01-28,420.0,420.0,403.0,403.0
2008-01-29,416.0,423.0,412.0,423.0
2008-01-30,419.0,425.0,405.0,419.0
2008-01-31,433.0,433.0,433.0,433.0
2008-02-01,424.0,427.0,410.0,415.0
2008-02-04,412.0,417.0,404.0,407.0
2008-02-05,412.0,412.0,411.0,411.0
2008-02-06,390.0,394.0,390.0,391.0
2008-02-07,391.0,402.0,389.0,400.0
2008-02-08,386.0,386.0,386.0,386.0
2008-02-12,386.0,386.0,377.0,377.0
2008-02-13,384.4607849121094,384.4607849121094,375.0,375.0
2008-02-14,383.0,390.0,383.0,390.0
2008-02-15,394.0,400.0,391.0,397.0
2008-02-18,396.0,402.0,396.0,402.0
2008-02-19,404.0,407.0,404.0,407.0
2008-02-20,407.4884033203125,407.4884033203125,388.0,388.0
2008-02-21,405.0,409.0,399.0,402.0
2008-02-22,398.0,402.0,396.0,400.0
2008-02-25,415.0,415.0,409.0,409.0
2008-02-26,414.0,414.0,406.0,406.0
2008-02-27,398.0,406.0,398.0,401.0
2008-02-28,397.9901123046875,404.0,397.9901123046875,404.0
2008-02-29,397.0,398.0,391.0,396.0
2008-03-03,382.0,385.0,377.0,377.0
2008-03-04,377.0,377.0,377.0,377.0
2008-03-05,377.0,377.0,376.0,376.0
2008-03-06,386.0,387.0,380.0,382.0
2008-03-07,382.0,382.0,366.0,366.0
2008-03-10,360.0,360.0,347.0,347.0
2008-03-11,339.0,339.0,335.0,335.0
2008-03-12,335.0,345.0,335.0,345.0
2008-03-13,330.0,333.0,323.0,323.0
2008-03-14,323.0,323.0,323.0,323.0
2008-03-17,301.0,309.0,301.0,306.0
2008-03-18,305.0,312.0,305.0,312.0
2008-03-19,320.0,323.0,313.0,322.0
2008-03-21,338.0,342.0,334.0,340.0
2008-03-24,344.0,344.0,331.0,332.0
2008-03-25,332.0,347.0,332.0,347.0
2008-03-26,340.0,342.0,340.0,342.0
2008-03-27,336.0,336.0,333.0,333.0
2008-03-28,334.0,341.0,334.0,341.0
2008-03-31,342.0,345.0,342.0,345.0
2008-04-01,352.0,355.0,352.0,355.0
2008-04-02,355.0,368.0,355.0,368.0
2008-04-03,369.0,374.0,369.0,374.0
2008-04-04,373.0,373.0,370.0,370.0
2008-04-07,372.0,376.0,372.0,376.0
2008-04-08,370.0,370.0,369.0,369.0
2008-04-09,369.0,369.0,356.0,356.0
2008-04-10,358.0,358.0,351.0,351.0
2008-04-11,351.0,362.0,351.0,362.0
2008-04-14,362.0,362.0,357.0,357.0
2008-04-15,356.0,356.0,356.0,356.0
2008-04-16,356.0,363.0,356.0,363.0
2008-04-17,374.0,374.0,372.0,372.0
2008-04-18,370.0,374.0,370.0,374.0
2008-04-21,384.0,384.0,384.0,384.0
2008-04-22,384.0,384.0,384.0,384.0
2008-04-23,387.0,389.0,385.0,386.0
2008-04-24,385.0,385.0,381.0,381.0
2008-04-25,388.0,390.0,388.0,390.0
2008-04-28,397.0,397.0,396.0,396.0
2008-04-30,396.0,396.0,394.0,394.0
2008-05-01,396.0,396.0,396.0,396.0
2008-05-02,397.0,397.0,395.0,395.0
2008-05-07,409.0,409.0,408.0,408.0
2008-05-08,408.0,410.0,408.0,410.0
2008-05-09,409.0,409.0,400.0,400.0
2008-05-12,393.0,408.0,393.0,408.0
2008-05-13,401.0,402.0,401.0,402.0
2008-05-14,413.0,425.0,413.0,425.0
2008-05-15,436.0,436.0,433.0,433.0
2008-05-16,440.0527038574219,442.0,440.0527038574219,442.0
2008-05-19,441.0,457.0,441.0,457.0
2008-05-20,469.0,469.0,469.0,469.0
2008-05-21,460.0,464.0,460.0,464.0
2008-05-22,462.0,474.0,462.0,474.0
2008-05-23,479.0,479.0,477.0,477.0
2008-05-26,477.0,477.0,462.0,462.0
2008-05-27,467.0,475.0,467.0,475.0
2008-05-28,473.0,473.0,464.0,464.0
2008-05-29,470.0,475.0,470.0,475.0
2008-05-30,472.0,483.0,472.0,483.0
2008-06-02,491.0,494.0,491.0,494.0
2008-06-03,499.0,502.0,499.0,502.0
2008-06-04,520.0,520.0,513.0,513.0
2008-06-05,520.0,525.0,520.0,525.0
2008-06-06,528.0,528.0,524.0,524.0
2008-06-09,507.0,507.0,505.0,505.0
2008-06-10,505.0,505.0,492.0,492.0
2008-06-11,492.0,492.0,491.0,491.0
2008-06-12,486.0,486.0,477.0,477.0
2008-06-13,466.0,477.0,466.0,477.0
2008-06-16,476.0,497.0,476.0,497.0
2008-06-17,527.0,527.0,519.0,519.0
2008-06-18,512.0,523.0,512.0,521.0
2008-06-19,521.0,521.0,491.0,491.0
2008-06-20,501.0,501.0,501.0,501.0
2008-06-23,491.0,491.0,491.0,491.0
2008-06-24,491.0,496.0,491.0,496.0
2008-06-25,494.0,501.0,494.0,501.0
2008-06-26,499.0,499.0,497.0,497.0
2008-06-27,479.0,480.0,479.0,480.0
2008-06-30,480.0,480.0,476.0,476.0
2008-07-01,476.0,478.0,476.0,478.0
2008-07-02,478.0,478.0,472.0,472.0
2008-07-03,472.0,472.0,470.0,470.0
2008-07-04,470.0,470.0,469.0,469.0
2008-07-07,468.0,474.0,468.0,474.0
2008-07-08,464.0,464.0,464.0,464.0
2008-07-09,473.0,473.0,464.0,464.0
2008-07-10,464.0,464.0,461.0,461.0
2008-07-11,461.0,461.0,461.0,461.0
2008-07-14,478.0,478.0,463.0,463.0
2008-07-15,470.0,470.0,469.0,469.0
2008-07-16,461.0,469.0,461.0,469.0
2008-07-17,474.0,474.0,474.0,474.0
2008-07-18,474.0,474.0,466.0,466.0
2008-07-22,471.0,484.0,470.0,483.0
2008-07-23,495.0,496.0,495.0,496.0
2008-07-24,493.0,498.0,493.0,498.0
2008-07-25,498.0,498.0,493.0,493.0
2008-07-28,495.0,495.0,494.0,494.0
2008-07-29,479.0,488.0,479.0,488.0
2008-07-30,490.0,499.0,490.0,499.0
2008-07-31,502.0,503.0,502.0,503.0
2008-08-01,504.0,504.0,492.0,492.0
2008-08-04,479.0,480.0,479.0,480.0
2008-08-05,482.0,482.0,477.0,477.0
2008-08-06,477.0,499.0,477.0,499.0
2008-08-07,483.0,485.0,483.0,485.0
2008-08-08,445.0,445.0,442.0,442.0
2008-08-11,437.0,439.0,437.0,439.0
2008-08-12,425.0,425.0,417.0,417.0
2008-08-13,417.0,417.0,409.0,409.0
2008-08-14,408.0,408.0,405.0,405.0
2008-08-15,404.0,404.0,397.0,397.0
2008-08-18,407.0,409.0,407.0,409.0
2008-08-19,389.0,390.0,389.0,390.0
2008-08-20,390.0,394.0,390.0,394.0
2008-08-21,400.0,400.0,393.0,393.0
2008-08-22,387.0,389.0,387.0,389.0
2008-08-25,389.0,399.0,389.0,399.0
2008-08-26,399.0,399.0,391.0,391.0
2008-08-27,380.0,380.0,379.0,379.0
2008-08-28,373.0,373.0,373.0,373.0
2008-08-29,380.0,380.0,379.0,379.0
2008-09-01,379.0,379.0,365.0,365.0
2008-09-02,368.0,368.0,345.0,345.0
2008-09-03,355.0,355.0,334.0,334.0
2008-09-04,334.0,334.0,330.0,330.0
2008-09-05,322.0,322.0,316.0,316.0
2008-09-08,316.0,333.0,316.0,333.0
2008-09-09,333.0,333.0,323.0,323.0
2008-09-10,313.0,321.0,311.0,317.0
2008-09-11,317.0,317.0,307.0,307.0
2008-09-12,305.0,309.0,305.0,309.0
2008-09-16,309.0,309.0,296.0,296.0
2008-09-17,302.0,305.0,302.0,305.0
2008-09-18,305.0,320.0,305.0,320.0
2008-09-19,337.0,337.0,336.0,336.0
2008-09-22,347.0,354.0,347.0,354.0
2008-09-24,354.0,364.0,354.0,364.0
2008-09-25,354.0,354.0,348.0,348.0
2008-09-26,326.0,330.0,326.0,330.0
2008-09-29,330.0,330.0,316.0,316.0
2008-09-30,316.0,316.0,312.0,312.0
2008-10-01,312.0,316.0,312.0,316.0
2008-10-02,316.0,316.0,302.0,302.0
2008-10-03,299.0,299.0,298.0,298.0
2008-10-06,296.0,296.0,273.0,273.0
2008-10-07,256.0,275.0,256.0,275.0
2008-10-08,275.0,275.0,243.0,243.0
2008-10-09,260.0,260.0,256.0,256.0
2008-10-10,256.0,256.0,256.0,256.0
2008-10-14,292.0,300.0,292.0,300.0
2008-10-15,297.0,300.0,297.0,300.0
2008-10-16,300.0,300.0,260.0,260.0
2008-10-17,288.0,298.0,288.0,298.0
2008-10-20,301.0,316.0,301.0,316.0
2008-10-21,319.0,320.0,319.0,320.0
2008-10-22,320.0,320.0,288.0,288.0
2008-10-23,267.0,272.0,267.0,272.0
2008-10-24,257.0,257.0,256.0,256.0
2008-10-27,256.0,256.0,248.0,248.0
2008-10-28,241.0,260.0,241.0,260.0
2008-10-29,260.0,278.0,260.0,278.0
2008-10-30,278.0,302.0,278.0,302.0
2008-10-31,303.0,306.0,303.0,306.0
2008-11-04,306.0,324.0,306.0,324.0
2008-11-05,324.0,334.0,324.0,334.0
2008-11-06,334.0,334.0,316.0,316.0
2008-11-07,295.0,295.0,294.0,294.0
2008-11-10,311.0,312.0,307.0,309.0
2008-11-11,296.0,297.0,296.0,297.0
2008-11-12,295.0,295.0,295.0,295.0
2008-11-13,283.0,289.0,283.0,289.0
2008-11-14,289.0,289.0,289.0,289.0
2008-11-17,289.0,294.0,289.0,294.0
2008-11-18,294.0,295.0,294.0,295.0
2008-11-19,290.0,291.0,290.0,291.0
2008-11-20,291.0,291.0,275.0,275.0
2008-11-21,275.0,293.0,275.0,293.0
2008-11-25,294.0,310.0,294.0,310.0
2008-11-26,310.0,310.0,299.0,299.0
2008-11-27,297.0,297.0,293.0,293.0
2008-11-28,293.0,293.0,292.0,292.0
2008-12-01,292.0,298.0,292.0,298.0
2008-12-02,298.0,298.0,271.0,271.0
2008-12-03,273.0,280.0,273.0,280.0
2008-12-04,282.0,282.0,274.0,274.0
2008-12-05,274.0,279.0,274.0,279.0
2008-12-08,281.0,288.0,281.0,288.0
2008-12-09,287.0,287.0,283.0,283.0
2008-12-10,283.0,290.0,283.0,290.0
2008-12-11,295.0,304.0,295.0,304.0
2008-12-12,304.0,304.0,291.0,291.0
2008-12-15,331.0,340.0,331.0,340.0
2008-12-16,339.0,339.0,327.0,327.0
2008-12-17,327.0,329.0,327.0,329.0
2008-12-18,329.0,329.0,322.0,322.0
2008-12-19,322.0,322.0,318.0,318.0
2008-12-22,341.0,341.0,333.0,333.0
2008-12-24,333.0,333.0,329.0,329.0
2008-12-25,340.2040100097656,340.2040100097656,340.0,340.0
2008-12-26,343.0,344.0,339.0,339.0
2008-12-29,337.0,345.0,332.0,344.0
2008-12-30,339.0,339.0,339.0,339.0
2009-01-05,347.0,347.0,347.0,347.0
2009-01-06,351.0,351.0,349.0,349.0
2009-01-07,349.0,354.0,349.0,354.0
2009-01-08,341.0,341.0,334.0,334.0
2009-01-09,328.0,328.0,323.0,323.0
2009-01-13,324.0,324.0,308.0,308.0
2009-01-14,307.0,327.0,307.0,327.0
2009-01-15,325.0,330.0,325.0,330.0
2009-01-16,319.0,326.0,319.0,326.0
2009-01-19,332.0,334.0,332.0,334.0
2009-01-20,324.0,326.0,324.0,326.0
2009-01-21,304.0,304.0,298.0,298.0
2009-01-22,298.0,298.0,295.0,295.0
2009-01-23,295.0,295.0,289.0,289.0
2009-01-26,289.0,289.0,283.0,283.0
2009-01-27,280.0,313.0,280.0,313.0
2009-01-28,313.0,325.0,313.0,325.0
2009-01-29,325.0,330.0,325.0,330.0
2009-01-30,330.0,330.0,317.0,317.0
2009-02-02,317.0,334.0,317.0,334.0
2009-02-03,334.0,335.0,334.0,335.0
2009-02-04,331.0,345.0,331.0,345.0
2009-02-05,340.0,340.0,340.0,340.0
2009-02-06,341.0,341.0,341.0,341.0
2009-02-09,339.0,339.0,334.0,334.0
2009-02-10,337.0,349.0,331.0,346.0
2009-02-12,337.0,337.0,334.0,334.0
2009-02-13,328.0,328.0,324.0,324.0
2009-02-16,324.0,336.0,324.0,336.0
2009-02-17,337.0,337.0,333.0,333.0
2009-02-18,333.0,333.0,328.0,328.0
2009-02-19,329.0,329.0,328.0,328.0
2009-02-20,323.0,323.0,319.0,319.0
2009-02-23,320.0,320.0,314.0,314.0
2009-02-24,295.0,295.0,287.0,287.0
2009-02-25,295.0,295.0,286.0,286.0
2009-02-26,286.0,289.0,286.0,289.0
2009-02-27,286.0,292.0,286.0,292.0
2009-03-02,292.0,292.0,292.0,292.0
2009-03-03,292.0,292.0,288.0,288.0
2009-03-04,291.0,293.0,291.0,293.0
2009-03-05,298.0,298.0,294.0,294.0
2009-03-06,302.0,302.0,300.0,300.0
2009-03-09,300.0,300.0,295.0,295.0
2009-03-10,293.0,293.0,289.0,289.0
2009-03-11,288.0,288.0,286.0,286.0
2009-03-12,286.0,286.0,279.0,279.0
2009-03-13,274.0,287.0,274.0,287.0
2009-03-16,306.0,306.0,299.0,299.0
2009-03-17,303.0,303.0,301.0,301.0
2009-03-18,301.0,301.0,300.0,300.0
2009-03-19,300.0,304.0,300.0,304.0
2009-03-23,313.0,319.0,313.0,319.0
2009-03-24,311.0,315.0,311.0,315.0
2009-03-25,320.0,324.0,320.0,324.0
2009-03-26,315.0,320.0,315.0,320.0
2009-03-27,316.0,316.0,316.0,316.0
2009-03-30,316.0,316.0,306.0,306.0
2009-03-31,306.0,306.0,304.0,304.0
2009-04-01,315.0,315.0,310.0,310.0
2009-04-02,310.0,313.0,310.0,313.0
2009-04-03,308.0,308.0,306.0,306.0
2009-04-06,309.0,309.0,302.0,302.0
2009-04-07,302.0,302.0,301.0,301.0
2009-04-08,295.0,295.0,295.0,295.0
2009-04-09,297.0,298.0,297.0,298.0
2009-04-10,295.0,295.0,294.0,294.0
2009-04-13,297.0,297.0,292.0,292.0
2009-04-14,288.0,288.0,283.0,283.0
2009-04-15,294.0,294.0,283.0,283.0
2009-04-16,283.0,283.0,283.0,283.0
2009-04-17,283.0,285.0,283.0,285.0
2009-04-20,293.0,295.0,293.0,295.0
2009-04-21,283.0,288.0,283.0,288.0
2009-04-22,286.0,286.0,283.0,283.0
2009-04-23,281.0,285.0,281.0,285.0
2009-04-24,285.0,285.0,282.0,282.0
2009-04-27,282.0,284.0,282.0,284.0
2009-04-28,288.0,288.0,279.0,279.0
2009-04-30,288.0,288.0,283.0,283.0
2009-05-01,292.0,293.0,292.0,293.0
2009-05-07,310.0,313.0,310.0,313.0
2009-05-08,311.0,315.0,311.0,315.0
2009-05-11,315.0,315.0,312.0,312.0
2009-05-12,312.0,312.0,300.0,300.0
2009-05-13,294.0,294.0,292.0,292.0
2009-05-14,288.0,290.0,288.0,290.0
2009-05-15,307.0,307.0,299.0,299.0
2009-05-18,289.0,291.0,289.0,291.0
2009-05-19,294.0,300.0,294.0,300.0
2009-05-20,300.0,304.0,300.0,304.0
2009-05-21,296.0,304.0,296.0,304.0
2009-05-22,301.0,301.0,301.0,301.0
2009-05-25,300.0,300.0,300.0,300.0
2009-05-26,300.0,303.0,300.0,303.0
2009-05-27,305.0,307.0,305.0,307.0
2009-05-28,307.0,307.0,306.0,306.0
2009-05-29,306.0,310.0,306.0,310.0
2009-06-01,314.0,314.0,314.0,314.0
2009-06-02,314.0,314.0,312.0,312.0
2009-06-03,315.0,315.0,313.0,313.0
2009-06-04,315.0,315.0,314.0,314.0
2009-06-05,314.0,314.0,313.0,313.0
2009-06-08,318.0,319.0,318.0,319.0
2009-06-09,318.0,319.0,318.0,319.0
2009-06-10,320.0,320.0,318.0,318.0
2009-06-11,321.0,322.0,318.0,320.0
2009-06-12,326.0,337.0,326.0,336.0
2009-06-15,357.0,358.0,343.0,347.0
2009-06-16,329.0,330.0,325.0,327.0
2009-06-17,327.0,330.0,325.0,327.0
2009-06-18,322.0,322.0,315.0,322.0
2009-06-19,326.0,335.0,326.0,329.0
2009-06-22,347.0,364.0,347.0,357.0
2009-06-23,356.0,360.0,351.0,354.0
2009-06-24,345.0,353.0,345.0,352.0
2009-06-25,362.0,378.0,362.0,376.0
2009-06-26,391.0,394.0,378.0,389.0
2009-06-29,394.0,407.0,392.0,401.0
2009-06-30,401.0,420.0,399.0,418.0
2009-07-01,422.0,432.0,421.0,425.0
2009-07-02,435.0,435.0,429.0,433.0
2009-07-03,428.0,430.0,420.0,425.0
2009-07-06,421.0,430.0,418.0,419.0
2009-07-07,414.0,421.0,406.0,416.0
2009-07-08,419.0,419.0,404.0,409.0
2009-07-09,419.0,419.0,408.0,415.0
2009-07-10,415.0,420.0,412.0,412.0
2009-07-13,409.0,415.0,403.0,403.0
2009-07-14,408.0,423.0,408.0,416.0
2009-07-15,419.0,420.0,406.0,409.0
2009-07-16,413.0,418.0,404.0,404.0
2009-07-17,402.0,407.0,395.0,398.0
2009-07-21,399.0,418.0,398.0,414.0
2009-07-22,418.0,425.0,416.0,423.0
2009-07-23,423.0,424.0,410.0,410.0
2009-07-24,415.0,415.0,402.0,412.0
2009-07-27,412.0,414.0,401.0,405.0
2009-07-28,408.0,408.0,386.0,401.0
2009-07-29,399.0,399.0,391.0,396.0
2009-07-30,398.0,398.0,388.0,393.0
2009-07-31,392.0,404.0,392.0,401.0
2009-08-03,400.0,400.0,390.0,394.0
2009-08-04,396.0,400.0,389.0,398.0
2009-08-05,394.0,400.0,373.0,381.0
2009-08-06,373.0,378.0,366.0,366.0
2009-08-07,367.0,370.0,361.0,368.0
2009-08-10,380.0,385.0,375.0,384.0
2009-08-11,388.0,388.0,372.0,374.0
2009-08-12,372.0,384.0,369.0,376.0
2009-08-13,381.0,385.0,379.0,383.0
2009-08-14,379.0,394.0,379.0,389.0
2009-08-17,391.0,394.0,384.0,387.0
2009-08-18,389.0,391.0,380.0,387.0
2009-08-19,383.0,388.0,382.0,388.0
2009-08-20,384.0,387.0,381.0,382.0
2009-08-21,384.0,385.0,375.0,382.0
2009-08-24,388.0,393.0,386.0,392.0
2009-08-25,392.0,392.0,378.0,381.0
2009-08-26,386.0,390.0,380.0,389.0
2009-08-27,387.0,387.0,372.0,381.0
2009-08-28,385.0,385.0,377.0,377.0
2009-08-31,377.0,389.0,376.0,376.0
2009-09-02,357.0,364.0,353.0,362.0
2009-09-03,357.0,361.0,348.0,357.0
2009-09-04,360.0,360.0,344.0,346.0
2009-09-07,351.0,353.0,346.0,352.0
2009-09-08,357.0,357.0,346.0,353.0
2009-09-09,348.0,348.0,329.0,333.0
2009-09-10,331.0,337.0,327.0,331.0
2009-09-11,330.0,338.0,327.0,330.0
2009-09-14,335.0,335.0,322.0,330.0
2009-09-15,331.0,332.0,327.0,330.0
2009-09-16,335.0,338.0,317.0,318.0
2009-09-17,325.0,343.0,324.0,341.0
2009-09-18,331.0,337.0,327.0,330.0
2009-09-21,330.0,330.0,330.0,330.0
2009-09-24,331.0,341.0,329.0,340.0
2009-09-25,338.0,338.0,322.0,333.0
2009-09-28,330.0,330.0,316.0,323.0
2009-09-29,323.0,323.0,310.0,315.0
2009-09-30,319.0,332.0,315.0,332.0
2009-10-01,332.0,332.0,319.0,328.0
2009-10-02,312.0,317.0,308.0,310.0
2009-10-05,315.0,316.0,303.0,310.0
2009-10-06,308.0,316.0,308.0,312.0
2009-10-07,315.0,321.0,306.0,310.0
2009-10-08,315.0,325.0,311.0,317.0
2009-10-09,313.0,327.0,309.0,323.0
2009-10-13,329.0,334.0,318.0,321.0
2009-10-14,320.0,322.0,314.0,322.0
2009-10-15,324.0,328.0,317.0,324.0
2009-10-16,327.0,328.0,317.0,320.0
2009-10-19,317.0,323.0,316.0,322.0
2009-10-20,322.0,325.0,318.0,324.0
2009-10-21,325.0,328.0,320.0,323.0
2009-10-22,318.0,326.0,316.0,325.0
2009-10-23,325.0,325.0,312.0,314.0
2009-10-26,315.0,323.0,312.0,314.0
2009-10-27,319.0,319.0,304.0,312.0
2009-10-28,313.0,315.0,308.0,310.0
2009-10-29,300.0,300.0,287.0,291.0
2009-10-30,300.0,301.0,290.0,297.0
2009-11-02,297.0,301.0,289.0,295.0
2009-11-04,294.0,304.0,293.0,300.0
2009-11-05,300.0,303.0,291.0,295.0
2009-11-06,297.0,298.0,290.0,291.0
2009-11-09,296.0,296.0,288.0,290.0
2009-11-10,292.0,294.0,287.0,287.0
2009-11-11,291.0,292.0,287.0,288.0
2009-11-12,290.0,290.0,276.0,277.0
2009-11-13,280.0,289.0,278.0,284.0
2009-11-16,289.0,304.0,289.0,298.0
2009-11-17,298.0,299.0,291.0,296.0
2009-11-18,297.0,297.0,287.0,292.0
2009-11-19,297.0,299.0,293.0,299.0
2009-11-20,295.0,295.0,283.0,290.0
2009-11-24,287.0,287.0,274.0,280.0
2009-11-25,281.0,283.0,271.0,271.0
2009-11-26,275.0,278.0,267.0,270.0
2009-11-27,265.0,265.0,253.0,257.0
2009-11-30,251.0,268.0,251.0,268.0
2009-12-01,270.0,285.0,268.0,285.0
2009-12-02,289.0,293.0,284.0,290.0
2009-12-03,293.0,316.0,293.0,313.0
2009-12-04,307.0,308.0,303.0,308.0
2009-12-07,311.0,311.0,303.0,308.0
2009-12-08,306.0,307.0,298.0,300.0
2009-12-09,294.0,302.0,294.0,299.0
2009-12-10,299.0,300.0,295.0,297.0
2009-12-11,293.0,302.0,292.0,302.0
2009-12-14,309.0,322.0,305.0,318.0
2009-12-15,321.0,322.0,304.0,306.0
2009-12-16,306.0,310.0,299.0,302.0
2009-12-17,307.0,307.0,301.0,303.0
2009-12-18,308.0,316.0,305.0,316.0
2009-12-21,316.0,317.0,300.0,311.0
2009-12-22,316.0,316.0,308.0,313.0
2009-12-24,314.0,320.0,310.0,320.0
2009-12-25,321.0,327.0,317.0,321.0
2009-12-28,323.0,329.0,322.0,327.0
2009-12-29,317.0,330.0,317.0,329.0
2009-12-30,322.0,330.0,322.0,328.0
2010-01-04,332.0,358.0,332.0,344.0
2010-01-05,345.0,345.0,332.0,332.0
2010-01-06,331.0,340.0,331.0,340.0
2010-01-07,336.0,339.0,331.0,334.0
2010-01-08,337.0,337.0,326.0,329.0
2010-01-12,325.0,333.0,324.0,332.0
2010-01-13,327.0,332.0,321.0,323.0
2010-01-14,325.0,335.0,320.0,335.0
2010-01-15,334.0,334.0,325.0,330.0
2010-01-18,331.0,333.0,323.0,325.0
2010-01-19,325.0,332.0,320.0,325.0
2010-01-20,327.0,328.0,320.0,324.0
2010-01-21,321.0,330.0,317.0,328.0
2010-01-22,322.0,325.0,316.0,321.0
2010-01-25,320.0,321.0,316.0,317.0
2010-01-26,317.0,320.0,308.0,309.0
2010-01-27,308.0,310.0,304.0,304.0
2010-01-28,305.0,313.0,304.0,311.0
2010-01-29,311.0,315.0,306.0,307.0
2010-02-01,308.0,308.0,298.0,298.0
2010-02-02,296.0,307.0,293.0,306.0
2010-02-03,312.0,317.0,310.0,312.0
2010-02-04,314.0,314.0,305.0,308.0
2010-02-05,304.0,309.0,298.0,304.0
2010-02-08,301.0,306.0,296.0,296.0
2010-02-09,293.0,297.0,291.0,292.0
2010-02-10,298.0,299.0,292.0,292.0
2010-02-12,300.0,301.0,294.0,300.0
2010-02-15,299.0,299.0,292.0,292.0
2010-02-16,298.0,299.0,290.0,297.0
2010-02-17,302.0,302.0,297.0,302.0
2010-02-18,305.0,305.0,298.0,299.0
2010-02-19,303.0,303.0,296.0,298.0
2010-02-22,300.0,310.0,299.0,310.0
2010-02-23,312.0,316.0,310.0,314.0
2010-02-24,314.0,327.0,314.0,326.0
2010-02-25,328.0,332.0,326.0,327.0
2010-02-26,325.0,334.0,325.0,334.0
2010-03-01,334.0,341.0,334.0,337.0
2010-03-02,335.0,337.0,329.0,333.0
2010-03-03,334.0,336.0,330.0,336.0
2010-03-04,333.0,336.0,331.0,332.0
2010-03-05,333.0,340.0,331.0,339.0
2010-03-08,340.0,342.0,338.0,340.0
2010-03-09,340.0,343.0,336.0,341.0
2010-03-10,339.0,340.0,337.0,337.0
2010-03-11,339.0,347.0,337.0,347.0
2010-03-12,347.0,357.0,340.0,356.0
2010-03-15,360.0,361.0,356.0,360.0
2010-03-16,358.0,359.0,353.0,359.0
2010-03-17,352.0,355.0,348.0,353.0
2010-03-18,357.0,359.0,353.0,356.0
2010-03-19,356.0,364.0,356.0,364.0
2010-03-23,364.0,376.0,362.0,374.0
2010-03-24,380.0,392.0,380.0,388.0
2010-03-25,391.0,396.0,386.0,389.0
2010-03-26,391.0,395.0,388.0,395.0
2010-03-29,387.0,400.0,380.0,399.0
2010-03-30,399.0,405.0,391.0,405.0
2010-03-31,400.0,402.0,395.0,397.0
2010-04-01,398.0,404.0,397.0,404.0
2010-04-02,400.0,407.0,391.0,406.0
2010-04-05,409.0,412.0,408.0,412.0
2010-04-06,417.0,417.0,408.0,408.0
2010-04-07,408.0,424.0,406.0,414.0
2010-04-08,411.0,416.0,409.0,410.0
2010-04-09,406.0,411.0,405.0,410.0
2010-04-12,414.0,424.0,414.0,419.0
2010-04-13,419.0,419.0,405.0,409.0
2010-04-14,413.0,424.0,412.0,420.0
2010-04-15,422.0,429.0,422.0,424.0
2010-04-16,424.0,426.0,415.0,416.0
2010-04-19,408.0,408.0,400.0,404.0
2010-04-20,405.0,405.0,394.0,396.0
2010-04-21,396.0,400.0,396.0,400.0
2010-04-22,401.0,401.0,390.0,398.0
2010-04-23,395.0,402.0,391.0,398.0
2010-04-26,400.0,410.0,400.0,405.0
2010-04-27,402.0,411.0,399.0,407.0
2010-04-28,397.0,400.0,388.0,394.0
2010-04-30,402.0,410.0,398.0,408.0
2010-05-06,405.0,406.0,392.0,396.0
2010-05-07,381.0,383.0,375.0,379.0
2010-05-10,375.0,389.0,373.0,386.0
2010-05-11,375.0,398.0,373.0,380.0
2010-05-12,386.0,417.0,386.0,415.0
2010-05-13,412.0,419.0,409.0,417.0
2010-05-14,414.0,421.0,410.0,418.0
2010-05-17,414.0,414.0,382.0,390.0
2010-05-18,386.0,393.0,370.0,374.0
2010-05-19,368.0,373.0,357.0,370.0
2010-05-20,371.0,376.0,355.0,363.0
2010-05-21,350.0,365.0,345.0,357.0
2010-05-24,354.0,363.0,346.0,358.0
2010-05-25,356.0,356.0,347.0,351.0
2010-05-26,347.0,351.0,339.0,339.0
2010-05-27,339.0,356.0,338.0,350.0
2010-05-28,370.0,389.0,365.0,369.0
2010-05-31,375.0,415.0,375.0,408.0
2010-06-01,420.0,420.0,412.0,416.0
2010-06-02,413.0,437.0,413.0,419.0
2010-06-03,426.0,445.0,423.0,440.0
2010-06-04,439.0,440.0,430.0,435.0
2010-06-07,421.0,428.0,411.0,414.0
2010-06-08,409.0,415.0,401.0,407.0
2010-06-09,405.0,406.0,387.0,394.0
2010-06-10,395.0,419.0,395.0,419.0
2010-06-11,419.0,430.0,415.0,422.0
2010-06-14,429.0,453.0,426.0,450.0
2010-06-15,451.0,462.0,435.0,450.0
2010-06-16,462.0,463.0,454.0,461.0
2010-06-17,461.0,463.0,453.0,456.0
2010-06-18,452.0,466.0,451.0,455.0
2010-06-21,459.0,475.0,459.0,470.0
2010-06-22,464.0,467.0,448.0,456.0
2010-06-23,448.0,450.0,423.0,424.0
2010-06-24,435.0,437.0,427.0,433.0
2010-06-25,425.0,425.0,407.0,411.0
2010-06-28,407.0,409.0,401.0,405.0
2010-06-29,406.0,411.0,395.0,398.0
2010-06-30,385.0,405.0,384.0,400.0
2010-07-01,401.0,410.0,396.0,396.0
2010-07-02,392.0,392.0,385.0,388.0
2010-07-05,396.0,400.0,392.0,394.0
2010-07-06,390.0,400.0,385.0,399.0
2010-07-07,394.0,399.0,386.0,393.0
2010-07-08,401.0,411.0,401.0,406.0
2010-07-09,409.0,416.0,406.0,408.0
2010-07-12,407.0,410.0,403.0,403.0
2010-07-13,404.0,406.0,391.0,391.0
2010-07-14,396.0,405.0,395.0,397.0
2010-07-15,397.0,397.0,389.0,389.0
2010-07-16,389.0,390.0,375.0,379.0
2010-07-21,384.0,385.0,366.0,372.0
2010-07-22,366.0,371.0,360.0,367.0
2010-07-23,378.0,384.0,370.0,378.0
2010-07-26,385.0,398.0,384.0,390.0
2010-07-27,388.0,392.0,381.0,382.0
2010-07-28,385.0,388.0,381.0,384.0
2010-07-29,382.0,383.0,373.0,375.0
2010-07-30,371.0,372.0,364.0,365.0
2010-08-02,365.0,371.0,358.0,363.0
2010-08-03,368.0,368.0,358.0,360.0
2010-08-04,360.0,360.0,343.0,348.0
2010-08-05,352.0,354.0,340.0,346.0
2010-08-06,346.0,367.0,340.0,355.0
2010-08-09,355.0,356.0,345.0,349.0
2010-08-10,347.0,352.0,341.0,343.0
2010-08-11,340.0,343.0,326.0,332.0
2010-08-12,323.0,330.0,322.0,328.0
2010-08-13,328.0,338.0,326.0,335.0
2010-08-16,327.0,330.0,318.0,322.0
2010-08-17,309.0,314.0,299.0,310.0
2010-08-18,308.0,314.0,301.0,311.0
2010-08-19,314.0,315.0,304.0,310.0
2010-08-20,310.0,314.0,305.0,308.0
2010-08-23,309.0,310.0,306.0,306.0
2010-08-24,304.0,304.0,299.0,303.0
2010-08-25,303.0,305.0,299.0,301.0
2010-08-26,303.0,304.0,297.0,300.0
2010-08-27,298.0,307.0,297.0,306.0
2010-08-30,312.0,319.0,305.0,307.0
2010-08-31,305.0,310.0,303.0,304.0
2010-09-01,305.0,308.0,304.0,306.0
2010-09-02,310.0,310.0,302.0,307.0
2010-09-03,304.0,307.0,302.0,304.0
2010-09-06,304.0,311.0,303.0,309.0
2010-09-07,308.0,319.0,306.0,308.0
2010-09-08,304.0,304.0,299.0,300.0
2010-09-09,304.0,308.0,303.0,306.0
2010-09-10,306.0,307.0,301.0,304.0
2010-09-13,307.0,311.0,304.0,305.0
2010-09-14,307.0,329.0,307.0,329.0
2010-09-16,344.0,344.0,333.0,335.0
2010-09-17,339.0,339.0,330.0,337.0
2010-09-21,337.0,340.0,327.0,330.0
2010-09-22,333.0,340.0,331.0,339.0
2010-09-24,331.0,337.0,329.0,330.0
2010-09-27,328.0,336.0,316.0,336.0
2010-09-28,333.0,334.0,327.0,333.0
2010-09-29,335.0,340.0,331.0,335.0
2010-09-30,335.0,335.0,321.0,322.0
2010-10-01,324.0,327.0,319.0,324.0
2010-10-04,327.0,327.0,320.0,320.0
2010-10-05,315.0,325.0,308.0,323.0
2010-10-06,326.0,326.0,319.0,322.0
2010-10-07,323.0,325.0,319.0,325.0
2010-10-08,324.0,327.0,316.0,317.0
2010-10-12,317.0,319.0,302.0,303.0
2010-10-13,303.0,305.0,299.0,302.0
2010-10-14,307.0,309.0,302.0,308.0
2010-10-15,315.0,321.0,301.0,304.0
2010-10-18,305.0,311.0,305.0,309.0
2010-10-19,309.0,313.0,308.0,309.0
2010-10-20,308.0,308.0,300.0,302.0
2010-10-21,305.0,322.0,296.0,322.0
2010-10-22,322.0,337.0,318.0,335.0
2010-10-25,339.0,340.0,331.0,334.0
2010-10-26,331.0,340.0,328.0,338.0
2010-10-27,337.0,343.0,336.0,340.0
2010-10-28,341.0,341.0,331.0,331.0
2010-10-29,326.0,331.0,319.0,329.0
2010-11-01,330.0,331.0,323.0,327.0
2010-11-02,325.0,326.0,319.0,323.0
2010-11-04,325.0,337.0,319.0,329.0
2010-11-05,339.0,341.0,334.0,339.0
2010-11-08,343.0,343.0,337.0,343.0
2010-11-09,340.0,345.0,337.0,342.0
2010-11-10,343.0,350.0,343.0,350.0
2010-11-11,347.0,350.0,345.0,347.0
2010-11-12,351.0,355.0,348.0,351.0
2010-11-15,351.0,356.0,344.0,349.0
2010-11-16,352.0,363.0,347.0,363.0
2010-11-17,359.0,360.0,352.0,359.0
2010-11-18,359.0,368.0,352.0,366.0
2010-11-19,368.0,372.0,365.0,371.0
2010-11-22,374.0,383.0,374.0,378.0
2010-11-24,373.0,387.0,368.0,384.0
2010-11-25,373.0,393.0,368.0,385.0
2010-11-26,385.0,392.0,385.0,387.0
2010-11-29,387.0,395.0,386.0,388.0
2010-11-30,381.0,386.0,374.0,374.0
2010-12-01,374.0,378.0,370.0,378.0
2010-12-02,392.0,392.0,385.0,389.0
2010-12-03,388.0,390.0,387.0,387.0
2010-12-06,386.0,394.0,383.0,391.0
2010-12-07,390.0,391.0,386.0,391.0
2010-12-08,388.0,400.0,388.0,400.0
2010-12-09,399.0,402.0,395.0,398.0
2010-12-10,399.0,401.0,396.0,401.0
2010-12-13,405.0,420.0,405.0,418.0
2010-12-14,418.0,428.0,415.0,428.0
2010-12-15,431.0,434.0,423.0,428.0
2010-12-16,425.0,441.0,425.0,436.0
2010-12-17,437.0,446.0,433.0,440.0
2010-12-20,436.0,443.0,434.0,435.0
2010-12-21,436.0,442.0,435.0,438.0
2010-12-22,438.0,440.0,428.0,430.0
2010-12-24,429.0,429.0,424.0,426.0
2010-12-27,429.0,437.0,428.0,433.0
2010-12-28,439.0,439.0,431.0,432.0
2010-12-29,433.0,437.0,431.0,437.0
2010-12-30,438.0,438.0,430.0,435.0
2011-01-04,436.0,439.0,435.0,435.0
2011-01-05,433.0,437.0,430.0,435.0
2011-01-06,436.0,439.0,433.0,438.0
2011-01-07,440.0,441.0,436.0,437.0
2011-01-11,437.0,443.0,436.0,442.0
2011-01-12,444.0,450.0,440.0,440.0
2011-01-13,443.0,448.0,442.0,445.0
2011-01-14,447.0,463.0,447.0,455.0
2011-01-17,458.0,462.0,450.0,451.0
2011-01-18,455.0,469.0,453.0,467.0
2011-01-19,468.0,468.0,459.0,466.0
2011-01-20,464.0,472.0,458.0,465.0
2011-01-21,465.0,465.0,443.0,444.0
2011-01-24,448.0,449.0,442.0,448.0
2011-01-25,448.0,461.0,448.0,458.0
2011-01-26,460.0,460.0,451.0,452.0
2011-01-27,452.0,455.0,447.0,453.0
2011-01-28,452.0,453.0,445.0,450.0
2011-01-31,434.0,439.0,429.0,437.0
2011-02-01,437.0,445.0,437.0,443.0
2011-02-02,447.0,455.0,447.0,454.0
2011-02-03,452.0,454.0,446.0,450.0
2011-02-04,457.0,460.0,452.0,456.0
2011-02-07,465.0,498.0,464.0,497.0
2011-02-08,497.0,500.0,487.0,496.0
2011-02-09,493.0,496.0,480.0,487.0
2011-02-10,485.0,498.0,485.0,495.0
2011-02-14,497.0,501.0,496.0,499.0
2011-02-15,499.0,514.0,499.0,513.0
2011-02-16,513.0,519.0,508.0,514.0
2011-02-17,514.0,514.0,503.0,510.0
2011-02-18,504.0,507.0,500.0,503.0
2011-02-21,504.0,505.0,484.0,497.0
2011-02-22,491.0,491.0,481.0,483.0
2011-02-23,475.0,488.0,473.0,477.0
2011-02-24,475.0,477.0,468.0,470.0
2011-02-25,470.0,473.0,463.0,469.0
2011-02-28,467.0,483.0,464.0,481.0
2011-03-01,483.0,498.0,483.0,495.0
2011-03-02,487.0,487.0,479.0,479.0
2011-03-03,485.0,488.0,481.0,486.0
2011-03-04,495.0,497.0,485.0,489.0
2011-03-07,482.0,486.0,467.0,469.0
2011-03-08,467.0,469.0,459.0,460.0
2011-03-09,468.0,480.0,463.0,466.0
2011-03-10,467.0,472.0,466.0,469.0
2011-03-11,477.0,480.0,465.0,466.0
2011-03-14,418.0,441.0,405.0,418.0
2011-03-15,418.0,433.0,339.0,370.0
2011-03-16,362.0,401.0,362.0,400.0
2011-03-17,400.0,411.0,385.0,407.0
2011-03-18,415.0,437.0,415.0,419.0
2011-03-22,440.0,450.0,435.0,446.0
2011-03-23,450.0,477.0,446.0,469.0
2011-03-24,470.0,475.0,470.0,472.0
2011-03-25,472.0,481.0,469.0,471.0
2011-03-28,471.0,479.0,465.0,479.0
2011-03-29,479.0,492.0,461.0,489.0
2011-03-30,485.0,493.0,476.0,493.0
2011-03-31,494.0,494.0,479.0,485.0
2011-04-01,485.0,486.0,475.0,476.0
2011-04-04,476.0,477.0,462.0,466.0
2011-04-05,462.0,462.0,442.0,448.0
2011-04-06,450.0,450.0,422.0,437.0
2011-04-07,444.0,445.0,430.0,430.0
2011-04-08,424.0,449.0,422.0,441.0
2011-04-11,435.0,446.0,433.0,443.0
2011-04-12,435.0,439.0,431.0,435.0
2011-04-13,434.0,437.0,428.0,436.0
2011-04-14,436.0,442.0,431.0,441.0
2011-04-15,443.0,449.0,439.0,439.0
2011-04-18,440.0,446.0,439.0,440.0
2011-04-19,438.0,441.0,434.0,439.0
2011-04-20,445.0,448.0,432.0,432.0
2011-04-21,436.0,440.0,434.0,437.0
2011-04-22,434.0,443.0,430.0,440.0
2011-04-25,440.0,448.0,439.0,439.0
2011-04-26,437.0,440.0,435.0,438.0
2011-04-27,440.0,452.0,440.0,448.0
2011-04-28,455.0,467.0,452.0,463.0
2011-05-02,471.0,483.0,471.0,483.0
2011-05-06,479.0,482.0,470.0,478.0
2011-05-09,480.0,499.0,476.0,498.0
2011-05-10,492.0,496.0,487.0,490.0
2011-05-11,492.0,505.0,480.0,493.0
2011-05-12,490.0,501.0,485.0,497.0
2011-05-13,504.0,504.0,473.0,485.0
2011-05-16,485.0,485.0,477.0,481.0
2011-05-17,479.0,479.0,470.0,477.0
2011-05-18,481.0,498.0,480.0,497.0
2011-05-19,498.0,498.0,489.0,491.0
2011-05-20,491.0,492.0,487.0,487.0
2011-05-23,482.0,489.0,476.0,483.0
2011-05-24,478.0,481.0,472.0,480.0
2011-05-25,482.0,483.0,473.0,479.0
2011-05-26,480.0,493.0,480.0,490.0
2011-05-27,493.0,493.0,484.0,486.0
2011-05-30,485.0,492.0,477.0,489.0
2011-05-31,493.0,500.0,489.0,500.0
2011-06-01,500.0,500.0,489.0,498.0
2011-06-02,485.0,493.0,483.0,491.0
2011-06-03,487.0,493.0,485.0,488.0
2011-06-06,488.0,500.0,484.0,500.0
2011-06-07,496.0,526.0,490.0,523.0
2011-06-08,524.0,532.0,514.0,523.0
2011-06-09,525.0,527.0,520.0,522.0
2011-06-10,523.0,539.0,523.0,525.0
2011-06-13,526.0,538.0,525.0,537.0
2011-06-14,538.0,550.0,534.0,549.0
2011-06-15,554.0,558.0,550.0,556.0
2011-06-16,551.0,558.0,544.0,544.0
2011-06-17,543.0,545.0,529.0,531.0
2011-06-20,535.0,550.0,535.0,546.0
2011-06-21,554.0,554.0,540.0,547.0
2011-06-22,549.0,563.0,545.0,561.0
2011-06-23,557.0,563.0,556.0,561.0
2011-06-24,560.0,572.0,559.0,571.0
2011-06-27,574.0,576.0,563.0,564.0
2011-06-28,570.0,575.0,561.0,562.0
2011-06-29,569.0,569.0,556.0,564.0
2011-06-30,564.0,569.0,559.0,568.0
2011-07-01,568.0,575.0,566.0,574.0
2011-07-04,598.0,607.0,584.0,594.0
2011-07-05,590.0,592.0,584.0,584.0
2011-07-06,584.0,590.0,581.0,590.0
2011-07-07,593.0,598.0,587.0,597.0
2011-07-08,600.0,603.0,592.0,596.0
2011-07-11,594.0,596.0,592.0,596.0
2011-07-12,589.0,592.0,583.0,584.0
2011-07-13,580.0,592.0,578.0,591.0
2011-07-14,607.0,618.0,602.0,612.0
2011-07-15,612.0,629.0,601.0,607.0
2011-07-19,612.0,623.0,607.0,608.0
2011-07-20,612.0,614.0,604.0,605.0
2011-07-21,601.0,603.0,591.0,591.0
2011-07-22,595.0,598.0,587.0,593.0
2011-07-25,593.0,599.0,587.0,599.0
2011-07-26,592.0,596.0,590.0,592.0
2011-07-27,588.0,614.0,586.0,611.0
2011-07-28,601.0,608.0,590.0,597.0
2011-07-29,595.0,600.0,588.0,588.0
2011-08-01,588.0,604.0,588.0,601.0
2011-08-02,601.0,601.0,588.0,588.0
2011-08-03,580.0,580.0,561.0,567.0
2011-08-04,576.0,596.0,567.0,569.0
2011-08-05,541.0,569.0,538.0,568.0
2011-08-08,553.0,558.0,522.0,531.0
2011-08-09,511.0,529.0,488.0,526.0
2011-08-10,544.0,554.0,536.0,542.0
2011-08-11,528.0,539.0,521.0,536.0
2011-08-12,546.0,549.0,536.0,543.0
2011-08-15,548.0,554.0,546.0,547.0
2011-08-16,548.0,556.0,548.0,555.0
2011-08-17,558.0,564.0,556.0,562.0
2011-08-18,566.0,567.0,548.0,551.0
2011-08-19,540.0,545.0,531.0,535.0
2011-08-22,535.0,540.0,515.0,517.0
2011-08-23,527.0,529.0,515.0,524.0
2011-08-24,530.0,539.0,506.0,511.0
2011-08-25,515.0,537.0,515.0,528.0
2011-08-26,528.0,536.0,522.0,535.0
2011-08-29,535.0,544.0,528.0,539.0
2011-08-30,546.0,550.0,541.0,549.0
2011-08-31,552.0,559.0,547.0,559.0
2011-09-01,560.0,573.0,560.0,572.0
2011-09-02,566.0,578.0,566.0,576.0
2011-09-05,568.0,570.0,560.0,567.0
2011-09-06,560.0,561.0,541.0,551.0
2011-09-07,547.0,559.0,544.0,555.0
2011-09-08,568.0,571.0,555.0,566.0
2011-09-09,575.0,578.0,566.0,574.0
2011-09-12,552.0,553.0,541.0,544.0
2011-09-13,544.0,555.0,537.0,549.0
2011-09-14,553.0,553.0,506.0,541.0
2011-09-15,524.0,535.0,512.0,519.0
2011-09-16,525.0,555.0,518.0,536.0
2011-09-20,540.0,544.0,531.0,541.0
2011-09-21,541.0,549.0,529.0,544.0
2011-09-22,546.0,548.0,531.0,536.0
2011-09-26,530.0,536.0,515.0,516.0
2011-09-27,531.0,538.0,520.0,536.0
2011-09-28,541.0,567.0,541.0,565.0
2011-09-29,556.0,575.0,555.0,575.0
2011-09-30,577.0,580.0,561.0,580.0
2011-10-03,570.0,570.0,540.0,550.0
2011-10-04,540.0,563.0,539.0,557.0
2011-10-05,560.0,560.0,529.0,532.0
2011-10-06,542.0,547.0,521.0,530.0
2011-10-07,531.0,543.0,531.0,534.0
2011-10-11,552.0,570.0,548.0,570.0
2011-10-12,570.0,570.0,556.0,565.0
2011-10-13,570.0,570.0,558.0,562.0
2011-10-14,556.0,561.0,555.0,559.0
2011-10-17,560.0,578.0,560.0,572.0
2011-10-18,562.0,564.0,553.0,553.0
2011-10-19,562.0,563.0,550.0,557.0
2011-10-20,557.0,560.0,552.0,554.0
2011-10-21,550.0,553.0,528.0,534.0
2011-10-24,540.0,554.0,537.0,554.0
2011-10-25,563.0,572.0,548.0,552.0
2011-10-26,532.0,551.0,528.0,550.0
2011-10-27,567.0,571.0,559.0,569.0
2011-10-28,570.0,578.0,556.0,557.0
2011-10-31,557.0,570.0,552.0,563.0
2011-11-01,562.0,563.0,552.0,554.0
2011-11-02,537.0,542.0,527.0,537.0
2011-11-04,544.0,563.0,541.0,560.0
2011-11-07,559.0,565.0,554.0,557.0
2011-11-08,550.0,558.0,534.0,536.0
2011-11-09,544.0,545.0,538.0,545.0
2011-11-10,515.0,528.0,513.0,527.0
2011-11-11,528.0,534.0,515.0,518.0
2011-11-14,527.0,536.0,525.0,536.0
2011-11-15,533.0,540.0,527.0,531.0
2011-11-16,533.0,533.0,507.0,521.0
2011-11-17,522.0,528.0,515.0,526.0
2011-11-18,520.0,526.0,515.0,520.0
2011-11-21,518.0,518.0,510.0,516.0
2011-11-22,508.0,526.0,508.0,522.0
2011-11-24,513.0,521.0,506.0,515.0
2011-11-25,518.0,523.0,505.0,517.0
2011-11-28,526.0,534.0,522.0,531.0
2011-11-29,537.0,545.0,528.0,544.0
2011-11-30,542.0,548.0,534.0,542.0
2011-12-01,548.0,559.0,548.0,551.0
2011-12-02,556.0,560.0,552.0,560.0
2011-12-05,565.0,568.0,563.0,567.0
2011-12-06,567.0,568.0,552.0,557.0
2011-12-07,555.0,558.0,538.0,556.0
2011-12-08,559.0,565.0,556.0,565.0
2011-12-09,566.0,568.0,559.0,566.0
2011-12-12,575.0,585.0,573.0,575.0
2011-12-13,565.0,580.0,563.0,575.0
2011-12-14,574.0,579.0,568.0,576.0
2011-12-15,576.0,576.0,554.0,555.0
2011-12-16,562.0,568.0,542.0,547.0
2011-12-19,541.0,543.0,522.0,540.0
2011-12-20,543.0,559.0,543.0,557.0
2011-12-21,560.0,562.0,551.0,557.0
2011-12-22,557.0,557.0,547.0,555.0
2011-12-26,559.0,572.0,558.0,559.0
2011-12-27,558.0,563.0,555.0,562.0
2011-12-28,559.0,564.0,558.0,564.0
2011-12-29,561.0,567.0,554.0,567.0
2011-12-30,559.0,568.0,559.0,564.0
2012-01-04,573.0,582.0,572.0,577.0
2012-01-05,577.0,577.0,573.0,575.0
2012-01-06,574.0,574.0,566.0,568.0
2012-01-10,578.0,579.0,565.0,567.0
2012-01-11,567.0,573.0,567.0,572.0
2012-01-12,565.0,570.0,558.0,562.0
2012-01-13,567.0,579.0,565.0,578.0
2012-01-16,568.0,568.0,560.0,564.0
2012-01-17,564.0,565.0,557.0,560.0
2012-01-18,560.0,570.0,559.0,560.0
2012-01-19,560.0,569.0,558.0,567.0
2012-01-20,570.0,580.0,570.0,577.0
2012-01-23,578.0,585.0,576.0,579.0
2012-01-24,582.0,584.0,580.0,583.0
2012-01-25,583.0,589.0,579.0,585.0
2012-01-26,585.0,589.0,581.0,582.0
2012-01-27,579.0,586.0,579.0,584.0
2012-01-30,585.0,593.0,583.0,589.0
2012-01-31,595.0,600.0,592.0,594.0
2012-02-01,594.0,601.0,588.0,593.0
2012-02-02,593.0,598.0,585.0,591.0
2012-02-03,588.0,594.0,584.0,587.0
2012-02-06,592.0,600.0,588.0,599.0
2012-02-07,600.0,620.0,600.0,615.0
2012-02-08,605.0,610.0,598.0,609.0
2012-02-09,609.0,609.0,596.0,602.0
2012-02-10,603.0,604.0,587.0,589.0
2012-02-13,592.0,604.0,592.0,601.0
2012-02-14,603.0,610.0,598.0,610.0
2012-02-15,610.0,616.0,607.0,616.0
2012-02-16,613.0,621.0,606.0,611.0
2012-02-17,620.0,624.0,603.0,621.0
2012-02-20,622.0,626.0,616.0,618.0
2012-02-21,610.0,625.0,610.0,623.0
2012-02-22,630.0,643.0,629.0,638.0
2012-02-23,644.0,654.0,637.0,652.0
2012-02-24,654.0,654.0,640.0,650.0
2012-02-27,655.0,655.0,645.0,648.0
2012-02-28,648.0,660.0,642.0,659.0
2012-02-29,662.0,665.0,643.0,646.0
2012-03-01,647.0,663.0,639.0,643.0
2012-03-02,650.0,660.0,645.0,646.0
2012-03-05,648.0,659.0,648.0,654.0
2012-03-06,655.0,659.0,647.0,653.0
2012-03-07,640.0,661.0,640.0,661.0
2012-03-08,665.0,682.0,665.0,680.0
2012-03-09,699.0,699.0,683.0,690.0
2012-03-12,695.0,697.0,681.0,681.0
2012-03-13,684.0,693.0,680.0,680.0
2012-03-14,695.0,699.0,686.0,686.0
2012-03-15,686.0,692.0,686.0,690.0
2012-03-16,692.0,697.0,691.0,695.0
2012-03-19,699.0,700.0,695.0,696.0
2012-03-21,690.0,693.0,680.0,681.0
2012-03-22,680.0,687.0,677.0,683.0
2012-03-23,683.0,688.0,675.0,686.0
2012-03-26,680.0,705.0,680.0,695.0
2012-03-27,695.0,706.0,692.0,706.0
2012-03-28,700.0,702.0,682.0,700.0
2012-03-29,690.0,695.0,687.0,692.0
2012-03-30,694.0,696.0,688.0,690.0
2012-04-02,690.0,692.0,683.0,686.0
2012-04-03,680.0,684.0,670.0,676.0
2012-04-04,682.0,683.0,663.0,670.0
2012-04-05,660.0,664.0,653.0,663.0
2012-04-06,654.0,661.0,650.0,659.0
2012-04-09,642.0,655.0,641.0,648.0
2012-04-10,648.0,660.0,645.0,646.0
2012-04-11,636.0,645.0,631.0,642.0
2012-04-12,647.0,666.0,645.0,663.0
2012-04-13,666.0,680.0,666.0,677.0
2012-04-16,677.0,679.0,663.0,668.0
2012-04-17,671.0,680.0,665.0,677.0
2012-04-18,677.0,690.0,674.0,689.0
2012-04-19,692.0,696.0,684.0,687.0
2012-04-20,691.0,711.0,689.0,711.0
2012-04-23,718.0,722.0,712.0,713.0
2012-04-24,708.0,720.0,705.0,718.0
2012-04-25,720.0,734.0,719.0,724.0
2012-04-26,733.0,735.0,728.0,732.0
2012-04-27,733.0,740.0,714.0,721.0
2012-05-01,721.0,741.0,721.0,738.0
2012-05-02,737.0,739.0,728.0,737.0
2012-05-07,728.0,730.0,715.0,718.0
2012-05-08,725.0,740.0,718.0,734.0
2012-05-09,735.0,735.0,708.0,720.0
2012-05-10,700.0,712.0,695.0,707.0
2012-05-11,714.0,714.0,693.0,694.0
2012-05-14,685.0,699.0,681.0,686.0
2012-05-15,684.0,684.0,656.0,673.0
2012-05-16,668.0,677.0,654.0,655.0
2012-05-17,652.0,672.0,652.0,669.0
2012-05-18,650.0,655.0,640.0,645.0
2012-05-21,645.0,655.0,645.0,652.0
2012-05-22,653.0,662.0,651.0,657.0
2012-05-23,655.0,657.0,644.0,651.0
2012-05-24,648.0,660.0,646.0,653.0
2012-05-25,656.0,660.0,642.0,645.0
2012-05-28,651.0,658.0,643.0,646.0
2012-05-29,647.0,660.0,635.0,660.0
2012-05-30,660.0,660.0,636.0,646.0
2012-05-31,626.0,635.0,620.0,635.0
2012-06-01,639.0,646.0,637.0,645.0
2012-06-04,630.0,630.0,611.0,619.0
2012-06-05,615.0,627.0,614.0,626.0
2012-06-06,633.0,637.0,622.0,636.0
2012-06-07,643.0,644.0,633.0,644.0
2012-06-08,638.0,638.0,613.0,624.0
2012-06-11,634.0,650.0,632.0,641.0
2012-06-12,631.0,639.0,625.0,638.0
2012-06-13,639.0,642.0,628.0,639.0
2012-06-14,637.0,645.0,635.0,637.0
2012-06-15,641.0,644.0,615.0,617.0
2012-06-18,625.0,632.0,622.0,626.0
2012-06-19,626.0,633.0,623.0,625.0
2012-06-20,625.0,638.0,625.0,635.0
2012-06-21,635.0,639.0,628.0,633.0
2012-06-22,627.0,631.0,620.0,624.0
2012-06-25,626.0,632.0,623.0,625.0
2012-06-26,620.0,626.0,608.0,612.0
2012-06-27,612.0,618.0,607.0,618.0
2012-06-28,610.0,619.0,604.0,607.0
2012-06-29,604.0,623.0,602.0,617.0
2012-07-02,622.0,624.0,612.0,612.0
2012-07-03,615.0,620.0,611.0,620.0
2012-07-04,620.0,627.0,617.0,623.0
2012-07-05,618.0,622.0,609.0,609.0
2012-07-06,605.0,613.0,605.0,607.0
2012-07-09,603.0,607.0,600.0,600.0
2012-07-10,600.0,608.0,595.0,595.0
2012-07-11,595.0,595.0,579.0,585.0
2012-07-12,583.0,586.0,566.0,567.0
2012-07-13,562.0,576.0,562.0,571.0
2012-07-17,571.0,577.0,561.0,561.0
2012-07-18,568.0,571.0,540.0,543.0
2012-07-19,550.0,561.0,546.0,557.0
2012-07-20,565.0,569.0,542.0,546.0
2012-07-23,540.0,546.0,533.0,533.0
2012-07-24,533.0,536.0,522.0,532.0
2012-07-25,532.0,532.0,515.0,518.0
2012-07-26,523.0,528.0,512.0,528.0
2012-07-27,539.0,539.0,528.0,533.0
2012-07-30,541.0,553.0,540.0,548.0
2012-07-31,552.0,560.0,546.0,554.0
2012-08-01,554.0,560.0,549.0,554.0
2012-08-02,556.0,559.0,544.0,547.0
2012-08-03,537.0,539.0,521.0,533.0
2012-08-06,540.0,543.0,533.0,539.0
2012-08-07,529.0,536.0,521.0,530.0
2012-08-08,531.0,535.0,520.0,531.0
2012-08-09,522.0,528.0,512.0,524.0
2012-08-10,521.0,528.0,514.0,520.0
2012-08-13,514.0,515.0,505.0,506.0
2012-08-14,504.0,534.0,504.0,532.0
2012-08-15,534.0,537.0,528.0,534.0
2012-08-16,541.0,543.0,530.0,537.0
2012-08-17,540.0,544.0,536.0,542.0
2012-08-20,542.0,549.0,535.0,536.0
2012-08-21,537.0,540.0,532.0,535.0
2012-08-22,538.0,563.0,532.0,561.0
2012-08-23,555.0,555.0,543.0,547.0
2012-08-24,541.0,547.0,538.0,545.0
2012-08-27,546.0,556.0,546.0,550.0
2012-08-28,556.0,556.0,537.0,544.0
2012-08-29,538.0,546.0,535.0,544.0
2012-08-30,545.0,545.0,532.0,535.0
2012-08-31,528.0,531.0,516.0,516.0
2012-09-03,516.0,518.0,506.0,506.0
2012-09-04,507.0,507.0,497.0,506.0
2012-09-05,500.0,502.0,491.0,492.0
2012-09-06,495.0,496.0,487.0,493.0
2012-09-07,505.0,526.0,505.0,520.0
2012-09-10,516.0,517.0,507.0,517.0
2012-09-11,512.0,513.0,507.0,513.0
2012-09-12,518.0,529.0,518.0,525.0
2012-09-13,526.0,530.0,523.0,526.0
2012-09-14,533.0,543.0,533.0,540.0
2012-09-18,539.0,546.0,536.0,542.0
2012-09-19,547.0,552.0,535.0,545.0
2012-09-20,537.0,540.0,519.0,523.0
2012-09-21,524.0,540.0,524.0,534.0
2012-09-24,535.0,538.0,535.0,538.0
2012-09-25,531.0,531.0,511.0,524.0
2012-09-26,513.0,523.0,513.0,522.0
2012-09-27,519.0,521.0,504.0,505.0
2012-09-28,508.0,509.0,498.0,499.0
2012-10-01,499.0,499.0,470.0,473.0
2012-10-02,472.0,480.0,472.0,476.0
2012-10-03,478.0,479.0,464.0,465.0
2012-10-04,467.0,478.0,467.0,475.0
2012-10-05,475.0,478.0,473.0,477.0
2012-10-09,478.0,482.0,458.0,458.0
2012-10-10,450.0,451.0,444.0,445.0
2012-10-11,439.0,453.0,438.0,443.0
2012-10-12,446.0,453.0,443.0,451.0
2012-10-15,451.0,464.0,451.0,460.0
2012-10-16,462.0,471.0,458.0,460.0
2012-10-17,470.0,477.0,468.0,468.0
2012-10-18,475.0,482.0,473.0,479.0
2012-10-19,479.0,494.0,478.0,491.0
2012-10-22,491.0,495.0,484.0,493.0
2012-10-23,496.0,500.0,485.0,487.0
2012-10-24,483.0,492.0,481.0,483.0
2012-10-25,483.0,499.0,483.0,497.0
2012-10-26,497.0,503.0,487.0,491.0
2012-10-29,495.0,504.0,491.0,495.0
2012-10-30,498.0,499.0,486.0,486.0
2012-10-31,487.0,500.0,487.0,492.0
2012-11-01,498.0,508.0,492.0,507.0
2012-11-02,513.0,539.0,513.0,530.0
2012-11-05,539.0,539.0,517.0,521.0
2012-11-06,520.0,531.0,512.0,525.0
2012-11-07,529.0,529.0,512.0,521.0
2012-11-08,506.0,530.0,506.0,528.0
2012-11-09,519.0,525.0,512.0,512.0
2012-11-12,510.0,510.0,504.0,505.0
2012-11-13,506.0,507.0,493.0,502.0
2012-11-14,504.0,506.0,497.0,500.0
2012-11-15,500.0,518.0,497.0,516.0
2012-11-16,517.0,545.0,515.0,536.0
2012-11-19,540.0,554.0,540.0,549.0
2012-11-20,550.0,556.0,550.0,553.0
2012-11-21,559.0,561.0,551.0,554.0
2012-11-22,564.0,572.0,558.0,568.0
2012-11-26,573.0,580.0,571.0,576.0
2012-11-27,579.0,595.0,577.0,590.0
2012-11-28,583.0,583.0,571.0,574.0
2012-11-29,577.0,579.0,566.0,572.0
2012-11-30,572.0,576.0,564.0,567.0
2012-12-03,577.0,583.0,567.0,576.0
2012-12-04,571.0,579.0,569.0,572.0
2012-12-05,567.0,576.0,566.0,573.0
2012-12-06,577.0,577.0,571.0,577.0
2012-12-07,577.0,577.0,567.0,570.0
2012-12-10,575.0,575.0,560.0,569.0
2012-12-11,569.0,569.0,548.0,562.0
2012-12-12,567.0,580.0,563.0,575.0
2012-12-13,583.0,583.0,572.0,574.0
2012-12-14,567.0,583.0,566.0,581.0
2012-12-17,588.0,597.0,586.0,593.0
2012-12-18,591.0,602.0,581.0,584.0
2012-12-19,594.0,620.0,592.0,619.0
2012-12-20,619.0,651.0,614.0,646.0
2012-12-21,645.0,651.0,623.0,636.0
2012-12-25,636.0,648.0,631.0,632.0
2012-12-26,638.0,643.0,620.0,635.0
2012-12-27,643.0,644.0,637.0,637.0
2012-12-28,636.0,648.0,636.0,645.0
2013-01-04,653.0,670.0,653.0,668.0
2013-01-07,674.0,677.0,666.0,668.0
2013-01-08,669.0,670.0,650.0,655.0
2013-01-09,645.0,669.0,645.0,666.0
2013-01-10,666.0,677.0,666.0,676.0
2013-01-11,682.0,685.0,674.0,678.0
2013-01-15,680.0,686.0,678.0,680.0
2013-01-16,678.0,680.0,676.0,678.0
2013-01-17,678.0,682.0,659.0,670.0
2013-01-18,680.0,698.0,679.0,698.0
2013-01-21,698.0,705.0,689.0,705.0
2013-01-22,705.0,709.0,691.0,700.0
2013-01-23,692.0,705.0,689.0,694.0
2013-01-24,691.0,695.0,684.0,694.0
2013-01-25,699.0,708.0,696.0,701.0
2013-01-28,697.0,699.0,674.0,678.0
2013-01-29,673.0,687.0,673.0,674.0
2013-01-30,676.0,688.0,676.0,685.0
2013-01-31,682.0,688.0,669.0,677.0
2013-02-01,678.0,695.0,678.0,690.0
2013-02-04,688.0,698.0,682.0,682.0
2013-02-05,672.0,674.0,651.0,651.0
2013-02-06,661.0,669.0,659.0,664.0
2013-02-07,656.0,666.0,640.0,641.0
2013-02-08,638.0,639.0,618.0,624.0
2013-02-12,623.0,640.0,623.0,626.0
2013-02-13,622.0,635.0,612.0,617.0
2013-02-14,615.0,616.0,600.0,610.0
2013-02-15,610.0,614.0,585.0,591.0
2013-02-18,591.0,617.0,590.0,615.0
2013-02-19,617.0,634.0,613.0,622.0
2013-02-20,631.0,656.0,631.0,651.0
2013-02-21,651.0,651.0,620.0,623.0
2013-02-22,621.0,623.0,610.0,615.0
2013-02-25,623.0,629.0,620.0,626.0
2013-02-26,620.0,626.0,608.0,614.0
2013-02-27,614.0,614.0,601.0,603.0
2013-02-28,610.0,625.0,609.0,624.0
2013-03-01,625.0,633.0,621.0,624.0
2013-03-04,624.0,626.0,612.0,613.0
2013-03-05,613.0,622.0,610.0,611.0
2013-03-06,607.0,617.0,606.0,613.0
2013-03-07,621.0,621.0,610.0,616.0
2013-03-08,615.0,620.0,611.0,617.0
2013-03-11,619.0,637.0,619.0,630.0
2013-03-12,660.0,667.0,647.0,647.0
2013-03-13,645.0,648.0,637.0,637.0
2013-03-14,638.0,649.0,638.0,647.0
2013-03-15,649.0,660.0,649.0,660.0
2013-03-18,660.0,660.0,649.0,650.0
2013-03-19,654.0,662.0,654.0,657.0
2013-03-21,655.0,665.0,650.0,655.0
2013-03-22,649.0,654.0,638.0,638.0
2013-03-25,641.0,644.0,630.0,637.0
2013-03-26,632.0,641.0,624.0,639.0
2013-03-27,638.0,641.0,609.0,640.0
2013-03-28,635.0,635.0,612.0,620.0
2013-03-29,625.0,625.0,615.0,618.0
2013-04-01,618.0,621.0,589.0,590.0
2013-04-02,550.0,582.0,547.0,571.0
2013-04-03,573.0,591.0,573.0,591.0
2013-04-04,592.0,622.0,582.0,622.0
2013-04-05,650.0,650.0,627.0,633.0
2013-04-08,635.0,655.0,629.0,639.0
2013-04-09,640.0,640.0,627.0,630.0
2013-04-10,632.0,639.0,626.0,632.0
2013-04-11,638.0,645.0,625.0,639.0
2013-04-12,632.0,633.0,619.0,620.0
2013-04-15,620.0,629.0,608.0,610.0
2013-04-16,603.0,618.0,598.0,605.0
2013-04-17,608.0,612.0,601.0,601.0
2013-04-18,601.0,610.0,596.0,605.0
2013-04-19,604.0,606.0,595.0,600.0
2013-04-22,605.0,613.0,602.0,612.0
2013-04-23,609.0,621.0,609.0,616.0
2013-04-24,616.0,626.0,616.0,626.0
2013-04-25,626.0,638.0,625.0,636.0
2013-04-26,636.0,640.0,625.0,625.0
2013-04-30,634.0,634.0,619.0,620.0
2013-05-01,620.0,622.0,608.0,616.0
2013-05-02,615.0,627.0,613.0,626.0
2013-05-07,634.0,647.0,622.0,642.0
2013-05-08,640.0,650.0,631.0,634.0
2013-05-09,630.0,639.0,630.0,634.0
2013-05-10,639.0,652.0,637.0,645.0
2013-05-13,650.0,658.0,650.0,654.0
2013-05-14,662.0,673.0,661.0,671.0
2013-05-15,673.0,680.0,667.0,669.0
2013-05-16,669.0,676.0,652.0,658.0
2013-05-17,662.0,678.0,658.0,666.0
2013-05-20,666.0,680.0,662.0,664.0
2013-05-21,667.0,679.0,664.0,667.0
2013-05-22,674.0,685.0,653.0,669.0
2013-05-23,666.0,677.0,626.0,628.0
2013-05-24,629.0,642.0,610.0,627.0
2013-05-27,627.0,628.0,594.0,599.0
2013-05-28,600.0,634.0,596.0,630.0
2013-05-29,633.0,633.0,602.0,607.0
2013-05-30,602.0,609.0,593.0,595.0
2013-05-31,603.0,616.0,586.0,597.0
2013-06-03,597.0,598.0,566.0,568.0
2013-06-04,558.0,580.0,546.0,578.0
2013-06-05,585.0,603.0,581.0,585.0
2013-06-06,570.0,600.0,570.0,591.0
2013-06-07,571.0,585.0,554.0,572.0
2013-06-10,582.0,598.0,575.0,596.0
2013-06-11,586.0,587.0,568.0,570.0
2013-06-12,554.0,565.0,546.0,560.0
2013-06-13,551.0,552.0,533.0,545.0
2013-06-14,556.0,568.0,542.0,563.0
2013-06-17,563.0,585.0,563.0,582.0
2013-06-18,585.0,589.0,581.0,586.0
2013-06-19,591.0,598.0,585.0,597.0
2013-06-20,597.0,606.0,597.0,600.0
2013-06-21,583.0,619.0,576.0,618.0
2013-06-24,620.0,623.0,603.0,615.0
2013-06-25,615.0,629.0,615.0,622.0
2013-06-26,626.0,626.0,598.0,600.0
2013-06-27,608.0,611.0,593.0,600.0
2013-06-28,603.0,625.0,603.0,625.0
2013-07-01,625.0,640.0,625.0,639.0
2013-07-02,642.0,644.0,632.0,643.0
2013-07-03,645.0,650.0,637.0,647.0
2013-07-04,641.0,648.0,641.0,645.0
2013-07-05,648.0,649.0,637.0,647.0
2013-07-08,650.0,653.0,640.0,640.0
2013-07-09,649.0,649.0,641.0,648.0
2013-07-10,649.0,649.0,640.0,645.0
2013-07-11,643.0,647.0,631.0,639.0
2013-07-12,639.0,649.0,636.0,640.0
2013-07-16,640.0,644.0,634.0,638.0
2013-07-17,635.0,642.0,631.0,637.0
2013-07-18,643.0,651.0,641.0,651.0
2013-07-19,653.0,655.0,642.0,644.0
2013-07-22,649.0,649.0,637.0,643.0
2013-07-23,645.0,656.0,643.0,656.0
2013-07-24,651.0,656.0,651.0,656.0
2013-07-25,656.0,663.0,645.0,646.0
2013-07-26,636.0,640.0,635.0,636.0
2013-07-29,621.0,627.0,620.0,621.0
2013-07-30,611.0,625.0,611.0,624.0
2013-07-31,618.0,621.0,608.0,608.0
2013-08-01,609.0,629.0,609.0,629.0
2013-08-02,630.0,648.0,625.0,648.0
2013-08-05,631.0,646.0,631.0,642.0
2013-08-06,638.0,649.0,637.0,646.0
2013-08-07,631.0,640.0,623.0,629.0
2013-08-08,625.0,639.0,617.0,623.0
2013-08-09,628.0,630.0,625.0,625.0
2013-08-12,618.0,635.0,618.0,635.0
2013-08-13,642.0,642.0,634.0,640.0
2013-08-14,642.0,648.0,638.0,648.0
2013-08-15,648.0,649.0,627.0,632.0
2013-08-16,631.0,642.0,622.0,633.0
2013-08-19,632.0,645.0,631.0,645.0
2013-08-20,643.0,645.0,630.0,630.0
2013-08-21,626.0,631.0,621.0,625.0
2013-08-22,622.0,633.0,621.0,632.0
2013-08-23,637.0,647.0,634.0,646.0
2013-08-26,646.0,649.0,644.0,647.0
2013-08-27,647.0,647.0,638.0,646.0
2013-08-28,627.0,638.0,624.0,636.0
2013-08-29,630.0,634.0,629.0,632.0
2013-08-30,632.0,634.0,605.0,609.0
2013-09-02,610.0,622.0,609.0,620.0
2013-09-03,629.0,638.0,620.0,636.0
2013-09-04,627.0,633.0,622.0,625.0
2013-09-05,630.0,630.0,620.0,625.0
2013-09-06,630.0,630.0,603.0,622.0
2013-09-09,642.0,643.0,629.0,637.0
2013-09-10,640.0,644.0,631.0,644.0
2013-09-11,646.0,649.0,641.0,646.0
2013-09-12,644.0,649.0,631.0,642.0
2013-09-13,636.0,650.0,636.0,650.0
2013-09-17,650.0,650.0,645.0,648.0
2013-09-18,648.0,650.0,645.0,647.0
2013-09-19,651.0,660.0,635.0,659.0
2013-09-20,659.0,670.0,648.0,669.0
2013-09-24,659.0,669.0,640.0,659.0
2013-09-25,649.0,657.0,649.0,657.0
2013-09-26,631.0,647.0,631.0,647.0
2013-09-27,649.0,653.0,642.0,650.0
2013-09-30,642.0,644.0,621.0,637.0
2013-10-01,637.0,641.0,629.0,633.0
2013-10-02,639.0,639.0,622.0,628.0
2013-10-03,628.0,636.0,621.0,623.0
2013-10-04,613.0,618.0,603.0,608.0
2013-10-07,608.0,616.0,601.0,601.0
2013-10-08,602.0,607.0,600.0,603.0
2013-10-09,602.0,609.0,597.0,606.0
2013-10-10,608.0,612.0,606.0,611.0
2013-10-11,619.0,630.0,615.0,630.0
2013-10-15,630.0,639.0,630.0,638.0
2013-10-16,638.0,639.0,629.0,631.0
2013-10-17,626.0,636.0,626.0,636.0
2013-10-18,638.0,648.0,637.0,647.0
2013-10-21,647.0,650.0,638.0,642.0
2013-10-22,640.0,658.0,639.0,653.0
2013-10-23,656.0,659.0,635.0,637.0
2013-10-24,632.0,640.0,617.0,637.0
2013-10-25,642.0,646.0,622.0,624.0
2013-10-28,621.0,632.0,621.0,632.0
2013-10-29,626.0,626.0,611.0,613.0
2013-10-30,617.0,627.0,617.0,624.0
2013-10-31,622.0,627.0,621.0,622.0
2013-11-01,624.0,624.0,614.0,615.0
2013-11-05,624.0,624.0,606.0,610.0
2013-11-06,614.0,635.0,610.0,632.0
2013-11-07,632.0,649.0,632.0,647.0
2013-11-08,633.0,633.0,608.0,613.0
2013-11-11,617.0,620.0,603.0,613.0
2013-11-12,613.0,627.0,611.0,626.0
2013-11-13,634.0,635.0,621.0,622.0
2013-11-14,620.0,630.0,615.0,628.0
2013-11-15,628.0,634.0,625.0,630.0
2013-11-18,633.0,633.0,619.0,625.0
2013-11-19,620.0,624.0,616.0,622.0
2013-11-20,622.0,648.0,622.0,643.0
2013-11-21,644.0,650.0,639.0,646.0
2013-11-22,649.0,650.0,645.0,648.0
2013-11-25,647.0,653.0,645.0,650.0
2013-11-26,649.0,649.0,627.0,643.0
2013-11-27,646.0,647.0,637.0,639.0
2013-11-28,642.0,643.0,631.0,634.0
2013-11-29,634.0,634.0,622.0,629.0
2013-12-02,629.0,640.0,629.0,636.0
2013-12-03,640.0,640.0,631.0,631.0
2013-12-04,628.0,633.0,624.0,624.0
2013-12-05,622.0,628.0,615.0,615.0
2013-12-06,611.0,622.0,611.0,615.0
2013-12-09,624.0,626.0,620.0,625.0
2013-12-10,625.0,626.0,620.0,621.0
2013-12-11,620.0,624.0,614.0,621.0
2013-12-12,621.0,626.0,616.0,625.0
2013-12-13,624.0,634.0,621.0,632.0
2013-12-16,635.0,643.0,629.0,634.0
2013-12-17,640.0,642.0,635.0,639.0
2013-12-18,631.0,643.0,631.0,643.0
2013-12-19,643.0,648.0,632.0,637.0
2013-12-20,637.0,639.0,617.0,617.0
2013-12-24,616.0,629.0,614.0,614.0
2013-12-25,614.0,618.0,610.0,614.0
2013-12-26,618.0,633.0,618.0,629.0
2013-12-27,634.0,635.0,626.0,635.0
2013-12-30,640.0,646.0,633.0,645.0
2014-01-06,645.0,657.0,645.0,655.0
2014-01-07,655.0,655.0,650.0,652.0
2014-01-08,657.0,660.0,648.0,660.0
2014-01-09,660.0,661.0,656.0,660.0
2014-01-10,658.0,661.0,653.0,659.0
2014-01-14,657.0,658.0,645.0,646.0
2014-01-15,636.0,651.0,635.0,650.0
2014-01-16,646.0,652.0,638.0,642.0
2014-01-17,638.0,656.0,638.0,652.0
2014-01-20,652.0,657.0,646.0,654.0
2014-01-21,650.0,664.0,648.0,649.0
2014-01-22,646.0,650.0,639.0,645.0
2014-01-23,649.0,649.0,634.0,635.0
2014-01-24,625.0,630.0,615.0,615.0
2014-01-27,610.0,610.0,601.0,601.0
2014-01-28,602.0,610.0,601.0,601.0
2014-01-29,612.0,622.0,611.0,618.0
2014-01-30,608.0,613.0,601.0,604.0
2014-01-31,605.0,610.0,593.0,601.0
2014-02-03,601.0,609.0,591.0,594.0
2014-02-04,586.0,586.0,549.0,549.0
2014-02-05,561.0,572.0,552.0,571.0
2014-02-06,570.0,577.0,559.0,565.0
2014-02-07,575.0,593.0,575.0,592.0
2014-02-10,600.0,604.0,581.0,591.0
2014-02-12,594.0,600.0,586.0,593.0
2014-02-13,598.0,599.0,583.0,587.0
2014-02-14,593.0,597.0,572.0,590.0
2014-02-17,593.0,605.0,590.0,604.0
2014-02-18,606.0,623.0,606.0,620.0
2014-02-19,619.0,619.0,611.0,614.0
2014-02-20,614.0,614.0,600.0,601.0
2014-02-21,608.0,615.0,603.0,613.0
2014-02-24,615.0,621.0,595.0,606.0
2014-02-25,609.0,619.0,609.0,617.0
2014-02-26,607.0,610.0,600.0,600.0
2014-02-27,599.0,602.0,591.0,593.0
2014-02-28,594.0,595.0,582.0,590.0
2014-03-03,590.0,591.0,576.0,587.0
2014-03-04,587.0,606.0,584.0,602.0
2014-03-05,608.0,610.0,598.0,602.0
2014-03-06,604.0,607.0,599.0,605.0
2014-03-07,608.0,612.0,605.0,607.0
2014-03-10,605.0,611.0,604.0,606.0
2014-03-11,611.0,615.0,606.0,611.0
2014-03-12,605.0,606.0,598.0,600.0
2014-03-13,599.0,607.0,597.0,600.0
2014-03-14,606.0,613.0,600.0,612.0
2014-03-17,612.0,614.0,590.0,592.0
2014-03-18,600.0,607.0,594.0,604.0
2014-03-19,614.0,620.0,610.0,611.0
2014-03-20,610.0,618.0,606.0,608.0
2014-03-24,612.0,635.0,612.0,624.0
2014-03-25,634.0,640.0,627.0,633.0
2014-03-26,638.0,649.0,637.0,642.0
2014-03-27,640.0,654.0,628.0,652.0
2014-03-28,660.0,676.0,658.0,674.0
2014-03-31,684.0,684.0,661.0,681.0
2014-04-01,682.0,705.0,674.0,699.0
2014-04-02,704.0,720.0,695.0,702.0
2014-04-03,687.0,702.0,664.0,679.0
2014-04-04,675.0,678.0,662.0,668.0
2014-04-07,665.0,668.0,659.0,662.0
2014-04-08,653.0,659.0,650.0,651.0
2014-04-09,646.0,652.0,641.0,643.0
2014-04-10,653.0,662.0,646.0,647.0
2014-04-11,640.0,649.0,629.0,638.0
2014-04-14,632.0,642.0,628.0,636.0
2014-04-15,639.0,653.0,636.0,641.0
2014-04-16,641.0,663.0,641.0,662.0
2014-04-17,663.0,669.0,661.0,664.0
2014-04-18,669.0,669.0,659.0,666.0
2014-04-21,666.0,666.0,656.0,660.0
2014-04-22,665.0,670.0,653.0,654.0
2014-04-23,660.0,670.0,658.0,666.0
2014-04-24,662.0,666.0,656.0,664.0
2014-04-25,664.0,672.0,661.0,670.0
2014-04-28,662.0,666.0,656.0,665.0
2014-04-30,665.0,665.0,657.0,660.0
2014-05-01,662.0,679.0,662.0,676.0
2014-05-02,676.0,678.0,671.0,677.0
2014-05-07,670.0,673.0,641.0,646.0
2014-05-08,646.0,692.0,646.0,666.0
2014-05-09,656.0,673.0,650.0,658.0
2014-05-12,660.0,672.0,660.0,664.0
2014-05-13,682.0,687.0,677.0,684.0
2014-05-14,686.0,701.0,685.0,699.0
2014-05-15,695.0,695.0,673.0,690.0
2014-05-16,673.0,678.0,658.0,662.0
2014-05-19,663.0,664.0,651.0,655.0
2014-05-20,658.0,660.0,650.0,656.0
2014-05-21,650.0,656.0,644.0,650.0
2014-05-22,658.0,668.0,651.0,665.0
2014-05-23,674.0,676.0,669.0,676.0
2014-05-26,675.0,678.0,672.0,676.0
2014-05-27,672.0,676.0,660.0,665.0
2014-05-28,667.0,683.0,665.0,679.0
2014-05-29,677.0,677.0,671.0,672.0
2014-05-30,680.0,699.0,680.0,691.0
2014-06-02,699.0,722.0,699.0,711.0
2014-06-03,719.0,724.0,709.0,712.0
2014-06-04,716.0,717.0,708.0,714.0
2014-06-05,718.0,720.0,714.0,718.0
2014-06-06,718.0,724.0,708.0,719.0
2014-06-09,730.0,730.0,722.0,723.0
2014-06-10,725.0,727.0,713.0,715.0
2014-06-11,711.0,729.0,711.0,727.0
2014-06-12,724.0,729.0,718.0,718.0
2014-06-13,708.0,739.0,706.0,738.0
2014-06-16,738.0,755.0,738.0,753.0
2014-06-17,750.0,760.0,750.0,758.0
2014-06-18,760.0,764.0,751.0,763.0
2014-06-19,763.0,774.0,763.0,769.0
2014-06-20,769.0,769.0,755.0,769.0
2014-06-23,766.0,768.0,759.0,762.0
2014-06-24,760.0,762.0,734.0,755.0
2014-06-25,755.0,775.0,755.0,763.0
2014-06-26,764.0,767.0,758.0,760.0
2014-06-27,758.0,760.0,744.0,754.0
2014-06-30,759.0,770.0,754.0,768.0
2014-07-01,768.0,785.0,761.0,775.0
2014-07-02,768.0,782.0,761.0,773.0
2014-07-03,769.0,773.0,760.0,771.0
2014-07-04,776.0,790.0,775.0,784.0
2014-07-07,786.0,788.0,774.0,776.0
2014-07-08,777.0,782.0,763.0,775.0
2014-07-09,766.0,770.0,761.0,768.0
2014-07-10,776.0,776.0,758.0,758.0
2014-07-11,750.0,754.0,744.0,753.0
2014-07-14,756.0,782.0,756.0,782.0
2014-07-15,782.0,792.0,776.0,791.0
2014-07-16,799.0,811.0,789.0,795.0
2014-07-17,795.0,799.0,789.0,795.0
2014-07-18,780.0,789.0,773.0,789.0
2014-07-22,790.0,802.0,790.0,799.0
2014-07-23,800.0,800.0,786.0,796.0
2014-07-24,794.0,798.0,780.0,785.0
2014-07-25,785.0,798.0,785.0,798.0
2014-07-28,797.0,803.0,797.0,798.0
2014-07-29,798.0,803.0,797.0,803.0
2014-07-30,801.0,817.0,801.0,816.0
2014-07-31,826.0,833.0,817.0,822.0
2014-08-01,817.0,817.0,808.0,810.0
2014-08-04,804.0,808.0,800.0,800.0
2014-08-05,800.0,806.0,791.0,791.0
2014-08-06,785.0,794.0,774.0,778.0
2014-08-07,771.0,788.0,771.0,785.0
2014-08-08,778.0,788.0,759.0,761.0
2014-08-11,762.0,769.0,754.0,767.0
2014-08-12,772.0,789.0,772.0,783.0
2014-08-13,786.0,804.0,785.0,803.0
2014-08-14,810.0,813.0,801.0,811.0
2014-08-15,811.0,819.0,810.0,811.0
2014-08-18,818.0,835.0,817.0,831.0
2014-08-19,840.0,842.0,805.0,817.0
2014-08-20,817.0,822.0,799.0,812.0
2014-08-21,819.0,822.0,806.0,819.0
2014-08-22,820.0,822.0,798.0,819.0
2014-08-25,819.0,820.0,810.0,819.0
2014-08-26,819.0,819.0,804.0,805.0
2014-08-27,804.0,808.0,800.0,804.0
2014-08-28,803.0,803.0,787.0,791.0
2014-08-29,790.0,799.0,790.0,792.0
2014-09-01,796.0,805.0,796.0,799.0
2014-09-02,805.0,805.0,795.0,803.0
2014-09-03,807.0,808.0,798.0,801.0
2014-09-04,802.0,805.0,797.0,797.0
2014-09-05,802.0,803.0,795.0,799.0
2014-09-08,810.0,812.0,798.0,804.0
2014-09-09,810.0,810.0,804.0,809.0
2014-09-10,803.0,854.0,803.0,848.0
2014-09-11,850.0,858.0,833.0,850.0
2014-09-12,854.0,854.0,835.0,839.0
2014-09-16,841.0,875.0,841.0,873.0
2014-09-17,872.0,879.0,865.0,870.0
2014-09-18,875.0,891.0,875.0,889.0
2014-09-19,887.0,901.0,881.0,897.0
2014-09-22,901.0,909.0,887.0,891.0
2014-09-24,882.0,895.0,880.0,889.0
2014-09-25,885.0,902.0,885.0,897.0
2014-09-26,871.0,892.0,871.0,879.0
2014-09-29,880.0,885.0,872.0,879.0
2014-09-30,876.0,876.0,856.0,859.0
2014-10-01,864.0,879.0,858.0,861.0
2014-10-02,850.0,860.0,830.0,830.0
2014-10-03,830.0,847.0,827.0,839.0
2014-10-06,854.0,857.0,839.0,850.0
2014-10-07,855.0,860.0,844.0,847.0
2014-10-08,825.0,839.0,821.0,833.0
2014-10-09,834.0,841.0,816.0,818.0
2014-10-10,795.0,805.0,790.0,804.0
2014-10-14,774.0,804.0,774.0,788.0
2014-10-15,791.0,801.0,775.0,785.0
2014-10-16,761.0,783.0,760.0,771.0
2014-10-17,765.0,788.0,765.0,770.0
2014-10-20,791.0,811.0,790.0,810.0
2014-10-21,816.0,823.0,786.0,787.0
2014-10-22,790.0,810.0,790.0,803.0
2014-10-23,795.0,803.0,788.0,798.0
2014-10-24,807.0,813.0,797.0,800.0
2014-10-27,805.0,818.0,803.0,813.0
2014-10-28,813.0,815.0,807.0,808.0
2014-10-29,810.0,832.0,810.0,820.0
2014-10-30,819.0,835.0,819.0,821.0
2014-10-31,836.0,867.0,833.0,863.0
2014-11-04,873.0,884.0,852.0,874.0
2014-11-05,877.0,879.0,864.0,877.0
2014-11-06,879.0,880.0,858.0,863.0
2014-11-07,872.0,875.0,859.0,862.0
2014-11-10,856.0,865.0,849.0,858.0
2014-11-11,849.0,890.0,849.0,875.0
2014-11-12,880.0,887.0,861.0,862.0
2014-11-13,862.0,871.0,853.0,867.0
2014-11-14,880.0,880.0,863.0,871.0
2014-11-17,869.0,869.0,841.0,842.0
2014-11-18,853.0,863.0,853.0,861.0
2014-11-19,861.0,863.0,854.0,856.0
2014-11-20,856.0,859.0,835.0,840.0
2014-11-21,846.0,848.0,821.0,841.0
2014-11-25,848.0,855.0,838.0,842.0
2014-11-26,835.0,846.0,832.0,838.0
2014-11-27,831.0,838.0,821.0,821.0
2014-11-28,822.0,830.0,822.0,829.0
2014-12-01,829.0,830.0,815.0,822.0
2014-12-02,819.0,845.0,818.0,837.0
2014-12-03,844.0,848.0,834.0,841.0
2014-12-04,850.0,857.0,838.0,844.0
2014-12-05,838.0,847.0,833.0,846.0
2014-12-08,851.0,852.0,839.0,844.0
2014-12-09,840.0,851.0,831.0,836.0
2014-12-10,825.0,830.0,816.0,818.0
2014-12-11,808.0,814.0,805.0,812.0
2014-12-12,804.0,831.0,804.0,826.0
2014-12-15,826.0,827.0,810.0,810.0
2014-12-16,803.0,804.0,789.0,790.0
2014-12-17,790.0,804.0,788.0,800.0
2014-12-18,813.0,820.0,804.0,807.0
2014-12-19,822.0,835.0,818.0,834.0
2014-12-22,834.0,838.0,826.0,835.0
2014-12-24,840.0,850.0,840.0,850.0
2014-12-25,850.0,860.0,846.0,857.0
2014-12-26,859.0,864.0,853.0,863.0
2014-12-29,865.0,871.0,856.0,867.0
2014-12-30,869.0,869.0,859.0,860.0
2015-01-05,860.0,872.0,851.0,861.0
2015-01-06,846.0,851.0,825.0,826.0
2015-01-07,815.0,827.0,815.0,819.0
2015-01-08,811.0,827.0,811.0,821.0
2015-01-09,823.0,832.0,818.0,824.0
2015-01-13,815.0,818.0,802.0,811.0
2015-01-14,801.0,810.0,798.0,802.0
2015-01-15,803.0,824.0,803.0,818.0
2015-01-16,806.0,810.0,792.0,800.0
2015-01-19,809.0,814.0,805.0,812.0
2015-01-20,812.0,833.0,812.0,833.0
2015-01-21,832.0,832.0,810.0,812.0
2015-01-22,803.0,807.0,798.0,805.0
2015-01-23,814.0,839.0,807.0,825.0
2015-01-26,819.0,822.0,808.0,813.0
2015-01-27,822.0,829.0,815.0,828.0
2015-01-28,819.0,830.0,815.0,826.0
2015-01-29,821.0,830.0,817.0,825.0
2015-01-30,830.0,842.0,826.0,833.0
2015-02-02,833.0,838.0,821.0,830.0
2015-02-03,832.0,838.0,820.0,828.0
2015-02-04,830.0,858.0,830.0,854.0
2015-02-05,839.0,841.0,820.0,829.0
2015-02-06,837.0,841.0,829.0,836.0
2015-02-09,850.0,850.0,825.0,832.0
2015-02-10,832.0,867.0,832.0,858.0
2015-02-12,870.0,883.0,860.0,866.0
2015-02-13,871.0,880.0,860.0,864.0
2015-02-16,864.0,877.0,864.0,875.0
2015-02-17,877.0,885.0,872.0,878.0
2015-02-18,885.0,890.0,883.0,886.0
2015-02-19,890.0,900.0,890.0,900.0
2015-02-20,885.0,900.0,882.0,898.0
2015-02-23,900.0,900.0,879.0,884.0
2015-02-24,888.0,903.0,881.0,902.0
2015-02-25,902.0,920.0,902.0,917.0
2015-02-26,915.0,946.0,913.0,945.0
2015-02-27,945.0,959.0,938.0,956.0
2015-03-02,960.0,968.0,954.0,958.0
2015-03-03,954.0,961.0,938.0,947.0
2015-03-04,942.0,954.0,939.0,950.0
2015-03-05,952.0,958.0,945.0,947.0
2015-03-06,949.0,954.0,940.0,949.0
2015-03-09,939.0,945.0,937.0,939.0
2015-03-10,937.0,948.0,937.0,945.0
2015-03-11,941.0,954.0,937.0,952.0
2015-03-12,952.0,985.0,952.0,979.0
2015-03-13,996.0,1000.0,968.0,993.0
2015-03-16,993.0,995.0,980.0,984.0
2015-03-17,994.0,995.0,979.0,988.0
2015-03-18,988.0,991.0,972.0,990.0
2015-03-19,990.0,1000.0,981.0,994.0
2015-03-20,985.0,988.0,972.0,981.0
2015-03-23,981.0,986.0,973.0,983.0
2015-03-24,983.0,990.0,976.0,989.0
2015-03-25,987.0,994.0,981.0,994.0
2015-03-26,990.0,992.0,979.0,989.0
2015-03-27,974.0,992.0,961.0,965.0
2015-03-30,965.0,983.0,956.0,977.0
2015-03-31,990.0,1000.0,986.0,987.0
2015-04-01,987.0,987.0,957.0,959.0
2015-04-02,954.0,989.0,954.0,980.0
2015-04-03,987.0,998.0,984.0,998.0
2015-04-06,997.0,997.0,980.0,986.0
2015-04-07,986.0,992.0,978.0,986.0
2015-04-08,992.0,999.0,988.0,995.0
2015-04-09,996.0,999.0,987.0,991.0
2015-04-10,996.0,1000.0,985.0,997.0
2015-04-13,1000.0,1019.0,998.0,1005.0
2015-04-14,1000.0,1012.0,993.0,1002.0
2015-04-15,1003.0,1049.0,1002.0,1034.0
2015-04-16,1034.0,1034.0,1007.0,1016.0
2015-04-17,1015.0,1038.0,1010.0,1030.0
2015-04-20,1030.0,1056.0,1026.0,1045.0
2015-04-21,1050.0,1065.0,1032.0,1063.0
2015-04-22,1063.0,1083.0,1056.0,1063.0
2015-04-23,1077.0,1088.0,1064.0,1075.0
2015-04-24,1077.0,1080.0,1056.0,1061.0
2015-04-27,1061.0,1069.0,1030.0,1060.0
2015-04-28,1059.0,1075.0,1055.0,1065.0
2015-04-30,1065.0,1083.0,1060.0,1069.0
2015-05-01,1069.0,1083.0,1044.0,1053.0
2015-05-07,1040.0,1062.0,1030.0,1047.0
2015-05-08,1043.0,1061.0,1041.0,1053.0
2015-05-11,1076.0,1080.0,1061.0,1076.0
2015-05-12,1078.0,1095.0,1051.0,1071.0
2015-05-13,1070.0,1077.0,1059.0,1071.0
2015-05-14,1061.0,1073.0,1059.0,1069.0
2015-05-15,1069.0,1100.0,1069.0,1093.0
2015-05-18,1100.0,1117.0,1094.0,1105.0
2015-05-19,1112.0,1120.0,1104.0,1115.0
2015-05-20,1115.0,1139.0,1107.0,1112.0
2015-05-21,1115.0,1137.0,1111.0,1128.0
2015-05-22,1120.0,1127.0,1105.0,1122.0
2015-05-25,1122.0,1148.0,1119.0,1138.0
2015-05-26,1126.0,1147.0,1125.0,1138.0
2015-05-27,1145.0,1172.0,1140.0,1163.0
2015-05-28,1172.0,1180.0,1153.0,1168.0
2015-05-29,1165.0,1185.0,1159.0,1160.0
2015-06-01,1160.0,1172.0,1148.0,1151.0
2015-06-02,1152.0,1168.0,1145.0,1146.0
2015-06-03,1140.0,1150.0,1130.0,1135.0
2015-06-04,1133.0,1147.0,1118.0,1145.0
2015-06-05,1145.0,1164.0,1140.0,1146.0
2015-06-08,1161.0,1169.0,1150.0,1158.0
2015-06-09,1152.0,1153.0,1125.0,1125.0
2015-06-10,1134.0,1145.0,1107.0,1107.0
2015-06-11,1112.0,1138.0,1111.0,1116.0
2015-06-12,1115.0,1133.0,1114.0,1132.0
2015-06-15,1132.0,1142.0,1112.0,1124.0
2015-06-16,1122.0,1129.0,1110.0,1114.0
2015-06-17,1114.0,1129.0,1093.0,1105.0
2015-06-18,1105.0,1113.0,1080.0,1091.0
2015-06-19,1105.0,1153.0,1105.0,1143.0
2015-06-22,1145.0,1149.0,1117.0,1139.0
2015-06-23,1149.0,1172.0,1139.0,1157.0
2015-06-24,1164.0,1168.0,1145.0,1148.0
2015-06-25,1148.0,1165.0,1138.0,1138.0
2015-06-26,1135.0,1146.0,1120.0,1123.0
2015-06-29,1080.0,1114.0,1079.0,1102.0
2015-06-30,1099.0,1124.0,1099.0,1117.0
2015-07-01,1117.0,1141.0,1117.0,1134.0
2015-07-02,1139.0,1148.0,1131.0,1133.0
2015-07-03,1134.0,1134.0,1114.0,1116.0
2015-07-06,1090.0,1112.0,1088.0,1089.0
2015-07-07,1102.0,1109.0,1059.0,1060.0
2015-07-08,1053.0,1053.0,1011.0,1013.0
2015-07-09,999.0,1018.0,972.0,1016.0
2015-07-10,1023.0,1046.0,1001.0,1019.0
2015-07-13,1028.0,1050.0,1028.0,1036.0
2015-07-14,1063.0,1077.0,1055.0,1070.0
2015-07-15,1075.0,1077.0,1058.0,1068.0
2015-07-16,1072.0,1082.0,1065.0,1073.0
2015-07-17,1073.0,1081.0,1061.0,1065.0
2015-07-21,1070.0,1088.0,1070.0,1077.0
2015-07-22,1070.0,1079.0,1057.0,1070.0
2015-07-23,1070.0,1077.0,1062.0,1073.0
2015-07-24,1072.0,1072.0,1041.0,1048.0
2015-07-27,1048.0,1054.0,1032.0,1038.0
2015-07-28,1029.0,1041.0,1016.0,1035.0
2015-07-29,1040.0,1040.0,1015.0,1025.0
2015-07-30,1031.0,1045.0,1024.0,1030.0
2015-07-31,1030.0,1045.0,1008.0,1044.0
2015-08-03,1044.0,1057.0,1032.0,1039.0
2015-08-04,1040.0,1040.0,1021.0,1033.0
2015-08-05,1039.0,1063.0,1039.0,1048.0
2015-08-06,1056.0,1086.0,1044.0,1071.0
2015-08-07,1062.0,1063.0,1031.0,1041.0
2015-08-10,1040.0,1123.0,1033.0,1116.0
2015-08-11,1130.0,1145.0,1064.0,1081.0
2015-08-12,1083.0,1083.0,1049.0,1056.0
2015-08-13,1046.0,1053.0,988.0,1012.0
2015-08-14,1010.0,1028.0,1004.0,1012.0
2015-08-17,1012.0,1035.0,1001.0,1031.0
2015-08-18,1039.0,1104.0,1038.0,1092.0
2015-08-19,1078.0,1107.0,1060.0,1085.0
2015-08-20,1085.0,1095.0,1005.0,1013.0
2015-08-21,988.0,1006.0,981.0,987.0
2015-08-24,954.0,976.0,926.0,926.0
2015-08-25,900.0,934.0,870.0,882.0
2015-08-26,889.0,919.0,887.0,908.0
2015-08-27,930.0,942.0,914.0,930.0
2015-08-28,954.0,963.0,933.0,957.0
2015-08-31,953.0,953.0,915.0,950.0
2015-09-01,950.0,974.0,938.0,944.0
2015-09-02,929.0,994.0,929.0,977.0
2015-09-03,990.0,1035.0,989.0,1013.0
2015-09-04,1019.0,1030.0,986.0,996.0
2015-09-07,988.0,1004.0,973.0,985.0
2015-09-08,988.0,996.0,958.0,960.0
2015-09-09,970.0,1012.0,969.0,1005.0
2015-09-10,975.0,1010.0,975.0,1005.0
2015-09-11,965.0,1013.0,965.0,1002.0
2015-09-14,1006.0,1006.0,986.0,990.0
2015-09-15,999.0,1028.0,992.0,1000.0
2015-09-16,1013.0,1016.0,1001.0,1009.0
2015-09-17,1020.0,1030.0,1011.0,1020.0
2015-09-18,1020.0,1026.0,1004.0,1006.0
2015-09-24,981.0,996.0,964.0,964.0
2015-09-25,963.0,994.0,950.0,994.0
2015-09-28,992.0,996.0,966.0,974.0
2015-09-29,961.0,963.0,931.0,945.0
2015-09-30,966.0,995.0,961.0,985.0
2015-10-01,989.0,999.0,957.0,977.0
2015-10-02,971.0,980.0,943.0,954.0
2015-10-05,969.0,1013.0,965.0,1001.0
2015-10-06,1020.0,1032.0,992.0,1013.0
2015-10-07,1025.0,1055.0,1016.0,1045.0
2015-10-08,1035.0,1046.0,1019.0,1026.0
2015-10-09,1036.0,1054.0,1026.0,1052.0
2015-10-13,1047.0,1058.0,1036.0,1055.0
2015-10-14,1045.0,1045.0,1004.0,1005.0
2015-10-15,1005.0,1048.0,1005.0,1045.0
2015-10-16,1050.0,1054.0,1024.0,1031.0
2015-10-19,1030.0,1052.0,1028.0,1040.0
2015-10-20,1042.0,1049.0,1022.0,1026.0
2015-10-21,1026.0,1063.0,1024.0,1061.0
2015-10-22,1048.0,1062.0,1048.0,1052.0
2015-10-23,1060.0,1092.0,1060.0,1076.0
2015-10-26,1091.0,1091.0,1071.0,1076.0
2015-10-27,1063.0,1075.0,1061.0,1069.0
2015-10-28,1076.0,1078.0,1066.0,1076.0
2015-10-29,1082.0,1089.0,1070.0,1075.0
2015-10-30,1077.0,1095.0,1074.0,1085.0
2015-11-02,1085.0,1091.0,1053.0,1055.0
2015-11-04,1077.0,1087.0,1068.0,1070.0
2015-11-05,1076.0,1093.0,1073.0,1083.0
2015-11-06,1091.0,1103.0,1082.0,1098.0
2015-11-09,1104.0,1123.0,1099.0,1118.0
2015-11-10,1109.0,1126.0,1094.0,1099.0
2015-11-11,1082.0,1102.0,1061.0,1093.0
2015-11-12,1095.0,1103.0,1072.0,1096.0
2015-11-13,1077.0,1088.0,1071.0,1085.0
2015-11-16,1085.0,1090.0,1070.0,1079.0
2015-11-17,1098.0,1110.0,1092.0,1099.0
2015-11-18,1105.0,1106.0,1083.0,1090.0
2015-11-19,1104.0,1109.0,1090.0,1094.0
2015-11-20,1094.0,1097.0,1071.0,1080.0
2015-11-24,1080.0,1099.0,1080.0,1093.0
2015-11-25,1093.0,1122.0,1082.0,1093.0
2015-11-26,1101.0,1112.0,1086.0,1097.0
2015-11-27,1107.0,1111.0,1097.0,1102.0
2015-11-30,1103.0,1120.0,1102.0,1120.0
2015-12-01,1120.0,1134.0,1119.0,1124.0
2015-12-02,1128.0,1134.0,1114.0,1115.0
2015-12-03,1122.0,1166.0,1120.0,1157.0
2015-12-04,1136.0,1140.0,1111.0,1117.0
2015-12-07,1143.0,1158.0,1132.0,1132.0
2015-12-08,1135.0,1135.0,1115.0,1118.0
2015-12-09,1110.0,1126.0,1094.0,1098.0
2015-12-10,1081.0,1102.0,1074.0,1075.0
2015-12-11,1057.0,1102.0,1057.0,1095.0
2015-12-14,1095.0,1103.0,1074.0,1102.0
2015-12-15,1113.0,1126.0,1094.0,1096.0
2015-12-16,1110.0,1113.0,1088.0,1102.0
2015-12-17,1129.0,1140.0,1116.0,1127.0
2015-12-18,1117.0,1147.0,1111.0,1113.0
2015-12-21,1113.0,1126.0,1099.0,1112.0
2015-12-22,1114.0,1114.0,1091.0,1094.0
2015-12-24,1108.0,1117.0,1086.0,1089.0
2015-12-25,1089.0,1089.0,1089.0,1089.0
2015-12-28,1090.0,1102.0,1086.0,1097.0
2015-12-29,1093.0,1110.0,1083.0,1109.0
2015-12-30,1108.0,1117.0,1101.0,1114.0
2016-01-04,1114.0,1135.0,1089.0,1094.0
2016-01-05,1088.0,1090.0,1066.0,1072.0
2016-01-06,1070.0,1075.0,1027.0,1050.0
2016-01-07,1050.0,1053.0,1019.0,1019.0
2016-01-08,1005.0,1035.0,991.0,1007.0
2016-01-12,991.0,1005.0,989.0,989.0
2016-01-13,994.0,1009.0,994.0,1002.0
2016-01-14,972.0,988.0,964.0,980.0
2016-01-15,993.0,1002.0,973.0,978.0
2016-01-18,958.0,975.0,950.0,970.0
2016-01-19,964.0,983.0,956.0,964.0
2016-01-20,964.0,974.0,930.0,930.0
2016-01-21,922.0,945.0,899.0,900.0
2016-01-22,930.0,948.0,917.0,947.0
2016-01-25,953.0,966.0,941.0,954.0
2016-01-26,930.0,953.0,930.0,940.0
2016-01-27,955.0,973.0,953.0,970.0
2016-01-28,966.0,986.0,958.0,971.0
2016-01-29,967.0,997.0,957.0,993.0
2016-02-01,994.0,1021.0,993.0,1007.0
2016-02-02,1000.0,1057.0,989.0,1039.0
2016-02-03,1005.0,1006.0,978.0,984.0
2016-02-04,979.0,987.0,962.0,963.0
2016-02-05,939.0,974.0,939.0,967.0
2016-02-08,962.0,989.0,950.0,957.0
2016-02-09,910.0,940.0,906.0,909.0
2016-02-10,911.0,917.0,866.0,878.0
2016-02-12,850.0,867.0,820.0,820.0
2016-02-15,850.0,899.0,844.0,892.0
2016-02-16,890.0,922.0,887.0,897.0
2016-02-17,892.0,916.0,878.0,895.0
2016-02-18,915.0,927.0,904.0,917.0
2016-02-19,902.0,916.0,885.0,890.0
2016-02-22,890.0,918.0,890.0,907.0
2016-02-23,910.0,923.0,882.0,885.0
2016-02-24,874.0,907.0,873.0,887.0
2016-02-25,889.0,927.0,889.0,919.0
2016-02-26,924.0,931.0,908.0,916.0
2016-02-29,934.0,940.0,896.0,896.0
2016-03-01,896.0,915.0,881.0,903.0
2016-03-02,930.0,936.0,918.0,932.0
2016-03-03,921.0,942.0,921.0,940.0
2016-03-04,940.0,951.0,936.0,947.0
2016-03-07,949.0,949.0,927.0,930.0
2016-03-08,925.0,947.0,916.0,921.0
2016-03-09,910.0,910.0,887.0,897.0
2016-03-10,903.0,920.0,900.0,916.0
2016-03-11,906.0,927.0,899.0,921.0
2016-03-14,936.0,944.0,927.0,941.0
2016-03-15,941.0,948.0,925.0,928.0
2016-03-16,919.0,932.0,912.0,914.0
2016-03-17,922.0,936.0,909.0,914.0
2016-03-18,906.0,921.0,894.0,900.0
2016-03-22,911.0,926.0,904.0,922.0
2016-03-23,927.0,935.0,900.0,903.0
2016-03-24,903.0,910.0,888.0,889.0
2016-03-25,886.0,894.0,880.0,887.0
2016-03-28,896.0,907.0,887.0,907.0
2016-03-29,889.0,900.0,881.0,884.0
2016-03-30,886.0,894.0,872.0,873.0
2016-03-31,873.0,877.0,854.0,855.0
2016-04-01,858.0,861.0,829.0,831.0
2016-04-04,837.0,862.0,835.0,847.0
2016-04-05,839.0,839.0,811.0,812.0
2016-04-06,812.0,820.0,800.0,803.0
2016-04-07,794.0,811.0,794.0,807.0
2016-04-08,784.0,824.0,783.0,810.0
2016-04-11,804.0,813.0,792.0,809.0
2016-04-12,806.0,819.0,799.0,807.0
2016-04-13,817.0,847.0,817.0,845.0
2016-04-14,850.0,874.0,850.0,874.0
2016-04-15,874.0,877.0,860.0,872.0
2016-04-18,845.0,862.0,839.0,860.0
2016-04-19,872.0,886.0,869.0,882.0
2016-04-20,882.0,886.0,870.0,878.0
2016-04-21,893.0,898.0,883.0,895.0
2016-04-22,895.0,904.0,884.0,904.0
2016-04-25,904.0,915.0,892.0,912.0
2016-04-26,915.0,925.0,892.0,901.0
2016-04-27,908.0,909.0,880.0,896.0
2016-04-28,913.0,923.0,857.0,867.0
2016-05-02,852.0,854.0,828.0,846.0
2016-05-06,838.0,849.0,826.0,849.0
2016-05-09,859.0,867.0,841.0,848.0
2016-05-10,848.0,867.0,838.0,865.0
2016-05-11,878.0,884.0,867.0,874.0
2016-05-12,844.0,861.0,814.0,861.0
2016-05-13,856.0,861.0,842.0,847.0
2016-05-16,847.0,870.0,840.0,864.0
2016-05-17,876.0,880.0,861.0,880.0
2016-05-18,873.0,883.0,868.0,878.0
2016-05-19,888.0,891.0,873.0,889.0
2016-05-20,889.0,899.0,889.0,892.0
2016-05-23,890.0,892.0,875.0,883.0
2016-05-24,883.0,886.0,873.0,884.0
2016-05-25,888.0,908.0,886.0,907.0
2016-05-26,907.0,916.0,900.0,913.0
2016-05-27,915.0,918.0,897.0,917.0
2016-05-30,925.0,933.0,913.0,930.0
2016-05-31,930.0,934.0,922.0,930.0
2016-06-01,930.0,940.0,916.0,921.0
2016-06-02,916.0,916.0,871.0,876.0
2016-06-03,872.0,872.0,860.0,867.0
2016-06-06,854.0,856.0,841.0,847.0
2016-06-07,843.0,849.0,831.0,843.0
2016-06-08,847.0,857.0,833.0,856.0
2016-06-09,853.0,866.0,844.0,861.0
2016-06-10,853.0,869.0,847.0,869.0
2016-06-13,869.0,869.0,837.0,842.0
2016-06-14,840.0,843.0,823.0,841.0
2016-06-15,841.0,867.0,840.0,841.0
2016-06-16,834.0,836.0,801.0,804.0
2016-06-17,815.0,823.0,789.0,789.0
2016-06-20,799.0,846.0,799.0,833.0
2016-06-21,825.0,831.0,815.0,828.0
2016-06-22,821.0,821.0,798.0,814.0
2016-06-23,814.0,846.0,811.0,845.0
2016-06-24,845.0,845.0,767.0,774.0
2016-06-27,785.0,827.0,785.0,824.0
2016-06-28,824.0,840.0,795.0,823.0
2016-06-29,825.0,841.0,809.0,832.0
2016-06-30,830.0,836.0,807.0,813.0
2016-07-01,818.0,845.0,814.0,840.0
2016-07-04,831.0,837.0,815.0,826.0
2016-07-05,826.0,826.0,813.0,821.0
2016-07-06,803.0,813.0,782.0,812.0
2016-07-07,804.0,819.0,801.0,814.0
2016-07-08,815.0,819.0,797.0,797.0
2016-07-11,797.0,797.0,797.0,797.0
2016-07-12,841.0,859.0,837.0,848.0
2016-07-13,867.0,867.0,848.0,853.0
2016-07-14,850.0,862.0,843.0,862.0
2016-07-15,862.0,878.0,861.0,863.0
2016-07-19,869.0,872.0,862.0,871.0
2016-07-20,871.0,879.0,860.0,877.0
2016-07-21,885.0,889.0,877.0,884.0
2016-07-22,867.0,879.0,865.0,874.0
2016-07-25,880.0,907.0,880.0,904.0
2016-07-26,904.0,914.0,897.0,911.0
2016-07-27,914.0,914.0,891.0,904.0
2016-07-28,896.0,902.0,892.0,896.0
2016-07-29,894.0,894.0,868.0,887.0
2016-08-01,887.0,887.0,866.0,869.0
2016-08-02,854.0,869.0,845.0,848.0
2016-08-03,827.0,828.0,813.0,818.0
2016-08-04,815.0,824.0,806.0,819.0
2016-08-05,817.0,831.0,807.0,813.0
2016-08-08,826.0,829.0,814.0,825.0
2016-08-09,819.0,833.0,819.0,831.0
2016-08-10,802.0,816.0,800.0,810.0
2016-08-12,823.0,833.0,818.0,831.0
2016-08-15,831.0,842.0,820.0,830.0
2016-08-16,829.0,830.0,801.0,802.0
2016-08-17,798.0,799.0,780.0,786.0
2016-08-18,782.0,784.0,771.0,772.0
2016-08-19,773.0,782.0,770.0,770.0
2016-08-22,772.0,791.0,772.0,787.0
2016-08-23,779.0,784.0,775.0,778.0
2016-08-24,786.0,797.0,783.0,787.0
2016-08-25,787.0,793.0,777.0,783.0
2016-08-26,778.0,779.0,768.0,770.0
2016-08-29,791.0,795.0,780.0,786.0
2016-08-30,782.0,786.0,774.0,778.0
2016-08-31,783.0,790.0,771.0,786.0
2016-09-01,786.0,789.0,780.0,789.0
2016-09-02,783.0,789.0,777.0,784.0
2016-09-05,793.0,800.0,789.0,793.0
2016-09-06,791.0,800.0,787.0,797.0
2016-09-07,792.0,806.0,791.0,804.0
2016-09-08,797.0,804.0,788.0,792.0
2016-09-09,792.0,805.0,792.0,803.0
2016-09-12,792.0,794.0,779.0,784.0
2016-09-13,791.0,791.0,776.0,777.0
2016-09-14,773.0,777.0,769.0,771.0
2016-09-15,771.0,771.0,757.0,763.0
2016-09-16,765.0,778.0,761.0,774.0
2016-09-20,762.0,777.0,758.0,769.0
2016-09-21,764.0,779.0,756.0,776.0
2016-09-23,777.0,787.0,771.0,780.0
2016-09-26,780.0,785.0,776.0,780.0
2016-09-27,775.0,792.0,765.0,792.0
2016-09-28,773.0,784.0,770.0,774.0
2016-09-29,783.0,783.0,774.0,780.0
2016-09-30,767.0,777.0,765.0,769.0
2016-10-03,776.0,783.0,769.0,778.0
2016-10-04,780.0,791.0,775.0,789.0
2016-10-05,791.0,794.0,783.0,786.0
2016-10-06,792.0,792.0,783.0,788.0
2016-10-07,789.0,792.0,783.0,791.0
2016-10-11,794.0,795.0,785.0,787.0
2016-10-12,784.0,787.0,772.0,773.0
2016-10-13,773.0,776.0,761.0,773.0
2016-10-14,775.0,787.0,774.0,783.0
2016-10-17,783.0,802.0,776.0,795.0
2016-10-18,792.0,803.0,784.0,803.0
2016-10-19,801.0,813.0,798.0,806.0
2016-10-20,806.0,818.0,805.0,815.0
2016-10-21,818.0,818.0,809.0,812.0
2016-10-24,812.0,823.0,809.0,823.0
2016-10-25,823.0,829.0,821.0,823.0
2016-10-26,826.0,831.0,819.0,828.0
2016-10-27,826.0,831.0,822.0,827.0
2016-10-28,833.0,842.0,828.0,840.0
2016-10-31,840.0,846.0,836.0,838.0
2016-11-01,838.0,846.0,831.0,845.0
2016-11-02,838.0,844.0,831.0,842.0
2016-11-04,827.0,831.0,808.0,819.0
2016-11-07,834.0,837.0,820.0,824.0
2016-11-08,830.0,837.0,823.0,830.0
2016-11-09,830.0,833.0,771.0,776.0
2016-11-10,846.0,846.0,825.0,827.0
2016-11-11,839.0,839.0,820.0,828.0
2016-11-14,841.0,845.0,837.0,843.0
2016-11-15,843.0,843.0,831.0,839.0
2016-11-16,847.0,852.0,840.0,850.0
2016-11-17,846.0,852.0,843.0,851.0
2016-11-18,855.0,873.0,855.0,870.0
2016-11-21,879.0,888.0,879.0,882.0
2016-11-22,882.0,884.0,870.0,874.0
2016-11-24,885.0,891.0,878.0,884.0
2016-11-25,885.0,898.0,880.0,887.0
2016-11-28,890.0,899.0,882.0,895.0
2016-11-29,887.0,892.0,882.0,892.0
2016-11-30,892.0,900.0,890.0,897.0
2016-12-01,897.0,924.0,897.0,916.0
2016-12-02,912.0,918.0,907.0,915.0
2016-12-05,910.0,918.0,902.0,912.0
2016-12-06,919.0,919.0,905.0,908.0
2016-12-07,913.0,920.0,910.0,920.0
2016-12-08,921.0,937.0,921.0,937.0
2016-12-09,935.0,940.0,925.0,939.0
2016-12-12,945.0,949.0,933.0,947.0
2016-12-13,950.0,953.0,943.0,950.0
2016-12-14,950.0,953.0,936.0,952.0
2016-12-15,952.0,994.0,952.0,990.0
2016-12-16,999.0,1000.0,986.0,991.0
2016-12-19,986.0,995.0,978.0,986.0
2016-12-20,987.0,993.0,975.0,992.0
2016-12-21,983.0,993.0,976.0,984.0
2016-12-22,985.0,991.0,973.0,990.0
2016-12-26,990.0,999.0,983.0,983.0
2016-12-27,978.0,995.0,975.0,990.0
2016-12-28,993.0,993.0,981.0,988.0
2016-12-29,986.0,986.0,972.0,980.0
2016-12-30,974.0,978.0,964.0,977.0
2017-01-04,986.0,1017.0,986.0,1017.0
2017-01-05,1017.0,1017.0,978.0,987.0
2017-01-06,982.0,988.0,976.0,986.0
2017-01-10,984.0,984.0,972.0,979.0
2017-01-11,986.0,989.0,980.0,988.0
2017-01-12,991.0,991.0,971.0,982.0
2017-01-13,976.0,983.0,970.0,980.0
2017-01-16,980.0,985.0,970.0,975.0
2017-01-17,973.0,974.0,958.0,960.0
2017-01-18,960.0,960.0,944.0,953.0
2017-01-19,966.0,973.0,958.0,970.0
2017-01-20,970.0,973.0,963.0,967.0
2017-01-23,958.0,968.0,954.0,959.0
2017-01-24,954.0,965.0,954.0,965.0
2017-01-25,970.0,977.0,964.0,968.0
2017-01-26,977.0,982.0,974.0,975.0
2017-01-27,982.0,985.0,971.0,981.0
2017-01-30,973.0,977.0,967.0,977.0
2017-01-31,962.0,970.0,961.0,967.0
2017-02-01,959.0,978.0,951.0,976.0
2017-02-02,983.0,983.0,956.0,960.0
2017-02-03,962.0,976.0,962.0,972.0
2017-02-06,982.0,985.0,970.0,979.0
2017-02-07,974.0,979.0,963.0,964.0
2017-02-08,964.0,971.0,959.0,969.0
2017-02-09,959.0,967.0,954.0,963.0
2017-02-10,977.0,995.0,977.0,986.0
2017-02-13,995.0,1001.0,988.0,997.0
2017-02-14,1009.0,1034.0,1005.0,1018.0
2017-02-15,1025.0,1067.0,1024.0,1063.0
2017-02-16,1056.0,1068.0,1044.0,1056.0
2017-02-17,1059.0,1070.0,1055.0,1064.0
2017-02-20,1064.0,1076.0,1051.0,1064.0
2017-02-21,1062.0,1071.0,1055.0,1063.0
2017-02-22,1062.0,1062.0,1046.0,1057.0
2017-02-23,1057.0,1058.0,1045.0,1054.0
2017-02-24,1043.0,1055.0,1038.0,1048.0
2017-02-27,1043.0,1047.0,1025.0,1030.0
2017-02-28,1041.0,1070.0,1036.0,1046.0
2017-03-01,1046.0,1047.0,1031.0,1034.0
2017-03-02,1048.0,1056.0,1044.0,1047.0
2017-03-03,1046.0,1049.0,1035.0,1040.0
2017-03-06,1037.0,1044.0,1031.0,1037.0
2017-03-07,1032.0,1040.0,1028.0,1035.0
2017-03-08,1034.0,1039.0,1028.0,1038.0
2017-03-09,1041.0,1048.0,1033.0,1044.0
2017-03-10,1068.0,1082.0,1053.0,1065.0
2017-03-13,1066.0,1074.0,1061.0,1066.0
2017-03-14,1074.0,1074.0,1065.0,1069.0
2017-03-15,1068.0,1069.0,1053.0,1059.0
2017-03-16,1055.0,1060.0,1050.0,1059.0
2017-03-17,1048.0,1054.0,1042.0,1052.0
2017-03-21,1047.0,1060.0,1046.0,1054.0
2017-03-22,1031.0,1040.0,1022.0,1022.0
2017-03-23,1027.0,1032.0,1015.0,1016.0
2017-03-24,1016.0,1029.0,1007.0,1026.0
2017-03-27,1013.0,1025.0,1013.0,1022.0
2017-03-28,1043.0,1055.0,1040.0,1053.0
2017-03-29,1053.0,1056.0,1034.0,1039.0
2017-03-30,1037.0,1040.0,1021.0,1022.0
2017-03-31,1030.0,1032.0,1002.0,1002.0
2017-04-03,1017.0,1034.0,1013.0,1018.0
2017-04-04,1021.0,1022.0,1004.0,1012.0
2017-04-05,1020.0,1029.0,1013.0,1014.0
2017-04-06,1013.0,1015.0,987.0,988.0
2017-04-07,1000.0,1010.0,993.0,1003.0
2017-04-10,1009.0,1015.0,1000.0,1006.0
2017-04-11,1001.0,1013.0,995.0,1005.0
2017-04-12,998.0,998.0,976.0,986.0
2017-04-13,975.0,981.0,965.0,969.0
2017-04-14,964.0,972.0,959.0,966.0
2017-04-17,962.0,973.0,958.0,972.0
2017-04-18,982.0,992.0,975.0,981.0
2017-04-19,978.0,988.0,974.0,983.0
2017-04-20,983.0,987.0,964.0,981.0
2017-04-21,991.0,998.0,985.0,996.0
2017-04-24,1008.0,1019.0,999.0,1007.0
2017-04-25,1007.0,1022.0,1002.0,1022.0
2017-04-26,1030.0,1038.0,1023.0,1034.0
2017-04-27,1039.0,1046.0,1036.0,1045.0
2017-04-28,1044.0,1057.0,1029.0,1056.0
2017-05-01,1055.0,1066.0,1050.0,1063.0
2017-05-02,1069.0,1074.0,1063.0,1066.0
2017-05-08,1079.0,1097.0,1079.0,1094.0
2017-05-09,1097.0,1098.0,1079.0,1098.0
2017-05-10,1093.0,1130.0,1085.0,1112.0
2017-05-11,1132.0,1162.0,1110.0,1147.0
2017-05-12,1137.0,1148.0,1124.0,1145.0
2017-05-15,1134.0,1134.0,1116.0,1124.0
2017-05-16,1132.0,1132.0,1120.0,1127.0
2017-05-17,1118.0,1128.0,1118.0,1123.0
2017-05-18,1098.0,1111.0,1088.0,1101.0
2017-05-19,1103.0,1110.0,1098.0,1103.0
2017-05-22,1108.0,1113.0,1103.0,1105.0
2017-05-23,1129.0,1129.0,1108.0,1110.0
2017-05-24,1120.0,1124.0,1111.0,1114.0
2017-05-25,1114.0,1122.0,1111.0,1112.0
2017-05-26,1112.0,1114.0,1086.0,1087.0
2017-05-29,1087.0,1093.0,1077.0,1077.0
2017-05-30,1077.0,1107.0,1077.0,1099.0
2017-05-31,1100.0,1104.0,1086.0,1089.0
2017-06-01,1090.0,1115.0,1090.0,1113.0
2017-06-02,1121.0,1142.0,1121.0,1137.0
2017-06-05,1127.0,1132.0,1110.0,1126.0
2017-06-06,1131.0,1131.0,1099.0,1103.0
2017-06-07,1109.0,1114.0,1099.0,1102.0
2017-06-08,1104.0,1113.0,1096.0,1096.0
2017-06-09,1096.0,1102.0,1089.0,1092.0
2017-06-12,1092.0,1106.0,1083.0,1102.0
2017-06-13,1105.0,1109.0,1101.0,1104.0
2017-06-14,1110.0,1118.0,1107.0,1110.0
2017-06-15,1110.0,1111.0,1086.0,1086.0
2017-06-16,1093.0,1096.0,1078.0,1082.0
2017-06-19,1084.0,1105.0,1082.0,1105.0
2017-06-20,1100.0,1109.0,1095.0,1096.0
2017-06-21,1091.0,1111.0,1091.0,1101.0
2017-06-22,1100.0,1117.0,1098.0,1109.0
2017-06-23,1110.0,1125.0,1110.0,1122.0
2017-06-26,1122.0,1134.0,1116.0,1130.0
2017-06-27,1141.0,1142.0,1133.0,1142.0
2017-06-28,1138.0,1144.0,1133.0,1133.0
2017-06-29,1145.0,1152.0,1142.0,1148.0
2017-06-30,1140.0,1144.0,1133.0,1139.0
2017-07-03,1139.0,1155.0,1139.0,1150.0
2017-07-04,1154.0,1160.0,1140.0,1144.0
2017-07-05,1140.0,1153.0,1133.0,1151.0
2017-07-06,1141.0,1150.0,1136.0,1141.0
2017-07-07,1130.0,1140.0,1129.0,1133.0
2017-07-10,1140.0,1141.0,1127.0,1130.0
2017-07-11,1124.0,1133.0,1120.0,1129.0
2017-07-12,1118.0,1132.0,1117.0,1119.0
2017-07-13,1122.0,1125.0,1097.0,1120.0
2017-07-14,1124.0,1135.0,1123.0,1132.0
2017-07-17,1132.0,1132.0,1132.0,1132.0
2017-07-18,1132.0,1133.0,1121.0,1129.0
2017-07-19,1129.0,1134.0,1123.0,1128.0
2017-07-20,1120.0,1134.0,1109.0,1133.0
2017-07-21,1128.0,1160.0,1128.0,1159.0
2017-07-24,1148.0,1157.0,1137.0,1156.0
2017-07-25,1160.0,1161.0,1141.0,1143.0
2017-07-26,1155.0,1155.0,1139.0,1145.0
2017-07-27,1142.0,1152.0,1139.0,1142.0
2017-07-28,1138.0,1142.0,1132.0,1141.0
2017-07-31,1141.0,1141.0,1132.0,1133.0
2017-08-01,1133.0,1147.0,1132.0,1147.0
2017-08-02,1154.0,1158.0,1140.0,1154.0
2017-08-03,1151.0,1188.0,1151.0,1188.0
2017-08-04,1185.0,1187.0,1175.0,1184.0
2017-08-07,1194.0,1198.0,1188.0,1194.0
2017-08-08,1192.0,1196.0,1181.0,1190.0
2017-08-09,1178.0,1192.0,1102.0,1160.0
2017-08-10,1130.0,1162.0,1121.0,1124.0
2017-08-11,1124.0,1124.0,1124.0,1124.0
2017-08-14,1115.0,1115.0,1084.0,1084.0
2017-08-15,1096.0,1098.0,1080.0,1081.0
2017-08-16,1077.0,1096.0,1071.0,1090.0
2017-08-17,1081.0,1085.0,1070.0,1074.0
2017-08-18,1052.0,1068.0,1051.0,1065.0
2017-08-21,1066.0,1084.0,1066.0,1079.0
2017-08-22,1083.0,1084.0,1074.0,1075.0
2017-08-23,1085.0,1092.0,1078.0,1080.0
2017-08-24,1080.0,1085.0,1073.0,1074.0
2017-08-25,1068.0,1080.0,1062.0,1077.0
2017-08-28,1090.0,1098.0,1082.0,1086.0
2017-08-29,1079.0,1092.0,1075.0,1089.0
2017-08-30,1097.0,1108.0,1093.0,1106.0
2017-08-31,1106.0,1120.0,1106.0,1116.0
2017-09-01,1121.0,1139.0,1121.0,1133.0
2017-09-04,1128.0,1138.0,1117.0,1118.0
2017-09-05,1119.0,1122.0,1109.0,1109.0
2017-09-06,1108.0,1131.0,1107.0,1118.0
2017-09-07,1128.0,1140.0,1122.0,1135.0
2017-09-08,1130.0,1145.0,1130.0,1136.0
2017-09-11,1149.0,1161.0,1144.0,1146.0
2017-09-12,1162.0,1162.0,1137.0,1142.0
2017-09-13,1147.0,1159.0,1144.0,1156.0
2017-09-14,1156.0,1163.0,1144.0,1146.0
2017-09-15,1153.0,1165.0,1152.0,1163.0
2017-09-18,1163.0,1163.0,1163.0,1163.0
2017-09-19,1169.0,1186.0,1166.0,1183.0
2017-09-20,1192.0,1223.0,1192.0,1198.0
2017-09-21,1201.0,1202.0,1185.0,1188.0
2017-09-22,1192.0,1197.0,1181.0,1186.0
2017-09-25,1189.0,1199.0,1183.0,1195.0
2017-09-26,1192.0,1208.0,1168.0,1207.0
2017-09-27,1192.0,1198.0,1181.0,1197.0
2017-09-28,1208.0,1210.0,1194.0,1210.0
2017-09-29,1208.0,1221.0,1206.0,1217.0
2017-10-02,1219.0,1221.0,1190.0,1194.0
2017-10-03,1197.0,1197.0,1178.0,1180.0
2017-10-04,1185.0,1206.0,1180.0,1202.0
2017-10-05,1196.0,1198.0,1186.0,1187.0
2017-10-06,1190.0,1197.0,1187.0,1195.0
2017-10-09,1195.0,1195.0,1195.0,1195.0
2017-10-10,1180.0,1196.0,1163.0,1195.0
2017-10-11,1188.0,1197.0,1184.0,1187.0
2017-10-12,1190.0,1201.0,1190.0,1198.0
2017-10-13,1200.0,1214.0,1198.0,1210.0
2017-10-16,1210.0,1237.0,1210.0,1231.0
2017-10-17,1240.0,1240.0,1224.0,1229.0
2017-10-18,1230.0,1232.0,1216.0,1220.0
2017-10-19,1221.0,1222.0,1210.0,1217.0
2017-10-20,1214.0,1225.0,1206.0,1220.0
2017-10-23,1224.0,1263.0,1211.0,1243.0
2017-10-24,1234.0,1258.0,1232.0,1252.0
2017-10-25,1259.0,1274.0,1259.0,1265.0
2017-10-26,1265.0,1275.0,1254.0,1271.0
2017-10-27,1271.0,1296.0,1268.0,1291.0
2017-10-30,1285.0,1287.0,1270.0,1277.0
2017-10-31,1277.0,1298.0,1276.0,1292.0
2017-11-01,1310.0,1329.0,1296.0,1326.0
2017-11-02,1325.0,1335.0,1305.0,1305.0
2017-11-03,1305.0,1305.0,1305.0,1305.0
2017-11-06,1325.0,1356.0,1325.0,1346.0
2017-11-07,1358.0,1376.0,1354.0,1374.0
2017-11-08,1385.0,1386.0,1343.0,1358.0
2017-11-09,1377.0,1399.0,1362.0,1373.0
2017-11-10,1354.0,1378.0,1354.0,1361.0
2017-11-13,1356.0,1370.0,1325.0,1336.0
2017-11-14,1331.0,1345.0,1325.0,1326.0
2017-11-15,1310.0,1317.0,1254.0,1256.0
2017-11-16,1250.0,1287.0,1241.0,1256.0
2017-11-17,1264.0,1281.0,1250.0,1256.0
2017-11-20,1250.0,1270.0,1245.0,1257.0
2017-11-21,1259.0,1269.0,1254.0,1257.0
2017-11-22,1267.0,1268.0,1251.0,1252.0
2017-11-23,1252.0,1252.0,1252.0,1252.0
2017-11-24,1243.0,1256.0,1238.0,1250.0
2017-11-27,1256.0,1263.0,1246.0,1261.0
2017-11-28,1254.0,1272.0,1252.0,1261.0
2017-11-29,1275.0,1279.0,1266.0,1277.0
2017-11-30,1278.0,1279.0,1258.0,1277.0
2017-12-01,1280.0,1300.0,1273.0,1297.0
2017-12-04,1300.0,1310.0,1286.0,1302.0
2017-12-05,1293.0,1309.0,1291.0,1305.0
2017-12-06,1291.0,1302.0,1271.0,1273.0
2017-12-07,1273.0,1293.0,1273.0,1292.0
2017-12-08,1291.0,1303.0,1288.0,1300.0
2017-12-11,1300.0,1302.0,1279.0,1291.0
2017-12-12,1300.0,1311.0,1300.0,1305.0
2017-12-13,1306.0,1307.0,1287.0,1290.0
2017-12-14,1294.0,1307.0,1292.0,1304.0
2017-12-15,1304.0,1313.0,1299.0,1311.0
2017-12-18,1314.0,1324.0,1313.0,1318.0
2017-12-19,1328.0,1334.0,1314.0,1319.0
2017-12-20,1319.0,1336.0,1311.0,1336.0
2017-12-21,1328.0,1332.0,1314.0,1330.0
2017-12-22,1326.0,1330.0,1312.0,1330.0
2017-12-25,1330.0,1341.0,1326.0,1339.0
2017-12-26,1343.0,1343.0,1320.0,1324.0
2017-12-27,1324.0,1336.0,1324.0,1332.0
2017-12-28,1335.0,1343.0,1325.0,1329.0
2017-12-29,1330.0,1338.0,1327.0,1329.0
2018-01-01,1329.0,1329.0,1329.0,1329.0
2018-01-02,1329.0,1329.0,1329.0,1329.0
2018-01-03,1329.0,1329.0,1329.0,1329.0
2018-01-04,1337.0,1383.0,1337.0,1382.0
2018-01-05,1384.0,1389.0,1369.0,1388.0
2018-01-08,1388.0,1388.0,1388.0,1388.0
2018-01-09,1390.0,1391.0,1376.0,1379.0
2018-01-10,1388.0,1389.0,1370.0,1374.0
2018-01-11,1365.0,1374.0,1360.0,1373.0
2018-01-12,1368.0,1373.0,1357.0,1362.0
2018-01-15,1364.0,1382.0,1360.0,1361.0
2018-01-16,1361.0,1374.0,1360.0,1371.0
2018-01-17,1367.0,1374.0,1360.0,1366.0
2018-01-18,1378.0,1384.0,1350.0,1350.0
2018-01-19,1354.0,1370.0,1351.0,1369.0
2018-01-22,1369.0,1372.0,1357.0,1362.0
2018-01-23,1374.0,1375.0,1356.0,1362.0
2018-01-24,1368.0,1368.0,1357.0,1365.0
2018-01-25,1365.0,1372.0,1353.0,1355.0
2018-01-26,1358.0,1359.0,1351.0,1354.0
2018-01-29,1359.0,1374.0,1346.0,1366.0
2018-01-30,1366.0,1366.0,1344.0,1348.0
2018-01-31,1340.0,1360.0,1323.0,1323.0
2018-02-01,1330.0,1357.0,1328.0,1356.0
2018-02-02,1354.0,1362.0,1341.0,1360.0
2018-02-05,1330.0,1341.0,1316.0,1324.0
2018-02-06,1275.0,1282.0,1222.0,1244.0
2018-02-07,1262.0,1293.0,1238.0,1238.0
2018-02-08,1253.0,1263.0,1235.0,1238.0
2018-02-09,1208.0,1210.0,1179.0,1200.0
2018-02-12,1200.0,1200.0,1200.0,1200.0
2018-02-13,1218.0,1218.0,1169.0,1171.0
2018-02-14,1173.0,1173.0,1137.0,1141.0
2018-02-15,1147.0,1160.0,1141.0,1142.0
2018-02-16,1148.0,1173.0,1147.0,1155.0
2018-02-19,1181.0,1206.0,1174.0,1205.0
2018-02-20,1205.0,1209.0,1189.0,1208.0
2018-02-21,1208.0,1223.0,1200.0,1206.0
2018-02-22,1188.0,1196.0,1177.0,1194.0
2018-02-23,1200.0,1228.0,1199.0,1225.0
2018-02-26,1226.0,1236.0,1204.0,1211.0
2018-02-27,1230.0,1230.0,1207.0,1210.0
2018-02-28,1204.0,1217.0,1189.0,1189.0
2018-03-01,1172.0,1181.0,1156.0,1160.0
2018-03-02,1135.0,1143.0,1124.0,1126.0
2018-03-05,1120.0,1129.0,1096.0,1101.0
2018-03-06,1111.0,1131.0,1107.0,1110.0
2018-03-07,1095.0,1106.0,1083.0,1095.0
2018-03-08,1104.0,1109.0,1074.0,1083.0
2018-03-09,1094.0,1109.0,1078.0,1088.0
2018-03-12,1111.0,1114.0,1099.0,1110.0
2018-03-13,1108.0,1116.0,1100.0,1114.0
2018-03-14,1115.0,1120.0,1107.0,1109.0
2018-03-15,1109.0,1129.0,1101.0,1122.0
2018-03-16,1122.0,1123.0,1100.0,1114.0
2018-03-19,1105.0,1118.0,1096.0,1099.0
2018-03-20,1086.0,1104.0,1086.0,1103.0
2018-03-21,1103.0,1103.0,1103.0,1103.0
2018-03-22,1111.0,1116.0,1093.0,1101.0
2018-03-23,1096.0,1096.0,1047.0,1052.0
2018-03-26,1052.0,1064.0,1039.0,1051.0
2018-03-27,1070.0,1113.0,1065.0,1111.0
2018-03-28,1085.0,1097.0,1074.0,1096.0
2018-03-29,1108.0,1113.0,1078.0,1092.0
2018-03-30,1105.0,1118.0,1100.0,1111.0
2018-04-02,1111.0,1119.0,1102.0,1108.0
2018-04-03,1096.0,1099.0,1077.0,1087.0
2018-04-04,1095.0,1108.0,1092.0,1098.0
2018-04-05,1112.0,1112.0,1096.0,1103.0
2018-04-06,1105.0,1105.0,1084.0,1086.0
2018-04-09,1077.0,1085.0,1068.0,1075.0
2018-04-10,1070.0,1091.0,1070.0,1082.0
2018-04-11,1091.0,1091.0,1078.0,1085.0
2018-04-12,1090.0,1090.0,1069.0,1071.0
2018-04-13,1076.0,1095.0,1074.0,1086.0
2018-04-16,1086.0,1101.0,1086.0,1099.0
2018-04-17,1099.0,1103.0,1084.0,1089.0
2018-04-18,1092.0,1092.0,1069.0,1073.0
2018-04-19,1074.0,1111.0,1074.0,1099.0
2018-04-20,1099.0,1108.0,1091.0,1098.0
2018-04-23,1100.0,1109.0,1093.0,1095.0
2018-04-24,1110.0,1128.0,1103.0,1127.0
2018-04-25,1119.0,1131.0,1110.0,1122.0
2018-04-26,1126.0,1129.0,1119.0,1121.0
2018-04-27,1127.0,1127.0,1096.0,1108.0
2018-04-30,1108.0,1108.0,1108.0,1108.0
2018-05-01,1108.0,1133.0,1106.0,1127.0
2018-05-02,1126.0,1129.0,1112.0,1129.0
2018-05-03,1129.0,1129.0,1129.0,1129.0
2018-05-04,1129.0,1129.0,1129.0,1129.0
2018-05-07,1129.0,1129.0,1101.0,1104.0
2018-05-08,1100.0,1125.0,1099.0,1118.0
2018-05-09,1125.0,1128.0,1099.0,1102.0
2018-05-10,1118.0,1135.0,1099.0,1118.0
2018-05-11,1112.0,1148.0,1112.0,1146.0
2018-05-14,1145.0,1154.0,1141.0,1151.0
2018-05-15,1151.0,1173.0,1147.0,1166.0
2018-05-16,1173.0,1173.0,1152.0,1158.0
2018-05-17,1166.0,1168.0,1154.0,1157.0
2018-05-18,1163.0,1163.0,1145.0,1154.0
2018-05-21,1155.0,1167.0,1148.0,1165.0
2018-05-22,1170.0,1173.0,1160.0,1170.0
2018-05-23,1166.0,1180.0,1162.0,1170.0
2018-05-24,1172.0,1172.0,1138.0,1140.0
2018-05-25,1137.0,1137.0,1113.0,1115.0
2018-05-28,1112.0,1136.0,1103.0,1135.0
2018-05-29,1138.0,1144.0,1119.0,1128.0
2018-05-30,1111.0,1115.0,1101.0,1105.0
2018-05-31,1117.0,1124.0,1107.0,1118.0
2018-06-01,1123.0,1148.0,1111.0,1143.0
2018-06-04,1171.0,1186.0,1159.0,1180.0
2018-06-05,1200.0,1207.0,1171.0,1185.0
2018-06-06,1192.0,1194.0,1172.0,1184.0
2018-06-07,1187.0,1196.0,1183.0,1191.0
2018-06-08,1180.0,1190.0,1168.0,1171.0
2018-06-11,1162.0,1174.0,1153.0,1171.0
2018-06-12,1180.0,1180.0,1167.0,1169.0
2018-06-13,1169.0,1176.0,1158.0,1171.0
2018-06-14,1169.0,1185.0,1162.0,1185.0
2018-06-15,1190.0,1202.0,1165.0,1167.0
2018-06-18,1167.0,1171.0,1146.0,1155.0
2018-06-19,1147.0,1157.0,1125.0,1130.0
2018-06-20,1130.0,1132.0,1094.0,1114.0
2018-06-21,1110.0,1123.0,1103.0,1103.0
2018-06-22,1094.0,1112.0,1080.0,1112.0
2018-06-25,1112.0,1114.0,1076.0,1080.0
2018-06-26,1068.0,1073.0,1044.0,1072.0
2018-06-27,1063.0,1073.0,1045.0,1066.0
2018-06-28,1065.0,1072.0,1045.0,1054.0
2018-06-29,1058.0,1063.0,1026.0,1059.0
2018-07-02,1060.0,1087.0,1050.0,1052.0
2018-07-03,1054.0,1062.0,1029.0,1036.0
2018-07-04,1038.0,1049.0,1031.0,1042.0
2018-07-05,1035.0,1040.0,1015.0,1019.0
2018-07-06,1030.0,1053.0,1030.0,1048.0
2018-07-09,1050.0,1081.0,1045.0,1079.0
2018-07-10,1089.0,1092.0,1079.0,1084.0
2018-07-11,1076.0,1079.0,1062.0,1067.0
2018-07-12,1072.0,1077.0,1065.0,1068.0
2018-07-13,1072.0,1083.0,1064.0,1079.0
2018-07-16,1079.0,1079.0,1079.0,1079.0
2018-07-17,1071.0,1086.0,1069.0,1076.0
2018-07-18,1090.0,1129.0,1088.0,1122.0
2018-07-19,1122.0,1138.0,1122.0,1130.0
2018-07-20,1130.0,1144.0,1098.0,1107.0
2018-07-23,1114.0,1124.0,1110.0,1115.0
2018-07-24,1125.0,1125.0,1115.0,1118.0
2018-07-25,1123.0,1134.0,1122.0,1127.0
2018-07-26,1155.0,1158.0,1138.0,1142.0
2018-07-27,1147.0,1179.0,1145.0,1166.0
2018-07-30,1156.0,1175.0,1147.0,1152.0
2018-07-31,1152.0,1153.0,1134.0,1141.0
2018-08-01,1151.0,1170.0,1137.0,1167.0
2018-08-02,1162.0,1167.0,1134.0,1138.0
2018-08-03,1140.0,1141.0,1119.0,1130.0
2018-08-06,1126.0,1136.0,1120.0,1125.0
2018-08-07,1125.0,1149.0,1122.0,1149.0
2018-08-08,1145.0,1221.0,1145.0,1213.0
2018-08-09,1211.0,1213.0,1175.0,1206.0
2018-08-10,1220.0,1248.0,1208.0,1213.0
2018-08-13,1212.0,1213.0,1158.0,1166.0
2018-08-14,1180.0,1196.0,1167.0,1196.0
2018-08-15,1204.0,1217.0,1169.0,1174.0
2018-08-16,1167.0,1171.0,1141.0,1169.0
2018-08-17,1180.0,1197.0,1166.0,1190.0
2018-08-20,1188.0,1188.0,1158.0,1160.0
2018-08-21,1168.0,1176.0,1147.0,1151.0
2018-08-22,1167.0,1182.0,1160.0,1179.0
2018-08-23,1194.0,1194.0,1169.0,1170.0
2018-08-24,1200.0,1200.0,1171.0,1174.0
2018-08-27,1190.0,1209.0,1185.0,1199.0
2018-08-28,1201.0,1218.0,1196.0,1201.0
2018-08-29,1220.0,1260.0,1220.0,1242.0
2018-08-30,1250.0,1257.0,1231.0,1249.0
2018-08-31,1239.0,1252.0,1232.0,1238.0
2018-09-03,1242.0,1248.0,1221.0,1236.0
2018-09-04,1245.0,1254.0,1223.0,1247.0
2018-09-05,1247.0,1254.0,1226.0,1236.0
2018-09-06,1245.0,1259.0,1231.0,1253.0
2018-09-07,1239.0,1246.0,1219.0,1239.0
2018-09-10,1244.0,1249.0,1234.0,1244.0
2018-09-11,1250.0,1253.0,1229.0,1244.0
2018-09-12,1253.0,1255.0,1219.0,1249.0
2018-09-13,1262.0,1281.0,1249.0,1263.0
2018-09-14,1282.0,1303.0,1277.0,1297.0
2018-09-17,1297.0,1297.0,1297.0,1297.0
2018-09-18,1297.0,1332.0,1292.0,1330.0
2018-09-19,1350.0,1357.0,1332.0,1339.0
2018-09-20,1346.0,1356.0,1323.0,1350.0
2018-09-21,1360.0,1383.0,1351.0,1368.0
2018-09-24,1368.0,1368.0,1368.0,1368.0
2018-09-25,1368.0,1383.0,1355.0,1381.0
2018-09-26,1339.0,1368.0,1334.0,1364.0
2018-09-27,1348.0,1370.0,1339.0,1342.0
2018-09-28,1340.0,1380.0,1340.0,1355.0
2018-10-01,1342.0,1366.0,1332.0,1360.0
2018-10-02,1374.0,1389.0,1358.0,1373.0
2018-10-03,1368.0,1384.0,1353.0,1359.0
2018-10-04,1365.0,1384.0,1354.0,1371.0
2018-10-05,1359.0,1381.0,1356.0,1371.0
2018-10-08,1371.0,1371.0,1371.0,1371.0
2018-10-09,1365.0,1382.0,1354.0,1364.0
2018-10-10,1368.0,1382.0,1353.0,1364.0
2018-10-11,1294.0,1320.0,1267.0,1297.0
2018-10-12,1276.0,1305.0,1276.0,1297.0
2018-10-15,1287.0,1320.0,1272.0,1304.0
2018-10-16,1320.0,1353.0,1313.0,1349.0
2018-10-17,1360.0,1373.0,1338.0,1357.0
2018-10-18,1367.0,1370.0,1310.0,1312.0
2018-10-19,1292.0,1302.0,1278.0,1298.0
2018-10-22,1298.0,1309.0,1277.0,1300.0
2018-10-23,1287.0,1288.0,1241.0,1245.0
2018-10-24,1259.0,1260.0,1220.0,1235.0
2018-10-25,1197.0,1207.0,1187.0,1191.0
2018-10-26,1187.0,1203.0,1179.0,1187.0
2018-10-29,1194.0,1218.0,1188.0,1189.0
2018-10-30,1187.0,1220.0,1178.0,1212.0
2018-10-31,1222.0,1237.0,1216.0,1237.0
2018-11-01,1237.0,1242.0,1205.0,1210.0
2018-11-02,1200.0,1230.0,1198.0,1228.0
2018-11-05,1209.0,1212.0,1186.0,1188.0
2018-11-06,1188.0,1213.0,1188.0,1201.0
2018-11-07,1201.0,1206.0,1129.0,1136.0
2018-11-08,1159.0,1188.0,1157.0,1177.0
2018-11-09,1180.0,1199.0,1172.0,1175.0
2018-11-12,1170.0,1189.0,1158.0,1171.0
2018-11-13,1141.0,1142.0,1128.0,1137.0
2018-11-14,1133.0,1146.0,1133.0,1137.0
2018-11-15,1133.0,1149.0,1131.0,1148.0
2018-11-16,1145.0,1156.0,1128.0,1134.0
2018-11-19,1134.0,1140.0,1125.0,1128.0
2018-11-20,1128.0,1138.0,1126.0,1134.0
2018-11-21,1110.0,1137.0,1106.0,1135.0
2018-11-22,1135.0,1145.0,1130.0,1140.0
2018-11-23,1140.0,1140.0,1140.0,1140.0
2018-11-26,1134.0,1163.0,1131.0,1158.0
2018-11-27,1177.0,1187.0,1172.0,1179.0
2018-11-28,1184.0,1209.0,1176.0,1206.0
2018-11-29,1222.0,1235.0,1203.0,1207.0
2018-11-30,1205.0,1207.0,1192.0,1203.0
2018-12-03,1227.0,1231.0,1205.0,1209.0
2018-12-04,1209.0,1214.0,1170.0,1170.0
2018-12-05,1150.0,1173.0,1148.0,1159.0
2018-12-06,1150.0,1163.0,1142.0,1151.0
2018-12-07,1145.0,1167.0,1139.0,1162.0
2018-12-10,1142.0,1146.0,1124.0,1137.0
2018-12-11,1128.0,1133.0,1107.0,1109.0
2018-12-12,1111.0,1135.0,1101.0,1130.0
2018-12-13,1130.0,1142.0,1121.0,1132.0
2018-12-14,1130.0,1131.0,1097.0,1111.0
2018-12-17,1115.0,1116.0,1061.0,1065.0
2018-12-18,1047.0,1051.0,1022.0,1023.0
2018-12-19,1025.0,1040.0,1004.0,1039.0
2018-12-20,1039.0,1051.0,1029.0,1033.0
2018-12-21,1022.0,1022.0,978.0,980.0
2018-12-24,980.0,980.0,980.0,980.0
2018-12-25,978.0,978.0,908.0,923.0
2018-12-26,937.0,966.0,937.0,960.0
2018-12-27,989.0,1033.0,985.0,1032.0
2018-12-28,1032.0,1039.0,1021.0,1032.0
2018-12-31,1032.0,1032.0,1032.0,1032.0
2019-01-04,1029.0,1030.0,985.0,1030.0
2019-01-07,1058.0,1081.0,1056.0,1072.0
2019-01-08,1077.0,1081.0,1046.0,1053.0
2019-01-09,1058.0,1068.0,1053.0,1067.0
2019-01-10,1053.0,1070.0,1042.0,1064.0
2019-01-11,1086.0,1097.0,1069.0,1078.0
2019-01-15,1072.0,1104.0,1054.0,1104.0
2019-01-16,1107.0,1107.0,1089.0,1091.0
2019-01-17,1093.0,1116.0,1084.0,1095.0
2019-01-18,1105.0,1126.0,1103.0,1111.0
2019-01-21,1120.0,1123.0,1101.0,1103.0
2019-01-22,1110.0,1110.0,1078.0,1087.0
2019-01-23,1070.0,1094.0,1061.0,1079.0
2019-01-24,1077.0,1105.0,1071.0,1103.0
2019-01-25,1103.0,1116.0,1094.0,1100.0
2019-01-28,1092.0,1101.0,1084.0,1086.0
2019-01-29,1079.0,1099.0,1069.0,1094.0
2019-01-30,1100.0,1105.0,1086.0,1089.0
2019-01-31,1111.0,1112.0,1086.0,1092.0
2019-02-01,1089.0,1105.0,1089.0,1091.0
2019-02-04,1106.0,1130.0,1094.0,1130.0
2019-02-05,1138.0,1142.0,1124.0,1132.0
2019-02-06,1142.0,1144.0,1128.0,1133.0
2019-02-07,1126.0,1126.0,1095.0,1101.0
2019-02-08,1087.0,1134.0,1080.0,1108.0
2019-02-12,1126.0,1174.0,1125.0,1161.0
2019-02-13,1180.0,1183.0,1158.0,1179.0
2019-02-14,1176.0,1187.0,1166.0,1176.0
2019-02-15,1160.0,1170.0,1154.0,1162.0
2019-02-18,1197.0,1197.0,1172.0,1174.0
2019-02-19,1177.0,1196.0,1172.0,1190.0
2019-02-20,1190.0,1205.0,1188.0,1197.0
2019-02-21,1197.0,1198.0,1180.0,1191.0
2019-02-22,1182.0,1194.0,1169.0,1187.0
2019-02-25,1190.0,1200.0,1181.0,1191.0
2019-02-26,1197.0,1197.0,1173.0,1183.0
2019-02-27,1192.0,1202.0,1186.0,1194.0
2019-02-28,1191.0,1204.0,1178.0,1199.0
2019-03-01,1199.0,1205.0,1190.0,1194.0
2019-03-04,1210.0,1214.0,1193.0,1199.0
2019-03-05,1196.0,1204.0,1186.0,1189.0
2019-03-06,1184.0,1192.0,1176.0,1180.0
2019-03-07,1171.0,1185.0,1168.0,1181.0
2019-03-08,1169.0,1175.0,1162.0,1168.0
2019-03-11,1166.0,1174.0,1161.0,1166.0
2019-03-12,1176.0,1193.0,1174.0,1177.0
2019-03-13,1159.0,1178.0,1158.0,1164.0
2019-03-14,1173.0,1173.0,1155.0,1160.0
2019-03-15,1164.0,1186.0,1163.0,1177.0
2019-03-18,1190.0,1195.0,1180.0,1190.0
2019-03-19,1195.0,1195.0,1168.0,1181.0
2019-03-20,1180.0,1207.0,1180.0,1206.0
2019-03-22,1206.0,1207.0,1181.0,1203.0
2019-03-25,1170.0,1172.0,1156.0,1159.0
2019-03-26,1181.0,1231.0,1181.0,1226.0
2019-03-27,1203.0,1209.0,1196.0,1199.0
2019-03-28,1189.0,1196.0,1156.0,1173.0
2019-03-29,1190.0,1190.0,1167.0,1167.0
2019-04-01,1182.0,1208.0,1177.0,1198.0
2019-04-02,1210.0,1215.0,1195.0,1203.0
2019-04-03,1199.0,1205.0,1189.0,1201.0
2019-04-04,1206.0,1216.0,1199.0,1206.0
2019-04-05,1210.0,1217.0,1200.0,1206.0
2019-04-08,1222.0,1222.0,1193.0,1195.0
2019-04-09,1188.0,1188.0,1166.0,1179.0
2019-04-10,1174.0,1197.0,1174.0,1195.0
2019-04-11,1184.0,1189.0,1175.0,1182.0
2019-04-12,1192.0,1197.0,1179.0,1193.0
2019-04-15,1207.0,1230.0,1207.0,1227.0
2019-04-16,1200.0,1232.0,1200.0,1212.0
2019-04-17,1211.0,1214.0,1199.0,1203.0
2019-04-18,1206.0,1206.0,1172.0,1175.0
2019-04-19,1190.0,1198.0,1177.0,1185.0
2019-04-22,1185.0,1188.0,1168.0,1186.0
2019-04-23,1189.0,1191.0,1168.0,1172.0
2019-04-24,1175.0,1183.0,1161.0,1169.0
2019-04-25,1170.0,1184.0,1164.0,1182.0
2019-04-26,1167.0,1174.0,1157.0,1165.0
2019-05-07,1166.0,1175.0,1147.0,1152.0
2019-05-08,1124.0,1127.0,1098.0,1100.0
2019-05-09,1082.0,1091.0,1064.0,1072.0
2019-05-10,1065.0,1081.0,1062.0,1068.0
2019-05-13,1080.0,1082.0,1060.0,1063.0
2019-05-14,1037.0,1101.0,995.0,1080.0
2019-05-15,1079.0,1079.0,1040.0,1044.0
2019-05-16,1043.0,1048.0,1025.0,1041.0
2019-05-17,1056.0,1062.0,1043.0,1051.0
2019-05-20,1051.0,1052.0,1021.0,1021.0
2019-05-21,1011.0,1024.0,1006.0,1015.0
2019-05-22,1016.0,1029.0,1016.0,1026.0
2019-05-23,1019.0,1021.0,1011.0,1013.0
2019-05-24,994.0,1011.0,989.0,1009.0
2019-05-27,1009.0,1012.0,1000.0,1004.0
2019-05-28,1004.0,1018.0,999.0,1007.0
2019-05-29,994.0,1019.0,994.0,1008.0
2019-05-30,997.0,1014.0,997.0,1011.0
2019-05-31,1003.0,1013.0,1001.0,1009.0
2019-06-03,1003.0,1007.0,990.0,994.0
2019-06-04,993.0,1006.0,987.0,994.0
2019-06-05,1009.0,1018.0,1000.0,1009.0
2019-06-06,1010.0,1012.0,995.0,995.0
2019-06-07,1003.0,1007.0,991.0,1003.0
2019-06-10,1013.0,1013.0,999.0,1000.0
2019-06-11,1005.0,1033.0,1003.0,1032.0
2019-06-12,1047.0,1047.0,1031.0,1031.0
2019-06-13,1017.0,1024.0,1004.0,1007.0
2019-06-14,1014.0,1029.0,1008.0,1025.0
2019-06-17,1031.0,1057.0,1026.0,1036.0
2019-06-18,1034.0,1035.0,993.0,996.0
2019-06-19,1011.0,1045.0,1011.0,1043.0
2019-06-20,1043.0,1066.0,1043.0,1060.0
2019-06-21,1060.0,1063.0,1028.0,1030.0
2019-06-24,1036.0,1058.0,1026.0,1055.0
2019-06-25,1055.0,1070.0,1043.0,1050.0
2019-06-26,1034.0,1041.0,1010.0,1016.0
2019-06-27,1016.0,1023.0,1007.0,1018.0
2019-06-28,1018.0,1040.0,1013.0,1036.0
2019-07-01,1056.0,1087.0,1056.0,1085.0
2019-07-02,1085.0,1109.0,1083.0,1103.0
2019-07-03,1102.0,1108.0,1092.0,1103.0
2019-07-04,1111.0,1116.0,1088.0,1102.0
2019-07-05,1100.0,1100.0,1085.0,1089.0
2019-07-08,1080.0,1090.0,1071.0,1072.0
2019-07-09,1072.0,1075.0,1041.0,1049.0
2019-07-10,1031.0,1047.0,1022.0,1039.0
2019-07-11,1045.0,1071.0,1045.0,1067.0
2019-07-12,1067.0,1072.0,1057.0,1068.0
2019-07-16,1068.0,1072.0,1055.0,1060.0
2019-07-17,1054.0,1060.0,1045.0,1046.0
2019-07-18,1035.0,1044.0,1001.0,1006.0
2019-07-19,1006.0,1026.0,1001.0,1022.0
2019-07-22,1024.0,1035.0,1024.0,1024.0
2019-07-23,1024.0,1039.0,1020.0,1036.0
2019-07-24,1050.0,1050.0,1034.0,1039.0
2019-07-25,1039.0,1058.0,1039.0,1055.0
2019-07-26,1048.0,1051.0,1042.0,1044.0
2019-07-29,1046.0,1048.0,1038.0,1046.0
2019-07-30,1052.0,1059.0,1042.0,1054.0
2019-07-31,1039.0,1053.0,1036.0,1041.0
2019-08-01,1040.0,1054.0,1033.0,1046.0
2019-08-02,1016.0,1032.0,996.0,1002.0
2019-08-05,990.0,997.0,970.0,985.0
2019-08-06,955.0,981.0,951.0,976.0
2019-08-07,968.0,978.0,966.0,970.0
2019-08-08,971.0,980.0,964.0,968.0
2019-08-09,998.0,999.0,965.0,969.0
2019-08-13,909.0,913.0,895.0,902.0
2019-08-14,912.0,924.0,909.0,922.0
2019-08-15,907.0,914.0,897.0,914.0
2019-08-16,905.0,921.0,902.0,914.0
2019-08-19,922.0,925.0,916.0,918.0
2019-08-20,919.0,927.0,916.0,926.0
2019-08-21,911.0,921.0,903.0,903.0
2019-08-22,917.0,918.0,905.0,910.0
2019-08-23,916.0,920.0,909.0,915.0
2019-08-26,900.0,901.0,879.0,885.0
2019-08-27,892.0,913.0,886.0,902.0
2019-08-28,902.0,905.0,891.0,902.0
2019-08-29,909.0,911.0,894.0,910.0
2019-08-30,927.0,944.0,921.0,939.0
2019-09-02,942.0,954.0,937.0,938.0
2019-09-03,935.0,950.0,930.0,943.0
2019-09-04,936.0,942.0,924.0,925.0
2019-09-05,935.0,955.0,924.0,948.0
2019-09-06,955.0,958.0,944.0,945.0
2019-09-09,942.0,946.0,923.0,941.0
2019-09-10,943.0,952.0,939.0,949.0
2019-09-11,953.0,960.0,943.0,958.0
2019-09-12,964.0,964.0,949.0,952.0
2019-09-13,937.0,962.0,932.0,959.0
2019-09-17,964.0,972.0,953.0,958.0
2019-09-18,969.0,969.0,952.0,955.0
2019-09-19,966.0,987.0,966.0,977.0
2019-09-20,985.0,986.0,970.0,983.0
2019-09-24,982.0,996.0,977.0,981.0
2019-09-25,974.0,978.0,960.0,974.0
2019-09-26,985.0,999.0,980.0,991.0
2019-09-27,990.0,990.0,947.0,957.0
2019-09-30,946.0,952.0,936.0,940.0
2019-10-01,940.0,953.0,923.0,947.0
2019-10-02,938.0,947.0,935.0,942.0
2019-10-03,912.0,917.0,895.0,905.0
2019-10-04,898.0,904.0,893.0,904.0
2019-10-07,899.0,906.0,896.0,899.0
2019-10-08,910.0,921.0,909.0,919.0
2019-10-09,914.0,920.0,908.0,918.0
2019-10-10,915.0,916.0,898.0,907.0
2019-10-11,918.0,936.0,915.0,933.0
2019-10-15,959.0,969.0,946.0,949.0
2019-10-16,965.0,975.0,946.0,953.0
2019-10-17,953.0,953.0,941.0,945.0
2019-10-18,952.0,970.0,949.0,954.0
2019-10-21,954.0,970.0,954.0,968.0
2019-10-23,980.0,987.0,967.0,987.0
2019-10-24,992.0,999.0,986.0,990.0
2019-10-25,995.0,1000.0,987.0,998.0
2019-10-28,998.0,1006.0,990.0,993.0
2019-10-29,994.0,1006.0,994.0,1002.0
2019-10-30,998.0,1008.0,997.0,1007.0
2019-10-31,1002.0,1015.0,1002.0,1008.0
2019-11-01,1000.0,1005.0,992.0,1002.0
2019-11-05,1028.0,1037.0,1020.0,1033.0
2019-11-06,1033.0,1033.0,1019.0,1025.0
2019-11-07,1023.0,1027.0,1018.0,1027.0
2019-11-08,1043.0,1049.0,1033.0,1038.0
2019-11-11,1047.0,1049.0,1031.0,1035.0
2019-11-12,1024.0,1063.0,1024.0,1052.0
2019-11-13,1060.0,1067.0,1039.0,1045.0
2019-11-14,1042.0,1042.0,1027.0,1030.0
2019-11-15,1031.0,1060.0,1031.0,1057.0
2019-11-18,1057.0,1057.0,1042.0,1047.0
2019-11-19,1047.0,1054.0,1032.0,1037.0
2019-11-20,1037.0,1037.0,1010.0,1019.0
2019-11-21,1020.0,1025.0,995.0,1015.0
2019-11-22,1017.0,1020.0,1007.0,1015.0
2019-11-25,1025.0,1029.0,1023.0,1026.0
2019-11-26,1036.0,1036.0,1005.0,1010.0
2019-11-27,1011.0,1024.0,1011.0,1024.0
2019-11-28,1020.0,1020.0,1005.0,1013.0
2019-11-29,1019.0,1035.0,1013.0,1033.0
2019-12-02,1034.0,1050.0,1034.0,1045.0
2019-12-03,1027.0,1027.0,1014.0,1017.0
2019-12-04,1012.0,1028.0,1011.0,1027.0
2019-12-05,1026.0,1041.0,1025.0,1036.0
2019-12-06,1030.0,1046.0,1028.0,1032.0
2019-12-09,1049.0,1053.0,1037.0,1041.0
2019-12-10,1041.0,1062.0,1038.0,1054.0
2019-12-11,1054.0,1069.0,1054.0,1063.0
2019-12-12,1070.0,1070.0,1061.0,1065.0
2019-12-13,1095.0,1124.0,1095.0,1119.0
2019-12-16,1119.0,1127.0,1083.0,1087.0
2019-12-17,1097.0,1097.0,1079.0,1089.0
2019-12-18,1091.0,1098.0,1078.0,1092.0
2019-12-19,1095.0,1110.0,1093.0,1107.0
2019-12-20,1107.0,1130.0,1093.0,1117.0
2019-12-23,1125.0,1125.0,1103.0,1107.0
2019-12-24,1105.0,1119.0,1105.0,1108.0
2019-12-25,1108.0,1118.0,1108.0,1115.0
2019-12-26,1118.0,1118.0,1094.0,1108.0
2019-12-27,1105.0,1114.0,1103.0,1113.0
2019-12-30,1103.0,1103.0,1091.0,1095.0
2020-01-06,1095.0,1095.0,1070.0,1080.0
2020-01-07,1077.0,1114.0,1075.0,1109.0
2020-01-08,1084.0,1089.0,1062.0,1076.0
2020-01-09,1094.0,1100.0,1083.0,1087.0
2020-01-10,1091.0,1091.0,1076.0,1080.0
2020-01-14,1079.0,1079.0,1055.0,1064.0
2020-01-15,1064.0,1065.0,1051.0,1060.0
2020-01-16,1060.0,1060.0,1045.0,1047.0
2020-01-17,1041.0,1062.0,1040.0,1062.0
2020-01-20,1062.0,1077.0,1062.0,1076.0
2020-01-21,1070.0,1084.0,1070.0,1081.0
2020-01-22,1072.0,1081.0,1064.0,1079.0
2020-01-23,1070.0,1093.0,1070.0,1078.0
2020-01-24,1084.0,1087.0,1065.0,1072.0
2020-01-27,1059.0,1059.0,1042.0,1046.0
2020-01-28,1024.0,1037.0,1018.0,1034.0
2020-01-29,1034.0,1038.0,1027.0,1032.0
2020-01-30,1030.0,1032.0,1003.0,1010.0
2020-01-31,1016.0,1042.0,1016.0,1029.0
2020-02-03,1006.0,1021.0,1002.0,1015.0
2020-02-04,1007.0,1030.0,1007.0,1028.0
2020-02-05,1041.0,1041.0,1028.0,1031.0
2020-02-06,1052.0,1067.0,1048.0,1060.0
2020-02-07,1060.0,1060.0,1040.0,1046.0
2020-02-10,1029.0,1047.0,1025.0,1038.0
2020-02-12,1040.0,1042.0,1019.0,1024.0
2020-02-13,1017.0,1027.0,990.0,1003.0
2020-02-14,1000.0,1012.0,987.0,998.0
2020-02-17,998.0,1013.0,993.0,1011.0
2020-02-18,1001.0,1004.0,982.0,992.0
2020-02-19,1003.0,1003.0,984.0,993.0
2020-02-20,1002.0,1015.0,1001.0,1006.0
2020-02-21,999.0,1007.0,996.0,998.0
2020-02-25,953.0,967.0,943.0,952.0
2020-02-26,932.0,956.0,922.0,948.0
2020-02-27,936.0,949.0,909.0,914.0
2020-02-28,890.0,890.0,857.0,870.0
2020-03-02,870.0,898.0,850.0,887.0
2020-03-03,891.0,900.0,864.0,864.0
2020-03-04,850.0,875.0,850.0,859.0
2020-03-05,878.0,878.0,855.0,862.0
2020-03-06,847.0,849.0,825.0,828.0
2020-03-09,813.0,815.0,767.0,773.0
2020-03-10,766.0,800.0,741.0,796.0
2020-03-11,788.0,819.0,781.0,796.0
2020-03-12,780.0,781.0,743.0,751.0
2020-03-13,736.0,776.0,711.0,756.0
2020-03-16,756.0,786.0,741.0,741.0
2020-03-17,714.0,819.0,713.0,812.0
2020-03-18,812.0,872.0,790.0,820.0
2020-03-19,850.0,955.0,839.0,927.0
2020-03-23,914.0,952.0,858.0,898.0
2020-03-24,917.0,919.0,863.0,884.0
2020-03-25,899.0,902.0,851.0,899.0
2020-03-26,893.0,913.0,847.0,903.0
2020-03-27,963.0,988.0,933.0,988.0
2020-03-30,974.0,983.0,927.0,969.0
2020-03-31,959.0,959.0,887.0,901.0
2020-04-01,899.0,908.0,864.0,872.0
2020-04-02,860.0,880.0,828.0,848.0
2020-04-03,884.0,902.0,816.0,824.0
2020-04-06,813.0,858.0,801.0,853.0
2020-04-07,868.0,881.0,830.0,879.0
2020-04-08,883.0,920.0,869.0,911.0
2020-04-09,907.0,920.0,891.0,909.0
2020-04-10,908.0,944.0,886.0,940.0
2020-04-13,937.0,937.0,890.0,895.0
2020-04-14,881.0,899.0,881.0,898.0
2020-04-15,891.0,891.0,834.0,847.0
2020-04-16,848.0,905.0,841.0,905.0
2020-04-17,906.0,909.0,868.0,872.0
2020-04-20,864.0,876.0,859.0,875.0
2020-04-21,861.0,873.0,860.0,870.0
2020-04-22,859.0,885.0,850.0,872.0
2020-04-23,877.0,899.0,871.0,899.0
2020-04-24,905.0,905.0,881.0,898.0
2020-04-27,907.0,915.0,898.0,914.0
2020-04-28,914.0,919.0,895.0,913.0
2020-04-30,941.0,941.0,912.0,912.0
2020-05-01,907.0,909.0,889.0,894.0
2020-05-07,881.0,891.0,867.0,873.0
2020-05-08,885.0,917.0,878.0,917.0
2020-05-11,917.0,938.0,917.0,938.0
2020-05-12,943.0,943.0,927.0,929.0
2020-05-13,914.0,932.0,912.0,930.0
2020-05-14,935.0,935.0,896.0,896.0
2020-05-15,896.0,907.0,867.0,889.0
2020-05-18,897.0,897.0,866.0,880.0
2020-05-19,900.0,902.0,888.0,896.0
2020-05-20,896.0,900.0,887.0,893.0
2020-05-21,897.0,897.0,879.0,883.0
2020-05-22,890.0,890.0,864.0,871.0
2020-05-25,874.0,888.0,874.0,888.0
2020-05-26,896.0,915.0,892.0,910.0
2020-05-27,906.0,942.0,903.0,940.0
2020-05-28,949.0,957.0,933.0,955.0
2020-05-29,952.0,963.0,933.0,936.0
2020-06-01,936.0,940.0,917.0,925.0
2020-06-02,929.0,953.0,925.0,949.0
2020-06-03,964.0,964.0,938.0,945.0
2020-06-04,962.0,962.0,944.0,950.0
2020-06-05,950.0,950.0,930.0,941.0
2020-06-08,954.0,954.0,933.0,943.0
2020-06-09,953.0,953.0,923.0,934.0
2020-06-10,934.0,936.0,922.0,928.0
2020-06-11,928.0,931.0,914.0,916.0
2020-06-12,901.0,929.0,896.0,920.0
2020-06-15,905.0,909.0,888.0,888.0
2020-06-16,916.0,936.0,911.0,934.0
2020-06-17,929.0,929.0,897.0,903.0
2020-06-18,902.0,918.0,896.0,916.0
2020-06-19,924.0,924.0,899.0,907.0
2020-06-22,899.0,904.0,885.0,890.0
2020-06-23,901.0,914.0,896.0,906.0
2020-06-24,906.0,906.0,898.0,898.0
2020-06-25,898.0,906.0,890.0,900.0
2020-06-26,911.0,919.0,905.0,915.0
2020-06-29,913.0,930.0,906.0,916.0
2020-06-30,930.0,937.0,907.0,908.0
2020-07-01,916.0,919.0,895.0,900.0
2020-07-02,945.0,946.0,920.0,921.0
2020-07-03,924.0,927.0,903.0,916.0
2020-07-06,924.0,930.0,918.0,924.0
2020-07-07,926.0,926.0,906.0,915.0
2020-07-08,910.0,918.0,899.0,900.0
2020-07-09,896.0,921.0,895.0,910.0
2020-07-10,909.0,912.0,897.0,900.0
2020-07-13,917.0,937.0,913.0,937.0
2020-07-14,938.0,942.0,927.0,940.0
2020-07-15,952.0,999.0,952.0,983.0
2020-07-16,992.0,1038.0,992.0,1035.0
2020-07-17,1033.0,1039.0,1017.0,1021.0
2020-07-20,1030.0,1044.0,1021.0,1032.0
2020-07-21,1032.0,1052.0,1026.0,1047.0
2020-07-22,1047.0,1047.0,1020.0,1020.0
2020-07-27,1020.0,1031.0,995.0,1018.0
2020-07-28,1029.0,1029.0,1008.0,1015.0
2020-07-29,1011.0,1011.0,993.0,993.0
2020-07-30,999.0,1005.0,982.0,984.0
2020-07-31,980.0,980.0,953.0,954.0
2020-08-03,964.0,979.0,957.0,963.0
2020-08-04,973.0,991.0,965.0,976.0
2020-08-05,970.0,971.0,952.0,966.0
2020-08-06,957.0,967.0,947.0,959.0
2020-08-07,967.0,975.0,923.0,933.0
2020-08-11,930.0,991.0,930.0,989.0
2020-08-12,999.0,1014.0,990.0,1005.0
2020-08-13,1017.0,1026.0,996.0,1013.0
2020-08-14,1014.0,1015.0,997.0,998.0
2020-08-17,998.0,998.0,985.0,991.0
2020-08-18,987.0,1005.0,983.0,998.0
2020-08-19,995.0,995.0,982.0,987.0
2020-08-20,975.0,983.0,955.0,955.0
2020-08-21,968.0,973.0,957.0,960.0
2020-08-24,971.0,979.0,964.0,977.0
2020-08-25,989.0,1003.0,989.0,993.0
2020-08-26,991.0,996.0,983.0,987.0
2020-08-27,998.0,1000.0,983.0,986.0
2020-08-28,995.0,1017.0,983.0,992.0
2020-08-31,992.0,1017.0,990.0,999.0
2020-09-01,1000.0,1009.0,992.0,1004.0
2020-09-02,1011.0,1011.0,998.0,1008.0
2020-09-03,1025.0,1025.0,998.0,1001.0
2020-09-04,990.0,1002.0,985.0,994.0
2020-09-07,988.0,1001.0,988.0,998.0
2020-09-08,1005.0,1012.0,998.0,1012.0
2020-09-09,990.0,1011.0,989.0,1006.0
2020-09-10,1010.0,1019.0,1000.0,1007.0
2020-09-11,1000.0,1025.0,997.0,1016.0
2020-09-14,1025.0,1076.0,1023.0,1070.0
2020-09-15,1070.0,1070.0,1046.0,1057.0
2020-09-16,1047.0,1060.0,1035.0,1051.0
2020-09-17,1068.0,1086.0,1067.0,1083.0
2020-09-18,1085.0,1106.0,1085.0,1092.0
2020-09-23,1062.0,1087.0,1062.0,1067.0
2020-09-24,1067.0,1074.0,1050.0,1050.0
2020-09-25,1058.0,1080.0,1044.0,1050.0
2020-09-28,1068.0,1102.0,1068.0,1099.0
2020-09-29,1086.0,1107.0,1084.0,1094.0
2020-09-30,1088.0,1093.0,1061.0,1061.0
2020-10-02,1061.0,1083.0,1037.0,1039.0
2020-10-05,1062.0,1073.0,1051.0,1062.0
2020-10-06,1070.0,1084.0,1056.0,1084.0
2020-10-07,1074.0,1082.0,1062.0,1071.0
2020-10-08,1073.0,1108.0,1063.0,1100.0
2020-10-09,1106.0,1114.0,1082.0,1106.0
2020-10-12,1100.0,1102.0,1088.0,1094.0
2020-10-13,1099.0,1145.0,1079.0,1129.0
2020-10-14,1128.0,1130.0,1094.0,1099.0
2020-10-15,1099.0,1114.0,1099.0,1110.0
2020-10-16,1107.0,1109.0,1093.0,1098.0
2020-10-19,1104.0,1128.0,1104.0,1120.0
2020-10-20,1117.0,1130.0,1096.0,1102.0
2020-10-21,1098.0,1108.0,1087.0,1099.0
2020-10-22,1087.0,1093.0,1077.0,1089.0
2020-10-23,1080.0,1094.0,1076.0,1086.0
2020-10-26,1078.0,1089.0,1070.0,1082.0
2020-10-27,1084.0,1084.0,1060.0,1070.0
2020-10-28,1058.0,1066.0,1048.0,1066.0
2020-10-29,1048.0,1059.0,1045.0,1052.0
2020-10-30,1045.0,1045.0,1009.0,1021.0
2020-11-02,1021.0,1042.0,1013.0,1041.0
2020-11-04,1038.0,1040.0,1020.0,1021.0
2020-11-05,1013.0,1043.0,1002.0,1040.0
2020-11-06,1049.0,1071.0,1037.0,1068.0
2020-11-09,1076.0,1078.0,1053.0,1076.0
2020-11-10,1100.0,1108.0,1069.0,1076.0
2020-11-11,1100.0,1100.0,1081.0,1091.0
2020-11-12,1090.0,1105.0,1053.0,1064.0
2020-11-13,1057.0,1057.0,1034.0,1045.0
2020-11-16,1057.0,1069.0,1046.0,1060.0
2020-11-17,1060.0,1066.0,1035.0,1041.0
2020-11-18,1038.0,1038.0,1008.0,1008.0
2020-11-19,1008.0,1015.0,993.0,1000.0
2020-11-20,1000.0,1006.0,994.0,1001.0
2020-11-24,1020.0,1043.0,1018.0,1021.0
2020-11-25,1039.0,1040.0,1010.0,1013.0
2020-11-26,1006.0,1030.0,1003.0,1027.0
2020-11-27,1037.0,1048.0,1027.0,1041.0
2020-11-30,1032.0,1032.0,994.0,994.0
2020-12-01,1000.0,1025.0,1000.0,1019.0
2020-12-02,1031.0,1036.0,1009.0,1015.0
2020-12-03,1001.0,1032.0,999.0,1024.0
2020-12-04,1024.0,1033.0,1020.0,1028.0
2020-12-07,1040.0,1042.0,1015.0,1020.0
2020-12-08,1022.0,1026.0,1015.0,1022.0
2020-12-09,1027.0,1042.0,1021.0,1042.0
2020-12-10,1042.0,1062.0,1042.0,1054.0
2020-12-11,1054.0,1060.0,1035.0,1044.0
2020-12-14,1052.0,1097.0,1052.0,1072.0
2020-12-15,1072.0,1076.0,1057.0,1064.0
2020-12-16,1069.0,1074.0,1051.0,1053.0
2020-12-17,1048.0,1050.0,1028.0,1031.0
2020-12-18,1029.0,1047.0,1026.0,1042.0
2020-12-21,1042.0,1059.0,1040.0,1056.0
2020-12-22,1042.0,1044.0,1018.0,1028.0
2020-12-23,1030.0,1036.0,1019.0,1026.0
2020-12-24,1030.0,1046.0,1030.0,1036.0
2020-12-25,1036.0,1059.0,1036.0,1056.0
2020-12-28,1065.0,1066.0,1039.0,1052.0
2020-12-29,1062.0,1065.0,1048.0,1057.0
2020-12-30,1049.0,1049.0,1033.0,1033.0
2021-01-04,1036.0,1042.0,1011.0,1013.0
2021-01-05,1011.0,1016.0,994.0,1002.0
2021-01-06,1002.0,1009.0,993.0,1003.0
2021-01-07,1011.0,1039.0,1011.0,1023.0
2021-01-08,1023.0,1050.0,1016.0,1050.0
2021-01-12,1045.0,1064.0,1040.0,1048.0
2021-01-13,1047.0,1052.0,1026.0,1033.0
2021-01-14,1023.0,1047.0,1021.0,1040.0
2021-01-15,1040.0,1047.0,1018.0,1018.0
2021-01-18,1007.0,1022.0,1006.0,1017.0
2021-01-19,1024.0,1031.0,1013.0,1013.0
2021-01-20,1013.0,1016.0,1001.0,1011.0
2021-01-21,1012.0,1023.0,1007.0,1007.0
2021-01-22,1001.0,1011.0,997.0,997.0
2021-01-25,998.0,1007.0,997.0,1003.0
2021-01-26,1002.0,1012.0,1000.0,1005.0
2021-01-27,1009.0,1022.0,1009.0,1017.0
2021-01-28,1006.0,1011.0,1000.0,1001.0
2021-01-29,998.0,1007.0,981.0,981.0
2021-02-01,981.0,996.0,981.0,982.0
2021-02-02,980.0,996.0,978.0,993.0
2021-02-03,998.0,1003.0,991.0,1000.0
2021-02-04,995.0,1008.0,993.0,1001.0
2021-02-05,1009.0,1012.0,993.0,1010.0
2021-02-08,1018.0,1045.0,1017.0,1044.0
2021-02-09,1044.0,1044.0,1022.0,1035.0
2021-02-10,1035.0,1063.0,1010.0,1033.0
2021-02-12,1050.0,1053.0,1017.0,1023.0
2021-02-15,1034.0,1036.0,1019.0,1025.0
2021-02-16,1030.0,1038.0,1019.0,1032.0
2021-02-17,1023.0,1046.0,1023.0,1034.0
2021-02-18,1030.0,1035.0,1010.0,1014.0
2021-02-19,1008.0,1017.0,1005.0,1016.0
2021-02-22,1016.0,1016.0,1004.0,1010.0
2021-02-24,1002.0,1003.0,980.0,981.0
2021-02-25,990.0,997.0,982.0,989.0
2021-02-26,959.0,971.0,948.0,948.0
2021-03-01,966.0,998.0,966.0,998.0
2021-03-02,1000.0,1003.0,982.0,995.0
2021-03-03,1000.0,1001.0,989.0,993.0
2021-03-04,983.0,996.0,981.0,996.0
2021-03-05,999.0,1004.0,986.0,1003.0
2021-03-08,1020.0,1025.0,1001.0,1007.0
2021-03-09,1024.0,1032.0,1015.0,1029.0
2021-03-10,1027.0,1027.0,1008.0,1013.0
2021-03-11,1019.0,1026.0,1012.0,1019.0
2021-03-12,1001.0,1013.0,997.0,1007.0
2021-03-15,1010.0,1022.0,1003.0,1013.0
2021-03-16,1006.0,1045.0,1005.0,1044.0
2021-03-17,1039.0,1059.0,1038.0,1059.0
2021-03-18,1065.0,1088.0,1063.0,1085.0
2021-03-19,1090.0,1132.0,1084.0,1125.0
2021-03-22,1125.0,1144.0,1119.0,1130.0
2021-03-23,1135.0,1140.0,1104.0,1104.0
2021-03-24,1096.0,1097.0,1059.0,1066.0
2021-03-25,1087.0,1104.0,1081.0,1091.0
2021-03-26,1098.0,1101.0,1084.0,1089.0
2021-03-29,1111.0,1115.0,1066.0,1092.0
2021-03-30,1082.0,1082.0,1054.0,1066.0
2021-03-31,1048.0,1056.0,1041.0,1042.0
2021-04-01,1042.0,1050.0,1035.0,1038.0
2021-04-02,1043.0,1046.0,1032.0,1040.0
2021-04-05,1035.0,1053.0,1032.0,1048.0
2021-04-06,1063.0,1063.0,1014.0,1021.0
2021-04-07,1021.0,1052.0,1021.0,1052.0
2021-04-08,1041.0,1041.0,1020.0,1023.0
2021-04-09,1026.0,1036.0,1012.0,1019.0
2021-04-12,1028.0,1045.0,1024.0,1039.0
2021-04-13,1041.0,1056.0,1041.0,1048.0
2021-04-14,1047.0,1056.0,1039.0,1050.0
2021-04-15,1095.0,1099.0,1051.0,1051.0
2021-04-16,1049.0,1067.0,1043.0,1056.0
2021-04-19,1047.0,1052.0,1044.0,1052.0
2021-04-20,1039.0,1047.0,1028.0,1033.0
2021-04-21,1018.0,1021.0,1006.0,1009.0
2021-04-22,1015.0,1024.0,1000.0,1007.0
2021-04-23,998.0,1003.0,989.0,998.0
2021-04-26,998.0,1001.0,988.0,992.0
2021-04-27,986.0,988.0,978.0,980.0
2021-04-28,978.0,982.0,971.0,974.0
2021-04-30,975.0,987.0,972.0,976.0
2021-05-06,980.0,1006.0,980.0,1000.0
2021-05-07,1011.0,1040.0,1010.0,1017.0
2021-05-10,1022.0,1028.0,1015.0,1025.0
2021-05-11,1019.0,1024.0,993.0,998.0
2021-05-12,992.0,995.0,977.0,988.0
2021-05-13,984.0,999.0,976.0,978.0
2021-05-14,988.0,1004.0,988.0,991.0
2021-05-17,992.0,1000.0,976.0,982.0
2021-05-18,981.0,992.0,980.0,990.0
2021-05-19,980.0,991.0,974.0,981.0
2021-05-20,981.0,993.0,981.0,982.0
2021-05-21,981.0,990.0,979.0,980.0
2021-05-24,981.0,995.0,981.0,987.0
2021-05-25,987.0,992.0,978.0,983.0
2021-05-26,975.0,982.0,973.0,973.0
2021-05-27,973.0,975.0,952.0,952.0
2021-05-28,973.0,978.0,964.0,977.0
2021-05-31,977.0,977.0,960.0,964.0
2021-06-01,969.0,974.0,963.0,972.0
2021-06-02,964.0,979.0,962.0,973.0
2021-06-03,973.0,985.0,973.0,983.0
2021-06-04,977.0,988.0,976.0,979.0
2021-06-07,978.0,981.0,965.0,970.0
2021-06-08,975.0,981.0,968.0,975.0
2021-06-09,973.0,979.0,968.0,968.0
2021-06-10,967.0,973.0,961.0,971.0
2021-06-11,965.0,973.0,963.0,971.0
2021-06-14,982.0,996.0,973.0,992.0
2021-06-15,992.0,992.0,973.0,977.0
2021-06-16,974.0,983.0,972.0,983.0
2021-06-17,979.0,991.0,977.0,978.0
2021-06-18,987.0,987.0,969.0,978.0
2021-06-21,975.0,975.0,961.0,970.0
2021-06-22,990.0,999.0,989.0,995.0
2021-06-23,993.0,995.0,977.0,982.0
2021-06-24,974.0,988.0,974.0,986.0
2021-06-25,996.0,1009.0,995.0,1001.0
2021-06-28,1003.0,1016.0,1002.0,1012.0
2021-06-29,1005.0,1008.0,988.0,990.0
2021-06-30,1000.0,1006.0,998.0,1000.0
2021-07-01,1000.0,1006.0,988.0,990.0
2021-07-02,991.0,1011.0,991.0,1011.0
2021-07-05,1004.0,1014.0,1003.0,1007.0
2021-07-06,1018.0,1029.0,1017.0,1019.0
2021-07-07,1007.0,1022.0,1004.0,1015.0
2021-07-08,1018.0,1025.0,1005.0,1005.0
2021-07-09,988.0,998.0,978.0,993.0
2021-07-12,1023.0,1027.0,1017.0,1018.0
2021-07-13,1025.0,1039.0,1024.0,1036.0
2021-07-14,1029.0,1045.0,1028.0,1036.0
2021-07-15,1031.0,1054.0,1030.0,1035.0
2021-07-16,1026.0,1044.0,1026.0,1036.0
2021-07-19,1027.0,1029.0,1011.0,1011.0
2021-07-20,996.0,1014.0,996.0,1011.0
2021-07-21,1021.0,1029.0,1015.0,1015.0
2021-07-26,1042.0,1044.0,1035.0,1044.0
2021-07-27,1050.0,1051.0,1042.0,1048.0
2021-07-28,1041.0,1054.0,1041.0,1044.0
2021-07-29,1050.0,1051.0,1043.0,1049.0
2021-07-30,1048.0,1054.0,1029.0,1029.0
2021-08-02,1043.0,1070.0,1043.0,1065.0
2021-08-03,1049.0,1061.0,1045.0,1057.0
2021-08-04,1051.0,1051.0,1032.0,1036.0
2021-08-05,1027.0,1030.0,1021.0,1029.0
2021-08-06,1030.0,1030.0,1013.0,1019.0
2021-08-10,1025.0,1046.0,1025.0,1029.0
2021-08-11,1040.0,1099.0,1035.0,1077.0
2021-08-12,1074.0,1089.0,1056.0,1071.0
2021-08-13,1078.0,1083.0,1067.0,1074.0
2021-08-16,1074.0,1082.0,1036.0,1051.0
2021-08-17,1055.0,1075.0,1054.0,1074.0
2021-08-18,1074.0,1085.0,1065.0,1084.0
2021-08-19,1072.0,1073.0,1059.0,1060.0
2021-08-20,1060.0,1065.0,1034.0,1038.0
2021-08-23,1055.0,1074.0,1055.0,1072.0
2021-08-24,1065.0,1079.0,1060.0,1077.0
2021-08-25,1084.0,1090.0,1072.0,1076.0
2021-08-26,1077.0,1081.0,1069.0,1075.0
2021-08-27,1072.0,1078.0,1068.0,1074.0
2021-08-30,1082.0,1100.0,1082.0,1100.0
2021-08-31,1096.0,1100.0,1086.0,1095.0
2021-09-01,1095.0,1101.0,1084.0,1098.0
2021-09-02,1099.0,1104.0,1090.0,1095.0
2021-09-03,1100.0,1122.0,1097.0,1117.0
2021-09-06,1117.0,1130.0,1115.0,1123.0
2021-09-07,1144.0,1152.0,1138.0,1149.0
2021-09-08,1155.0,1162.0,1146.0,1153.0
2021-09-09,1145.0,1155.0,1137.0,1144.0
2021-09-10,1149.0,1166.0,1144.0,1166.0
2021-09-13,1165.0,1172.0,1151.0,1171.0
2021-09-14,1171.0,1172.0,1153.0,1172.0
2021-09-15,1144.0,1147.0,1131.0,1145.0
2021-09-16,1145.0,1149.0,1138.0,1148.0
2021-09-17,1148.0,1148.0,1135.0,1146.0
2021-09-21,1116.0,1133.0,1105.0,1132.0
2021-09-22,1121.0,1121.0,1092.0,1093.0
2021-09-24,1123.0,1137.0,1109.0,1135.0
2021-09-27,1137.0,1146.0,1131.0,1131.0
2021-09-28,1132.0,1132.0,1120.0,1122.0
2021-09-29,1091.0,1096.0,1070.0,1080.0
2021-09-30,1081.0,1090.0,1074.0,1077.0
2021-10-01,1075.0,1075.0,1053.0,1058.0
2021-10-04,1069.0,1078.0,1055.0,1059.0
2021-10-05,1041.0,1047.0,1029.0,1033.0
2021-10-06,1040.0,1058.0,1037.0,1042.0
2021-10-07,1042.0,1048.0,1031.0,1032.0
2021-10-08,1058.0,1069.0,1056.0,1057.0
2021-10-11,1056.0,1077.0,1053.0,1077.0
2021-10-12,1074.0,1078.0,1053.0,1053.0
2021-10-13,1054.0,1055.0,1046.0,1046.0
2021-10-14,1042.0,1050.0,1035.0,1047.0
2021-10-15,1058.0,1069.0,1053.0,1067.0
2021-10-18,1067.0,1072.0,1053.0,1069.0
2021-10-19,1071.0,1076.0,1068.0,1075.0
2021-10-20,1076.0,1083.0,1066.0,1066.0
2021-10-21,1062.0,1070.0,1052.0,1052.0
2021-10-22,1040.0,1060.0,1040.0,1051.0
2021-10-25,1049.0,1065.0,1044.0,1053.0
2021-10-26,1058.0,1065.0,1052.0,1062.0
2021-10-27,1058.0,1061.0,1050.0,1051.0
2021-10-28,1043.0,1053.0,1034.0,1038.0
2021-10-29,1038.0,1060.0,1037.0,1052.0
2021-11-01,1072.0,1085.0,1065.0,1085.0
2021-11-02,1079.0,1089.0,1070.0,1070.0
2021-11-04,1080.0,1095.0,1077.0,1085.0
2021-11-05,1071.0,1074.0,1049.0,1054.0
2021-11-08,1062.0,1062.0,1051.0,1055.0
2021-11-09,1052.0,1052.0,1037.0,1037.0
2021-11-10,1037.0,1040.0,1024.0,1030.0
2021-11-11,1031.0,1066.0,1018.0,1045.0
2021-11-12,1048.0,1068.0,1044.0,1045.0
2021-11-15,1045.0,1056.0,1042.0,1046.0
2021-11-16,1060.0,1060.0,1046.0,1050.0
2021-11-17,1045.0,1045.0,1026.0,1026.0
2021-11-18,1026.0,1033.0,1019.0,1024.0
2021-11-19,1028.0,1033.0,1017.0,1029.0
2021-11-22,1029.0,1041.0,1021.0,1033.0
2021-11-24,1043.0,1049.0,1028.0,1028.0
2021-11-25,1028.0,1036.0,1023.0,1024.0
2021-11-26,1019.0,1019.0,992.0,1005.0
2021-11-29,992.0,992.0,974.0,986.0
2021-11-30,990.0,997.0,969.0,972.0
2021-12-01,964.0,974.0,948.0,971.0
2021-12-02,970.0,991.0,970.0,979.0
2021-12-03,981.0,997.0,976.0,996.0
2021-12-06,1000.0,1006.0,988.0,994.0
2021-12-07,1000.0,1038.0,998.0,1032.0
2021-12-08,1041.0,1044.0,1025.0,1030.0
2021-12-09,1030.0,1039.0,1028.0,1028.0
2021-12-10,1030.0,1032.0,1024.0,1029.0
2021-12-13,1044.0,1049.0,1027.0,1027.0
2021-12-14,1033.0,1047.0,1032.0,1042.0
2021-12-15,1042.0,1058.0,1036.0,1047.0
2021-12-16,1052.0,1069.0,1051.0,1062.0
2021-12-17,1062.0,1071.0,1055.0,1070.0
2021-12-20,1060.0,1060.0,1027.0,1027.0
2021-12-21,1035.0,1043.0,1027.0,1033.0
2021-12-22,1033.0,1036.0,1021.0,1024.0
2021-12-23,1034.0,1038.0,1026.0,1029.0
2021-12-24,1031.0,1041.0,1030.0,1035.0
2021-12-27,1035.0,1041.0,1028.0,1033.0
2021-12-28,1040.0,1058.0,1030.0,1054.0
2021-12-29,1058.0,1072.0,1057.0,1070.0
2021-12-30,1068.0,1080.0,1063.0,1076.0
2022-01-04,1076.0,1085.0,1065.0,1082.0
2022-01-05,1085.0,1090.0,1073.0,1084.0
2022-01-06,1080.0,1087.0,1067.0,1067.0
2022-01-07,1071.0,1076.0,1044.0,1049.0
2022-01-11,1040.0,1049.0,1021.0,1032.0
2022-01-12,1029.0,1048.0,1028.0,1043.0
2022-01-13,1054.0,1055.0,1044.0,1048.0
2022-01-14,1051.0,1062.0,1035.0,1057.0
2022-01-17,1057.0,1067.0,1032.0,1040.0
2022-01-18,1045.0,1045.0,1016.0,1016.0
2022-01-19,999.0,1004.0,970.0,978.0
2022-01-20,978.0,1002.0,978.0,992.0
2022-01-21,979.0,985.0,973.0,981.0
2022-01-24,980.0,996.0,969.0,996.0
2022-01-25,996.0,996.0,975.0,988.0
2022-01-26,990.0,996.0,982.0,982.0
2022-01-27,986.0,990.0,959.0,963.0
2022-01-28,977.0,989.0,974.0,981.0
2022-01-31,988.0,999.0,976.0,994.0
2022-02-01,1003.0,1020.0,1002.0,1006.0
2022-02-02,1005.0,1023.0,997.0,1023.0
2022-02-03,1010.0,1015.0,999.0,1006.0
2022-02-04,1002.0,1012.0,990.0,1010.0
2022-02-07,1004.0,1006.0,988.0,999.0
2022-02-08,1008.0,1016.0,1007.0,1011.0
2022-02-09,1016.0,1043.0,1004.0,1029.0
2022-02-10,1051.0,1052.0,1023.0,1027.0
2022-02-14,1010.0,1024.0,1006.0,1017.0
2022-02-15,1017.0,1037.0,1012.0,1017.0
2022-02-16,1022.0,1041.0,1018.0,1035.0
2022-02-17,1034.0,1038.0,1020.0,1028.0
2022-02-18,1015.0,1029.0,1011.0,1024.0
2022-02-21,1013.0,1022.0,1010.0,1020.0
2022-02-22,1010.0,1010.0,996.0,1007.0
2022-02-24,1009.0,1013.0,995.0,1009.0
2022-02-25,1009.0,1012.0,992.0,1006.0
2022-02-28,1020.0,1031.0,1008.0,1028.0
2022-03-01,1028.0,1041.0,1025.0,1030.0
2022-03-02,1010.0,1013.0,987.0,990.0
2022-03-03,1001.0,1011.0,996.0,998.0
2022-03-04,998.0,1004.0,986.0,989.0
2022-03-07,968.0,974.0,955.0,961.0
2022-03-08,950.0,956.0,939.0,947.0
2022-03-09,948.0,957.0,936.0,942.0
2022-03-10,957.0,1002.0,947.0,1002.0
2022-03-11,975.0,987.0,970.0,974.0
2022-03-14,970.0,982.0,963.0,973.0
2022-03-15,976.0,986.0,971.0,976.0
2022-03-16,985.0,988.0,976.0,980.0
2022-03-17,995.0,1009.0,989.0,1006.0
2022-03-18,998.0,1000.0,986.0,989.0
2022-03-22,1000.0,1001.0,984.0,993.0
2022-03-23,1006.0,1023.0,996.0,1016.0
2022-03-24,1009.0,1009.0,980.0,993.0
2022-03-25,998.0,1006.0,994.0,998.0
2022-03-28,1002.0,1005.0,990.0,995.0
2022-03-29,998.0,1002.0,988.0,1001.0
2022-03-30,999.0,999.0,954.0,967.0
2022-03-31,952.0,963.0,941.0,944.0
2022-04-01,944.0,951.0,931.0,951.0
2022-04-04,954.0,959.0,951.0,957.0
2022-04-05,963.0,964.0,947.0,951.0
2022-04-06,946.0,947.0,931.0,934.0
2022-04-07,920.0,920.0,901.0,916.0
2022-04-08,923.0,928.0,918.0,927.0
2022-04-11,922.0,929.0,904.0,921.0
2022-04-12,915.0,920.0,908.0,915.0
2022-04-13,921.0,932.0,916.0,928.0
2022-04-14,927.0,946.0,925.0,946.0
2022-04-15,938.0,940.0,926.0,926.0
2022-04-18,914.0,914.0,895.0,911.0
2022-04-19,925.0,929.0,913.0,925.0
2022-04-20,935.0,941.0,929.0,939.0
2022-04-21,939.0,949.0,938.0,949.0
2022-04-22,934.0,954.0,931.0,947.0
2022-04-25,936.0,945.0,928.0,938.0
2022-04-26,945.0,947.0,938.0,939.0
2022-04-27,924.0,927.0,907.0,920.0
2022-04-28,924.0,963.0,919.0,962.0
2022-05-02,967.0,985.0,962.0,973.0
2022-05-06,973.0,985.0,973.0,981.0
2022-05-09,981.0,988.0,969.0,969.0
2022-05-10,961.0,964.0,943.0,956.0
2022-05-11,941.0,944.0,930.0,938.0
2022-05-12,931.0,940.0,915.0,916.0
2022-05-13,914.0,934.0,904.0,932.0
2022-05-16,935.0,935.0,899.0,899.0
2022-05-17,900.0,901.0,884.0,892.0
2022-05-18,895.0,909.0,892.0,909.0
2022-05-19,885.0,910.0,882.0,905.0
2022-05-20,905.0,917.0,905.0,910.0
2022-05-23,925.0,929.0,912.0,918.0
2022-05-24,912.0,915.0,899.0,906.0
2022-05-25,904.0,908.0,895.0,901.0
2022-05-26,911.0,912.0,899.0,900.0
2022-05-27,911.0,915.0,903.0,913.0
2022-05-30,930.0,949.0,926.0,949.0
2022-05-31,949.0,953.0,931.0,944.0
2022-06-01,944.0,971.0,944.0,970.0
2022-06-02,968.0,968.0,959.0,963.0
2022-06-03,974.0,978.0,965.0,971.0
2022-06-06,963.0,969.0,960.0,968.0
2022-06-07,971.0,980.0,970.0,974.0
2022-06-08,993.0,1004.0,989.0,990.0
2022-06-09,991.0,1000.0,988.0,992.0
2022-06-10,979.0,998.0,976.0,988.0
2022-06-13,982.0,996.0,980.0,992.0
2022-06-14,980.0,989.0,974.0,981.0
2022-06-15,989.0,1019.0,988.0,993.0
2022-06-16,1003.0,1004.0,989.0,994.0
2022-06-17,979.0,987.0,963.0,977.0
2022-06-20,987.0,993.0,963.0,967.0
2022-06-21,972.0,976.0,963.0,971.0
2022-06-22,969.0,974.0,951.0,957.0
2022-06-23,956.0,967.0,955.0,956.0
2022-06-24,954.0,968.0,946.0,967.0
2022-06-27,982.0,998.0,974.0,984.0
2022-06-28,984.0,1006.0,982.0,1002.0
2022-06-29,992.0,1016.0,988.0,1010.0
2022-06-30,1005.0,1011.0,984.0,992.0
2022-07-01,996.0,1004.0,966.0,969.0
2022-07-04,984.0,995.0,982.0,988.0
2022-07-05,988.0,988.0,976.0,983.0
2022-07-06,969.0,970.0,957.0,957.0
2022-07-07,972.0,987.0,972.0,981.0
2022-07-08,977.0,997.0,974.0,984.0
2022-07-11,1002.0,1013.0,1001.0,1003.0
2022-07-12,1000.0,1004.0,985.0,987.0
2022-07-13,993.0,1000.0,989.0,990.0
2022-07-14,985.0,990.0,980.0,986.0
2022-07-15,986.0,1000.0,983.0,996.0
2022-07-19,1001.0,1002.0,992.0,994.0
2022-07-20,1015.0,1023.0,1011.0,1021.0
2022-07-21,1020.0,1027.0,1012.0,1022.0
2022-07-22,1016.0,1025.0,1014.0,1022.0
2022-07-25,1010.0,1021.0,1010.0,1011.0
2022-07-26,1012.0,1025.0,1012.0,1018.0
2022-07-27,1019.0,1021.0,1012.0,1012.0
2022-07-28,1017.0,1022.0,1000.0,1020.0
2022-07-29,1025.0,1025.0,1000.0,1003.0
2022-08-01,1012.0,1024.0,1012.0,1023.0
2022-08-02,1015.0,1016.0,994.0,1000.0
2022-08-03,998.0,1003.0,993.0,998.0
2022-08-04,1007.0,1007.0,994.0,994.0
2022-08-05,985.0,992.0,979.0,986.0
2022-08-08,988.0,999.0,986.0,986.0
2022-08-09,990.0,999.0,980.0,980.0
2022-08-10,981.0,985.0,972.0,977.0
2022-08-12,970.0,983.0,960.0,969.0
2022-08-15,977.0,977.0,957.0,960.0
2022-08-16,960.0,963.0,954.0,959.0
2022-08-17,965.0,965.0,954.0,957.0
2022-08-18,954.0,961.0,954.0,958.0
2022-08-19,962.0,963.0,956.0,958.0
2022-08-22,951.0,960.0,949.0,960.0
2022-08-23,952.0,957.0,950.0,951.0
2022-08-24,956.0,956.0,950.0,953.0
2022-08-25,953.0,956.0,950.0,952.0
2022-08-26,955.0,957.0,948.0,948.0
2022-08-29,937.0,937.0,928.0,932.0
2022-08-30,937.0,945.0,931.0,945.0
2022-08-31,933.0,938.0,930.0,935.0
2022-09-01,934.0,938.0,925.0,925.0
2022-09-02,926.0,926.0,912.0,922.0
2022-09-05,915.0,920.0,911.0,912.0
2022-09-06,915.0,923.0,911.0,918.0
2022-09-07,912.0,914.0,907.0,912.0
2022-09-08,920.0,925.0,913.0,922.0
2022-09-09,920.0,933.0,919.0,931.0
2022-09-12,934.0,939.0,932.0,937.0
2022-09-13,931.0,932.0,922.0,928.0
2022-09-14,919.0,919.0,909.0,911.0
2022-09-15,916.0,917.0,908.0,917.0
2022-09-16,916.0,927.0,914.0,920.0
2022-09-20,930.0,933.0,921.0,923.0
2022-09-21,923.0,925.0,916.0,921.0
2022-09-22,914.0,924.0,909.0,923.0
2022-09-26,923.0,923.0,904.0,905.0
2022-09-27,917.0,917.0,903.0,903.0
2022-09-28,901.0,909.0,899.0,908.0
2022-09-29,903.0,918.0,899.0,909.0
2022-09-30,905.0,912.0,900.0,910.0
2022-10-03,905.0,917.0,904.0,910.0
2022-10-04,930.0,949.0,930.0,947.0
2022-10-05,954.0,956.0,943.0,948.0
2022-10-06,950.0,956.0,949.0,949.0
2022-10-07,940.0,950.0,936.0,944.0
2022-10-11,916.0,927.0,900.0,902.0
2022-10-12,896.0,904.0,884.0,902.0
2022-10-13,892.0,894.0,885.0,892.0
2022-10-14,907.0,914.0,893.0,911.0
2022-10-17,900.0,901.0,893.0,900.0
2022-10-18,910.0,912.0,904.0,908.0
2022-10-19,904.0,913.0,899.0,913.0
2022-10-20,902.0,909.0,897.0,908.0
2022-10-21,898.0,901.0,893.0,895.0
2022-10-24,904.0,905.0,895.0,899.0
2022-10-25,900.0,904.0,896.0,902.0
2022-10-26,909.0,929.0,907.0,925.0
2022-10-27,918.0,928.0,916.0,917.0
2022-10-28,904.0,911.0,892.0,901.0
2022-10-31,915.0,927.0,912.0,925.0
2022-11-01,930.0,942.0,928.0,940.0
2022-11-02,932.0,945.0,932.0,945.0
2022-11-04,942.0,952.0,942.0,950.0
2022-11-07,963.0,965.0,958.0,962.0
2022-11-08,967.0,980.0,961.0,980.0
2022-11-09,980.0,982.0,975.0,980.0
2022-11-10,980.0,983.0,972.0,974.0
2022-11-11,992.0,992.0,978.0,989.0
2022-11-14,974.0,985.0,970.0,975.0
2022-11-15,985.0,1002.0,984.0,994.0
2022-11-16,995.0,1027.0,995.0,1023.0
2022-11-17,1027.0,1037.0,1025.0,1028.0
2022-11-18,1029.0,1037.0,1025.0,1033.0
2022-11-21,1034.0,1043.0,1034.0,1040.0
2022-11-22,1045.0,1054.0,1042.0,1050.0
2022-11-24,1061.0,1066.0,1058.0,1064.0
2022-11-25,1056.0,1064.0,1052.0,1061.0
2022-11-28,1065.0,1065.0,1033.0,1033.0
2022-11-29,1028.0,1028.0,1005.0,1007.0
2022-11-30,1005.0,1013.0,999.0,1000.0
2022-12-01,1001.0,1006.0,998.0,998.0
2022-12-02,984.0,984.0,959.0,973.0
2022-12-05,975.0,977.0,965.0,970.0
2022-12-06,962.0,982.0,962.0,981.0
2022-12-07,974.0,985.0,974.0,983.0
2022-12-08,989.0,990.0,981.0,988.0
2022-12-09,988.0,1002.0,988.0,999.0
2022-12-12,999.0,1010.0,997.0,1000.0
2022-12-13,1004.0,1015.0,1004.0,1006.0
2022-12-14,1006.0,1013.0,1002.0,1013.0
2022-12-15,1013.0,1018.0,1009.0,1015.0
2022-12-16,1011.0,1015.0,1001.0,1007.0
2022-12-19,1000.0,1010.0,1000.0,1006.0
2022-12-20,1006.0,1029.0,992.0,998.0
2022-12-21,1000.0,1002.0,974.0,980.0
2022-12-22,980.0,995.0,978.0,995.0
2022-12-23,986.0,999.0,982.0,997.0
2022-12-26,997.0,1007.0,997.0,1000.0
2022-12-27,1003.0,1006.0,997.0,1000.0
2022-12-28,995.0,998.0,985.0,993.0
2022-12-29,988.0,996.0,977.0,994.0
2022-12-30,994.0,1012.0,994.0,1003.0
2023-01-04,1002.0,1006.0,989.0,992.0
2023-01-05,990.0,990.0,975.0,983.0
2023-01-06,982.0,1001.0,982.0,1001.0
2023-01-10,1002.0,1015.0,999.0,1010.0
2023-01-11,1015.0,1025.0,1012.0,1016.0
2023-01-12,1016.0,1024.0,1014.0,1016.0
2023-01-13,1022.0,1030.0,1016.0,1020.0
2023-01-16,1013.0,1013.0,1001.0,1001.0
2023-01-17,1005.0,1010.0,1003.0,1006.0
2023-01-18,1010.0,1026.0,1001.0,1016.0
2023-01-19,1007.0,1014.0,1005.0,1009.0
2023-01-20,1008.0,1014.0,1002.0,1013.0
2023-01-23,1023.0,1032.0,1020.0,1029.0
2023-01-24,1032.0,1046.0,1032.0,1045.0
2023-01-25,1039.0,1044.0,1033.0,1040.0
2023-01-26,1040.0,1043.0,1035.0,1039.0
2023-01-27,1040.0,1047.0,1040.0,1045.0
2023-01-30,1045.0,1052.0,1043.0,1048.0
2023-01-31,1051.0,1067.0,1048.0,1061.0
2023-02-01,1063.0,1069.0,1054.0,1058.0
2023-02-02,1063.0,1065.0,1050.0,1052.0
2023-02-03,1043.0,1048.0,1037.0,1047.0
2023-02-06,1061.0,1065.0,1049.0,1054.0
2023-02-07,1056.0,1060.0,1048.0,1051.0
2023-02-08,1050.0,1057.0,1050.0,1050.0
2023-02-09,1041.0,1055.0,1041.0,1050.0
2023-02-10,1040.0,1062.0,1021.0,1038.0
2023-02-13,1037.0,1041.0,1026.0,1035.0
2023-02-14,1055.0,1056.0,1044.0,1046.0
2023-02-15,1052.0,1054.0,1046.0,1051.0
2023-02-16,1056.0,1056.0,1045.0,1050.0
2023-02-17,1044.0,1046.0,1036.0,1036.0
2023-02-20,1046.0,1050.0,1042.0,1044.0
2023-02-21,1046.0,1052.0,1044.0,1048.0
2023-02-22,1039.0,1046.0,1038.0,1046.0
2023-02-24,1046.0,1063.0,1046.0,1061.0
2023-02-27,1061.0,1070.0,1056.0,1069.0
2023-02-28,1070.0,1073.0,1043.0,1047.0
2023-03-01,1051.0,1066.0,1051.0,1066.0
2023-03-02,1066.0,1071.0,1058.0,1064.0
2023-03-03,1071.0,1080.0,1063.0,1075.0
2023-03-06,1080.0,1080.0,1070.0,1078.0
2023-03-07,1085.0,1087.0,1077.0,1084.0
2023-03-08,1083.0,1085.0,1077.0,1082.0
2023-03-09,1087.0,1092.0,1082.0,1086.0
2023-03-10,1070.0,1086.0,1069.0,1075.0
2023-03-13,1066.0,1066.0,1041.0,1046.0
2023-03-14,1026.0,1029.0,998.0,1009.0
2023-03-15,1020.0,1035.0,1020.0,1035.0
2023-03-16,1021.0,1024.0,1006.0,1013.0
2023-03-17,1032.0,1032.0,1009.0,1009.0
2023-03-20,996.0,1005.0,990.0,993.0
2023-03-22,1008.0,1013.0,996.0,996.0
2023-03-23,988.0,1010.0,982.0,1008.0
2023-03-24,999.0,1000.0,991.0,998.0
2023-03-27,1009.0,1011.0,995.0,1008.0
2023-03-28,1014.0,1017.0,1009.0,1011.0
2023-03-29,1017.0,1030.0,1012.0,1027.0
2023-03-30,1012.0,1016.0,999.0,1001.0
2023-03-31,1003.0,1026.0,1001.0,1017.0
2023-04-03,1033.0,1036.0,1024.0,1033.0
2023-04-04,1034.0,1037.0,1029.0,1035.0
2023-04-05,1029.0,1029.0,1002.0,1006.0
2023-04-06,992.0,999.0,986.0,991.0
2023-04-07,991.0,999.0,990.0,990.0
2023-04-10,1001.0,1002.0,991.0,995.0
2023-04-11,1002.0,1005.0,993.0,1002.0
2023-04-12,1005.0,1025.0,1005.0,1020.0
2023-04-13,1013.0,1021.0,1011.0,1019.0
2023-04-14,1016.0,1030.0,1013.0,1026.0
2023-04-17,1026.0,1029.0,1009.0,1015.0
2023-04-18,1015.0,1021.0,1011.0,1014.0
2023-04-19,1006.0,1014.0,999.0,1014.0
2023-04-20,1013.0,1025.0,1008.0,1021.0
2023-04-21,1020.0,1032.0,1017.0,1026.0
2023-04-24,1030.0,1040.0,1026.0,1037.0
2023-04-25,1038.0,1055.0,1038.0,1042.0
2023-04-26,1031.0,1040.0,1029.0,1031.0
2023-04-27,1022.0,1039.0,1022.0,1033.0
2023-04-28,1050.0,1052.0,1044.0,1051.0
2023-05-01,1056.0,1075.0,1056.0,1075.0
2023-05-02,1080.0,1080.0,1065.0,1068.0
2023-05-08,1050.0,1067.0,1048.0,1055.0
2023-05-09,1056.0,1067.0,1055.0,1065.0
2023-05-10,1060.0,1065.0,1042.0,1046.0
2023-05-11,1040.0,1041.0,1029.0,1041.0
2023-05-12,1054.0,1055.0,1034.0,1042.0
2023-05-15,1034.0,1044.0,1025.0,1043.0
2023-05-16,1043.0,1053.0,1037.0,1048.0
2023-05-17,1050.0,1054.0,1043.0,1053.0
2023-05-18,1063.0,1070.0,1052.0,1070.0
2023-05-19,1067.0,1069.0,1052.0,1056.0
2023-05-22,1056.0,1072.0,1052.0,1072.0
2023-05-23,1069.0,1076.0,1058.0,1060.0
2023-05-24,1062.0,1067.0,1058.0,1060.0
2023-05-25,1060.0,1063.0,1052.0,1061.0
2023-05-26,1069.0,1069.0,1052.0,1054.0
2023-05-29,1067.0,1067.0,1044.0,1048.0
2023-05-30,1045.0,1046.0,1025.0,1032.0
2023-05-31,1025.0,1033.0,1019.0,1019.0
2023-06-01,1019.0,1034.0,1019.0,1028.0
2023-06-02,1035.0,1058.0,1032.0,1056.0
2023-06-05,1069.0,1069.0,1048.0,1050.0
2023-06-06,1048.0,1061.0,1044.0,1060.0
2023-06-07,1066.0,1072.0,1050.0,1054.0
2023-06-08,1064.0,1075.0,1061.0,1069.0
2023-06-09,1078.0,1087.0,1075.0,1083.0
2023-06-12,1087.0,1111.0,1086.0,1098.0
2023-06-13,1104.0,1112.0,1101.0,1104.0
2023-06-14,1111.0,1119.0,1104.0,1116.0
2023-06-15,1116.0,1125.0,1102.0,1115.0
2023-06-16,1111.0,1130.0,1110.0,1124.0
2023-06-19,1130.0,1131.0,1111.0,1128.0
2023-06-20,1121.0,1137.0,1120.0,1132.0
2023-06-21,1132.0,1153.0,1132.0,1150.0
2023-06-22,1155.0,1169.0,1155.0,1160.0
2023-06-23,1162.0,1162.0,1125.0,1130.0
2023-06-26,1131.0,1135.0,1115.0,1115.0
2023-06-27,1112.0,1120.0,1111.0,1115.0
2023-06-28,1127.0,1130.0,1109.0,1124.0
2023-06-29,1125.0,1133.0,1107.0,1111.0
2023-06-30,1110.0,1114.0,1099.0,1105.0
2023-07-03,1117.0,1133.0,1115.0,1126.0
2023-07-04,1124.0,1129.0,1115.0,1117.0
2023-07-05,1110.0,1115.0,1098.0,1111.0
2023-07-06,1105.0,1117.0,1104.0,1108.0
2023-07-07,1103.0,1109.0,1093.0,1101.0
2023-07-10,1105.0,1109.0,1097.0,1098.0
2023-07-11,1105.0,1106.0,1097.0,1098.0
2023-07-12,1101.0,1102.0,1089.0,1092.0
2023-07-13,1099.0,1099.0,1084.0,1091.0
2023-07-14,1100.0,1100.0,1083.0,1098.0
2023-07-18,1100.0,1111.0,1099.0,1107.0
2023-07-19,1125.0,1134.0,1115.0,1134.0
2023-07-20,1134.0,1140.0,1123.0,1123.0
2023-07-21,1134.0,1143.0,1132.0,1137.0
2023-07-24,1149.0,1157.0,1140.0,1144.0
2023-07-25,1155.0,1174.0,1153.0,1174.0
2023-07-26,1176.0,1189.0,1170.0,1181.0
2023-07-27,1183.0,1186.0,1174.0,1182.0
2023-07-28,1182.0,1194.0,1175.0,1188.0
2023-07-31,1206.0,1213.0,1196.0,1208.0
2023-08-01,1206.0,1215.0,1199.0,1207.0
2023-08-02,1199.0,1207.0,1191.0,1191.0
2023-08-03,1180.0,1180.0,1155.0,1160.0
2023-08-04,1157.0,1165.0,1153.0,1158.0
2023-08-07,1150.0,1165.0,1148.0,1154.0
2023-08-08,1154.0,1171.0,1154.0,1163.0
2023-08-09,1160.0,1162.0,1150.0,1157.0
2023-08-10,1157.0,1181.0,1154.0,1168.0
2023-08-14,1163.0,1163.0,1135.0,1140.0
2023-08-15,1142.0,1156.0,1138.0,1147.0
2023-08-16,1138.0,1144.0,1131.0,1140.0
2023-08-17,1131.0,1132.0,1111.0,1126.0
2023-08-18,1115.0,1120.0,1102.0,1107.0
2023-08-21,1107.0,1110.0,1093.0,1094.0
2023-08-22,1093.0,1102.0,1088.0,1100.0
2023-08-23,1092.0,1105.0,1087.0,1104.0
2023-08-24,1104.0,1114.0,1100.0,1111.0
2023-08-25,1100.0,1119.0,1096.0,1111.0
2023-08-28,1121.0,1130.0,1120.0,1129.0
2023-08-29,1130.0,1140.0,1128.0,1140.0
2023-08-30,1141.0,1141.0,1132.0,1133.0
2023-08-31,1133.0,1150.0,1131.0,1143.0
2023-09-01,1143.0,1155.0,1143.0,1148.0
2023-09-04,1145.0,1162.0,1144.0,1160.0
2023-09-05,1152.0,1159.0,1145.0,1157.0
2023-09-06,1157.0,1157.0,1144.0,1150.0
2023-09-07,1147.0,1153.0,1142.0,1142.0
2023-09-08,1112.0,1131.0,1111.0,1111.0
2023-09-11,1113.0,1119.0,1106.0,1114.0
2023-09-12,1119.0,1126.0,1115.0,1125.0
2023-09-13,1130.0,1136.0,1097.0,1134.0
2023-09-14,1154.0,1170.0,1142.0,1165.0
2023-09-15,1182.0,1218.0,1182.0,1208.0
2023-09-19,1207.0,1235.0,1198.0,1235.0
2023-09-20,1235.0,1238.0,1218.0,1229.0
2023-09-21,1235.0,1246.0,1229.0,1231.0
2023-09-22,1222.0,1226.0,1210.0,1216.0
2023-09-25,1221.0,1222.0,1211.0,1212.0
2023-09-26,1215.0,1220.0,1205.0,1205.0
2023-09-27,1203.0,1222.0,1194.0,1220.0
2023-09-28,1200.0,1213.0,1184.0,1189.0
2023-09-29,1196.0,1197.0,1167.0,1176.0
2023-10-02,1188.0,1209.0,1179.0,1181.0
2023-10-03,1181.0,1181.0,1163.0,1165.0
2023-10-04,1155.0,1156.0,1138.0,1143.0
2023-10-05,1142.0,1174.0,1142.0,1171.0
2023-10-06,1175.0,1191.0,1173.0,1177.0
2023-10-10,1195.0,1201.0,1189.0,1200.0
2023-10-11,1193.0,1199.0,1183.0,1192.0
2023-10-12,1193.0,1209.0,1189.0,1208.0
2023-10-13,1195.0,1205.0,1185.0,1187.0
2023-10-16,1177.0,1187.0,1167.0,1178.0
2023-10-17,1184.0,1199.0,1175.0,1180.0
2023-10-18,1198.0,1198.0,1177.0,1186.0
2023-10-19,1173.0,1195.0,1172.0,1190.0
2023-10-20,1190.0,1203.0,1189.0,1193.0
2023-10-23,1196.0,1203.0,1189.0,1195.0
2023-10-24,1194.0,1203.0,1175.0,1200.0
2023-10-25,1208.0,1208.0,1194.0,1195.0
2023-10-26,1200.0,1208.0,1187.0,1192.0
2023-10-27,1205.0,1213.0,1199.0,1210.0
2023-10-30,1205.0,1208.0,1193.0,1200.0
2023-10-31,1201.0,1218.0,1196.0,1216.0
2023-11-01,1232.0,1244.0,1229.0,1241.0
2023-11-02,1248.0,1248.0,1227.0,1229.0
2023-11-06,1243.0,1243.0,1214.0,1214.0
2023-11-07,1210.0,1211.0,1197.0,1200.0
2023-11-08,1200.0,1202.0,1179.0,1186.0
2023-11-09,1186.0,1194.0,1179.0,1191.0
2023-11-10,1195.0,1211.0,1194.0,1209.0
2023-11-13,1219.0,1219.0,1206.0,1209.0
2023-11-14,1205.0,1221.0,1187.0,1200.0
2023-11-15,1202.0,1226.0,1198.0,1202.0
2023-11-16,1196.0,1205.0,1195.0,1201.0
2023-11-17,1203.0,1227.0,1201.0,1227.0
2023-11-20,1227.0,1230.0,1198.0,1198.0
2023-11-21,1195.0,1201.0,1188.0,1189.0
2023-11-22,1188.0,1197.0,1183.0,1194.0
2023-11-24,1197.0,1203.0,1195.0,1203.0
2023-11-27,1203.0,1204.0,1197.0,1200.0
2023-11-28,1203.0,1207.0,1199.0,1204.0
2023-11-29,1197.0,1204.0,1197.0,1197.0
2023-11-30,1195.0,1204.0,1190.0,1200.0
2023-12-01,1212.0,1212.0,1200.0,1201.0
2023-12-04,1198.0,1211.0,1195.0,1208.0
2023-12-05,1200.0,1208.0,1194.0,1195.0
2023-12-06,1196.0,1226.0,1196.0,1223.0
2023-12-07,1211.0,1214.0,1200.0,1207.0
2023-12-08,1201.0,1209.0,1194.0,1200.0
2023-12-11,1207.0,1225.0,1204.0,1224.0
2023-12-12,1104.0,1139.0,1100.0,1132.0
2023-12-13,1130.0,1147.0,1130.0,1138.0
2023-12-14,1135.0,1159.0,1135.0,1151.0
2023-12-15,1151.0,1190.0,1146.0,1165.0
2023-12-18,1151.0,1176.0,1148.0,1164.0
2023-12-19,1179.0,1203.0,1167.0,1200.0
2023-12-20,1200.0,1238.0,1200.0,1200.0
2023-12-21,1199.0,1204.0,1193.0,1195.0
2023-12-22,1200.0,1209.0,1193.0,1199.0
2023-12-25,1200.0,1203.0,1153.0,1162.0
2023-12-26,1181.0,1190.0,1165.0,1177.0
2023-12-27,1186.0,1203.0,1186.0,1197.0
2023-12-28,1210.0,1210.0,1179.0,1188.0
2023-12-29,1199.0,1203.0,1185.0,1193.0
2024-01-04,1192.0,1207.0,1180.0,1207.0
2024-01-05,1204.0,1211.0,1195.0,1211.0
2024-01-09,1218.0,1234.0,1206.0,1219.0
2024-01-10,1222.0,1222.0,1213.0,1213.0
2024-01-11,1220.0,1220.0,1193.0,1193.0
2024-01-12,1200.0,1205.0,1197.0,1200.0
2024-01-15,1200.0,1202.0,1198.0,1201.0
2024-01-16,1200.0,1203.0,1190.0,1200.0
2024-01-17,1200.0,1202.0,1194.0,1195.0
2024-01-18,1197.0,1202.0,1194.0,1199.0
2024-01-19,1204.0,1228.0,1202.0,1217.0
2024-01-22,1220.0,1227.0,1217.0,1223.0
2024-01-23,1235.0,1265.0,1234.0,1253.0
2024-01-24,1250.0,1257.0,1240.0,1256.0
2024-01-25,1255.0,1290.0,1255.0,1289.0
2024-01-26,1283.0,1283.0,1251.0,1251.0
2024-01-29,1255.0,1292.0,1255.0,1290.0
2024-01-30,1291.0,1291.0,1263.0,1264.0
2024-01-31,1265.0,1268.0,1251.0,1268.0
2024-02-01,1268.0,1275.0,1253.0,1265.0
2024-02-02,1265.0,1273.0,1257.0,1270.0
2024-02-05,1275.0,1275.0,1250.0,1251.0
2024-02-06,1248.0,1272.0,1245.0,1251.0
2024-02-07,1245.0,1258.0,1245.0,1257.0
2024-02-08,1256.0,1268.0,1244.0,1266.0
2024-02-09,1256.0,1262.0,1249.0,1252.0
2024-02-13,1266.0,1326.0,1260.0,1303.0
2024-02-14,1290.0,1290.0,1246.0,1264.0
2024-02-15,1286.0,1290.0,1248.0,1257.0
2024-02-16,1266.0,1295.0,1265.0,1288.0
2024-02-19,1285.0,1303.0,1285.0,1290.0
2024-02-20,1290.0,1300.0,1287.0,1288.0
2024-02-21,1286.0,1300.0,1274.0,1286.0
2024-02-22,1290.0,1290.0,1279.0,1287.0
2024-02-26,1291.0,1299.0,1279.0,1279.0
2024-02-27,1276.0,1298.0,1274.0,1282.0
2024-02-28,1277.0,1292.0,1277.0,1287.0
2024-02-29,1277.0,1288.0,1267.0,1268.0
2024-03-01,1273.0,1288.0,1266.0,1272.0
2024-03-04,1282.0,1311.0,1279.0,1293.0
2024-03-05,1283.0,1319.0,1280.0,1316.0
2024-03-06,1322.0,1328.0,1311.0,1320.0
2024-03-07,1328.0,1331.0,1310.0,1316.0
2024-03-08,1320.0,1344.0,1314.0,1331.0
2024-03-11,1325.0,1330.0,1293.0,1309.0
2024-03-12,1305.0,1328.0,1285.0,1328.0
2024-03-13,1330.0,1330.0,1303.0,1317.0
2024-03-14,1325.0,1329.0,1311.0,1322.0
2024-03-15,1322.0,1340.0,1320.0,1340.0
2024-03-18,1346.0,1353.0,1340.0,1342.0
2024-03-19,1342.0,1354.0,1338.0,1352.0
2024-03-21,1362.0,1378.0,1353.0,1377.0
2024-03-22,1389.0,1389.0,1371.0,1382.0
2024-03-25,1379.0,1385.0,1373.0,1377.0
2024-03-26,1377.0,1387.0,1369.0,1373.0
2024-03-27,1380.0,1394.0,1376.0,1386.0
2024-03-28,1346.0,1350.0,1329.0,1334.0
2024-03-29,1334.0,1345.0,1329.0,1342.0
2024-04-01,1346.0,1347.0,1316.0,1321.0
2024-04-02,1321.0,1321.0,1306.0,1310.0
2024-04-03,1310.0,1341.0,1309.0,1329.0
2024-04-04,1329.0,1343.0,1325.0,1329.0
2024-04-05,1316.0,1325.0,1310.0,1321.0
2024-04-08,1321.0,1330.0,1317.0,1322.0
2024-04-09,1322.0,1340.0,1320.0,1337.0
2024-04-10,1337.0,1356.0,1335.0,1347.0
2024-04-11,1329.0,1355.0,1327.0,1350.0
2024-04-12,1350.0,1353.0,1335.0,1342.0
2024-04-15,1342.0,1355.0,1338.0,1355.0
2024-04-16,1353.0,1354.0,1325.0,1343.0
2024-04-17,1351.0,1359.0,1334.0,1345.0
2024-04-18,1348.0,1356.0,1340.0,1347.0
2024-04-19,1337.0,1345.0,1302.0,1310.0
2024-04-22,1327.0,1341.0,1323.0,1338.0
2024-04-23,1325.0,1347.0,1325.0,1339.0
2024-04-24,1339.0,1348.0,1334.0,1346.0
2024-04-25,1350.0,1363.0,1344.0,1356.0
2024-04-26,1358.0,1388.0,1347.0,1385.0
2024-04-30,1392.0,1393.0,1378.0,1387.0
2024-05-01,1387.0,1392.0,1374.0,1377.0
2024-05-02,1379.0,1385.0,1367.0,1380.0
2024-05-07,1375.0,1377.0,1360.0,1365.0
2024-05-08,1364.0,1371.0,1350.0,1358.0
2024-05-09,1381.0,1392.0,1371.0,1383.0
2024-05-10,1386.0,1405.0,1379.0,1397.0
2024-05-13,1388.0,1388.0,1370.0,1385.0
2024-05-14,1390.0,1420.0,1363.0,1389.0
2024-05-15,1384.0,1399.0,1374.0,1388.0
2024-05-16,1395.0,1401.0,1363.0,1368.0
2024-05-17,1361.0,1391.0,1360.0,1386.0
2024-05-20,1386.0,1388.0,1361.0,1363.0
2024-05-21,1370.0,1377.0,1362.0,1364.0
2024-05-22,1364.0,1383.0,1360.0,1378.0
2024-05-23,1378.0,1408.0,1361.0,1398.0
2024-05-24,1381.0,1403.0,1381.0,1394.0
2024-05-27,1400.0,1410.0,1382.0,1397.0
2024-05-28,1393.0,1399.0,1385.0,1388.0
2024-05-29,1383.0,1391.0,1328.0,1333.0
2024-05-30,1328.0,1353.0,1322.0,1351.0
2024-05-31,1368.0,1408.0,1354.0,1407.0
2024-06-03,1411.0,1431.0,1411.0,1415.0
2024-06-04,1408.0,1414.0,1388.0,1388.0
2024-06-05,1370.0,1374.0,1347.0,1366.0
2024-06-06,1366.0,1376.0,1358.0,1360.0
2024-06-07,1357.0,1375.0,1355.0,1375.0
2024-06-10,1375.0,1410.0,1374.0,1402.0
2024-06-11,1400.0,1407.0,1388.0,1392.0
2024-06-12,1392.0,1414.0,1387.0,1411.0
2024-06-13,1414.0,1414.0,1395.0,1400.0
2024-06-14,1395.0,1435.0,1394.0,1435.0
2024-06-17,1435.0,1448.0,1414.0,1432.0
2024-06-18,1432.0,1466.0,1432.0,1456.0
2024-06-19,1457.0,1473.0,1450.0,1469.0
2024-06-20,1469.0,1484.0,1427.0,1438.0
2024-06-21,1438.0,1450.0,1428.0,1428.0
2024-06-24,1430.0,1442.0,1426.0,1426.0
2024-06-25,1426.0,1445.0,1412.0,1433.0
2024-06-26,1428.0,1434.0,1415.0,1415.0
2024-06-27,1410.0,1428.0,1407.0,1418.0
2024-06-28,1419.0,1432.0,1410.0,1419.0
2024-07-01,1420.0,1461.0,1420.0,1440.0
2024-07-02,1440.0,1457.0,1437.0,1447.0
2024-07-03,1447.0,1450.0,1440.0,1443.0
2024-07-04,1450.0,1456.0,1438.0,1450.0
2024-07-05,1450.0,1458.0,1430.0,1430.0
2024-07-08,1430.0,1438.0,1426.0,1435.0
2024-07-09,1439.0,1448.0,1430.0,1442.0
2024-07-10,1442.0,1446.0,1436.0,1438.0
2024-07-11,1455.0,1479.0,1451.0,1469.0
2024-07-12,1466.0,1480.0,1447.0,1450.0
2024-07-16,1450.0,1478.0,1450.0,1469.0
2024-07-17,1469.0,1486.0,1459.0,1482.0
2024-07-18,1476.0,1512.0,1473.0,1497.0
2024-07-19,1497.0,1514.0,1493.0,1508.0
2024-07-22,1500.0,1512.0,1476.0,1493.0
2024-07-23,1500.0,1540.0,1487.0,1535.0
2024-07-24,1540.0,1548.0,1526.0,1534.0
2024-07-25,1518.0,1535.0,1503.0,1521.0
2024-07-26,1522.0,1540.0,1501.0,1527.0
2024-07-29,1533.0,1552.0,1530.0,1540.0
2024-07-30,1540.0,1545.0,1520.0,1520.0
2024-07-31,1515.0,1563.0,1513.0,1559.0
2024-08-01,1557.0,1557.0,1533.0,1548.0
2024-08-02,1508.0,1548.0,1455.0,1456.0
2024-08-05,1426.0,1443.0,1334.0,1369.0
2024-08-06,1459.0,1502.0,1445.0,1465.0
2024-08-07,1435.0,1540.0,1435.0,1540.0
2024-08-08,1517.0,1548.0,1508.0,1519.0
2024-08-09,1552.0,1568.0,1434.0,1537.0
2024-08-13,1497.0,1543.0,1494.0,1501.0
2024-08-14,1494.0,1504.0,1433.0,1456.0
2024-08-15,1444.0,1452.0,1424.0,1449.0
2024-08-16,1472.0,1473.0,1422.0,1438.0
2024-08-19,1427.0,1427.0,1408.0,1411.0
2024-08-20,1411.0,1423.0,1407.0,1416.0
2024-08-21,1389.0,1413.0,1360.0,1400.0
2024-08-22,1398.0,1407.0,1386.0,1397.0
2024-08-23,1398.0,1407.0,1380.0,1387.0
2024-08-26,1387.0,1391.0,1366.0,1375.0
2024-08-27,1372.0,1385.0,1363.0,1367.0
2024-08-28,1363.0,1367.0,1341.0,1355.0
2024-08-29,1358.0,1375.0,1351.0,1364.0
2024-08-30,1374.0,1385.0,1369.0,1373.0
2024-09-02,1375.0,1385.0,1360.0,1362.0
2024-09-03,1369.0,1369.0,1349.0,1350.0
2024-09-04,1330.0,1407.0,1326.0,1393.0
2024-09-05,1377.0,1406.0,1373.0,1385.0
2024-09-06,1390.0,1393.0,1373.0,1377.0
2024-09-09,1364.0,1376.0,1360.0,1366.0
2024-09-10,1372.0,1393.0,1372.0,1383.0
2024-09-11,1382.0,1397.0,1371.0,1382.0
2024-09-12,1396.0,1401.0,1353.0,1355.0
2024-09-13,1350.0,1358.0,1336.0,1336.0
2024-09-17,1346.0,1364.0,1336.0,1346.0
2024-09-18,1350.0,1355.0,1330.0,1344.0
2024-09-19,1357.0,1363.0,1342.0,1355.0
2024-09-20,1371.0,1403.0,1370.0,1385.0
2024-09-24,1400.0,1408.0,1376.0,1378.0
2024-09-25,1371.0,1378.0,1358.0,1363.0
2024-09-26,1370.0,1398.0,1370.0,1393.0
2024-09-27,1375.0,1385.0,1371.0,1378.0
2024-09-30,1350.0,1365.0,1343.0,1359.0
2024-10-01,1376.0,1379.0,1365.0,1370.0
2024-10-02,1365.0,1375.0,1355.0,1363.0
2024-10-03,1383.0,1396.0,1367.0,1379.0
2024-10-04,1379.0,1389.0,1375.0,1383.0
2024-10-07,1390.0,1399.0,1380.0,1381.0
2024-10-08,1378.0,1393.0,1374.0,1382.0
2024-10-09,1382.0,1393.0,1373.0,1381.0
2024-10-10,1378.0,1381.0,1362.0,1364.0
2024-10-11,1354.0,1360.0,1331.0,1340.0
2024-10-15,1345.0,1355.0,1341.0,1351.0
2024-10-16,1351.0,1364.0,1341.0,1342.0
2024-10-17,1342.0,1345.0,1336.0,1340.0
2024-10-18,1342.0,1355.0,1340.0,1351.0
2024-10-21,1351.0,1351.0,1340.0,1342.0
2024-10-22,1340.0,1347.0,1318.0,1322.0
2024-10-23,1326.0,1326.0,1306.0,1309.0
2024-10-24,1310.0,1314.0,1302.0,1310.0
2024-10-25,1310.0,1320.0,1300.0,1317.0
2024-10-28,1320.0,1328.0,1307.0,1308.0
2024-10-29,1311.0,1323.0,1308.0,1320.0
2024-10-30,1332.0,1342.0,1325.0,1329.0
2024-10-31,1334.0,1343.0,1324.0,1330.0
2024-11-01,1328.0,1332.0,1315.0,1324.0
2024-11-05,1321.0,1328.0,1307.0,1318.0
2024-11-06,1328.0,1338.0,1309.0,1326.0
2024-11-07,1349.0,1350.0,1319.0,1345.0
2024-11-08,1350.0,1359.0,1320.0,1320.0
2024-11-11,1316.0,1342.0,1307.0,1307.0
2024-11-12,1320.0,1320.0,1306.0,1311.0
2024-11-13,1310.0,1320.0,1309.0,1316.0
2024-11-14,1316.0,1339.0,1282.0,1317.0
2024-11-15,1331.0,1350.0,1317.0,1317.0
2024-11-18,1315.0,1326.0,1310.0,1314.0
2024-11-19,1318.0,1319.0,1302.0,1306.0
2024-11-20,1306.0,1310.0,1295.0,1300.0
2024-11-21,1304.0,1307.0,1292.0,1293.0
2024-11-22,1292.0,1308.0,1287.0,1300.0
2024-11-25,1310.0,1314.0,1281.0,1281.0
2024-11-26,1282.0,1294.0,1276.0,1291.0
2024-11-27,1291.0,1292.0,1263.0,1275.0
2024-11-28,1273.0,1292.0,1271.0,1285.0
2024-11-29,1284.0,1290.0,1276.0,1287.0
2024-12-02,1287.0,1308.0,1287.0,1306.0
2024-12-03,1299.0,1311.0,1296.0,1300.0
2024-12-04,1295.0,1300.0,1283.0,1288.0
2024-12-05,1288.0,1304.0,1287.0,1297.0
2024-12-06,1299.0,1316.0,1299.0,1309.0
2024-12-09,1318.0,1330.0,1312.0,1320.0
2024-12-10,1329.0,1341.0,1313.0,1325.0
2024-12-11,1331.0,1352.0,1330.0,1341.0
2024-12-12,1350.0,1354.0,1338.0,1348.0
2024-12-13,1338.0,1376.0,1338.0,1371.0
2024-12-16,1371.0,1416.0,1371.0,1405.0
2024-12-17,1405.0,1426.0,1403.0,1407.0
2024-12-18,1399.0,1406.0,1366.0,1366.0
2024-12-19,1356.0,1391.0,1354.0,1383.0
2024-12-20,1392.0,1406.0,1387.0,1387.0
2024-12-23,1393.0,1403.0,1384.0,1390.0
2024-12-24,1390.0,1399.0,1387.0,1391.0
2024-12-25,1397.0,1400.0,1383.0,1391.0
2024-12-26,1391.0,1398.0,1385.0,1397.0
2024-12-27,1400.0,1401.0,1391.0,1400.0
2024-12-30,1400.0,1411.0,1396.0,1396.0
2025-01-06,1396.0,1406.0,1361.0,1363.0
2025-01-07,1374.0,1377.0,1360.0,1368.0
2025-01-08,1369.0,1369.0,1344.0,1344.0
2025-01-09,1341.0,1346.0,1320.0,1321.0
2025-01-10,1317.0,1325.0,1304.0,1318.0
2025-01-14,1324.0,1332.0,1310.0,1327.0
2025-01-15,1327.0,1337.0,1311.0,1320.0
2025-01-16,1320.0,1328.0,1311.0,1313.0
2025-01-17,1305.0,1310.0,1297.0,1308.0
2025-01-20,1308.0,1321.0,1304.0,1316.0
2025-01-21,1323.0,1330.0,1318.0,1322.0
2025-01-22,1322.0,1333.0,1318.0,1325.0
2025-01-23,1323.0,1340.0,1315.0,1320.0
2025-01-24,1320.0,1329.0,1313.0,1322.0
2025-01-27,1330.0,1342.0,1328.0,1335.0
2025-01-28,1334.0,1349.0,1334.0,1340.0
2025-01-29,1337.0,1344.0,1333.0,1335.0
2025-01-30,1330.0,1344.0,1328.0,1341.0
2025-01-31,1336.0,1339.0,1326.0,1338.0
2025-02-03,1330.0,1335.0,1308.0,1309.0
2025-02-04,1318.0,1321.0,1289.0,1289.0
2025-02-05,1289.0,1303.0,1285.0,1302.0
2025-02-06,1308.0,1319.0,1308.0,1311.0
2025-02-07,1302.0,1308.0,1296.0,1307.0
2025-02-10,1315.0,1315.0,1298.0,1303.0
2025-02-12,1319.0,1319.0,1294.0,1299.0
2025-02-13,1311.0,1332.0,1304.0,1318.0
2025-02-14,1297.0,1304.0,1282.0,1297.0
2025-02-17,1297.0,1297.0,1283.0,1286.0
2025-02-18,1278.0,1283.0,1275.0,1281.0
2025-02-19,1287.0,1289.0,1275.0,1275.0
2025-02-20,1275.0,1278.0,1266.0,1272.0
2025-02-21,1272.0,1277.0,1261.0,1277.0
2025-02-25,1277.0,1281.0,1265.0,1269.0
2025-02-26,1266.0,1271.0,1250.0,1264.0
2025-02-27,1264.0,1299.0,1258.0,1295.0
2025-02-28,1299.0,1323.0,1281.0,1320.0
2025-03-03,1323.0,1351.0,1323.0,1346.0
2025-03-04,1346.0,1360.0,1342.0,1351.0
2025-03-05,1356.0,1370.0,1352.0,1354.0
2025-03-06,1357.0,1383.0,1357.0,1371.0
2025-03-07,1354.0,1378.0,1348.0,1374.0
2025-03-10,1385.0,1386.0,1362.0,1366.0
2025-03-11,1350.0,1356.0,1337.0,1345.0
2025-03-12,1348.0,1356.0,1333.0,1348.0
2025-03-13,1342.0,1363.0,1340.0,1346.0
2025-03-14,1351.0,1357.0,1342.0,1342.0
2025-03-17,1349.0,1368.0,1349.0,1360.0
2025-03-18,1375.0,1397.0,1375.0,1383.0
2025-03-19,1375.0,1396.0,1372.0,1383.0
2025-03-21,1371.0,1390.0,1366.0,1366.0
2025-03-24,1373.0,1375.0,1348.0,1358.0
2025-03-25,1360.0,1377.0,1360.0,1371.0
2025-03-26,1382.0,1389.0,1372.0,1384.0
2025-03-27,1384.0,1397.0,1378.0,1389.0
2025-03-28,1354.0,1364.0,1333.0,1343.0
2025-03-31,1314.0,1338.0,1302.0,1317.0
2025-04-01,1338.0,1338.0,1312.0,1319.0
2025-04-02,1319.0,1324.0,1300.0,1317.0
2025-04-03,1300.0,1305.0,1283.0,1299.0
2025-04-04,1280.0,1289.0,1255.0,1268.0
2025-04-07,1211.0,1276.0,1211.0,1247.0
2025-04-08,1277.0,1317.0,1277.0,1297.0
2025-04-09,1293.0,1318.0,1278.0,1304.0
2025-04-10,1364.0,1370.0,1336.0,1358.0
2025-04-11,1329.0,1355.0,1305.0,1331.0
2025-04-14,1334.0,1350.0,1331.0,1336.0
2025-04-15,1342.0,1351.0,1336.0,1340.0
2025-04-16,1344.0,1344.0,1329.0,1335.0
2025-04-17,1335.0,1341.0,1330.0,1334.0
2025-04-18,1351.0,1359.0,1346.0,1354.0
2025-04-21,1376.0,1444.0,1373.0,1393.0
2025-04-22,1392.0,1407.0,1387.0,1399.0
2025-04-23,1418.0,1420.0,1402.0,1415.0
2025-04-24,1415.0,1426.0,1399.0,1401.0
2025-04-25,1401.0,1408.0,1398.0,1401.0
2025-04-28,1401.0,1408.0,1395.0,1401.0
2025-04-30,1399.0,1407.0,1395.0,1404.0
2025-05-01,1400.0,1409.0,1387.0,1393.0
2025-05-02,1393.0,1400.0,1378.0,1379.0
2025-05-07,1378.0,1398.0,1376.0,1391.0
2025-05-08,1391.0,1401.0,1384.0,1395.0
2025-05-09,1401.0,1422.0,1398.0,1416.0
2025-05-12,1415.0,1435.0,1415.0,1433.0
2025-05-13,1440.0,1444.0,1428.0,1428.0
2025-05-14,1423.0,1438.0,1371.0,1402.0
2025-05-15,1388.0,1388.0,1343.0,1347.0
2025-05-16,1347.0,1349.0,1315.0,1330.0
2025-05-19,1320.0,1337.0,1311.0,1335.0
2025-05-20,1345.0,1358.0,1337.0,1343.0
2025-05-21,1346.0,1361.0,1328.0,1334.0
2025-05-22,1330.0,1339.0,1313.0,1319.0
2025-05-23,1320.0,1328.0,1313.0,1323.0
2025-05-26,1330.0,1337.0,1317.0,1322.0
2025-05-27,1311.0,1313.0,1299.0,1299.0
2025-05-28,1307.0,1317.0,1300.0,1307.0
2025-05-29,1313.0,1317.0,1302.0,1308.0
2025-05-30,1301.0,1321.0,1298.0,1313.0
2025-06-02,1313.0,1339.0,1310.0,1335.0
2025-06-03,1326.0,1346.0,1306.0,1306.0
2025-06-04,1303.0,1324.0,1298.0,1317.0
2025-06-05,1310.0,1346.0,1304.0,1321.0
2025-06-06,1338.0,1362.0,1336.0,1347.0
2025-06-09,1340.0,1348.0,1317.0,1319.0
2025-06-10,1319.0,1331.0,1310.0,1310.0
2025-06-11,1328.0,1334.0,1322.0,1328.0
2025-06-12,1325.0,1333.0,1309.0,1317.0
2025-06-13,1311.0,1321.0,1295.0,1305.0
2025-06-16,1320.0,1348.0,1308.0,1322.0
2025-06-17,1319.0,1326.0,1282.0,1283.0
2025-06-18,1275.0,1279.0,1268.0,1271.0
2025-06-19,1273.0,1276.0,1266.0,1276.0
2025-06-20,1276.0,1307.0,1276.0,1298.0
2025-06-23,1290.0,1295.0,1271.0,1274.0
2025-06-24,1287.0,1293.0,1278.0,1285.0
2025-06-25,1285.0,1286.0,1269.0,1272.0
2025-06-26,1272.0,1276.0,1263.0,1273.0
2025-06-27,1282.0,1282.0,1249.0,1253.0
2025-06-30,1253.0,1264.0,1247.0,1252.0
2025-07-01,1250.0,1250.0,1233.0,1236.0
2025-07-02,1230.0,1248.0,1229.0,1243.0
2025-07-03,1238.0,1240.0,1230.0,1240.0
2025-07-04,1245.0,1245.0,1225.0,1225.0
2025-07-07,1225.0,1237.0,1225.0,1229.0
2025-07-08,1230.0,1230.0,1216.0,1222.0
2025-07-09,1220.0,1239.0,1220.0,1239.0
2025-07-10,1248.0,1251.0,1231.0,1246.0
2025-07-11,1250.0,1267.0,1249.0,1250.0
2025-07-14,1249.0,1258.0,1242.0,1252.0
2025-07-15,1257.0,1258.0,1243.0,1254.0
2025-07-16,1251.0,1262.0,1249.0,1260.0
2025-07-17,1253.0,1261.0,1245.0,1259.0
2025-07-18,1259.0,1260.0,1245.0,1248.0
2025-07-22,1250.0,1272.0,1250.0,1263.0
2025-07-23,1275.0,1279.0,1263.0,1273.0
2025-07-24,1277.0,1310.0,1274.0,1297.0
2025-07-25,1304.0,1329.0,1297.0,1312.0
2025-07-28,1312.0,1320.0,1304.0,1315.0
2025-07-29,1308.0,1308.0,1293.0,1307.0
2025-07-30,1302.0,1326.0,1295.0,1325.0
2025-07-31,1325.0,1347.0,1324.0,1341.0
2025-08-01,1342.0,1394.0,1342.0,1383.0
2025-08-04,1354.0,1370.0,1346.0,1364.0
2025-08-05,1364.0,1381.0,1352.0,1366.0
2025-08-06,1367.0,1386.0,1360.0,1386.0
2025-08-07,1385.0,1407.0,1378.0,1397.0
2025-08-08,1409.0,1460.0,1391.0,1435.0
2025-08-12,1432.0,1444.0,1416.0,1430.0
2025-08-13,1430.0,1443.0,1418.0,1443.0
2025-08-14,1428.0,1436.0,1422.0,1430.0
2025-08-15,1430.0,1438.0,1388.0,1399.0
2025-08-18,1398.0,1413.0,1391.0,1403.0
2025-08-19,1402.0,1421.0,1400.0,1414.0
2025-08-20,1414.0,1421.0,1411.0,1414.0
2025-08-21,1413.0,1413.0,1394.0,1403.0
2025-08-22,1399.0,1409.0,1393.0,1406.0
2025-08-25,1406.0,1407.0,1382.0,1388.0
2025-08-26,1391.0,1395.0,1376.0,1381.0
2025-08-27,1380.0,1396.0,1375.0,1388.0
2025-08-28,1380.0,1388.0,1373.0,1379.0
2025-08-29,1368.0,1374.0,1362.0,1372.0
2025-09-01,1372.0,1400.0,1363.0,1397.0
2025-09-02,1395.0,1402.0,1392.0,1399.0
2025-09-03,1399.0,1414.0,1389.0,1398.0
2025-09-04,1393.0,1406.0,1385.0,1400.0
2025-09-05,1392.0,1407.0,1387.0,1402.0
2025-09-08,1406.0,1417.0,1401.0,1403.0
2025-09-09,1408.0,1424.0,1408.0,1424.0
2025-09-10,1421.0,1421.0,1397.0,1397.0
2025-09-11,1397.0,1401.0,1383.0,1387.0
2025-09-12,1395.0,1408.0,1378.0,1384.0
2025-09-16,1396.0,1407.0,1383.0,1392.0
2025-09-17,1390.0,1403.0,1380.0,1398.0
2025-09-18,1401.0,1404.0,1390.0,1393.0
2025-09-19,1400.0,1408.0,1385.0,1385.0
2025-09-22,1382.0,1404.0,1380.0,1391.0
2025-09-24,1392.0,1397.0,1384.0,1388.0
2025-09-25,1383.0,1398.0,1383.0,1398.0
2025-09-26,1390.0,1415.0,1390.0,1415.0
2025-09-29,1386.0,1400.0,1380.0,1397.0
2025-09-30,1398.0,1403.0,1390.0,1396.0
2025-10-01,1396.0,1396.0,1346.0,1369.0
2025-10-02,1358.0,1365.0,1349.0,1358.0
2025-10-03,1359.0,1370.0,1356.0,1369.0
2025-10-06,1399.0,1400.0,1379.0,1392.0
2025-10-07,1400.0,1408.0,1396.0,1398.0
2025-10-08,1408.0,1419.0,1400.0,1401.0
2025-10-09,1398.0,1430.0,1396.0,1430.0
2025-10-10,1413.0,1416.0,1401.0,1402.0
2025-10-14,1381.0,1404.0,1380.0,1396.0
2025-10-15,1419.0,1459.0,1410.0,1428.0
2025-10-16,1430.0,1436.0,1417.0,1419.0
2025-10-17,1424.0,1432.0,1418.0,1429.0
2025-10-20,1444.0,1448.0,1438.0,1441.0
2025-10-21,1438.0,1439.0,1428.0,1430.0
2025-10-22,1430.0,1444.0,1429.0,1436.0
2025-10-23,1434.0,1455.0,1433.0,1451.0
2025-10-24,1451.0,1456.0,1445.0,1446.0
2025-10-27,1450.0,1469.0,1450.0,1465.0
2025-10-28,1455.0,1455.0,1425.0,1428.0
2025-10-29,1422.0,1425.0,1404.0,1412.0
2025-10-30,1409.0,1422.0,1406.0,1422.0
2025-10-31,1442.0,1445.0,1421.0,1429.0
2025-11-04,1432.0,1449.0,1424.0,1438.0
2025-11-05,1446.0,1454.0,1430.0,1439.0
2025-11-06,1433.0,1463.0,1433.0,1446.0
2025-11-07,1432.0,1449.0,1432.0,1437.0
2025-11-10,1450.0,1485.0,1446.0,1473.0
2025-11-11,1473.0,1479.0,1453.0,1457.0
2025-11-12,1462.0,1514.0,1462.0,1481.0
2025-11-13,1483.0,1502.0,1451.0,1460.0
2025-11-14,1461.0,1465.0,1451.0,1456.0
2025-11-17,1460.0,1471.0,1458.0,1463.0
2025-11-18,1460.0,1461.0,1437.0,1437.0
2025-11-19,1444.0,1444.0,1429.0,1435.0
2025-11-20,1448.0,1461.0,1446.0,1450.0
2025-11-21,1450.0,1483.0,1450.0,1479.0
2025-11-25,1490.0,1501.0,1480.0,1490.0
2025-11-26,1495.0,1496.0,1482.0,1489.0
2025-11-27,1487.0,1489.0,1480.0,1487.0
2025-11-28,1487.0,1513.0,1482.0,1513.0
2025-12-01,1514.0,1517.0,1493.0,1501.0
2025-12-02,1493.0,1498.0,1480.0,1491.0
2025-12-03,1490.0,1490.0,1452.0,1457.0
2025-12-04,1449.0,1490.0,1448.0,1481.0
2025-12-05,1474.0,1480.0,1449.0,1452.0
2025-12-08,1456.0,1460.0,1444.0,1453.0
2025-12-09,1451.0,1464.0,1432.0,1438.0
2025-12-10,1441.0,1451.0,1432.0,1432.0
2025-12-11,1443.0,1447.0,1436.0,1436.0
2025-12-12,1451.0,1489.0,1451.0,1479.0
2025-12-15,1479.0,1483.0,1458.0,1470.0
2025-12-16,1470.0,1470.0,1455.0,1455.0
2025-12-17,1462.0,1462.0,1447.0,1449.0
2025-12-18,1453.0,1464.0,1448.0,1464.0
2025-12-19,1470.0,1474.0,1456.0,1468.0
2025-12-22,1468.0,1473.0,1451.0,1457.0
2025-12-23,1453.0,1472.0,1453.0,1469.0
2025-12-24,1478.0,1491.0,1473.0,1484.0
2025-12-25,1484.0,1503.0,1484.0,1500.0
2025-12-26,1500.0,1500.0,1475.0,1482.0
2025-12-29,1482.0,1485.0,1468.0,1485.0
2025-12-30,1481.0,1491.0,1477.0,1485.0
2026-01-05,1498.0,1498.0,1477.0,1493.0
2026-01-06,1495.0,1500.0,1485.0,1500.0
2026-01-07,1492.0,1502.0,1482.0,1492.0
2026-01-08,1486.0,1504.0,1485.0,1493.0
2026-01-09,1504.0,1508.0,1490.0,1496.0
2026-01-13,1514.0,1518.0,1500.0,1502.0
2026-01-14,1508.0,1515.0,1502.0,1512.0
2026-01-15,1477.0,1498.0,1477.0,1491.0
2026-01-16,1487.0,1509.0,1480.0,1509.0
2026-01-19,1509.0,1515.0,1500.0,1506.0
2026-01-20,1500.0,1500.0,1479.0,1492.0
2026-01-21,1478.0,1481.0,1469.0,1478.0
2026-01-22,1480.0,1488.0,1479.0,1480.0
2026-01-23,1483.0,1487.0,1473.0,1480.0
2026-01-26,1467.0,1467.0,1453.0,1457.0
2026-01-27,1446.0,1446.0,1427.0,1434.0
2026-01-28,1428.0,1430.0,1418.0,1425.0
2026-01-29,1416.0,1426.0,1397.0,1425.0
2026-01-30,1425.0,1431.0,1421.0,1425.0
2026-02-02,1445.0,1446.0,1421.0,1422.0
2026-02-03,1424.0,1442.0,1424.0,1435.0
2026-02-04,1431.0,1449.0,1428.0,1435.0
2026-02-05,1445.0,1465.0,1433.0,1453.0
2026-02-06,1453.0,1463.0,1443.0,1455.0
2026-02-09,1482.0,1483.0,1462.0,1483.0
2026-02-10,1495.0,1517.0,1491.0,1503.0
2026-02-12,1518.0,1532.0,1468.0,1485.0
2026-02-13,1601.0,1601.0,1501.0,1508.0
2026-02-16,1526.0,1527.0,1495.0,1508.0
2026-02-17,1508.0,1517.0,1488.0,1495.0
2026-02-18,1501.0,1505.0,1492.0,1498.0
2026-02-19,1500.0,1524.0,1495.0,1522.0
2026-02-20,1520.0,1520.0,1498.0,1508.0
2026-02-24,1515.0,1535.0,1498.0,1531.0
2026-02-25,1531.0,1535.0,1524.0,1528.0
2026-02-26,1531.0,1537.0,1525.0,1525.0
2026-02-27,1525.0,1542.0,1524.0,1536.0
2026-03-02,1526.0,1533.0,1506.0,1529.0
2026-03-03,1503.0,1503.0,1454.0,1472.0
2026-03-04,1451.0,1460.0,1423.0,1450.0
2026-03-05,1474.0,1485.0,1464.0,1479.0
2026-03-06,1466.0,1471.0,1455.0,1468.0
2026-03-09,1424.0,1460.0,1416.0,1460.0
2026-03-10,1483.0,1489.0,1470.0,1481.0
2026-03-11,1482.0,1500.0,1482.0,1494.0
2026-03-12,1492.0,1492.0,1450.0,1455.0
2026-03-13,1455.0,1466.0,1444.0,1445.0
2026-03-16,1456.0,1461.0,1441.0,1445.0
2026-03-17,1445.0,1452.0,1435.0,1435.0
2026-03-18,1442.0,1455.0,1435.0,1455.0
2026-03-19,1453.0,1453.0,1417.0,1417.0
2026-03-23,1401.0,1401.0,1376.0,1386.0
2026-03-24,1409.0,1417.0,1402.0,1413.0
2026-03-25,1424.0,1424.0,1408.0,1408.0
2026-03-26,1408.0,1415.0,1400.0,1412.0
2026-03-27,1412.0,1429.0,1407.0,1423.0
2026-03-30,1344.0,1387.0,1343.0,1383.0
2026-03-31,1416.0,1445.0,1406.0,1437.0
2026-04-01,1466.0,1511.0,1456.0,1502.0
2026-04-02,1508.0,1548.0,1508.0,1545.0
2026-04-03,1545.0,1557.0,1539.0,1557.0
2026-04-06,1557.0,1570.0,1549.0,1552.0
2026-04-07,1552.0,1583.0,1551.0,1583.0
2026-04-08,1614.0,1656.0,1608.0,1624.0
2026-04-09,1640.0,1678.0,1630.0,1660.0
2026-04-10,1667.0,1691.0,1630.0,1637.0
2026-04-13,1634.0,1639.0,1597.0,1608.0
2026-04-14,1608.0,1609.0,1559.0,1564.0
2026-04-15,1565.0,1586.0,1558.0,1565.0
2026-04-16,1571.0,1571.0,1549.0,1556.0
2026-04-17,1556.0,1565.0,1541.0,1545.0
2026-04-20,1560.0,1573.0,1548.0,1571.0
2026-04-21,1571.0,1585.0,1545.0,1553.0
2026-04-22,1553.0,1560.0,1535.0,1547.0
2026-04-23,1536.0,1547.0,1514.0,1528.0
2026-04-24,1522.0,1528.0,1493.0,1520.0
2026-04-27,1519.0,1529.0,1508.0,1518.0
2026-04-28,1518.0,1546.0,1518.0,1544.0
2026-04-30,1536.0,1547.0,1523.0,1541.0
2026-05-01,1541.0,1544.0,1519.0,1534.0
2026-05-07,1541.0,1570.0,1540.0,1569.0
2026-05-08,1564.0,1583.0,1544.0,1568.0
2026-05-11,1560.0,1574.0,1544.0,1544.0
2026-05-12,1544.0,1574.0,1539.0,1544.0
2026-05-13,1544.0,1640.0,1530.0,1569.0
2026-05-14,1570.0,1683.0,1555.0,1668.0
2026-05-15,1688.0,1772.0,1676.0,1735.0
2026-05-18,1735.0,1764.0,1732.0,1764.0
2026-05-19,1764.0,1800.0,1751.0,1790.0
2026-05-20,1790.0,1793.0,1686.0,1706.0
2026-05-21,1715.0,1727.0,1698.0,1714.0
2026-05-22,1714.0,1736.0,1689.0,1724.0
2026-05-25,1728.0,1754.0,1718.0,1733.0
2026-05-26,1733.0,1738.0,1688.0,1709.0
2026-05-27,1710.0,1742.0,1709.0,1725.0
2026-05-28,1730.0,1731.0,1704.0,1716.0
2026-05-29,1716.0,1744.0,1715.0,1737.0
2026-06-01,1730.0,1733.0,1693.0,1711.0
2026-06-02,1711.0,1711.0,1661.0,1665.0
2026-06-03,1665.0,1689.0,1663.0,1680.0
2026-06-04,1678.0,1682.0,1655.0,1670.0
2026-06-05,1670.0,1687.0,1666.0,1677.0
2026-06-08,1652.0,1668.0,1639.0,1656.0
2026-06-09,1674.0,1680.0,1644.0,1661.0
2026-06-10,1664.0,1748.0,1664.0,1728.0
2026-06-11,1720.0,1728.0,1698.0,1723.0
2026-06-12,1734.0,1797.0,1733.0,1772.0
2026-06-15,1790.0,1866.0,1787.0,1809.0
2026-06-16,1807.0,1807.0,1758.0,1760.0
2026-06-17,1783.0,1785.0,1755.0,1755.0
2026-06-18,1755.0,1819.0,1755.0,1805.0
2026-06-19,1817.0,1817.0,1775.0,1784.0
2026-06-22,1784.0,1795.0,1758.0,1795.0
2026-06-23,1795.0,1835.0,1783.0,1783.0
2026-06-24,1777.0,1778.0,1661.0,1678.0
2026-06-25,1706.0,1723.0,1684.0,1688.0
2026-06-26,1701.0,1706.0,1673.0,1674.0
2026-06-29,1681.0,1694.0,1652.0,1671.0
2026-06-30,1671.0,1695.0,1665.0,1681.0
2026-07-01,1697.0,1735.0,1682.0,1725.0
2026-07-02,1730.0,1753.0,1723.0,1732.0
2026-07-03,1732.0,1757.0,1732.0,1739.0
2026-07-06,1753.0,1758.0,1735.0,1745.0
2026-07-07,1746.0,1761.0,1719.0,1724.0
2026-07-08,1722.0,1731.0,1704.0,1707.0
2026-07-09,1719.0,1725.0,1691.0,1708.0
2026-07-10,1729.0,1734.0,1713.0,1723.0
2026-07-13,1730.0,1740.0,1722.0,1740.0
2026-07-14,1750.0,1763.0,1738.0,1756.0
2026-07-15,1770.0,1778.0,1743.0,1778.0
2026-07-16,1778.0,1788.0,1768.0,1774.0
2026-07-17,1769.0,1776.0,1707.0,1728.0
2026-07-21,1741.0,1750.0,1732.0,1750.0
2026-07-22,1751.0,1761.0,1734.0,1755.0
2026-07-23,1758.0,1760.0,1745.0,1758.0
2026-07-24,1739.0,1747.0,1720.0,1745.0
2026-07-27,1757.0,1767.0,1733.0,1766.0
2026-07-28,1760.0,1764.0,1744.0,1754.0
2026-07-29,1767.0,1810.0,1752.0,1810.0
2026-07-30,1808.0,1816.0,1768.0,1778.0
2026-07-31,1778.0,1814.0,1762.0,1776.0
2026-08-03,1767.0,1787.0,1743.0,1787.0
2026-08-04,1787.0,1801.0,1782.0,1796.0
2026-08-05,1800.0,1814.0,1797.0,1805.0
2026-08-06,1805.0,1828.0,1793.0,1828.0
2026-08-07,1828.0,1836.0,1800.0,1812.0
2026-08-10,1812.0,1958.0,1786.0,1900.0
2026-08-12,1860.0,1942.0,1851.0,1942.0
2026-08-13,1942.0,1950.0,1915.0,1939.0
2026-08-14,1930.0,1968.0,1926.0,1965.0
2026-08-17,1965.0,1978.0,1928.0,1933.0
2026-08-18,1933.0,1942.0,1911.0,1919.0
2026-08-19,1898.0,1898.0,1857.0,1881.0
2026-08-20,1881.0,1897.0,1874.0,1897.0
2026-08-21,1898.0,1905.0,1876.0,1898.0
2026-08-24,1898.0,1915.0,1887.0,1906.0
2026-08-25,1906.0,1932.0,1906.0,1926.0
2026-08-26,1926.0,1967.0,1926.0,1967.0
2026-08-27,1967.0,1993.0,1962.0,1977.0
2026-08-28,1977.0,1988.0,1942.0,1963.0
2026-08-31,1949.0,1974.0,1944.0,1956.0
2026-09-01,1956.0,2003.0,1943.0,1999.0
2026-09-02,1959.0,1968.0,1930.0,1935.0
2026-09-03,1945.0,1957.0,1930.0,1939.0
2026-09-04,1930.0,1950.0,1910.0,1942.0
2026-09-07,1946.0,1950.0,1914.0,1920.0
2026-09-08,1910.0,1926.0,1886.0,1902.0
2026-09-09,1902.0,1920.0,1891.0,1908.0
