Date,Open,High,Low,Close
2001-01-01,260.0,260.0,260.0,260.0
2001-01-02,260.0,260.0,260.0,260.0
2001-01-03,260.0,260.0,260.0,260.0
2001-01-04,265.0,265.0,265.0,265.0
2001-01-05,250.0,255.0,250.0,250.0
2001-01-08,250.0,250.0,250.0,250.0
2001-01-09,248.0,248.0,248.0,248.0
2001-01-10,240.0,240.0,235.0,238.0
2001-01-11,230.0,230.0,215.0,220.0
2001-01-12,220.0,220.0,215.0,220.0
2001-01-15,220.0,220.0,218.0,219.0
2001-01-16,225.0,225.0,225.0,225.0
2001-01-17,225.0,231.0,225.0,231.0
2001-01-18,232.0,260.0,232.0,250.0
2001-01-19,262.0,265.0,255.0,265.0
2001-01-22,263.0,263.0,251.0,251.0
2001-01-23,251.0,259.0,250.0,259.0
2001-01-24,257.0,257.0,250.0,250.0
2001-01-25,250.0,255.0,245.0,245.0
2001-01-26,250.0,250.0,235.0,246.0
2001-01-29,238.0,240.0,238.0,240.0
2001-01-30,238.0,240.0,238.0,238.0
2001-01-31,240.0,240.0,225.0,230.0
2001-02-01,226.0,230.0,226.0,228.0
2001-02-02,229.0,230.0,225.0,225.0
2001-02-05,220.0,220.0,216.0,217.0
2001-02-06,218.0,218.0,216.0,216.0
2001-02-07,216.0,225.0,216.0,225.0
2001-02-08,223.0,223.0,222.0,222.0
2001-02-09,230.0,230.0,225.0,230.0
2001-02-12,230.0,230.0,230.0,230.0
2001-02-13,243.0,243.0,235.0,235.0
2001-02-14,235.0,240.0,235.0,240.0
2001-02-15,235.0,235.0,235.0,235.0
2001-02-16,235.0,235.0,233.0,233.0
2001-02-19,231.0,231.0,230.0,230.0
2001-02-20,231.0,235.0,230.0,235.0
2001-02-21,234.0,234.0,230.0,230.0
2001-02-22,230.0,230.0,225.0,230.0
2001-02-23,226.0,231.0,225.0,231.0
2001-02-26,246.0,246.0,240.0,241.0
2001-02-27,246.0,255.0,245.0,253.0
2001-02-28,245.0,251.0,240.0,240.0
2001-03-01,235.0,240.0,235.0,240.0
2001-03-02,236.0,240.0,236.0,236.0
2001-03-05,235.0,235.0,230.0,230.0
2001-03-06,236.0,236.0,232.0,235.0
2001-03-07,239.0,240.0,235.0,235.0
2001-03-08,238.0,240.0,236.0,236.0
2001-03-09,246.0,246.0,237.0,237.0
2001-03-12,237.0,237.0,233.0,233.0
2001-03-13,231.0,235.0,225.0,235.0
2001-03-14,235.0,235.0,235.0,235.0
2001-03-15,230.0,230.0,221.0,230.0
2001-03-16,225.0,235.0,225.0,235.0
2001-03-19,235.0,235.0,230.0,230.0
2001-03-20,230.0,230.0,230.0,230.0
2001-03-21,237.0,245.0,237.0,245.0
2001-03-22,250.0,258.0,250.0,258.0
2001-03-23,257.0,267.0,257.0,267.0
2001-03-26,284.0,305.0,276.0,305.0
2001-03-27,300.0,310.0,295.0,295.0
2001-03-28,295.0,300.0,294.0,300.0
2001-03-29,290.0,290.0,285.0,285.0
2001-03-30,280.0,285.0,271.0,275.0
2001-04-02,275.0,275.0,266.0,266.0
2001-04-03,267.0,275.0,267.0,275.0
2001-04-04,275.0,280.0,270.0,277.0
2001-04-05,281.0,295.0,281.0,288.0
2001-04-06,300.0,302.0,291.0,291.0
2001-04-09,280.0,281.0,278.0,281.0
2001-04-10,281.0,290.0,280.0,290.0
2001-04-11,290.0,299.0,285.0,295.0
2001-04-12,280.0,281.0,280.0,281.0
2001-04-13,294.0,294.0,290.0,292.0
2001-04-16,290.0,293.0,290.0,293.0
2001-04-17,293.0,295.0,288.0,288.0
2001-04-18,290.0,293.0,290.0,290.0
2001-04-19,296.0,299.0,295.0,299.0
2001-04-20,299.0,301.0,298.0,300.0
2001-04-23,301.0,305.0,300.0,305.0
2001-04-24,301.0,301.0,293.0,300.0
2001-04-25,301.0,301.0,300.0,301.0
2001-04-26,301.0,301.0,300.0,301.0
2001-04-27,331.0,340.0,328.0,330.0
2001-04-30,330.0,330.0,330.0,330.0
2001-05-01,340.0,365.0,340.0,360.0
2001-05-02,365.0,368.0,360.0,363.0
2001-05-03,363.0,363.0,363.0,363.0
2001-05-04,363.0,363.0,363.0,363.0
2001-05-07,370.0,393.0,370.0,380.0
2001-05-08,379.0,379.0,360.0,365.0
2001-05-09,350.0,360.0,346.0,360.0
2001-05-10,360.0,360.0,355.0,360.0
2001-05-11,360.0,369.0,355.0,355.0
2001-05-14,351.0,351.0,340.0,340.0
2001-05-15,339.0,347.0,333.0,347.0
2001-05-16,355.0,355.0,336.0,336.0
2001-05-17,341.0,344.0,340.0,344.0
2001-05-18,350.0,350.0,344.0,344.0
2001-05-21,337.0,345.0,335.0,340.0
2001-05-22,346.0,350.0,346.0,347.0
2001-05-23,350.0,350.0,345.0,345.0
2001-05-24,340.0,345.0,335.0,335.0
2001-05-25,337.0,337.0,335.0,335.0
2001-05-28,334.0,334.0,330.0,330.0
2001-05-29,320.0,320.0,320.0,320.0
2001-05-30,320.0,325.0,320.0,320.0
2001-05-31,315.0,330.0,315.0,321.0
2001-06-01,321.0,321.0,318.0,321.0
2001-06-04,315.0,316.0,315.0,316.0
2001-06-05,310.0,310.0,300.0,307.0
2001-06-06,310.0,310.0,301.0,305.0
2001-06-07,303.0,315.0,300.0,315.0
2001-06-08,311.0,314.0,311.0,313.0
2001-06-11,313.0,313.0,305.0,305.0
2001-06-12,301.0,301.0,301.0,301.0
2001-06-13,299.0,305.0,298.0,305.0
2001-06-14,298.0,300.0,298.0,300.0
2001-06-15,300.0,300.0,298.0,299.0
2001-06-18,298.0,298.0,298.0,298.0
2001-06-19,298.0,304.0,298.0,300.0
2001-06-20,302.0,302.0,290.0,290.0
2001-06-21,298.0,315.0,298.0,315.0
2001-06-22,320.0,323.0,320.0,320.0
2001-06-25,320.0,330.0,320.0,330.0
2001-06-26,330.0,330.0,320.0,329.0
2001-06-27,329.0,330.0,329.0,330.0
2001-06-28,330.0,330.0,312.0,312.0
2001-06-29,329.0,329.0,313.0,313.0
2001-07-02,305.0,319.0,305.0,319.0
2001-07-03,319.0,319.0,310.0,310.0
2001-07-04,311.0,319.0,311.0,319.0
2001-07-05,319.0,319.0,310.0,310.0
2001-07-06,310.0,310.0,309.0,310.0
2001-07-09,301.0,301.0,283.0,300.0
2001-07-10,301.0,310.0,301.0,310.0
2001-07-11,300.0,300.0,300.0,300.0
2001-07-12,299.0,301.0,299.0,301.0
2001-07-13,305.0,305.0,305.0,305.0
2001-07-16,325.0,325.0,310.0,311.0
2001-07-17,311.0,311.0,300.0,310.0
2001-07-18,300.0,300.0,295.0,295.0
2001-07-19,290.0,298.0,286.0,286.0
2001-07-20,286.0,286.0,286.0,286.0
2001-07-23,286.0,286.0,280.0,281.0
2001-07-24,270.0,280.0,270.0,280.0
2001-07-25,275.0,285.0,275.0,285.0
2001-07-26,305.0,305.0,305.0,305.0
2001-07-27,299.0,299.0,281.0,284.0
2001-07-30,285.0,286.0,284.0,286.0
2001-07-31,280.0,281.0,280.0,281.0
2001-08-01,286.0,296.0,286.0,293.0
2001-08-02,300.0,300.0,290.0,300.0
2001-08-03,300.0,302.0,300.0,300.0
2001-08-06,299.0,299.0,293.0,293.0
2001-08-07,291.0,291.0,291.0,291.0
2001-08-08,292.0,293.0,292.0,293.0
2001-08-09,292.0,292.0,291.0,292.0
2001-08-10,295.0,295.0,291.0,295.0
2001-08-13,295.0,295.0,290.0,295.0
2001-08-14,295.0,303.0,295.0,303.0
2001-08-15,300.0,310.0,300.0,310.0
2001-08-16,311.0,311.0,308.0,310.0
2001-08-17,311.0,312.0,310.0,310.0
2001-08-20,295.0,310.0,291.0,310.0
2001-08-21,320.0,323.0,315.0,323.0
2001-08-22,320.0,329.0,318.0,329.0
2001-08-23,334.0,334.0,321.0,323.0
2001-08-24,308.0,329.0,308.0,329.0
2001-08-27,339.0,340.0,330.0,330.0
2001-08-28,328.0,335.0,324.0,335.0
2001-08-29,324.0,350.0,323.0,350.0
2001-08-30,344.0,347.0,340.0,345.0
2001-08-31,343.0,360.0,335.0,360.0
2001-09-03,330.0,347.0,330.0,330.0
2001-09-04,328.0,328.0,309.0,320.0
2001-09-05,319.0,330.0,314.0,330.0
2001-09-06,315.0,324.0,315.0,323.0
2001-09-07,310.0,320.0,308.0,315.0
2001-09-10,309.0,310.0,300.0,310.0
2001-09-11,305.0,307.0,305.0,305.0
2001-09-12,300.0,300.0,285.0,285.0
2001-09-13,283.0,290.0,283.0,290.0
2001-09-14,290.0,330.0,290.0,292.0
2001-09-17,290.0,295.0,285.0,294.0
2001-09-18,290.0,298.0,290.0,294.0
2001-09-19,285.0,299.0,279.0,294.0
2001-09-20,289.0,294.0,285.0,294.0
2001-09-21,280.0,300.0,280.0,300.0
2001-09-24,300.0,300.0,300.0,300.0
2001-09-25,300.0,300.0,295.0,297.0
2001-09-26,297.0,299.0,292.0,298.0
2001-09-27,298.0,305.0,298.0,305.0
2001-09-28,305.0,305.0,305.0,305.0
2001-10-01,305.0,320.0,295.0,320.0
2001-10-02,310.0,323.0,310.0,323.0
2001-10-03,330.0,330.0,327.0,327.0
2001-10-04,326.0,327.0,318.0,320.0
2001-10-05,310.0,328.0,310.0,327.0
2001-10-08,327.0,327.0,327.0,327.0
2001-10-09,310.0,310.0,309.0,310.0
2001-10-10,325.0,325.0,315.0,320.0
2001-10-11,322.0,327.0,320.0,327.0
2001-10-12,328.0,334.0,328.0,334.0
2001-10-15,328.0,338.0,327.0,330.0
2001-10-16,334.0,334.0,330.0,333.0
2001-10-17,333.0,335.0,330.0,335.0
2001-10-18,321.0,324.0,320.0,324.0
2001-10-19,324.0,324.0,316.0,322.0
2001-10-22,320.0,326.0,320.0,321.0
2001-10-23,330.0,338.0,328.0,338.0
2001-10-24,343.0,350.0,343.0,346.0
2001-10-25,341.0,348.0,341.0,348.0
2001-10-26,350.0,350.0,345.0,348.0
2001-10-29,323.0,330.0,323.0,330.0
2001-10-30,320.0,320.0,315.0,320.0
2001-10-31,320.0,329.0,320.0,329.0
2001-11-01,325.0,325.0,316.0,317.0
2001-11-02,323.0,323.0,316.0,316.0
2001-11-05,325.0,325.0,318.0,322.0
2001-11-06,321.0,323.0,320.0,323.0
2001-11-07,323.0,323.0,317.0,319.0
2001-11-08,322.0,323.0,321.0,322.0
2001-11-09,322.0,322.0,322.0,322.0
2001-11-12,320.0,320.0,310.0,310.0
2001-11-13,311.0,311.0,308.0,309.0
2001-11-14,313.0,320.0,310.0,320.0
2001-11-15,316.0,325.0,316.0,325.0
2001-11-16,325.0,327.0,319.0,327.0
2001-11-19,326.0,327.0,325.0,325.0
2001-11-20,325.0,325.0,321.0,321.0
2001-11-21,319.0,324.0,319.0,324.0
2001-11-22,309.0,320.0,309.0,320.0
2001-11-23,320.0,320.0,320.0,320.0
2001-11-26,329.0,329.0,327.0,328.0
2001-11-27,328.0,328.0,326.0,326.0
2001-11-28,311.0,315.0,311.0,315.0
2001-11-29,314.0,314.0,303.0,303.0
2001-11-30,302.0,302.0,299.0,299.0
2001-12-03,298.0,304.0,295.0,296.0
2001-12-04,295.0,295.0,291.0,292.0
2001-12-05,292.0,300.0,292.0,298.0
2001-12-06,299.0,301.0,291.0,294.0
2001-12-07,294.0,301.0,294.0,300.0
2001-12-10,299.0,299.0,291.0,291.0
2001-12-11,299.0,299.0,292.0,295.0
2001-12-12,295.0,295.0,292.0,295.0
2001-12-13,295.0,295.0,288.0,291.0
2001-12-14,276.0,280.0,276.0,280.0
2001-12-17,280.0,280.0,277.0,277.0
2001-12-18,277.0,280.0,273.0,277.0
2001-12-19,275.0,275.0,270.0,275.0
2001-12-20,274.0,274.0,266.0,270.0
2001-12-21,265.0,265.0,260.0,262.0
2001-12-24,262.0,262.0,262.0,262.0
2001-12-25,250.0,250.0,240.0,241.0
2001-12-26,242.0,242.0,239.0,239.0
2001-12-27,239.0,241.0,236.0,236.0
2001-12-28,236.0,236.0,235.0,235.0
2001-12-31,235.0,235.0,235.0,235.0
2002-01-01,235.0,235.0,235.0,235.0
2002-01-02,235.0,235.0,235.0,235.0
2002-01-03,235.0,235.0,235.0,235.0
2002-01-04,235.0,242.0,234.0,242.0
2002-01-07,244.0,249.0,244.0,247.0
2002-01-08,248.0,250.0,244.0,244.0
2002-01-09,239.0,245.0,238.0,240.0
2002-01-10,240.0,240.0,230.0,232.0
2002-01-11,240.0,240.0,230.0,230.0
2002-01-14,230.0,230.0,230.0,230.0
2002-01-15,229.0,229.0,216.0,216.0
2002-01-16,216.0,221.0,216.0,217.0
2002-01-17,217.0,224.0,217.0,224.0
2002-01-18,223.0,229.0,216.0,229.0
2002-01-21,239.0,241.0,230.0,241.0
2002-01-22,240.0,240.0,230.0,233.0
2002-01-23,232.0,232.0,219.0,225.0
2002-01-24,220.0,222.0,218.0,220.0
2002-01-25,220.0,231.0,220.0,231.0
2002-01-28,240.0,243.0,235.0,243.0
2002-01-29,245.0,245.0,241.0,244.0
2002-01-30,230.0,231.0,221.0,227.0
2002-01-31,227.0,227.0,227.0,227.0
2002-02-01,233.0,233.0,221.0,221.0
2002-02-04,220.0,222.0,220.0,220.0
2002-02-05,220.0,220.0,215.0,216.0
2002-02-06,211.0,216.0,210.0,212.0
2002-02-07,212.0,215.0,211.0,215.0
2002-02-08,215.0,219.0,211.0,215.0
2002-02-11,215.0,215.0,215.0,215.0
2002-02-12,230.0,239.0,225.0,236.0
2002-02-13,236.0,246.0,233.0,243.0
2002-02-14,243.0,260.0,242.0,259.0
2002-02-15,250.0,256.0,247.0,247.0
2002-02-18,242.0,245.0,237.0,244.0
2002-02-19,241.0,241.0,230.0,230.0
2002-02-20,226.0,236.0,226.0,231.0
2002-02-21,231.0,235.0,230.0,235.0
2002-02-22,235.0,239.0,233.0,233.0
2002-02-25,236.0,239.0,233.0,236.0
2002-02-26,239.0,244.0,237.0,239.0
2002-02-27,239.0,242.0,239.0,240.0
2002-02-28,242.0,266.0,242.0,262.0
2002-03-01,262.0,266.0,253.0,266.0
2002-03-04,285.0,300.0,281.0,300.0
2002-03-05,300.0,315.0,295.0,303.0
2002-03-06,299.0,300.0,284.0,286.0
2002-03-07,291.0,309.0,291.0,303.0
2002-03-08,300.0,315.0,291.0,315.0
2002-03-11,320.0,330.0,320.0,328.0
2002-03-12,330.0,331.0,312.0,312.0
2002-03-13,310.0,324.0,285.0,288.0
2002-03-14,289.0,309.0,289.0,309.0
2002-03-15,304.0,315.0,304.0,315.0
2002-03-18,315.0,325.0,303.0,303.0
2002-03-19,303.0,311.0,303.0,307.0
2002-03-20,307.0,310.0,301.0,302.0
2002-03-21,302.0,302.0,302.0,302.0
2002-03-22,301.0,303.0,291.0,292.0
2002-03-25,315.0,315.0,290.0,302.0
2002-03-26,279.0,295.0,279.0,287.0
2002-03-27,282.0,305.0,282.0,305.0
2002-03-28,286.0,294.0,286.0,289.0
2002-03-29,299.0,299.0,287.0,287.0
2002-04-01,281.0,282.0,270.0,270.0
2002-04-02,270.0,281.0,270.0,276.0
2002-04-03,277.0,285.0,276.0,285.0
2002-04-04,290.0,299.0,290.0,299.0
2002-04-05,297.0,300.0,297.0,297.0
2002-04-08,305.0,305.0,286.0,286.0
2002-04-09,290.0,291.0,275.0,275.0
2002-04-10,278.0,292.0,278.0,292.0
2002-04-11,290.0,290.0,280.0,280.0
2002-04-12,280.0,281.0,275.0,276.0
2002-04-15,275.0,277.0,275.0,276.0
2002-04-16,276.0,277.0,276.0,277.0
2002-04-17,279.0,288.0,278.0,278.0
2002-04-18,287.0,295.0,283.0,286.0
2002-04-19,277.0,280.0,277.0,280.0
2002-04-22,280.0,285.0,280.0,285.0
2002-04-23,276.0,283.0,276.0,282.0
2002-04-24,280.0,281.0,278.0,278.0
2002-04-25,277.0,277.0,270.0,270.0
2002-04-26,285.0,285.0,265.0,265.0
2002-04-29,265.0,265.0,265.0,265.0
2002-04-30,265.0,265.0,265.0,265.0
2002-05-01,270.0,277.0,269.0,277.0
2002-05-02,277.0,277.0,276.0,277.0
2002-05-03,277.0,277.0,277.0,277.0
2002-05-06,277.0,277.0,277.0,277.0
2002-05-07,270.0,270.0,260.0,261.0
2002-05-08,261.0,266.0,261.0,263.0
2002-05-09,265.0,272.0,265.0,270.0
2002-05-10,270.0,272.0,264.0,272.0
2002-05-13,260.0,261.0,258.0,258.0
2002-05-14,268.0,268.0,260.0,261.0
2002-05-15,261.0,276.0,253.0,253.0
2002-05-16,268.0,270.0,260.0,270.0
2002-05-17,265.0,270.0,265.0,266.0
2002-05-20,281.0,286.0,279.0,282.0
2002-05-21,273.0,288.0,273.0,288.0
2002-05-22,287.0,299.0,285.0,297.0
2002-05-23,301.0,310.0,300.0,309.0
2002-05-24,310.0,310.0,305.0,310.0
2002-05-27,313.0,313.0,309.0,309.0
2002-05-28,308.0,309.0,301.0,308.0
2002-05-29,293.0,306.0,293.0,304.0
2002-05-30,302.0,306.0,299.0,301.0
2002-05-31,298.0,305.0,293.0,303.0
2002-06-03,305.0,307.0,299.0,303.0
2002-06-04,303.0,304.0,299.0,299.0
2002-06-05,296.0,300.0,292.0,292.0
2002-06-06,297.0,297.0,282.0,282.0
2002-06-07,281.0,286.0,271.0,282.0
2002-06-10,280.0,280.0,275.0,277.0
2002-06-11,276.0,280.0,276.0,280.0
2002-06-12,280.0,280.0,276.0,276.0
2002-06-13,276.0,276.0,265.0,270.0
2002-06-14,265.0,269.0,265.0,265.0
2002-06-17,264.0,264.0,253.0,254.0
2002-06-18,259.0,262.0,257.0,261.0
2002-06-19,262.0,262.0,254.0,254.0
2002-06-20,254.0,259.0,250.0,258.0
2002-06-21,253.0,255.0,252.0,252.0
2002-06-24,251.0,255.0,245.0,251.0
2002-06-25,255.0,260.0,254.0,260.0
2002-06-26,264.0,264.0,250.0,250.0
2002-06-27,250.0,256.0,250.0,256.0
2002-06-28,254.0,258.0,250.0,250.0
2002-07-01,250.0,255.0,250.0,250.0
2002-07-02,250.0,260.0,250.0,260.0
2002-07-03,259.0,268.0,256.0,268.0
2002-07-04,270.0,270.0,266.0,270.0
2002-07-05,260.0,265.0,259.0,265.0
2002-07-08,269.0,269.0,265.0,267.0
2002-07-09,267.0,270.0,265.0,270.0
2002-07-10,268.0,269.0,266.0,266.0
2002-07-11,263.0,270.0,260.0,261.0
2002-07-12,260.0,260.0,254.0,254.0
2002-07-15,250.0,254.0,248.0,248.0
2002-07-16,253.0,260.0,249.0,259.0
2002-07-17,259.0,259.0,247.0,255.0
2002-07-18,258.0,272.0,255.0,272.0
2002-07-19,252.0,269.0,252.0,269.0
2002-07-22,256.0,266.0,256.0,256.0
2002-07-23,251.0,255.0,250.0,250.0
2002-07-24,249.0,254.0,248.0,248.0
2002-07-25,250.0,253.0,248.0,248.0
2002-07-26,258.0,258.0,245.0,245.0
2002-07-29,241.0,241.0,227.0,227.0
2002-07-30,233.0,245.0,233.0,242.0
2002-07-31,252.0,252.0,220.0,224.0
2002-08-01,227.0,235.0,224.0,224.0
2002-08-02,225.0,234.0,223.0,223.0
2002-08-05,222.0,228.0,222.0,228.0
2002-08-06,226.0,226.0,222.0,222.0
2002-08-07,227.0,227.0,227.0,227.0
2002-08-08,228.0,228.0,225.0,225.0
2002-08-09,235.0,235.0,226.0,231.0
2002-08-12,230.0,231.0,222.0,231.0
2002-08-13,221.0,229.0,221.0,221.0
2002-08-14,222.0,225.0,222.0,222.0
2002-08-15,232.0,232.0,227.0,227.0
2002-08-16,232.0,232.0,222.0,222.0
2002-08-19,231.0,231.0,223.0,224.0
2002-08-20,222.0,226.0,222.0,222.0
2002-08-21,225.0,226.0,222.0,225.0
2002-08-22,225.0,228.0,223.0,224.0
2002-08-23,224.0,224.0,224.0,224.0
2002-08-26,235.0,235.0,228.0,235.0
2002-08-27,240.0,240.0,228.0,230.0
2002-08-28,228.0,229.0,222.0,222.0
2002-08-29,221.0,225.0,221.0,222.0
2002-08-30,223.0,226.0,221.0,226.0
2002-09-02,224.0,224.0,220.0,224.0
2002-09-03,220.0,221.0,205.0,210.0
2002-09-04,191.0,199.0,191.0,199.0
2002-09-05,200.0,205.0,195.0,203.0
2002-09-06,201.0,201.0,191.0,197.0
2002-09-09,200.0,200.0,198.0,198.0
2002-09-10,204.0,218.0,201.0,208.0
2002-09-11,213.0,213.0,212.0,213.0
2002-09-12,209.0,215.0,209.0,214.0
2002-09-13,219.0,219.0,213.0,214.0
2002-09-16,214.0,214.0,214.0,214.0
2002-09-17,210.0,225.0,210.0,225.0
2002-09-18,212.0,219.0,208.0,219.0
2002-09-19,220.0,227.0,215.0,227.0
2002-09-20,215.0,220.0,215.0,220.0
2002-09-23,220.0,220.0,220.0,220.0
2002-09-24,216.0,220.0,206.0,220.0
2002-09-25,215.0,215.0,214.0,214.0
2002-09-26,219.0,219.0,216.0,216.0
2002-09-27,220.0,232.0,220.0,226.0
2002-09-30,220.0,225.0,217.0,217.0
2002-10-01,202.0,213.0,202.0,211.0
2002-10-02,215.0,215.0,211.0,211.0
2002-10-03,212.0,212.0,208.0,209.0
2002-10-04,209.0,209.0,205.0,207.0
2002-10-07,192.0,196.0,190.0,190.0
2002-10-08,191.0,195.0,191.0,194.0
2002-10-09,184.0,186.0,168.0,171.0
2002-10-10,172.0,176.0,168.0,176.0
2002-10-11,181.0,183.0,176.0,179.0
2002-10-14,179.0,179.0,179.0,179.0
2002-10-15,183.0,198.0,183.0,193.0
2002-10-16,198.0,198.0,187.0,187.0
2002-10-17,190.0,194.0,185.0,187.0
2002-10-18,197.0,197.0,190.0,191.0
2002-10-21,196.0,196.0,194.0,194.0
2002-10-22,198.0,198.0,186.0,188.0
2002-10-23,188.0,189.0,183.0,189.0
2002-10-24,193.0,193.0,189.0,190.0
2002-10-25,194.0,198.0,192.0,198.0
2002-10-28,198.0,198.0,188.0,195.0
2002-10-29,195.0,195.0,187.0,187.0
2002-10-30,192.0,198.0,188.0,198.0
2002-10-31,198.0,198.0,192.0,192.0
2002-11-01,183.0,188.0,183.0,188.0
2002-11-04,188.0,188.0,188.0,188.0
2002-11-05,188.0,198.0,184.0,198.0
2002-11-06,199.0,199.0,194.0,195.0
2002-11-07,188.0,195.0,188.0,195.0
2002-11-08,195.0,195.0,186.0,190.0
2002-11-11,180.0,185.0,175.0,175.0
2002-11-12,173.0,174.0,171.0,174.0
2002-11-13,170.0,173.0,170.0,172.0
2002-11-14,172.0,180.0,138.0,138.0
2002-11-15,154.0,159.0,145.0,145.0
2002-11-18,146.0,147.0,143.0,144.0
2002-11-19,143.0,143.0,135.0,138.0
2002-11-20,138.0,141.0,137.0,139.0
2002-11-21,141.0,158.0,141.0,158.0
2002-11-22,163.0,167.0,155.0,163.0
2002-11-25,162.0,177.0,153.0,175.0
2002-11-26,185.0,185.0,166.0,168.0
2002-11-27,163.0,176.0,163.0,172.0
2002-11-28,171.0,184.0,171.0,171.0
2002-11-29,175.0,183.0,175.0,180.0
2002-12-02,180.0,180.0,180.0,180.0
2002-12-03,181.0,182.0,178.0,178.0
2002-12-04,175.0,178.0,168.0,170.0
2002-12-05,175.0,175.0,172.0,174.0
2002-12-06,167.0,170.0,166.0,169.0
2002-12-09,170.0,172.0,169.0,171.0
2002-12-10,169.0,175.0,169.0,175.0
2002-12-11,176.0,178.0,175.0,175.0
2002-12-12,179.0,179.0,170.0,172.0
2002-12-13,172.0,172.0,161.0,162.0
2002-12-16,172.0,172.0,162.0,162.0
2002-12-17,162.0,166.0,158.0,160.0
2002-12-18,156.0,158.0,152.0,152.0
2002-12-19,150.0,159.0,145.0,159.0
2002-12-20,159.0,161.0,158.0,161.0
2002-12-23,161.0,161.0,161.0,161.0
2002-12-24,160.0,160.0,151.0,157.0
2002-12-25,152.0,155.0,150.0,155.0
2002-12-26,170.0,170.0,165.0,165.0
2002-12-27,169.0,170.0,165.0,169.0
2002-12-30,168.0,172.0,166.0,172.0
2002-12-31,172.0,172.0,172.0,172.0
2003-01-01,172.0,172.0,172.0,172.0
2003-01-02,172.0,172.0,172.0,172.0
2003-01-03,172.0,172.0,172.0,172.0
2003-01-06,176.0,176.0,175.0,176.0
2003-01-07,180.0,182.0,172.0,176.0
2003-01-08,177.0,177.0,172.0,173.0
2003-01-09,172.0,172.0,168.0,170.0
2003-01-10,165.0,166.0,163.0,163.0
2003-01-13,163.0,163.0,163.0,163.0
2003-01-14,159.0,166.0,159.0,166.0
2003-01-15,167.0,171.0,166.0,171.0
2003-01-16,171.0,174.0,171.0,174.0
2003-01-17,174.0,176.0,173.0,175.0
2003-01-20,174.0,176.0,172.0,176.0
2003-01-21,179.0,181.0,176.0,181.0
2003-01-22,180.0,181.0,178.0,178.0
2003-01-23,178.0,180.0,178.0,178.0
2003-01-24,175.0,180.0,175.0,180.0
2003-01-27,180.0,180.0,172.0,173.0
2003-01-28,168.0,168.0,154.0,160.0
2003-01-29,164.0,174.0,158.0,158.0
2003-01-30,165.0,165.0,160.0,160.0
2003-01-31,160.0,160.0,158.0,158.0
2003-02-03,158.0,167.0,157.0,165.0
2003-02-04,169.0,170.0,164.0,165.0
2003-02-05,161.0,168.0,161.0,165.0
2003-02-06,166.0,175.0,166.0,174.0
2003-02-07,174.0,177.0,165.0,167.0
2003-02-10,172.0,172.0,169.0,169.0
2003-02-11,169.0,169.0,169.0,169.0
2003-02-12,172.0,175.0,171.0,173.0
2003-02-13,168.0,176.0,168.0,176.0
2003-02-14,172.0,177.0,172.0,177.0
2003-02-17,179.0,180.0,176.0,177.0
2003-02-18,178.0,182.0,177.0,180.0
2003-02-19,182.0,182.0,176.0,176.0
2003-02-20,176.0,180.0,176.0,180.0
2003-02-21,179.0,180.0,178.0,179.0
2003-02-24,178.0,183.0,178.0,180.0
2003-02-25,179.0,179.0,175.0,175.0
2003-02-26,180.0,180.0,173.0,173.0
2003-02-27,173.0,179.0,173.0,179.0
2003-02-28,176.0,179.0,174.0,175.0
2003-03-03,175.0,178.0,175.0,178.0
2003-03-04,179.0,180.0,178.0,179.0
2003-03-05,179.0,179.0,177.0,179.0
2003-03-06,179.0,179.0,176.0,176.0
2003-03-07,176.0,176.0,171.0,171.0
2003-03-10,166.0,166.0,162.0,163.0
2003-03-11,162.0,164.0,160.0,164.0
2003-03-12,164.0,166.0,162.0,162.0
2003-03-13,162.0,162.0,156.0,156.0
2003-03-14,160.0,163.0,159.0,159.0
2003-03-17,169.0,169.0,156.0,158.0
2003-03-18,159.0,166.0,159.0,166.0
2003-03-19,165.0,165.0,159.0,160.0
2003-03-20,164.0,172.0,163.0,171.0
2003-03-21,171.0,171.0,171.0,171.0
2003-03-24,191.0,191.0,182.0,190.0
2003-03-25,186.0,186.0,171.0,182.0
2003-03-26,179.0,190.0,179.0,187.0
2003-03-27,190.0,195.0,187.0,195.0
2003-03-28,196.0,198.0,194.0,198.0
2003-03-31,188.0,191.0,187.0,188.0
2003-04-01,183.0,183.0,178.0,182.0
2003-04-02,180.0,190.0,180.0,190.0
2003-04-03,198.0,198.0,190.0,190.0
2003-04-04,190.0,193.0,187.0,193.0
2003-04-07,193.0,194.0,191.0,191.0
2003-04-08,191.0,191.0,177.0,181.0
2003-04-09,179.0,185.0,179.0,183.0
2003-04-10,184.0,184.0,180.0,182.0
2003-04-11,187.0,187.0,181.0,185.0
2003-04-14,184.0,187.0,183.0,183.0
2003-04-15,184.0,191.0,180.0,186.0
2003-04-16,191.0,191.0,184.0,184.0
2003-04-17,184.0,187.0,184.0,187.0
2003-04-18,190.0,190.0,184.0,184.0
2003-04-21,189.0,193.0,185.0,193.0
2003-04-22,196.0,196.0,190.0,193.0
2003-04-23,194.0,194.0,190.0,190.0
2003-04-24,191.0,192.0,191.0,191.0
2003-04-25,193.0,194.0,185.0,185.0
2003-04-28,190.0,190.0,187.0,187.0
2003-04-29,187.0,187.0,187.0,187.0
2003-04-30,189.0,189.0,185.0,185.0
2003-05-01,185.0,185.0,183.0,184.0
2003-05-02,184.0,184.0,182.0,183.0
2003-05-05,183.0,183.0,183.0,183.0
2003-05-06,184.0,188.0,184.0,187.0
2003-05-07,188.0,189.0,187.0,188.0
2003-05-08,191.0,191.0,188.0,188.0
2003-05-09,189.0,189.0,186.0,188.0
2003-05-12,191.0,192.0,189.0,189.0
2003-05-13,190.0,195.0,185.0,190.0
2003-05-14,190.0,194.0,190.0,190.0
2003-05-15,190.0,190.0,186.0,187.0
2003-05-16,183.0,187.0,183.0,187.0
2003-05-19,190.0,190.0,185.0,185.0
2003-05-20,182.0,183.0,181.0,182.0
2003-05-21,182.0,185.0,182.0,182.0
2003-05-22,183.0,186.0,183.0,186.0
2003-05-23,182.0,184.0,182.0,183.0
2003-05-26,181.0,185.0,181.0,184.0
2003-05-27,181.0,184.0,179.0,179.0
2003-05-28,181.0,182.0,180.0,182.0
2003-05-29,184.0,184.0,179.0,181.0
2003-05-30,184.0,184.0,180.0,183.0
2003-06-02,182.0,186.0,182.0,185.0
2003-06-03,188.0,190.0,188.0,189.0
2003-06-04,190.0,190.0,186.0,186.0
2003-06-05,188.0,190.0,188.0,189.0
2003-06-06,195.0,197.0,193.0,197.0
2003-06-09,211.0,216.0,207.0,216.0
2003-06-10,215.0,215.0,210.0,213.0
2003-06-11,215.0,225.0,215.0,220.0
2003-06-12,224.0,225.0,211.0,211.0
2003-06-13,201.0,207.0,201.0,203.0
2003-06-16,204.0,204.0,199.0,203.0
2003-06-17,208.0,210.0,204.0,205.0
2003-06-18,202.0,206.0,202.0,202.0
2003-06-19,209.0,209.0,195.0,204.0
2003-06-20,201.0,202.0,200.0,201.0
2003-06-23,204.0,207.0,204.0,207.0
2003-06-24,209.0,209.0,204.0,205.0
2003-06-25,206.0,206.0,205.0,205.0
2003-06-26,205.0,205.0,200.0,203.0
2003-06-27,204.0,208.0,204.0,207.0
2003-06-30,214.0,214.0,208.0,211.0
2003-07-01,214.0,227.0,213.0,224.0
2003-07-02,244.0,259.0,239.0,259.0
2003-07-03,280.0,281.0,242.0,242.0
2003-07-04,232.0,255.0,230.0,254.0
2003-07-07,254.0,274.0,254.0,274.0
2003-07-08,294.0,294.0,278.0,278.0
2003-07-09,276.0,278.0,254.0,272.0
2003-07-10,264.0,275.0,261.0,264.0
2003-07-11,254.0,255.0,246.0,247.0
2003-07-14,252.0,252.0,238.0,239.0
2003-07-15,249.0,265.0,246.0,248.0
2003-07-16,244.0,246.0,240.0,242.0
2003-07-17,232.0,237.0,225.0,229.0
2003-07-18,224.0,230.0,218.0,225.0
2003-07-21,225.0,225.0,225.0,225.0
2003-07-22,224.0,225.0,220.0,221.0
2003-07-23,225.0,238.0,225.0,238.0
2003-07-24,242.0,246.0,241.0,241.0
2003-07-25,243.0,243.0,236.0,238.0
2003-07-28,252.0,252.0,238.0,245.0
2003-07-29,240.0,243.0,235.0,235.0
2003-07-30,232.0,234.0,225.0,225.0
2003-07-31,227.0,228.0,221.0,221.0
2003-08-01,228.0,228.0,219.0,221.0
2003-08-04,220.0,220.0,217.0,218.0
2003-08-05,216.0,216.0,204.0,206.0
2003-08-06,201.0,206.0,200.0,205.0
2003-08-07,205.0,207.0,203.0,203.0
2003-08-08,202.0,204.0,201.0,203.0
2003-08-11,208.0,209.0,204.0,207.0
2003-08-12,211.0,216.0,209.0,213.0
2003-08-13,221.0,226.0,218.0,224.0
2003-08-14,225.0,228.0,218.0,228.0
2003-08-15,226.0,226.0,226.0,226.0
2003-08-18,244.0,244.0,232.0,239.0
2003-08-19,254.0,255.0,247.0,249.0
2003-08-20,248.0,249.0,239.0,245.0
2003-08-21,241.0,250.0,241.0,250.0
2003-08-22,249.0,249.0,240.0,243.0
2003-08-25,240.0,243.0,234.0,234.0
2003-08-26,228.0,240.0,228.0,238.0
2003-08-27,239.0,244.0,233.0,233.0
2003-08-28,241.0,241.0,233.0,234.0
2003-08-29,239.0,239.0,232.0,235.0
2003-09-01,240.0,249.0,237.0,249.0
2003-09-02,254.0,255.0,245.0,248.0
2003-09-03,257.0,257.0,248.0,249.0
2003-09-04,250.0,251.0,247.0,247.0
2003-09-05,249.0,250.0,241.0,241.0
2003-09-08,240.0,248.0,238.0,247.0
2003-09-09,249.0,253.0,249.0,251.0
2003-09-10,252.0,254.0,251.0,252.0
2003-09-11,246.0,250.0,242.0,244.0
2003-09-12,254.0,254.0,248.0,252.0
2003-09-15,252.0,252.0,252.0,252.0
2003-09-16,254.0,260.0,250.0,257.0
2003-09-17,270.0,275.0,262.0,267.0
2003-09-18,265.0,272.0,263.0,269.0
2003-09-19,274.0,276.0,266.0,272.0
2003-09-22,267.0,267.0,262.0,265.0
2003-09-23,265.0,265.0,265.0,265.0
2003-09-24,259.0,264.0,253.0,254.0
2003-09-25,247.0,250.0,238.0,242.0
2003-09-26,237.0,252.0,237.0,248.0
2003-09-29,253.0,253.0,249.0,250.0
2003-09-30,253.0,257.0,251.0,255.0
2003-10-01,256.0,258.0,253.0,258.0
2003-10-02,278.0,278.0,269.0,277.0
2003-10-03,280.0,285.0,271.0,275.0
2003-10-06,281.0,284.0,278.0,279.0
2003-10-07,280.0,280.0,270.0,273.0
2003-10-08,269.0,270.0,267.0,268.0
2003-10-09,267.0,270.0,262.0,265.0
2003-10-10,268.0,279.0,265.0,279.0
2003-10-13,279.0,279.0,279.0,279.0
2003-10-14,289.0,290.0,283.0,286.0
2003-10-15,295.0,296.0,287.0,296.0
2003-10-16,300.0,330.0,300.0,326.0
2003-10-17,340.0,349.0,337.0,347.0
2003-10-20,362.0,415.0,352.0,392.0
2003-10-21,410.0,411.0,360.0,372.0
2003-10-22,353.0,358.0,341.0,349.0
2003-10-23,319.0,334.0,312.0,313.0
2003-10-24,330.0,343.0,316.0,325.0
2003-10-27,316.0,323.0,309.0,315.0
2003-10-28,315.0,339.0,314.0,324.0
2003-10-29,344.0,345.0,324.0,324.0
2003-10-30,325.0,325.0,314.0,316.0
2003-10-31,313.0,315.0,298.0,300.0
2003-11-03,300.0,300.0,300.0,300.0
2003-11-04,312.0,323.0,304.0,306.0
2003-11-05,305.0,305.0,300.0,303.0
2003-11-06,295.0,299.0,291.0,292.0
2003-11-07,287.0,300.0,287.0,293.0
2003-11-10,298.0,298.0,281.0,282.0
2003-11-11,272.0,273.0,255.0,265.0
2003-11-12,260.0,275.0,260.0,263.0
2003-11-13,278.0,282.0,269.0,269.0
2003-11-14,273.0,275.0,269.0,272.0
2003-11-17,262.0,262.0,243.0,243.0
2003-11-18,228.0,260.0,226.0,260.0
2003-11-19,245.0,258.0,236.0,256.0
2003-11-20,260.0,265.0,255.0,261.0
2003-11-21,258.0,261.0,252.0,258.0
2003-11-24,258.0,258.0,258.0,258.0
2003-11-25,269.0,276.0,265.0,269.0
2003-11-26,273.0,273.0,267.0,270.0
2003-11-27,275.0,275.0,270.0,270.0
2003-11-28,270.0,270.0,261.0,263.0
2003-12-01,248.0,268.0,240.0,266.0
2003-12-02,274.0,275.0,267.0,268.0
2003-12-03,267.0,270.0,259.0,268.0
2003-12-04,267.0,271.0,263.0,268.0
2003-12-05,268.0,270.0,261.0,264.0
2003-12-08,263.0,263.0,255.0,260.0
2003-12-09,265.0,265.0,255.0,264.0
2003-12-10,260.0,263.0,254.0,259.0
2003-12-11,261.0,261.0,251.0,251.0
2003-12-12,260.0,261.0,254.0,255.0
2003-12-15,265.0,273.0,262.0,272.0
2003-12-16,263.0,266.0,260.0,260.0
2003-12-17,261.0,261.0,253.0,258.0
2003-12-18,252.0,256.0,251.0,254.0
2003-12-19,259.0,259.0,252.0,253.0
2003-12-22,255.0,257.0,251.0,253.0
2003-12-23,253.0,253.0,253.0,253.0
2003-12-24,253.0,256.0,247.0,249.0
2003-12-25,247.0,247.0,241.0,245.0
2003-12-26,246.0,250.0,246.0,250.0
2003-12-29,252.0,270.0,252.0,264.0
2003-12-30,270.0,273.0,262.0,269.0
2003-12-31,269.0,269.0,269.0,269.0
2004-01-01,269.0,269.0,269.0,269.0
2004-01-02,269.0,269.0,269.0,269.0
2004-01-05,282.0,284.0,277.0,277.0
2004-01-06,285.0,285.0,271.0,274.0
2004-01-07,271.0,273.0,268.0,272.0
2004-01-08,277.0,280.0,274.0,276.0
2004-01-09,283.0,283.0,277.0,280.0
2004-01-12,280.0,280.0,280.0,280.0
2004-01-13,281.0,285.0,277.0,280.0
2004-01-14,277.0,282.0,275.0,281.0
2004-01-15,281.0,282.0,274.0,274.0
2004-01-16,274.0,279.0,274.0,279.0
2004-01-19,284.0,309.0,282.0,305.0
2004-01-20,315.0,315.0,297.0,304.0
2004-01-21,295.0,310.0,295.0,300.0
2004-01-22,305.0,310.0,300.0,303.0
2004-01-23,294.0,303.0,285.0,301.0
2004-01-26,298.0,300.0,294.0,296.0
2004-01-27,298.0,300.0,294.0,294.0
2004-01-28,287.0,289.0,284.0,286.0
2004-01-29,275.0,278.0,274.0,276.0
2004-01-30,276.0,282.0,275.0,277.0
2004-02-02,271.0,279.0,271.0,273.0
2004-02-03,271.0,271.0,265.0,269.0
2004-02-04,268.0,270.0,261.0,261.0
2004-02-05,257.0,267.0,257.0,263.0
2004-02-06,265.0,265.0,262.0,263.0
2004-02-09,266.0,270.0,264.0,264.0
2004-02-10,264.0,265.0,258.0,261.0
2004-02-11,261.0,261.0,261.0,261.0
2004-02-12,263.0,270.0,263.0,263.0
2004-02-13,265.0,266.0,263.0,263.0
2004-02-16,265.0,269.0,265.0,266.0
2004-02-17,268.0,270.0,267.0,269.0
2004-02-18,272.0,274.0,266.0,268.0
2004-02-19,267.0,270.0,265.0,267.0
2004-02-20,266.0,266.0,264.0,265.0
2004-02-23,265.0,268.0,265.0,268.0
2004-02-24,269.0,269.0,260.0,260.0
2004-02-25,260.0,262.0,252.0,256.0
2004-02-26,257.0,260.0,257.0,260.0
2004-02-27,261.0,272.0,261.0,271.0
2004-03-01,281.0,291.0,281.0,290.0
2004-03-02,304.0,304.0,290.0,295.0
2004-03-03,290.0,297.0,290.0,295.0
2004-03-04,297.0,309.0,296.0,309.0
2004-03-05,310.0,313.0,298.0,305.0
2004-03-08,312.0,316.0,307.0,307.0
2004-03-09,305.0,327.0,304.0,327.0
2004-03-10,325.0,334.0,320.0,325.0
2004-03-11,315.0,335.0,314.0,334.0
2004-03-12,325.0,330.0,323.0,327.0
2004-03-15,357.0,376.0,353.0,376.0
2004-03-16,372.0,384.0,367.0,374.0
2004-03-17,379.0,380.0,372.0,378.0
2004-03-18,388.0,390.0,370.0,372.0
2004-03-19,365.0,378.0,358.0,373.0
2004-03-22,378.0,382.0,375.0,380.0
2004-03-23,375.0,379.0,371.0,379.0
2004-03-24,383.0,386.0,380.0,386.0
2004-03-25,395.0,395.0,386.0,395.0
2004-03-26,395.0,397.0,386.0,390.0
2004-03-29,394.0,394.0,386.0,386.0
2004-03-30,388.0,389.0,374.0,380.0
2004-03-31,378.0,382.0,372.0,380.0
2004-04-01,380.0,385.0,375.0,382.0
2004-04-02,380.0,383.0,378.0,380.0
2004-04-05,386.0,394.0,384.0,390.0
2004-04-06,395.0,400.0,390.0,400.0
2004-04-07,400.0,413.0,396.0,410.0
2004-04-08,413.0,418.0,405.0,415.0
2004-04-09,406.0,408.0,391.0,394.0
2004-04-12,398.0,415.0,398.0,409.0
2004-04-13,417.0,433.0,412.0,426.0
2004-04-14,423.0,448.0,421.0,446.0
2004-04-15,455.0,478.0,431.0,448.0
2004-04-16,453.0,457.0,421.0,439.0
2004-04-19,431.0,437.0,406.0,420.0
2004-04-20,425.0,430.0,416.0,430.0
2004-04-21,426.0,437.0,416.0,434.0
2004-04-22,439.0,439.0,427.0,427.0
2004-04-23,431.0,433.0,420.0,424.0
2004-04-26,425.0,427.0,411.0,415.0
2004-04-27,411.0,415.0,404.0,411.0
2004-04-28,412.0,425.0,412.0,418.0
2004-04-29,418.0,418.0,418.0,418.0
2004-04-30,403.0,413.0,402.0,413.0
2004-05-03,413.0,413.0,413.0,413.0
2004-05-04,413.0,413.0,413.0,413.0
2004-05-05,413.0,413.0,413.0,413.0
2004-05-06,408.0,417.0,399.0,399.0
2004-05-07,384.0,395.0,384.0,390.0
2004-05-10,365.0,375.0,340.0,344.0
2004-05-11,329.0,350.0,329.0,341.0
2004-05-12,356.0,365.0,348.0,360.0
2004-05-13,365.0,365.0,355.0,356.0
2004-05-14,351.0,360.0,342.0,344.0
2004-05-17,329.0,329.0,312.0,315.0
2004-05-18,310.0,339.0,310.0,334.0
2004-05-19,348.0,364.0,340.0,359.0
2004-05-20,355.0,368.0,341.0,356.0
2004-05-21,358.0,368.0,357.0,368.0
2004-05-24,373.0,375.0,368.0,370.0
2004-05-25,368.0,368.0,355.0,365.0
2004-05-26,374.0,374.0,363.0,364.0
2004-05-27,362.0,365.0,358.0,359.0
2004-05-28,359.0,365.0,357.0,365.0
2004-05-31,361.0,361.0,352.0,357.0
2004-06-01,359.0,361.0,355.0,357.0
2004-06-02,347.0,355.0,346.0,346.0
2004-06-03,346.0,348.0,337.0,337.0
2004-06-04,335.0,341.0,327.0,336.0
2004-06-07,346.0,355.0,345.0,349.0
2004-06-08,359.0,365.0,353.0,354.0
2004-06-09,354.0,362.0,353.0,360.0
2004-06-10,355.0,368.0,355.0,367.0
2004-06-11,368.0,370.0,365.0,366.0
2004-06-14,370.0,379.0,369.0,370.0
2004-06-15,370.0,370.0,362.0,362.0
2004-06-16,372.0,377.0,370.0,374.0
2004-06-17,379.0,379.0,375.0,378.0
2004-06-18,376.0,377.0,363.0,367.0
2004-06-21,363.0,377.0,363.0,368.0
2004-06-22,363.0,365.0,359.0,363.0
2004-06-23,364.0,367.0,353.0,357.0
2004-06-24,361.0,368.0,361.0,366.0
2004-06-25,369.0,370.0,362.0,367.0
2004-06-28,375.0,382.0,372.0,382.0
2004-06-29,384.0,384.0,378.0,381.0
2004-06-30,381.0,381.0,376.0,381.0
2004-07-01,386.0,388.0,379.0,379.0
2004-07-02,371.0,375.0,371.0,373.0
2004-07-05,368.0,369.0,359.0,363.0
2004-07-06,360.0,367.0,355.0,356.0
2004-07-07,351.0,355.0,342.0,353.0
2004-07-08,358.0,360.0,350.0,351.0
2004-07-09,351.0,359.0,350.0,359.0
2004-07-12,361.0,366.0,361.0,365.0
2004-07-13,367.0,367.0,360.0,363.0
2004-07-14,368.0,373.0,358.0,358.0
2004-07-15,363.0,363.0,355.0,357.0
2004-07-16,350.0,360.0,347.0,354.0
2004-07-19,354.0,354.0,354.0,354.0
2004-07-20,352.0,352.0,346.0,347.0
2004-07-21,357.0,357.0,346.0,349.0
2004-07-22,343.0,349.0,343.0,346.0
2004-07-23,347.0,347.0,340.0,340.0
2004-07-26,335.0,342.0,335.0,336.0
2004-07-27,336.0,337.0,323.0,330.0
2004-07-28,340.0,340.0,335.0,336.0
2004-07-29,333.0,335.0,328.0,330.0
2004-07-30,333.0,341.0,333.0,338.0
2004-08-02,342.0,346.0,341.0,343.0
2004-08-03,344.0,345.0,333.0,334.0
2004-08-04,333.0,333.0,318.0,333.0
2004-08-05,330.0,335.0,324.0,332.0
2004-08-06,326.0,330.0,323.0,327.0
2004-08-09,317.0,324.0,313.0,321.0
2004-08-10,326.0,338.0,321.0,328.0
2004-08-11,338.0,344.0,337.0,339.0
2004-08-12,337.0,345.0,337.0,340.0
2004-08-13,335.0,336.0,325.0,327.0
2004-08-16,327.0,328.0,318.0,320.0
2004-08-17,329.0,329.0,322.0,324.0
2004-08-18,324.0,324.0,318.0,321.0
2004-08-19,325.0,331.0,325.0,331.0
2004-08-20,330.0,332.0,328.0,330.0
2004-08-23,334.0,337.0,333.0,333.0
2004-08-24,330.0,333.0,325.0,325.0
2004-08-25,326.0,337.0,325.0,337.0
2004-08-26,342.0,345.0,339.0,339.0
2004-08-27,341.0,343.0,337.0,343.0
2004-08-30,343.0,343.0,340.0,342.0
2004-08-31,338.0,342.0,334.0,339.0
2004-09-01,338.0,340.0,336.0,339.0
2004-09-02,340.0,340.0,331.0,332.0
2004-09-03,335.0,335.0,330.0,330.0
2004-09-06,330.0,336.0,323.0,330.0
2004-09-07,335.0,335.0,327.0,329.0
2004-09-08,333.0,334.0,331.0,332.0
2004-09-09,333.0,333.0,330.0,331.0
2004-09-10,328.0,328.0,324.0,325.0
2004-09-13,325.0,330.0,322.0,329.0
2004-09-14,328.0,329.0,325.0,326.0
2004-09-15,324.0,326.0,320.0,321.0
2004-09-16,320.0,321.0,318.0,319.0
2004-09-17,316.0,319.0,315.0,317.0
2004-09-20,317.0,317.0,317.0,317.0
2004-09-21,317.0,317.0,312.0,313.0
2004-09-22,317.0,317.0,308.0,312.0
2004-09-23,312.0,312.0,312.0,312.0
2004-09-24,302.0,307.0,297.0,304.0
2004-09-27,301.0,302.0,297.0,300.0
2004-09-28,292.0,296.0,290.0,295.0
2004-09-29,300.0,303.0,295.0,303.0
2004-09-30,303.0,312.0,300.0,306.0
2004-10-01,307.0,313.0,306.0,312.0
2004-10-04,320.0,321.0,316.0,319.0
2004-10-05,320.0,320.0,315.0,317.0
2004-10-06,313.0,320.0,313.0,320.0
2004-10-07,321.0,322.0,317.0,319.0
2004-10-08,314.0,316.0,314.0,315.0
2004-10-11,315.0,315.0,315.0,315.0
2004-10-12,314.0,316.0,300.0,307.0
2004-10-13,306.0,308.0,303.0,304.0
2004-10-14,303.0,303.0,297.0,301.0
2004-10-15,292.0,298.0,292.0,293.0
2004-10-18,297.0,300.0,295.0,296.0
2004-10-19,299.0,302.0,297.0,299.0
2004-10-20,299.0,300.0,296.0,299.0
2004-10-21,299.0,301.0,292.0,292.0
2004-10-22,293.0,296.0,292.0,293.0
2004-10-25,290.0,290.0,285.0,287.0
2004-10-26,289.0,289.0,285.0,289.0
2004-10-27,288.0,292.0,287.0,288.0
2004-10-28,303.0,303.0,299.0,302.0
2004-10-29,300.0,301.0,295.0,300.0
2004-11-01,297.0,298.0,290.0,294.0
2004-11-02,293.0,301.0,293.0,301.0
2004-11-03,301.0,301.0,301.0,301.0
2004-11-04,311.0,315.0,306.0,309.0
2004-11-05,312.0,314.0,307.0,311.0
2004-11-08,310.0,311.0,307.0,308.0
2004-11-09,306.0,307.0,303.0,305.0
2004-11-10,302.0,309.0,302.0,309.0
2004-11-11,310.0,310.0,306.0,309.0
2004-11-12,304.0,310.0,300.0,309.0
2004-11-15,310.0,322.0,310.0,322.0
2004-11-16,322.0,322.0,318.0,319.0
2004-11-17,319.0,321.0,316.0,318.0
2004-11-18,319.0,324.0,317.0,318.0
2004-11-19,320.0,323.0,318.0,319.0
2004-11-22,313.0,313.0,307.0,309.0
2004-11-23,309.0,309.0,309.0,309.0
2004-11-24,306.0,310.0,305.0,308.0
2004-11-25,308.0,308.0,305.0,307.0
2004-11-26,302.0,307.0,302.0,304.0
2004-11-29,303.0,311.0,303.0,308.0
2004-11-30,308.0,310.0,306.0,310.0
2004-12-01,307.0,310.0,304.0,310.0
2004-12-02,312.0,314.0,309.0,314.0
2004-12-03,315.0,319.0,315.0,319.0
2004-12-06,319.0,321.0,318.0,321.0
2004-12-07,319.0,321.0,318.0,321.0
2004-12-08,316.0,317.0,310.0,313.0
2004-12-09,315.0,315.0,306.0,312.0
2004-12-10,317.0,317.0,307.0,307.0
2004-12-13,304.0,310.0,304.0,306.0
2004-12-14,310.0,314.0,302.0,313.0
2004-12-15,315.0,315.0,309.0,315.0
2004-12-16,314.0,316.0,313.0,315.0
2004-12-17,310.0,316.0,310.0,314.0
2004-12-20,314.0,316.0,311.0,316.0
2004-12-21,317.0,322.0,316.0,321.0
2004-12-22,323.0,332.0,323.0,329.0
2004-12-23,329.0,329.0,329.0,329.0
2004-12-24,332.0,339.0,331.0,338.0
2004-12-27,343.0,344.0,336.0,340.0
2004-12-28,339.0,350.0,336.0,348.0
2004-12-29,358.0,358.0,352.0,353.0
2004-12-30,353.0,359.0,353.0,359.0
2004-12-31,359.0,359.0,359.0,359.0
2005-01-03,359.0,359.0,359.0,359.0
2005-01-04,350.0,357.0,348.0,357.0
2005-01-05,351.0,361.0,350.0,359.0
2005-01-06,355.0,386.0,355.0,383.0
2005-01-07,385.0,390.0,381.0,389.0
2005-01-10,389.0,389.0,389.0,389.0
2005-01-11,389.0,396.0,385.0,395.0
2005-01-12,390.0,395.0,386.0,390.0
2005-01-13,385.0,387.0,381.0,386.0
2005-01-14,381.0,396.0,377.0,391.0
2005-01-17,391.0,405.0,390.0,402.0
2005-01-18,400.0,407.0,399.0,403.0
2005-01-19,403.0,415.0,396.0,409.0
2005-01-20,404.0,423.0,401.0,417.0
2005-01-21,405.0,407.0,397.0,397.0
2005-01-24,392.0,410.0,388.0,408.0
2005-01-25,403.0,414.0,399.0,414.0
2005-01-26,411.0,418.0,411.0,416.0
2005-01-27,411.0,419.0,407.0,419.0
2005-01-28,409.0,416.0,409.0,416.0
2005-01-31,409.0,413.0,407.0,411.0
2005-02-01,414.0,418.0,410.0,417.0
2005-02-02,418.0,419.0,414.0,415.0
2005-02-03,415.0,418.0,414.0,418.0
2005-02-04,414.0,416.0,413.0,413.0
2005-02-07,412.0,416.0,411.0,416.0
2005-02-08,414.0,436.0,414.0,426.0
2005-02-09,430.0,446.0,427.0,439.0
2005-02-10,444.0,450.0,443.0,449.0
2005-02-11,449.0,449.0,449.0,449.0
2005-02-14,458.0,490.0,458.0,476.0
2005-02-15,474.0,476.0,458.0,468.0
2005-02-16,460.0,466.0,450.0,453.0
2005-02-17,450.0,458.0,439.0,453.0
2005-02-18,452.0,487.0,447.0,470.0
2005-02-21,480.0,488.0,470.0,479.0
2005-02-22,474.0,478.0,472.0,474.0
2005-02-23,463.0,483.0,463.0,473.0
2005-02-24,476.0,478.0,467.0,468.0
2005-02-25,472.0,484.0,472.0,480.0
2005-02-28,483.0,488.0,480.0,480.0
2005-03-01,480.0,482.0,475.0,480.0
2005-03-02,482.0,490.0,481.0,490.0
2005-03-03,495.0,500.0,492.0,497.0
2005-03-04,495.0,511.0,490.0,510.0
2005-03-07,513.0,523.0,506.0,510.0
2005-03-08,508.0,516.0,505.0,508.0
2005-03-09,507.0,516.0,507.0,515.0
2005-03-10,511.0,518.0,509.0,510.0
2005-03-11,510.0,533.0,510.0,529.0
2005-03-14,539.0,569.0,537.0,564.0
2005-03-15,614.0,614.0,550.0,582.0
2005-03-16,562.0,579.0,562.0,574.0
2005-03-17,556.0,575.0,556.0,569.0
2005-03-18,572.0,579.0,562.0,574.0
2005-03-21,574.0,574.0,574.0,574.0
2005-03-22,589.0,635.0,585.0,625.0
2005-03-23,615.0,622.0,605.0,610.0
2005-03-24,615.0,630.0,615.0,621.0
2005-03-25,624.0,626.0,610.0,618.0
2005-03-28,598.0,598.0,570.0,581.0
2005-03-29,566.0,570.0,523.0,535.0
2005-03-30,525.0,532.0,509.0,528.0
2005-03-31,511.0,515.0,480.0,500.0
2005-04-01,499.0,505.0,491.0,504.0
2005-04-04,501.0,501.0,491.0,495.0
2005-04-05,496.0,500.0,492.0,498.0
2005-04-06,500.0,504.0,485.0,485.0
2005-04-07,485.0,485.0,476.0,484.0
2005-04-08,487.0,493.0,486.0,489.0
2005-04-11,493.0,498.0,482.0,482.0
2005-04-12,485.0,487.0,481.0,481.0
2005-04-13,480.0,481.0,464.0,473.0
2005-04-14,462.0,473.0,455.0,469.0
2005-04-15,454.0,462.0,451.0,452.0
2005-04-18,432.0,435.0,413.0,424.0
2005-04-19,433.0,450.0,432.0,447.0
2005-04-20,460.0,465.0,441.0,443.0
2005-04-21,423.0,440.0,423.0,438.0
2005-04-22,453.0,457.0,451.0,453.0
2005-04-25,458.0,460.0,454.0,455.0
2005-04-26,460.0,460.0,450.0,455.0
2005-04-27,450.0,458.0,450.0,457.0
2005-04-28,456.0,460.0,450.0,450.0
2005-04-29,450.0,450.0,450.0,450.0
2005-05-02,448.0,457.0,448.0,454.0
2005-05-03,454.0,454.0,454.0,454.0
2005-05-04,454.0,454.0,454.0,454.0
2005-05-05,454.0,454.0,454.0,454.0
2005-05-06,459.0,470.0,455.0,466.0
2005-05-09,468.0,473.0,465.0,467.0
2005-05-10,472.0,472.0,462.0,464.0
2005-05-11,466.0,466.0,457.0,464.0
2005-05-12,467.0,467.0,458.0,459.0
2005-05-13,456.0,459.0,453.0,454.0
2005-05-16,455.0,455.0,441.0,444.0
2005-05-17,444.0,448.0,430.0,430.0
2005-05-18,431.0,437.0,430.0,431.0
2005-05-19,442.0,450.0,441.0,448.0
2005-05-20,453.0,455.0,443.0,443.0
2005-05-23,439.0,448.0,439.0,441.0
2005-05-24,446.0,446.0,442.0,444.0
2005-05-25,442.0,446.0,436.0,437.0
2005-05-26,430.0,435.0,429.0,431.0
2005-05-27,430.0,441.0,430.0,437.0
2005-05-30,440.0,456.0,439.0,451.0
2005-05-31,456.0,471.0,451.0,470.0
2005-06-01,474.0,485.0,469.0,470.0
2005-06-02,475.0,480.0,465.0,468.0
2005-06-03,466.0,475.0,466.0,475.0
2005-06-06,472.0,474.0,466.0,473.0
2005-06-07,474.0,479.0,472.0,476.0
2005-06-08,476.0,478.0,475.0,476.0
2005-06-09,477.0,477.0,466.0,468.0
2005-06-10,466.0,474.0,463.0,467.0
2005-06-13,471.0,471.0,466.0,467.0
2005-06-14,464.0,466.0,462.0,465.0
2005-06-15,467.0,468.0,457.0,462.0
2005-06-16,463.0,475.0,463.0,475.0
2005-06-17,479.0,479.0,474.0,479.0
2005-06-20,474.0,480.0,474.0,478.0
2005-06-21,473.0,486.0,473.0,482.0
2005-06-22,482.0,482.0,478.0,482.0
2005-06-23,483.0,483.0,478.0,483.0
2005-06-24,473.0,481.0,473.0,479.0
2005-06-27,469.0,470.0,466.0,469.0
2005-06-28,465.0,474.0,465.0,473.0
2005-06-29,473.0,485.0,473.0,482.0
2005-06-30,480.0,484.0,480.0,483.0
2005-07-01,483.0,487.0,482.0,485.0
2005-07-04,488.0,488.0,486.0,488.0
2005-07-05,488.0,488.0,482.0,485.0
2005-07-06,486.0,490.0,482.0,485.0
2005-07-07,481.0,481.0,473.0,473.0
2005-07-08,474.0,478.0,473.0,474.0
2005-07-11,479.0,484.0,474.0,474.0
2005-07-12,479.0,479.0,474.0,475.0
2005-07-13,476.0,476.0,468.0,474.0
2005-07-14,478.0,480.0,477.0,478.0
2005-07-15,480.0,480.0,475.0,479.0
2005-07-18,479.0,479.0,479.0,479.0
2005-07-19,480.0,480.0,476.0,477.0
2005-07-20,478.0,483.0,470.0,480.0
2005-07-21,481.0,483.0,477.0,477.0
2005-07-22,475.0,477.0,468.0,471.0
2005-07-25,472.0,474.0,470.0,471.0
2005-07-26,468.0,469.0,456.0,457.0
2005-07-27,452.0,457.0,452.0,455.0
2005-07-28,463.0,465.0,456.0,457.0
2005-07-29,455.0,466.0,455.0,459.0
2005-08-01,455.0,460.0,455.0,455.0
2005-08-02,454.0,455.0,453.0,454.0
2005-08-03,456.0,463.0,456.0,460.0
2005-08-04,459.0,461.0,454.0,459.0
2005-08-05,458.0,458.0,453.0,453.0
2005-08-08,450.0,452.0,445.0,451.0
2005-08-09,451.0,459.0,449.0,458.0
2005-08-10,462.0,500.0,462.0,500.0
2005-08-11,515.0,517.0,502.0,510.0
2005-08-12,512.0,513.0,496.0,501.0
2005-08-15,506.0,514.0,500.0,511.0
2005-08-16,512.0,512.0,504.0,508.0
2005-08-17,501.0,513.0,501.0,501.0
2005-08-18,509.0,509.0,498.0,498.0
2005-08-19,502.0,502.0,496.0,497.0
2005-08-22,495.0,510.0,495.0,510.0
2005-08-23,519.0,520.0,508.0,510.0
2005-08-24,508.0,514.0,503.0,514.0
2005-08-25,510.0,513.0,504.0,506.0
2005-08-26,506.0,506.0,500.0,501.0
2005-08-29,496.0,507.0,483.0,489.0
2005-08-30,499.0,499.0,488.0,495.0
2005-08-31,490.0,495.0,490.0,490.0
2005-09-01,492.0,501.0,491.0,491.0
2005-09-02,488.0,491.0,483.0,484.0
2005-09-05,485.0,489.0,482.0,488.0
2005-09-06,489.0,492.0,480.0,480.0
2005-09-07,482.0,488.0,474.0,476.0
2005-09-08,478.0,478.0,472.0,475.0
2005-09-09,475.0,483.0,471.0,483.0
2005-09-12,500.0,503.0,488.0,490.0
2005-09-13,491.0,506.0,489.0,502.0
2005-09-14,503.0,503.0,494.0,495.0
2005-09-15,490.0,503.0,487.0,501.0
2005-09-16,504.0,506.0,497.0,505.0
2005-09-19,505.0,505.0,505.0,505.0
2005-09-20,513.0,518.0,508.0,517.0
2005-09-21,517.0,525.0,513.0,525.0
2005-09-22,517.0,518.0,507.0,512.0
2005-09-23,512.0,512.0,512.0,512.0
2005-09-26,515.0,525.0,515.0,524.0
2005-09-27,530.0,530.0,517.0,517.0
2005-09-28,518.0,527.0,517.0,526.0
2005-09-29,534.0,550.0,520.0,547.0
2005-09-30,607.0,647.0,602.0,624.0
2005-10-03,584.0,612.0,582.0,610.0
2005-10-04,607.0,613.0,602.0,609.0
2005-10-05,599.0,599.0,572.0,577.0
2005-10-06,555.0,570.0,554.0,558.0
2005-10-07,558.0,577.0,553.0,568.0
2005-10-10,568.0,568.0,568.0,568.0
2005-10-11,573.0,595.0,572.0,594.0
2005-10-12,596.0,607.0,588.0,595.0
2005-10-13,590.0,593.0,583.0,584.0
2005-10-14,584.0,590.0,564.0,572.0
2005-10-17,577.0,586.0,557.0,560.0
2005-10-18,563.0,569.0,550.0,552.0
2005-10-19,550.0,552.0,532.0,539.0
2005-10-20,551.0,551.0,534.0,537.0
2005-10-21,533.0,544.0,521.0,543.0
2005-10-24,552.0,555.0,539.0,542.0
2005-10-25,537.0,549.0,531.0,533.0
2005-10-26,540.0,580.0,537.0,576.0
2005-10-27,580.0,595.0,576.0,588.0
2005-10-28,585.0,588.0,562.0,564.0
2005-10-31,573.0,584.0,570.0,575.0
2005-11-01,592.0,617.0,585.0,615.0
2005-11-02,609.0,614.0,600.0,606.0
2005-11-03,606.0,606.0,606.0,606.0
2005-11-04,615.0,625.0,607.0,623.0
2005-11-07,640.0,645.0,627.0,644.0
2005-11-08,646.0,660.0,624.0,638.0
2005-11-09,626.0,637.0,622.0,623.0
2005-11-10,620.0,625.0,589.0,599.0
2005-11-11,614.0,630.0,612.0,620.0
2005-11-14,630.0,630.0,604.0,604.0
2005-11-15,605.0,613.0,592.0,602.0
2005-11-16,582.0,610.0,581.0,608.0
2005-11-17,608.0,635.0,608.0,634.0
2005-11-18,640.0,649.0,636.0,639.0
2005-11-21,650.0,653.0,632.0,634.0
2005-11-22,635.0,648.0,635.0,643.0
2005-11-23,643.0,643.0,643.0,643.0
2005-11-24,655.0,662.0,647.0,648.0
2005-11-25,640.0,659.0,636.0,657.0
2005-11-28,667.0,677.0,651.0,672.0
2005-11-29,675.0,676.0,664.0,664.0
2005-11-30,664.0,670.0,657.0,658.0
2005-12-01,649.0,706.0,649.0,699.0
2005-12-02,719.0,748.0,709.0,742.0
2005-12-05,752.0,830.0,752.0,810.0
2005-12-06,800.0,840.0,792.0,825.0
2005-12-07,819.0,833.0,802.0,820.0
2005-12-08,801.0,811.0,770.0,782.0
2005-12-09,775.0,820.0,775.0,819.0
2005-12-12,826.0,848.0,825.0,840.0
2005-12-13,835.0,836.0,810.0,820.0
2005-12-14,830.0,840.0,812.0,813.0
2005-12-15,808.0,827.0,796.0,803.0
2005-12-16,779.0,813.0,775.0,796.0
2005-12-19,792.0,809.0,792.0,795.0
2005-12-20,803.0,848.0,801.0,835.0
2005-12-21,831.0,855.0,831.0,850.0
2005-12-22,860.0,871.0,842.0,865.0
2005-12-23,865.0,865.0,865.0,865.0
2005-12-26,879.0,928.0,875.0,912.0
2005-12-27,903.0,927.0,892.0,919.0
2005-12-28,909.0,940.0,909.0,940.0
2005-12-29,955.0,977.0,948.0,952.0
2005-12-30,948.0,950.0,924.0,948.0
2006-01-02,948.0,948.0,948.0,948.0
2006-01-03,948.0,948.0,948.0,948.0
2006-01-04,970.0,1018.0,966.0,994.0
2006-01-05,1000.0,1000.0,972.0,992.0
2006-01-06,990.0,990.0,965.0,979.0
2006-01-09,979.0,979.0,979.0,979.0
2006-01-10,950.0,960.0,935.0,939.0
2006-01-11,919.0,945.0,910.0,932.0
2006-01-12,949.0,967.0,944.0,967.0
2006-01-13,975.0,987.0,957.0,957.0
2006-01-16,958.0,967.0,935.0,950.0
2006-01-17,932.0,958.0,910.0,910.0
2006-01-18,850.0,851.0,810.0,827.0
2006-01-19,809.0,905.0,809.0,894.0
2006-01-20,914.0,914.0,852.0,878.0
2006-01-23,838.0,890.0,835.0,858.0
2006-01-24,858.0,901.0,858.0,890.0
2006-01-25,899.0,980.0,881.0,965.0
2006-01-26,966.0,1018.0,960.0,1015.0
2006-01-27,1050.0,1088.0,1005.0,1016.0
2006-01-30,1050.0,1059.0,1030.0,1046.0
2006-01-31,1046.0,1065.0,1040.0,1054.0
2006-02-01,1049.0,1060.0,1021.0,1023.0
2006-02-02,1025.0,1040.0,982.0,998.0
2006-02-03,985.0,1015.0,983.0,1006.0
2006-02-06,1008.0,1035.0,996.0,1032.0
2006-02-07,1045.0,1054.0,1037.0,1047.0
2006-02-08,1042.0,1043.0,989.0,997.0
2006-02-09,1044.0,1044.0,996.0,1005.0
2006-02-10,996.0,1003.0,933.0,973.0
2006-02-13,934.0,950.0,890.0,895.0
2006-02-14,885.0,939.0,852.0,938.0
2006-02-15,952.0,965.0,919.0,929.0
2006-02-16,923.0,946.0,901.0,922.0
2006-02-17,913.0,927.0,856.0,868.0
2006-02-20,838.0,860.0,820.0,823.0
2006-02-21,860.0,923.0,860.0,923.0
2006-02-22,924.0,938.0,897.0,919.0
2006-02-23,945.0,958.0,937.0,949.0
2006-02-24,951.0,1015.0,940.0,996.0
2006-02-27,1006.0,1006.0,967.0,974.0
2006-02-28,985.0,985.0,936.0,955.0
2006-03-01,925.0,945.0,919.0,926.0
2006-03-02,946.0,947.0,906.0,912.0
2006-03-03,904.0,922.0,901.0,901.0
2006-03-06,900.0,928.0,891.0,921.0
2006-03-07,911.0,918.0,896.0,901.0
2006-03-08,898.0,910.0,892.0,893.0
2006-03-09,898.0,924.0,891.0,917.0
2006-03-10,907.0,932.0,907.0,919.0
2006-03-13,929.0,942.0,921.0,930.0
2006-03-14,930.0,935.0,912.0,917.0
2006-03-15,927.0,937.0,924.0,932.0
2006-03-16,944.0,988.0,944.0,982.0
2006-03-17,990.0,1047.0,984.0,1047.0
2006-03-20,1040.0,1080.0,1015.0,1079.0
2006-03-21,1079.0,1079.0,1079.0,1079.0
2006-03-22,1087.0,1087.0,1023.0,1057.0
2006-03-23,1060.0,1069.0,1002.0,1015.0
2006-03-24,1015.0,1035.0,1013.0,1027.0
2006-03-27,1018.0,1031.0,991.0,1011.0
2006-03-28,979.0,1010.0,979.0,1004.0
2006-03-29,990.0,1030.0,984.0,1028.0
2006-03-30,1028.0,1030.0,1013.0,1014.0
2006-03-31,1026.0,1047.0,1016.0,1044.0
2006-04-03,1040.0,1050.0,1035.0,1046.0
2006-04-04,1047.0,1050.0,1032.0,1040.0
2006-04-05,1051.0,1053.0,1022.0,1030.0
2006-04-06,1021.0,1040.0,1020.0,1023.0
2006-04-07,1020.0,1044.0,1009.0,1042.0
2006-04-10,1024.0,1043.0,1022.0,1039.0
2006-04-11,1031.0,1040.0,1017.0,1026.0
2006-04-12,1024.0,1036.0,1010.0,1016.0
2006-04-13,1016.0,1019.0,968.0,984.0
2006-04-14,994.0,1003.0,976.0,984.0
2006-04-17,979.0,979.0,952.0,957.0
2006-04-18,951.0,994.0,942.0,987.0
2006-04-19,993.0,1000.0,977.0,985.0
2006-04-20,987.0,993.0,970.0,982.0
2006-04-21,980.0,1006.0,980.0,992.0
2006-04-24,980.0,990.0,948.0,951.0
2006-04-25,956.0,995.0,955.0,986.0
2006-04-26,994.0,994.0,965.0,977.0
2006-04-27,982.0,1009.0,979.0,1005.0
2006-04-28,990.0,1005.0,966.0,978.0
2006-05-01,968.0,970.0,952.0,956.0
2006-05-02,951.0,975.0,951.0,969.0
2006-05-03,969.0,969.0,969.0,969.0
2006-05-04,969.0,969.0,969.0,969.0
2006-05-05,969.0,969.0,969.0,969.0
2006-05-08,979.0,993.0,976.0,989.0
2006-05-09,985.0,1008.0,979.0,997.0
2006-05-10,1003.0,1003.0,966.0,969.0
2006-05-11,979.0,982.0,965.0,972.0
2006-05-12,956.0,960.0,948.0,949.0
2006-05-15,935.0,937.0,925.0,930.0
2006-05-16,925.0,936.0,890.0,899.0
2006-05-17,906.0,910.0,876.0,894.0
2006-05-18,854.0,881.0,833.0,874.0
2006-05-19,862.0,901.0,850.0,899.0
2006-05-22,910.0,929.0,887.0,887.0
2006-05-23,861.0,898.0,860.0,867.0
2006-05-24,870.0,890.0,836.0,870.0
2006-05-25,860.0,860.0,836.0,841.0
2006-05-26,855.0,868.0,845.0,858.0
2006-05-29,878.0,879.0,839.0,844.0
2006-05-30,845.0,867.0,841.0,856.0
2006-05-31,835.0,840.0,824.0,829.0
2006-06-01,838.0,848.0,788.0,802.0
2006-06-02,812.0,825.0,774.0,819.0
2006-06-05,825.0,828.0,788.0,800.0
2006-06-06,767.0,777.0,759.0,768.0
2006-06-07,767.0,786.0,744.0,750.0
2006-06-08,710.0,723.0,691.0,696.0
2006-06-09,700.0,735.0,696.0,728.0
2006-06-12,727.0,756.0,715.0,748.0
2006-06-13,722.0,723.0,700.0,706.0
2006-06-14,678.0,706.0,671.0,682.0
2006-06-15,719.0,719.0,682.0,691.0
2006-06-16,731.0,735.0,701.0,725.0
2006-06-19,724.0,731.0,697.0,708.0
2006-06-20,700.0,704.0,680.0,680.0
2006-06-21,670.0,694.0,659.0,675.0
2006-06-22,693.0,702.0,689.0,702.0
2006-06-23,684.0,700.0,681.0,696.0
2006-06-26,701.0,713.0,687.0,706.0
2006-06-27,716.0,716.0,703.0,707.0
2006-06-28,699.0,699.0,689.0,692.0
2006-06-29,695.0,702.0,688.0,694.0
2006-06-30,715.0,717.0,681.0,694.0
2006-07-03,699.0,718.0,699.0,717.0
2006-07-04,727.0,738.0,727.0,738.0
2006-07-05,726.0,735.0,724.0,727.0
2006-07-06,719.0,723.0,712.0,715.0
2006-07-07,723.0,723.0,702.0,706.0
2006-07-10,699.0,711.0,685.0,707.0
2006-07-11,705.0,707.0,683.0,689.0
2006-07-12,683.0,691.0,654.0,657.0
2006-07-13,650.0,679.0,650.0,666.0
2006-07-14,656.0,670.0,655.0,662.0
2006-07-17,662.0,662.0,662.0,662.0
2006-07-18,661.0,661.0,608.0,611.0
2006-07-19,601.0,630.0,597.0,603.0
2006-07-20,643.0,667.0,632.0,659.0
2006-07-21,645.0,649.0,637.0,642.0
2006-07-24,635.0,635.0,611.0,627.0
2006-07-25,650.0,670.0,627.0,630.0
2006-07-26,638.0,644.0,618.0,624.0
2006-07-27,629.0,640.0,620.0,635.0
2006-07-28,635.0,642.0,621.0,638.0
2006-07-31,650.0,658.0,636.0,652.0
2006-08-01,649.0,649.0,638.0,640.0
2006-08-02,639.0,639.0,626.0,636.0
2006-08-03,645.0,646.0,634.0,640.0
2006-08-04,640.0,643.0,630.0,636.0
2006-08-07,633.0,637.0,617.0,617.0
2006-08-08,613.0,630.0,613.0,630.0
2006-08-09,628.0,635.0,620.0,634.0
2006-08-10,632.0,636.0,629.0,635.0
2006-08-11,635.0,636.0,629.0,629.0
2006-08-14,629.0,729.0,629.0,729.0
2006-08-15,680.0,695.0,674.0,691.0
2006-08-16,702.0,708.0,702.0,707.0
2006-08-17,729.0,729.0,711.0,714.0
2006-08-18,715.0,717.0,710.0,715.0
2006-08-21,718.0,718.0,705.0,710.0
2006-08-22,707.0,720.0,705.0,716.0
2006-08-23,715.0,716.0,707.0,710.0
2006-08-24,708.0,708.0,695.0,701.0
2006-08-25,698.0,704.0,692.0,699.0
2006-08-28,700.0,702.0,689.0,692.0
2006-08-29,693.0,695.0,684.0,691.0
2006-08-30,695.0,696.0,685.0,687.0
2006-08-31,686.0,690.0,681.0,687.0
2006-09-01,681.0,685.0,674.0,680.0
2006-09-04,689.0,697.0,682.0,696.0
2006-09-05,702.0,703.0,693.0,702.0
2006-09-06,700.0,700.0,689.0,691.0
2006-09-07,685.0,685.0,672.0,673.0
2006-09-08,670.0,670.0,660.0,663.0
2006-09-11,663.0,663.0,645.0,646.0
2006-09-12,647.0,647.0,628.0,629.0
2006-09-13,639.0,646.0,611.0,611.0
2006-09-14,618.0,621.0,613.0,614.0
2006-09-15,611.0,617.0,601.0,604.0
2006-09-18,604.0,604.0,604.0,604.0
2006-09-19,604.0,613.0,595.0,598.0
2006-09-20,590.0,593.0,581.0,585.0
2006-09-21,591.0,602.0,585.0,595.0
2006-09-22,594.0,594.0,581.0,585.0
2006-09-25,590.0,592.0,581.0,592.0
2006-09-26,591.0,594.0,578.0,581.0
2006-09-27,584.0,603.0,584.0,600.0
2006-09-28,604.0,605.0,596.0,604.0
2006-09-29,609.0,610.0,599.0,605.0
2006-10-02,608.0,608.0,596.0,597.0
2006-10-03,585.0,593.0,585.0,590.0
2006-10-04,593.0,593.0,567.0,571.0
2006-10-05,581.0,585.0,574.0,580.0
2006-10-06,583.0,593.0,580.0,593.0
2006-10-09,593.0,593.0,593.0,593.0
2006-10-10,586.0,589.0,582.0,582.0
2006-10-11,580.0,580.0,550.0,554.0
2006-10-12,554.0,563.0,545.0,552.0
2006-10-13,562.0,569.0,559.0,564.0
2006-10-16,571.0,590.0,570.0,589.0
2006-10-17,593.0,593.0,581.0,582.0
2006-10-18,581.0,583.0,570.0,583.0
2006-10-19,593.0,605.0,590.0,600.0
2006-10-20,596.0,601.0,594.0,596.0
2006-10-23,600.0,604.0,599.0,604.0
2006-10-24,613.0,613.0,601.0,601.0
2006-10-25,608.0,608.0,591.0,594.0
2006-10-26,596.0,597.0,584.0,592.0
2006-10-27,594.0,594.0,568.0,576.0
2006-10-30,546.0,564.0,545.0,558.0
2006-10-31,556.0,564.0,552.0,556.0
2006-11-01,552.0,563.0,552.0,557.0
2006-11-02,551.0,560.0,551.0,558.0
2006-11-03,558.0,558.0,558.0,558.0
2006-11-06,551.0,557.0,546.0,552.0
2006-11-07,560.0,560.0,548.0,550.0
2006-11-08,551.0,553.0,537.0,537.0
2006-11-09,538.0,540.0,517.0,522.0
2006-11-10,520.0,521.0,509.0,510.0
2006-11-13,492.0,507.0,489.0,502.0
2006-11-14,507.0,528.0,507.0,525.0
2006-11-15,534.0,534.0,518.0,522.0
2006-11-16,525.0,526.0,511.0,512.0
2006-11-17,513.0,514.0,491.0,494.0
2006-11-20,485.0,485.0,467.0,470.0
2006-11-21,471.0,478.0,463.0,463.0
2006-11-22,463.0,483.0,461.0,483.0
2006-11-23,483.0,483.0,483.0,483.0
2006-11-24,478.0,494.0,474.0,493.0
2006-11-27,487.0,492.0,479.0,485.0
2006-11-28,485.0,503.0,479.0,500.0
2006-11-29,498.0,508.0,496.0,505.0
2006-11-30,516.0,521.0,512.0,518.0
2006-12-01,527.0,532.0,518.0,530.0
2006-12-04,520.0,527.0,516.0,523.0
2006-12-05,534.0,537.0,521.0,523.0
2006-12-06,524.0,537.0,522.0,535.0
2006-12-07,540.0,547.0,540.0,546.0
2006-12-08,550.0,555.0,548.0,549.0
2006-12-11,556.0,560.0,542.0,548.0
2006-12-12,554.0,554.0,548.0,549.0
2006-12-13,546.0,548.0,535.0,543.0
2006-12-14,547.0,547.0,537.0,540.0
2006-12-15,542.0,546.0,535.0,539.0
2006-12-18,538.0,538.0,532.0,535.0
2006-12-19,520.0,525.0,516.0,517.0
2006-12-20,505.0,525.0,505.0,523.0
2006-12-21,525.0,525.0,511.0,515.0
2006-12-22,510.0,519.0,510.0,517.0
2006-12-25,510.0,514.0,504.0,506.0
2006-12-26,502.0,508.0,500.0,507.0
2006-12-27,510.0,518.0,508.0,513.0
2006-12-28,517.0,521.0,509.0,514.0
2006-12-29,505.0,509.0,503.0,507.0
2007-01-04,510.0,514.0,505.0,509.0
2007-01-05,510.0,519.0,508.0,514.0
2007-01-09,516.0,529.0,515.0,524.0
2007-01-10,553.0,555.0,539.0,540.0
2007-01-11,545.0,550.0,541.0,544.0
2007-01-12,552.0,570.0,552.0,566.0
2007-01-15,570.0,599.0,570.0,591.0
2007-01-16,588.0,593.0,583.0,589.0
2007-01-17,589.0,592.0,575.0,587.0
2007-01-18,582.0,587.0,574.0,575.0
2007-01-19,570.0,580.0,568.0,579.0
2007-01-22,589.0,602.0,584.0,596.0
2007-01-23,593.0,594.0,583.0,590.0
2007-01-24,586.0,596.0,581.0,583.0
2007-01-25,590.0,591.0,572.0,573.0
2007-01-26,566.0,566.0,551.0,559.0
2007-01-29,561.0,562.0,555.0,557.0
2007-01-30,555.0,570.0,554.0,567.0
2007-01-31,560.0,566.0,552.0,561.0
2007-02-01,567.0,573.0,557.0,573.0
2007-02-02,573.0,575.0,568.0,571.0
2007-02-05,574.0,574.0,563.0,565.0
2007-02-06,562.0,569.0,562.0,566.0
2007-02-07,568.0,568.0,553.0,555.0
2007-02-08,557.0,560.0,551.0,555.0
2007-02-09,555.0,566.0,552.0,564.0
2007-02-13,566.0,585.0,565.0,580.0
2007-02-14,593.0,595.0,588.0,589.0
2007-02-15,595.0,601.0,582.0,601.0
2007-02-16,600.0,600.0,588.0,591.0
2007-02-19,593.0,605.0,588.0,602.0
2007-02-20,604.0,604.0,595.0,597.0
2007-02-21,598.0,599.0,595.0,598.0
2007-02-22,603.0,639.0,602.0,636.0
2007-02-23,646.0,676.0,637.0,674.0
2007-02-26,691.0,692.0,670.0,677.0
2007-02-27,676.0,677.0,650.0,656.0
2007-02-28,576.0,626.0,576.0,619.0
2007-03-01,633.0,638.0,612.0,626.0
2007-03-02,616.0,617.0,604.0,608.0
2007-03-05,588.0,590.0,563.0,565.0
2007-03-06,564.0,618.0,564.0,610.0
2007-03-07,649.0,649.0,619.0,620.0
2007-03-08,615.0,642.0,615.0,639.0
2007-03-09,639.0,650.0,639.0,647.0
2007-03-12,654.0,655.0,633.0,640.0
2007-03-13,641.0,650.0,626.0,626.0
2007-03-14,600.0,617.0,600.0,601.0
2007-03-15,619.0,626.0,612.0,619.0
2007-03-16,618.0,618.0,603.0,607.0
2007-03-19,593.0,606.0,591.0,599.0
2007-03-20,605.0,608.0,600.0,604.0
2007-03-22,617.0,617.0,599.0,599.0
2007-03-23,600.0,606.0,599.0,604.0
2007-03-26,614.0,618.0,608.0,618.0
2007-03-27,588.0,593.0,581.0,592.0
2007-03-28,594.0,598.0,583.0,591.0
2007-03-29,581.0,602.0,578.0,600.0
2007-03-30,601.0,603.0,590.0,603.0
2007-04-02,603.0,607.0,577.0,579.0
2007-04-03,584.0,584.0,563.0,572.0
2007-04-04,576.0,587.0,571.0,587.0
2007-04-05,587.0,587.0,577.0,580.0
2007-04-06,581.0,584.0,571.0,574.0
2007-04-09,575.0,585.0,572.0,585.0
2007-04-10,582.0,591.0,573.0,574.0
2007-04-11,580.0,580.0,567.0,571.0
2007-04-12,570.0,570.0,560.0,561.0
2007-04-13,556.0,561.0,532.0,534.0
2007-04-16,533.0,545.0,533.0,533.0
2007-04-17,544.0,548.0,533.0,538.0
2007-04-18,541.0,550.0,540.0,547.0
2007-04-19,546.0,549.0,537.0,544.0
2007-04-20,542.0,544.0,529.0,532.0
2007-04-23,530.0,532.0,514.0,517.0
2007-04-24,515.0,530.0,514.0,529.0
2007-04-25,527.0,527.0,518.0,524.0
2007-04-26,531.0,531.0,516.0,525.0
2007-04-27,528.0,547.0,527.0,542.0
2007-05-01,542.0,552.0,538.0,549.0
2007-05-02,551.0,556.0,543.0,553.0
2007-05-07,569.0,571.0,567.0,571.0
2007-05-08,590.0,609.0,590.0,603.0
2007-05-09,590.0,598.0,588.0,597.0
2007-05-10,588.0,594.0,587.0,594.0
2007-05-11,587.0,598.0,583.0,597.0
2007-05-14,596.0,597.0,589.0,590.0
2007-05-15,582.0,587.0,580.0,582.0
2007-05-16,578.0,580.0,573.0,576.0
2007-05-17,583.0,583.0,574.0,576.0
2007-05-18,576.0,576.0,561.0,564.0
2007-05-21,564.0,582.0,560.0,577.0
2007-05-22,579.0,603.0,576.0,603.0
2007-05-23,599.0,615.0,592.0,605.0
2007-05-24,592.0,600.0,590.0,594.0
2007-05-25,579.0,583.0,578.0,581.0
2007-05-28,594.0,595.0,585.0,590.0
2007-05-29,581.0,581.0,572.0,573.0
2007-05-30,566.0,568.0,563.0,567.0
2007-05-31,563.0,564.0,558.0,562.0
2007-06-01,570.0,579.0,570.0,571.0
2007-06-04,571.0,576.0,571.0,572.0
2007-06-05,570.0,572.0,563.0,568.0
2007-06-06,567.0,568.0,564.0,567.0
2007-06-07,563.0,569.0,561.0,565.0
2007-06-08,565.0,565.0,549.0,554.0
2007-06-11,554.0,555.0,541.0,542.0
2007-06-12,543.0,548.0,542.0,544.0
2007-06-13,543.0,546.0,531.0,538.0
2007-06-14,545.0,545.0,543.0,544.0
2007-06-15,543.0,551.0,543.0,550.0
2007-06-18,557.0,560.0,554.0,558.0
2007-06-19,557.0,557.0,550.0,550.0
2007-06-20,556.0,558.0,553.0,554.0
2007-06-21,551.0,555.0,549.0,551.0
2007-06-22,551.0,551.0,549.0,551.0
2007-06-25,539.0,542.0,537.0,537.0
2007-06-26,531.0,533.0,527.0,532.0
2007-06-27,522.0,526.0,513.0,524.0
2007-06-28,527.0,527.0,522.0,526.0
2007-06-29,526.0,532.0,522.0,531.0
2007-07-02,537.0,549.0,534.0,546.0
2007-07-03,544.0,549.0,543.0,544.0
2007-07-04,545.0,545.0,537.0,539.0
2007-07-05,545.0,547.0,537.0,543.0
2007-07-06,539.0,544.0,539.0,539.0
2007-07-09,542.0,544.0,537.0,539.0
2007-07-10,539.0,539.0,531.0,532.0
2007-07-11,527.0,528.0,522.0,523.0
2007-07-12,524.0,524.0,511.0,513.0
2007-07-13,523.0,523.0,515.0,518.0
2007-07-17,514.0,514.0,510.0,513.0
2007-07-18,506.0,507.0,502.0,503.0
2007-07-19,504.0,512.0,500.0,505.0
2007-07-20,514.0,517.0,509.0,515.0
2007-07-23,498.0,503.0,498.0,499.0
2007-07-24,503.0,510.0,503.0,507.0
2007-07-25,502.0,506.0,502.0,504.0
2007-07-26,510.0,523.0,510.0,512.0
2007-07-27,499.0,513.0,499.0,502.0
2007-07-30,497.0,499.0,493.0,499.0
2007-07-31,497.0,497.0,495.0,497.0
2007-08-01,495.0,495.0,485.0,485.0
2007-08-02,486.0,491.0,480.0,486.0
2007-08-03,490.0,490.0,477.0,481.0
2007-08-06,475.0,478.0,470.0,474.0
2007-08-07,471.0,471.0,463.0,464.0
2007-08-08,466.0,479.0,466.0,471.0
2007-08-09,492.0,492.0,472.0,475.0
2007-08-10,458.0,458.0,450.0,456.0
2007-08-13,454.0,456.0,452.0,456.0
2007-08-14,452.0,454.0,445.0,451.0
2007-08-15,438.0,438.0,433.0,434.0
2007-08-16,420.0,425.0,406.0,423.0
2007-08-17,417.0,418.0,385.0,387.0
2007-08-20,403.0,416.0,401.0,408.0
2007-08-21,411.0,429.0,407.0,419.0
2007-08-22,408.0,413.0,408.0,411.0
2007-08-23,420.0,428.0,420.0,427.0
2007-08-24,427.0,429.0,420.0,422.0
2007-08-27,428.0,428.0,421.0,423.0
2007-08-28,416.0,421.0,416.0,421.0
2007-08-29,408.0,414.0,407.0,414.0
2007-08-30,418.0,422.0,418.0,422.0
2007-08-31,422.0,435.0,421.0,435.0
2007-09-03,436.0,436.0,427.0,432.0
2007-09-04,431.0,435.0,426.0,429.0
2007-09-05,426.0,427.0,414.0,414.0
2007-09-06,409.0,411.0,400.0,411.0
2007-09-07,411.0,420.0,410.0,416.0
2007-09-10,401.0,407.0,392.0,402.0
2007-09-11,398.0,406.0,392.0,403.0
2007-09-12,405.0,408.0,396.0,398.0
2007-09-13,399.0,399.0,394.0,394.0
2007-09-14,398.0,402.0,395.0,400.0
2007-09-18,400.0,400.0,393.0,393.0
2007-09-19,410.0,411.0,406.0,411.0
2007-09-20,406.0,406.0,403.0,406.0
2007-09-21,407.0,410.0,401.0,403.0
2007-09-25,402.0,405.0,394.0,403.0
2007-09-26,411.0,416.0,408.0,409.0
2007-09-27,414.0,433.0,414.0,431.0
2007-09-28,439.0,439.0,427.0,432.0
2007-10-01,424.0,431.0,417.0,424.0
2007-10-02,436.0,436.0,424.0,431.0
2007-10-03,435.0,449.0,434.0,448.0
2007-10-04,450.0,459.0,447.0,451.0
2007-10-05,453.0,463.0,453.0,460.0
2007-10-09,475.0,480.0,470.0,473.0
2007-10-10,482.0,482.0,468.0,469.0
2007-10-11,470.0,480.0,464.0,480.0
2007-10-12,476.0,476.0,468.0,468.0
2007-10-15,473.0,473.0,456.0,457.0
2007-10-16,440.0,442.0,431.0,438.0
2007-10-17,424.0,424.0,424.0,424.0
2007-10-18,419.0,431.0,418.0,431.0
2007-10-19,420.0,424.0,420.0,424.0
2007-10-22,409.0,424.0,408.0,421.0
2007-10-23,422.0,422.0,418.0,418.0
2007-10-24,423.0,424.0,409.0,410.0
2007-10-25,406.0,406.0,404.0,404.0
2007-10-26,405.0,414.0,405.0,414.0
2007-10-29,431.0,438.0,431.0,436.0
2007-10-30,434.0,436.0,434.0,436.0
2007-10-31,431.0,451.0,431.0,451.0
2007-11-01,456.0,470.0,456.0,469.0
2007-11-02,466.46600341796875,466.46600341796875,464.0,464.0
2007-11-05,464.0,468.0,449.0,450.0
2007-11-06,463.0,463.0,455.0,455.0
2007-11-07,456.497314453125,456.497314453125,446.0,446.0
2007-11-08,432.0,432.0,432.0,432.0
2007-11-09,435.0,435.0,429.0,429.0
2007-11-12,429.0,429.0,419.0,419.0
2007-11-13,419.0,419.0,418.0,418.0
2007-11-14,418.0,434.0,418.0,434.0
2007-11-15,441.0,446.0,437.0,440.0
2007-11-16,428.0,440.0,428.0,440.0
2007-11-19,428.0,433.0,425.0,427.0
2007-11-20,413.0,424.0,413.0,424.0
2007-11-21,424.0,434.0,424.0,434.0
2007-11-22,434.0,442.0,434.0,442.0
2007-11-26,444.0,459.0,441.0,455.0
2007-11-27,438.0,457.0,438.0,457.0
2007-11-28,448.0,448.0,444.0,444.0
2007-11-29,460.0,460.0,457.0,457.0
2007-11-30,462.0,462.0,459.0,459.0
2007-12-03,464.0,464.0,463.0,463.0
2007-12-04,455.0,455.0,452.0,452.0
2007-12-05,452.0,461.0,452.0,461.0
2007-12-06,461.0,470.0,461.0,470.0
2007-12-07,473.0,474.0,468.0,468.0
2007-12-10,468.0,468.0,466.0,466.0
2007-12-11,464.0,466.0,461.0,464.0
2007-12-12,454.0,460.0,454.0,460.0
2007-12-13,450.0,450.0,445.0,445.0
2007-12-14,443.0,443.0,442.0,442.0
2007-12-17,439.0,439.0,436.0,436.0
2007-12-18,428.0,445.0,426.0,437.0
2007-12-19,437.0,439.0,429.0,429.0
2007-12-20,428.0,428.0,425.0,425.0
2007-12-21,425.0,425.0,424.0,424.0
2007-12-25,424.0,424.0,424.0,424.0
2007-12-26,429.0,432.0,429.0,432.0
2007-12-27,428.0,428.0,426.0,426.0
2007-12-28,423.0,424.0,418.0,419.0
2008-01-04,414.0,419.0,410.0,419.0
2008-01-07,412.0,412.0,405.0,405.0
2008-01-08,397.0,401.0,397.0,400.0
2008-01-09,395.0,408.0,395.0,408.0
2008-01-10,399.0,399.0,396.0,396.0
2008-01-11,389.0,389.0,385.0,385.0
2008-01-15,369.0,370.0,369.0,370.0
2008-01-16,365.0,371.0,352.0,358.0
2008-01-17,362.0,364.0,359.0,363.0
2008-01-18,361.0,378.0,361.0,377.0
2008-01-21,368.0,370.0,361.0,361.0
2008-01-22,354.0,354.0,338.0,338.0
2008-01-23,348.0,348.0,341.0,344.0
2008-01-24,344.0,356.0,344.0,356.0
2008-01-25,362.0,369.0,359.0,369.0
2008-01-28,364.0,364.0,359.0,359.0
2008-01-29,366.0,370.0,366.0,370.0
2008-01-30,370.0,370.0,368.0,368.0
2008-01-31,366.0,376.0,366.0,376.0
2008-02-01,371.0,376.0,368.0,373.0
2008-02-04,379.0,380.0,377.0,380.0
2008-02-05,379.0,382.0,376.0,380.0
2008-02-06,366.0,367.0,366.0,367.0
2008-02-07,360.0,367.0,359.0,366.0
2008-02-08,360.0,362.0,357.0,359.0
2008-02-12,353.0,353.0,350.0,350.0
2008-02-13,352.0,352.0,345.0,345.0
2008-02-14,354.0,360.0,354.0,360.0
2008-02-15,351.0,351.0,347.0,349.0
2008-02-18,357.0,357.0,355.0,355.0
2008-02-19,365.0,369.0,365.0,366.0
2008-02-20,367.8440856933594,367.8440856933594,356.0,356.0
2008-02-21,368.0,368.0,365.0,365.0
2008-02-22,365.0,373.0,365.0,373.0
2008-02-25,375.0,378.0,375.0,377.0
2008-02-26,374.0,375.0,366.0,366.0
2008-02-27,376.0,376.0,375.0,376.0
2008-02-28,378.0,382.0,378.0,381.0
2008-02-29,373.0,375.0,372.0,372.0
2008-03-03,355.0,361.0,355.0,357.0
2008-03-04,338.0,338.0,330.0,332.0
2008-03-05,323.0,323.0,319.0,319.0
2008-03-06,327.0,327.0,324.0,324.0
2008-03-07,324.0,324.0,309.0,309.0
2008-03-10,305.0,305.0,301.0,301.0
2008-03-11,301.0,305.0,295.0,299.0
2008-03-12,309.0,309.0,302.0,303.0
2008-03-13,297.0,299.0,295.0,295.0
2008-03-14,294.0,295.0,282.0,285.0
2008-03-17,270.0,270.0,267.0,267.0
2008-03-18,268.0,269.0,263.0,266.0
2008-03-19,280.0,280.0,279.0,279.0
2008-03-21,284.0,290.0,283.0,289.0
2008-03-24,288.0,291.0,288.0,291.0
2008-03-25,294.0,298.0,294.0,298.0
2008-03-26,287.0,287.0,283.0,283.0
2008-03-27,278.0,281.0,277.0,278.0
2008-03-28,280.0,285.0,276.0,280.0
2008-03-31,277.0,277.0,271.0,271.0
2008-04-01,269.0,271.0,269.0,271.0
2008-04-02,271.0,282.0,271.0,282.0
2008-04-03,284.0,288.0,284.0,288.0
2008-04-04,285.0,285.0,281.0,281.0
2008-04-07,281.0,285.0,281.0,285.0
2008-04-08,284.0,284.0,278.0,278.0
2008-04-09,278.0,278.0,274.0,274.0
2008-04-10,268.0,277.0,268.0,277.0
2008-04-11,273.0,276.0,273.0,276.0
2008-04-14,276.0,276.0,272.0,272.0
2008-04-15,274.0,274.0,273.0,273.0
2008-04-16,277.0,277.0,277.0,277.0
2008-04-17,281.0,281.0,281.0,281.0
2008-04-18,279.0,282.0,279.0,282.0
2008-04-21,286.0,286.0,285.0,286.0
2008-04-22,284.0,284.0,279.0,279.0
2008-04-23,282.7170104980469,282.7170104980469,281.0,281.0
2008-04-24,282.0,284.0,279.0,279.0
2008-04-25,283.0,284.0,283.0,284.0
2008-04-28,296.0,296.0,296.0,296.0
2008-04-30,294.0,330.0,294.0,330.0
2008-05-01,311.0,314.0,309.0,309.0
2008-05-02,317.0,320.0,317.0,320.0
2008-05-07,329.0,329.0,329.0,329.0
2008-05-08,321.57879638671875,326.0,321.57879638671875,326.0
2008-05-09,321.0,323.0,313.0,313.0
2008-05-12,303.0,308.0,303.0,308.0
2008-05-13,306.0,313.0,306.0,313.0
2008-05-14,318.0,325.0,318.0,325.0
2008-05-15,328.0,331.0,328.0,331.0
2008-05-16,335.0,335.0,331.0,331.0
2008-05-19,341.0,350.0,341.0,350.0
2008-05-20,343.0,343.0,343.0,343.0
2008-05-21,333.0,334.0,333.0,334.0
2008-05-22,335.0,343.0,335.0,343.0
2008-05-23,337.0,342.0,337.0,342.0
2008-05-26,339.0,339.0,330.0,330.0
2008-05-27,343.0,343.0,340.0,340.0
2008-05-28,333.0,333.0,326.0,326.0
2008-05-29,335.0,337.0,334.0,337.0
2008-05-30,337.0,347.0,337.0,347.0
2008-06-02,356.0,358.0,356.0,358.0
2008-06-03,353.0,356.0,350.0,350.0
2008-06-04,356.0,356.0,355.0,355.0
2008-06-05,358.0,393.0,358.0,368.0
2008-06-06,366.0,370.0,365.0,365.0
2008-06-09,355.0,355.0,349.0,349.0
2008-06-10,349.0,349.0,345.0,345.0
2008-06-11,340.35211181640625,340.35211181640625,338.0,338.0
2008-06-12,339.0,342.0,339.0,342.0
2008-06-13,334.0,339.0,334.0,339.0
2008-06-16,341.0,347.0,341.0,347.0
2008-06-17,347.0,351.0,347.0,351.0
2008-06-18,352.0,352.0,348.0,348.0
2008-06-19,335.0,337.0,333.0,334.0
2008-06-20,330.0,331.0,324.0,324.0
2008-06-23,326.0,332.0,325.0,328.0
2008-06-24,329.0,329.0,323.0,325.0
2008-06-25,324.0,329.0,324.0,329.0
2008-06-26,332.0,332.0,328.0,328.0
2008-06-27,325.0,328.0,325.0,328.0
2008-06-30,328.0,328.0,328.0,328.0
2008-07-01,333.1000061035156,333.1000061035156,327.0,327.0
2008-07-02,327.0,327.0,324.0,324.0
2008-07-03,324.0,324.0,322.0,322.0
2008-07-04,326.0,328.0,326.0,328.0
2008-07-07,330.0,338.0,330.0,338.0
2008-07-08,329.0,329.0,322.0,322.0
2008-07-09,332.0,332.0,325.0,325.0
2008-07-10,324.0,326.0,324.0,326.0
2008-07-11,326.0,326.0,321.0,321.0
2008-07-14,330.0,330.0,323.0,323.0
2008-07-15,311.0,311.0,305.0,305.0
2008-07-16,299.0,299.0,299.0,299.0
2008-07-17,315.0,316.0,315.0,316.0
2008-07-18,316.0,316.0,311.0,311.0
2008-07-22,321.0,329.0,317.0,329.0
2008-07-23,340.0,340.0,337.0,337.0
2008-07-24,349.0,350.0,349.0,350.0
2008-07-25,340.0,340.0,336.0,336.0
2008-07-28,332.0,332.0,325.0,325.0
2008-07-29,314.0,321.0,314.0,319.0
2008-07-30,336.0,338.0,336.0,338.0
2008-07-31,336.0,345.0,336.0,345.0
2008-08-01,344.0,344.0,334.0,334.0
2008-08-04,337.0,337.0,332.0,332.0
2008-08-05,335.731689453125,335.731689453125,334.0,334.0
2008-08-06,348.0,348.0,347.0,347.0
2008-08-07,343.0,343.0,341.0,341.0
2008-08-08,347.0,347.0,346.0,346.0
2008-08-11,350.0,350.0,348.0,348.0
2008-08-12,348.0,349.0,345.0,345.0
2008-08-13,345.0,345.0,338.0,338.0
2008-08-14,337.0,337.0,337.0,337.0
2008-08-15,343.0,346.0,343.0,346.0
2008-08-18,354.0,354.0,349.0,349.0
2008-08-19,346.0,346.0,342.0,342.0
2008-08-20,340.0,340.0,340.0,340.0
2008-08-21,345.0,345.0,345.0,345.0
2008-08-22,339.0,339.0,329.0,330.0
2008-08-25,344.0,345.0,341.0,342.0
2008-08-26,333.0,340.0,333.0,340.0
2008-08-27,336.0,336.0,335.0,335.0
2008-08-28,335.0,336.0,335.0,336.0
2008-08-29,336.0,350.0,336.0,350.0
2008-09-01,350.0,350.0,345.0,345.0
2008-09-02,354.0,354.0,340.0,340.0
2008-09-03,348.0,348.0,345.0,345.0
2008-09-04,345.0,345.0,341.0,341.0
2008-09-05,331.8677978515625,331.8677978515625,328.0,328.0
2008-09-08,348.0,350.0,348.0,350.0
2008-09-09,347.0,347.0,345.0,345.0
2008-09-10,349.0,355.0,349.0,355.0
2008-09-11,349.0,349.0,344.0,344.0
2008-09-12,341.0,346.0,341.0,346.0
2008-09-16,318.0,324.0,318.0,324.0
2008-09-17,324.0,324.0,316.0,316.0
2008-09-18,316.0,316.0,308.0,308.0
2008-09-19,319.0,320.0,319.0,320.0
2008-09-22,330.0,330.0,330.0,330.0
2008-09-24,330.0,331.0,330.0,331.0
2008-09-25,322.0,322.0,317.0,317.0
2008-09-26,310.0,310.0,307.0,310.0
2008-09-29,306.0,306.0,295.0,295.0
2008-09-30,275.0,283.0,275.0,277.0
2008-10-01,277.0,287.0,277.0,287.0
2008-10-02,280.0,286.0,279.0,280.0
2008-10-03,273.0,274.0,270.0,274.0
2008-10-06,272.0,272.0,235.0,235.0
2008-10-07,238.0,238.0,237.0,237.0
2008-10-08,223.0,223.0,212.0,212.0
2008-10-09,211.0,216.0,211.0,216.0
2008-10-10,205.0,209.0,205.0,209.0
2008-10-14,273.0,273.0,270.0,270.0
2008-10-15,258.0,268.0,258.0,268.0
2008-10-16,240.0,240.0,221.0,221.0
2008-10-17,239.0,241.0,236.0,241.0
2008-10-20,266.0,271.0,266.0,271.0
2008-10-21,277.0,283.0,277.0,283.0
2008-10-22,283.0,283.0,283.0,283.0
2008-10-23,281.0,289.0,281.0,289.0
2008-10-24,287.0,287.0,278.0,278.0
2008-10-27,278.0,278.0,259.0,259.0
2008-10-28,234.0,244.0,234.0,244.0
2008-10-29,244.0,277.0,244.0,277.0
2008-10-30,292.0,319.0,292.0,319.0
2008-10-31,320.0,323.0,320.0,323.0
2008-11-04,323.0,339.0,323.0,339.0
2008-11-05,340.0,359.0,340.0,359.0
2008-11-06,333.0,333.0,331.0,331.0
2008-11-07,333.0,333.0,318.0,318.0
2008-11-10,325.0,325.0,319.0,321.0
2008-11-11,332.0,332.0,325.0,325.0
2008-11-12,324.0,324.0,315.0,316.0
2008-11-13,304.0,304.0,299.0,299.0
2008-11-14,299.0,299.0,295.0,295.0
2008-11-17,295.0,322.0,295.0,322.0
2008-11-18,322.0,322.0,319.0,319.0
2008-11-19,313.0,313.0,301.0,301.0
2008-11-20,301.0,301.0,281.0,281.0
2008-11-21,271.0,294.0,271.0,294.0
2008-11-25,295.0,295.0,291.0,291.0
2008-11-26,287.0,287.0,279.0,279.0
2008-11-27,289.5360107421875,289.5360107421875,280.0,280.0
2008-11-28,280.0,291.0,280.0,291.0
2008-12-01,291.0,291.0,288.0,288.0
2008-12-02,287.0,287.0,271.0,271.0
2008-12-03,275.0,282.0,275.0,282.0
2008-12-04,282.0,282.0,272.0,272.0
2008-12-05,272.0,272.0,269.0,269.0
2008-12-08,272.0,283.0,272.0,283.0
2008-12-09,284.0,284.0,278.0,278.0
2008-12-10,278.0,281.0,278.0,281.0
2008-12-11,279.0,293.0,279.0,293.0
2008-12-12,288.0,288.0,275.0,275.0
2008-12-15,285.0,285.0,285.0,285.0
2008-12-16,273.0,278.0,273.0,278.0
2008-12-17,278.0,278.0,277.0,277.0
2008-12-18,272.0,279.0,272.0,279.0
2008-12-19,279.0,279.0,270.0,270.0
2008-12-22,270.0,274.0,270.0,274.0
2008-12-24,265.0,265.0,265.0,265.0
2008-12-25,259.1553955078125,259.1553955078125,259.0,259.0
2008-12-26,265.0,266.0,263.0,264.0
2008-12-29,263.0,270.0,261.0,268.0
2008-12-30,268.0,277.0,267.0,273.0
2009-01-05,278.0,280.0,276.0,276.0
2009-01-06,276.0,276.0,273.0,273.0
2009-01-07,274.0,274.0,273.0,273.0
2009-01-08,269.0,269.0,262.0,262.0
2009-01-09,258.0,260.0,258.0,260.0
2009-01-13,250.0,252.0,249.0,250.0
2009-01-14,254.0,255.0,254.0,255.0
2009-01-15,261.0,261.0,258.0,258.0
2009-01-16,264.0,268.0,264.0,268.0
2009-01-19,259.0,259.0,257.0,257.0
2009-01-20,244.0,244.0,243.0,243.0
2009-01-21,247.0,247.0,247.0,247.0
2009-01-22,247.0,249.0,247.0,249.0
2009-01-23,249.0,249.0,239.0,239.0
2009-01-26,239.0,241.0,239.0,241.0
2009-01-27,252.0,255.0,252.0,255.0
2009-01-28,255.0,261.0,255.0,261.0
2009-01-29,260.0,266.0,260.0,266.0
2009-01-30,266.0,266.0,249.0,249.0
2009-02-02,248.0,248.0,246.0,246.0
2009-02-03,242.0,242.0,242.0,242.0
2009-02-04,242.0,246.0,242.0,246.0
2009-02-05,244.0,244.0,244.0,244.0
2009-02-06,244.0,244.0,243.0,243.0
2009-02-09,238.0,238.0,237.0,237.0
2009-02-10,240.0,250.0,236.0,246.0
2009-02-12,226.0,227.0,226.0,227.0
2009-02-13,224.0,226.0,224.0,226.0
2009-02-16,238.5782012939453,241.0,238.5782012939453,241.0
2009-02-17,240.0,240.0,235.0,235.0
2009-02-18,232.0,232.0,231.0,231.0
2009-02-19,229.0,229.0,228.0,228.0
2009-02-20,224.0,225.0,224.0,225.0
2009-02-23,218.0,222.0,218.0,222.0
2009-02-24,224.0,228.0,224.0,228.0
2009-02-25,216.0,216.0,215.0,215.0
2009-02-26,215.0,215.0,212.0,212.0
2009-02-27,210.0,215.0,210.0,215.0
2009-03-02,215.0,215.0,210.0,210.0
2009-03-03,197.0,198.0,197.0,198.0
2009-03-04,195.0,199.0,195.0,199.0
2009-03-05,199.0,199.0,196.0,196.0
2009-03-06,199.0,199.0,197.0,197.0
2009-03-09,192.0,192.0,190.0,190.0
2009-03-10,181.0,181.0,180.0,180.0
2009-03-11,189.0,189.0,189.0,189.0
2009-03-12,172.0,175.0,172.0,175.0
2009-03-13,182.0,182.0,174.0,174.0
2009-03-16,180.0,180.0,179.0,179.0
2009-03-17,188.0,191.0,188.0,191.0
2009-03-18,203.0,203.0,201.0,201.0
2009-03-19,201.0,206.0,201.0,206.0
2009-03-23,217.0,226.0,217.0,226.0
2009-03-24,236.0,241.0,236.0,241.0
2009-03-25,230.0,234.0,230.0,234.0
2009-03-26,243.0,245.0,243.0,245.0
2009-03-27,248.0,252.0,243.0,248.0
2009-03-30,248.0,248.0,246.0,246.0
2009-03-31,244.0,244.0,237.0,237.0
2009-04-01,241.0,245.0,241.0,245.0
2009-04-02,250.0,259.0,250.0,259.0
2009-04-03,254.0,260.0,254.0,260.0
2009-04-06,260.0,260.0,254.0,254.0
2009-04-07,254.0,255.0,254.0,255.0
2009-04-08,246.0,246.0,243.0,243.0
2009-04-09,249.0,260.0,249.0,260.0
2009-04-10,257.0,262.0,254.0,262.0
2009-04-13,259.0,260.0,259.0,260.0
2009-04-14,257.0,260.0,255.0,260.0
2009-04-15,258.0,258.0,252.0,252.0
2009-04-16,251.0,251.0,246.0,246.0
2009-04-17,246.0,246.0,237.0,237.0
2009-04-20,224.0,224.0,221.0,221.0
2009-04-21,215.0,218.0,213.0,215.0
2009-04-22,216.2899932861328,216.2899932861328,206.0,206.0
2009-04-23,204.0,206.0,204.0,206.0
2009-04-24,206.0,206.0,206.0,206.0
2009-04-27,216.0,216.0,211.0,212.0
2009-04-28,208.0,208.0,196.0,196.0
2009-04-30,207.0,207.0,204.0,204.0
2009-05-01,208.0,208.0,206.0,206.0
2009-05-07,220.0,220.0,220.0,220.0
2009-05-08,225.0,235.0,225.0,235.0
2009-05-11,235.0,249.0,235.0,249.0
2009-05-12,249.0,249.0,242.0,242.0
2009-05-13,242.0,244.0,242.0,244.0
2009-05-14,232.0,232.0,229.0,229.0
2009-05-15,234.0,240.0,234.0,240.0
2009-05-18,234.0,234.0,234.0,234.0
2009-05-19,249.0,249.0,249.0,249.0
2009-05-20,249.0,261.0,249.0,261.0
2009-05-21,259.0,261.0,259.0,261.0
2009-05-22,260.0,260.0,258.0,258.0
2009-05-25,264.0,264.0,264.0,264.0
2009-05-26,272.0,275.0,272.0,275.0
2009-05-27,279.26959228515625,279.26959228515625,272.0,272.0
2009-05-28,272.0,275.0,272.0,275.0
2009-05-29,275.0,276.0,275.0,276.0
2009-06-01,279.0,279.0,279.0,279.0
2009-06-02,279.0,283.0,279.0,283.0
2009-06-03,281.0,282.0,281.0,282.0
2009-06-04,283.0,291.0,283.0,291.0
2009-06-05,298.0,298.0,296.0,296.0
2009-06-08,307.0,308.0,307.0,308.0
2009-06-09,308.0,308.0,304.0,304.0
2009-06-10,305.0,318.0,305.0,318.0
2009-06-11,317.0,321.0,317.0,320.0
2009-06-12,324.0,327.0,320.0,320.0
2009-06-15,331.0,331.0,327.0,328.0
2009-06-16,309.0,309.0,298.0,301.0
2009-06-17,303.0,306.0,302.0,306.0
2009-06-18,301.0,304.0,299.0,304.0
2009-06-19,303.0,304.0,301.0,303.0
2009-06-22,305.0,307.0,302.0,302.0
2009-06-23,294.0,296.0,292.0,292.0
2009-06-24,293.0,297.0,292.0,293.0
2009-06-25,296.0,310.0,296.0,306.0
2009-06-26,316.0,316.0,310.0,311.0
2009-06-29,312.0,312.0,301.0,302.0
2009-06-30,303.0,305.0,297.0,302.0
2009-07-01,300.0,306.0,299.0,299.0
2009-07-02,301.0,301.0,296.0,296.0
2009-07-03,293.0,300.0,291.0,299.0
2009-07-06,296.0,300.0,295.0,295.0
2009-07-07,294.0,294.0,291.0,292.0
2009-07-08,289.0,290.0,285.0,286.0
2009-07-09,282.0,282.0,275.0,276.0
2009-07-10,278.0,278.0,265.0,267.0
2009-07-13,261.0,264.0,247.0,247.0
2009-07-14,254.0,257.0,247.0,253.0
2009-07-15,252.0,253.0,246.0,248.0
2009-07-16,259.0,263.0,257.0,257.0
2009-07-17,265.0,265.0,259.0,261.0
2009-07-21,276.0,279.0,274.0,279.0
2009-07-22,279.0,289.0,279.0,288.0
2009-07-23,289.0,293.0,285.0,287.0
2009-07-24,295.0,295.0,290.0,293.0
2009-07-27,297.0,298.0,293.0,298.0
2009-07-28,300.0,300.0,294.0,297.0
2009-07-29,296.0,296.0,293.0,293.0
2009-07-30,293.0,295.0,286.0,290.0
2009-07-31,292.0,292.0,286.0,289.0
2009-08-03,290.0,290.0,286.0,288.0
2009-08-04,293.0,293.0,287.0,289.0
2009-08-05,289.0,289.0,281.0,283.0
2009-08-06,278.0,281.0,275.0,280.0
2009-08-07,275.0,280.0,271.0,274.0
2009-08-10,276.0,282.0,275.0,281.0
2009-08-11,278.0,282.0,276.0,280.0
2009-08-12,278.0,278.0,274.0,274.0
2009-08-13,276.0,278.0,273.0,274.0
2009-08-14,275.0,278.0,271.0,274.0
2009-08-17,273.0,274.0,266.0,269.0
2009-08-18,263.0,269.0,261.0,262.0
2009-08-19,263.0,264.0,256.0,257.0
2009-08-20,261.0,265.0,258.0,261.0
2009-08-21,263.0,263.0,254.0,257.0
2009-08-24,261.0,264.0,261.0,263.0
2009-08-25,264.0,267.0,259.0,259.0
2009-08-26,261.0,263.0,259.0,263.0
2009-08-27,261.0,261.0,257.0,260.0
2009-08-28,261.0,261.0,258.0,258.0
2009-08-31,260.0,266.0,254.0,256.0
2009-09-02,252.0,252.0,243.0,245.0
2009-09-03,243.0,252.0,238.0,238.0
2009-09-04,240.0,242.0,233.0,235.0
2009-09-07,236.0,245.0,236.0,244.0
2009-09-08,247.0,256.0,246.0,256.0
2009-09-09,256.0,256.0,250.0,250.0
2009-09-10,249.0,252.0,249.0,250.0
2009-09-11,247.0,248.0,246.0,247.0
2009-09-14,246.0,246.0,235.0,244.0
2009-09-15,241.0,244.0,238.0,240.0
2009-09-16,238.0,242.0,238.0,239.0
2009-09-17,239.0,240.0,235.0,236.0
2009-09-18,235.0,236.0,228.0,235.0
2009-09-21,235.0,235.0,235.0,235.0
2009-09-24,230.0,240.0,228.0,240.0
2009-09-25,235.0,235.0,224.0,224.0
2009-09-28,219.0,220.0,216.0,219.0
2009-09-29,223.0,227.0,223.0,225.0
2009-09-30,225.0,228.0,214.0,215.0
2009-10-01,212.0,212.0,209.0,212.0
2009-10-02,205.0,212.0,201.0,212.0
2009-10-05,207.0,216.0,205.0,210.0
2009-10-06,214.0,216.0,208.0,210.0
2009-10-07,211.0,221.0,211.0,220.0
2009-10-08,215.0,222.0,210.0,210.0
2009-10-09,214.0,220.0,214.0,220.0
2009-10-13,225.0,227.0,224.0,224.0
2009-10-14,224.0,224.0,213.0,215.0
2009-10-15,219.0,221.0,216.0,216.0
2009-10-16,217.0,217.0,211.0,213.0
2009-10-19,209.0,216.0,204.0,216.0
2009-10-20,214.0,218.0,214.0,218.0
2009-10-21,219.0,224.0,219.0,224.0
2009-10-22,223.0,223.0,215.0,220.0
2009-10-23,219.0,220.0,213.0,214.0
2009-10-26,215.0,222.0,215.0,217.0
2009-10-27,212.0,213.0,204.0,204.0
2009-10-28,202.0,209.0,201.0,204.0
2009-10-29,200.0,202.0,195.0,202.0
2009-10-30,205.0,205.0,200.0,205.0
2009-11-02,200.0,201.0,197.0,198.0
2009-11-04,199.0,201.0,198.0,201.0
2009-11-05,199.0,200.0,196.0,196.0
2009-11-06,198.0,203.0,195.0,195.0
2009-11-09,195.0,196.0,190.0,192.0
2009-11-10,196.0,197.0,190.0,194.0
2009-11-11,196.0,197.0,193.0,193.0
2009-11-12,193.0,193.0,186.0,186.0
2009-11-13,185.0,190.0,182.0,189.0
2009-11-16,184.0,187.0,177.0,177.0
2009-11-17,178.0,182.0,175.0,176.0
2009-11-18,178.0,178.0,173.0,175.0
2009-11-19,176.0,176.0,170.0,174.0
2009-11-20,172.0,176.0,171.0,173.0
2009-11-24,173.0,173.0,167.0,167.0
2009-11-25,165.0,169.0,165.0,169.0
2009-11-26,170.0,174.0,169.0,173.0
2009-11-27,171.0,171.0,168.0,169.0
2009-11-30,174.0,175.0,171.0,173.0
2009-12-01,173.0,182.0,172.0,179.0
2009-12-02,182.0,188.0,181.0,184.0
2009-12-03,191.0,199.0,189.0,194.0
2009-12-04,195.0,195.0,191.0,194.0
2009-12-07,194.0,196.0,189.0,190.0
2009-12-08,186.0,192.0,185.0,187.0
2009-12-09,186.0,186.0,180.0,182.0
2009-12-10,184.0,185.0,178.0,180.0
2009-12-11,186.0,188.0,178.0,188.0
2009-12-14,190.0,194.0,181.0,186.0
2009-12-15,185.0,188.0,184.0,188.0
2009-12-16,189.0,195.0,186.0,192.0
2009-12-17,189.0,195.0,189.0,195.0
2009-12-18,190.0,196.0,189.0,195.0
2009-12-21,195.0,199.0,195.0,198.0
2009-12-22,200.0,210.0,200.0,205.0
2009-12-24,209.0,216.0,205.0,213.0
2009-12-25,214.0,214.0,205.0,206.0
2009-12-28,210.0,210.0,205.0,208.0
2009-12-29,206.0,206.0,203.0,205.0
2009-12-30,206.0,210.0,204.0,206.0
2010-01-04,203.0,208.0,202.0,208.0
2010-01-05,209.0,212.0,207.0,208.0
2010-01-06,209.0,213.0,204.0,212.0
2010-01-07,213.0,215.0,212.0,213.0
2010-01-08,213.0,218.0,212.0,217.0
2010-01-12,217.0,227.0,212.0,224.0
2010-01-13,221.0,225.0,219.0,220.0
2010-01-14,221.0,226.0,220.0,220.0
2010-01-15,221.0,226.0,219.0,221.0
2010-01-18,219.0,219.0,216.0,217.0
2010-01-19,215.0,215.0,207.0,207.0
2010-01-20,210.0,212.0,205.0,205.0
2010-01-21,202.0,209.0,200.0,208.0
2010-01-22,202.0,207.0,202.0,207.0
2010-01-25,204.0,210.0,204.0,207.0
2010-01-26,216.0,220.0,207.0,207.0
2010-01-27,205.0,210.0,204.0,207.0
2010-01-28,208.0,209.0,205.0,209.0
2010-01-29,206.0,206.0,204.0,204.0
2010-02-01,204.0,204.0,202.0,202.0
2010-02-02,202.0,204.0,200.0,202.0
2010-02-03,204.0,208.0,201.0,201.0
2010-02-04,201.0,205.0,201.0,203.0
2010-02-05,198.0,211.0,198.0,207.0
2010-02-08,207.0,208.0,203.0,203.0
2010-02-09,198.0,204.0,198.0,203.0
2010-02-10,203.0,206.0,203.0,204.0
2010-02-12,205.0,211.0,205.0,211.0
2010-02-15,211.0,212.0,205.0,207.0
2010-02-16,205.0,207.0,204.0,204.0
2010-02-17,208.0,210.0,207.0,207.0
2010-02-18,209.0,210.0,205.0,206.0
2010-02-19,204.0,206.0,202.0,204.0
2010-02-22,204.0,208.0,203.0,208.0
2010-02-23,207.0,207.0,206.0,206.0
2010-02-24,206.0,207.0,203.0,204.0
2010-02-25,201.0,205.0,201.0,204.0
2010-02-26,206.0,210.0,205.0,209.0
2010-03-01,211.0,211.0,209.0,211.0
2010-03-02,205.0,214.0,205.0,212.0
2010-03-03,211.0,213.0,210.0,213.0
2010-03-04,208.0,209.0,206.0,206.0
2010-03-05,206.0,210.0,206.0,209.0
2010-03-08,212.0,213.0,211.0,213.0
2010-03-09,208.0,212.0,208.0,212.0
2010-03-10,210.0,212.0,209.0,209.0
2010-03-11,211.0,211.0,210.0,211.0
2010-03-12,211.0,213.0,211.0,213.0
2010-03-15,215.0,220.0,215.0,219.0
2010-03-16,219.0,219.0,217.0,217.0
2010-03-17,220.0,220.0,217.0,219.0
2010-03-18,221.0,221.0,218.0,219.0
2010-03-19,220.0,220.0,217.0,218.0
2010-03-23,218.0,220.0,218.0,219.0
2010-03-24,220.0,222.0,219.0,222.0
2010-03-25,222.0,222.0,220.0,222.0
2010-03-26,226.0,232.0,226.0,230.0
2010-03-29,233.0,233.0,224.0,227.0
2010-03-30,231.0,238.0,231.0,238.0
2010-03-31,240.0,242.0,236.0,236.0
2010-04-01,234.0,236.0,234.0,236.0
2010-04-02,242.0,243.0,238.0,238.0
2010-04-05,239.0,239.0,236.0,238.0
2010-04-06,242.0,242.0,235.0,237.0
2010-04-07,237.0,242.0,235.0,242.0
2010-04-08,238.0,241.0,237.0,237.0
2010-04-09,237.0,238.0,234.0,237.0
2010-04-12,237.0,246.0,237.0,238.0
2010-04-13,239.0,239.0,233.0,234.0
2010-04-14,235.0,239.0,235.0,235.0
2010-04-15,237.0,239.0,233.0,235.0
2010-04-16,236.0,236.0,232.0,232.0
2010-04-19,219.0,223.0,214.0,216.0
2010-04-20,217.0,219.0,210.0,212.0
2010-04-21,214.0,217.0,214.0,217.0
2010-04-22,216.0,218.0,215.0,215.0
2010-04-23,218.0,219.0,216.0,217.0
2010-04-26,218.0,230.0,216.0,224.0
2010-04-27,226.0,228.0,224.0,228.0
2010-04-28,221.0,223.0,221.0,221.0
2010-04-30,234.0,242.0,230.0,231.0
2010-05-06,215.0,221.0,215.0,221.0
2010-05-07,205.0,212.0,203.0,211.0
2010-05-10,209.0,212.0,209.0,212.0
2010-05-11,219.0,219.0,212.0,212.0
2010-05-12,215.0,215.0,211.0,212.0
2010-05-13,212.0,217.0,210.0,215.0
2010-05-14,216.0,217.0,211.0,213.0
2010-05-17,211.0,214.0,210.0,210.0
2010-05-18,208.0,208.0,205.0,206.0
2010-05-19,201.0,204.0,199.0,201.0
2010-05-20,208.0,210.0,198.0,199.0
2010-05-21,193.0,193.0,190.0,192.0
2010-05-24,190.0,192.0,189.0,191.0
2010-05-25,189.0,191.0,186.0,190.0
2010-05-26,195.0,195.0,186.0,187.0
2010-05-27,186.0,189.0,185.0,188.0
2010-05-28,189.0,190.0,186.0,186.0
2010-05-31,184.0,188.0,184.0,187.0
2010-06-01,186.0,187.0,186.0,187.0
2010-06-02,185.0,189.0,184.0,185.0
2010-06-03,186.0,190.0,186.0,190.0
2010-06-04,190.0,195.0,190.0,195.0
2010-06-07,190.0,190.0,187.0,188.0
2010-06-08,186.0,189.0,186.0,188.0
2010-06-09,188.0,191.0,187.0,188.0
2010-06-10,188.0,188.0,186.0,187.0
2010-06-11,189.0,192.0,189.0,190.0
2010-06-14,189.0,190.0,189.0,189.0
2010-06-15,188.0,190.0,188.0,189.0
2010-06-16,190.0,194.0,190.0,193.0
2010-06-17,192.0,192.0,191.0,192.0
2010-06-18,193.0,197.0,192.0,194.0
2010-06-21,194.0,199.0,193.0,199.0
2010-06-22,199.0,200.0,196.0,198.0
2010-06-23,195.0,195.0,193.0,194.0
2010-06-24,195.0,195.0,194.0,194.0
2010-06-25,191.0,193.0,190.0,192.0
2010-06-28,191.0,195.0,190.0,194.0
2010-06-29,194.0,194.0,192.0,193.0
2010-06-30,189.0,190.0,188.0,190.0
2010-07-01,190.0,190.0,187.0,187.0
2010-07-02,186.0,187.0,186.0,186.0
2010-07-05,189.0,192.0,188.0,191.0
2010-07-06,186.0,191.0,186.0,190.0
2010-07-07,189.0,189.0,186.0,186.0
2010-07-08,190.0,191.0,189.0,191.0
2010-07-09,192.0,193.0,189.0,191.0
2010-07-12,194.0,194.0,192.0,192.0
2010-07-13,192.0,193.0,191.0,191.0
2010-07-14,192.0,194.0,192.0,194.0
2010-07-15,192.0,193.0,189.0,191.0
2010-07-16,191.0,191.0,187.0,188.0
2010-07-21,186.0,186.0,181.0,182.0
2010-07-22,177.0,183.0,176.0,178.0
2010-07-23,180.0,183.0,180.0,180.0
2010-07-26,185.0,185.0,178.0,179.0
2010-07-27,178.0,178.0,175.0,176.0
2010-07-28,173.0,175.0,173.0,175.0
2010-07-29,173.0,173.0,171.0,171.0
2010-07-30,170.0,170.0,167.0,167.0
2010-08-02,166.0,166.0,164.0,164.0
2010-08-03,165.0,166.0,163.0,166.0
2010-08-04,165.0,166.0,162.0,163.0
2010-08-05,164.0,165.0,163.0,163.0
2010-08-06,164.0,165.0,163.0,164.0
2010-08-09,163.0,164.0,162.0,163.0
2010-08-10,163.0,164.0,162.0,164.0
2010-08-11,164.0,164.0,160.0,161.0
2010-08-12,159.0,163.0,159.0,163.0
2010-08-13,164.0,164.0,162.0,163.0
2010-08-16,161.0,163.0,159.0,160.0
2010-08-17,158.0,160.0,158.0,158.0
2010-08-18,160.0,160.0,156.0,158.0
2010-08-19,157.0,158.0,156.0,156.0
2010-08-20,155.0,155.0,151.0,151.0
2010-08-23,151.0,151.0,149.0,150.0
2010-08-24,146.0,146.0,142.0,143.0
2010-08-25,143.0,144.0,140.0,141.0
2010-08-26,142.0,142.0,135.0,137.0
2010-08-27,139.0,144.0,138.0,144.0
2010-08-30,148.0,153.0,148.0,151.0
2010-08-31,149.0,149.0,146.0,148.0
2010-09-01,146.0,147.0,143.0,144.0
2010-09-02,143.0,147.0,140.0,147.0
2010-09-03,149.0,149.0,147.0,148.0
2010-09-06,151.0,154.0,149.0,154.0
2010-09-07,150.0,153.0,149.0,152.0
2010-09-08,151.0,151.0,147.0,147.0
2010-09-09,149.0,152.0,149.0,150.0
2010-09-10,147.0,160.0,147.0,159.0
2010-09-13,157.0,159.0,156.0,156.0
2010-09-14,155.0,156.0,154.0,155.0
2010-09-16,154.0,154.0,153.0,153.0
2010-09-17,154.0,155.0,153.0,155.0
2010-09-21,156.0,156.0,149.0,150.0
2010-09-22,151.0,151.0,150.0,150.0
2010-09-24,148.0,151.0,148.0,149.0
2010-09-27,150.0,150.0,146.0,148.0
2010-09-28,147.0,173.0,147.0,164.0
2010-09-29,159.0,163.0,157.0,163.0
2010-09-30,160.0,160.0,157.0,159.0
2010-10-01,158.0,158.0,155.0,158.0
2010-10-04,153.0,155.0,151.0,151.0
2010-10-05,150.0,155.0,147.0,155.0
2010-10-06,154.0,158.0,153.0,157.0
2010-10-07,157.0,161.0,157.0,160.0
2010-10-08,158.0,158.0,157.0,157.0
2010-10-12,152.0,153.0,146.0,147.0
2010-10-13,142.0,143.0,139.0,139.0
2010-10-14,140.0,146.0,140.0,145.0
2010-10-15,142.0,142.0,139.0,139.0
2010-10-18,139.0,141.0,139.0,141.0
2010-10-19,142.0,143.0,141.0,141.0
2010-10-20,140.0,143.0,139.0,139.0
2010-10-21,138.0,139.0,137.0,137.0
2010-10-22,137.0,139.0,137.0,137.0
2010-10-25,137.0,137.0,132.0,132.0
2010-10-26,132.0,132.0,122.0,123.0
2010-10-27,124.0,125.0,121.0,123.0
2010-10-28,122.0,122.0,117.0,117.0
2010-10-29,122.0,122.0,117.0,117.0
2010-11-01,114.0,114.0,112.0,114.0
2010-11-02,116.0,118.0,116.0,116.0
2010-11-04,118.0,119.0,117.0,117.0
2010-11-05,117.0,122.0,117.0,121.0
2010-11-08,127.0,127.0,125.0,126.0
2010-11-09,127.0,127.0,125.0,126.0
2010-11-10,126.0,132.0,126.0,131.0
2010-11-11,133.0,133.0,128.0,130.0
2010-11-12,131.0,131.0,127.0,127.0
2010-11-15,127.0,127.0,125.0,126.0
2010-11-16,127.0,128.0,126.0,128.0
2010-11-17,127.0,131.0,127.0,131.0
2010-11-18,133.0,140.0,132.0,139.0
2010-11-19,143.0,144.0,137.0,138.0
2010-11-22,141.0,143.0,140.0,141.0
2010-11-24,139.0,139.0,135.0,138.0
2010-11-25,141.0,143.0,140.0,141.0
2010-11-26,141.0,141.0,139.0,139.0
2010-11-29,140.0,142.0,140.0,140.0
2010-11-30,141.0,141.0,134.0,134.0
2010-12-01,132.0,135.0,132.0,134.0
2010-12-02,137.0,139.0,136.0,137.0
2010-12-03,138.0,138.0,136.0,137.0
2010-12-06,137.0,139.0,136.0,138.0
2010-12-07,138.0,139.0,137.0,139.0
2010-12-08,139.0,141.0,138.0,140.0
2010-12-09,139.0,144.0,139.0,143.0
2010-12-10,142.0,143.0,138.0,140.0
2010-12-13,138.0,140.0,137.0,139.0
2010-12-14,140.0,144.0,140.0,141.0
2010-12-15,142.0,144.0,141.0,144.0
2010-12-16,147.0,149.0,144.0,148.0
2010-12-17,148.0,151.0,148.0,150.0
2010-12-20,149.0,150.0,145.0,146.0
2010-12-21,143.0,146.0,143.0,146.0
2010-12-22,148.0,149.0,147.0,147.0
2010-12-24,145.0,145.0,143.0,143.0
2010-12-27,144.0,144.0,141.0,142.0
2010-12-28,142.0,143.0,140.0,141.0
2010-12-29,141.0,144.0,140.0,144.0
2010-12-30,145.0,145.0,141.0,142.0
2011-01-04,144.0,146.0,143.0,143.0
2011-01-05,144.0,146.0,143.0,145.0
2011-01-06,147.0,152.0,147.0,150.0
2011-01-07,151.0,151.0,149.0,149.0
2011-01-11,148.0,151.0,147.0,150.0
2011-01-12,151.0,152.0,149.0,149.0
2011-01-13,151.0,151.0,149.0,150.0
2011-01-14,149.0,150.0,148.0,149.0
2011-01-17,149.0,150.0,148.0,148.0
2011-01-18,149.0,151.0,148.0,150.0
2011-01-19,150.0,151.0,149.0,150.0
2011-01-20,148.0,149.0,147.0,147.0
2011-01-21,146.0,146.0,137.0,139.0
2011-01-24,139.0,139.0,130.0,131.0
2011-01-25,132.0,136.0,132.0,134.0
2011-01-26,136.0,137.0,134.0,135.0
2011-01-27,135.0,135.0,133.0,135.0
2011-01-28,135.0,135.0,130.0,131.0
2011-01-31,130.0,130.0,127.0,129.0
2011-02-01,129.0,131.0,129.0,131.0
2011-02-02,132.0,137.0,132.0,134.0
2011-02-03,137.0,138.0,136.0,137.0
2011-02-04,138.0,140.0,138.0,138.0
2011-02-07,143.0,143.0,139.0,141.0
2011-02-08,142.0,144.0,142.0,143.0
2011-02-09,144.0,144.0,141.0,143.0
2011-02-10,139.0,142.0,139.0,141.0
2011-02-14,142.0,145.0,142.0,144.0
2011-02-15,145.0,145.0,143.0,144.0
2011-02-16,144.0,146.0,142.0,143.0
2011-02-17,145.0,147.0,144.0,145.0
2011-02-18,145.0,146.0,145.0,145.0
2011-02-21,145.0,145.0,144.0,145.0
2011-02-22,144.0,144.0,142.0,142.0
2011-02-23,139.0,143.0,138.0,141.0
2011-02-24,141.0,141.0,138.0,139.0
2011-02-25,135.0,138.0,135.0,137.0
2011-02-28,140.0,144.0,139.0,144.0
2011-03-01,145.0,145.0,143.0,143.0
2011-03-02,140.0,141.0,140.0,140.0
2011-03-03,140.0,144.0,140.0,142.0
2011-03-04,145.0,145.0,141.0,141.0
2011-03-07,141.0,141.0,137.0,137.0
2011-03-08,137.0,138.0,137.0,137.0
2011-03-09,137.0,140.0,137.0,138.0
2011-03-10,137.0,138.0,133.0,134.0
2011-03-11,129.0,135.0,129.0,134.0
2011-03-14,106.0,121.0,106.0,107.0
2011-03-15,105.0,105.0,85.0,93.0
2011-03-16,98.0,101.0,91.0,95.0
2011-03-17,89.0,93.0,86.0,92.0
2011-03-18,96.0,113.0,96.0,112.0
2011-03-22,116.0,120.0,115.0,119.0
2011-03-23,116.0,123.0,115.0,120.0
2011-03-24,119.0,123.0,119.0,121.0
2011-03-25,122.0,122.0,117.0,119.0
2011-03-28,120.0,121.0,115.0,119.0
2011-03-29,118.0,119.0,113.0,119.0
2011-03-30,120.0,122.0,118.0,122.0
2011-03-31,123.0,123.0,121.0,123.0
2011-04-01,120.0,122.0,118.0,120.0
2011-04-04,122.0,122.0,118.0,118.0
2011-04-05,116.0,116.0,110.0,113.0
2011-04-06,112.0,113.0,109.0,110.0
2011-04-07,110.0,112.0,110.0,110.0
2011-04-08,108.0,113.0,108.0,112.0
2011-04-11,112.0,114.0,112.0,113.0
2011-04-12,111.0,113.0,111.0,113.0
2011-04-13,113.0,118.0,113.0,117.0
2011-04-14,116.0,120.0,115.0,120.0
2011-04-15,120.0,123.0,117.0,118.0
2011-04-18,116.0,117.0,114.0,116.0
2011-04-19,116.0,117.0,116.0,117.0
2011-04-20,118.0,120.0,117.0,118.0
2011-04-21,120.0,122.0,118.0,119.0
2011-04-22,117.0,118.0,116.0,118.0
2011-04-25,118.0,121.0,118.0,119.0
2011-04-26,120.0,120.0,118.0,118.0
2011-04-27,120.0,122.0,117.0,118.0
2011-04-28,118.0,121.0,118.0,118.0
2011-05-02,119.0,119.0,114.0,119.0
2011-05-06,117.0,117.0,115.0,115.0
2011-05-09,116.0,117.0,111.0,114.0
2011-05-10,114.0,115.0,113.0,114.0
2011-05-11,116.0,116.0,115.0,115.0
2011-05-12,115.0,115.0,114.0,114.0
2011-05-13,114.0,114.0,111.0,111.0
2011-05-16,110.0,112.0,108.0,109.0
2011-05-17,108.0,108.0,105.0,105.0
2011-05-18,103.0,108.0,103.0,107.0
2011-05-19,107.0,109.0,105.0,106.0
2011-05-20,106.0,108.0,104.0,104.0
2011-05-23,102.0,104.0,101.0,102.0
2011-05-24,103.0,106.0,103.0,106.0
2011-05-25,105.0,105.0,102.0,102.0
2011-05-26,105.0,105.0,102.0,102.0
2011-05-27,102.0,102.0,100.0,101.0
2011-05-30,101.0,102.0,100.0,102.0
2011-05-31,102.0,102.0,97.0,97.0
2011-06-01,100.0,101.0,99.0,101.0
2011-06-02,100.0,100.0,99.0,100.0
2011-06-03,100.0,100.0,98.0,98.0
2011-06-06,98.0,98.0,96.0,96.0
2011-06-07,96.0,98.0,96.0,98.0
2011-06-08,97.0,98.0,97.0,97.0
2011-06-09,97.0,99.0,97.0,99.0
2011-06-10,99.0,101.0,98.0,99.0
2011-06-13,99.0,101.0,99.0,101.0
2011-06-14,101.0,102.0,101.0,102.0
2011-06-15,103.0,103.0,101.0,102.0
2011-06-16,100.0,102.0,100.0,100.0
2011-06-17,100.0,100.0,98.0,98.0
2011-06-20,97.0,101.0,97.0,101.0
2011-06-21,101.0,103.0,101.0,103.0
2011-06-22,103.0,106.0,103.0,106.0
2011-06-23,105.0,106.0,103.0,105.0
2011-06-24,105.0,106.0,104.0,106.0
2011-06-27,107.0,111.0,107.0,109.0
2011-06-28,112.0,115.0,111.0,113.0
2011-06-29,115.0,117.0,113.0,116.0
2011-06-30,116.0,116.0,112.0,115.0
2011-07-01,117.0,119.0,116.0,116.0
2011-07-04,119.0,121.0,119.0,120.0
2011-07-05,120.0,121.0,119.0,120.0
2011-07-06,119.0,119.0,117.0,118.0
2011-07-07,118.0,118.0,117.0,118.0
2011-07-08,119.0,120.0,118.0,118.0
2011-07-11,117.0,118.0,116.0,117.0
2011-07-12,114.0,115.0,113.0,114.0
2011-07-13,112.0,115.0,112.0,113.0
2011-07-14,115.0,115.0,113.0,115.0
2011-07-15,114.0,116.0,113.0,116.0
2011-07-19,114.0,115.0,113.0,114.0
2011-07-20,115.0,116.0,115.0,115.0
2011-07-21,115.0,115.0,114.0,114.0
2011-07-22,116.0,118.0,116.0,118.0
2011-07-25,119.0,120.0,117.0,118.0
2011-07-26,118.0,118.0,117.0,118.0
2011-07-27,116.0,116.0,115.0,115.0
2011-07-28,112.0,113.0,112.0,113.0
2011-07-29,112.0,113.0,110.0,111.0
2011-08-01,113.0,115.0,112.0,113.0
2011-08-02,113.0,113.0,112.0,112.0
2011-08-03,110.0,111.0,108.0,108.0
2011-08-04,108.0,113.0,108.0,110.0
2011-08-05,103.0,105.0,103.0,103.0
2011-08-08,103.0,103.0,100.0,101.0
2011-08-09,97.0,99.0,96.0,99.0
2011-08-10,100.0,101.0,99.0,100.0
2011-08-11,98.0,99.0,97.0,98.0
2011-08-12,100.0,100.0,98.0,99.0
2011-08-15,101.0,101.0,99.0,99.0
2011-08-16,100.0,101.0,97.0,98.0
2011-08-17,98.0,100.0,97.0,100.0
2011-08-18,100.0,100.0,99.0,99.0
2011-08-19,97.0,98.0,97.0,97.0
2011-08-22,96.0,97.0,93.0,93.0
2011-08-23,95.0,96.0,94.0,95.0
2011-08-24,96.0,97.0,93.0,95.0
2011-08-25,94.0,97.0,94.0,95.0
2011-08-26,96.0,96.0,95.0,96.0
2011-08-29,98.0,98.0,97.0,97.0
2011-08-30,99.0,102.0,99.0,99.0
2011-08-31,101.0,101.0,99.0,100.0
2011-09-01,101.0,102.0,100.0,101.0
2011-09-02,99.0,101.0,98.0,101.0
2011-09-05,97.0,97.0,96.0,96.0
2011-09-06,97.0,98.0,96.0,97.0
2011-09-07,97.0,98.0,93.0,96.0
2011-09-08,96.0,96.0,95.0,95.0
2011-09-09,95.0,96.0,93.0,96.0
2011-09-12,92.0,93.0,92.0,93.0
2011-09-13,92.0,94.0,92.0,94.0
2011-09-14,94.0,94.0,92.0,94.0
2011-09-15,94.0,96.0,93.0,95.0
2011-09-16,97.0,99.0,91.0,98.0
2011-09-20,91.0,95.0,91.0,94.0
2011-09-21,96.0,98.0,96.0,97.0
2011-09-22,96.0,97.0,94.0,95.0
2011-09-26,96.0,96.0,92.0,93.0
2011-09-27,97.0,97.0,96.0,97.0
2011-09-28,98.0,102.0,97.0,99.0
2011-09-29,97.0,102.0,97.0,102.0
2011-09-30,104.0,105.0,103.0,104.0
2011-10-03,99.0,103.0,99.0,102.0
2011-10-04,101.0,101.0,98.0,99.0
2011-10-05,100.0,100.0,96.0,96.0
2011-10-06,98.0,98.0,96.0,97.0
2011-10-07,98.0,101.0,98.0,100.0
2011-10-11,101.0,102.0,100.0,101.0
2011-10-12,101.0,101.0,99.0,100.0
2011-10-13,101.0,102.0,101.0,101.0
2011-10-14,101.0,101.0,99.0,99.0
2011-10-17,99.0,101.0,99.0,100.0
2011-10-18,100.0,101.0,99.0,99.0
2011-10-19,99.0,100.0,99.0,100.0
2011-10-20,99.0,100.0,99.0,100.0
2011-10-21,100.0,100.0,97.0,97.0
2011-10-24,98.0,100.0,98.0,99.0
2011-10-25,98.0,100.0,98.0,98.0
2011-10-26,98.0,99.0,98.0,98.0
2011-10-27,100.0,104.0,99.0,104.0
2011-10-28,105.0,109.0,105.0,106.0
2011-10-31,105.0,106.0,104.0,105.0
2011-11-01,105.0,107.0,104.0,105.0
2011-11-02,103.0,103.0,100.0,102.0
2011-11-04,102.0,102.0,100.0,101.0
2011-11-07,101.0,101.0,99.0,99.0
2011-11-08,100.0,100.0,96.0,96.0
2011-11-09,98.0,100.0,97.0,100.0
2011-11-10,97.0,99.0,97.0,99.0
2011-11-11,100.0,101.0,99.0,100.0
2011-11-14,102.0,102.0,100.0,100.0
2011-11-15,101.0,101.0,100.0,100.0
2011-11-16,100.0,100.0,99.0,100.0
2011-11-17,99.0,100.0,98.0,99.0
2011-11-18,101.0,101.0,99.0,99.0
2011-11-21,99.0,100.0,99.0,100.0
2011-11-22,98.0,99.0,98.0,99.0
2011-11-24,99.0,100.0,98.0,98.0
2011-11-25,98.0,99.0,98.0,98.0
2011-11-28,99.0,100.0,99.0,99.0
2011-11-29,100.0,103.0,100.0,103.0
2011-11-30,101.0,103.0,99.0,100.0
2011-12-01,102.0,103.0,100.0,103.0
2011-12-02,102.0,102.0,99.0,100.0
2011-12-05,100.0,102.0,100.0,101.0
2011-12-06,101.0,101.0,98.0,99.0
2011-12-07,99.0,99.0,98.0,99.0
2011-12-08,99.0,101.0,99.0,99.0
2011-12-09,98.0,100.0,98.0,99.0
2011-12-12,100.0,100.0,99.0,100.0
2011-12-13,100.0,100.0,98.0,100.0
2011-12-14,100.0,100.0,99.0,100.0
2011-12-15,99.0,99.0,98.0,98.0
2011-12-16,98.0,98.0,97.0,98.0
2011-12-19,96.0,96.0,95.0,95.0
2011-12-20,95.0,99.0,95.0,99.0
2011-12-21,99.0,99.0,96.0,97.0
2011-12-22,97.0,98.0,96.0,98.0
2011-12-26,99.0,99.0,96.0,96.0
2011-12-27,96.0,96.0,95.0,96.0
2011-12-28,96.0,96.0,94.0,95.0
2011-12-29,95.0,95.0,94.0,94.0
2011-12-30,96.0,96.0,95.0,96.0
2012-01-04,96.0,98.0,96.0,98.0
2012-01-05,99.0,99.0,98.0,98.0
2012-01-06,98.0,98.0,97.0,97.0
2012-01-10,97.0,97.0,96.0,96.0
2012-01-11,97.0,97.0,95.0,96.0
2012-01-12,95.0,96.0,95.0,96.0
2012-01-13,96.0,98.0,96.0,97.0
2012-01-16,97.0,98.0,96.0,98.0
2012-01-17,98.0,99.0,97.0,99.0
2012-01-18,99.0,102.0,99.0,100.0
2012-01-19,101.0,103.0,99.0,101.0
2012-01-20,102.0,104.0,102.0,104.0
2012-01-23,106.0,106.0,105.0,106.0
2012-01-24,106.0,106.0,103.0,104.0
2012-01-25,103.0,106.0,102.0,106.0
2012-01-26,106.0,106.0,105.0,105.0
2012-01-27,104.0,105.0,103.0,104.0
2012-01-30,101.0,103.0,101.0,102.0
2012-01-31,101.0,102.0,100.0,101.0
2012-02-01,101.0,102.0,100.0,101.0
2012-02-02,102.0,117.0,102.0,109.0
2012-02-03,109.0,114.0,106.0,110.0
2012-02-06,114.0,114.0,111.0,113.0
2012-02-07,113.0,113.0,112.0,113.0
2012-02-08,113.0,118.0,112.0,118.0
2012-02-09,118.0,120.0,116.0,119.0
2012-02-10,122.0,130.0,120.0,120.0
2012-02-13,120.0,122.0,120.0,121.0
2012-02-14,121.0,125.0,120.0,125.0
2012-02-15,126.0,132.0,125.0,132.0
2012-02-16,129.0,132.0,128.0,130.0
2012-02-17,134.0,134.0,130.0,132.0
2012-02-20,132.0,134.0,131.0,133.0
2012-02-21,131.0,133.0,130.0,131.0
2012-02-22,131.0,139.0,130.0,138.0
2012-02-23,140.0,167.0,138.0,158.0
2012-02-24,158.0,162.0,154.0,158.0
2012-02-27,162.0,165.0,157.0,158.0
2012-02-28,153.0,168.0,153.0,167.0
2012-02-29,172.0,184.0,170.0,175.0
2012-03-01,174.0,178.0,168.0,170.0
2012-03-02,166.0,172.0,162.0,170.0
2012-03-05,168.0,173.0,166.0,170.0
2012-03-06,170.0,181.0,169.0,178.0
2012-03-07,172.0,182.0,172.0,181.0
2012-03-08,187.0,191.0,184.0,188.0
2012-03-09,190.0,197.0,187.0,196.0
2012-03-12,202.0,215.0,200.0,213.0
2012-03-13,211.0,226.0,210.0,220.0
2012-03-14,228.0,238.0,226.0,236.0
2012-03-15,236.0,242.0,221.0,224.0
2012-03-16,227.0,231.0,221.0,229.0
2012-03-19,230.0,234.0,227.0,234.0
2012-03-21,230.0,235.0,224.0,225.0
2012-03-22,221.0,228.0,221.0,224.0
2012-03-23,221.0,225.0,220.0,223.0
2012-03-26,227.0,227.0,216.0,216.0
2012-03-27,224.0,231.0,220.0,229.0
2012-03-28,225.0,231.0,224.0,226.0
2012-03-29,226.0,229.0,221.0,224.0
2012-03-30,223.0,229.0,222.0,227.0
2012-04-02,226.0,233.0,226.0,230.0
2012-04-03,229.0,230.0,219.0,219.0
2012-04-04,219.0,222.0,212.0,212.0
2012-04-05,204.0,212.0,203.0,208.0
2012-04-06,207.0,210.0,203.0,203.0
2012-04-09,200.0,206.0,196.0,203.0
2012-04-10,203.0,217.0,202.0,204.0
2012-04-11,198.0,204.0,197.0,204.0
2012-04-12,205.0,207.0,199.0,202.0
2012-04-13,207.0,213.0,206.0,211.0
2012-04-16,207.0,209.0,203.0,206.0
2012-04-17,204.0,208.0,200.0,200.0
2012-04-18,207.0,208.0,199.0,206.0
2012-04-19,205.0,208.0,203.0,204.0
2012-04-20,202.0,208.0,202.0,206.0
2012-04-23,208.0,213.0,208.0,208.0
2012-04-24,205.0,206.0,203.0,203.0
2012-04-25,207.0,210.0,204.0,210.0
2012-04-26,209.0,212.0,207.0,207.0
2012-04-27,209.0,213.0,201.0,203.0
2012-05-01,201.0,201.0,194.0,196.0
2012-05-02,196.0,201.0,194.0,200.0
2012-05-07,194.0,194.0,188.0,190.0
2012-05-08,188.0,192.0,185.0,191.0
2012-05-09,189.0,189.0,181.0,181.0
2012-05-10,180.0,185.0,178.0,181.0
2012-05-11,179.0,184.0,169.0,169.0
2012-05-14,167.0,177.0,167.0,170.0
2012-05-15,165.0,169.0,160.0,168.0
2012-05-16,164.0,168.0,160.0,163.0
2012-05-17,160.0,177.0,159.0,177.0
2012-05-18,167.0,169.0,165.0,168.0
2012-05-21,163.0,168.0,163.0,165.0
2012-05-22,170.0,173.0,168.0,171.0
2012-05-23,171.0,171.0,159.0,160.0
2012-05-24,160.0,162.0,156.0,161.0
2012-05-25,162.0,162.0,157.0,160.0
2012-05-28,164.0,164.0,156.0,161.0
2012-05-29,159.0,168.0,158.0,166.0
2012-05-30,168.0,168.0,160.0,165.0
2012-05-31,160.0,162.0,158.0,161.0
2012-06-01,160.0,162.0,157.0,157.0
2012-06-04,154.0,154.0,151.0,152.0
2012-06-05,152.0,160.0,152.0,159.0
2012-06-06,160.0,166.0,159.0,166.0
2012-06-07,171.0,179.0,169.0,179.0
2012-06-08,176.0,177.0,167.0,171.0
2012-06-11,175.0,182.0,174.0,180.0
2012-06-12,175.0,182.0,173.0,181.0
2012-06-13,183.0,185.0,176.0,176.0
2012-06-14,173.0,181.0,173.0,177.0
2012-06-15,179.0,179.0,173.0,173.0
2012-06-18,183.0,183.0,179.0,180.0
2012-06-19,180.0,180.0,176.0,177.0
2012-06-20,180.0,181.0,179.0,180.0
2012-06-21,183.0,184.0,181.0,183.0
2012-06-22,178.0,184.0,178.0,184.0
2012-06-25,188.0,189.0,183.0,183.0
2012-06-26,180.0,181.0,176.0,177.0
2012-06-27,178.0,179.0,175.0,178.0
2012-06-28,180.0,181.0,178.0,180.0
2012-06-29,177.0,182.0,173.0,181.0
2012-07-02,184.0,185.0,178.0,179.0
2012-07-03,180.0,182.0,177.0,179.0
2012-07-04,179.0,179.0,174.0,174.0
2012-07-05,175.0,176.0,174.0,175.0
2012-07-06,172.0,174.0,172.0,172.0
2012-07-09,172.0,172.0,168.0,168.0
2012-07-10,168.0,170.0,163.0,166.0
2012-07-11,161.0,162.0,159.0,160.0
2012-07-12,159.0,160.0,154.0,158.0
2012-07-13,154.0,158.0,154.0,157.0
2012-07-17,156.0,160.0,154.0,156.0
2012-07-18,156.0,158.0,150.0,155.0
2012-07-19,152.0,153.0,148.0,151.0
2012-07-20,149.0,149.0,138.0,142.0
2012-07-23,134.0,135.0,129.0,130.0
2012-07-24,131.0,134.0,129.0,131.0
2012-07-25,129.0,131.0,125.0,128.0
2012-07-26,129.0,137.0,126.0,130.0
2012-07-27,140.0,142.0,138.0,140.0
2012-07-30,145.0,149.0,143.0,146.0
2012-07-31,144.0,150.0,143.0,146.0
2012-08-01,144.0,146.0,142.0,142.0
2012-08-02,141.0,144.0,141.0,141.0
2012-08-03,136.0,137.0,134.0,134.0
2012-08-06,139.0,140.0,136.0,137.0
2012-08-07,138.0,143.0,137.0,142.0
2012-08-08,141.0,145.0,137.0,144.0
2012-08-09,137.0,141.0,137.0,140.0
2012-08-10,139.0,139.0,134.0,139.0
2012-08-13,140.0,140.0,137.0,138.0
2012-08-14,139.0,145.0,138.0,140.0
2012-08-15,145.0,145.0,139.0,144.0
2012-08-16,142.0,150.0,142.0,146.0
2012-08-17,152.0,160.0,152.0,157.0
2012-08-20,158.0,159.0,154.0,158.0
2012-08-21,154.0,157.0,153.0,155.0
2012-08-22,155.0,158.0,149.0,151.0
2012-08-23,150.0,150.0,148.0,149.0
2012-08-24,145.0,147.0,145.0,146.0
2012-08-27,148.0,149.0,140.0,142.0
2012-08-28,143.0,145.0,134.0,136.0
2012-08-29,132.0,139.0,132.0,137.0
2012-08-30,135.0,136.0,134.0,134.0
2012-08-31,130.0,136.0,130.0,134.0
2012-09-03,136.0,146.0,134.0,144.0
2012-09-04,140.0,141.0,137.0,139.0
2012-09-05,136.0,137.0,132.0,135.0
2012-09-06,134.0,136.0,133.0,135.0
2012-09-07,145.0,146.0,138.0,141.0
2012-09-10,142.0,145.0,141.0,145.0
2012-09-11,143.0,143.0,141.0,142.0
2012-09-12,141.0,144.0,141.0,143.0
2012-09-13,141.0,142.0,141.0,142.0
2012-09-14,143.0,152.0,142.0,150.0
2012-09-18,154.0,155.0,150.0,153.0
2012-09-19,152.0,162.0,150.0,161.0
2012-09-20,158.0,159.0,151.0,151.0
2012-09-21,148.0,151.0,148.0,149.0
2012-09-24,148.0,148.0,145.0,148.0
2012-09-25,146.0,152.0,146.0,152.0
2012-09-26,147.0,147.0,146.0,146.0
2012-09-27,145.0,148.0,143.0,148.0
2012-09-28,149.0,149.0,143.0,143.0
2012-10-01,141.0,142.0,138.0,139.0
2012-10-02,140.0,141.0,137.0,137.0
2012-10-03,137.0,140.0,137.0,138.0
2012-10-04,140.0,144.0,140.0,143.0
2012-10-05,144.0,145.0,141.0,142.0
2012-10-09,139.0,140.0,138.0,138.0
2012-10-10,137.0,137.0,134.0,134.0
2012-10-11,134.0,139.0,134.0,137.0
2012-10-12,135.0,140.0,135.0,139.0
2012-10-15,138.0,142.0,137.0,141.0
2012-10-16,143.0,144.0,142.0,144.0
2012-10-17,145.0,146.0,144.0,145.0
2012-10-18,147.0,149.0,146.0,149.0
2012-10-19,149.0,149.0,145.0,147.0
2012-10-22,143.0,146.0,142.0,146.0
2012-10-23,147.0,147.0,143.0,144.0
2012-10-24,142.0,144.0,142.0,143.0
2012-10-25,142.0,148.0,142.0,148.0
2012-10-26,150.0,150.0,144.0,144.0
2012-10-29,145.0,145.0,142.0,142.0
2012-10-30,141.0,143.0,136.0,136.0
2012-10-31,139.0,143.0,139.0,141.0
2012-11-01,143.0,143.0,140.0,142.0
2012-11-02,147.0,148.0,145.0,147.0
2012-11-05,144.0,147.0,144.0,145.0
2012-11-06,143.0,144.0,141.0,142.0
2012-11-07,146.0,146.0,141.0,143.0
2012-11-08,139.0,141.0,138.0,140.0
2012-11-09,137.0,140.0,136.0,138.0
2012-11-12,138.0,139.0,135.0,136.0
2012-11-13,136.0,137.0,136.0,136.0
2012-11-14,136.0,138.0,135.0,136.0
2012-11-15,138.0,146.0,137.0,146.0
2012-11-16,147.0,155.0,146.0,153.0
2012-11-19,161.0,165.0,159.0,162.0
2012-11-20,166.0,168.0,161.0,164.0
2012-11-21,164.0,170.0,163.0,167.0
2012-11-22,170.0,182.0,169.0,181.0
2012-11-26,186.0,188.0,179.0,179.0
2012-11-27,178.0,183.0,177.0,181.0
2012-11-28,180.0,180.0,172.0,174.0
2012-11-29,175.0,179.0,175.0,177.0
2012-11-30,178.0,179.0,172.0,172.0
2012-12-03,175.0,175.0,170.0,172.0
2012-12-04,170.0,172.0,168.0,172.0
2012-12-05,171.0,174.0,168.0,174.0
2012-12-06,175.0,187.0,175.0,186.0
2012-12-07,186.0,193.0,183.0,193.0
2012-12-10,190.0,191.0,182.0,183.0
2012-12-11,183.0,183.0,179.0,182.0
2012-12-12,183.0,189.0,183.0,185.0
2012-12-13,190.0,200.0,189.0,195.0
2012-12-14,194.0,197.0,191.0,196.0
2012-12-17,202.0,206.0,198.0,201.0
2012-12-18,203.0,212.0,203.0,209.0
2012-12-19,220.0,224.0,219.0,222.0
2012-12-20,217.0,223.0,216.0,221.0
2012-12-21,225.0,229.0,203.0,209.0
2012-12-25,218.0,220.0,216.0,219.0
2012-12-26,225.0,240.0,224.0,240.0
2012-12-27,244.0,256.0,232.0,246.0
2012-12-28,249.0,249.0,234.0,246.0
2013-01-04,265.0,267.0,256.0,260.0
2013-01-07,260.0,261.0,247.0,248.0
2013-01-08,244.0,249.0,232.0,239.0
2013-01-09,227.0,249.0,227.0,247.0
2013-01-10,252.0,254.0,240.0,241.0
2013-01-11,246.0,248.0,235.0,239.0
2013-01-15,242.0,243.0,236.0,238.0
2013-01-16,238.0,239.0,230.0,232.0
2013-01-17,234.0,236.0,221.0,227.0
2013-01-18,236.0,260.0,233.0,254.0
2013-01-21,263.0,264.0,252.0,259.0
2013-01-22,261.0,264.0,246.0,250.0
2013-01-23,243.0,253.0,238.0,240.0
2013-01-24,237.0,252.0,237.0,250.0
2013-01-25,258.0,259.0,251.0,253.0
2013-01-28,257.0,262.0,253.0,258.0
2013-01-29,255.0,266.0,251.0,261.0
2013-01-30,264.0,279.0,262.0,275.0
2013-01-31,278.0,316.0,275.0,310.0
2013-02-01,309.0,319.0,302.0,308.0
2013-02-04,314.0,335.0,313.0,334.0
2013-02-05,324.0,361.0,323.0,340.0
2013-02-06,358.0,372.0,355.0,368.0
2013-02-07,365.0,376.0,361.0,376.0
2013-02-08,380.0,391.0,371.0,380.0
2013-02-12,395.0,411.0,392.0,404.0
2013-02-13,400.0,406.0,376.0,387.0
2013-02-14,380.0,385.0,366.0,370.0
2013-02-15,359.0,365.0,341.0,359.0
2013-02-18,370.0,392.0,370.0,391.0
2013-02-19,385.0,400.0,385.0,391.0
2013-02-20,405.0,405.0,388.0,393.0
2013-02-21,385.0,393.0,383.0,390.0
2013-02-22,382.0,397.0,367.0,396.0
2013-02-25,410.0,410.0,392.0,395.0
2013-02-26,382.0,402.0,381.0,392.0
2013-02-27,394.0,399.0,384.0,386.0
2013-02-28,392.0,394.0,385.0,389.0
2013-03-01,390.0,397.0,387.0,396.0
2013-03-04,404.0,414.0,398.0,398.0
2013-03-05,405.0,406.0,387.0,391.0
2013-03-06,405.0,408.0,394.0,398.0
2013-03-07,397.0,399.0,388.0,391.0
2013-03-08,396.0,402.0,391.0,395.0
2013-03-11,398.0,412.0,396.0,410.0
2013-03-12,418.0,430.0,405.0,408.0
2013-03-13,404.0,415.0,404.0,409.0
2013-03-14,415.0,449.0,412.0,446.0
2013-03-15,450.0,484.0,449.0,477.0
2013-03-18,485.0,524.0,481.0,499.0
2013-03-19,510.0,532.0,502.0,531.0
2013-03-21,550.0,584.0,545.0,574.0
2013-03-22,583.0,608.0,560.0,563.0
2013-03-25,595.0,595.0,560.0,570.0
2013-03-26,556.0,564.0,542.0,547.0
2013-03-27,549.0,570.0,537.0,570.0
2013-03-28,569.0,570.0,538.0,552.0
2013-03-29,550.0,553.0,514.0,535.0
2013-04-01,525.0,525.0,467.0,474.0
2013-04-02,446.0,520.0,442.0,510.0
2013-04-03,530.0,535.0,505.0,516.0
2013-04-04,495.0,534.0,488.0,534.0
2013-04-05,579.0,584.0,544.0,557.0
2013-04-08,579.0,600.0,570.0,600.0
2013-04-09,615.0,620.0,574.0,582.0
2013-04-10,586.0,598.0,575.0,581.0
2013-04-11,592.0,594.0,562.0,580.0
2013-04-12,570.0,574.0,560.0,565.0
2013-04-15,552.0,567.0,550.0,556.0
2013-04-16,540.0,594.0,536.0,586.0
2013-04-17,595.0,595.0,576.0,587.0
2013-04-18,581.0,608.0,580.0,593.0
2013-04-19,600.0,615.0,580.0,589.0
2013-04-22,602.0,604.0,592.0,595.0
2013-04-23,595.0,599.0,583.0,591.0
2013-04-24,595.0,599.0,577.0,583.0
2013-04-25,585.0,585.0,565.0,577.0
2013-04-26,578.0,580.0,560.0,563.0
2013-04-30,571.0,602.0,565.0,595.0
2013-05-01,588.0,597.0,580.0,584.0
2013-05-02,576.0,588.0,572.0,576.0
2013-05-07,586.0,592.0,580.0,584.0
2013-05-08,585.0,589.0,576.0,579.0
2013-05-09,580.0,590.0,562.0,564.0
2013-05-10,580.0,583.0,563.0,576.0
2013-05-13,585.0,610.0,583.0,600.0
2013-05-14,608.0,609.0,586.0,597.0
2013-05-15,608.0,608.0,553.0,563.0
2013-05-16,567.0,572.0,501.0,537.0
2013-05-17,530.0,579.0,517.0,571.0
2013-05-20,580.0,584.0,568.0,573.0
2013-05-21,564.0,575.0,557.0,561.0
2013-05-22,557.0,565.0,540.0,549.0
2013-05-23,541.0,547.0,502.0,504.0
2013-05-24,519.0,535.0,472.0,506.0
2013-05-27,480.0,495.0,465.0,481.0
2013-05-28,470.0,490.0,458.0,477.0
2013-05-29,487.0,501.0,470.0,493.0
2013-05-30,482.0,483.0,461.0,466.0
2013-05-31,468.0,484.0,451.0,470.0
2013-06-03,455.0,460.0,425.0,433.0
2013-06-04,430.0,459.0,411.0,457.0
2013-06-05,465.0,469.0,434.0,438.0
2013-06-06,422.0,447.0,411.0,411.0
2013-06-07,395.0,418.0,375.0,399.0
2013-06-10,423.0,443.0,417.0,443.0
2013-06-11,445.0,468.0,441.0,455.0
2013-06-12,441.0,447.0,425.0,445.0
2013-06-13,426.0,436.0,418.0,421.0
2013-06-14,440.0,441.0,400.0,405.0
2013-06-17,395.0,422.0,395.0,418.0
2013-06-18,424.0,430.0,413.0,418.0
2013-06-19,430.0,433.0,421.0,431.0
2013-06-20,426.0,427.0,412.0,417.0
2013-06-21,397.0,414.0,395.0,411.0
2013-06-24,420.0,427.0,408.0,409.0
2013-06-25,405.0,410.0,389.0,396.0
2013-06-26,404.0,404.0,378.0,378.0
2013-06-27,380.0,383.0,355.0,379.0
2013-06-28,385.0,421.0,385.0,417.0
2013-07-01,425.0,459.0,421.0,459.0
2013-07-02,470.0,477.0,457.0,472.0
2013-07-03,475.0,486.0,461.0,480.0
2013-07-04,481.0,508.0,475.0,500.0
2013-07-05,510.0,518.0,503.0,515.0
2013-07-08,525.0,539.0,516.0,524.0
2013-07-09,535.0,535.0,512.0,527.0
2013-07-10,526.0,528.0,508.0,514.0
2013-07-11,501.0,521.0,501.0,517.0
2013-07-12,525.0,527.0,517.0,519.0
2013-07-16,518.0,523.0,510.0,514.0
2013-07-17,512.0,518.0,509.0,514.0
2013-07-18,515.0,517.0,508.0,510.0
2013-07-19,513.0,513.0,476.0,485.0
2013-07-22,490.0,498.0,485.0,496.0
2013-07-23,491.0,518.0,491.0,511.0
2013-07-24,508.0,515.0,503.0,513.0
2013-07-25,514.0,517.0,499.0,499.0
2013-07-26,492.0,501.0,468.0,487.0
2013-07-29,471.0,482.0,452.0,456.0
2013-07-30,448.0,493.0,448.0,490.0
2013-07-31,489.0,493.0,478.0,478.0
2013-08-01,479.0,493.0,473.0,491.0
2013-08-02,497.0,511.0,497.0,509.0
2013-08-05,503.0,511.0,500.0,505.0
2013-08-06,500.0,507.0,486.0,501.0
2013-08-07,491.0,496.0,483.0,484.0
2013-08-08,480.0,487.0,466.0,470.0
2013-08-09,473.0,481.0,461.0,463.0
2013-08-12,455.0,458.0,448.0,450.0
2013-08-13,453.0,466.0,451.0,464.0
2013-08-14,480.0,485.0,460.0,474.0
2013-08-15,465.0,473.0,462.0,462.0
2013-08-16,454.0,472.0,454.0,467.0
2013-08-19,469.0,474.0,464.0,468.0
2013-08-20,465.0,473.0,457.0,458.0
2013-08-21,463.0,463.0,449.0,458.0
2013-08-22,453.0,458.0,447.0,449.0
2013-08-23,458.0,473.0,456.0,466.0
2013-08-26,474.0,474.0,460.0,462.0
2013-08-27,459.0,463.0,454.0,458.0
2013-08-28,440.0,446.0,432.0,437.0
2013-08-29,438.0,442.0,433.0,435.0
2013-08-30,437.0,443.0,426.0,426.0
2013-09-02,431.0,449.0,425.0,446.0
2013-09-03,455.0,468.0,455.0,464.0
2013-09-04,462.0,469.0,451.0,468.0
2013-09-05,476.0,478.0,461.0,467.0
2013-09-06,467.0,469.0,452.0,457.0
2013-09-09,481.0,496.0,479.0,496.0
2013-09-10,496.0,509.0,496.0,506.0
2013-09-11,512.0,517.0,502.0,507.0
2013-09-12,508.0,510.0,496.0,503.0
2013-09-13,505.0,510.0,501.0,508.0
2013-09-17,512.0,518.0,512.0,514.0
2013-09-18,519.0,527.0,517.0,523.0
2013-09-19,537.0,558.0,531.0,555.0
2013-09-20,564.0,580.0,562.0,580.0
2013-09-24,551.0,560.0,547.0,557.0
2013-09-25,556.0,557.0,548.0,552.0
2013-09-26,525.0,554.0,517.0,554.0
2013-09-27,551.0,559.0,546.0,548.0
2013-09-30,528.0,538.0,525.0,528.0
2013-10-01,524.0,533.0,522.0,526.0
2013-10-02,522.0,529.0,499.0,502.0
2013-10-03,498.0,511.0,497.0,505.0
2013-10-04,498.0,501.0,490.0,493.0
2013-10-07,493.0,495.0,472.0,473.0
2013-10-08,467.0,490.0,465.0,485.0
2013-10-09,478.0,505.0,475.0,504.0
2013-10-10,506.0,509.0,496.0,501.0
2013-10-11,518.0,520.0,514.0,516.0
2013-10-15,520.0,522.0,485.0,491.0
2013-10-16,490.0,499.0,488.0,493.0
2013-10-17,509.0,513.0,497.0,502.0
2013-10-18,500.0,506.0,486.0,492.0
2013-10-21,492.0,500.0,492.0,499.0
2013-10-22,501.0,502.0,490.0,491.0
2013-10-23,495.0,497.0,486.0,487.0
2013-10-24,483.0,498.0,480.0,494.0
2013-10-25,492.0,492.0,481.0,483.0
2013-10-28,490.0,492.0,484.0,485.0
2013-10-29,485.0,489.0,485.0,485.0
2013-10-30,488.0,493.0,480.0,480.0
2013-10-31,480.0,484.0,469.0,469.0
2013-11-01,462.0,464.0,446.0,450.0
2013-11-05,450.0,462.0,445.0,460.0
2013-11-06,458.0,469.0,457.0,464.0
2013-11-07,464.0,466.0,458.0,458.0
2013-11-08,452.0,465.0,451.0,460.0
2013-11-11,463.0,477.0,452.0,454.0
2013-11-12,451.0,466.0,451.0,462.0
2013-11-13,463.0,465.0,459.0,464.0
2013-11-14,467.0,485.0,467.0,485.0
2013-11-15,494.0,510.0,493.0,508.0
2013-11-18,523.0,528.0,509.0,511.0
2013-11-19,507.0,515.0,502.0,509.0
2013-11-20,510.0,512.0,506.0,510.0
2013-11-21,507.0,516.0,503.0,505.0
2013-11-22,515.0,517.0,504.0,507.0
2013-11-25,508.0,511.0,494.0,498.0
2013-11-26,490.0,503.0,486.0,501.0
2013-11-27,494.0,500.0,492.0,494.0
2013-11-28,500.0,504.0,495.0,497.0
2013-11-29,496.0,500.0,494.0,495.0
2013-12-02,494.0,507.0,493.0,506.0
2013-12-03,506.0,507.0,496.0,502.0
2013-12-04,496.0,497.0,487.0,489.0
2013-12-05,490.0,497.0,484.0,488.0
2013-12-06,483.0,491.0,480.0,487.0
2013-12-09,499.0,499.0,492.0,496.0
2013-12-10,494.0,496.0,489.0,493.0
2013-12-11,487.0,490.0,482.0,487.0
2013-12-12,483.0,485.0,479.0,483.0
2013-12-13,484.0,486.0,475.0,482.0
2013-12-16,479.0,479.0,469.0,469.0
2013-12-17,471.0,474.0,465.0,469.0
2013-12-18,467.0,481.0,466.0,480.0
2013-12-19,488.0,494.0,484.0,486.0
2013-12-20,481.0,483.0,472.0,478.0
2013-12-24,478.0,484.0,470.0,472.0
2013-12-25,469.0,475.0,467.0,472.0
2013-12-26,474.0,504.0,474.0,502.0
2013-12-27,504.0,506.0,491.0,504.0
2013-12-30,512.0,515.0,506.0,514.0
2014-01-06,513.0,516.0,505.0,511.0
2014-01-07,507.0,512.0,502.0,503.0
2014-01-08,507.0,519.0,505.0,519.0
2014-01-09,516.0,518.0,511.0,514.0
2014-01-10,514.0,517.0,510.0,517.0
2014-01-14,498.0,503.0,492.0,498.0
2014-01-15,509.0,510.0,500.0,505.0
2014-01-16,509.0,511.0,500.0,501.0
2014-01-17,498.0,501.0,498.0,500.0
2014-01-20,500.0,500.0,496.0,497.0
2014-01-21,499.0,506.0,496.0,501.0
2014-01-22,504.0,508.0,500.0,506.0
2014-01-23,509.0,509.0,502.0,502.0
2014-01-24,493.0,494.0,488.0,491.0
2014-01-27,471.0,477.0,471.0,473.0
2014-01-28,474.0,484.0,473.0,473.0
2014-01-29,481.0,490.0,478.0,487.0
2014-01-30,479.0,479.0,469.0,475.0
2014-01-31,481.0,483.0,461.0,471.0
2014-02-03,460.0,466.0,439.0,440.0
2014-02-04,410.0,421.0,401.0,412.0
2014-02-05,427.0,430.0,407.0,420.0
2014-02-06,420.0,427.0,417.0,420.0
2014-02-07,430.0,445.0,427.0,443.0
2014-02-10,453.0,458.0,444.0,449.0
2014-02-12,456.0,456.0,444.0,444.0
2014-02-13,444.0,444.0,435.0,437.0
2014-02-14,437.0,439.0,412.0,428.0
2014-02-17,429.0,438.0,419.0,435.0
2014-02-18,435.0,452.0,429.0,449.0
2014-02-19,445.0,451.0,441.0,444.0
2014-02-20,443.0,445.0,427.0,430.0
2014-02-21,434.0,438.0,428.0,437.0
2014-02-24,435.0,442.0,428.0,432.0
2014-02-25,436.0,439.0,433.0,437.0
2014-02-26,438.0,446.0,433.0,436.0
2014-02-27,438.0,438.0,430.0,431.0
2014-02-28,433.0,435.0,424.0,431.0
2014-03-03,423.0,429.0,413.0,428.0
2014-03-04,420.0,429.0,419.0,429.0
2014-03-05,432.0,436.0,428.0,428.0
2014-03-06,428.0,438.0,424.0,434.0
2014-03-07,440.0,443.0,436.0,441.0
2014-03-10,441.0,444.0,438.0,440.0
2014-03-11,437.0,446.0,437.0,443.0
2014-03-12,435.0,437.0,433.0,434.0
2014-03-13,432.0,434.0,431.0,432.0
2014-03-14,424.0,428.0,421.0,422.0
2014-03-17,418.0,425.0,406.0,409.0
2014-03-18,417.0,422.0,414.0,417.0
2014-03-19,414.0,425.0,407.0,417.0
2014-03-20,416.0,422.0,403.0,414.0
2014-03-24,410.0,454.0,410.0,452.0
2014-03-25,452.0,465.0,447.0,453.0
2014-03-26,450.0,452.0,431.0,438.0
2014-03-27,417.0,422.0,408.0,418.0
2014-03-28,417.0,442.0,417.0,441.0
2014-03-31,443.0,449.0,435.0,447.0
2014-04-01,441.0,446.0,435.0,436.0
2014-04-02,438.0,446.0,438.0,441.0
2014-04-03,443.0,444.0,439.0,439.0
2014-04-04,439.0,439.0,435.0,436.0
2014-04-07,425.0,428.0,420.0,421.0
2014-04-08,415.0,418.0,410.0,413.0
2014-04-09,408.0,410.0,402.0,402.0
2014-04-10,410.0,413.0,399.0,401.0
2014-04-11,386.0,394.0,381.0,392.0
2014-04-14,387.0,396.0,387.0,390.0
2014-04-15,395.0,398.0,385.0,387.0
2014-04-16,393.0,403.0,391.0,403.0
2014-04-17,407.0,413.0,406.0,407.0
2014-04-18,410.0,410.0,404.0,406.0
2014-04-21,405.0,412.0,404.0,405.0
2014-04-22,405.0,405.0,387.0,391.0
2014-04-23,393.0,399.0,383.0,387.0
2014-04-24,386.0,389.0,376.0,377.0
2014-04-25,376.0,385.0,372.0,379.0
2014-04-28,373.0,378.0,372.0,377.0
2014-04-30,377.0,377.0,354.0,356.0
2014-05-01,362.0,367.0,358.0,365.0
2014-05-02,365.0,372.0,363.0,367.0
2014-05-07,357.0,358.0,345.0,345.0
2014-05-08,348.0,349.0,342.0,344.0
2014-05-09,342.0,350.0,341.0,347.0
2014-05-12,346.0,349.0,336.0,338.0
2014-05-13,344.0,353.0,342.0,348.0
2014-05-14,344.0,353.0,343.0,348.0
2014-05-15,348.0,348.0,335.0,338.0
2014-05-16,335.0,337.0,331.0,335.0
2014-05-19,336.0,336.0,322.0,322.0
2014-05-20,322.0,328.0,320.0,325.0
2014-05-21,320.0,322.0,315.0,317.0
2014-05-22,319.0,333.0,318.0,329.0
2014-05-23,332.0,341.0,331.0,335.0
2014-05-26,342.0,351.0,342.0,351.0
2014-05-27,351.0,356.0,345.0,349.0
2014-05-28,350.0,352.0,342.0,346.0
2014-05-29,342.0,350.0,342.0,348.0
2014-05-30,352.0,355.0,340.0,344.0
2014-06-02,345.0,353.0,345.0,351.0
2014-06-03,355.0,370.0,355.0,369.0
2014-06-04,371.0,374.0,363.0,374.0
2014-06-05,378.0,379.0,367.0,371.0
2014-06-06,377.0,377.0,371.0,376.0
2014-06-09,386.0,393.0,383.0,390.0
2014-06-10,394.0,394.0,379.0,383.0
2014-06-11,380.0,383.0,376.0,380.0
2014-06-12,376.0,383.0,372.0,381.0
2014-06-13,376.0,391.0,376.0,389.0
2014-06-16,394.0,396.0,380.0,389.0
2014-06-17,389.0,393.0,387.0,388.0
2014-06-18,389.0,395.0,387.0,395.0
2014-06-19,395.0,405.0,392.0,405.0
2014-06-20,406.0,412.0,403.0,405.0
2014-06-23,413.0,415.0,405.0,406.0
2014-06-24,405.0,409.0,398.0,406.0
2014-06-25,401.0,406.0,396.0,397.0
2014-06-26,399.0,404.0,385.0,393.0
2014-06-27,390.0,391.0,379.0,382.0
2014-06-30,382.0,391.0,381.0,389.0
2014-07-01,393.0,400.0,390.0,396.0
2014-07-02,404.0,405.0,395.0,397.0
2014-07-03,399.0,400.0,388.0,391.0
2014-07-04,395.0,397.0,393.0,394.0
2014-07-07,394.0,395.0,388.0,390.0
2014-07-08,383.0,388.0,377.0,382.0
2014-07-09,374.0,378.0,371.0,374.0
2014-07-10,374.0,375.0,367.0,368.0
2014-07-11,364.0,371.0,362.0,370.0
2014-07-14,375.0,378.0,369.0,378.0
2014-07-15,380.0,385.0,377.0,379.0
2014-07-16,377.0,379.0,373.0,373.0
2014-07-17,376.0,377.0,369.0,372.0
2014-07-18,361.0,367.0,361.0,364.0
2014-07-22,365.0,378.0,361.0,372.0
2014-07-23,371.0,377.0,368.0,370.0
2014-07-24,370.0,375.0,368.0,373.0
2014-07-25,375.0,378.0,367.0,377.0
2014-07-28,378.0,388.0,377.0,387.0
2014-07-29,391.0,391.0,382.0,387.0
2014-07-30,381.0,383.0,376.0,378.0
2014-07-31,382.0,385.0,380.0,383.0
2014-08-01,373.0,378.0,370.0,372.0
2014-08-04,370.0,371.0,365.0,368.0
2014-08-05,368.0,373.0,366.0,368.0
2014-08-06,360.0,365.0,358.0,360.0
2014-08-07,360.0,367.0,358.0,366.0
2014-08-08,358.0,362.0,357.0,359.0
2014-08-11,368.0,369.0,362.0,367.0
2014-08-12,363.0,371.0,363.0,366.0
2014-08-13,364.0,372.0,363.0,370.0
2014-08-14,370.0,377.0,369.0,375.0
2014-08-15,373.0,376.0,367.0,374.0
2014-08-18,373.0,374.0,371.0,372.0
2014-08-19,375.0,377.0,374.0,374.0
2014-08-20,374.0,385.0,373.0,384.0
2014-08-21,382.0,400.0,379.0,399.0
2014-08-22,401.0,402.0,398.0,402.0
2014-08-25,404.0,406.0,401.0,402.0
2014-08-26,404.0,408.0,397.0,398.0
2014-08-27,398.0,404.0,397.0,400.0
2014-08-28,401.0,403.0,397.0,401.0
2014-08-29,399.0,400.0,396.0,398.0
2014-09-01,402.0,405.0,398.0,403.0
2014-09-02,401.0,419.0,401.0,417.0
2014-09-03,423.0,425.0,418.0,420.0
2014-09-04,421.0,422.0,413.0,414.0
2014-09-05,419.0,419.0,401.0,406.0
2014-09-08,414.0,418.0,411.0,415.0
2014-09-09,418.0,419.0,413.0,415.0
2014-09-10,408.0,413.0,408.0,411.0
2014-09-11,415.0,418.0,412.0,413.0
2014-09-12,411.0,413.0,408.0,409.0
2014-09-16,411.0,413.0,408.0,410.0
2014-09-17,408.0,411.0,392.0,399.0
2014-09-18,402.0,414.0,402.0,411.0
2014-09-19,414.0,417.0,412.0,416.0
2014-09-22,418.0,419.0,414.0,415.0
2014-09-24,409.0,419.0,406.0,417.0
2014-09-25,417.0,420.0,410.0,414.0
2014-09-26,408.0,408.0,401.0,403.0
2014-09-29,406.0,407.0,399.0,399.0
2014-09-30,400.0,401.0,394.0,399.0
2014-10-01,397.0,397.0,388.0,388.0
2014-10-02,380.0,385.0,378.0,379.0
2014-10-03,379.0,387.0,379.0,383.0
2014-10-06,391.0,396.0,388.0,394.0
2014-10-07,394.0,397.0,387.0,387.0
2014-10-08,380.0,382.0,373.0,380.0
2014-10-09,383.0,387.0,373.0,373.0
2014-10-10,364.0,370.0,362.0,363.0
2014-10-14,352.0,360.0,351.0,355.0
2014-10-15,357.0,360.0,352.0,358.0
2014-10-16,351.0,353.0,341.0,342.0
2014-10-17,345.0,352.0,338.0,340.0
2014-10-20,355.0,361.0,352.0,361.0
2014-10-21,358.0,361.0,350.0,352.0
2014-10-22,359.0,368.0,358.0,368.0
2014-10-23,362.0,366.0,360.0,364.0
2014-10-24,368.0,373.0,362.0,364.0
2014-10-27,366.0,368.0,359.0,360.0
2014-10-28,360.0,362.0,358.0,360.0
2014-10-29,365.0,373.0,365.0,370.0
2014-10-30,377.0,386.0,370.0,383.0
2014-10-31,386.0,414.0,373.0,409.0
2014-11-04,455.0,455.0,427.0,431.0
2014-11-05,423.0,434.0,420.0,426.0
2014-11-06,431.0,436.0,417.0,421.0
2014-11-07,425.0,425.0,417.0,421.0
2014-11-10,413.0,424.0,412.0,423.0
2014-11-11,426.0,426.0,417.0,421.0
2014-11-12,419.0,430.0,416.0,417.0
2014-11-13,417.0,421.0,414.0,416.0
2014-11-14,423.0,425.0,414.0,422.0
2014-11-17,417.0,419.0,404.0,404.0
2014-11-18,405.0,416.0,405.0,411.0
2014-11-19,413.0,418.0,410.0,414.0
2014-11-20,415.0,417.0,411.0,416.0
2014-11-21,414.0,431.0,413.0,429.0
2014-11-25,430.0,431.0,422.0,423.0
2014-11-26,424.0,430.0,419.0,428.0
2014-11-27,425.0,429.0,419.0,420.0
2014-11-28,419.0,425.0,418.0,422.0
2014-12-01,421.0,428.0,420.0,425.0
2014-12-02,425.0,431.0,423.0,430.0
2014-12-03,431.0,442.0,427.0,428.0
2014-12-04,440.0,453.0,438.0,451.0
2014-12-05,454.0,468.0,443.0,468.0
2014-12-08,478.0,480.0,464.0,467.0
2014-12-09,455.0,464.0,451.0,452.0
2014-12-10,442.0,446.0,436.0,440.0
2014-12-11,428.0,434.0,420.0,431.0
2014-12-12,433.0,444.0,433.0,433.0
2014-12-15,423.0,430.0,420.0,422.0
2014-12-16,415.0,417.0,406.0,408.0
2014-12-17,404.0,418.0,402.0,410.0
2014-12-18,426.0,433.0,422.0,429.0
2014-12-19,442.0,449.0,436.0,441.0
2014-12-22,443.0,443.0,430.0,436.0
2014-12-24,444.0,446.0,435.0,438.0
2014-12-25,435.0,437.0,426.0,429.0
2014-12-26,432.0,438.0,430.0,436.0
2014-12-29,440.0,442.0,428.0,439.0
2014-12-30,437.0,437.0,430.0,432.0
2015-01-05,430.0,442.0,426.0,435.0
2015-01-06,421.0,431.0,421.0,424.0
2015-01-07,419.0,430.0,419.0,425.0
2015-01-08,430.0,432.0,423.0,425.0
2015-01-09,427.0,428.0,417.0,420.0
2015-01-13,413.0,419.0,408.0,418.0
2015-01-14,414.0,420.0,411.0,412.0
2015-01-15,414.0,419.0,409.0,419.0
2015-01-16,412.0,413.0,405.0,411.0
2015-01-19,411.0,411.0,403.0,407.0
2015-01-20,405.0,421.0,405.0,417.0
2015-01-21,418.0,418.0,407.0,410.0
2015-01-22,408.0,411.0,402.0,411.0
2015-01-23,418.0,423.0,414.0,416.0
2015-01-26,412.0,415.0,410.0,413.0
2015-01-27,418.0,420.0,412.0,419.0
2015-01-28,415.0,423.0,412.0,422.0
2015-01-29,414.0,419.0,412.0,414.0
2015-01-30,419.0,422.0,407.0,414.0
2015-02-02,409.0,410.0,404.0,407.0
2015-02-03,412.0,412.0,402.0,404.0
2015-02-04,412.0,417.0,400.0,409.0
2015-02-05,406.0,408.0,401.0,404.0
2015-02-06,411.0,412.0,407.0,410.0
2015-02-09,412.0,415.0,410.0,412.0
2015-02-10,411.0,413.0,402.0,406.0
2015-02-12,413.0,418.0,412.0,414.0
2015-02-13,413.0,419.0,413.0,418.0
2015-02-16,421.0,433.0,421.0,430.0
2015-02-17,428.0,439.0,428.0,436.0
2015-02-18,440.0,446.0,436.0,442.0
2015-02-19,443.0,453.0,443.0,451.0
2015-02-20,450.0,455.0,442.0,446.0
2015-02-23,454.0,455.0,444.0,446.0
2015-02-24,443.0,452.0,443.0,449.0
2015-02-25,449.0,452.0,444.0,444.0
2015-02-26,443.0,449.0,443.0,447.0
2015-02-27,450.0,450.0,442.0,446.0
2015-03-02,445.0,449.0,442.0,442.0
2015-03-03,444.0,445.0,437.0,438.0
2015-03-04,431.0,439.0,430.0,438.0
2015-03-05,439.0,439.0,433.0,434.0
2015-03-06,437.0,442.0,434.0,442.0
2015-03-09,442.0,449.0,440.0,445.0
2015-03-10,444.0,448.0,438.0,441.0
2015-03-11,433.0,441.0,433.0,439.0
2015-03-12,440.0,446.0,439.0,443.0
2015-03-13,443.0,446.0,441.0,441.0
2015-03-16,440.0,447.0,439.0,443.0
2015-03-17,450.0,478.0,449.0,473.0
2015-03-18,473.0,489.0,468.0,487.0
2015-03-19,485.0,489.0,477.0,489.0
2015-03-20,485.0,494.0,480.0,493.0
2015-03-23,498.0,498.0,483.0,489.0
2015-03-24,485.0,487.0,474.0,477.0
2015-03-25,477.0,484.0,474.0,477.0
2015-03-26,474.0,474.0,464.0,466.0
2015-03-27,452.0,462.0,442.0,448.0
2015-03-30,443.0,454.0,439.0,451.0
2015-03-31,453.0,461.0,446.0,446.0
2015-04-01,442.0,450.0,435.0,443.0
2015-04-02,441.0,459.0,441.0,452.0
2015-04-03,453.0,453.0,441.0,453.0
2015-04-06,447.0,451.0,444.0,448.0
2015-04-07,454.0,454.0,443.0,451.0
2015-04-08,453.0,461.0,453.0,457.0
2015-04-09,460.0,460.0,453.0,457.0
2015-04-10,464.0,472.0,462.0,463.0
2015-04-13,464.0,473.0,463.0,470.0
2015-04-14,470.0,474.0,463.0,465.0
2015-04-15,464.0,464.0,445.0,448.0
2015-04-16,453.0,454.0,445.0,454.0
2015-04-17,450.0,457.0,447.0,453.0
2015-04-20,445.0,453.0,443.0,444.0
2015-04-21,448.0,451.0,446.0,450.0
2015-04-22,451.0,468.0,451.0,465.0
2015-04-23,478.0,481.0,467.0,471.0
2015-04-24,472.0,472.0,460.0,461.0
2015-04-27,464.0,465.0,456.0,458.0
2015-04-28,461.0,462.0,450.0,456.0
2015-04-30,451.0,454.0,447.0,453.0
2015-05-01,449.0,449.0,438.0,446.0
2015-05-07,442.0,447.0,439.0,440.0
2015-05-08,440.0,448.0,440.0,445.0
2015-05-11,455.0,457.0,451.0,454.0
2015-05-12,450.0,452.0,443.0,450.0
2015-05-13,447.0,449.0,443.0,447.0
2015-05-14,443.0,447.0,443.0,444.0
2015-05-15,445.0,453.0,444.0,447.0
2015-05-18,450.0,453.0,446.0,453.0
2015-05-19,456.0,459.0,454.0,459.0
2015-05-20,460.0,462.0,451.0,456.0
2015-05-21,456.0,458.0,451.0,451.0
2015-05-22,452.0,452.0,448.0,451.0
2015-05-25,451.0,455.0,451.0,453.0
2015-05-26,456.0,456.0,448.0,450.0
2015-05-27,448.0,449.0,446.0,447.0
2015-05-28,451.0,453.0,449.0,451.0
2015-05-29,450.0,453.0,448.0,450.0
2015-06-01,446.0,452.0,446.0,452.0
2015-06-02,448.0,450.0,445.0,447.0
2015-06-03,446.0,450.0,446.0,450.0
2015-06-04,451.0,459.0,451.0,458.0
2015-06-05,454.0,456.0,451.0,454.0
2015-06-08,455.0,458.0,452.0,454.0
2015-06-09,449.0,453.0,446.0,446.0
2015-06-10,446.0,450.0,442.0,442.0
2015-06-11,444.0,449.0,444.0,448.0
2015-06-12,446.0,448.0,444.0,445.0
2015-06-15,443.0,448.0,441.0,444.0
2015-06-16,442.0,443.0,441.0,441.0
2015-06-17,442.0,443.0,439.0,441.0
2015-06-18,440.0,440.0,432.0,433.0
2015-06-19,436.0,439.0,435.0,437.0
2015-06-22,434.0,441.0,434.0,441.0
2015-06-23,441.0,447.0,438.0,446.0
2015-06-24,447.0,449.0,446.0,449.0
2015-06-25,449.0,449.0,443.0,444.0
2015-06-26,443.0,445.0,441.0,444.0
2015-06-29,435.0,438.0,433.0,433.0
2015-06-30,437.0,438.0,433.0,438.0
2015-07-01,439.0,446.0,439.0,443.0
2015-07-02,447.0,450.0,446.0,448.0
2015-07-03,448.0,449.0,440.0,443.0
2015-07-06,439.0,441.0,433.0,435.0
2015-07-07,441.0,446.0,440.0,441.0
2015-07-08,439.0,439.0,425.0,428.0
2015-07-09,425.0,428.0,407.0,427.0
2015-07-10,426.0,430.0,420.0,421.0
2015-07-13,424.0,434.0,424.0,430.0
2015-07-14,438.0,444.0,437.0,442.0
2015-07-15,442.0,448.0,438.0,447.0
2015-07-16,443.0,447.0,442.0,445.0
2015-07-17,448.0,455.0,445.0,450.0
2015-07-21,454.0,455.0,449.0,452.0
2015-07-22,450.0,451.0,443.0,444.0
2015-07-23,447.0,450.0,441.0,449.0
2015-07-24,447.0,451.0,443.0,447.0
2015-07-27,448.0,450.0,442.0,443.0
2015-07-28,439.0,445.0,430.0,441.0
2015-07-29,441.0,447.0,438.0,443.0
2015-07-30,447.0,460.0,442.0,453.0
2015-07-31,446.0,448.0,443.0,446.0
2015-08-03,445.0,446.0,440.0,446.0
2015-08-04,445.0,448.0,442.0,447.0
2015-08-05,443.0,449.0,441.0,446.0
2015-08-06,446.0,452.0,445.0,446.0
2015-08-07,441.0,446.0,441.0,446.0
2015-08-10,447.0,457.0,439.0,457.0
2015-08-11,460.0,460.0,455.0,456.0
2015-08-12,455.0,457.0,446.0,455.0
2015-08-13,452.0,460.0,452.0,458.0
2015-08-14,460.0,462.0,456.0,460.0
2015-08-17,459.0,462.0,457.0,460.0
2015-08-18,460.0,462.0,454.0,460.0
2015-08-19,458.0,459.0,450.0,450.0
2015-08-20,447.0,449.0,445.0,445.0
2015-08-21,439.0,439.0,428.0,428.0
2015-08-24,408.0,418.0,385.0,389.0
2015-08-25,360.0,399.0,351.0,368.0
2015-08-26,368.0,392.0,365.0,387.0
2015-08-27,401.0,408.0,390.0,394.0
2015-08-28,408.0,416.0,404.0,414.0
2015-08-31,410.0,419.0,410.0,415.0
2015-09-01,410.0,413.0,398.0,398.0
2015-09-02,386.0,406.0,385.0,394.0
2015-09-03,403.0,409.0,392.0,394.0
2015-09-04,398.0,398.0,378.0,382.0
2015-09-07,374.0,383.0,369.0,373.0
2015-09-08,376.0,381.0,368.0,370.0
2015-09-09,387.0,399.0,381.0,399.0
2015-09-10,389.0,398.0,386.0,396.0
2015-09-11,393.0,412.0,392.0,408.0
2015-09-14,416.0,417.0,400.0,405.0
2015-09-15,405.0,412.0,401.0,402.0
2015-09-16,407.0,408.0,402.0,405.0
2015-09-17,407.0,418.0,407.0,418.0
2015-09-18,415.0,415.0,406.0,406.0
2015-09-24,392.0,403.0,392.0,393.0
2015-09-25,393.0,404.0,393.0,404.0
2015-09-28,406.0,409.0,396.0,401.0
2015-09-29,389.0,400.0,378.0,381.0
2015-09-30,389.0,394.0,386.0,392.0
2015-10-01,396.0,401.0,392.0,398.0
2015-10-02,392.0,402.0,391.0,399.0
2015-10-05,402.0,405.0,399.0,403.0
2015-10-06,410.0,415.0,404.0,410.0
2015-10-07,407.0,413.0,405.0,408.0
2015-10-08,409.0,412.0,399.0,401.0
2015-10-09,405.0,411.0,401.0,411.0
2015-10-13,407.0,417.0,407.0,407.0
2015-10-14,403.0,405.0,397.0,397.0
2015-10-15,394.0,409.0,392.0,406.0
2015-10-16,408.0,413.0,386.0,390.0
2015-10-19,394.0,395.0,368.0,370.0
2015-10-20,374.0,379.0,370.0,373.0
2015-10-21,371.0,380.0,371.0,378.0
2015-10-22,378.0,381.0,375.0,375.0
2015-10-23,385.0,386.0,379.0,384.0
2015-10-26,392.0,398.0,388.0,391.0
2015-10-27,391.0,391.0,382.0,383.0
2015-10-28,385.0,389.0,382.0,386.0
2015-10-29,386.0,390.0,375.0,380.0
2015-10-30,385.0,400.0,383.0,398.0
2015-11-02,394.0,405.0,392.0,401.0
2015-11-04,407.0,414.0,404.0,410.0
2015-11-05,410.0,421.0,410.0,416.0
2015-11-06,418.0,423.0,412.0,422.0
2015-11-09,426.0,441.0,426.0,440.0
2015-11-10,432.0,438.0,415.0,424.0
2015-11-11,422.0,423.0,417.0,423.0
2015-11-12,422.0,424.0,418.0,418.0
2015-11-13,415.0,420.0,413.0,419.0
2015-11-16,411.0,420.0,410.0,414.0
2015-11-17,419.0,425.0,418.0,420.0
2015-11-18,422.0,426.0,417.0,417.0
2015-11-19,421.0,424.0,417.0,417.0
2015-11-20,418.0,423.0,418.0,422.0
2015-11-24,422.0,429.0,420.0,428.0
2015-11-25,427.0,427.0,418.0,421.0
2015-11-26,422.0,424.0,419.0,423.0
2015-11-27,423.0,424.0,419.0,421.0
2015-11-30,420.0,423.0,418.0,423.0
2015-12-01,424.0,428.0,423.0,427.0
2015-12-02,426.0,427.0,424.0,427.0
2015-12-03,427.0,428.0,420.0,425.0
2015-12-04,417.0,420.0,416.0,417.0
2015-12-07,423.0,424.0,419.0,419.0
2015-12-08,416.0,418.0,412.0,416.0
2015-12-09,412.0,416.0,410.0,412.0
2015-12-10,408.0,412.0,405.0,408.0
2015-12-11,406.0,415.0,406.0,413.0
2015-12-14,405.0,406.0,400.0,406.0
2015-12-15,403.0,404.0,397.0,398.0
2015-12-16,405.0,414.0,404.0,413.0
2015-12-17,419.0,420.0,414.0,419.0
2015-12-18,417.0,425.0,406.0,408.0
2015-12-21,405.0,407.0,402.0,404.0
2015-12-22,399.0,405.0,399.0,402.0
2015-12-24,412.0,413.0,403.0,405.0
2015-12-25,405.0,405.0,405.0,405.0
2015-12-28,406.0,412.0,406.0,411.0
2015-12-29,410.0,419.0,407.0,416.0
2015-12-30,417.0,421.0,413.0,414.0
2016-01-04,408.0,417.0,403.0,404.0
2016-01-05,402.0,409.0,401.0,402.0
2016-01-06,403.0,406.0,396.0,397.0
2016-01-07,395.0,399.0,385.0,385.0
2016-01-08,383.0,390.0,381.0,382.0
2016-01-12,378.0,381.0,365.0,366.0
2016-01-13,371.0,384.0,371.0,384.0
2016-01-14,373.0,377.0,365.0,373.0
2016-01-15,381.0,381.0,366.0,368.0
2016-01-18,358.0,361.0,354.0,358.0
2016-01-19,358.0,367.0,355.0,362.0
2016-01-20,362.0,368.0,350.0,351.0
2016-01-21,350.0,361.0,339.0,339.0
2016-01-22,352.0,364.0,345.0,363.0
2016-01-25,371.0,379.0,365.0,375.0
2016-01-26,370.0,371.0,362.0,364.0
2016-01-27,372.0,380.0,371.0,377.0
2016-01-28,377.0,383.0,370.0,373.0
2016-01-29,372.0,404.0,372.0,404.0
2016-02-01,410.0,415.0,406.0,413.0
2016-02-02,409.0,412.0,404.0,406.0
2016-02-03,394.0,397.0,385.0,391.0
2016-02-04,385.0,391.0,381.0,382.0
2016-02-05,374.0,377.0,366.0,370.0
2016-02-08,362.0,377.0,361.0,370.0
2016-02-09,352.0,355.0,343.0,345.0
2016-02-10,344.0,349.0,321.0,326.0
2016-02-12,300.0,312.0,292.0,292.0
2016-02-15,316.0,325.0,311.0,323.0
2016-02-16,322.0,340.0,319.0,328.0
2016-02-17,326.0,336.0,312.0,320.0
2016-02-18,332.0,335.0,323.0,326.0
2016-02-19,321.0,323.0,316.0,318.0
2016-02-22,315.0,326.0,315.0,323.0
2016-02-23,326.0,328.0,316.0,321.0
2016-02-24,315.0,323.0,315.0,317.0
2016-02-25,317.0,325.0,310.0,312.0
2016-02-26,315.0,316.0,307.0,309.0
2016-02-29,314.0,316.0,305.0,306.0
2016-03-01,306.0,311.0,304.0,310.0
2016-03-02,316.0,316.0,310.0,312.0
2016-03-03,313.0,327.0,313.0,327.0
2016-03-04,327.0,335.0,324.0,333.0
2016-03-07,334.0,336.0,333.0,333.0
2016-03-08,333.0,334.0,322.0,327.0
2016-03-09,322.0,322.0,315.0,321.0
2016-03-10,324.0,330.0,323.0,328.0
2016-03-11,329.0,342.0,327.0,342.0
2016-03-14,350.0,352.0,342.0,346.0
2016-03-15,345.0,350.0,343.0,346.0
2016-03-16,341.0,343.0,332.0,332.0
2016-03-17,332.0,338.0,326.0,329.0
2016-03-18,328.0,334.0,325.0,333.0
2016-03-22,335.0,340.0,330.0,336.0
2016-03-23,336.0,337.0,331.0,332.0
2016-03-24,332.0,336.0,328.0,328.0
2016-03-25,327.0,331.0,324.0,330.0
2016-03-28,336.0,336.0,328.0,333.0
2016-03-29,324.0,326.0,317.0,321.0
2016-03-30,317.0,318.0,313.0,313.0
2016-03-31,313.0,318.0,312.0,312.0
2016-04-01,311.0,312.0,299.0,299.0
2016-04-04,299.0,305.0,297.0,300.0
2016-04-05,297.0,298.0,285.0,286.0
2016-04-06,284.0,288.0,282.0,284.0
2016-04-07,284.0,291.0,283.0,286.0
2016-04-08,280.0,295.0,277.0,293.0
2016-04-11,291.0,291.0,281.0,282.0
2016-04-12,280.0,299.0,280.0,298.0
2016-04-13,300.0,303.0,297.0,301.0
2016-04-14,304.0,317.0,304.0,316.0
2016-04-15,308.0,314.0,302.0,302.0
2016-04-18,290.0,292.0,289.0,290.0
2016-04-19,297.0,301.0,296.0,301.0
2016-04-20,303.0,309.0,300.0,304.0
2016-04-21,310.0,313.0,307.0,310.0
2016-04-22,306.0,318.0,306.0,318.0
2016-04-25,322.0,322.0,315.0,317.0
2016-04-26,318.0,318.0,306.0,309.0
2016-04-27,309.0,315.0,307.0,311.0
2016-04-28,307.0,312.0,290.0,290.0
2016-05-02,272.0,282.0,272.0,280.0
2016-05-06,278.0,282.0,275.0,277.0
2016-05-09,278.0,283.0,278.0,280.0
2016-05-10,282.0,287.0,278.0,285.0
2016-05-11,288.0,290.0,281.0,281.0
2016-05-12,278.0,280.0,277.0,279.0
2016-05-13,278.0,281.0,267.0,267.0
2016-05-16,268.0,273.0,264.0,266.0
2016-05-17,266.0,271.0,265.0,271.0
2016-05-18,271.0,277.0,268.0,272.0
2016-05-19,275.0,280.0,272.0,279.0
2016-05-20,277.0,279.0,272.0,279.0
2016-05-23,277.0,279.0,272.0,277.0
2016-05-24,276.0,278.0,274.0,274.0
2016-05-25,274.0,279.0,274.0,278.0
2016-05-26,282.0,282.0,276.0,277.0
2016-05-27,277.0,278.0,275.0,276.0
2016-05-30,278.0,279.0,274.0,278.0
2016-05-31,274.0,288.0,273.0,281.0
2016-06-01,279.0,279.0,272.0,272.0
2016-06-02,272.0,272.0,266.0,267.0
2016-06-03,267.0,269.0,264.0,266.0
2016-06-06,262.0,262.0,253.0,260.0
2016-06-07,262.0,264.0,260.0,263.0
2016-06-08,263.0,263.0,254.0,257.0
2016-06-09,255.0,259.0,252.0,258.0
2016-06-10,262.0,262.0,252.0,255.0
2016-06-13,248.0,249.0,242.0,242.0
2016-06-14,243.0,244.0,237.0,239.0
2016-06-15,237.0,244.0,236.0,241.0
2016-06-16,240.0,240.0,231.0,231.0
2016-06-17,233.0,238.0,231.0,231.0
2016-06-20,237.0,244.0,236.0,244.0
2016-06-21,244.0,248.0,242.0,248.0
2016-06-22,248.0,249.0,245.0,245.0
2016-06-23,243.0,247.0,239.0,247.0
2016-06-24,250.0,250.0,215.0,220.0
2016-06-27,226.0,229.0,219.0,222.0
2016-06-28,222.0,225.0,213.0,219.0
2016-06-29,224.0,231.0,223.0,230.0
2016-06-30,237.0,237.0,230.0,230.0
2016-07-01,234.0,234.0,227.0,229.0
2016-07-04,230.0,234.0,228.0,231.0
2016-07-05,230.0,230.0,224.0,225.0
2016-07-06,224.0,224.0,215.0,218.0
2016-07-07,217.0,218.0,212.0,214.0
2016-07-08,213.0,214.0,205.0,207.0
2016-07-11,207.0,207.0,207.0,207.0
2016-07-12,230.0,237.0,230.0,235.0
2016-07-13,243.0,243.0,237.0,239.0
2016-07-14,239.0,243.0,237.0,239.0
2016-07-15,243.0,249.0,241.0,244.0
2016-07-19,249.0,249.0,239.0,245.0
2016-07-20,244.0,244.0,240.0,242.0
2016-07-21,247.0,249.0,244.0,249.0
2016-07-22,243.0,247.0,240.0,242.0
2016-07-25,242.0,247.0,241.0,246.0
2016-07-26,245.0,245.0,236.0,236.0
2016-07-27,240.0,244.0,238.0,239.0
2016-07-28,241.0,241.0,233.0,237.0
2016-07-29,238.0,243.0,234.0,242.0
2016-08-01,241.0,241.0,235.0,236.0
2016-08-02,234.0,236.0,231.0,231.0
2016-08-03,228.0,228.0,223.0,223.0
2016-08-04,225.0,232.0,224.0,232.0
2016-08-05,231.0,236.0,231.0,231.0
2016-08-08,238.0,238.0,233.0,237.0
2016-08-09,238.0,239.0,234.0,238.0
2016-08-10,240.0,240.0,234.0,235.0
2016-08-12,238.0,240.0,236.0,239.0
2016-08-15,238.0,239.0,236.0,236.0
2016-08-16,237.0,238.0,231.0,231.0
2016-08-17,229.0,234.0,228.0,234.0
2016-08-18,230.0,232.0,227.0,227.0
2016-08-19,229.0,235.0,228.0,233.0
2016-08-22,234.0,234.0,230.0,231.0
2016-08-23,229.0,230.0,222.0,222.0
2016-08-24,226.0,226.0,220.0,221.0
2016-08-25,222.0,222.0,220.0,222.0
2016-08-26,222.0,222.0,219.0,220.0
2016-08-29,226.0,231.0,226.0,230.0
2016-08-30,229.0,231.0,227.0,228.0
2016-08-31,230.0,237.0,230.0,234.0
2016-09-01,235.0,243.0,234.0,243.0
2016-09-02,246.0,259.0,246.0,249.0
2016-09-05,256.0,259.0,248.0,249.0
2016-09-06,250.0,251.0,248.0,249.0
2016-09-07,246.0,249.0,244.0,247.0
2016-09-08,249.0,252.0,246.0,247.0
2016-09-09,247.0,250.0,247.0,249.0
2016-09-12,245.0,248.0,242.0,242.0
2016-09-13,242.0,246.0,242.0,243.0
2016-09-14,240.0,242.0,236.0,238.0
2016-09-15,236.0,239.0,235.0,236.0
2016-09-16,239.0,243.0,237.0,243.0
2016-09-20,235.0,251.0,235.0,246.0
2016-09-21,246.0,251.0,243.0,251.0
2016-09-23,248.0,251.0,247.0,248.0
2016-09-26,245.0,249.0,244.0,244.0
2016-09-27,243.0,245.0,238.0,245.0
2016-09-28,243.0,243.0,238.0,240.0
2016-09-29,239.0,245.0,239.0,245.0
2016-09-30,239.0,243.0,237.0,238.0
2016-10-03,239.0,240.0,235.0,238.0
2016-10-04,238.0,241.0,237.0,238.0
2016-10-05,242.0,244.0,240.0,243.0
2016-10-06,244.0,249.0,243.0,244.0
2016-10-07,244.0,245.0,242.0,243.0
2016-10-11,244.0,248.0,244.0,247.0
2016-10-12,243.0,245.0,240.0,242.0
2016-10-13,244.0,244.0,240.0,241.0
2016-10-14,238.0,242.0,237.0,241.0
2016-10-17,238.0,243.0,238.0,241.0
2016-10-18,240.0,240.0,236.0,238.0
2016-10-19,239.0,239.0,236.0,238.0
2016-10-20,238.0,243.0,234.0,242.0
2016-10-21,243.0,245.0,241.0,242.0
2016-10-24,242.0,244.0,241.0,244.0
2016-10-25,242.0,246.0,242.0,245.0
2016-10-26,244.0,247.0,243.0,247.0
2016-10-27,247.0,248.0,244.0,248.0
2016-10-28,246.0,248.0,238.0,248.0
2016-10-31,247.0,248.0,242.0,244.0
2016-11-01,244.0,244.0,240.0,241.0
2016-11-02,238.0,238.0,232.0,237.0
2016-11-04,234.0,234.0,228.0,232.0
2016-11-07,235.0,237.0,232.0,234.0
2016-11-08,235.0,235.0,231.0,231.0
2016-11-09,231.0,235.0,205.0,216.0
2016-11-10,232.0,239.0,229.0,238.0
2016-11-11,240.0,244.0,238.0,240.0
2016-11-14,240.0,248.0,240.0,245.0
2016-11-15,246.0,248.0,241.0,244.0
2016-11-16,250.0,264.0,245.0,264.0
2016-11-17,265.0,270.0,262.0,266.0
2016-11-18,275.0,290.0,274.0,287.0
2016-11-21,295.0,297.0,287.0,294.0
2016-11-22,291.0,295.0,286.0,287.0
2016-11-24,293.0,294.0,288.0,290.0
2016-11-25,291.0,294.0,282.0,285.0
2016-11-28,285.0,293.0,280.0,293.0
2016-11-29,290.0,298.0,289.0,292.0
2016-11-30,293.0,297.0,290.0,293.0
2016-12-01,300.0,313.0,299.0,301.0
2016-12-02,302.0,314.0,299.0,313.0
2016-12-05,314.0,315.0,307.0,313.0
2016-12-06,318.0,331.0,318.0,331.0
2016-12-07,335.0,356.0,334.0,356.0
2016-12-08,377.0,380.0,361.0,371.0
2016-12-09,372.0,373.0,362.0,370.0
2016-12-12,370.0,373.0,347.0,353.0
2016-12-13,346.0,363.0,345.0,360.0
2016-12-14,360.0,364.0,353.0,356.0
2016-12-15,359.0,370.0,356.0,362.0
2016-12-16,362.0,365.0,356.0,359.0
2016-12-19,359.0,359.0,350.0,353.0
2016-12-20,342.0,349.0,338.0,343.0
2016-12-21,345.0,349.0,340.0,343.0
2016-12-22,340.0,340.0,334.0,338.0
2016-12-26,334.0,334.0,324.0,330.0
2016-12-27,331.0,340.0,331.0,332.0
2016-12-28,336.0,339.0,333.0,336.0
2016-12-29,330.0,333.0,325.0,328.0
2016-12-30,323.0,329.0,322.0,326.0
2017-01-04,335.0,342.0,334.0,342.0
2017-01-05,344.0,346.0,336.0,337.0
2017-01-06,331.0,335.0,321.0,328.0
2017-01-10,325.0,330.0,323.0,328.0
2017-01-11,330.0,330.0,326.0,327.0
2017-01-12,329.0,330.0,323.0,325.0
2017-01-13,324.0,325.0,320.0,321.0
2017-01-16,322.0,323.0,306.0,311.0
2017-01-17,313.0,313.0,303.0,305.0
2017-01-18,299.0,311.0,299.0,310.0
2017-01-19,315.0,321.0,312.0,313.0
2017-01-20,316.0,317.0,313.0,315.0
2017-01-23,315.0,315.0,303.0,305.0
2017-01-24,303.0,304.0,299.0,300.0
2017-01-25,306.0,306.0,301.0,303.0
2017-01-26,309.0,315.0,309.0,315.0
2017-01-27,320.0,321.0,312.0,313.0
2017-01-30,311.0,312.0,307.0,307.0
2017-01-31,304.0,313.0,303.0,309.0
2017-02-01,305.0,311.0,305.0,308.0
2017-02-02,315.0,316.0,308.0,309.0
2017-02-03,310.0,313.0,307.0,308.0
2017-02-06,313.0,313.0,309.0,311.0
2017-02-07,307.0,309.0,305.0,305.0
2017-02-08,305.0,306.0,302.0,306.0
2017-02-09,303.0,305.0,300.0,301.0
2017-02-10,307.0,312.0,306.0,312.0
2017-02-13,316.0,319.0,313.0,318.0
2017-02-14,320.0,320.0,312.0,313.0
2017-02-15,318.0,320.0,315.0,317.0
2017-02-16,316.0,316.0,310.0,312.0
2017-02-17,310.0,314.0,309.0,312.0
2017-02-20,313.0,313.0,310.0,312.0
2017-02-21,314.0,319.0,312.0,319.0
2017-02-22,320.0,321.0,315.0,318.0
2017-02-23,318.0,318.0,314.0,316.0
2017-02-24,315.0,317.0,311.0,311.0
2017-02-27,312.0,314.0,308.0,313.0
2017-02-28,315.0,319.0,313.0,318.0
2017-03-01,317.0,324.0,317.0,323.0
2017-03-02,332.0,337.0,331.0,335.0
2017-03-03,336.0,341.0,332.0,340.0
2017-03-06,339.0,340.0,334.0,338.0
2017-03-07,337.0,339.0,334.0,338.0
2017-03-08,336.0,338.0,334.0,334.0
2017-03-09,333.0,335.0,329.0,335.0
2017-03-10,340.0,342.0,336.0,340.0
2017-03-13,336.0,337.0,333.0,336.0
2017-03-14,335.0,336.0,333.0,334.0
2017-03-15,329.0,330.0,325.0,330.0
2017-03-16,327.0,334.0,321.0,332.0
2017-03-17,330.0,331.0,326.0,330.0
2017-03-21,324.0,327.0,322.0,324.0
2017-03-22,314.0,314.0,308.0,313.0
2017-03-23,314.0,317.0,312.0,317.0
2017-03-24,314.0,319.0,314.0,318.0
2017-03-27,311.0,312.0,307.0,308.0
2017-03-28,311.0,318.0,308.0,313.0
2017-03-29,312.0,313.0,307.0,309.0
2017-03-30,307.0,309.0,303.0,304.0
2017-03-31,306.0,309.0,299.0,299.0
2017-04-03,300.0,301.0,296.0,297.0
2017-04-04,297.0,297.0,290.0,293.0
2017-04-05,295.0,296.0,288.0,292.0
2017-04-06,288.0,288.0,280.0,282.0
2017-04-07,286.0,289.0,282.0,285.0
2017-04-10,287.0,292.0,285.0,290.0
2017-04-11,285.0,288.0,284.0,286.0
2017-04-12,282.0,283.0,276.0,281.0
2017-04-13,275.0,279.0,273.0,277.0
2017-04-14,272.0,283.0,272.0,280.0
2017-04-17,279.0,283.0,273.0,280.0
2017-04-18,286.0,287.0,283.0,284.0
2017-04-19,283.0,286.0,279.0,284.0
2017-04-20,283.0,291.0,283.0,290.0
2017-04-21,293.0,294.0,287.0,290.0
2017-04-24,294.0,295.0,288.0,292.0
2017-04-25,291.0,298.0,290.0,296.0
2017-04-26,300.0,302.0,298.0,301.0
2017-04-27,300.0,300.0,297.0,298.0
2017-04-28,300.0,300.0,292.0,294.0
2017-05-01,294.0,304.0,294.0,304.0
2017-05-02,303.0,309.0,303.0,308.0
2017-05-08,315.0,318.0,315.0,316.0
2017-05-09,316.0,320.0,313.0,318.0
2017-05-10,320.0,320.0,316.0,316.0
2017-05-11,317.0,318.0,315.0,317.0
2017-05-12,314.0,315.0,309.0,311.0
2017-05-15,314.0,324.0,312.0,324.0
2017-05-16,324.0,328.0,322.0,323.0
2017-05-17,319.0,320.0,313.0,313.0
2017-05-18,303.0,305.0,300.0,300.0
2017-05-19,302.0,307.0,302.0,307.0
2017-05-22,307.0,310.0,307.0,308.0
2017-05-23,308.0,308.0,305.0,305.0
2017-05-24,309.0,312.0,309.0,309.0
2017-05-25,309.0,313.0,308.0,312.0
2017-05-26,310.0,312.0,307.0,307.0
2017-05-29,308.0,309.0,305.0,306.0
2017-05-30,306.0,308.0,303.0,308.0
2017-05-31,307.0,311.0,304.0,306.0
2017-06-01,305.0,311.0,305.0,310.0
2017-06-02,312.0,327.0,312.0,327.0
2017-06-05,321.0,324.0,317.0,322.0
2017-06-06,319.0,321.0,314.0,315.0
2017-06-07,312.0,320.0,312.0,320.0
2017-06-08,323.0,323.0,314.0,315.0
2017-06-09,313.0,318.0,310.0,315.0
2017-06-12,313.0,317.0,310.0,314.0
2017-06-13,311.0,314.0,311.0,314.0
2017-06-14,315.0,318.0,314.0,317.0
2017-06-15,314.0,315.0,310.0,311.0
2017-06-16,311.0,314.0,310.0,314.0
2017-06-19,313.0,315.0,312.0,313.0
2017-06-20,316.0,318.0,315.0,317.0
2017-06-21,316.0,318.0,314.0,315.0
2017-06-22,316.0,319.0,316.0,317.0
2017-06-23,317.0,320.0,315.0,316.0
2017-06-26,316.0,317.0,314.0,314.0
2017-06-27,316.0,318.0,315.0,316.0
2017-06-28,315.0,318.0,315.0,315.0
2017-06-29,319.0,320.0,317.0,319.0
2017-06-30,316.0,318.0,315.0,316.0
2017-07-03,316.0,318.0,313.0,315.0
2017-07-04,317.0,318.0,311.0,313.0
2017-07-05,310.0,314.0,308.0,314.0
2017-07-06,315.0,316.0,310.0,312.0
2017-07-07,307.0,311.0,306.0,307.0
2017-07-10,309.0,311.0,308.0,309.0
2017-07-11,308.0,312.0,308.0,311.0
2017-07-12,310.0,311.0,309.0,309.0
2017-07-13,310.0,311.0,305.0,306.0
2017-07-14,306.0,308.0,306.0,307.0
2017-07-17,307.0,307.0,307.0,307.0
2017-07-18,305.0,317.0,301.0,312.0
2017-07-19,310.0,311.0,304.0,310.0
2017-07-20,310.0,313.0,308.0,312.0
2017-07-21,309.0,312.0,307.0,307.0
2017-07-24,307.0,311.0,306.0,311.0
2017-07-25,311.0,313.0,308.0,308.0
2017-07-26,310.0,312.0,308.0,308.0
2017-07-27,311.0,313.0,309.0,311.0
2017-07-28,310.0,311.0,305.0,308.0
2017-07-31,308.0,309.0,305.0,307.0
2017-08-01,305.0,308.0,302.0,303.0
2017-08-02,304.0,307.0,303.0,305.0
2017-08-03,304.0,305.0,300.0,304.0
2017-08-04,302.0,306.0,301.0,306.0
2017-08-07,308.0,310.0,307.0,309.0
2017-08-08,308.0,309.0,304.0,304.0
2017-08-09,302.0,304.0,295.0,297.0
2017-08-10,296.0,299.0,295.0,295.0
2017-08-11,295.0,295.0,295.0,295.0
2017-08-14,290.0,294.0,287.0,291.0
2017-08-15,295.0,300.0,295.0,296.0
2017-08-16,294.0,297.0,294.0,296.0
2017-08-17,296.0,298.0,294.0,298.0
2017-08-18,292.0,295.0,290.0,293.0
2017-08-21,293.0,294.0,290.0,292.0
2017-08-22,291.0,296.0,291.0,293.0
2017-08-23,296.0,297.0,290.0,291.0
2017-08-24,289.0,293.0,288.0,289.0
2017-08-25,290.0,294.0,289.0,294.0
2017-08-28,293.0,293.0,288.0,290.0
2017-08-29,289.0,293.0,286.0,292.0
2017-08-30,294.0,294.0,290.0,293.0
2017-08-31,294.0,307.0,293.0,305.0
2017-09-01,306.0,308.0,302.0,307.0
2017-09-04,305.0,307.0,298.0,298.0
2017-09-05,299.0,299.0,291.0,291.0
2017-09-06,287.0,293.0,286.0,292.0
2017-09-07,292.0,297.0,292.0,297.0
2017-09-08,294.0,294.0,287.0,288.0
2017-09-11,291.0,297.0,291.0,295.0
2017-09-12,300.0,301.0,296.0,300.0
2017-09-13,300.0,307.0,300.0,307.0
2017-09-14,308.0,313.0,308.0,309.0
2017-09-15,305.0,319.0,305.0,319.0
2017-09-18,319.0,319.0,319.0,319.0
2017-09-19,327.0,336.0,327.0,333.0
2017-09-20,333.0,342.0,328.0,340.0
2017-09-21,345.0,346.0,337.0,337.0
2017-09-22,337.0,340.0,331.0,338.0
2017-09-25,340.0,342.0,335.0,339.0
2017-09-26,335.0,337.0,333.0,335.0
2017-09-27,336.0,336.0,330.0,335.0
2017-09-28,335.0,342.0,335.0,341.0
2017-09-29,339.0,354.0,339.0,354.0
2017-10-02,347.0,352.0,346.0,349.0
2017-10-03,350.0,352.0,343.0,351.0
2017-10-04,352.0,359.0,351.0,357.0
2017-10-05,356.0,356.0,347.0,350.0
2017-10-06,349.0,355.0,348.0,348.0
2017-10-09,348.0,348.0,348.0,348.0
2017-10-10,351.0,358.0,348.0,357.0
2017-10-11,357.0,357.0,353.0,354.0
2017-10-12,356.0,357.0,351.0,353.0
2017-10-13,352.0,360.0,351.0,357.0
2017-10-16,361.0,381.0,360.0,380.0
2017-10-17,385.0,390.0,376.0,382.0
2017-10-18,379.0,383.0,370.0,382.0
2017-10-19,389.0,389.0,381.0,382.0
2017-10-20,379.0,382.0,374.0,378.0
2017-10-23,384.0,394.0,383.0,394.0
2017-10-24,391.0,396.0,386.0,396.0
2017-10-25,397.0,401.0,383.0,384.0
2017-10-26,383.0,397.0,383.0,394.0
2017-10-27,400.0,400.0,391.0,397.0
2017-10-30,399.0,399.0,388.0,393.0
2017-10-31,386.0,393.0,386.0,389.0
2017-11-01,394.0,407.0,392.0,407.0
2017-11-02,406.0,406.0,396.0,399.0
2017-11-03,399.0,399.0,399.0,399.0
2017-11-06,405.0,406.0,392.0,394.0
2017-11-07,389.0,399.0,387.0,394.0
2017-11-08,394.0,411.0,393.0,411.0
2017-11-09,415.0,430.0,402.0,412.0
2017-11-10,404.0,414.0,401.0,401.0
2017-11-13,401.0,403.0,391.0,393.0
2017-11-14,392.0,395.0,388.0,392.0
2017-11-15,388.0,393.0,381.0,381.0
2017-11-16,380.0,392.0,378.0,386.0
2017-11-17,394.0,406.0,393.0,393.0
2017-11-20,388.0,393.0,386.0,390.0
2017-11-21,391.0,410.0,391.0,404.0
2017-11-22,410.0,427.0,408.0,425.0
2017-11-23,425.0,425.0,425.0,425.0
2017-11-24,420.0,436.0,419.0,429.0
2017-11-27,437.0,438.0,425.0,427.0
2017-11-28,427.0,430.0,423.0,424.0
2017-11-29,432.0,441.0,427.0,431.0
2017-11-30,433.0,433.0,425.0,429.0
2017-12-01,432.0,436.0,424.0,424.0
2017-12-04,423.0,427.0,413.0,416.0
2017-12-05,412.0,421.0,405.0,419.0
2017-12-06,413.0,416.0,406.0,407.0
2017-12-07,409.0,411.0,401.0,403.0
2017-12-08,405.0,419.0,405.0,417.0
2017-12-11,418.0,418.0,410.0,413.0
2017-12-12,418.0,421.0,413.0,420.0
2017-12-13,421.0,427.0,420.0,421.0
2017-12-14,416.0,421.0,416.0,419.0
2017-12-15,415.0,415.0,405.0,411.0
2017-12-18,417.0,420.0,409.0,413.0
2017-12-19,415.0,415.0,409.0,411.0
2017-12-20,407.0,417.0,407.0,412.0
2017-12-21,414.0,420.0,412.0,420.0
2017-12-22,420.0,430.0,418.0,427.0
2017-12-25,427.0,427.0,415.0,415.0
2017-12-26,415.0,416.0,412.0,412.0
2017-12-27,415.0,421.0,414.0,420.0
2017-12-28,424.0,424.0,409.0,409.0
2017-12-29,409.0,414.0,409.0,412.0
2018-01-01,412.0,412.0,412.0,412.0
2018-01-02,412.0,412.0,412.0,412.0
2018-01-03,412.0,412.0,412.0,412.0
2018-01-04,420.0,423.0,416.0,421.0
2018-01-05,425.0,436.0,424.0,436.0
2018-01-08,436.0,436.0,436.0,436.0
2018-01-09,440.0,443.0,437.0,438.0
2018-01-10,436.0,440.0,432.0,436.0
2018-01-11,438.0,440.0,433.0,438.0
2018-01-12,439.0,440.0,432.0,436.0
2018-01-15,440.0,465.0,439.0,462.0
2018-01-16,464.0,471.0,453.0,455.0
2018-01-17,449.0,455.0,447.0,450.0
2018-01-18,459.0,462.0,439.0,440.0
2018-01-19,440.0,452.0,437.0,445.0
2018-01-22,450.0,452.0,444.0,452.0
2018-01-23,456.0,460.0,451.0,456.0
2018-01-24,455.0,466.0,452.0,459.0
2018-01-25,455.0,458.0,453.0,457.0
2018-01-26,459.0,462.0,442.0,446.0
2018-01-29,446.0,452.0,444.0,444.0
2018-01-30,445.0,450.0,437.0,437.0
2018-01-31,432.0,447.0,429.0,440.0
2018-02-01,443.0,452.0,440.0,451.0
2018-02-02,447.0,450.0,439.0,443.0
2018-02-05,427.0,430.0,422.0,425.0
2018-02-06,401.0,403.0,378.0,392.0
2018-02-07,410.0,415.0,394.0,395.0
2018-02-08,396.0,401.0,391.0,394.0
2018-02-09,375.0,384.0,374.0,383.0
2018-02-12,383.0,383.0,383.0,383.0
2018-02-13,390.0,391.0,377.0,378.0
2018-02-14,378.0,386.0,366.0,371.0
2018-02-15,376.0,381.0,371.0,376.0
2018-02-16,379.0,386.0,377.0,382.0
2018-02-19,387.0,397.0,386.0,397.0
2018-02-20,397.0,397.0,389.0,392.0
2018-02-21,393.0,395.0,384.0,387.0
2018-02-22,393.0,410.0,385.0,408.0
2018-02-23,407.0,429.0,406.0,428.0
2018-02-26,436.0,439.0,426.0,431.0
2018-02-27,438.0,442.0,429.0,439.0
2018-02-28,436.0,447.0,436.0,445.0
2018-03-01,440.0,445.0,435.0,438.0
2018-03-02,425.0,435.0,417.0,419.0
2018-03-05,415.0,418.0,404.0,407.0
2018-03-06,418.0,424.0,416.0,418.0
2018-03-07,414.0,417.0,408.0,410.0
2018-03-08,414.0,416.0,404.0,406.0
2018-03-09,410.0,415.0,403.0,406.0
2018-03-12,411.0,417.0,411.0,416.0
2018-03-13,415.0,424.0,411.0,423.0
2018-03-14,418.0,421.0,412.0,415.0
2018-03-15,415.0,415.0,405.0,409.0
2018-03-16,412.0,412.0,405.0,408.0
2018-03-19,416.0,420.0,404.0,407.0
2018-03-20,402.0,417.0,400.0,415.0
2018-03-21,415.0,415.0,415.0,415.0
2018-03-22,419.0,422.0,415.0,421.0
2018-03-23,412.0,412.0,402.0,403.0
2018-03-26,401.0,419.0,397.0,418.0
2018-03-27,423.0,431.0,416.0,427.0
2018-03-28,405.0,411.0,401.0,411.0
2018-03-29,413.0,419.0,409.0,419.0
2018-03-30,415.0,423.0,414.0,419.0
2018-04-02,422.0,422.0,416.0,418.0
2018-04-03,413.0,423.0,410.0,421.0
2018-04-04,418.0,421.0,416.0,421.0
2018-04-05,423.0,427.0,419.0,425.0
2018-04-06,424.0,426.0,419.0,419.0
2018-04-09,420.0,422.0,414.0,417.0
2018-04-10,416.0,421.0,408.0,418.0
2018-04-11,420.0,427.0,418.0,422.0
2018-04-12,423.0,424.0,417.0,418.0
2018-04-13,422.0,428.0,420.0,426.0
2018-04-16,424.0,428.0,421.0,421.0
2018-04-17,421.0,421.0,403.0,404.0
2018-04-18,406.0,414.0,401.0,412.0
2018-04-19,414.0,424.0,413.0,420.0
2018-04-20,418.0,422.0,418.0,419.0
2018-04-23,420.0,429.0,420.0,425.0
2018-04-24,427.0,437.0,427.0,436.0
2018-04-25,435.0,436.0,431.0,434.0
2018-04-26,437.0,437.0,429.0,430.0
2018-04-27,430.0,431.0,419.0,424.0
2018-04-30,424.0,424.0,424.0,424.0
2018-05-01,426.0,427.0,415.0,416.0
2018-05-02,416.0,418.0,410.0,410.0
2018-05-03,410.0,410.0,410.0,410.0
2018-05-04,410.0,410.0,410.0,410.0
2018-05-07,412.0,412.0,403.0,406.0
2018-05-08,406.0,409.0,401.0,402.0
2018-05-09,402.0,407.0,399.0,402.0
2018-05-10,403.0,410.0,403.0,408.0
2018-05-11,407.0,411.0,407.0,410.0
2018-05-14,412.0,419.0,411.0,417.0
2018-05-15,419.0,419.0,412.0,412.0
2018-05-16,410.0,419.0,410.0,417.0
2018-05-17,415.0,420.0,415.0,417.0
2018-05-18,417.0,422.0,417.0,420.0
2018-05-21,421.0,423.0,419.0,420.0
2018-05-22,419.0,420.0,415.0,416.0
2018-05-23,414.0,416.0,409.0,412.0
2018-05-24,409.0,411.0,401.0,404.0
2018-05-25,403.0,406.0,400.0,405.0
2018-05-28,405.0,407.0,403.0,406.0
2018-05-29,406.0,406.0,401.0,403.0
2018-05-30,400.0,403.0,396.0,400.0
2018-05-31,402.0,404.0,396.0,396.0
2018-06-01,395.0,403.0,391.0,401.0
2018-06-04,407.0,408.0,403.0,405.0
2018-06-05,407.0,407.0,396.0,397.0
2018-06-06,396.0,400.0,394.0,398.0
2018-06-07,398.0,406.0,397.0,406.0
2018-06-08,407.0,411.0,406.0,406.0
2018-06-11,406.0,407.0,400.0,404.0
2018-06-12,407.0,408.0,402.0,407.0
2018-06-13,407.0,408.0,405.0,408.0
2018-06-14,405.0,405.0,400.0,401.0
2018-06-15,400.0,403.0,399.0,403.0
2018-06-18,398.0,399.0,392.0,395.0
2018-06-19,393.0,399.0,391.0,391.0
2018-06-20,392.0,401.0,386.0,400.0
2018-06-21,398.0,402.0,395.0,400.0
2018-06-22,395.0,416.0,395.0,414.0
2018-06-25,408.0,409.0,396.0,397.0
2018-06-26,394.0,398.0,391.0,397.0
2018-06-27,397.0,405.0,391.0,400.0
2018-06-28,396.0,397.0,392.0,394.0
2018-06-29,397.0,403.0,391.0,401.0
2018-07-02,400.0,404.0,394.0,395.0
2018-07-03,396.0,396.0,387.0,389.0
2018-07-04,388.0,391.0,386.0,388.0
2018-07-05,387.0,388.0,376.0,378.0
2018-07-06,379.0,387.0,376.0,386.0
2018-07-09,386.0,392.0,383.0,392.0
2018-07-10,395.0,398.0,388.0,388.0
2018-07-11,385.0,392.0,378.0,389.0
2018-07-12,392.0,395.0,388.0,392.0
2018-07-13,391.0,395.0,390.0,392.0
2018-07-16,392.0,392.0,392.0,392.0
2018-07-17,389.0,396.0,389.0,391.0
2018-07-18,392.0,397.0,392.0,394.0
2018-07-19,392.0,394.0,388.0,388.0
2018-07-20,387.0,388.0,380.0,381.0
2018-07-23,380.0,386.0,379.0,385.0
2018-07-24,383.0,388.0,382.0,384.0
2018-07-25,383.0,387.0,382.0,384.0
2018-07-26,386.0,392.0,385.0,388.0
2018-07-27,390.0,392.0,383.0,385.0
2018-07-30,386.0,394.0,385.0,391.0
2018-07-31,389.0,395.0,387.0,390.0
2018-08-01,390.0,391.0,385.0,389.0
2018-08-02,387.0,391.0,387.0,388.0
2018-08-03,388.0,388.0,383.0,383.0
2018-08-06,383.0,388.0,381.0,383.0
2018-08-07,382.0,385.0,378.0,384.0
2018-08-08,381.0,389.0,381.0,386.0
2018-08-09,386.0,386.0,382.0,383.0
2018-08-10,383.0,384.0,378.0,379.0
2018-08-13,375.0,376.0,369.0,370.0
2018-08-14,373.0,376.0,370.0,376.0
2018-08-15,376.0,376.0,370.0,371.0
2018-08-16,369.0,376.0,366.0,376.0
2018-08-17,378.0,380.0,376.0,379.0
2018-08-20,376.0,379.0,376.0,377.0
2018-08-21,374.0,377.0,372.0,377.0
2018-08-22,375.0,379.0,374.0,379.0
2018-08-23,379.0,380.0,377.0,379.0
2018-08-24,382.0,382.0,379.0,379.0
2018-08-27,382.0,385.0,377.0,383.0
2018-08-28,386.0,390.0,385.0,386.0
2018-08-29,385.0,387.0,383.0,384.0
2018-08-30,388.0,391.0,386.0,387.0
2018-08-31,384.0,387.0,378.0,378.0
2018-09-03,380.0,380.0,372.0,374.0
2018-09-04,376.0,377.0,374.0,375.0
2018-09-05,375.0,379.0,374.0,376.0
2018-09-06,371.0,373.0,370.0,370.0
2018-09-07,368.0,371.0,364.0,367.0
2018-09-10,364.0,377.0,364.0,374.0
2018-09-11,377.0,377.0,370.0,373.0
2018-09-12,369.0,371.0,365.0,366.0
2018-09-13,369.0,372.0,365.0,367.0
2018-09-14,367.0,374.0,367.0,372.0
2018-09-17,372.0,372.0,372.0,372.0
2018-09-18,369.0,380.0,367.0,377.0
2018-09-19,384.0,387.0,381.0,382.0
2018-09-20,385.0,388.0,383.0,387.0
2018-09-21,390.0,398.0,389.0,394.0
2018-09-24,394.0,394.0,394.0,394.0
2018-09-25,393.0,401.0,393.0,401.0
2018-09-26,393.0,400.0,391.0,395.0
2018-09-27,393.0,398.0,386.0,387.0
2018-09-28,389.0,395.0,388.0,389.0
2018-10-01,392.0,392.0,384.0,384.0
2018-10-02,387.0,392.0,385.0,387.0
2018-10-03,387.0,388.0,375.0,378.0
2018-10-04,384.0,386.0,379.0,382.0
2018-10-05,378.0,388.0,378.0,383.0
2018-10-08,383.0,383.0,383.0,383.0
2018-10-09,380.0,381.0,375.0,378.0
2018-10-10,381.0,387.0,378.0,385.0
2018-10-11,374.0,375.0,367.0,373.0
2018-10-12,368.0,373.0,368.0,373.0
2018-10-15,370.0,371.0,362.0,362.0
2018-10-16,362.0,365.0,356.0,359.0
2018-10-17,359.0,365.0,359.0,363.0
2018-10-18,364.0,366.0,358.0,360.0
2018-10-19,359.0,359.0,355.0,355.0
2018-10-22,355.0,358.0,351.0,356.0
2018-10-23,354.0,354.0,343.0,343.0
2018-10-24,345.0,348.0,339.0,345.0
2018-10-25,335.0,335.0,326.0,326.0
2018-10-26,329.0,331.0,322.0,324.0
2018-10-29,329.0,329.0,314.0,315.0
2018-10-30,314.0,330.0,314.0,328.0
2018-10-31,329.0,332.0,325.0,327.0
2018-11-01,324.0,327.0,321.0,325.0
2018-11-02,325.0,332.0,324.0,331.0
2018-11-05,334.0,336.0,330.0,333.0
2018-11-06,336.0,339.0,334.0,335.0
2018-11-07,334.0,343.0,331.0,333.0
2018-11-08,341.0,343.0,338.0,340.0
2018-11-09,340.0,346.0,339.0,342.0
2018-11-12,340.0,342.0,338.0,342.0
2018-11-13,336.0,336.0,321.0,323.0
2018-11-14,324.0,327.0,323.0,325.0
2018-11-15,322.0,322.0,317.0,320.0
2018-11-16,320.0,321.0,316.0,317.0
2018-11-19,318.0,318.0,313.0,315.0
2018-11-20,312.0,313.0,311.0,313.0
2018-11-21,310.0,310.0,302.0,304.0
2018-11-22,304.0,307.0,301.0,306.0
2018-11-23,306.0,306.0,306.0,306.0
2018-11-26,305.0,309.0,301.0,308.0
2018-11-27,310.0,314.0,309.0,313.0
2018-11-28,314.0,316.0,312.0,315.0
2018-11-29,319.0,321.0,315.0,315.0
2018-11-30,315.0,316.0,306.0,307.0
2018-12-03,309.0,314.0,307.0,313.0
2018-12-04,316.0,316.0,305.0,306.0
2018-12-05,303.0,308.0,301.0,308.0
2018-12-06,306.0,306.0,295.0,303.0
2018-12-07,302.0,303.0,297.0,302.0
2018-12-10,300.0,303.0,297.0,299.0
2018-12-11,300.0,302.0,295.0,300.0
2018-12-12,300.0,310.0,300.0,306.0
2018-12-13,306.0,310.0,305.0,306.0
2018-12-14,306.0,306.0,298.0,298.0
2018-12-17,296.0,297.0,286.0,287.0
2018-12-18,281.0,283.0,276.0,280.0
2018-12-19,279.0,283.0,275.0,276.0
2018-12-20,271.0,274.0,256.0,257.0
2018-12-21,250.0,254.0,245.0,253.0
2018-12-24,253.0,253.0,253.0,253.0
2018-12-25,233.0,243.0,233.0,239.0
2018-12-26,242.0,256.0,242.0,255.0
2018-12-27,268.0,272.0,255.0,258.0
2018-12-28,259.0,268.0,255.0,258.0
2018-12-31,258.0,258.0,258.0,258.0
2019-01-04,254.0,259.0,250.0,258.0
2019-01-07,266.0,272.0,263.0,269.0
2019-01-08,269.0,274.0,267.0,268.0
2019-01-09,268.0,270.0,264.0,266.0
2019-01-10,264.0,267.0,261.0,264.0
2019-01-11,264.0,268.0,262.0,264.0
2019-01-15,263.0,269.0,262.0,267.0
2019-01-16,266.0,267.0,261.0,262.0
2019-01-17,265.0,268.0,264.0,267.0
2019-01-18,269.0,275.0,269.0,272.0
2019-01-21,275.0,277.0,271.0,274.0
2019-01-22,274.0,274.0,265.0,265.0
2019-01-23,264.0,269.0,263.0,266.0
2019-01-24,266.0,272.0,266.0,271.0
2019-01-25,272.0,277.0,272.0,273.0
2019-01-28,275.0,275.0,269.0,269.0
2019-01-29,269.0,271.0,266.0,271.0
2019-01-30,272.0,272.0,260.0,260.0
2019-01-31,264.0,271.0,262.0,269.0
2019-02-01,269.0,269.0,260.0,260.0
2019-02-04,264.0,272.0,263.0,271.0
2019-02-05,273.0,273.0,266.0,267.0
2019-02-06,268.0,268.0,262.0,262.0
2019-02-07,262.0,262.0,260.0,260.0
2019-02-08,260.0,260.0,254.0,255.0
2019-02-12,256.0,263.0,255.0,257.0
2019-02-13,258.0,264.0,256.0,263.0
2019-02-14,261.0,265.0,261.0,263.0
2019-02-15,261.0,261.0,257.0,259.0
2019-02-18,264.0,268.0,264.0,268.0
2019-02-19,266.0,268.0,265.0,267.0
2019-02-20,264.0,266.0,263.0,265.0
2019-02-21,266.0,266.0,262.0,263.0
2019-02-22,262.0,263.0,261.0,262.0
2019-02-25,264.0,266.0,263.0,265.0
2019-02-26,267.0,267.0,263.0,264.0
2019-02-27,266.0,266.0,262.0,264.0
2019-02-28,265.0,266.0,262.0,265.0
2019-03-01,265.0,266.0,262.0,266.0
2019-03-04,266.0,269.0,262.0,264.0
2019-03-05,263.0,263.0,258.0,259.0
2019-03-06,260.0,261.0,256.0,256.0
2019-03-07,256.0,256.0,248.0,251.0
2019-03-08,247.0,248.0,243.0,244.0
2019-03-11,245.0,245.0,237.0,239.0
2019-03-12,242.0,245.0,241.0,244.0
2019-03-13,242.0,243.0,237.0,239.0
2019-03-14,238.0,240.0,236.0,237.0
2019-03-15,239.0,242.0,232.0,233.0
2019-03-18,233.0,237.0,218.0,222.0
2019-03-19,220.0,225.0,215.0,217.0
2019-03-20,220.0,221.0,216.0,218.0
2019-03-22,217.0,218.0,213.0,216.0
2019-03-25,213.0,213.0,206.0,208.0
2019-03-26,212.0,214.0,210.0,211.0
2019-03-27,213.0,213.0,208.0,208.0
2019-03-28,208.0,208.0,201.0,206.0
2019-03-29,207.0,207.0,203.0,206.0
2019-04-01,207.0,214.0,207.0,212.0
2019-04-02,214.0,215.0,207.0,207.0
2019-04-03,206.0,210.0,206.0,209.0
2019-04-04,208.0,209.0,205.0,207.0
2019-04-05,209.0,211.0,208.0,209.0
2019-04-08,211.0,211.0,207.0,208.0
2019-04-09,207.0,207.0,203.0,204.0
2019-04-10,203.0,205.0,203.0,205.0
2019-04-11,204.0,205.0,203.0,204.0
2019-04-12,205.0,205.0,201.0,202.0
2019-04-15,203.0,207.0,203.0,205.0
2019-04-16,205.0,207.0,199.0,200.0
2019-04-17,201.0,202.0,199.0,202.0
2019-04-18,201.0,203.0,199.0,199.0
2019-04-19,200.0,200.0,196.0,197.0
2019-04-22,196.0,199.0,192.0,197.0
2019-04-23,199.0,199.0,195.0,197.0
2019-04-24,196.0,197.0,192.0,194.0
2019-04-25,192.0,194.0,188.0,193.0
2019-04-26,191.0,221.0,189.0,221.0
2019-05-07,215.0,220.0,210.0,210.0
2019-05-08,209.0,212.0,206.0,210.0
2019-05-09,210.0,211.0,207.0,209.0
2019-05-10,207.0,209.0,204.0,204.0
2019-05-13,201.0,201.0,196.0,199.0
2019-05-14,194.0,201.0,192.0,199.0
2019-05-15,202.0,204.0,196.0,204.0
2019-05-16,203.0,207.0,200.0,204.0
2019-05-17,206.0,207.0,197.0,198.0
2019-05-20,201.0,213.0,200.0,209.0
2019-05-21,207.0,209.0,201.0,201.0
2019-05-22,202.0,204.0,198.0,198.0
2019-05-23,199.0,200.0,195.0,196.0
2019-05-24,193.0,201.0,193.0,201.0
2019-05-27,202.0,207.0,201.0,204.0
2019-05-28,204.0,208.0,202.0,203.0
2019-05-29,201.0,205.0,200.0,203.0
2019-05-30,203.0,206.0,202.0,203.0
2019-05-31,203.0,207.0,200.0,203.0
2019-06-03,201.0,201.0,192.0,195.0
2019-06-04,195.0,202.0,194.0,199.0
2019-06-05,202.0,210.0,200.0,207.0
2019-06-06,207.0,207.0,200.0,200.0
2019-06-07,200.0,204.0,200.0,203.0
2019-06-10,205.0,208.0,204.0,205.0
2019-06-11,205.0,209.0,203.0,204.0
2019-06-12,202.0,207.0,200.0,201.0
2019-06-13,202.0,202.0,196.0,197.0
2019-06-14,198.0,201.0,196.0,200.0
2019-06-17,200.0,200.0,198.0,198.0
2019-06-18,198.0,199.0,192.0,192.0
2019-06-19,195.0,198.0,195.0,196.0
2019-06-20,196.0,198.0,193.0,195.0
2019-06-21,195.0,198.0,191.0,192.0
2019-06-24,192.0,196.0,192.0,194.0
2019-06-25,193.0,195.0,190.0,191.0
2019-06-26,191.0,191.0,188.0,188.0
2019-06-27,190.0,196.0,188.0,195.0
2019-06-28,196.0,196.0,194.0,195.0
2019-07-01,197.0,201.0,197.0,201.0
2019-07-02,200.0,204.0,200.0,202.0
2019-07-03,202.0,208.0,201.0,204.0
2019-07-04,206.0,210.0,206.0,210.0
2019-07-05,210.0,211.0,208.0,209.0
2019-07-08,209.0,210.0,206.0,206.0
2019-07-09,207.0,210.0,204.0,206.0
2019-07-10,206.0,212.0,206.0,207.0
2019-07-11,209.0,212.0,209.0,210.0
2019-07-12,210.0,214.0,209.0,210.0
2019-07-16,210.0,212.0,207.0,209.0
2019-07-17,208.0,211.0,207.0,208.0
2019-07-18,207.0,207.0,200.0,200.0
2019-07-19,201.0,207.0,200.0,206.0
2019-07-22,206.0,207.0,204.0,204.0
2019-07-23,204.0,209.0,204.0,207.0
2019-07-24,208.0,209.0,207.0,207.0
2019-07-25,207.0,211.0,207.0,210.0
2019-07-26,210.0,210.0,205.0,207.0
2019-07-29,205.0,206.0,203.0,204.0
2019-07-30,204.0,207.0,202.0,203.0
2019-07-31,201.0,202.0,200.0,200.0
2019-08-01,198.0,201.0,198.0,199.0
2019-08-02,196.0,197.0,189.0,193.0
2019-08-05,193.0,193.0,187.0,189.0
2019-08-06,184.0,189.0,181.0,188.0
2019-08-07,187.0,192.0,187.0,188.0
2019-08-08,188.0,191.0,188.0,188.0
2019-08-09,190.0,192.0,189.0,190.0
2019-08-13,188.0,189.0,185.0,185.0
2019-08-14,187.0,190.0,187.0,190.0
2019-08-15,189.0,189.0,184.0,187.0
2019-08-16,190.0,192.0,188.0,189.0
2019-08-19,191.0,194.0,191.0,193.0
2019-08-20,193.0,196.0,193.0,196.0
2019-08-21,193.0,195.0,192.0,192.0
2019-08-22,195.0,198.0,193.0,193.0
2019-08-23,194.0,198.0,194.0,198.0
2019-08-26,193.0,193.0,189.0,189.0
2019-08-27,193.0,193.0,189.0,190.0
2019-08-28,190.0,191.0,188.0,188.0
2019-08-29,188.0,188.0,183.0,185.0
2019-08-30,187.0,193.0,187.0,193.0
2019-09-02,192.0,195.0,191.0,192.0
2019-09-03,192.0,194.0,192.0,193.0
2019-09-04,192.0,194.0,190.0,193.0
2019-09-05,194.0,199.0,194.0,197.0
2019-09-06,197.0,197.0,192.0,192.0
2019-09-09,193.0,193.0,190.0,192.0
2019-09-10,192.0,197.0,192.0,195.0
2019-09-11,199.0,215.0,199.0,210.0
2019-09-12,214.0,215.0,207.0,210.0
2019-09-13,212.0,213.0,210.0,213.0
2019-09-17,215.0,220.0,213.0,215.0
2019-09-18,216.0,217.0,209.0,216.0
2019-09-19,215.0,217.0,211.0,213.0
2019-09-20,213.0,221.0,212.0,216.0
2019-09-24,216.0,218.0,212.0,214.0
2019-09-25,213.0,217.0,213.0,215.0
2019-09-26,217.0,224.0,216.0,223.0
2019-09-27,226.0,233.0,224.0,231.0
2019-09-30,230.0,239.0,229.0,238.0
2019-10-01,237.0,242.0,237.0,239.0
2019-10-02,236.0,242.0,235.0,241.0
2019-10-03,237.0,243.0,235.0,241.0
2019-10-04,241.0,253.0,240.0,251.0
2019-10-07,255.0,257.0,250.0,255.0
2019-10-08,255.0,256.0,251.0,253.0
2019-10-09,253.0,253.0,249.0,251.0
2019-10-10,251.0,252.0,249.0,252.0
2019-10-11,252.0,258.0,251.0,257.0
2019-10-15,261.0,261.0,254.0,257.0
2019-10-16,259.0,261.0,257.0,259.0
2019-10-17,259.0,259.0,255.0,256.0
2019-10-18,254.0,259.0,238.0,241.0
2019-10-21,239.0,240.0,231.0,239.0
2019-10-23,241.0,250.0,238.0,249.0
2019-10-24,250.0,250.0,242.0,245.0
2019-10-25,245.0,245.0,242.0,243.0
2019-10-28,245.0,245.0,241.0,245.0
2019-10-29,245.0,247.0,243.0,245.0
2019-10-30,243.0,243.0,239.0,242.0
2019-10-31,241.0,244.0,238.0,239.0
2019-11-01,237.0,243.0,236.0,242.0
2019-11-05,244.0,253.0,244.0,252.0
2019-11-06,253.0,256.0,250.0,255.0
2019-11-07,254.0,258.0,253.0,256.0
2019-11-08,257.0,262.0,257.0,259.0
2019-11-11,259.0,267.0,259.0,264.0
2019-11-12,264.0,271.0,262.0,270.0
2019-11-13,272.0,272.0,264.0,266.0
2019-11-14,266.0,271.0,262.0,264.0
2019-11-15,266.0,275.0,266.0,275.0
2019-11-18,277.0,277.0,269.0,272.0
2019-11-19,270.0,273.0,268.0,270.0
2019-11-20,267.0,268.0,263.0,265.0
2019-11-21,265.0,268.0,261.0,266.0
2019-11-22,266.0,274.0,266.0,273.0
2019-11-25,274.0,277.0,274.0,275.0
2019-11-26,277.0,277.0,267.0,267.0
2019-11-27,267.0,275.0,267.0,274.0
2019-11-28,273.0,275.0,271.0,274.0
2019-11-29,274.0,283.0,274.0,279.0
2019-12-02,282.0,285.0,281.0,283.0
2019-12-03,279.0,281.0,271.0,272.0
2019-12-04,266.0,267.0,257.0,259.0
2019-12-05,262.0,262.0,245.0,247.0
2019-12-06,246.0,254.0,246.0,251.0
2019-12-09,254.0,255.0,252.0,252.0
2019-12-10,250.0,250.0,243.0,244.0
2019-12-11,243.0,245.0,237.0,237.0
2019-12-12,238.0,238.0,231.0,233.0
2019-12-13,235.0,236.0,232.0,233.0
2019-12-16,236.0,236.0,232.0,234.0
2019-12-17,234.0,234.0,229.0,232.0
2019-12-18,230.0,232.0,226.0,227.0
2019-12-19,226.0,231.0,226.0,228.0
2019-12-20,230.0,230.0,227.0,228.0
2019-12-23,228.0,230.0,224.0,225.0
2019-12-24,227.0,227.0,224.0,225.0
2019-12-25,224.0,224.0,215.0,215.0
2019-12-26,211.0,221.0,211.0,220.0
2019-12-27,223.0,226.0,221.0,224.0
2019-12-30,223.0,225.0,221.0,222.0
2020-01-06,216.0,219.0,214.0,215.0
2020-01-07,216.0,225.0,216.0,225.0
2020-01-08,221.0,224.0,216.0,222.0
2020-01-09,227.0,235.0,227.0,234.0
2020-01-10,233.0,235.0,227.0,229.0
2020-01-14,231.0,231.0,216.0,219.0
2020-01-15,218.0,220.0,217.0,218.0
2020-01-16,217.0,219.0,217.0,217.0
2020-01-17,220.0,220.0,217.0,219.0
2020-01-20,219.0,223.0,219.0,223.0
2020-01-21,223.0,229.0,222.0,228.0
2020-01-22,228.0,237.0,227.0,232.0
2020-01-23,232.0,234.0,229.0,232.0
2020-01-24,232.0,232.0,223.0,225.0
2020-01-27,219.0,225.0,218.0,223.0
2020-01-28,222.0,226.0,219.0,224.0
2020-01-29,224.0,228.0,223.0,225.0
2020-01-30,225.0,225.0,218.0,220.0
2020-01-31,221.0,231.0,221.0,227.0
2020-02-03,221.0,227.0,220.0,224.0
2020-02-04,223.0,229.0,223.0,227.0
2020-02-05,230.0,233.0,229.0,231.0
2020-02-06,233.0,237.0,233.0,237.0
2020-02-07,236.0,236.0,230.0,231.0
2020-02-10,228.0,234.0,225.0,232.0
2020-02-12,234.0,234.0,229.0,231.0
2020-02-13,230.0,230.0,226.0,228.0
2020-02-14,227.0,230.0,223.0,229.0
2020-02-17,226.0,226.0,221.0,223.0
2020-02-18,221.0,223.0,220.0,220.0
2020-02-19,221.0,223.0,219.0,219.0
2020-02-20,221.0,225.0,221.0,222.0
2020-02-21,222.0,225.0,221.0,223.0
2020-02-25,215.0,216.0,210.0,210.0
2020-02-26,205.0,207.0,200.0,201.0
2020-02-27,201.0,204.0,190.0,190.0
2020-02-28,178.0,185.0,177.0,177.0
2020-03-02,179.0,207.0,178.0,205.0
2020-03-03,204.0,208.0,193.0,194.0
2020-03-04,186.0,193.0,185.0,190.0
2020-03-05,194.0,197.0,190.0,196.0
2020-03-06,190.0,191.0,184.0,185.0
2020-03-09,180.0,187.0,175.0,175.0
2020-03-10,171.0,191.0,166.0,191.0
2020-03-11,190.0,194.0,182.0,182.0
2020-03-12,178.0,185.0,175.0,178.0
2020-03-13,173.0,176.0,157.0,159.0
2020-03-16,163.0,164.0,155.0,156.0
2020-03-17,152.0,159.0,142.0,157.0
2020-03-18,157.0,163.0,149.0,152.0
2020-03-19,155.0,156.0,143.0,151.0
2020-03-23,155.0,166.0,152.0,164.0
2020-03-24,174.0,177.0,167.0,173.0
2020-03-25,180.0,186.0,178.0,186.0
2020-03-26,181.0,184.0,176.0,181.0
2020-03-27,190.0,190.0,178.0,190.0
2020-03-30,180.0,190.0,179.0,189.0
2020-03-31,189.0,191.0,182.0,190.0
2020-04-01,185.0,193.0,184.0,188.0
2020-04-02,186.0,188.0,174.0,175.0
2020-04-03,177.0,179.0,162.0,168.0
2020-04-06,170.0,179.0,165.0,179.0
2020-04-07,181.0,184.0,173.0,179.0
2020-04-08,179.0,190.0,176.0,189.0
2020-04-09,186.0,187.0,181.0,181.0
2020-04-10,182.0,190.0,181.0,189.0
2020-04-13,190.0,199.0,190.0,195.0
2020-04-14,196.0,201.0,193.0,199.0
2020-04-15,199.0,201.0,191.0,192.0
2020-04-16,190.0,200.0,190.0,200.0
2020-04-17,200.0,206.0,199.0,202.0
2020-04-20,203.0,203.0,196.0,199.0
2020-04-21,197.0,200.0,193.0,197.0
2020-04-22,192.0,193.0,185.0,189.0
2020-04-23,193.0,195.0,184.0,189.0
2020-04-24,188.0,189.0,179.0,179.0
2020-04-27,183.0,185.0,178.0,184.0
2020-04-28,185.0,199.0,180.0,190.0
2020-04-30,195.0,200.0,190.0,193.0
2020-05-01,192.0,192.0,186.0,187.0
2020-05-07,185.0,191.0,184.0,188.0
2020-05-08,190.0,192.0,187.0,191.0
2020-05-11,194.0,196.0,192.0,196.0
2020-05-12,195.0,197.0,192.0,192.0
2020-05-13,189.0,194.0,188.0,193.0
2020-05-14,192.0,192.0,187.0,187.0
2020-05-15,192.0,192.0,185.0,188.0
2020-05-18,188.0,188.0,182.0,187.0
2020-05-19,189.0,194.0,188.0,194.0
2020-05-20,194.0,197.0,192.0,193.0
2020-05-21,191.0,193.0,190.0,192.0
2020-05-22,192.0,193.0,190.0,190.0
2020-05-25,192.0,196.0,192.0,196.0
2020-05-26,197.0,198.0,194.0,198.0
2020-05-27,199.0,209.0,196.0,207.0
2020-05-28,215.0,219.0,209.0,215.0
2020-05-29,210.0,214.0,206.0,206.0
2020-06-01,208.0,213.0,205.0,211.0
2020-06-02,213.0,214.0,211.0,213.0
2020-06-03,215.0,218.0,211.0,212.0
2020-06-04,217.0,217.0,209.0,215.0
2020-06-05,213.0,214.0,210.0,213.0
2020-06-08,216.0,223.0,216.0,223.0
2020-06-09,223.0,223.0,213.0,213.0
2020-06-10,215.0,216.0,211.0,214.0
2020-06-11,210.0,212.0,202.0,204.0
2020-06-12,195.0,203.0,195.0,201.0
2020-06-15,202.0,205.0,196.0,196.0
2020-06-16,201.0,210.0,201.0,210.0
2020-06-17,209.0,209.0,201.0,202.0
2020-06-18,201.0,202.0,198.0,201.0
2020-06-19,202.0,206.0,198.0,204.0
2020-06-22,203.0,204.0,200.0,200.0
2020-06-23,202.0,209.0,199.0,206.0
2020-06-24,206.0,206.0,200.0,200.0
2020-06-25,199.0,201.0,197.0,197.0
2020-06-26,200.0,202.0,198.0,202.0
2020-06-29,200.0,203.0,196.0,197.0
2020-06-30,202.0,202.0,197.0,197.0
2020-07-01,198.0,198.0,191.0,191.0
2020-07-02,194.0,196.0,190.0,195.0
2020-07-03,197.0,197.0,191.0,191.0
2020-07-06,193.0,202.0,191.0,201.0
2020-07-07,202.0,202.0,192.0,193.0
2020-07-08,193.0,196.0,191.0,192.0
2020-07-09,193.0,194.0,191.0,193.0
2020-07-10,192.0,192.0,185.0,185.0
2020-07-13,190.0,194.0,187.0,194.0
2020-07-14,192.0,206.0,190.0,205.0
2020-07-15,206.0,210.0,203.0,210.0
2020-07-16,210.0,216.0,207.0,207.0
2020-07-17,207.0,210.0,205.0,208.0
2020-07-20,206.0,213.0,205.0,213.0
2020-07-21,212.0,213.0,206.0,210.0
2020-07-22,211.0,211.0,206.0,207.0
2020-07-27,205.0,209.0,203.0,208.0
2020-07-28,207.0,210.0,205.0,208.0
2020-07-29,206.0,206.0,202.0,203.0
2020-07-30,207.0,210.0,202.0,209.0
2020-07-31,202.0,203.0,189.0,192.0
2020-08-03,196.0,198.0,192.0,197.0
2020-08-04,200.0,201.0,196.0,200.0
2020-08-05,198.0,199.0,195.0,196.0
2020-08-06,194.0,197.0,193.0,194.0
2020-08-07,195.0,197.0,193.0,194.0
2020-08-11,195.0,200.0,195.0,200.0
2020-08-12,200.0,204.0,199.0,202.0
2020-08-13,204.0,206.0,201.0,203.0
2020-08-14,204.0,204.0,201.0,201.0
2020-08-17,200.0,201.0,199.0,200.0
2020-08-18,200.0,200.0,196.0,199.0
2020-08-19,197.0,201.0,196.0,199.0
2020-08-20,199.0,200.0,196.0,197.0
2020-08-21,198.0,199.0,197.0,197.0
2020-08-24,198.0,199.0,197.0,198.0
2020-08-25,200.0,202.0,199.0,202.0
2020-08-26,202.0,202.0,199.0,199.0
2020-08-27,201.0,201.0,197.0,198.0
2020-08-28,199.0,205.0,196.0,198.0
2020-08-31,198.0,208.0,198.0,203.0
2020-09-01,201.0,202.0,197.0,198.0
2020-09-02,199.0,199.0,195.0,199.0
2020-09-03,201.0,201.0,198.0,198.0
2020-09-04,196.0,200.0,196.0,197.0
2020-09-07,196.0,200.0,196.0,200.0
2020-09-08,200.0,203.0,198.0,202.0
2020-09-09,199.0,202.0,198.0,200.0
2020-09-10,201.0,203.0,199.0,201.0
2020-09-11,201.0,204.0,199.0,204.0
2020-09-14,204.0,211.0,202.0,210.0
2020-09-15,209.0,213.0,206.0,212.0
2020-09-16,214.0,220.0,203.0,218.0
2020-09-17,219.0,220.0,214.0,217.0
2020-09-18,218.0,224.0,217.0,219.0
2020-09-23,222.0,222.0,214.0,216.0
2020-09-24,215.0,217.0,212.0,213.0
2020-09-25,214.0,216.0,213.0,214.0
2020-09-28,217.0,217.0,213.0,215.0
2020-09-29,212.0,213.0,209.0,211.0
2020-09-30,211.0,214.0,210.0,212.0
2020-10-02,213.0,213.0,203.0,204.0
2020-10-05,206.0,211.0,206.0,211.0
2020-10-06,210.0,212.0,209.0,211.0
2020-10-07,210.0,210.0,208.0,209.0
2020-10-08,209.0,210.0,208.0,210.0
2020-10-09,210.0,210.0,206.0,206.0
2020-10-12,206.0,207.0,204.0,204.0
2020-10-13,206.0,206.0,202.0,203.0
2020-10-14,203.0,206.0,203.0,204.0
2020-10-15,204.0,205.0,200.0,201.0
2020-10-16,201.0,223.0,201.0,218.0
2020-10-19,221.0,225.0,218.0,221.0
2020-10-20,220.0,224.0,218.0,221.0
2020-10-21,222.0,228.0,222.0,226.0
2020-10-22,225.0,241.0,222.0,239.0
2020-10-23,235.0,240.0,234.0,239.0
2020-10-26,239.0,240.0,228.0,228.0
2020-10-27,226.0,230.0,221.0,230.0
2020-10-28,233.0,233.0,221.0,223.0
2020-10-29,220.0,226.0,219.0,223.0
2020-10-30,225.0,225.0,214.0,216.0
2020-11-02,216.0,222.0,209.0,210.0
2020-11-04,216.0,219.0,213.0,217.0
2020-11-05,219.0,220.0,213.0,213.0
2020-11-06,217.0,223.0,214.0,223.0
2020-11-09,223.0,223.0,216.0,218.0
2020-11-10,226.0,226.0,219.0,221.0
2020-11-11,224.0,228.0,222.0,228.0
2020-11-12,229.0,229.0,221.0,223.0
2020-11-13,220.0,221.0,212.0,213.0
2020-11-16,216.0,227.0,216.0,227.0
2020-11-17,226.0,228.0,223.0,225.0
2020-11-18,223.0,226.0,219.0,222.0
2020-11-19,225.0,241.0,223.0,234.0
2020-11-20,230.0,235.0,228.0,232.0
2020-11-24,240.0,242.0,236.0,236.0
2020-11-25,240.0,242.0,236.0,236.0
2020-11-26,237.0,239.0,231.0,236.0
2020-11-27,237.0,248.0,235.0,244.0
2020-11-30,247.0,248.0,236.0,236.0
2020-12-01,235.0,244.0,232.0,243.0
2020-12-02,244.0,246.0,240.0,240.0
2020-12-03,242.0,246.0,238.0,242.0
2020-12-04,240.0,241.0,233.0,236.0
2020-12-07,238.0,239.0,233.0,233.0
2020-12-08,233.0,245.0,232.0,245.0
2020-12-09,242.0,243.0,240.0,241.0
2020-12-10,241.0,242.0,237.0,238.0
2020-12-11,239.0,241.0,236.0,241.0
2020-12-14,239.0,245.0,239.0,240.0
2020-12-15,240.0,243.0,236.0,237.0
2020-12-16,239.0,240.0,235.0,237.0
2020-12-17,236.0,236.0,231.0,234.0
2020-12-18,232.0,233.0,228.0,231.0
2020-12-21,230.0,232.0,227.0,228.0
2020-12-22,227.0,228.0,221.0,222.0
2020-12-23,223.0,227.0,221.0,225.0
2020-12-24,223.0,229.0,223.0,229.0
2020-12-25,229.0,229.0,225.0,226.0
2020-12-28,227.0,227.0,219.0,222.0
2020-12-29,225.0,230.0,224.0,230.0
2020-12-30,229.0,230.0,226.0,228.0
2021-01-04,229.0,229.0,223.0,223.0
2021-01-05,223.0,230.0,223.0,227.0
2021-01-06,226.0,234.0,226.0,233.0
2021-01-07,235.0,245.0,235.0,244.0
2021-01-08,245.0,253.0,243.0,250.0
2021-01-12,254.0,257.0,247.0,252.0
2021-01-13,250.0,262.0,250.0,261.0
2021-01-14,261.0,273.0,260.0,267.0
2021-01-15,268.0,268.0,259.0,259.0
2021-01-18,255.0,261.0,253.0,256.0
2021-01-19,259.0,280.0,259.0,269.0
2021-01-20,265.0,270.0,257.0,268.0
2021-01-21,272.0,275.0,266.0,269.0
2021-01-22,265.0,269.0,264.0,266.0
2021-01-25,271.0,271.0,267.0,268.0
2021-01-26,269.0,269.0,258.0,260.0
2021-01-27,263.0,263.0,256.0,261.0
2021-01-28,255.0,267.0,253.0,255.0
2021-01-29,255.0,258.0,246.0,247.0
2021-02-01,247.0,251.0,245.0,248.0
2021-02-02,248.0,249.0,246.0,248.0
2021-02-03,251.0,253.0,249.0,253.0
2021-02-04,256.0,267.0,256.0,261.0
2021-02-05,263.0,267.0,262.0,266.0
2021-02-08,267.0,273.0,266.0,271.0
2021-02-09,274.0,283.0,270.0,281.0
2021-02-10,283.0,283.0,278.0,278.0
2021-02-12,280.0,285.0,275.0,280.0
2021-02-15,285.0,290.0,281.0,289.0
2021-02-16,292.0,304.0,290.0,297.0
2021-02-17,297.0,318.0,294.0,315.0
2021-02-18,315.0,316.0,295.0,298.0
2021-02-19,292.0,299.0,289.0,294.0
2021-02-22,300.0,309.0,296.0,305.0
2021-02-24,303.0,306.0,295.0,296.0
2021-02-25,304.0,306.0,299.0,302.0
2021-02-26,295.0,297.0,290.0,290.0
2021-03-01,293.0,295.0,287.0,293.0
2021-03-02,296.0,297.0,290.0,293.0
2021-03-03,295.0,295.0,290.0,295.0
2021-03-04,292.0,294.0,288.0,293.0
2021-03-05,294.0,294.0,283.0,291.0
2021-03-08,294.0,301.0,291.0,296.0
2021-03-09,300.0,301.0,295.0,299.0
2021-03-10,303.0,303.0,297.0,299.0
2021-03-11,300.0,303.0,299.0,303.0
2021-03-12,303.0,307.0,299.0,306.0
2021-03-15,312.0,330.0,312.0,330.0
2021-03-16,331.0,333.0,323.0,327.0
2021-03-17,322.0,337.0,322.0,337.0
2021-03-18,341.0,347.0,331.0,344.0
2021-03-19,342.0,365.0,339.0,362.0
2021-03-22,370.0,372.0,356.0,366.0
2021-03-23,366.0,367.0,347.0,350.0
2021-03-24,342.0,344.0,324.0,333.0
2021-03-25,338.0,346.0,335.0,342.0
2021-03-26,350.0,350.0,344.0,348.0
2021-03-29,353.0,353.0,335.0,341.0
2021-03-30,323.0,338.0,321.0,336.0
2021-03-31,330.0,331.0,322.0,322.0
2021-04-01,322.0,325.0,312.0,313.0
2021-04-02,318.0,320.0,311.0,315.0
2021-04-05,317.0,330.0,315.0,328.0
2021-04-06,333.0,334.0,315.0,320.0
2021-04-07,319.0,324.0,314.0,321.0
2021-04-08,318.0,318.0,308.0,309.0
2021-04-09,311.0,317.0,309.0,313.0
2021-04-12,315.0,315.0,309.0,315.0
2021-04-13,313.0,319.0,312.0,312.0
2021-04-14,311.0,311.0,303.0,307.0
2021-04-15,309.0,315.0,307.0,312.0
2021-04-16,310.0,315.0,307.0,312.0
2021-04-19,314.0,320.0,309.0,313.0
2021-04-20,309.0,315.0,308.0,309.0
2021-04-21,304.0,306.0,300.0,303.0
2021-04-22,306.0,309.0,305.0,306.0
2021-04-23,300.0,308.0,300.0,303.0
2021-04-26,306.0,306.0,302.0,303.0
2021-04-27,305.0,306.0,300.0,302.0
2021-04-28,305.0,309.0,303.0,304.0
2021-04-30,305.0,310.0,302.0,306.0
2021-05-06,304.0,317.0,298.0,313.0
2021-05-07,312.0,319.0,309.0,313.0
2021-05-10,314.0,319.0,311.0,312.0
2021-05-11,311.0,313.0,304.0,304.0
2021-05-12,304.0,304.0,291.0,295.0
2021-05-13,290.0,298.0,288.0,293.0
2021-05-14,300.0,300.0,294.0,295.0
2021-05-17,296.0,298.0,293.0,295.0
2021-05-18,298.0,304.0,297.0,303.0
2021-05-19,297.0,305.0,296.0,300.0
2021-05-20,300.0,307.0,300.0,304.0
2021-05-21,303.0,307.0,300.0,304.0
2021-05-24,307.0,308.0,303.0,303.0
2021-05-25,303.0,304.0,301.0,304.0
2021-05-26,301.0,303.0,300.0,300.0
2021-05-27,301.0,305.0,298.0,301.0
2021-05-28,303.0,308.0,301.0,306.0
2021-05-31,304.0,304.0,299.0,301.0
2021-06-01,301.0,309.0,300.0,309.0
2021-06-02,307.0,312.0,305.0,307.0
2021-06-03,306.0,307.0,303.0,304.0
2021-06-04,304.0,308.0,303.0,306.0
2021-06-07,307.0,309.0,304.0,304.0
2021-06-08,307.0,310.0,303.0,307.0
2021-06-09,306.0,309.0,304.0,306.0
2021-06-10,305.0,306.0,303.0,304.0
2021-06-11,304.0,305.0,300.0,304.0
2021-06-14,306.0,307.0,302.0,305.0
2021-06-15,304.0,305.0,301.0,302.0
2021-06-16,303.0,309.0,302.0,308.0
2021-06-17,307.0,315.0,307.0,314.0
2021-06-18,314.0,314.0,301.0,302.0
2021-06-21,298.0,301.0,285.0,285.0
2021-06-22,293.0,302.0,291.0,302.0
2021-06-23,301.0,301.0,294.0,294.0
2021-06-24,297.0,299.0,293.0,294.0
2021-06-25,296.0,299.0,295.0,299.0
2021-06-28,302.0,302.0,298.0,300.0
2021-06-29,298.0,299.0,296.0,296.0
2021-06-30,296.0,299.0,294.0,294.0
2021-07-01,296.0,298.0,294.0,294.0
2021-07-02,295.0,300.0,295.0,300.0
2021-07-05,299.0,299.0,295.0,295.0
2021-07-06,297.0,297.0,293.0,295.0
2021-07-07,293.0,296.0,292.0,293.0
2021-07-08,295.0,295.0,290.0,290.0
2021-07-09,286.0,294.0,285.0,291.0
2021-07-12,295.0,300.0,295.0,300.0
2021-07-13,300.0,304.0,299.0,304.0
2021-07-14,302.0,305.0,301.0,301.0
2021-07-15,302.0,302.0,299.0,299.0
2021-07-16,298.0,303.0,298.0,301.0
2021-07-19,297.0,299.0,294.0,294.0
2021-07-20,294.0,295.0,292.0,293.0
2021-07-21,298.0,299.0,294.0,295.0
2021-07-26,301.0,301.0,299.0,300.0
2021-07-27,300.0,305.0,299.0,305.0
2021-07-28,301.0,303.0,298.0,298.0
2021-07-29,300.0,301.0,296.0,301.0
2021-07-30,298.0,298.0,292.0,292.0
2021-08-02,296.0,298.0,294.0,298.0
2021-08-03,296.0,298.0,296.0,296.0
2021-08-04,295.0,297.0,295.0,295.0
2021-08-05,296.0,296.0,295.0,296.0
2021-08-06,293.0,296.0,293.0,293.0
2021-08-10,297.0,300.0,295.0,298.0
2021-08-11,299.0,302.0,298.0,302.0
2021-08-12,302.0,303.0,298.0,299.0
2021-08-13,299.0,302.0,298.0,299.0
2021-08-16,298.0,298.0,294.0,294.0
2021-08-17,296.0,296.0,290.0,290.0
2021-08-18,292.0,296.0,288.0,295.0
2021-08-19,291.0,294.0,289.0,289.0
2021-08-20,290.0,292.0,287.0,287.0
2021-08-23,288.0,295.0,288.0,295.0
2021-08-24,295.0,296.0,291.0,295.0
2021-08-25,296.0,298.0,293.0,293.0
2021-08-26,293.0,295.0,292.0,295.0
2021-08-27,294.0,298.0,293.0,298.0
2021-08-30,301.0,305.0,299.0,305.0
2021-08-31,305.0,305.0,302.0,304.0
2021-09-01,303.0,304.0,300.0,302.0
2021-09-02,303.0,304.0,301.0,303.0
2021-09-03,304.0,308.0,303.0,307.0
2021-09-06,309.0,315.0,308.0,314.0
2021-09-07,318.0,320.0,314.0,317.0
2021-09-08,314.0,317.0,314.0,317.0
2021-09-09,313.0,316.0,312.0,314.0
2021-09-10,312.0,322.0,312.0,322.0
2021-09-13,322.0,324.0,320.0,323.0
2021-09-14,324.0,330.0,323.0,330.0
2021-09-15,326.0,327.0,319.0,325.0
2021-09-16,328.0,329.0,318.0,323.0
2021-09-17,323.0,323.0,318.0,323.0
2021-09-21,310.0,316.0,310.0,313.0
2021-09-22,312.0,317.0,312.0,315.0
2021-09-24,322.0,327.0,318.0,327.0
2021-09-27,326.0,329.0,323.0,325.0
2021-09-28,326.0,326.0,320.0,324.0
2021-09-29,310.0,313.0,304.0,308.0
2021-09-30,311.0,311.0,304.0,304.0
2021-10-01,301.0,301.0,294.0,295.0
2021-10-04,301.0,301.0,295.0,297.0
2021-10-05,293.0,300.0,288.0,295.0
2021-10-06,299.0,306.0,297.0,302.0
2021-10-07,299.0,301.0,296.0,297.0
2021-10-08,303.0,303.0,297.0,300.0
2021-10-11,304.0,305.0,300.0,305.0
2021-10-12,300.0,301.0,298.0,299.0
2021-10-13,298.0,298.0,294.0,296.0
2021-10-14,294.0,295.0,292.0,294.0
2021-10-15,296.0,300.0,295.0,300.0
2021-10-18,301.0,301.0,297.0,300.0
2021-10-19,299.0,301.0,298.0,300.0
2021-10-20,302.0,304.0,298.0,299.0
2021-10-21,302.0,302.0,297.0,297.0
2021-10-22,297.0,299.0,295.0,297.0
2021-10-25,296.0,298.0,295.0,295.0
2021-10-26,295.0,299.0,295.0,298.0
2021-10-27,298.0,298.0,294.0,295.0
2021-10-28,295.0,297.0,292.0,295.0
2021-10-29,294.0,295.0,292.0,295.0
2021-11-01,299.0,300.0,296.0,300.0
2021-11-02,298.0,300.0,294.0,294.0
2021-11-04,297.0,299.0,294.0,299.0
2021-11-05,296.0,296.0,294.0,294.0
2021-11-08,294.0,295.0,291.0,291.0
2021-11-09,292.0,293.0,288.0,288.0
2021-11-10,288.0,289.0,287.0,287.0
2021-11-11,287.0,289.0,286.0,286.0
2021-11-12,288.0,291.0,287.0,290.0
2021-11-15,290.0,291.0,287.0,290.0
2021-11-16,290.0,291.0,287.0,287.0
2021-11-17,288.0,289.0,285.0,286.0
2021-11-18,287.0,287.0,284.0,286.0
2021-11-19,285.0,285.0,279.0,282.0
2021-11-22,280.0,283.0,278.0,283.0
2021-11-24,284.0,285.0,280.0,280.0
2021-11-25,283.0,285.0,281.0,285.0
2021-11-26,285.0,285.0,277.0,279.0
2021-11-29,275.0,277.0,269.0,269.0
2021-11-30,273.0,279.0,269.0,269.0
2021-12-01,268.0,274.0,265.0,271.0
2021-12-02,267.0,273.0,267.0,267.0
2021-12-03,271.0,277.0,270.0,277.0
2021-12-06,278.0,279.0,275.0,276.0
2021-12-07,280.0,288.0,276.0,288.0
2021-12-08,288.0,289.0,285.0,286.0
2021-12-09,284.0,285.0,281.0,281.0
2021-12-10,283.0,283.0,277.0,278.0
2021-12-13,280.0,280.0,274.0,276.0
2021-12-14,274.0,279.0,274.0,275.0
2021-12-15,275.0,280.0,275.0,275.0
2021-12-16,279.0,279.0,276.0,277.0
2021-12-17,276.0,278.0,272.0,273.0
2021-12-20,273.0,273.0,266.0,266.0
2021-12-21,270.0,271.0,268.0,271.0
2021-12-22,269.0,272.0,267.0,267.0
2021-12-23,269.0,270.0,268.0,269.0
2021-12-24,269.0,269.0,266.0,268.0
2021-12-27,267.0,267.0,261.0,263.0
2021-12-28,265.0,267.0,262.0,266.0
2021-12-29,266.0,273.0,266.0,273.0
2021-12-30,272.0,275.0,271.0,273.0
2022-01-04,275.0,278.0,273.0,278.0
2022-01-05,279.0,280.0,276.0,279.0
2022-01-06,277.0,279.0,276.0,276.0
2022-01-07,276.0,280.0,276.0,276.0
2022-01-11,279.0,280.0,276.0,280.0
2022-01-12,281.0,285.0,281.0,285.0
2022-01-13,285.0,286.0,282.0,283.0
2022-01-14,283.0,283.0,276.0,278.0
2022-01-17,281.0,283.0,278.0,279.0
2022-01-18,281.0,284.0,280.0,280.0
2022-01-19,279.0,280.0,275.0,275.0
2022-01-20,276.0,281.0,276.0,277.0
2022-01-21,276.0,279.0,274.0,278.0
2022-01-24,276.0,281.0,275.0,281.0
2022-01-25,278.0,279.0,272.0,274.0
2022-01-26,276.0,278.0,274.0,275.0
2022-01-27,278.0,279.0,271.0,271.0
2022-01-28,277.0,277.0,273.0,275.0
2022-01-31,275.0,278.0,275.0,278.0
2022-02-01,277.0,280.0,275.0,275.0
2022-02-02,278.0,283.0,278.0,283.0
2022-02-03,283.0,283.0,278.0,278.0
2022-02-04,278.0,281.0,278.0,280.0
2022-02-07,279.0,283.0,279.0,281.0
2022-02-08,283.0,284.0,282.0,284.0
2022-02-09,285.0,285.0,282.0,284.0
2022-02-10,285.0,286.0,282.0,284.0
2022-02-14,281.0,284.0,279.0,281.0
2022-02-15,283.0,284.0,279.0,279.0
2022-02-16,284.0,284.0,282.0,284.0
2022-02-17,283.0,283.0,280.0,281.0
2022-02-18,279.0,282.0,277.0,282.0
2022-02-21,276.0,282.0,276.0,280.0
2022-02-22,276.0,279.0,276.0,279.0
2022-02-24,275.0,280.0,275.0,278.0
2022-02-25,278.0,281.0,276.0,280.0
2022-02-28,283.0,289.0,281.0,286.0
2022-03-01,290.0,292.0,286.0,291.0
2022-03-02,285.0,287.0,279.0,279.0
2022-03-03,283.0,284.0,280.0,281.0
2022-03-04,280.0,283.0,278.0,278.0
2022-03-07,278.0,279.0,274.0,276.0
2022-03-08,274.0,275.0,267.0,269.0
2022-03-09,270.0,273.0,266.0,269.0
2022-03-10,277.0,283.0,276.0,283.0
2022-03-11,276.0,281.0,276.0,279.0
2022-03-14,279.0,284.0,279.0,283.0
2022-03-15,284.0,288.0,283.0,288.0
2022-03-16,290.0,290.0,284.0,285.0
2022-03-17,290.0,291.0,285.0,289.0
2022-03-18,287.0,288.0,285.0,288.0
2022-03-22,290.0,290.0,285.0,288.0
2022-03-23,290.0,295.0,288.0,295.0
2022-03-24,292.0,292.0,288.0,290.0
2022-03-25,290.0,290.0,286.0,288.0
2022-03-28,288.0,288.0,283.0,287.0
2022-03-29,288.0,289.0,283.0,289.0
2022-03-30,282.0,282.0,275.0,280.0
2022-03-31,277.0,278.0,275.0,275.0
2022-04-01,271.0,275.0,269.0,273.0
2022-04-04,276.0,277.0,274.0,275.0
2022-04-05,276.0,276.0,273.0,275.0
2022-04-06,271.0,273.0,269.0,269.0
2022-04-07,266.0,266.0,262.0,265.0
2022-04-08,264.0,266.0,262.0,265.0
2022-04-11,262.0,265.0,260.0,263.0
2022-04-12,263.0,265.0,262.0,262.0
2022-04-13,262.0,267.0,261.0,267.0
2022-04-14,268.0,268.0,266.0,267.0
2022-04-15,264.0,275.0,262.0,273.0
2022-04-18,271.0,273.0,271.0,272.0
2022-04-19,275.0,276.0,271.0,271.0
2022-04-20,271.0,273.0,269.0,270.0
2022-04-21,270.0,270.0,266.0,266.0
2022-04-22,265.0,266.0,262.0,265.0
2022-04-25,262.0,265.0,261.0,261.0
2022-04-26,265.0,265.0,261.0,261.0
2022-04-27,261.0,261.0,253.0,253.0
2022-04-28,259.0,262.0,257.0,262.0
2022-05-02,259.0,266.0,258.0,265.0
2022-05-06,261.0,267.0,261.0,265.0
2022-05-09,262.0,264.0,260.0,260.0
2022-05-10,260.0,261.0,258.0,259.0
2022-05-11,258.0,259.0,256.0,256.0
2022-05-12,257.0,259.0,256.0,257.0
2022-05-13,257.0,265.0,256.0,265.0
2022-05-16,265.0,265.0,258.0,258.0
2022-05-17,259.0,262.0,258.0,261.0
2022-05-18,262.0,262.0,259.0,261.0
2022-05-19,255.0,261.0,254.0,259.0
2022-05-20,260.0,267.0,259.0,267.0
2022-05-23,267.0,270.0,265.0,267.0
2022-05-24,268.0,270.0,265.0,265.0
2022-05-25,265.0,265.0,262.0,262.0
2022-05-26,263.0,265.0,262.0,262.0
2022-05-27,266.0,268.0,263.0,268.0
2022-05-30,270.0,270.0,267.0,268.0
2022-05-31,268.0,273.0,266.0,269.0
2022-06-01,271.0,278.0,271.0,275.0
2022-06-02,278.0,285.0,276.0,281.0
2022-06-03,282.0,283.0,279.0,280.0
2022-06-06,276.0,279.0,274.0,276.0
2022-06-07,274.0,278.0,273.0,274.0
2022-06-08,277.0,277.0,272.0,275.0
2022-06-09,273.0,274.0,267.0,269.0
2022-06-10,265.0,267.0,263.0,264.0
2022-06-13,260.0,263.0,258.0,260.0
2022-06-14,258.0,262.0,258.0,260.0
2022-06-15,258.0,262.0,256.0,256.0
2022-06-16,259.0,261.0,256.0,256.0
2022-06-17,254.0,256.0,253.0,253.0
2022-06-20,253.0,253.0,248.0,251.0
2022-06-21,255.0,257.0,253.0,256.0
2022-06-22,257.0,257.0,253.0,253.0
2022-06-23,255.0,256.0,252.0,255.0
2022-06-24,255.0,256.0,253.0,254.0
2022-06-27,254.0,256.0,253.0,253.0
2022-06-28,254.0,259.0,254.0,258.0
2022-06-29,259.0,262.0,257.0,259.0
2022-06-30,260.0,261.0,258.0,260.0
2022-07-01,257.0,260.0,255.0,255.0
2022-07-04,258.0,260.0,257.0,260.0
2022-07-05,260.0,261.0,259.0,259.0
2022-07-06,257.0,259.0,257.0,258.0
2022-07-07,257.0,261.0,257.0,259.0
2022-07-08,260.0,263.0,258.0,258.0
2022-07-11,262.0,264.0,261.0,264.0
2022-07-12,261.0,264.0,261.0,261.0
2022-07-13,263.0,265.0,263.0,265.0
2022-07-14,263.0,266.0,262.0,264.0
2022-07-15,266.0,266.0,263.0,264.0
2022-07-19,266.0,267.0,264.0,267.0
2022-07-20,270.0,271.0,268.0,269.0
2022-07-21,269.0,271.0,268.0,271.0
2022-07-22,270.0,272.0,270.0,271.0
2022-07-25,269.0,271.0,267.0,269.0
2022-07-26,269.0,270.0,268.0,269.0
2022-07-27,270.0,270.0,267.0,267.0
2022-07-28,268.0,268.0,262.0,267.0
2022-07-29,267.0,267.0,264.0,265.0
2022-08-01,262.0,268.0,262.0,265.0
2022-08-02,264.0,266.0,263.0,263.0
2022-08-03,263.0,266.0,263.0,266.0
2022-08-04,266.0,266.0,263.0,264.0
2022-08-05,263.0,268.0,263.0,268.0
2022-08-08,265.0,269.0,265.0,267.0
2022-08-09,268.0,268.0,264.0,265.0
2022-08-10,264.0,266.0,263.0,265.0
2022-08-12,266.0,272.0,266.0,272.0
2022-08-15,271.0,271.0,267.0,267.0
2022-08-16,268.0,269.0,267.0,268.0
2022-08-17,270.0,271.0,269.0,271.0
2022-08-18,267.0,271.0,267.0,268.0
2022-08-19,268.0,271.0,268.0,270.0
2022-08-22,269.0,272.0,269.0,271.0
2022-08-23,269.0,272.0,268.0,270.0
2022-08-24,269.0,271.0,269.0,269.0
2022-08-25,269.0,272.0,269.0,270.0
2022-08-26,269.0,271.0,268.0,270.0
2022-08-29,266.0,270.0,265.0,268.0
2022-08-30,267.0,270.0,267.0,270.0
2022-08-31,268.0,270.0,266.0,266.0
2022-09-01,265.0,266.0,261.0,261.0
2022-09-02,262.0,263.0,260.0,261.0
2022-09-05,261.0,261.0,259.0,261.0
2022-09-06,261.0,262.0,260.0,260.0
2022-09-07,258.0,259.0,257.0,257.0
2022-09-08,257.0,262.0,257.0,260.0
2022-09-09,259.0,263.0,259.0,263.0
2022-09-12,263.0,263.0,260.0,260.0
2022-09-13,259.0,262.0,259.0,261.0
2022-09-14,256.0,259.0,256.0,258.0
2022-09-15,259.0,259.0,257.0,258.0
2022-09-16,259.0,259.0,255.0,256.0
2022-09-20,255.0,255.0,246.0,249.0
2022-09-21,248.0,248.0,238.0,241.0
2022-09-22,240.0,243.0,239.0,241.0
2022-09-26,241.0,242.0,234.0,234.0
2022-09-27,234.0,237.0,234.0,234.0
2022-09-28,236.0,236.0,225.0,235.0
2022-09-29,236.0,241.0,235.0,240.0
2022-09-30,239.0,241.0,236.0,237.0
2022-10-03,235.0,235.0,230.0,231.0
2022-10-04,235.0,245.0,235.0,245.0
2022-10-05,246.0,247.0,241.0,242.0
2022-10-06,243.0,245.0,241.0,243.0
2022-10-07,240.0,243.0,239.0,240.0
2022-10-11,237.0,239.0,235.0,235.0
2022-10-12,234.0,237.0,231.0,237.0
2022-10-13,236.0,237.0,232.0,232.0
2022-10-14,234.0,237.0,233.0,236.0
2022-10-17,233.0,235.0,232.0,232.0
2022-10-18,235.0,235.0,232.0,233.0
2022-10-19,233.0,235.0,233.0,235.0
2022-10-20,234.0,235.0,232.0,233.0
2022-10-21,232.0,234.0,232.0,234.0
2022-10-24,234.0,234.0,231.0,231.0
2022-10-25,234.0,237.0,233.0,237.0
2022-10-26,239.0,241.0,238.0,240.0
2022-10-27,238.0,242.0,235.0,239.0
2022-10-28,236.0,238.0,231.0,231.0
2022-10-31,232.0,232.0,230.0,230.0
2022-11-01,231.0,231.0,225.0,227.0
2022-11-02,225.0,227.0,223.0,223.0
2022-11-04,223.0,224.0,215.0,215.0
2022-11-07,217.0,219.0,214.0,217.0
2022-11-08,218.0,219.0,217.0,219.0
2022-11-09,218.0,219.0,215.0,216.0
2022-11-10,216.0,217.0,214.0,216.0
2022-11-11,219.0,221.0,218.0,220.0
2022-11-14,220.0,221.0,217.0,217.0
2022-11-15,217.0,219.0,216.0,219.0
2022-11-16,219.0,220.0,217.0,219.0
2022-11-17,218.0,222.0,218.0,221.0
2022-11-18,222.0,224.0,221.0,222.0
2022-11-21,222.0,224.0,221.0,222.0
2022-11-22,223.0,225.0,222.0,225.0
2022-11-24,225.0,228.0,225.0,226.0
2022-11-25,226.0,227.0,225.0,226.0
2022-11-28,228.0,228.0,224.0,228.0
2022-11-29,227.0,229.0,224.0,229.0
2022-11-30,228.0,228.0,225.0,226.0
2022-12-01,227.0,227.0,223.0,225.0
2022-12-02,225.0,225.0,220.0,222.0
2022-12-05,222.0,223.0,221.0,221.0
2022-12-06,222.0,222.0,219.0,219.0
2022-12-07,218.0,220.0,217.0,218.0
2022-12-08,217.0,217.0,213.0,215.0
2022-12-09,215.0,218.0,215.0,217.0
2022-12-12,217.0,217.0,216.0,216.0
2022-12-13,216.0,218.0,216.0,216.0
2022-12-14,217.0,219.0,217.0,219.0
2022-12-15,218.0,218.0,215.0,216.0
2022-12-16,216.0,219.0,214.0,214.0
2022-12-19,216.0,216.0,214.0,214.0
2022-12-20,215.0,216.0,210.0,211.0
2022-12-21,213.0,214.0,209.0,209.0
2022-12-22,211.0,212.0,210.0,211.0
2022-12-23,209.0,210.0,207.0,208.0
2022-12-26,208.0,209.0,205.0,207.0
2022-12-27,207.0,209.0,204.0,209.0
2022-12-28,208.0,209.0,206.0,209.0
2022-12-29,207.0,210.0,207.0,210.0
2022-12-30,211.0,215.0,211.0,213.0
2023-01-04,213.0,214.0,211.0,211.0
2023-01-05,211.0,212.0,208.0,208.0
2023-01-06,208.0,217.0,208.0,216.0
2023-01-10,218.0,223.0,218.0,223.0
2023-01-11,222.0,226.0,222.0,223.0
2023-01-12,223.0,224.0,221.0,222.0
2023-01-13,222.0,224.0,221.0,224.0
2023-01-16,224.0,225.0,222.0,223.0
2023-01-17,224.0,225.0,221.0,222.0
2023-01-18,224.0,225.0,223.0,225.0
2023-01-19,224.0,226.0,221.0,222.0
2023-01-20,223.0,225.0,221.0,222.0
2023-01-23,286.0,300.0,281.0,293.0
2023-01-24,295.0,299.0,291.0,294.0
2023-01-25,291.0,300.0,291.0,299.0
2023-01-26,298.0,310.0,298.0,310.0
2023-01-27,310.0,310.0,302.0,305.0
2023-01-30,303.0,304.0,299.0,299.0
2023-01-31,301.0,304.0,298.0,298.0
2023-02-01,299.0,300.0,294.0,294.0
2023-02-02,295.0,298.0,294.0,297.0
2023-02-03,295.0,299.0,294.0,296.0
2023-02-06,296.0,297.0,293.0,297.0
2023-02-07,297.0,301.0,297.0,299.0
2023-02-08,299.0,304.0,299.0,302.0
2023-02-09,301.0,303.0,299.0,300.0
2023-02-10,298.0,302.0,298.0,299.0
2023-02-13,299.0,301.0,298.0,298.0
2023-02-14,300.0,301.0,297.0,298.0
2023-02-15,298.0,300.0,297.0,298.0
2023-02-16,299.0,301.0,297.0,298.0
2023-02-17,298.0,301.0,297.0,298.0
2023-02-20,300.0,305.0,299.0,303.0
2023-02-21,304.0,304.0,301.0,301.0
2023-02-22,300.0,302.0,299.0,301.0
2023-02-24,302.0,302.0,300.0,300.0
2023-02-27,302.0,305.0,302.0,305.0
2023-02-28,305.0,308.0,304.0,306.0
2023-03-01,306.0,307.0,305.0,306.0
2023-03-02,307.0,310.0,306.0,308.0
2023-03-03,308.0,309.0,306.0,308.0
2023-03-06,309.0,310.0,306.0,306.0
2023-03-07,307.0,309.0,307.0,308.0
2023-03-08,308.0,310.0,307.0,307.0
2023-03-09,309.0,310.0,308.0,309.0
2023-03-10,307.0,308.0,304.0,305.0
2023-03-13,301.0,302.0,296.0,300.0
2023-03-14,297.0,298.0,295.0,296.0
2023-03-15,299.0,300.0,296.0,299.0
2023-03-16,295.0,298.0,294.0,297.0
2023-03-17,298.0,302.0,296.0,302.0
2023-03-20,305.0,307.0,295.0,296.0
2023-03-22,300.0,305.0,296.0,299.0
2023-03-23,298.0,306.0,298.0,305.0
2023-03-24,304.0,306.0,302.0,305.0
2023-03-27,310.0,310.0,305.0,308.0
2023-03-28,310.0,311.0,305.0,306.0
2023-03-29,306.0,308.0,302.0,304.0
2023-03-30,285.0,295.0,284.0,293.0
2023-03-31,295.0,295.0,289.0,290.0
2023-04-03,292.0,299.0,291.0,298.0
2023-04-04,298.0,300.0,297.0,297.0
2023-04-05,297.0,297.0,294.0,296.0
2023-04-06,294.0,295.0,292.0,292.0
2023-04-07,293.0,295.0,293.0,295.0
2023-04-10,296.0,302.0,295.0,301.0
2023-04-11,303.0,303.0,298.0,298.0
2023-04-12,299.0,301.0,298.0,298.0
2023-04-13,298.0,300.0,297.0,299.0
2023-04-14,300.0,301.0,298.0,300.0
2023-04-17,300.0,301.0,297.0,300.0
2023-04-18,300.0,300.0,298.0,298.0
2023-04-19,299.0,301.0,298.0,299.0
2023-04-20,299.0,301.0,297.0,298.0
2023-04-21,299.0,300.0,297.0,299.0
2023-04-24,300.0,300.0,298.0,298.0
2023-04-25,298.0,303.0,298.0,300.0
2023-04-26,300.0,300.0,296.0,297.0
2023-04-27,296.0,297.0,293.0,295.0
2023-04-28,297.0,297.0,293.0,295.0
2023-05-01,296.0,298.0,295.0,295.0
2023-05-02,296.0,297.0,294.0,295.0
2023-05-08,295.0,298.0,295.0,296.0
2023-05-09,297.0,300.0,297.0,298.0
2023-05-10,298.0,299.0,295.0,295.0
2023-05-11,295.0,296.0,295.0,295.0
2023-05-12,295.0,296.0,293.0,294.0
2023-05-15,294.0,296.0,292.0,295.0
2023-05-16,296.0,297.0,294.0,295.0
2023-05-17,295.0,296.0,294.0,296.0
2023-05-18,296.0,298.0,295.0,297.0
2023-05-19,297.0,297.0,293.0,294.0
2023-05-22,294.0,296.0,293.0,294.0
2023-05-23,295.0,296.0,293.0,295.0
2023-05-24,294.0,296.0,293.0,294.0
2023-05-25,294.0,294.0,292.0,292.0
2023-05-26,293.0,293.0,290.0,290.0
2023-05-29,293.0,294.0,290.0,290.0
2023-05-30,291.0,292.0,290.0,291.0
2023-05-31,290.0,290.0,288.0,289.0
2023-06-01,290.0,292.0,289.0,291.0
2023-06-02,290.0,294.0,290.0,292.0
2023-06-05,294.0,295.0,293.0,294.0
2023-06-06,294.0,300.0,294.0,299.0
2023-06-07,299.0,302.0,299.0,299.0
2023-06-08,298.0,301.0,296.0,297.0
2023-06-09,298.0,301.0,297.0,299.0
2023-06-12,300.0,304.0,300.0,303.0
2023-06-13,304.0,304.0,300.0,300.0
2023-06-14,302.0,302.0,299.0,300.0
2023-06-15,301.0,324.0,299.0,317.0
2023-06-16,318.0,324.0,316.0,321.0
2023-06-19,329.0,335.0,324.0,327.0
2023-06-20,327.0,328.0,321.0,327.0
2023-06-21,326.0,330.0,323.0,329.0
2023-06-22,328.0,333.0,325.0,327.0
2023-06-23,330.0,332.0,325.0,327.0
2023-06-26,329.0,333.0,326.0,329.0
2023-06-27,330.0,330.0,324.0,328.0
2023-06-28,330.0,337.0,328.0,337.0
2023-06-29,338.0,342.0,333.0,335.0
2023-06-30,336.0,344.0,333.0,343.0
2023-07-03,345.0,350.0,343.0,350.0
2023-07-04,351.0,352.0,346.0,349.0
2023-07-05,349.0,349.0,345.0,349.0
2023-07-06,348.0,350.0,342.0,342.0
2023-07-07,339.0,342.0,335.0,339.0
2023-07-10,342.0,344.0,338.0,340.0
2023-07-11,342.0,346.0,341.0,345.0
2023-07-12,346.0,346.0,341.0,341.0
2023-07-13,341.0,344.0,338.0,344.0
2023-07-14,345.0,352.0,344.0,347.0
2023-07-18,350.0,356.0,348.0,352.0
2023-07-19,357.0,375.0,357.0,374.0
2023-07-20,378.0,381.0,371.0,378.0
2023-07-21,380.0,381.0,372.0,377.0
2023-07-24,377.0,381.0,374.0,380.0
2023-07-25,377.0,395.0,377.0,388.0
2023-07-26,390.0,390.0,382.0,388.0
2023-07-27,383.0,384.0,372.0,381.0
2023-07-28,373.0,382.0,372.0,377.0
2023-07-31,383.0,392.0,380.0,389.0
2023-08-01,388.0,388.0,382.0,384.0
2023-08-02,382.0,384.0,379.0,379.0
2023-08-03,375.0,381.0,373.0,378.0
2023-08-04,376.0,387.0,375.0,386.0
2023-08-07,387.0,389.0,382.0,388.0
2023-08-08,387.0,388.0,380.0,381.0
2023-08-09,380.0,382.0,378.0,381.0
2023-08-10,380.0,389.0,380.0,388.0
2023-08-14,388.0,393.0,385.0,390.0
2023-08-15,393.0,407.0,392.0,405.0
2023-08-16,401.0,409.0,399.0,399.0
2023-08-17,398.0,401.0,391.0,394.0
2023-08-18,392.0,400.0,392.0,394.0
2023-08-21,395.0,408.0,395.0,402.0
2023-08-22,405.0,407.0,403.0,405.0
2023-08-23,404.0,407.0,401.0,404.0
2023-08-24,405.0,411.0,404.0,411.0
2023-08-25,406.0,413.0,405.0,413.0
2023-08-28,416.0,420.0,414.0,420.0
2023-08-29,422.0,430.0,421.0,429.0
2023-08-30,433.0,437.0,426.0,432.0
2023-08-31,431.0,432.0,424.0,429.0
2023-09-01,424.0,430.0,424.0,427.0
2023-09-04,431.0,436.0,430.0,435.0
2023-09-05,436.0,437.0,430.0,435.0
2023-09-06,434.0,450.0,434.0,450.0
2023-09-07,447.0,454.0,447.0,451.0
2023-09-08,451.0,453.0,446.0,450.0
2023-09-11,455.0,463.0,455.0,460.0
2023-09-12,463.0,465.0,457.0,465.0
2023-09-13,464.0,466.0,456.0,458.0
2023-09-14,458.0,459.0,453.0,454.0
2023-09-15,456.0,461.0,452.0,453.0
2023-09-19,461.0,484.0,457.0,483.0
2023-09-20,490.0,494.0,484.0,489.0
2023-09-21,486.0,500.0,486.0,496.0
2023-09-22,490.0,498.0,481.0,493.0
2023-09-25,497.0,503.0,490.0,495.0
2023-09-26,495.0,497.0,487.0,492.0
2023-09-27,495.0,495.0,485.0,493.0
2023-09-28,483.0,495.0,483.0,488.0
2023-09-29,487.0,487.0,454.0,456.0
2023-10-02,453.0,460.0,445.0,446.0
2023-10-03,441.0,447.0,434.0,438.0
2023-10-04,424.0,431.0,417.0,417.0
2023-10-05,422.0,445.0,422.0,445.0
2023-10-06,446.0,451.0,440.0,446.0
2023-10-10,454.0,464.0,449.0,461.0
2023-10-11,464.0,467.0,460.0,461.0
2023-10-12,461.0,464.0,450.0,459.0
2023-10-13,457.0,463.0,454.0,457.0
2023-10-16,450.0,462.0,450.0,462.0
2023-10-17,464.0,474.0,460.0,473.0
2023-10-18,475.0,484.0,468.0,476.0
2023-10-19,476.0,477.0,457.0,458.0
2023-10-20,454.0,460.0,450.0,452.0
2023-10-23,447.0,452.0,445.0,445.0
2023-10-24,450.0,450.0,430.0,442.0
2023-10-25,446.0,451.0,444.0,444.0
2023-10-26,440.0,446.0,438.0,440.0
2023-10-27,447.0,453.0,439.0,451.0
2023-10-30,455.0,458.0,442.0,445.0
2023-10-31,444.0,446.0,414.0,437.0
2023-11-01,441.0,454.0,440.0,443.0
2023-11-02,445.0,450.0,438.0,450.0
2023-11-06,453.0,453.0,442.0,442.0
2023-11-07,442.0,443.0,437.0,439.0
2023-11-08,439.0,440.0,418.0,418.0
2023-11-09,425.0,441.0,419.0,441.0
2023-11-10,434.0,440.0,431.0,438.0
2023-11-13,441.0,443.0,436.0,440.0
2023-11-14,440.0,444.0,436.0,441.0
2023-11-15,444.0,445.0,436.0,436.0
2023-11-16,436.0,436.0,426.0,432.0
2023-11-17,431.0,443.0,430.0,442.0
2023-11-20,442.0,444.0,435.0,439.0
2023-11-21,437.0,440.0,431.0,436.0
2023-11-22,436.0,441.0,433.0,435.0
2023-11-24,436.0,440.0,435.0,436.0
2023-11-27,436.0,441.0,434.0,440.0
2023-11-28,437.0,437.0,429.0,430.0
2023-11-29,430.0,431.0,426.0,426.0
2023-11-30,426.0,436.0,425.0,436.0
2023-12-01,436.0,448.0,436.0,442.0
2023-12-04,442.0,447.0,436.0,442.0
2023-12-05,442.0,442.0,430.0,430.0
2023-12-06,434.0,439.0,430.0,439.0
2023-12-07,433.0,438.0,431.0,437.0
2023-12-08,430.0,436.0,426.0,427.0
2023-12-11,434.0,437.0,428.0,431.0
2023-12-12,433.0,433.0,426.0,428.0
2023-12-13,431.0,432.0,422.0,426.0
2023-12-14,422.0,427.0,418.0,418.0
2023-12-15,419.0,422.0,414.0,417.0
2023-12-18,416.0,418.0,411.0,417.0
2023-12-19,418.0,421.0,417.0,420.0
2023-12-20,419.0,426.0,419.0,421.0
2023-12-21,417.0,417.0,411.0,411.0
2023-12-22,413.0,416.0,404.0,410.0
2023-12-25,414.0,414.0,404.0,406.0
2023-12-26,405.0,412.0,405.0,411.0
2023-12-27,413.0,416.0,409.0,416.0
2023-12-28,416.0,420.0,414.0,420.0
2023-12-29,421.0,424.0,418.0,421.0
2024-01-04,420.0,434.0,414.0,431.0
2024-01-05,435.0,446.0,433.0,443.0
2024-01-09,447.0,451.0,445.0,448.0
2024-01-10,450.0,450.0,444.0,445.0
2024-01-11,448.0,465.0,448.0,459.0
2024-01-12,459.0,463.0,452.0,454.0
2024-01-15,455.0,465.0,455.0,463.0
2024-01-16,468.0,470.0,461.0,464.0
2024-01-17,464.0,472.0,462.0,462.0
2024-01-18,467.0,467.0,460.0,465.0
2024-01-19,469.0,469.0,460.0,463.0
2024-01-22,473.0,478.0,469.0,477.0
2024-01-23,476.0,477.0,470.0,472.0
2024-01-24,472.0,473.0,461.0,463.0
2024-01-25,463.0,474.0,463.0,472.0
2024-01-26,471.0,472.0,463.0,464.0
2024-01-29,467.0,472.0,466.0,470.0
2024-01-30,471.0,476.0,466.0,467.0
2024-01-31,463.0,467.0,453.0,467.0
2024-02-01,462.0,470.0,455.0,456.0
2024-02-02,457.0,457.0,446.0,449.0
2024-02-05,447.0,447.0,442.0,443.0
2024-02-06,443.0,446.0,440.0,443.0
2024-02-07,443.0,452.0,443.0,451.0
2024-02-08,451.0,452.0,443.0,450.0
2024-02-09,450.0,452.0,446.0,448.0
2024-02-13,451.0,461.0,451.0,460.0
2024-02-14,459.0,459.0,448.0,448.0
2024-02-15,451.0,451.0,441.0,445.0
2024-02-16,449.0,463.0,447.0,460.0
2024-02-19,462.0,480.0,462.0,478.0
2024-02-20,479.0,483.0,469.0,470.0
2024-02-21,468.0,479.0,468.0,474.0
2024-02-22,476.0,479.0,472.0,479.0
2024-02-26,481.0,482.0,475.0,476.0
2024-02-27,476.0,505.0,476.0,493.0
2024-02-28,491.0,501.0,489.0,497.0
2024-02-29,497.0,502.0,490.0,496.0
2024-03-01,496.0,504.0,496.0,501.0
2024-03-04,500.0,501.0,484.0,484.0
2024-03-05,483.0,502.0,483.0,498.0
2024-03-06,499.0,499.0,495.0,498.0
2024-03-07,500.0,512.0,496.0,497.0
2024-03-08,492.0,517.0,492.0,507.0
2024-03-11,498.0,498.0,483.0,486.0
2024-03-12,484.0,490.0,478.0,490.0
2024-03-13,496.0,504.0,486.0,504.0
2024-03-14,507.0,535.0,507.0,533.0
2024-03-15,540.0,543.0,521.0,523.0
2024-03-18,500.0,507.0,496.0,502.0
2024-03-19,507.0,510.0,500.0,502.0
2024-03-21,510.0,524.0,508.0,520.0
2024-03-22,526.0,527.0,516.0,518.0
2024-03-25,519.0,525.0,516.0,517.0
2024-03-26,521.0,524.0,515.0,516.0
2024-03-27,520.0,525.0,515.0,521.0
2024-03-28,505.0,507.0,491.0,492.0
2024-03-29,500.0,503.0,495.0,496.0
2024-04-01,495.0,496.0,471.0,473.0
2024-04-02,475.0,475.0,465.0,465.0
2024-04-03,460.0,470.0,454.0,464.0
2024-04-04,469.0,469.0,461.0,463.0
2024-04-05,456.0,464.0,456.0,461.0
2024-04-08,464.0,474.0,463.0,473.0
2024-04-09,473.0,480.0,473.0,480.0
2024-04-10,476.0,480.0,474.0,474.0
2024-04-11,470.0,474.0,467.0,471.0
2024-04-12,473.0,473.0,466.0,467.0
2024-04-15,464.0,468.0,460.0,466.0
2024-04-16,461.0,480.0,456.0,467.0
2024-04-17,475.0,475.0,461.0,463.0
2024-04-18,465.0,481.0,462.0,479.0
2024-04-19,474.0,478.0,464.0,471.0
2024-04-22,479.0,485.0,477.0,485.0
2024-04-23,487.0,495.0,486.0,487.0
2024-04-24,491.0,499.0,489.0,499.0
2024-04-25,495.0,500.0,489.0,490.0
2024-04-26,498.0,522.0,480.0,514.0
2024-04-30,510.0,542.0,496.0,533.0
2024-05-01,515.0,542.0,515.0,536.0
2024-05-02,536.0,540.0,528.0,528.0
2024-05-07,535.0,556.0,533.0,547.0
2024-05-08,543.0,554.0,543.0,552.0
2024-05-09,554.0,554.0,532.0,533.0
2024-05-10,533.0,537.0,529.0,535.0
2024-05-13,533.0,541.0,530.0,541.0
2024-05-14,535.0,540.0,531.0,537.0
2024-05-15,540.0,542.0,533.0,534.0
2024-05-16,536.0,540.0,531.0,535.0
2024-05-17,539.0,553.0,537.0,547.0
2024-05-20,544.0,547.0,533.0,537.0
2024-05-21,537.0,543.0,533.0,533.0
2024-05-22,533.0,544.0,532.0,534.0
2024-05-23,535.0,540.0,527.0,538.0
2024-05-24,533.0,543.0,531.0,537.0
2024-05-27,539.0,539.0,534.0,539.0
2024-05-28,540.0,544.0,536.0,536.0
2024-05-29,536.0,539.0,531.0,531.0
2024-05-30,530.0,530.0,518.0,525.0
2024-05-31,530.0,544.0,529.0,544.0
2024-06-03,548.0,568.0,547.0,566.0
2024-06-04,562.0,572.0,556.0,560.0
2024-06-05,553.0,556.0,539.0,539.0
2024-06-06,544.0,548.0,541.0,543.0
2024-06-07,540.0,541.0,531.0,534.0
2024-06-10,538.0,539.0,530.0,538.0
2024-06-11,539.0,544.0,534.0,534.0
2024-06-12,534.0,537.0,533.0,534.0
2024-06-13,534.0,538.0,517.0,519.0
2024-06-14,524.0,548.0,521.0,548.0
2024-06-17,540.0,543.0,532.0,535.0
2024-06-18,539.0,548.0,537.0,540.0
2024-06-19,544.0,550.0,542.0,547.0
2024-06-20,546.0,554.0,537.0,543.0
2024-06-21,546.0,557.0,545.0,551.0
2024-06-24,552.0,563.0,550.0,557.0
2024-06-25,559.0,571.0,557.0,569.0
2024-06-26,570.0,578.0,569.0,574.0
2024-06-27,570.0,578.0,566.0,572.0
2024-06-28,580.0,581.0,573.0,579.0
2024-07-01,585.0,588.0,580.0,580.0
2024-07-02,579.0,595.0,576.0,592.0
2024-07-03,592.0,596.0,587.0,591.0
2024-07-04,586.0,592.0,584.0,584.0
2024-07-05,588.0,591.0,580.0,584.0
2024-07-08,579.0,584.0,575.0,575.0
2024-07-09,576.0,579.0,570.0,579.0
2024-07-10,572.0,583.0,568.0,571.0
2024-07-11,578.0,578.0,566.0,568.0
2024-07-12,566.0,576.0,565.0,574.0
2024-07-16,577.0,601.0,577.0,594.0
2024-07-17,594.0,597.0,578.0,581.0
2024-07-18,577.0,579.0,571.0,572.0
2024-07-19,571.0,571.0,559.0,562.0
2024-07-22,564.0,564.0,548.0,549.0
2024-07-23,552.0,560.0,550.0,560.0
2024-07-24,559.0,559.0,534.0,534.0
2024-07-25,526.0,527.0,511.0,512.0
2024-07-26,514.0,514.0,501.0,501.0
2024-07-29,510.0,515.0,505.0,510.0
2024-07-30,507.0,520.0,496.0,508.0
2024-07-31,501.0,514.0,494.0,514.0
2024-08-01,508.0,511.0,484.0,489.0
2024-08-02,468.0,468.0,441.0,441.0
2024-08-05,414.0,415.0,365.0,371.0
2024-08-06,395.0,411.0,387.0,395.0
2024-08-07,387.0,419.0,386.0,405.0
2024-08-08,399.0,412.0,397.0,403.0
2024-08-09,416.0,416.0,402.0,406.0
2024-08-13,414.0,430.0,412.0,430.0
2024-08-14,435.0,444.0,428.0,442.0
2024-08-15,445.0,458.0,441.0,452.0
2024-08-16,466.0,466.0,458.0,466.0
2024-08-19,459.0,463.0,453.0,453.0
2024-08-20,463.0,463.0,456.0,458.0
2024-08-21,451.0,457.0,449.0,451.0
2024-08-22,459.0,459.0,447.0,447.0
2024-08-23,449.0,451.0,444.0,449.0
2024-08-26,451.0,451.0,442.0,446.0
2024-08-27,447.0,450.0,444.0,448.0
2024-08-28,445.0,449.0,442.0,449.0
2024-08-29,447.0,448.0,443.0,447.0
2024-08-30,445.0,450.0,444.0,450.0
2024-09-02,455.0,456.0,448.0,451.0
2024-09-03,451.0,455.0,451.0,452.0
2024-09-04,442.0,443.0,432.0,433.0
2024-09-05,432.0,440.0,426.0,432.0
2024-09-06,432.0,433.0,422.0,424.0
2024-09-09,414.0,423.0,410.0,421.0
2024-09-10,425.0,425.0,418.0,418.0
2024-09-11,416.0,418.0,407.0,412.0
2024-09-12,424.0,425.0,416.0,419.0
2024-09-13,411.0,416.0,411.0,413.0
2024-09-17,419.0,422.0,408.0,416.0
2024-09-18,418.0,419.0,412.0,417.0
2024-09-19,421.0,427.0,419.0,423.0
2024-09-20,441.0,473.0,434.0,470.0
2024-09-24,483.0,486.0,475.0,482.0
2024-09-25,480.0,486.0,469.0,470.0
2024-09-26,476.0,486.0,471.0,486.0
2024-09-27,479.0,492.0,477.0,491.0
2024-09-30,475.0,479.0,466.0,466.0
2024-10-01,474.0,496.0,473.0,492.0
2024-10-02,488.0,498.0,485.0,487.0
2024-10-03,493.0,495.0,482.0,486.0
2024-10-04,490.0,497.0,490.0,491.0
2024-10-07,499.0,505.0,496.0,503.0
2024-10-08,496.0,498.0,488.0,492.0
2024-10-09,498.0,498.0,486.0,486.0
2024-10-10,489.0,489.0,482.0,487.0
2024-10-11,487.0,488.0,480.0,483.0
2024-10-15,486.0,489.0,482.0,484.0
2024-10-16,478.0,485.0,474.0,482.0
2024-10-17,481.0,482.0,473.0,474.0
2024-10-18,474.0,475.0,470.0,471.0
2024-10-21,474.0,475.0,466.0,468.0
2024-10-22,469.0,470.0,460.0,463.0
2024-10-23,459.0,461.0,455.0,455.0
2024-10-24,451.0,456.0,446.0,451.0
2024-10-25,447.0,451.0,437.0,440.0
2024-10-28,440.0,449.0,439.0,448.0
2024-10-29,447.0,455.0,447.0,454.0
2024-10-30,462.0,477.0,453.0,464.0
2024-10-31,465.0,486.0,465.0,478.0
2024-11-01,472.0,479.0,470.0,473.0
2024-11-05,473.0,490.0,473.0,488.0
2024-11-06,493.0,508.0,490.0,501.0
2024-11-07,511.0,524.0,511.0,522.0
2024-11-08,525.0,529.0,516.0,516.0
2024-11-11,511.0,524.0,511.0,524.0
2024-11-12,525.0,533.0,523.0,523.0
2024-11-13,523.0,532.0,522.0,525.0
2024-11-14,526.0,532.0,524.0,525.0
2024-11-15,530.0,535.0,526.0,530.0
2024-11-18,530.0,543.0,526.0,536.0
2024-11-19,540.0,556.0,540.0,552.0
2024-11-20,552.0,553.0,546.0,549.0
2024-11-21,549.0,554.0,548.0,551.0
2024-11-22,549.0,554.0,547.0,550.0
2024-11-25,554.0,563.0,550.0,559.0
2024-11-26,560.0,565.0,545.0,553.0
2024-11-27,553.0,554.0,541.0,545.0
2024-11-28,541.0,553.0,540.0,553.0
2024-11-29,550.0,557.0,550.0,550.0
2024-12-02,550.0,557.0,550.0,553.0
2024-12-03,554.0,562.0,554.0,561.0
2024-12-04,562.0,562.0,553.0,556.0
2024-12-05,562.0,570.0,560.0,570.0
2024-12-06,570.0,571.0,558.0,569.0
2024-12-09,570.0,576.0,566.0,573.0
2024-12-10,576.0,581.0,572.0,579.0
2024-12-11,578.0,593.0,575.0,591.0
2024-12-12,596.0,597.0,582.0,583.0
2024-12-13,580.0,594.0,578.0,591.0
2024-12-16,591.0,598.0,589.0,592.0
2024-12-17,592.0,592.0,571.0,571.0
2024-12-18,573.0,584.0,571.0,571.0
2024-12-19,561.0,566.0,555.0,562.0
2024-12-20,560.0,561.0,550.0,550.0
2024-12-23,553.0,557.0,550.0,554.0
2024-12-24,554.0,565.0,548.0,564.0
2024-12-25,565.0,567.0,560.0,566.0
2024-12-26,565.0,577.0,564.0,577.0
2024-12-27,578.0,581.0,575.0,581.0
2024-12-30,576.0,585.0,573.0,573.0
2025-01-06,578.0,580.0,567.0,568.0
2025-01-07,574.0,577.0,566.0,573.0
2025-01-08,575.0,576.0,560.0,561.0
2025-01-09,559.0,559.0,549.0,549.0
2025-01-10,549.0,551.0,541.0,541.0
2025-01-14,541.0,545.0,537.0,538.0
2025-01-15,541.0,552.0,541.0,552.0
2025-01-16,555.0,562.0,549.0,549.0
2025-01-17,549.0,556.0,545.0,553.0
2025-01-20,557.0,562.0,554.0,555.0
2025-01-21,560.0,560.0,548.0,555.0
2025-01-22,556.0,561.0,556.0,559.0
2025-01-23,560.0,560.0,549.0,550.0
2025-01-24,554.0,561.0,551.0,559.0
2025-01-27,565.0,579.0,565.0,578.0
2025-01-28,575.0,585.0,575.0,585.0
2025-01-29,587.0,593.0,584.0,588.0
2025-01-30,592.0,592.0,578.0,586.0
2025-01-31,580.0,588.0,578.0,584.0
2025-02-03,574.0,581.0,567.0,572.0
2025-02-04,582.0,587.0,578.0,582.0
2025-02-05,582.0,592.0,575.0,579.0
2025-02-06,581.0,586.0,579.0,580.0
2025-02-07,577.0,582.0,573.0,576.0
2025-02-10,575.0,580.0,574.0,579.0
2025-02-12,579.0,580.0,563.0,564.0
2025-02-13,569.0,571.0,565.0,570.0
2025-02-14,571.0,571.0,561.0,564.0
2025-02-17,561.0,566.0,554.0,554.0
2025-02-18,559.0,559.0,553.0,559.0
2025-02-19,556.0,561.0,555.0,556.0
2025-02-20,554.0,555.0,548.0,550.0
2025-02-21,549.0,550.0,538.0,542.0
2025-02-25,535.0,538.0,523.0,534.0
2025-02-26,534.0,537.0,528.0,537.0
2025-02-27,541.0,542.0,535.0,539.0
2025-02-28,539.0,548.0,537.0,547.0
2025-03-03,552.0,556.0,548.0,555.0
2025-03-04,555.0,555.0,547.0,551.0
2025-03-05,554.0,561.0,553.0,558.0
2025-03-06,565.0,567.0,561.0,565.0
2025-03-07,555.0,562.0,547.0,553.0
2025-03-10,558.0,558.0,549.0,549.0
2025-03-11,545.0,548.0,537.0,548.0
2025-03-12,543.0,552.0,543.0,551.0
2025-03-13,551.0,556.0,550.0,551.0
2025-03-14,547.0,554.0,544.0,546.0
2025-03-17,546.0,552.0,546.0,549.0
2025-03-18,555.0,560.0,552.0,553.0
2025-03-19,552.0,563.0,552.0,562.0
2025-03-21,566.0,590.0,566.0,586.0
2025-03-24,590.0,590.0,571.0,575.0
2025-03-25,580.0,581.0,571.0,576.0
2025-03-26,578.0,578.0,569.0,577.0
2025-03-27,572.0,578.0,565.0,578.0
2025-03-28,550.0,563.0,548.0,557.0
2025-03-31,540.0,544.0,528.0,529.0
2025-04-01,539.0,543.0,534.0,534.0
2025-04-02,534.0,536.0,525.0,525.0
2025-04-03,515.0,515.0,502.0,505.0
2025-04-04,495.0,498.0,464.0,479.0
2025-04-07,423.0,455.0,420.0,443.0
2025-04-08,473.0,489.0,471.0,482.0
2025-04-09,466.0,466.0,451.0,457.0
2025-04-10,505.0,505.0,481.0,487.0
2025-04-11,469.0,485.0,461.0,484.0
2025-04-14,488.0,492.0,485.0,487.0
2025-04-15,494.0,494.0,485.0,486.0
2025-04-16,487.0,489.0,480.0,485.0
2025-04-17,481.0,488.0,481.0,487.0
2025-04-18,488.0,498.0,488.0,494.0
2025-04-21,494.0,498.0,491.0,493.0
2025-04-22,495.0,495.0,490.0,492.0
2025-04-23,505.0,510.0,500.0,501.0
2025-04-24,505.0,506.0,496.0,500.0
2025-04-25,500.0,503.0,492.0,496.0
2025-04-28,501.0,530.0,490.0,519.0
2025-04-30,523.0,539.0,523.0,533.0
2025-05-01,524.0,532.0,514.0,516.0
2025-05-02,517.0,524.0,516.0,517.0
2025-05-07,517.0,529.0,513.0,524.0
2025-05-08,522.0,527.0,517.0,523.0
2025-05-09,526.0,536.0,526.0,536.0
2025-05-12,534.0,541.0,534.0,538.0
2025-05-13,546.0,548.0,538.0,538.0
2025-05-14,538.0,550.0,538.0,546.0
2025-05-15,539.0,546.0,536.0,543.0
2025-05-16,541.0,546.0,541.0,541.0
2025-05-19,538.0,542.0,534.0,540.0
2025-05-20,548.0,548.0,536.0,536.0
2025-05-21,541.0,550.0,537.0,544.0
2025-05-22,537.0,550.0,537.0,547.0
2025-05-23,549.0,555.0,549.0,550.0
2025-05-26,553.0,558.0,553.0,558.0
2025-05-27,559.0,565.0,559.0,561.0
2025-05-28,566.0,571.0,560.0,561.0
2025-05-29,565.0,569.0,562.0,564.0
2025-05-30,559.0,568.0,557.0,566.0
2025-06-02,562.0,567.0,560.0,566.0
2025-06-03,562.0,562.0,552.0,553.0
2025-06-04,550.0,561.0,550.0,553.0
2025-06-05,549.0,552.0,543.0,545.0
2025-06-06,544.0,550.0,544.0,547.0
2025-06-09,548.0,550.0,542.0,543.0
2025-06-10,548.0,556.0,546.0,550.0
2025-06-11,555.0,555.0,544.0,554.0
2025-06-12,548.0,558.0,548.0,553.0
2025-06-13,552.0,557.0,547.0,547.0
2025-06-16,553.0,560.0,553.0,556.0
2025-06-17,554.0,563.0,554.0,560.0
2025-06-18,557.0,572.0,557.0,568.0
2025-06-19,569.0,574.0,568.0,568.0
2025-06-20,570.0,573.0,566.0,566.0
2025-06-23,561.0,565.0,554.0,555.0
2025-06-24,563.0,563.0,555.0,556.0
2025-06-25,556.0,559.0,553.0,556.0
2025-06-26,559.0,564.0,556.0,564.0
2025-06-27,566.0,578.0,566.0,577.0
2025-06-30,578.0,578.0,564.0,568.0
2025-07-01,566.0,568.0,562.0,562.0
2025-07-02,562.0,566.0,558.0,558.0
2025-07-03,561.0,564.0,554.0,561.0
2025-07-04,563.0,569.0,561.0,561.0
2025-07-07,558.0,561.0,556.0,560.0
2025-07-08,557.0,562.0,557.0,560.0
2025-07-09,560.0,566.0,560.0,562.0
2025-07-10,564.0,564.0,558.0,561.0
2025-07-11,565.0,573.0,565.0,570.0
2025-07-14,568.0,575.0,565.0,570.0
2025-07-15,570.0,570.0,559.0,559.0
2025-07-16,558.0,558.0,546.0,546.0
2025-07-17,542.0,546.0,534.0,537.0
2025-07-18,536.0,536.0,528.0,528.0
2025-07-22,529.0,533.0,526.0,531.0
2025-07-23,536.0,544.0,534.0,542.0
2025-07-24,547.0,552.0,540.0,545.0
2025-07-25,542.0,546.0,540.0,540.0
2025-07-28,537.0,541.0,531.0,532.0
2025-07-29,530.0,537.0,528.0,533.0
2025-07-30,537.0,537.0,507.0,516.0
2025-07-31,516.0,528.0,516.0,525.0
2025-08-01,520.0,529.0,520.0,527.0
2025-08-04,517.0,529.0,517.0,523.0
2025-08-05,525.0,529.0,522.0,525.0
2025-08-06,524.0,530.0,524.0,524.0
2025-08-07,523.0,529.0,523.0,526.0
2025-08-08,524.0,531.0,524.0,526.0
2025-08-12,526.0,539.0,525.0,532.0
2025-08-13,538.0,540.0,531.0,533.0
2025-08-14,530.0,533.0,527.0,528.0
2025-08-15,528.0,538.0,528.0,538.0
2025-08-18,538.0,543.0,535.0,537.0
2025-08-19,540.0,552.0,538.0,547.0
2025-08-20,548.0,550.0,545.0,545.0
2025-08-21,547.0,554.0,544.0,553.0
2025-08-22,553.0,556.0,548.0,549.0
2025-08-25,553.0,553.0,548.0,548.0
2025-08-26,548.0,551.0,545.0,545.0
2025-08-27,545.0,550.0,541.0,549.0
2025-08-28,546.0,552.0,546.0,550.0
2025-08-29,547.0,555.0,547.0,552.0
2025-09-01,551.0,554.0,545.0,545.0
2025-09-02,547.0,557.0,547.0,555.0
2025-09-03,555.0,557.0,548.0,552.0
2025-09-04,554.0,554.0,548.0,554.0
2025-09-05,555.0,558.0,553.0,556.0
2025-09-08,558.0,560.0,554.0,556.0
2025-09-09,556.0,560.0,549.0,549.0
2025-09-10,549.0,554.0,547.0,552.0
2025-09-11,552.0,554.0,550.0,553.0
2025-09-12,552.0,554.0,551.0,551.0
2025-09-16,553.0,568.0,551.0,566.0
2025-09-17,565.0,568.0,558.0,562.0
2025-09-18,564.0,568.0,562.0,567.0
2025-09-19,575.0,582.0,565.0,572.0
2025-09-22,575.0,577.0,570.0,570.0
2025-09-24,570.0,570.0,565.0,566.0
2025-09-25,570.0,572.0,566.0,570.0
2025-09-26,568.0,576.0,567.0,576.0
2025-09-29,558.0,560.0,552.0,555.0
2025-09-30,555.0,556.0,549.0,551.0
2025-10-01,550.0,552.0,535.0,536.0
2025-10-02,532.0,537.0,518.0,523.0
2025-10-03,523.0,532.0,523.0,528.0
2025-10-06,538.0,540.0,530.0,537.0
2025-10-07,539.0,542.0,536.0,536.0
2025-10-08,536.0,543.0,535.0,536.0
2025-10-09,539.0,540.0,535.0,539.0
2025-10-10,535.0,535.0,529.0,530.0
2025-10-14,523.0,526.0,514.0,515.0
2025-10-15,518.0,528.0,518.0,525.0
2025-10-16,534.0,538.0,526.0,534.0
2025-10-17,531.0,533.0,527.0,531.0
2025-10-20,535.0,539.0,535.0,539.0
2025-10-21,539.0,540.0,534.0,535.0
2025-10-22,537.0,538.0,531.0,531.0
2025-10-23,530.0,534.0,528.0,528.0
2025-10-24,529.0,530.0,525.0,525.0
2025-10-27,533.0,537.0,529.0,535.0
2025-10-28,535.0,535.0,528.0,529.0
2025-10-29,532.0,532.0,521.0,524.0
2025-10-30,523.0,525.0,518.0,518.0
2025-10-31,527.0,527.0,506.0,513.0
2025-11-04,511.0,519.0,506.0,517.0
2025-11-05,510.0,514.0,501.0,508.0
2025-11-06,508.0,521.0,507.0,516.0
2025-11-07,509.0,516.0,509.0,514.0
2025-11-10,514.0,527.0,514.0,525.0
2025-11-11,528.0,529.0,520.0,523.0
2025-11-12,528.0,533.0,522.0,532.0
2025-11-13,533.0,537.0,532.0,535.0
2025-11-14,530.0,534.0,529.0,529.0
2025-11-17,532.0,532.0,526.0,526.0
2025-11-18,523.0,525.0,517.0,518.0
2025-11-19,522.0,522.0,516.0,516.0
2025-11-20,520.0,526.0,518.0,523.0
2025-11-21,517.0,529.0,517.0,528.0
2025-11-25,531.0,532.0,523.0,525.0
2025-11-26,529.0,534.0,527.0,533.0
2025-11-27,534.0,537.0,532.0,536.0
2025-11-28,532.0,542.0,532.0,536.0
2025-12-01,538.0,538.0,528.0,531.0
2025-12-02,532.0,534.0,529.0,531.0
2025-12-03,532.0,533.0,526.0,527.0
2025-12-04,531.0,541.0,530.0,540.0
2025-12-05,538.0,539.0,528.0,531.0
2025-12-08,532.0,541.0,532.0,537.0
2025-12-09,537.0,541.0,537.0,541.0
2025-12-10,541.0,546.0,539.0,543.0
2025-12-11,547.0,549.0,541.0,541.0
2025-12-12,549.0,550.0,545.0,546.0
2025-12-15,548.0,551.0,546.0,549.0
2025-12-16,546.0,546.0,531.0,534.0
2025-12-17,537.0,538.0,532.0,535.0
2025-12-18,536.0,542.0,534.0,542.0
2025-12-19,540.0,546.0,540.0,542.0
2025-12-22,546.0,546.0,538.0,540.0
2025-12-23,541.0,548.0,541.0,548.0
2025-12-24,549.0,551.0,546.0,549.0
2025-12-25,550.0,550.0,546.0,546.0
2025-12-26,550.0,564.0,550.0,563.0
2025-12-29,560.0,565.0,556.0,563.0
2025-12-30,561.0,562.0,554.0,554.0
2026-01-05,563.0,565.0,557.0,560.0
2026-01-06,570.0,583.0,568.0,577.0
2026-01-07,572.0,582.0,570.0,575.0
2026-01-08,572.0,575.0,568.0,569.0
2026-01-09,576.0,578.0,570.0,570.0
2026-01-13,580.0,584.0,575.0,576.0
2026-01-14,580.0,594.0,577.0,585.0
2026-01-15,585.0,598.0,585.0,598.0
2026-01-16,597.0,603.0,595.0,600.0
2026-01-19,600.0,600.0,586.0,587.0
2026-01-20,586.0,586.0,578.0,578.0
2026-01-21,571.0,575.0,567.0,570.0
2026-01-22,579.0,605.0,575.0,600.0
2026-01-23,601.0,607.0,597.0,601.0
2026-01-26,600.0,600.0,586.0,590.0
2026-01-27,589.0,596.0,584.0,591.0
2026-01-28,586.0,597.0,584.0,590.0
2026-01-29,588.0,596.0,578.0,582.0
2026-01-30,586.0,607.0,581.0,601.0
2026-02-02,600.0,604.0,577.0,577.0
2026-02-03,582.0,609.0,582.0,607.0
2026-02-04,601.0,627.0,601.0,617.0
2026-02-05,618.0,623.0,612.0,615.0
2026-02-06,620.0,623.0,612.0,617.0
2026-02-09,627.0,633.0,620.0,628.0
2026-02-10,635.0,641.0,634.0,637.0
2026-02-12,637.0,643.0,634.0,637.0
2026-02-13,632.0,638.0,628.0,631.0
2026-02-16,637.0,638.0,628.0,633.0
2026-02-17,630.0,643.0,625.0,629.0
2026-02-18,635.0,636.0,628.0,633.0
2026-02-19,636.0,642.0,628.0,642.0
2026-02-20,635.0,637.0,626.0,630.0
2026-02-24,630.0,630.0,616.0,628.0
2026-02-25,628.0,653.0,624.0,643.0
2026-02-26,650.0,659.0,646.0,655.0
2026-02-27,655.0,687.0,650.0,684.0
2026-03-02,658.0,666.0,647.0,655.0
2026-03-03,651.0,663.0,637.0,640.0
2026-03-04,630.0,630.0,591.0,606.0
2026-03-05,620.0,636.0,620.0,624.0
2026-03-06,615.0,719.0,605.0,719.0
2026-03-09,680.0,713.0,677.0,711.0
2026-03-10,726.0,747.0,721.0,738.0
2026-03-11,753.0,767.0,750.0,764.0
2026-03-12,775.0,775.0,731.0,736.0
2026-03-13,722.0,742.0,721.0,732.0
2026-03-16,730.0,743.0,720.0,723.0
2026-03-17,736.0,741.0,719.0,721.0
2026-03-18,736.0,757.0,732.0,756.0
2026-03-19,750.0,761.0,731.0,733.0
2026-03-23,718.0,725.0,696.0,699.0
2026-03-24,724.0,725.0,705.0,711.0
2026-03-25,734.0,735.0,720.0,730.0
2026-03-26,737.0,737.0,719.0,730.0
2026-03-27,719.0,733.0,718.0,725.0
2026-03-30,667.0,692.0,665.0,684.0
2026-03-31,677.0,694.0,661.0,677.0
2026-04-01,697.0,708.0,689.0,708.0
2026-04-02,708.0,719.0,691.0,694.0
2026-04-03,704.0,714.0,704.0,707.0
2026-04-06,705.0,717.0,705.0,711.0
2026-04-07,714.0,723.0,712.0,719.0
2026-04-08,730.0,738.0,729.0,736.0
2026-04-09,734.0,739.0,721.0,723.0
2026-04-10,727.0,735.0,709.0,709.0
2026-04-13,711.0,717.0,700.0,704.0
2026-04-14,710.0,717.0,706.0,706.0
2026-04-15,721.0,730.0,711.0,717.0
2026-04-16,722.0,730.0,720.0,722.0
2026-04-17,722.0,724.0,711.0,715.0
2026-04-20,720.0,722.0,704.0,706.0
2026-04-21,710.0,710.0,690.0,694.0
2026-04-22,693.0,696.0,677.0,685.0
2026-04-23,688.0,691.0,675.0,681.0
2026-04-24,690.0,690.0,664.0,667.0
2026-04-27,667.0,672.0,658.0,672.0
2026-04-28,673.0,690.0,669.0,680.0
2026-04-30,670.0,670.0,651.0,657.0
2026-05-01,657.0,659.0,646.0,652.0
2026-05-07,652.0,659.0,649.0,650.0
2026-05-08,647.0,655.0,636.0,653.0
2026-05-11,646.0,659.0,645.0,655.0
2026-05-12,656.0,661.0,647.0,652.0
2026-05-13,652.0,662.0,652.0,657.0
2026-05-14,656.0,656.0,650.0,653.0
2026-05-15,650.0,665.0,644.0,652.0
2026-05-18,648.0,650.0,640.0,644.0
2026-05-19,647.0,656.0,641.0,648.0
2026-05-20,646.0,649.0,635.0,641.0
2026-05-21,643.0,657.0,643.0,651.0
2026-05-22,653.0,654.0,646.0,652.0
2026-05-25,654.0,655.0,644.0,652.0
2026-05-26,657.0,657.0,647.0,655.0
2026-05-27,653.0,653.0,642.0,643.0
2026-05-28,646.0,646.0,629.0,636.0
2026-05-29,639.0,640.0,626.0,632.0
2026-06-01,629.0,632.0,625.0,630.0
2026-06-02,627.0,633.0,618.0,633.0
2026-06-03,632.0,639.0,630.0,635.0
2026-06-04,631.0,633.0,624.0,630.0
2026-06-05,638.0,649.0,637.0,639.0
2026-06-08,632.0,643.0,628.0,639.0
2026-06-09,646.0,654.0,641.0,646.0
2026-06-10,646.0,657.0,638.0,641.0
2026-06-11,640.0,643.0,631.0,643.0
2026-06-12,642.0,659.0,642.0,658.0
2026-06-15,666.0,675.0,662.0,669.0
2026-06-16,670.0,672.0,658.0,660.0
2026-06-17,664.0,670.0,658.0,658.0
2026-06-18,658.0,665.0,657.0,659.0
2026-06-19,665.0,667.0,655.0,658.0
2026-06-22,655.0,667.0,654.0,666.0
2026-06-23,668.0,668.0,654.0,655.0
2026-06-24,652.0,660.0,642.0,643.0
2026-06-25,648.0,659.0,644.0,659.0
2026-06-26,659.0,664.0,650.0,657.0
2026-06-29,663.0,663.0,650.0,656.0
2026-06-30,655.0,661.0,653.0,657.0
2026-07-01,662.0,671.0,661.0,663.0
2026-07-02,669.0,672.0,661.0,665.0
2026-07-03,665.0,674.0,663.0,672.0
2026-07-06,676.0,681.0,671.0,678.0
2026-07-07,679.0,691.0,674.0,675.0
2026-07-08,675.0,686.0,674.0,681.0
2026-07-09,680.0,684.0,671.0,679.0
2026-07-10,684.0,701.0,680.0,697.0
2026-07-13,700.0,708.0,692.0,692.0
2026-07-14,695.0,702.0,691.0,696.0
2026-07-15,700.0,728.0,700.0,723.0
2026-07-16,721.0,729.0,721.0,724.0
2026-07-17,720.0,720.0,700.0,713.0
2026-07-21,717.0,764.0,716.0,753.0
2026-07-22,763.0,788.0,754.0,779.0
2026-07-23,776.0,811.0,775.0,791.0
2026-07-24,779.0,791.0,774.0,780.0
2026-07-27,791.0,796.0,780.0,791.0
2026-07-28,791.0,791.0,769.0,775.0
2026-07-29,785.0,791.0,768.0,787.0
2026-07-30,772.0,812.0,764.0,797.0
2026-07-31,795.0,838.0,785.0,815.0
2026-08-03,810.0,833.0,791.0,826.0
2026-08-04,816.0,838.0,804.0,807.0
2026-08-05,817.0,837.0,807.0,832.0
2026-08-06,825.0,862.0,825.0,858.0
2026-08-07,863.0,864.0,839.0,849.0
2026-08-10,850.0,874.0,850.0,862.0
2026-08-12,872.0,874.0,840.0,850.0
2026-08-13,852.0,860.0,846.0,860.0
2026-08-14,852.0,874.0,844.0,862.0
2026-08-17,877.0,884.0,857.0,859.0
2026-08-18,863.0,881.0,862.0,867.0
2026-08-19,860.0,897.0,854.0,886.0
2026-08-20,896.0,919.0,888.0,919.0
2026-08-21,914.0,928.0,908.0,920.0
2026-08-24,929.0,930.0,900.0,913.0
2026-08-25,919.0,923.0,900.0,915.0
2026-08-26,915.0,948.0,915.0,942.0
2026-08-27,948.0,976.0,947.0,975.0
2026-08-28,978.0,1000.0,975.0,998.0
2026-08-31,995.0,997.0,969.0,976.0
2026-09-01,976.0,987.0,966.0,980.0
2026-09-02,965.0,971.0,938.0,939.0
2026-09-03,945.0,953.0,926.0,944.0
2026-09-04,957.0,985.0,952.0,981.0
2026-09-07,973.0,983.0,963.0,980.0
2026-09-08,978.0,998.0,957.0,957.0
2026-09-09,956.0,962.0,935.0,938.0
