Date,Open,High,Low,Close
2014-10-01,1155.0,1173.0,1130.0,1130.5
2014-10-02,1110.5,1124.0,1079.5,1117.0
2014-10-03,1092.0,1105.5,1046.0,1049.5
2014-10-06,1037.5,1093.0,1013.5,1091.5
2014-10-07,1086.5,1110.0,1080.0,1096.0
2014-10-08,1092.5,1107.5,1085.5,1098.5
2014-10-09,1098.5,1118.0,1096.5,1097.5
2014-10-10,1050.0,1069.5,1030.0,1042.0
2014-10-14,1025.0,1049.5,1025.0,1033.0
2014-10-15,1030.0,1035.0,1011.5,1022.0
2014-10-16,1000.0,1024.0,975.0,1014.5
2014-10-17,1010.0,1025.0,985.5,990.5
2014-10-20,994.5,1000.0,933.0,946.0
2014-10-21,919.0,944.5,895.0,921.0
2014-10-22,937.5,948.5,913.0,944.0
2014-10-23,964.0,979.5,951.5,970.5
2014-10-24,984.0,1015.0,974.0,1004.5
2014-10-27,1010.5,1015.0,985.5,989.0
2014-10-28,983.0,991.5,972.0,976.5
2014-10-29,996.0,1001.5,985.5,998.5
2014-10-30,1005.0,1021.0,980.5,1021.0
2014-10-31,1025.0,1034.5,1005.0,1030.0
2014-11-04,1045.5,1046.0,1017.5,1018.5
2014-11-05,1001.5,1013.0,983.0,1005.5
2014-11-06,990.0,1019.0,988.5,990.5
2014-11-07,992.5,1008.0,989.5,1003.0
2014-11-10,1006.5,1014.5,996.0,1010.5
2014-11-11,1012.0,1060.5,1009.0,1053.0
2014-11-12,1097.5,1109.5,1065.5,1079.5
2014-11-13,1085.0,1094.0,1066.0,1075.5
2014-11-14,1050.5,1074.0,1011.5,1020.0
2014-11-17,1020.0,1024.5,1003.5,1019.0
2014-11-18,1022.0,1083.5,1018.0,1079.0
2014-11-19,1090.0,1090.0,1054.5,1061.0
2014-11-20,1070.0,1070.0,1027.0,1033.5
2014-11-21,1045.0,1057.0,1037.5,1043.0
2014-11-25,1050.0,1054.0,1018.0,1022.0
2014-11-26,1020.0,1038.5,1018.0,1028.0
2014-11-27,1025.0,1027.5,1014.0,1020.5
2014-11-28,1020.0,1022.5,1004.0,1019.5
2014-12-01,1022.0,1030.0,1010.0,1020.0
2014-12-02,1014.0,1069.5,1012.5,1067.5
2014-12-03,1056.0,1062.5,1033.5,1038.5
2014-12-04,1042.5,1047.5,1021.5,1025.0
2014-12-05,1015.0,1020.0,1011.0,1017.0
2014-12-08,1015.5,1032.0,1010.5,1029.5
2014-12-09,1010.5,1030.0,1009.0,1009.0
2014-12-10,1005.0,1012.0,996.5,1002.0
2014-12-11,1005.0,1005.5,971.5,990.0
2014-12-12,988.5,1006.0,985.5,990.0
2014-12-15,990.0,1004.5,985.5,998.5
2014-12-16,987.5,1007.5,987.5,1002.0
2014-12-17,995.0,1016.5,995.0,1007.0
2014-12-18,1018.0,1018.5,994.0,998.5
2014-12-19,1003.0,1007.0,994.5,997.5
2014-12-22,996.5,1005.0,982.0,986.0
2014-12-24,982.5,982.5,948.5,958.0
2014-12-25,958.0,958.0,936.0,939.0
2014-12-26,940.0,955.0,938.5,950.0
2014-12-29,950.0,959.0,941.5,958.0
2014-12-30,950.0,964.5,948.5,952.5
2015-01-05,952.5,959.5,943.5,946.0
2015-01-06,937.5,939.0,924.5,924.5
2015-01-07,920.0,924.0,898.0,898.5
2015-01-08,902.5,914.0,902.5,904.5
2015-01-09,905.5,907.5,896.0,902.0
2015-01-13,899.5,911.5,892.0,896.5
2015-01-14,897.0,902.0,888.0,889.0
2015-01-15,887.5,888.5,856.5,864.5
2015-01-16,856.5,860.5,833.0,840.0
2015-01-19,852.5,863.5,845.5,854.5
2015-01-20,862.0,875.0,857.5,871.5
2015-01-21,870.0,881.0,862.5,874.5
2015-01-22,875.5,893.5,871.5,880.5
2015-01-23,889.0,890.5,877.0,883.0
2015-01-26,880.0,894.5,878.5,891.5
2015-01-27,895.5,897.5,884.5,887.0
2015-01-28,880.0,882.0,868.5,871.5
2015-01-29,865.0,869.0,857.5,857.5
2015-01-30,865.0,877.0,862.0,874.5
2015-02-02,880.0,890.0,876.5,888.0
2015-02-03,894.5,895.0,865.0,868.0
2015-02-04,874.0,886.0,871.0,878.5
2015-02-05,885.0,903.0,871.0,901.0
2015-02-06,903.5,925.5,896.0,924.0
2015-02-09,933.0,939.0,900.5,931.5
2015-02-10,931.5,931.5,897.5,901.5
2015-02-12,912.0,913.0,891.0,898.0
2015-02-13,915.0,920.0,905.0,912.5
2015-02-16,916.5,916.5,900.0,901.0
2015-02-17,900.0,915.0,895.0,910.0
2015-02-18,917.0,962.0,906.0,960.0
2015-02-19,959.5,975.0,946.5,973.5
2015-02-20,978.5,996.5,961.0,978.0
2015-02-23,988.0,988.0,962.5,965.5
2015-02-24,971.5,984.5,966.5,979.5
2015-02-25,987.0,1025.0,977.0,1025.0
2015-02-26,1023.5,1037.0,1005.0,1032.0
2015-02-27,1034.5,1046.5,1021.0,1036.0
2015-03-02,1036.5,1050.0,1025.5,1043.5
2015-03-03,1038.0,1038.0,1013.0,1015.0
2015-03-04,1007.5,1017.0,994.0,1005.0
2015-03-05,1005.0,1010.0,988.5,999.5
2015-03-06,998.5,1014.0,991.0,1001.5
2015-03-09,1000.5,1017.0,995.5,1005.5
2015-03-10,1001.0,1007.5,983.0,985.5
2015-03-11,975.5,990.0,971.0,983.5
2015-03-12,977.0,990.0,972.5,979.0
2015-03-13,980.5,1004.5,980.0,982.0
2015-03-16,981.0,998.0,981.0,987.0
2015-03-17,988.5,995.0,968.0,978.5
2015-03-18,980.0,989.0,972.5,976.5
2015-03-19,975.0,976.5,955.0,956.5
2015-03-20,961.5,977.5,956.5,975.0
2015-03-23,970.0,970.0,951.0,953.5
2015-03-24,956.0,964.5,953.0,960.5
2015-03-25,964.5,964.5,946.5,947.5
2015-03-26,948.0,957.0,937.5,939.0
2015-03-27,937.5,947.0,920.5,925.5
2015-03-30,925.5,934.0,916.0,921.0
2015-03-31,935.0,948.0,931.0,942.0
2015-04-01,935.0,938.5,915.0,915.0
2015-04-02,917.5,932.5,913.0,924.0
2015-04-03,920.0,941.5,920.0,941.0
2015-04-06,942.0,944.5,926.0,927.0
2015-04-07,930.5,946.0,926.0,941.5
2015-04-08,945.0,948.5,937.5,942.0
2015-04-09,944.5,957.0,938.5,938.5
2015-04-10,945.5,947.5,935.5,942.0
2015-04-13,942.5,954.5,938.0,942.0
2015-04-14,946.5,956.5,938.0,956.5
2015-04-15,952.5,956.0,947.0,953.0
2015-04-16,953.0,986.0,949.5,981.5
2015-04-17,979.5,993.5,973.0,979.5
2015-04-20,975.5,979.0,953.0,954.5
2015-04-21,960.0,965.5,956.0,965.0
2015-04-22,975.5,986.5,964.0,967.0
2015-04-23,974.5,983.0,966.5,971.5
2015-04-24,965.5,969.0,956.5,958.0
2015-04-27,962.0,971.5,952.0,954.0
2015-04-28,955.0,962.0,951.0,952.0
2015-04-30,950.0,953.5,936.5,943.0
2015-05-01,940.0,945.0,926.0,929.0
2015-05-07,935.0,959.0,925.5,957.5
2015-05-08,950.0,969.5,945.5,967.0
2015-05-11,967.5,977.5,967.5,972.5
2015-05-12,952.5,989.0,951.0,987.0
2015-05-13,986.0,991.5,980.0,989.0
2015-05-14,981.5,982.5,961.5,967.0
2015-05-15,927.0,940.0,902.5,910.0
2015-05-18,900.0,919.5,900.0,919.5
2015-05-19,911.5,938.0,911.5,934.0
2015-05-20,934.5,938.5,921.5,934.5
2015-05-21,929.5,937.5,912.5,914.5
2015-05-22,915.5,923.0,903.5,906.5
2015-05-25,909.5,910.5,900.5,903.5
2015-05-26,905.5,917.5,901.5,904.5
2015-05-27,901.5,907.5,894.0,905.5
2015-05-28,907.5,907.5,887.0,890.5
2015-05-29,890.5,891.0,879.0,881.5
2015-06-01,881.5,885.0,879.0,884.5
2015-06-02,881.5,893.0,877.0,887.5
2015-06-03,877.0,893.5,873.0,891.5
2015-06-04,889.5,890.0,875.5,880.0
2015-06-05,879.0,879.0,861.0,861.0
2015-06-08,860.5,861.5,856.0,858.5
2015-06-09,855.0,858.5,842.0,844.5
2015-06-10,847.0,857.0,843.0,850.5
2015-06-11,852.5,853.5,836.0,840.0
2015-06-12,839.0,842.0,821.0,836.0
2015-06-15,835.0,835.0,825.5,829.0
2015-06-16,828.5,828.5,808.5,810.5
2015-06-17,820.0,839.0,816.5,830.5
2015-06-18,830.5,830.5,810.0,811.0
2015-06-19,810.5,813.0,802.5,810.5
2015-06-22,808.0,812.5,800.0,805.5
2015-06-23,805.5,819.5,803.5,815.5
2015-06-24,818.5,832.0,818.0,825.0
2015-06-25,825.0,833.0,820.5,824.0
2015-06-26,822.5,826.5,809.5,810.0
2015-06-29,799.0,799.0,781.5,781.5
2015-06-30,781.0,800.0,780.0,794.0
2015-07-01,789.5,789.5,783.0,786.0
2015-07-02,791.5,801.0,787.5,788.5
2015-07-03,786.5,795.5,783.0,791.5
2015-07-06,784.0,787.0,770.0,772.5
2015-07-07,771.5,782.0,771.5,778.0
2015-07-08,775.0,776.5,738.5,738.5
2015-07-09,724.0,724.5,692.0,715.0
2015-07-10,740.0,764.5,733.0,738.5
2015-07-13,738.5,739.0,721.0,723.0
2015-07-14,733.0,742.0,727.5,737.5
2015-07-15,735.0,743.5,731.5,735.0
2015-07-16,735.0,736.0,722.5,730.5
2015-07-17,728.0,736.0,725.5,735.0
2015-07-21,738.5,762.5,733.0,740.0
2015-07-22,743.0,753.5,733.5,749.0
2015-07-23,747.5,748.0,726.0,728.0
2015-07-24,731.0,741.5,722.5,739.5
2015-07-27,737.5,737.5,726.5,732.5
2015-07-28,725.0,740.0,725.0,732.5
2015-07-29,730.0,732.0,726.5,730.0
2015-07-30,731.5,735.5,721.5,724.0
2015-07-31,724.0,740.5,722.0,739.0
2015-08-03,735.0,744.0,718.5,722.5
2015-08-04,730.5,732.5,720.5,727.0
2015-08-05,725.5,742.0,725.5,730.0
2015-08-06,730.0,743.0,730.0,735.0
2015-08-07,777.5,785.5,760.5,766.5
2015-08-10,775.0,810.0,767.5,808.0
2015-08-11,810.5,825.0,800.0,812.0
2015-08-12,809.5,822.0,805.0,815.0
2015-08-13,815.0,828.5,808.5,828.5
2015-08-14,828.5,842.5,820.5,841.5
2015-08-17,841.5,843.5,833.0,842.0
2015-08-18,842.0,843.0,833.0,836.0
2015-08-19,835.0,835.5,822.0,831.5
2015-08-20,824.0,824.0,772.5,780.5
2015-08-21,760.0,775.0,750.0,755.5
2015-08-24,725.0,745.0,725.0,726.5
2015-08-25,700.0,728.5,681.5,686.0
2015-08-26,689.0,713.5,677.0,707.0
2015-08-27,721.5,725.5,708.5,715.5
2015-08-28,730.0,731.5,711.5,714.0
2015-08-31,715.0,718.5,699.5,717.5
2015-09-01,702.0,709.0,688.0,693.0
2015-09-02,678.5,689.0,668.0,675.5
2015-09-03,675.5,685.5,670.0,676.0
2015-09-04,676.5,686.0,662.0,669.5
2015-09-07,663.5,677.5,655.0,662.5
2015-09-08,662.0,696.0,662.0,689.0
2015-09-09,700.0,711.5,692.0,711.5
2015-09-10,700.5,733.5,697.5,732.5
2015-09-11,726.0,742.5,724.0,736.0
2015-09-14,736.0,738.5,723.0,728.0
2015-09-15,728.5,749.0,727.5,736.0
2015-09-16,748.5,760.0,744.5,752.5
2015-09-17,756.5,776.5,755.0,773.0
2015-09-18,773.0,776.5,762.0,773.5
2015-09-24,762.5,777.0,760.5,769.0
2015-09-25,773.0,784.0,771.0,779.5
2015-09-28,780.0,799.0,776.5,797.0
2015-09-29,788.0,788.0,768.0,770.5
2015-09-30,775.0,796.0,775.0,793.5
2015-10-01,797.5,810.5,795.0,807.5
2015-10-02,800.5,807.5,781.5,806.0
2015-10-05,806.0,821.5,803.5,816.0
2015-10-06,823.5,832.0,810.0,817.5
2015-10-07,819.0,839.5,815.0,838.5
2015-10-08,839.5,862.0,835.0,857.5
2015-10-09,855.0,857.0,847.0,856.5
2015-10-13,856.0,873.0,851.0,872.0
2015-10-14,875.5,878.0,829.0,832.0
2015-10-15,828.0,838.5,815.0,838.5
2015-10-16,833.0,843.5,820.5,840.0
2015-10-19,826.0,826.5,810.0,812.5
2015-10-20,807.5,813.0,789.0,800.0
2015-10-21,792.0,816.5,790.0,810.0
2015-10-22,798.0,817.0,798.0,802.5
2015-10-23,818.5,818.5,803.0,807.0
2015-10-26,811.5,813.5,800.0,805.5
2015-10-27,807.5,819.5,793.5,795.0
2015-10-28,795.0,799.0,781.0,787.5
2015-10-29,792.5,806.0,778.5,788.5
2015-10-30,785.5,787.0,775.5,780.5
2015-11-02,775.0,777.0,767.5,769.0
2015-11-04,760.0,795.5,760.0,784.0
2015-11-05,787.0,791.5,778.0,782.0
2015-11-06,782.0,789.0,780.0,783.5
2015-11-09,786.5,794.5,784.5,792.5
2015-11-10,782.5,782.5,770.0,773.5
2015-11-11,775.0,791.5,774.0,785.5
2015-11-12,792.5,792.5,778.5,782.5
2015-11-13,802.5,876.0,799.5,848.5
2015-11-16,842.5,872.0,841.0,860.5
2015-11-17,875.0,904.5,869.5,897.5
2015-11-18,910.0,929.5,910.0,924.0
2015-11-19,934.0,958.0,933.5,945.0
2015-11-20,950.0,957.0,928.5,943.0
2015-11-24,939.5,972.0,939.0,970.0
2015-11-25,970.0,986.0,966.5,976.0
2015-11-26,963.0,973.5,956.0,958.5
2015-11-27,954.0,966.0,950.5,962.0
2015-11-30,967.5,984.0,951.5,960.0
2015-12-01,959.0,983.5,955.5,982.5
2015-12-02,975.0,987.5,972.0,972.5
2015-12-03,965.0,978.5,954.0,961.5
2015-12-04,945.0,970.0,942.5,957.5
2015-12-07,962.0,980.0,962.0,965.5
2015-12-08,968.5,978.0,940.0,940.0
2015-12-09,935.0,983.5,935.0,962.0
2015-12-10,979.5,985.0,931.0,935.0
2015-12-11,930.5,954.5,921.5,947.5
2015-12-14,930.0,944.0,927.0,936.0
2015-12-15,940.0,971.5,928.5,930.0
2015-12-16,944.5,952.5,934.0,941.0
2015-12-17,960.0,967.0,929.0,933.0
2015-12-18,931.0,966.5,931.0,938.0
2015-12-21,931.0,934.0,906.0,914.5
2015-12-22,902.5,920.5,902.0,907.0
2015-12-24,907.0,911.5,883.0,885.0
2015-12-25,885.0,885.0,885.0,885.0
2015-12-28,874.5,896.0,873.5,893.0
2015-12-29,888.0,902.0,871.5,900.5
2015-12-30,906.5,914.0,892.5,909.5
2016-01-04,905.5,919.0,884.0,888.5
2016-01-05,882.5,894.0,872.5,883.0
2016-01-06,890.5,906.5,875.0,882.0
2016-01-07,889.5,902.5,877.5,881.5
2016-01-08,881.5,901.0,869.5,888.5
2016-01-12,883.0,897.0,829.5,829.5
2016-01-13,845.5,855.0,814.5,817.5
2016-01-14,806.0,810.5,793.0,801.5
2016-01-15,804.0,817.5,801.0,809.5
2016-01-18,788.5,795.5,780.0,790.5
2016-01-19,800.5,806.5,788.5,800.5
2016-01-20,806.0,807.0,774.5,777.0
2016-01-21,793.0,802.0,771.0,771.5
2016-01-22,794.5,804.5,785.5,800.0
2016-01-25,817.5,830.5,802.5,826.5
2016-01-26,819.0,843.0,807.5,834.0
2016-01-27,846.0,878.5,837.0,877.0
2016-01-28,868.0,885.5,864.5,873.0
2016-01-29,871.0,889.5,848.5,887.0
2016-02-01,897.5,920.0,891.0,916.0
2016-02-02,896.0,899.5,882.0,888.5
2016-02-03,870.5,887.0,858.0,880.5
2016-02-04,872.0,884.5,862.0,873.5
2016-02-05,851.0,872.5,842.0,855.5
2016-02-08,856.0,887.0,850.5,882.0
2016-02-09,848.0,850.5,797.5,799.5
2016-02-10,799.5,803.0,761.5,773.0
2016-02-12,739.5,755.0,711.5,718.0
2016-02-15,797.0,836.0,767.5,830.5
2016-02-16,836.0,855.5,813.0,838.5
2016-02-17,830.5,858.5,807.0,815.0
2016-02-18,854.5,918.5,846.5,900.5
2016-02-19,887.0,887.0,844.0,872.0
2016-02-22,867.5,917.5,867.5,906.0
2016-02-23,922.5,955.0,920.5,933.0
2016-02-24,910.0,961.5,894.5,958.5
2016-02-25,950.0,961.0,930.0,958.5
2016-02-26,951.5,958.5,939.0,944.5
2016-02-29,944.5,960.0,923.0,924.0
2016-03-01,918.0,928.5,913.0,923.5
2016-03-02,928.0,928.0,908.5,922.0
2016-03-03,910.5,910.5,882.0,886.5
2016-03-04,874.5,874.5,856.5,862.5
2016-03-07,862.5,862.5,829.5,830.0
2016-03-08,840.5,861.5,812.5,819.0
2016-03-09,819.5,835.5,817.0,826.5
2016-03-10,836.5,856.5,833.5,843.0
2016-03-11,825.0,852.0,825.0,845.0
2016-03-14,857.0,864.0,848.5,858.5
2016-03-15,850.0,853.0,838.5,847.0
2016-03-16,833.5,845.5,825.0,843.0
2016-03-17,856.0,868.5,835.0,843.5
2016-03-18,835.0,845.5,832.0,845.0
2016-03-22,854.5,855.0,840.5,851.5
2016-03-23,847.0,854.5,840.5,842.5
2016-03-24,840.0,870.0,834.5,866.0
2016-03-25,865.5,865.5,841.5,844.5
2016-03-28,855.0,873.0,850.5,860.5
2016-03-29,853.0,880.0,850.0,872.5
2016-03-30,869.0,879.5,861.5,862.0
2016-03-31,862.5,878.5,856.0,867.5
2016-04-01,863.0,864.0,808.0,824.5
2016-04-04,817.0,837.5,803.0,808.0
2016-04-05,807.5,809.0,770.5,773.5
2016-04-06,768.0,789.5,764.5,781.5
2016-04-07,773.0,787.0,769.0,778.0
2016-04-08,760.0,791.0,758.5,778.5
2016-04-11,781.5,781.5,752.0,769.0
2016-04-12,769.0,792.0,757.0,788.5
2016-04-13,798.0,800.0,777.0,780.0
2016-04-14,791.5,800.0,782.5,790.0
2016-04-15,780.5,789.5,779.0,784.0
2016-04-18,769.0,778.5,760.5,770.0
2016-04-19,783.5,793.5,778.5,793.5
2016-04-20,793.5,808.5,792.5,801.0
2016-04-21,811.0,814.0,799.0,805.0
2016-04-22,807.0,817.0,800.0,811.5
2016-04-25,823.5,824.5,803.0,807.5
2016-04-26,805.0,809.0,783.5,793.0
2016-04-27,789.0,804.0,789.0,796.5
2016-04-28,805.0,818.5,781.0,786.0
2016-05-02,755.5,764.0,751.5,757.5
2016-05-06,761.5,779.5,758.0,779.5
2016-05-09,791.5,798.5,785.0,793.0
2016-05-10,794.0,803.0,788.0,798.5
2016-05-11,807.0,814.5,801.5,806.0
2016-05-12,800.5,812.5,800.5,812.5
2016-05-13,687.5,702.5,668.5,669.5
2016-05-16,669.5,669.5,645.0,647.0
2016-05-17,642.5,672.0,637.5,670.0
2016-05-18,670.0,688.5,670.0,676.0
2016-05-19,682.0,684.0,664.5,669.0
2016-05-20,669.0,681.5,669.0,679.5
2016-05-23,670.5,681.0,654.5,681.0
2016-05-24,673.5,674.0,652.5,653.5
2016-05-25,658.5,661.5,646.0,648.5
2016-05-26,650.0,650.5,636.0,638.0
2016-05-27,638.0,641.5,635.0,639.0
2016-05-30,643.0,645.5,627.0,641.0
2016-05-31,639.0,641.0,625.5,639.5
2016-06-01,642.0,655.5,638.5,649.5
2016-06-02,652.5,654.0,638.0,641.5
2016-06-03,639.0,655.0,639.0,653.5
2016-06-06,641.5,659.5,640.5,659.5
2016-06-07,659.5,683.5,659.5,678.0
2016-06-08,680.5,683.5,664.0,672.5
2016-06-09,670.0,672.5,656.0,657.5
2016-06-10,662.5,668.0,653.5,659.0
2016-06-13,652.0,657.5,647.0,647.0
2016-06-14,642.5,654.0,642.5,650.0
2016-06-15,647.0,664.0,647.0,659.5
2016-06-16,664.5,675.0,660.5,660.5
2016-06-17,668.5,679.5,666.0,671.0
2016-06-20,680.0,694.0,679.0,690.0
2016-06-21,687.5,697.5,687.5,695.5
2016-06-22,697.5,699.0,682.0,691.0
2016-06-23,694.0,706.5,691.0,705.0
2016-06-24,707.0,707.5,629.0,636.5
2016-06-27,646.0,686.0,645.5,683.5
2016-06-28,673.5,694.5,662.0,683.0
2016-06-29,683.0,696.5,676.5,679.5
2016-06-30,683.0,686.0,668.5,672.0
2016-07-01,679.5,695.0,670.5,685.5
2016-07-04,692.0,694.5,685.0,689.0
2016-07-05,689.0,711.5,685.5,711.0
2016-07-06,703.5,721.0,691.0,708.0
2016-07-07,712.0,715.0,699.5,704.0
2016-07-08,709.0,713.5,694.0,695.0
2016-07-11,695.0,695.0,695.0,695.0
2016-07-12,735.0,736.5,722.0,727.0
2016-07-13,735.0,735.0,723.0,725.5
2016-07-14,729.5,739.0,725.0,732.0
2016-07-15,724.0,724.5,699.0,703.5
2016-07-19,703.5,722.5,699.0,720.0
2016-07-20,720.0,726.0,708.5,724.0
2016-07-21,728.5,728.5,711.0,715.0
2016-07-22,712.0,718.5,708.5,717.5
2016-07-25,717.5,717.5,697.5,699.5
2016-07-26,695.0,701.0,682.0,696.0
2016-07-27,703.5,707.0,695.0,700.0
2016-07-28,697.0,698.5,682.0,692.0
2016-07-29,691.5,698.0,682.5,697.0
2016-08-01,675.5,681.5,667.5,679.5
2016-08-02,677.5,690.0,673.0,683.5
2016-08-03,683.5,689.5,673.0,683.5
2016-08-04,683.0,723.0,683.0,712.5
2016-08-05,730.0,754.0,651.0,652.0
2016-08-08,655.0,666.0,643.0,664.5
2016-08-09,662.5,692.0,656.5,688.0
2016-08-10,684.5,689.5,679.0,681.0
2016-08-12,670.0,678.5,650.0,662.0
2016-08-15,654.0,657.0,640.5,643.5
2016-08-16,640.0,641.5,630.0,631.0
2016-08-17,630.0,632.5,599.5,603.0
2016-08-18,600.5,607.0,580.0,581.0
2016-08-19,581.0,596.0,578.5,586.5
2016-08-22,600.0,617.5,595.0,607.0
2016-08-23,611.0,611.0,595.0,597.0
2016-08-24,606.0,613.0,600.5,612.5
2016-08-25,616.0,616.0,609.5,613.5
2016-08-26,614.0,615.0,608.0,611.0
2016-08-29,620.5,623.5,617.0,621.0
2016-08-30,620.5,629.0,619.0,628.0
2016-08-31,638.0,638.0,630.5,636.5
2016-09-01,638.5,648.0,633.5,643.0
2016-09-02,637.5,642.0,627.5,631.5
2016-09-05,640.0,690.0,634.5,671.5
2016-09-06,673.5,681.5,665.0,678.0
2016-09-07,674.5,681.0,670.0,674.5
2016-09-08,677.5,686.0,673.0,678.5
2016-09-09,689.5,702.0,687.5,688.0
2016-09-12,676.5,687.0,675.5,681.5
2016-09-13,689.0,709.0,681.5,686.5
2016-09-14,677.0,694.5,676.0,691.0
2016-09-15,691.5,695.5,683.5,692.0
2016-09-16,698.0,704.5,693.0,696.5
2016-09-20,696.0,696.5,684.0,686.0
2016-09-21,685.0,695.0,672.5,693.5
2016-09-23,697.0,704.0,687.5,704.0
2016-09-26,707.5,713.5,701.0,709.0
2016-09-27,697.5,720.0,692.0,720.0
2016-09-28,721.5,738.5,720.0,736.5
2016-09-29,735.5,742.5,730.5,733.0
2016-09-30,723.0,741.5,720.0,733.5
2016-10-03,741.0,761.5,740.5,755.5
2016-10-04,759.0,759.0,748.0,754.0
2016-10-05,759.0,759.0,745.0,750.5
2016-10-06,747.5,754.5,741.0,750.0
2016-10-07,744.0,751.5,742.0,749.0
2016-10-11,750.0,758.5,739.0,743.5
2016-10-12,738.5,747.0,736.5,738.5
2016-10-13,740.0,751.0,736.0,749.0
2016-10-14,742.0,748.5,738.5,744.0
2016-10-17,741.0,744.0,737.0,742.5
2016-10-18,742.0,751.0,737.0,748.0
2016-10-19,740.0,749.0,734.5,746.5
2016-10-20,744.5,754.0,740.0,745.0
2016-10-21,746.5,754.5,743.5,747.0
2016-10-24,754.5,758.5,749.5,756.0
2016-10-25,759.0,767.5,756.0,763.5
2016-10-26,766.5,771.0,762.5,770.0
2016-10-27,765.5,771.5,765.5,770.5
2016-10-28,770.0,789.5,765.5,783.0
2016-10-31,777.5,780.0,774.0,775.5
2016-11-01,774.0,778.0,765.0,776.5
2016-11-02,775.0,776.5,768.5,772.0
2016-11-04,767.5,779.0,765.5,776.0
2016-11-07,784.5,792.5,777.0,781.5
2016-11-08,781.0,784.5,775.0,775.0
2016-11-09,780.0,785.0,727.5,739.5
2016-11-10,780.0,785.0,740.5,776.5
2016-11-11,782.5,791.0,764.0,777.0
2016-11-14,777.0,788.0,770.5,779.0
2016-11-15,772.5,773.5,734.5,746.0
2016-11-16,749.5,749.5,720.5,731.0
2016-11-17,734.0,743.0,716.5,725.5
2016-11-18,727.5,733.0,719.5,730.5
2016-11-21,737.5,746.0,733.0,744.5
2016-11-22,744.5,748.5,737.0,748.5
2016-11-24,752.0,759.0,748.0,757.5
2016-11-25,756.5,756.5,736.5,742.0
2016-11-28,743.0,758.5,740.5,758.5
2016-11-29,751.5,758.5,747.5,754.0
2016-11-30,767.0,794.0,767.0,779.5
2016-12-01,791.5,791.5,761.5,763.5
2016-12-02,761.0,764.5,740.5,753.0
2016-12-05,756.0,758.0,738.0,740.0
2016-12-06,754.5,759.5,750.0,753.0
2016-12-07,755.0,762.0,753.5,760.5
2016-12-08,774.0,801.5,771.5,797.5
2016-12-09,800.0,807.5,792.5,797.5
2016-12-12,797.5,799.0,783.0,786.0
2016-12-13,788.5,793.0,781.0,792.0
2016-12-14,793.0,805.0,789.0,801.5
2016-12-15,798.5,813.0,791.0,798.0
2016-12-16,808.5,814.0,800.5,810.5
2016-12-19,811.0,828.5,810.5,824.5
2016-12-20,828.0,844.0,828.0,837.5
2016-12-21,842.5,851.0,829.5,830.0
2016-12-22,842.0,850.0,834.5,842.0
2016-12-26,845.0,857.0,837.5,851.0
2016-12-27,847.0,858.0,840.0,846.5
2016-12-28,846.5,855.0,843.0,850.0
2016-12-29,845.5,853.0,840.5,850.0
2016-12-30,841.0,848.5,836.5,844.5
2017-01-04,839.0,855.0,833.5,853.0
2017-01-05,852.5,867.0,848.5,858.5
2017-01-06,857.5,882.5,852.0,881.5
2017-01-10,882.0,888.5,871.5,879.5
2017-01-11,886.0,888.5,876.5,877.5
2017-01-12,879.5,879.5,864.0,872.0
2017-01-13,877.5,888.5,871.0,882.0
2017-01-16,880.0,883.5,869.0,880.0
2017-01-17,876.0,879.0,867.0,873.0
2017-01-18,863.5,875.0,862.5,873.5
2017-01-19,880.0,886.5,870.0,874.0
2017-01-20,874.0,883.5,870.5,876.0
2017-01-23,867.5,870.0,858.5,862.5
2017-01-24,861.0,866.0,855.5,863.5
2017-01-25,878.5,880.5,865.5,867.5
2017-01-26,875.0,875.0,863.5,867.5
2017-01-27,875.5,879.5,866.5,874.5
2017-01-30,872.0,885.5,867.5,883.0
2017-01-31,872.0,881.5,868.5,872.5
2017-02-01,866.5,878.0,862.0,872.0
2017-02-02,874.0,882.5,867.0,870.5
2017-02-03,865.0,867.0,850.0,850.5
2017-02-06,859.5,862.0,850.5,861.0
2017-02-07,855.5,861.5,853.0,856.5
2017-02-08,852.0,856.0,845.0,855.5
2017-02-09,851.0,859.0,846.5,855.5
2017-02-10,850.0,865.5,803.0,811.0
2017-02-13,815.0,830.0,810.5,826.0
2017-02-14,831.0,832.0,814.0,815.0
2017-02-15,820.0,824.0,808.5,814.5
2017-02-16,822.5,832.0,819.0,825.0
2017-02-17,815.0,817.5,804.5,813.5
2017-02-20,809.0,812.0,801.5,810.0
2017-02-21,810.0,811.5,796.0,807.0
2017-02-22,810.0,832.5,806.0,832.0
2017-02-23,835.5,847.0,832.5,835.5
2017-02-24,836.5,847.0,835.5,837.0
2017-02-27,841.5,850.0,830.0,850.0
2017-02-28,850.5,850.5,833.0,835.0
2017-03-01,838.5,846.5,834.0,843.5
2017-03-02,843.5,844.0,832.0,840.0
2017-03-03,837.0,838.0,813.0,831.0
2017-03-06,818.5,818.5,806.5,816.0
2017-03-07,817.0,821.5,809.0,816.0
2017-03-08,815.0,826.0,814.5,824.5
2017-03-09,829.0,830.5,815.5,827.0
2017-03-10,834.0,835.0,819.0,827.5
2017-03-13,827.5,827.5,812.5,815.0
2017-03-14,820.0,831.0,814.5,829.0
2017-03-15,822.5,822.5,809.0,810.0
2017-03-16,808.0,816.0,804.5,813.0
2017-03-17,818.5,821.5,811.0,819.0
2017-03-21,817.5,835.0,817.5,827.5
2017-03-22,815.5,823.0,813.0,818.5
2017-03-23,821.5,823.5,809.5,812.5
2017-03-24,810.0,812.5,801.0,808.0
2017-03-27,811.0,820.5,801.0,801.5
2017-03-28,801.0,811.5,801.0,807.5
2017-03-29,801.5,809.5,800.5,806.5
2017-03-30,808.5,814.5,794.5,797.0
2017-03-31,806.5,814.0,798.0,798.0
2017-04-03,796.5,799.5,780.5,786.0
2017-04-04,787.5,807.0,785.5,803.0
2017-04-05,797.5,811.0,794.5,797.5
2017-04-06,796.0,800.0,767.0,767.5
2017-04-07,775.0,787.0,770.5,776.0
2017-04-10,777.5,781.0,772.5,778.5
2017-04-11,770.5,778.0,766.5,773.0
2017-04-12,762.0,766.5,747.5,750.0
2017-04-13,741.5,748.0,738.0,747.0
2017-04-14,742.5,745.5,735.0,738.0
2017-04-17,735.0,745.0,735.0,744.5
2017-04-18,747.5,751.0,744.0,748.0
2017-04-19,744.0,753.0,744.0,748.0
2017-04-20,746.5,748.5,736.5,740.0
2017-04-21,747.5,753.5,740.5,751.0
2017-04-24,782.0,817.0,780.0,800.0
2017-04-25,803.5,804.5,787.0,794.5
2017-04-26,791.5,792.5,776.5,788.0
2017-04-27,780.5,783.5,769.0,773.5
2017-04-28,779.0,779.0,758.0,771.0
2017-05-01,773.0,784.0,772.0,781.0
2017-05-02,781.5,790.5,779.0,784.0
2017-05-08,791.5,792.5,780.0,788.0
2017-05-09,793.5,803.5,791.0,792.0
2017-05-10,795.5,800.0,792.5,800.0
2017-05-11,801.0,802.0,791.0,793.0
2017-05-12,750.0,756.5,723.0,728.0
2017-05-15,725.0,728.5,710.5,715.5
2017-05-16,721.5,740.0,719.0,734.5
2017-05-17,734.5,737.5,725.0,728.0
2017-05-18,720.5,731.0,720.0,730.0
2017-05-19,720.5,722.5,704.0,705.0
2017-05-22,705.0,709.5,700.0,707.5
2017-05-23,707.0,709.5,699.0,701.5
2017-05-24,707.5,714.5,701.5,705.5
2017-05-25,706.0,707.5,693.5,699.0
2017-05-26,699.0,702.5,692.0,692.0
2017-05-29,693.5,707.0,692.0,700.0
2017-05-30,699.5,699.5,688.5,689.5
2017-05-31,688.0,691.0,682.5,686.5
2017-06-01,687.5,696.5,687.0,694.5
2017-06-02,698.5,700.5,693.5,698.5
2017-06-05,698.5,704.0,697.0,700.5
2017-06-06,705.0,707.0,699.0,699.5
2017-06-07,700.5,710.5,699.5,707.5
2017-06-08,711.0,722.5,705.5,707.0
2017-06-09,707.0,708.5,702.5,706.5
2017-06-12,703.5,708.0,697.5,699.0
2017-06-13,698.5,703.0,694.5,699.5
2017-06-14,702.5,718.0,698.0,698.0
2017-06-15,700.0,710.5,699.0,702.5
2017-06-16,702.5,710.5,699.5,700.0
2017-06-19,704.5,711.0,703.5,709.5
2017-06-20,708.0,713.0,703.5,704.5
2017-06-21,704.0,709.0,699.0,705.5
2017-06-22,705.5,713.5,705.5,709.5
2017-06-23,710.5,712.0,705.5,710.0
2017-06-26,710.0,724.0,707.0,719.5
2017-06-27,725.0,727.0,715.0,716.5
2017-06-28,717.0,721.5,713.5,714.5
2017-06-29,723.0,749.0,722.5,747.5
2017-06-30,739.0,739.5,721.0,726.0
2017-07-03,726.5,733.5,719.5,727.0
2017-07-04,739.5,739.5,721.5,722.5
2017-07-05,737.5,737.5,718.5,721.5
2017-07-06,720.0,720.0,707.5,713.5
2017-07-07,708.5,709.0,699.0,704.5
2017-07-10,706.0,706.0,694.0,697.0
2017-07-11,699.0,705.5,699.0,703.0
2017-07-12,700.5,706.0,698.5,700.0
2017-07-13,701.0,701.5,691.0,693.0
2017-07-14,693.5,702.5,693.5,698.5
2017-07-17,698.5,698.5,698.5,698.5
2017-07-18,697.0,706.5,692.5,706.0
2017-07-19,707.5,716.0,706.0,710.5
2017-07-20,717.5,720.5,712.0,716.0
2017-07-21,715.0,727.0,712.5,726.0
2017-07-24,724.0,729.5,720.5,726.0
2017-07-25,728.5,734.5,727.0,731.0
2017-07-26,734.0,735.0,725.0,728.0
2017-07-27,728.0,732.5,725.5,727.0
2017-07-28,720.0,725.0,717.5,721.0
2017-07-31,721.0,731.0,720.0,728.5
2017-08-01,728.5,729.5,719.0,723.0
2017-08-02,723.0,730.0,720.5,728.5
2017-08-03,726.0,731.0,721.5,726.0
2017-08-04,729.0,738.5,724.0,738.5
2017-08-07,740.5,741.5,732.5,736.0
2017-08-08,735.0,738.0,728.5,731.5
2017-08-09,729.5,736.0,719.0,722.5
2017-08-10,721.0,726.0,715.0,715.0
2017-08-11,715.0,715.0,715.0,715.0
2017-08-14,640.0,645.0,613.0,615.0
2017-08-15,624.5,629.5,608.5,609.5
2017-08-16,607.0,612.5,600.0,608.0
2017-08-17,610.5,620.5,610.0,616.0
2017-08-18,610.5,615.0,606.5,611.5
2017-08-21,622.0,636.5,620.5,629.5
2017-08-22,629.0,633.0,612.0,612.5
2017-08-23,618.0,619.5,612.0,614.5
2017-08-24,612.5,620.5,612.5,617.5
2017-08-25,651.5,660.0,641.5,654.0
2017-08-28,658.5,663.0,653.0,660.0
2017-08-29,654.5,656.0,646.5,653.0
2017-08-30,656.5,656.5,647.5,651.0
2017-08-31,652.0,653.0,638.5,642.0
2017-09-01,642.5,645.0,630.5,643.0
2017-09-04,637.5,641.5,633.5,637.0
2017-09-05,639.5,644.0,636.0,636.5
2017-09-06,634.0,644.0,628.0,642.0
2017-09-07,643.5,650.5,640.0,648.5
2017-09-08,645.0,649.5,639.0,644.0
2017-09-11,645.0,651.0,643.5,647.0
2017-09-12,652.0,671.5,651.0,666.0
2017-09-13,668.5,674.5,662.5,672.0
2017-09-14,671.0,671.0,661.5,665.5
2017-09-15,666.0,673.0,665.0,670.0
2017-09-18,670.0,670.0,670.0,670.0
2017-09-19,677.0,683.0,671.5,672.0
2017-09-20,672.5,682.5,672.5,680.0
2017-09-21,680.0,699.0,677.5,697.5
2017-09-22,695.0,696.0,687.0,691.0
2017-09-25,697.5,698.0,681.0,685.5
2017-09-26,670.5,683.0,663.0,676.0
2017-09-27,673.5,687.5,666.0,683.0
2017-09-28,689.5,691.5,681.0,686.5
2017-09-29,682.5,686.5,679.5,683.0
2017-10-02,685.0,688.0,681.5,684.5
2017-10-03,689.0,693.0,685.5,689.5
2017-10-04,689.0,689.5,679.0,681.5
2017-10-05,681.5,684.5,677.0,679.5
2017-10-06,679.5,680.5,672.5,673.0
2017-10-09,673.0,673.0,673.0,673.0
2017-10-10,672.5,676.5,670.0,674.5
2017-10-11,672.5,672.5,662.0,667.5
2017-10-12,666.5,670.5,665.5,668.0
2017-10-13,666.5,668.5,663.0,668.5
2017-10-16,669.0,671.0,665.0,668.0
2017-10-17,665.0,666.5,660.0,660.5
2017-10-18,658.5,661.5,654.5,657.5
2017-10-19,658.0,663.5,651.0,653.0
2017-10-20,649.5,651.0,647.0,649.0
2017-10-23,654.0,659.0,649.0,657.0
2017-10-24,662.5,666.5,658.0,666.5
2017-10-25,665.0,665.0,654.5,655.5
2017-10-26,655.5,658.0,654.0,657.0
2017-10-27,657.0,666.0,656.5,657.0
2017-10-30,657.0,657.5,648.5,650.5
2017-10-31,650.5,653.5,647.5,652.5
2017-11-01,653.0,653.5,647.5,649.0
2017-11-02,648.5,649.0,640.5,648.0
2017-11-03,648.0,648.0,648.0,648.0
2017-11-06,648.0,652.0,646.0,648.0
2017-11-07,646.5,658.5,646.0,654.5
2017-11-08,654.5,660.0,646.5,652.5
2017-11-09,649.5,656.0,643.0,646.0
2017-11-10,661.0,725.0,657.0,705.5
2017-11-13,699.0,699.0,663.0,664.0
2017-11-14,657.5,663.5,651.5,657.0
2017-11-15,655.5,660.5,649.5,651.0
2017-11-16,649.0,658.0,645.5,650.0
2017-11-17,652.5,654.5,649.0,650.0
2017-11-20,650.0,658.0,650.0,650.5
2017-11-21,661.0,679.5,660.5,673.5
2017-11-22,680.0,686.5,672.5,673.0
2017-11-23,673.0,673.0,673.0,673.0
2017-11-24,673.0,673.5,663.0,667.5
2017-11-27,665.0,666.0,657.0,658.5
2017-11-28,657.5,667.0,653.5,663.5
2017-11-29,655.0,657.0,632.5,643.5
2017-11-30,640.5,645.5,633.0,643.5
2017-12-01,639.0,648.0,634.0,646.5
2017-12-04,646.0,646.0,639.5,642.0
2017-12-05,640.0,642.0,633.5,637.0
2017-12-06,632.5,642.5,630.5,635.0
2017-12-07,634.0,641.5,631.0,640.0
2017-12-08,643.0,651.5,642.5,647.5
2017-12-11,646.5,661.5,643.0,660.0
2017-12-12,663.5,674.5,661.5,674.0
2017-12-13,675.0,695.0,674.5,693.5
2017-12-14,695.5,704.5,691.5,695.0
2017-12-15,697.0,707.5,688.0,705.5
2017-12-18,707.5,709.0,694.0,697.5
2017-12-19,692.5,699.5,687.5,694.5
2017-12-20,694.5,705.5,694.0,696.0
2017-12-21,691.5,697.0,689.5,694.0
2017-12-22,695.0,704.0,691.0,692.0
2017-12-25,700.5,700.5,684.5,686.0
2017-12-26,680.5,691.0,677.5,678.5
2017-12-27,678.5,684.0,672.0,682.0
2017-12-28,680.5,695.5,680.5,692.0
2017-12-29,694.0,697.0,687.0,695.5
2018-01-01,695.5,695.5,695.5,695.5
2018-01-02,695.5,695.5,695.5,695.5
2018-01-03,695.5,695.5,695.5,695.5
2018-01-04,706.0,722.0,706.0,718.0
2018-01-05,714.5,723.0,709.0,715.0
2018-01-08,715.0,715.0,715.0,715.0
2018-01-09,715.0,717.0,698.0,705.0
2018-01-10,707.0,722.0,707.0,716.5
2018-01-11,716.5,719.0,709.0,713.5
2018-01-12,712.0,715.5,702.0,706.0
2018-01-15,712.0,717.0,701.5,704.0
2018-01-16,705.0,711.0,699.0,701.0
2018-01-17,699.0,703.5,698.0,699.5
2018-01-18,705.0,705.0,691.0,691.0
2018-01-19,692.5,695.0,683.5,683.5
2018-01-22,685.0,691.5,684.0,687.0
2018-01-23,692.0,700.0,687.5,690.5
2018-01-24,692.5,713.5,691.5,712.0
2018-01-25,712.0,716.5,697.5,703.5
2018-01-26,703.5,714.5,703.5,710.0
2018-01-29,710.0,710.5,700.5,701.5
2018-01-30,700.5,704.0,694.5,699.0
2018-01-31,695.0,698.5,685.5,687.5
2018-02-01,694.5,711.0,693.0,710.0
2018-02-02,709.5,720.0,706.0,711.5
2018-02-05,705.0,706.5,692.0,692.0
2018-02-06,670.5,674.5,645.0,654.0
2018-02-07,665.5,677.0,658.5,658.5
2018-02-08,660.0,669.5,655.5,662.5
2018-02-09,597.5,601.0,579.0,587.5
2018-02-12,587.5,587.5,587.5,587.5
2018-02-13,593.0,617.0,591.0,616.5
2018-02-14,617.0,641.5,601.0,603.0
2018-02-15,603.0,614.0,588.5,589.5
2018-02-16,600.0,607.0,591.5,595.0
2018-02-19,599.0,603.0,588.5,603.0
2018-02-20,603.5,604.0,596.0,597.0
2018-02-21,598.0,601.0,594.0,598.5
2018-02-22,597.0,611.5,595.0,608.5
2018-02-23,610.0,619.0,601.0,616.5
2018-02-26,618.0,627.0,612.5,625.5
2018-02-27,620.5,625.0,612.5,624.0
2018-02-28,620.0,620.0,605.0,606.5
2018-03-01,604.5,611.0,602.5,605.0
2018-03-02,600.0,601.5,593.0,595.0
2018-03-05,596.0,597.5,587.5,589.0
2018-03-06,594.5,599.5,592.5,594.5
2018-03-07,591.0,599.0,590.0,592.5
2018-03-08,591.5,594.0,581.0,583.5
2018-03-09,592.5,593.0,581.0,582.5
2018-03-12,584.5,589.5,576.0,587.5
2018-03-13,590.0,607.0,588.0,603.5
2018-03-14,597.5,601.5,593.0,596.5
2018-03-15,596.0,596.5,587.0,589.0
2018-03-16,589.0,593.0,586.5,588.5
2018-03-19,586.5,589.0,577.5,579.5
2018-03-20,577.5,579.5,571.0,577.5
2018-03-21,577.5,577.5,577.5,577.5
2018-03-22,573.0,573.0,545.5,551.0
2018-03-23,541.0,561.5,535.5,541.0
2018-03-26,538.5,540.0,533.0,538.5
2018-03-27,540.5,546.0,535.5,546.0
2018-03-28,532.5,537.0,528.5,536.0
2018-03-29,543.5,549.5,538.5,546.0
2018-03-30,549.0,557.5,548.0,554.5
2018-04-02,554.0,558.5,551.0,554.0
2018-04-03,542.5,546.5,539.0,542.5
2018-04-04,545.0,549.5,542.5,546.5
2018-04-05,550.0,561.0,548.5,556.0
2018-04-06,555.0,563.5,553.0,559.0
2018-04-09,559.0,568.5,557.0,568.0
2018-04-10,564.0,567.0,554.0,565.5
2018-04-11,567.5,567.5,558.5,561.5
2018-04-12,560.0,567.5,557.0,561.5
2018-04-13,564.5,567.5,560.0,563.5
2018-04-16,563.0,569.0,561.0,566.5
2018-04-17,567.0,571.5,563.0,570.0
2018-04-18,572.5,602.5,572.5,598.5
2018-04-19,598.0,604.0,591.5,593.5
2018-04-20,599.5,603.5,591.5,595.0
2018-04-23,594.5,597.0,584.5,586.0
2018-04-24,590.0,592.5,582.5,587.5
2018-04-25,585.0,590.0,584.0,588.0
2018-04-26,589.5,590.5,581.5,589.0
2018-04-27,575.5,580.0,561.5,566.0
2018-04-30,566.0,566.0,566.0,566.0
2018-05-01,566.5,576.5,563.5,576.5
2018-05-02,575.5,578.0,572.5,578.0
2018-05-03,578.0,578.0,578.0,578.0
2018-05-04,578.0,578.0,578.0,578.0
2018-05-07,579.5,583.5,575.5,583.5
2018-05-08,583.0,595.5,583.0,593.5
2018-05-09,593.5,595.5,581.5,595.5
2018-05-10,589.5,590.5,577.5,578.5
2018-05-11,630.0,650.0,607.0,621.5
2018-05-14,625.0,626.0,589.0,592.0
2018-05-15,592.0,595.0,580.5,584.0
2018-05-16,582.0,595.0,581.0,594.0
2018-05-17,600.0,610.5,599.5,600.5
2018-05-18,600.0,601.0,595.5,599.0
2018-05-21,602.0,603.5,594.0,596.0
2018-05-22,597.0,598.0,593.5,595.0
2018-05-23,593.5,595.5,585.0,590.0
2018-05-24,587.5,587.5,570.0,573.5
2018-05-25,571.0,571.5,562.5,564.0
2018-05-28,570.0,578.5,564.0,570.0
2018-05-29,568.5,569.5,560.5,562.0
2018-05-30,559.5,564.0,552.5,562.5
2018-05-31,565.0,574.5,560.5,574.5
2018-06-01,570.5,577.0,566.0,575.0
2018-06-04,575.0,593.0,573.5,593.0
2018-06-05,593.0,595.5,584.5,592.5
2018-06-06,593.0,604.5,593.0,602.0
2018-06-07,603.5,615.0,602.5,602.5
2018-06-08,598.0,608.5,596.0,603.5
2018-06-11,607.5,615.5,605.5,612.5
2018-06-12,622.0,626.5,614.0,614.0
2018-06-13,615.0,624.0,614.0,622.0
2018-06-14,620.0,625.0,617.5,623.0
2018-06-15,626.5,640.0,626.5,630.0
2018-06-18,627.5,627.5,617.0,620.0
2018-06-19,625.0,626.5,609.0,609.5
2018-06-20,606.5,619.0,599.5,616.5
2018-06-21,611.5,614.5,604.0,604.0
2018-06-22,596.0,610.0,595.5,609.5
2018-06-25,617.0,617.0,606.0,608.0
2018-06-26,603.0,610.0,600.0,604.0
2018-06-27,606.5,609.0,600.0,605.0
2018-06-28,604.5,609.0,596.5,603.0
2018-06-29,600.0,615.5,600.0,612.5
2018-07-02,612.5,614.5,596.5,597.0
2018-07-03,596.5,597.0,581.0,587.5
2018-07-04,580.5,593.0,578.5,590.5
2018-07-05,590.5,595.5,585.5,588.0
2018-07-06,592.0,597.5,589.5,594.5
2018-07-09,598.5,603.0,594.5,602.5
2018-07-10,600.5,602.0,591.0,592.0
2018-07-11,588.0,590.5,584.0,588.0
2018-07-12,588.0,590.5,580.5,580.5
2018-07-13,580.5,585.0,577.5,579.0
2018-07-16,579.0,579.0,579.0,579.0
2018-07-17,579.0,597.0,579.0,591.5
2018-07-18,590.0,598.0,587.5,589.0
2018-07-19,590.0,592.0,583.5,586.5
2018-07-20,581.0,586.5,578.5,582.0
2018-07-23,580.0,584.5,579.0,580.0
2018-07-24,582.5,582.5,577.0,581.0
2018-07-25,581.5,584.5,578.5,580.0
2018-07-26,584.5,594.0,581.0,593.0
2018-07-27,593.0,601.5,591.5,593.5
2018-07-30,591.0,591.5,580.0,581.0
2018-07-31,590.0,605.0,587.5,594.5
2018-08-01,594.0,601.0,592.0,599.0
2018-08-02,600.0,614.5,599.5,612.5
2018-08-03,610.5,612.0,605.0,606.0
2018-08-06,608.0,614.0,601.0,602.0
2018-08-07,604.5,610.0,600.5,606.0
2018-08-08,608.0,609.0,603.5,604.0
2018-08-09,604.5,605.5,578.5,585.5
2018-08-10,570.5,570.5,550.5,552.5
2018-08-13,550.0,550.0,542.0,545.0
2018-08-14,550.5,571.5,548.5,569.5
2018-08-15,567.5,568.0,557.0,567.5
2018-08-16,566.5,572.0,562.0,571.0
2018-08-17,580.5,598.5,579.5,591.0
2018-08-20,591.0,601.5,590.5,597.0
2018-08-21,596.5,608.5,596.5,604.0
2018-08-22,603.0,616.0,599.5,611.5
2018-08-23,611.5,617.0,607.0,613.0
2018-08-24,615.0,616.5,609.5,609.5
2018-08-27,609.5,616.0,605.0,613.5
2018-08-28,616.5,620.5,607.5,609.0
2018-08-29,610.5,613.0,608.5,610.5
2018-08-30,612.5,613.5,607.5,610.5
2018-08-31,605.0,610.0,605.0,607.0
2018-09-03,612.5,614.0,603.0,608.0
2018-09-04,609.0,611.5,600.5,603.5
2018-09-05,604.5,617.0,602.5,611.5
2018-09-06,611.0,616.0,604.5,612.5
2018-09-07,610.5,616.0,605.5,611.0
2018-09-10,611.0,621.5,610.5,618.0
2018-09-11,619.5,621.0,615.0,618.0
2018-09-12,620.0,623.5,604.5,607.5
2018-09-13,606.0,610.0,600.5,606.0
2018-09-14,611.0,612.0,604.0,605.0
2018-09-17,605.0,605.0,605.0,605.0
2018-09-18,600.0,600.0,589.0,594.0
2018-09-19,600.0,606.5,597.0,603.5
2018-09-20,604.5,620.5,597.0,618.5
2018-09-21,622.0,623.5,615.0,621.5
2018-09-24,621.5,621.5,621.5,621.5
2018-09-25,623.0,632.5,621.0,627.5
2018-09-26,618.5,622.5,611.0,621.5
2018-09-27,620.5,628.0,612.5,621.5
2018-09-28,620.0,626.5,617.0,621.5
2018-10-01,619.0,629.0,613.0,626.5
2018-10-02,622.5,629.5,619.0,619.5
2018-10-03,622.5,625.0,615.5,619.0
2018-10-04,617.5,623.0,614.0,617.5
2018-10-05,612.5,613.0,604.5,608.5
2018-10-08,608.5,608.5,608.5,608.5
2018-10-09,600.0,604.5,595.5,599.5
2018-10-10,600.0,610.5,598.0,601.0
2018-10-11,583.0,587.0,579.0,582.0
2018-10-12,575.0,583.5,569.5,575.0
2018-10-15,573.0,573.5,563.5,563.5
2018-10-16,559.0,563.5,558.0,560.5
2018-10-17,567.5,574.0,563.0,574.0
2018-10-18,575.5,583.5,571.5,572.5
2018-10-19,572.5,584.5,572.0,584.0
2018-10-22,581.5,590.0,578.5,587.5
2018-10-23,584.0,586.0,574.5,575.0
2018-10-24,578.0,579.5,571.0,577.0
2018-10-25,562.0,565.5,552.0,552.0
2018-10-26,550.5,553.5,540.0,548.5
2018-10-29,547.5,553.5,543.5,547.0
2018-10-30,545.5,551.0,542.5,547.0
2018-10-31,556.5,564.5,555.5,563.0
2018-11-01,568.0,575.5,564.5,569.5
2018-11-02,564.5,569.0,561.0,568.5
2018-11-05,569.5,578.0,568.0,572.5
2018-11-06,564.0,579.0,563.5,578.5
2018-11-07,573.0,575.5,568.0,573.0
2018-11-08,572.0,593.0,571.0,588.5
2018-11-09,611.0,687.0,610.5,671.5
2018-11-12,667.5,692.5,664.5,686.5
2018-11-13,665.5,682.5,655.0,680.0
2018-11-14,678.5,678.5,666.0,667.5
2018-11-15,660.5,680.5,658.5,680.5
2018-11-16,680.0,687.0,677.5,684.0
2018-11-19,690.0,703.0,689.0,696.5
2018-11-20,690.5,700.5,686.5,698.0
2018-11-21,688.0,697.5,683.5,696.5
2018-11-22,698.0,698.0,685.0,692.5
2018-11-23,692.5,692.5,692.5,692.5
2018-11-26,698.0,702.0,689.5,694.5
2018-11-27,696.0,696.0,688.0,693.0
2018-11-28,697.0,700.5,686.5,691.0
2018-11-29,691.0,713.5,689.5,705.5
2018-11-30,709.0,712.5,698.5,705.5
2018-12-03,695.5,697.5,660.5,663.0
2018-12-04,669.5,677.5,664.5,670.5
2018-12-05,660.5,684.0,659.5,684.0
2018-12-06,685.0,685.0,661.0,662.0
2018-12-07,655.0,659.0,635.0,641.0
2018-12-10,635.0,645.5,629.5,630.0
2018-12-11,631.0,634.5,622.5,630.5
2018-12-12,639.5,642.0,625.0,629.0
2018-12-13,631.0,646.0,630.0,639.0
2018-12-14,637.0,642.5,626.0,629.0
2018-12-17,625.0,625.5,618.0,619.5
2018-12-18,612.5,617.5,594.5,599.0
2018-12-19,594.5,611.0,592.0,602.0
2018-12-20,598.0,606.5,580.0,584.5
2018-12-21,576.0,579.0,564.0,564.5
2018-12-24,564.5,564.5,564.5,564.5
2018-12-25,546.0,547.5,525.5,535.0
2018-12-26,537.0,556.5,537.0,548.5
2018-12-27,578.0,582.0,566.5,577.5
2018-12-28,577.5,578.0,567.0,577.0
2018-12-31,577.0,577.0,577.0,577.0
2019-01-04,569.5,589.0,566.5,586.0
2019-01-07,601.0,607.0,597.0,604.0
2019-01-08,607.5,615.0,602.0,606.0
2019-01-09,612.5,615.0,602.5,606.5
2019-01-10,592.0,597.0,579.0,580.5
2019-01-11,583.0,588.5,575.5,576.5
2019-01-15,565.5,588.0,559.5,584.0
2019-01-16,586.5,594.0,581.0,583.5
2019-01-17,586.0,589.5,575.5,580.0
2019-01-18,578.5,589.0,577.5,586.5
2019-01-21,590.5,591.0,584.0,585.0
2019-01-22,588.5,588.5,576.5,587.5
2019-01-23,577.5,582.5,575.0,575.0
2019-01-24,585.5,586.0,575.5,580.0
2019-01-25,588.5,593.5,583.0,583.0
2019-01-28,582.5,583.5,573.0,573.0
2019-01-29,576.0,584.0,569.5,583.0
2019-01-30,588.5,596.0,578.5,579.5
2019-01-31,589.0,595.0,582.0,589.0
2019-02-01,595.5,597.5,587.0,590.5
2019-02-04,597.5,598.0,591.5,595.5
2019-02-05,593.5,596.0,589.5,592.5
2019-02-06,596.5,599.0,590.5,593.5
2019-02-07,590.0,594.5,585.5,594.5
2019-02-08,586.5,594.0,577.5,582.0
2019-02-12,591.5,600.0,589.0,600.0
2019-02-13,604.5,605.5,588.5,593.0
2019-02-14,580.0,592.5,561.0,572.0
2019-02-15,566.0,566.0,538.0,541.0
2019-02-18,542.0,558.5,542.0,553.5
2019-02-19,559.5,573.5,559.0,559.5
2019-02-20,564.5,566.5,558.0,560.0
2019-02-21,575.0,623.5,574.0,613.5
2019-02-22,605.0,636.0,600.0,625.0
2019-02-25,630.0,636.0,624.0,629.5
2019-02-26,629.0,629.5,605.0,605.5
2019-02-27,612.0,616.0,607.0,609.5
2019-02-28,611.0,621.5,609.0,614.0
2019-03-01,609.0,621.0,607.5,617.0
2019-03-04,618.5,620.0,612.0,618.5
2019-03-05,617.0,624.0,615.0,623.0
2019-03-06,619.5,624.5,614.0,614.5
2019-03-07,610.0,612.0,601.5,610.5
2019-03-08,598.0,604.0,591.5,593.5
2019-03-11,593.5,600.5,587.0,594.0
2019-03-12,603.0,612.0,600.0,606.5
2019-03-13,613.5,622.0,603.5,611.5
2019-03-14,607.0,612.0,587.5,590.0
2019-03-15,588.0,596.0,583.5,586.0
2019-03-18,585.0,589.0,580.0,582.0
2019-03-19,583.5,588.0,576.0,588.0
2019-03-20,583.5,587.0,576.5,583.0
2019-03-22,584.5,603.0,584.0,599.0
2019-03-25,597.5,598.5,588.0,589.0
2019-03-26,598.5,610.5,594.0,607.0
2019-03-27,599.5,600.0,587.0,590.0
2019-03-28,602.5,630.0,594.5,598.5
2019-03-29,592.5,593.0,577.5,583.5
2019-04-01,594.5,612.0,594.0,599.5
2019-04-02,620.0,626.0,607.0,626.0
2019-04-03,633.0,648.5,631.5,635.5
2019-04-04,632.5,632.5,614.5,615.5
2019-04-05,630.0,646.5,628.0,636.5
2019-04-08,639.0,641.5,626.0,637.0
2019-04-09,642.0,643.0,630.0,630.0
2019-04-10,632.5,648.0,631.5,643.5
2019-04-11,651.0,668.5,646.0,663.5
2019-04-12,669.0,672.0,658.0,668.0
2019-04-15,679.0,699.5,679.0,697.5
2019-04-16,696.5,698.0,687.0,694.0
2019-04-17,690.0,695.0,681.0,685.0
2019-04-18,685.0,687.0,670.5,672.0
2019-04-19,670.0,683.0,670.0,682.0
2019-04-22,680.0,692.5,675.5,691.0
2019-04-23,688.5,702.5,684.0,701.0
2019-04-24,699.5,700.0,685.5,686.5
2019-04-25,695.5,701.5,694.0,697.5
2019-04-26,700.0,701.5,694.0,700.0
2019-05-07,686.5,698.0,675.5,697.5
2019-05-08,687.0,695.0,682.0,693.5
2019-05-09,682.0,685.0,661.0,663.0
2019-05-10,664.0,679.0,658.0,679.0
2019-05-13,672.0,694.0,667.0,692.5
2019-05-14,677.5,698.0,672.5,698.0
2019-05-15,683.0,683.5,640.0,660.0
2019-05-16,660.5,697.0,660.0,693.5
2019-05-17,698.5,699.0,688.0,695.5
2019-05-20,697.5,725.0,696.0,723.5
2019-05-21,727.5,741.0,726.5,732.5
2019-05-22,732.5,742.0,731.0,739.0
2019-05-23,733.0,741.0,732.0,738.0
2019-05-24,738.0,747.5,733.0,747.5
2019-05-27,747.5,747.5,738.5,741.5
2019-05-28,739.5,743.0,733.0,733.5
2019-05-29,728.0,737.0,724.5,727.5
2019-05-30,723.0,731.5,719.5,726.5
2019-05-31,719.5,722.0,711.0,721.0
2019-06-03,711.0,726.5,711.0,721.5
2019-06-04,724.5,732.0,716.5,724.5
2019-06-05,734.0,744.5,730.5,744.5
2019-06-06,742.5,743.5,734.5,734.5
2019-06-07,737.0,739.0,722.5,726.0
2019-06-10,734.0,735.0,724.5,731.5
2019-06-11,733.0,733.0,723.5,730.0
2019-06-12,723.5,723.5,711.0,717.5
2019-06-13,716.0,721.5,709.0,717.0
2019-06-14,719.0,722.5,709.5,722.0
2019-06-17,720.0,720.0,706.5,707.5
2019-06-18,708.5,711.0,697.0,697.5
2019-06-19,705.0,712.5,704.0,710.5
2019-06-20,711.5,712.5,706.0,709.0
2019-06-21,707.0,707.0,688.0,691.5
2019-06-24,692.0,712.5,692.0,710.5
2019-06-25,712.5,739.0,712.5,730.5
2019-06-26,721.0,726.0,710.0,724.0
2019-06-27,720.5,731.0,717.5,731.0
2019-06-28,731.0,737.5,726.5,729.0
2019-07-01,739.0,742.5,729.5,739.5
2019-07-02,741.5,742.0,729.5,730.5
2019-07-03,730.5,732.0,714.5,715.0
2019-07-04,719.5,721.5,708.5,712.0
2019-07-05,720.0,725.5,715.5,722.0
2019-07-08,716.0,718.0,700.0,700.5
2019-07-09,708.5,720.0,704.5,717.5
2019-07-10,717.5,740.5,715.0,736.0
2019-07-11,733.5,737.5,730.0,733.0
2019-07-12,736.5,736.5,721.0,724.5
2019-07-16,719.0,719.0,705.5,711.5
2019-07-17,708.0,710.0,698.5,700.0
2019-07-18,705.5,707.0,689.5,691.0
2019-07-19,698.5,713.5,695.5,711.0
2019-07-22,711.0,712.5,697.0,697.5
2019-07-23,698.0,708.0,691.5,704.5
2019-07-24,709.5,710.0,684.0,690.0
2019-07-25,695.5,702.0,690.5,698.0
2019-07-26,696.5,703.0,693.5,700.5
2019-07-29,702.5,712.0,701.0,708.5
2019-07-30,705.0,710.0,701.0,701.0
2019-07-31,686.0,703.0,682.0,694.5
2019-08-01,693.5,716.0,693.5,713.0
2019-08-02,701.0,718.5,701.0,709.5
2019-08-05,699.5,701.0,680.5,690.0
2019-08-06,672.5,701.5,669.0,700.0
2019-08-07,696.5,712.0,696.0,704.5
2019-08-08,698.0,719.5,696.5,708.0
2019-08-09,793.0,839.0,790.5,827.5
2019-08-13,810.0,813.5,782.5,786.0
2019-08-14,770.0,778.5,760.0,771.5
2019-08-15,740.5,745.5,709.0,743.0
2019-08-16,734.0,766.0,732.0,747.0
2019-08-19,752.5,768.5,748.5,757.5
2019-08-20,762.5,777.0,756.0,770.0
2019-08-21,760.5,768.5,752.5,763.0
2019-08-22,773.5,783.0,764.0,782.0
2019-08-23,787.5,795.0,781.5,792.0
2019-08-26,772.0,784.5,761.5,776.0
2019-08-27,784.0,793.5,777.5,787.0
2019-08-28,789.5,792.0,780.0,787.5
2019-08-29,798.5,810.0,785.0,792.5
2019-08-30,799.5,801.5,787.5,793.0
2019-09-02,789.5,817.5,785.0,808.5
2019-09-03,802.5,804.5,787.0,789.0
2019-09-04,783.5,785.5,773.0,777.5
2019-09-05,785.5,792.0,779.5,782.0
2019-09-06,786.0,796.0,785.5,790.5
2019-09-09,787.0,792.0,779.0,790.0
2019-09-10,786.0,786.0,751.0,755.0
2019-09-11,755.5,758.5,734.0,757.5
2019-09-12,760.0,761.0,746.0,747.0
2019-09-13,747.0,754.0,735.5,753.5
2019-09-17,751.5,767.5,737.5,764.5
2019-09-18,767.0,768.5,748.0,750.0
2019-09-19,761.5,779.5,759.0,776.0
2019-09-20,781.5,787.0,767.5,784.0
2019-09-24,780.0,782.5,771.0,775.5
2019-09-25,775.0,786.5,772.5,781.5
2019-09-26,787.0,789.5,776.0,786.5
2019-09-27,786.5,786.5,758.0,765.5
2019-09-30,769.5,769.5,748.0,755.5
2019-10-01,761.5,771.0,756.0,766.5
2019-10-02,762.5,780.0,757.0,774.0
2019-10-03,757.0,769.0,757.0,767.5
2019-10-04,767.0,782.5,763.5,780.0
2019-10-07,776.5,778.5,768.5,774.5
2019-10-08,777.5,782.5,768.5,771.0
2019-10-09,763.0,774.5,759.0,773.5
2019-10-10,773.5,773.5,751.0,756.5
2019-10-11,751.0,755.5,739.5,747.5
2019-10-15,758.5,758.5,747.0,752.0
2019-10-16,753.5,756.0,745.0,749.5
2019-10-17,752.0,758.5,745.5,751.0
2019-10-18,749.0,758.0,738.5,744.5
2019-10-21,746.0,755.0,745.0,749.0
2019-10-23,751.5,759.5,744.5,759.0
2019-10-24,762.5,762.5,752.5,754.0
2019-10-25,749.0,754.0,743.0,753.5
2019-10-28,755.0,757.5,739.0,743.5
2019-10-29,751.0,764.0,747.0,751.0
2019-10-30,755.0,771.5,752.0,770.5
2019-10-31,775.0,779.5,761.5,777.5
2019-11-01,769.0,770.5,753.5,759.0
2019-11-05,758.0,759.0,749.0,752.5
2019-11-06,759.0,759.0,741.5,746.0
2019-11-07,746.0,747.0,735.5,739.0
2019-11-08,747.0,747.0,733.5,737.5
2019-11-11,743.0,760.5,743.0,753.5
2019-11-12,749.5,764.0,745.5,763.0
2019-11-13,760.0,760.0,748.5,751.5
2019-11-14,755.5,765.5,740.5,749.5
2019-11-15,844.5,844.5,785.0,795.5
2019-11-18,795.5,796.0,769.5,773.5
2019-11-19,780.0,819.0,779.5,818.0
2019-11-20,820.5,867.5,820.5,865.5
2019-11-21,873.5,878.0,838.5,848.0
2019-11-22,835.0,861.5,834.0,847.0
2019-11-25,864.5,871.0,842.5,844.5
2019-11-26,842.0,842.0,820.0,828.0
2019-11-27,833.5,845.0,832.0,842.0
2019-11-28,846.5,846.5,826.5,837.5
2019-11-29,837.5,842.0,828.0,838.0
2019-12-02,850.0,890.5,847.5,888.0
2019-12-03,878.0,913.5,875.0,910.0
2019-12-04,910.0,922.0,901.5,921.5
2019-12-05,925.0,935.0,898.5,907.5
2019-12-06,915.0,922.0,902.0,911.0
2019-12-09,922.0,934.0,912.0,924.0
2019-12-10,932.0,959.5,928.5,955.0
2019-12-11,955.0,960.0,944.0,956.5
2019-12-12,956.5,956.5,937.0,945.5
2019-12-13,955.0,975.0,954.5,955.5
2019-12-16,970.0,983.0,961.5,967.5
2019-12-17,970.0,979.5,961.5,970.0
2019-12-18,975.0,975.0,944.0,953.0
2019-12-19,956.0,970.0,950.0,962.0
2019-12-20,975.0,1009.5,974.5,1001.0
2019-12-23,1008.0,1013.0,989.0,1000.0
2019-12-24,1002.5,1013.0,1001.0,1003.5
2019-12-25,1010.0,1037.5,1003.5,1030.5
2019-12-26,1029.5,1031.5,1015.0,1029.0
2019-12-27,1035.0,1068.5,1025.5,1054.0
2019-12-30,1047.0,1050.0,1027.5,1045.5
2020-01-06,1026.5,1048.0,1026.0,1034.0
2020-01-07,1042.0,1060.0,1037.5,1051.5
2020-01-08,1043.0,1063.5,1033.0,1040.5
2020-01-09,1050.5,1056.5,1042.5,1049.5
2020-01-10,1047.5,1052.5,1031.5,1036.5
2020-01-14,1040.0,1050.0,1031.5,1036.5
2020-01-15,1026.0,1026.0,1004.5,1020.0
2020-01-16,1015.5,1019.0,997.5,1006.5
2020-01-17,1004.5,1012.5,993.0,997.5
2020-01-20,988.5,1008.5,981.5,1006.5
2020-01-21,995.0,1006.0,993.0,1005.0
2020-01-22,1007.5,1029.5,1007.5,1027.5
2020-01-23,1018.5,1025.0,1012.0,1022.0
2020-01-24,1023.5,1023.5,998.5,1005.5
2020-01-27,975.5,988.5,968.5,970.5
2020-01-28,950.5,955.0,925.0,951.0
2020-01-29,962.5,976.0,953.5,963.5
2020-01-30,937.0,943.5,922.0,930.0
2020-01-31,932.0,937.5,921.0,921.5
2020-02-03,901.5,912.5,895.5,909.5
2020-02-04,910.0,921.0,898.5,920.5
2020-02-05,940.5,944.5,920.0,923.0
2020-02-06,931.0,933.0,921.0,926.0
2020-02-07,938.5,938.5,913.0,916.0
2020-02-10,910.0,911.5,902.0,907.5
2020-02-12,919.0,935.0,904.0,914.5
2020-02-13,915.0,927.5,906.5,912.0
2020-02-14,924.0,924.0,843.0,859.5
2020-02-17,841.5,862.0,832.5,860.0
2020-02-18,854.5,858.0,842.5,846.5
2020-02-19,851.0,852.5,829.5,835.5
2020-02-20,846.0,849.0,819.5,822.5
2020-02-21,815.0,826.5,806.5,814.5
2020-02-25,775.5,796.5,772.0,776.5
2020-02-26,772.5,774.5,753.0,764.5
2020-02-27,755.0,756.0,726.0,736.0
2020-02-28,715.0,728.0,700.5,706.5
2020-03-02,718.0,752.5,717.5,738.0
2020-03-03,751.0,760.0,711.5,712.0
2020-03-04,699.0,722.5,695.0,712.0
2020-03-05,725.5,729.5,703.5,705.0
2020-03-06,694.5,694.5,664.5,673.0
2020-03-09,650.5,661.5,625.5,636.5
2020-03-10,633.0,669.0,604.5,664.0
2020-03-11,665.0,682.5,650.0,650.0
2020-03-12,625.5,636.0,594.0,602.5
2020-03-13,527.5,578.0,527.5,561.5
2020-03-16,576.5,595.5,555.5,556.5
2020-03-17,533.0,587.0,532.0,574.5
2020-03-18,570.0,593.5,550.5,553.0
2020-03-19,563.5,574.5,521.5,525.5
2020-03-23,531.5,547.0,511.0,541.5
2020-03-24,562.5,594.5,557.0,583.5
2020-03-25,643.5,646.0,602.5,635.0
2020-03-26,620.0,655.0,615.0,645.0
2020-03-27,660.0,677.0,655.0,675.5
2020-03-30,662.5,695.5,653.5,686.0
2020-03-31,697.0,711.5,677.5,681.5
2020-04-01,680.0,699.0,667.5,674.5
2020-04-02,665.0,682.5,662.0,673.0
2020-04-03,673.5,696.0,672.5,676.0
2020-04-06,672.0,716.0,669.5,712.5
2020-04-07,732.0,748.0,719.0,742.5
2020-04-08,747.0,777.0,740.0,772.5
2020-04-09,772.0,788.5,762.5,779.0
2020-04-10,782.5,797.5,766.5,796.0
2020-04-13,807.5,833.5,799.0,807.5
2020-04-14,813.5,849.0,808.0,825.0
2020-04-15,818.5,835.0,804.5,825.5
2020-04-16,814.0,829.5,809.5,828.5
2020-04-17,836.0,840.5,791.5,795.5
2020-04-20,785.0,795.0,762.0,783.0
2020-04-21,785.5,792.0,759.5,762.5
2020-04-22,754.5,759.0,733.0,741.0
2020-04-23,754.5,759.5,733.0,734.0
2020-04-24,733.0,742.5,722.0,740.0
2020-04-27,750.0,766.0,749.5,758.5
2020-04-28,758.5,773.0,747.0,769.5
2020-04-30,789.0,794.0,774.0,783.5
2020-05-01,775.0,786.5,763.0,785.5
2020-05-07,780.0,805.5,778.5,802.0
2020-05-08,810.0,827.0,802.0,824.5
2020-05-11,830.0,833.5,813.0,828.0
2020-05-12,837.5,838.5,826.5,834.5
2020-05-13,814.5,836.0,807.0,836.0
2020-05-14,831.0,831.0,812.0,813.0
2020-05-15,750.0,823.0,742.5,817.5
2020-05-18,818.0,820.0,772.5,786.5
2020-05-19,806.5,807.0,775.0,776.5
2020-05-20,788.0,832.5,783.5,831.5
2020-05-21,835.0,838.0,816.5,834.0
2020-05-22,848.0,876.5,847.0,850.5
2020-05-25,864.0,864.0,837.0,847.5
2020-05-26,857.0,869.5,843.5,866.5
2020-05-27,859.5,864.0,849.0,859.0
2020-05-28,851.0,863.0,850.0,862.0
2020-05-29,867.0,895.0,867.0,886.0
2020-06-01,885.5,885.5,864.5,873.5
2020-06-02,881.5,885.5,869.5,870.0
2020-06-03,880.5,880.5,852.0,866.0
2020-06-04,867.0,871.0,848.5,855.0
2020-06-05,849.5,853.0,827.0,850.0
2020-06-08,859.0,886.0,844.5,882.0
2020-06-09,888.0,906.5,878.5,891.5
2020-06-10,877.0,888.5,862.0,888.5
2020-06-11,877.5,894.5,868.5,878.5
2020-06-12,858.5,885.5,842.5,880.0
2020-06-15,886.0,941.5,882.5,887.0
2020-06-16,915.0,930.5,894.0,909.0
2020-06-17,905.0,915.5,899.5,912.0
2020-06-18,908.0,951.0,908.0,950.0
2020-06-19,950.0,960.0,932.0,946.5
2020-06-22,940.0,947.5,927.5,946.0
2020-06-23,954.5,967.5,947.5,961.5
2020-06-24,955.5,980.5,951.0,976.5
2020-06-25,971.0,1031.0,957.5,1024.5
2020-06-26,1024.0,1067.0,1014.0,1067.0
2020-06-29,1088.5,1098.5,1046.5,1077.5
2020-06-30,1088.5,1116.5,1075.5,1105.5
2020-07-01,1095.0,1108.0,1070.0,1089.0
2020-07-02,1090.0,1095.5,1076.0,1092.5
2020-07-03,1086.5,1110.0,1073.0,1108.0
2020-07-06,1099.0,1119.0,1094.5,1111.5
2020-07-07,1120.0,1146.5,1113.5,1146.5
2020-07-08,1139.0,1181.0,1128.0,1164.5
2020-07-09,1165.0,1220.0,1161.5,1216.0
2020-07-10,1219.5,1228.0,1183.0,1185.5
2020-07-13,1192.5,1195.0,1153.5,1162.5
2020-07-14,1150.0,1181.0,1140.0,1171.5
2020-07-15,1182.5,1184.0,1155.0,1174.0
2020-07-16,1174.0,1174.0,1133.5,1152.5
2020-07-17,1149.5,1163.0,1145.5,1153.5
2020-07-20,1144.0,1151.0,1129.5,1140.0
2020-07-21,1139.5,1149.0,1130.0,1141.0
2020-07-22,1140.5,1153.0,1129.5,1138.0
2020-07-27,1115.0,1140.0,1107.5,1140.0
2020-07-28,1142.0,1160.0,1142.0,1148.5
2020-07-29,1146.5,1158.5,1137.0,1144.0
2020-07-30,1136.5,1148.5,1126.0,1132.5
2020-07-31,1130.0,1158.5,1077.5,1077.5
2020-08-03,1085.0,1121.0,1085.0,1094.5
2020-08-04,1118.5,1154.0,1097.5,1120.0
2020-08-05,1100.0,1112.0,1080.5,1088.0
2020-08-06,1126.5,1244.0,1125.0,1227.5
2020-08-07,1218.5,1233.0,1195.0,1201.5
2020-08-11,1188.0,1200.5,1167.5,1191.5
2020-08-12,1200.0,1212.0,1178.5,1191.5
2020-08-13,1192.0,1204.5,1182.0,1199.5
2020-08-14,1202.5,1259.5,1201.0,1253.5
2020-08-17,1247.0,1305.0,1239.0,1297.5
2020-08-18,1299.0,1316.5,1275.5,1303.5
2020-08-19,1298.0,1345.0,1295.0,1341.0
2020-08-20,1337.5,1384.5,1336.5,1364.5
2020-08-21,1367.5,1405.5,1349.0,1400.5
2020-08-24,1410.0,1440.0,1376.0,1406.0
2020-08-25,1415.0,1425.0,1394.0,1411.0
2020-08-26,1406.5,1429.5,1389.0,1417.5
2020-08-27,1403.0,1427.5,1402.5,1420.0
2020-08-28,1403.0,1405.5,1343.5,1378.0
2020-08-31,1320.0,1360.5,1320.0,1355.5
2020-09-01,1341.5,1361.5,1329.5,1350.0
2020-09-02,1333.0,1343.5,1323.0,1330.5
2020-09-03,1340.0,1350.0,1306.0,1327.0
2020-09-04,1310.0,1330.0,1285.0,1289.5
2020-09-07,1274.5,1274.5,1228.5,1237.5
2020-09-08,1262.5,1264.0,1238.5,1259.5
2020-09-09,1223.0,1237.0,1202.5,1212.0
2020-09-10,1225.0,1240.0,1212.5,1215.5
2020-09-11,1216.0,1260.0,1212.0,1256.0
2020-09-14,1265.5,1283.5,1244.5,1263.5
2020-09-15,1279.5,1298.5,1275.0,1294.5
2020-09-16,1300.0,1341.0,1299.5,1339.5
2020-09-17,1349.0,1384.0,1348.0,1376.0
2020-09-18,1385.0,1419.0,1382.5,1398.5
2020-09-23,1373.5,1402.5,1353.5,1391.0
2020-09-24,1366.0,1397.0,1360.0,1368.0
2020-09-25,1379.5,1407.5,1371.5,1381.0
2020-09-28,1392.0,1398.0,1367.5,1396.5
2020-09-29,1388.5,1398.5,1378.0,1392.5
2020-09-30,1385.5,1406.0,1383.0,1386.0
2020-10-02,1402.0,1439.0,1396.5,1413.5
2020-10-05,1415.5,1455.0,1393.0,1452.5
2020-10-06,1466.0,1471.0,1420.0,1435.0
2020-10-07,1424.5,1449.0,1407.5,1445.0
2020-10-08,1458.5,1479.5,1451.0,1472.5
2020-10-09,1459.0,1490.5,1459.0,1488.0
2020-10-12,1491.5,1496.0,1473.0,1489.0
2020-10-13,1490.0,1517.5,1478.0,1489.0
2020-10-14,1484.5,1496.5,1470.5,1484.5
2020-10-15,1483.0,1485.5,1447.0,1454.0
2020-10-16,1444.0,1450.5,1416.5,1433.5
2020-10-19,1452.0,1466.5,1438.0,1450.5
2020-10-20,1450.5,1457.0,1437.0,1442.5
2020-10-21,1436.0,1444.0,1415.0,1418.5
2020-10-22,1402.5,1414.5,1370.0,1375.0
2020-10-23,1388.0,1396.5,1363.5,1387.0
2020-10-26,1397.5,1405.5,1371.5,1373.5
2020-10-27,1350.0,1390.5,1328.0,1377.0
2020-10-28,1420.5,1474.5,1406.5,1446.5
2020-10-29,1421.5,1462.5,1408.5,1448.5
2020-10-30,1630.0,1700.0,1565.0,1580.0
2020-11-02,1545.0,1660.0,1545.0,1590.0
2020-11-04,1590.0,1625.0,1565.0,1602.5
2020-11-05,1590.0,1690.0,1570.0,1685.0
2020-11-06,1660.0,1680.0,1627.5,1652.5
2020-11-09,1655.0,1695.0,1637.5,1675.0
2020-11-10,1640.0,1645.0,1587.5,1592.5
2020-11-11,1577.5,1605.0,1552.5,1605.0
2020-11-12,1620.0,1642.5,1605.0,1622.5
2020-11-13,1627.5,1642.5,1595.0,1605.0
2020-11-16,1630.0,1635.0,1592.5,1620.0
2020-11-17,1600.0,1602.5,1550.0,1570.0
2020-11-18,1570.0,1580.0,1550.0,1550.0
2020-11-19,1557.5,1567.5,1540.0,1550.0
2020-11-20,1550.0,1585.0,1550.0,1577.5
2020-11-24,1622.5,1645.0,1605.0,1625.0
2020-11-25,1647.5,1670.0,1612.5,1620.0
2020-11-26,1612.5,1645.0,1600.0,1640.0
2020-11-27,1637.5,1660.0,1607.5,1635.0
2020-11-30,1655.0,1665.0,1627.5,1655.0
2020-12-01,1672.5,1687.5,1652.5,1687.5
2020-12-02,1695.0,1695.0,1645.0,1657.5
2020-12-03,1655.0,1662.5,1620.0,1627.5
2020-12-04,1622.5,1642.5,1605.0,1612.5
2020-12-07,1635.0,1642.5,1592.5,1617.5
2020-12-08,1627.5,1677.5,1612.5,1670.0
2020-12-09,1690.0,1725.0,1662.5,1697.5
2020-12-10,1715.0,1785.0,1715.0,1772.5
2020-12-11,1807.5,1910.0,1807.5,1897.5
2020-12-14,1895.0,1905.0,1865.0,1865.0
2020-12-15,1867.5,1885.0,1760.0,1787.5
2020-12-16,1785.0,1817.5,1770.0,1795.0
2020-12-17,1805.0,1847.5,1780.0,1847.5
2020-12-18,1882.5,1890.0,1840.0,1845.0
2020-12-21,1850.0,1865.0,1805.0,1815.0
2020-12-22,1797.5,1807.5,1760.0,1765.0
2020-12-23,1757.5,1775.0,1745.0,1772.5
2020-12-24,1795.0,1800.0,1775.0,1787.5
2020-12-25,1807.5,1820.0,1772.5,1810.0
2020-12-28,1815.0,1840.0,1810.0,1822.5
2020-12-29,1835.0,1875.0,1815.0,1875.0
2020-12-30,1877.5,1907.5,1855.0,1872.5
2021-01-04,1837.5,1855.0,1805.0,1837.5
2021-01-05,1842.5,1852.5,1797.5,1807.5
2021-01-06,1807.5,1827.5,1770.0,1782.5
2021-01-07,1775.0,1782.5,1740.0,1742.5
2021-01-08,1710.0,1740.0,1682.5,1707.5
2021-01-12,1692.5,1697.5,1652.5,1675.0
2021-01-13,1640.0,1647.5,1607.5,1632.5
2021-01-14,1637.5,1690.0,1625.0,1665.0
2021-01-15,1677.5,1755.0,1670.0,1750.0
2021-01-18,1767.5,1785.0,1705.0,1720.0
2021-01-19,1692.5,1692.5,1632.5,1665.0
2021-01-20,1680.0,1687.5,1660.0,1685.0
2021-01-21,1720.0,1745.0,1705.0,1732.5
2021-01-22,1725.0,1750.0,1710.0,1742.5
2021-01-25,1745.0,1752.5,1717.5,1745.0
2021-01-26,1727.5,1747.5,1697.5,1700.0
2021-01-27,1702.5,1710.0,1667.5,1705.0
2021-01-28,1687.5,1730.0,1680.0,1682.5
2021-01-29,1690.0,1735.0,1682.5,1700.0
2021-02-01,1695.0,1732.5,1667.5,1717.5
2021-02-02,1720.0,1757.5,1717.5,1742.5
2021-02-03,1750.0,1777.5,1732.5,1757.5
2021-02-04,1775.0,1820.0,1750.0,1810.0
2021-02-05,2017.5,2045.0,1915.0,1950.0
2021-02-08,2000.0,2040.0,1920.0,1945.0
2021-02-09,1925.0,1925.0,1857.5,1915.0
2021-02-10,1937.5,1965.0,1920.0,1945.0
2021-02-12,1940.0,1942.5,1837.5,1907.5
2021-02-15,1935.0,1962.5,1912.5,1955.0
2021-02-16,1950.0,1972.5,1890.0,1900.0
2021-02-17,1880.0,1887.5,1835.0,1837.5
2021-02-18,1870.0,1995.0,1852.5,1985.0
2021-02-19,1987.5,2132.5,1982.5,2132.5
2021-02-22,2137.5,2200.0,2085.0,2090.0
2021-02-24,2055.0,2100.0,2025.0,2045.0
2021-02-25,2070.0,2082.5,2010.0,2035.0
2021-02-26,1972.5,1997.5,1952.5,1955.0
2021-03-01,1990.0,2055.0,1985.0,2050.0
2021-03-02,2040.0,2077.5,2030.0,2077.5
2021-03-03,2072.5,2072.5,1995.0,2025.0
2021-03-04,2000.0,2087.5,1972.5,2082.5
2021-03-05,2072.5,2085.0,2022.5,2085.0
2021-03-08,2120.0,2137.5,2025.0,2037.5
2021-03-09,2065.0,2102.5,2027.5,2082.5
2021-03-10,2097.5,2100.0,2047.5,2055.0
2021-03-11,2030.0,2122.5,2022.5,2120.0
2021-03-12,2125.0,2150.0,2102.5,2150.0
2021-03-15,2150.0,2150.0,2097.5,2140.0
2021-03-16,2110.0,2140.0,2100.0,2127.5
2021-03-17,2120.0,2172.5,2105.0,2172.5
2021-03-18,2190.0,2192.5,2115.0,2127.5
2021-03-19,2115.0,2115.0,2077.5,2090.0
2021-03-22,2110.0,2110.0,2060.0,2077.5
2021-03-23,2075.0,2087.5,2015.0,2020.0
2021-03-24,2022.5,2072.5,2020.0,2032.5
2021-03-25,2050.0,2115.0,2042.5,2097.5
2021-03-26,2152.5,2212.5,2132.5,2202.5
2021-03-29,2225.0,2300.0,2210.0,2282.5
2021-03-30,2265.0,2267.5,2157.5,2165.0
2021-03-31,2162.5,2222.5,2142.5,2147.5
2021-04-01,2147.5,2192.5,2112.5,2185.0
2021-04-02,2220.0,2257.5,2182.5,2225.0
2021-04-05,2235.0,2242.5,2170.0,2237.5
2021-04-06,2237.5,2237.5,2167.5,2170.0
2021-04-07,2195.0,2217.5,2180.0,2215.0
2021-04-08,2190.0,2315.0,2187.5,2297.5
2021-04-09,2310.0,2315.0,2247.5,2255.0
2021-04-12,2277.5,2277.5,2232.5,2255.0
2021-04-13,2250.0,2347.5,2245.0,2327.5
2021-04-14,2365.0,2392.5,2307.5,2320.0
2021-04-15,2305.0,2320.0,2277.5,2295.0
2021-04-16,2277.5,2297.5,2267.5,2292.5
2021-04-19,2297.5,2305.0,2257.5,2270.0
2021-04-20,2242.5,2282.5,2222.5,2270.0
2021-04-21,2225.0,2245.0,2197.5,2220.0
2021-04-22,2255.0,2257.5,2182.5,2190.0
2021-04-23,2180.0,2262.5,2180.0,2197.5
2021-04-26,2175.0,2175.0,2122.5,2162.5
2021-04-27,2197.5,2220.0,2175.0,2175.0
2021-04-28,2150.0,2165.0,2100.0,2122.5
2021-04-30,2135.0,2195.0,2122.5,2177.5
2021-05-06,1990.0,2050.0,1947.5,2015.0
2021-05-07,1995.0,1997.5,1890.0,1915.0
2021-05-10,1955.0,1982.5,1905.0,1960.0
2021-05-11,1940.0,1947.5,1877.5,1880.0
2021-05-12,1875.0,1920.0,1857.5,1867.5
2021-05-13,1832.5,1845.0,1787.5,1787.5
2021-05-14,1752.5,1827.5,1747.5,1807.5
2021-05-17,1815.0,1847.5,1792.5,1825.0
2021-05-18,1815.0,1867.5,1790.0,1862.5
2021-05-19,1850.0,1930.0,1850.0,1927.5
2021-05-20,1935.0,1992.5,1927.5,1982.5
2021-05-21,2005.0,2022.5,1957.5,1975.0
2021-05-24,1972.5,1982.5,1937.5,1970.0
2021-05-25,2020.0,2035.0,1985.0,2027.5
2021-05-26,2040.0,2115.0,2040.0,2097.5
2021-05-27,2097.5,2157.5,2095.0,2115.0
2021-05-28,2132.5,2132.5,2092.5,2125.0
2021-05-31,2160.0,2210.0,2157.5,2177.5
2021-06-01,2167.5,2172.5,2032.5,2040.0
2021-06-02,2075.0,2170.0,2067.5,2157.5
2021-06-03,2162.5,2237.5,2157.5,2212.5
2021-06-04,2217.5,2227.5,2187.5,2215.0
2021-06-07,2225.0,2260.0,2217.5,2230.0
2021-06-08,2265.0,2325.0,2257.5,2305.0
2021-06-09,2340.0,2377.5,2332.5,2350.0
2021-06-10,2347.5,2360.0,2327.5,2337.5
2021-06-11,2370.0,2445.0,2365.0,2405.0
2021-06-14,2437.5,2445.0,2327.5,2327.5
2021-06-15,2347.5,2385.0,2332.5,2332.5
2021-06-16,2320.0,2352.5,2307.5,2330.0
2021-06-17,2320.0,2340.0,2265.0,2270.0
2021-06-18,2325.0,2335.0,2282.5,2300.0
2021-06-21,2245.0,2270.0,2207.5,2227.5
2021-06-22,2280.0,2350.0,2270.0,2322.5
2021-06-23,2337.5,2367.5,2322.5,2322.5
2021-06-24,2297.5,2322.5,2285.0,2307.5
2021-06-25,2317.5,2372.5,2305.0,2362.5
2021-06-28,2357.5,2360.0,2320.0,2325.0
2021-06-29,2300.0,2307.5,2257.5,2275.0
2021-06-30,2292.5,2330.0,2242.5,2255.0
2021-07-01,2240.0,2247.5,2200.0,2237.5
2021-07-02,2240.0,2297.5,2240.0,2262.5
2021-07-05,2252.5,2272.5,2220.0,2255.0
2021-07-06,2245.0,2260.0,2227.5,2245.0
2021-07-07,2215.0,2242.5,2207.5,2210.0
2021-07-08,2177.5,2180.0,2155.0,2155.0
2021-07-09,2110.0,2137.5,2070.0,2115.0
2021-07-12,2145.0,2162.5,2112.5,2150.0
2021-07-13,2155.0,2187.5,2140.0,2150.0
2021-07-14,2105.0,2152.5,2100.0,2132.5
2021-07-15,2137.5,2150.0,2112.5,2115.0
2021-07-16,2112.5,2150.0,2105.0,2127.5
2021-07-19,2100.0,2107.5,2077.5,2092.5
2021-07-20,2060.0,2107.5,2060.0,2090.0
2021-07-21,2117.5,2175.0,2102.5,2167.5
2021-07-26,2192.5,2200.0,2172.5,2197.5
2021-07-27,2210.0,2212.5,2180.0,2202.5
2021-07-28,2180.0,2195.0,2120.0,2140.0
2021-07-29,2150.0,2175.0,2125.0,2165.0
2021-07-30,2162.5,2215.0,2102.5,2132.5
2021-08-02,2412.5,2482.5,2412.5,2462.5
2021-08-03,2447.5,2455.0,2325.0,2450.0
2021-08-04,2440.0,2515.0,2395.0,2400.0
2021-08-05,2377.5,2397.5,2335.0,2347.5
2021-08-06,2317.5,2355.0,2310.0,2325.0
2021-08-10,2315.0,2340.0,2280.0,2302.5
2021-08-11,2355.0,2380.0,2335.0,2342.5
2021-08-12,2377.5,2412.5,2375.0,2405.0
2021-08-13,2432.5,2475.0,2410.0,2467.5
2021-08-16,2500.0,2550.0,2495.0,2505.0
2021-08-17,2545.0,2565.0,2497.5,2500.0
2021-08-18,2487.5,2490.0,2442.5,2447.5
2021-08-19,2417.5,2437.5,2375.0,2375.0
2021-08-20,2377.5,2460.0,2375.0,2377.5
2021-08-23,2440.0,2472.5,2420.0,2422.5
2021-08-24,2450.0,2495.0,2437.5,2475.0
2021-08-25,2492.5,2530.0,2470.0,2500.0
2021-08-26,2500.0,2535.0,2500.0,2535.0
2021-08-27,2510.0,2525.0,2482.5,2492.5
2021-08-30,2525.0,2525.0,2497.5,2520.0
2021-08-31,2525.0,2550.0,2515.0,2525.0
2021-09-01,2550.0,2580.0,2530.0,2535.0
2021-09-02,2570.0,2615.0,2545.0,2610.0
2021-09-03,2595.0,2670.0,2595.0,2655.0
2021-09-06,2700.0,2700.0,2625.0,2695.0
2021-09-07,2750.0,2795.0,2730.0,2785.0
2021-09-08,2775.0,2795.0,2735.0,2760.0
2021-09-09,2760.0,2765.0,2725.0,2750.0
2021-09-10,2750.0,2850.0,2730.0,2850.0
2021-09-13,2855.0,2875.0,2830.0,2860.0
2021-09-14,2850.0,2890.0,2810.0,2880.0
2021-09-15,2830.0,2845.0,2785.0,2810.0
2021-09-16,2820.0,2830.0,2780.0,2805.0
2021-09-17,2795.0,2850.0,2760.0,2810.0
2021-09-21,2760.0,2865.0,2750.0,2845.0
2021-09-22,2845.0,2905.0,2830.0,2865.0
2021-09-24,2940.0,3035.0,2935.0,3030.0
2021-09-27,3000.0,3010.0,2900.0,2920.0
2021-09-28,2895.0,2935.0,2775.0,2930.0
2021-09-29,2895.0,2990.0,2870.0,2980.0
2021-09-30,2970.0,3115.0,2935.0,3105.0
2021-10-01,3155.0,3170.0,3095.0,3115.0
2021-10-04,3160.0,3200.0,3105.0,3130.0
2021-10-05,3065.0,3065.0,2865.0,2925.0
2021-10-06,2955.0,3020.0,2880.0,2900.0
2021-10-07,2910.0,2960.0,2875.0,2930.0
2021-10-08,3030.0,3180.0,3000.0,3160.0
2021-10-11,3165.0,3200.0,3040.0,3105.0
2021-10-12,3090.0,3090.0,3015.0,3025.0
2021-10-13,3055.0,3105.0,3045.0,3075.0
2021-10-14,3045.0,3090.0,3030.0,3060.0
2021-10-15,3100.0,3125.0,3055.0,3090.0
2021-10-18,3045.0,3060.0,3010.0,3030.0
2021-10-19,3050.0,3075.0,3015.0,3050.0
2021-10-20,3065.0,3075.0,3005.0,3005.0
2021-10-21,2985.0,2990.0,2925.0,2925.0
2021-10-22,2875.0,2910.0,2845.0,2880.0
2021-10-25,2895.0,2935.0,2875.0,2895.0
2021-10-26,2885.0,2915.0,2880.0,2895.0
2021-10-27,2915.0,2985.0,2880.0,2900.0
2021-10-28,2905.0,3105.0,2905.0,3085.0
2021-10-29,3055.0,3055.0,2980.0,3015.0
2021-11-01,3165.0,3170.0,2835.0,2915.0
2021-11-02,2965.0,3015.0,2930.0,3005.0
2021-11-04,3060.0,3185.0,3030.0,3155.0
2021-11-05,3235.0,3375.0,3225.0,3360.0
2021-11-08,3350.0,3355.0,3235.0,3265.0
2021-11-09,3265.0,3320.0,3250.0,3260.0
2021-11-10,3235.0,3320.0,3175.0,3280.0
2021-11-11,3285.0,3290.0,3230.0,3275.0
2021-11-12,3305.0,3380.0,3285.0,3380.0
2021-11-15,3400.0,3480.0,3400.0,3440.0
2021-11-16,3440.0,3460.0,3400.0,3440.0
2021-11-17,3435.0,3465.0,3330.0,3340.0
2021-11-18,3350.0,3370.0,3260.0,3285.0
2021-11-19,3300.0,3335.0,3265.0,3290.0
2021-11-22,3290.0,3355.0,3250.0,3325.0
2021-11-24,3330.0,3340.0,3250.0,3275.0
2021-11-25,3305.0,3330.0,3220.0,3240.0
2021-11-26,3215.0,3215.0,3125.0,3130.0
2021-11-29,3060.0,3140.0,3040.0,3100.0
2021-11-30,3145.0,3145.0,3005.0,3010.0
2021-12-01,3000.0,3010.0,2905.0,2930.0
2021-12-02,2900.0,2900.0,2815.0,2830.0
2021-12-03,2850.0,2910.0,2805.0,2900.0
2021-12-06,2880.0,2890.0,2815.0,2850.0
2021-12-07,2890.0,2965.0,2870.0,2955.0
2021-12-08,3025.0,3055.0,2920.0,2940.0
2021-12-09,2935.0,2950.0,2880.0,2895.0
2021-12-10,2895.0,2895.0,2820.0,2855.0
2021-12-13,2900.0,2905.0,2815.0,2835.0
2021-12-14,2850.0,2910.0,2845.0,2905.0
2021-12-15,2910.0,3040.0,2910.0,3040.0
2021-12-16,3135.0,3150.0,2935.0,2950.0
2021-12-17,2915.0,2945.0,2785.0,2810.0
2021-12-20,2850.0,2850.0,2775.0,2805.0
2021-12-21,2825.0,2940.0,2800.0,2930.0
2021-12-22,3005.0,3035.0,2925.0,3035.0
2021-12-23,3035.0,3060.0,2950.0,2955.0
2021-12-24,2955.0,2955.0,2880.0,2910.0
2021-12-27,2905.0,2905.0,2840.0,2860.0
2021-12-28,2890.0,3010.0,2890.0,3010.0
2021-12-29,3000.0,3045.0,2897.0,2942.0
2021-12-30,2890.0,3010.0,2797.0,2997.0
2022-01-04,3015.0,3015.0,2872.0,2877.0
2022-01-05,2851.0,2876.0,2791.0,2809.0
2022-01-06,2745.0,2771.0,2665.0,2684.0
2022-01-07,2673.0,2737.0,2641.0,2689.0
2022-01-11,2739.0,2756.0,2685.0,2723.0
2022-01-12,2732.0,2779.0,2731.0,2749.0
2022-01-13,2766.0,2800.0,2685.0,2713.0
2022-01-14,2630.0,2636.0,2502.0,2519.0
2022-01-17,2486.0,2608.0,2475.0,2580.0
2022-01-18,2540.0,2583.0,2501.0,2526.0
2022-01-19,2488.0,2540.0,2426.0,2434.0
2022-01-20,2447.0,2547.0,2447.0,2496.0
2022-01-21,2466.0,2543.0,2441.0,2530.0
2022-01-24,2480.0,2505.0,2441.0,2489.0
2022-01-25,2489.0,2501.0,2326.0,2367.0
2022-01-26,2380.0,2491.0,2360.0,2438.0
2022-01-27,2425.0,2449.0,2225.0,2264.0
2022-01-28,2314.0,2333.0,2253.0,2293.0
2022-01-31,2331.0,2393.0,2311.0,2359.0
2022-02-01,2442.0,2462.0,2357.0,2365.0
2022-02-02,2389.0,2530.0,2384.0,2518.0
2022-02-03,2474.0,2480.0,2401.0,2433.0
2022-02-04,2083.0,2339.0,2026.0,2318.0
2022-02-07,2295.0,2401.0,2247.0,2283.0
2022-02-08,2255.0,2272.0,2194.0,2225.0
2022-02-09,2275.0,2380.0,2241.0,2380.0
2022-02-10,2446.0,2484.0,2406.0,2460.0
2022-02-14,2388.0,2396.0,2294.0,2378.0
2022-02-15,2386.0,2480.0,2343.0,2407.0
2022-02-16,2456.0,2505.0,2437.0,2493.0
2022-02-17,2516.0,2519.0,2435.0,2462.0
2022-02-18,2418.0,2486.0,2406.0,2475.0
2022-02-21,2425.0,2567.0,2406.0,2509.0
2022-02-22,2469.0,2547.0,2450.0,2461.0
2022-02-24,2561.0,2720.0,2544.0,2669.0
2022-02-25,2677.0,2810.0,2654.0,2753.0
2022-02-28,2750.0,2895.0,2660.0,2887.0
2022-03-01,2881.0,2992.0,2880.0,2894.0
2022-03-02,2850.0,2934.0,2817.0,2904.0
2022-03-03,2904.0,2909.0,2832.0,2852.0
2022-03-04,2832.0,2887.0,2767.0,2880.0
2022-03-07,2850.0,2982.0,2804.0,2826.0
2022-03-08,2775.0,2875.0,2675.0,2696.0
2022-03-09,2746.0,2845.0,2722.0,2763.0
2022-03-10,2801.0,2834.0,2723.0,2799.0
2022-03-11,2800.0,2845.0,2753.0,2811.0
2022-03-14,2801.0,2905.0,2794.0,2841.0
2022-03-15,2810.0,2879.0,2786.0,2850.0
2022-03-16,2883.0,3030.0,2874.0,3030.0
2022-03-17,3100.0,3145.0,3005.0,3080.0
2022-03-18,3080.0,3145.0,3055.0,3105.0
2022-03-22,3125.0,3130.0,3060.0,3085.0
2022-03-23,3125.0,3260.0,3115.0,3245.0
2022-03-24,3270.0,3335.0,3220.0,3225.0
2022-03-25,3205.0,3305.0,3180.0,3255.0
2022-03-28,3215.0,3265.0,3195.0,3255.0
2022-03-29,3225.0,3275.0,3210.0,3250.0
2022-03-30,3255.0,3290.0,3215.0,3255.0
2022-03-31,3250.0,3280.0,3220.0,3220.0
2022-04-01,3210.0,3335.0,3195.0,3260.0
2022-04-04,3235.0,3250.0,3110.0,3160.0
2022-04-05,3190.0,3240.0,3145.0,3180.0
2022-04-06,3135.0,3225.0,3120.0,3200.0
2022-04-07,3175.0,3260.0,3160.0,3240.0
2022-04-08,3290.0,3310.0,3220.0,3280.0
2022-04-11,3285.0,3370.0,3270.0,3355.0
2022-04-12,3315.0,3365.0,3190.0,3210.0
2022-04-13,3210.0,3210.0,3110.0,3160.0
2022-04-14,3165.0,3220.0,3145.0,3190.0
2022-04-15,3090.0,3130.0,3020.0,3080.0
2022-04-18,3070.0,3120.0,3025.0,3100.0
2022-04-19,3165.0,3245.0,3155.0,3220.0
2022-04-20,3255.0,3295.0,3240.0,3270.0
2022-04-21,3200.0,3265.0,3160.0,3215.0
2022-04-22,3170.0,3240.0,3160.0,3220.0
2022-04-25,3195.0,3255.0,3190.0,3215.0
2022-04-26,3190.0,3220.0,3120.0,3185.0
2022-04-27,3115.0,3280.0,3110.0,3280.0
2022-04-28,3280.0,3290.0,3220.0,3275.0
2022-05-02,3190.0,3300.0,3185.0,3280.0
2022-05-06,3285.0,3295.0,3195.0,3225.0
2022-05-09,3220.0,3225.0,3090.0,3135.0
2022-05-10,3130.0,3145.0,3020.0,3080.0
2022-05-11,3070.0,3155.0,3055.0,3090.0
2022-05-12,3020.0,3135.0,3010.0,3070.0
2022-05-13,2630.0,2647.0,2493.0,2571.0
2022-05-16,2647.0,2842.0,2637.0,2823.0
2022-05-17,2838.0,2902.0,2773.0,2802.0
2022-05-18,2841.0,2966.0,2810.0,2921.0
2022-05-19,2880.0,2958.0,2853.0,2915.0
2022-05-20,2940.0,3025.0,2927.0,3015.0
2022-05-23,3025.0,3040.0,2930.0,3005.0
2022-05-24,3010.0,3045.0,2973.0,3005.0
2022-05-25,2981.0,3040.0,2936.0,3035.0
2022-05-26,3055.0,3095.0,3045.0,3070.0
2022-05-27,3115.0,3115.0,3035.0,3055.0
2022-05-30,3100.0,3155.0,3085.0,3135.0
2022-05-31,3070.0,3085.0,2966.0,3010.0
2022-06-01,2997.0,3040.0,2964.0,3005.0
2022-06-02,2967.0,2967.0,2910.0,2937.0
2022-06-03,2973.0,2993.0,2903.0,2919.0
2022-06-06,2857.0,2910.0,2836.0,2890.0
2022-06-07,2877.0,2877.0,2804.0,2808.0
2022-06-08,2888.0,2957.0,2862.0,2925.0
2022-06-09,2927.0,2975.0,2895.0,2957.0
2022-06-10,2907.0,2921.0,2817.0,2821.0
2022-06-13,2766.0,2783.0,2706.0,2720.0
2022-06-14,2670.0,2727.0,2662.0,2720.0
2022-06-15,2699.0,2749.0,2670.0,2698.0
2022-06-16,2748.0,2798.0,2685.0,2690.0
2022-06-17,2653.0,2833.0,2652.0,2792.0
2022-06-20,2811.0,2847.0,2748.0,2781.0
2022-06-21,2855.0,2939.0,2833.0,2878.0
2022-06-22,2864.0,2888.0,2831.0,2846.0
2022-06-23,2853.0,2915.0,2853.0,2879.0
2022-06-24,2920.0,2940.0,2872.0,2931.0
2022-06-27,2944.0,2977.0,2937.0,2965.0
2022-06-28,2950.0,2980.0,2921.0,2956.0
2022-06-29,2952.0,2988.0,2921.0,2982.0
2022-06-30,2997.0,3020.0,2910.0,2923.0
2022-07-01,2895.0,2946.0,2850.0,2882.0
2022-07-04,2917.0,2972.0,2900.0,2970.0
2022-07-05,2980.0,3020.0,2947.0,3010.0
2022-07-06,3035.0,3110.0,3030.0,3045.0
2022-07-07,3055.0,3100.0,3025.0,3075.0
2022-07-08,3090.0,3115.0,3060.0,3085.0
2022-07-11,3105.0,3180.0,3095.0,3175.0
2022-07-12,3160.0,3160.0,3060.0,3080.0
2022-07-13,3100.0,3125.0,3060.0,3105.0
2022-07-14,3080.0,3095.0,3045.0,3080.0
2022-07-15,3100.0,3130.0,3075.0,3080.0
2022-07-19,3115.0,3125.0,3075.0,3105.0
2022-07-20,3120.0,3215.0,3120.0,3195.0
2022-07-21,3210.0,3295.0,3210.0,3270.0
2022-07-22,3290.0,3320.0,3265.0,3290.0
2022-07-25,3280.0,3295.0,3250.0,3255.0
2022-07-26,3235.0,3310.0,3230.0,3290.0
2022-07-27,3225.0,3280.0,3200.0,3200.0
2022-07-28,3240.0,3245.0,3185.0,3195.0
2022-07-29,3215.0,3255.0,3175.0,3220.0
2022-08-01,2900.0,3185.0,2817.0,3130.0
2022-08-02,3140.0,3150.0,3005.0,3070.0
2022-08-03,3085.0,3085.0,2955.0,2989.0
2022-08-04,3000.0,3005.0,2943.0,2966.0
2022-08-05,2964.0,3005.0,2928.0,2968.0
2022-08-08,2932.0,2940.0,2861.0,2873.0
2022-08-09,2880.0,3030.0,2873.0,3000.0
2022-08-10,2997.0,3005.0,2944.0,2966.0
2022-08-12,3010.0,3030.0,2971.0,2979.0
2022-08-15,2995.0,3035.0,2978.0,3035.0
2022-08-16,3050.0,3070.0,3025.0,3035.0
2022-08-17,3040.0,3095.0,3020.0,3085.0
2022-08-18,3060.0,3085.0,3025.0,3080.0
2022-08-19,3090.0,3120.0,3070.0,3070.0
2022-08-22,3020.0,3050.0,3005.0,3045.0
2022-08-23,3040.0,3070.0,3000.0,3050.0
2022-08-24,3045.0,3045.0,3015.0,3040.0
2022-08-25,3040.0,3100.0,3030.0,3095.0
2022-08-26,3145.0,3175.0,3125.0,3130.0
2022-08-29,3050.0,3070.0,2944.0,2944.0
2022-08-30,2973.0,3020.0,2923.0,3020.0
2022-08-31,2992.0,3060.0,2988.0,3040.0
2022-09-01,3090.0,3255.0,3080.0,3155.0
2022-09-02,3180.0,3220.0,3145.0,3155.0
2022-09-05,3085.0,3145.0,3045.0,3100.0
2022-09-06,3080.0,3085.0,2930.0,2932.0
2022-09-07,2850.0,2879.0,2794.0,2856.0
2022-09-08,2860.0,2862.0,2738.0,2842.0
2022-09-09,2831.0,2917.0,2827.0,2917.0
2022-09-12,2945.0,2984.0,2908.0,2974.0
2022-09-13,2995.0,3025.0,2949.0,3005.0
2022-09-14,2910.0,2995.0,2910.0,2970.0
2022-09-15,2940.0,2940.0,2694.0,2711.0
2022-09-16,2655.0,2759.0,2610.0,2698.0
2022-09-20,2748.0,2827.0,2729.0,2789.0
2022-09-21,2771.0,2771.0,2691.0,2698.0
2022-09-22,2657.0,2727.0,2644.0,2709.0
2022-09-26,2659.0,2704.0,2589.0,2605.0
2022-09-27,2636.0,2665.0,2613.0,2657.0
2022-09-28,2650.0,2686.0,2636.0,2675.0
2022-09-29,2717.0,2734.0,2681.0,2690.0
2022-09-30,2691.0,2696.0,2619.0,2662.0
2022-10-03,2629.0,2690.0,2574.0,2690.0
2022-10-04,2760.0,2800.0,2738.0,2785.0
2022-10-05,2802.0,2817.0,2737.0,2763.0
2022-10-06,2755.0,2768.0,2724.0,2744.0
2022-10-07,2695.0,2739.0,2688.0,2713.0
2022-10-11,2633.0,2669.0,2611.0,2621.0
2022-10-12,2640.0,2665.0,2617.0,2633.0
2022-10-13,2598.0,2613.0,2561.0,2565.0
2022-10-14,2615.0,2619.0,2561.0,2606.0
2022-10-17,2571.0,2580.0,2543.0,2571.0
2022-10-18,2630.0,2690.0,2626.0,2673.0
2022-10-19,2673.0,2713.0,2665.0,2693.0
2022-10-20,2661.0,2676.0,2634.0,2673.0
2022-10-21,2678.0,2693.0,2642.0,2646.0
2022-10-24,2686.0,2699.0,2652.0,2658.0
2022-10-25,2678.0,2695.0,2662.0,2679.0
2022-10-26,2711.0,2753.0,2711.0,2721.0
2022-10-27,2713.0,2714.0,2684.0,2699.0
2022-10-28,2664.0,2702.0,2650.0,2678.0
2022-10-31,2709.0,2713.0,2650.0,2672.0
2022-11-01,2672.0,2714.0,2661.0,2685.0
2022-11-02,2720.0,2752.0,2700.0,2735.0
2022-11-04,2486.0,2575.0,2411.0,2492.0
2022-11-07,2480.0,2481.0,2401.0,2459.0
2022-11-08,2459.0,2526.0,2458.0,2505.0
2022-11-09,2528.0,2544.0,2442.0,2448.0
2022-11-10,2445.0,2472.0,2436.0,2470.0
2022-11-11,2504.0,2531.0,2475.0,2486.0
2022-11-14,2471.0,2522.0,2452.0,2485.0
2022-11-15,2498.0,2524.0,2480.0,2513.0
2022-11-16,2511.0,2536.0,2490.0,2518.0
2022-11-17,2540.0,2555.0,2533.0,2540.0
2022-11-18,2548.0,2585.0,2541.0,2564.0
2022-11-21,2565.0,2576.0,2524.0,2538.0
2022-11-22,2560.0,2594.0,2555.0,2585.0
2022-11-24,2587.0,2622.0,2585.0,2604.0
2022-11-25,2619.0,2634.0,2600.0,2605.0
2022-11-28,2612.0,2623.0,2567.0,2590.0
2022-11-29,2575.0,2586.0,2537.0,2586.0
2022-11-30,2572.0,2576.0,2530.0,2543.0
2022-12-01,2576.0,2594.0,2544.0,2544.0
2022-12-02,2537.0,2538.0,2502.0,2515.0
2022-12-05,2540.0,2548.0,2508.0,2520.0
2022-12-06,2506.0,2533.0,2496.0,2529.0
2022-12-07,2515.0,2550.0,2505.0,2547.0
2022-12-08,2559.0,2562.0,2503.0,2532.0
2022-12-09,2526.0,2644.0,2526.0,2622.0
2022-12-12,2613.0,2675.0,2612.0,2672.0
2022-12-13,2671.0,2695.0,2638.0,2665.0
2022-12-14,2677.0,2689.0,2622.0,2628.0
2022-12-15,2644.0,2708.0,2642.0,2650.0
2022-12-16,2634.0,2650.0,2603.0,2612.0
2022-12-19,2600.0,2607.0,2576.0,2584.0
2022-12-20,2583.0,2583.0,2455.0,2465.0
2022-12-21,2461.0,2463.0,2396.0,2422.0
2022-12-22,2442.0,2474.0,2426.0,2446.0
2022-12-23,2420.0,2428.0,2386.0,2416.0
2022-12-26,2400.0,2408.0,2368.0,2397.0
2022-12-27,2423.0,2435.0,2401.0,2405.0
2022-12-28,2392.0,2392.0,2347.0,2386.0
2022-12-29,2363.0,2394.0,2355.0,2392.0
2022-12-30,2400.0,2429.0,2400.0,2400.0
2023-01-04,2395.0,2395.0,2335.0,2335.0
2023-01-05,2310.0,2327.0,2287.0,2294.0
2023-01-06,2290.0,2364.0,2290.0,2357.0
2023-01-10,2375.0,2398.0,2341.0,2350.0
2023-01-11,2374.0,2429.0,2363.0,2423.0
2023-01-12,2437.0,2460.0,2403.0,2406.0
2023-01-13,2393.0,2423.0,2380.0,2389.0
2023-01-16,2362.0,2387.0,2333.0,2334.0
2023-01-17,2331.0,2338.0,2308.0,2318.0
2023-01-18,2320.0,2403.0,2309.0,2376.0
2023-01-19,2358.0,2414.0,2351.0,2383.0
2023-01-20,2383.0,2417.0,2369.0,2405.0
2023-01-23,2437.0,2447.0,2420.0,2433.0
2023-01-24,2447.0,2453.0,2412.0,2435.0
2023-01-25,2425.0,2468.0,2408.0,2464.0
2023-01-26,2478.0,2485.0,2443.0,2453.0
2023-01-27,2451.0,2460.0,2413.0,2418.0
2023-01-30,2417.0,2439.0,2398.0,2403.0
2023-01-31,2420.0,2440.0,2396.0,2415.0
2023-02-01,2428.0,2438.0,2393.0,2398.0
2023-02-02,2398.0,2409.0,2370.0,2377.0
2023-02-03,2470.0,2591.0,2449.0,2475.0
2023-02-06,2515.0,2550.0,2443.0,2450.0
2023-02-07,2460.0,2524.0,2453.0,2511.0
2023-02-08,2531.0,2550.0,2516.0,2526.0
2023-02-09,2576.0,2640.0,2576.0,2635.0
2023-02-10,2609.0,2639.0,2608.0,2620.0
2023-02-13,2613.0,2629.0,2584.0,2588.0
2023-02-14,2607.0,2648.0,2585.0,2638.0
2023-02-15,2648.0,2674.0,2633.0,2669.0
2023-02-16,2685.0,2708.0,2677.0,2699.0
2023-02-17,2699.0,2766.0,2697.0,2754.0
2023-02-20,2757.0,2760.0,2726.0,2733.0
2023-02-21,2737.0,2793.0,2717.0,2783.0
2023-02-22,2793.0,2793.0,2668.0,2716.0
2023-02-24,2721.0,2748.0,2711.0,2730.0
2023-02-27,2700.0,2724.0,2670.0,2676.0
2023-02-28,2656.0,2717.0,2656.0,2715.0
2023-03-01,2685.0,2702.0,2653.0,2687.0
2023-03-02,2699.0,2719.0,2676.0,2713.0
2023-03-03,2710.0,2760.0,2710.0,2731.0
2023-03-06,2741.0,2748.0,2703.0,2730.0
2023-03-07,2703.0,2736.0,2692.0,2729.0
2023-03-08,2720.0,2748.0,2697.0,2700.0
2023-03-09,2712.0,2792.0,2703.0,2787.0
2023-03-10,2738.0,2798.0,2735.0,2746.0
2023-03-13,2706.0,2728.0,2686.0,2724.0
2023-03-14,2697.0,2725.0,2670.0,2684.0
2023-03-15,2700.0,2700.0,2639.0,2651.0
2023-03-16,2611.0,2689.0,2608.0,2656.0
2023-03-17,2674.0,2752.0,2643.0,2746.0
2023-03-20,2738.0,2738.0,2650.0,2658.0
2023-03-22,2708.0,2721.0,2650.0,2713.0
2023-03-23,2700.0,2705.0,2670.0,2700.0
2023-03-24,2700.0,2734.0,2688.0,2723.0
2023-03-27,2723.0,2735.0,2690.0,2690.0
2023-03-28,2696.0,2702.0,2644.0,2686.0
2023-03-29,2693.0,2732.0,2662.0,2731.0
2023-03-30,2730.0,2740.0,2699.0,2728.0
2023-03-31,2745.0,2832.0,2745.0,2818.0
2023-04-03,2826.0,2868.0,2809.0,2819.0
2023-04-04,2815.0,2824.0,2779.0,2819.0
2023-04-05,2815.0,2820.0,2764.0,2770.0
2023-04-06,2757.0,2794.0,2747.0,2794.0
2023-04-07,2798.0,2800.0,2735.0,2760.0
2023-04-10,2810.0,2849.0,2795.0,2823.0
2023-04-11,2838.0,2848.0,2797.0,2797.0
2023-04-12,2808.0,2831.0,2797.0,2818.0
2023-04-13,2816.0,2909.0,2812.0,2863.0
2023-04-14,2895.0,2910.0,2864.0,2875.0
2023-04-17,2872.0,2888.0,2850.0,2870.0
2023-04-18,2876.0,2888.0,2826.0,2888.0
2023-04-19,2932.0,2974.0,2876.0,2896.0
2023-04-20,2871.0,2886.0,2835.0,2863.0
2023-04-21,2850.0,2885.0,2823.0,2842.0
2023-04-24,2868.0,2892.0,2858.0,2864.0
2023-04-25,2867.0,2882.0,2837.0,2838.0
2023-04-26,2827.0,2854.0,2809.0,2844.0
2023-04-27,2863.0,2886.0,2837.0,2840.0
2023-04-28,2875.0,2895.0,2855.0,2888.0
2023-05-01,2905.0,2911.0,2845.0,2849.0
2023-05-02,2857.0,2913.0,2851.0,2900.0
2023-05-08,2903.0,2932.0,2885.0,2891.0
2023-05-09,2900.0,2901.0,2875.0,2890.0
2023-05-10,2890.0,2917.0,2861.0,2872.0
2023-05-11,2840.0,2883.0,2840.0,2873.0
2023-05-12,2921.0,3120.0,2893.0,3090.0
2023-05-15,3090.0,3190.0,3035.0,3150.0
2023-05-16,3150.0,3175.0,3110.0,3145.0
2023-05-17,3145.0,3250.0,3120.0,3225.0
2023-05-18,3230.0,3250.0,3195.0,3225.0
2023-05-19,3235.0,3290.0,3230.0,3290.0
2023-05-22,3240.0,3260.0,3230.0,3250.0
2023-05-23,3250.0,3255.0,3190.0,3190.0
2023-05-24,3150.0,3190.0,3140.0,3160.0
2023-05-25,3135.0,3145.0,3105.0,3105.0
2023-05-26,3115.0,3160.0,3095.0,3150.0
2023-05-29,3175.0,3190.0,3130.0,3145.0
2023-05-30,3125.0,3125.0,3080.0,3105.0
2023-05-31,3080.0,3135.0,3045.0,3115.0
2023-06-01,3135.0,3235.0,3115.0,3235.0
2023-06-02,3240.0,3345.0,3240.0,3330.0
2023-06-05,3375.0,3379.0,3333.0,3357.0
2023-06-06,3350.0,3440.0,3341.0,3429.0
2023-06-07,3438.0,3508.0,3406.0,3430.0
2023-06-08,3410.0,3412.0,3263.0,3276.0
2023-06-09,3340.0,3360.0,3296.0,3356.0
2023-06-12,3365.0,3391.0,3333.0,3345.0
2023-06-13,3357.0,3384.0,3339.0,3346.0
2023-06-14,3400.0,3409.0,3355.0,3380.0
2023-06-15,3400.0,3470.0,3390.0,3464.0
2023-06-16,3458.0,3508.0,3458.0,3500.0
2023-06-19,3510.0,3550.0,3480.0,3541.0
2023-06-20,3540.0,3579.0,3526.0,3565.0
2023-06-21,3545.0,3587.0,3526.0,3567.0
2023-06-22,3554.0,3582.0,3500.0,3515.0
2023-06-23,3550.0,3557.0,3429.0,3436.0
2023-06-26,3419.0,3435.0,3322.0,3353.0
2023-06-27,3351.0,3358.0,3304.0,3346.0
2023-06-28,3383.0,3403.0,3353.0,3400.0
2023-06-29,3420.0,3450.0,3391.0,3401.0
2023-06-30,3373.0,3449.0,3365.0,3440.0
2023-07-03,3476.0,3555.0,3469.0,3540.0
2023-07-04,3497.0,3555.0,3482.0,3548.0
2023-07-05,3535.0,3539.0,3457.0,3486.0
2023-07-06,3455.0,3477.0,3436.0,3454.0
2023-07-07,3425.0,3445.0,3405.0,3426.0
2023-07-10,3431.0,3463.0,3387.0,3390.0
2023-07-11,3399.0,3410.0,3341.0,3354.0
2023-07-12,3375.0,3403.0,3353.0,3366.0
2023-07-13,3366.0,3411.0,3343.0,3409.0
2023-07-14,3408.0,3443.0,3390.0,3420.0
2023-07-18,3415.0,3448.0,3407.0,3440.0
2023-07-19,3463.0,3490.0,3446.0,3490.0
2023-07-20,3475.0,3475.0,3438.0,3449.0
2023-07-21,3434.0,3448.0,3413.0,3441.0
2023-07-24,3447.0,3460.0,3420.0,3443.0
2023-07-25,3430.0,3447.0,3418.0,3438.0
2023-07-26,3430.0,3439.0,3404.0,3427.0
2023-07-27,3404.0,3499.0,3394.0,3491.0
2023-07-28,3452.0,3490.0,3425.0,3483.0
2023-07-31,3535.0,3541.0,3496.0,3521.0
2023-08-01,3495.0,3495.0,3425.0,3442.0
2023-08-02,3410.0,3451.0,3377.0,3388.0
2023-08-03,3345.0,3420.0,3336.0,3396.0
2023-08-04,3256.0,3399.0,3193.0,3206.0
2023-08-07,3178.0,3329.0,3144.0,3296.0
2023-08-08,3322.0,3373.0,3302.0,3326.0
2023-08-09,3341.0,3483.0,3341.0,3467.0
2023-08-10,3467.0,3490.0,3439.0,3445.0
2023-08-14,3457.0,3458.0,3402.0,3425.0
2023-08-15,3407.0,3485.0,3405.0,3449.0
2023-08-16,3440.0,3445.0,3408.0,3435.0
2023-08-17,3436.0,3479.0,3407.0,3473.0
2023-08-18,3437.0,3452.0,3410.0,3420.0
2023-08-21,3420.0,3440.0,3387.0,3421.0
2023-08-22,3410.0,3415.0,3369.0,3390.0
2023-08-23,3374.0,3494.0,3362.0,3494.0
2023-08-24,3479.0,3479.0,3416.0,3421.0
2023-08-25,3331.0,3403.0,3314.0,3376.0
2023-08-28,3400.0,3439.0,3385.0,3432.0
2023-08-29,3432.0,3432.0,3368.0,3409.0
2023-08-30,3412.0,3437.0,3384.0,3408.0
2023-08-31,3400.0,3434.0,3400.0,3427.0
2023-09-01,3425.0,3451.0,3413.0,3429.0
2023-09-04,3420.0,3420.0,3342.0,3363.0
2023-09-05,3347.0,3348.0,3307.0,3329.0
2023-09-06,3323.0,3341.0,3313.0,3327.0
2023-09-07,3300.0,3300.0,3249.0,3270.0
2023-09-08,3237.0,3266.0,3236.0,3261.0
2023-09-11,3250.0,3259.0,3222.0,3236.0
2023-09-12,3217.0,3227.0,3170.0,3179.0
2023-09-13,3158.0,3215.0,3152.0,3203.0
2023-09-14,3210.0,3222.0,3186.0,3210.0
2023-09-15,3210.0,3238.0,3191.0,3213.0
2023-09-19,3184.0,3185.0,3158.0,3185.0
2023-09-20,3170.0,3177.0,3129.0,3138.0
2023-09-21,3108.0,3112.0,3068.0,3071.0
2023-09-22,3028.0,3072.0,3020.0,3051.0
2023-09-25,3177.0,3185.0,3106.0,3122.0
2023-09-26,3080.0,3080.0,3025.0,3056.0
2023-09-27,3036.0,3117.0,3012.0,3104.0
2023-09-28,3083.0,3083.0,2995.0,3018.0
2023-09-29,3015.0,3029.0,2970.0,2992.0
2023-10-02,3019.0,3056.0,3009.0,3035.0
2023-10-03,3034.0,3051.0,3018.0,3025.0
2023-10-04,2990.0,3022.0,2978.5,3004.0
2023-10-05,3004.0,3080.0,3004.0,3076.0
2023-10-06,3071.0,3096.0,3071.0,3077.0
2023-10-10,3106.0,3116.0,3090.0,3109.0
2023-10-11,3109.0,3125.0,3077.0,3088.0
2023-10-12,3094.0,3138.0,3088.0,3133.0
2023-10-13,3093.0,3103.0,3038.0,3050.0
2023-10-16,3020.0,3023.0,2979.5,3003.0
2023-10-17,3034.0,3099.0,3031.0,3075.0
2023-10-18,3070.0,3075.0,3035.0,3067.0
2023-10-19,3030.0,3051.0,3022.0,3024.0
2023-10-20,2990.0,3008.0,2984.0,2995.5
2023-10-23,2979.0,2979.5,2942.0,2953.0
2023-10-24,2950.0,2993.0,2920.0,2981.0
2023-10-25,3007.0,3014.0,2957.5,2968.5
2023-10-26,2938.0,2953.5,2895.5,2896.5
2023-10-27,2925.0,2932.0,2895.5,2905.5
2023-10-30,2897.5,2903.0,2856.0,2872.0
2023-10-31,2865.0,2918.0,2854.0,2884.5
2023-11-01,2934.5,2936.5,2884.5,2891.0
2023-11-02,2909.5,2968.5,2902.0,2950.0
2023-11-06,2750.0,2893.5,2704.0,2864.0
2023-11-07,2849.5,2854.5,2762.0,2797.5
2023-11-08,2805.5,2812.5,2743.5,2750.0
2023-11-09,2730.0,2761.0,2706.5,2746.0
2023-11-10,2738.5,2770.0,2710.5,2714.0
2023-11-13,2738.5,2742.5,2682.5,2697.5
2023-11-14,2700.0,2725.0,2681.5,2682.5
2023-11-15,2701.5,2738.5,2663.0,2725.5
2023-11-16,2719.0,2724.0,2690.0,2705.0
2023-11-17,2699.0,2707.0,2670.0,2686.5
2023-11-20,2686.5,2743.0,2674.0,2724.0
2023-11-21,2724.0,2738.5,2694.5,2730.5
2023-11-22,2716.0,2721.5,2683.5,2721.5
2023-11-24,2743.0,2789.5,2722.5,2759.5
2023-11-27,2759.0,2776.0,2728.0,2744.0
2023-11-28,2733.0,2737.0,2673.0,2696.5
2023-11-29,2694.0,2701.5,2672.5,2678.0
2023-11-30,2672.5,2678.5,2637.0,2664.0
2023-12-01,2667.0,2670.0,2635.0,2647.0
2023-12-04,2647.0,2651.0,2608.5,2615.5
2023-12-05,2613.5,2639.5,2599.0,2620.0
2023-12-06,2620.0,2663.5,2618.0,2657.0
2023-12-07,2633.5,2646.0,2594.5,2594.5
2023-12-08,2593.0,2593.0,2527.5,2532.0
2023-12-11,2535.0,2551.0,2506.5,2547.5
2023-12-12,2592.0,2611.5,2564.5,2568.0
2023-12-13,2587.0,2655.5,2587.0,2623.5
2023-12-14,2596.0,2640.0,2563.5,2575.5
2023-12-15,2551.0,2581.5,2536.0,2576.5
2023-12-18,2558.5,2617.0,2526.5,2610.5
2023-12-19,2631.5,2724.0,2631.5,2720.0
2023-12-20,2738.5,2814.5,2727.0,2795.5
2023-12-21,2780.0,2796.5,2747.0,2765.0
2023-12-22,2769.5,2817.0,2743.5,2755.5
2023-12-25,2788.0,2812.0,2763.5,2776.0
2023-12-26,2787.0,2828.0,2781.5,2783.5
2023-12-27,2831.5,2895.0,2815.5,2875.5
2023-12-28,2852.0,2852.5,2804.5,2839.0
2023-12-29,2865.5,2883.5,2844.0,2871.0
2024-01-04,2800.0,2893.0,2772.0,2885.0
2024-01-05,2877.0,2907.0,2848.0,2891.0
2024-01-09,2938.0,3013.0,2925.5,3009.0
2024-01-10,2992.5,3016.0,2975.0,2992.5
2024-01-11,3035.0,3045.0,2996.5,3022.0
2024-01-12,3072.0,3132.0,3057.0,3116.0
2024-01-15,3100.0,3110.0,3082.0,3088.0
2024-01-16,3077.0,3132.0,3053.0,3109.0
2024-01-17,3135.0,3147.0,3097.0,3103.0
2024-01-18,3104.0,3108.0,3065.0,3085.0
2024-01-19,3105.0,3107.0,3064.0,3088.0
2024-01-22,3108.0,3139.0,3093.0,3139.0
2024-01-23,3139.0,3155.0,3101.0,3133.0
2024-01-24,3138.0,3141.0,3102.0,3122.0
2024-01-25,3136.0,3159.0,3112.0,3156.0
2024-01-26,3150.0,3186.0,3139.0,3143.0
2024-01-29,3150.0,3168.0,3128.0,3147.0
2024-01-30,3168.0,3192.0,3157.0,3168.0
2024-01-31,3150.0,3150.0,3121.0,3140.0
2024-02-01,3125.0,3125.0,3073.0,3094.0
2024-02-02,3110.0,3181.0,3099.0,3133.0
2024-02-05,3135.0,3146.0,3086.0,3103.0
2024-02-06,3097.0,3355.0,3060.0,3323.0
2024-02-07,3288.0,3343.0,3172.0,3238.0
2024-02-08,3233.0,3236.0,3147.0,3193.0
2024-02-09,2857.0,2900.0,2791.0,2899.5
2024-02-13,2894.5,3001.0,2880.0,2980.0
2024-02-14,2974.0,3059.0,2950.0,3038.0
2024-02-15,3049.0,3117.0,3025.0,3028.0
2024-02-16,3030.0,3088.0,2997.0,3022.0
2024-02-19,3030.0,3075.0,3016.0,3024.0
2024-02-20,3066.0,3147.0,3052.0,3133.0
2024-02-21,3180.0,3348.0,3180.0,3200.0
2024-02-22,3140.0,3175.0,3040.0,3079.0
2024-02-26,3077.0,3106.0,2915.0,2915.0
2024-02-27,2923.5,2954.5,2881.0,2906.0
2024-02-28,2929.0,2943.0,2892.0,2915.5
2024-02-29,2884.5,2906.5,2835.5,2856.0
2024-03-01,2850.5,2887.5,2834.0,2874.5
2024-03-04,2892.0,2895.0,2822.0,2840.0
2024-03-05,2810.0,2832.5,2786.0,2805.5
2024-03-06,2779.5,2829.0,2755.0,2794.5
2024-03-07,2800.5,2808.0,2758.5,2780.5
2024-03-08,2739.5,2839.0,2714.0,2813.0
2024-03-11,2787.0,2810.0,2753.5,2789.5
2024-03-12,2799.0,2815.0,2757.0,2815.0
2024-03-13,2803.5,2826.5,2775.0,2786.5
2024-03-14,2800.0,2829.0,2788.0,2825.5
2024-03-15,2822.0,2879.5,2806.5,2860.5
2024-03-18,2897.0,2954.0,2887.5,2945.5
2024-03-19,2917.0,2942.0,2874.0,2924.0
2024-03-21,2941.0,2968.0,2841.0,2850.0
2024-03-22,2850.0,2854.0,2752.0,2754.0
2024-03-25,2765.0,2785.5,2695.0,2695.0
2024-03-26,2674.0,2706.0,2642.0,2679.0
2024-03-27,2690.5,2765.5,2690.0,2730.5
2024-03-28,2730.5,2740.0,2641.5,2650.0
2024-03-29,2635.0,2660.0,2633.0,2651.0
2024-04-01,2685.0,2707.5,2648.5,2653.5
2024-04-02,2651.5,2660.0,2641.0,2650.0
2024-04-03,2643.0,2686.5,2640.0,2670.5
2024-04-04,2693.0,2717.0,2677.5,2717.0
2024-04-05,2710.0,2725.5,2651.5,2724.0
2024-04-08,2737.0,2749.5,2704.0,2743.5
2024-04-09,2743.5,2792.0,2737.0,2789.5
2024-04-10,2800.0,2808.5,2748.0,2755.0
2024-04-11,2747.0,2777.5,2730.5,2749.0
2024-04-12,2785.0,2794.0,2754.5,2775.0
2024-04-15,2790.0,2808.0,2753.0,2777.0
2024-04-16,2757.0,2814.0,2741.0,2798.0
2024-04-17,2835.5,2877.0,2801.5,2802.5
2024-04-18,2805.0,2844.0,2798.0,2812.0
2024-04-19,2803.0,2814.5,2718.0,2740.5
2024-04-22,2773.5,2812.0,2752.5,2799.5
2024-04-23,2800.0,2805.5,2757.0,2784.5
2024-04-24,2785.0,2816.0,2764.0,2813.5
2024-04-25,2837.0,2837.0,2784.5,2809.5
2024-04-26,2788.5,2840.0,2765.0,2839.0
2024-04-30,2867.5,2904.5,2858.5,2890.5
2024-05-01,2867.0,2888.0,2845.0,2857.5
2024-05-02,2861.0,2866.0,2788.0,2807.0
2024-05-07,2804.0,2822.5,2768.0,2817.0
2024-05-08,2779.0,2799.0,2714.0,2723.0
2024-05-09,2773.0,2887.0,2757.5,2824.5
2024-05-10,3100.0,3175.0,2951.5,3004.0
2024-05-13,2961.0,2968.0,2902.5,2940.0
2024-05-14,2965.0,3094.0,2965.0,3069.0
2024-05-15,3071.0,3091.0,3039.0,3052.0
2024-05-16,3069.0,3173.0,3059.0,3159.0
2024-05-17,3160.0,3312.0,3116.0,3305.0
2024-05-20,3280.0,3339.0,3234.0,3263.0
2024-05-21,3299.0,3311.0,3172.0,3179.0
2024-05-22,3176.0,3178.0,3112.0,3150.0
2024-05-23,3150.0,3195.0,3118.0,3139.0
2024-05-24,3069.0,3105.0,3055.0,3100.0
2024-05-27,3070.0,3123.0,3063.0,3111.0
2024-05-28,3100.0,3120.0,3058.0,3116.0
2024-05-29,3150.0,3204.0,3145.0,3177.0
2024-05-30,3164.0,3188.0,3125.0,3184.0
2024-05-31,3225.0,3258.0,3184.0,3244.0
2024-06-03,3283.0,3310.0,3257.0,3310.0
2024-06-04,3310.0,3348.0,3282.0,3315.0
2024-06-05,3297.0,3369.0,3291.0,3330.0
2024-06-06,3348.0,3370.0,3321.0,3325.0
2024-06-07,3311.0,3368.0,3305.0,3365.0
2024-06-10,3233.0,3321.0,3216.0,3233.0
2024-06-11,3165.0,3233.0,3119.0,3203.0
2024-06-12,3221.0,3232.0,3092.0,3104.0
2024-06-13,3051.0,3067.0,2973.0,3027.0
2024-06-14,2981.5,3160.0,2977.0,3145.0
2024-06-17,2970.0,2970.5,2825.0,2851.5
2024-06-18,2850.0,2872.0,2817.5,2857.0
2024-06-19,2890.5,2988.0,2876.0,2974.5
2024-06-20,3001.0,3045.0,2919.5,2981.0
2024-06-21,2967.5,3050.0,2964.5,2987.0
2024-06-24,2765.0,2813.5,2643.0,2747.5
2024-06-25,2747.5,2846.5,2701.0,2846.5
2024-06-26,2820.0,2833.0,2760.0,2804.5
2024-06-27,2782.0,2815.5,2772.0,2797.5
2024-06-28,2697.5,2733.0,2501.0,2579.5
2024-07-01,2590.0,2678.0,2585.0,2678.0
2024-07-02,2660.0,2726.5,2557.0,2613.5
2024-07-03,2639.0,2684.5,2621.5,2666.0
2024-07-04,2698.5,2747.5,2681.0,2710.5
2024-07-05,2699.5,2732.0,2658.0,2670.5
2024-07-08,2680.0,2771.5,2677.5,2771.5
2024-07-09,2798.5,2918.5,2790.5,2904.0
2024-07-10,2897.5,2899.5,2803.5,2807.5
2024-07-11,2808.5,2833.5,2791.0,2826.0
2024-07-12,2825.0,2877.0,2821.5,2871.0
2024-07-16,2899.0,2919.0,2847.5,2849.5
2024-07-17,2845.0,2855.0,2816.5,2836.5
2024-07-18,2805.0,2846.5,2800.5,2822.5
2024-07-19,2832.5,2864.0,2807.0,2812.0
2024-07-22,2801.5,2810.5,2748.0,2777.5
2024-07-23,2812.0,2864.0,2810.0,2822.0
2024-07-24,2833.0,2861.5,2804.5,2811.0
2024-07-25,2798.0,2798.0,2745.0,2765.0
2024-07-26,2768.5,2790.0,2720.0,2720.5
2024-07-29,2765.5,2809.5,2745.0,2809.5
2024-07-30,2835.0,2863.0,2809.0,2832.0
2024-07-31,2790.0,2807.0,2705.0,2784.0
2024-08-01,2770.0,2793.5,2700.5,2725.0
2024-08-02,2675.0,2699.5,2545.5,2551.0
2024-08-05,2400.0,2425.0,2246.5,2270.0
2024-08-06,2407.0,2555.0,2407.0,2506.0
2024-08-07,2406.0,2547.5,2389.5,2514.5
2024-08-08,2489.5,2551.5,2476.5,2516.0
2024-08-09,2555.0,2555.5,2499.5,2526.0
2024-08-13,2536.5,2578.0,2525.5,2553.0
2024-08-14,2555.0,2569.0,2530.0,2554.0
2024-08-15,2850.0,2947.5,2832.0,2856.5
2024-08-16,2906.5,2935.5,2846.5,2935.5
2024-08-19,2885.5,2939.0,2864.5,2878.5
2024-08-20,2895.0,2943.0,2878.0,2907.0
2024-08-21,2900.0,3037.0,2889.5,3007.0
2024-08-22,2990.0,3062.0,2990.0,3048.0
2024-08-23,3043.0,3047.0,2995.5,3027.0
2024-08-26,3017.0,3027.0,2975.0,2980.0
2024-08-27,2960.0,2995.5,2929.0,2958.0
2024-08-28,2930.0,2991.0,2908.0,2991.0
2024-08-29,2979.5,3010.0,2915.0,2926.5
2024-08-30,2913.0,2927.5,2890.5,2907.5
2024-09-02,2901.5,2908.0,2856.0,2893.5
2024-09-03,2921.0,3030.0,2912.0,3005.0
2024-09-04,2950.0,3008.0,2938.0,2957.0
2024-09-05,2909.0,2973.5,2893.0,2962.5
2024-09-06,3050.0,3104.0,2985.5,3020.0
2024-09-09,2989.5,3073.0,2976.5,3045.0
2024-09-10,3020.0,3065.0,2995.0,3025.0
2024-09-11,3024.0,3033.0,2865.0,2948.0
2024-09-12,3024.0,3073.0,2992.5,3014.0
2024-09-13,2991.5,3002.0,2956.0,2964.5
2024-09-17,2947.0,2999.5,2915.5,2989.0
2024-09-18,3000.0,3015.0,2961.5,3000.0
2024-09-19,3021.0,3058.0,2999.0,3000.0
2024-09-20,3021.0,3050.0,3014.0,3020.0
2024-09-24,3037.0,3077.0,3016.0,3053.0
2024-09-25,3080.0,3141.0,3073.0,3100.0
2024-09-26,3135.0,3238.0,3135.0,3225.0
2024-09-27,3205.0,3283.0,3194.0,3256.0
2024-09-30,3120.0,3222.0,3112.0,3194.0
2024-10-01,3164.0,3240.0,3155.0,3235.0
2024-10-02,3235.0,3249.0,3203.0,3224.0
2024-10-03,3283.0,3313.0,3212.0,3220.0
2024-10-04,3270.0,3289.0,3220.0,3220.0
2024-10-07,3322.0,3344.0,3291.0,3315.0
2024-10-08,3260.0,3345.0,3259.0,3345.0
2024-10-09,3355.0,3398.0,3338.0,3342.0
2024-10-10,3374.0,3374.0,3312.0,3324.0
2024-10-11,3312.0,3324.0,3288.0,3300.0
2024-10-15,3337.0,3383.0,3317.0,3366.0
2024-10-16,3355.0,3442.0,3352.0,3419.0
2024-10-17,3430.0,3447.0,3379.0,3412.0
2024-10-18,3433.0,3434.0,3374.0,3377.0
2024-10-21,3416.0,3431.0,3365.0,3377.0
2024-10-22,3373.0,3376.0,3238.0,3258.0
2024-10-23,3243.0,3255.0,3193.0,3210.0
2024-10-24,3338.0,3389.0,3210.0,3223.0
2024-10-25,3216.0,3224.0,3140.0,3175.0
2024-10-28,3199.0,3271.0,3186.0,3248.0
2024-10-29,3248.0,3301.0,3217.0,3291.0
2024-10-30,3333.0,3389.0,3333.0,3369.0
2024-10-31,3319.0,3356.0,3311.0,3343.0
2024-11-01,3300.0,3357.0,3290.0,3306.0
2024-11-05,3252.0,3312.0,3230.0,3290.0
2024-11-06,3224.0,3343.0,3217.0,3309.0
2024-11-07,3294.0,3332.0,3250.0,3285.0
2024-11-08,3005.0,3079.0,2860.5,2864.5
2024-11-11,2897.0,3000.0,2887.0,3000.0
2024-11-12,2980.0,3013.0,2932.0,2980.0
2024-11-13,2978.0,2981.0,2895.0,2930.0
2024-11-14,2930.0,2973.0,2910.0,2925.5
2024-11-15,2943.0,3026.0,2933.5,3020.0
2024-11-18,2990.0,3057.0,2985.5,3045.0
2024-11-19,3032.0,3745.0,2991.0,3745.0
2024-11-20,4350.0,4445.0,4230.0,4346.0
2024-11-21,4219.0,4232.0,4084.0,4128.0
2024-11-22,4081.0,4328.0,4055.0,4291.0
2024-11-25,4344.0,4518.0,4237.0,4465.0
2024-11-26,4455.0,4484.0,4338.0,4454.0
2024-11-27,4440.0,4450.0,4355.0,4390.0
2024-11-28,4320.0,4390.0,4288.0,4312.0
2024-11-29,4300.0,4363.0,4276.0,4335.0
2024-12-02,4350.0,4402.0,4317.0,4384.0
2024-12-03,4400.0,4450.0,4381.0,4450.0
2024-12-04,4438.0,4533.0,4415.0,4505.0
2024-12-05,4510.0,4520.0,4442.0,4475.0
2024-12-06,4427.0,4470.0,4402.0,4462.0
2024-12-09,4448.0,4505.0,4420.0,4453.0
2024-12-10,4438.0,4438.0,4368.0,4404.0
2024-12-11,4399.0,4415.0,4342.0,4364.0
2024-12-12,4350.0,4426.0,4332.0,4374.0
2024-12-13,4350.0,4552.0,4347.0,4487.0
2024-12-16,4445.0,4498.0,4380.0,4475.0
2024-12-17,4460.0,4488.0,4440.0,4454.0
2024-12-18,4423.0,4442.0,4346.0,4355.0
2024-12-19,4350.0,4420.0,4336.0,4389.0
2024-12-20,3689.0,3689.0,3689.0,3689.0
2024-12-23,3076.0,3225.0,3061.0,3114.0
2024-12-24,3103.0,3135.0,3028.0,3058.0
2024-12-25,3060.0,3148.0,3056.0,3126.0
2024-12-26,3135.0,3189.0,3128.0,3150.0
2024-12-27,3130.0,3140.0,3070.0,3122.0
2024-12-30,3174.0,3201.0,3121.0,3144.0
2025-01-06,3142.0,3193.0,3125.0,3142.0
2025-01-07,3196.0,3315.0,3152.0,3230.0
2025-01-08,3218.0,3227.0,3187.0,3216.0
2025-01-09,3201.0,3224.0,3154.0,3200.0
2025-01-10,3190.0,3204.0,3165.0,3170.0
2025-01-14,3140.0,3165.0,3076.0,3131.0
2025-01-15,3150.0,3208.0,3136.0,3195.0
2025-01-16,3235.0,3242.0,3183.0,3183.0
2025-01-17,3181.0,3207.0,3167.0,3195.0
2025-01-20,3193.0,3215.0,3172.0,3173.0
2025-01-21,3189.0,3212.0,3166.0,3200.0
2025-01-22,3225.0,3231.0,3180.0,3196.0
2025-01-23,3205.0,3235.0,3203.0,3212.0
2025-01-24,3248.0,3264.0,3215.0,3241.0
2025-01-27,3263.0,3267.0,3226.0,3247.0
2025-01-28,3216.0,3269.0,3197.0,3250.0
2025-01-29,3285.0,3310.0,3249.0,3260.0
2025-01-30,3280.0,3310.0,3250.0,3265.0
2025-01-31,3255.0,3295.0,3238.0,3288.0
2025-02-03,3242.0,3243.0,3190.0,3203.0
2025-02-04,3234.0,3254.0,3195.0,3204.0
2025-02-05,3204.0,3305.0,3194.0,3250.0
2025-02-06,3250.0,3337.0,3243.0,3320.0
2025-02-07,3508.0,3710.0,3461.0,3540.0
2025-02-10,3534.0,3570.0,3463.0,3494.0
2025-02-12,3521.0,3557.0,3475.0,3532.0
2025-02-13,3599.0,3677.0,3582.0,3638.0
2025-02-14,3700.0,3734.0,3651.0,3677.0
2025-02-17,3730.0,3830.0,3698.0,3750.0
2025-02-18,3750.0,3750.0,3632.0,3661.0
2025-02-19,3674.0,3685.0,3580.0,3662.0
2025-02-20,3622.0,3689.0,3591.0,3678.0
2025-02-21,3656.0,3704.0,3644.0,3657.0
2025-02-25,3587.0,3628.0,3570.0,3628.0
2025-02-26,3627.0,3634.0,3555.0,3568.0
2025-02-27,3554.0,3572.0,3517.0,3551.0
2025-02-28,3518.0,3550.0,3468.0,3470.0
2025-03-03,3540.0,3581.0,3470.0,3509.0
2025-03-04,3598.0,3644.0,3495.0,3583.0
2025-03-05,3583.0,3630.0,3535.0,3562.0
2025-03-06,3541.0,3587.0,3502.0,3577.0
2025-03-07,3507.0,3538.0,3492.0,3501.0
2025-03-10,3500.0,3502.0,3372.0,3375.0
2025-03-11,3343.0,3368.0,3229.0,3302.0
2025-03-12,3316.0,3429.0,3290.0,3404.0
2025-03-13,3454.0,3498.0,3394.0,3394.0
2025-03-14,3366.0,3405.0,3351.0,3377.0
2025-03-17,3395.0,3447.0,3348.0,3436.0
2025-03-18,3460.0,3487.0,3433.0,3441.0
2025-03-19,3452.0,3524.0,3450.0,3482.0
2025-03-21,3446.0,3663.0,3446.0,3619.0
2025-03-24,3689.0,3714.0,3609.0,3655.0
2025-03-25,3673.0,3718.0,3553.0,3585.0
2025-03-26,3590.0,3720.0,3568.0,3633.0
2025-03-27,3632.0,3749.0,3618.0,3658.0
2025-03-28,3637.0,3675.0,3585.0,3623.0
2025-03-31,3557.0,3590.0,3502.0,3554.0
2025-04-01,3525.0,3590.0,3525.0,3528.0
2025-04-02,3594.0,3678.0,3535.0,3614.0
2025-04-03,3711.0,3879.0,3711.0,3808.0
2025-04-04,3760.0,3844.0,3653.0,3721.0
2025-04-07,3371.0,3584.0,3361.0,3485.0
2025-04-08,3584.0,3701.0,3562.0,3612.0
2025-04-09,3615.0,3736.0,3605.0,3668.0
2025-04-10,3812.0,3944.0,3734.0,3930.0
2025-04-11,3900.0,3913.0,3808.0,3872.0
2025-04-14,3942.0,3983.0,3854.0,3873.0
2025-04-15,3873.0,3889.0,3842.0,3857.0
2025-04-16,3880.0,3880.0,3779.0,3818.0
2025-04-17,3751.0,3852.0,3751.0,3813.0
2025-04-18,3814.0,3871.0,3795.0,3866.0
2025-04-21,3899.0,3922.0,3842.0,3865.0
2025-04-22,3860.0,3860.0,3801.0,3820.0
2025-04-23,3859.0,3872.0,3735.0,3775.0
2025-04-24,3732.0,3745.0,3658.0,3674.0
2025-04-25,3650.0,3754.0,3638.0,3746.0
2025-04-28,3741.0,3747.0,3706.0,3724.0
2025-04-30,3730.0,3845.0,3714.0,3836.0
2025-05-01,3696.0,3788.0,3640.0,3751.0
2025-05-02,3703.0,3742.0,3664.0,3703.0
2025-05-07,3688.0,3697.0,3593.0,3619.0
2025-05-08,3599.0,3603.0,3479.0,3552.0
2025-05-09,3482.0,3594.0,3417.0,3503.0
2025-05-12,3512.0,3613.0,3505.0,3571.0
2025-05-13,3599.0,3804.0,3583.0,3761.0
2025-05-14,3796.0,3811.0,3701.0,3757.0
2025-05-15,3692.0,3732.0,3656.0,3707.0
2025-05-16,3769.0,4040.0,3740.0,4016.0
2025-05-19,3960.0,3990.0,3871.0,3914.0
2025-05-20,3906.0,3944.0,3771.0,3806.0
2025-05-21,3844.0,3844.0,3725.0,3757.0
2025-05-22,3693.0,3749.0,3665.0,3687.0
2025-05-23,3796.0,3940.0,3768.0,3838.0
2025-05-26,3835.0,3844.0,3740.0,3789.0
2025-05-27,3780.0,3843.0,3776.0,3800.0
2025-05-28,3801.0,3812.0,3663.0,3663.0
2025-05-29,3637.0,3637.0,3505.0,3567.0
2025-05-30,3560.0,3584.0,3527.0,3575.0
2025-06-02,3637.0,3644.0,3550.0,3571.0
2025-06-03,3553.0,3593.0,3535.0,3583.0
2025-06-04,3649.0,3730.0,3622.0,3715.0
2025-06-05,3720.0,3768.0,3672.0,3716.0
2025-06-06,3707.0,3742.0,3683.0,3683.0
2025-06-09,3640.0,3704.0,3617.0,3704.0
2025-06-10,3705.0,3727.0,3662.0,3710.0
2025-06-11,3719.0,3719.0,3653.0,3656.0
2025-06-12,3683.0,3701.0,3659.0,3700.0
2025-06-13,3741.0,3866.0,3709.0,3818.0
2025-06-16,3790.0,3853.0,3737.0,3829.0
2025-06-17,3829.0,3908.0,3809.0,3864.0
2025-06-18,3881.0,3980.0,3875.0,3950.0
2025-06-19,3988.0,4065.0,3954.0,4065.0
2025-06-20,3995.0,4030.0,3959.0,3996.0
2025-06-23,3933.0,3982.0,3871.0,3871.0
2025-06-24,3999.0,4117.0,3942.0,3985.0
2025-06-25,3982.0,4036.0,3914.0,4028.0
2025-06-26,3990.0,4046.0,3945.0,4000.0
2025-06-27,3961.0,4036.0,3961.0,4028.0
2025-06-30,4030.0,4083.0,4003.0,4003.0
2025-07-01,3960.0,4100.0,3960.0,4007.0
2025-07-02,3947.0,3974.0,3898.0,3921.0
2025-07-03,3852.0,3902.0,3800.0,3854.0
2025-07-04,3897.0,3909.0,3850.0,3859.0
2025-07-07,3830.0,3909.0,3828.0,3863.0
2025-07-08,3874.0,3876.0,3810.0,3846.0
2025-07-09,3805.0,3930.0,3800.0,3912.0
2025-07-10,3905.0,3913.0,3855.0,3912.0
2025-07-11,3930.0,3945.0,3837.0,3837.0
2025-07-14,3808.0,3826.0,3771.0,3792.0
2025-07-15,3812.0,3813.0,3737.0,3737.0
2025-07-16,3737.0,3795.0,3720.0,3761.0
2025-07-17,3750.0,3801.0,3732.0,3790.0
2025-07-18,3823.0,3828.0,3762.0,3783.0
2025-07-22,3812.0,3841.0,3749.0,3759.0
2025-07-23,3760.0,3765.0,3687.0,3744.0
2025-07-24,3769.0,3804.0,3692.0,3748.0
2025-07-25,3795.0,3796.0,3710.0,3768.0
2025-07-28,3725.0,3735.0,3660.0,3689.0
2025-07-29,3661.0,3723.0,3646.0,3723.0
2025-07-30,3714.0,3714.0,3647.0,3691.0
2025-07-31,3701.0,3715.0,3672.0,3694.0
2025-08-01,3706.0,3780.0,3661.0,3776.0
2025-08-04,3706.0,3756.0,3693.0,3720.0
2025-08-05,3746.0,3759.0,3675.0,3709.0
2025-08-06,3698.0,3767.0,3696.0,3741.0
2025-08-07,3770.0,3839.0,3725.0,3795.0
2025-08-08,3445.0,3480.0,3345.0,3406.0
2025-08-12,3425.0,3482.0,3412.0,3448.0
2025-08-13,3480.0,3594.0,3454.0,3519.0
2025-08-14,3545.0,3658.0,3528.0,3564.0
2025-08-15,3577.0,3616.0,3560.0,3591.0
2025-08-18,3662.0,3701.0,3583.0,3679.0
2025-08-19,3660.0,3678.0,3592.0,3598.0
2025-08-20,3575.0,3579.0,3496.0,3498.0
2025-08-21,3485.0,3490.0,3433.0,3451.0
2025-08-22,3471.0,3494.0,3450.0,3481.0
2025-08-25,3480.0,3502.0,3453.0,3491.0
2025-08-26,3492.0,3515.0,3465.0,3465.0
2025-08-27,3460.0,3464.0,3420.0,3426.0
2025-08-28,3435.0,3435.0,3381.0,3399.0
2025-08-29,3387.0,3430.0,3380.0,3390.0
2025-09-01,3379.0,3421.0,3362.0,3379.0
2025-09-02,3409.0,3425.0,3338.0,3342.0
2025-09-03,3309.0,3314.0,3269.0,3276.0
2025-09-04,3279.0,3294.0,3232.0,3285.0
2025-09-05,3320.0,3347.0,3288.0,3319.0
2025-09-08,3319.0,3363.0,3292.0,3295.0
2025-09-09,3325.0,3358.0,3316.0,3340.0
2025-09-10,3358.0,3428.0,3326.0,3407.0
2025-09-11,3389.0,3408.0,3354.0,3403.0
2025-09-12,3381.0,3408.0,3367.0,3403.0
2025-09-16,3402.0,3452.0,3375.0,3390.0
2025-09-17,3421.0,3499.0,3417.0,3457.0
2025-09-18,3500.0,3528.0,3465.0,3520.0
2025-09-19,3530.0,3573.0,3494.0,3555.0
2025-09-22,3562.0,3588.0,3521.0,3563.0
2025-09-24,3579.0,3603.0,3531.0,3563.0
2025-09-25,3564.0,3575.0,3536.0,3557.0
2025-09-26,3597.0,3604.0,3567.0,3600.0
2025-09-29,3583.0,3605.0,3515.0,3515.0
2025-09-30,3529.0,3607.0,3515.0,3607.0
2025-10-01,3612.0,3640.0,3553.0,3560.0
2025-10-02,3548.0,3560.0,3506.0,3512.0
2025-10-03,3541.0,3626.0,3530.0,3579.0
2025-10-06,3634.0,3639.0,3571.0,3603.0
2025-10-07,3603.0,3606.0,3547.0,3570.0
2025-10-08,3551.0,3591.0,3530.0,3537.0
2025-10-09,3538.0,3624.0,3537.0,3623.0
2025-10-10,3561.0,3595.0,3526.0,3538.0
2025-10-14,3480.0,3538.0,3476.0,3538.0
2025-10-15,3521.0,3544.0,3509.0,3519.0
2025-10-16,3510.0,3520.0,3486.0,3520.0
2025-10-17,3518.0,3522.0,3461.0,3466.0
2025-10-20,3521.0,3544.0,3503.0,3512.0
2025-10-21,3510.0,3543.0,3502.0,3521.0
2025-10-22,3532.0,3545.0,3488.0,3500.0
2025-10-23,3500.0,3515.0,3477.0,3490.0
2025-10-24,3508.0,3515.0,3439.0,3439.0
2025-10-27,3460.0,3499.0,3456.0,3481.0
2025-10-28,3495.0,3503.0,3434.0,3435.0
2025-10-29,3435.0,3445.0,3385.0,3385.0
2025-10-30,3360.0,3430.0,3353.0,3406.0
2025-10-31,3449.0,3475.0,3430.0,3453.0
2025-11-04,3412.0,3503.0,3412.0,3467.0
2025-11-05,3470.0,3477.0,3398.0,3415.0
2025-11-06,3443.0,3463.0,3342.0,3342.0
2025-11-07,3041.0,3080.0,3005.0,3041.0
2025-11-10,3050.0,3176.0,3050.0,3176.0
2025-11-11,3165.0,3228.0,3152.0,3177.0
2025-11-12,3211.0,3317.0,3207.0,3314.0
2025-11-13,3308.0,3316.0,3249.0,3271.0
2025-11-14,3271.0,3286.0,3222.0,3244.0
2025-11-17,3244.0,3261.0,3188.0,3251.0
2025-11-18,3248.0,3255.0,3168.0,3168.0
2025-11-19,3180.0,3216.0,3167.0,3175.0
2025-11-20,3175.0,3216.0,3169.0,3169.0
2025-11-21,3169.0,3247.0,3169.0,3245.0
2025-11-25,3248.0,3264.0,3203.0,3211.0
2025-11-26,3230.0,3264.0,3208.0,3259.0
2025-11-27,3270.0,3309.0,3261.0,3301.0
2025-11-28,3301.0,3319.0,3291.0,3311.0
2025-12-01,3283.0,3310.0,3273.0,3285.0
2025-12-02,3270.0,3296.0,3181.0,3197.0
2025-12-03,3175.0,3192.0,3120.0,3138.0
2025-12-04,3130.0,3224.0,3130.0,3199.0
2025-12-05,3200.0,3230.0,3178.0,3210.0
2025-12-08,3203.0,3278.0,3202.0,3257.0
2025-12-09,3255.0,3265.0,3124.0,3138.0
2025-12-10,3149.0,3183.0,3137.0,3173.0
2025-12-11,3140.0,3164.0,3054.0,3084.0
2025-12-12,3114.0,3168.0,3107.0,3168.0
2025-12-15,3180.0,3218.0,3168.0,3177.0
2025-12-16,3176.0,3215.0,3156.0,3188.0
2025-12-17,3185.0,3196.0,3141.0,3141.0
2025-12-18,3121.0,3130.0,3095.0,3121.0
2025-12-19,3123.0,3143.0,3114.0,3120.0
2025-12-22,3127.0,3135.0,3037.0,3040.0
2025-12-23,3038.0,3120.0,3033.0,3076.0
2025-12-24,3076.0,3139.0,3058.0,3128.0
2025-12-25,3165.0,3184.0,3137.0,3168.0
2025-12-26,3172.0,3194.0,3164.0,3172.0
2025-12-29,3179.0,3184.0,3161.0,3175.0
2025-12-30,3188.0,3195.0,3166.0,3176.0
2026-01-05,3161.0,3181.0,3088.0,3126.0
2026-01-06,3133.0,3214.0,3126.0,3200.0
2026-01-07,3164.0,3199.0,3140.0,3166.0
2026-01-08,3177.0,3238.0,3167.0,3238.0
2026-01-09,3215.0,3261.0,3202.0,3232.0
2026-01-13,3250.0,3313.0,3237.0,3280.0
2026-01-14,3250.0,3276.0,3224.0,3269.0
2026-01-15,3280.0,3378.0,3249.0,3323.0
2026-01-16,3317.0,3370.0,3296.0,3304.0
2026-01-19,3293.0,3297.0,3231.0,3247.0
2026-01-20,3240.0,3326.0,3226.0,3250.0
2026-01-21,3222.0,3239.0,3210.0,3211.0
2026-01-22,3217.0,3244.0,3209.0,3227.0
2026-01-23,3252.0,3279.0,3239.0,3254.0
2026-01-26,3228.0,3264.0,3216.0,3251.0
2026-01-27,3250.0,3268.0,3215.0,3215.0
2026-01-28,3222.0,3263.0,3215.0,3250.0
2026-01-29,3220.0,3267.0,3213.0,3246.0
2026-01-30,3221.0,3283.0,3210.0,3268.0
2026-02-02,3262.0,3321.0,3250.0,3280.0
2026-02-03,3266.0,3288.0,3256.0,3272.0
2026-02-04,3226.0,3233.0,3112.0,3128.0
2026-02-05,3180.0,3197.0,3130.0,3190.0
2026-02-06,3164.0,3183.0,3120.0,3162.0
2026-02-09,3179.0,3208.0,3117.0,3118.0
2026-02-10,3155.0,3225.0,3149.0,3189.0
2026-02-12,3151.0,3162.0,3083.0,3139.0
2026-02-13,2999.0,3029.0,2923.5,2969.0
2026-02-16,2940.5,3030.0,2929.0,3002.0
2026-02-17,3038.0,3056.0,2922.0,2924.0
2026-02-18,2906.0,2915.0,2766.0,2770.5
2026-02-19,2768.5,2791.0,2710.0,2742.0
2026-02-20,2767.5,2817.5,2745.5,2788.5
2026-02-24,2754.0,2754.0,2701.5,2728.5
2026-02-25,2769.5,2831.0,2758.0,2786.5
2026-02-26,2835.0,2900.0,2807.0,2871.0
2026-02-27,2899.0,2900.0,2847.5,2896.0
2026-03-02,2900.0,3066.0,2882.5,3038.0
2026-03-03,3038.0,3111.0,3026.0,3050.0
2026-03-04,3053.0,3076.0,3008.0,3050.0
2026-03-05,3093.0,3134.0,3053.0,3062.0
2026-03-06,3050.0,3164.0,3039.0,3149.0
2026-03-09,3090.0,3180.0,3066.0,3160.0
2026-03-10,3184.0,3190.0,3138.0,3142.0
2026-03-11,3122.0,3192.0,3122.0,3173.0
2026-03-12,3136.0,3164.0,3123.0,3160.0
2026-03-13,3127.0,3226.0,3127.0,3165.0
2026-03-16,3170.0,3215.0,3154.0,3190.0
2026-03-17,3194.0,3240.0,3193.0,3222.0
2026-03-18,3131.0,3198.0,3113.0,3180.0
2026-03-19,3123.0,3189.0,3121.0,3136.0
2026-03-23,3270.0,3397.0,3264.0,3397.0
2026-03-24,3440.0,3463.0,3371.0,3426.0
2026-03-25,3460.0,3562.0,3460.0,3562.0
2026-03-26,3576.0,3624.0,3562.0,3624.0
2026-03-27,3663.0,3825.0,3635.0,3825.0
2026-03-30,3655.0,3698.0,3568.0,3638.0
2026-03-31,3762.0,3825.0,3709.0,3797.0
2026-04-01,3769.0,3902.0,3761.0,3889.0
2026-04-02,3852.0,3857.0,3764.0,3817.0
2026-04-03,3850.0,3967.0,3850.0,3897.0
2026-04-06,3923.0,3939.0,3879.0,3893.0
2026-04-07,3872.0,3911.0,3795.0,3797.0
2026-04-08,3850.0,3868.0,3769.0,3790.0
2026-04-09,3779.0,3788.0,3735.0,3756.0
2026-04-10,3701.0,3733.0,3588.0,3595.0
2026-04-13,3610.0,3619.0,3556.0,3585.0
2026-04-14,3609.0,3620.0,3529.0,3545.0
2026-04-15,3567.0,3577.0,3514.0,3548.0
2026-04-16,3583.0,3608.0,3497.0,3497.0
2026-04-17,3532.0,3568.0,3500.0,3509.0
2026-04-20,3509.0,3509.0,3436.0,3474.0
2026-04-21,3470.0,3513.0,3434.0,3465.0
2026-04-22,3465.0,3544.0,3463.0,3540.0
2026-04-23,3511.0,3525.0,3460.0,3486.0
2026-04-24,3528.0,3716.0,3492.0,3680.0
2026-04-27,3633.0,3660.0,3489.0,3514.0
2026-04-28,3512.0,3570.0,3496.0,3563.0
2026-04-30,3527.0,3570.0,3485.0,3558.0
2026-05-01,3628.0,3660.0,3558.0,3618.0
2026-05-07,3595.0,3618.0,3478.0,3497.0
2026-05-08,3482.0,3546.0,3476.0,3493.0
2026-05-11,3476.0,3525.0,3345.0,3433.0
2026-05-12,3461.0,3539.0,3439.0,3509.0
2026-05-13,3540.0,3552.0,3404.0,3421.0
2026-05-14,3372.0,3412.0,3301.0,3363.0
2026-05-15,3223.0,3334.0,3209.0,3257.0
2026-05-18,3277.0,3314.0,3173.0,3292.0
2026-05-19,3280.0,3352.0,3231.0,3314.0
2026-05-20,3257.0,3319.0,3243.0,3306.0
2026-05-21,3286.0,3356.0,3250.0,3283.0
2026-05-22,3233.0,3293.0,3217.0,3269.0
2026-05-25,3222.0,3225.0,3123.0,3221.0
2026-05-26,3213.0,3223.0,3150.0,3177.0
2026-05-27,3150.0,3223.0,3142.0,3215.0
2026-05-28,3182.0,3195.0,3149.0,3176.0
2026-05-29,3170.0,3252.0,3158.0,3190.0
2026-06-01,3190.0,3277.0,3171.0,3250.0
2026-06-02,3278.0,3370.0,3216.0,3343.0
2026-06-03,3329.0,3390.0,3264.0,3341.0
2026-06-04,3238.0,3292.0,3209.0,3242.0
2026-06-05,3291.0,3380.0,3250.0,3358.0
2026-06-08,3340.0,3453.0,3301.0,3384.0
2026-06-09,3400.0,3412.0,3273.0,3303.0
2026-06-10,3267.0,3295.0,3240.0,3268.0
2026-06-11,3284.0,3327.0,3266.0,3310.0
2026-06-12,3280.0,3377.0,3236.0,3369.0
2026-06-15,3328.0,3337.0,3087.0,3150.0
2026-06-16,3141.0,3158.0,3054.0,3108.0
2026-06-17,3093.0,3212.0,3076.0,3189.0
2026-06-18,3200.0,3221.0,3136.0,3184.0
2026-06-19,3136.0,3305.0,3129.0,3278.0
2026-06-22,3233.0,3325.0,3206.0,3276.0
2026-06-23,3245.0,3277.0,3145.0,3167.0
2026-06-24,3257.0,3354.0,3226.0,3346.0
2026-06-25,3299.0,3365.0,3232.0,3361.0
2026-06-26,3350.0,3384.0,3303.0,3359.0
2026-06-29,3429.0,3525.0,3404.0,3444.0
2026-06-30,3481.0,3484.0,3414.0,3461.0
2026-07-01,3441.0,3620.0,3405.0,3620.0
2026-07-02,3678.0,3758.0,3623.0,3658.0
2026-07-03,3701.0,3720.0,3640.0,3669.0
2026-07-06,3673.0,3714.0,3638.0,3710.0
2026-07-07,3734.0,3836.0,3693.0,3799.0
2026-07-08,3825.0,3853.0,3787.0,3831.0
2026-07-09,3772.0,3815.0,3759.0,3795.0
2026-07-10,3786.0,3804.0,3745.0,3789.0
2026-07-13,3797.0,3813.0,3728.0,3756.0
2026-07-14,3797.0,3821.0,3651.0,3700.0
2026-07-15,3661.0,3702.0,3645.0,3677.0
2026-07-16,3689.0,3696.0,3640.0,3675.0
2026-07-17,3703.0,3721.0,3616.0,3647.0
2026-07-21,3699.0,3699.0,3620.0,3638.0
2026-07-22,3568.0,3585.0,3514.0,3575.0
2026-07-23,3497.0,3554.0,3464.0,3514.0
2026-07-24,3467.0,3492.0,3437.0,3481.0
2026-07-27,3481.0,3528.0,3445.0,3518.0
2026-07-28,3540.0,3581.0,3510.0,3566.0
2026-07-29,3600.0,3668.0,3578.0,3620.0
2026-07-30,3622.0,3647.0,3554.0,3580.0
2026-07-31,3492.0,3578.0,3466.0,3473.0
2026-08-03,3415.0,3458.0,3356.0,3388.0
2026-08-04,3399.0,3461.0,3361.0,3444.0
2026-08-05,3475.0,3475.0,3410.0,3458.0
2026-08-06,3499.0,3561.0,3489.0,3519.0
2026-08-07,3500.0,3587.0,3489.0,3587.0
2026-08-10,3517.0,3605.0,3503.0,3571.0
2026-08-12,3588.0,3602.0,3543.0,3602.0
2026-08-13,3592.0,3609.0,3533.0,3579.0
2026-08-14,3369.0,3566.0,3334.0,3521.0
2026-08-17,3532.0,3550.0,3488.0,3523.0
2026-08-18,3484.0,3538.0,3476.0,3530.0
2026-08-19,3597.0,3621.0,3541.0,3570.0
2026-08-20,3580.0,3606.0,3531.0,3556.0
2026-08-21,3555.0,3567.0,3482.0,3526.0
2026-08-24,3540.0,3662.0,3540.0,3637.0
2026-08-25,3677.0,3683.0,3606.0,3683.0
2026-08-26,3687.0,3760.0,3666.0,3685.0
2026-08-27,3657.0,3697.0,3638.0,3672.0
2026-08-28,3689.0,3763.0,3673.0,3749.0
2026-08-31,3768.0,3787.0,3698.0,3710.0
2026-09-01,3764.0,3797.0,3737.0,3756.0
2026-09-02,3730.0,3752.0,3688.0,3723.0
2026-09-03,3723.0,3723.0,3647.0,3666.0
2026-09-04,3669.0,3679.0,3624.0,3649.0
2026-09-07,3603.0,3634.0,3551.0,3591.0
2026-09-08,3580.0,3645.0,3560.0,3621.0
2026-09-09,3621.0,3621.0,3553.0,3570.0
